$date
        2026-Feb-06 12:36:16
$end
$version
        Vivado v2024.2 (64-bit)
$end
$timescale
        1ps
$end
$scope module dut $end
$var reg 14 " design_1_i/i_adc_data [13:0] $end
$var reg 14 0 design_1_i/adc_interface_0_adc_data_original [13:0] $end
$var reg 1 > design_1_i/adc_interface_0_adc_data_original_valid $end
$var reg 16 ? design_1_i/adc_interface_0_win_coeff_out [15:0] $end
$var reg 16 O design_1_i/adc_interface_0_adc_signed_debug [15:0] $end
$var reg 32 _ design_1_i/floating_point_3_m_axis_result_tdata [31:0] $end
$var reg 1 !" design_1_i/floating_point_3_m_axis_result_tvalid $end
$var reg 1 "" design_1_i/xlconstant_2_dout $end
$var reg 32 #" design_1_i/adc_interface_fft_vco_1_m_axis_tdata [31:0] $end
$var reg 1 C" design_1_i/adc_interface_fft_vco_1_m_axis_tvalid $end
$var reg 1 D" design_1_i/adc_interface_fft_vco_1_m_axis_tlast $end
$var reg 1 E" _TRIGGER $end
$var reg 1 F" _WINDOW $end
$var reg 1 G" _GAP $end
$upscope $end
$enddefinitions $end
#0
$dumpvars
b10101001000101 "
b1101100 0
1>
b11100 ?
b10101001000101 O
b1011001111010001111000111101001 _
0!"
1""
b11111111111101101100000001101100 #"
1C"
0D"
0E"
1F"
0G"
$end
#1
b10100101001111 "
b100000101110 0
b10100101001111 O
b11111111111101111000100000101110 #"
#2
b10001111100010 "
b1101001011100 0
b10001111100010 O
b11111111111101111001101001011100 #"
#3
b10000110100111 "
b11010000011010 0
b10000110100111 O
b11111111111101111011010000011010 #"
#4
b1111100001100 "
b101110100001 0
b1111100001100 O
b11111111111110010000101110100001 #"
#5
b1110010100010 "
b10000010110101 0
b1110010100010 O
b11111111111110010010000010110101 #"
#6
b1011011100011 "
b1011011000100 0
b1011011100011 O
b11111111111110001101011011000100 #"
#7
b1010111101010 "
b110011001010 0
b1010111101010 O
b11111111111110000100110011001010 #"
#8
b1010111010110 "
b1100011000010 0
b1010111010110 O
b11111111111101110101100011000010 #"
#9
b1011011001001 "
b101010111101 0
b1011011001011 O
b11111111111101001000101010111101 #"
#10
b1110010101111 "
b11011111100000 0
b1110010101111 O
b11111111111100101111011111100000 #"
#11
b1111011101110 "
b110010000101 0
b1111011100110 O
b11111111111100010100110010000101 #"
#12
b11111010100110 "
b10110100110100 0
b10111110110110 O
b11111111111011011110110100110100 #"
#13
b10001111010110 "
b1010110100000 0
b10001111010110 O
b11111111111011000101010110100000 #"
#14
b10101111110010 "
b10010001000010 0
b10101111110010 O
b11111111111010110010010001000010 #"
#15
b10101101111011 "
b10111000000010 0
b10101101111011 O
b11111111111010101010111000000010 #"
#16
b10101000111011 "
b111100011 0
b10101000111011 O
b11111111111011001100000111100011 #"
#17
b10101011001010 "
b1011100111010 0
b10101011001010 O
b11111111111011010001011100111010 #"
#18
b10100011001001 "
b10001001110000 0
b10101011001001 O
b11111111111011011010001001110000 #"
#19
b10001011101011 "
b1010111010100 0
b10001011101011 O
b11111111111011100101010111010100 #"
#20
b10000010010111 "
b1001000010110 0
b10000010010111 O
b11111111111100010101001000010110 #"
#21
b1110111100010 "
b10001110010111 0
b1110111100010 O
b11111111111100011010001110010111 #"
#22
b1011110110100 "
b11100110000 0
b1011110110100 O
b11111111111100010000011100110000 #"
#23
b1011001010100 "
b100001010 0
b1011001010100 O
b11111111111011111100000100001010 #"
#24
b1010110110111 "
b11000000000010 0
b1010110110111 O
b11111111111010101111000000000010 #"
#25
b1011000100001 "
b1000011011101 0
b1011000100001 O
b11111111111010000101000011011101 #"
#26
b1011110000000 "
b10101111000011 0
b1011110000000 O
b11111111111001010110101111000011 #"
#27
b1110110101111 "
b10011001101100 0
b1110110101111 O
b11111111111000101010011001101100 #"
#28
b10000000000110 "
b10101000100 0
b10000000000110 O
b11111111110111001000010101000100 #"
#29
b10001010000111 "
b11001010011000 0
b10001010000111 O
b11111111110110100111001010011000 #"
#30
b10100010111111 "
b1010101001100 0
b10100010111111 O
b11111111110110010001010101001100 #"
#31
b10100111111000 "
b10011001001000 0
b10100111111000 O
b11111111110110001110011001001000 #"
#32
b10101000100101 "
b10111011101110 0
b10101000100101 O
b11111111110111010110111011101110 #"
#33
b10100110011100 "
b10110101011010 0
b10100110011100 O
b11111111110111100110110101011010 #"
#34
b10100000010001 "
b111100000010 0
b10100000010001 O
b11111111111000000000111100000010 #"
#35
b10000110111111 "
b10101010000111 0
b10000110111111 O
b11111111111001011110101010000111 #"
#36
b1111100110100 "
b10001000000 0
b1111100110100 O
b11111111111001101100010001000000 #"
#37
b1110100011000 "
b1111011101111 0
b1110100011000 O
b11111111111001101101111011101111 #"
#38
b1011100010001 "
b10001011001100 0
b1011100010001 O
b11111111111001011010001011001100 #"
#39
b1010111001101 "
b10111000100100 0
b1010111001101 O
b11111111111000110010111000100100 #"
#40
b1010111000001 "
b10111010101100 0
b1010111000001 O
b11111111110110101010111010101100 #"
#41
b1011011001001 "
b110100000 0
b1011011001001 O
b11111111110101100100000110100000 #"
#42
b1110001101000 "
b1111010000110 0
b1110001101000 O
b11111111110100011001111010000110 #"
#43
b1111010100010 "
b10100111001100 0
b1111010100010 O
b11111111110001111110100111001100 #"
#44
b10000100101010 "
b10111111001001 0
b10000100101010 O
b11111111110001000010111111001001 #"
#45
b10001110011011 "
b10111110111010 0
b10001110011011 O
b11111111110000010110111110111010 #"
#46
b10100101111011 "
b11001011110000 0
b10100101101011 O
b11111111110000001011001011110000 #"
#47
b10101101101101 "
b11000101110011 0
b10101001101101 O
b11111111110000010111000101110011 #"
#48
b10101000110101 "
b1000001010000 0
b10101000110101 O
b11111111110010010101000001010000 #"
#49
b10101011011111 "
b11011010110000 0
b10101011011111 O
b11111111110010111011011010110000 #"
#50
b10101111011110 "
b11000111111010 0
b10101111011110 O
b11111111110011100111000111111010 #"
#51
b10001111010111 "
b110101100000 0
b10001111010111 O
b11111111110101111100110101100000 #"
#52
b10111011000111 "
b101000010001 0
b11111011000111 O
b11111111110110001100101000010001 #"
#53
b1111001000110 "
b1100100011010 0
b1111001000110 O
b11111111110110000101100100011010 #"
#54
b1110001000111 "
b11000000101110 0
b1111001000111 O
b11111111110101011011000000101110 #"
#55
b1011001101001 "
b111111001100 0
b1011001101001 O
b11111111110010011000111111001100 #"
#56
b1010110010000 "
b11010000111010 0
b1010110010000 O
b11111111110000111011010000111010 #"
#57
b1011000100101 "
b11101100001000 0
b1011000100101 O
b11111111101111010011101100001000 #"
#58
b1011101101010 "
b10000111111111 0
b1011101101010 O
b11111111101101101010000111111111 #"
#59
b1110101010101 "
b10000100111010 0
b1110101010101 O
b11111111101010000010000100111010 #"
#60
b1111111000001 "
b11001010100000 0
b1111111000001 O
b11111111101000111011001010100000 #"
#61
b10001001010001 "
b10111011000000 0
b10001001010001 O
b11111111101000010110111011000000 #"
#62
b10100010000000 "
b10001110010011 0
b10100010000000 O
b11111111101000011010001110010011 #"
#63
b10101000001000 "
b1010001111110 0
b10101000001000 O
b11111111101011010001010001111110 #"
#64
b10101001001100 "
b10000011111010 0
b10101001001100 O
b11111111101100001010000011111010 #"
#65
b10100111000000 "
b11111111000100 0
b10100111000000 O
b11111111101101001111111111000100 #"
#66
b10100000111010 "
b11111000011000 0
b10100000111010 O
b11111111101110001111111000011000 #"
#67
b10001000000000 "
b110001101100 0
b10001000000000 O
b11111111110001011100110001101100 #"
#68
b1111110100100 "
b1011110100100 0
b1111110100100 O
b11111111110001101001011110100100 #"
#69
b1110101000000 "
b11000001000110 0
b1110101000000 O
b11111111110001010011000001000110 #"
#70
b1011100110000 "
b11100101000000 0
b1011100110000 O
b11111111110000000011100101000000 #"
#71
b1010111011011 "
b11110010110000 0
b1010111011011 O
b11111111101011011111110010110000 #"
#72
b1010110110110 "
b11101101100111 0
b1010110110110 O
b11111111101001010111101101100111 #"
#73
b1011010010101 "
b1101101010011 0
b1011010010101 O
b11111111100110111101101101010011 #"
#74
b1110000111110 "
b10101100111111 0
b1110000111110 O
b11111111100001110110101100111111 #"
#75
b1111001111010 "
b11101110100001 0
b1111001111010 O
b11111111100000000111101110100001 #"
#76
b10000011100100 "
b11010011111010 0
b10000011100100 O
b11111111011111000011010011111010 #"
#77
b10001101000100 "
b11011001010000 0
b10001101000100 O
b11111111011110100011011001010000 #"
#78
b10100101001001 "
b11100000000 0
b10100101001001 O
b11111111011111001000011100000000 #"
#79
b10101001000101 "
b10011001101111 0
b10101001000101 O
b11111111100011100110011001101111 #"
#80
b10101000110001 "
b10001100 0
b10101000110001 O
b11111111100101000100000010001100 #"
#81
b10100100011011 "
b11010011000110 0
b10100100011011 O
b11111111100110101011010011000110 #"
#82
b10001101010110 "
b10011010101000 0
b10001101000110 O
b11111111101011010110011010101000 #"
#83
b10001111111111 "
b1111001111110 0
b10000011111111 O
b11111111101100001001111001111110 #"
#84
b11111011111111 "
b101001111000 0
b1111011111111 O
b11111111101100000100101001111000 #"
#85
b1111001111111 "
b1011001101 0
b1111001111111 O
b11111111101011010000001011001101 #"
#86
b1111011011111 "
b11101111001011 0
b1111011011111 O
b11111111101001001111101111001011 #"
#87
b1011110111011 "
b11000001000 0
b1011110111011 O
b11111111100010101100011000001000 #"
#88
b1010111111111 "
b11100010001101 0
b1010111111110 O
b11111111011111110011100010001101 #"
#89
b1101000010000 0
b1011111111111 O
b11111111011100111101101000010000 #"
#90
b1011101000000 "
b1010110111100 0
b1011101000000 O
b11111111010110000101010110111100 #"
#91
b1110100100001 "
b10101100011100 0
b1110100100001 O
b11111111010100011010101100011100 #"
#92
b1111110000111 "
b11001111111101 0
b1111110000111 O
b11111111010011100011001111111101 #"
#93
b10001000000010 "
b10111001110100 0
b10001000000010 O
b11111111010011011110111001110100 #"
#94
b10100001001110 "
b10100100000111 0
b10100001001110 O
b11111111011001000010100100000111 #"
#95
b10100111000111 "
b100010100100 0
b10100111000111 O
b11111111011011001100100010100100 #"
#96
b10101010011000 "
b1001100010101 0
b10101010011000 O
b11111111011101010101001100010101 #"
#97
b10101000000001 "
b111100011000 0
b10101000000001 O
b11111111011111001100111100011000 #"
#98
b10100001110101 "
b11101100010100 0
b10100001110101 O
b11111111100101011011101100010100 #"
#99
b10001000101110 "
b1101110011 0
b10001000101110 O
b11111111100110010000001101110011 #"
#100
b10000000001011 "
b111110010110 0
b10000000001011 O
b11111111100101100100111110010110 #"
#101
b1110101110100 "
b1100001100 0
b1110101110100 O
b11111111100011101100001100001100 #"
#102
b1011101001001 "
b1001100110010 0
b1011101001001 O
b11111111011100010001001100110010 #"
#103
b1011000101001 "
b1001000101000 0
b1011000101001 O
b11111111011000100101001000101000 #"
#104
b1010110100110 "
b1101110001100 0
b1010110100110 O
b11111111010100011101101110001100 #"
#105
b1011001000110 "
b110011000000 0
b1011001000110 O
b11111111001011111000110011000000 #"
#106
b1011111111101 "
b10111001101000 0
b1011111111101 O
b11111111001001001110111001101000 #"
#107
b1111001010010 "
b10101101111100 0
b1111001010010 O
b11111111000111010110101101111100 #"
#108
b10000010100101 "
b1101111010000 0
b10000010100101 O
b11111111000110111101101111010000 #"
#109
b10001100010101 "
b1011101110000 0
b10001100010101 O
b11111111000111111101011101110000 #"
#110
b10100011010011 "
b10101010000000 0
b10100011010011 O
b11111111001111101010101010000000 #"
#111
b10101000100110 "
b10000001011000 0
b10101000100110 O
b11111111010010010010000001011000 #"
#112
b10101001011001 "
b111011000000 0
b10101001011001 O
b11111111010101100100111011000000 #"
#113
b10100101000001 "
b11100011110100 0
b10100101000001 O
b11111111011101111111100011110100 #"
#114
b10001110000110 "
b1011011111000 0
b10001110000110 O
b11111111011111001101011011111000 #"
#115
b10000100110001 "
b100100110100 0
b10000100110001 O
b11111111011111011000100100110100 #"
#116
b1111010111110 "
b1010010010000 0
b1111010111111 O
b11111111011110100001010010010000 #"
#117
b1110010011110 "
b10111100100100 0
b1110010011110 O
b11111111011011100010111100100100 #"
#118
b1011010111111 "
b11000000000000 0
b1011010101111 O
b11111111010001010111000000000000 #"
#119
b1011110111111 "
b1000010011100 0
b1010110111111 O
b11111111001101000001000010011100 #"
#120
b1010111111111 "
b10111001110001 0
b1010111111111 O
b11111111001000100010111001110001 #"
#121
b1011111101110 "
b10100101010101 0
b1011111111110 O
b11111110111110000010100101010101 #"
#122
b1011111011001 "
b101110101100 0
b1011111011001 O
b11111110111011011000101110101100 #"
#123
b1111111100010 "
b10001000100110 0
b1111111101010 O
b11111110111010010110001000100110 #"
#124
b1111101001001 "
b10010110111000 0
b1111101001001 O
b11111110111010101110010110111000 #"
#125
b10000111100001 "
b1110010100110 0
b10001111100001 O
b11111111000011011101110010100110 #"
#126
b10001111111010 "
b100101111110 0
b10001111111010 O
b11111111000110110100100101111110 #"
#127
b10100110100110 "
b10011000101000 0
b10100110100110 O
b11111111001010100010011000101000 #"
#128
b10101000111010 "
b10011100001011 0
b10101000111010 O
b11111111001101101110011100001011 #"
#129
b10100111110110 "
b100110010010 0
b10100111110110 O
b11111111010111110000100110010010 #"
#130
b10100010010111 "
b10001111010101 0
b10100010010111 O
b11111111011001001010001111010101 #"
#131
b10001010010011 "
b11011000001 0
b10001010010011 O
b11111111011000110100011011000001 #"
#132
b10000000110010 "
b11011000001000 0
b10000000110010 O
b11111111010110011111011000001000 #"
#133
b1110110010100 "
b11001011111000 0
b1110110010100 O
b11111111001011011011001011111000 #"
#134
b1011110011001 "
b11100011010100 0
b1011110011001 O
b11111111000110100011100011010100 #"
#135
b1011001000010 "
b11011000100 0
b1011001000010 O
b11111111000001001100011011000100 #"
#136
b1010110110000 "
b100110111000 0
b1010110110000 O
b11111110111100100000100110111000 #"
#137
b1011000011111 "
b11000000 0
b1011000011111 O
b11111110110000111000000011000000 #"
#138
b1011111000011 "
b11011111111 0
b1011111000011 O
b11111110101110101000011011111111 #"
#139
b1111000101000 "
b10000001011100 0
b1111000101000 O
b11111110101110011010000001011100 #"
#140
b10000001110011 "
b10111011000011 0
b10000001110011 O
b11111110110000011010111011000011 #"
#141
b10001010110001 "
b11101101001 0
b10001010110001 O
b11111110111011100000011101101001 #"
#142
b10100011001100 "
b11010111111110 0
b10100011001100 O
b11111110111111011111010111111110 #"
#143
b10101000110000 "
b11111000111001 0
b10101000110000 O
b11111111000100000011111000111001 #"
#144
b10101001001100 "
b101100011110 0
b10101001001100 O
b11111111001111111000101100011110 #"
#145
b10100110000100 "
b11001100011010 0
b10100110000100 O
b11111111010010101111001100011010 #"
#146
b10001110110110 "
b10001100001001 0
b10001110110110 O
b11111111010011101010001100001001 #"
#147
b10000101100010 "
b11111001000000 0
b10000101100010 O
b11111111010010010011111001000000 #"
#148
b1111011111111 "
b10000101001010 0
b1111011111111 O
b11111111001110110110000101001010 #"
#149
b1110011000100 "
b1110011011000 0
b1110011000100 O
b11111111000001110001110011011000 #"
#150
b1011011110110 "
b101110111010 0
b1011011110110 O
b11111110111100110000101110111010 #"
#151
b1010110110100 "
b1101101110001 0
b1010110110100 O
b11111110110110101001101101110001 #"
#152
b1010110111011 "
b111011010100 0
b1010110111011 O
b11111110101000111000111011010100 #"
#153
b1011011110111 "
b11100110000 0
b1011011110111 O
b11111110100110010100011100110000 #"
#154
b1111011111101 "
b1010111110100 0
b1110011111101 O
b11111110100101000001010111110100 #"
#155
b1111110001001 "
b11101100010000 0
b1111110001001 O
b11111110100101110111101100010000 #"
#156
b11111110001000 "
b10010101100110 0
b11111110001000 O
b11111110110001101110010101100110 #"
#157
b10001111001000 "
b1011000100100 0
b10001111001000 O
b11111110110110000101011000100100 #"
#158
b10101111100101 "
b1001110100000 0
b10101111100101 O
b11111110111011000001001110100000 #"
#159
b10101111101101 "
b10000001100011 0
b10101111101101 O
b11111110111111111110000001100011 #"
#160
b10101011001101 "
b11101001011100 0
b10101111011101 O
b11111111001101011011101001011100 #"
#161
b10100111110001 "
b1000101111101 0
b10100111110001 O
b11111111001111011001000101111101 #"
#162
b10100010111111 "
b10100011000001 0
b10100010111111 O
b11111111001110111110100011000001 #"
#163
b10001011000100 "
b11111111100011 0
b10001011000100 O
b11111111001101001111111111100011 #"
#164
b10000010001011 "
b11010011111111 0
b10000010001011 O
b11111111000000100011010011111111 #"
#165
b1110110101011 "
b10000000000000 0
b1110110101011 O
b11111110111010100010000000000000 #"
#166
b1011110101000 "
b111010111010 0
b1011110101000 O
b11111110110100101100111010111010 #"
#167
b1011001011101 "
b10011000000100 0
b1011001011101 O
b11111110101111110110011000000100 #"
#168
b1010111010100 "
b10101111110 0
b1010111010100 O
b11111110100010010100010101111110 #"
#169
b1011000010011 "
b101100011010 0
b1011000010011 O
b11111110100000001000101100011010 #"
#170
b1011101100100 "
b100001011000 0
b1011101100100 O
b11111110100000101000100001011000 #"
#171
b1110110101101 "
b11111010101111 0
b1110110101101 O
b11111110100010110011111010101111 #"
#172
b10000000101111 "
b1000001001111 0
b10000000101111 O
b11111110110000000001000001001111 #"
#173
b10001010111000 "
b11110011111100 0
b10001010111000 O
b11111110110101011111110011111100 #"
#174
b10100010110011 "
b10010100010100 0
b10100010110011 O
b11111110111011110110010100010100 #"
#175
b10100110100011 "
b110011011000 0
b10100110100011 O
b11111111001001100100110011011000 #"
#176
b10101000111100 "
b10000000111101 0
b10101000111100 O
b11111111001100110110000000111101 #"
#177
b10100111001011 "
b1011000110100 0
b10100111001011 O
b11111111001110101101011000110100 #"
#178
b10100000011110 "
b11110011101001 0
b10100000011110 O
b11111111001101111111110011101001 #"
#179
b10000110101010 "
b100100100010 0
b10000110101010 O
b11111111001010111000100100100010 #"
#180
b1111100111000 "
b100001110011 0
b1111100111000 O
b11111110111100111000100001110011 #"
#181
b1110011101011 "
b1111001011000 0
b1110011101011 O
b11111110111000001101111001011000 #"
#182
b1011011110011 "
b10100010000100 0
b1011011110011 O
b11111110110010101010100010000100 #"
#183
b1010111110001 "
b1000100000000 0
b1010111110001 O
b11111110100100111101000100000000 #"
#184
b1010111010000 "
b111110010100 0
b1010111010000 O
b11111110100010011100111110010100 #"
#185
b1011010010101 "
b1101011000000 0
b1011010010101 O
b11111110100001011001101011000000 #"
#186
b1110001100011 "
b10101101001 0
b1110001100011 O
b11111110100011000100010101101001 #"
#187
b1111011100111 "
b11011000011110 0
b1111011100111 O
b11111110100111010011011000011110 #"
#188
b10000101011011 "
b100001111000 0
b10000101011011 O
b11111110110101001100100001111000 #"
#189
b10001110011110 "
b11111000010011 0
b10001110011110 O
b11111110111010110111111000010011 #"
#190
b10101111111100 "
b10100001101000 0
b10100111111100 O
b11111111000000100010100001101000 #"
#191
b10101100111000 "
b10100011000 0
b10101000111000 O
b11111111001101111000010100011000 #"
#192
b10101000111100 "
b101010111100 0
b10101000111100 O
b11111111010000111100101010111100 #"
#193
b10101011011101 "
b10000001111010 0
b10101011011101 O
b11111111010001011010000001111010 #"
#194
b10101111010101 "
b1000100101000 0
b10101111010101 O
b11111111010000011101000100101000 #"
#195
b10001100000011 "
b10010101001110 0
b10001100010011 O
b11111111000100101010010101001110 #"
#196
b10000010111100 "
b11100110101 0
b10010010111100 O
b11111111000000001100011100110101 #"
#197
b1111001011101 "
b1011001101010 0
b1111101011101 O
b11111110111100001001011001101010 #"
#198
b1011111010111 "
b10010101111001 0
b1011111010111 O
b11111110111000001110010101111001 #"
#199
b1011001100100 "
b10111001111000 0
b1011001100100 O
b11111110101100100010111001111000 #"
#200
b1010110110011 "
b1001101101000 0
b1010110110011 O
b11111110101011101001001101101000 #"
#201
b1011000010001 "
b11001000111010 0
b1011000010001 O
b11111110101101001011001000111010 #"
#202
b1011101011101 "
b101010100111 0
b1011101011101 O
b11111110110000000100101010100111 #"
#203
b1110101100010 "
b10011010101010 0
b1110101100010 O
b11111110111100001110011010101010 #"
#204
b1111111110101 "
b11001011010100 0
b1111111110101 O
b11111111000001101111001011010100 #"
#205
b10001010000000 "
b11100010001101 0
b10001010000000 O
b11111111000111100011100010001101 #"
#206
b10100010010001 "
b10001100100010 0
b10100010010001 O
b11111111001100000110001100100010 #"
#207
b10100110111110 "
b10010001111 0
b10100110111110 O
b11111111010111010000010010001111 #"
#208
b10101000111011 "
b10011010001100 0
b10101000111011 O
b11111111011010000010011010001100 #"
#209
b10100111000011 "
b10101111100110 0
b10100111000011 O
b11111111011001110010101111100110 #"
#210
b10100000100101 "
b111000110000 0
b10100000100101 O
b11111111011000000100111000110000 #"
#211
b10000111101100 "
b1011001001000 0
b10000111101100 O
b11111111001111011001011001001000 #"
#212
b1111110001000 "
b110110111111 0
b1111110001000 O
b11111111001100100100110110111111 #"
#213
b1110100111010 "
b1100001101010 0
b1110100111010 O
b11111111001001101001100001101010 #"
#214
b1011100101100 "
b1011110010000 0
b1011100101100 O
b11111111000001101001011110010000 #"
#215
b1010111111001 "
b1011100011000 0
b1010111111001 O
b11111111000000111001011100011000 #"
#216
b1010110110010 "
b1011100100000 0
b1010110110010 O
b11111111000001101101011100100000 #"
#217
b1011010000111 "
b10010110100000 0
b1011010000111 O
b11111111000100001010010110100000 #"
#218
b1110001001111 "
b10001101110100 0
b1110001001111 O
b11111111001000011010001101110100 #"
#219
b1111010100000 "
b1110001111100 0
b1111010100000 O
b11111111010010011101110001111100 #"
#220
b10000100010101 "
b10010000001010 0
b10000100010101 O
b11111111010110110110010000001010 #"
#221
b10001101001101 "
b11101100101000 0
b10001101001101 O
b11111111011011100011101100101000 #"
#222
b10100101010000 "
b10000000000 0
b10100101010000 O
b11111111100100010100010000000000 #"
#223
b10101001001010 "
b10000111000100 0
b10101001001010 O
b11111111100110110010000111000100 #"
#224
b10101001000000 "
b1011000110101 0
b10101001000000 O
b11111111101000100101011000110101 #"
#225
b10101011101111 "
b1001111101011 0
b10100011101111 O
b11111111101001000001001111101011 #"
#226
b10101110111111 "
b1110101101100 0
b10001110111111 O
b11111111100100101101110101101100 #"
#227
b10001100111111 "
b10111111101000 0
b10001100111111 O
b11111111100100001110111111101000 #"
#228
b10111100110111 "
b10010100100100 0
b11111100110101 O
b11111111100011111010010100100100 #"
#229
b1111000110111 "
b10110011001100 0
b1111000110111 O
b11111111100100000110110011001100 #"
#230
b1111001111110 "
b11010001010000 0
b1111001111110 O
b11111111100001101111010001010000 #"
#231
b1011001111001 "
b1110001100001 0
b1011001111001 O
b11111111100011110001110001100001 #"
#232
b1010110000100 "
b11100000011110 0
b1011110000100 O
b11111111100110011011100000011110 #"
#233
b1011001001110 "
b1010011010011 0
b1011101001110 O
b11111111101001101001010011010011 #"
#234
b1011101100010 "
b1100001000100 0
b1011101100010 O
b11111111101111001001100001000100 #"
#235
b1110100100010 "
b11011000011000 0
b1110100100010 O
b11111111110010101011011000011000 #"
#236
b1111110010000 "
b1111000101011 0
b1111110010000 O
b11111111110101110101111000101011 #"
#237
b10001000111110 "
b10111010000011 0
b10001000111110 O
b11111111111000100010111010000011 #"
#238
b10100001110111 "
b110101110111 0
b10100001110111 O
b11111111111011110000110101110111 #"
#239
b10100110101101 "
b1010111011000 0
b10100110101101 O
b11111111111101100101010111011000 #"
#240
b10101001001100 "
b10100111111000 0
b10101001001100 O
b11111111111111001110100111111000 #"
#241
b10100111011000 "
b100111000101 0
b10100111011000 O
b1000000100111000101 #"
#242
b10100001010111 "
b11101110101010 0
b10100001010111 O
b11100011101110101010 #"
#243
b10001000110101 "
b1011000101110 0
b10001000110101 O
b110011101011000101110 #"
#244
b1111111011010 "
b11011100111000 0
b1111111011010 O
b1001110011011100111000 #"
#245
b1110100101100 "
b1101100110 0
b1110100101100 O
b1110111100001101100110 #"
#246
b1011101010010 "
b1011110001110 0
b1011101010010 O
b10011000101011110001110 #"
#247
b1011001001000 "
b11101011000000 0
b1011001001000 O
b10111001011101011000000 #"
#248
b1010110110100 "
b10100010000 0
b1010110110100 O
b11010101100010100010000 #"
#249
b1011001011000 "
b1001111000101 0
b1011001011000 O
b11101011101001111000101 #"
#250
b1110000001100 "
b1100111000000 0
b1110000001100 O
b11100010001100111000000 #"
#251
b1111010000010 "
b100100100000 0
b1111010000010 O
b11101010100100100100000 #"
#252
b10000010111010 "
b1101001000010 0
b10000010111010 O
b11101101101101001000010 #"
#253
b10001100000101 "
b10101100101110 0
b10001100000101 O
b11010001010101100101110 #"
#254
b10100100101101 "
b1011100111000 0
b10100100101101 O
b11010111101011100111000 #"
#255
b10101000010010 "
b1001010100110 0
b10101000010010 O
b11100001101001010100110 #"
#256
b10101000110100 "
b11100000000101 0
b10101000110100 O
b11111010011100000000101 #"
#257
b10100101011100 "
b101110100110 0
b10100101011100 O
b100100000100101110100110 #"
#258
b10001101111100 "
b11101000011010 0
b10001101111100 O
b110000101011101000011010 #"
#259
b10000100011100 "
b100100110000 0
b10000100011100 O
b110111111000100100110000 #"
#260
b1111010111011 "
b11110000101111 0
b1111010111011 O
b1000000000011110000101111 #"
#261
b1111001111111 "
b11111101110000 0
b1110001101111 O
b1001111011111111101110000 #"
#262
b1111010111101 "
b11011000111011 0
b1011010111101 O
b1010110011011011000111011 #"
#263
b1011110110101 "
b11011101001011 0
b1011110110101 O
b1011011011111011101001011 #"
#264
b1010111111100 "
b1011010100000 0
b1010111111100 O
b1011110110001011010100000 #"
#265
b1011111111000 "
b10110100000100 0
b1011111111000 O
b1010110000110110100000100 #"
#266
b1111111111001 "
b1101001101111 0
b1111111111000 O
b1010100010001101001101111 #"
#267
b1000010011010 0
b1111111111001 O
b1010001101001000010011010 #"
#268
b1111101001110 "
b10111001101100 0
b1111101001110 O
b1001111000010111001101100 #"
#269
b10000111110001 "
b1111111001011 0
b10000111110001 O
b1000001100101111111001011 #"
#270
b10100000000010 "
b1000001010011 0
b10100000000010 O
b1000001111001000001010011 #"
#271
b10100111000110 "
b1011010001111 0
b10100111000110 O
b1000101000101011010001111 #"
#272
b10101001011010 "
b110111001000 0
b10101001011010 O
b1001010011000110111001000 #"
#273
b10100111011100 "
b11110011010 0
b10100111011100 O
b1100000101100011110011010 #"
#274
b10100001110010 "
b1110101111 0
b10100001110010 O
b1101110001100001110101111 #"
#275
b10001001110110 "
b100001011010 0
b10001001110110 O
b1111011110100100001011010 #"
#276
b10000000110000 "
b1000001000000 0
b10000000110000 O
b10000111101101000001000000 #"
#277
b1110101101110 "
b101001111001 0
b1110101101110 O
b10100010101000101001111001 #"
#278
b1011101111001 "
b10011110100000 0
b1011101111001 O
b10101100010010011110100000 #"
#279
b1011001000011 "
b1101111000100 0
b1011001000011 O
b10110001011001101111000100 #"
#280
b1010110111100 "
b1101001010010 0
b1010110111100 O
b10110001000001101001010010 #"
#281
b1011000011011 "
b11110100110000 0
b1011000011011 O
b10011100100011110100110000 #"
#282
b1011111110100 "
b110011101100 0
b1011111110100 O
b10010101100100110011101100 #"
#283
b1111000111000 "
b1000100000000 0
b1111000111000 O
b10001110011001000100000000 #"
#284
b10000010001110 "
b1001101101000 0
b10000010001110 O
b1110101100001001101101000 #"
#285
b10001011111000 "
b1100101110111 0
b10001011111000 O
b1110001011101100101110111 #"
#286
b10100011100100 "
b1111000100000 0
b10100011100100 O
b1110000110001111000100000 #"
#287
b10100111111101 "
b11000011000101 0
b10100111111101 O
b1110110110011000011000101 #"
#288
b10101001001100 "
b1000101000000 0
b10101001001100 O
b10000010111001000101000000 #"
#289
b10100110000011 "
b1000001000110 0
b10100110000011 O
b10101001000101000001000110 #"
#290
b10001111001100 "
b1001110110101 0
b10001111001100 O
b10111100001101001110110101 #"
#291
b10000100011111 "
b10101010011100 0
b10000100011111 O
b11010000000110101010011100 #"
#292
b1111011110000 "
b110011001101 0
b1111011110000 O
b11111010011100110011001101 #"
#293
b1110011001110 "
b10001001100 0
b1110011001110 O
b100001000011100010001001100 #"
#294
b1011011010110 "
b110001110000 0
b1011011010110 O
b100010010010100110001110000 #"
#295
b1010110101111 "
b11000111001101 0
b1010110101111 O
b100010011100011000111001101 #"
#296
b1010110111011 "
b11101011111011 0
b1010110111011 O
b11110011110011101011111011 #"
#297
b1011111111111 "
b1011101111100 0
b1011011111111 O
b11101010010101011101111100 #"
#298
b1111011011110 "
b11101000010100 0
b1110011011110 O
b11100000000011101000010100 #"
#299
b1111111010110 "
b1001101110 0
b1111111010110 O
b11010011000100001001101110 #"
#300
b1111101111100 "
b10111010011101 0
b11111101111100 O
b10101010110110111010011101 #"
#301
b10001111111111 "
b1100011100 0
b10001111111111 O
b10100111100100001100011100 #"
#302
b10101111001111 "
b10010010111010 0
b10101111001111 O
b10101011111110010010111010 #"
#303
b10100111001010 "
b101011010000 0
b10101111001010 O
b10110101000000101011010000 #"
#304
b10101001100000 "
b111011111110 0
b10101001100000 O
b11101000110100111011111110 #"
#305
b10101000010110 "
b1110010001000 0
b10101000010110 O
b100000010011101110010001000 #"
#306
b10100010111100 "
b101010111000 0
b10100010111100 O
b100011100100100101010111000 #"
#307
b10001010010110 "
b10011101101000 0
b10001010010110 O
b100110101111110011101101000 #"
#308
b10000001011011 "
b110010001010 0
b10000001011011 O
b101110000101100110010001010 #"
#309
b1110111100000 "
b10101010100110 0
b1110111100000 O
b101111110000010101010100110 #"
#310
b1011110111011 "
b101111001000 0
b1011110111011 O
b110000010101000101111001000 #"
#311
b1011000100001 "
b11001100001 0
b1011000100001 O
b110000001101000011001100001 #"
#312
b1010110011111 "
b1010011111001 0
b1010110011111 O
b101010001110001010011111001 #"
#313
b1011000111001 "
b10001111110000 0
b1011000111001 O
b100111111100110001111110000 #"
#314
b1011111001010 "
b1000000101010 0
b1011111001010 O
b100101001101001000000101010 #"
#315
b1110111000000 "
b100110111010 0
b1110111000000 O
b100011101001000100110111010 #"
#316
b10000001000101 "
b11101100001000 0
b10000001000101 O
b11101000000011101100001000 #"
#317
b10001011100101 "
b1101100001101 0
b10001011100101 O
b11100100010101101100001101 #"
#318
b10100011001011 "
b11011011000001 0
b10100011001011 O
b11101101000011011011000001 #"
#319
b10100111110100 "
b11110100 0
b10100111110100 O
b100000000001100000011110100 #"
#320
b10101001100010 "
b11101110010000 0
b10101001100010 O
b101000111101011101110010000 #"
#321
b10100110111110 "
b1111011110110 0
b10100110111110 O
b101101000001001111011110110 #"
#322
b10001111000101 "
b11001100110000 0
b10001111000101 O
b110001101010011001100110000 #"
#323
b10000101110011 "
b11111101010000 0
b10000101110011 O
b111011011001111111101010000 #"
#324
b1111100100111 "
b10010001111111 0
b1111100100111 O
b111110000011110010001111111 #"
#325
b1110011101001 "
b101011000101 0
b1110011101001 O
b111111101110100101011000101 #"
#326
b1011011110001 "
b1000011001110 0
b1011011110001 O
b1000000000101001000011001110 #"
#327
b1010111011101 "
b10111100100000 0
b1010111011101 O
b111110011010010111100100000 #"
#328
b1010111010011 "
b1001111100010 0
b1010111010011 O
b110101110010101001111100010 #"
#329
b1011010011000 "
b10111010101010 0
b1011010011000 O
b110010101000010111010101010 #"
#330
b1110010000011 "
b11000011010100 0
b1110010000011 O
b101111001100011000011010100 #"
#331
b1111011111110 "
b11011101000011 0
b1111011111111 O
b100110010000111011101000011 #"
#332
b10000101111111 "
b100000100011 0
b10000101101111 O
b100101000001100100000100011 #"
#333
b10001110111111 "
b1110111100011 0
b10001110111111 O
b100101000000001110111100011 #"
#334
b10101111111011 "
b1111000110001 0
b10101111111011 O
b100110111101001111000110001 #"
#335
b10101101111011 "
b10100110100010 0
b10101100111011 O
b110001110001110100110100010 #"
#336
b10101111111111 "
b100010101010 0
b10101111111111 O
b110110101000000100010101010 #"
#337
b10100111111111 "
b10111110111101 0
b10100111111111 O
b111011101001110111110111101 #"
#338
b10101111110001 "
b11010100100000 0
b10101111110001 O
b1000000111100111010100100000 #"
#339
b10001110000001 "
b10111011111000 0
b10001110000001 O
b1001101001010110111011111000 #"
#340
b10000010000011 "
b1101101101100 0
b10010010000011 O
b1001111100001101101101101100 #"
#341
b1110111100101 "
b10100011011000 0
b1110111100101 O
b1010000001100010100011011000 #"
#342
b1011111011110 "
b101000111110 0
b1011111011110 O
b1001111101110100101000111110 #"
#343
b1011001110110 "
b10100001100101 0
b1011001110110 O
b1000101100010110100001100101 #"
#344
b1010110111110 "
b10111111111000 0
b1010110111110 O
b1000001000111110111111111000 #"
#345
b1011000010010 "
b10001000011001 0
b1011000010010 O
b111100110001010001000011001 #"
#346
b1011101100100 "
b1001111111010 0
b1011101100100 O
b111001101100101001111111010 #"
#347
b1110110011000 "
b101001110100 0
b1110110011000 O
b101110001011000101001110100 #"
#348
b1111111110000 "
b11011000110100 0
b1111111110000 O
b101100111110011011000110100 #"
#349
b10001010010101 "
b1110101100000 0
b10001010010101 O
b101110110100001110101100000 #"
#350
b10100010001010 "
b11011101000000 0
b10100010001010 O
b110001110001011011101000000 #"
#351
b10100110111111 "
b11011001010001 0
b10100110111111 O
b111111011101011011001010001 #"
#352
b10101001100011 "
b10000100001000 0
b10101001100011 O
b1000101011110010000100001000 #"
#353
b10100111000111 "
b1111111110 0
b10100111000111 O
b1001100000100000001111111110 #"
#354
b10100000011111 "
b10110001001 0
b10100000011111 O
b1011010001000100010110001001 #"
#355
b10000111101000 "
b10001111001000 0
b10000111101000 O
b1011110101111010001111001000 #"
#356
b1111101100111 "
b10001100111000 0
b1111101100111 O
b1100001011011010001100111000 #"
#357
b1110011110100 "
b1100101110110 0
b1110011110100 O
b1100000110000101100101110110 #"
#358
b1011100100100 "
b1110101101000 0
b1011100100100 O
b1011110001000001110101101000 #"
#359
b1010111111100 "
b10000100000100 0
b1010111111100 O
b1010001010001110000100000100 #"
#360
b1010111000101 "
b10010000110010 0
b1010111000101 O
b1001100011000010010000110010 #"
#361
b1011001011111 "
b110010001011 0
b1011001011111 O
b1000110100010100110010001011 #"
#362
b1110000100111 "
b10110001011011 0
b1110000100111 O
b111000111111110110001011011 #"
#363
b1111010110101 "
b11111011111010 0
b1111010110101 O
b110110100101111111011111010 #"
#364
b10000100011000 "
b1001101111100 0
b10000100011000 O
b110101111001101001101111100 #"
#365
b10001101010001 "
b10101001110011 0
b10001101010001 O
b111000011100110101001110011 #"
#366
b10100101100100 "
b10100010100101 0
b10100101100100 O
b1001000000001110100010100101 #"
#367
b10101000101010 "
b110111110000 0
b10101000101010 O
b1001110010001000110111110000 #"
#368
b10101000001011 "
b11010101010011 0
b10101000001011 O
b1010101000110011010101010011 #"
#369
b10101100111111 "
b1111000000 0
b10100100111111 O
b1011100000101100001111000000 #"
#370
b10101100111100 "
b10000001111100 0
b10101100111100 O
b1101101001100110000001111100 #"
#371
b10001111101110 "
b10001110010000 0
b10001111101110 O
b1110000101001110001110010000 #"
#372
b10111011001110 "
b1100100010000 0
b11111011001110 O
b1110001101011101100100010000 #"
#373
b1111001110101 "
b11111111100 0
b1111001110100 O
b1110000011000000011111111100 #"
#374
b1111001111111 "
b1010000111010 0
b1111001111101 O
b1100001001001101010000111010 #"
#375
b1011001111111 "
b11100000 0
b1011001111111 O
b1011011101011000000011100000 #"
#376
b1010110100011 "
b11101100110100 0
b1010110100011 O
b1010101011010011101100110100 #"
#377
b1011000010100 "
b11000001101000 0
b1011000010100 O
b1010000000011011000001101000 #"
#378
b1011101100001 "
b11001011110010 0
b1011101100001 O
b111111110001011001011110010 #"
#379
b1110100111001 "
b110010101111 0
b1110100111001 O
b111110001101100110010101111 #"
#380
b1111111100000 "
b11100000110000 0
b1111111100000 O
b111111010100011100000110000 #"
#381
b10001001100011 "
b10000101000100 0
b10001001100011 O
b1000011001001110000101000100 #"
#382
b10100001011011 "
b1011111101010 0
b10100001011011 O
b1010100101010101011111101010 #"
#383
b10100111001011 "
b11111111011110 0
b10100111001011 O
b1011101010001111111111011110 #"
#384
b10101001011100 "
b10011111111111 0
b10101001011100 O
b1100101010100110011111111111 #"
#385
b10100111001100 "
b11100001001011 0
b10100111001100 O
b1111000001000011100001001011 #"
#386
b10100000111100 "
b110001000101 0
b10100000111100 O
b1111101110111000110001000101 #"
#387
b10001001001000 "
b11011010011 0
b10001001001000 O
b10000000111101100011011010011 #"
#388
b1111110111001 "
b1011001 0
b1111110111001 O
b10000000101101000000001011001 #"
#389
b1110100010011 "
b111110110000 0
b1110100010011 O
b1111101000000100111110110000 #"
#390
b1011101100000 "
b111000100000 0
b1011101100000 O
b1101011000101000111000100000 #"
#391
b1011000110010 "
b11111100100010 0
b1011000110010 O
b1100100100101111111100100010 #"
#392
b1010110101010 "
b11100111010000 0
b1010110101010 O
b1011100111110011100111010000 #"
#393
b1011001010001 "
b1000010110010 0
b1011001010001 O
b1001010110000101000010110010 #"
#394
b1110000011101 "
b11101011100111 0
b1110000011101 O
b1000111010001011101011100111 #"
#395
b1111001111000 "
b1001100101001 0
b1111001111000 O
b1000101011001101001100101001 #"
#396
b10000011000001 "
b1001 0
b10000011000001 O
b1001000000110100000000001001 #"
#397
b10001101000100 "
b11101000000000 0
b10001101000100 O
b1001110000100111101000000000 #"
#398
b10100101001010 "
b10010110111101 0
b10100101001010 O
b1100010110011110010110111101 #"
#399
b10101000010101 "
b101000010000 0
b10101000010101 O
b1101011011110100101000010000 #"
#400
b10101000001110 "
b1100000110000 0
b10101000001110 O
b1110100010111101100000110000 #"
#401
b10100100101111 "
b10011101110111 0
b10100100101111 O
b10001000101100010011101110111 #"
#402
b10001101111111 "
b11001011011110 0
b10001101111111 O
b10001101001001111001011011110 #"
#403
b10000100011101 "
b11101110010110 0
b10000100011101 O
b10001110111101111101110010110 #"
#404
b1111101111101 "
b11101110110101 0
b1111001100101 O
b10001101000100111101110110101 #"
#405
b1111001111011 "
b10111011100101 0
b1110001111011 O
b1111001010111110111011100101 #"
#406
b1111011011111 "
b1001001001001 0
b1111010011011 O
b1110010001111101001001001001 #"
#407
b1011111110110 "
b11011111011 0
b1011111110110 O
b1101011000001100011011111011 #"
#408
b1011111010011 "
b10010011011010 0
b1011111010011 O
b1100011010010110010011011010 #"
#409
b1011100100111 "
b101100000011 0
b1011100100111 O
b1001110111011000101100000011 #"
#410
b1111111110110 "
b11100101110100 0
b1111111110110 O
b1001100100101111100101110100 #"
#411
b1111011110110 "
b11100001011101 0
b1001101010010011100001011101 #"
#412
b1111101110100 "
b1010001010 0
b1111101110100 O
b1010000111001100001010001010 #"
#413
b10001000100001 "
b111100010100 0
b10001000100001 O
b1100110010101100111100010100 #"
#414
b10100000101000 "
b1100011000100 0
b10100000101000 O
b1101111011111001100011000100 #"
#415
b10100110111011 "
b1010000000 0
b10100110111011 O
b1111001000010000001010000000 #"
#416
b10101000111001 "
b11111101100001 0
b10101000111001 O
b10000001010001111111101100001 #"
#417
b10100111001101 "
b10110001001001 0
b10100111001101 O
b10010110100100010110001001001 #"
#418
b10100001110010 "
b1000000100011 0
b10100001110010 O
b10011010100111101000000100011 #"
#419
b10001001110010 "
b11000010011 0
b10001001110010 O
b10011001001001100011000010011 #"
#420
b1111111111010 "
b10100000111110 0
b1111111111010 O
b10010101000111010100000111110 #"
#421
b1110101001001 "
b1101000110010 0
b1110101001001 O
b10000000000100101101000110010 #"
#422
b1011101110010 "
b11011011111100 0
b1011101110010 O
b1110111001000011011011111100 #"
#423
b1011000100001 "
b11111101111000 0
b1011000100001 O
b1101110000111111111101111000 #"
#424
b1010110100100 "
b110110000100 0
b1010110100100 O
b1011000101101100110110000100 #"
#425
b1011001011000 "
b10001001001010 0
b1011001011000 O
b1010011000111010001001001010 #"
#426
b1011111110110 "
b11111000 0
b1011111110110 O
b1010001001111000000011111000 #"
#427
b1111000001111 "
b1100101110000 0
b1111000001111 O
b1010011010111001100101110000 #"
#428
b10000001111111 "
b110011110110 0
b10000001111111 O
b1011001011010000110011110110 #"
#429
b10001100000101 "
b1100100010000 0
b10001100000101 O
b1110000111110101100100010000 #"
#430
b10100101000110 "
b11001000001110 0
b10100101000110 O
b1111011011001011001000001110 #"
#431
b10100111110011 "
b11011001111001 0
b10100111110011 O
b10000100110001111011001111001 #"
#432
b10101000111100 "
b11011000000100 0
b10101000111100 O
b10011011010100011011000000100 #"
#433
b10100101111000 "
b11100110110010 0
b10100101111000 O
b10100000100011011100110110010 #"
#434
b10001110011110 "
b10100100101110 0
b10001110011110 O
b10100011000010010100100101110 #"
#435
b10000101010011 "
b1101011100000 0
b10000101010011 O
b10100000110011001101011100000 #"
#436
b1111011101000 "
b10010101000010 0
b1111011101000 O
b10001010101100110010101000010 #"
#437
b1110001110000 "
b110011001000 0
b1110001110000 O
b10000010001110100110011001000 #"
#438
b1011010011110 "
b1110001101001 0
b1011010011110 O
b1111000111001101110001101001 #"
#439
b1010111010110 "
b11010001100010 0
b1010111010110 O
b1101111100100011010001100010 #"
#440
b1011100010011 "
b11110100111110 0
b1011000000111 O
b1011001100000111110100111110 #"
#441
b1011011010001 "
b10000111101010 0
b1011011010001 O
b1010110001001010000111101010 #"
#442
b1111011010011 "
b1100010010 0
b1111011010011 O
b1010101011001100001100010010 #"
#443
b1111111011011 "
b10110101100110 0
b1111111011011 O
b1011000011101010110101100110 #"
#444
b1111101011011 "
b1101110110000 0
b1111101011011 O
b1110000110010101101110110000 #"
#445
b10001111101011 "
b1001000111011 0
b10001111101011 O
b1111010101000101001000111011 #"
#446
b10101111101011 "
b1011110110000 0
b10101111101011 O
b10000011111010001011110110000 #"
#447
b10100111101001 "
b10110110101101 0
b10101111101001 O
b10001100110011010110110101101 #"
#448
b10101001001000 "
b1100011011010 0
b10101001001000 O
b10100100010000001100011011010 #"
#449
b10100111111101 "
b1011110110110 0
b10100111111101 O
b10100111011000101011110110110 #"
#450
b10100011000100 "
b10111010101 0
b10100011000100 O
b10100110111110100010111010101 #"
#451
b10001010101110 "
b1010111000001 0
b10001010101110 O
b10100010011111001010111000001 #"
#452
b10000000100100 "
b100010101100 0
b10000000100100 O
b10001010101111100100010101100 #"
#453
b1110110111110 "
b1010011011110 0
b1110110111110 O
b10000001001100101010011011110 #"
#454
b1011110111000 "
b10010000010100 0
b1011110111000 O
b1110110110010110010000010100 #"
#455
b1011000111010 "
b1011100 0
b1011000111010 O
b1011111011000000000001011100 #"
#456
b1010110011011 "
b10111000010100 0
b1010110011011 O
b1011001000000010111000010100 #"
#457
b1011000111000 "
b10100101110001 0
b1011000111000 O
b1010110100110010100101110001 #"
#458
b1011110111010 "
b1100111101010 0
b1011110111010 O
b1011000100110001100111101010 #"
#459
b1110111100101 "
b10010011110101 0
b1110111100101 O
b1011110001111010010011110101 #"
#460
b10000001101000 "
b1000000011000 0
b10000001101000 O
b1110101110011101000000011000 #"
#461
b10001011000000 "
b11111100000110 0
b10001011000000 O
b10000000010110011111100000110 #"
#462
b10100010001100 "
b11010101001100 0
b10100010001100 O
b10001010101011111010101001100 #"
#463
b10100111110000 "
b1011101010000 0
b10100111110000 O
b10100010101111101011101010000 #"
#464
b10101001011110 "
b1011001000010 0
b10101001011110 O
b10100110111101101011001000010 #"
#465
b10100110011010 "
b1011011010000 0
b10100110011010 O
b10101001001010101011011010000 #"
#466
b10001110101011 "
b1111110100010 0
b10001110101011 O
b10100110011111101111110100010 #"
#467
b10000110010001 "
b11101101000 0
b10000110010001 O
b10100000000010000011101101000 #"
#468
b1111101001100 "
b10001000000000 0
b1111101001100 O
b10000111110111110001000000000 #"
#469
b1110011100011 "
b11110011010100 0
b1110011100011 O
b1111101010000111110011010100 #"
#470
b1011011100110 "
b10010011100000 0
b1011011100110 O
b1110011010001110010011100000 #"
#471
b1010111001111 "
b1011000100 0
b1010111001111 O
b1011011000100000001011000100 #"
#472
b1010111001100 "
b1000101011000 0
b1010111001100 O
b1010111100101101000101011000 #"
#473
b1011011000001 "
b1101001011100 0
b1011011000001 O
b1010110101111001101001011100 #"
#474
b1110010010011 "
b10101010010111 0
b1110010010011 O
b1011001100110010101010010111 #"
#475
b1111011101011 "
b1100110100100 0
b1111011101011 O
b1110000011011101100110100100 #"
#476
b10111111111011 "
b11000101010 0
b10000111111011 O
b1111010000010100011000101010 #"
#477
b10001110111011 "
b11111100001001 0
b10001110111011 O
b10000011001101011111100001001 #"
#478
b10101110111010 "
b1100110 0
b10101110111010 O
b10001101100000100000001100110 #"
#479
b10101110111100 "
b1000110001100 0
b10101110111100 O
b10100011100111101000110001100 #"
#480
b10101111111110 "
b11101010110011 0
b10101111111110 O
b10100101111001011101010110011 #"
#481
b10100111110110 "
b10001001001010 0
b10100111110110 O
b10100101111101110001001001010 #"
#482
b10101011110110 "
b111011000010 0
b10101011110110 O
b10100010010000000111011000010 #"
#483
b10001011110011 "
b11000010111101 0
b10001011110011 O
b10001010010011011000010111101 #"
#484
b10000001100111 "
b10101111000011 0
b10000001100111 O
b10000000010111010101111000011 #"
#485
b1110111001011 "
b11110010001100 0
b1110111001011 O
b1110101111110011110010001100 #"
#486
b1011111001111 "
b11101101111100 0
b1011111001111 O
b1101110010010011101101111100 #"
#487
b1011001010000 "
b1011001 0
b1011001010000 O
b1010111000010000000001011001 #"
#488
b1010110111100 "
b10000010100100 0
b1010110111100 O
b1010100101100110000010100100 #"
#489
b1011000101010 "
b11111000111111 0
b1011000101010 O
b1010110100001011111000111111 #"
#490
b1011101110010 "
b10010111001010 0
b1011101110010 O
b1011001100001110010111001010 #"
#491
b1110110001001 "
b11000101000011 0
b1110110001001 O
b1110000110111011000101000011 #"
#492
b10000000001001 "
b11011100000 0
b10000000001001 O
b1111010101110100011011100000 #"
#493
b10001010101010 "
b11011111110110 0
b10001010101010 O
b10000011111010011011111110110 #"
#494
b10100010001011 "
b110011111 0
b10100010001011 O
b10011010101110100000110011111 #"
#495
b10100110111001 "
b10010111100010 0
b10100110111001 O
b10100000000111010010111100010 #"
#496
b10101010010001 "
b1100011110011 0
b10101010010001 O
b10100001010110001100011110011 #"
#497
b10100110100011 "
b111001110000 0
b10100110100011 O
b10011110011110000111001110000 #"
#498
b10100000000000 "
b11101100000110 0
b10100000000000 O
b10011000101111011101100000110 #"
#499
b10000111001000 "
b10111001100000 0
b10000111001000 O
b10000001001001010111001100000 #"
#500
b1111101101001 "
b11001110101100 0
b1111101101001 O
b1110111011000011001110101100 #"
#501
b1110011110111 "
b1001100111000 0
b1110011110111 O
b1101100101011001001100111000 #"
#502
b1011100001000 "
b11010100101100 0
b1011100001000 O
b1010111000111011010100101100 #"
#503
b1011000010100 "
b111010101000 0
b1011000010100 O
b1010010110000100111010101000 #"
#504
b1010110110011 "
b110100010000 0
b1010110110011 O
b1010000011101000110100010000 #"
#505
b1011010001001 "
b10001111011100 0
b1011010001001 O
b1010010110101110001111011100 #"
#506
b1110001110100 "
b1010000000010 0
b1110001110100 O
b1101000000000101010000000010 #"
#507
b1111011000010 "
b1111110001110 0
b1111011000010 O
b1101111010001001111110001110 #"
#508
b10000100110100 "
b11010000011110 0
b10000100110100 O
b1111000001111011010000011110 #"
#509
b10001101111000 "
b101010100010 0
b10001101111000 O
b10000000000110100101010100010 #"
#510
b10100101110011 "
b1010111001111 0
b10100101110011 O
b10010101011101101010111001111 #"
#511
b10101000111011 "
b11111010111010 0
b10101000011011 O
b10010111110000111111010111010 #"
#512
b10101000011011 "
b11111110101000 0
b10010111011111111111110101000 #"
#513
b10101100111001 "
b1100111100001 0
b10100100111001 O
b10010011111010001100111100001 #"
#514
b10101100111111 "
b11101100110100 0
b10101100111111 O
b1111101110011111101100110100 #"
#515
b10001110111111 "
b10111001001110 0
b10001110111111 O
b1111101001101110111001001110 #"
#516
b10111010101110 "
b11100010100011 0
b10111010101110 O
b1110100101001111100010100011 #"
#517
b1111000011111 "
b1011001111110 0
b1111000011111 O
b1101011001101101011001111110 #"
#518
b1111001110111 "
b11011000010111 0
b1111001110111 O
b1100010110101011011000010111 #"
#519
b1011001110111 "
b1110011000010 0
b1011101110111 O
b1001101111010001110011000010 #"
#520
b1010111000011 "
b1101010110111 0
b1010111000011 O
b1001011010101001101010110111 #"
#521
b1011000001101 "
b10001111110001 0
b1011000001101 O
b1001011101011110001111110001 #"
#522
b1011100111100 "
b1101010101 0
b1011100111100 O
b1001111010010000001101010101 #"
#523
b1110101001001 "
b1100010000100 0
b1110101001001 O
b1100010110000001100010000100 #"
#524
b1111111101001 "
b11011000000010 0
b1111111101001 O
b1101010111000111011000000010 #"
#525
b10001001110110 "
b11101100010000 0
b10001001110110 O
b1110010011111111101100010000 #"
#526
b10100001011001 "
b10101001101 0
b10100001011001 O
b10000110000011100010101001101 #"
#527
b10100111001010 "
b111110100000 0
b10100111001010 O
b10001011010110100111110100000 #"
#528
b10101001001110 "
b10101001101000 0
b10101001001110 O
b10001011101100110101001101000 #"
#529
b10100111011110 "
b11110011010111 0
b10100111011110 O
b10001000110101011110011010111 #"
#530
b10100001000111 "
b11001111100000 0
b10100001000111 O
b10000011111101011001111100000 #"
#531
b10001000010101 "
b1101000010010 0
b10001000010101 O
b1101111110010101101000010010 #"
#532
b1111110010101 "
b100000100011 0
b1111110010101 O
b1100110110101100100000100011 #"
#533
b1110100100100 "
b10000111100111 0
b1110100100100 O
b1011101101010110000111100111 #"
#534
b1011101001001 "
b10101000011100 0
b1011101001001 O
b1001010100010010101000011100 #"
#535
b1011000011111 "
b10001110111100 0
b1011000011111 O
b1000110000001110001110111100 #"
#536
b1010110101100 "
b11000110010100 0
b1010110101100 O
b1000011101111111000110010100 #"
#537
b1011001111100 "
b11001001100000 0
b1011001111100 O
b1000101110101111001001100000 #"
#538
b1110000001111 "
b10101111101110 0
b1110000001111 O
b1001001111000010101111101110 #"
#539
b1111010001000 "
b10011110001 0
b1111010001000 O
b1011100010110100010011110001 #"
#540
b10000100000110 "
b100000000101 0
b10000100000110 O
b1100011000101100100000000101 #"
#541
b10001101010111 "
b1100001011 0
b10001101010111 O
b1101010011101100001100001011 #"
#542
b10100101000001 "
b11111111111 0
b10100101000001 O
b1111011010001100011111111111 #"
#543
b10101000000101 "
b1011101101000 0
b10101000000101 O
b1111100011110001011101101000 #"
#544
b10101000100111 "
b1011001101111 0
b10101000100111 O
b1111100111110101011001101111 #"
#545
b10100101010000 "
b110101011110 0
b10100101010000 O
b1111001101001100110101011110 #"
#546
b10001101110001 "
b11111101111011 0
b10001101110001 O
b1100111001100011111101111011 #"
#547
b10000011110001 "
b11100101011001 0
b10000011110001 O
b1011111110000011100101011001 #"
#548
b1111011111101 "
b1101010111100 0
b1111011111101 O
b1011000100001101101010111100 #"
#549
b1111000101110 "
b10011101000010 0
b1111000101110 O
b1010000101000010011101000010 #"
#550
b1111001111110 "
b11101110010000 0
b1111001111110 O
b111111110000111101110010000 #"
#551
b1011111111111 "
b1011100000 0
b1011111111111 O
b111100111110100001011100000 #"
#552
b1010111010111 "
b1111110010001 0
b1011111010111 O
b111100100001101111110010001 #"
#553
b1011011101111 "
b11101000101100 0
b1011011101111 O
b111110100010011101000101100 #"
#554
b1111011101100 "
b111111001101 0
b1111011101100 O
b1001110101011000111111001101 #"
#555
b1110011000100 "
b10001000110100 0
b1111111000100 O
b1010100100000010001000110100 #"
#556
b1111110100011 "
b11110010011101 0
b1111110100011 O
b1011001111100011110010011101 #"
#557
b10001000110111 "
b10101110 0
b10001000110111 O
b1011111001100100000010101110 #"
#558
b10100000110001 "
b1011110000000 0
b10100000110001 O
b1101101011110001011110000000 #"
#559
b10100110101110 "
b10010101011001 0
b10100110101110 O
b1101101100101010010101011001 #"
#560
b10101000101110 "
b11101000000101 0
b10101000101110 O
b1101011101001011101000000101 #"
#561
b10100111010111 "
b1111100001110 0
b10100111010111 O
b1100111100000101111100001110 #"
#562
b10100001110010 "
b10100000111011 0
b10100001110010 O
b1010111011010110100000111011 #"
#563
b10001001111000 "
b10101011011100 0
b10001001111000 O
b1010000010110010101011011100 #"
#564
b1111111100010 "
b11111011110100 0
b1111111100010 O
b1001001010110011111011110100 #"
#565
b1110100100011 "
b10001010001011 0
b1110100100011 O
b111001110000110001010001011 #"
#566
b1011110000111 "
b10011000000000 0
b1011110000111 O
b110101010000110011000000000 #"
#567
b1011001000011 "
b10110010011011 0
b1011001000011 O
b110011110101010110010011011 #"
#568
b1010110011101 "
b1100010110 0
b1010110011101 O
b110100111101000001100010110 #"
#569
b1011001010110 "
b1101111100100 0
b1011001010110 O
b110111110010001101111100100 #"
#570
b1110000000000 "
b10110111111110 0
b1110000000000 O
b1000101000110110110111111110 #"
#571
b1111000011101 "
b10101100011110 0
b1111000011101 O
b1001010011001010101100011110 #"
#572
b10000010101010 "
b11101010101000 0
b10000010101010 O
b1001111010100011101010101000 #"
#573
b10001100101111 "
b1000010010011 0
b10001100101111 O
b1011011100101101000010010011 #"
#574
b10100100100111 "
b10011100000100 0
b10100100100111 O
b1011100111010010011100000100 #"
#575
b10101000011010 "
b10011101010000 0
b10101000011010 O
b1011100100000010011101010000 #"
#576
b10101000111000 "
b1010010101010 0
b10101000111000 O
b1011001110000001010010101010 #"
#577
b10100101011010 "
b11100011011010 0
b10100101011010 O
b1001100101111111100011011010 #"
#578
b10001110001101 "
b11011010100000 0
b10001110001101 O
b1000111000110111011010100000 #"
#579
b10000101001110 "
b100000110010 0
b10000101001110 O
b1000000101101000100000110010 #"
#580
b1111011100101 "
b1111000110000 0
b1111011100101 O
b111010110110101111000110000 #"
#581
b1110001011010 "
b111101110110 0
b1110001011011 O
b101110111001100111101110110 #"
#582
b1011010010011 "
b10011000101 0
b1011010010011 O
b101100010000100010011000101 #"
#583
b1010111010101 "
b11000101010000 0
b1010111010101 O
b101011000101011000101010000 #"
#584
b1010111111101 "
b11111100100101 0
b1010111111101 O
b101100100001111111100100101 #"
#585
b1011111111111 "
b101000010010 0
b1011111111111 O
b110111110000000101000010010 #"
#586
b1111011111111 "
b111001111110 0
b1111011111111 O
b111011100001000111001111110 #"
#587
b1111110111101 "
b11001011111100 0
b1111110111101 O
b111111001011011001011111100 #"
#588
b1111100111100 "
b11011111111000 0
b1111101111100 O
b1000010011110011011111111000 #"
#589
b10000111100111 "
b111010101000 0
b10000111100111 O
b1001100010000100111010101000 #"
#590
b10100010010111 "
b11010111111101 0
b10100110010111 O
b1001100011000111010111111101 #"
#591
b10100110110101 "
b10010010110000 0
b10100110110101 O
b1001010111110110010010110000 #"
#592
b10101000111100 "
b10100011110001 0
b10101000111100 O
b1001000001001110100011110001 #"
#593
b10100111010010 "
b11110111001110 0
b10100111010010 O
b111100001110011110111001110 #"
#594
b10100010110111 "
b10001011000110 0
b10100010110111 O
b110111001101110001011000110 #"
#595
b10001011001001 "
b11000010111100 0
b10001011001001 O
b110010010111011000010111100 #"
#596
b10000000110110 "
b1101001100110 0
b10000000110110 O
b101110011110001101001100110 #"
#597
b1110101110111 "
b1010100000 0
b1110101110111 O
b100100001100000001010100000 #"
#598
b1011110000100 "
b1001001100 0
b1011110000100 O
b100010110111000001001001100 #"
#599
b1011001011011 "
b1110010010110 0
b1011001011011 O
b100011000111101110010010110 #"
#600
b1010111000000 "
b10000011101000 0
b1010111000000 O
b100100101100110000011101000 #"
#601
b1011000110001 "
b11011100111100 0
b1011000110001 O
b101101011001011011100111100 #"
#602
b1011110101111 "
b1010101011 0
b1011110101111 O
b110000101010100001010101011 #"
#603
b1110111111100 "
b11010001011111 0
b1110111111100 O
b110011011110011010001011111 #"
#604
b10000010001001 "
b10110000001000 0
b10000010001001 O
b111011001100110110000001000 #"
#605
b10001011101011 "
b10000001010101 0
b10001011101011 O
b111100010000010000001010101 #"
#606
b10100011001110 "
b10010111100000 0
b10100011001110 O
b111011110111010010111100000 #"
#607
b10101000000001 "
b10011000010000 0
b10101000000001 O
b111001110000010011000010000 #"
#608
b10101001010100 "
b1001010100000 0
b10101001010100 O
b110001000101101001010100000 #"
#609
b10100101110111 "
b1011001010110 0
b10100101110111 O
b101101011101001011001010110 #"
#610
b10001111000100 "
b10001110100101 0
b10001111000100 O
b101001010000110001110100101 #"
#611
b10000110001100 "
b1101000100 0
b10000110001100 O
b100101010011100001101000100 #"
#612
b1111100000000 "
b1011111010110 0
b1111100000000 O
b11101010000101011111010110 #"
#613
b1110010011100 "
b110111101110 0
b1110010011100 O
b11011010101100110111101110 #"
#614
b1011011011001 "
b11111110101000 0
b1011011011001 O
b11010101100011111110101000 #"
#615
b1010111111000 "
b10100000001010 0
b1010111111000 O
b11011001001110100000001010 #"
#616
b1010111001010 "
b11111001110110 0
b1010111001010 O
b100001011101011111001110110 #"
#617
b1011010101111 "
b1000011100100 0
b1011010101111 O
b100011011011001000011100100 #"
#618
b1110011000111 "
b1110100001000 0
b1110011000111 O
b100101101110101110100001000 #"
#619
b1111100011101 "
b10011101000001 0
b1111100011101 O
b100111101010110011101000001 #"
#620
b11111101111101 "
b1110100111100 0
b10101101111101 O
b101100110111101110100111100 #"
#621
b10001111110111 "
b111001001011 0
b10001111110111 O
b101100101000000111001001011 #"
#622
b10101111110111 "
b10110110100000 0
b10101111110111 O
b101011111111010110110100000 #"
#623
b10101110111101 "
b1000010010100 0
b10101110111101 O
b101001111111001000010010100 #"
#624
b10101111101110 "
b10011101110000 0
b10101111101110 O
b100011000010010011101110000 #"
#625
b10100111001100 "
b1010100111010 0
b10100111001100 O
b100000000000001010100111010 #"
#626
b10100011000101 "
b10011101000110 0
b10101011000101 O
b11100101101010011101000110 #"
#627
b10001011101001 "
b11100000111111 0
b10001011101001 O
b10110010101111100000111111 #"
#628
b10000001111100 "
b10110010100000 0
b10000001111100 O
b10100100110110110010100000 #"
#629
b1110111011101 "
b10011000001110 0
b1110111011101 O
b10011011011010011000001110 #"
#630
b1110000000101 "
b1101110001000 0
b1110000000101 O
b10011001011101101110001000 #"
#631
b1011000110100 "
b10110001011000 0
b1011000110100 O
b10011101001010110001011000 #"
#632
b1010110011100 "
b1110000011110 0
b1010110011100 O
b11000010001101110000011110 #"
#633
b1011001001010 "
b10001011110010 0
b1011001001010 O
b11001111000010001011110010 #"
#634
b1011110101110 "
b11101001101 0
b1011110101110 O
b11011001011000011101001101 #"
#635
b1110110010001 "
b110000011001 0
b1110110010001 O
b11111001001100110000011001 #"
#636
b10000000110000 "
b10001001110 0
b10000000110000 O
b11111011000000010001001110 #"
#637
b10001010101011 "
b1111111110 0
b10001010101011 O
b11110101110100001111111110 #"
#638
b10100010111000 "
b100000101100 0
b10100010111000 O
b11101100111000100000101100 #"
#639
b10100111100100 "
b11100001000000 0
b10100111100100 O
b11011111010111100001000000 #"
#640
b10101000111111 "
b11000100111101 0
b10101000111111 O
b10111000001011000100111101 #"
#641
b10100110001011 "
b1111110100000 0
b10100110001011 O
b10100100101101111110100000 #"
#642
b10001111100110 "
b10100111000111 0
b10001111100110 O
b10010011011010100111000111 #"
#643
b10000111011101 "
b10110101010001 0
b10000111011101 O
b1110010011010110101010001 #"
#644
b1111101010010 "
b101111000000 0
b1111101010010 O
b1101001011100101111000000 #"
#645
b1110011010110 "
b10111110010001 0
b1110011010110 O
b1100101001010111110010001 #"
#646
b1011011110111 "
b11000011110000 0
b1011011110111 O
b1100100100011000011110000 #"
#647
b1010111101100 "
b11000010111000 0
b1010111101100 O
b1111010101011000010111000 #"
#648
b1010111000010 "
b11100001101110 0
b1010111000010 O
b1111111111011100001101110 #"
#649
b1011010110111 "
b11110000111000 0
b1011010110111 O
b10000110100011110000111000 #"
#650
b1110010001010 "
b10110001011000 0
b1110010001010 O
b10001011101110110001011000 #"
#651
b1111010100100 "
b10011101010010 0
b1111010100100 O
b10011100110010011101010010 #"
#652
b10000101010100 "
b11011111110100 0
b10000101010100 O
b10011001010111011111110100 #"
#653
b10001110111101 "
b10011101110000 0
b10001110111101 O
b10010100110110011101110000 #"
#654
b10100101110011 "
b111100001111 0
b10100101110111 O
b10001100010000111100001111 #"
#655
b10101100110111 "
b1011101011000 0
b10101000110111 O
b1110011010101011101011000 #"
#656
b10101000110111 "
b11101001011010 0
b1100111101011101001011010 #"
#657
b10101011111111 "
b11010100110110 0
b10101011111111 O
b1011100000011010100110110 #"
#658
b10101111111101 "
b11111101010110 0
b10101111111101 O
b1010001010111111101010110 #"
#659
b10001110101111 "
b10110110011110 0
b10001110101111 O
b111110000110110110011110 #"
#660
b10111010111111 "
b10011001011000 0
b10111010111111 O
b111001100110011001011000 #"
#661
b1111011111101 "
b1011111111010 0
b1111111111101 O
b110111101101011111111010 #"
#662
b1011111111010 "
b11101101100110 0
b1011111111010 O
b110111100011101101100110 #"
#663
b1011001001100 "
b111001000110 0
b1011001001100 O
b1000010110000111001000110 #"
#664
b1010111000010 "
b10011000011001 0
b1010111000010 O
b1000100110110011000011001 #"
#665
b1011000111101 "
b1101010001011 0
b1011000111101 O
b1000101110101101010001011 #"
#666
b1011101010111 "
b10101111111000 0
b1011101010111 O
b1001110001110101111111000 #"
#667
b1110101101101 "
b1110100101111 0
b1110101101101 O
b1001100111001110100101111 #"
#668
b1111111100111 "
b11100010000000 0
b1111111100111 O
b1001001000011100010000000 #"
#669
b10001001111100 "
b11100000101010 0
b10001001111100 O
b1000011100011100000101010 #"
#670
b10100001110000 "
b1000000010010 0
b10100001110000 O
b111101001101000000010010 #"
#671
b10100111001100 "
b11010111011011 0
b10100111001100 O
b110000011111010111011011 #"
#672
b10101001010111 "
b10011101101000 0
b10101001010111 O
b101001011110011101101000 #"
#673
b10100111000001 "
b1010101000 0
b10100111000001 O
b100011010100001010101000 #"
#674
b10100000010110 "
b11111001101100 0
b10100000010110 O
b11001111111111001101100 #"
#675
b10001000000011 "
b11010101111100 0
b10001000000011 O
b10110010111010101111100 #"
#676
b1111110011010 "
b1010010100000 0
b1111110011010 O
b10011111001010010100000 #"
#677
b1110100001100 "
b11100111000000 0
b1110100001100 O
b10010011011100111000000 #"
#678
b1011100110111 "
b11001101001011 0
b1011100110111 O
b10100011011001101001011 #"
#679
b1011000011010 "
b11010000 0
b1011000011010 O
b10011010000000011010000 #"
#680
b1010110010100 "
b1100110000 0
b1010110010100 O
b10001111000001100110000 #"
#681
b1011001110101 "
b10111111100110 0
b1011001110101 O
b10000000110111111100110 #"
#682
b1110001010100 "
b100011011100 0
b1110001010100 O
b1111010100100011011100 #"
#683
b1111010000010 "
b11100001110000 0
b1111010000010 O
b1100000111100001110000 #"
#684
b10000100010011 "
b1000100 0
b10000100010011 O
b1000101000000001000100 #"
#685
b10001101100001 "
b10100011010 0
b10001101100001 O
b101001100010100011010 #"
#686
b10100101000101 "
b1011100011 0
b10100101000101 O
b1110100001011100011 #"
#687
b10101000000110 "
b1000000000 0
b10101000000110 O
b11111111111110110000001000000000 #"
#688
b10101000110101 "
b10011101000010 0
b10101000110101 O
b11111111111100010010011101000010 #"
#689
b10100101001111 "
b11011001001011 0
b10100101001111 O
b11111111111010010011011001001011 #"
#690
b10001101001111 "
b100101000000 0
b10001101001111 O
b11111111111000101000100101000000 #"
#691
b10001111101101 "
b11001110010101 0
b10000011101101 O
b11111111111000011011001110010101 #"
#692
b11111011101101 "
b10111000010 0
b1111011101101 O
b11111111110111001100010111000010 #"
#693
b1111001111101 "
b10000010111000 0
b1111000111101 O
b11111111110101101010000010111000 #"
#694
b10011010011010 0
b1111001111101 O
b11111111110011100110011010011010 #"
#695
b1011111101110 "
b10000011100 0
b1011111101110 O
b11111111101110011100010000011100 #"
#696
b1011111001100 "
b11001011110010 0
b1011111001100 O
b11111111101010111111001011110010 #"
#697
b1011100101001 "
b10110100000000 0
b1011100101001 O
b11111111100111001010110100000000 #"
#698
b1010011100110 0
b1111100101001 O
b11111111100000001001010011100110 #"
#699
b1110100110010 "
b10011000110 0
b1110101110010 O
b11111111011100001000010011000110 #"
#700
b1111111001011 "
b11011101000001 0
b1111111001011 O
b11111111011001011011011101000001 #"
#701
b10001000100110 "
b101110000 0
b10001000100110 O
b11111111010111011000000101110000 #"
#702
b10100000011110 "
b1110110100110 0
b10100000011110 O
b11111111010110001101110110100110 #"
#703
b10100110111011 "
b11000110000 0
b10100110111011 O
b11111111011010100100011000110000 #"
#704
b10101000110110 "
b11111111 0
b10101000110110 O
b11111111011011100000000011111111 #"
#705
b10100111010001 "
b10100101000000 0
b10100111010001 O
b11111111011100110110100101000000 #"
#706
b10100001101001 "
b100111100 0
b10100001101001 O
b11111111100010111000000100111100 #"
#707
b10001001011010 "
b10110010001110 0
b10001001011010 O
b11111111100011101010110010001110 #"
#708
b1111110111100 "
b11010100000 0
b1111110111100 O
b11111111100011001000011010100000 #"
#709
b1110100101010 "
b101111011010 0
b1110100101010 O
b11111111100001000000101111011010 #"
#710
b1011101100011 "
b11111110110000 0
b1011101100011 O
b11111111011101111011111110110000 #"
#711
b1011000110011 "
b1010000000 0
b1011000110011 O
b11111111010100001100001010000000 #"
#712
b1010111000000 "
b1010010110100 0
b1010111000000 O
b11111111001110111101010010110100 #"
#713
b1011001110010 "
b11111011110010 0
b1011001110010 O
b11111111001001100111111011110010 #"
#714
b1011111111101 "
b1011110001100 0
b1011111111101 O
b11111110111110111001011110001100 #"
#715
b1111000011010 "
b11111100101011 0
b1111000011010 O
b11111110111011011011111100101011 #"
#716
b10000011010000 "
b1000111101000 0
b10000011010000 O
b11111110111001100001000111101000 #"
#717
b10001100110100 "
b1111000010000 0
b10001100110100 O
b11111110111001110001111000010000 #"
#718
b10100011111001 "
b11110101011100 0
b10100011111001 O
b11111111000001110011110101011100 #"
#719
b10101000000100 "
b1100001011110 0
b10101000000100 O
b11111111000100100001100001011110 #"
#720
b10101001000101 "
b101011011 0
b10101001000101 O
b11111111001000000100000101011011 #"
#721
b10100101001111 "
b11001001100 0
b10100101001111 O
b11111111001011101000011001001100 #"
#722
b10001110000101 "
b1101001000000 0
b10001110000101 O
b11111111010101100101101001000000 #"
#723
b10000100100010 "
b10001110000010 0
b10000100100010 O
b11111111010110110010001110000010 #"
#724
b1111011001010 "
b10100000100110 0
b1111011001010 O
b11111111010110000010100000100110 #"
#725
b1110001100011 "
b1001001010 0
b1110001100011 O
b11111111010011001100001001001010 #"
#726
b1011010110101 "
b11101110101101 0
b1011010110101 O
b11111111000111001011101110101101 #"
#727
b1011111010111 "
b1011100111 0
b1010111010111 O
b11111111000010001100001011100111 #"
#728
b1011111011011 "
b1001001110110 0
b1011110011011 O
b11111110111100010001001001110110 #"
#729
b1011100001000 "
b11110101110 0
b1011100001000 O
b11111110101110011000011110101110 #"
#730
b1011111111111 "
b10111100101010 0
b1011111111110 O
b11111110101010000110111100101010 #"
#731
b1111111111111 "
b101000011101 0
b1111111111111 O
b11111110101000001100101000011101 #"
#732
b1111101110111 "
b11100110000 0
b1111101110111 O
b11111110100111111000011100110000 #"
#733
b10000111011010 "
b11011000011000 0
b10000111011010 O
b11111110101001010011011000011000 #"
#734
b10100001100010 "
b10100011100 0
b10100101100010 O
b11111110110101110100010100011100 #"
#735
b10100111001100 "
b10011110010111 0
b10100111001100 O
b11111110111010100010011110010111 #"
#736
b10101000111010 "
b11100000101000 0
b10101000111010 O
b11111110111111011111100000101000 #"
#737
b10100111011000 "
b1101011110 0
b10100111011000 O
b11111111001100010000001101011110 #"
#738
b10100001111111 "
b11111101010 0
b10100001111111 O
b11111111001111011000011111101010 #"
#739
b10001010100001 "
b11011100111101 0
b10001010100001 O
b11111111001111111111011100111101 #"
#740
b1111111111100 "
b101011000100 0
b1111111111100 O
b11111111001110100100101011000100 #"
#741
b1110101111000 "
b110101000 0
b1110101111000 O
b11111111001011110100000110101000 #"
#742
b1011110010100 "
b110100010100 0
b1011110010100 O
b11111110111101101000110100010100 #"
#743
b1011000100011 "
b10000100110100 0
b1011000100011 O
b11111110110111100110000100110100 #"
#744
b1010110110100 "
b111001111110 0
b1010110110100 O
b11111110110001111000111001111110 #"
#745
b1011001101000 "
b10010100110000 0
b1011001101000 O
b11111110100100100010010100110000 #"
#746
b1011111101010 "
b11011111011000 0
b1011111101010 O
b11111110100001000011011111011000 #"
#747
b1110111101000 "
b11110111001000 0
b1110111101000 O
b11111110100000001111110111001000 #"
#748
b10000001110100 "
b11010100001110 0
b10000001110100 O
b11111110100001110011010100001110 #"
#749
b10001011110100 "
b11000001010110 0
b10001011110100 O
b11111110101110011011000001010110 #"
#750
b10100100000001 "
b11010010010001 0
b10100100000001 O
b11111110110011001011010010010001 #"
#751
b10101000010000 "
b10100100111 0
b10101000010000 O
b11111110111001001100010100100111 #"
#752
b10101000011110 "
b10010101001000 0
b10101000011110 O
b11111110111110001110010101001000 #"
#753
b10100101100001 "
b111001110100 0
b10100101100001 O
b11111111001011100100111001110100 #"
#754
b10001111001101 "
b11101100001000 0
b10001111001101 O
b11111111001110010011101100001000 #"
#755
b10000110011100 "
b1100001100011 0
b10000110011100 O
b11111111001110101101100001100011 #"
#756
b1111011100010 "
b1100011010000 0
b1111011100010 O
b11111111001100011001100011010000 #"
#757
b1110001010011 "
b11101100111010 0
b1110001010011 O
b11111110111111001011101100111010 #"
#758
b1011011111000 "
b11011111000000 0
b1011011111000 O
b11111110111010001111011111000000 #"
#759
b1011000000010 "
b10101011111 0
b1011000000010 O
b11111110110100100100010101011111 #"
#760
b1010111011000 "
b110011111100 0
b1010111011000 O
b11111110101111101000110011111100 #"
#761
b1011011010010 "
b1011010001010 0
b1011011010010 O
b11111110100010100101011010001010 #"
#762
b1111001111011 "
b10111000000000 0
b1110001111011 O
b11111110100000111010111000000000 #"
#763
b1111100111011 "
b11100010000001 0
b1111100111011 O
b11111110100001010011100010000001 #"
#764
b11111110101111 "
b10101111001000 0
b11111110101111 O
b11111110100100011110101111001000 #"
#765
b10100110101101 "
b10000000001100 0
b10100110101100 O
b11111110110010010010000000001100 #"
#766
b10100110110001 "
b1011110000001 0
b10100110110001 O
b11111110110111010101011110000001 #"
#767
b10101110010010 "
b1000111110000 0
b10101110010010 O
b11111110111101010001000111110000 #"
#768
b10101111101010 "
b10001100011011 0
b10101111101010 O
b11111111001011011110001100011011 #"
#769
b10100111101010 "
b11110101101000 0
b10100111101010 O
b11111111001111000011110101101000 #"
#770
b10100011011101 "
b11001001000100 0
b10100011011101 O
b11111111010000001011001001000100 #"
#771
b10001010101001 "
b1010111101011 0
b10001010101001 O
b11111111001111111101010111101011 #"
#772
b10000000111001 "
b10001000110000 0
b10000000111001 O
b11111111001101100010001000110000 #"
#773
b1110111010011 "
b1011100111000 0
b1110111010011 O
b11111111000000100001011100111000 #"
#774
b1011110110010 "
b110010100000 0
b1011110110010 O
b11111110111011011100110010100000 #"
#775
b1011000111000 "
b10100010010000 0
b1011000111000 O
b11111110110110110110100010010000 #"
#776
b1010110100001 "
b111101100011 0
b1010110100001 O
b11111110101010001100111101100011 #"
#777
b1011001000011 "
b11001101110100 0
b1011001000011 O
b11111110100111110011001101110100 #"
#778
b1011110100000 "
b10101000010100 0
b1011110100000 O
b11111110100111101110101000010100 #"
#779
b1110110100011 "
b1100010010000 0
b1110110100011 O
b11111110101001110001100010010000 #"
#780
b10000001000110 "
b11011000000000 0
b10000001000110 O
b11111110101101001011011000000000 #"
#781
b10001010111111 "
b10001 0
b10001010111111 O
b11111110111010001000000000010001 #"
#782
b10100010100011 "
b1010000110000 0
b10100010100011 O
b11111111000000001001010000110000 #"
#783
b10101000001100 "
b1001010110101 0
b10101000001100 O
b11111111000101101001001010110101 #"
#784
b10101001001101 "
b1001110011 0
b10101001001101 O
b11111111010001100100001001110011 #"
#785
b10100101100001 "
b11110101100100 0
b10100101100001 O
b11111111010100010111110101100100 #"
#786
b10001111100000 "
b1011001001100 0
b10001111100000 O
b11111111010101001001011001001100 #"
#787
b10000111011000 "
b1001100000001 0
b10000111011000 O
b11111111010011101101001100000001 #"
#788
b1111100110001 "
b100111101100 0
b1111100110001 O
b11111111001001001000100111101100 #"
#789
b1110011000101 "
b10000111001111 0
b1110011000101 O
b11111111000101010110000111001111 #"
#790
b1011011010011 "
b1011011000000 0
b1011011010011 O
b11111111000000111101011011000000 #"
#791
b1010111100101 "
b1001011111110 0
b1010111100101 O
b11111110111101000001001011111110 #"
#792
b1010111110000 "
b1101101110100 0
b1010111110000 O
b11111110110010110101101101110100 #"
#793
b1011011011011 "
b100010010 0
b1011011011011 O
b11111110110010001100000100010010 #"
#794
b1110001111001 "
b11001010101000 0
b1110001111001 O
b11111110110010011011001010101000 #"
#795
b1111010100111 "
b11010110011100 0
b1111010100111 O
b11111110110101001011010110011100 #"
#796
b10000101001101 "
b1111010100 0
b10000101001101 O
b11111111000000110000001111010100 #"
#797
b10001111001111 "
b11000011100111 0
b10001111001111 O
b11111111000101001111000011100111 #"
#798
b10101110011111 "
b10001010011010 0
b10100110011111 O
b11111111001010010010001010011010 #"
#799
b10101110111100 "
b110000000000 0
b10101010111100 O
b11111111001111001000110000000000 #"
#800
b10101111110110 "
b11111010001000 0
b10101111110110 O
b11111111011001001011111010001000 #"
#801
b10100111111111 "
b11111011110110 0
b10100111111110 O
b11111111011010100111111011110110 #"
#802
b10101011111111 "
b11001111111000 0
b10101011111111 O
b11111111011010110011001111111000 #"
#803
b10001011111111 "
b1110001001010 0
b10001011111111 O
b11111111011001011001110001001010 #"
#804
b10000010110100 "
b11000100100 0
b10000010110100 O
b11111111001111100100011000100100 #"
#805
b1111001001111 "
b11010111111000 0
b1111001001111 O
b11111111001100001111010111111000 #"
#806
b1011111010111 "
b10010010101111 0
b1011111010111 O
b11111111001000111010010010101111 #"
#807
b1011000111111 "
b10101100101110 0
b1011000111111 O
b11111110111111100110101100101110 #"
#808
b1010110101110 "
b11011111000 0
b1010110101110 O
b11111110111101111100011011111000 #"
#809
b1011000111010 "
b1000000000000 0
b1011000111010 O
b11111110111110101101000000000000 #"
#810
b1011101100000 "
b100101100100 0
b1011101100000 O
b11111111000000000000100101100100 #"
#811
b1110101111111 "
b11000111110000 0
b1110101111111 O
b11111111000010100111000111110000 #"
#812
b1111111111101 "
b11100101100000 0
b1111111111101 O
b11111111001100100111100101100000 #"
#813
b10001001101010 "
b10000101010000 0
b10001001101010 O
b11111111010001011010000101010000 #"
#814
b10100010011011 "
b10010001000000 0
b10100010011011 O
b11111111010101011110010001000000 #"
#815
b10101000010110 "
b1100011000000 0
b10101000010110 O
b11111111011110010101100011000000 #"
#816
b10101001101000 "
b11010110001100 0
b10101001101000 O
b11111111100000101011010110001100 #"
#817
b10100110001100 "
b100001011000 0
b10100110001100 O
b11111111100001101000100001011000 #"
#818
b10100000000101 "
b1011110100100 0
b10100000000101 O
b11111111100001000001011110100100 #"
#819
b10001000011110 "
b10000010100000 0
b10001000011110 O
b11111111011111011010000010100000 #"
#820
b1111110000101 "
b10011000001100 0
b1111110000101 O
b11111111010111011010011000001100 #"
#821
b1110100000010 "
b1111000111000 0
b1110100000010 O
b11111111010100010101111000111000 #"
#822
b1011100010101 "
b110010011000 0
b1011100010101 O
b11111111010010001000110010011000 #"
#823
b1010111110000 "
b10001001111100 0
b1010111110000 O
b11111111001011011010001001111100 #"
#824
b1010111000101 "
b11001001000110 0
b1010111000101 O
b11111111001010110011001001000110 #"
#825
b1011010110100 "
b10100001100101 0
b1011010110100 O
b11111111001011100010100001100101 #"
#826
b1110001011101 "
b1110011101000 0
b1110001011101 O
b11111111001101011101110011101000 #"
#827
b1111010000110 "
b1100110000010 0
b1111010000110 O
b11111111010101010101100110000010 #"
#828
b10000100001101 "
b1011101011101 0
b10000100001101 O
b11111111011000101101011101011101 #"
#829
b10001110011001 "
b11011100011010 0
b10001110011001 O
b11111111011100001011011100011010 #"
#830
b10100101110101 "
b1101000101000 0
b10100101110101 O
b11111111011111100101101000101000 #"
#831
b10101000101000 "
b100010100100 0
b10101000101000 O
b11111111100110011000100010100100 #"
#832
b10101000010011 "
b1011010110110 0
b10101000010011 O
b11111111100111110001011010110110 #"
#833
b10100100010011 "
b1100100100010 0
b10100100010011 O
b11111111101000000101100100100010 #"
#834
b10001100011000 "
b10011100000 0
b10001100011000 O
b11111111100111001100010011100000 #"
#835
b10001111111101 "
b11111011111110 0
b10001011111101 O
b11111111100001010011111011111110 #"
#836
b11111011101101 "
b11010011001010 0
b11111011101101 O
b11111111011111011111010011001010 #"
#837
b1111001011001 "
b1011110101100 0
b1111001011001 O
b11111111011101100001011110101100 #"
#838
b1111001111111 "
b101110001110 0
b1111001111111 O
b11111111010111101100101110001110 #"
#839
b1011001101111 "
b10111100110110 0
b1011101101111 O
b11111111010110110110111100110110 #"
#840
b1010111001001 "
b11000111101 0
b1010111001001 O
b11111111010111010100011000111101 #"
#841
b11111011010010 0
b1011111001001 O
b11111111011000010111111011010010 #"
#842
b1011101010110 "
b11010000001110 0
b1011101010110 O
b11111111011010010011010000001110 #"
#843
b1110101101101 "
b1001011100000 0
b1110101101101 O
b11111111100000011001001011100000 #"
#844
b1111110110111 "
b10101100001000 0
b1111110110111 O
b11111111100011010110101100001000 #"
#845
b10000111110011 "
b11001000111110 0
b10000111110011 O
b11111111100110001011001000111110 #"
#846
b10100001110000 "
b11001100001001 0
b10100001110000 O
b11111111101011110011001100001001 #"
#847
b10101000000100 "
b11100010101010 0
b10101000000100 O
b11111111101101010011100010101010 #"
#848
b10101000110000 "
b10111011010101 0
b10101000110000 O
b11111111101101111110111011010101 #"
#849
b10100110110110 "
b10111000000000 0
b10100110110110 O
b11111111101101110010111000000000 #"
#850
b10100001010001 "
b10111011010000 0
b10100001010001 O
b11111111101101001010111011010000 #"
#851
b10001000100011 "
b1011111000010 0
b10001000100011 O
b11111111101000100101011111000010 #"
#852
b1111111011001 "
b1000111101100 0
b1111111011001 O
b11111111100111000001000111101100 #"
#853
b1110100111110 "
b100111110011 0
b1110100111110 O
b11111111100101110100100111110011 #"
#854
b1011100110100 "
b10010100000001 0
b1011100110100 O
b11111111100001111110010100000001 #"
#855
b1010111101100 "
b111001110 0
b1010111101100 O
b11111111100001110100000111001110 #"
#856
b1010110111101 "
b10010100000 0
b1010110111101 O
b11111111100010010000010010100000 #"
#857
b1011010010011 "
b10100110000000 0
b1011010010011 O
b11111111100010111010100110000000 #"
#858
b1110000001100 "
b11010011000110 0
b1110000001100 O
b11111111100100001011010011000110 #"
#859
b1111001011110 "
b111111100100 0
b1111001011110 O
b11111111101000100000111111100100 #"
#860
b10000011001100 "
b11100100110100 0
b10000011001100 O
b11111111101010011011100100110100 #"
#861
b10001100101100 "
b10011000011100 0
b10001100101100 O
b11111111101100100110011000011100 #"
#862
b10100100101010 "
b10000111110000 0
b10100100101010 O
b11111111101110011010000111110000 #"
#863
b10101000101110 "
b110010111 0
b10101000101110 O
b11111111110010011000000110010111 #"
#864
b10101000011010 "
b111111111111 0
b10101000011010 O
b11111111110011001000111111111111 #"
#865
b10100100100011 "
b11000011001101 0
b10100100100011 O
b11111111110011100011000011001101 #"
#866
b10001101011001 "
b10001010000100 0
b10001101011001 O
b11111111110011000010001010000100 #"
#867
b10000100110001 "
b11010010100000 0
b10000100110001 O
b11111111110000001111010010100000 #"
#868
b1111010000011 "
b1100101111000 0
b1111010000011 O
b11111111101111011101100101111000 #"
#869
b1110000110110 "
b11011110100001 0
b1110000110110 O
b11111111101110011111011110100001 #"
#870
b1011010111110 "
b1011101100000 0
b1011010111110 O
b11111111101011101001011101100000 #"
#871
b1011110111110 "
b1011010110001 0
b1011110111110 O
b11111111101011010101011010110001 #"
#872
b1010111110111 "
b10110010011010 0
b1010111110111 O
b11111111101011101010110010011010 #"
#873
b1011111101111 "
b11001110001000 0
b1011111101111 O
b11111111101100001111001110001000 #"
#874
b1111100001110 "
b101100001010 0
b1111100001110 O
b11111111101101010100101100001010 #"
#875
b1111110001110 "
b10111010010111 0
b1111110001110 O
b11111111110000100010111010010111 #"
#876
b1111110001000 "
b110110101011 0
b1111110001000 O
b11111111110001111000110110101011 #"
#877
b10000111100110 "
b11100001011000 0
b10000111100110 O
b11111111110011010011100001011000 #"
#878
b10100000001001 "
b1011011001000 0
b10100001001001 O
b11111111110110010101011011001000 #"
#879
b10100111001100 "
b11001011010001 0
b10100111001100 O
b11111111110111001011001011010001 #"
#880
b10101001001100 "
b1100001001010 0
b10101001001100 O
b11111111110111011101100001001010 #"
#881
b10100111111101 "
b1001101111000 0
b10100111111101 O
b11111111110111100001001101111000 #"
#882
b10100010001011 "
b100010010010 0
b10100010001011 O
b11111111110111010100100010010010 #"
#883
b10001001010000 "
b11100011000111 0
b10001001010000 O
b11111111110101010011100011000111 #"
#884
b10000000010100 "
b11000011000100 0
b10000000010100 O
b11111111110100101111000011000100 #"
#885
b1110110001110 "
b1111010011010 0
b1110110001110 O
b11111111110100001101111010011010 #"
#886
b1011110000000 "
b10101010000 0
b1011110000000 O
b11111111110010101000010101010000 #"
#887
b1011000011101 "
b101001011110 0
b1011000011101 O
b11111111110010101000101001011110 #"
#888
b1010110101001 "
b1000001011100 0
b1010110101001 O
b11111111110010111101000001011100 #"
#889
b1011001011000 "
b1010110010 0
b1011001011000 O
b11111111110011100100001010110010 #"
#890
b1011111101001 "
b11111001010010 0
b1011111101001 O
b11111111110101100011111001010010 #"
#891
b1111000010111 "
b1110001000000 0
b1111000010111 O
b11111111110110100001110001000000 #"
#892
b10000010011010 "
b11100000010111 0
b10000010011010 O
b11111111110111100011100000010111 #"
#893
b10001100000110 "
b10110001110010 0
b10001100000110 O
b11111111111000011010110001110010 #"
#894
b10100011100110 "
b111001001 0
b10100011100110 O
b11111111111010001000000111001001 #"
#895
b10100111110010 "
b10000110100000 0
b10100111110010 O
b11111111111010100110000110100000 #"
#896
b10101001011000 "
b10110000111000 0
b10101001011000 O
b11111111111010110010110000111000 #"
#897
b10100100011001 "
b11001110100100 0
b10100100011001 O
b11111111111010101111001110100100 #"
#898
b10001110011110 "
b11100010011000 0
b10001110011110 O
b11111111111001100111100010011000 #"
#899
b10000101110100 "
b11001100110100 0
b10000101110100 O
b11111111111001010111001100110100 #"
#900
b1111011011100 "
b1010111100000 0
b1111011011100 O
b11111111111001000101010111100000 #"
#901
b1110010001110 "
b11011001111001 0
b1110010001110 O
b11111111111000110111011001111001 #"
#902
b1011010111011 "
b10101010101010 0
b1011010111011 O
b11111111111000000010101010101010 #"
#903
b1010111000011 "
b10101100101110 0
b1010111000011 O
b11111111111000001010101100101110 #"
#904
b1010111100100 "
b10100011011000 0
b1010111100111 O
b11111111111000011110100011011000 #"
#905
b1011111111011 "
b1101001010000 0
b1011011111111 O
b11111111111000111101101001010000 #"
#906
b1111011111111 "
b11111010111111 0
b1110011111111 O
b11111111111010001111111010111111 #"
#907
b1111111001101 "
b1011011000111 0
b1111110001101 O
b11111111111010110101011011000111 #"
#908
b1101011000000 0
b11111111001101 O
b11111111111011011001101011000000 #"
#909
b10000111010010 "
b111001111000 0
b10000111010010 O
b11111111111100100000111001111000 #"
#910
b10100110101101 "
b111011100110 0
b10100110101101 O
b11111111111100111000111011100110 #"
#911
b10100110000111 "
b1011011100110 0
b10101110000111 O
b11111111111101000101011011100110 #"
#912
b10101000101101 "
b10110000010111 0
b10101000101101 O
b11111111111101001010110000010111 #"
#913
b10101001001101 "
b11001111101100 0
b10101001001101 O
b11111111111101000111001111101100 #"
#914
b10100011011100 "
b1111011100000 0
b10100011011100 O
b11111111111100100001111011100000 #"
#915
b10001010001110 "
b110000000110 0
b10001010001110 O
b11111111111100011100110000000110 #"
#916
b10000000111100 "
b10000011110101 0
b10000000111100 O
b11111111111100010110000011110101 #"
#917
b1110111010111 "
b11001001101000 0
b1110111010111 O
b11111111111011110111001001101000 #"
#918
b1011110010000 "
b11110000110011 0
b1011110010000 O
b11111111111011111011110000110011 #"
#919
b1011000101111 "
b1010111110 0
b1011000101111 O
b11111111111100001000001010111110 #"
#920
b1010111000111 "
b110111111011 0
b1010111000111 O
b11111111111100011000110111111011 #"
#921
b1011001000000 "
b1000010010100 0
b1011001000000 O
b11111111111100101101000010010100 #"
#922
b1011110011000 "
b11001010010 0
b1011110011000 O
b11111111111101011000011001010010 #"
#923
b1110111000010 "
b1010000100110 0
b1110111000010 O
b11111111111101101101010000100110 #"
#924
b10000001101100 "
b11010010111001 0
b10000001101100 O
b11111111111101111111010010111001 #"
#925
b10001011000101 "
b100011111010 0
b10001011000101 O
b11111111111110100000100011111010 #"
#926
b10100010101110 "
b11101011000110 0
b10100010101110 O
b11111111111110101011101011000110 #"
#927
b10101000000101 "
b1111010111100 0
b10101000000101 O
b11111111111110110001111010111100 #"
#928
b10101001100001 "
b11011111101110 0
b10101001100001 O
b11111111111110110011011111101110 #"
#929
b10100101111011 "
b10111010011100 0
b10100101111011 O
b11111111111110100110111010011100 #"
#930
b10001111011100 "
b1111011001010 0
b10001111011100 O
b11111111111110100101111011001010 #"
#931
b10000110101011 "
b10101101000010 0
b10000110101011 O
b11111111111110100110101101000010 #"
#932
b1111011110101 "
b11011101110000 0
b1111011110101 O
b11111111111110100111011101110000 #"
#933
b1110010101111 "
b10111100110100 0
b1110010101111 O
b11111111111110100010111100110100 #"
#934
b1011011101011 "
b110100011011 0
b1011011101011 O
b11111111111110101000110100011011 #"
#935
b1010111010001 "
b110010011110 0
b1010111010001 O
b11111111111110110000110010011110 #"
#936
b1010111010010 "
b10111000101001 0
b1010111010010 O
b11111111111110111010111000101001 #"
#937
b1011011010010 "
b11101000101000 0
b1011011010010 O
b11111111111111001011101000101000 #"
#938
b1110010010101 "
b111011000110 0
b1110010010101 O
b11111111111111010100111011000110 #"
#939
b1111011011001 "
b10000100110000 0
b1111011011001 O
b11111111111111011110000100110000 #"
#940
b10000110000001 "
b1101110010111 0
b10000110000001 O
b11111111111111100101101110010111 #"
#941
b10001111000011 "
b1101111000001 0
b10001111000011 O
b11111111111111101101101111000001 #"
#942
b10101110010010 "
b10011100001100 0
b10100110010010 O
b11111111111111110010011100001100 #"
#943
b10101110010111 "
b1000000100000 0
b10101110010111 O
b11111111111111110101000000100000 #"
#944
b10101000100111 "
b101101110000 0
b10101000100111 O
b11111111111111111000101101110000 #"
#945
b10101011011110 "
b10011110010101 0
b10101011011110 O
b11111111111111111010011110010101 #"
#946
b10101011011011 "
b10000001011101 0
b10101011011010 O
b11111111111111111110000001011101 #"
#947
b10001011011101 "
b10001000001100 0
b10001011011101 O
b10001000001100 #"
#948
b10000010011100 "
b11100101101110 0
b10000010011100 O
b111100101101110 #"
#949
b1111000010011 "
b1000110110000 0
b1111000010011 O
b1101000110110000 #"
#950
b1011110101010 "
b10011011100000 0
b1011110101010 O
b10010011011100000 #"
#951
b1011001011001 "
b111001111000 0
b1011001011001 O
b10100111001111000 #"
#952
b1010111001111 "
b1010001000010 0
b1010111001111 O
b11001010001000010 #"
#953
b1011000100110 "
b1100101101000 0
b1011000100110 O
b11001100101101000 #"
#954
b1011101101100 "
b1110000110001 0
b1011101101100 O
b11001110000110001 #"
#955
b1110110100000 "
b11011100101001 0
b1110110100000 O
b11011011100101001 #"
#956
b10000000010101 "
b11010011100000 0
b10000000010101 O
b10111010011100000 #"
#957
b10001001100101 "
b11011010111011 0
b10001001100101 O
b10111011010111011 #"
#958
b10100010000000 "
b11001100000 0
b10100010000000 O
b11000011001100000 #"
#959
b10101000011000 "
b10101100 0
b10101000011000 O
b11100000010101100 #"
#960
b10101001011111 "
b111010100000 0
b10101001011111 O
b100100111010100000 #"
#961
b10100101101001 "
b1111101101110 0
b10100101101001 O
b101001111101101110 #"
#962
b10100000001110 "
b11011001011111 0
b10100000001110 O
b101111011001011111 #"
#963
b10001000010001 "
b10100011110100 0
b10001000010001 O
b110010100011110100 #"
#964
b1111101101011 "
b1100100100000 0
b1111101101011 O
b111101100100100000 #"
#965
b1110100001100 "
b1101100101100 0
b1110100001100 O
b1000001101100101100 #"
#966
b1011011111011 "
b101110111000 0
b1011011111011 O
b1000100101110111000 #"
#967
b1010111000100 "
b11000101010000 0
b1010111000100 O
b1000011000101010000 #"
#968
b1010111010010 "
b11101100111011 0
b1010111010010 O
b111011101100111011 #"
#969
b1011010100000 "
b11110100011100 0
b1011010100000 O
b110111110100011100 #"
#970
b1110001100100 "
b11100010001110 0
b1110001100100 O
b110011100010001110 #"
#971
b1111010010000 "
b1011111000100 0
b1111010010000 O
b110001011111000100 #"
#972
b10000100101101 "
b11100001101000 0
b10000100101101 O
b100111100001101000 #"
1D"
#973
b10001110000101 "
0>
b10001110000101 O
0C"
0D"
#974
b10100101110000 "
b10100101110000 O
#975
b10101000101001 "
b10101000101001 O
#976
b10101000110011 "
b10101000110011 O
#977
b10101100110111 "
b10100100100111 O
#978
b10101100011111 "
b10001100011111 O
#979
b10001100011111 "
#980
b10111100101111 "
b11111100101111 O
#981
b1111111111111 "
b1111111111111 O
#982
b1011111111110 "
b1011111111110 O
#983
b1011011111110 "
#984
b1010110111100 "
b1010110111100 O
#985
b1011000010111 "
b1011001010111 O
#986
b1011101011100 "
b1011101011100 O
#987
b1110101010111 "
b1110101010111 O
#988
b1111110110001 "
b1111110110001 O
#989
b10001000111110 "
b10001000111110 O
#990
b10100001110001 "
b10100001110001 O
#991
b10100111001010 "
b10100111001010 O
#992
b10101001000101 "
b10101001000101 O
#993
b10100110100100 "
b10100110100100 O
#994
b10100001000010 "
b10100001000010 O
#995
b10001000100000 "
b10001000100000 O
#996
b1111110101010 "
b1111110101010 O
#997
b1110100111011 "
b1110100111011 O
#998
b1011100110110 "
b1011100110110 O
#999
b1011000000011 "
b1011000000011 O
#1000
b1010110110111 "
b1010110110111 O
#1001
b1011010101001 "
b1011010101001 O
#1002
b1110000011000 "
b1110000011000 O
#1003
b1111001101001 "
b1111001101001 O
#1004
b10000011010101 "
b10000011010101 O
#1005
b10001101000010 "
b10001101000010 O
#1006
b10100100101010 "
b10100100101010 O
#1007
b10101000111011 "
b10101000111011 O
#1008
b10101000110100 "
b10101000110100 O
#1009
b10100100001101 "
b10100100001101 O
#1010
b10001101101110 "
b10001101101110 O
#1011
b10000100011001 "
b10000100011011 O
#1012
b1111110010001 "
b1111010010001 O
#1013
b1111010111011 "
b1110010111011 O
#1014
b1111010111010 "
b1111010111010 O
#1015
b1011111010010 "
b1011111010010 O
#1016
b1010111110011 "
b1010111110011 O
#1017
b1011111111011 "
b1011111111011 O
#1018
b1111100111001 "
b1111100111000 O
#1019
b1111101111001 "
b1111101111001 O
#1020
b1111101100010 "
b1111101100010 O
#1021
b10001000000000 "
b10001001000000 O
#1022
b10100001000110 "
b10100001000110 O
#1023
b10100111010101 "
b10100111010101 O
#1024
b10101000110111 "
b10101000110111 O
#1025
b10100111100010 "
b10100111100010 O
#1026
b10100001101011 "
b10100001101011 O
#1027
b10001000110010 "
b10001000110010 O
#1028
b1111111101000 "
b1111111101000 O
#1029
b1110101001001 "
b1110101001001 O
#1030
b1011101110000 "
b1011101110000 O
#1031
b1011000000010 "
b1011000000010 O
#1032
b1010110101011 "
b1010110101011 O
b1100011001111010100000110101111 _
1!"
#1033
b1011010000111 "
b1011010000111 O
b1100011001100000101011000011010 _
#1034
b1110000000100 "
b1110000000100 O
b1100010100111011101100111100111 _
#1035
b1111001000001 "
b1111001000001 O
b1100000111000111110000100011000 _
#1036
b10000010011101 "
b10000010011101 O
b1011101001001001001010000001011 _
#1037
b10001011101100 "
b10001011101100 O
b1011010110010000010100101010000 _
#1038
b10100100100111 "
b10100100100111 O
b1011011001011010111011100100110 _
#1039
b10101000111010 "
b10101000111010 O
b1011011001100011100101100000100 _
#1040
b10101001011110 "
b10101001011110 O
b1011011000101010110000001110001 _
#1041
b10100101001111 "
b10100101001111 O
b1011010110111111101110111001010 _
#1042
b10001101111000 "
b10001101111000 O
b1011010100011100111110101001011 _
#1043
b10000101100000 "
b10000101100000 O
b1011010000111101000000101101100 _
#1044
b1111011010101 "
b1111011010101 O
b1011010000000010010100011011011 _
#1045
b1110010100010 "
b1110010100010 O
b1011001111100100001100010110000 _
#1046
b1011011001011 "
b1011011001011 O
b1011001100100111101011110100110 _
#1047
b1010110000010 "
b1010110000011 O
b1011001100001111111111101110001 _
#1048
b1010111000110 "
b1010111000110 O
b1011010000010001000000000111110 _
#1049
b1011110011110 "
b1011110011110 O
b1011010000110001111010110100111 _
#1050
b1111111111110 "
b1111111111110 O
b1011010000101111010010001110011 _
#1051
b1111111111111 "
b1111111111111 O
b1011010001001100000011010101010 _
#1052
b1111110110111 "
b11111110110111 O
b1011010000100111100100111100111 _
#1053
b10001111111101 "
b10001111111101 O
b1011010000000011110000100100110 _
#1054
b10101111101100 "
b10101111111100 O
b1011010001001010001100000101100 _
#1055
b10100110011110 "
b10100111011110 O
b1011010010000101000010001111010 _
#1056
b10101001110010 "
b10101001110010 O
b1011010001010110001001011111110 _
#1057
b10101000001001 "
b10101000001001 O
b1011010001100000000100100101010 _
#1058
b10100010001111 "
b10100010001111 O
b1011010000111000101000100111100 _
#1059
b10001001001001 "
b11011 ?
b10001001001001 O
b1011001101101010100011011110000 _
#1060
b10000001011010 "
b10000001011010 O
b1011001110010001100010100011001 _
#1061
b1110111001000 "
b1110111001000 O
b1011010000101001010011011110010 _
#1062
b1011110001101 "
b11010 ?
b1011110001101 O
b1011010000100011111000101010111 _
#1063
b1011000000110 "
b1011000000110 O
b1011010001011101011111000011010 _
#1064
b1010111000000 "
b11001 ?
b1010111000000 O
b1011010011011000110111101100010 _
#1065
b1011001001110 "
b11000 ?
b1011001001110 O
b1011010000000100100101111001000 _
#1066
b1011110111001 "
b10111 ?
b1011110111001 O
b1011000011100101100111100010011 _
#1067
b1110111011101 "
b1110111011101 O
b1011001010010110100111111100011 _
#1068
b10000010001101 "
b10110 ?
b10000010001101 O
b1011001101111110011001110110000 _
#1069
b10001011010011 "
b10101 ?
b10001011010011 O
b1011001100000101000110110010111 _
#1070
b10100011000101 "
b10100 ?
b10100011000101 O
b1011000101001011001001000111001 _
#1071
b10101000110001 "
b10010 ?
b10101000110001 O
b1011010000100110011001010011101 _
#1072
b10101000101001 "
b10101000101001 O
b1011010001011111000000101110010 _
#1073
b10100110000000 "
b10001 ?
b10100110000000 O
b1011010100010110010101010111000 _
#1074
b10001111010101 "
b10000 ?
b10001111010101 O
b1011010100110101011111001010100 _
#1075
b10000110000001 "
b1111 ?
b10000110000001 O
b1011010011110111110010010011110 _
#1076
b1111100000010 "
b1101 ?
b1111100000010 O
b1011010110000100110011010010110 _
#1077
b1110010111001 "
b1100 ?
b1110010111001 O
b1011010111100001100010110100100 _
#1078
b1011011110101 "
b1010 ?
b1011011110101 O
b1011010100110100111011111000111 _
#1079
b1010111010010 "
b1000 ?
b1010111010010 O
b1011010110011101000000100101001 _
#1080
b1010110100100 "
b111 ?
b1010110100100 O
b1011011000010011100101001001101 _
#1081
b1011011100011 "
b101 ?
b1011011100011 O
b1011010110010000101110101011100 _
#1082
b1110010000101 "
b11 ?
b1110010000101 O
b1011011000001000100110010011110 _
#1083
b1111011110101 "
b1 ?
b1111011110101 O
b1011011010010000100101000101011 _
#1084
b10001110111100 "
b1111111111111111 ?
b10000110111100 O
b1011011000111110110111000111001 _
#1085
b10001110111111 "
b1111111111111101 ?
b10001110111111 O
b1011011001110111000110011100010 _
#1086
b10101111111111 "
b1111111111111011 ?
b10101111111111 O
b1011011100101111001100110110011 _
#1087
b10101101011101 "
b1111111111111000 ?
b10101101011101 O
b1011011100111001001100100001110 _
#1088
b10101001011101 "
b1111111111110110 ?
b10101001011101 O
b1011011100001111101000100110001 _
#1089
b10101011011101 "
b1111111111110011 ?
b10101011011101 O
b1011011111100010101000110111010 _
#1090
b10101011011001 "
b1111111111110001 ?
b10101011111001 O
b1011100000101101000111010101010 _
#1091
b10001011110011 "
b1111111111101110 ?
b10001011111011 O
b1011100000011001000010011001101 _
#1092
b10000001111101 "
b1111111111101011 ?
b10000001111101 O
b1011100100101111010111101011110 _
#1093
b1111000001000 "
b1111111111101000 ?
b1111000001000 O
b1011101000000100110011111000000 _
#1094
b1011111000101 "
b1111111111100101 ?
b1011111000101 O
b1011101100011100100101000011110 _
#1095
b1011001001000 "
b1111111111100010 ?
b1011001001000 O
b1011111010010000011110101010001 _
#1096
b1010110110011 "
b1111111111011111 ?
b1010110110011 O
b1100000010111011001001011111100 _
#1097
b1011000010010 "
b1111111111011100 ?
b1011000010010 O
b1100000100111010110011010110111 _
#1098
b1011110010001 "
b1111111111011000 ?
b1011110010001 O
b1100000100101010111110001100001 _
#1099
b1110111000010 "
b1111111111010101 ?
b1110111000010 O
b1100000010110010011011000100000 _
#1100
b10000000000111 "
b1111111111010001 ?
b10000000000111 O
b1011111010001011000100111100011 _
#1101
b10001001111101 "
b1111111111001110 ?
b10001001111101 O
b1011011001100101010110101110000 _
#1102
b10100011000011 "
b1111111111001010 ?
b10100011000011 O
b1011101000011001101000011001011 _
#1103
b10101000001010 "
b1111111111000110 ?
b10101000001010 O
b1011100101111010100011111100001 _
#1104
b10101001011000 "
b1111111111000010 ?
b10101001011000 O
b1011100000100010100010010100010 _
#1105
b10100110000011 "
b1111111110111110 ?
b10100110000011 O
b1011100000100010101100100010111 _
#1106
b10100000010110 "
b1111111110111001 ?
b10100000010110 O
b1011011111000111101101111100100 _
#1107
b10000110110000 "
b1111111110111101 ?
b10000110110000 O
b1011011011101000101011101010110 _
#1108
b1111101000010 "
b1111111110110001 ?
b1111101000010 O
b1011011100011000010011010011010 _
#1109
b1110100011011 "
b1110100011011 O
b1011011100011001000001111000110 _
#1110
b1011100001100 "
b1111111110101100 ?
b1011100001100 O
b1011011000011011110000011010100 _
#1111
b1010110111010 "
b1111111110100111 ?
b1010110111010 O
b1011010111111010001000010110110 _
#1112
b1010111010000 "
b1111111110100010 ?
b1010111010000 O
b1011011000001100011011110000000 _
#1113
b1011010110101 "
b1111111110011101 ?
b1011010110101 O
b1011010101000001010111001100111 _
#1114
b1110000111110 "
b1111111110011000 ?
b1110000111110 O
b1011010100110101010101001010100 _
#1115
b1111011000001 "
b1111111110010011 ?
b1111011000001 O
b1011010111010001000101111100000 _
#1116
b10000101000110 "
b1111111110001110 ?
b10000101000110 O
b1011010101100101000010111011111 _
#1117
b10001101110100 "
b1111111110001000 ?
b10001101110100 O
b1011010100001100010111111010011 _
#1118
b10100101010110 "
b1111111110000010 ?
b10100101010110 O
b1011010100101100000000101001011 _
#1119
b10101001001011 "
b1111111101111101 ?
b10101001001011 O
b1011010001101011010001111110101 _
#1120
b10101000101001 "
b1111111101110111 ?
b10101000101001 O
b1011001111101111000100101101000 _
#1121
b10101011101110 "
b1111111101110001 ?
b10100011101110 O
b1011010011001101000011011000110 _
#1122
b10101111101110 "
b1111111101101010 ?
b10101110101110 O
b1011010100001000100110010110001 _
#1123
b10001111010101 "
b1111111101100100 ?
b10001111010101 O
b1011010011100101111110010001100 _
#1124
b10000011010000 "
b1111111101011101 ?
b10000011010000 O
b1011010110101011010110110111100 _
#1125
b1111000101110 "
b1111111101010111 ?
b1111000101110 O
b1011011010000101001011001000011 _
#1126
b1111001011010 "
b1111111101010000 ?
b1111001011010 O
b1011011011101100111010101100010 _
#1127
b1011001100111 "
b1111111101001001 ?
b1011001100111 O
b1011011100001000000010100101111 _
#1128
b1010111101010 "
b1111111101000010 ?
b1010111101010 O
b1011011011011000000100011001110 _
#1129
b1010111111011 "
b1111111100111011 ?
b1010111111011 O
b1011010110101010011000100110011 _
#1130
b1011101110110 "
b1111111100110011 ?
b1011101110110 O
b1011001101111010101110100111000 _
#1131
b1110110000010 "
b1111111100101100 ?
b1110110000010 O
b1011000111111101110100111011111 _
#1132
b1111111001010 "
b1111111100100100 ?
b1111111001010 O
b1011000101111101110001011101010 _
#1133
b10001001011011 "
b1111111100011100 ?
b10001001011011 O
b1011001001000011000100110110110 _
#1134
b10100010001000 "
b1111111100010100 ?
b10100010001000 O
b1011001011001010101110001100101 _
#1135
b10100111101101 "
b1111111100001100 ?
b10100111101101 O
b1011001001111110101111100111111 _
#1136
b10101000101001 "
b1111111100000011 ?
b10101000101001 O
b1011000110010101010101000000101 _
#1137
b10100111000110 "
b1111111011111011 ?
b10100111000110 O
b1011001000101011010000101110001 _
#1138
b10100001000111 "
b1111111011110010 ?
b10100001000111 O
b1011001100011001101111010101110 _
#1139
b10000111111111 "
b1111111011101001 ?
b10000111111111 O
b1011010001111100010011001000100 _
#1140
b1111110100010 "
b1111111011100000 ?
b1111110100010 O
b1011010100101011011000001101110 _
#1141
b1110100101111 "
b1111111011100111 ?
b1110100101111 O
b1011010011111001010100000011000 _
#1142
b1011100010110 "
b1111111011010101 ?
b1011100010110 O
b1011010010001010110101111010101 _
#1143
b1010111101001 "
b1111111011001100 ?
b1010111101001 O
b1011010000001101111101110100001 _
#1144
b1010111000110 "
b1111111011000100 ?
b1010111000110 O
b1011001100001010100101010011000 _
#1145
b1011010010110 "
b1111111010111010 ?
b1011010010110 O
b1011000110010100110000000011100 _
#1146
b1110000000110 "
b1111111010110000 ?
b1110000000110 O
b1011000100010111011110101101000 _
#1147
b1111010011001 "
b1111111010100110 ?
b1111010011001 O
b1011000101011001111000101010011 _
#1148
b10000100011010 "
b1111111010011100 ?
b10000100011010 O
b1011000010110000101101100010010 _
#1149
b10001101011110 "
b1111111010010001 ?
b10001101011110 O
b1010111110010100101000101111101 _
#1150
b10100100011010 "
b1111111010000110 ?
b10100100011010 O
b1011000100000011011010000000100 _
#1151
b10101000100011 "
b1111111001111100 ?
b10101000100011 O
b1011000110110110010001000100001 _
#1152
b10101000111010 "
b1111111001110001 ?
b10101000111010 O
b1011000111010100000011011110111 _
#1153
b10100100010000 "
b1111111001100101 ?
b10100100010000 O
b1011001000110010101100001111101 _
#1154
b10001101000111 "
b1111111001011010 ?
b10001101000111 O
b1011001100110110000010000010101 _
#1155
b10000111111011 "
b1111111001001110 ?
b10000011111011 O
b1011010000001010111000110110111 _
#1156
b1111011111110 "
b1111111001000011 ?
b1111011111110 O
b1011010000100101110110011111010 _
#1157
b1111000111101 "
b1111111000110111 ?
b1111000111101 O
b1011010000001101000000101001101 _
#1158
b1111010111001 "
b1111111000101010 ?
b1111010111001 O
b1011001101010010011010000101100 _
#1159
b1011110011011 "
b1111111000011110 ?
b1011110011011 O
b1011000101001011111011010001001 _
#1160
b1010111111011 "
b1111111000010010 ?
b1010111111011 O
b1010111001100110101011011000011 _
#1161
b1011111110011 "
b1111111000000101 ?
b1011111110011 O
b1010111001100110111110110110100 _
#1162
b1111100110011 "
b1111110111111000 ?
b1111100110011 O
b1010100001100011100010110000011 _
#1163
b1111101010010 "
b1111110111101011 ?
b1111101010010 O
b1010111000100101001100000111100 _
#1164
b1111101110010 "
b1111110111011110 ?
b1111101110010 O
b1010111011100011101100011111110 _
#1165
b10001000100010 "
b1111110111010000 ?
b10001000100010 O
b1010111010100111010011011010100 _
#1166
b10100001101100 "
b1111110111000011 ?
b10100001101100 O
b1010110100100001101011110011101 _
#1167
b10100110111111 "
b1111110110110101 ?
b10100110111111 O
b1010111001111011101110111111110 _
#1168
b10101000100111 "
b1111110110100111 ?
b10101000100111 O
b1011000101000111011011000111000 _
#1169
b10100111101100 "
b1111110110011001 ?
b10100111101100 O
b1011000111011010101100001101101 _
#1170
b10100001000111 "
b1111110110001010 ?
b10100001000111 O
b1011000101010111100101111101011 _
#1171
b10001000111000 "
b1111110101111100 ?
b10001000111000 O
b1011000001101011110111111101111 _
#1172
b1111111101110 "
b1111110101101101 ?
b1111111101110 O
b1010111010011111111101001110000 _
#1173
b1110101100010 "
b1111110101011110 ?
b1110101100010 O
b1010101010101110101100000111010 _
#1174
b1011101000011 "
b1111110101001111 ?
b1011101000011 O
b1010111101010000100011011011110 _
#1175
b1011000000011 "
b1111110101000000 ?
b1011000000011 O
b1010111111111101100011101011100 _
#1176
b1010111001111 "
b1111110100110000 ?
b1010111001111 O
b1010111100111100111111011100000 _
#1177
b1011001111001 "
b1111110100110001 ?
b1011001111001 O
b1010111101010101011000010101000 _
#1178
b1011111101001 "
b1111110100100001 ?
b1011111101001 O
b1011000001010011000000011111110 _
#1179
b1111001000100 "
b1111110100010001 ?
b1111001000100 O
b1010111100011010101000100101001 _
#1180
b10000010110101 "
b1111110100000001 ?
b10000010110101 O
b1010110010100001011110101001100 _
#1181
b10001011111010 "
b1111110011110001 ?
b10001011111010 O
b1011000000001000011100110010000 _
#1182
b10100100110011 "
b1111110011100001 ?
b10100100110011 O
b1011000111010110110000101110110 _
#1183
b10101000011001 "
b1111110011010000 ?
b10101000011001 O
b1011001100001011010100010101100 _
#1184
b10101000010011 "
b1111110011000000 ?
b10101000010011 O
b1011001101000011010100101001111 _
#1185
b10100101001110 "
b1111100001100000 ?
b10100101001110 O
b1011001101111001000111000000001 _
#1186
b10001110011000 "
b1111100001001111 ?
b10001110011000 O
b1011001101101101100111111000010 _
#1187
b10000100100110 "
b1111100000111110 ?
b10000100100110 O
b1011001010011110000001011010011 _
#1188
b1111010010100 "
b1111100000101101 ?
b1111010010100 O
b1011000001011011000100101111100 _
#1189
b1110010000000 "
b1111100000011101 ?
b1110010000000 O
b1010110001011100101111001010111 _
#1190
b1011011100011 "
b1111100000001101 ?
b1011011100011 O
b1011000011110001000011001111000 _
#1191
b1010110101111 "
b1111011111111101 ?
b1010110101111 O
b1011001000000000110111011001110 _
#1192
b1010111101111 "
b1111011111101101 ?
b1010111100111 O
b1011000110111110011110011010101 _
#1193
b1011110001111 "
b1111011111011110 ?
b1011110001111 O
b1011000001110110000110001000010 _
#1194
b1011111111110 "
b1111011111001111 ?
b1111111111110 O
b1010111110110100110001011110010 _
#1195
b1111111111101 "
b1111011111000000 ?
b1111111111101 O
b1011000001011000011100111100100 _
#1196
b1111111110101 "
b1111011110110010 ?
b1111111110101 O
b1011001000111111000110011101011 _
#1197
b10100111010111 "
b1111011110100100 ?
b10100111010111 O
b1011010101110010010111011110100 _
#1198
b10100010000101 "
b1111011110010110 ?
b10100110010101 O
b1011011101001001111001001100010 _
#1199
b10100110110010 "
b1111011110001001 ?
b10100110110010 O
b1011011110100100001011111001110 _
#1200
b10101001101000 "
b1111011101111100 ?
b10101001101000 O
b1011011101000110000101101011100 _
#1201
b10101000000111 "
b1111011101110000 ?
b10101000000111 O
b1011011001101011010011010101101 _
#1202
b10100010010100 "
b1111011101100100 ?
b10100010010100 O
b1011001111110101010010110010000 _
#1203
b10001001010011 "
b1111011101011000 ?
b10001001010011 O
b1011000001001011010011111011111 _
#1204
b10000000110001 "
b1111011101001101 ?
b10000000110001 O
b1011001000010010111010001100110 _
#1205
b1110110111001 "
b1111011101000010 ?
b1110110111001 O
b1011000101100000000100111000000 _
#1206
b1011101101101 "
b1111011100111000 ?
b1011101101101 O
b1011001001000001001100000100101 _
#1207
b1011000010011 "
b1111011100101111 ?
b1011000010011 O
b1011001010110100110000110100110 _
#1208
b1010110100100 "
b1111011100100110 ?
b1010110100100 O
b1011000110101010000011111000100 _
#1209
b1011001000110 "
b1111011100011101 ?
b1011001000110 O
b1010111111111001110011000010101 _
#1210
b1011111011000 "
b1111011100010101 ?
b1011111011000 O
b1010111100011011011101000011110 _
#1211
b1111000011010 "
b1111011100001101 ?
b1111000011010 O
b1010111100010111001000111001000 _
#1212
b10000001011011 "
b1111011100000111 ?
b10000001011011 O
b1011000010000001011110010110110 _
#1213
b10001010101111 "
b1111011100000000 ?
b10001010101111 O
b1011000100010000011001011110001 _
#1214
b10100011101101 "
b1111011100000010 ?
b10100011101101 O
b1011000010000101111100111011010 _
#1215
b10101000111000 "
b1111011011111110 ?
b10101000111000 O
b1011000000100111111110010000111 _
#1216
b10101000101000 "
b1111011011110101 ?
b10101000101000 O
b1010111000100011111011111111000 _
#1217
b10100101011110 "
b1111011011110001 ?
b10100101011110 O
b1011000001001000101010111011011 _
#1218
b10001111000100 "
b1111011011101101 ?
b10001111000100 O
b1011000110110001001000011111101 _
#1219
b10000110000100 "
b1111011011100111 ?
b10000110000100 O
b1011000110000001001011111111001 _
#1220
b1111011101100 "
b1111011011100101 ?
b1111011101100 O
b1011001000010000110000010110110 _
#1221
b1110010101001 "
b1111011011100100 ?
b1110010101001 O
b1011000111110111010000110010001 _
#1222
b1011011010100 "
b1011011010100 O
b1011001000010111110101011100010 _
#1223
b1010111001001 "
b1010111001001 O
b1011001110000000101011110011111 _
#1224
b1010110111101 "
b1111011011100101 ?
b1010110111101 O
b1011010010001100111101001010101 _
#1225
b1011011011110 "
b1111011011100111 ?
b1011011011110 O
b1011010100000101111001000010011 _
#1226
b1110011000010 "
b1111011011101001 ?
b1110011000010 O
b1011011011001000110001010010010 _
#1227
b1111100001111 "
b1111011011101101 ?
b1111100001111 O
b1011100011100100000001111111111 _
#1228
b11111110111111 "
b1111011011110001 ?
b10000110111111 O
b1011100110101000100010000101110 _
#1229
b10001110110101 "
b1111011011110110 ?
b10001110110101 O
b1011100110000101000110010000111 _
#1230
b10101110110001 "
b1111011011111011 ?
b10101110110001 O
b1011100011111011100010011010101 _
#1231
b10101111000011 "
b1111011100000010 ?
b10101111000011 O
b1011011011100000101001100001111 _
#1232
b10101001010111 "
b1111011100001010 ?
b10101001010111 O
b1011001101011000111011000110000 _
#1233
b10101010110101 "
b1111011100010010 ?
b10101010110101 O
b1011011010001011001110001101000 _
#1234
b10101010111101 "
b1111011100011011 ?
b10101010111101 O
b1011011000110111111100111111100 _
#1235
b10001010111101 "
b1111011100100110 ?
b10001010111101 O
b1011010100110111001001101011110 _
#1236
b10000001101010 "
b1111011100110001 ?
b10000001101010 O
b1011010010111010001101010110101 _
#1237
b1110110111111 "
b1111011100111101 ?
b1110110111111 O
b1011010001100000000001001110101 _
#1238
b1011111000011 "
b1111011101001010 ?
b1011111000011 O
b1011010000100010110011010001010 _
#1239
b1011001010111 "
b1111011101011000 ?
b1011001010111 O
b1011010000101111010110000001000 _
#1240
b1010110100000 "
b1111011101100111 ?
b1010110100000 O
b1011010001110110111001111110001 _
#1241
b1011001001010 "
b1111011101110111 ?
b1011001001010 O
b1011010011010011001001111001000 _
#1242
b1011110100101 "
b1111011110001000 ?
b1011110100101 O
b1011010010110011011100101001101 _
#1243
b1110111011100 "
b1111011110011010 ?
b1110111011100 O
b1011010001001001001000000111000 _
#1244
b10000001000111 "
b1111011110101101 ?
b10000001000111 O
b1011001110101011001001010001000 _
#1245
b10001010001011 "
b1111011111000001 ?
b10001010001011 O
b1011001001111010111001110000100 _
#1246
b10100010110101 "
b1111011111010111 ?
b10100010110101 O
b1011000111011101100101001000111 _
#1247
b10101000000100 "
b1111011111101101 ?
b10101000000100 O
b1011001001011110110000100100101 _
#1248
b10101001001101 "
b1111111111101101 ?
b10101001001101 O
b1011001100101110010011001100110 _
#1249
b10100110011000 "
b1111100000000101 ?
b10100110011000 O
b1011001110001001100010101010010 _
#1250
b10001111110000 "
b1111100000011111 ?
b10001111110000 O
b1011001101101010100110011101110 _
#1251
b10000110001101 "
b1111100000110111 ?
b10000110001101 O
b1011001010111101100111101101110 _
#1252
b1111101001001 "
b1111100001010010 ?
b1111101001001 O
b1011000010001110101100110001001 _
#1253
b1110011101000 "
b1111100001101110 ?
b1110011101000 O
b1010101111100111100011100011100 _
#1254
b1011100001000 "
b1111100010001011 ?
b1011100001000 O
b1010110000010101101011100001010 _
#1255
b1010111011111 "
b1111100010101010 ?
b1010111011111 O
b1010111011111001011110100110010 _
#1256
b1010110111010 "
b1111100011001001 ?
b1010110111010 O
b1011001100000011110001000001110 _
#1257
b1011011000101 "
b1111100011101010 ?
b1011011000101 O
b1011010010000110111011000111110 _
#1258
b1110001110011 "
b1111100100001101 ?
b1110001110011 O
b1011010010011110001010011110011 _
#1259
b1111011100111 "
b1111100100110000 ?
b1111011100111 O
b1011010000101001011000100001100 _
#1260
b10000110100100 "
b1111100101010101 ?
b10000110100100 O
b1011001001001010101100010111111 _
#1261
b10001110110000 "
b1111100101111011 ?
b10001110110000 O
b1011000111000110101011111111000 _
#1262
b10100101001111 "
b1111100110100010 ?
b10100101001111 O
b1011010001101000010110100001101 _
#1263
b10101101001011 "
b1111100111001010 ?
b10101001000111 O
b1011010010000101010100110100101 _
#1264
b10101000101010 "
b1111100111110100 ?
b10101000101010 O
b1011001101111100111111101100010 _
#1265
b10101100101011 "
b1111101000100000 ?
b10101100101011 O
b1011001001110010111011011011110 _
#1266
b10100111101111 "
b1111101001001100 ?
b10101111101111 O
b1011001000001100000011111011000 _
#1267
b10001011111111 "
b1111101001111010 ?
b10001011111111 O
b1011000111010010101110000111001 _
#1268
b10110001111010 "
b1111101010101001 ?
b10111001111010 O
b1011001001000000101110011111010 _
#1269
b1111000100100 "
b1111101011011010 ?
b1111000101100 O
b1011001011101011011111100010010 _
#1270
b1111001011101 "
b1111101100001100 ?
b1111001011101 O
b1011001010011101101000000001100 _
#1271
b1011001111101 "
b1111101101000000 ?
b1011001111101 O
b1011000110000110110000110111100 _
#1272
b1010110010010 "
b1111101101110101 ?
b1010110010010 O
b1011000011100110110111001011110 _
#1273
b1010111111001 "
b1111101110101011 ?
b1010111111001 O
b1011000001111010101000110111101 _
#1274
b1011110000011 "
b1111101111100011 ?
b1011110000011 O
b1011000010110110111100111100000 _
#1275
b1110110001101 "
b1111110000011100 ?
b1110110001101 O
b1011001000001101110110010000100 _
#1276
b1111111101011 "
b1111110001010111 ?
b1111111101011 O
b1011001011010010100100111101000 _
#1277
b10001001111000 "
b1111110010010011 ?
b10001001111000 O
b1011001100010001111101101011111 _
#1278
b10100010000101 "
b1111110011010001 ?
b10100010000101 O
b1011001100110111110010111111111 _
#1279
b10100111011001 "
b1111110100010000 ?
b10100111011001 O
b1011001010100110100011011000010 _
#1280
b10101000110110 "
b1111110101010001 ?
b10101000110110 O
b1011000111100001111101100010111 _
#1281
b10100111000001 "
b1111110110010011 ?
b10100111000001 O
b1011001001000001110110101001101 _
#1282
b10100001001010 "
b1111110111010111 ?
b10100001001010 O
b1011001100001011100111001010100 _
#1283
b10000111000101 "
b1111111000011100 ?
b10000111000101 O
b1011001110011000001001111011100 _
#1284
b1111101101010 "
b1111111001110011 ?
b1111101101010 O
b1011010001000101011001001101010 _
#1285
b1110100010000 "
b1111111001100011 ?
b1110100010000 O
b1011010011001000110101000011011 _
#1286
b1011100101110 "
b1111111010101101 ?
b1011100101110 O
b1011010100010001111110100111001 _
#1287
b1011000010011 "
b1111111011110101 ?
b1011000010011 O
b1011010100100000100001111100001 _
#1288
b1010111010110 "
b1111111101000001 ?
b1010111010110 O
b1011010011000101001110111111010 _
#1289
b1011001101110 "
b1111111110001110 ?
b1011001101110 O
b1011001111111011100100000100000 _
#1290
b1110000111111 "
b1111111111011100 ?
b1110000111111 O
b1011001000011111100000100001111 _
#1291
b1111011000101 "
b101101 ?
b1111011000101 O
b1011000011100110010111111010010 _
#1292
b10000100111101 "
b1111110 ?
b10000100111101 O
b1011001000010011101001010000001 _
#1293
b10001101000101 "
b11010010 ?
b10001101000101 O
b1011001011010001111000111110011 _
#1294
b10100100111111 "
b100100111 ?
b10100100111111 O
b1011001100101110111110000001000 _
#1295
b10101001000001 "
b101111110 ?
b10101001000001 O
b1011001011111110111001101101010 _
#1296
b10101001000011 "
b111010110 ?
b10101001000011 O
b1011001001000010000010111000011 _
#1297
b10100100101000 "
b1000110000 ?
b10100100101001 O
b1011001001100011111110110100000 _
#1298
b10001101011011 "
b1010001100 ?
b10001101011011 O
b1011001110001001100101011111001 _
#1299
b10001110111111 "
b1011101001 ?
b10000010111111 O
b1011010100011011111001010110100 _
#1300
b11111010111110 "
b1101001000 ?
b1111010111110 O
b1011011001000001010001111100110 _
#1301
b1111000111101 "
b1110101000 ?
b1111000111101 O
b1011011001110101011100011011001 _
#1302
b1111010111011 "
b10000001010 ?
b1111010111011 O
b1011011000000010100011001011011 _
#1303
b1011110111011 "
b10001101110 ?
b1011110111010 O
b1011010100001010011010010001101 _
#1304
b1010111110111 "
b10011010100 ?
b1010111110111 O
b1011001100101111010011001100001 _
#1305
b1011111010110 "
b10100111011 ?
b1011111010110 O
b1011000010100101111101000100111 _
#1306
b1111100110010 "
b10110100011 ?
b1111100110010 O
b1010111100111110011010010100101 _
#1307
b1110100110001 "
b11000001110 ?
b1110101110001 O
b1010111000111101010000011111010 _
#1308
b1111111001010 "
b11001111010 ?
b1111111001010 O
b1011000001010101111101100101000 _
#1309
b10001000101111 "
b11011101000 ?
b10001000101111 O
b1011000000001111001101001110110 _
#1310
b10100001010110 "
b11101010111 ?
b10100001010110 O
b1010111000110010111100011001010 _
#1311
b10100110101111 "
b11111001000 ?
b10100110101111 O
b1011000101000001011011010001100 _
#1312
b10101000110011 "
b100000111011 ?
b10101000110011 O
b1011000110101001110011111101101 _
#1313
b10100111100101 "
b100010101111 ?
b10100111100101 O
b1011000100111010010110010011101 _
#1314
b10100001000000 "
b100100100110 ?
b10100001000000 O
b1011000111101001001000000100000 _
#1315
b10001000011101 "
b100110011101 ?
b10001000011101 O
b1011001001101011100101010111011 _
#1316
b1111111101000 "
b101000010111 ?
b1111111101000 O
b1011001010000100111000101001111 _
#1317
b1110100110001 "
b101010010010 ?
b1110100110001 O
b1011001100000001110011101001111 _
#1318
b1011100111000 "
b101100001110 ?
b1011100111000 O
b1011001010001011111100000011011 _
#1319
b1011000010010 "
b101110001101 ?
b1011000010010 O
b1011000101001101001011101110000 _
#1320
b1010111010001 "
b111110001101 ?
b1010111010001 O
b1011000101000110100000101111000 _
#1321
b1011001011110 "
b110000001111 ?
b1011001011110 O
b1011000010011110001010001100000 _
#1322
b1110000010100 "
b110010001011 ?
b1110000010100 O
b1011000000110110010110100011111 _
#1323
b1111001100111 "
b110100010010 ?
b1111001100111 O
b1010111100111010110001000101101 _
#1324
b10000011101101 "
b110110010111 ?
b10000011101101 O
b1010111100110110111111011000111 _
#1325
b10001100011111 "
b111000011101 ?
b10001100011111 O
b1010111000011100010001111101100 _
#1326
b10100100111001 "
b111010100101 ?
b10100100111001 O
b1011000000100010000101111111111 _
#1327
b10101000100010 "
b111100101111 ?
b10101000100010 O
b1011000011100001101000111111100 _
#1328
b10101000011010 "
b111110111011 ?
b10101000011010 O
b1010111100101100101110110000010 _
#1329
b10100101011010 "
b1000001001000 ?
b10100101011010 O
b1011000000001111111000011101111 _
#1330
b10001110000011 "
b1000011010110 ?
b10001110000011 O
b1010110010010010101010010011000 _
#1331
b10000100100011 "
b1000101100110 ?
b10000100100011 O
b1010111101011100001010100100011 _
#1332
b1111001111011 "
b1000111111000 ?
b1111001111011 O
b1011001000011010100010111010100 _
#1333
b1110001010110 "
b1001010001011 ?
b1110001010111 O
b1011001011010101000001000111001 _
#1334
b1011010100110 "
b1001100100000 ?
b1011010100110 O
b1011001100100110101110010010011 _
#1335
b1011111110111 "
b1001110110111 ?
b1010111110111 O
b1011001110000011110101111010110 _
#1336
b1010111111111 "
b1010001001111 ?
b1010111111111 O
b1011001010011011010000010001110 _
#1337
b1011111101111 "
b1010011101000 ?
b1011110101111 O
b1011000110010010011110110111111 _
#1338
b1111111011011 "
b1010110000011 ?
b1111111011011 O
b1011001010100100110111110000111 _
#1339
b1111111111111 "
b1011000100000 ?
b1111111111111 O
b1011001100100000110100010000110 _
#1340
b1111101110101 "
b1011010111110 ?
b1111101110101 O
b1011001001101111001111011010111 _
#1341
b10101000010101 "
b1011101011101 ?
b10101000010101 O
b1011001010001011110110000000010 _
#1342
b10100000100101 "
b1011111111110 ?
b10100100100101 O
b1011001101001111000000111011010 _
#1343
b10100110011000 "
b1100010100001 ?
b10100110011000 O
b1011001101100101101110011111000 _
#1344
b10101001011001 "
b1100101000101 ?
b10101001011001 O
b1011001110110110100110101011001 _
#1345
b10101000001110 "
b1100111101010 ?
b10101000001110 O
b1011010000011010000101000000001 _
#1346
b10100001101101 "
b1101010010001 ?
b10100001101101 O
b1011001111010001011101100100111 _
#1347
b10001001001010 "
b1101100111001 ?
b10001001001010 O
b1011001110001010110001010101010 _
#1348
b10000000010010 "
b1101111100010 ?
b10000000010010 O
b1011010000111100110111001111001 _
#1349
b1110101111000 "
b1110010001101 ?
b1110101111000 O
b1011010010001100001100111010010 _
#1350
b1011101111001 "
b1110100111010 ?
b1011101111001 O
b1011010001110000001011110111100 _
#1351
b1011001001011 "
b1110111100111 ?
b1011001001011 O
b1011010011101010001101000110001 _
#1352
b1010110110011 "
b1111010010110 ?
b1010110110011 O
b1011010100111010111110000110001 _
#1353
b1011000110101 "
b1111101000110 ?
b1011000110101 O
b1011010011111110010000011110001 _
#1354
b1011110111001 "
b1111111111000 ?
b1011110111001 O
b1011010110101000100110111000100 _
#1355
b1111001011100 "
b10001010111010 ?
b1111001011100 O
b1011011010010110001011101100000 _
#1356
b10000010110111 "
b10000111101110 ?
b10000010110111 O
b1011011011010110010111110110100 _
#1357
b10001011101101 "
b10000101011011 ?
b10001011101101 O
b1011011110110110011101000010111 _
#1358
b10100011111001 "
b10001000010011 ?
b10100011111001 O
b1011100100110010010110110001100 _
#1359
b10101000011011 "
b10001011001010 ?
b10101000011011 O
b1011101000011100001001001110001 _
#1360
b10101000100101 "
b10001110000001 ?
b10101000100101 O
b1011101000010100100001110110100 _
#1361
b10100101111100 "
b10010000111010 ?
b10100101111100 O
b1011100100010001011010011100100 _
#1362
b10001110111101 "
b10010011110100 ?
b10001110111101 O
b1011011010100111001011110111111 _
#1363
b10000100111001 "
b10010110101111 ?
b10000100111001 O
b1011010100101101000100100101110 _
#1364
b1111011000101 "
b10011001101011 ?
b1111011000101 O
b1011100001011000100010000100111 _
#1365
b1110010100010 "
b10011100101000 ?
b1110010100010 O
b1011100000101100100110111100101 _
#1366
b1011011011000 "
b10011111100110 ?
b1011011011000 O
b1011011011011101011101011010100 _
#1367
b1010110110111 "
b10100010100110 ?
b1010110110111 O
b1011011000010011011001111011010 _
#1368
b1010111001100 "
b10100101100110 ?
b1010111001100 O
b1011010101110010100001010110011 _
#1369
b1011011110100 "
b10101000100111 ?
b1011011110100 O
b1011010011001000000111110001010 _
#1370
b1110011100101 "
b10101011101001 ?
b1110011000101 O
b1011010011010101100000101101010 _
#1371
b1111110111101 "
b10101110101100 ?
b1111110111101 O
b1011010011110011011100101001010 _
#1372
b11111110111111 "
b10110001110000 ?
b10111110111111 O
b1011010001010100101100100010100 _
#1373
b10001111110111 "
b10110100110101 ?
b10001111110111 O
b1011001111100100101010101011000 _
#1374
b10101111000111 "
b10110111111011 ?
b10101111000111 O
b1011001110001001001111100011101 _
#1375
b10111011000010 ?
b1011001100000010011100100010111 _
#1376
b10101111100011 "
b10111110001001 ?
b10101111100011 O
b1011001010110110100000100101010 _
#1377
b10100111101011 "
b11000001010001 ?
b10100111101011 O
b1011001100010110101011101011011 _
#1378
b10100011001011 "
b11000100011010 ?
b10101011001011 O
b1011001100001110011000111111101 _
#1379
b10001010100110 "
b11000111100100 ?
b10001010100110 O
b1011001100111011000001010110001 _
#1380
b10000001010101 "
b11001010101110 ?
b10000001010101 O
b1011001101000111110010000101101 _
#1381
b1110110011100 "
b11001101111001 ?
b1110110011100 O
b1011001001111100111000001001101 _
#1382
b1011110011000 "
b11010001000100 ?
b1011110011000 O
b1011001000111011000100010110000 _
#1383
b1011001001000 "
b11010100010001 ?
b1011001001000 O
b1011001010001000001100011010010 _
#1384
b1010110100101 "
b11010111011101 ?
b1010110100101 O
b1011001010110001001100001110001 _
#1385
b1011001001010 "
b11011010101011 ?
b1011001001010 O
b1011001101000010000110100101101 _
#1386
b1011110111110 "
b11011101111001 ?
b1011110111110 O
b1011001111001000011111001011100 _
#1387
b1110111011111 "
b11100001000111 ?
b1110111011111 O
b1011010000001010010101010110011 _
#1388
b10000000111110 "
b11100100010110 ?
b10000000111110 O
b1011010001010010101000000001000 _
#1389
b10001011001110 "
b11100111100101 ?
b10001011001110 O
b1011010001101111001000110001010 _
#1390
b10100011001111 "
b11101010110100 ?
b10100011001111 O
b1011001111101000001111000101000 _
#1391
b10101000000101 "
b11101110110100 ?
b10101000000101 O
b1011001010111011010001110010110 _
#1392
b10101000111110 "
b11101110000100 ?
b10101000111110 O
b1011000000000001111001001101000 _
#1393
b10100101110011 "
b11110001010101 ?
b10100101110011 O
b1011000000100110111110111101101 _
#1394
b10001111110101 "
b11110100100101 ?
b10001111110101 O
b1011000111000010111100000000000 _
#1395
b10000101111000 "
b11110111110110 ?
b10000101111000 O
b1011001000111100110100001011110 _
#1396
b1111100001110 "
b11111011000111 ?
b1111100001110 O
b1011001000001010011110111101110 _
#1397
b1110011011001 "
b11111110011000 ?
b1110011011001 O
b1011000100001100101000110001100 _
#1398
b1011011110111 "
b100000001101001 ?
b1011011110111 O
b1011000000011111010000001010110 _
#1399
b1010111101001 "
b100000100111011 ?
b1010111101001 O
b1011000000100000011100100011000 _
#1400
b1010110111111 "
b100001000001100 ?
b1010110111111 O
b1011000111001110110110101000111 _
#1401
b1011010110010 "
b100001011011110 ?
b1011010110010 O
b1011001110110100000001110010010 _
#1402
b1110010100100 "
b100001110110000 ?
b1110010100100 O
b1011010010011000000111011110101 _
#1403
b1111100010000 "
b100010010000001 ?
b1111100010000 O
b1011010001100010111111110111010 _
#1404
b10000110000100 "
b100010101010011 ?
b10000110000100 O
b1011001101011000000010001100110 _
#1405
b10001110100100 "
b100011000100100 ?
b10001110100100 O
b1011000110000110001010110000110 _
#1406
b10100101100100 "
b100011011110110 ?
b10100101100100 O
b1010111101000110100110000101111 _
#1407
b10101101110111 "
b100011111000111 ?
b10101001110111 O
b1011000101110100000011100010110 _
#1408
b10101000011111 "
b100100010011000 ?
b10101000011111 O
b1011000111111001011000001000000 _
#1409
b10101011011111 "
b100100101101001 ?
b10101011011111 O
b1011001000010000011110100110110 _
#1410
b10101011110110 "
b100101000111010 ?
b10101011110110 O
b1011001000110100001111101001000 _
#1411
b10001011110110 "
b100101100001010 ?
b10001011110110 O
b1011001000100100101001011001110 _
#1412
b10100010010100 "
b100101111011010 ?
b10110010010000 O
b1011000101001100100000111101110 _
#1413
b1110111101110 "
b100110010101001 ?
b1110111101110 O
b1011000000000100000001111100101 _
#1414
b1110001001110 "
b100110101111001 ?
b1110001001110 O
b1011000110011101101111000101010 _
#1415
b1011001010001 "
b100111001000111 ?
b1011001010001 O
b1011001001011010100100010110101 _
#1416
b1010110010001 "
b100111100010110 ?
b1010110010001 O
b1011001010111101010011101010101 _
#1417
b1011000100000 "
b100111111100100 ?
b1011000100000 O
b1011001101110000000111101100001 _
#1418
b1011110000100 "
b101000010110001 ?
b1011110000100 O
b1011001111000100011000010001001 _
#1419
b1110110010010 "
b101000101111101 ?
b1110110010010 O
b1011001011111111110111001001000 _
#1420
b10000000000010 "
b101001001001001 ?
b10000000000010 O
b1011000100001101110111010001110 _
#1421
b10001010011000 "
b101001100010101 ?
b10001010011000 O
b1010111001100111101011100110111 _
#1422
b10100010001010 "
b101001111100000 ?
b10100010001010 O
b1011001010111000111111110110110 _
#1423
b10100111011100 "
b101010010101010 ?
b10100111011100 O
b1011010000011101111000111000011 _
#1424
b10101000111110 "
b101010101110011 ?
b10101000111110 O
b1011001110111111110010101011100 _
#1425
b10100111100101 "
b101011000111011 ?
b10100111100101 O
b1011001011000100111001000010011 _
#1426
b10100000011100 "
b101011100000011 ?
b10100000011100 O
b1011000100110100110111011001010 _
#1427
b10000111011010 "
b101011111001001 ?
b10000111011010 O
b1010111110000011000101000110001 _
#1428
b1111101011011 "
b101111111001111 ?
b1111101011011 O
b1010111011110111100010111111110 _
#1429
b1110101001110 "
b101100010001100 ?
b1110101001110 O
b1011000000010010100001011011010 _
#1430
b1011100100000 "
b101100101010100 ?
b1011100100000 O
b1011000100110111011001001101011 _
#1431
b1011000010100 "
b101101000011000 ?
b1011000010100 O
b1011000100110000100110011011101 _
#1432
b1010110111011 "
b101101011011011 ?
b1010110111011 O
b1011000011011100100001010101100 _
#1433
b1011001001001 "
b101101110011101 ?
b1011001001001 O
b1010111111100111000111001110101 _
#1434
b1110001010100 "
b101110001011101 ?
b1110001010100 O
b1010111010011010100010001100000 _
#1435
b1111011100111 "
b101110100011101 ?
b1111011100111 O
b1011000010000000100111001011010 _
#1436
b10000100111010 "
b101110111011011 ?
b10000100111010 O
b1011000100011010011011100111000 _
#1437
b10001101100000 "
b101111010011001 ?
b10001101100000 O
b1011000101101011010111111011100 _
#1438
b10100101010111 "
b101111101010101 ?
b10100101010111 O
b1011001001010101001001010110110 _
#1439
b10101000011001 "
b110000000001111 ?
b10101000011001 O
b1011000111010100110011100011010 _
#1440
b10101000101111 "
b110000011001001 ?
b10101000101111 O
b1011000011111000111111000110001 _
#1441
b10100100100011 "
b110000110000001 ?
b10100100100011 O
b1011000101010111011001001110001 _
#1442
b10001101100001 "
b110001000110111 ?
b10001101100001 O
b1011000101001100001000010101010 _
#1443
b10001110101101 "
b110001011101101 ?
b10000010101101 O
b1011000111100100000010101111100 _
#1444
b11111010101101 "
b110001110100000 ?
b1111010101101 O
b1011001100100000000111101000101 _
#1445
b1111000111001 "
b110010001010011 ?
b1111000111001 O
b1011001110010010111011111000100 _
#1446
b1111010011101 "
b110010100000100 ?
b1111010011101 O
b1011001110000000111101011000100 _
#1447
b1011110111101 "
b110010110110011 ?
b1011110111101 O
b1011001110001100101101010101010 _
#1448
b1010110110101 "
b110011001100001 ?
b1010110110101 O
b1011001101000000001100001011111 _
#1449
b1011001001110 "
b110011100001101 ?
b1011101001110 O
b1011001010000010010101010101111 _
#1450
b1011101010000 "
b110011110110111 ?
b1011101010000 O
b1011001000001100000011011011000 _
#1451
b1110101000101 "
b110100001100000 ?
b1110101000101 O
b1011000111111110101101000001110 _
#1452
b1111111011110 "
b110100100000111 ?
b1111111011110 O
b1011001011001010001011100111110 _
#1453
b10001001011100 "
b110100110101100 ?
b10001001011100 O
b1011001110110011110001001110011 _
#1454
b10100001010101 "
b110101001010000 ?
b10100001010101 O
b1011010000110101000110111111000 _
#1455
b10100111000101 "
b110101011110001 ?
b10100111000101 O
b1011010001001000110001111000010 _
#1456
b10101000111101 "
b110101110010001 ?
b10101000111101 O
b1011010001010101011101110000100 _
#1457
b10100111011000 "
b110110000101111 ?
b10100111011000 O
b1011010010000110010101110001110 _
#1458
b10100001001011 "
b110110011001011 ?
b10100001001011 O
b1011010100000011100101000101100 _
#1459
b10001000100011 "
b110110101100101 ?
b10001000100011 O
b1011011000101011100011100010010 _
#1460
b1111110101100 "
b110110111111101 ?
b1111110101100 O
b1011011110010101000011101000110 _
#1461
b1110100000101 "
b110111010010011 ?
b1110100000101 O
b1011100001110011100010011111000 _
#1462
b1011101010011 "
b110111100100111 ?
b1011101010011 O
b1011100000011110010001111000110 _
#1463
b1011000111010 "
b110111110100001 ?
b1011000111010 O
b1011011000110010111011000100100 _
#1464
b1010111000001 "
b111111110111001 ?
b1010111000001 O
b1011000101110110101111011101001 _
#1465
b1011001001010 "
b111000001001111 ?
b1011001001010 O
b1011010111101010111111001110000 _
#1466
b1110000001100 "
b111000011010111 ?
b1110000001100 O
b1011011101101010100110100000100 _
#1467
b1111010000000 "
b111000101100010 ?
b1111010000000 O
b1011011100000100010110100001100 _
#1468
b10000011100010 "
b111000111101100 ?
b10000011100010 O
b1011011000100101110011000010000 _
#1469
b10001101000000 "
b111001001110011 ?
b10001101000000 O
b1011010111001111001100101010010 _
#1470
b10100100011010 "
b111001011111000 ?
b10100100011010 O
b1011010101001111111000111110100 _
#1471
b10101000010000 "
b111001101111011 ?
b10101000010000 O
b1011010010001011000100111111111 _
#1472
b10101000110111 "
b111001111111011 ?
b10101000110111 O
b1011001101110100110001110011111 _
#1473
b10100101011000 "
b111010001111001 ?
b10100101011000 O
b1011001100000110110001010111101 _
#1474
b10001101100101 "
b111010011110101 ?
b10001101100101 O
b1011001101001010101011011001011 _
#1475
b10000011110110 "
b111010101101111 ?
b10000011110110 O
b1011001101100011111111101001100 _
#1476
b1111001101010 "
b111010111100110 ?
b1111001101010 O
b1011001101010011101000001011111 _
#1477
b1110001100010 "
b111011001011010 ?
b1110001100010 O
b1011001100011001010111100111001 _
#1478
b1011010101110 "
b111011011001100 ?
b1011010101110 O
b1011001000011010010010100100010 _
#1479
b1011110101110 "
b111011100111100 ?
b1010110101110 O
b1011000100000000100100100111100 _
#1480
b111011110101001 ?
b1011110101110 O
b1011000001100011110110000001001 _
#1481
b1011100101111 "
b111100000010100 ?
b1011100101111 O
b1011000101000001110101110010010 _
#1482
b1011111101101 "
b111100001111100 ?
b1011111101101 O
b1011001000001101101100101100100 _
#1483
b1111111110010 "
b111100011100010 ?
b1111111110010 O
b1011000110010011011101111111110 _
#1484
b1111110001100 "
b111100101000101 ?
b1111110001100 O
b1011000001001011001101100011000 _
#1485
b10001000010001 "
b111100110100101 ?
b10001001010001 O
b1010111010011100100000101101000 _
#1486
b10100001000111 "
b111101000000011 ?
b10100101000111 O
b1010110110010011001011101011000 _
#1487
b10100111000110 "
b111101001011110 ?
b10100111000110 O
b1010110000001110111011001110011 _
#1488
b10101000111101 "
b111101010110111 ?
b10101000111101 O
b1010111011100100100000001111001 _
#1489
b10100111100011 "
b111101100001101 ?
b10100111100011 O
b1011000100100111000110000111101 _
#1490
b10100001011110 "
b111101101100000 ?
b10100001011110 O
b1011001000000111000101011000011 _
#1491
b10001010001000 "
b111101110110001 ?
b10001010001000 O
b1011001000011101000100000000101 _
#1492
b10000000010000 "
b111101111111110 ?
b10000000010000 O
b1011000001001111010011110010110 _
#1493
b1110101010111 "
b111110001001001 ?
b1110101010111 O
b1011000000011000111101100001110 _
#1494
b1011101010001 "
b111110010010010 ?
b1011101010001 O
b1011001011101000100010001101100 _
#1495
b1011001101000 "
b111110011010111 ?
b1011001101000 O
b1011010000001011001111010000101 _
#1496
b1010111010010 "
b111110100011010 ?
b1010111010010 O
b1011010000100110000000100110000 _
#1497
b1011001001011 "
b111110101011010 ?
b1011001001011 O
b1011001110111101011001001000010 _
#1498
b1011110111111 "
b111110110010111 ?
b1011110111111 O
b1011001011010000100000010000011 _
#1499
b1111000011101 "
b111110110010001 ?
b1111000011101 O
b1011001000111000100101110000010 _
#1500
b10000010111101 "
b111110111010001 ?
b10000010111101 O
b1011000111011010011110000000100 _
#1501
b10001100101100 "
b111111000001101 ?
b10001100101100 O
b1011000100010100101101011101110 _
#1502
b10100011100101 "
b111111000111101 ?
b10100011100101 O
b1011000101001111100001110110001 _
#1503
b10100111100100 "
b111111001101111 ?
b10100111100100 O
b1011001010111110100111001010110 _
#1504
b10101000011101 "
b111111010011110 ?
b10101000011101 O
b1011001101101001100000101000110 _
#1505
b10100110001000 "
b111111011001010 ?
b10100110001000 O
b1011001011001010100100000011100 _
#1506
b10001110110011 "
b111111011110011 ?
b10001110110011 O
b1011000100111010010000010110100 _
#1507
b10000100111001 "
b111111100011001 ?
b10000100111001 O
b1010111101010111100101110101000 _
#1508
b1111011100110 "
b111111100111100 ?
b1111011100110 O
b1011000001001110111110110011001 _
#1509
b1110001110010 "
b111111101011101 ?
b1110001110010 O
b1011001000100011011010010000011 _
#1510
b1011010111010 "
b111111101111010 ?
b1011010111010 O
b1011001010001101010101110101001 _
#1511
b1010111101111 "
b111111110010101 ?
b1010111101111 O
b1011001011011101100011001010000 _
#1512
b1010111100100 "
b111111110101100 ?
b1010111100100 O
b1011001011001000110000010010101 _
#1513
b1011011110110 "
b111111111000001 ?
b1011011010110 O
b1011001000110110011010110111111 _
#1514
b1111011010110 "
b111111111010011 ?
b1110011000110 O
b1011000011111010100101010011110 _
#1515
b1111111001110 "
b111111111100001 ?
b1111111001110 O
b1011000000000101100010010011010 _
#1516
b11111111011110 "
b111111111101101 ?
b11111111011110 O
b1011000100110011101111000111010 _
#1517
b10001111111111 "
b111111111110110 ?
b10001111111111 O
b1011001001100111001111110000000 _
#1518
b10101111101111 "
b111111111111100 ?
b10101111101111 O
b1011001100100101001100001011100 _
#1519
b10100111100111 "
b111111111111111 ?
b10100111100111 O
b1011001111000011001011110011001 _
#1520
b10101011001010 "
b10101111001010 O
b1011010001110110111110100111110 _
#1521
b10100111100110 "
b111111111111100 ?
b10100111100110 O
b1011001110100110010110110111101 _
#1522
b10100010101010 "
b111111111110110 ?
b10100010101010 O
b1011000101101111010011111010001 _
#1523
b10001010011010 "
b111111111101101 ?
b10001010011010 O
b1011001100010011000111011011110 _
#1524
b10000001000100 "
b111111111100001 ?
b10000001000100 O
b1011010100110110101001110010101 _
#1525
b1110110010101 "
b111111111010011 ?
b1110110010101 O
b1011011000001100100100000011101 _
#1526
b1011110010100 "
b111111111000001 ?
b1011110010100 O
b1011010100111111001001011100110 _
#1527
b1011000110100 "
b111111110010101 ?
b1011000110100 O
b1011001111110100000000111011010 _
#1528
b1010110100011 "
b111111101111010 ?
b1010110100011 O
b1011001100100001111001001010101 _
#1529
b1011001000111 "
b111111101011101 ?
b1011001000111 O
b1011001010011101100101101001000 _
#1530
b1011110111110 "
b111111100111100 ?
b1011110111110 O
b1011001010100000010000110110010 _
#1531
b1110111000000 "
b111111100011001 ?
b1110111000000 O
b1011001101011101011010000101100 _
#1532
b10000001001111 "
b111111011110011 ?
b10000001001111 O
b1011001101110100011111010110001 _
#1533
b10001011111110 "
b111111011001010 ?
b10001011111110 O
b1011001010100011111111001101000 _
#1534
b10100011111001 "
b111111010011110 ?
b10100011111001 O
b1011001000101100111011010010110 _
#1535
b10100111010001 "
b111111010011111 ?
b10100111010001 O
b1011000110101101010101011001011 _
#1536
b10101000010000 "
b111111001101101 ?
b10101000010000 O
b1011000101011010100100001111111 _
#1537
b10100110001100 "
b111111000111001 ?
b10100110001100 O
b1011001010110100000010010001001 _
#1538
b10001111110000 "
b111111000001001 ?
b10001111110000 O
b1011001100111000111111111111000 _
#1539
b10000110000000 "
b111110111010001 ?
b10000110000000 O
b1011001101010001001111111110111 _
#1540
b1111100000110 "
b111110110010111 ?
b1111100000110 O
b1011001111000010110001111101010 _
#1541
b1110010110100 "
b111110101011010 ?
b1110010110100 O
b1011001110100100100011000011101 _
#1542
b1011010101101 "
b111110100011010 ?
b1011010101101 O
b1011001100011000111010111010001 _
#1543
b1011000001101 "
b111110011010111 ?
b1011000001101 O
b1011001010111101001001111000110 _
#1544
b1010111110011 "
b111110010010010 ?
b1010111110011 O
b1011001010110011111101010011101 _
#1545
b1011010111000 "
b111110001001001 ?
b1011010111000 O
b1011001010111101001000100101000 _
#1546
b1110010001110 "
b111101111111110 ?
b1110010001110 O
b1011001100011000111010011010010 _
#1547
b1111100000011 "
b111101110110001 ?
b1111100000011 O
b1011001110100100100010110111101 _
#1548
b10000110001111 "
b111101101100000 ?
b10000110001111 O
b1011001111000010110001111100101 _
#1549
b10001111000000 "
b111101100001101 ?
b10001111000100 O
b1011001101010001001111111111000 _
#1550
b10101110100000 "
b111101010110111 ?
b10100110100000 O
b1011001100111001000000001101011 _
#1551
b10101111100111 "
b111101001011110 ?
b10101111100111 O
b1011001010110100000010000110011 _
#1552
b10101111101111 "
b111101000000011 ?
b10101111101111 O
b1011000101011010100100010000000 _
#1553
b10100111111111 "
b111100110100101 ?
b10100111111111 O
b1011000110101101010101100101001 _
#1554
b10101011111111 "
b111100101000101 ?
b10101011111111 O
b1011001000101100111011100001111 _
#1555
b10001011101011 "
b111100011100010 ?
b10001011101011 O
b1011001010100011111111011010011 _
#1556
b10000010000000 "
b111100001111100 ?
b10110010000000 O
b1011001101110100011111011000000 _
#1557
b1110111011110 "
b111100000010100 ?
b1110111011110 O
b1011001101011101011010001101010 _
#1558
b1011111001000 "
b111011110101001 ?
b1011111001000 O
b1011001010100000010001000110101 _
#1559
b1011000111010 "
b111011100111100 ?
b1011000111010 O
b1011001010011101100101110100110 _
#1560
b1010110011110 "
b111011011001100 ?
b1010110011110 O
b1011001100100001111001001010110 _
#1561
b1011000110100 "
b111011001011010 ?
b1011000110100 O
b1011001111110100000001011000000 _
#1562
b1011110000111 "
b111010111100110 ?
b1011110000111 O
b1011010100111111001001100011101 _
#1563
b1110101001111 "
b111010101101111 ?
b1110101001111 O
b1011011000001100100100000101100 _
#1564
b10000000000100 "
b111010011110101 ?
b10000000000100 O
b1011010100110110101001110010010 _
#1565
b10001011001111 "
b111010001111001 ?
b10001011001111 O
b1011001100010011000111001110101 _
#1566
b10100001111101 "
b111001111111011 ?
b10100001111101 O
b1011000101101111010100001010010 _
#1567
b10100111100101 "
b111001101111011 ?
b10100111100101 O
b1011001110100110010110110100000 _
#1568
b10101000111101 "
b111001011111000 ?
b10101000111101 O
b1011010001110110111110100111011 _
#1569
b10100110010001 "
b111001001110011 ?
b10100110010001 O
b1011001111000011001011101010111 _
#1570
b10001111111101 "
b111001111111100 ?
b10001111111101 O
b1011001100100101001100010010100 _
#1571
b10000111010110 "
b111000111101010 ?
b10000111010110 O
b1011001001100111001111110110101 _
#1572
b1111110000000 "
b111000101100111 ?
b1111110000000 O
b1011000100110011101111000111000 _
#1573
b1110011001111 "
b111000011010011 ?
b1110011001111 O
b1011000000000101100010011101001 _
#1574
b1011011110100 "
b111000001001001 ?
b1011011110100 O
b1011000011111010100110011001011 _
#1575
b1010111110101 "
b110111110111001 ?
b1010111110101 O
b1011001000110110011011000011101 _
#1576
b1010111001110 "
b110111100100111 ?
b1010111001110 O
b1011001011001000110000010011000 _
#1577
b1011001111001 "
b110111010010011 ?
b1011001111001 O
b1011001011011101100010110100010 _
#1578
b1110001100110 "
b110110111111101 ?
b1110001100110 O
b1011001010001101010110000111011 _
#1579
b1111011001010 "
b110110101100101 ?
b1111011001010 O
b1011001000100011011010100001100 _
#1580
b10000101010000 "
b110110011001011 ?
b10000101010000 O
b1011000001001110111110110001010 _
#1581
b10001110011011 "
b110110000101111 ?
b10001110011011 O
b1010111101010111100101101010110 _
#1582
b10100101100001 "
b110101110010001 ?
b10100101100001 O
b1011000100111010010000100101010 _
#1583
b10101000101000 "
b110101011110001 ?
b10101000101000 O
b1011001011001010100011110100111 _
#1584
b10101000010010 "
b110101001010000 ?
b10101000010010 O
b1011001101101001100000101001111 _
#1585
b10100011111010 "
b110100110101100 ?
b10100011111010 O
b1011001010111110100111000001111 _
#1586
b10101110111010 "
b110100100000111 ?
b10001110111010 O
b1011000101001111100001111110000 _
#1587
b10001110111110 "
b110100001100000 ?
b10001110111110 O
b1011000100010100101101010101101 _
#1588
b10000011111110 "
b110011110110111 ?
b11111011111110 O
b1011000111011010011110000101111 _
#1589
b1111111110011 "
b110011100001101 ?
b1111111110011 O
b1011001000111000100101101100111 _
#1590
b1011111110011 "
b110011001100001 ?
b1011111110011 O
b1011001011010000100000010100100 _
#1591
b1011111110101 "
b110010110110011 ?
b1011111110101 O
b1011001110111101011001001011100 _
#1592
b1010110110101 "
b110010100000100 ?
b1010110110101 O
b1011010000100110000000100110010 _
#1593
b1011001001011 "
b110010001010011 ?
b1011101001011 O
b1011010000001011001111001001111 _
#1594
b1011101100111 "
b110001110100000 ?
b1011101100111 O
b1011001011101000100010001001110 _
#1595
b1110101001100 "
b110001011101101 ?
b1110101001100 O
b1011000000011000111101100000010 _
#1596
b1111111001001 "
b110001000110111 ?
b1111111001001 O
b1011000001001111010011110001010 _
#1597
b10001001011110 "
b110000110000001 ?
b10001001011110 O
b1011001000011101000011111111101 _
#1598
b10100001111000 "
b110000011001001 ?
b10100001111000 O
b1011001000000111000101010101110 _
#1599
b10100110110010 "
b110000000001111 ?
b10100110110010 O
b1011000100100111000110001000000 _
#1600
b10101000110100 "
b101111101010101 ?
b10101000110100 O
b1010111011100100100000010001001 _
#1601
b10100110111101 "
b101111010011001 ?
b10100110111101 O
b1010110000001110111010111000001 _
#1602
b10100000110111 "
b101110111011011 ?
b10100000110111 O
b1010110110010011001100000011100 _
#1603
b10001000011110 "
b101110100011101 ?
b10001000011110 O
b1010111010011100100000111000101 _
#1604
b1111110011010 "
b101110001011101 ?
b1111110011010 O
b1011000001001011001101101011010 _
#1605
b1110100000011 "
b101101110011101 ?
b1110100000011 O
b1011000110010011011110100011000 _
#1606
b1011100010010 "
b101101111011011 ?
b1011100010010 O
b1011001000001101101100111111101 _
#1607
b1011000100111 "
b101101011011000 ?
b1011000100111 O
b1011000101000001110110001001101 _
#1608
b1010111001101 "
b101101000011100 ?
b1010111001101 O
b1011000001100011110110000001110 _
#1609
b1011001101010 "
b101100101010100 ?
b1011001101010 O
b1011000100000000100011111100001 _
#1610
b1110000100101 "
b101100010001111 ?
b1110000100101 O
b1011001000011010010010000100001 _
#1611
b1111001110001 "
b101011111001001 ?
b1111001110001 O
b1011001100011001010111010011100 _
#1612
b10000011101111 "
b101011100000011 ?
b10000011101111 O
b1011001101010011101000000011011 _
#1613
b10001101110001 "
b101011000111011 ?
b10001101110001 O
b1011001101100011111111101001010 _
#1614
b10100101000000 "
b101010101110011 ?
b10100101000000 O
b1011001101001010101011011011000 _
#1615
b10100111110101 "
b101010010101010 ?
b10100111110101 O
b1011001100000110110001011010101 _
#1616
b10101000101011 "
b101001111100000 ?
b10101000101011 O
b1011001101110100110001110110010 _
#1617
b10100101011010 "
b101001100010101 ?
b10100101011010 O
b1011010010001011000100111100111 _
#1618
b10001101001001 "
b101001001001001 ?
b10001101001001 O
b1011010101001111111000111110101 _
#1619
b10000011101000 "
b101000101111101 ?
b10000011101000 O
b1011010111001111001100101000100 _
#1620
b1111001110001 "
b101000010110001 ?
b1111001110001 O
b1011011000100101110011000010010 _
#1621
b1111001110101 "
b100111111100100 ?
b1110001100101 O
b1011011100000100010110100001111 _
#1622
b1111010110110 "
b100111100010110 ?
b1011010110110 O
b1011011101101010100110100001001 _
#1623
b1011110111111 "
b100111001000111 ?
b1011110111111 O
b1011010111101010111111001101110 _
#1624
b1010111111101 "
b100110101111001 ?
b1010111111101 O
b1011000101110110101111011011111 _
#1625
b1011111111111 "
b100110010101001 ?
b1011111111111 O
b1011011000110010111011000111100 _
#1626
b1111100110111 "
b100101111011010 ?
b1111100110111 O
b1011100000011110010001111000101 _
#1627
b1111110010101 "
b100101100001010 ?
b1111110010101 O
b1011100001110011100010100001000 _
#1628
b1111110000110 "
b100101000111010 ?
b1111110000110 O
b1011011110010101000011101000110 _
#1629
b10001001000010 "
b100100101101001 ?
b10001001000010 O
b1011011000101011100011100100010 _
#1630
b10100001000000 "
b100100010011000 ?
b10100001000000 O
b1011010100000011100101001011110 _
#1631
b10100111011110 "
b100011111000111 ?
b10100111011110 O
b1011010010000110010101110111110 _
#1632
b10101001000100 "
b100011011110110 ?
b10101001000100 O
b1011010001010101011101101111100 _
#1633
b10100110110100 "
b100011000100100 ?
b10100110110100 O
b1011010001001000110001111011000 _
#1634
b10100001010010 "
b100010101010011 ?
b10100001010010 O
b1011010000110101000111001001100 _
#1635
b10001001011000 "
b100010010000001 ?
b10001001011000 O
b1011001110110011110001010011011 _
#1636
b1111111111010 "
b100001110110000 ?
b1111111111010 O
b1011001011001010001011100101100 _
#1637
b1110101011010 "
b100001011011110 ?
b1110101011010 O
b1011000111111110101101001011100 _
#1638
b1011101100000 "
b100001000001100 ?
b1011101100000 O
b1011001000001100000011010000001 _
#1639
b1011000111011 "
b100000100111011 ?
b1011000111011 O
b1011001010000010010101111111001 _
#1640
b1010110101101 "
b100000001101001 ?
b1010110101101 O
b1011001101000000001100001011100 _
#1641
b1011001011010 "
b11111110011000 ?
b1011001011010 O
b1011001110001100101101001100011 _
#1642
b1110000010100 "
b11111111011111 ?
b1110000010100 O
b1011001110000000111100110110011 _
#1643
b1111000110100 "
b11111011000110 ?
b1111000110100 O
b1011001110010010111011101111110 _
#1644
b10000010110100 "
b11110111110100 ?
b10000010110100 O
b1011001100100000000111101001001 _
#1645
b10001100010101 "
b11110100100101 ?
b10001100010101 O
b1011000111100100000010010001100 _
#1646
b10100100110111 "
b11110001010100 ?
b10100100110111 O
b1011000101001100001000000111110 _
#1647
b10100111111001 "
b11101110000100 ?
b10100111111001 O
b1011000101010111011001000110010 _
#1648
b10101000110001 "
b11101010110100 ?
b10101000110001 O
b1011000011111000111111000111110 _
#1649
b10100101101001 "
b11100111100101 ?
b10100101101001 O
b1011000111010100110011101010101 _
#1650
b10001110101110 "
b11100100010110 ?
b10001110101110 O
b1011001001010101001001001100000 _
#1651
b10000101001001 "
b11100001000111 ?
b10000101001001 O
b1011000101101011011000000010100 _
#1652
b1111010010110 "
b11011101111001 ?
b1111010010110 O
b1011000100011010011011100100011 _
#1653
b1110001100110 "
b11011010101011 ?
b1110001100110 O
b1011000010000000100111011010101 _
#1654
b1011010110110 "
b11010111011101 ?
b1011010110110 O
b1010111010011010100010110101110 _
#1655
b1010111101110 "
b11010100010001 ?
b1010111101110 O
b1010111111100111000111110011010 _
#1656
b1011000100010 "
b11010001000100 ?
b1011000000010 O
b1011000011011100100001010101010 _
#1657
b1011011011011 "
b11001101111001 ?
b1011011011011 O
b1011000100110000100110010010100 _
#1658
b1111011111011 "
b11001010101110 ?
b1110011111011 O
b1011000100110111011000111010100 _
#1659
b1111111110101 "
b11000111100100 ?
b1111111110101 O
b1011000000010010100001001001101 _
#1660
b11111111110101 "
b11000100011010 ?
b11111111110101 O
b1010111011110111100011000100010 _
#1661
b10100111111101 "
b11000001010001 ?
b10100111111101 O
b1010111110000011000101001000100 _
#1662
b10100110011111 "
b10111110001001 ?
b10100110011111 O
b1011000100110100110111100010100 _
#1663
b10100111111000 "
b10111011000010 ?
b10100111111000 O
b1011001011000100111000110110000 _
#1664
b10100111110001 "
b10110111111011 ?
b10100111110001 O
b1011001110111111110010101101100 _
#1665
b10100111000101 "
b10110100110101 ?
b10100111000101 O
b1011010000011101111000111001000 _
#1666
b10100010111001 "
b10110001110000 ?
b10100010111001 O
b1011001010111000111111111000101 _
#1667
b10001010101010 "
b10101110101100 ?
b10001010101010 O
b1010111001100111101011010110000 _
#1668
b10000000010100 "
b10101011101001 ?
b10000000010100 O
b1011000100001101110111010000011 _
#1669
b1110101111100 "
b10101000100111 ?
b1110101111100 O
b1011001011111111110111000111010 _
#1670
b1011110010001 "
b10100101100110 ?
b1011110010001 O
b1011001111000100011000011001010 _
#1671
b1011000111111 "
b10100010100110 ?
b1011000111111 O
b1011001101110000000111110101110 _
#1672
b1010111010101 "
b10011111100110 ?
b1010111010101 O
b1011001010111101010011101010100 _
#1673
b1011001000100 "
b10011100101000 ?
b1011001000100 O
b1011001001011010100011111110011 _
#1674
b1011110110000 "
b10011001101011 ?
b1011110110000 O
b1011000110011101101110010111011 _
#1675
b1110111001110 "
b10010110101111 ?
b1110111001110 O
b1011000000000100000001101001100 _
#1676
b10000001111010 "
b10010011110100 ?
b10000001111010 O
b1011000101001100100001000001010 _
#1677
b10001100100111 "
b10010000111010 ?
b10001100100111 O
b1011001000100100101001010101010 _
#1678
b10100011110001 "
b10010110111001 ?
b10100011110001 O
b1011001000110100001111101100000 _
#1679
b10100111100101 "
b10001110000010 ?
b10100111100101 O
b1011001000010000011110011110101 _
#1680
b10101000111011 "
b10001011001010 ?
b10101000111011 O
b1011000111111001011000001010100 _
#1681
b10100110010001 "
b10001000010011 ?
b10100110010001 O
b1011000101110100000100001000101 _
#1682
b10001110110000 "
b10000101011110 ?
b10001110110000 O
b1010111101000110100101111110000 _
#1683
b10000101110111 "
b10000010101010 ?
b10000101110111 O
b1011000110000110001010111000101 _
#1684
b1111100010111 "
b1111111111000 ?
b1111100010111 O
b1011001101011000000010001011110 _
#1685
b1110001101110 "
b1111101000110 ?
b1110001101110 O
b1011010001100010111111100111011 _
#1686
b1011010101001 "
b1111010010110 ?
b1011010101001 O
b1011010010011000000111101011001 _
#1687
b1011000010000 "
b1110111100111 ?
b1011000010000 O
b1011001110110100000001110010111 _
#1688
b1010111110100 "
b1110100111010 ?
b1010111110100 O
b1011000111001110110110101001011 _
#1689
b1011011001111 "
b1110010001101 ?
b1011011001111 O
b1011000000100000011100001110001 _
#1690
b1110010110100 "
b1101111100010 ?
b1110010110100 O
b1011000000011111010000011111001 _
#1691
b1111011100110 "
b1101100111001 ?
b1111011100110 O
b1011000100001100101000101011100 _
#1692
b10000110100010 "
b1101010010001 ?
b10000110100010 O
b1011001000001010011110111100010 _
#1693
b10001111100010 "
b1100111101010 ?
b10001111100010 O
b1011001000111100110100010000111 _
#1694
b10101111111110 "
b1100101000101 ?
b10101111111110 O
b1011000111000010111100100000111 _
#1695
b10101101111111 "
b1100010100001 ?
b10101101111111 O
b1011000000100110111110001110000 _
#1696
b10101111011111 "
b1011111111110 ?
b10101111011111 O
b1011000000000001111001001001110 _
#1697
b10100111001110 "
b1011101011101 ?
b10100111001110 O
b1011001010111011010001101101100 _
#1698
b10101011100011 "
b1011010111110 ?
b10101011100010 O
b1011001111101000001111000110000 _
#1699
b10001011100011 "
b1011000100000 ?
b10001011100011 O
b1011010001101111001000110011000 _
#1700
b10000001011000 "
b1010110000011 ?
b10010001011000 O
b1011010001010010101000000001100 _
#1701
b1110111011101 "
b1010011101000 ?
b1110111011101 O
b1011010000001010010101010110110 _
#1702
b1011110011100 "
b1010001001111 ?
b1011110011100 O
b1011001111001000011111000111011 _
#1703
b1011000110111 "
b1001110110111 ?
b1011000110111 O
b1011001101000010000110101010011 _
#1704
b1010111100001 "
b1001100100000 ?
b1010111100001 O
b1011001010110001001100001110111 _
#1705
b1011001011111 "
b1001010001011 ?
b1011001011111 O
b1011001010001000001100100010001 _
#1706
b1011101111010 "
b1000111111000 ?
b1011101111010 O
b1011001000111011000100001100100 _
#1707
b1110110001110 "
b1000101100110 ?
b1110110001110 O
b1011001001111100111000000100011 _
#1708
b10000000110101 "
b1000011010110 ?
b10000000110101 O
b1011001101000111110010000011000 _
#1709
b10001011000100 "
b1000001001000 ?
b10001011000100 O
b1011001100111011000001010101100 _
#1710
b10100010101100 "
b111110111011 ?
b10100010101100 O
b1011001100001110011001000100101 _
#1711
b10100111100011 "
b111100101111 ?
b10100111100011 O
b1011001100010110101011101011110 _
#1712
b10101001001100 "
b111010100101 ?
b10101001001100 O
b1011001010110110100000100100001 _
#1713
b10100110000101 "
b111000011101 ?
b10100110000101 O
b1011001100000010011100100100111 _
#1714
b10100000001010 "
b111000011111 ?
b10100000001010 O
b1011001110001001001111110001110 _
#1715
b10000111100011 "
b110110010010 ?
b10000111100011 O
b1011001111100100101010101110010 _
#1716
b1111101001011 "
b110100010110 ?
b1111101001011 O
b1011010001010100101100100001101 _
#1717
b1110010110000 "
b110010001111 ?
b1110010110000 O
b1011010011110011011100101100010 _
#1718
b1011011011110 "
b110000001101 ?
b1011011011110 O
b1011010011010101100000101001011 _
#1719
b1010111101110 "
b101110001101 ?
b1010111101110 O
b1011010011001000001000000010100 _
#1720
b1010111101100 "
b101100001110 ?
b1010111101100 O
b1011010101110010100001010110100 _
#1721
b1011010111110 "
b101010010010 ?
b1011010111110 O
b1011011000010011011001110111010 _
#1722
b1110010011100 "
b101000010111 ?
b1110010011100 O
b1011011011011101011101010100110 _
#1723
b1111011000111 "
b100110011101 ?
b1111011000111 O
b1011100000101100100110111100101 _
#1724
b10000100111001 "
b100100100110 ?
b10000100111001 O
b1011100001011000100010000101000 _
#1725
b10001110101010 "
b100010101111 ?
b10001110101010 O
b1011010100101101000100101100001 _
#1726
b10100110001011 "
b100000111011 ?
b10100110001011 O
b1011011010100111001011110111101 _
#1727
b10101000010010 "
b11111001000 ?
b10101000010011 O
b1011100100010001011010011110010 _
#1728
b10100111010110 "
b11101010111 ?
b10100111010110 O
b1011101000010100100001110110011 _
#1729
b10100111110101 "
b11011101000 ?
b10100011110101 O
b1011101000011100001001001110010 _
#1730
b10101111110011 "
b11001111010 ?
b10101110110011 O
b1011100100110010010110110001000 _
#1731
b10001111000010 "
b11000001110 ?
b10001111000010 O
b1011011110110110011101000000111 _
#1732
b10110011000000 "
b10110100011 ?
b10110011000000 O
b1011011011010110010111110110011 _
#1733
b1111011011011 "
b10100111011 ?
b1111001011011 O
b1011011010010110001011101101000 _
#1734
b1011111101001 "
b10011010100 ?
b1011111101001 O
b1011010110101000100111000010110 _
#1735
b1011011001011 "
b10001101110 ?
b1011111011011 O
b1011010011111110010000100001100 _
#1736
b1010111011101 "
b10000001010 ?
b1010111011101 O
b1011010100111010111110000110001 _
#1737
b1011000101100 "
b1110101000 ?
b1011000101100 O
b1011010011101010001100110110000 _
#1738
b1011110000000 "
b1101001000 ?
b1011110000000 O
b1011010001110000001100000010111 _
#1739
b1110101010010 "
b1011101001 ?
b1110101010010 O
b1011010010001100001100111100010 _
#1740
b1111111101001 "
b1010001100 ?
b1111111101001 O
b1011010000111100110111010000010 _
#1741
b10001010001101 "
b1000110000 ?
b10001010001101 O
b1011001110001010110001010001010 _
#1742
b10100001111111 "
b111010110 ?
b10100001111111 O
b1011001111010001011101100001110 _
#1743
b10100111100001 "
b101111110 ?
b10100111100001 O
b1011010000011010000101000010111 _
#1744
b10101001001111 "
b100100111 ?
b10101001001111 O
b1011001110110110100110101100001 _
#1745
b10100110010010 "
b11010010 ?
b10100110010010 O
b1011001101100101101110010011010 _
#1746
b10100000010010 "
b1111110 ?
b10100000010010 O
b1011001101001111000000111010000 _
#1747
b10001000111110 "
b101101 ?
b10001000111110 O
b1011001010001011110110011011010 _
#1748
b1111110011001 "
b1111111111011100 ?
b1111110011001 O
b1011001001101111001111011000100 _
#1749
b1110011100001 "
b1111111110011110 ?
b1110011100001 O
b1011001100100000110011111111000 _
#1750
b1011100110000 "
b1111111110001001 ?
b1011100110000 O
b1011001010100100110111111100110 _
#1751
b1011000000100 "
b1111111101000101 ?
b1011000000100 O
b1011000110010010011110101000101 _
#1752
b1010110111101 "
b1111111011110001 ?
b1010110111101 O
b1011001010011011010000010000011 _
#1753
b1011010100010 "
b1111111010101011 ?
b1011010100010 O
b1011001110000011110101110100011 _
#1754
b1110001001010 "
b1111111001100011 ?
b1110001001010 O
b1011001100100110101110010111000 _
#1755
b1111001111111 "
b1111111000011100 ?
b1111001111111 O
b1011001011010101000001000011101 _
#1756
b10000011110110 "
b1111110111010111 ?
b10000011110110 O
b1011001000011010100010110111110 _
#1757
b10001110001001 "
b1111110110010011 ?
b10001110001001 O
b1010111101011100001010101000001 _
#1758
b10100101011011 "
b1111110101010001 ?
b10100101011011 O
b1010110010010010101001111001110 _
#1759
b10101000000110 "
b1111110100010000 ?
b10101000000110 O
b1011000000001111111000011000110 _
#1760
b10101000001111 "
b1111110011010001 ?
b10101000001111 O
b1010111100101100101110111100011 _
#1761
b10100100010101 "
b1111110010010011 ?
b10100100010101 O
b1011000011100001101000100001111 _
#1762
b10001100110110 "
b1111110001010111 ?
b10001100110110 O
b1011000000100010000110000001110 _
#1763
b10000100001111 "
b1111110000011100 ?
b10000100001111 O
b1010111000011100010001011001110 _
#1764
b1111101101111 "
b1111101111100011 ?
b1111001100111 O
b1010111100110110111111011010000 _
#1765
b1111000100111 "
b1111101110101011 ?
b1110000100111 O
b1010111100111010110001011000000 _
#1766
b1111001100101 "
b1111101101110101 ?
b1111001100101 O
b1011000000110110010110100111001 _
#1767
b1011111100001 "
b1111101101000000 ?
b1011111100001 O
b1011000010011110001001111000010 _
#1768
b1011111011101 "
b1111101100001100 ?
b1011111011101 O
b1011000101000110100000110001010 _
#1769
b1011101011101 "
b1111101011011010 ?
b1011101011101 O
b1011000101001101001011111001011 _
#1770
b1011101001110 "
b1111101010101001 ?
b1011101011110 O
b1011001010001011111011111000001 _
#1771
b1111110110010 "
b1111101001111010 ?
b1111110111010 O
b1011001100000001110011101100010 _
#1772
b1111110011010 "
b1111101001001100 ?
b1111110011010 O
b1011001010000100111000100101000 _
#1773
b10001000110110 "
b1111101000100000 ?
b10001000110110 O
b1011001001101011100101011100011 _
#1774
b10100001001001 "
b1111100111110100 ?
b10100001001001 O
b1011000111101001001000000001111 _
#1775
b10101000010111 "
b1111100111001010 ?
b10101000010111 O
b1011000100111010010110010010010 _
#1776
b10101000101100 "
b1111100110100010 ?
b10101000101100 O
b1011000110101001110011111111011 _
#1777
b10100110101000 "
b1111100101111011 ?
b10100110101000 O
b1011000101000001011011010010010 _
#1778
b10100001011111 "
b1111100101010101 ?
b10100001011111 O
b1010111000110010111100100001000 _
#1779
b10001001001011 "
b1111100100110000 ?
b10001001001011 O
b1011000000001111001101001010011 _
#1780
b1111110011010 "
b1111100100001101 ?
b1111110011010 O
b1011000001010101111101100001111 _
#1781
b1110101010011 "
b1111100011101010 ?
b1110101010011 O
b1010111000111101010001110010111 _
#1782
b1011101111100 "
b1111100011001001 ?
b1011101111100 O
b1010111100111110011010000111011 _
#1783
b1011000010101 "
b1111100010101010 ?
b1011000010101 O
b1011000010100101111101000010110 _
#1784
b1010110100010 "
b1111100010001011 ?
b1010110100010 O
b1011001100101111010011001011100 _
#1785
b1011001111100 "
b1111100011101110 ?
b1011001111100 O
b1011010100001010011010010010001 _
#1786
b1110000110011 "
b1111100001101010 ?
b1110000110011 O
b1011011000000010100011001001010 _
#1787
b1111001010100 "
b1111100001010111 ?
b1111001010100 O
b1011011001110101011100100000000 _
#1788
b10000011000011 "
b1111100000110111 ?
b10000011000011 O
b1011011001000001010001111100000 _
#1789
b10001100010001 "
b1111100000011101 ?
b10001100010001 O
b1011010100011011111001010111101 _
#1790
b10100101000111 "
b1111100000000101 ?
b10100101000111 O
b1011001110001001100101011011001 _
#1791
b10101000100010 "
b1111011111101101 ?
b10101000100010 O
b1011001001100011111110111010111 _
#1792
b10101001000000 "
b1111011111010111 ?
b10101001000000 O
b1011001001000010000010110111001 _
#1793
b10100100110110 "
b1111011111000001 ?
b10100100110110 O
b1011001011111110111001100101101 _
#1794
b10001101001111 "
b1111011110101101 ?
b10001101001111 O
b1011001100101110111110000001000 _
#1795
b10000100101010 "
b1111011110011010 ?
b10000100101010 O
b1011001011010001111000111111110 _
#1796
b1111011001000 "
b1111011110001000 ?
b1111011001000 O
b1011001000010011101001010001001 _
#1797
b1110001101000 "
b1111011101110111 ?
b1110001101000 O
b1011000011100110011000001010101 _
#1798
b1011001111001 "
b1111011101100111 ?
b1011001111001 O
b1011001000011111100000110011110 _
#1799
b1010110101101 "
b1111011101011000 ?
b1010110101101 O
b1011001111111011100100001110011 _
#1800
b1010111100011 "
b1111011101001010 ?
b1010111100111 O
b1011010011000101001110111111010 _
#1801
b1011111100011 "
b1111011100111101 ?
b1011111100011 O
b1011010100100000100010001110001 _
#1802
b1111111110111 "
b1111011100110001 ?
b1111111110111 O
b1011010100010001111110110010000 _
#1803
b1111111110101 "
b1111011100100110 ?
b1111111110101 O
b1011010011001000110101010001000 _
#1804
b1111101101101 "
b1111011100011011 ?
b1111101101101 O
b1011010001000101011001001101011 _
#1805
b10000111001100 "
b1111011100010010 ?
b10000111011100 O
b1011001110011000001010001001000 _
#1806
b10100111111111 "
b1111011100001010 ?
b10100111111111 O
b1011001100001011100111001110000 _
#1807
b10100111110110 "
b1111011100000010 ?
b10100111110110 O
b1011001001000001110110101110111 _
#1808
b10101000111011 "
b1111011011111011 ?
b10101000111011 O
b1011000111100001111101100010100 _
#1809
b10100110110100 "
b1111011011110110 ?
b10100110110100 O
b1011001010100110100011100111110 _
#1810
b10100010100100 "
b1111011011110001 ?
b10100010100100 O
b1011001100110111110011000001011 _
#1811
b10001010001010 "
b1111011011101101 ?
b10001010001010 O
b1011001100010001111101101100011 _
#1812
b1111111111110 "
b1111011011101001 ?
b1111111111110 O
b1011001011010010100100111101111 _
#1813
b1110110000001 "
b1111011011100111 ?
b1110110000001 O
b1011001000001101110110100001101 _
#1814
b1011110000011 "
b1111011011100101 ?
b1011110000011 O
b1011000010110110111100110110010 _
#1815
b1011000011000 "
b1111011011100100 ?
b1011000011000 O
b1011000001111010101001000111000 _
#1816
b1010110100101 "
b1010110100101 O
b1011000011100110110111001011000 _
#1817
b1011001101101 "
b1011001101101 O
b1011000110000110110001010011010 _
#1818
b1011111011001 "
b1111011011100101 ?
b1011111011001 O
b1011001010011101101000000011000 _
#1819
b1111000001101 "
b1111011011100111 ?
b1111000001101 O
b1011001011101011011111011101100 _
#1820
b10000010010100 "
b1111011011101010 ?
b10000010010100 O
b1011001001000000101110100000110 _
#1821
b10001011111011 "
b1111011011101101 ?
b10001011111011 O
b1011000111010010101110001110000 _
#1822
b10100011100000 "
b1111011011101001 ?
b10100011100000 O
b1011001000001100000100000000100 _
#1823
b10100111110101 "
b1111011011110101 ?
b10100111110101 O
b1011001001110010111011110110000 _
#1824
b10101000101110 "
b10101000101110 O
b1011001101111100111111101100110 _
#1825
b10100101110110 "
b1111011011111010 ?
b10100101110110 O
b1011010010000101010100110111110 _
#1826
b10001110101000 "
b1111011100000000 ?
b10001110101000 O
b1011010001101000010110100101100 _
#1827
b10000101010100 "
b1111011100000111 ?
b10000101010100 O
b1011000111000110101100001001110 _
#1828
b1111100111111 "
b1111011100001101 ?
b1111100111111 O
b1011001001001010101100010111111 _
#1829
b1110010000001 "
b1111011100010101 ?
b1110010000001 O
b1011010000101001011000100101000 _
#1830
b1011011011110 "
b1111011100011101 ?
b1011011011110 O
b1011010010011110001010010110001 _
#1831
b1010111100011 "
b1111011100100110 ?
b1010111100011 O
b1011010010000110111011001100101 _
#1832
b1010111010000 "
b1111011100101111 ?
b1010111010000 O
b1011001100000011110001000001000 _
#1833
b1011011100100 "
b1111011100111000 ?
b1011011100100 O
b1010111011111001011110000101010 _
#1834
b1110011100011 "
b1111011101000010 ?
b1110011100011 O
b1010110000010101101000001000111 _
#1835
b1111100101011 "
b1111011101001101 ?
b1111100101011 O
b1010101111100111100100001011000 _
#1836
b10111110101111 "
b1111011101011000 ?
b10000110100111 O
b1011000010001110101100111010111 _
#1837
b10001111100111 "
b1111011101100100 ?
b10001111100111 O
b1011001010111101100111101111010 _
#1838
b10101111110101 "
b1111011101110000 ?
b10101110110101 O
b1011001101101010100110011100011 _
#1839
b10101110110011 "
b1111011101111100 ?
b10101110110011 O
b1011001110001001100010100110000 _
#1840
b10101111110010 "
b1111011110001001 ?
b10101111110010 O
b1011001100101110010011001100100 _
#1841
b10100111111110 "
b1111011110010110 ?
b10100111111110 O
b1011001001011110110000010011100 _
#1842
b10100011111111 "
b1111011110100100 ?
b10101011111111 O
b1011000111011101100101001101101 _
#1843
b10001011001100 "
b1111011110110010 ?
b10001011001100 O
b1011001001111010111001100010110 _
#1844
b10000001001100 "
b1111011111001111 ?
b10000001001100 O
b1011001110101011001001010001100 _
#1845
b1110111011100 "
b1111011111011110 ?
b1110111011100 O
b1011010001001001001000001011100 _
#1846
b1011110100000 "
b1111011111101101 ?
b1011110100000 O
b1011010010110011011100100001000 _
#1847
b1011000110011 "
b1111011111111101 ?
b1011000110011 O
b1011010011010011001001111000000 _
#1848
b1010111101001 "
b1111100000001101 ?
b1010111101001 O
b1011010001110110111001111111000 _
#1849
b1011001000100 "
b1111100000011101 ?
b1011001000100 O
b1011010000101111010110000111111 _
#1850
b1011110001000 "
b1111100000101101 ?
b1011110001000 O
b1011010000100010110011010011100 _
#1851
b1110111001001 "
b1111100000111110 ?
b1110111001001 O
b1011010001100000000001010010101 _
#1852
b10000001011001 "
b1111100001001111 ?
b10000001011001 O
b1011010010111010001101011000010 _
#1853
b10001011000001 "
b1111100001100000 ?
b10001011000001 O
b1011010100110111001001101010011 _
#1854
b10100010100111 "
b1111100001110010 ?
b10100010100111 O
b1011011000110111111101000100110 _
#1855
b10100111110000 "
b1111100010000100 ?
b10100111110000 O
b1011011010001011001110010000000 _
#1856
b10101001001010 "
b1111100010010110 ?
b10101001001010 O
b1011001101011000111011000110111 _
#1857
b10100101110000 "
b1111100010010000 ?
b10100101110000 O
b1011011011100000101001100011000 _
#1858
b10001111101101 "
b1111100010101010 ?
b10001111101101 O
b1011100011111011100010010111100 _
#1859
b10000110110111 "
b1111100010111110 ?
b10000110110111 O
b1011100110000101000110010000000 _
#1860
b1111101010110 "
b1111100011001101 ?
b1111101010110 O
b1011100110101000100010000101100 _
#1861
b1110010011101 "
b1111100011011111 ?
b1110010011101 O
b1011100011100100000010000100000 _
#1862
b1011011101011 "
b1111100011110010 ?
b1011011101011 O
b1011011011001000110001101000000 _
#1863
b1010111101100 "
b1111100100000101 ?
b1010111101100 O
b1011010100000101111001100001101 _
#1864
b1010110110011 "
b1111100100011000 ?
b1010110110011 O
b1011010010001100111101001010010 _
#1865
b1011011001100 "
b1111100100101011 ?
b1011011001100 O
b1011001110000000101100000110101 _
#1866
b1110010101001 "
b1111100100111111 ?
b1110010101001 O
b1011001000010111110101110110011 _
#1867
b1111011011010 "
b1111100101010010 ?
b1111011011010 O
b1011000111110111010000110000101 _
#1868
b10000101010011 "
b1111100101100101 ?
b10000101010011 O
b1011001000010000110000010110110 _
#1869
b10001110111001 "
b1111100101111001 ?
b10001110111001 O
b1011000110000001001011110101001 _
#1870
b10100110101100 "
b1111100110001101 ?
b10100110101101 O
b1011000110110001001000010000010 _
#1871
b10101100111111 "
b1111100110100001 ?
b10101000111111 O
b1011000001001000101011010000110 _
#1872
b10101111111111 "
b1111100110110100 ?
b10100111111111 O
b1010111000100011111100001101010 _
#1873
b10100110111101 "
b1111100111001000 ?
b10100110111101 O
b1011000000100111111110000010010 _
#1874
b10101111011101 "
b1111100111011100 ?
b10101111011101 O
b1011000010000101111101000011110 _
#1875
b10001011111101 "
b1111100111110000 ?
b10001011111101 O
b1011000100010000011001011110110 _
#1876
b10111010101101 "
b1111101000000100 ?
b10111010101101 O
b1011000010000001011110011001110 _
#1877
b1111011101010 "
b1111101000011000 ?
b1111111101010 O
b1010111100010111001000111111111 _
#1878
b1011111100101 "
b1111101000101100 ?
b1011111100101 O
b1010111100011011011100111111101 _
#1879
b1011001110001 "
b1111101001000000 ?
b1011001110001 O
b1010111111111001110010001111110 _
#1880
b1010111001011 "
b1111101001010100 ?
b1010111001011 O
b1011000110101010000011111010000 _
#1881
b1011000110110 "
b1111101001101000 ?
b1011000110110 O
b1011001010110100110001000010100 _
#1882
b1011110000111 "
b1111101001111100 ?
b1011110000111 O
b1011001001000001001100001111000 _
#1883
b1110101101110 "
b1111101010010000 ?
b1110101101110 O
b1011000101100000000101000110000 _
#1884
b1111111111101 "
b1111101010100100 ?
b1111111111101 O
b1011001000010010111010001110100 _
#1885
b10001010001111 "
b1111101010111000 ?
b10001010001111 O
b1011000001001011010100100001010 _
#1886
b10100001110100 "
b1111101011001100 ?
b10100001110100 O
b1011001111110101010010110100000 _
#1887
b10101000001011 "
b1111101011011111 ?
b10101000001011 O
b1011011001101011010011010111101 _
#1888
b10101001001000 "
b1111101011110011 ?
b10101001001000 O
b1011011101000110000101101011010 _
#1889
b10100110000111 "
b1111101100000111 ?
b10100110000111 O
b1011011110100100001011111010100 _
#1890
b10100000011101 "
b1111101100011010 ?
b10100000011101 O
b1011011101001001111001001100110 _
#1891
b10001000000100 "
b1111101100101110 ?
b10001000000100 O
b1011010101110010010111100100000 _
#1892
b1111101000101 "
b1111101101000001 ?
b1111101000101 O
b1011001000111111000110011100010 _
#1893
b1110011110101 "
b1111101101000101 ?
b1110011110101 O
b1011000001011000011100111110001 _
#1894
b1011100010001 "
b1111101101010000 ?
b1011100010001 O
b1010111110110100110000101100000 _
#1895
b1010111011100 "
b1111101101101000 ?
b1010111011100 O
b1011000001110110000110010111100 _
#1896
b1010110111110 "
b1111101101111011 ?
b1010110111110 O
b1011000110111110011110011000111 _
#1897
b1011010110110 "
b1111101110001110 ?
b1011010110110 O
b1011001000000000110111111001001 _
#1898
b1110001101000 "
b1111101110100001 ?
b1110001101000 O
b1011000011110001000010110000110 _
#1899
b1111010101001 "
b1111101110110100 ?
b1111010101001 O
b1010110001011100101111000110110 _
#1900
b10000011111111 "
b1111101111000111 ?
b10000011111111 O
b1011000001011011000100110011100 _
#1901
b10001110011010 "
b1111101111011010 ?
b10001110011010 O
b1011001010011110000001010001000 _
#1902
b10100101011110 "
b1111101111101100 ?
b10100101011110 O
b1011001101101101100111111001000 _
#1903
b10101001000001 "
b1111101111111110 ?
b10101001000001 O
b1011001101111001000111001100010 _
#1904
b10101001000000 "
b1111110000010001 ?
b10101001000000 O
b1011001101000011010100101011110 _
#1905
b10100011100000 "
b1111110000100011 ?
b10100011100000 O
b1011001100001011010100001100100 _
#1906
b10001100110011 "
b1111110000110101 ?
b10001100110011 O
b1011000111010110110000101100101 _
#1907
b10001111110111 "
b1111110001000111 ?
b10000011110111 O
b1011000000001000011100011000100 _
#1908
b1111011111101 "
b1111110001011000 ?
b1111011111101 O
b1010110010100001011110100100110 _
#1909
b1111111111101 "
b1111110001101010 ?
b1111111111101 O
b1010111100011010101000001110111 _
#1910
b1011111110111 "
b1111110001111011 ?
b1011111110111 O
b1011000001010011000000100111011 _
#1911
b1111110010001101 ?
b1010111101010101011000100111100 _
#1912
b1010111010110 "
b1111110010011110 ?
b1011111010110 O
b1010111100111100111111011101000 _
#1913
b1011101101100 "
b1111110010101111 ?
b1011101111100 O
b1010111111111101100010110010111 _
#1914
b1011101010100 "
b1111110011000000 ?
b1011101010100 O
b1010111101010000100001111010111 _
#1915
b1110100111010 "
b1111110011010000 ?
b1110100111010 O
b1010101010101110101101001001100 _
#1916
b1111110010001 "
b1111110011100001 ?
b1111110010001 O
b1010111010011111111101001011110 _
#1917
b10001000111000 "
b1111110011110001 ?
b10001000111000 O
b1011000001101011111000000110001 _
#1918
b10100010000000 "
b1111110100000001 ?
b10100010000000 O
b1011000101010111100101111111001 _
#1919
b10100111110010 "
b1111110100010001 ?
b10100111110010 O
b1011000111011010101100001111000 _
#1920
b10101001000101 "
b1111110100100001 ?
b10101001000101 O
b1011000101000111011011001001000 _
#1921
b10100110010101 "
b1111110100110000 ?
b10100110010101 O
b1010111001111011101110011101100 _
#1922
b10100000111110 "
b1111110101000000 ?
b10100000111110 O
b1010110100100001101011011010010 _
#1923
b10001001011111 "
b1111110101001111 ?
b10001001011111 O
b1010111010100111010011100000101 _
#1924
b1111110110111 "
b1111110101011110 ?
b1111110110111 O
b1010111011100011101100100000001 _
#1925
b1110100101100 "
b1111110101101101 ?
b1110100101100 O
b1010111000100101001011110110010 _
#1926
b1011101000110 "
b1111110101111100 ?
b1011101000110 O
b1010100001100011100101111001010 _
#1927
b1011000000011 "
b1111110110001010 ?
b1011000000011 O
b1010111001100110111111100100001 _
#1928
b1010110111001 "
b1111110110011001 ?
b1010110111001 O
b1010111001100110101011010111100 _
#1929
b1011010000111 "
b1111110110011111 ?
b1011010000111 O
b1011000101001011111011001101101 _
#1930
b1110000110101 "
b1111110110100101 ?
b1110000110101 O
b1011001101010010011010000001001 _
#1931
b1111001000100 "
b1111110110110101 ?
b1111001000100 O
b1011010000001101000000011000000 _
#1932
b10000011111111 "
b1111110111000011 ?
b10000011111111 O
b1011010000100101110110011111111 _
#1933
b10001100110001 "
b1111110111010000 ?
b10001100110001 O
b1011010000001010111000110000101 _
#1934
b10100100111001 "
b1111110111011110 ?
b10100100111001 O
b1011001100110110000001111000111 _
#1935
b10101000110101 "
b1111110111101011 ?
b10101000110101 O
b1011001000110010101100001110111 _
#1936
b10101001010010 "
b1111110111111000 ?
b10101001010010 O
b1011000111010100000011011101000 _
#1937
b10100100011110 "
b1111111000000101 ?
b10100100011110 O
b1011000110110110010001000111000 _
#1938
b10001100110110 "
b1111111000010010 ?
b10001100110110 O
b1011000100000011011001110011001 _
#1939
b10000100101001 "
b1111111000011110 ?
b10000100101001 O
b1010111110010100101000110010100 _
#1940
b1111011010111 "
b1111111000101010 ?
b1111011010111 O
b1011000010110000101101101001010 _
#1941
b1110001001011 "
b1111111000110111 ?
b1110001001011 O
b1011000101011001111001000101011 _
#1942
b1011010000011 "
b1111111001000011 ?
b1011010000011 O
b1011000100010111011111001010011 _
#1943
b1010111000101 "
b1111111001001110 ?
b1010111000101 O
b1011000110010100110000111110100 _
#1944
b1010111001101 "
b1111111001011010 ?
b1010111001101 O
b1011001100001010100101010011010 _
#1945
b1011111101111 "
b1111111001100101 ?
b1011110101111 O
b1011010000001101111101110100011 _
#1946
b1111101101110 "
b1111111001110001 ?
b1111101101110 O
b1011010010001010110110000010000 _
#1947
b1111101101010 "
b1111111001111100 ?
b1111101101010 O
b1011010011111001010100000111001 _
#1948
b1111101101000 "
b1111111010000110 ?
b1111101101000 O
b1011010100101011011000001101000 _
#1949
b10000111100011 "
b1111111010010001 ?
b10000111100011 O
b1011010001111100010011000110111 _
#1950
b10100011010100 "
b1111111010011100 ?
b10100111010100 O
b1011001100011001101111011000110 _
#1951
b10100111100110 "
b1111111010100110 ?
b10100111100110 O
b1011001000101011010000101011010 _
#1952
b10101001100010 "
b1111111010110000 ?
b10101001100010 O
b1011000110010101010100111101101 _
#1953
b10100111100010 "
b1111111010111010 ?
b10100111100010 O
b1011001001111110101111110100011 _
#1954
b10100001101000 "
b1111111011000100 ?
b10100001101000 O
b1011001011001010101110001111100 _
#1955
b10001000111101 "
b1111111011001101 ?
b10001000111101 O
b1011001001000011000100110101010 _
#1956
b10000000011010 "
b1111111011010111 ?
b10000000011010 O
b1011000101111101110001100000000 _
#1957
b1110110101111 "
b1111111011100000 ?
b1110110101111 O
b1011000111111101110101000110011 _
#1958
b1011101110100 "
b1111111011101001 ?
b1011101110100 O
b1011001101111010101110100010010 _
#1959
b1010111101100 "
b1111111011110010 ?
b1010111101100 O
b1011010110101010011000101001011 _
#1960
b1010110101100 "
b1111111011111011 ?
b1010110101100 O
b1011011011011000000100011001111 _
#1961
b1011010011110 "
b1111111100000011 ?
b1011010011110 O
b1011011100001000000010101010000 _
#1962
b1011110111101 "
b1111111100001100 ?
b1011110111101 O
b1011011011101100111010110010100 _
#1963
b1111000000101 "
b1111111100010100 ?
b1111000000101 O
b1011011010000101001011000101110 _
#1964
b10000010011111 "
b1111111100011100 ?
b10000010011111 O
b1011010110101011010110110111011 _
#1965
b10001100001010 "
b10001100001010 O
b1011010011100101111110011101000 _
#1966
b10100011011000 "
b1111111100100100 ?
b10100011011000 O
b1011010100001000100110010010111 _
#1967
b10101000100111 "
b1111111100101100 ?
b10101000100111 O
b1011010011001101000011010001010 _
#1968
b10101001100001 "
b1111111100110011 ?
b10101001100001 O
b1011001111101111000100101101000 _
#1969
b10100101000101 "
b1111111100111011 ?
b10100101000101 O
b1011010001101011010010000111000 _
#1970
b10001101111011 "
b1111111101000010 ?
b10001101111011 O
b1011010100101100000000100101000 _
#1971
b10000101011010 "
b1111111101001001 ?
b10000101011010 O
b1011010100001100010111110111110 _
#1972
b1111011111101 "
b1111111101010000 ?
b1111011111101 O
b1011010101100101000010111101001 _
#1973
b1110001101001 "
b1111111101010111 ?
b1110001101001 O
b1011010111010001000101111101010 _
#1974
b1011010011011 "
b1111111101011101 ?
b1011010011011 O
b1011010100110101010101001010110 _
#1975
b1010111001010 "
b1111111101100100 ?
b1010111001010 O
b1011010101000001010111000111010 _
#1976
b1010110110010 "
b1111111101101010 ?
b1010110110010 O
b1011011000001100011011110000000 _
#1977
b1011100010010 "
b1111111101110001 ?
b1011100010010 O
b1011010111111010001000010011100 _
#1978
b1110111111111 "
b1111111101110111 ?
b1110011111111 O
b1011011000011011110000011001100 _
#1979
b1111010111011 "
b1111111101111101 ?
b1111010111111 O
b1011011100011001000001110111110 _
#1980
b11111110111011 "
b1111111110000010 ?
b10101110111011 O
b1011011100011000010011010011000 _
#1981
b10001111111101 "
b1111111110001000 ?
b10001111111101 O
b1011011011101000101011101001110 _
#1982
b10101111111100 "
b1111111110001110 ?
b10101111111100 O
b1011011111000111101101111110110 _
#1983
b10101111010011 "
b1111111110010011 ?
b10101111010011 O
b1011100000100010101100100100011 _
#1984
b10100111010111 "
b1111111110011000 ?
b10101111010111 O
b1011100000100010100010010100000 _
#1985
b10101010101110 "
b1111111110011101 ?
b10101010101110 O
b1011100101111010100011111100010 _
#1986
b10100011101110 "
b1111111110100010 ?
b10101011101110 O
b1011101000011001101000011010010 _
#1987
b10001001101101 "
b1111111110100111 ?
b10001001101101 O
b1011011001100101010110101110011 _
#1988
b10000000101011 "
b1111111110101100 ?
b10000000101011 O
b1011111010001011000100111100011 _
#1989
b1110111101111 "
b1111111110110001 ?
b1110111101111 O
b1100000010110010011011000100000 _
#1990
b1011110100101 "
b1111111110110101 ?
b1011110100101 O
b1100000100101010111110001100010 _
#1991
b1011000001101 "
b1111111110111001 ?
b1011000001101 O
b1100000100111010110011010111000 _
#1992
b1010110010000 "
b1111111110111110 ?
b1010110010000 O
b1100000010111011001001011111100 _
#1993
b1011001100100 "
b1111111111000010 ?
b1011001100100 O
b1011111010010000011110101001110 _
#1994
b1011111010101 "
b1111111111000110 ?
b1011111010101 O
b1011101100011100100101000011101 _
#1995
b1110111101000 "
b1111111111001010 ?
b1110111101000 O
b1011101000000100110011110111110 _
#1996
b10000001100010 "
b1111111111001110 ?
b10000001100010 O
b1011100100101111010111101011100 _
#1997
b10001011000010 "
b1111111111010001 ?
b10001011000010 O
b1011100000011001000010011001110 _
#1998
b10100010100111 "
b1111111111010101 ?
b10100010100111 O
b1011100000101101000111010101000 _
#1999
b10101000001001 "
b1111111111011000 ?
b10101000001001 O
b1011011111100010101000110110011 _
#2000
b10101001101001 "
b1111111111011100 ?
b10101001101001 O
b1011011100001111101000100110001 _
#2001
b10100101111001 "
b1111111111011111 ?
b10100101111001 O
b1011011100111001001100100001101 _
#2002
b10001111100101 "
b1111111111011011 ?
b10001111100101 O
b1011011100101111001100110101011 _
#2003
b10000110000100 "
b1111111111100010 ?
b10000110000100 O
b1011011001110111000110011100010 _
#2004
b1111100101110 "
b1111111111100101 ?
b1111100101110 O
b1011011000111110110111000111001 _
#2005
b1110011000001 "
b1111111111101000 ?
b1110011000001 O
b1011011010010000100101000101011 _
#2006
b1011011111001 "
b1111111111101011 ?
b1011011111001 O
b1011011000001000100110010010000 _
#2007
b1010111001101 "
b1111111111101110 ?
b1010111001101 O
b1011010110010000101110101000000 _
#2008
b1010110101000 "
b1111111111110001 ?
b1010110101000 O
b1011011000010011100101001001100 _
#2009
b1011011001101 "
b1111111111110011 ?
b1011011001101 O
b1011010110011101000000100101011 _
#2010
b1110011010000 "
b1111111111110110 ?
b1110011010000 O
b1011010100110100111011111011000 _
#2011
b1111011011110 "
b1111111111111000 ?
b1111011011110 O
b1011010111100001100010110101000 _
#2012
b10000101111011 "
b1111111111111011 ?
b10000101111011 O
b1011010110000100110011010010100 _
#2013
b10001111010001 "
b1111111111111101 ?
b10001111010001 O
b1011010011110111110010010110110 _
#2014
b10100101110101 "
b1111111111111111 ?
b10100101110101 O
b1011010100110101011111001011101 _
#2015
b10101101110101 "
b1 ?
b10101001100101 O
b1011010100010110010101011000110 _
#2016
b10101000010111 "
b11 ?
b10101000010111 O
b1011010001011111000000101011011 _
#2017
b10101011110011 "
b101 ?
b10101011110011 O
b1011010000100110011001011001110 _
#2018
b10101011100111 "
b111 ?
b10101011100111 O
b1011000101001011001001000001111 _
#2019
b10001011110111 "
b1000 ?
b10001011110111 O
b1011001100000101000110101111111 _
#2020
b10110001110111 "
b1010 ?
b10111001110111 O
b1011001101111110011001110111000 _
#2021
b1111011011110 "
b1100 ?
b1111111011110 O
b1011001010010110101000000110001 _
#2022
b1011111011100 "
b1101 ?
b1011111011100 O
b1011000011100101101000000110001 _
#2023
b1011000111000 "
b1111 ?
b1011000111000 O
b1011010000000100100101111111100 _
#2024
b1010110110101 "
b10000 ?
b1010110110101 O
b1011010011011000110111101001100 _
#2025
b1011000011000 "
b10001 ?
b1011000011000 O
b1011010001011101011111000110100 _
#2026
b1011101111011 "
b10010 ?
b1011101111011 O
b1011010000100011111000101001000 _
#2027
b1110111001011 "
b10100 ?
b1110111001011 O
b1011010000101001010011100010111 _
#2028
b10000000111001 "
b10101 ?
b10000000111001 O
b1011001110010001100010100001100 _
#2029
b10001001101100 "
b10110 ?
b10001001101100 O
b1011001101101010100011100100100 _
#2030
b10100010000111 "
b10111 ?
b10100010000111 O
b1011010000111000101000100111001 _
#2031
b10101000000011 "
b10101000000011 O
b1011010001100000000100100101110 _
#2032
b10101000111111 "
b11000 ?
b10101000111111 O
b1011010001010110001001011101101 _
#2033
b10100110110011 "
b11001 ?
b10100110110011 O
b1011010010000101000010010010111 _
#2034
b10100000010010 "
b11010 ?
b10100000010010 O
b1011010001001010001100000110110 _
#2035
b10000111001100 "
b10000111001100 O
b1011010000000011110000101001101 _
#2036
b1111101000000 "
b11011 ?
b1111101000000 O
b1011010000100111100100111010100 _
#2037
b1110100010111 "
b1110100010111 O
b1011010001001100000011011001101 _
#2038
b1011100110001 "
b1011100110001 O
b1011010000101111010010001101011 _
#2039
b1010111011100 "
b1010111011100 O
b1011010000110001111010101011000 _
#2040
b1010110001011 "
b11100 ?
b1010110001011 O
b1011010000010001000000000101110 _
#2041
b1011010111100 "
b1011010111100 O
b1011001100001111111111101110011 _
#2042
b1110001011110 "
b1110001011110 O
b1011001100100111101011101011100 _
#2043
b1111010100100 "
b1111010100100 O
b1011001111100100001100100011100 _
#2044
b10000100110001 "
b10000100110001 O
b1011010000000010010100010100001 _
#2045
b10001110011001 "
b10001110011001 O
b1011010000111101000000110101100 _
#2046
b10100100111001 "
b10100100111001 O
b1011010100011100111110101010111 _
#2047
b10101000111101 "
b10101000111101 O
b1011010110111111101111000100100 _
#2048
b10101000101111 "
b10000101011100 0
1>
b10101000101111 O
b1011011000101010110000001010101 _
b111010000101011100 #"
1C"
1E"
#2049
b10100100000111 "
b10100100000111 O
b1011011001100011100101100100100 _
#2050
b10001111111011 "
b10001011111111 O
b1011011001011010111011100110001 _
#2051
b10001010111111 "
b10010010111100 0
b10000010110111 O
b1011010110010000010100110011110 _
b111110010010111100 #"
#2052
b11111010111111 "
b10010001111000 0
b1111010111111 O
b1011101001001001001010000010010 _
b1001010010001111000 #"
#2053
b1111000111101 "
b1100011111100 0
b1111000111101 O
b1100000111000111110000100010110 _
b1001001100011111100 #"
#2054
b1111001011101 "
b10111110100100 0
b1111001011101 O
b1100010100111011101100111101001 _
b1000110111110100100 #"
#2055
b1011001101110 "
b11111111111100 0
b1011101101110 O
b1100011001100000101011000011010 _
b111011111111111100 #"
#2056
b1010110010110 "
b10100101111110 0
b1011110010110 O
b1011010000010001000000000101110 _
0!"
b110110100101111110 #"
#2057
b1011001001101 "
b10010000011000 0
b1011101001101 O
b110010010000011000 #"
#2058
b1011101010110 "
b11101111011111 0
b1011101010110 O
b100111101111011111 #"
#2059
b1110101100011 "
b11110010011100 0
b1110101100011 O
b100011110010011100 #"
#2060
b1111111011011 "
b11010110000000 0
b1111111011011 O
b100011010110000000 #"
#2061
b10001001001101 "
b10110110011110 0
b10001001001101 O
b100010110110011110 #"
#2062
b10100001101011 "
b11100101011000 0
b10100001101011 O
b100011100101011000 #"
#2063
b10100111110101 "
b10111011011011 0
b10100111110101 O
b101010111011011011 #"
#2064
b10101000111010 "
b10110010101011 0
b10101000111010 O
b101110110010101011 #"
#2065
b10100110111000 "
b11111000100010 0
b10100110111000 O
b101111111000100010 #"
#2066
b10100001010110 "
b1100000101001 0
b10100001010110 O
b110101100000101001 #"
#2067
b10001000000011 "
b101111010100 0
b10001000000011 O
b110100101111010100 #"
#2068
b1111110101110 "
b11011011100010 0
b1111110101110 O
b101111011011100010 #"
#2069
b1110100110101 "
b110000000 0
b1110100110101 O
b101100000110000000 #"
#2070
b1011100100111 "
b11110101010000 0
b1011100100111 O
b100011110101010000 #"
#2071
b1010111110100 "
b11011010001111 0
b1010111110100 O
b11111011010001111 #"
#2072
b1010110101011 "
b1001100011010 0
b1010110101011 O
b11001001100011010 #"
#2073
b1011010100010 "
b1100010101100 0
b1011010100010 O
b10101100010101100 #"
#2074
b1110001001001 "
b10010110010010 0
b1110001001001 O
b1110010110010010 #"
#2075
b1111001011000 "
b10111010010000 0
b1111001011000 O
b1010111010010000 #"
#2076
b10000011111111 "
b1011101111100 0
b10000011111111 O
b1001011101111100 #"
#2077
b10001101001101 "
b11001001101111 0
b10001101001101 O
b111001001101111 #"
#2078
b10100100110100 "
b1010110001111 0
b10100100110100 O
b101010110001111 #"
#2079
b10101000101100 "
b1111011110100 0
b10101000101100 O
b1111011110100 #"
#2080
b10101000101111 "
b1111001100100 0
b10101000101111 O
b11111111111111111101111001100100 #"
#2081
b10100100111001 "
b1010011000011 0
b10100100111001 O
b11111111111111111001010011000011 #"
#2082
b10001101010010 "
b11000101000011 0
b10001101010010 O
b11111111111111110011000101000011 #"
#2083
b10000100100001 "
b10110111100000 0
b10000100100001 O
b11111111111111101010110111100000 #"
#2084
b1111001101111 "
b1101011011110 0
b1111001101111 O
b11111111111111100101101011011110 #"
#2085
b1110000010011 "
b10110111001011 0
b1110000010011 O
b11111111111111011110110111001011 #"
#2086
b1011010011011 "
b11011110000011 0
b1011010001011 O
b11111111111111011111011110000011 #"
#2087
b1011111011101 "
b11011100110110 0
b1010111011101 O
b11111111111111011011011100110110 #"
#2088
b1010111111110 "
b100101011000 0
b1010111111110 O
b11111111111111011000100101011000 #"
#2089
b1011111111110 "
b10110001000 0
b1011111111110 O
b11111111111111011100010110001000 #"
#2090
b1111101011000 "
b10011001101000 0
b1111101011000 O
b11111111111111011010011001101000 #"
#2091
b1111111100110 "
b11010100000110 0
b1111111100110 O
b11111111111111010111010100000110 #"
#2092
b1111110100110 "
b10011110101110 0
b1111110100110 O
b11111111111111010010011110101110 #"
#2093
b10001001001100 "
b10111110011100 0
b10101001011100 O
b11111111111111001010111110011100 #"
#2094
b10100001011000 "
b1100110110000 0
b10100101011000 O
b11111111111110110101100110110000 #"
#2095
b10100101111110 "
b1111011010011 0
b10100101111110 O
b11111111111110101001111011010011 #"
#2096
b10101001001001 "
b10101100001101 0
b10101001001001 O
b11111111111110011010101100001101 #"
#2097
b10100111100110 "
b100111101010 0
b10100111100110 O
b11111111111110000000100111101010 #"
#2098
b10100001111101 "
b10000111100100 0
b10100001111101 O
b11111111111101110010000111100100 #"
#2099
b10001000100100 "
b10100000010000 0
b10001000100100 O
b11111111111101100110100000010000 #"
#2100
b1111111111111 "
b11001001000110 0
b1111111111111 O
b11111111111101011111001001000110 #"
#2101
b1110110000001 "
b10101001010100 0
b1110110000001 O
b11111111111101011010101001010100 #"
#2102
b1011101110001 "
b10100000110000 0
b1011101110001 O
b11111111111101101010100000110000 #"
#2103
b1011000011111 "
b1011110101010 0
b1011000011111 O
b11111111111101101101011110101010 #"
#2104
b1010110001101 "
b10010101011 0
b1010110001101 O
b11111111111101110000010010101011 #"
#2105
b1011001010101 "
b11000000010000 0
b1011001010101 O
b11111111111110000111000000010000 #"
#2106
b1011111100111 "
b11001001010110 0
b1011111100111 O
b11111111111110000111001001010110 #"
#2107
b1111001011100 "
b11110110100000 0
b1111001011100 O
b11111111111101111111110110100000 #"
#2108
b10000010101011 "
b11100000000001 0
b10000010101011 O
b11111111111101110011100000000001 #"
#2109
b10001011010010 "
b11011010000 0
b10001011010010 O
b11111111111101001000011011010000 #"
#2110
b10100011110111 "
b10011111010011 0
b10100011110111 O
b11111111111100101110011111010011 #"
#2111
b10101000110101 "
b10111011010100 0
b10101000110101 O
b11111111111100010010111011010100 #"
#2112
b10101001001110 "
b10000110100000 0
b10101001001110 O
b11111111111011110110000110100000 #"
#2113
b10100100101101 "
b10011110101100 0
b10100100101101 O
b11111111111010111010011110101100 #"
#2114
b10001101010111 "
b1110010100101 0
b10001101010111 O
b11111111111010100101110010100101 #"
#2115
b10000101000001 "
b11000010011000 0
b10000101000001 O
b11111111111010010111000010011000 #"
#2116
b1111011010001 "
b10001100001110 0
b1111011010001 O
b11111111111010010010001100001110 #"
#2117
b1110001111010 "
b11101100010010 0
b1110001111010 O
b11111111111010110111101100010010 #"
#2118
b1011011000111 "
b101000000 0
b1011011000111 O
b11111111111011000000000101000000 #"
#2119
b1010110111010 "
b100010110110 0
b1010110111010 O
b11111111111011001100100010110110 #"
#2120
b1010111001100 "
b11001011010110 0
b1010111001100 O
b11111111111011010111001011010110 #"
#2121
b1011100001010 "
b1100100110000 0
b1011100001010 O
b11111111111100001001100100110000 #"
#2122
b1111111111011 "
b1101111010 0
b1110011110010 O
b11111111111100001000001101111010 #"
#2123
b1111110111101 "
b10111110110110 0
b1111110111101 O
b11111111111011111010111110110110 #"
#2124
b11111111111101 "
b11001000110010 0
b11111111111101 O
b11111111111011011111001000110010 #"
#2125
b10001111111101 "
b1111011100110 0
b10001111111101 O
b11111111111010000101111011100110 #"
#2126
b10101111111101 "
b10110010111000 0
b10101111111101 O
b11111111111001011010110010111000 #"
#2127
b10101111100100 "
b11100111001100 0
b10101111100100 O
b11111111111000100111100111001100 #"
#2128
b10101011000100 "
b10011011100000 0
b10101111010000 O
b11111111110110111110011011100000 #"
#2129
b10100111110110 "
b1100110000100 0
b10100111110110 O
b11111111110110010101100110000100 #"
#2130
b10100010100010 "
b1000011101100 0
b10100011100010 O
b11111111110101111101000011101100 #"
#2131
b10001001101010 "
b11011101010010 0
b10001001101010 O
b11111111110101101011011101010010 #"
#2132
b10000000100011 "
b10111110011101 0
b10000000100011 O
b11111111110101101110111110011101 #"
#2133
b1110110101010 "
b10010100001110 0
b1110110101010 O
b11111111110111000010010100001110 #"
#2134
b1011110001010 "
b11001110010 0
b1011110001010 O
b11111111110111011000011001110010 #"
#2135
b1011000101110 "
b10101100100000 0
b1011000101110 O
b11111111110111110010101100100000 #"
#2136
b1010110101011 "
b11011101111010 0
b1010110101011 O
b11111111111001010011011101111010 #"
#2137
b1011000101100 "
b11100110010101 0
b1011000101100 O
b11111111111001011011100110010101 #"
#2138
b1011111000010 "
b1111110011000 0
b1011111000010 O
b11111111111001010001111110011000 #"
#2139
b1111000000011 "
b11110011111100 0
b1111000000011 O
b11111111111000110011110011111100 #"
#2140
b10000001111100 "
b11100000100000 0
b10000001111100 O
b11111111110110110011100000100000 #"
#2141
b10001010111110 "
b10010100110110 0
b10001010111110 O
b11111111110101101010010100110110 #"
#2142
b10100010111011 "
b11011111011000 0
b10100010111011 O
b11111111110100011111011111011000 #"
#2143
b10101000110011 "
b110000111110 0
b10101000110011 O
b11111111110011010100110000111110 #"
#2144
b10101001010100 "
b111110011100 0
b10101001010100 O
b11111111110000110100111110011100 #"
#2145
b10100101001110 "
b10001011110100 0
b10100101001110 O
b11111111110000000010001011110100 #"
#2146
b10001110111110 "
b10111110011010 0
b10001110111110 O
b11111111101111100010111110011010 #"
#2147
b10000101110000 "
b1001101010000 0
b10000101110000 O
b11111111101111100001001101010000 #"
#2148
b1111100000000 "
b1100011110110 0
b1111100000000 O
b11111111110001011101100011110110 #"
#2149
b1110010101001 "
b1100000101100 0
b1110010101001 O
b11111111110010000001100000101100 #"
#2150
b1011100000001 "
b11111111100 0
b1011100000001 O
b11111111110010110100011111111100 #"
#2151
b1010111000001 "
b11101011001111 0
b1010111000001 O
b11111111110011011011101011001111 #"
#2152
b1010110110001 "
b10011110000 0
b1010110110001 O
b11111111110101101000010011110000 #"
#2153
b1011011111100 "
b1001000101010 0
b1011011111100 O
b11111111110101110101001000101010 #"
#2154
b1110011010110 "
b10100011110010 0
b1110011010110 O
b11111111110101011010100011110010 #"
#2155
b1111011110110 "
b110111111111 0
b1111011110110 O
b11111111110100100000110111111111 #"
#2156
b10000101110110 "
b11001101110000 0
b10000101110110 O
b11111111110001001111001101110000 #"
#2157
b10001111100010 "
b11110100110 0
b10001111100010 O
b11111111101111101000011110100110 #"
#2158
b10101110100011 "
b11001101111100 0
b10100110100011 O
b11111111101101110011001101111100 #"
#2159
b10101110110111 "
b1001111000000 0
b10101010110111 O
b11111111101001111001001111000000 #"
#2160
b10101000111100 "
b111101111101 0
b10101000111100 O
b11111111101000101000111101111101 #"
#2161
b10101011101111 "
b1100010010011 0
b10101011101111 O
b11111111100111110101100010010011 #"
#2162
b1010011110100 0
b11111111100111011001010011110100 #"
#2163
b10001011110111 "
b11110101101111 0
b10001011110111 O
b11111111100111110011110101101111 #"
#2164
b10110001110111 "
b101000110000 0
b10110101111111 O
b11111111101010111100101000110000 #"
#2165
b1110111101111 "
b10110101001000 0
b1111111101111 O
b11111111101011111010110101001000 #"
#2166
b1011110111101 "
b1110010111010 0
b1011110111101 O
b11111111101101000101110010111010 #"
#2167
b1011001010000 "
b110011010 0
b1011001010000 O
b11111111110000101100000110011010 #"
#2168
b1010110101001 "
b111101101 0
b1010110101001 O
b11111111110001001100000111101101 #"
#2169
b1011000001001 "
b11011000000 0
b1011000001001 O
b11111111110001000000011011000000 #"
#2170
b1011110100000 "
b101110110000 0
b1011110100000 O
b11111111110000001100101110110000 #"
#2171
b1110111010111 "
b1101000001001 0
b1110111010111 O
b11111111101110110101101000001001 #"
#2172
b10000001001001 "
b11011010000100 0
b10000001001001 O
b11111111101001110011011010000100 #"
#2173
b10001010100010 "
b110110101 0
b10001010100010 O
b11111111100111100000000110110101 #"
#2174
b10100010100101 "
b10101011010 0
b10100010100101 O
b11111111100101010000010101011010 #"
#2175
b10100111011001 "
b10100111010011 0
b10100111011001 O
b11111111011111110110100111010011 #"
#2176
b10101001010011 "
b10111011000000 0
b10101001010011 O
b11111111011101110010111011000000 #"
#2177
b10100111011011 "
b11100000000 0
b10100111011011 O
b11111111011111001000011100000000 #"
#2178
b10001111110011 "
b10011001101111 0
b10001111110011 O
b11111111100011100110011001101111 #"
#2179
b10000110001100 "
b10001100 0
b10000110001100 O
b11111111100101000100000010001100 #"
#2180
b1111101001101 "
b11010011000110 0
b1111101001101 O
b11111111100110101011010011000110 #"
#2181
b1110100001100 "
b10011010101000 0
b1110100001100 O
b11111111101011010110011010101000 #"
#2182
b1011011111110 "
b1111001111110 0
b1011011111110 O
b11111111101100001001111001111110 #"
#2183
b1010111101011 "
b101001111000 0
b1010111101011 O
b11111111101100000100101001111000 #"
#2184
b1010110100000 "
b1011001101 0
b1010110100000 O
b11111111101011010000001011001101 #"
#2185
b1011010101001 "
b11101111001011 0
b1011010101001 O
b11111111101001001111101111001011 #"
#2186
b1110010001011 "
b11000001000 0
b1110010001011 O
b11111111100010101100011000001000 #"
#2187
b1111011000111 "
b11100010001101 0
b1111011000111 O
b11111111011111110011100010001101 #"
#2188
b10000101101010 "
b1101000010000 0
b10000101101010 O
b11111111011100111101101000010000 #"
#2189
b10001110010111 "
b1010110111100 0
b10001110010111 O
b11111111010110000101010110111100 #"
#2190
b10100101001010 "
b10101100011100 0
b10100101001010 O
b11111111010100011010101100011100 #"
#2191
b10101000110111 "
b11001111111101 0
b10101000110111 O
b11111111010011100011001111111101 #"
#2192
b10101000111000 "
b10111001110100 0
b10101000111001 O
b11111111010011011110111001110100 #"
#2193
b10100100111111 "
b10100100000111 0
b10100100101111 O
b11111111011001000010100100000111 #"
#2194
b10001111101111 "
b100010100100 0
b10001011101111 O
b11111111011011001100100010100100 #"
#2195
b10001010111111 "
b1001100010101 0
b10001010111111 O
b11111111011101010101001100010101 #"
#2196
b11111010010111 "
b111100011000 0
b11111010010111 O
b11111111011111001100111100011000 #"
#2197
b1111111011111 "
b11101100010100 0
b1111111011111 O
b11111111100101011011101100010100 #"
#2198
b1011111011101 "
b1101110011 0
b1011111011101 O
b11111111100110010000001101110011 #"
#2199
b1011111011001 "
b111110010110 0
b1011111011001 O
b11111111100101100100111110010110 #"
#2200
b1010111011100 "
b1100001100 0
b1010111011100 O
b11111111100011101100001100001100 #"
#2201
b1010111011101 "
b1001100110010 0
b1011111011101 O
b11111111011100010001001100110010 #"
#2202
b1011100110101 "
b1001000101000 0
b1011100110101 O
b11111111011000100101001000101000 #"
#2203
b1110110001010 "
b1101110001100 0
b1110110001010 O
b11111111010100011101101110001100 #"
#2204
b10000000001000 "
b110011000000 0
b10000000001000 O
b11111111001011111000110011000000 #"
#2205
b10001001100000 "
b10111001101000 0
b10001001100000 O
b11111111001001001110111001101000 #"
#2206
b10100001101011 "
b10101101111100 0
b10100001101011 O
b11111111000111010110101101111100 #"
#2207
b10100111000011 "
b1101111010000 0
b10100111000011 O
b11111111000110111101101111010000 #"
#2208
b10101001011011 "
b1011101110000 0
b10101001011011 O
b11111111000111111101011101110000 #"
#2209
b10100111001010 "
b10101010000000 0
b10100111001010 O
b11111111001111101010101010000000 #"
#2210
b10100000110110 "
b10000001011000 0
b10100000110110 O
b11111111010010010010000001011000 #"
#2211
b10000111000101 "
b111011000000 0
b10000111000101 O
b11111111010101100100111011000000 #"
#2212
b1111101100110 "
b11100011110100 0
b1111101100110 O
b11111111011101111111100011110100 #"
#2213
b1110101101111 "
b1011011111000 0
b1110101101111 O
b11111111011111001101011011111000 #"
#2214
b1011100111001 "
b100100110100 0
b1011100111001 O
b11111111011111011000100100110100 #"
#2215
b1010111011001 "
b1010010010000 0
b1010111011001 O
b11111111011110100001010010010000 #"
#2216
b1010110101101 "
b10111100100100 0
b1010110101101 O
b11111111011011100010111100100100 #"
#2217
b1011010000111 "
b11000000000000 0
b1011010000111 O
b11111111010001010111000000000000 #"
#2218
b1110001001011 "
b1000010011100 0
b1110001001011 O
b11111111001101000001000010011100 #"
#2219
b1111010100110 "
b10111001110001 0
b1111010100110 O
b11111111001000100010111001110001 #"
#2220
b10000100101100 "
b10100101010101 0
b10000100101100 O
b11111110111110000010100101010101 #"
#2221
b10001101010101 "
b101110101100 0
b10001101010101 O
b11111110111011011000101110101100 #"
#2222
b10100100111101 "
b10001000100110 0
b10100100111101 O
b11111110111010010110001000100110 #"
#2223
b10101000111000 "
b10010110111000 0
b10101000111000 O
b11111110111010101110010110111000 #"
#2224
b10101001001010 "
b1110010100110 0
b10101001001010 O
b11111111000011011101110010100110 #"
#2225
b10100100011000 "
b100101111110 0
b10100100011000 O
b11111111000110110100100101111110 #"
#2226
b10001100110110 "
b10011000101000 0
b10001100110110 O
b11111111001010100010011000101000 #"
#2227
b10000011110101 "
b10011100001011 0
b10000011110101 O
b11111111001101101110011100001011 #"
#2228
b1111001001011 "
b100110010010 0
b1111001001011 O
b11111111010111110000100110010010 #"
#2229
b1111000111110 "
b10001111010101 0
b1110000110110 O
b11111111011001001010001111010101 #"
#2230
b1111010110111 "
b11011000001 0
b1011010110111 O
b11111111011000110100011011000001 #"
#2231
b1011111001011 "
b11011000001000 0
b1011111001011 O
b11111111010110011111011000001000 #"
#2232
b1010111101111 "
b11001011111000 0
b1010111101111 O
b11111111001011011011001011111000 #"
#2233
b1011111111111 "
b11100011010100 0
b1011111111111 O
b11111111000110100011100011010100 #"
#2234
b1111101111110 "
b11011000100 0
b1111101111110 O
b11111111000001001100011011000100 #"
#2235
b1111110111110 "
b1001000000 0
b1111110111110 O
b11111111011101110100001001000000 #"
#2236
b1111110001100 "
b110101000000 0
b1111110001100 O
b11111110110001010000110101000000 #"
#2237
b10001000110001 "
b11101111101000 0
b10001001110001 O
b11111110111011100011101111101000 #"
#2238
b10100001010111 "
b1011100110100 0
b10100001010111 O
b11111110111111101101011100110100 #"
#2239
b10100110111100 "
b100 0
b10100110111100 O
b11111111000100001100000000000100 #"
#2240
b10101000100101 "
b11101010000000 0
b10101000100101 O
b11111111000111110011101010000000 #"
#2241
b10101000000011 "
b1000110000111 0
b10101000000011 O
b11111111010010100001000110000111 #"
#2242
b10100001111110 "
b111011110110 0
b10100001111110 O
b11111111010100100100111011110110 #"
#2243
b10001000101000 "
b1101010101101 0
b10001000101000 O
b11111111010100000101101010101101 #"
#2244
b1111111001000 "
b100100 0
b1111111001000 O
b11111111010001001000000000100100 #"
#2245
b1110101011000 "
b10110001010111 0
b1110101011000 O
b11111111000100101010110001010111 #"
#2246
b1011101110111 "
b11101011000000 0
b1011101110111 O
b11111110111111000111101011000000 #"
#2247
b1011001000111 "
b11100001111110 0
b1011001000111 O
b11111110111001101111100001111110 #"
#2248
b1010110010100 "
b11011000110100 0
b1010110010100 O
b11111110101100010111011000110100 #"
#2249
b1011001011000 "
b10110001001100 0
b1011001011000 O
b11111110101000010010110001001100 #"
#2250
b1011111111001 "
b100110101000 0
b1011111111001 O
b11111110100110010000100110101000 #"
#2251
b1111001011100 "
b1110001100100 0
b1111001011100 O
b11111110100110100001110001100100 #"
#2252
b10000011101010 "
b110011000000 0
b10000011101010 O
b11111110101001001000110011000000 #"
#2253
b10001100011111 "
b11110101101100 0
b10001100011111 O
b11111110110110000111110101101100 #"
#2254
b10100011111110 "
b1011111011000 0
b10100011111110 O
b11111110111010010101011111011000 #"
#2255
b10101000000000 "
b10111110100101 0
b10101000000000 O
b11111110111111010110111110100101 #"
#2256
b10101000101101 "
b11010100011010 0
b10101000101101 O
b11111111001100110011010100011010 #"
#2257
b10100101001111 "
b10100100101000 0
b10100101001111 O
b11111111001111100010100100101000 #"
#2258
b10001110011100 "
b11010100011100 0
b10001110011100 O
b11111111010000010011010100011100 #"
#2259
b10000100110000 "
b1100001100100 0
b10000100110000 O
b11111111001110101101100001100100 #"
#2260
b1111010010011 "
b1101101111000 0
b1111010010011 O
b11111111001011000001101101111000 #"
#2261
b1110001001111 "
b111000100010 0
b1110001001111 O
b11111110111100111000111000100010 #"
#2262
b1011010111001 "
b11000110011111 0
b1011010111001 O
b11111110110111100111000110011111 #"
#2263
b1010111000001 "
b101111001001 0
b1010111000001 O
b11111110110010001100101111001001 #"
#2264
b1010111001111 "
b10101100000000 0
b1010111001111 O
b11111110100011111010101100000000 #"
#2265
b1011100001010 "
b101010110000 0
b1011100001110 O
b11111110100000110000101010110000 #"
#2266
b1111111111000 "
b100001001000 0
b1110011111000 O
b11111110100000101100100001001000 #"
#2267
b10101111110 0
b1111111111000 O
b11111110100010010100010101111110 #"
#2268
b1111101101100 "
b11010001110100 0
b11111101101100 O
b11111110101110110111010001110100 #"
#2269
b10100111011111 "
b100100101000 0
b10100111011111 O
b11111110101110110000100100101000 #"
#2270
b10100110011101 "
b1011000011100 0
b10100110011101 O
b11111110110011110001011000011100 #"
#2271
b10101110011101 "
b11000100011100 0
b10101110011101 O
b11111110111001100111000100011100 #"
#2272
b10101011011010 "
b10110010000100 0
b10101111011010 O
b11111110111110101110110010000100 #"
#2273
b10100111101000 "
b110011010000 0
b10100111101000 O
b11111111001100000000110011010000 #"
#2274
b10100010010001 "
b110100000100 0
b10100010010001 O
b11111111001110011000110100000100 #"
#2275
b10001001100010 "
b1000000010001 0
b10001001100010 O
b11111111001110100001000000010001 #"
#2276
b10000000010111 "
b11011001010010 0
b10000000010111 O
b11111111001011111111011001010010 #"
#2277
b1110101110111 "
b1100010010010 0
b1110101110111 O
b11111110111110101001100010010010 #"
#2278
b1011101101011 "
b10101011100011 0
b1011101101011 O
b11111110111001100010101011100011 #"
#2279
b1011000100110 "
b10100101100101 0
b1011000100110 O
b11111110110011101010100101100101 #"
#2280
b1010111001000 "
b10101100100000 0
b1010111001000 O
b11111110101111010110101100100000 #"
#2281
b1011000111101 "
b10011101111011 0
b1011000111101 O
b11111110100010011010011101111011 #"
#2282
b1011111000110 "
b11100110000110 0
b1011111000110 O
b11111110100000111111100110000110 #"
#2283
b1111000001011 "
b10011111010010 0
b1111000001011 O
b11111110100001101110011111010010 #"
#2284
b10000010000111 "
b10001101110010 0
b10000010000111 O
b11111110100101001010001101110010 #"
#2285
b10001100001000 "
b10011101111 0
b10001100001000 O
b11111110110010110000010011101111 #"
#2286
b10100011101101 "
b1010110111100 0
b10100011101101 O
b11111110111000010001010110111100 #"
#2287
b10101000010111 "
b11101010001111 0
b10101000010111 O
b11111110111110011111101010001111 #"
#2288
b10101000100100 "
b111001110111 0
b10101000100100 O
b11111111001011111100111001110111 #"
#2289
b10100101011111 "
b10011000100110 0
b10100101011111 O
b11111111001111010110011000100110 #"
#2290
b10001111000010 "
b111100000000 0
b10001111000010 O
b11111111010001001100111100000000 #"
#2291
b10000101001100 "
b1110111000110 0
b10000101001100 O
b11111111010000000101110111000110 #"
#2292
b1111100000111 "
b11000010110011 0
b1111100000111 O
b11111111001101100011000010110011 #"
#2293
b1110010011110 "
b10000011100000 0
b1110010011110 O
b11111111000000110010000011100000 #"
#2294
b1011011010001 "
b10101110110110 0
b1011011010001 O
b11111110111100001110101110110110 #"
#2295
b1010111001001 "
b11010011101111 0
b1010111001001 O
b11111110111000000111010011101111 #"
#2296
b1010111000100 "
b1001101110101 0
b1010111000100 O
b11111110101100000101001101110101 #"
#2297
b1011100000101 "
b10010101011100 0
b1011100000101 O
b11111110101010010010010101011100 #"
#2298
b1110010100100 "
b11010001001001 0
b1110010100100 O
b11111110101010100111010001001001 #"
#2299
b1111100010100 "
b111111111000 0
b1111100010100 O
b11111110101101000000111111111000 #"
#2300
b10000111010011 "
b1001000110000 0
b10000111010011 O
b11111110111001001001001000110000 #"
#2301
b10001111010111 "
b110101001011 0
b10001111010111 O
b11111110111110101100110101001011 #"
#2302
b10101110011110 "
b11110101100010 0
b10100110011110 O
b11111111000011111011110101100010 #"
#2303
b10101111001110 "
b10101110110000 0
b10101111001110 O
b11111111001001010010101110110000 #"
#2304
b10101001011111 "
b101011000 0
b10101001011111 O
b11111111010101000100000101011000 #"
#2305
b10101010111111 "
b111000010110 0
b10101010111111 O
b11111111010111111000111000010110 #"
#2306
b11111100001010 0
b11111111011000110011111100001010 #"
#2307
b10001011011101 "
b10100000010010 0
b10001011011101 O
b11111111010111101010100000010010 #"
#2308
b10000001011011 "
b110011010111 0
b10000001011011 O
b11111111001110100100110011010111 #"
#2309
b1110111110000 "
b11101001010000 0
b1110111110000 O
b11111111001011010111101001010000 #"
#2310
b1011110010000 "
b10111101110100 0
b1011110010000 O
b11111111000111111010111101110100 #"
#2311
b1011000101011 "
b1010110010000 0
b1011000101011 O
b11111111000101110101010110010000 #"
#2312
b1010111001001 "
b11101011111110 0
b1010111001001 O
b11111110111110001111101011111110 #"
#2313
b1011000101101 "
b1011010000000 0
b1011000101101 O
b11111110111110011001011010000000 #"
#2314
b1011110101111 "
b101000001000 0
b1011110101111 O
b11111111000000010000101000001000 #"
#2315
b1110110111110 "
b1101000100000 0
b1110110111110 O
b11111111000011110001101000100000 #"
#2316
b10000000111011 "
b10011110100 0
b10000000111011 O
b11111111001110001100010011110100 #"
#2317
b10001011000011 "
b1111000100100 0
b10001011000011 O
b11111111010011001001111000100100 #"
#2318
b10100010101001 "
b110111000100 0
b10100010101001 O
b11111111010111110000110111000100 #"
#2319
b10101000001111 "
b1010110010 0
b10101000001111 O
b11111111011011110100001010110010 #"
#2320
b10101001010001 "
b1110011011100 0
b10101001010001 O
b11111111100100001001110011011100 #"
#2321
b10100110100110 "
b101010000000 0
b10100110100110 O
b11111111100110011000101010000000 #"
#2322
b10001111100100 "
b10110111001101 0
b10001111100100 O
b11111111100111000010110111001101 #"
#2323
b10000110011111 "
b10010110000001 0
b10000110011111 O
b11111111100110100010010110000001 #"
#2324
b1111100110100 "
b11001100000111 0
b1111100110100 O
b11111111100001100111001100000111 #"
#2325
b1110011111011 "
b1000110110100 0
b1110011111011 O
b11111111100000111101000110110100 #"
#2326
b1011011011111 "
b1011011001000 0
b1011011011111 O
b11111111100000011101011011001000 #"
#2327
b1010111010110 "
b11000001011111 0
b1010111010110 O
b11111111011101010011000001011111 #"
#2328
b1010111100000 "
b11000101001 0
b1010111100000 O
b11111111011110101100011000101001 #"
#2329
b1011010101010 "
b101100000 0
b1011010101010 O
b11111111100001000000000101100000 #"
#2330
b1110001111101 "
b11001100010001 0
b1110001111101 O
b11111111100011111111001100010001 #"
#2331
b1111011010011 "
b10001111110 0
b1111011010011 O
b11111111100111100100010001111110 #"
#2332
b10000101110011 "
b110101110011 0
b10000101110011 O
b11111111101101110000110101110011 #"
#2333
b10001110011111 "
b1101110011000 0
b10001110011111 O
b11111111110001001001101110011000 #"
#2334
b10100101011000 "
b1110100110000 0
b10100101011000 O
b11111111110100010001110100110000 #"
#2335
b10101000111100 "
b1111110111010 0
b10101000111100 O
b11111111111000010001111110111010 #"
#2336
b10101000000100 "
b11101000101111 0
b10101000000100 O
b11111111111010001111101000101111 #"
#2337
b10101011100101 "
b11010101010110 0
b10100011100101 O
b11111111111011111011010101010110 #"
#2338
b10101011111111 "
b1100000100 0
b10001011111111 O
b11111111111101100000001100000100 #"
#2339
b10001011111111 "
b11100100100 0
b10001010111111 O
b11111111111111000000011100100100 #"
#2340
b10110111111111 "
b10100010100001 0
b11110111111111 O
b1010110100010100001 #"
#2341
b1111111101011 "
b1110000000110 0
b1111111101011 O
b100000101110000000110 #"
#2342
b1011111001011 "
b10111010011010 0
b1011111001010 O
b111001110111010011010 #"
#2343
b11110011001 0
b1011111001011 O
b1011111000011110011001 #"
#2344
b1010111001001 "
b110011111110 0
b1010111001001 O
b1111110000110011111110 #"
#2345
b1010111101100 "
b1011100000010 0
b1011111101100 O
b10011011001011100000010 #"
#2346
b1011101100100 "
b11110000000 0
b1011101100100 O
b10110100000011110000000 #"
#2347
b1110110100001 "
b101111000100 0
b1110110100001 O
b10110100000101111000100 #"
#2348
b1111111111001 "
b100011101110 0
b1111111111001 O
b10111110100100011101110 #"
#2349
b10001001110110 "
b1100000 0
b10001001110110 O
b11000110000000001100000 #"
#2350
b10100010100001 "
b1001100101000 0
b10100010100001 O
b11001110001001100101000 #"
#2351
b10100111011000 "
b101000000100 0
b10100111011000 O
b10110110100101000000100 #"
#2352
b10101001010110 "
b1100000001010 0
b10101001010110 O
b10111111101100000001010 #"
#2353
b10100110101100 "
b10110100111000 0
b10100110101100 O
b11010010110110100111000 #"
#2354
b10100000100110 "
b1001010000110 0
b10100000100110 O
b11110010101001010000110 #"
#2355
b10000111100001 "
b101100110011 0
b10000111100001 O
b101001001000101100110011 #"
#2356
b1111110000001 "
b11100100001100 0
b1111110000001 O
b110000000111100100001100 #"
#2357
b1110011100100 "
b10010001100110 0
b1110011100100 O
b110111010110010001100110 #"
#2358
b1011100010010 "
b1000111110000 0
b1011100010010 O
b1000101101001000111110000 #"
#2359
b1011000010001 "
b11001101111001 0
b1011000010001 O
b1001100011111001101111001 #"
#2360
b1010111001100 "
b1110011011000 0
b1010111001100 O
b1010010000101110011011000 #"
#2361
b1011001000011 "
b111111000111 0
b1011001000011 O
b1010110001100111111000111 #"
#2362
b1110000110101 "
b1111000000 0
b1110000110101 O
b1010111011000001111000000 #"
#2363
b1111010111101 "
b1010101001110 0
b1111010111101 O
b1001110000001010101001110 #"
#2364
b10000101000011 "
b11100101001000 0
b10000101000011 O
b1001100101011100101001000 #"
#2365
b10001100111110 "
b100101100111 0
b10001100111110 O
b1001001101000100101100111 #"
#2366
b10100101000010 "
b10110111110000 0
b10100101000010 O
b111101010110110111110000 #"
#2367
b10101000100111 "
b11101011111100 0
b10101000100111 O
b111100111111101011111100 #"
#2368
b10101000011010 "
b11111100011101 0
b10101000011010 O
b111110111111111100011101 #"
#2369
b10100100011010 "
b101011000110 0
b10100100011010 O
b1000011011000101011000110 #"
#2370
b10001100111001 "
b1111100101100 0
b10001100111001 O
b1011000001001111100101100 #"
#2371
b10000011001010 "
b1111000111110 0
b10000011001011 O
b1100011010101111000111110 #"
#2372
b1111001001011 "
b11010011001011 0
b1111001001011 O
b1101111110111010011001011 #"
#2373
b1111000111011 "
b10110010000011 0
b1110000111011 O
b1111011111010110010000011 #"
#2374
b1111010111001 "
b10111110111101 0
b1111010111001 O
b10010110111010111110111101 #"
#2375
b1011110111011 "
b11101000111110 0
b1011110111011 O
b10011111111011101000111110 #"
#2376
b1010111111010 "
b11011111110 0
b1010111111010 O
b10100101100100011011111110 #"
#2377
b1011111110011 "
b101010000 0
b1011111110010 O
b10101000010100000101010000 #"
#2378
b1111101011101 "
b1111110000010 0
b1111101011101 O
b10010101011101111110000010 #"
#2379
b1111101001110 "
b11011110010 0
b1111101011110 O
b10010000001000011011110010 #"
#2380
b1111110111100 "
b11001000101000 0
b1111110111100 O
b10001000111011001000101000 #"
#2381
b10001001100011 "
b10111010110010 0
b10001001100011 O
b10000011010110111010110010 #"
#2382
b10100001011100 "
b10000000 0
b10100001011100 O
b1101100010000000010000000 #"
#2383
b10100111000010 "
b1000110110001 0
b10100111000010 O
b1101011101001000110110001 #"
#2384
b10101001101000 "
b100000100011 0
b10101001101000 O
b1101111010100100000100011 #"
#2385
b10100111001110 "
b11110111111000 0
b10100111001110 O
b1111000011011110111111000 #"
#2386
b10100001001111 "
b11101100010001 0
b10100001001111 O
b10011011001011101100010001 #"
#2387
b10001000011101 "
b11110010100000 0
b10001000011101 O
b10101101111111110010100000 #"
#2388
b1111110101110 "
b1100110010110 0
b1111110101110 O
b11000001110001100110010110 #"
#2389
b1110100111100 "
b10100001110001 0
b1110100111100 O
b11101010011110100001110001 #"
#2390
b1011100111110 "
b10110011010000 0
b1011100111110 O
b11111001011110110011010000 #"
#2391
b1011000011111 "
b11100111111001 0
b1011000011111 O
b100000100101111100111111001 #"
#2392
b1010111010010 "
b11001111000110 0
b1010111010010 O
b100001001101011001111000110 #"
#2393
b1011001110100 "
b1100010100010 0
b1011001110100 O
b100000101111001100010100010 #"
#2394
b1110000001001 "
b10111111101010 0
b1110000001001 O
b11100011101110111111101010 #"
#2395
b1111001011111 "
b101000000010 0
b1111001011111 O
b11011010010000101000000010 #"
#2396
b10000011101011 "
b10101111110000 0
b10000011101011 O
b11001101011010101111110000 #"
#2397
b10001100111000 "
b10100110100101 0
b10001100111000 O
b10100111100010100110100101 #"
#2398
b10100100101011 "
b101111111110 0
b10100100101011 O
b10100010111000101111111110 #"
#2399
b10101000000101 "
b1101110000101 0
b10101000000101 O
b10100010001101101110000101 #"
#2400
b10101000110001 "
b11100100001110 0
b10101000110001 O
b10101001110011100100001110 #"
#2401
b10100100110111 "
b10001110010110 0
b10100100110111 O
b10111001011110001110010110 #"
#2402
b10001110001111 "
b110100100000 0
b10001110001111 O
b11110010101000110100100000 #"
#2403
b10000100100100 "
b1100110000110 0
b10000100100100 O
b100001011001001100110000110 #"
#2404
b1111001010001 "
b10000000000110 0
b1111001010001 O
b100100011010110000000000110 #"
#2405
b1110000110101 "
b1110001111011 0
b1110000110101 O
b101011101000001110001111011 #"
#2406
b1011011000111 "
b111101001110 0
b1011011000111 O
b101101110001100111101001110 #"
#2407
b1010111101011 "
b101110100101 0
b1010111101011 O
b101110110000100101110100101 #"
#2408
b1010111100011 "
b1011000011000 0
b1010111100011 O
b101110111101101011000011000 #"
#2409
b1011110100111 "
b10010000100100 0
b1011110100111 O
b101001010001010010000100100 #"
#2410
b1111111100110 "
b11001011110111 0
b1111111100110 O
b100111000111111001011110111 #"
#2411
b1111111101100 "
b1101001010111 0
b1111111101100 O
b100100111100001101001010111 #"
#2412
b1111110001010 "
b10011101010000 0
b1111110001010 O
b100011000010010011101010000 #"
#2413
b10101000101111 "
b10111000010000 0
b10101000101111 O
b11100011110110111000010000 #"
#2414
b10100110101111 "
b10110010101010 0
b10100110111111 O
b11011100101010110010101010 #"
#2415
b10100110011100 "
b1101101001000 0
b10101110011100 O
b11100001100101101101001000 #"
#2416
b10101000111000 "
b11100101100 0
b10101000111000 O
b11110001111000011100101100 #"
#2417
b10101000000011 "
b101001101 0
b10101000000011 O
b100110100101000000101001101 #"
#2418
b10100010010100 "
b11101111111100 0
b10100010010100 O
b101010101000011101111111100 #"
#2419
b10001001100100 "
b1001010000 0
b10001001100100 O
b101110110011000001001010000 #"
#2420
b1111111111011 "
b10001100110011 0
b1111111111011 O
b110010100010110001100110011 #"
#2421
b1110101100111 "
b10100001101100 0
b1110101100111 O
b111011101001110100001101100 #"
#2422
b1011110001101 "
b1000011000110 0
b1011110001101 O
b111101110000001000011000110 #"
#2423
b1011000111000 "
b1011101111011 0
b1011000111000 O
b111110001110001011101111011 #"
#2424
b1010110101111 "
b11100000111011 0
b1010110101111 O
b111101100101111100000111011 #"
#2425
b1011001000010 "
b101011011100 0
b1011001000010 O
b110101001010100101011011100 #"
#2426
b1011111010000 "
b1000010110100 0
b1011111010000 O
b110010011010001000010110100 #"
#2427
b1111000001101 "
b1100000001000 0
b1111000001101 O
b101110111001001100000001000 #"
#2428
b10000010010111 "
b10111011011000 0
b10000010010111 O
b100101111100110111011011000 #"
#2429
b10001100000011 "
b101100100000 0
b10001100000011 O
b100100011001000101100100000 #"
#2430
b10100100100101 "
b1100011110101 0
b10100100100101 O
b100011111001001100011110101 #"
#2431
b10101000000101 "
b111111100010 0
b10101000000101 O
b100101100001000111111100010 #"
#2432
b10100111111000 "
b10111111101010 0
b10100111111000 O
b101000100011110111111101010 #"
#2433
b10100101111111 "
b11101100111 0
b10100101111111 O
b110011110010000011101100111 #"
#2434
b10001111001111 "
b100110010 0
b10001111001111 O
b111000101101000000100110010 #"
#2435
b10000101100000 "
b1101110110100 0
b10000101100000 O
b111110000101101101110110100 #"
#2436
b1111010111101 "
b1100000101011 0
b1111010111101 O
b1001001110101001100000101011 #"
#2437
b1110001110010 "
b10110110000100 0
b1110001110010 O
b1001101000101010110110000100 #"
#2438
b1011010110000 "
b1000111111000 0
b1011010110000 O
b1001110100100001000111111000 #"
#2439
b1010111011011 "
b110110111100 0
b1010111011011 O
b1001110001001000110110111100 #"
#2440
b1011000010010 "
b1001101101001 0
b1011000010010 O
b1000100101101001001101101001 #"
#2441
b1011011010011 "
b101010000 0
b1011011010011 O
b1000000110011100000101010000 #"
#2442
b1110010010100 "
b11111100010 0
b1110010010100 O
b111100111011000011111100010 #"
#2443
b1111100101011 "
b11111011000 0
b1111100101011 O
b111001010101000011111011000 #"
#2444
b10001100101011 "
b10101101001111 0
b10001000101011 O
b101110001110010101101001111 #"
#2445
b10001111111111 "
b11010110110011 0
b10001111111111 O
b101100101010011010110110011 #"
#2446
b10101111110111 "
b1011110100 0
b10101110111111 O
b101100111000100001011110100 #"
#2447
b10101111001111 "
b1001001011100 0
b10101111001111 O
b101111011011001001001011100 #"
#2448
b10101111111111 "
b1110011000000 0
b10101111111111 O
b111100100101001110011000000 #"
#2449
b10100111111110 "
b10011100010000 0
b10100111111110 O
b1000010011111110011100010000 #"
#2450
b10101011111101 "
b11000111001100 0
b10101011111101 O
b1001000100110111000111001100 #"
#2451
b10001011011101 "
b1101100010000 0
b10001011011101 O
b1001110000111101101100010000 #"
#2452
b10000001001010 "
b1111000011000 0
b10000001001010 O
b1011011110010001111000011000 #"
#2453
b1110110111001 "
b101010100001 0
b1110110111001 O
b1011110111110000101010100001 #"
#2454
b1011110101011 "
b11011011000 0
b1011110101011 O
b1011111100000000011011011000 #"
#2455
b1011000101100 "
b10111000110 0
b1011000101100 O
b1011101101011100010111000110 #"
#2456
b1010111000011 "
b10010000011100 0
b1010111000011 O
b1010000111100110010000011100 #"
#2457
b1011000111101 "
b11010110100000 0
b1011000111101 O
b1001100010110111010110100000 #"
#2458
b1011110010011 "
b11011010101100 0
b1011110010011 O
b1000110111100011011010101100 #"
#2459
b1110111010001 "
b10110100111110 0
b1110111010001 O
b1000011001101010110100111110 #"
#2460
b10000001011000 "
b10100101001001 0
b10000001011000 O
b110110000001110100101001001 #"
#2461
b10001011001001 "
b10100100110111 0
b10001011001001 O
b110100110000010100100110111 #"
#2462
b10100010111010 "
b11011000000 0
b10100010111010 O
b110110101011100011011000000 #"
#2463
b10100111111000 "
b10110110010000 0
b10100111111000 O
b111010101101010110110010000 #"
#2464
b10101001001001 "
b1000111110010 0
b10101001001001 O
b1001010100100001000111110010 #"
#2465
b10100110000101 "
b1011111010 0
b10100110000101 O
b1010001100000100001011111010 #"
#2466
b10001111001011 "
b110101011000 0
b10001111001011 O
b1011000111101000110101011000 #"
#2467
b10000110101111 "
b1000101010010 0
b10000110101111 O
b1101001010000001000101010010 #"
#2468
b1111101000001 "
b11010010000000 0
b1111101000001 O
b1101101101101111010010000000 #"
#2469
b1110010111001 "
b10010100101100 0
b1110010111001 O
b1101111110000110010100101100 #"
#2470
b1011011101110 "
b1101011011111 0
b1011011101110 O
b1101111110111101101011011111 #"
#2471
b1010111010100 "
b10011001110100 0
b1010111010100 O
b1101100000101010011001110100 #"
#2472
b1010111100111 "
b11101110001110 0
b1010111100111 O
b1011100000010111101110001110 #"
#2473
b1011011001010 "
b101101110011 0
b1011011001010 O
b1010110000001000101101110011 #"
#2474
b1110001100110 "
b10111010010010 0
b1110001100110 O
b1010001000110010111010010010 #"
#2475
b1111011100011 "
b11011010000000 0
b1111011100011 O
b1000000100011011011010000000 #"
#2476
b10000110011001 "
b1100111100000 0
b10000110011001 O
b111110001010001100111100000 #"
#2477
b10001111000001 "
b1010011111001 0
b10001111000001 O
b111101101100101010011111001 #"
#2478
b10100101111101 "
b1110111000101 0
b10100101111101 O
b111111110011001110111000101 #"
#2479
b10101000111011 "
b11101010000100 0
b10101000111011 O
b1010001110000111101010000100 #"
#2480
b10101000111111 "
b10101100101011 0
b10101000100111 O
b1011001111010110101100101011 #"
#2481
b10101011111100 "
b11111010011110 0
b10101011111100 O
b1100001011100111111010011110 #"
#2482
b10101111111001 "
b10010001100000 0
b10101110111000 O
b1101000100100110010001100000 #"
#2483
b10001110010111 "
b1011100011 0
b10001110010111 O
b1111011001010000001011100011 #"
#2484
b10110010010111 "
b1011101110111 0
b10110110010111 O
b1111110010111101011101110111 #"
#2485
b1111111101011 "
b11111011100111 0
b1111111101011 O
b1111111100101011111011100111 #"
#2486
b1011111011101 "
b1100100100000 0
b1011111011101 O
b1111101010011101100100100000 #"
#2487
b1011001111011 "
b11010011110111 0
b1011001111011 O
b1101100001100111010011110111 #"
#2488
b1010110010110 "
b11101000101001 0
b1010110010110 O
b1100101000000111101000101001 #"
#2489
b1011000001011 "
b1011110100000 0
b1011000001011 O
b1011101110011001011110100000 #"
#2490
b1011110110001 "
b10000000011011 0
b1011110110001 O
b1011000000101110000000011011 #"
#2491
b1110101111001 "
b101101110100 0
b1110101111001 O
b1000111011000100101101110100 #"
#2492
b1111111110101 "
b1011010001111 0
b1111111110101 O
b1000100111111001011010001111 #"
#2493
b10001010011101 "
b10111101001110 0
b10001010011101 O
b1000110100011110111101001110 #"
#2494
b10100010010011 "
b1111100010000 0
b10100010010011 O
b1001011000100101111100010000 #"
#2495
b10101000000010 "
b10111101010011 0
b10101000000010 O
b1011110110111010111101010011 #"
#2496
b10101000101100 "
b10001101000000 0
b10101000101100 O
b1100111111100010001101000000 #"
#2497
b10100110100100 "
b10110010000100 0
b10100110100100 O
b1110000110001010110010000100 #"
#2498
b10100000001111 "
b11011000011100 0
b10100000001111 O
b10000101001011111011000011100 #"
#2499
b10000111100011 "
b1111110010000 0
b10000111100011 O
b10001010110001001111110010000 #"
#2500
b1111110000011 "
b10101101101 0
b1111110000011 O
b10001101001010000010101101101 #"
#2501
b1110011001111 "
b11101101011000 0
b1110011001111 O
b10001100101001111101101011000 #"
#2502
b1011011100000 "
b100111000101 0
b1011011100000 O
b10001000001110000100111000101 #"
#2503
b1011000010000 "
b1010111000001 0
b1011000010000 O
b1110100000011101010111000001 #"
#2504
b1010111011101 "
b11101011011100 0
b1010111011101 O
b1101100010001011101011011100 #"
#2505
b1011010011110 "
b111011110001 0
b1011010011110 O
b1100011101111100111011110001 #"
#2506
b1110001011011 "
b111010101001 0
b1110001011011 O
b1010000100110000111010101001 #"
#2507
b1111010100011 "
b100011010110 0
b1111010100011 O
b1001101001101000100011010110 #"
#2508
b10000100111010 "
b10011101111001 0
b10000100111010 O
b1001011111100110011101111001 #"
#2509
b10001110100111 "
b11101100011010 0
b10001110100111 O
b1001110001101011101100011010 #"
#2510
b10100101110010 "
b111000010100 0
b10100101110010 O
b1100010111001100111000010100 #"
#2511
b10101000100101 "
b10110100000000 0
b10101000100101 O
b1101100000100010110100000000 #"
#2512
b10100111101011 "
b1001001011000 0
b10100111101011 O
b1110101000100001001001011000 #"
#2513
b10100100100000 "
b1010111000000 0
b10100100100000 O
b1111110000100101010111000000 #"
#2514
b10001101001110 "
b10010100110000 0
b10001101001110 O
b10010011101010110010100110000 #"
#2515
b10000011000110 "
b10010110110000 0
b10000011000110 O
b10010111110010110010110110000 #"
#2516
b1111010011110 "
b1100011101101 0
b1111010011110 O
b10011001000000001100011101101 #"
#2517
b1111000011110 "
b10101010011000 0
b1111000011110 O
b10010110011110110101010011000 #"
#2518
b1111010000011 "
b10001110101001 0
b1111010000011 O
b10000001010111010001110101001 #"
#2519
b1011110110111 "
b11100010101010 0
b1011110110111 O
b1111000111101011100010101010 #"
#2520
b1011110110101 "
b10100111100 0
b1011110110101 O
b1110000000011100010100111100 #"
#2521
b1011101010100 "
b10011001110100 0
b1011101010100 O
b1101000111110010011001110100 #"
#2522
b1111101010001 "
b11111110010000 0
b1111101110001 O
b1010011101100111111110010000 #"
#2523
b1110101110000 "
b11011011001000 0
b1111101110000 O
b1010000110001111011011001000 #"
#2524
b1111111011111 "
b1001111110110 0
b1111111011111 O
b1010010010110101001111110110 #"
#2525
b10001001110001 "
b10011110000100 0
b10001001110001 O
b1010110111101110011110000100 #"
#2526
b10100001001000 "
b11010100111000 0
b10100001001000 O
b1101100111110111010100111000 #"
#2527
b10100111000110 "
b11100110011000 0
b10100111000110 O
b1110111001010111100110011000 #"
#2528
b10101001101000 "
b11011110010101 0
b10101001101000 O
b10000001000110011011110010101 #"
#2529
b10100110110000 "
b10011000011 0
b10100110110000 O
b10011001000111000010011000011 #"
#2530
b10100000101010 "
b1100101010010 0
b10100000101010 O
b10011111010001101100101010010 #"
#2531
b10001000011110 "
b1010001100110 0
b10001000011110 O
b10100001100001001010001100110 #"
#2532
b1111110110000 "
b1111101000101 0
b1111110110000 O
b10100000101000001111101000101 #"
#2533
b1110101000100 "
b11011011000110 0
b1110101000100 O
b10011011001110011011011000110 #"
#2534
b1011101001010 "
b101100000000 0
b1011101001010 O
b10000101001000100101100000000 #"
#2535
b1010111111001 "
b1101100010000 0
b1010111111001 O
b1111011111011101101100010000 #"
#2536
b1010110100010 "
b10100101010010 0
b1010110100010 O
b1110001101011110100101010010 #"
#2537
b1011001111111 "
b10001000011001 0
b1011001111111 O
b1011010100011110001000011001 #"
#2538
b1110001001011 "
b10011101010000 0
b1110001001011 O
b1010111001110010011101010000 #"
#2539
b1111010000101 "
b101101011110 0
b1111010000101 O
b1010101001000000101101011110 #"
#2540
b10000011010101 "
b10001010011110 0
b10000011010101 O
b1010111001001110001010011110 #"
#2541
b10001100101011 "
b1110000100110 0
b10001100101011 O
b1011101000001001110000100110 #"
#2542
b10100101100011 "
b10110000011011 0
b10100101100011 O
b1110110001011110110000011011 #"
#2543
b10101000111101 "
b1101001101 0
b10101000111101 O
b10000000101110000001101001101 #"
#2544
b10101000100110 "
b10010010001100 0
b10101000100110 O
b10001010100001110010010001100 #"
#2545
b10100100101100 "
b11010010010001 0
b10100100101100 O
b10100001010100111010010010001 #"
#2546
b10001101100010 "
b10000111011100 0
b10001101100010 O
b10100101100000110000111011100 #"
#2547
b10000100000110 "
b1111100110 0
b10000100000110 O
b10100110101000100001111100110 #"
#2548
b1111010000001 "
b11010101010000 0
b1111010000001 O
b10100100100011011010101010000 #"
#2549
b1110001000010 "
b11110011101001 0
b1110001000010 O
b10001101100111111110011101001 #"
#2550
b1011010000000 "
b10110010001 0
b1011010000010 O
b10000011111101000010110010001 #"
#2551
b1010110111000 "
b1011111101000 0
b1010110111000 O
b1111010110110101011111101000 #"
#2552
b1011110111101 "
b10001101101010 0
b1011010111101 O
b1110001001101110001101101010 #"
#2553
b1011100011111 "
b1101010100100 0
b1011100011111 O
b1011010100010001101010100100 #"
#2554
b1111111111111 "
b1010100011011 0
b1111111111111 O
b1010111011100101010100011011 #"
#2555
b1000100110000 0
b1010111010101101000100110000 #"
#2556
b1111110010111 "
b10000101010110 0
b1111110010111 O
b1011011001010110000101010110 #"
#2557
b10101000110110 "
b11000110001100 0
b10101000110110 O
b1110010111001111000110001100 #"
#2558
b10100110110110 "
b11011000001010 0
b10100110111110 O
b1111101000010011011000001010 #"
#2559
b10100110101010 "
b11110010000110 0
b10100110101010 O
b10000111011000111110010000110 #"
#2560
b10101001000010 "
b1100010101010 0
b10101001000010 O
b10001111101100001100010101010 #"
#2561
b10100111100100 "
b1100101100100 0
b10100111100100 O
b10100110100101101100101100100 #"
#2562
b10100001100101 "
b1010110110110 0
b10100001100101 O
b10101001001001101010110110110 #"
#2563
b10001001001101 "
b1011000011010 0
b10001001001101 O
b10100111100101101011000011010 #"
#2564
b1111111100000 "
b1110101011000 0
b1111111100000 O
b10100010101000101110101011000 #"
#2565
b1110101001110 "
b10010111111100 0
b1110101001110 O
b10001010010111010010111111100 #"
#2566
b1011101100000 "
b1101011110100 0
b1011101100000 O
b10000000111111001101011110100 #"
#2567
b1011000110000 "
b10101011110101 0
b1011000110000 O
b1110110001101110101011110101 #"
#2568
b1010110100001 "
b1101011111100 0
b1010110100001 O
b1011110001011101101011111100 #"
#2569
b1011001001110 "
b11001010010100 0
b1011001001110 O
b1011110001000011001010010100 #"
#2570
b1011111111101 "
b11011011110000 0
b1011111111101 O
b1011000100101011011011110000 #"
#2571
b1111000110101 "
b11010011011111 0
b1111000110101 O
b1010110010000111010011011111 #"
#2572
b10000010011001 "
b1011011010110 0
b10000010011001 O
b1011000101111101011011010110 #"
#2573
b10001100110111 "
b10001000000110 0
b10001100110111 O
b1011110011111110001000000110 #"
#2574
b10100011000110 "
b11100100000000 0
b10100011000110 O
b1110110010010011100100000000 #"
#2575
b10101000010001 "
b1100010110111 0
b10101000010001 O
b10000000010100101100010110111 #"
#2576
b10101001011001 "
b11101100011010 0
b10101001011001 O
b10001010110100011101100011010 #"
#2577
b10100110000010 "
b10001001111010 0
b10100110000010 O
b10100010010101110001001111010 #"
#2578
b10001101111010 "
b10110011111110 0
b10001101111010 O
b10100101011101010110011111110 #"
#2579
b10000100011011 "
b1110011110000 0
b10000100011011 O
b10100110001100001110011110000 #"
#2580
b1111010111001 "
b111001011100 0
b1111010111001 O
b10100011111001100111001011100 #"
#2581
b1110010101110 "
b10001101110000 0
b1110010101110 O
b10001101100010110001101110000 #"
#2582
b1011010101101 "
b1100110000000 0
b1011010101101 O
b10000011101101101100110000000 #"
#2583
b1010111001111 "
b11101010001010 0
b1010111001111 O
b1111001110000011101010001010 #"
#2584
b1010111101001 "
b11101101001000 0
b1010111101001 O
b1110000011011111101101001000 #"
#2585
b1011011011111 "
b11010010010 0
b1011011011111 O
b1011000101001100011010010010 #"
#2586
b1110011000111 "
b1000011101011 0
b1110011000111 O
b1010110000001101000011101011 #"
#2587
b1111101010011 "
b11100010010110 0
b1111101010111 O
b1010101011100011100010010110 #"
#2588
b11111111110011 "
b1101001111000 0
b10000111110011 O
b1011000001111001101001111000 #"
#2589
b10001111110011 "
b111011100100 0
b10001111110011 O
b1101110101001000111011100100 #"
#2590
b10101111110010 "
b10001000010011 0
b10101111110010 O
b1110111110111110001000010011 #"
#2591
b10101110110110 "
b1100010000000 0
b10101110110110 O
b10000001010101101100010000000 #"
#2592
b10101000110110 "
b1000011000000 0
b10101000110110 O
b10001001011110001000011000000 #"
#2593
b10101011000110 "
b101100000 0
b10101011000110 O
b10011111101000000000101100000 #"
#2594
b10101011000000 "
b1110000010010 0
b10101011010000 O
b10100001101010101110000010010 #"
#2595
b10001010110010 "
b10111111000111 0
b10001010110010 O
b10011111110110110111111000111 #"
#2596
b10000000100110 "
b11000110010011 0
b10000000100110 O
b10011011001111111000110010011 #"
#2597
b1110110000111 "
b11110001010111 0
b1110110000111 O
b10000100010100111110001010111 #"
#2598
b1011110000110 "
b11000100000000 0
b1011110000110 O
b1111010110001011000100000000 #"
#2599
b1011001000000 "
b11110001000 0
b1011001000000 O
b1110000011101000011110001000 #"
#2600
b1010110111111 "
b1101110100000 0
b1010110111111 O
b1011001001111001101110100000 #"
#2601
b1011001000000 "
b10001001001010 0
b1011001000000 O
b1010011000111010001001001010 #"
#2602
b1011110111000 "
b1100001000 0
b1011110111000 O
b1010000100011000001100001000 #"
#2603
b1110111100111 "
b10100101110000 0
b1110111100111 O
b1010010011011010100101110000 #"
#2604
b10000001101111 "
b11111101110110 0
b10000001101111 O
b1010111000000111111101110110 #"
#2605
b10001011011010 "
b10111111111010 0
b10001011011010 O
b1101011111110110111111111010 #"
#2606
b10100011110101 "
b11010110111100 0
b10100011110101 O
b1110101011111011010110111100 #"
#2607
b10101000000011 "
b1110000011011 0
b10101000000011 O
b1111111001110001110000011011 #"
#2608
b10101000110110 "
b11100010101 0
b10101000110110 O
b10010011010111100011100010101 #"
#2609
b10100101100111 "
b11001010000111 0
b10100101100111 O
b10010111110101111001010000111 #"
#2610
b10001111101001 "
b11001001001111 0
b10001111101001 O
b10011000011011011001001001111 #"
#2611
b10000110011010 "
b1011001111000 0
b10000110011010 O
b10010101010101101011001111000 #"
#2612
b1111100010101 "
b1010010100111 0
b1111100010101 O
b10000000101101101010010100111 #"
#2613
b1110010101001 "
b10011101001000 0
b1110010101001 O
b1111000011101010011101001000 #"
#2614
b1011011001000 "
b111100000000 0
b1011011001000 O
b1101111100111000111100000000 #"
#2615
b1010111111000 "
b111011001 0
b1010111111000 O
b1100101100101100000111011001 #"
#2616
b1010111100100 "
b101110010100 0
b1010111100100 O
b1010000100010100101110010100 #"
#2617
b1011010111100 "
b1100100001101 0
b1011010111100 O
b1001100101010001100100001101 #"
#2618
b1110010100010 "
b10010001100010 0
b1110010100010 O
b1001011101111010010001100010 #"
#2619
b1111100001110 "
b10010101111011 0
b1111100001110 O
b1001101101001110010101111011 #"
#2620
b10000110100001 "
b11111011001110 0
b10000110100001 O
b1100001100110111111011001110 #"
#2621
b10001110111111 "
b10011110110010 0
b10001110111111 O
b1101001010000010011110110010 #"
#2622
b10100110001011 "
b10101001110000 0
b10100110001011 O
b1110001010000010101001110000 #"
#2623
b10101101001101 "
b10110101110101 0
b10101001000101 O
b1111000010111110110101110101 #"
#2624
b10101111010101 "
b11101011110001 0
b10100111010101 O
b10001011000101111101011110001 #"
#2625
b10100111011110 "
b11111110101000 0
b10100111011110 O
b10001100111000011111110101000 #"
#2626
b10101011111111 "
b1100110100000 0
b10101011111111 O
b10001011110001001100110100000 #"
#2627
b10001011101011 "
b1000111111000 0
b10001011101011 O
b10000111010100001000111111000 #"
#2628
b11110111001011 "
b11100001011110 0
b11110111001011 O
b1110011100000111100001011110 #"
#2629
b1111111001001 "
b11011101000000 0
b1111111011001 O
b1101010110010111011101000000 #"
#2630
b1011111010010 "
b11101110111 0
b1011111010010 O
b1100010000011100011101110111 #"
#2631
b1011001100110 "
b11110001010111 0
b1011001100110 O
b1001101000111111110001010111 #"
#2632
b1010110001110 "
b10000011000001 0
b1010110001110 O
b1000111100110010000011000001 #"
#2633
b1011000100101 "
b1011010001111 0
b1011000100101 O
b1000100111111001011010001111 #"
#2634
b1011110010101 "
b10111100101100 0
b1011110010101 O
b1000101100101010111100101100 #"
#2635
b1110110011010 "
b1001001100101 0
b1110110011010 O
b1001001010111101001001100101 #"
#2636
b10000000000111 "
b11001110000000 0
b10000000000111 O
b1011011001101011001110000000 #"
#2637
b10001010111100 "
b1111100010101 0
b10001010111100 O
b1100010010000101111100010101 #"
#2638
b10100011000101 "
b1111000110010 0
b10100011000101 O
b1101001011110101111000110010 #"
#2639
b10100111100100 "
b1110001111000 0
b10100111100100 O
b1111011010011101110001111000 #"
#2640
b10101001001110 "
b11110011000010 0
b10101001001110 O
b1111110000110111110011000010 #"
#2641
b10100110011111 "
b11100100001100 0
b10100110011111 O
b1111110101011111100100001100 #"
#2642
b10001111101000 "
b11111011000001 0
b10001111101000 O
b1111100010101111111011000001 #"
#2643
b10000111001010 "
b11101011011111 0
b10000111001010 O
b1110110111000011101011011111 #"
#2644
b1111101101001 "
b1010110101010 0
b1111101101001 O
b1100100000100001010110101010 #"
#2645
b1110100000000 "
b11001110010 0
b1110100000000 O
b1011011111101000011001110010 #"
#2646
b1011011010000 "
b1111000010111 0
b1011011010000 O
b1010011101111001111000010111 #"
#2647
b1010111110010 "
b110000001010 0
b1010111110010 O
b1000010000011000110000001010 #"
#2648
b1010111100000 "
b10100101011101 0
b1010111100000 O
b111110111001010100101011101 #"
#2649
b1011010111011 "
b1110100111000 0
b1011010111011 O
b111101011000001110100111000 #"
#2650
b1110001100101 "
b11010011001000 0
b1110001100101 O
b111110100100011010011001000 #"
#2651
b1111010011001 "
b11000010101011 0
b1111010011001 O
b1001101111000111000010101011 #"
#2652
b10000101000111 "
b110110111001 0
b10000101000111 O
b1010011100000100110110111001 #"
#2653
b10001110100111 "
b1101111001101 0
b10001110100111 O
b1011001100011001101111001101 #"
#2654
b10100110001001 "
b10000100001011 0
b10100110001001 O
b1011111100000010000100001011 #"
#2655
b10101000110011 "
b11111000000 0
b10101000110011 O
b1101110001001100011111000000 #"
#2656
b10100111100111 "
b10110010 0
b10100111100111 O
b1101111000000100000010110010 #"
#2657
b10100011010111 "
b1011010100000 0
b10100011010111 O
b1101110100001101011010100000 #"
#2658
b10001100111011 "
b1001001100010 0
b10001100101111 O
b1101011010111001001001100010 #"
#2659
b10001111101010 "
b11000111010001 0
b10000011101010 O
b1011010101110111000111010001 #"
#2660
b11111010001110 "
b11100101001000 0
b1111010001110 O
b1010011110010111100101001000 #"
#2661
b1111111101111 "
b1110000100001 0
b1111111101111 O
b1001100110000101110000100001 #"
#2662
b1011111101001 "
b10010100010000 0
b1011111101001 O
b1000110111000010010100010000 #"
#2663
b1011111100101 "
b11111010001100 0
b1011111100100 O
b110111110001111111010001100 #"
#2664
b1011110110101 "
b1110101101011 0
b1011110110101 O
b110101001011001110101101011 #"
#2665
b1011101110100 "
b11110110010101 0
b1011101110100 O
b110101001110111110110010101 #"
#2666
b1011101110011 "
b1110010111111 0
b1011101110011 O
b110111011101101110010111111 #"
#2667
b1110101001001 "
b11101101111010 0
b1110101001001 O
b1000100111001011101101111010 #"
#2668
b1111110111001 "
b11110100111100 0
b1111110111001 O
b1001001111010111110100111100 #"
#2669
b10001010100011 "
b100001110100 0
b10001010100011 O
b1001110111000100100001110100 #"
#2670
b10100010000011 "
b1001000000 0
b10100010000011 O
b1011100010101100001001000000 #"
#2671
b10100111011111 "
b101111010000 0
b10100111011111 O
b1011110111110100101111010000 #"
#2672
b10101001001001 "
b11011011011100 0
b10101001001001 O
b1011110110011011011011011100 #"
#2673
b10100111100001 "
b101011111000 0
b10100111100001 O
b1011100011110100101011111000 #"
#2674
b10100000011111 "
b1011110001000 0
b10100000011111 O
b1011000011000001011110001000 #"
#2675
b10001000001100 "
b1101010001000 0
b10001000001100 O
b1001010011001101101010001000 #"
#2676
b1111111001011 "
b10011111010 0
b1111111001011 O
b1000100011101000010011111010 #"
#2677
b1110100001101 "
b11101111100000 0
b1110100001101 O
b111110000101011101111100000 #"
#2678
b1011100100000 "
b10101000000 0
b1011100100000 O
b110000110110000010101000000 #"
#2679
b1011000011101 "
b11000100 0
b1011000011101 O
b101101111000100000011000100 #"
#2680
b1010111000001 "
b10101111011111 0
b1010111000001 O
b101100001011110101111011111 #"
#2681
b1011001111110 "
b10101011101010 0
b1011001111110 O
b101100111111010101011101010 #"
#2682
b1110001001010 "
b1011111100000 0
b1110001001010 O
b110111110011001011111100000 #"
#2683
b1111010000011 "
b1001001101100 0
b1111010000011 O
b111011010000001001001101100 #"
#2684
b10000100000100 "
b1000011111000 0
b10000100000100 O
b111111010100101000011111000 #"
#2685
b10001101001001 "
b1001100001001 0
b10001101001001 O
b1000011000010001001100001001 #"
#2686
b10100101011100 "
b10101000001100 0
b10100101011100 O
b1001101101100110101000001100 #"
#2687
b10101000011000 "
b11101100100 0
b10101000011000 O
b1001110000100000011101100100 #"
#2688
b10101000010101 "
b10001110100 0
b10101000010101 O
b1001101011001100010001110100 #"
#2689
b10100100100000 "
b10101111101101 0
b10100100100000 O
b1001010111010110101111101101 #"
#2690
b10001101010110 "
b111011110100 0
b10001101010110 O
b111111101001100111011110100 #"
#2691
b10000011101010 "
b11001100111111 0
b10000011101010 O
b111010100010011001100111111 #"
#2692
b1111001111010 "
b10111011100110 0
b1111001111010 O
b110101000001010111011100110 #"
#2693
b1110001001011 "
b11110000100010 0
b1110001001011 O
b110000100000111110000100010 #"
#2694
b1011010000011 "
b100100011110 0
b1011010000011 O
b100110001110100100100011110 #"
#2695
b1011110111011 "
b11101011001110 0
b1010110111011 O
b100100010111011101011001110 #"
#2696
b1010111111101 "
b10001000 0
b1010111111101 O
b100011111100100000010001000 #"
#2697
b1011111111111 "
b10111010000011 0
b1011111111111 O
b100100110000110111010000011 #"
#2698
b1111101011111 "
b1001011101110 0
b1111101011111 O
b101101101111001001011101110 #"
#2699
b1111110111110 "
b11011101010000 0
b1111110111110 O
b110001000010011011101010000 #"
#2700
b1111110011100 "
b1011111100010 0
b1111110011100 O
b110100000110101011111100010 #"
#2701
b10001000000011 "
b11110010111111 0
b10101000010011 O
b111100011110111110010111111 #"
#2702
b10100001110010 "
b10101001011000 0
b10100101110010 O
b111101110010010101001011000 #"
#2703
b10100111011001 "
b1011010100010 0
b10100111011001 O
b111101010010001011010100010 #"
#2704
b10101001011000 "
b1010100100111 0
b10101001011000 O
b111100000001001010100100111 #"
#2705
b10100110101010 "
b11001101001101 0
b10100110101010 O
b111001100001111001101001101 #"
#2706
b10100000110001 "
b10001001100000 0
b10100000110001 O
b110000001000110001001100000 #"
#2707
b10001001110011 "
b10100101110000 0
b10001001110011 O
b101011110001110100101110000 #"
#2708
b1111111111001 "
b10110111011100 0
b1111111111001 O
b100111100010010110111011100 #"
#2709
b1110101001100 "
b10000100010111 0
b1110101001100 O
b11111000010110000100010111 #"
#2710
b1011101100000 "
b11010000011010 0
b1011101100000 O
b11100110001111010000011010 #"
#2711
b1011000010010 "
b11000000011110 0
b1011000010010 O
b11011101110111000000011110 #"
#2712
b1010110100100 "
b1110100011000 0
b1010110100100 O
b11011110000101110100011000 #"
#2713
b1011001111111 "
b1110000000 0
b1011001111111 O
b11100111111000001110000000 #"
#2714
b1110000000100 "
b100100011010 0
b1110000000100 O
b100011110010000100100011010 #"
#2715
b1111000110001 "
b1010101100110 0
b1111000110001 O
b100110001111101010101100110 #"
#2716
b10000010101000 "
b11110100101100 0
b10000010101000 O
b101000100101111110100101100 #"
#2717
b10001100100011 "
b10101010011010 0
b10001100100011 O
b101110010110010101010011010 #"
#2718
b10100100010010 "
b10101101100101 0
b10100100010010 O
b101110011110110101101100101 #"
#2719
b10101000010101 "
b10100010001110 0
b10101000010101 O
b101101111010010100010001110 #"
#2720
b10101000101110 "
b1011111000011 0
b10101000101110 O
b101100010000101011111000011 #"
#2721
b10100101001011 "
b101010100000 0
b10100101001011 O
b100101001101100101010100000 #"
#2722
b10001101111001 "
b1100100000110 0
b10001101111001 O
b100010001010001100100000110 #"
#2723
b10000100111100 "
b10011101001000 0
b10000100111100 O
b11111000011110011101001000 #"
#2724
b1111010110100 "
b1100000010100 0
b1111010110100 O
b11011110010001100000010100 #"
#2725
b1110001011111 "
b1010100000110 0
b1110001011111 O
b10101101010001010100000110 #"
#2726
b1011010100000 "
b11100001110000 0
b1011010100000 O
b10100100111011100001110000 #"
#2727
b1010110111100 "
b1110101001000 0
b1010110111100 O
b10100000011001110101001000 #"
#2728
b1010111111111 "
b11010000000011 0
b1010111111111 O
b10100010110011010000000011 #"
#2729
b1011011011110 "
b1001011101000 0
b1011011011111 O
b11001000000101001011101000 #"
#2730
b1110100010111 "
b10001100110110 0
b1110100000111 O
b11010010010010001100110110 #"
#2731
b1111101110111 "
b11000010 0
b1111101110111 O
b11011111011000000011000010 #"
#2732
b11111111110101 "
b1111010010100 0
b10111111110101 O
b11101000011101111010010100 #"
#2733
b10100111000001 "
b101001101100 0
b10100111000001 O
b100000110000100101001101100 #"
#2734
b10100111011010 "
b10010101111111 0
b10100111011010 O
b100000011010110010101111111 #"
#2735
b11110001100100 0
b10101111011010 O
b11111010101111110001100100 #"
#2736
b10101111101100 "
b11110001111010 0
b10101111101100 O
b11101110000011110001111010 #"
#2737
b10100111101110 "
b10011001111010 0
b10100111101110 O
b11000110010110011001111010 #"
#2738
b10100001101111 "
b1101100000000 0
b10100001101111 O
b10110010111001101100000000 #"
#2739
b10001010010110 "
b10100100010111 0
b10001010010110 O
b10100000100110100100010111 #"
#2740
b10000000111111 "
b1010101100000 0
b10000000111111 O
b1111011011001010101100000 #"
#2741
b1110110001110 "
b10011011111001 0
b1110110001110 O
b1110000110010011011111001 #"
#2742
b1011110010000 "
b1011011010111 0
b1011110010000 O
b1101011110101011011010111 #"
#2743
b1011000110011 "
b1100011100000 0
b1011000110011 O
b1101010111101100011100000 #"
#2744
b1010110100001 "
b1001100111110 0
b1010110100001 O
b1101100110101001100111110 #"
#2745
b1011001010111 "
b111110010000 0
b1011001010111 O
b10000100110000111110010000 #"
#2746
b1110000000000 "
b1101000011110 0
b1110000000000 O
b10001100000101101000011110 #"
#2747
b1110111111111 "
b111111011000 0
b1110111111111 O
b10010010010100111111011000 #"
#2748
b10000001100011 "
b11000001100000 0
b10000001100011 O
b10100101100011000001100000 #"
#2749
b10001011100010 "
b10010111010001 0
b10001011100010 O
b10100100101110010111010001 #"
#2750
b10100011100011 "
b11011111110100 0
b10100011100011 O
b10100000100011011111110100 #"
#2751
b10101000010011 "
b100010111001 0
b10101000010011 O
b10011000000000100010111001 #"
#2752
b10101000101000 "
b1010100100010 0
b10101000101000 O
b10001101010001010100100010 #"
#2753
b10100101011000 "
b1111100101 0
b10100101011000 O
b1110011001000001111100101 #"
#2754
b10001111001101 "
b1001000110 0
b10001111001101 O
b1100110010000001001000110 #"
#2755
b10000110001100 "
b11001010000 0
b10000110001100 O
b1011010000100011001010000 #"
#2756
b1111011101010 "
b1000101000110 0
b1111011101010 O
b1000100111001000101000110 #"
#2757
b1110010011011 "
b111000010110 0
b1110010011011 O
b111111010100111000010110 #"
#2758
b1011011011100 "
b1011011101000 0
b1011011011100 O
b111100100101011011101000 #"
#2759
b1010111100010 "
b10010001011100 0
b1010111100010 O
b111100000110010001011100 #"
#2760
b1010111100000 "
b10101000000100 0
b1010111100000 O
b1001000001010101000000100 #"
#2761
b1011011101000 "
b1111100001011 0
b1011011101000 O
b1001001111101111100001011 #"
#2762
b1110010110011 "
b10111101110110 0
b1110010110011 O
b1001011111110111101110110 #"
#2763
b1111101001100 "
b11000100110110 0
b1111101001100 O
b1001101011011000100110110 #"
#2764
b10000110011100 "
b10101100001001 0
b10000110011100 O
b1010101011110101100001001 #"
#2765
b10001111010000 "
b1110000010000 0
b10001111010000 O
b1010001110101110000010000 #"
#2766
b10101110011110 "
b1100001100 0
b10100110001110 O
b1001100110000001100001100 #"
#2767
b10101110111110 "
b1101000 0
b10101010111110 O
b1000110101100000001101000 #"
#2768
b10101111110101 "
b11101011110100 0
b10101111110101 O
b111000101011101011110100 #"
#2769
b10100111111111 "
b101010000000 0
b10100111111111 O
b110001100100101010000000 #"
#2770
b10101011111111 "
b11001000110001 0
b10101011111111 O
b101010011011001000110001 #"
#2771
b10001011111110 "
b10010111011011 0
b10001011111110 O
b11111001110010111011011 #"
#2772
b10110000111010 "
b10001000011100 0
b10110100111010 O
b11010111010001000011100 #"
#2773
b1110111111101 "
b1100011110110 0
b1111111111101 O
b11000001101100011110110 #"
#2774
b1011111101100 "
b110110111000 0
b1011111101100 O
b10110011000110110111000 #"
#2775
b1011000111101 "
b10110000000000 0
b1011000111101 O
b10101011110110000000000 #"
#2776
b1010110001111 "
b11010100010000 0
b1010110001111 O
b11000000011010100010000 #"
#2777
b1011000111010 "
b1110100010001 0
b1011000111010 O
b10111001101110100010001 #"
#2778
b1011110111100 "
b11111100011100 0
b1011110111100 O
b10101111111111100011100 #"
#2779
b1110110101000 "
b1010111010000 0
b1110110101000 O
b10110001001010111010000 #"
#2780
b10000000110001 "
b10001100010110 0
b10000000110001 O
b10011001110001100010110 #"
#2781
b10001011000010 "
b10000111100010 0
b10001011000010 O
b1111110010000111100010 #"
#2782
b10100010010011 "
b10011100111110 0
b10100010010011 O
b1011111110011100111110 #"
#2783
b10100111011101 "
b1111011000100 0
b10100111011101 O
b1000001101111011000100 #"
#2784
b10101001101110 "
b1101010000100 0
b10101001101110 O
b100001101101010000100 #"
#2785
b10100110001010 "
b110111100101 0
b10100110001010 O
b1011000110111100101 #"
#2786
b10001111101011 "
b11000001011100 0
b10001111101011 O
b11111111111110111111000001011100 #"
#2787
b10000111010010 "
b10110010100000 0
b10000111010010 O
b11111111111101011010110010100000 #"
#2788
b1111100101000 "
b1001100000100 0
b1111100101000 O
b11111111111011111001001100000100 #"
#2789
b1110011001000 "
b1001111100001 0
b1110011001000 O
b11111111111010010101001111100001 #"
#2790
b1011011110000 "
b1101000110110 0
b1011011110000 O
b11111111111000011101101000110110 #"
#2791
b1011000001001 "
b1110010011110 0
b1011000001001 O
b11111111110100100101110010011110 #"
#2792
b1010110111001 "
b1011111100100 0
b1010110111001 O
b11111111110001100101011111100100 #"
#2793
b1011010001111 "
b110010011010 0
b1011010001111 O
b11111111101110001100110010011010 #"
#2794
b1110001111001 "
b110010101011 0
b1110001111001 O
b11111111101010011100110010101011 #"
#2795
b1111011100100 "
b10011001011 0
b1111011100100 O
b11111111100100010000010011001011 #"
#2796
b10000101100001 "
b111001100000 0
b10000101100001 O
b11111111100001001000111001100000 #"
#2797
b10001110000011 "
b1101000111111 0
b10001110000011 O
b11111111011110100001101000111111 #"
#2798
b10100110000011 "
b1100001111 0
b10100110000011 O
b11111111011100110100001100001111 #"
#2799
b10101000100011 "
b1111101011010 0
b10101000100011 O
b11111111011111110001111101011010 #"
#2800
b10101000011110 "
b10100101101100 0
b10101000011111 O
b11111111011111110110100101101100 #"
#2801
b10100011110010 "
b11011001110010 0
b10100011110010 O
b11111111100000101111011001110010 #"
#2802
b10001011111111 "
b1111001010111 0
b10001011111111 O
b11111111100001101001111001010111 #"
#2803
b10001010111111 "
b1010101010101 0
b10000010111111 O
b11111111100110100101010101010101 #"
#2804
b11111010110111 "
b10101101000000 0
b11111010110111 O
b11111111100110001010101101000000 #"
#2805
b1111111110111 "
b11100001011100 0
b1111111110111 O
b11111111100100100111100001011100 #"
#2806
b1011111111110 "
b10001101100 0
b1011111111110 O
b11111111100010000000010001101100 #"
#2807
b1011111011110 "
b1101000000010 0
b1011111011110 O
b11111111011001000001101000000010 #"
#2808
b1010110011100 "
b11001101100100 0
b1010110011100 O
b11111111010100010111001101100100 #"
#2809
b1011010100011 "
b10010000001000 0
b1011110100011 O
b11111111001111001110010000001000 #"
#2810
b1011110000110 "
b1001100100000 0
b1011111000110 O
b11111111000100110101001100100000 #"
#2811
b1110101001110 "
b11110011101100 0
b1110101001110 O
b11111111000000010111110011101100 #"
#2812
b1111111101000 "
b1001010111000 0
b1111111101000 O
b11111110111110100001001010111000 #"
#2813
b10001010001110 "
b10001010000 0
b10001010001110 O
b11111110111101101100010001010000 #"
#2814
b10100001100001 "
b110010100101 0
b10100001100001 O
b11111110111110001100110010100101 #"
#2815
b10100111110000 "
b1010111100111 0
b10100111110000 O
b11111111000110110101010111100111 #"
#2816
b10101001100011 "
b11011011100000 0
b10101001100011 O
b11111111001010001011011011100000 #"
#2817
b10100110001000 "
b11100000110111 0
b10100110001000 O
b11111111001101000011100000110111 #"
#2818
b10100000000011 "
b1011101011000 0
b10100000000011 O
b11111111010110011001011101011000 #"
#2819
b10001000001011 "
b10111001111101 0
b10001000001011 O
b11111111011000001010111001111101 #"
#2820
b1111110111001 "
b110110010100 0
b1111110111001 O
b11111111011000010100110110010100 #"
#2821
b1110011100111 "
b1010101010100 0
b1110011100111 O
b11111111010110000101010101010100 #"
#2822
b1011011110011 "
b10111101010 0
b1011011110011 O
b11111111001010101000010111101010 #"
#2823
b1011000001100 "
b1011011101000 0
b1011000001100 O
b11111111000101110001011011101000 #"
#2824
b1010111011010 "
b11000111100101 0
b1010111011010 O
b11111111000000001111000111100101 #"
#2825
b1011010010100 "
b11000011101101 0
b1011010010100 O
b11111110111010110111000011101101 #"
#2826
b1110001001100 "
b1011001100011 0
b1110001001100 O
b11111110101101101001011001100011 #"
#2827
b1111001110001 "
b111101111010 0
b1111001110001 O
b11111110101010111100111101111010 #"
#2828
b10000100011100 "
b11101111000000 0
b10000100011100 O
b11111110101001110011101111000000 #"
#2829
b10001110010001 "
b10101110110110 0
b10001110010001 O
b11111110101011000010101110110110 #"
#2830
b10100101011001 "
b1010101100011 0
b10100101011001 O
b11111110110110100001010101100011 #"
#2831
b10101000100001 "
b11100101000100 0
b10101000100001 O
b11111110111010010111100101000100 #"
#2832
b10101000010110 "
b1001001000000 0
b10101000010110 O
b11111110111110110101001001000000 #"
#2833
b10100100110100 "
b110001011000 0
b10100100110100 O
b11111111000011011000110001011000 #"
#2834
b10001101010011 "
b100110101111 0
b10001101010011 O
b11111111001111101100100110101111 #"
#2835
b10000011011001 "
b1111001111000 0
b10000011011001 O
b11111111010001000101111001111000 #"
#2836
b1111001010101 "
b1100010011110 0
b1111001010101 O
b11111111010000010101100010011110 #"
#2837
b1110000110011 "
b10111111110111 0
b1110000110011 O
b11111111001101000010111111110111 #"
#2838
b1011001110010 "
b11011010110100 0
b1011001100010 O
b11111111000000001111011010110100 #"
#2839
b1011111111100 "
b11111101100110 0
b1011111111100 O
b11111110111010100011111101100110 #"
#2840
b1010111011100 "
b10010010000100 0
b1010111011100 O
b11111110110100110110010010000100 #"
#2841
b1011111111101 "
b1110101101110 0
b1011111111101 O
b11111110100110001001110101101110 #"
#2842
b1111101110101 "
b11110110011100 0
b1111101110101 O
b11111110100001111111110110011100 #"
#2843
b1111111101100 "
b101110110 0
b1111111111100 O
b11111110100001000100000101110110 #"
#2844
b1111111011001 "
b1101101111100 0
b1111111011001 O
b11111110100001111101101101111100 #"
#2845
b10001000100000 "
b10010110011000 0
b10101000100000 O
b11111110100100001010010110011000 #"
#2846
b10100000101100 "
b1111111101010 0
b10100001101100 O
b11111110110001110001111111101010 #"
#2847
b10100111011111 "
b11001000100110 0
b10100111011111 O
b11111110110111011011001000100110 #"
#2848
b10101001011111 "
b1000001101001 0
b10101001011111 O
b11111110111100111101000001101001 #"
#2849
b10100110110110 "
b1100100110101 0
b10100110110110 O
b11111111001010100001100100110101 #"
#2850
b10100001001111 "
b1001101111000 0
b10100001001111 O
b11111111001101101101001101111000 #"
#2851
b10001001001000 "
b1010011110100 0
b10001001001000 O
b11111111001110101101010011110100 #"
#2852
b1111111011001 "
b11011100010100 0
b1111111011001 O
b11111111001100111011011100010100 #"
#2853
b1110100111100 "
b1101000100 0
b1110100111100 O
b11111111001001101100001101000100 #"
#2854
b1011100111100 "
b1111110100001 0
b1011100111100 O
b11111110111011100101111110100001 #"
#2855
b1011000100001 "
b1110110001100 0
b1011000100001 O
b11111110110101111001110110001100 #"
#2856
b1010110011011 "
b10101101101110 0
b1010110011011 O
b11111110110000100010101101101110 #"
#2857
b1011010001001 "
b1011101100000 0
b1011010001001 O
b11111110100011010001011101100000 #"
#2858
b1110000010011 "
b10110110100101 0
b1110000010011 O
b11111110100000111110110110100101 #"
#2859
b1111001100011 "
b1001000000110 0
b1111001100011 O
b11111110100000101001001000000110 #"
#2860
b10000010101111 "
b10000100111100 0
b10000010101111 O
b11111110100010011110000100111100 #"
#2861
b10001101000011 "
b1100000000000 0
b10001101000011 O
b11111110101111110001100000000000 #"
#2862
b10100100100010 "
b11010101001100 0
b10100100100010 O
b11111110110101001111010101001100 #"
#2863
b10101000010001 "
b1111100110011 0
b10101000010001 O
b11111110111010000101111100110011 #"
#2864
b10101000011110 "
b110110010101 0
b10101000011110 O
b11111111000000011100110110010101 #"
#2865
b10100101001111 "
b100100100110 0
b10100101001111 O
b11111111001101001100100100100110 #"
#2866
b10001101111111 "
b10010110010 0
b10001101111111 O
b11111111001111100100010010110010 #"
#2867
b10000100100001 "
b11000100110000 0
b10000100100001 O
b11111111001111111011000100110000 #"
#2868
b1111010101000 "
b11110111100000 0
b1111010101000 O
b11111111001101101111110111100000 #"
#2869
b1110001000111 "
b11011110000110 0
b1110001000111 O
b11111111000000110111011110000110 #"
#2870
b1011010011101 "
b10010110100010 0
b1011010011101 O
b11111110111100001110010110100010 #"
#2871
b1010111000110 "
b11001001101000 0
b1010111000110 O
b11111110110111001011001001101000 #"
#2872
b1010111101010 "
b100010000 0
b1010111101010 O
b11111110110010110000000100010000 #"
#2873
b1011100100010 "
b10001110000 0
b1011100000010 O
b11111110100110110000010001110000 #"
#2874
b1111100001100 "
b10111000111000 0
b1110100001100 O
b11111110100110001010111000111000 #"
#2875
b1111101111100 "
b101110000 0
b1111101111100 O
b11111110100111010000000101110000 #"
#2876
b11111111110011 "
b10100011101010 0
b11111111110011 O
b11111110101010010010100011101010 #"
#2877
b10100111110011 "
b1111010110000 0
b10100111110011 O
b11111110110111010001111010110000 #"
#2878
b10100111010011 "
b10111011000 0
b10100111010011 O
b11111110110111110000010111011000 #"
#2879
b10101111100000 "
b110100000000 0
b10101111100000 O
b11111110111101011000110100000000 #"
#2880
b10101011100000 "
b10100011100100 0
b11111111000010110110100011100100 #"
#2881
b10100111011011 "
b1110011000000 0
b10100111011011 O
b11111111001111111101110011000000 #"
#2882
b10100001011110 "
b1000110111 0
b10100001011110 O
b11111111010011001100001000110111 #"
#2883
b10001001011110 "
b11011001000101 0
b10001001011110 O
b11111111010100000111011001000101 #"
#2884
b10000000001111 "
b101110100 0
b10000000001111 O
b11111111010011110000000101110100 #"
#2885
b1110110010000 "
b10101001101000 0
b1110110010000 O
b11111111010001100110101001101000 #"
#2886
b1011101111001 "
b11010001010101 0
b1011101111001 O
b11111111000101101111010001010101 #"
#2887
b1010111111100 "
b110110001110 0
b1010111111100 O
b11111111000001010000110110001110 #"
#2888
b1010110000110 "
b11000110001111 0
b1010110000110 O
b11111110111101001011000110001111 #"
#2889
b1011001101001 "
b11010100000 0
b1011001101001 O
b11111110110010100000011010100000 #"
#2890
b1011111110001 "
b10110011100000 0
b1011111110001 O
b11111110110000110010110011100000 #"
#2891
b1111000010110 "
b11111000101000 0
b1111000010110 O
b11111110110000110111111000101000 #"
#2892
b10000010011011 "
b11110100000 0
b10000010011011 O
b11111110110011001100011110100000 #"
#2893
b10001100001110 "
b10101110001000 0
b10001100001110 O
b11111110111110000010101110001000 #"
#2894
b10100011010111 "
b11011110110 0
b10100011010111 O
b11111111000010101100011011110110 #"
#2895
b10101000010101 "
b10011111011110 0
b10101000010101 O
b11111111000111100110011111011110 #"
#2896
b10101001100100 "
b10011000011 0
b10101001100100 O
b11111111001101000000010011000011 #"
#2897
b10100101100110 "
b1001000100110 0
b10100101100110 O
b11111111010111100101001000100110 #"
#2898
b10001110001010 "
b11100110011100 0
b10001110001010 O
b11111111011001101111100110011100 #"
#2899
b10000101101010 "
b10001111001000 0
b10000101101010 O
b11111111011010100010001111001000 #"
#2900
b1111011111010 "
b1000100 0
b1111011111010 O
b11111111011001000100000001000100 #"
#2901
b1110010010010 "
b10111010010111 0
b1110010010010 O
b11111111001111100110111010010111 #"
#2902
b1011010111111 "
b10101111010100 0
b1011010111111 O
b11111111001100011110101111010100 #"
#2903
b1010111010000 "
b10000010111111 0
b1010111010000 O
b11111111001000111110000010111111 #"
#2904
b1010111010011 "
b1001101110001 0
b1010111010011 O
b11111111000101101101001101110001 #"
#2905
b1011011011100 "
b11111110111100 0
b1011011011100 O
b11111110111100110011111110111100 #"
#2906
b1110011001111 "
b1100010011111 0
b1110011001111 O
b11111110111100101101100010011111 #"
#2907
b1111100110100 "
b10110011000000 0
b1111100110101 O
b11111110111101111110110011000000 #"
#2908
b10000110100011 "
b11011100101000 0
b10000110100011 O
b11111111000000001011011100101000 #"
#2909
b10001111110111 "
b1101111100 0
b10001111110111 O
b11111111001010100000001101111100 #"
#2910
b10101110110111 "
b10011100110000 0
b10100110110111 O
b11111111001110011110011100110000 #"
#2911
b10101111100010 "
b11110010101000 0
b10101111100010 O
b11111111010010110111110010101000 #"
#2912
b10101001000110 "
b1111101111000 0
b10101000000110 O
b11111111011100101101111101111000 #"
#2913
b10101011011110 "
b10101001101100 0
b10101011011110 O
b11111111011111101010101001101100 #"
#2914
b10101011111100 "
b11000011000000 0
b10101011111100 O
b11111111100000101011000011000000 #"
#2915
b10001001111110 "
b10110111000 0
b10001001111100 O
b11111111100000100000010110111000 #"
#2916
b10000000111111 "
b10010011011000 0
b10000000111111 O
b11111111011111000110010011011000 #"
#2917
b1110111100000 "
b10110101001000 0
b1110111100000 O
b11111111010111011010110101001000 #"
#2918
b1011111001100 "
b1000001010000 0
b1011111001100 O
b11111111010100100001000001010000 #"
#2919
b1011000011101 "
b100110011100 0
b1011000011101 O
b11111111010001101100100110011100 #"
#2920
b1010110010100 "
b1101101100000 0
b1010110010100 O
b11111111001010100101101101100000 #"
#2921
b1011001011100 "
b11111011000100 0
b1011001011100 O
b11111111001001010011111011000100 #"
#2922
b1011110111111 "
b10010010111000 0
b1011110111111 O
b11111111001001110010010010111000 #"
#2923
b1110111000100 "
b100100101 0
b1110111000100 O
b11111111001011100100000100100101 #"
#2924
b10000001001101 "
b11111001011 0
b10000001001101 O
b11111111001110001000011111001011 #"
#2925
b10001011010101 "
b10000001101000 0
b10001011010101 O
b11111111010110010110000001101000 #"
#2926
b10100010111010 "
b10101100110 0
b10100010111010 O
b11111111011010010100010101100110 #"
#2927
b10101000001010 "
b1000100110101 0
b10101000001010 O
b11111111011101101001000100110101 #"
#2928
b10101001010001 "
b1001110100101 0
b10101001010001 O
b11111111100101000101001110100101 #"
#2929
b10100110010011 "
b1010101100000 0
b10100110010011 O
b11111111100110111001010101100000 #"
#2930
b10001111111100 "
b11110001001010 0
b10001111111100 O
b11111111100111011011110001001010 #"
#2931
b10000110100001 "
b101011110100 0
b10000110100001 O
b11111111100110110000101011110100 #"
#2932
b1111100100001 "
b1010101101000 0
b1111100100001 O
b11111111100000111101010101101000 #"
#2933
b1110011000001 "
b111010100 0
b1110011000001 O
b11111111011111000100000111010100 #"
#2934
b1011011100011 "
b10101100111001 0
b1011011100011 O
b11111111011101001010101100111001 #"
#2935
b1010111101001 "
b111100100100 0
b1010111101001 O
b11111111011011000100111100100100 #"
#2936
b1010110111110 "
b110010101000 0
b1010110111110 O
b11111111010101110100110010101000 #"
#2937
b1011011000000 "
b10011101111110 0
b1011011000000 O
b11111111010101101010011101111110 #"
#2938
b1110010000001 "
b111001000000 0
b1110010000001 O
b11111111010110011100111001000000 #"
#2939
b1111011010010 "
b1011010100000 0
b1111011010010 O
b11111111011000100001011010100000 #"
#2940
b10000110010101 "
b11110110001111 0
b10000110010101 O
b11111111011110100111110110001111 #"
#2941
b10001110101111 "
b111111110011 0
b10001110101111 O
b11111111100001010100111111110011 #"
#2942
b10100101100101 "
b101111000 0
b10100101100101 O
b11111111100100001100000101111000 #"
#2943
b10101000100011 "
b110111001000 0
b10101000100011 O
b11111111101010101000110111001000 #"
#2944
b10101000001111 "
b1000001101101 0
b10101000001111 O
b11111111101100011101000001101101 #"
#2945
b10101011111111 "
b10111011011110 0
b10100011111111 O
b11111111101101001010111011011110 #"
#2946
b10101110111101 "
b11111100101000 0
b10001110111101 O
b11111111101101001111111100101000 #"
#2947
b10001101110100 "
b10001001101100 0
b10001101110100 O
b11111111101100101010001001101100 #"
#2948
b10110111110101 "
b1110000000 0
b11110111110101 O
b11111111101000010000001110000000 #"
#2949
b1111111111101 "
b10000111010000 0
b1111111111101 O
b11111111100110110110000111010000 #"
#2950
b1011111101110 "
b11001100111000 0
b1011111101110 O
b11111111100101010011001100111000 #"
#2951
b1011111100001 "
b10000010000000 0
b1011111100001 O
b11111111100001000010000010000000 #"
#2952
b1010110100000 "
b1001111110010 0
b1011110100000 O
b11111111100000100101001111110010 #"
#2953
b1011001000001 "
b11111110010101 0
b1011101000001 O
b11111111100000111111111110010101 #"
#2954
b1011101101011 "
b1110100110101 0
b1011101101011 O
b11111111100010001001110100110101 #"
#2955
b1110110100111 "
b1000110100000 0
b1110110100111 O
b11111111100011101101000110100000 #"
#2956
b10000000010100 "
b11101011000000 0
b10000000010100 O
b11111111101000010111101011000000 #"
#2957
b10001010000010 "
b10010001111001 0
b10001010000010 O
b11111111101010101010010001111001 #"
#2958
b10100001110001 "
b11001000101000 0
b10100001110001 O
b11111111101100110011001000101000 #"
#2959
b10100111101110 "
b1011011001110 0
b10100111101110 O
b11111111110001000001011011001110 #"
#2960
b10101001110001 "
b10000001110100 0
b10101001110001 O
b11111111110010001010000001110100 #"
#2961
b10100110010100 "
b101010111010 0
b10100110010100 O
b11111111110010101000101010111010 #"
#2962
b10100000010101 "
b10000110101111 0
b10100000010101 O
b11111111110010011110000110101111 #"
#2963
b10000111110001 "
b11110010011 0
b10000111110001 O
b11111111101111011100011110010011 #"
#2964
b1111101110111 "
b1101000010100 0
b1111101110111 O
b11111111101110101001101000010100 #"
#2965
b1110100000100 "
b10010100111101 0
b1110100000100 O
b11111111101101100010010100111101 #"
#2966
b1011100001000 "
b10011010000 0
b1011100001000 O
b11111111101100110000010011010000 #"
#2967
b1010111011101 "
b1010001101110 0
b1010111011101 O
b11111111101010000001010001101110 #"
#2968
b1010110100011 "
b1111110100111 0
b1010110100011 O
b11111111101010000001111110100111 #"
#2969
b1011010010100 "
b100101110000 0
b1011010010100 O
b11111111101010100000100101110000 #"
#2970
b1110001110001 "
b1000110010110 0
b1110001110001 O
b11111111101011101001000110010110 #"
#2971
b1111010111110 "
b110111001100 0
b1111010111110 O
b11111111101111000000110111001100 #"
#2972
b10000100000000 "
b1000011001110 0
b10000100000000 O
b11111111110000011001000011001110 #"
#2973
b10001101011000 "
b10000101000110 0
b10001101011000 O
b11111111110001110110000101000110 #"
#2974
b10100110000111 "
b11111000011101 0
b10100110000111 O
b11111111110011010111111000011101 #"
#2975
b10101000100100 "
b10000111000011 0
b10101000100100 O
b11111111110110001110000111000011 #"
#2976
b10100111110001 "
b1100000000110 0
b10100111110001 O
b11111111110110110001100000000110 #"
#2977
b10100100000100 "
b1000000010010 0
b10100100000100 O
b11111111110111000001000000010010 #"
#2978
b10001100101010 "
b100100100110 0
b10001100101010 O
b11111111110110101100100100100110 #"
#2979
b10000011100110 "
b10011000100010 0
b10000011100110 O
b11111111110100100110011000100010 #"
#2980
b1111000100011 "
b10011001100000 0
b1111000100011 O
b11111111110100000110011001100000 #"
#2981
b11011011010010 0
b1110000100011 O
b11111111110011011111011011010010 #"
#2982
b1111010000111 "
b101101010100 0
b1011010000111 O
b11111111110001101000101101010100 #"
#2983
b1011111001111 "
b11110000101000 0
b1011111001111 O
b11111111110001011011110000101000 #"
#2984
b1011111001101 "
b11011110001100 0
b1011111001101 O
b11111111110001101011011110001100 #"
#2985
b1011101011101 "
b11101100000 0
b1011101011101 O
b11111111110010010000011101100000 #"
#2986
b1111101011101 "
b101110010000 0
b1111101011101 O
b11111111110011001000101110010000 #"
#2987
b1111111000110 "
b11110010110100 0
b1111111011110 O
b11111111110101011011110010110100 #"
#2988
b1111111011011 "
b11010010 0
b1111111011011 O
b11111111110110011000000011010010 #"
#2989
b10001001000010 "
b111111111001 0
b10001001000010 O
b11111111110111011000111111111001 #"
#2990
b10100001100010 "
b1110110000000 0
b10100001100010 O
b11111111111001011001110110000000 #"
#2991
b10100111011110 "
b1101111001100 0
b10100111011110 O
b11111111111010000001101111001100 #"
#2992
b10101000101101 "
b10010010011000 0
b10101000101101 O
b11111111111010010010010010011000 #"
#2993
b10100110110100 "
b11000011101010 0
b10100110110100 O
b11111111111010001111000011101010 #"
#2994
b10100001101110 "
b101000110111 0
b10100001101110 O
b11111111111010001000101000110111 #"
#2995
b10001000110010 "
b10001100111100 0
b10001000110010 O
b11111111111000110110001100111100 #"
#2996
b1111110010110 "
b10110101101100 0
b1111110010110 O
b11111111111000011110110101101100 #"
#2997
b1110100100111 "
b101100011000 0
b1110100100111 O
b11111111111000001100101100011000 #"
#2998
b1011101010000 "
b10011001100000 0
b1011101010000 O
b11111111110111001110011001100000 #"
#2999
b1011000011110 "
b1011110110100 0
b1011000011110 O
b11111111110111010001011110110100 #"
#3000
b1010110110100 "
b1000001010011 0
b1010110110100 O
b11111111110111100001000001010011 #"
#3001
b1011010010100 "
b11110111100111 0
b1011010010100 O
b11111111111000000011110111100111 #"
#3002
b1110000011100 "
b10101010110110 0
b1110000011100 O
b11111111111001011010101010110110 #"
#3003
b1111001010110 "
b10100010101010 0
b1111001010110 O
b11111111111010000010100010101010 #"
#3004
b10000011100001 "
b11001000010000 0
b10000011100001 O
b11111111111010101011001000010000 #"
#3005
b10001101001110 "
b11111010101111 0
b10001101001110 O
b11111111111011010011111010101111 #"
#3006
b10100100011111 "
b1101101001111 0
b10100100011111 O
b11111111111100011001101101001111 #"
#3007
b10101000000110 "
b11100011101000 0
b10101000000110 O
b11111111111100101011100011101000 #"
#3008
b10101000111100 "
b100110110100 0
b10101000111100 O
b11111111111100110100100110110100 #"
#3009
b10100100101101 "
b1110011110010 0
b10100100101101 O
b11111111111100110001110011110010 #"
#3010
b10001101001110 "
b11110010011011 0
b10001101001110 O
b11111111111100000111110010011011 #"
#3011
b10000100001011 "
b1011010101111 0
b10000100001011 O
b11111111111100000101011010101111 #"
#3012
b1111010011100 "
b10101011100010 0
b1111010011100 O
b11111111111011110110101011100010 #"
#3013
b1110000100110 "
b10000111100000 0
b1110000100110 O
b11111111111011110010000111100000 #"
#3014
b1011001101110 "
b1111111100 0
b1011001101110 O
b11111111111011010100001111111100 #"
#3015
b1010111100111 "
b11000100101001 0
b1010111100111 O
b11111111111011100011000100101001 #"
#3016
b1011000100011 "
b10110110010000 0
b1011000000011 O
b11111111111011101110110110010000 #"
#3017
b1011100100011 "
b10010110110 0
b1011100100011 O
b11111111111100000100010010110110 #"
#3018
b1111100100011 "
b1101111111010 0
b1110100100011 O
b11111111111100110101101111111010 #"
#3019
b1111101101110 "
b1000100001101 0
b1111101101110 O
b11111111111101001101000100001101 #"
#3020
b1111101101100 "
b10110110010100 0
b11111101101100 O
b11111111111101100010110110010100 #"
#3021
b10101000110110 "
b11010000010101 0
b10101000110110 O
b11111111111110001011010000010101 #"
#3022
b10100110111111 "
b101000110001 0
b10100110111110 O
b11111111111110011000101000110001 #"
#3023
b10100010000 0
b10100110111111 O
b11111111111110100000010100010000 #"
#3024
b10101001110100 "
b11101000111000 0
b10101001110100 O
b11111111111110100011101000111000 #"
#3025
b10100111000010 "
b11101001101010 0
b10100111000010 O
b11111111111110100011101001101010 #"
#3026
b10100010010001 "
b11100101110000 0
b10100010010001 O
b11111111111110010011100101110000 #"
#3027
b10001001111001 "
b10101101010100 0
b10001001111001 O
b11111111111110010010101101010100 #"
#3028
b1111111001010 "
b11011000011100 0
b1111111001010 O
b11111111111110010011011000011100 #"
#3029
b1110101101001 "
b100101010111 0
b1110101101001 O
b11111111111110001000100101010111 #"
#3030
b1011101110101 "
b11000001111101 0
b1011101110101 O
b11111111111110001111000001111101 #"
#3031
b1011000001011 "
b1111110011000 0
b1011000001011 O
b11111111111110010101111110011000 #"
#3032
b1010110110111 "
b10101011111100 0
b1010110110111 O
b11111111111110100010101011111100 #"
#3033
b1011001100010 "
b1111101111011 0
b1011001100010 O
b11111111111110110101111101111011 #"
#3034
b1011111110001 "
b1001010001000 0
b1011111110001 O
b11111111111111000001001010001000 #"
#3035
b1111000011001 "
b11011000100110 0
b1111000011001 O
b11111111111111001011011000100110 #"
#3036
b10000010011011 "
b110111101000 0
b10000010011011 O
b11111111111111010100110111101000 #"
#3037
b10001100010100 "
b1110110010011 0
b10001100010100 O
b11111111111111100001110110010011 #"
#3038
b10100100011111 "
b11011110010110 0
b10100100011111 O
b11111111111111100111011110010110 #"
#3039
b10101000000011 "
b11101100101000 0
b10101000000011 O
b11111111111111101011101100101000 #"
#3040
b10101000101100 "
b1011110010111 0
b10101000101100 O
b11111111111111101101011110010111 #"
#3041
b10100101000111 "
b1111111100000 0
b10100101000111 O
b11111111111111101101111111100000 #"
#3042
b10001110001101 "
b100100010000 0
b10001110001101 O
b11111111111111110000100100010000 #"
#3043
b10000101110001 "
b1100010011001 0
b10000101110001 O
b11111111111111110101100010011001 #"
#3044
b1111011010111 "
b1010010001101 0
b1111011010111 O
b11111111111111111001010010001101 #"
#3045
b1110001100110 "
b1011010001011 0
b1110001100110 O
b11111111111111111101011010001011 #"
#3046
b1011010110011 "
b10101001000101 0
b1011010110011 O
b10101001000101 #"
#3047
b1010111100111 "
b11111000111001 0
b1010111100111 O
b111111000111001 #"
#3048
b1010111000010 "
b110001101111 0
b1010111000010 O
b1100110001101111 #"
#3049
b1011100001111 "
b11001101100011 0
b1011100001111 O
b1111001101100011 #"
#3050
b1110011111000 "
b1110111000 0
b1110011111001 O
b10000001110111000 #"
#3051
b1111100111100 "
b10110100101100 0
b1111100111100 O
b10010110100101100 #"
#3052
b10001111111010 "
b1111001010000 0
b10000111100110 O
b10001111001010000 #"
#3053
b10100110001010 "
b10000011011000 0
b10100010001010 O
b10010000011011000 #"
#3054
b10100110101000 "
b10110011011 0
b10100110101000 O
b10100010110011011 #"
#3055
b10101111111010 "
b10000110000000 0
b10101111111010 O
b10110000110000000 #"
#3056
b10101001011010 "
b111100101011 0
b10101001011010 O
b11000111100101011 #"
#3057
b10101010101111 "
b1100001000110 0
b10101010101110 O
b100001100001000110 #"
#3058
b10100010101111 "
b10001110100 0
b10101011101111 O
b101000010001110100 #"
#3059
b10001001111100 "
b1001011011100 0
b10001001111000 O
b101101001011011100 #"
#3060
b10000000111111 "
b11101110011010 0
b10000000111111 O
b110111101110011010 #"
#3061
b1110111100111 "
b11001000101 0
b1110111100111 O
b111100011001000101 #"
#3062
b1011110000111 "
b101110101001 0
b1011110000111 O
b111100101110101001 #"
#3063
b1011000100110 "
b10100011001000 0
b1011000100110 O
b111110100011001000 #"
#3064
b1010110110111 "
b10100111000010 0
b1010110110111 O
b111110100111000010 #"
#3065
b1011001001100 "
b10111010111000 0
b1011001001100 O
b110110111010111000 #"
#3066
b1011110110000 "
b10110010000000 0
b1011110110000 O
b110010110010000000 #"
#3067
b1110111011001 "
b1000101101101 0
b1110111011001 O
b110001000101101101 #"
#3068
b10000001010110 "
b11001000101011 0
b10000001010110 O
b100111001000101011 #"
#3069
b10001011010110 "
b111000110100 0
b10001011010110 O
b100100111000110100 #"
#3070
b10100010111001 "
b1101100110100 0
b10100010111001 O
b100101101100110100 #"
#3071
b10101000010000 "
b11110010010000 0
b10101000010000 O
b100111110010010000 #"
1D"
#3072
b10101001000111 "
0>
b10101001000111 O
0C"
0D"
#3073
b10100101100101 "
b10100101100101 O
#3074
b10001110110101 "
b10001110110101 O
#3075
b10000110011100 "
b10000110011100 O
#3076
b1111100110010 "
b1111100110010 O
#3077
b1110010101001 "
b1110010101001 O
#3078
b1011011011010 "
b1011011011010 O
#3079
b1010111100100 "
b1010111100100 O
#3080
b1010111010000 "
b1010111010000 O
#3081
b1011011011101 "
b1011011011101 O
#3082
b1110010100100 "
b1110010100100 O
#3083
b1111011101100 "
b1111011101100 O
#3084
b10000101101100 "
b10000101101100 O
#3085
b10001110111010 "
b10001110111010 O
#3086
b10100110110001 "
b10100110110001 O
#3087
b10101000110011 "
b10101000110011 O
#3088
b10101000110111 "
b10101000100111 O
#3089
b10101011101111 "
b10100011101111 O
#3090
b10101011101111 O
#3091
b10001011101101 "
b10001011101101 O
#3092
b11111001100101 "
b11111001100101 O
#3093
b1111110011101 "
b1111110011101 O
#3094
b1011110011111 "
b1011110011111 O
#3095
b1011011111101 "
b1011111111001 O
#3096
b1010111011101 "
b1010111011101 O
#3097
b1011000100011 "
b1011001100011 O
#3098
b1011101100010 "
b1011101100010 O
#3099
b1110110011001 "
b1110110011001 O
#3100
b10000000111011 "
b10000000111011 O
#3101
b10001010000100 "
b10001010000100 O
#3102
b10100010011111 "
b10100010011111 O
#3103
b10100111111110 "
b10100111111110 O
#3104
b10101000110001 "
b10101000110001 O
#3105
b10100110001000 "
b10100110001000 O
#3106
b10100000110100 "
b10100000110100 O
#3107
b10000111011100 "
b10000111011100 O
#3108
b1111100110111 "
b1111100110111 O
#3109
b1110011101101 "
b1110011101101 O
#3110
b1011100101010 "
b1011100101010 O
#3111
b1010111101101 "
b1010111101101 O
#3112
b1010110010011 "
b1010110010011 O
#3113
b1011010110101 "
b1011010110101 O
#3114
b1110010001011 "
b1110010001011 O
#3115
b1111010111100 "
b1111010111100 O
#3116
b10000101011100 "
b10000101011100 O
#3117
b10001101111110 "
b10001101111110 O
#3118
b10100101001101 "
b10100101001101 O
#3119
b10101000111000 "
b10101000111000 O
#3120
b10101000110101 "
b10101000110101 O
#3121
b10100100010100 "
b10100100010100 O
#3122
b10001100010000 "
b10001100010000 O
#3123
b10000011001011 "
b10000011001011 O
#3124
b1111001001011 "
b1111001001011 O
#3125
b1111000001101 "
b1110000001101 O
#3126
b1111001011111 "
b1111001011111 O
#3127
b1011111111111 "
b1011111111111 O
#3128
b1010111111111 "
b1010111111111 O
#3129
b1011111110100 "
b1011111110100 O
#3130
b1011111000100 "
b1011111010100 O
#3131
b1110101110011 "
b1111101110011 O
#3132
b1111111001010 "
b1111111001010 O
#3133
b10001001001101 "
b10001001001101 O
#3134
b10100001110001 "
b10100001110001 O
#3135
b10100111111111 "
b10100111111111 O
#3136
b10101000110000 "
b10101000110000 O
#3137
b10100110100000 "
b10100110100000 O
#3138
b10100001010110 "
b10100001010110 O
#3139
b10001000101000 "
b10001000101000 O
#3140
b1111101101111 "
b1111101101111 O
#3141
b1110100010101 "
b1110100010101 O
#3142
b1011101010010 "
b1011101010010 O
#3143
b1010111111101 "
b1010111111101 O
#3144
b1010110110101 "
b1010110110101 O
#3145
b1011010000000 "
b1011010000000 O
#3146
b1110000110011 "
b1110000110011 O
#3147
b1111010000000 "
b1111010000000 O
#3148
b10000100101110 "
b10000100101110 O
#3149
b10001101101101 "
b10001101101101 O
#3150
b10100100011111 "
b10100100011111 O
#3151
b10101000010011 "
b10101000010011 O
#3152
b10101000111101 "
b10101000111101 O
#3153
b10100101000000 "
b10100101000000 O
#3154
b10001101000101 "
b10001101000101 O
#3155
b10000100001101 "
b10000100001101 O
#3156
b1111001110000 "
b1111001110000 O
#3157
b1110000011111 "
b1110000011111 O
#3158
b1011001111111 "
b1011001111111 O
#3159
b1010110110111 "
b11011 ?
b1010110110111 O
#3160
b1011100111111 "
b1011000111111 O
#3161
b1011100011111 "
b1011100011111 O
#3162
b1111101011111 "
b11010 ?
b1111101011111 O
#3163
b1111111001111 "
b1111111001110 O
#3164
b1111110001001 "
b11001 ?
b1111110001001 O
#3165
b10101001000101 "
b11000 ?
b10101001000101 O
#3166
b10100111010110 "
b10111 ?
b10100111010110 O
#3167
b10100111010111 "
b10100111010111 O
#3168
b10101000010110 "
b10110 ?
b10101001010110 O
#3169
b10100111001000 "
b10101 ?
b10100111001000 O
#3170
b10100001110101 "
b10100 ?
b10100001110101 O
#3171
b10001001010011 "
b10010 ?
b10001001010011 O
#3172
b1111111010111 "
b10001 ?
b1111111010111 O
#3173
b1110101011011 "
b10000 ?
b1110101011011 O
#3174
b1011101001011 "
b1111 ?
b1011101001011 O
#3175
b1010111110101 "
b1101 ?
b1010111110101 O
#3176
b1010111001110 "
b1100 ?
b1010111001110 O
#3177
b1011010001100 "
b1010 ?
b1011010001100 O
#3178
b1011111101011 "
b1000 ?
b1011111101011 O
#3179
b1111000011000 "
b111 ?
b1111000011000 O
#3180
b10000011010111 "
b101 ?
b10000011010111 O
#3181
b10001100100001 "
b11 ?
b10001100100001 O
#3182
b10100100100001 "
b1 ?
b10100100100001 O
#3183
b10101000101001 "
b101 ?
b10101000101001 O
#3184
b10101000010001 "
b1111111111111111 ?
b10101000010001 O
#3185
b10100101000110 "
b1111111111111101 ?
b10100101000110 O
#3186
b10001110101100 "
b1111111111111011 ?
b10001110101100 O
#3187
b10000101010001 "
b1111111111111000 ?
b10000101010001 O
#3188
b1111010011101 "
b1111111111110110 ?
b1111010011101 O
#3189
b1110001100011 "
b1111111111110011 ?
b1110001100011 O
#3190
b1011010111010 "
b1111111111110001 ?
b1011010111010 O
b1100011001111100000110101001111 _
1!"
#3191
b1010111010100 "
b1111111111101110 ?
b1010111010100 O
b1100011001100010000010111100100 _
#3192
b1010110111001 "
b1111111111101011 ?
b1010110111001 O
b1100010100111101001100001111000 _
#3193
b1011100001001 "
b1111111111101000 ?
b1011100001001 O
b1100000111001111001110100111010 _
#3194
b1110100000101 "
b1111111111100101 ?
b1110100000101 O
b1011101010100010010100110001010 _
#3195
b1111101000011 "
b1111111111100010 ?
b1111101000011 O
b1011010010011010101101001000001 _
#3196
b10111111001111 "
b1111111111011111 ?
b10000111001111 O
b1011010101101011000100101111111 _
#3197
b10100110011111 "
b1111111111011100 ?
b10100110011111 O
b1011010110001100101111010100101 _
#3198
b10100110111101 "
b1111111111011000 ?
b10100110111101 O
b1011010100111000011011100011000 _
#3199
b10101110111101 "
b1111111111010101 ?
b10101110111101 O
b1011010001010011011010111110010 _
#3200
b10101111110101 "
b1111111111010001 ?
b10101111110101 O
b1011001011100001101100001001100 _
#3201
b10100111100001 "
b1111111111001110 ?
b10100111100001 O
b1011001000010000101010101111001 _
#3202
b10101011000110 "
b1111111111001010 ?
b10101011010010 O
b1011001000110010001100101011011 _
#3203
b10001010010100 "
b1111111111000110 ?
b10001010010100 O
b1011001000101011100001011010110 _
#3204
b10000000110000 "
b1111111111000010 ?
b10000000110000 O
b1011001010000011101111110010010 _
#3205
b1110110101101 "
b1111111110111110 ?
b1110110101101 O
b1011001010000110100101110011011 _
#3206
b1011110000111 "
b1111111110111001 ?
b1011110000111 O
b1011001001010000110111010011000 _
#3207
b1011000011101 "
b1111111110110101 ?
b1011000011101 O
b1011000001100100110011110010011 _
#3208
b1010111001001 "
b1111111110110001 ?
b1010111001001 O
b1010101000110101011100100111010 _
#3209
b1011001010110 "
b1111111110101100 ?
b1011001010110 O
b1010110010001101101000011100100 _
#3210
b1011111000011 "
b1111111110100111 ?
b1011111000011 O
b1010111111101010011110100100000 _
#3211
b1111000000100 "
b1111111110100010 ?
b1111000000100 O
b1011000111011011011100001111011 _
#3212
b10000010001111 "
b1111111110011101 ?
b10000010001111 O
b1011001001101011010100011000100 _
#3213
b10001011000101 "
b1111111110011000 ?
b10001011000101 O
b1011001001100100010011101000000 _
#3214
b10100011011000 "
b1111111110010011 ?
b10100011011000 O
b1011001010101100101010111101100 _
#3215
b10101000101000 "
b1111111110001110 ?
b10101000101000 O
b1011001011110001001000100110000 _
#3216
b10101001001110 "
b1111111110001000 ?
b10101001001110 O
b1011001011011010010011011000101 _
#3217
b10100101010111 "
b1111111110001010 ?
b10100101010111 O
b1011001000010100100000101101100 _
#3218
b10001110111001 "
b1111111110000101 ?
b10001110111001 O
b1011000010001010000100000011000 _
#3219
b10000110100101 "
b1111111101111101 ?
b10000110100101 O
b1011000000010011011011111111111 _
#3220
b1111011110001 "
b1111111101110111 ?
b1111011110001 O
b1011000100011000100011010100110 _
#3221
b1110010101100 "
b1111111101110001 ?
b1110010101100 O
b1011000110100111110001100000010 _
#3222
b1011011101000 "
b1111111101101010 ?
b1011011101000 O
b1011000100010010100010011110100 _
#3223
b1010111001100 "
b1111111101100100 ?
b1010111001100 O
b1011000101000111100101010000111 _
#3224
b1010111000110 "
b1111111101011101 ?
b1010111000110 O
b1011001011001111111011010000000 _
#3225
b1011100000100 "
b1111111101010111 ?
b1011100000100 O
b1011001111001001100111100110101 _
#3226
b1110011001101 "
b1111111101010000 ?
b1110011001101 O
b1011001100111111011100011011010 _
#3227
b1111100000000 "
b1111111101001001 ?
b1111100000000 O
b1011001101001000111000111001111 _
#3228
b10000110001000 "
b1111111101000010 ?
b10000110001000 O
b1011001101000010001111100001000 _
#3229
b10001111001101 "
b1111111100111011 ?
b10001111001101 O
b1011001100010110000111111001110 _
#3230
b10100101111111 "
b1111111100110011 ?
b10100101111111 O
b1011001111011111001110100001011 _
#3231
b10101101110111 "
b1111111100101100 ?
b10101001100111 O
b1011001110110100110101000101011 _
#3232
b10101000000110 "
b1111111100100100 ?
b10101000000110 O
b1011001100111100000010111010100 _
#3233
b10101010100111 "
b1111111100011100 ?
b10101010100111 O
b1011001101101111001100100101010 _
#3234
b10101010110111 "
b1111111100010100 ?
b10101010110111 O
b1011001101100010110010001010001 _
#3235
b10001010110011 "
b1111111100001100 ?
b10001010110011 O
b1011001111111111100001010101110 _
#3236
b11111010100001 "
b1111111100000011 ?
b11111010100001 O
b1011010011001111000000000011100 _
#3237
b1111110100001 "
b1111111011111011 ?
b1111110100001 O
b1011010100111101111000001110101 _
#3238
b1011110101001 "
b1111111011110010 ?
b1011110101001 O
b1011010110100110111000000101001 _
#3239
b1011000101001 "
b1111111011101001 ?
b1011100101001 O
b1011011000001001001111110100110 _
#3240
b1010110010011 "
b1111111011100000 ?
b1010110010011 O
b1011010110111100101100100111111 _
#3241
b1011001010100 "
b1111111011010111 ?
b1011001010100 O
b1011010101111101010101110000101 _
#3242
b1011110011101 "
b1111111011001101 ?
b1011110011101 O
b1011010100100111011100001000011 _
#3243
b1110110101111 "
b1111111011000100 ?
b1110110101111 O
b1011010001100011011101000001100 _
#3244
b10000000010100 "
b1111111010111010 ?
b10000000010100 O
b1011010011011100010101000010000 _
#3245
b10001010000100 "
b1111111010110000 ?
b10001010000100 O
b1011010111000101010000011000000 _
#3246
b10100010111111 "
b1111111010100110 ?
b10100010111111 O
b1011011001110100011101000101110 _
#3247
b10101000011000 "
b1111111010011100 ?
b10101000011000 O
b1011011100111011101111000011001 _
#3248
b10101000101000 "
b1111111010010001 ?
b10101000101000 O
b1011011111100001011110010101101 _
#3249
b10100101101001 "
b1111111010000110 ?
b10100101101001 O
b1011100000000111010111000011111 _
#3250
b10100000000011 "
b1111111001111100 ?
b10100000000011 O
b1011100001001110110111001000011 _
#3251
b10000111010001 "
b1111111001110001 ?
b10000111010001 O
b1011100100001011000011100101110 _
#3252
b1111101000101 "
b1111111001110101 ?
b1111101000101 O
b1011101011001100100000010110001 _
#3253
b1110011100001 "
b1111111001100010 ?
b1110011100001 O
b1011111001011111101000110111100 _
#3254
b1011011100000 "
b1111111001011110 ?
b1011011100000 O
b1100000010011110000101100000011 _
#3255
b1010110111111 "
b1111111001001010 ?
b1010110111111 O
b1100000100110001100101111110011 _
#3256
b1010111001100 "
b1111111001000011 ?
b1010111001100 O
b1100000100101011100101001101110 _
#3257
b1011011001110 "
b1111111000110111 ?
b1011011001110 O
b1100000011000110110101000010000 _
#3258
b1110001101011 "
b1111111000101010 ?
b1110001101011 O
b1011111011001001100000001100011 _
#3259
b1111010111010 "
b1111111000011110 ?
b1111010111010 O
b1011101010010011111010101100100 _
#3260
b10000101011110 "
b1111111000010010 ?
b10000101011110 O
b1011100110011000010101110101000 _
#3261
b10001110010111 "
b1111111000000101 ?
b10001110010111 O
b1011100011101011011000101110011 _
#3262
b10100101011101 "
b1111110111111000 ?
b10100101011101 O
b1011100001011001001010101110010 _
#3263
b10101001010010 "
b1111110111101011 ?
b10101001010010 O
b1011100000010101101110111110010 _
#3264
b10101000100110 "
b1111110111011110 ?
b10101000100110 O
b1011011110011110111111010111010 _
#3265
b10100011110000 "
b1111110111010000 ?
b10100011110000 O
b1011011100111110100011101010110 _
#3266
b10001011101001 "
b1111110111000011 ?
b10001011101001 O
b1011011100001010010100100110011 _
#3267
b10000010101111 "
b1111110110110101 ?
b10000010101111 O
b1011011001111100100110000101010 _
#3268
b1111010111111 "
b1111110110100111 ?
b1111010111111 O
b1011011001010110010111001100100 _
#3269
b1111000111101 "
b1111110110011001 ?
b1111000111101 O
b1011011001011100001001111011100 _
#3270
b1111001101001 "
b1111110110001010 ?
b1111001101001 O
b1011011001001101010010101000001 _
#3271
b1011011100111 "
b1111110101111100 ?
b1011111100111 O
b1011011000001110110100110100000 _
#3272
b1011110010111 "
b1111110101101101 ?
b1011110010111 O
b1011010110011100001010111111000 _
#3273
b1011110001110 "
b1111110101011110 ?
b1011110001110 O
b1011010100110000100100010001011 _
#3274
b1111110001110 "
b1111110101001111 ?
b1111110011110 O
b1011010100101001111110010111000 _
#3275
b1110110011000 "
b1111110101000000 ?
b1110110011000 O
b1011010101101110100010110101100 _
#3276
b10000000000000 "
b1111110100110000 ?
b10000000000000 O
b1011010100110100001011101100000 _
#3277
b10001001010110 "
b1111110100100001 ?
b10001001010110 O
b1011010011010010000001110111101 _
#3278
b10100001111011 "
b1111110100010001 ?
b10100001111011 O
b1011010010101101001011010111100 _
#3279
b10101000000101 "
b1111110100000001 ?
b10101000000101 O
b1011010011100100000111011111000 _
#3280
b10101001010000 "
b1111110011110001 ?
b10101001010000 O
b1011010100101111011110111111000 _
#3281
b10100111011110 "
b1111110011100001 ?
b10100111011110 O
b1011010101000100111010111110000 _
#3282
b10100000101100 "
b1111110011010000 ?
b10100000101100 O
b1011010110000000101011011001010 _
#3283
b10000111110011 "
b1111110011000000 ?
b10000111110011 O
b1011011010011000101100101010100 _
#3284
b1111110011100 "
b1111110010101111 ?
b1111110011100 O
b1011011101001101011001000011010 _
#3285
b1110101001100 "
b1111110010011110 ?
b1110101001100 O
b1011011101010100111111001011000 _
#3286
b1011100100101 "
b1111110010001101 ?
b1011100100101 O
b1011011100011000101010110010101 _
#3287
b1010111001000 "
b1111110001111011 ?
b1010111001000 O
b1011010111110100001011111110000 _
#3288
b1010110111101 "
b1111110001111010 ?
b1010110111101 O
b1011001101011010100001111001000 _
#3289
b1011010110010 "
b1111110001101000 ?
b1011010110010 O
b1011001011000011000010110100111 _
#3290
b1110000111111 "
b1111110001011111 ?
b1110000111111 O
b1011001100011100111111000000001 _
#3291
b1111010001111 "
b1111110001000111 ?
b1111010001111 O
b1011001100001011100010101110100 _
#3292
b10000100100001 "
b1111110000110101 ?
b10000100100001 O
b1011001100000110001101010110011 _
#3293
b10001100101011 "
b1111110000100011 ?
b10001100101011 O
b1011001010111011001011110001111 _
#3294
b10100101011100 "
b1111110000010001 ?
b10100101011100 O
b1011001100001000110010010000011 _
#3295
b10101001000100 "
b1111101111111110 ?
b10101001000100 O
b1011001110111001000001000110110 _
#3296
b10101001010000 "
b1111101111101100 ?
b10101001010000 O
b1011010001101111010101001011011 _
#3297
b10100100001011 "
b1111101111011010 ?
b10100100001011 O
b1011010100010001101101100000010 _
#3298
b10001100110000 "
b1111101111000111 ?
b10001100110000 O
b1011010100010101111100010011100 _
#3299
b10000100000101 "
b1111101110110100 ?
b10000100000101 O
b1011010001010111111100110001010 _
#3300
b1111001100101 "
b1111101110100001 ?
b1111001100101 O
b1011001100111011100001100000110 _
#3301
b1110000011000 "
b1111101110001110 ?
b1110000011001 O
b1011000110010001001111010011100 _
#3302
b1011010011010 "
b1111101101111011 ?
b1011010011010 O
b1010110100100101011111001100001 _
#3303
b1011110111011 "
b1111101101101000 ?
b1010110110011 O
b1010111110001111000011001000001 _
#3304
b1010111110001 "
b1111101101010101 ?
b1010111110001 O
b1011000111100001010001000010000 _
#3305
b1011111111011 "
b1111101101000001 ?
b1011110111011 O
b1011001100101001101100010000100 _
#3306
b1011101111010 "
b1111101100101110 ?
b1011101111010 O
b1011001111100000111111011100010 _
#3307
b1111101110101 "
b1111101100011010 ?
b1111101110101 O
b1011001111100000011101011001010 _
#3308
b1111110111000 "
b1111101100000111 ?
b1111110111000 O
b1011001110001001011000000011100 _
#3309
b10001000111011 "
b1111101011110011 ?
b10001001111011 O
b1011001110001000111010000001000 _
#3310
b10100011000000 "
b1111101011011111 ?
b10100111010000 O
b1011001111110110001101101100001 _
#3311
b10100111010100 "
b1111101011001100 ?
b10100111010100 O
b1011010000101010001011100110110 _
#3312
b10101001011110 "
b1111101010111000 ?
b10101001011110 O
b1011010001110011111000011110011 _
#3313
b10100111011000 "
b1111101010100100 ?
b10100111011000 O
b1011010010110000010000101000100 _
#3314
b10100001010001 "
b1111101010010000 ?
b10100001010001 O
b1011010001001010100010011000100 _
#3315
b10001000100110 "
b1111101001111100 ?
b10001000100110 O
b1011010000100010001010111101011 _
#3316
b1111111010000 "
b1111101001101000 ?
b1111111010000 O
b1011010000000010101010010011010 _
#3317
b1110101001101 "
b1111101001010100 ?
b1110101001101 O
b1011001011100110011001101011010 _
#3318
b1011101100010 "
b1111101001000000 ?
b1011101100010 O
b1011001000111000011111110110000 _
#3319
b1011000011000 "
b1111101000101100 ?
b1011000011000 O
b1011001001010011000001110110010 _
#3320
b1010110011101 "
b1111101000011000 ?
b1010110011101 O
b1011001100100001111110101001000 _
#3321
b1011001011101 "
b1111101000000100 ?
b1011001011101 O
b1011001101011001011100001100010 _
#3322
b1110000010000 "
b1111100111110000 ?
b1110000010000 O
b1011001100111001100011001000011 _
#3323
b1111001011000 "
b1111100111011100 ?
b1111001011000 O
b1011001010000011001111110000100 _
#3324
b10000011001001 "
b1111100111011000 ?
b10000011001001 O
b1011000111011110010100110010000 _
#3325
b10001100011000 "
b1111100111001100 ?
b10001100011000 O
b1011001001001111100010000100110 _
#3326
b10100100011010 "
b1111100110110000 ?
b10100100011010 O
b1011001001010110111000011111110 _
#3327
b10101000111100 "
b1111100110100001 ?
b10101000111100 O
b1011001000101101101100011011011 _
#3328
b10101000101101 "
b1111100110001101 ?
b10101000101101 O
b1011001001000000001100110000101 _
#3329
b10100100101010 "
b1111100101111001 ?
b10100100101010 O
b1011001010001011010001101010001 _
#3330
b10001101111001 "
b1111100101100101 ?
b10001101111001 O
b1011001100100000100000101101010 _
#3331
b10000100011111 "
b1111100101010010 ?
b10000100011111 O
b1011001101011011111010000101101 _
#3332
b1111010101100 "
b1111100100111111 ?
b1111010101100 O
b1011001101011011001100100001111 _
#3333
b1110001100010 "
b1111100100101011 ?
b1110001100010 O
b1011001010110011110110001100011 _
#3334
b1011010011000 "
b1111100100011000 ?
b1011010011000 O
b1011000111010010011001101111010 _
#3335
b1010111000101 "
b1111100100000101 ?
b1010111000101 O
b1011001000001011010010110000001 _
#3336
b1010111011110 "
b1111100011110010 ?
b1010111011110 O
b1011001001000110100001110001010 _
#3337
b1011100100001 "
b1111100011011111 ?
b1011100100011 O
b1011000110101101111001000100100 _
#3338
b1110111111101 "
b1111100011001101 ?
b1110011111101 O
b1010111010000101001001010111001 _
#3339
b1111111111111 "
b1111100010111010 ?
b1111101110111 O
b1010011101011010100010001000100 _
#3340
b11111111011110 "
b1111100010101000 ?
b10111111011110 O
b1010110010110111111011010000010 _
#3341
b10100111101011 "
b1111100010010110 ?
b10100110101011 O
b1010111011000111000010101011110 _
#3342
b10100110101011 "
b1111100010000100 ?
b1011000000010100010000010001111 _
#3343
b10101111101011 "
b1111100001110010 ?
b10101111101011 O
b1011000111100110101110101001101 _
#3344
b10101001010011 "
b1111100001100000 ?
b10101001010011 O
b1011001100111001011011111101000 _
#3345
b10101010011101 "
b1111100001001111 ?
b10101010011101 O
b1011010000001010110110111110001 _
#3346
b10100010001111 "
b1111100000111110 ?
b10100010001111 O
b1011010000000000000010011011110 _
#3347
b10001001100101 "
b1111100000101101 ?
b10001001100101 O
b1011001100011111110111001001101 _
#3348
b10000000011111 "
b1111100000011101 ?
b10000000011111 O
b1011001000010111111111000101100 _
#3349
b1110110011010 "
b1111100000001101 ?
b1110110011010 O
b1011000100111011100110000000101 _
#3350
b1011110000001 "
b1111011111111101 ?
b1011110000001 O
b1011000101010000001001011000011 _
#3351
b1011000011110 "
b1111011111101101 ?
b1011000011110 O
b1011001010000001110101011100010 _
#3352
b1010110111111 "
b1111011111011110 ?
b1010110111111 O
b1011001101100010111000111110000 _
#3353
b1011001001100 "
b1111011111001111 ?
b1011001001100 O
b1011001110111110101000111000001 _
#3354
b1011111000110 "
b1111011111000000 ?
b1011111000110 O
b1011010000100001000100010111111 _
#3355
b1111000010111 "
b1111011110110010 ?
b1111000010111 O
b1011010101011110101101110001011 _
#3356
b10000010010010 "
b1111011110100100 ?
b10000010010010 O
b1011011100101000011010001001100 _
#3357
b10001011011011 "
b1111011110010110 ?
b10001011011011 O
b1011011111100100100111100011100 _
#3358
b10100011001001 "
b1111011110001001 ?
b10100011001001 O
b1011011111011010011100000000101 _
#3359
b10101000010100 "
b1111011101111100 ?
b10101000010100 O
b1011011100110110011100100111110 _
#3360
b10101000110010 "
b1111011101111000 ?
b10101000110010 O
b1011010110011000100000101111001 _
#3361
b10100101010011 "
b1111011101110100 ?
b10100101010011 O
b1011001101101010010100110000001 _
#3362
b10001110110101 "
b1111011101100000 ?
b10001110110101 O
b1011000100100110110110001110000 _
#3363
b10000101101000 "
b1111011101011000 ?
b10000101101000 O
b1011000001001000010110111101010 _
#3364
b1111011011001 "
b1111011101001101 ?
b1111011011001 O
b1010111101001010001011000011110 _
#3365
b1110010001100 "
b1111011101000010 ?
b1110010001100 O
b1010111011100000101101101000010 _
#3366
b1011011110011 "
b1111011100111000 ?
b1011011110011 O
b1010111111110000110110000000100 _
#3367
b1010111000111 "
b1111011100101111 ?
b1010111000111 O
b1011000001111010010000111000000 _
#3368
b1010110110000 "
b1111011100100110 ?
b1010110110000 O
b1011000100101011001111101000100 _
#3369
b1011011101101 "
b1111011100011101 ?
b1011011101101 O
b1011000101100010110110100010010 _
#3370
b1110011110111 "
b1111011100010101 ?
b1110011110111 O
b1010111110000011010111100011101 _
#3371
b1111100011111 "
b1111011100001101 ?
b1111100011111 O
b1010111111011101100010110000001 _
#3372
b10000111010001 "
b1111011100000111 ?
b10000111010001 O
b1011001010101100001011101101000 _
#3373
b10100000001001 "
b1111011100000000 ?
b10100000001001 O
b1011001101100101101001000111001 _
#3374
b10100110000100 "
b1111011011111010 ?
b10100110000100 O
b1011001101010001000111100101010 _
#3375
b10101100100110 "
b1111011011110101 ?
b10101000100110 O
b1011001100100001100011110011111 _
#3376
b10101000111110 "
b1111011011110001 ?
b10101000111110 O
b1011001011000010110111110000010 _
#3377
b10101011011110 "
b1111011011101101 ?
b10101011011110 O
b1011001011110000000000111000001 _
#3378
b10101011001111 "
b1111011011101010 ?
b10101011001110 O
b1011001100101001111111110100110 _
#3379
b10001011001111 "
b1111011011100111 ?
b10001011001111 O
b1011001101010101000011101001111 _
#3380
b10110111001110 "
b1111011011100101 ?
b11110111001110 O
b1011001101101110000001000110100 _
#3381
b1111111001111 "
b1111011011100100 ?
b1111111001111 O
b1011001101110001110110101000010 _
#3382
b1011111001111 "
b1011111001111 O
b1011010000100000110101011111101 _
#3383
b1011001000000 "
b1011001000000 O
b1011010100010110100001010010001 _
#3384
b1010110001110 "
b1111011011100101 ?
b1010110001110 O
b1011011011011001000010111111111 _
#3385
b1011000000011 "
b1111011011100111 ?
b1011000000011 O
b1011100100001100001000000101110 _
#3386
b1011111000010 "
b1111011011101001 ?
b1011111000010 O
b1011100111111110001010001011100 _
#3387
b1110111001101 "
b1111011011101101 ?
b1110111001101 O
b1011101000001000000101000000110 _
#3388
b10000000110001 "
b1111011011110001 ?
b10000000110001 O
b1011100110000011111001100101011 _
#3389
b10001011000100 "
b1111011011110110 ?
b10001011000100 O
b1011100000001010011110101010101 _
#3390
b10100010101000 "
b1111011011111011 ?
b10100010101000 O
b1011011001000110001011110010110 _
#3391
b10100111110100 "
b1111011100000010 ?
b10100111110100 O
b1011011000001110001011011111110 _
#3392
b10101001000111 "
b1111011100001010 ?
b10101001000111 O
b1011010011111110000110011100011 _
#3393
b10100110001110 "
b1111011100010010 ?
b10100110001110 O
b1011010001011100011100001101110 _
#3394
b10001111010111 "
b1111011100011011 ?
b10001111010111 O
b1011010001010101000100101001111 _
#3395
b10000110110100 "
b1111011100110110 ?
b10000110110100 O
b1011010000010010111100011011100 _
#3396
b1111101011010 "
b1111011100100001 ?
b1111101011010 O
b1011001011100100100100110001011 _
#3397
b1110011011111 "
b1111011100110101 ?
b1110011011111 O
b1011000111111011011101001110000 _
#3398
b1011011011010 "
b1111011100111101 ?
b1011011011010 O
b1011001000011000011101110001110 _
#3399
b1010110111000 "
b1111011101001010 ?
b1010110111000 O
b1011001011010101000001110011110 _
#3400
b1010110111110 "
b1111011101100111 ?
b1010110111110 O
b1011001110000101110110000010101 _
#3401
b1011011011001 "
b1111011101110111 ?
b1011011011001 O
b1011001110101000010100110000110 _
#3402
b1110010001011 "
b1111011110001000 ?
b1110010001011 O
b1011001110100001011001111001101 _
#3403
b1111011000111 "
b1111011110011010 ?
b1111011000111 O
b1011010000001001001010000010010 _
#3404
b10000101011001 "
b1111011110101101 ?
b10000101011001 O
b1011001110011111110000011011010 _
#3405
b10001110111000 "
b1111011111000001 ?
b10001110111000 O
b1011001000111110110101011001101 _
#3406
b10100110000100 "
b1111011111010111 ?
b10100110000100 O
b1011000110100011010011101101110 _
#3407
b10101000111100 "
b1111011111101101 ?
b10101000111100 O
b1011000111101111111100111000100 _
#3408
b10101000010000 "
b1111100000000101 ?
b10101000010000 O
b1011001001000100010111101000111 _
#3409
b10100011100100 "
b1111100000011101 ?
b10100011100100 O
b1011001000001011010111000111010 _
#3410
b10001011100101 "
b1111100000110111 ?
b10001011100101 O
b1011000010110101001001001111101 _
#3411
b10001010101101 "
b1111100001010010 ?
b10000010101101 O
b1011000110111111100101101011010 _
#3412
b11110111111101 "
b1111100001101110 ?
b1110111111101 O
b1011001010100010111111010111011 _
#3413
b1111111111111 "
b1111100010001011 ?
b1111111111111 O
b1011001101111101100100010001000 _
#3414
b1011111110111 "
b1111100010101010 ?
b1011111110111 O
b1011010011101001100001010011101 _
#3415
b1011111111101 "
b1111100011001001 ?
b1011111111101 O
b1011010101110010101111001110111 _
#3416
b1010111011100 "
b1111100011101010 ?
b1010111011100 O
b1011010101001010111100100010111 _
#3417
b1011001010111 "
b1111100100001101 ?
b1011101010111 O
b1011010100111000100001110100101 _
#3418
b1011101110000 "
b1111100100110000 ?
b1011101110000 O
b1011010010010101010000010001101 _
#3419
b1110110001000 "
b1111100101010101 ?
b1110110001000 O
b1011001101011100011100000001000 _
#3420
b10000000100000 "
b1111100101111011 ?
b10000000100000 O
b1011001011010101101011100100010 _
#3421
b10001010000111 "
b1111100110100010 ?
b10001010000111 O
b1011001001100010000111011000010 _
#3422
b10100001101001 "
b1111100111001010 ?
b10100001101001 O
b1011000111001001001100111011001 _
#3423
b10100111001001 "
b1111100111110100 ?
b10100111001001 O
b1011000000010110001110110101100 _
#3424
b10101001000000 "
b1111101000100000 ?
b10101001000000 O
b1011000000110111110001001110101 _
#3425
b10100111000000 "
b1111101001001100 ?
b10100111000000 O
b1011000101100000010011001101100 _
#3426
b10100000100010 "
b1111101001111010 ?
b10100000100010 O
b1011001000001100011001101000011 _
#3427
b10000111000101 "
b1111101010101001 ?
b10000111000101 O
b1011000101010011110011111110111 _
#3428
b1111110101011 "
b1111101011011010 ?
b1111110101011 O
b1010111111000110110101100000011 _
#3429
b1110100011011 "
b1111101100001100 ?
b1110100011011 O
b1011000010110000111110101010101 _
#3430
b1011100010111 "
b1111101101000000 ?
b1011100010111 O
b1011000110111110111111100100011 _
#3431
b1010111010101 "
b1111101101100101 ?
b1010111010101 O
b1011000111010110100111101110111 _
#3432
b1010110111111 "
b1111101101110011 ?
b1010110111111 O
b1011000010101110111100000100001 _
#3433
b1011010001011 "
b1111101110101011 ?
b1011010001011 O
b1010111100000010101100000101010 _
#3434
b1110001110000 "
b1111101111100111 ?
b1110001110000 O
b1010111000110111100111100010101 _
#3435
b1111010110011 "
b1111110000011100 ?
b1111010110011 O
b1010111100000100011001100011011 _
#3436
b10000100101100 "
b1111110001010111 ?
b10000100101100 O
b1011000010011001101000101010110 _
#3437
b10001100101100 "
b1111110010010011 ?
b10001100101100 O
b1011000000101000110010100011110 _
#3438
b10100100111100 "
b1111110011010001 ?
b10100100111100 O
b1010111111001100111000101010001 _
#3439
b10101001100001 "
b1111110100010000 ?
b10101001100001 O
b1011000011000001110011001001100 _
#3440
b10101001000011 "
b1111110101010001 ?
b10101001000011 O
b1011001000111011110111011101110 _
#3441
b10100100010010 "
b1111110110010011 ?
b10100100010010 O
b1011001011011001110000001101001 _
#3442
b10001100101101 "
b1111110111010111 ?
b10001100101101 O
b1011001001110101111100000001100 _
#3443
b10000011010011 "
b1111111000011100 ?
b10000011010011 O
b1011001001101000110100101100010 _
#3444
b1111001010110 "
b1111111001100011 ?
b1111001010111 O
b1011001101100010100101001011110 _
#3445
b1110000100011 "
b1111111010101011 ?
b1110000100011 O
b1011010000000101000011011001001 _
#3446
b1011010100011 "
b1111111011110101 ?
b1011010100011 O
b1011010000000101001101011001100 _
#3447
b1011111001011 "
b1111111101000001 ?
b1010111001011 O
b1011001110010010100110011011110 _
#3448
b1010111111011 "
b1111111110001110 ?
b1010111111011 O
b1011001010010101000111000010110 _
#3449
b1011111111111 "
b1111111111011100 ?
b1011111111111 O
b1011001000001011111011000000010 _
#3450
b1111101101111 "
b101101 ?
b1111101101111 O
b1011000101000100010011000101010 _
#3451
b1111110101110 "
b1111110 ?
b1111110101110 O
b1010111100110001100011110001011 _
#3452
b11010010 ?
b1010101100001010001110110000110 _
#3453
b10001001110001 "
b100100111 ?
b10001001110001 O
b1010111101001011101110100100011 _
#3454
b10100001001001 "
b101111110 ?
b10100101001001 O
b1011000000101001101101010100100 _
#3455
b10100111000001 "
b111010110 ?
b10100111000001 O
b1010111110011010010000100001100 _
#3456
b10101001001001 "
b1000110000 ?
b10101001001001 O
b1011000100001011111011100110101 _
#3457
b10100111011010 "
b1010001100 ?
b10100111011010 O
b1011001100101100110011000000111 _
#3458
b10100001011101 "
b1011101001 ?
b10100001011101 O
b1011010011010000000101001011001 _
#3459
b10001000010011 "
b1101001000 ?
b10001000010011 O
b1011010110000001101001110001011 _
#3460
b1111110010101 "
b1110101000 ?
b1111110010101 O
b1011010101001000000100111101011 _
#3461
b1110100110101 "
b10000001010 ?
b1110100110101 O
b1011010010001001101101101101111 _
#3462
b1011101100111 "
b10001101110 ?
b1011101100111 O
b1011010000011111011000001101000 _
#3463
b1011000111001 "
b10011010100 ?
b1011000111001 O
b1011001101111111110010110101000 _
#3464
b1010110100101 "
b10100111011 ?
b1010110100101 O
b1011000111011010110001000011010 _
#3465
b1011001011001 "
b10110100011 ?
b1011001011001 O
b1011000101110011001100111111001 _
#3466
b1110000000110 "
b11000001110 ?
b1110000000110 O
b1011001001101110111001111000010 _
#3467
b1111010011110 "
b11001111010 ?
b1111010011110 O
b1011001010010000101010101111101 _
#3468
b10000011010111 "
b11001111000 ?
b10000011010111 O
b1011001000110001101000010000010 _
#3469
b10001100100001 "
b11011101111 ?
b10001100100001 O
b1011000111001101010001101010110 _
#3470
b10100011100101 "
b11101010111 ?
b10100011100101 O
b1011001000110111010100111001111 _
#3471
b10101000101010 "
b11111001000 ?
b10101000101010 O
b1011001010010100001101000000101 _
#3472
b10101001010011 "
b100000111011 ?
b10101001010011 O
b1011001000110111011100000001111 _
#3473
b10100101000000 "
b100010101111 ?
b10100101000000 O
b1011000100000011101001111000001 _
#3474
b10001101011110 "
b100100100110 ?
b10001101011110 O
b1011000000011010011110110001010 _
#3475
b10000100100011 "
b100110011101 ?
b10000100100011 O
b1011000100100111101110110111011 _
#3476
b1111010010101 "
b101000010111 ?
b1111010010101 O
b1011000110001100001010111110101 _
#3477
b1110001101000 "
b101010010010 ?
b1110001101000 O
b1011000100010111111010001110010 _
#3478
b1011010001110 "
b101100001110 ?
b1011010001110 O
b1010111100110000100100111100000 _
#3479
b1010110110100 "
b101110001101 ?
b1010110110100 O
b1010111110100001001110101110010 _
#3480
b1010111010111 "
b110000001101 ?
b1010111010111 O
b1011000101011101110100000000110 _
#3481
b1011100101111 "
b110010001111 ?
b1011100101111 O
b1011000111101001000010100010100 _
#3482
b1111100101011 "
b110100010010 ?
b1110100101111 O
b1011000011100101001001000001110 _
#3483
b1111110111111 "
b110110010111 ?
b1111110111111 O
b1011000010011110100010000000001 _
#3484
b11111111011111 "
b111000011101 ?
b10111111011111 O
b1011000111111110110101111100110 _
#3485
b10100111011101 "
b111010100101 ?
b10100111011101 O
b1011001011011101001001110100000 _
#3486
b10100110111100 "
b111100101111 ?
b10100110111100 O
b1011001011100000011000101000010 _
#3487
b111110111011 ?
b10101110111100 O
b1011001000010101001100110101010 _
#3488
b10101111100010 "
b1000001001000 ?
b10101111100010 O
b1010111111000010100011011011000 _
#3489
b10100111100011 "
b1000011010110 ?
b10100111100011 O
b1011000100110110001110000101111 _
#3490
b10100001111000 "
b1000101100110 ?
b10100001111000 O
b1011001000100110010100111011011 _
#3491
b10001000111110 "
b1000111111000 ?
b10001000111110 O
b1011000110100011000111010111010 _
#3492
b1111111111011 "
b1001010001011 ?
b1111111111011 O
b1010111110100001001000000111011 _
#3493
b1110101110000 "
b1001100100000 ?
b1110101110000 O
b1010110110000101011000100101100 _
#3494
b1011101111000 "
b1001110110111 ?
b1011101111000 O
b1010011101011111111000010011000 _
#3495
b1011000101101 "
b1010001001111 ?
b1011000101101 O
b1011000001100100000110011011011 _
#3496
b1010111000101 "
b1010011101000 ?
b1010111000101 O
b1011000101011000010001010100011 _
#3497
b1011000111111 "
b1010110000011 ?
b1011000111111 O
b1011000110110111011010100010111 _
#3498
b1011111101011 "
b1011000100000 ?
b1011111101011 O
b1011000110000110011100000010110 _
#3499
b1111000100101 "
b1011010111110 ?
b1111000100101 O
b1011001010010001000101000100100 _
#3500
b10000011000001 "
b1011101011101 ?
b10000011000001 O
b1011001101000110111000101101000 _
#3501
b10001011101101 "
b1011111111110 ?
b10001011101101 O
b1011001101111100001010111101110 _
#3502
b10100011110111 "
b1101010110001 ?
b10100011110111 O
b1011001101010111111100110101101 _
#3503
b10101000010101 "
b1100011100101 ?
b10101000010101 O
b1011001011110011010110001110000 _
#3504
b10101001010111 "
b1100101000010 ?
b10101001010111 O
b1011001000000001000000101010101 _
#3505
b10100110001111 "
b1100111101000 ?
b10100110001111 O
b1011000101001001010101101011101 _
#3506
b10001101110001 "
b1101010010001 ?
b10001101110001 O
b1011000001010100110111000110111 _
#3507
b10000101001100 "
b1101100111001 ?
b10000101001100 O
b1010111101001010101001000010010 _
#3508
b1111011011101 "
b1101111100010 ?
b1111011011101 O
b1011001010100011110101100000110 _
#3509
b1110010010111 "
b1110010001101 ?
b1110010010111 O
b1011010000010010011000001000110 _
#3510
b1011011010001 "
b1110100111010 ?
b1011011010001 O
b1011010010101011110000111011100 _
#3511
b1010110111100 "
b1110111100111 ?
b1010110111100 O
b1011010011001001001011111010110 _
#3512
b1010111101000 "
b1111010010110 ?
b1010111101000 O
b1011010011101101100001000011101 _
#3513
b1011011101010 "
b1111101000110 ?
b1011011101010 O
b1011010101100110010110101110100 _
#3514
b1110011011001 "
b1111111111000 ?
b1110011011001 O
b1011011000101010011110011100001 _
#3515
b1111101000001 "
b10000010101010 ?
b1111101000001 O
b1011011101010010010000111011011 _
#3516
b10000111010010 "
b10000101011110 ?
b10000111010011 O
b1011100010101011010110011000111 _
#3517
b10001111111011 "
b10001000010011 ?
b10001111111011 O
b1011100110100011011010100001010 _
#3518
b10101110111011 "
b10001011001010 ?
b10100110110011 O
b1011100111110101110100000011111 _
#3519
b10101110011000 "
b10001110000001 ?
b10101010011000 O
b1011100101100001010101001100000 _
#3520
b10101111111100 "
b10010000111010 ?
b10101111111100 O
b1011100000010001000011110000000 _
#3521
b10100111111111 "
b10010011110100 ?
b10100111111111 O
b1011100000010000100000010010110 _
#3522
b10101011101111 "
b10010110101111 ?
b10101011101111 O
b1011100001001111010000101000110 _
#3523
b10001010011100 "
b10011001101011 ?
b10001010011100 O
b1011011101111110011110101111110 _
#3524
b10110010010010 "
b10011100101000 ?
b11110110010010 O
b1011011011010011001001101111000 _
#3525
b1110110010010 "
b10011111100110 ?
b1111110010010 O
b1011011000111001110100010001011 _
#3526
b1011110011011 "
b10100010100110 ?
b1011110011011 O
b1011010111001100001011111101011 _
#3527
b1011001001110 "
b10100101100110 ?
b1011001001110 O
b1011010101111110100110010101101 _
#3528
b1010111010000 "
b10101000100111 ?
b1010111010000 O
b1011010100110110100110000110000 _
#3529
b1011000111010 "
b10101011101001 ?
b1011000111010 O
b1011010010110111011010010001001 _
#3530
b1011110001110 "
b10101110101100 ?
b1011110001110 O
b1011010001001110011100101001111 _
#3531
b1110111100000 "
b10110001110000 ?
b1110111100000 O
b1011010001110011010001111111010 _
#3532
b10000001110101 "
b10110100110101 ?
b10000001110101 O
b1011010011010001100100010100101 _
#3533
b10001011100001 "
b10110111111011 ?
b10001011100001 O
b1011010100001001111110100001001 _
#3534
b10100010101111 "
b10111011000010 ?
b10100010101111 O
b1011010011011110111010001101011 _
#3535
b10100111011011 "
b10111110001001 ?
b10100111011011 O
b1011010001100110100000010001111 _
#3536
b10101001000110 "
b11000001010001 ?
b10101001000110 O
b1011010000100100110010111010110 _
#3537
b10100110110011 "
b11000100011010 ?
b10100110110011 O
b1011010000001110101101111001100 _
#3538
b10001111100110 "
b11000111100100 ?
b10001111100110 O
b1011001111011111001011101011110 _
#3539
b10000110010101 "
b11000111100110 ?
b10000110010101 O
b1011001101100000000001100100010 _
#3540
b1111011110011 "
b11001010101001 ?
b1111011110011 O
b1011001100100011100011011001111 _
#3541
b1110011001111 "
b11001101111101 ?
b1110011001111 O
b1011001101000000110101001001011 _
#3542
b1011100000100 "
b11010001000100 ?
b1011100000100 O
b1011001110110110010001111110000 _
#3543
b1010111010110 "
b11010100010001 ?
b1010111010110 O
b1011010000101101001101100111011 _
#3544
b1010110110010 "
b11010111011101 ?
b1010110110010 O
b1011010000101111001000001100111 _
#3545
b1011011001110 "
b11011010101011 ?
b1011011001110 O
b1011010001100101010110110110011 _
#3546
b1110010011111 "
b11011101111001 ?
b1110010011111 O
b1011010100101010000100100010100 _
#3547
b1111011110001 "
b11100001000111 ?
b1111011110001 O
b1011010101100101000010110011000 _
#3548
b10000110010001 "
b11100100010110 ?
b10000110010001 O
b1011010100001110101011110111101 _
#3549
b10001110111001 "
b11100111100101 ?
b10001110111001 O
b1011001111011100100010000011000 _
#3550
b10100101110110 "
b11101010110100 ?
b10100101110110 O
b1011000010011000000011000011100 _
#3551
b10101000011011 "
b11101110000100 ?
b10101000011011 O
b1010111100111010011100100000101 _
#3552
b10101000100010 "
b11110001010100 ?
b10101000100011 O
b1011000001010111111111000110110 _
#3553
b10100011110110 "
b11110100100101 ?
b10100011010110 O
b1011000000110010001110001001110 _
#3554
b10001011111101 "
b11110111110110 ?
b10001011111101 O
b1011000011010000000011110111100 _
#3555
b10001010101111 "
b11111011000111 ?
b10001010111111 O
b1011000100101011001010100110110 _
#3556
b10110111010110 "
b11111110011000 ?
b11110111010110 O
b1011000010000101111100001101011 _
#3557
b1111111110111 "
b100000001101001 ?
b1111111110111 O
b1011000101000000010111001011000 _
#3558
b1011111110110 "
b100000100111011 ?
b1011111110110 O
b1011001011000110000010001001101 _
#3559
b1011111111001 "
b100001000001100 ?
b1011111111001 O
b1011001101110101101101001110100 _
#3560
b1010110111001 "
b100001011011110 ?
b1010110111001 O
b1011001111111011101011001110010 _
#3561
b1011010001000 "
b100001110110000 ?
b1011100001000 O
b1011001110001111010101010111011 _
#3562
b1011110010000 "
b100010010000001 ?
b1011110010000 O
b1011001000010110000000000100000 _
#3563
b1110110100011 "
b100010101010011 ?
b1110110100011 O
b1011000010110010111111000111000 _
#3564
b10000000101001 "
b100011000100100 ?
b10000000101001 O
b1011001000101101010010011111110 _
#3565
b10001010010111 "
b100011011110110 ?
b10001010010111 O
b1011001001111101101110001110000 _
#3566
b10100010010110 "
b100011111000111 ?
b10100010010110 O
b1011001001101101001110110010000 _
#3567
b10100111010001 "
b100100010011000 ?
b10100111010001 O
b1011001100101001011000010110001 _
#3568
b10101001000001 "
b100100101101001 ?
b10101001000001 O
b1011001110010111101010111001000 _
#3569
b10100110110011 "
b100101000111010 ?
b10100110110011 O
b1011010000001110010000101010000 _
#3570
b10100000011111 "
b100101100001010 ?
b10100000011111 O
b1011010000011010000010100011110 _
#3571
b10000111010000 "
b100101111011010 ?
b10000111010000 O
b1011010000010100111001101101001 _
#3572
b1111101010110 "
b100110010101001 ?
b1111101010110 O
b1011010000110111010010000101011 _
#3573
b1110011110100 "
b100110101111001 ?
b1110011110100 O
b1011010000110001011001111100100 _
#3574
b1011100010011 "
b100111001010111 ?
b1011100010011 O
b1011010000110011010101010011110 _
#3575
b1011000001010 "
b100111001000110 ?
b1011000001010 O
b1011010000111100101101101001110 _
#3576
b1010111011010 "
b100111100010100 ?
b1010111011010 O
b1011001111100001100110001001110 _
#3577
b1011001011111 "
b100111111100100 ?
b1011001011111 O
b1011001101000010110000100001011 _
#3578
b1110001010110 "
b101000010110001 ?
b1110001010110 O
b1011001011100001000100110110110 _
#3579
b1111011100101 "
b101000101111101 ?
b1111011100101 O
b1011000100011100101010001110110 _
#3580
b10000101001100 "
b101001001001001 ?
b10000101001100 O
b1010111101101100001111100110110 _
#3581
b10001110000010 "
b101001100010101 ?
b10001110000010 O
b1011001001010100110100101011110 _
#3582
b10100101001010 "
b101001111100000 ?
b10100101001010 O
b1011001100101100110011010100100 _
#3583
b10101000111010 "
b101010010101010 ?
b10101000111010 O
b1011001101100011010111110100111 _
#3584
b10101000010101 "
b101010101110011 ?
b10101000010101 O
b1011001100001001000111000110001 _
#3585
b10100100000100 "
b101011000111011 ?
b10100100000100 O
b1011000111110010110000100001100 _
#3586
b10001100101111 "
b101011100000011 ?
b10001100101111 O
b1011000011110110010100011001000 _
#3587
b10000011000100 "
b101011111001001 ?
b10000011000100 O
b1011000011111001010000010001111 _
#3588
b1111000100011 "
b101100010001111 ?
b1111000100011 O
b1011000011001001001000000001101 _
#3589
b1011111111111 "
b101100101010100 ?
b1011111111111 O
b1010111101001100011100001011110 _
#3590
b1011111111100 "
b101101000011000 ?
b1011011111100 O
b1010111011001011000000101110111 _
#3591
b1011111110110 "
b101101011011011 ?
b1011111110110 O
b1010101100101100101010100111100 _
#3592
b1010111110111 "
b101101110011101 ?
b1010111110111 O
b1010111101101010101110111010101 _
#3593
b1011111110101 "
b101110001011101 ?
b1011111110101 O
b1011000111100111010011000001000 _
#3594
b1111101100100 "
b101110100011101 ?
b1111101100100 O
b1011001011101010101111100010110 _
#3595
b1111111011100 "
b101110111011011 ?
b1111111011100 O
b1011001100001011100010011111011 _
#3596
b1111111011010 "
b101111010011001 ?
b1111111011010 O
b1011001001111100000101110011100 _
#3597
b10001001011000 "
b101111101010101 ?
b10001001011000 O
b1011001011100011010010100100011 _
#3598
b10100001110100 "
b110000000001111 ?
b10100001110100 O
b1011001101011101011101111110100 _
#3599
b10100111000111 "
b110000011001001 ?
b10100111000111 O
b1011001101000111110011101011110 _
#3600
b10101000111001 "
b110000110000001 ?
b10101000111001 O
b1011001010011110110000101110000 _
#3601
b10100110111101 "
b110001000110111 ?
b10100110111101 O
b1011000110000111110110100101001 _
#3602
b10100001011101 "
b110001011101101 ?
b10100001011101 O
b1011000101011011100000000100110 _
#3603
b10001000010011 "
b110001110100000 ?
b10001000010011 O
b1011000101001100010011000000011 _
#3604
b1111110011010 "
b110010001010011 ?
b1111110011010 O
b1011000101101110000000100011000 _
#3605
b1110100010111 "
b110010100000100 ?
b1110100010111 O
b1011001010100011010010001011110 _
#3606
b1011100110110 "
b110010110110011 ?
b1011100110110 O
b1011001110101000111011010100110 _
#3607
b1011000011011 "
b110011001100001 ?
b1011000011011 O
b1011010001100110010101101000110 _
#3608
b1010110110011 "
b110011100001101 ?
b1010110110011 O
b1011010011100111010011100001001 _
#3609
b1011010000001 "
b110011110110111 ?
b1011010000001 O
b1011010010110110011111100011110 _
#3610
b1110000011111 "
b110111101110000 ?
b1110000011111 O
b1011010000110010011000001110011 _
#3611
b1111001101100 "
b110100001100111 ?
b1111001101100 O
b1011001110101010000101100100000 _
#3612
b10000011111011 "
b110100100000100 ?
b10000011111011 O
b1011001110100110110011000010001 _
#3613
b10001101001101 "
b110100110101100 ?
b10001101001101 O
b1011010000100010001101010101010 _
#3614
b10100100100100 "
b110101001010000 ?
b10100100100100 O
b1011010011001001000001001010001 _
#3615
b10101000000010 "
b110101011110001 ?
b10101000000010 O
b1011010100010101001111011000000 _
#3616
b10101000011101 "
b110101110010001 ?
b10101000011101 O
b1011010101100101001001000110100 _
#3617
b10100101010000 "
b110110000101111 ?
b10100101010000 O
b1011011000110010000100100101100 _
#3618
b10001101010110 "
b110110011001011 ?
b10001101010110 O
b1011011100101101011111010111110 _
#3619
b10000011100110 "
b110110101100101 ?
b10000011100110 O
b1011100000111001001000101100100 _
#3620
b1111001101011 "
b110110111111101 ?
b1111001101011 O
b1011100010001110010000000111111 _
#3621
b1110000101001 "
b110111010010011 ?
b1110000101001 O
b1011011110111110110011000001000 _
#3622
b1011001111100 "
b110111100100111 ?
b1011001111100 O
b1011011001111010110010010001010 _
#3623
b1010110111100 "
b110111110111001 ?
b1010110111100 O
b1011011100010111011100010011100 _
#3624
b1010111111001 "
b111000001001001 ?
b1010111111001 O
b1011011011111011111011001011000 _
#3625
b1011100110001 "
b111000011010111 ?
b1011100100001 O
b1011010111100101011100000111010 _
#3626
b1111100100111 "
b111000101100010 ?
b1110100100111 O
b1011010100111101101010101110100 _
#3627
b1111110011111 "
b111000111101100 ?
b1111110011111 O
b1011010011001001101010100110101 _
#3628
b11111110111110 "
b111001001110011 ?
b11111110111110 O
b1011001111000011111000001001001 _
#3629
b10101000110110 "
b111001011111000 ?
b10101000110110 O
b1011001100010001111101100011011 _
#3630
b10100110111110 "
b111001101111011 ?
b10100110111110 O
b1011001100010000110100011111001 _
#3631
b111001111111011 ?
b1011001100101000000111111011000 _
#3632
b10101011001000 "
b111010001111001 ?
b10101111011000 O
b1011001100011001011110011011101 _
#3633
b10100111010000 "
b111010011110101 ?
b10100111010000 O
b1011001000001000000111011011011 _
#3634
b10100001111100 "
b111010101101111 ?
b10100001111100 O
b1011000000100101000000010110000 _
#3635
b10001001011000 "
b111010111100110 ?
b10001001011000 O
b1011000001010000011000010111000 _
#3636
b1111111100000 "
b111011001011010 ?
b1111111100000 O
b1011000011111001110010001111011 _
#3637
b1110101100111 "
b111011011001100 ?
b1110101100111 O
b1011000000110000000101010001000 _
#3638
b1011101011011 "
b111011100111100 ?
b1011101011011 O
b1010111110001010001110001001111 _
#3639
b1011000100011 "
b111011110101001 ?
b1011000100011 O
b1011000000111111101110000000000 _
#3640
b1010110111100 "
b111100000010100 ?
b1010110111100 O
b1011000100010001111000011110111 _
#3641
b1011000111110 "
b111100001111100 ?
b1011000111110 O
b1011001000111010111010000100110 _
#3642
b1110000010100 "
b111100011100010 ?
b1110000010100 O
b1011001000101110000000011001110 _
#3643
b1111001011010 "
b111100101000101 ?
b1111001011010 O
b1011000100011110101111010000101 _
#3644
b10000011000101 "
b111100110100101 ?
b10000011000101 O
b1011000110100110111000000100001 _
#3645
b10001100001110 "
b111101000000011 ?
b10001100001110 O
b1011001011011001001010111011010 _
#3646
b10100100001101 "
b111101001000110 ?
b10100100001101 O
b1011001100010101110110111110110 _
#3647
b10101000100010 "
b111101001011111 ?
b10101000100010 O
b1011001001110001010010100111010 _
#3648
b10101001000101 "
b111101010110101 ?
b10101001000101 O
b1011001110001111000110000111100 _
#3649
b10100101010000 "
b111101100001101 ?
b10100101010000 O
b1011010001100011101111001100101 _
#3650
b10001110010000 "
b111101101100000 ?
b10001110010000 O
b1011010000001111100100000011110 _
#3651
b10000101010001 "
b111101110110001 ?
b10000101010001 O
b1011001100111000001101111011001 _
#3652
b1111010111011 "
b111101111111110 ?
b1111010111011 O
b1011001110001111001011110100001 _
#3653
b1110001100111 "
b111110001001001 ?
b1110001100111 O
b1011010000001100101110000110001 _
#3654
b1011010101001 "
b111110010010010 ?
b1011010101001 O
b1011001100011011100001001111010 _
#3655
b1010111010010 "
b111110011010111 ?
b1010111010010 O
b1011000111010011010001010111110 _
#3656
b1010111001010 "
b111110100011010 ?
b1010111001010 O
b1011001010110011101110000101110 _
#3657
b1011100010000 "
b111110101011010 ?
b1011100010000 O
b1011001100000110100101011011010 _
#3658
b1110011101001 "
b111110110010111 ?
b1110011101001 O
b1011001000111111000111111000001 _
#3659
b1111101001010 "
b111110111010001 ?
b1111101001011 O
b1011000101110110010110110111100 _
#3660
b10000111011111 "
b111111000001001 ?
b10000111011111 O
b1011001001100001101110000010000 _
#3661
b10100100011111 "
b111111000111101 ?
b10100000010111 O
b1011001011010110110001110100110 _
#3662
b10100110110111 "
b111111001101111 ?
b10100110110111 O
b1011001011011010101111100000000 _
#3663
b10101111101111 "
b111111010011110 ?
b10101111101111 O
b1011001010101101001011010011010 _
#3664
b10101111101110 "
b111111011001010 ?
b10101111101110 O
b1011001000100101110010010101011 _
#3665
b10100111111110 "
b111111011110011 ?
b10100111111110 O
b1011001000101100101011010100011 _
#3666
b10101010111110 "
b111111100011001 ?
b10101010111110 O
b1011001010010100001011000000001 _
#3667
b10001010101010 "
b111111100111100 ?
b10001010101010 O
b1011000110110111111001000001010 _
#3668
b10000000101001 "
b111111101011101 ?
b10000000101001 O
b1010111101000011011101111011011 _
#3669
b1110110010100 "
b111111101111010 ?
b1110110010100 O
b1011000011110110110011100111010 _
#3670
b1011110100000 "
b111111110010101 ?
b1011110100000 O
b1011001001100010110111000010111 _
#3671
b1011001000110 "
b111111110101100 ?
b1011001000110 O
b1011001011101111011000101001101 _
#3672
b1010111000100 "
b111111111000001 ?
b1010111000100 O
b1011001001010100001010100000111 _
#3673
b1011001000111 "
b111111111010011 ?
b1011001000111 O
b1011000111100011001000110011101 _
#3674
b1011110011000 "
b111111111100001 ?
b1011110011000 O
b1011001010001101101000010010000 _
#3675
b1110111101111 "
b111111111101101 ?
b1110111101111 O
b1011001011101011110101001011100 _
#3676
b10000010010101 "
b111111111110110 ?
b10000010010101 O
b1011001101111001100000011110110 _
#3677
b10001011111110 "
b111111111111100 ?
b10001011111110 O
b1011001111100101110110110100000 _
#3678
b10100011000011 "
b111111111111111 ?
b10100011000011 O
b1011010001001111000100100110000 _
#3679
b10100111110110 "
b10100111110110 O
b1011010010110000010100110000111 _
#3680
b10101001001000 "
b111111111111100 ?
b10101001001000 O
b1011010000100110100001101110100 _
#3681
b10100110000011 "
b111111111110110 ?
b10100110000011 O
b1011010000101110010001100110111 _
#3682
b10001110110100 "
b111111111111101 ?
b10001110110100 O
b1011010011100001101100101100100 _
#3683
b10000101111101 "
b111111111101001 ?
b10000101111101 O
b1011010010001010000100100010110 _
#3684
b1111011110100 "
b111111111100011 ?
b1111011110100 O
b1011001101111000100000111111010 _
#3685
b1110001111100 "
b111111111010011 ?
b1110001111100 O
b1011001001001110100100110101000 _
#3686
b1011010110110 "
b111111111000001 ?
b1011010110110 O
b1011000100111110011101011111000 _
#3687
b1010111110110 "
b111111110101100 ?
b1010111110110 O
b1011000111111100111000000100000 _
#3688
b1010111011010 "
b111111110010101 ?
b1010111011010 O
b1011001001010001001000100101000 _
#3689
b1011010110100 "
b111111101111010 ?
b1011010110100 O
b1011001000000101010000110110100 _
#3690
b1110010000111 "
b111111101011101 ?
b1110010000111 O
b1011000010110110101001100110100 _
#3691
b1111100011111 "
b111111100111100 ?
b1111100011111 O
b1011000000110000001001011010100 _
#3692
b10000111000100 "
b111111100011001 ?
b10000111000100 O
b1011001000010110001100101010001 _
#3693
b10001110001011 "
b111111011110011 ?
b10001110001011 O
b1011001010101000010111000000110 _
#3694
b10100110010101 "
b111111011001010 ?
b10100110010101 O
b1011001001010111110000011010000 _
#3695
b10101000000100 "
b111111010011110 ?
b10101000000101 O
b1011000110010001101000111100110 _
#3696
b10100111110010 "
b111111001101111 ?
b10100111110110 O
b1011000100010101101101011011101 _
#3697
b10100111110110 "
b111111000111101 ?
b10100011100110 O
b1011000011010001001011011001100 _
#3698
b10101110100100 "
b111111000001001 ?
b10101110100100 O
b1011000000111101001110011111101 _
#3699
b10001101001101 "
b111110111010001 ?
b10001101001101 O
b1011000101011100101110000001101 _
#3700
b10110111001101 "
b111110110010111 ?
b11110111001101 O
b1011001000101010100101010010100 _
#3701
b1111111110100 "
b111110101011010 ?
b1111111110100 O
b1011000110001010101100110010001 _
#3702
b1011111110110 "
b111110100011010 ?
b1011111110110 O
b1011000011111110011001001000001 _
#3703
b1011001100101 "
b111110011010111 ?
b1011101111101 O
b1011000110001010101101111011011 _
#3704
b1010110111100 "
b111110010010010 ?
b1010110111100 O
b1011001000101010100101101001110 _
#3705
b1011000011111 "
b111110001001001 ?
b1011000011111 O
b1011000101011100101110000100011 _
#3706
b1011110000001 "
b111101111111110 ?
b1011110000001 O
b1011000000111101001110100001110 _
#3707
b1110110110101 "
b111101110110001 ?
b1110110110101 O
b1011000011010001001011011000110 _
#3708
b10000000101001 "
b111101101100000 ?
b10000000101001 O
b1011000100010101101101101111101 _
#3709
b10001010100110 "
b111101100001101 ?
b10001010100110 O
b1011000110010001101000111000000 _
#3710
b10100010011010 "
b111101010110111 ?
b10100010011010 O
b1011001001010111110000011011100 _
#3711
b10100111011010 "
b111101001011110 ?
b10100111011010 O
b1011001010101000010111000000010 _
#3712
b10101001000010 "
b111101000000011 ?
b10101001000010 O
b1011001000010110001100100100010 _
#3713
b10100110011000 "
b111100110100101 ?
b10100110011000 O
b1011000000110000001001101001110 _
#3714
b10100000010101 "
b111100101000101 ?
b10100000010101 O
b1011000010110110101001101000111 _
#3715
b10000111001001 "
b111100011100010 ?
b10000111001001 O
b1011001000000101010001000111001 _
#3716
b1111101001001 "
b111100001111100 ?
b1111101001001 O
b1011001001010001001000111101000 _
#3717
b1110010111110 "
b111100000010100 ?
b1110010111110 O
b1011000111111100111000011101110 _
#3718
b1011011110100 "
b111010000010001 ?
b1011011110100 O
b1011000100111110011101011110000 _
#3719
b1010111111101 "
b111011110101100 ?
b1010111111101 O
b1011001001001110100100100101011 _
#3720
b1010111011100 "
b111011100111100 ?
b1010111011100 O
b1011001101111000100000101101100 _
#3721
b1011010110101 "
b111011011001100 ?
b1011010110101 O
b1011010010001010000100011111011 _
#3722
b1110001111111 "
b111011001011010 ?
b1110001111111 O
b1011010011100001101100101100000 _
#3723
b1111011000111 "
b111010111100110 ?
b1111011000111 O
b1011010000101110010001101001100 _
#3724
b10000101000111 "
b111010101101111 ?
b10000101000111 O
b1011010000100110100001101010100 _
#3725
b10001110101001 "
b111010011110101 ?
b10001110101001 O
b1011010010110000010100110011000 _
#3726
b10100101100011 "
b111010001111001 ?
b10100101100011 O
b1011010001001111000100100100010 _
#3727
b10101000110100 "
b111001111111011 ?
b10101000110100 O
b1011001111100101110110110001010 _
#3728
b10100111111110 "
b111001101111011 ?
b10100111111110 O
b1011001101111001100000100110010 _
#3729
b10100100010011 "
b111001011111000 ?
b10100100010011 O
b1011001011101011110101011010000 _
#3730
b10001100101011 "
b111001001110011 ?
b10001100101011 O
b1011001010001101101000001111111 _
#3731
b10000010101111 "
b111000111101100 ?
b10000010101111 O
b1011000111100011001000101010011 _
#3732
b1111000111011 "
b111000101100010 ?
b1111000110111 O
b1011001001010100001010001001000 _
#3733
b1111111110001 "
b111000011010111 ?
b1011111110001 O
b1011001011101111011000100011110 _
#3734
b1011110111001 "
b111000001001001 ?
b1011010111001 O
b1011001001100010110111000010100 _
#3735
b1011111101001 "
b110111110111001 ?
b1011111101001 O
b1011000011110110110100011011010 _
#3736
b1011111101010 "
b110111100100111 ?
b1011111101010 O
b1010111101000011011101010011001 _
#3737
b1011101101011 "
b110111010010011 ?
b1011101101010 O
b1011000110110111111001001101111 _
#3738
b1111101111101 "
b110110111111101 ?
b1111101111101 O
b1011001010010100001010111101010 _
#3739
b1111111111101 "
b110110101100101 ?
b1111111111101 O
b1011001000101100101011011110110 _
#3740
b110110011001011 ?
b1011001000100101110010010011001 _
#3741
b10001010000010 "
b110110000101111 ?
b10001010000010 O
b1011001010101101001011100100000 _
#3742
b10100001110011 "
b110101110010001 ?
b10100001110011 O
b1011001011011010101111011111100 _
#3743
b10100111000010 "
b110101011110001 ?
b10100111000010 O
b1011001011010110110001111001000 _
#3744
b10101000110101 "
b110101001010000 ?
b10101000110101 O
b1011001001100001101101111001110 _
#3745
b10100110110101 "
b110100110101100 ?
b10100110110101 O
b1011000101110110010110110111111 _
#3746
b10100000110000 "
b110100100000111 ?
b10100000110000 O
b1011001000111111000111110100111 _
#3747
b10001000000011 "
b110100001100000 ?
b10001000000011 O
b1011001100000110100101011001100 _
#3748
b1111110001100 "
b110011110110111 ?
b1111110001100 O
b1011001010110011101110001011111 _
#3749
b1110100000101 "
b110011100001101 ?
b1110100000101 O
b1011000111010011010001011001011 _
#3750
b1011100010000 "
b110011001100001 ?
b1011100010000 O
b1011001100011011100001001111101 _
#3751
b1011000001101 "
b110010110110011 ?
b1011000001101 O
b1011010000001100101110010010010 _
#3752
b1010111001111 "
b110010100000100 ?
b1010111001111 O
b1011001110001111001100000110000 _
#3753
b1011010101110 "
b110010101010011 ?
b1011010101110 O
b1011001100111000001101111000101 _
#3754
b1110000110111 "
b110010001010000 ?
b1110000110111 O
b1011010000001111100100000100010 _
#3755
b1111001100110 "
b110001110100101 ?
b1111001100110 O
b1011010001100011101111001110110 _
#3756
b10000100001110 "
b110001011101101 ?
b10000100001110 O
b1011001110001111000110001110100 _
#3757
b10001101110111 "
b110001000110111 ?
b10001101110111 O
b1011001001110001010010100000011 _
#3758
b10100101100110 "
b110000110000001 ?
b10100101100110 O
b1011001100010101110111000000000 _
#3759
b10101000000100 "
b110000011001001 ?
b10101000000100 O
b1011001011011001001010110000101 _
#3760
b10100111111010 "
b110000000001111 ?
b10100111111010 O
b1011000110100110111000001011000 _
#3761
b10100100011000 "
b101111101010101 ?
b10100100011000 O
b1011000100011110101111010110100 _
#3762
b10001101100001 "
b101111010011001 ?
b10001101100001 O
b1011001000101110000000010111110 _
#3763
b10000100000101 "
b101110111011011 ?
b10000100000101 O
b1011001000111010111010001100100 _
#3764
b1111001011000 "
b101110100011101 ?
b1111001011000 O
b1011000100010001111000110111110 _
#3765
b1011111100000 "
b101110001011101 ?
b1011111100000 O
b1011000000111111101110010111110 _
#3766
b1011001010001 "
b101101110011101 ?
b1011001010001 O
b1010111110001010001110001001000 _
#3767
b1010111011111 "
b101101011011011 ?
b1010111011111 O
b1011000000110000000111010001110 _
#3768
b1011100110111 "
b101101000011000 ?
b1011000110111 O
b1011000011111001110100001011110 _
#3769
b101100101010100 ?
b1011100110111 O
b1011000001010000011001010111101 _
#3770
b1111100100111 "
b101100010001111 ?
b1111100100111 O
b1011000000100101000000100001111 _
#3771
b1111110000101 "
b101011111001001 ?
b1111110000101 O
b1011001000001000000111000001011 _
#3772
b1111110001000 "
b101011100000011 ?
b1111110001000 O
b1011001100011001011110011011101 _
#3773
b10101001101010 "
b101011000111011 ?
b10101001111010 O
b1011001100101000000111111111111 _
#3774
b10100111011011 "
b101010101110011 ?
b10100111011011 O
b1011001100010000110100011111011 _
#3775
b10100111000000 "
b101010010101010 ?
b10101111000000 O
b1011001100010001111101100100010 _
#3776
b10101001000001 "
b101001111100000 ?
b10101001000001 O
b1011001111000011111000001010000 _
#3777
b10100110111010 "
b101001100010101 ?
b10100110111010 O
b1011010011001001101010101000100 _
#3778
b10100001100100 "
b101001001001001 ?
b10100001100100 O
b1011010100111101101010101110010 _
#3779
b10001001010110 "
b101000101111101 ?
b10001001010110 O
b1011010111100101011100001010010 _
#3780
b1111110110100 "
b101000010110001 ?
b1111110110100 O
b1011011011111011111011010000111 _
#3781
b1110101001110 "
b100111111100100 ?
b1110101001110 O
b1011011100010111011100010101111 _
#3782
b1011101010010 "
b100111100010110 ?
b1011101010010 O
b1011011001111010110010010001010 _
#3783
b1011000010101 "
b100111001000111 ?
b1011000010101 O
b1011011110111110110011000011111 _
#3784
b1010110111101 "
b100110101111001 ?
b1010110111101 O
b1011100010001110010000000111110 _
#3785
b1011010001011 "
b100110010101001 ?
b1011010001011 O
b1011100000111001001000101110010 _
#3786
b1011111111000 "
b100101111011010 ?
b1011111111000 O
b1011011100101101011111010111010 _
#3787
b1111000101101 "
b100101100001010 ?
b1111000101101 O
b1011011000110010000100100101011 _
#3788
b10000011001110 "
b100101000111010 ?
b10000011001110 O
b1011010101100101001001000000100 _
#3789
b10001100100000 "
b100101101111001 ?
b10001100100000 O
b1011010100010101001111010011000 _
#3790
b10100100110011 "
b100100101101000 ?
b10100100110011 O
b1011010011001001000001001000100 _
#3791
b10101000001110 "
b100100010011111 ?
b10101000001110 O
b1011010000100010001101010000100 _
#3792
b10101000111110 "
b100011111000111 ?
b10101000111110 O
b1011001110100110110010101011000 _
#3793
b10100101010100 "
b100011011110110 ?
b10100101010100 O
b1011001110101010000101011100101 _
#3794
b10001110001110 "
b100011000100100 ?
b10001110001110 O
b1011010000110010011000001111000 _
#3795
b10000100111010 "
b100010101010011 ?
b10000100111010 O
b1011010010110110011111100011001 _
#3796
b1111011001000 "
b100010010000001 ?
b1111011001000 O
b1011010011100111010011100001001 _
#3797
b1110001010111 "
b100001110110000 ?
b1110001010111 O
b1011010001100110010101101100000 _
#3798
b1011001111101 "
b100001011011110 ?
b1011001111101 O
b1011001110101000111011010100100 _
#3799
b1010111010001 "
b100001000001100 ?
b1010111010001 O
b1011001010100011010010001010001 _
#3800
b1010111110110 "
b100000100111011 ?
b1010111110110 O
b1011000101101101111111100000001 _
#3801
b1011100101010 "
b100000001101001 ?
b1011100101010 O
b1011000101001100010010110010111 _
#3802
b1110011100100 "
b11111110011000 ?
b1110011100100 O
b1011000101011011011111111110110 _
#3803
b1111101100010 "
b11111011000111 ?
b1111101100010 O
b1011000110000111110110011010101 _
#3804
b10001111101010 "
b11110111110110 ?
b10000111101010 O
b1011001010011110110000101001110 _
#3805
b10100110111011 "
b11110100100101 ?
b10100010111011 O
b1011001101000111110011101111110 _
#3806
b11110001010100 ?
b10100110111011 O
b1011001101011101011101111101000 _
#3807
b10101111111111 "
b11101110000100 ?
b10101111111111 O
b1011001011100011010010100110110 _
#3808
b10101111010101 "
b11101010110100 ?
b10101111010101 O
b1011001001111100000101110011010 _
#3809
b10100111100110 "
b11100111100101 ?
b10100111100110 O
b1011001100001011100010010111010 _
#3810
b10101010010111 "
b11100100010110 ?
b10101010010111 O
b1011001011101010101111100000011 _
#3811
b10001010000100 "
b11100001000111 ?
b10001010000100 O
b1011000111100111010010111001111 _
#3812
b10000000110001 "
b11011101111001 ?
b10000000110001 O
b1010111101101010101110011001011 _
#3813
b1110101111111 "
b11011010101011 ?
b1110101111111 O
b1010101100101100101100101110000 _
#3814
b1011110000101 "
b11010111011101 ?
b1011110000101 O
b1010111011001011000000110000101 _
#3815
b1011000100011 "
b11010100010001 ?
b1011000100011 O
b1010111101001100011011100001100 _
#3816
b1010110101010 "
b11010001000100 ?
b1010110101010 O
b1011000011001001000111110100001 _
#3817
b1011001100001 "
b11001101111001 ?
b1011001100001 O
b1011000011111001010000001110000 _
#3818
b1011111100001 "
b11001010101110 ?
b1011111100001 O
b1011000011110110010100010010111 _
#3819
b1111000010110 "
b11000111100100 ?
b1111000010110 O
b1011000111110010110000010100010 _
#3820
b10000010000100 "
b11000100011010 ?
b10000010000100 O
b1011001100001001000111001101000 _
#3821
b10001011100100 "
b11000001010001 ?
b10001011100100 O
b1011001101100011010111101011100 _
#3822
b10100011010010 "
b10111110001001 ?
b10100011010010 O
b1011001100101100110011010011010 _
#3823
b10101000100001 "
b10111011000010 ?
b10101000100001 O
b1011001001010100110100111010000 _
#3824
b10101000111100 "
b10110111111011 ?
b10101000111100 O
b1010111101101100001111101010001 _
#3825
b10100101001110 "
b10110111111101 ?
b10100101001110 O
b1011000100011100101010010100001 _
#3826
b10001110101010 "
b10110100110000 ?
b10001110101010 O
b1011001011100001000100111010100 _
#3827
b10000110000010 "
b10110001110100 ?
b10000110000010 O
b1011001101000010110000100011000 _
#3828
b1111100010110 "
b10101110101100 ?
b1111100010110 O
b1011001111100001100101111010000 _
#3829
b1110001111001 "
b10101011101001 ?
b1110001111001 O
b1011010000111100101101011011010 _
#3830
b1011010100111 "
b10101000100111 ?
b1011010100111 O
b1011010000110011010101010011110 _
#3831
b1010111011001 "
b10100101100110 ?
b1010111011001 O
b1011010000110001011010001010010 _
#3832
b1010111101001 "
b10100010100110 ?
b1010111101001 O
b1011010000110111010010010100000 _
#3833
b1011011000101 "
b10011111100110 ?
b1011011000101 O
b1011010000010100111001110000010 _
#3834
b1110010110001 "
b10011100101000 ?
b1110010110001 O
b1011010000011010000010100100110 _
#3835
b1111011111101 "
b10011001101011 ?
b1111011111101 O
b1011010000001110010000101011000 _
#3836
b10000110011111 "
b10010110101111 ?
b10000110011111 O
b1011001110010111101010111110110 _
#3837
b10001111011100 "
b10010011110100 ?
b10001111011100 O
b1011001100101001011000001110100 _
#3838
b10100110010001 "
b10010000111010 ?
b10100110010001 O
b1011001001101101001110110011100 _
#3839
b10101000011111 "
b10001110000001 ?
b10101000011111 O
b1011001001111101101110011110010 _
#3840
b10101111111111 "
b10001011001010 ?
b10100111111111 O
b1011001000101101010010101010000 _
#3841
b10100111111111 "
b10001000010011 ?
b10100011111111 O
b1011000010110010111110110110100 _
#3842
b10101011011111 "
b10000101011110 ?
b10101011011111 O
b1011001000010110000000000100100 _
#3843
b10001011011111 "
b10000010101010 ?
b10001011011111 O
b1011001110001111010101000010000 _
#3844
b10110111001111 "
b1111111111000 ?
b11110111001111 O
b1011001111111011101011011100110 _
#3845
b1111111000101 "
b1111101000110 ?
b1111111000101 O
b1011001101110101101101010000111 _
#3846
b1011110111010 "
b1111010010110 ?
b1011110111010 O
b1011001011000110000010001010100 _
#3847
b1011000111010 "
b1110111100111 ?
b1011001111010 O
b1011000101000000010110111101001 _
#3848
b1010111000100 "
b1110100111010 ?
b1010111000100 O
b1011000010000101111100000010001 _
#3849
b1011001000100 "
b1110010001101 ?
b1011001000100 O
b1011000100101011001010101011010 _
#3850
b1011110001110 "
b1101111100010 ?
b1011110001110 O
b1011000011010000000011111010101 _
#3851
b1110111000100 "
b1101100111001 ?
b1110111000100 O
b1011000000110010001110000101111 _
#3852
b10000001001101 "
b1101010010001 ?
b10000001001101 O
b1011000001010111111111011101011 _
#3853
b10001010110001 "
b1100111101010 ?
b10001010110001 O
b1010111100111010011011101010010 _
#3854
b10100010101010 "
b1100101000101 ?
b10100010101010 O
b1011000010011000000010111101010 _
#3855
b10100111101101 "
b1100010100001 ?
b10100111101101 O
b1011001111011100100001111001110 _
#3856
b10101001011100 "
b1011111111110 ?
b10101001011100 O
b1011010100001110101011110011000 _
#3857
b10100110001010 "
b1011101011101 ?
b10100110001010 O
b1011010101100101000010110101100 _
#3858
b10001111101111 "
b1011010111110 ?
b10001111101111 O
b1011010100101010000100100010110 _
#3859
b10000110110001 "
b1011000100000 ?
b10000110110001 O
b1011010001100101010110110110000 _
#3860
b1111101000111 "
b1010110000011 ?
b1111101000111 O
b1011010000101111001000001010001 _
#3861
b1110011010100 "
b1010111100000 ?
b1110011010100 O
b1011010000101101001101100010101 _
#3862
b1011011011000 "
b1010011101111 ?
b1011011011000 O
b1011001110110110010001111100111 _
#3863
b1010111101001 "
b1010001001111 ?
b1010111101001 O
b1011001101000000110100110110011 _
#3864
b1010111100100 "
b1001110110111 ?
b1010111100100 O
b1011001100100011100011100001010 _
#3865
b1011011000011 "
b1001100100000 ?
b1011011000011 O
b1011001101100000000001101100101 _
#3866
b1110010010100 "
b1001010001011 ?
b1110010010100 O
b1011001111011111001011101101001 _
#3867
b1111011011101 "
b1000111111000 ?
b1111011011101 O
b1011010000001110101101111001110 _
#3868
b10000101011100 "
b1000101100110 ?
b10000101011100 O
b1011010000100100110010111001011 _
#3869
b10001110100111 "
b1000011010110 ?
b10001110100111 O
b1011010001100110100000001110110 _
#3870
b10100110001111 "
b1000001001000 ?
b10100110001111 O
b1011010011011110111010001111111 _
#3871
b10101000110110 "
b111110111011 ?
b10101000110110 O
b1011010100001001111110100000111 _
#3872
b10100111110010 "
b111100101111 ?
b10100111110010 O
b1011010011010001100100011100110 _
#3873
b10100100001011 "
b111010100101 ?
b10100100001011 O
b1011010001110011010010000010011 _
#3874
b10001100100010 "
b111000011101 ?
b10001100100011 O
b1011010001001110011100101001100 _
#3875
b10000110110011 "
b110110010111 ?
b10000010010011 O
b1011010010110111011010010100000 _
#3876
b1111010010011 "
b110100010010 ?
b1111010010011 O
b1011010100110110100110000100000 _
#3877
b1111111100100 "
b110010001111 ?
b1111111100100 O
b1011010101111110100110011101100 _
#3878
b1011111101101 "
b110000001101 ?
b1011111101101 O
b1011010111001100001011111101000 _
#3879
b1011111101001 "
b101110001101 ?
b1011111101001 O
b1011011000111001110100010001111 _
#3880
b1010111001100 "
b101100001110 ?
b1010111001100 O
b1011011011010011001001110010010 _
#3881
b1011101111111 "
b101010010010 ?
b1011101111111 O
b1011011101111110011110110000100 _
#3882
b1011101111100 "
b101000010111 ?
b1011101111100 O
b1011100001001111010000101000110 _
#3883
b1110110000011 "
b100110011101 ?
b1110110000011 O
b1011100000010000100000010001111 _
#3884
b10000000000110 "
b100100100110 ?
b10000000000110 O
b1011100000010001000011101111110 _
#3885
b10001010100010 "
b100010101111 ?
b10001010100010 O
b1011100101100001010101001011010 _
#3886
b10100001111011 "
b100000111011 ?
b10100001111011 O
b1011100111110101110100000100010 _
#3887
b10100111001111 "
b11111001000 ?
b10100111001111 O
b1011100110100011011010100001011 _
#3888
b10101001001001 "
b11101010111 ?
b10101001001001 O
b1011100010101011010110011001001 _
#3889
b10100111100000 "
b11011101000 ?
b10100111100000 O
b1011011101010010010000111011010 _
#3890
b10100000111100 "
b11001111010 ?
b10100000111100 O
b1011011000101010011110011011010 _
#3891
b10000111100001 "
b11000001110 ?
b10000111100001 O
b1011010101100110010110101100110 _
#3892
b1111101111101 "
b10110100011 ?
b1111101111101 O
b1011010011101101100001010010101 _
#3893
b1110100010000 "
b10100111011 ?
b1110100010000 O
b1011010011001001001100000001001 _
#3894
b1011100010110 "
b10011010100 ?
b1011100010110 O
b1011010010101011110000111011100 _
#3895
b1011000000010 "
b10001101110 ?
b1011000000010 O
b1011010000010010011000000000001 _
#3896
b1010110110111 "
b10000001010 ?
b1010110110111 O
b1011001010100011110101110101010 _
#3897
b1011010100000 "
b10000001000 ?
b1011010100000 O
b1010111101001010101001100100100 _
#3898
b1110001010011 "
b1110101000 ?
b1110001010011 O
b1011000001010100110110111101011 _
#3899
b1111010011011 "
b1101001000 ?
b1111010011011 O
b1011000101001001010101100100110 _
#3900
b10000100001110 "
b1011101001 ?
b10000100001110 O
b1011001000000001000000100110010 _
#3901
b10001101101001 "
b1010001100 ?
b10001101101001 O
b1011001011110011010110000011101 _
#3902
b10100101010110 "
b1000110000 ?
b10100101010110 O
b1011001101010111111100110101100 _
#3903
b10101000110011 "
b111010110 ?
b10101000110011 O
b1011001101111100001011000111001 _
#3904
b10101000001110 "
b101111110 ?
b10101000001110 O
b1011001101000110111000101001101 _
#3905
b10100100000101 "
b100100111 ?
b10100100000101 O
b1011001010010001000100111110010 _
#3906
b10001101010111 "
b11010010 ?
b10001101010111 O
b1011000110000110011011111111010 _
#3907
b10000011110011 "
b1111110 ?
b10000011110011 O
b1011000110110111011001110111100 _
#3908
b1111001001000 "
b101101 ?
b1111001001000 O
b1011000101011000010001100100010 _
#3909
b1011111100110 "
b1111111111011100 ?
b1011111100110 O
b1011000001100100000110011000000 _
#3910
b1011001010111 "
b1111111110001110 ?
b1011001010111 O
b1010011101011111111000010011010 _
#3911
b1010110110111 "
b1111111101000001 ?
b1010110110111 O
b1010110110000101011000110110110 _
#3912
b1011110111111 "
b1111111011110101 ?
b1011010111111 O
b1010111110100001001000011101110 _
#3913
b1011101001100 "
b1111111010101011 ?
b1011101001100 O
b1011000110100011000111010111101 _
#3914
b1111101000110 "
b1111111001100011 ?
b1111101000110 O
b1011001000100110010100111100001 _
#3915
b1111111111111 "
b1111111000011100 ?
b1111111111111 O
b1011000100110110001110000011111 _
#3916
b1111110111011 "
b1111110111010111 ?
b1111110111011 O
b1010111111000010100011010101011 _
#3917
b10101001111111 "
b1111110110010011 ?
b10101001111111 O
b1011001000010101001100111110111 _
#3918
b10100111011111 "
b1111110101010001 ?
b10100111011111 O
b1011001011100000011000101011000 _
#3919
b10100111011010 "
b1111110100010000 ?
b10100111011010 O
b1011001011011101001010000011000 _
#3920
b10101001001100 "
b1111110011010001 ?
b10101001001100 O
b1011000111111110110101101101110 _
#3921
b10100110101000 "
b1111110010010011 ?
b10100110101000 O
b1011000010011110100010001010111 _
#3922
b10100001100010 "
b1111110001010111 ?
b10100001100010 O
b1011000011100101001001000011110 _
#3923
b10001001010110 "
b1111110000011100 ?
b10001001010110 O
b1011000111101001000010111101001 _
#3924
b1111111000101 "
b1111101111100011 ?
b1111111000101 O
b1011000101011101110011111000000 _
#3925
b1110100001101 "
b1111101110101011 ?
b1110100001101 O
b1010111110100001001110001011000 _
#3926
b1011100111100 "
b1111101101110101 ?
b1011100111100 O
b1010111100110000100100111100110 _
#3927
b1011000100100 "
b1111101101000000 ?
b1011000100100 O
b1011000100010111111010010011011 _
#3928
b1010111000110 "
b1111101100001100 ?
b1010111000110 O
b1011000110001100001010111100100 _
#3929
b1011010000110 "
b1111101011011010 ?
b1011010000110 O
b1011000100100111101110111111001 _
#3930
b1110000010101 "
b1111101010101001 ?
b1110000010101 O
b1011000000011010011110101100001 _
#3931
b1111001000000 "
b1111101001111010 ?
b1111001000000 O
b1011000100000011101001110101100 _
#3932
b10000011000100 "
b1111101001011100 ?
b10000011000100 O
b1011001000110111011011111111101 _
#3933
b10001100111101 "
b1111101001001000 ?
b10001100111101 O
b1011001010010100001101000001011 _
#3934
b10100100111110 "
b1111101000100100 ?
b10100100111110 O
b1011001000110111010100111010011 _
#3935
b10101000010000 "
b1111100111110100 ?
b10101000010000 O
b1011000111001101010001110000110 _
#3936
b10101000011111 "
b1111100111001010 ?
b10101000011111 O
b1011001000110001101000010001110 _
#3937
b10100100111010 "
b1111100110100010 ?
b10100100111010 O
b1011001010010000101010110110000 _
#3938
b10001101110011 "
b1111100101111011 ?
b10001101110011 O
b1011001001101110111001111001101 _
#3939
b10000100101010 "
b1111100101010101 ?
b10000100101010 O
b1011000101110011001100101010010 _
#3940
b1111010100011 "
b1111100100110000 ?
b1111010100011 O
b1011000111011010110001001101000 _
#3941
b1110001000101 "
b1111100100001101 ?
b1110001000101 O
b1011001101111111110011000111110 _
#3942
b1011001110100 "
b1111100011101010 ?
b1011001110100 O
b1011010000011111011000001100010 _
#3943
b1010111011010 "
b1111100011001001 ?
b1010111011010 O
b1011010010001001101101101101011 _
#3944
b1011000011110 "
b1111100010101010 ?
b1011000011110 O
b1011010101001000000100111011010 _
#3945
b1011100100110 "
b1111100010001011 ?
b1011100100110 O
b1011010110000001101001101110110 _
#3946
b1110011101010 "
b1111100001101110 ?
b1110011101010 O
b1011010011010000000101001010011 _
#3947
b1111101111111 "
b1111100001010010 ?
b1111101111111 O
b1011001100101100110011000010111 _
#3948
b11111100111111 "
b1111100000110111 ?
b10001000111111 O
b1011000100001011111011100100000 _
#3949
b10101000101001 "
b1111100000011101 ?
b10101000101001 O
b1010111110011010010001011011111 _
#3950
b10100111101110 "
b1111100000000101 ?
b10100111101110 O
b1011000000101001101101010011001 _
#3951
b10101111010110 "
b1111011111101101 ?
b10101111010110 O
b1010111101001011101110010001100 _
#3952
b10101111011001 "
b1111011111010111 ?
b10101111011001 O
b1010101100001010001110111000011 _
#3953
b10100111101000 "
b1111011111000001 ?
b10100111101000 O
b1010111100110001100011101101001 _
#3954
b10100010011111 "
b1111011110101101 ?
b10100010011111 O
b1011000101000100010011000001110 _
#3955
b10001001101010 "
b1111011110011010 ?
b10001001101010 O
b1011001000001011111010110101000 _
#3956
b1111111111101 "
b1111011110001000 ?
b1111111111101 O
b1011001010010101000110110010011 _
#3957
b1110110001111 "
b1111011101110111 ?
b1110110001111 O
b1011001110010010100110001110010 _
#3958
b1011110001101 "
b1111011101100111 ?
b1011110001101 O
b1011010000000101001101011001100 _
#3959
b1011000101010 "
b1111011101011000 ?
b1011000101010 O
b1011010000000101000010111100110 _
#3960
b1010101111100 "
b1111011101001010 ?
b1010101111100 O
b1011001101100010100100101100000 _
#3961
b1011001111110 "
b1111011100111101 ?
b1011001111110 O
b1011001001101000110100011110011 _
#3962
b1011110111110 "
b1111011100110001 ?
b1011110111110 O
b1011001001110101111100000001000 _
#3963
b1111000011000 "
b1111011100100110 ?
b1111000011000 O
b1011001011011001110000001111110 _
#3964
b10000010011101 "
b1111011100011011 ?
b10000010011101 O
b1011001000111011110111100011000 _
#3965
b10001011111010 "
b1111011100010010 ?
b10001011111010 O
b1011000011000001110011011001010 _
#3966
b10100011110000 "
b1111011100001010 ?
b10100011110000 O
b1010111111001100111000101000010 _
#3967
b10101000101001 "
b1111011100000010 ?
b10101000101001 O
b1011000000101000110011011011100 _
#3968
b10101000111011 "
b1111011101000011 ?
b10101000111011 O
b1011000010011001101001000011011 _
#3969
b10100101001010 "
b1111011011111110 ?
b10100101001010 O
b1010111100000100011001110010001 _
#3970
b10001110010101 "
b1111011011110001 ?
b10001110010101 O
b1010111000110111100111011111100 _
#3971
b10000101010110 "
b10000101010110 O
b1010111100000010101100110011010 _
#3972
b1111011101100 "
b1111011011101101 ?
b1111011101100 O
b1011000010101110111100010100010 _
#3973
b1110010000010 "
b1111011011101001 ?
b1110010000010 O
b1011000111010110100111100110011 _
#3974
b1011010001110 "
b1111011011100111 ?
b1011010001110 O
b1011000110111110111111100110010 _
#3975
b1010111010011 "
b1111011011100101 ?
b1010111010011 O
b1011000010110000111110001000111 _
#3976
b1011000001001 "
b1111011011100100 ?
b1011000001001 O
b1010111111000110110101010010001 _
#3977
b1011011111110 "
b1011011111110 O
b1011000101010011110100000000100 _
#3978
b1110011111101 "
b1110011111101 O
b1011001000001100011001101000101 _
#3979
b1111100100111 "
b1111011011100101 ?
b1111100100111 O
b1011000101100000010011001000101 _
#3980
b10000110010011 "
b1111011011100111 ?
b10000110010011 O
b1011000000110111110001000101010 _
#3981
b10100000000011 "
b1111011011101010 ?
b10100000000011 O
b1011000000010110001111001100010 _
#3982
b10100110111111 "
b1111011011101101 ?
b10100110111111 O
b1011000111001001001100111011001 _
#3983
b10101100111111 "
b1111011011110001 ?
b10101000111111 O
b1011001001100010000111010101010 _
#3984
b10101111111110 "
b1111011011110101 ?
b10100111111110 O
b1011001011010101101011101000100 _
#3985
b10100111110101 "
b1111011011111010 ?
b10100110110101 O
b1011001101011100011100000010000 _
#3986
b10101010110101 "
b1111011100000000 ?
b10101010110101 O
b1011010010010101010000010010101 _
#3987
b10001010111111 "
b1111011100000111 ?
b10001010111111 O
b1011010100111000100001110110011 _
#3988
b10110010111111 "
b1111011100001101 ?
b10110110111111 O
b1011010101001010111100100011100 _
#3989
b1111110110101 "
b1111011100010101 ?
b1111110110101 O
b1011010101110010101111001111000 _
#3990
b1011110101101 "
b1111011100011101 ?
b1011110101001 O
b1011010011101001100001010011001 _
#3991
b1011001101101 "
b1111011100100110 ?
b1011001101101 O
b1011001101111101100100001101101 _
#3992
b1010101110100 "
b1111011100101111 ?
b1010101110100 O
b1011001010100010111111001001101 _
#3993
b1011001001001 "
b1111011100111000 ?
b1011001001001 O
b1011000110111111100101100111010 _
#3994
b1011111010111 "
b1111011101000010 ?
b1011111010111 O
b1011000010110101001001001111011 _
#3995
b1110111011101 "
b1111011101001101 ?
b1110111011101 O
b1011001000001011010111001001111 _
#3996
b10000000111010 "
b1111011101011000 ?
b10000000111010 O
b1011001001000100010111100100101 _
#3997
b10001010101010 "
b1111011101100100 ?
b10001010101010 O
b1011000111101111111100101111110 _
#3998
b10100011010010 "
b1111011101110000 ?
b10100011010010 O
b1011000110100011010011101100000 _
#3999
b10101000010100 "
b1111011101111100 ?
b10101000010100 O
b1011001000111110110101100010010 _
#4000
b10101000111010 "
b1111011110001001 ?
b10101000111010 O
b1011001110011111110000011011010 _
#4001
b10100101110101 "
b1111011110010110 ?
b10100101110101 O
b1011010000001001001010000001001 _
#4002
b10001111000111 "
b1111011110100100 ?
b10001111000111 O
b1011001110100001011001111010110 _
#4003
b10000110000100 "
b1111011110110010 ?
b10000110000100 O
b1011001110101000010100101100100 _
#4004
b1111101000111 "
b1111011111110000 ?
b1111101000111 O
b1011001110000101110110000100001 _
#4005
b1110010111100 "
b1111011111000111 ?
b1110010111100 O
b1011001011010101000001111101001 _
#4006
b1011011001011 "
b1111011111001110 ?
b1011011001011 O
b1011001000011000011101110010000 _
#4007
b1010110111011 "
b1111011111011110 ?
b1010110111011 O
b1011000111111011011101100111011 _
#4008
b1010111001000 "
b1111011111101101 ?
b1010111001000 O
b1011001011100100100100101111100 _
#4009
b1011011011110 "
b1111011111111101 ?
b1011011011110 O
b1011010000010010111100011100001 _
#4010
b1110011010101 "
b1111100000001101 ?
b1110011010101 O
b1011010001010101000100101010010 _
#4011
b1111011101010 "
b1111100000011101 ?
b1111011101010 O
b1011010001011100011100001101011 _
#4012
b10000101011110 "
b1111100000101101 ?
b10000101011110 O
b1011010011111110000110010001011 _
#4013
b10001110111011 "
b1111100000111110 ?
b10001110111011 O
b1011011000001110001011011111000 _
#4014
b10100110001110 "
b1111100001001111 ?
b10100110001110 O
b1011011001000110001011110010100 _
#4015
b10101001100001 "
b1111100001100000 ?
b10101001100001 O
b1011100000001010011110101010101 _
#4016
b10101000011000 "
b1111100001110010 ?
b10101000011000 O
b1011100110000011111001100110110 _
#4017
b10100011101100 "
b1111100010000100 ?
b10100011101100 O
b1011101000001000000101000001001 _
#4018
b10001011001110 "
b1111100010010110 ?
b10001011001110 O
b1011100111111110001010001011100 _
#4019
b10001001111110 "
b1111100010101000 ?
b10000001110110 O
b1011100100001100001000000101101 _
#4020
b11111000110110 "
b1111100010111010 ?
b1111000110110 O
b1011011011011001000011000101101 _
#4021
b1111111010110 "
b1111100011001101 ?
b1111111010110 O
b1011010100010110100001110010100 _
#4022
b1011111110110 "
b1111100011011111 ?
b1011111110110 O
b1011010000100000110101011111010 _
#4023
b1011110111110 "
b1111100011110010 ?
b1011110111110 O
b1011001101110001110110111000011 _
#4024
b1111100100000101 ?
b1011001101101110000001010101110 _
#4025
b1011110110110 "
b1111100100011000 ?
b1011110110110 O
b1011001101010101000011110001001 _
#4026
b1011110100010 "
b1111100100101011 ?
b1111110100010 O
b1011001100101001111111110110101 _
#4027
b1110110011011 "
b1111100100111111 ?
b1110110011011 O
b1011001011110000000000110110110 _
#4028
b10000000011001 "
b1111100101010010 ?
b10000000011001 O
b1011001011000010110111111001101 _
#4029
b10001001111010 "
b1111100101100101 ?
b10001001111010 O
b1011001100100001100011110000011 _
#4030
b10100010001011 "
b1111100101111001 ?
b10100010001011 O
b1011001101010001000111100111000 _
#4031
b10100111111111 "
b1111100110001101 ?
b10100111111111 O
b1011001101100101101000111000100 _
#4032
b10101001101011 "
b1111100110100001 ?
b10101001101011 O
b1011001010101100001011110010010 _
#4033
b10100110110011 "
b1111100110110100 ?
b10100110110011 O
b1010111111011101100010011000001 _
#4034
b10001111111101 "
b1111100111001000 ?
b10001111111101 O
b1010111110000011010111101010000 _
#4035
b10000111010100 "
b1111100111011100 ?
b10000111010100 O
b1011000101100010110110110011001 _
#4036
b1111101101010 "
b1111100111110000 ?
b1111101101010 O
b1011000100101011001111110001000 _
#4037
b1110100001010 "
b1111101000000100 ?
b1110100001010 O
b1011000001111010010001001011000 _
#4038
b1011100001001 "
b1111101000011000 ?
b1011100001001 O
b1010111111110000110101110111001 _
#4039
b1010111110010 "
b1111101000101100 ?
b1010111110010 O
b1010111011100000101100011100001 _
#4040
b1010110101100 "
b1111101000101000 ?
b1010110101100 O
b1010111101001010001010110100000 _
#4041
b1011010101010 "
b1111101001000100 ?
b1011010101010 O
b1011000001001000010110101011000 _
#4042
b1110001111010 "
b1111101001010000 ?
b1110001111010 O
b1011000100100110110110010000110 _
#4043
b1111010011111 "
b1111101001101000 ?
b1111010011111 O
b1011001101101010010100110010100 _
#4044
b10000100110101 "
b1111101001111100 ?
b10000100110101 O
b1011010110011000100000101110000 _
#4045
b10001101101100 "
b1111101010010000 ?
b10001101101100 O
b1011011100110110011100100110110 _
#4046
b10100101001010 "
b1111101010100100 ?
b10100101001010 O
b1011011111011010011100000000001 _
#4047
b10101000111000 "
b1111101010111000 ?
b10101000111000 O
b1011011111100100100111100010100 _
#4048
b10101000100000 "
b1111101011001100 ?
b10101000100000 O
b1011011100101000011010001001011 _
#4049
b10100100011000 "
b1111101011011111 ?
b10100100011000 O
b1011010101011110101101101100110 _
#4050
b10001100101100 "
b1111101011110011 ?
b10001100101100 O
b1011010000100001000100011000000 _
#4051
b10000010111001 "
b1111101100000111 ?
b10000010111001 O
b1011001110111110101000110110100 _
#4052
b1111000100111 "
b1111101100011010 ?
b1111000100111 O
b1011001101100010111001001101001 _
#4053
b1110000001111 "
b1111101100101110 ?
b1110000001111 O
b1011001010000001110101100010110 _
#4054
b1011010000011 "
b1111101101000001 ?
b1011010000011 O
b1011000101010000001001011000110 _
#4055
b1011110100011 "
b1111101101010101 ?
b1010110100011 O
b1011000100111011100110001000000 _
#4056
b1010111100111 "
b1111101101101000 ?
b1010111100111 O
b1011001000010111111111000111111 _
#4057
b1011111110110 "
b1111101101111011 ?
b1011111110110 O
b1011001100011111110111001001011 _
#4058
b1111101111110 "
b1111101110001110 ?
b1111101111110 O
b1011010000000000000010011011110 _
#4059
b1111111111110 "
b1111101110100001 ?
b1111111111110 O
b1011010000001010110111000000011 _
#4060
b1111111001101 "
b1111101110110100 ?
b1111111001101 O
b1011001100111001011011111001100 _
#4061
b10101000101111 "
b1111101111000111 ?
b10101000111111 O
b1011000111100110101110100001010 _
#4062
b10100001110110 "
b1111101111011010 ?
b10100101110110 O
b1011000000010100010000010010101 _
#4063
b10100111101101 "
b1111101111101100 ?
b10100111101101 O
b1010111011000111000010000100101 _
#4064
b10101001001011 "
b1111101111111110 ?
b10101001001011 O
b1010110010110111111011111001101 _
#4065
b10100111001010 "
b1111110000010001 ?
b10100111001010 O
b1010011101011010101100010101010 _
#4066
b10100000101101 "
b1111110000100011 ?
b10100000101101 O
b1010111010000101001001011000000 _
#4067
b10001000000001 "
b1111110000110101 ?
b10001000000001 O
b1011000110101101111001000011100 _
#4068
b1111111001100 "
b1111110001000111 ?
b1111111001100 O
b1011001001000110100001011111010 _
#4069
b1110100111011 "
b1111110001011000 ?
b1110100111011 O
b1011001000001011010010111001101 _
#4070
b1011100110100 "
b1111110001101010 ?
b1011100110100 O
b1011000111010010011001110000111 _
#4071
b1010111101011 "
b1111110001111011 ?
b1010111101011 O
b1011001010110011110110000010011 _
#4072
b1010110011111 "
b1111110010001101 ?
b1010110011111 O
b1011001101011011001100010110011 _
#4073
b1011010011110 "
b1111110010011110 ?
b1011010011110 O
b1011001101011011111010001000111 _
#4074
b1110001001011 "
b1111110010101111 ?
b1110001001011 O
b1011001100100000100000101111011 _
#4075
b1111001101000 "
b1111110011100000 ?
b1111001101000 O
b1011001010001011010001101001100 _
#4076
b10000011010010 "
b1111110011000000 ?
b10000011010010 O
b1011001001000000001100110001011 _
#4077
b10001100110001 "
b1111110011010001 ?
b10001100110001 O
b1011001000101101101100011101001 _
#4078
b10100100100111 "
b1111110011100001 ?
b10100100100111 O
b1011001001010110111000100001110 _
#4079
b10101001000100 "
b1111110011110001 ?
b10101001000100 O
b1011001001001111100010010010110 _
#4080
b10101000110001 "
b1111110100000001 ?
b10101000110001 O
b1011000111011110010100101010011 _
#4081
b10100100100101 "
b1111110100010001 ?
b10100100100101 O
b1011001010000011001111101011011 _
#4082
b10001101100100 "
b1111110100100001 ?
b10001101100100 O
b1011001100111001100011000100001 _
#4083
b10000100011101 "
b1111110100110000 ?
b10000100011101 O
b1011001101011001011100000100000 _
#4084
b1111010000110 "
b1111110101000000 ?
b1111010000110 O
b1011001100100001111110100100110 _
#4085
b1110000100100 "
b1111110101001111 ?
b1110000100100 O
b1011001001010011000001111101100 _
#4086
b1011001111111 "
b1111110101011110 ?
b1011001111111 O
b1011001000111000011111110110100 _
#4087
b1010111100000 "
b1111110101101101 ?
b1010111100000 O
b1011001011100110011001110100111 _
#4088
b1010111101010 "
b1111110101111100 ?
b1010111101010 O
b1011010000000010101010010100011 _
#4089
b1011100011111 "
b1111110110001010 ?
b1011100011111 O
b1011010000100010001011000011011 _
#4090
b1110100111011 "
b1111110110011001 ?
b1110100110111 O
b1011010001001010100010011001000 _
#4091
b1111110111110 "
b1111110110100111 ?
b1111110111110 O
b1011010010110000010000101011110 _
#4092
b11111110011110 "
b1111110110110101 ?
b10111110011110 O
b1011010001110011111000100011111 _
#4093
b10101001011101 "
b1111110111000011 ?
b10101001011101 O
b1011010000101010001011100101011 _
#4094
b10100111110110 "
b1111110111010000 ?
b10100111110110 O
b1011001111110110001101101101110 _
#4095
b10100111100110 "
b1111110111011110 ?
b10101111100110 O
b1011001110001000111001111011110 _
