Sample in Buffer,Sample in Window,TRIGGER,design_1_i/i_adc_data[13:0],design_1_i/adc_interface_0_adc_data_original[13:0],design_1_i/adc_interface_0_adc_data_original_valid,design_1_i/adc_interface_0_win_coeff_out[15:0],design_1_i/adc_interface_0_adc_signed_debug[15:0],design_1_i/floating_point_3_m_axis_result_tdata[31:0],design_1_i/floating_point_3_m_axis_result_tvalid,design_1_i/xlconstant_2_dout,design_1_i/adc_interface_fft_vco_1_m_axis_tdata[31:0],design_1_i/adc_interface_fft_vco_1_m_axis_tvalid,design_1_i/adc_interface_fft_vco_1_m_axis_tlast
Radix - UNSIGNED,UNSIGNED,UNSIGNED,UNSIGNED,UNSIGNED,HEX,HEX,HEX,UNSIGNED,HEX,HEX,SIGNED,HEX,HEX
0,0,0,10821,108,1,001c,2a45,1508438505,0,1,-606100,1,0
1,1,0,10575,2094,1,001c,294f,1508438505,0,1,-554962,1,0
2,2,0,9186,6748,1,001c,23e2,1508438505,0,1,-550308,1,0
3,3,0,8615,13338,1,001c,21a7,1508438505,0,1,-543718,1,0
4,4,0,7948,2977,1,001c,1f0c,1508438505,0,1,-455775,1,0
5,5,0,7330,8373,1,001c,1ca2,1508438505,0,1,-450379,1,0
6,6,0,5859,5828,1,001c,16e3,1508438505,0,1,-469308,1,0
7,7,0,5610,3274,1,001c,15ea,1508438505,0,1,-504630,1,0
8,8,0,5590,6338,1,001c,15d6,1508438505,0,1,-567102,1,0
9,9,0,5833,2749,1,001c,16cb,1508438505,0,1,-750915,1,0
10,10,0,7343,14304,1,001c,1caf,1508438505,0,1,-854048,1,0
11,11,0,7918,3205,1,001c,1ee6,1508438505,0,1,-963451,1,0
12,12,0,16038,11572,1,001c,2fb6,1508438505,0,1,-1184460,1,0
13,13,0,9174,5536,1,001c,23d6,1508438505,0,1,-1288800,1,0
14,14,0,11250,9282,1,001c,2bf2,1508438505,0,1,-1366974,1,0
15,15,0,11131,11778,1,001c,2b7b,1508438505,0,1,-1397246,1,0
16,16,0,10811,483,1,001c,2a3b,1508438505,0,1,-1261085,1,0
17,17,0,10954,5946,1,001c,2aca,1508438505,0,1,-1239238,1,0
18,18,0,10441,8816,1,001c,2ac9,1508438505,0,1,-1203600,1,0
19,19,0,8939,5588,1,001c,22eb,1508438505,0,1,-1157676,1,0
20,20,0,8343,4630,1,001c,2097,1508438505,0,1,-962026,1,0
21,21,0,7650,9111,1,001c,1de2,1508438505,0,1,-941161,1,0
22,22,0,6068,1840,1,001c,17b4,1508438505,0,1,-981200,1,0
23,23,0,5716,266,1,001c,1654,1508438505,0,1,-1064694,1,0
24,24,0,5559,12290,1,001c,15b7,1508438505,0,1,-1380350,1,0
25,25,0,5665,4317,1,001c,1621,1508438505,0,1,-1552163,1,0
26,26,0,6016,11203,1,001c,1780,1508438505,0,1,-1741885,1,0
27,27,0,7599,9836,1,001c,1daf,1508438505,0,1,-1923476,1,0
28,28,0,8198,1348,1,001c,2006,1508438505,0,1,-2325180,1,0
29,29,0,8839,12952,1,001c,2287,1508438505,0,1,-2461032,1,0
30,30,0,10431,5452,1,001c,28bf,1508438505,0,1,-2550452,1,0
31,31,0,10744,9800,1,001c,29f8,1508438505,0,1,-2562488,1,0
32,32,0,10789,12014,1,001c,2a25,1508438505,0,1,-2265362,1,0
33,33,0,10652,11610,1,001c,299c,1508438505,0,1,-2200230,1,0
34,34,0,10257,3842,1,001c,2811,1508438505,0,1,-2093310,1,0
35,35,0,8639,10887,1,001c,21bf,1508438505,0,1,-1709433,1,0
36,36,0,7988,1088,1,001c,1f34,1508438505,0,1,-1653696,1,0
37,37,0,7448,7919,1,001c,1d18,1508438505,0,1,-1646865,1,0
38,38,0,5905,8908,1,001c,1711,1508438505,0,1,-1727796,1,0
39,39,0,5581,11812,1,001c,15cd,1508438505,0,1,-1888732,1,0
40,40,0,5569,11948,1,001c,15c1,1508438505,0,1,-2445652,1,0
41,41,0,5833,416,1,001c,16c9,1508438505,0,1,-2735712,1,0
42,42,0,7272,7814,1,001c,1c68,1508438505,0,1,-3039610,1,0
43,43,0,7842,10700,1,001c,1ea2,1508438505,0,1,-3675700,1,0
44,44,0,8490,12233,1,001c,212a,1508438505,0,1,-3919927,1,0
45,45,0,9115,12218,1,001c,239b,1508438505,0,1,-4100166,1,0
46,46,0,10619,13040,1,001c,296b,1508438505,0,1,-4148496,1,0
47,47,0,11117,12659,1,001c,2a6d,1508438505,0,1,-4099725,1,0
48,48,0,10805,4176,1,001c,2a35,1508438505,0,1,-3583920,1,0
49,49,0,10975,14000,1,001c,2adf,1508438505,0,1,-3426640,1,0
50,50,0,11230,12794,1,001c,2bde,1508438505,0,1,-3247622,1,0
51,51,0,9175,3424,1,001c,23d7,1508438505,0,1,-2634400,1,0
52,52,0,11975,2577,1,001c,3ec7,1508438505,0,1,-2569711,1,0
53,53,0,7750,6426,1,001c,1e46,1508438505,0,1,-2598630,1,0
54,54,0,7239,12334,1,001c,1e47,1508438505,0,1,-2772946,1,0
55,55,0,5737,4044,1,001c,1669,1508438505,0,1,-3567668,1,0
56,56,0,5520,13370,1,001c,1590,1508438505,0,1,-3951558,1,0
57,57,0,5669,15112,1,001c,1625,1508438505,0,1,-4375800,1,0
58,58,0,5994,8703,1,001c,176a,1508438505,0,1,-4808193,1,0
59,59,0,7509,8506,1,001c,1d55,1508438505,0,1,-5758662,1,0
60,60,0,8129,12960,1,001c,1fc1,1508438505,0,1,-6049120,1,0
61,61,0,8785,11968,1,001c,2251,1508438505,0,1,-6197568,1,0
62,62,0,10368,9107,1,001c,2880,1508438505,0,1,-6184045,1,0
63,63,0,10760,5246,1,001c,2a08,1508438505,0,1,-5434242,1,0
64,64,0,10828,8442,1,001c,2a4c,1508438505,0,1,-5201670,1,0
65,65,0,10688,16324,1,001c,29c0,1508438505,0,1,-4915260,1,0
66,66,0,10298,15896,1,001c,283a,1508438505,0,1,-4653544,1,0
67,67,0,8704,3180,1,001c,2200,1508438505,0,1,-3814292,1,0
68,68,0,8100,6052,1,001c,1fa4,1508438505,0,1,-3762268,1,0
69,69,0,7488,12358,1,001c,1d40,1508438505,0,1,-3854266,1,0
70,70,0,5936,14656,1,001c,1730,1508438505,0,1,-4179648,1,0
71,71,0,5595,15536,1,001c,15db,1508438505,0,1,-5374800,1,0
72,72,0,5558,15207,1,001c,15b6,1508438505,0,1,-5932185,1,0
73,73,0,5781,6995,1,001c,1695,1508438505,0,1,-6562989,1,0
74,74,0,7230,11071,1,001c,1c3e,1508438505,0,1,-7902401,1,0
75,75,0,7802,15265,1,001c,1e7a,1508438505,0,1,-8356959,1,0
76,76,0,8420,13562,1,001c,20e4,1508438505,0,1,-8637190,1,0
77,77,0,9028,13904,1,001c,2344,1508438505,0,1,-8767920,1,0
78,78,0,10569,1792,1,001c,2949,1508438505,0,1,-8616192,1,0
79,79,0,10821,9839,1,001c,2a45,1508438505,0,1,-7444881,1,0
80,80,0,10801,140,1,001c,2a31,1508438505,0,1,-7061364,1,0
81,81,0,10523,13510,1,001c,291b,1508438505,0,1,-6638394,1,0
82,82,0,9046,9896,1,001c,2346,1508438505,0,1,-5413208,1,0
83,83,0,9215,7806,1,001c,20ff,1508438505,0,1,-5202306,1,0
84,84,0,16127,2680,1,001c,1eff,1508438505,0,1,-5223816,1,0
85,85,0,7807,717,1,001c,1e7f,1508438505,0,1,-5438771,1,0
86,86,0,7903,15307,1,001c,1edf,1508438505,0,1,-5964853,1,0
87,87,0,6075,1544,1,001c,17bb,1508438505,0,1,-7682552,1,0
88,88,0,5631,14477,1,001c,15fe,1508438505,0,1,-8439667,1,0
89,89,0,5631,6672,1,001c,17ff,1508438505,0,1,-9184752,1,0
90,90,0,5952,5564,1,001c,1740,1508438505,0,1,-10988100,1,0
91,91,0,7457,11036,1,001c,1d21,1508438505,0,1,-11424996,1,0
92,92,0,8071,13309,1,001c,1f87,1508438505,0,1,-11652099,1,0
93,93,0,8706,11892,1,001c,2202,1508438505,0,1,-11669900,1,0
94,94,0,10318,10503,1,001c,284e,1508438505,0,1,-10213113,1,0
95,95,0,10695,2212,1,001c,29c7,1508438505,0,1,-9647964,1,0
96,96,0,10904,4885,1,001c,2a98,1508438505,0,1,-9088235,1,0
97,97,0,10753,3864,1,001c,2a01,1508438505,0,1,-8597736,1,0
98,98,0,10357,15124,1,001c,2875,1508438505,0,1,-6964460,1,0
99,99,0,8750,883,1,001c,222e,1508438505,0,1,-6749325,1,0
100,100,0,8203,3990,1,001c,200b,1508438505,0,1,-6926442,1,0
101,101,0,7540,780,1,001c,1d74,1508438505,0,1,-7421172,1,0
102,102,0,5961,4914,1,001c,1749,1508438505,0,1,-9366734,1,0
103,103,0,5673,4648,1,001c,1629,1508438505,0,1,-10333656,1,0
104,104,0,5542,7052,1,001c,15a6,1508438505,0,1,-11412596,1,0
105,105,0,5702,3264,1,001c,1646,1508438505,0,1,-13660992,1,0
106,106,0,6141,11880,1,001c,17fd,1508438505,0,1,-14356888,1,0
107,107,0,7762,11132,1,001c,1e52,1508438505,0,1,-14849156,1,0
108,108,0,8357,7120,1,001c,20a5,1508438505,0,1,-14951472,1,0
109,109,0,8981,6000,1,001c,2315,1508438505,0,1,-14690448,1,0
110,110,0,10451,10880,1,001c,28d3,1508438505,0,1,-12670336,1,0
111,111,0,10790,8280,1,001c,2a26,1508438505,0,1,-11984808,1,0
112,112,0,10841,3776,1,001c,2a59,1508438505,0,1,-11120960,1,0
113,113,0,10561,14580,1,001c,2941,1508438505,0,1,-8914700,1,0
114,114,0,9094,5880,1,001c,2386,1508438505,0,1,-8595720,1,0
115,115,0,8497,2356,1,001c,2131,1508438505,0,1,-8550092,1,0
116,116,0,7870,5264,1,001c,1ebf,1508438505,0,1,-8776560,1,0
117,117,0,7326,12068,1,001c,1c9e,1508438505,0,1,-9556188,1,0
118,118,0,5823,12288,1,001c,16af,1508438505,0,1,-12226560,1,0
119,119,0,6079,4252,1,001c,15bf,1508438505,0,1,-13365092,1,0
120,120,0,5631,11889,1,001c,15ff,1508438505,0,1,-14537103,1,0
121,121,0,6126,10581,1,001c,17fe,1508438505,0,1,-17290923,1,0
122,122,0,6105,2988,1,001c,17d9,1508438505,0,1,-17986644,1,0
123,123,0,8162,8742,1,001c,1fea,1508438505,0,1,-18259418,1,0
124,124,0,8009,9656,1,001c,1f49,1508438505,0,1,-18160200,1,0
125,125,0,8673,7334,1,001c,23e1,1508438505,0,1,-15868762,1,0
126,126,0,9210,2430,1,001c,23fa,1508438505,0,1,-14988930,1,0
127,127,0,10662,9768,1,001c,29a6,1508438505,0,1,-14014936,1,0
128,128,0,10810,9995,1,001c,2a3a,1508438505,0,1,-13179125,1,0
129,129,0,10742,2450,1,001c,29f6,1508438505,0,1,-10548846,1,0
130,130,0,10391,9173,1,001c,2897,1508438505,0,1,-10181675,1,0
131,131,0,8851,1729,1,001c,2293,1508438505,0,1,-10271039,1,0
132,132,0,8242,13832,1,001c,2032,1508438505,0,1,-10881528,1,0
133,133,0,7572,13048,1,001c,1d94,1508438505,0,1,-13782280,1,0
134,134,0,6041,14548,1,001c,1799,1508438505,0,1,-15058732,1,0
135,135,0,5698,1732,1,001c,1642,1508438505,0,1,-16464188,1,0
136,136,0,5552,2488,1,001c,15b0,1508438505,0,1,-17692232,1,0
137,137,0,5663,192,1,001c,161f,1508438505,0,1,-20741952,1,0
138,138,0,6083,1791,1,001c,17c3,1508438505,0,1,-21330177,1,0
139,139,0,7720,8284,1,001c,1e28,1508438505,0,1,-21389220,1,0
140,140,0,8307,11971,1,001c,2073,1508438505,0,1,-20861245,1,0
141,141,0,8881,1897,1,001c,22b1,1508438505,0,1,-17954967,1,0
142,142,0,10444,13822,1,001c,28cc,1508438505,0,1,-16910850,1,0
143,143,0,10800,15929,1,001c,2a30,1508438505,0,1,-15712711,1,0
144,144,0,10828,2846,1,001c,2a4c,1508438505,0,1,-12612834,1,0
145,145,0,10628,13082,1,001c,2984,1508438505,0,1,-11865318,1,0
146,146,0,9142,8969,1,001c,23b6,1508438505,0,1,-11623671,1,0
147,147,0,8546,15936,1,001c,2162,1508438505,0,1,-11977152,1,0
148,148,0,7935,8522,1,001c,1eff,1508438505,0,1,-12885686,1,0
149,149,0,7364,7384,1,001c,1cc4,1508438505,0,1,-16311080,1,0
150,150,0,5878,3002,1,001c,16f6,1508438505,0,1,-17626182,1,0
151,151,0,5556,7025,1,001c,15b4,1508438505,0,1,-19227791,1,0
152,152,0,5563,3796,1,001c,15bb,1508438505,0,1,-22835500,1,0
153,153,0,5879,1840,1,001c,16f7,1508438505,0,1,-23509200,1,0
154,154,0,7933,5620,1,001c,1cfd,1508438505,0,1,-23849484,1,0
155,155,0,8073,15120,1,001c,1f89,1508438505,0,1,-23626992,1,0
156,156,0,16264,9574,1,001c,3f88,1508438505,0,1,-20519578,1,0
157,157,0,9160,5668,1,001c,23c8,1508438505,0,1,-19376604,1,0
158,158,0,11237,5024,1,001c,2be5,1508438505,0,1,-18082912,1,0
159,159,0,11245,8291,1,001c,2bed,1508438505,0,1,-16785309,1,0
160,160,0,10957,14940,1,001c,2bdd,1508438505,0,1,-13256100,1,0
161,161,0,10737,4477,1,001c,29f1,1508438505,0,1,-12742275,1,0
162,162,0,10431,10433,1,001c,28bf,1508438505,0,1,-12851007,1,0
163,163,0,8900,16355,1,001c,22c4,1508438505,0,1,-13303837,1,0
164,164,0,8331,13567,1,001c,208b,1508438505,0,1,-16632577,1,0
165,165,0,7595,8192,1,001c,1dab,1508438505,0,1,-18210816,1,0
166,166,0,6056,3770,1,001c,17a8,1508438505,0,1,-19738950,1,0
167,167,0,5725,9732,1,001c,165d,1508438505,0,1,-21010940,1,0
168,168,0,5588,1406,1,001c,15d4,1508438505,0,1,-24558210,1,0
169,169,0,5651,2842,1,001c,1613,1508438505,0,1,-25130214,1,0
170,170,0,5988,2136,1,001c,1764,1508438505,0,1,-24999848,1,0
171,171,0,7597,16047,1,001c,1dad,1508438505,0,1,-24428881,1,0
172,172,0,8239,4175,1,001c,202f,1508438505,0,1,-20967345,1,0
173,173,0,8888,15612,1,001c,22b8,1508438505,0,1,-19530500,1,0
174,174,0,10419,9492,1,001c,28b3,1508438505,0,1,-17865452,1,0
175,175,0,10659,3288,1,001c,29a3,1508438505,0,1,-14267176,1,0
176,176,0,10812,8253,1,001c,2a3c,1508438505,0,1,-13410243,1,0
177,177,0,10699,5684,1,001c,29cb,1508438505,0,1,-12921292,1,0
178,178,0,10270,15593,1,001c,281e,1508438505,0,1,-13107991,1,0
179,179,0,8618,2338,1,001c,21aa,1508438505,0,1,-13924062,1,0
180,180,0,7992,2163,1,001c,1f38,1508438505,0,1,-17594253,1,0
181,181,0,7403,7768,1,001c,1ceb,1508438505,0,1,-18817448,1,0
182,182,0,5875,10372,1,001c,16f3,1508438505,0,1,-20273020,1,0
183,183,0,5617,4352,1,001c,15f1,1508438505,0,1,-23867136,1,0
184,184,0,5584,3988,1,001c,15d0,1508438505,0,1,-24522860,1,0
185,185,0,5781,6848,1,001c,1695,1508438505,0,1,-24798528,1,0
186,186,0,7267,1385,1,001c,1c63,1508438505,0,1,-24361623,1,0
187,187,0,7911,13854,1,001c,1ee7,1508438505,0,1,-23251426,1,0
188,188,0,8539,2168,1,001c,215b,1508438505,0,1,-19609480,1,0
189,189,0,9118,15891,1,001c,239e,1508438505,0,1,-18121197,1,0
190,190,0,11260,10344,1,001c,29fc,1508438505,0,1,-16635800,1,0
191,191,0,11064,1304,1,001c,2a38,1508438505,0,1,-13138664,1,0
192,192,0,10812,2748,1,001c,2a3c,1508438505,0,1,-12334404,1,0
193,193,0,10973,8314,1,001c,2add,1508438505,0,1,-12214150,1,0
194,194,0,11221,4392,1,001c,2bd5,1508438505,0,1,-12463832,1,0
195,195,0,8963,9550,1,001c,2313,1508438505,0,1,-15555250,1,0
196,196,0,8380,1845,1,001c,24bc,1508438505,0,1,-16726219,1,0
197,197,0,7773,5738,1,001c,1f5d,1508438505,0,1,-17787286,1,0
198,198,0,6103,9593,1,001c,17d7,1508438505,0,1,-18815623,1,0
199,199,0,5732,11896,1,001c,1664,1508438505,0,1,-21877128,1,0
200,200,0,5555,4968,1,001c,15b3,1508438505,0,1,-22113432,1,0
201,201,0,5649,12858,1,001c,1611,1508438505,0,1,-21712326,1,0
202,202,0,5981,2727,1,001c,175d,1508438505,0,1,-20952409,1,0
203,203,0,7522,9898,1,001c,1d62,1508438505,0,1,-17766742,1,0
204,204,0,8181,13012,1,001c,1ff5,1508438505,0,1,-16321836,1,0
205,205,0,8832,14477,1,001c,2280,1508438505,0,1,-14796659,1,0
206,206,0,10385,8994,1,001c,2891,1508438505,0,1,-13606110,1,0
207,207,0,10686,1167,1,001c,29be,1508438505,0,1,-10681201,1,0
208,208,0,10811,9868,1,001c,2a3b,1508438505,0,1,-9951604,1,0
209,209,0,10691,11238,1,001c,29c3,1508438505,0,1,-10015770,1,0
210,210,0,10277,3632,1,001c,2825,1508438505,0,1,-10465744,1,0
211,211,0,8684,5704,1,001c,21ec,1508438505,0,1,-12741048,1,0
212,212,0,8072,3519,1,001c,1f88,1508438505,0,1,-13480513,1,0
213,213,0,7482,6250,1,001c,1d3a,1508438505,0,1,-14247830,1,0
214,214,0,5932,6032,1,001c,172c,1508438505,0,1,-16345200,1,0
215,215,0,5625,5912,1,001c,15f9,1508438505,0,1,-16541928,1,0
216,216,0,5554,5920,1,001c,15b2,1508438505,0,1,-16328928,1,0
217,217,0,5767,9632,1,001c,1687,1508438505,0,1,-15686240,1,0
218,218,0,7247,9076,1,001c,1c4f,1508438505,0,1,-14572684,1,0
219,219,0,7840,7292,1,001c,1ea0,1508438505,0,1,-11936644,1,0
220,220,0,8469,9226,1,001c,2115,1508438505,0,1,-10787830,1,0
221,221,0,9037,15144,1,001c,234d,1508438505,0,1,-9553112,1,0
222,222,0,10576,1024,1,001c,2950,1508438505,0,1,-7257088,1,0
223,223,0,10826,8644,1,001c,2a4a,1508438505,0,1,-6610492,1,0
224,224,0,10816,5685,1,001c,2a40,1508438505,0,1,-6138315,1,0
225,225,0,10991,5099,1,001c,28ef,1508438505,0,1,-6024213,1,0
226,226,0,11199,7532,1,001c,23bf,1508438505,0,1,-7152276,1,0
227,227,0,9023,12264,1,001c,233f,1508438505,0,1,-7278616,1,0
228,228,0,12087,9508,1,001c,3f35,1508438505,0,1,-7363292,1,0
229,229,0,7735,11468,1,001c,1e37,1508438505,0,1,-7312180,1,0
230,230,0,7806,13392,1,001c,1e7e,1508438505,0,1,-7932848,1,0
231,231,0,5753,7265,1,001c,1679,1508438505,0,1,-7398303,1,0
232,232,0,5508,14366,1,001c,1784,1508438505,0,1,-6703074,1,0
233,233,0,5710,5331,1,001c,174e,1508438505,0,1,-5860141,1,0
234,234,0,5986,6212,1,001c,1762,1508438505,0,1,-4417468,1,0
235,235,0,7458,13848,1,001c,1d22,1508438505,0,1,-3492328,1,0
236,236,0,8080,7723,1,001c,1f90,1508438505,0,1,-2662869,1,0
237,237,0,8766,11907,1,001c,223e,1508438505,0,1,-1954173,1,0
238,238,0,10359,3447,1,001c,2877,1508438505,0,1,-1110665,1,0
239,239,0,10669,5592,1,001c,29ad,1508438505,0,1,-633384,1,0
240,240,0,10828,10744,1,001c,2a4c,1508438505,0,1,-202248,1,0
241,241,0,10712,2501,1,001c,29d8,1508438505,0,1,264645,1,0
242,242,0,10327,15274,1,001c,2857,1508438505,0,1,932778,1,0
243,243,0,8757,5678,1,001c,2235,1508438505,0,1,1693230,1,0
244,244,0,8154,14136,1,001c,1fda,1508438505,0,1,2570040,1,0
245,245,0,7468,870,1,001c,1d2c,1508438505,0,1,3916646,1,0
246,246,0,5970,6030,1,001c,1752,1508438505,0,1,5003150,1,0
247,247,0,5704,15040,1,001c,1648,1508438505,0,1,6077120,1,0
248,248,0,5556,1296,1,001c,15b4,1508438505,0,1,6997264,1,0
249,249,0,5720,5061,1,001c,1658,1508438505,0,1,7721925,1,0
250,250,0,7180,6592,1,001c,1c0c,1508438505,0,1,7412160,1,0
251,251,0,7810,2336,1,001c,1e82,1508438505,0,1,7686432,1,0
252,252,0,8378,6722,1,001c,20ba,1508438505,0,1,7789122,1,0
253,253,0,8965,11054,1,001c,2305,1508438505,0,1,6859566,1,0
254,254,0,10541,5944,1,001c,292d,1508438505,0,1,7067448,1,0
255,255,0,10770,4774,1,001c,2a12,1508438505,0,1,7393958,1,0
256,256,0,10804,14341,1,001c,2a34,1508438505,0,1,8206341,1,0
257,257,0,10588,2982,1,001c,295c,1508438505,0,1,9456550,1,0
258,258,0,9084,14874,1,001c,237c,1508438505,0,1,12761626,1,0
259,259,0,8476,2352,1,001c,211c,1508438505,0,1,14649648,1,0
260,260,0,7867,15407,1,001c,1ebb,1508438505,0,1,16792623,1,0
261,261,0,7807,16240,1,001c,1c6f,1508438505,0,1,20840304,1,0
262,262,0,7869,13883,1,001c,16bd,1508438505,0,1,22656571,1,0
263,263,0,6069,14155,1,001c,17b5,1508438505,0,1,23983947,1,0
264,264,0,5628,5792,1,001c,15fc,1508438505,0,1,24843936,1,0
265,265,0,6136,11524,1,001c,17f8,1508438505,0,1,22572292,1,0
266,266,0,8185,6767,1,001c,1ff8,1508438505,0,1,22092399,1,0
267,267,0,8185,4250,1,001c,1ff9,1508438505,0,1,21401754,1,0
268,268,0,8014,11884,1,001c,1f4e,1508438505,0,1,20721260,1,0
269,269,0,8689,8139,1,001c,21f1,1508438505,0,1,17194955,1,0
270,270,0,10242,4179,1,001c,2802,1508438505,0,1,17272915,1,0
271,271,0,10694,5775,1,001c,29c6,1508438505,0,1,18110095,1,0
272,272,0,10842,3528,1,001c,2a5a,1508438505,0,1,19500488,1,0
273,273,0,10716,1946,1,001c,29dc,1508438505,0,1,25347994,1,0
274,274,0,10354,943,1,001c,2872,1508438505,0,1,28885935,1,0
275,275,0,8822,2138,1,001c,2276,1508438505,0,1,32458842,1,0
276,276,0,8240,4160,1,001c,2030,1508438505,0,1,35573824,1,0
277,277,0,7534,2681,1,001c,1d6e,1508438505,0,1,42633849,1,0
278,278,0,6009,10144,1,001c,1779,1508438505,0,1,45164448,1,0
279,279,0,5699,7108,1,001c,1643,1508438505,0,1,46504900,1,0
280,280,0,5564,6738,1,001c,15bc,1508438505,0,1,46406226,1,0
281,281,0,5659,15664,1,001c,161b,1508438505,0,1,41041200,1,0
282,282,0,6132,3308,1,001c,17f4,1508438505,0,1,39210220,1,0
283,283,0,7736,4352,1,001c,1e38,1508438505,0,1,37327104,1,0
284,284,0,8334,4968,1,001c,208e,1508438505,0,1,30806888,1,0
285,285,0,8952,6519,1,001c,22f8,1508438505,0,1,29743479,1,0
286,286,0,10468,7712,1,001c,28e4,1508438505,0,1,29564448,1,0
287,287,0,10749,12485,1,001c,29fd,1508438505,0,1,31142085,1,0
288,288,0,10828,4416,1,001c,2a4c,1508438505,0,1,34312512,1,0
289,289,0,10627,4166,1,001c,2983,1508438505,0,1,44322886,1,0
290,290,0,9164,5045,1,001c,23cc,1508438505,0,1,49337269,1,0
291,291,0,8479,10908,1,001c,211f,1508438505,0,1,54553244,1,0
292,292,0,7920,3277,1,001c,1ef0,1508438505,0,1,65653965,1,0
293,293,0,7374,1100,1,001c,1cce,1508438505,0,1,69321804,1,0
294,294,0,5846,3184,1,001c,16d6,1508438505,0,1,71912560,1,0
295,295,0,5551,12749,1,001c,15af,1508438505,0,1,72233421,1,0
296,296,0,5563,15099,1,001c,15bb,1508438505,0,1,63912699,1,0
297,297,0,6143,6012,1,001c,16ff,1508438505,0,1,61429628,1,0
298,298,0,7902,14868,1,001c,1cde,1508438505,0,1,58735124,1,0
299,299,0,8150,622,1,001c,1fd6,1508438505,0,1,55329390,1,0
300,300,0,8060,11933,1,001c,3f7c,1508438505,0,1,44789405,1,0
301,301,0,9215,796,1,001c,23ff,1508438505,0,1,43926300,1,0
302,302,0,11215,9402,1,001c,2bcf,1508438505,0,1,45081786,1,0
303,303,0,10698,2768,1,001c,2bca,1508438505,0,1,47450832,1,0
304,304,0,10848,3838,1,001c,2a60,1508438505,0,1,61034238,1,0
305,305,0,10774,7304,1,001c,2a16,1508438505,0,1,67755144,1,0
306,306,0,10428,2744,1,001c,28bc,1508438505,0,1,74599096,1,0
307,307,0,8854,10088,1,001c,2296,1508438505,0,1,81258344,1,0
308,308,0,8283,3210,1,001c,205b,1508438505,0,1,96652426,1,0
309,309,0,7648,10918,1,001c,1de0,1508438505,0,1,100149926,1,0
310,310,0,6075,3016,1,001c,17bb,1508438505,0,1,101354440,1,0
311,311,0,5665,1633,1,001c,1621,1508438505,0,1,101090913,1,0
312,312,0,5535,5369,1,001c,159f,1508438505,0,1,88544505,1,0
313,313,0,5689,9200,1,001c,1639,1508438505,0,1,83780592,1,0
314,314,0,6090,4138,1,001c,17ca,1508438505,0,1,78024746,1,0
315,315,0,7616,2490,1,001c,1dc0,1508438505,0,1,74746298,1,0
316,316,0,8261,15112,1,001c,2045,1508438505,0,1,60832520,1,0
317,317,0,8933,6925,1,001c,22e5,1508438505,0,1,59857677,1,0
318,318,0,10443,14017,1,001c,28cb,1508438505,0,1,62142145,1,0
319,319,0,10740,244,1,001c,29f4,1508438505,0,1,67158260,1,0
320,320,0,10850,15248,1,001c,2a62,1508438505,0,1,85900176,1,0
321,321,0,10686,7926,1,001c,29be,1508438505,0,1,94412534,1,0
322,322,0,9157,13104,1,001c,23c5,1508438505,0,1,104149808,1,0
323,323,0,8563,16208,1,001c,2173,1508438505,0,1,124583760,1,0
324,324,0,7975,9343,1,001c,1f27,1508438505,0,1,130147455,1,0
325,325,0,7401,2757,1,001c,1ce9,1508438505,0,1,133647045,1,0
326,326,0,5873,4302,1,001c,16f1,1508438505,0,1,134385870,1,0
327,327,0,5597,12064,1,001c,15dd,1508438505,0,1,130887456,1,0
328,328,0,5587,5090,1,001c,15d3,1508438505,0,1,112808930,1,0
329,329,0,5784,11946,1,001c,1698,1508438505,0,1,106180266,1,0
330,330,0,7299,12500,1,001c,1c83,1508438505,0,1,98971860,1,0
331,331,0,7934,14147,1,001c,1eff,1508438505,0,1,80246595,1,0
332,332,0,8575,2083,1,001c,216f,1508438505,0,1,77645859,1,0
333,333,0,9151,7651,1,001c,23bf,1508438505,0,1,77602275,1,0
334,334,0,11259,7729,1,001c,2bfb,1508438505,0,1,81698353,1,0
335,335,0,11131,10658,1,001c,2b3b,1508438505,0,1,104393122,1,0
336,336,0,11263,2218,1,001c,2bff,1508438505,0,1,114559146,1,0
337,337,0,10751,12221,1,001c,29ff,1508438505,0,1,125104061,1,0
338,338,0,11249,13600,1,001c,2bf1,1508438505,0,1,136213792,1,0
339,339,0,9089,12024,1,001c,2381,1508438505,0,1,161836792,1,0
340,340,0,8323,7020,1,001c,2483,1508438505,0,1,166779756,1,0
341,341,0,7653,10456,1,001c,1de5,1508438505,0,1,168175832,1,0
342,342,0,6110,2622,1,001c,17de,1508438505,0,1,167201342,1,0
343,343,0,5750,10341,1,001c,1676,1508438505,0,1,145844325,1,0
344,344,0,5566,12280,1,001c,15be,1508438505,0,1,136572920,1,0
345,345,0,5650,8729,1,001c,1612,1508438505,0,1,127443481,1,0
346,346,0,5988,5114,1,001c,1764,1508438505,0,1,121000954,1,0
347,347,0,7576,2676,1,001c,1d98,1508438505,0,1,96832116,1,0
348,348,0,8176,13876,1,001c,1ff0,1508438505,0,1,94320180,1,0
349,349,0,8853,7520,1,001c,2295,1508438505,0,1,98180448,1,0
350,350,0,10378,14144,1,001c,288a,1508438505,0,1,104380224,1,0
351,351,0,10687,13905,1,001c,29bf,1508438505,0,1,133084753,1,0
352,352,0,10851,8456,1,001c,2a63,1508438505,0,1,145694984,1,0
353,353,0,10695,1022,1,001c,29c7,1508438505,0,1,159515646,1,0
354,354,0,10271,1417,1,001c,281f,1508438505,0,1,189023625,1,0
355,355,0,8680,9160,1,001c,21e8,1508438505,0,1,198681544,1,0
356,356,0,8039,9016,1,001c,1f67,1508438505,0,1,204317496,1,0
357,357,0,7412,6518,1,001c,1cf4,1508438505,0,1,202922358,1,0
358,358,0,5924,7528,1,001c,1724,1508438505,0,1,197401960,1,0
359,359,0,5628,8452,1,001c,15fc,1508438505,0,1,170451204,1,0
360,360,0,5573,9266,1,001c,15c5,1508438505,0,1,160179250,1,0
361,361,0,5727,3211,1,001c,165f,1508438505,0,1,147934347,1,0
362,362,0,7207,11355,1,001c,1c27,1508438505,0,1,119532635,1,0
363,363,0,7861,16122,1,001c,1eb5,1508438505,0,1,114491130,1,0
364,364,0,8472,4988,1,001c,2118,1508438505,0,1,113038204,1,0
365,365,0,9041,10867,1,001c,2351,1508438505,0,1,118385267,1,0
366,366,0,10596,10405,1,001c,2964,1508438505,0,1,151054501,1,0
367,367,0,10794,3568,1,001c,2a2a,1508438505,0,1,164138480,1,0
368,368,0,10763,13651,1,001c,2a0b,1508438505,0,1,178468179,1,0
369,369,0,11071,960,1,001c,293f,1508438505,0,1,193119168,1,0
370,370,0,11068,8316,1,001c,2b3c,1508438505,0,1,229007484,1,0
371,371,0,9198,9104,1,001c,23ee,1508438505,0,1,236250000,1,0
372,372,0,11982,6416,1,001c,3ece,1508438505,0,1,238410000,1,0
373,373,0,7797,2044,1,001c,1e74,1508438505,0,1,235669500,1,0
374,374,0,7807,5178,1,001c,1e7d,1508438505,0,1,203740218,1,0
375,375,0,5759,224,1,001c,167f,1508438505,0,1,192250080,1,0
376,376,0,5539,15156,1,001c,15a3,1508438505,0,1,179125044,1,0
377,377,0,5652,12392,1,001c,1614,1508438505,0,1,167882856,1,0
378,378,0,5985,13042,1,001c,1761,1508438505,0,1,133739250,1,0
379,379,0,7481,3247,1,001c,1d39,1508438505,0,1,130469039,1,0
380,380,0,8160,14384,1,001c,1fe0,1508438505,0,1,132790320,1,0
381,381,0,8803,8516,1,001c,2263,1508438505,0,1,140828996,1,0
382,382,0,10331,6122,1,001c,285b,1508438505,0,1,177559530,1,0
383,383,0,10699,16350,1,001c,29cb,1508438505,0,1,195624926,1,0
384,384,0,10844,10239,1,001c,2a5c,1508438505,0,1,212494335,1,0
385,385,0,10700,14411,1,001c,29cc,1508438505,0,1,251934795,1,0
386,386,0,10300,3141,1,001c,283c,1508438505,0,1,263949381,1,0
387,387,0,8776,1747,1,001c,2248,1508438505,0,1,270452435,1,0
388,388,0,8121,89,1,001c,1fb9,1508438505,0,1,269910105,1,0
389,389,0,7443,4016,1,001c,1d13,1508438505,0,1,262164400,1,0
390,390,0,5984,3616,1,001c,1760,1508438505,0,1,224562720,1,0
391,391,0,5682,16162,1,001c,1632,1508438505,0,1,210960162,1,0
392,392,0,5546,14800,1,001c,15aa,1508438505,0,1,194984400,1,0
393,393,0,5713,4274,1,001c,1651,1508438505,0,1,156782770,1,0
394,394,0,7197,15079,1,001c,1c1d,1508438505,0,1,149469927,1,0
395,395,0,7800,4905,1,001c,1e78,1508438505,0,1,145543977,1,0
396,396,0,8385,9,1,001c,20c1,1508438505,0,1,151207945,1,0
397,397,0,9028,14848,1,001c,2344,1508438505,0,1,163740160,1,0
398,398,0,10570,9661,1,001c,294a,1508438505,0,1,207218109,1,0
399,399,0,10773,2576,1,001c,2a15,1508438505,0,1,225397264,1,0
400,400,0,10766,6192,1,001c,2a0e,1508438505,0,1,244045872,1,0
401,401,0,10543,10103,1,001c,292f,1508438505,0,1,286664567,1,0
402,402,0,9087,13022,1,001c,237f,1508438505,0,1,296022750,1,0
403,403,0,8477,15254,1,001c,211d,1508438505,0,1,299826070,1,0
404,404,0,8061,15285,1,001c,1e65,1508438505,0,1,295861173,1,0
405,405,0,7803,12005,1,001c,1c7b,1508438505,0,1,254537445,1,0
406,406,0,7903,4681,1,001c,1e9b,1508438505,0,1,239587913,1,0
407,407,0,6134,1787,1,001c,17f6,1508438505,0,1,224446203,1,0
408,408,0,6099,9434,1,001c,17d3,1508438505,0,1,208233690,1,0
409,409,0,5927,2819,1,001c,1727,1508438505,0,1,165513987,1,0
410,410,0,8182,14708,1,001c,1ff6,1508438505,0,1,160627060,1,0
411,411,0,7926,14429,1,001c,1ff6,1508438505,0,1,162084957,1,0
412,412,0,8052,650,1,001c,1f74,1508438505,0,1,169656970,1,0
413,413,0,8737,3860,1,001c,2221,1508438505,0,1,214617876,1,0
414,414,0,10280,6340,1,001c,2828,1508438505,0,1,233806020,1,0
415,415,0,10683,640,1,001c,29bb,1508438505,0,1,253821568,1,0
416,416,0,10809,16225,1,001c,2a39,1508438505,0,1,271122273,1,0
417,417,0,10701,11337,1,001c,29cd,1508438505,0,1,315763785,1,0
418,418,0,10354,4131,1,001c,2872,1508438505,0,1,324259875,1,0
419,419,0,8818,1555,1,001c,2272,1508438505,0,1,321177107,1,0
420,420,0,8186,10302,1,001c,1ffa,1508438505,0,1,312715326,1,0
421,421,0,7497,6706,1,001c,1d49,1508438505,0,1,268589618,1,0
422,422,0,6002,14076,1,001c,1772,1508438505,0,1,249837308,1,0
423,423,0,5665,16248,1,001c,1621,1508438505,0,1,230948728,1,0
424,424,0,5540,3460,1,001c,15a4,1508438505,0,1,186043780,1,0
425,425,0,5720,8778,1,001c,1658,1508438505,0,1,174301770,1,0
426,426,0,6134,248,1,001c,17f6,1508438505,0,1,170361080,1,0
427,427,0,7695,6512,1,001c,1e0f,1508438505,0,1,174823792,1,0
428,428,0,8319,3318,1,001c,207f,1508438505,0,1,187501814,1,0
429,429,0,8965,6416,1,001c,2305,1508438505,0,1,236935440,1,0
430,430,0,10566,12814,1,001c,2946,1508438505,0,1,258781710,1,0
431,431,0,10739,13945,1,001c,29f3,1508438505,0,1,278460025,1,0
432,432,0,10812,13828,1,001c,2a3c,1508438505,0,1,325727748,1,0
433,433,0,10616,14770,1,001c,2978,1508438505,0,1,336705970,1,0
434,434,0,9118,10542,1,001c,239e,1508438505,0,1,341911854,1,0
435,435,0,8531,6880,1,001c,2153,1508438505,0,1,337222368,1,0
436,436,0,7912,9538,1,001c,1ee8,1508438505,0,1,290874690,1,0
437,437,0,7280,3272,1,001c,1c70,1508438505,0,1,273108168,1,0
438,438,0,5790,7273,1,001c,169e,1508438505,0,1,253549673,1,0
439,439,0,5590,13410,1,001c,15d6,1508438505,0,1,233976930,1,0
440,440,0,5907,15678,1,001c,1607,1508438505,0,1,187727166,1,0
441,441,0,5841,8682,1,001c,16d1,1508438505,0,1,180658666,1,0
442,442,0,7891,786,1,001c,1ed3,1508438505,0,1,179094290,1,0
443,443,0,8155,11622,1,001c,1fdb,1508438505,0,1,185511270,1,0
444,444,0,8027,7088,1,001c,1f5b,1508438505,0,1,236542896,1,0
445,445,0,9195,4667,1,001c,23eb,1508438505,0,1,257184315,1,0
446,446,0,11243,6064,1,001c,2beb,1508438505,0,1,276633520,1,0
447,447,0,10729,11693,1,001c,2be9,1508438505,0,1,295284141,1,0
448,448,0,10824,6362,1,001c,2a48,1508438505,0,1,344463578,1,0
449,449,0,10749,6070,1,001c,29fd,1508438505,0,1,351033270,1,0
450,450,0,10436,1493,1,001c,28c4,1508438505,0,1,350176725,1,0
451,451,0,8878,5569,1,001c,22ae,1508438505,0,1,340760001,1,0
452,452,0,8228,2220,1,001c,2024,1508438505,0,1,290965676,1,0
453,453,0,7614,5342,1,001c,1dbe,1508438505,0,1,270947550,1,0
454,454,0,6072,9236,1,001c,17b8,1508438505,0,1,249127956,1,0
455,455,0,5690,92,1,001c,163a,1508438505,0,1,200015964,1,0
456,456,0,5531,11796,1,001c,159b,1508438505,0,1,186658324,1,0
457,457,0,5688,10609,1,001c,1638,1508438505,0,1,181610865,1,0
458,458,0,6074,6634,1,001c,17ba,1508438505,0,1,185801194,1,0
459,459,0,7653,9461,1,001c,1de5,1508438505,0,1,197633269,1,0
460,460,0,8296,4120,1,001c,2068,1508438505,0,1,247058456,1,0
461,461,0,8896,16134,1,001c,22c0,1508438505,0,1,269172486,1,0
462,462,0,10380,13644,1,001c,288c,1508438505,0,1,290846028,1,0
463,463,0,10736,5968,1,001c,29f0,1508438505,0,1,341301072,1,0
464,464,0,10846,5698,1,001c,2a5e,1508438505,0,1,350148162,1,0
465,465,0,10650,5840,1,001c,299a,1508438505,0,1,354768592,1,0
466,466,0,9131,8098,1,001c,23ab,1508438505,0,1,349167522,1,0
467,467,0,8593,1896,1,001c,2191,1508438505,0,1,335611752,1,0
468,468,0,8012,8704,1,001c,1f4c,1508438505,0,1,284942848,1,0
469,469,0,7395,15572,1,001c,1ce3,1508438505,0,1,262700244,1,0
470,470,0,5862,9440,1,001c,16e6,1508438505,0,1,241755360,1,0
471,471,0,5583,708,1,001c,15cf,1508438505,0,1,190972612,1,0
472,472,0,5580,4440,1,001c,15cc,1508438505,0,1,183685464,1,0
473,473,0,5825,6748,1,001c,16c1,1508438505,0,1,181901916,1,0
474,474,0,7315,10903,1,001c,1c93,1508438505,0,1,187902615,1,0
475,475,0,7915,6564,1,001c,1eeb,1508438505,0,1,235788708,1,0
476,476,0,12283,1578,1,001c,21fb,1508438505,0,1,255936042,1,0
477,477,0,9147,16137,1,001c,23bb,1508438505,0,1,275169033,1,0
478,478,0,11194,102,1,001c,2bba,1508438505,0,1,296763494,1,0
479,479,0,11196,4492,1,001c,2bbc,1508438505,0,1,343134604,1,0
480,480,0,11262,15027,1,001c,2bfe,1508438505,0,1,347912883,1,0
481,481,0,10742,8778,1,001c,29f6,1508438505,0,1,348054090,1,0
482,482,0,10998,3778,1,001c,2af6,1508438505,0,1,340266690,1,0
483,483,0,8947,12477,1,001c,22f3,1508438505,0,1,290042045,1,0
484,484,0,8295,11203,1,001c,2067,1508438505,0,1,269200323,1,0
485,485,0,7627,15500,1,001c,1dcb,1508438505,0,1,247413900,1,0
486,486,0,6095,15228,1,001c,17cf,1508438505,0,1,231291772,1,0
487,487,0,5712,89,1,001c,1650,1508438505,0,1,182517849,1,0
488,488,0,5564,8356,1,001c,15bc,1508438505,0,1,177627300,1,0
489,489,0,5674,15935,1,001c,162a,1508438505,0,1,181452351,1,0
490,490,0,6002,9674,1,001c,1772,1508438505,0,1,187753930,1,0
491,491,0,7561,12611,1,001c,1d89,1508438505,0,1,236695875,1,0
492,492,0,8201,1760,1,001c,2009,1508438505,0,1,257378016,1,0
493,493,0,8874,14326,1,001c,22aa,1508438505,0,1,276641782,1,0
494,494,0,10379,415,1,001c,288b,1508438505,0,1,324485535,1,0
495,495,0,10681,9698,1,001c,29b9,1508438505,0,1,335783394,1,0
496,496,0,10897,6387,1,001c,2a91,1508438505,0,1,338368755,1,0
497,497,0,10659,3696,1,001c,29a3,1508438505,0,1,332336752,1,0
498,498,0,10240,15110,1,001c,2800,1508438505,0,1,320322310,1,0
499,499,0,8648,11872,1,001c,21c8,1508438505,0,1,270839392,1,0
500,500,0,8041,13228,1,001c,1f69,1508438505,0,1,250360748,1,0
501,501,0,7415,4920,1,001c,1cf7,1508438505,0,1,227906360,1,0
502,502,0,5896,13612,1,001c,1708,1508438505,0,1,182695212,1,0
503,503,0,5652,3752,1,001c,1614,1508438505,0,1,173559464,1,0
504,504,0,5555,3344,1,001c,15b3,1508438505,0,1,168725776,1,0
505,505,0,5769,9180,1,001c,1689,1508438505,0,1,173728732,1,0
506,506,0,7284,5122,1,001c,1c74,1508438505,0,1,218125314,1,0
507,507,0,7874,8078,1,001c,1ec2,1508438505,0,1,233349006,1,0
508,508,0,8500,13342,1,001c,2134,1508438505,0,1,252163102,1,0
509,509,0,9080,2722,1,001c,2378,1508438505,0,1,268651170,1,0
510,510,0,10611,5583,1,001c,2973,1508438505,0,1,313447887,1,0
511,511,0,10811,16058,1,001c,2a1b,1508438505,0,1,318275258,1,0
512,512,0,10779,16296,1,001c,2a1b,1508438505,0,1,317718440,1,0
513,513,0,11065,6625,1,001c,2939,1508438505,0,1,310188513,1,0
514,514,0,11071,15156,1,001c,2b3f,1508438505,0,1,263846708,1,0
515,515,0,9151,11854,1,001c,23bf,1508438505,0,1,262598222,1,0
516,516,0,11950,14499,1,001c,2eae,1508438505,0,1,244644003,1,0
517,517,0,7711,5758,1,001c,1e1f,1508438505,0,1,224843390,1,0
518,518,0,7799,13847,1,001c,1e77,1508438505,0,1,207271447,1,0
519,519,0,5751,7362,1,001c,1777,1508438505,0,1,163388610,1,0
520,520,0,5571,6839,1,001c,15c3,1508438505,0,1,157981367,1,0
521,521,0,5645,9201,1,001c,160d,1508438505,0,1,158721009,1,0
522,522,0,5948,853,1,001c,173c,1508438505,0,1,166265685,1,0
523,523,0,7497,6276,1,001c,1d49,1508438505,0,1,207100036,1,0
524,524,0,8169,13826,1,001c,1fe9,1508438505,0,1,224163330,1,0
525,525,0,8822,15120,1,001c,2276,1508438505,0,1,240122640,1,0
526,526,0,10329,1357,1,001c,2859,1508438505,0,1,281134413,1,0
527,527,0,10698,4000,1,001c,29ca,1508438505,0,1,292245408,1,0
528,528,0,10830,10856,1,001c,2a4e,1508438505,0,1,292973160,1,0
529,529,0,10718,15575,1,001c,29de,1508438505,0,1,286964951,1,0
530,530,0,10311,13280,1,001c,2847,1508438505,0,1,276739040,1,0
531,531,0,8725,6674,1,001c,2215,1508438505,0,1,234445330,1,0
532,532,0,8085,2083,1,001c,1f95,1508438505,0,1,215664675,1,0
533,533,0,7460,8679,1,001c,1d24,1508438505,0,1,196436455,1,0
534,534,0,5961,10780,1,001c,1749,1508438505,0,1,156314140,1,0
535,535,0,5663,9148,1,001c,161f,1508438505,0,1,146858940,1,0
536,536,0,5548,12692,1,001c,15ac,1508438505,0,1,142078356,1,0
537,537,0,5756,12896,1,001c,167c,1508438505,0,1,146469472,1,0
538,538,0,7183,11246,1,001c,1c0f,1508438505,0,1,154938350,1,0
539,539,0,7816,1265,1,001c,1e88,1508438505,0,1,193676529,1,0
540,540,0,8454,2053,1,001c,2106,1508438505,0,1,207800325,1,0
541,541,0,9047,779,1,001c,2357,1508438505,0,1,223265547,1,0
542,542,0,10561,2047,1,001c,2941,1508438505,0,1,258525183,1,0
543,543,0,10757,5992,1,001c,2a05,1508438505,0,1,261035880,1,0
544,544,0,10791,5743,1,001c,2a27,1508438505,0,1,262100591,1,0
545,545,0,10576,3422,1,001c,2950,1508438505,0,1,255118686,1,0
546,546,0,9073,16251,1,001c,2371,1508438505,0,1,216416123,1,0
547,547,0,8433,14681,1,001c,20f1,1508438505,0,1,200816985,1,0
548,548,0,7933,6844,1,001c,1efd,1508438505,0,1,185653948,1,0
549,549,0,7726,10050,1,001c,1e2e,1508438505,0,1,169092930,1,0
550,550,0,7806,15248,1,001c,1e7e,1508438505,0,1,133725072,1,0
551,551,0,6143,736,1,001c,17ff,1508438505,0,1,127877856,1,0
552,552,0,5591,8081,1,001c,17d7,1508438505,0,1,126934929,1,0
553,553,0,5871,14892,1,001c,16ef,1508438505,0,1,131152428,1,0
554,554,0,7916,4045,1,001c,1eec,1508438505,0,1,164990925,1,0
555,555,0,7364,8756,1,001c,1fc4,1508438505,0,1,177218100,1,0
556,556,0,8099,15517,1,001c,1fa3,1508438505,0,1,188628125,1,0
557,557,0,8759,174,1,001c,2237,1508438505,0,1,199639214,1,0
558,558,0,10289,6016,1,001c,2831,1508438505,0,1,229578624,1,0
559,559,0,10670,9561,1,001c,29ae,1508438505,0,1,229811545,1,0
560,560,0,10798,14853,1,001c,2a2e,1508438505,0,1,225753605,1,0
561,561,0,10711,7950,1,001c,29d7,1508438505,0,1,217079566,1,0
562,562,0,10354,10299,1,001c,2872,1508438505,0,1,183330875,1,0
563,563,0,8824,10972,1,001c,2278,1508438505,0,1,168504028,1,0
564,564,0,8162,16116,1,001c,1fe2,1508438505,0,1,153829108,1,0
565,565,0,7459,8843,1,001c,1d23,1508438505,0,1,121135755,1,0
566,566,0,6023,9728,1,001c,1787,1508438505,0,1,111699456,1,0
567,567,0,5699,11419,1,001c,1643,1508438505,0,1,108702875,1,0
568,568,0,5533,790,1,001c,159d,1508438505,0,1,111051542,1,0
569,569,0,5718,7140,1,001c,1656,1508438505,0,1,116988900,1,0
570,570,0,7168,11774,1,001c,1c00,1508438505,0,1,144928254,1,0
571,571,0,7709,11038,1,001c,1e1d,1508438505,0,1,156019486,1,0
572,572,0,8362,15016,1,001c,20aa,1508438505,0,1,166345384,1,0
573,573,0,9007,4243,1,001c,232f,1508438505,0,1,192073875,1,0
574,574,0,10535,9988,1,001c,2927,1508438505,0,1,194848516,1,0
575,575,0,10778,10064,1,001c,2a1a,1508438505,0,1,193996624,1,0
576,576,0,10808,5290,1,001c,2a38,1508438505,0,1,188224682,1,0
577,577,0,10586,14554,1,001c,295a,1508438505,0,1,160954586,1,0
578,578,0,9101,13984,1,001c,238d,1508438505,0,1,149124768,1,0
579,579,0,8526,2098,1,001c,214e,1508438505,0,1,135694386,1,0
580,580,0,7909,7728,1,001c,1ee5,1508438505,0,1,123428400,1,0
581,581,0,7258,3958,1,001c,1c5b,1508438505,0,1,98357110,1,0
582,582,0,5779,1221,1,001c,1693,1508438505,0,1,92816581,1,0
583,583,0,5589,12624,1,001c,15d5,1508438505,0,1,90354000,1,0
584,584,0,5629,16165,1,001c,15fd,1508438505,0,1,93388581,1,0
585,585,0,6143,2578,1,001c,17ff,1508438505,0,1,116918802,1,0
586,586,0,7935,3710,1,001c,1eff,1508438505,0,1,124817022,1,0
587,587,0,8125,13052,1,001c,1fbd,1508438505,0,1,132494076,1,0
588,588,0,7996,14328,1,001c,1f7c,1508438505,0,1,139409400,1,0
589,589,0,8679,3752,1,001c,21e7,1508438505,0,1,159927976,1,0
590,590,0,10391,13821,1,001c,2997,1508438505,0,1,160200189,1,0
591,591,0,10677,9392,1,001c,29b5,1508438505,0,1,157246640,1,0
592,592,0,10812,10481,1,001c,2a3c,1508438505,0,1,151316721,1,0
593,593,0,10706,15822,1,001c,29d2,1508438505,0,1,126303694,1,0
594,594,0,10423,8902,1,001c,28b7,1508438505,0,1,115794630,1,0
595,595,0,8905,12476,1,001c,22c9,1508438505,0,1,105623740,1,0
596,596,0,8246,6758,1,001c,2036,1508438505,0,1,97458790,1,0
597,597,0,7543,672,1,001c,1d77,1508438505,0,1,75891360,1,0
598,598,0,6020,588,1,001c,1784,1508438505,0,1,73105996,1,0
599,599,0,5723,7318,1,001c,165b,1508438505,0,1,73653398,1,0
600,600,0,5568,8424,1,001c,15c0,1508438505,0,1,76964072,1,0
601,601,0,5681,14140,1,001c,1631,1508438505,0,1,95205180,1,0
602,602,0,6063,683,1,001c,17af,1508438505,0,1,102056619,1,0
603,603,0,7676,13407,1,001c,1dfc,1508438505,0,1,107951199,1,0
604,604,0,8329,11272,1,001c,2089,1508438505,0,1,124152840,1,0
605,605,0,8939,8277,1,001c,22eb,1508438505,0,1,126361685,1,0
606,606,0,10446,9696,1,001c,28ce,1508438505,0,1,125543904,1,0
607,607,0,10753,9744,1,001c,2a01,1508438505,0,1,121120272,1,0
608,608,0,10836,4768,1,001c,2a54,1508438505,0,1,102945440,1,0
609,609,0,10615,5718,1,001c,2977,1508438505,0,1,95327830,1,0
610,610,0,9156,9125,1,001c,23c4,1508438505,0,1,86533029,1,0
611,611,0,8588,836,1,001c,218c,1508438505,0,1,78234436,1,0
612,612,0,7936,6102,1,001c,1f00,1508438505,0,1,61364182,1,0
613,613,0,7324,3566,1,001c,1c9c,1508438505,0,1,57331182,1,0
614,614,0,5849,16296,1,001c,16d9,1508438505,0,1,55984040,1,0
615,615,0,5624,10250,1,001c,15f8,1508438505,0,1,56944650,1,0
616,616,0,5578,15990,1,001c,15ca,1508438505,0,1,70172278,1,0
617,617,0,5807,4324,1,001c,16af,1508438505,0,1,74289380,1,0
618,618,0,7367,7432,1,001c,1cc7,1508438505,0,1,79125768,1,0
619,619,0,7965,10049,1,001c,1f1d,1508438505,0,1,83191617,1,0
620,620,0,16253,7484,1,001c,2b7d,1508438505,0,1,94100796,1,0
621,621,0,9207,3659,1,001c,23f7,1508438505,0,1,93589067,1,0
622,622,0,11255,11680,1,001c,2bf7,1508438505,0,1,92253600,1,0
623,623,0,11197,4244,1,001c,2bbd,1508438505,0,1,88051860,1,0
624,624,0,11246,10096,1,001c,2bee,1508438505,0,1,73475952,1,0
625,625,0,10700,5434,1,001c,29cc,1508438505,0,1,67114298,1,0
626,626,0,10437,10054,1,001c,2ac5,1508438505,0,1,60204870,1,0
627,627,0,8937,14399,1,001c,22e9,1508438505,0,1,46856255,1,0
628,628,0,8316,11424,1,001c,207c,1508438505,0,1,43216032,1,0
629,629,0,7645,9742,1,001c,1ddd,1508438505,0,1,40740366,1,0
630,630,0,7173,7048,1,001c,1c05,1508438505,0,1,40229768,1,0
631,631,0,5684,11352,1,001c,1634,1508438505,0,1,41200728,1,0
632,632,0,5532,7198,1,001c,159c,1508438505,0,1,50912286,1,0
633,633,0,5706,8946,1,001c,164a,1508438505,0,1,54272754,1,0
634,634,0,6062,1869,1,001c,17ae,1508438505,0,1,56985421,1,0
635,635,0,7569,3097,1,001c,1d91,1508438505,0,1,65326105,1,0
636,636,0,8240,1102,1,001c,2030,1508438505,0,1,65799246,1,0
637,637,0,8875,1022,1,001c,22ab,1508438505,0,1,64439294,1,0
638,638,0,10424,2092,1,001c,28b8,1508438505,0,1,62097452,1,0
639,639,0,10724,14400,1,001c,29e4,1508438505,0,1,58554432,1,0
640,640,0,10815,12605,1,001c,2a3f,1508438505,0,1,48279869,1,0
641,641,0,10635,8096,1,001c,298b,1508438505,0,1,43179936,1,0
642,642,0,9190,10695,1,001c,23e6,1508438505,0,1,38644167,1,0
643,643,0,8669,11601,1,001c,21dd,1508438505,0,1,29994321,1,0
644,644,0,8018,3008,1,001c,1f52,1508438505,0,1,27642816,1,0
645,645,0,7382,12177,1,001c,1cd6,1508438505,0,1,26521489,1,0
646,646,0,5879,12528,1,001c,16f7,1508438505,0,1,26358000,1,0
647,647,0,5612,12472,1,001c,15ec,1508438505,0,1,32157880,1,0
648,648,0,5570,14446,1,001c,15c2,1508438505,0,1,33536110,1,0
649,649,0,5815,15416,1,001c,16b7,1508438505,0,1,35273784,1,0
650,650,0,7306,11352,1,001c,1c8a,1508438505,0,1,36629592,1,0
651,651,0,7844,10066,1,001c,1ea4,1508438505,0,1,41101138,1,0
652,652,0,8532,14324,1,001c,2154,1508438505,0,1,40204276,1,0
653,653,0,9149,10096,1,001c,23bd,1508438505,0,1,39020400,1,0
654,654,0,10611,3855,1,001c,2977,1508438505,0,1,36769551,1,0
655,655,0,11063,5976,1,001c,2a37,1508438505,0,1,30234456,1,0
656,656,0,10807,14938,1,001c,2a37,1508438505,0,1,27179610,1,0
657,657,0,11007,13622,1,001c,2aff,1508438505,0,1,24130870,1,0
658,658,0,11261,16214,1,001c,2bfd,1508438505,0,1,21331798,1,0
659,659,0,9135,11678,1,001c,23af,1508438505,0,1,16280990,1,0
660,660,0,11967,9816,1,001c,2ebf,1508438505,0,1,15099480,1,0
661,661,0,7933,6138,1,001c,1ffd,1508438505,0,1,14604282,1,0
662,662,0,6138,15206,1,001c,17fa,1508438505,0,1,14564198,1,0
663,663,0,5708,3654,1,001c,164c,1508438505,0,1,17501766,1,0
664,664,0,5570,9753,1,001c,15c2,1508438505,0,1,18048537,1,0
665,665,0,5693,6795,1,001c,163d,1508438505,0,1,18307723,1,0
666,666,0,5975,11256,1,001c,1757,1508438505,0,1,20507640,1,0
667,667,0,7533,7471,1,001c,1d6d,1508438505,0,1,20159791,1,0
668,668,0,8167,14464,1,001c,1fe7,1508438505,0,1,19150976,1,0
669,669,0,8828,14378,1,001c,227c,1508438505,0,1,17709098,1,0
670,670,0,10352,4114,1,001c,2870,1508438505,0,1,16044050,1,0
671,671,0,10700,13787,1,001c,29cc,1508438505,0,1,12711387,1,0
672,672,0,10839,10088,1,001c,2a57,1508438505,0,1,10872680,1,0
673,673,0,10689,680,1,001c,29c1,1508438505,0,1,9257640,1,0
674,674,0,10262,15980,1,001c,2816,1508438505,0,1,6815340,1,0
675,675,0,8707,13692,1,001c,2203,1508438505,0,1,5862780,1,0
676,676,0,8090,5280,1,001c,1f9a,1508438505,0,1,5215392,1,0
677,677,0,7436,14784,1,001c,1d0c,1508438505,0,1,4831680,1,0
678,678,0,5943,13131,1,001c,1737,1508438505,0,1,5354315,1,0
679,679,0,5658,208,1,001c,161a,1508438505,0,1,5046480,1,0
680,680,0,5524,816,1,001c,1594,1508438505,0,1,4686640,1,0
681,681,0,5749,12262,1,001c,1675,1508438505,0,1,4222950,1,0
682,682,0,7252,2268,1,001c,1c54,1508438505,0,1,4016348,1,0
683,683,0,7810,14448,1,001c,1e82,1508438505,0,1,3176560,1,0
684,684,0,8467,68,1,001c,2113,1508438505,0,1,2261060,1,0
685,685,0,9057,1306,1,001c,2361,1508438505,0,1,1361178,1,0
686,686,0,10565,739,1,001c,2945,1508438505,0,1,475875,1,0
687,687,0,10758,512,1,001c,2a06,1508438505,0,1,-327168,1,0
688,688,0,10805,10050,1,001c,2a35,1508438505,0,1,-972990,1,0
689,689,0,10575,13899,1,001c,294f,1508438505,0,1,-1493429,1,0
690,690,0,9039,2368,1,001c,234f,1508438505,0,1,-1930944,1,0
691,691,0,9197,13205,1,001c,20ed,1508438505,0,1,-1985643,1,0
692,692,0,16109,1474,1,001c,1eed,1508438505,0,1,-2308670,1,0
693,693,0,7805,8376,1,001c,1e3d,1508438505,0,1,-2711368,1,0
694,694,0,7805,9882,1,001c,1e7d,1508438505,0,1,-3250534,1,0
695,695,0,6126,1052,1,001c,17ee,1508438505,0,1,-4602852,1,0
696,696,0,6092,13042,1,001c,17cc,1508438505,0,1,-5508366,1,0
697,697,0,5929,11520,1,001c,1729,1508438505,0,1,-6509312,1,0
698,698,0,5929,5350,1,001c,1f29,1508438505,0,1,-8350490,1,0
699,699,0,7474,1222,1,001c,1d72,1508438505,0,1,-9403194,1,0
700,700,0,8139,14145,1,001c,1fcb,1508438505,0,1,-10111167,1,0
701,701,0,8742,368,1,001c,2226,1508438505,0,1,-10649232,1,0
702,702,0,10270,7590,1,001c,281e,1508438505,0,1,-10953306,1,0
703,703,0,10683,1584,1,001c,29bb,1508438505,0,1,-9812432,1,0
704,704,0,10806,255,1,001c,2a36,1508438505,0,1,-9568001,1,0
705,705,0,10705,10560,1,001c,29d1,1508438505,0,1,-9213632,1,0
706,706,0,10345,316,1,001c,2869,1508438505,0,1,-7634628,1,0
707,707,0,8794,11406,1,001c,225a,1508438505,0,1,-7426930,1,0
708,708,0,8124,1696,1,001c,1fbc,1508438505,0,1,-7567712,1,0
709,709,0,7466,3034,1,001c,1d2a,1508438505,0,1,-8123430,1,0
710,710,0,5987,16304,1,001c,1763,1508438505,0,1,-8929360,1,0
711,711,0,5683,640,1,001c,1633,1508438505,0,1,-11484544,1,0
712,712,0,5568,5300,1,001c,15c0,1508438505,0,1,-12856140,1,0
713,713,0,5746,16114,1,001c,1672,1508438505,0,1,-14254350,1,0
714,714,0,6141,6028,1,001c,17fd,1508438505,0,1,-17066100,1,0
715,715,0,7706,16171,1,001c,1e1a,1508438505,0,1,-17973461,1,0
716,716,0,8400,4584,1,001c,20d0,1508438505,0,1,-18476568,1,0
717,717,0,9012,7696,1,001c,2334,1508438505,0,1,-18407920,1,0
718,718,0,10489,15708,1,001c,28f9,1508438505,0,1,-16302756,1,0
719,719,0,10756,6238,1,001c,2a04,1508438505,0,1,-15591330,1,0
720,720,0,10821,347,1,001c,2a45,1508438505,0,1,-14663333,1,0
721,721,0,10575,1612,1,001c,294f,1508438505,0,1,-13728180,1,0
722,722,0,9093,6720,1,001c,2385,1508438505,0,1,-11118016,1,0
723,723,0,8482,9090,1,001c,2122,1508438505,0,1,-10804350,1,0
724,724,0,7882,10278,1,001c,1eca,1508438505,0,1,-10999770,1,0
725,725,0,7267,586,1,001c,1c63,1508438505,0,1,-11746742,1,0
726,726,0,5813,15277,1,001c,16b5,1508438505,0,1,-14894163,1,0
727,727,0,6103,743,1,001c,15d7,1508438505,0,1,-16203033,1,0
728,728,0,6107,4726,1,001c,179b,1508438505,0,1,-17755530,1,0
729,729,0,5896,1966,1,001c,1708,1508438505,0,1,-21395538,1,0
730,730,0,6143,12074,1,001c,17fe,1508438505,0,1,-22515926,1,0
731,731,0,8191,2589,1,001c,1fff,1508438505,0,1,-23016931,1,0
732,732,0,8055,1840,1,001c,1f77,1508438505,0,1,-23099600,1,0
733,733,0,8666,13848,1,001c,21da,1508438505,0,1,-22727144,1,0
734,734,0,10338,1308,1,001c,2962,1508438505,0,1,-19446500,1,0
735,735,0,10700,10135,1,001c,29cc,1508438505,0,1,-18208873,1,0
736,736,0,10810,14376,1,001c,2a3a,1508438505,0,1,-16910296,1,0
737,737,0,10712,862,1,001c,29d8,1508438505,0,1,-13565090,1,0
738,738,0,10367,2026,1,001c,287f,1508438505,0,1,-12744726,1,0
739,739,0,8865,14141,1,001c,22a1,1508438505,0,1,-12585155,1,0
740,740,0,8188,2756,1,001c,1ffc,1508438505,0,1,-12956988,1,0
741,741,0,7544,424,1,001c,1d78,1508438505,0,1,-13680216,1,0
742,742,0,6036,3348,1,001c,1794,1508438505,0,1,-17396460,1,0
743,743,0,5667,8500,1,001c,1623,1508438505,0,1,-18980556,1,0
744,744,0,5556,3710,1,001c,15b4,1508438505,0,1,-20476290,1,0
745,745,0,5736,9520,1,001c,1668,1508438505,0,1,-23976656,1,0
746,746,0,6122,14296,1,001c,17ea,1508438505,0,1,-24889384,1,0
747,747,0,7656,15816,1,001c,1de8,1508438505,0,1,-25100856,1,0
748,748,0,8308,13582,1,001c,2074,1508438505,0,1,-24693490,1,0
749,749,0,8948,12374,1,001c,22f4,1508438505,0,1,-21385130,1,0
750,750,0,10497,13457,1,001c,2901,1508438505,0,1,-20138863,1,0
751,751,0,10768,1319,1,001c,2a10,1508438505,0,1,-18561753,1,0
752,752,0,10782,9544,1,001c,2a1e,1508438505,0,1,-17242808,1,0
753,753,0,10593,3700,1,001c,2961,1508438505,0,1,-13742476,1,0
754,754,0,9165,15112,1,001c,23cd,1508438505,0,1,-13026552,1,0
755,755,0,8604,6243,1,001c,219c,1508438505,0,1,-12920733,1,0
756,756,0,7906,6352,1,001c,1ee2,1508438505,0,1,-13526832,1,0
757,757,0,7251,15162,1,001c,1c53,1508438505,0,1,-16991430,1,0
758,758,0,5880,14272,1,001c,16f8,1508438505,0,1,-18286656,1,0
759,759,0,5634,1375,1,001c,1602,1508438505,0,1,-19774113,1,0
760,760,0,5592,3324,1,001c,15d8,1508438505,0,1,-21066500,1,0
761,761,0,5842,5770,1,001c,16d2,1508438505,0,1,-24488310,1,0
762,762,0,7803,11776,1,001c,1c7b,1508438505,0,1,-24924672,1,0
763,763,0,7995,14465,1,001c,1f3b,1508438505,0,1,-24823679,1,0
764,764,0,16303,11208,1,001c,3faf,1508438505,0,1,-23991352,1,0
765,765,0,10669,8204,1,001c,29ac,1508438505,0,1,-20373492,1,0
766,766,0,10673,6017,1,001c,29b1,1508438505,0,1,-19048575,1,0
767,767,0,11154,4592,1,001c,2b92,1508438505,0,1,-17493520,1,0
768,768,0,11242,8987,1,001c,2bea,1508438505,0,1,-13769957,1,0
769,769,0,10730,15720,1,001c,29ea,1508438505,0,1,-12829336,1,0
770,770,0,10461,12868,1,001c,28dd,1508438505,0,1,-12537276,1,0
771,771,0,8873,5611,1,001c,22a9,1508438505,0,1,-12593685,1,0
772,772,0,8249,8752,1,001c,2039,1508438505,0,1,-13229520,1,0
773,773,0,7635,5944,1,001c,1dd3,1508438505,0,1,-16640200,1,0
774,774,0,6066,3232,1,001c,17b2,1508438505,0,1,-17970016,1,0
775,775,0,5688,10384,1,001c,1638,1508438505,0,1,-19175280,1,0
776,776,0,5537,3939,1,001c,15a1,1508438505,0,1,-22491293,1,0
777,777,0,5699,13172,1,001c,1643,1508438505,0,1,-23121036,1,0
778,778,0,6048,10772,1,001c,17a0,1508438505,0,1,-23139820,1,0
779,779,0,7587,6288,1,001c,1da3,1508438505,0,1,-22603632,1,0
780,780,0,8262,13824,1,001c,2046,1508438505,0,1,-21711360,1,0
781,781,0,8895,17,1,001c,22bf,1508438505,0,1,-18317295,1,0
782,782,0,10403,5168,1,001c,28a3,1508438505,0,1,-16739280,1,0
783,783,0,10764,4789,1,001c,2a0c,1508438505,0,1,-15297867,1,0
784,784,0,10829,627,1,001c,2a4d,1508438505,0,1,-12172685,1,0
785,785,0,10593,15716,1,001c,2961,1508438505,0,1,-11436700,1,0
786,786,0,9184,5708,1,001c,23e0,1508438505,0,1,-11233716,1,0
787,787,0,8664,4865,1,001c,21d8,1508438505,0,1,-11611391,1,0
788,788,0,7985,2540,1,001c,1f31,1508438505,0,1,-14382612,1,0
789,789,0,7365,8655,1,001c,1cc5,1508438505,0,1,-15375921,1,0
790,790,0,5843,5824,1,001c,16d3,1508438505,0,1,-16525632,1,0
791,791,0,5605,4862,1,001c,15e5,1508438505,0,1,-17558786,1,0
792,792,0,5616,7028,1,001c,15f0,1508438505,0,1,-20227212,1,0
793,793,0,5851,274,1,001c,16db,1508438505,0,1,-20397806,1,0
794,794,0,7289,12968,1,001c,1c79,1508438505,0,1,-20335960,1,0
795,795,0,7847,13724,1,001c,1ea7,1508438505,0,1,-19614308,1,0
796,796,0,8525,980,1,001c,214d,1508438505,0,1,-16579628,1,0
797,797,0,9167,12519,1,001c,23cf,1508438505,0,1,-15404825,1,0
798,798,0,11167,8858,1,001c,299f,1508438505,0,1,-14081382,1,0
799,799,0,11196,3072,1,001c,2abc,1508438505,0,1,-12809216,1,0
800,800,0,11254,16008,1,001c,2bf6,1508438505,0,1,-10174840,1,0
801,801,0,10751,16118,1,001c,29fe,1508438505,0,1,-9797898,1,0
802,802,0,11007,13304,1,001c,2aff,1508438505,0,1,-9751560,1,0
803,803,0,8959,7242,1,001c,22ff,1508438505,0,1,-10118070,1,0
804,804,0,8372,1572,1,001c,20b4,1508438505,0,1,-12696028,1,0
805,805,0,7759,13816,1,001c,1e4f,1508438505,0,1,-13568520,1,0
806,806,0,6103,9391,1,001c,17d7,1508438505,0,1,-14441297,1,0
807,807,0,5695,11054,1,001c,163f,1508438505,0,1,-16880850,1,0
808,808,0,5550,1784,1,001c,15ae,1508438505,0,1,-17316104,1,0
809,809,0,5690,4096,1,001c,163a,1508438505,0,1,-17117184,1,0
810,810,0,5984,2404,1,001c,1760,1508438505,0,1,-16774812,1,0
811,811,0,7551,12784,1,001c,1d7f,1508438505,0,1,-16092688,1,0
812,812,0,8189,14688,1,001c,1ffd,1508438505,0,1,-13469344,1,0
813,813,0,8810,8528,1,001c,226a,1508438505,0,1,-12213936,1,0
814,814,0,10395,9280,1,001c,289b,1508438505,0,1,-11148224,1,0
815,815,0,10774,6336,1,001c,2a16,1508438505,0,1,-8824640,1,0
816,816,0,10856,13708,1,001c,2a68,1508438505,0,1,-8211060,1,0
817,817,0,10636,2136,1,001c,298c,1508438505,0,1,-7960488,1,0
818,818,0,10245,6052,1,001c,2805,1508438505,0,1,-8120412,1,0
819,819,0,8734,8352,1,001c,221e,1508438505,0,1,-8544096,1,0
820,820,0,8069,9740,1,001c,1f85,1508438505,0,1,-10639860,1,0
821,821,0,7426,7736,1,001c,1d02,1508438505,0,1,-11444680,1,0
822,822,0,5909,3224,1,001c,1715,1508438505,0,1,-12022632,1,0
823,823,0,5616,8828,1,001c,15f0,1508438505,0,1,-13786500,1,0
824,824,0,5573,12870,1,001c,15c5,1508438505,0,1,-13946298,1,0
825,825,0,5812,10341,1,001c,16b4,1508438505,0,1,-13752219,1,0
826,826,0,7261,7400,1,001c,1c5d,1508438505,0,1,-13247256,1,0
827,827,0,7814,6530,1,001c,1e86,1508438505,0,1,-11183742,1,0
828,828,0,8461,5981,1,001c,210d,1508438505,0,1,-10299555,1,0
829,829,0,9113,14106,1,001c,2399,1508438505,0,1,-9390310,1,0
830,830,0,10613,6696,1,001c,2975,1508438505,0,1,-8496600,1,0
831,831,0,10792,2212,1,001c,2a28,1508438505,0,1,-6715228,1,0
832,832,0,10771,5814,1,001c,2a13,1508438505,0,1,-6351178,1,0
833,833,0,10515,6434,1,001c,2913,1508438505,0,1,-6268638,1,0
834,834,0,8984,1248,1,001c,2318,1508438505,0,1,-6503200,1,0
835,835,0,9213,16126,1,001c,22fd,1508438505,0,1,-8044802,1,0
836,836,0,16109,13514,1,001c,3eed,1508438505,0,1,-8522550,1,0
837,837,0,7769,6060,1,001c,1e59,1508438505,0,1,-9037908,1,0
838,838,0,7807,2958,1,001c,1e7f,1508438505,0,1,-10564722,1,0
839,839,0,5743,12086,1,001c,176f,1508438505,0,1,-10784970,1,0
840,840,0,5577,1597,1,001c,15c9,1508438505,0,1,-10664387,1,0
841,841,0,5577,16082,1,001c,17c9,1508438505,0,1,-10387758,1,0
842,842,0,5974,13326,1,001c,1756,1508438505,0,1,-9882610,1,0
843,843,0,7533,4832,1,001c,1d6d,1508438505,0,1,-8285472,1,0
844,844,0,8119,11016,1,001c,1fb7,1508438505,0,1,-7509240,1,0
845,845,0,8691,12862,1,001c,21f3,1508438505,0,1,-6770114,1,0
846,846,0,10352,13065,1,001c,2870,1508438505,0,1,-5295351,1,0
847,847,0,10756,14506,1,001c,2a04,1508438505,0,1,-4900694,1,0
848,848,0,10800,11989,1,001c,2a30,1508438505,0,1,-4722987,1,0
849,849,0,10678,11776,1,001c,29b6,1508438505,0,1,-4772352,1,0
850,850,0,10321,11984,1,001c,2851,1508438505,0,1,-4935984,1,0
851,851,0,8739,6082,1,001c,2223,1508438505,0,1,-6137918,1,0
852,852,0,8153,4588,1,001c,1fd9,1508438505,0,1,-6549012,1,0
853,853,0,7486,2547,1,001c,1d3e,1508438505,0,1,-6862349,1,0
854,854,0,5940,9473,1,001c,1734,1508438505,0,1,-7871231,1,0
855,855,0,5612,462,1,001c,15ec,1508438505,0,1,-7913010,1,0
856,856,0,5565,1184,1,001c,15bd,1508438505,0,1,-7797600,1,0
857,857,0,5779,10624,1,001c,1693,1508438505,0,1,-7624320,1,0
858,858,0,7180,13510,1,001c,1c0c,1508438505,0,1,-7293754,1,0
859,859,0,7774,4068,1,001c,1e5e,1508438505,0,1,-6156316,1,0
860,860,0,8396,14644,1,001c,20cc,1508438505,0,1,-5654220,1,0
861,861,0,9004,9756,1,001c,232c,1508438505,0,1,-5085668,1,0
862,862,0,10538,8688,1,001c,292a,1508438505,0,1,-4611600,1,0
863,863,0,10798,407,1,001c,2a2e,1508438505,0,1,-3571305,1,0
864,864,0,10778,4095,1,001c,2a1a,1508438505,0,1,-3371009,1,0
865,865,0,10531,12493,1,001c,2923,1508438505,0,1,-3264307,1,0
866,866,0,9049,8836,1,001c,2359,1508438505,0,1,-3399036,1,0
867,867,0,8497,13472,1,001c,2131,1508438505,0,1,-4131680,1,0
868,868,0,7811,6520,1,001c,1e83,1508438505,0,1,-4335240,1,0
869,869,0,7222,14241,1,001c,1c36,1508438505,0,1,-4589663,1,0
870,870,0,5822,5984,1,001c,16be,1508438505,0,1,-5335200,1,0
871,871,0,6078,5809,1,001c,17be,1508438505,0,1,-5417295,1,0
872,872,0,5623,11418,1,001c,15f7,1508438505,0,1,-5329766,1,0
873,873,0,6127,13192,1,001c,17ef,1508438505,0,1,-5180536,1,0
874,874,0,7950,2826,1,001c,1f0e,1508438505,0,1,-4895990,1,0
875,875,0,8078,11927,1,001c,1f8e,1508438505,0,1,-4051305,1,0
876,876,0,8072,3499,1,001c,1f88,1508438505,0,1,-3699285,1,0
877,877,0,8678,14424,1,001c,21e6,1508438505,0,1,-3327912,1,0
878,878,0,10249,5832,1,001c,2849,1508438505,0,1,-2533688,1,0
879,879,0,10700,13009,1,001c,29cc,1508438505,0,1,-2313519,1,0
880,880,0,10828,6218,1,001c,2a4c,1508438505,0,1,-2238390,1,0
881,881,0,10749,4984,1,001c,29fd,1508438505,0,1,-2223240,1,0
882,882,0,10379,2194,1,001c,288b,1508438505,0,1,-2275182,1,0
883,883,0,8784,14535,1,001c,2250,1508438505,0,1,-2803513,1,0
884,884,0,8212,12484,1,001c,2014,1508438505,0,1,-2953020,1,0
885,885,0,7566,7834,1,001c,1d8e,1508438505,0,1,-3088742,1,0
886,886,0,6016,1360,1,001c,1780,1508438505,0,1,-3504816,1,0
887,887,0,5661,2654,1,001c,161d,1508438505,0,1,-3503522,1,0
888,888,0,5545,4188,1,001c,15a9,1508438505,0,1,-3420068,1,0
889,889,0,5720,690,1,001c,1658,1508438505,0,1,-3259726,1,0
890,890,0,6121,15954,1,001c,17e9,1508438505,0,1,-2736558,1,0
891,891,0,7703,7232,1,001c,1e17,1508438505,0,1,-2483136,1,0
892,892,0,8346,14359,1,001c,209a,1508438505,0,1,-2213865,1,0
893,893,0,8966,11378,1,001c,2306,1508438505,0,1,-1987470,1,0
894,894,0,10470,457,1,001c,28e6,1508438505,0,1,-1539639,1,0
895,895,0,10738,8608,1,001c,29f2,1508438505,0,1,-1416800,1,0
896,896,0,10840,11320,1,001c,2a58,1508438505,0,1,-1364936,1,0
897,897,0,10521,13220,1,001c,2919,1508438505,0,1,-1379420,1,0
898,898,0,9118,14488,1,001c,239e,1508438505,0,1,-1673064,1,0
899,899,0,8564,13108,1,001c,2174,1508438505,0,1,-1739980,1,0
900,900,0,7900,5600,1,001c,1edc,1508438505,0,1,-1813024,1,0
901,901,0,7310,13945,1,001c,1c8e,1508438505,0,1,-1870215,1,0
902,902,0,5819,10922,1,001c,16bb,1508438505,0,1,-2086230,1,0
903,903,0,5571,11054,1,001c,15c3,1508438505,0,1,-2053330,1,0
904,904,0,5604,10456,1,001c,15e7,1508438505,0,1,-1972008,1,0
905,905,0,6139,6736,1,001c,16ff,1508438505,0,1,-1844656,1,0
906,906,0,7935,16063,1,001c,1cff,1508438505,0,1,-1507649,1,0
907,907,0,8141,5831,1,001c,1f8d,1508438505,0,1,-1354041,1,0
908,908,0,8141,6848,1,001c,3fcd,1508438505,0,1,-1205568,1,0
909,909,0,8658,3704,1,001c,21d2,1508438505,0,1,-913800,1,0
910,910,0,10669,3814,1,001c,29ad,1508438505,0,1,-815386,1,0
911,911,0,10631,5862,1,001c,2b87,1508438505,0,1,-764186,1,0
912,912,0,10797,11287,1,001c,2a2d,1508438505,0,1,-742377,1,0
913,913,0,10829,13292,1,001c,2a4d,1508438505,0,1,-756756,1,0
914,914,0,10460,7904,1,001c,28dc,1508438505,0,1,-909600,1,0
915,915,0,8846,3078,1,001c,228e,1508438505,0,1,-930810,1,0
916,916,0,8252,8437,1,001c,203c,1508438505,0,1,-958219,1,0
917,917,0,7639,12904,1,001c,1dd7,1508438505,0,1,-1084824,1,0
918,918,0,6032,15411,1,001c,1790,1508438505,0,1,-1065933,1,0
919,919,0,5679,702,1,001c,162f,1508438505,0,1,-1015106,1,0
920,920,0,5575,3579,1,001c,15c7,1508438505,0,1,-946693,1,0
921,921,0,5696,4244,1,001c,1640,1508438505,0,1,-864108,1,0
922,922,0,6040,1618,1,001c,1798,1508438505,0,1,-686510,1,0
923,923,0,7618,5158,1,001c,1dc2,1508438505,0,1,-601050,1,0
924,924,0,8300,13497,1,001c,206c,1508438505,0,1,-527175,1,0
925,925,0,8901,2298,1,001c,22c5,1508438505,0,1,-390918,1,0
926,926,0,10414,15046,1,001c,28ae,1508438505,0,1,-345402,1,0
927,927,0,10757,7868,1,001c,2a05,1508438505,0,1,-319812,1,0
928,928,0,10849,14318,1,001c,2a61,1508438505,0,1,-313362,1,0
929,929,0,10619,11932,1,001c,297b,1508438505,0,1,-364900,1,0
930,930,0,9180,7882,1,001c,23dc,1508438505,0,1,-368950,1,0
931,931,0,8619,11074,1,001c,21ab,1508438505,0,1,-365758,1,0
932,932,0,7925,14192,1,001c,1ef5,1508438505,0,1,-362640,1,0
933,933,0,7343,12084,1,001c,1caf,1508438505,0,1,-381132,1,0
934,934,0,5867,3355,1,001c,16eb,1508438505,0,1,-357093,1,0
935,935,0,5585,3230,1,001c,15d1,1508438505,0,1,-324450,1,0
936,936,0,5586,11817,1,001c,15d2,1508438505,0,1,-283095,1,0
937,937,0,5842,14888,1,001c,16d2,1508438505,0,1,-214488,1,0
938,938,0,7317,3782,1,001c,1c95,1508438505,0,1,-176442,1,0
939,939,0,7897,8496,1,001c,1ed9,1508438505,0,1,-138960,1,0
940,940,0,8577,7063,1,001c,2181,1508438505,0,1,-107625,1,0
941,941,0,9155,7105,1,001c,23c3,1508438505,0,1,-74815,1,0
942,942,0,11154,9996,1,001c,2992,1508438505,0,1,-55540,1,0
943,943,0,11159,4128,1,001c,2b97,1508438505,0,1,-45024,1,0
944,944,0,10791,2928,1,001c,2a27,1508438505,0,1,-29840,1,0
945,945,0,10974,10133,1,001c,2ade,1508438505,0,1,-22635,1,0
946,946,0,10971,8285,1,001c,2ada,1508438505,0,1,-8099,1,0
947,947,0,8925,8716,1,001c,22dd,1508438505,0,1,8716,1,0
948,948,0,8348,14702,1,001c,209c,1508438505,0,1,31086,1,0
949,949,0,7699,4528,1,001c,1e13,1508438505,0,1,53680,1,0
950,950,0,6058,9952,1,001c,17aa,1508438505,0,1,75488,1,0
951,951,0,5721,3704,1,001c,1659,1508438505,0,1,85624,1,0
952,952,0,5583,5186,1,001c,15cf,1508438505,0,1,103490,1,0
953,953,0,5670,6504,1,001c,1626,1508438505,0,1,104808,1,0
954,954,0,5996,7217,1,001c,176c,1508438505,0,1,105521,1,0
955,955,0,7584,14121,1,001c,1da0,1508438505,0,1,112425,1,0
956,956,0,8213,13536,1,001c,2015,1508438505,0,1,95456,1,0
957,957,0,8805,14011,1,001c,2265,1508438505,0,1,95931,1,0
958,958,0,10368,1632,1,001c,2880,1508438505,0,1,99936,1,0
959,959,0,10776,172,1,001c,2a18,1508438505,0,1,114860,1,0
960,960,0,10847,3744,1,001c,2a5f,1508438505,0,1,151200,1,0
961,961,0,10601,8046,1,001c,2969,1508438505,0,1,171886,1,0
962,962,0,10254,13919,1,001c,280e,1508438505,0,1,194143,1,0
963,963,0,8721,10484,1,001c,2211,1508438505,0,1,207092,1,0
964,964,0,8043,6432,1,001c,1f6b,1508438505,0,1,252192,1,0
965,965,0,7436,6956,1,001c,1d0c,1508438505,0,1,269100,1,0
966,966,0,5883,3000,1,001c,16fb,1508438505,0,1,281528,1,0
967,967,0,5572,12624,1,001c,15c4,1508438505,0,1,274768,1,0
968,968,0,5586,15163,1,001c,15d2,1508438505,0,1,244539,1,0
969,969,0,5792,15644,1,001c,16a0,1508438505,0,1,228636,1,0
970,970,0,7268,14478,1,001c,1c64,1508438505,0,1,211086,1,0
971,971,0,7824,6084,1,001c,1e90,1508438505,0,1,202692,1,0
972,972,0,8493,14440,1,001c,212d,1508438505,0,1,161896,1,1
973,973,0,9093,14440,0,001c,2385,1508438505,0,1,161896,0,0
974,974,0,10608,14440,0,001c,2970,1508438505,0,1,161896,0,0
975,975,0,10793,14440,0,001c,2a29,1508438505,0,1,161896,0,0
976,976,0,10803,14440,0,001c,2a33,1508438505,0,1,161896,0,0
977,977,0,11063,14440,0,001c,2927,1508438505,0,1,161896,0,0
978,978,0,11039,14440,0,001c,231f,1508438505,0,1,161896,0,0
979,979,0,8991,14440,0,001c,231f,1508438505,0,1,161896,0,0
980,980,0,12079,14440,0,001c,3f2f,1508438505,0,1,161896,0,0
981,981,0,8191,14440,0,001c,1fff,1508438505,0,1,161896,0,0
982,982,0,6142,14440,0,001c,17fe,1508438505,0,1,161896,0,0
983,983,0,5886,14440,0,001c,17fe,1508438505,0,1,161896,0,0
984,984,0,5564,14440,0,001c,15bc,1508438505,0,1,161896,0,0
985,985,0,5655,14440,0,001c,1657,1508438505,0,1,161896,0,0
986,986,0,5980,14440,0,001c,175c,1508438505,0,1,161896,0,0
987,987,0,7511,14440,0,001c,1d57,1508438505,0,1,161896,0,0
988,988,0,8113,14440,0,001c,1fb1,1508438505,0,1,161896,0,0
989,989,0,8766,14440,0,001c,223e,1508438505,0,1,161896,0,0
990,990,0,10353,14440,0,001c,2871,1508438505,0,1,161896,0,0
991,991,0,10698,14440,0,001c,29ca,1508438505,0,1,161896,0,0
992,992,0,10821,14440,0,001c,2a45,1508438505,0,1,161896,0,0
993,993,0,10660,14440,0,001c,29a4,1508438505,0,1,161896,0,0
994,994,0,10306,14440,0,001c,2842,1508438505,0,1,161896,0,0
995,995,0,8736,14440,0,001c,2220,1508438505,0,1,161896,0,0
996,996,0,8106,14440,0,001c,1faa,1508438505,0,1,161896,0,0
997,997,0,7483,14440,0,001c,1d3b,1508438505,0,1,161896,0,0
998,998,0,5942,14440,0,001c,1736,1508438505,0,1,161896,0,0
999,999,0,5635,14440,0,001c,1603,1508438505,0,1,161896,0,0
1000,1000,0,5559,14440,0,001c,15b7,1508438505,0,1,161896,0,0
1001,1001,0,5801,14440,0,001c,16a9,1508438505,0,1,161896,0,0
1002,1002,0,7192,14440,0,001c,1c18,1508438505,0,1,161896,0,0
1003,1003,0,7785,14440,0,001c,1e69,1508438505,0,1,161896,0,0
1004,1004,0,8405,14440,0,001c,20d5,1508438505,0,1,161896,0,0
1005,1005,0,9026,14440,0,001c,2342,1508438505,0,1,161896,0,0
1006,1006,0,10538,14440,0,001c,292a,1508438505,0,1,161896,0,0
1007,1007,0,10811,14440,0,001c,2a3b,1508438505,0,1,161896,0,0
1008,1008,0,10804,14440,0,001c,2a34,1508438505,0,1,161896,0,0
1009,1009,0,10509,14440,0,001c,290d,1508438505,0,1,161896,0,0
1010,1010,0,9070,14440,0,001c,236e,1508438505,0,1,161896,0,0
1011,1011,0,8473,14440,0,001c,211b,1508438505,0,1,161896,0,0
1012,1012,0,8081,14440,0,001c,1e91,1508438505,0,1,161896,0,0
1013,1013,0,7867,14440,0,001c,1cbb,1508438505,0,1,161896,0,0
1014,1014,0,7866,14440,0,001c,1eba,1508438505,0,1,161896,0,0
1015,1015,0,6098,14440,0,001c,17d2,1508438505,0,1,161896,0,0
1016,1016,0,5619,14440,0,001c,15f3,1508438505,0,1,161896,0,0
1017,1017,0,6139,14440,0,001c,17fb,1508438505,0,1,161896,0,0
1018,1018,0,7993,14440,0,001c,1f38,1508438505,0,1,161896,0,0
1019,1019,0,8057,14440,0,001c,1f79,1508438505,0,1,161896,0,0
1020,1020,0,8034,14440,0,001c,1f62,1508438505,0,1,161896,0,0
1021,1021,0,8704,14440,0,001c,2240,1508438505,0,1,161896,0,0
1022,1022,0,10310,14440,0,001c,2846,1508438505,0,1,161896,0,0
1023,1023,0,10709,14440,0,001c,29d5,1508438505,0,1,161896,0,0
1024,1024,0,10807,14440,0,001c,2a37,1508438505,0,1,161896,0,0
1025,1025,0,10722,14440,0,001c,29e2,1508438505,0,1,161896,0,0
1026,1026,0,10347,14440,0,001c,286b,1508438505,0,1,161896,0,0
1027,1027,0,8754,14440,0,001c,2232,1508438505,0,1,161896,0,0
1028,1028,0,8168,14440,0,001c,1fe8,1508438505,0,1,161896,0,0
1029,1029,0,7497,14440,0,001c,1d49,1508438505,0,1,161896,0,0
1030,1030,0,6000,14440,0,001c,1770,1508438505,0,1,161896,0,0
1031,1031,0,5634,14440,0,001c,1602,1508438505,0,1,161896,0,0
1032,1032,0,5547,14440,0,001c,15ab,1664958895,1,1,161896,0,0
1033,1033,0,5767,14440,0,001c,1687,1664112154,1,1,161896,0,0
1034,1034,0,7172,14440,0,001c,1c04,1654512103,1,1,161896,0,0
1035,1035,0,7745,14440,0,001c,1e41,1625547032,1,1,161896,0,0
1036,1036,0,8349,14440,0,001c,209d,1562678283,1,1,161896,0,0
1037,1037,0,8940,14440,0,001c,22ec,1523067216,1,1,161896,0,0
1038,1038,0,10535,14440,0,001c,2927,1529706278,1,1,161896,0,0
1039,1039,0,10810,14440,0,001c,2a3a,1529989892,1,1,161896,0,0
1040,1040,0,10846,14440,0,001c,2a5e,1528127601,1,1,161896,0,0
1041,1041,0,10575,14440,0,001c,294f,1524620746,1,1,161896,0,0
1042,1042,0,9080,14440,0,001c,2378,1519287627,1,1,161896,0,0
1043,1043,0,8544,14440,0,001c,2160,1511948652,1,1,161896,0,0
1044,1044,0,7893,14440,0,001c,1ed5,1510025435,1,1,161896,0,0
1045,1045,0,7330,14440,0,001c,1ca2,1509038256,1,1,161896,0,0
1046,1046,0,5835,14440,0,001c,16cb,1502861222,1,1,161896,0,0
1047,1047,0,5506,14440,0,001c,1583,1502084977,1,1,161896,0,0
1048,1048,0,5574,14440,0,001c,15c6,1510506558,1,1,161896,0,0
1049,1049,0,6046,14440,0,001c,179e,1511585191,1,1,161896,0,0
1050,1050,0,8190,14440,0,001c,1ffe,1511498867,1,1,161896,0,0
1051,1051,0,8191,14440,0,001c,1fff,1512441514,1,1,161896,0,0
1052,1052,0,8119,14440,0,001c,3fb7,1511246311,1,1,161896,0,0
1053,1053,0,9213,14440,0,001c,23fd,1510072614,1,1,161896,0,0
1054,1054,0,11244,14440,0,001c,2bfc,1512380460,1,1,161896,0,0
1055,1055,0,10654,14440,0,001c,29de,1514308730,1,1,161896,0,0
1056,1056,0,10866,14440,0,001c,2a72,1512772350,1,1,161896,0,0
1057,1057,0,10761,14440,0,001c,2a09,1513097514,1,1,161896,0,0
1058,1058,0,10383,14440,0,001c,288f,1511805244,1,1,161896,0,0
1059,1059,0,8777,14440,0,001b,2249,1505052400,1,1,161896,0,0
1060,1060,0,8282,14440,0,001b,205a,1506329881,1,1,161896,0,0
1061,1061,0,7624,14440,0,001b,1dc8,1511302898,1,1,161896,0,0
1062,1062,0,6029,14440,0,001a,178d,1511125335,1,1,161896,0,0
1063,1063,0,5638,14440,0,001a,1606,1513012762,1,1,161896,0,0
1064,1064,0,5568,14440,0,0019,15c0,1517055842,1,1,161896,0,0
1065,1065,0,5710,14440,0,0018,164e,1510099912,1,1,161896,0,0
1066,1066,0,6073,14440,0,0017,17b9,1483919123,1,1,161896,0,0
1067,1067,0,7645,14440,0,0017,1ddd,1498107875,1,1,161896,0,0
1068,1068,0,8333,14440,0,0016,208d,1505702832,1,1,161896,0,0
1069,1069,0,8915,14440,0,0015,22d3,1501728151,1,1,161896,0,0
1070,1070,0,10437,14440,0,0014,28c5,1487245881,1,1,161896,0,0
1071,1071,0,10801,14440,0,0012,2a31,1511207581,1,1,161896,0,0
1072,1072,0,10793,14440,0,0012,2a29,1513062770,1,1,161896,0,0
1073,1073,0,10624,14440,0,0011,2980,1519069880,1,1,161896,0,0
1074,1074,0,9173,14440,0,0010,23d5,1520090708,1,1,161896,0,0
1075,1075,0,8577,14440,0,000f,2181,1518068894,1,1,161896,0,0
1076,1076,0,7938,14440,0,000d,1f02,1522689686,1,1,161896,0,0
1077,1077,0,7353,14440,0,000c,1cb9,1525728676,1,1,161896,0,0
1078,1078,0,5877,14440,0,000a,16f5,1520072647,1,1,161896,0,0
1079,1079,0,5586,14440,0,0008,15d2,1523482921,1,1,161896,0,0
1080,1080,0,5540,14440,0,0007,15a4,1527368269,1,1,161896,0,0
1081,1081,0,5859,14440,0,0005,16e3,1523080540,1,1,161896,0,0
1082,1082,0,7301,14440,0,0003,1c85,1527008414,1,1,161896,0,0
1083,1083,0,7925,14440,0,0001,1ef5,1531464235,1,1,161896,0,0
1084,1084,0,9148,14440,0,ffff,21bc,1528786489,1,1,161896,0,0
1085,1085,0,9151,14440,0,fffd,23bf,1530629346,1,1,161896,0,0
1086,1086,0,11263,14440,0,fffb,2bff,1536661939,1,1,161896,0,0
1087,1087,0,11101,14440,0,fff8,2b5d,1536989454,1,1,161896,0,0
1088,1088,0,10845,14440,0,fff6,2a5d,1535627569,1,1,161896,0,0
1089,1089,0,10973,14440,0,fff3,2add,1542541754,1,1,161896,0,0
1090,1090,0,10969,14440,0,fff1,2af9,1544982186,1,1,161896,0,0
1091,1091,0,8947,14440,0,ffee,22fb,1544324301,1,1,161896,0,0
1092,1092,0,8317,14440,0,ffeb,207d,1553444702,1,1,161896,0,0
1093,1093,0,7688,14440,0,ffe8,1e08,1560438720,1,1,161896,0,0
1094,1094,0,6085,14440,0,ffe5,17c5,1569606174,1,1,161896,0,0
1095,1095,0,5704,14440,0,ffe2,1648,1598569809,1,1,161896,0,0
1096,1096,0,5555,14440,0,ffdf,15b3,1616745212,1,1,161896,0,0
1097,1097,0,5650,14440,0,ffdc,1612,1620928183,1,1,161896,0,0
1098,1098,0,6033,14440,0,ffd8,1791,1620409441,1,1,161896,0,0
1099,1099,0,7618,14440,0,ffd5,1dc2,1616459296,1,1,161896,0,0
1100,1100,0,8199,14440,0,ffd1,2007,1598392803,1,1,161896,0,0
1101,1101,0,8829,14440,0,ffce,227d,1530047856,1,1,161896,0,0
1102,1102,0,10435,14440,0,ffca,28c3,1561120971,1,1,161896,0,0
1103,1103,0,10762,14440,0,ffc6,2a0a,1555908577,1,1,161896,0,0
1104,1104,0,10840,14440,0,ffc2,2a58,1544635554,1,1,161896,0,0
1105,1105,0,10627,14440,0,ffbe,2983,1544640791,1,1,161896,0,0
1106,1106,0,10262,14440,0,ffb9,2816,1541659620,1,1,161896,0,0
1107,1107,0,8624,14440,0,ffbd,21b0,1534351190,1,1,161896,0,0
1108,1108,0,8002,14440,0,ffb1,1f42,1535911578,1,1,161896,0,0
1109,1109,0,7451,14440,0,ffb1,1d1b,1535935430,1,1,161896,0,0
1110,1110,0,5900,14440,0,ffac,170c,1527636180,1,1,161896,0,0
1111,1111,0,5562,14440,0,ffa7,15ba,1526534326,1,1,161896,0,0
1112,1112,0,5584,14440,0,ffa2,15d0,1527134080,1,1,161896,0,0
1113,1113,0,5813,14440,0,ff9d,16b5,1520479847,1,1,161896,0,0
1114,1114,0,7230,14440,0,ff98,1c3e,1520085588,1,1,161896,0,0
1115,1115,0,7873,14440,0,ff93,1ec1,1525189600,1,1,161896,0,0
1116,1116,0,8518,14440,0,ff8e,2146,1521649119,1,1,161896,0,0
1117,1117,0,9076,14440,0,ff88,2374,1518743507,1,1,161896,0,0
1118,1118,0,10582,14440,0,ff82,2956,1519780171,1,1,161896,0,0
1119,1119,0,10827,14440,0,ff7d,2a4b,1513464821,1,1,161896,0,0
1120,1120,0,10793,14440,0,ff77,2a29,1509394792,1,1,161896,0,0
1121,1121,0,10990,14440,0,ff71,28ee,1516668614,1,1,161896,0,0
1122,1122,0,11246,14440,0,ff6a,2bae,1518619825,1,1,161896,0,0
1123,1123,0,9173,14440,0,ff64,23d5,1517485196,1,1,161896,0,0
1124,1124,0,8400,14440,0,ff5d,20d0,1523953084,1,1,161896,0,0
1125,1125,0,7726,14440,0,ff57,1e2e,1531090499,1,1,161896,0,0
1126,1126,0,7770,14440,0,ff50,1e5a,1534489954,1,1,161896,0,0
1127,1127,0,5735,14440,0,ff49,1667,1535378735,1,1,161896,0,0
1128,1128,0,5610,14440,0,ff42,15ea,1533806798,1,1,161896,0,0
1129,1129,0,5627,14440,0,ff3b,15fb,1523921203,1,1,161896,0,0
1130,1130,0,6006,14440,0,ff33,1776,1505582392,1,1,161896,0,0
1131,1131,0,7554,14440,0,ff2c,1d82,1493101023,1,1,161896,0,0
1132,1132,0,8138,14440,0,ff24,1fca,1488904938,1,1,161896,0,0
1133,1133,0,8795,14440,0,ff1c,225b,1495370166,1,1,161896,0,0
1134,1134,0,10376,14440,0,ff14,2888,1499815013,1,1,161896,0,0
1135,1135,0,10733,14440,0,ff0c,29ed,1497325375,1,1,161896,0,0
1136,1136,0,10793,14440,0,ff03,2a29,1489676805,1,1,161896,0,0
1137,1137,0,10694,14440,0,fefb,29c6,1494589809,1,1,161896,0,0
1138,1138,0,10311,14440,0,fef2,2847,1502404270,1,1,161896,0,0
1139,1139,0,8703,14440,0,fee9,21ff,1514022468,1,1,161896,0,0
1140,1140,0,8098,14440,0,fee0,1fa2,1519759470,1,1,161896,0,0
1141,1141,0,7471,14440,0,fee7,1d2f,1518118936,1,1,161896,0,0
1142,1142,0,5910,14440,0,fed5,1716,1514499029,1,1,161896,0,0
1143,1143,0,5609,14440,0,fecc,15e9,1510407073,1,1,161896,0,0
1144,1144,0,5574,14440,0,fec4,15c6,1501907608,1,1,161896,0,0
1145,1145,0,5782,14440,0,feba,1696,1489657884,1,1,161896,0,0
1146,1146,0,7174,14440,0,feb0,1c06,1485553000,1,1,161896,0,0
1147,1147,0,7833,14440,0,fea6,1e99,1487728979,1,1,161896,0,0
1148,1148,0,8474,14440,0,fe9c,211a,1482185490,1,1,161896,0,0
1149,1149,0,9054,14440,0,fe91,235e,1472876925,1,1,161896,0,0
1150,1150,0,10522,14440,0,fe86,291a,1484895236,1,1,161896,0,0
1151,1151,0,10787,14440,0,fe7c,2a23,1490756129,1,1,161896,0,0
1152,1152,0,10810,14440,0,fe71,2a3a,1491732215,1,1,161896,0,0
1153,1153,0,10512,14440,0,fe65,2910,1494833277,1,1,161896,0,0
1154,1154,0,9031,14440,0,fe5a,2347,1503331349,1,1,161896,0,0
1155,1155,0,8699,14440,0,fe4e,20fb,1510306231,1,1,161896,0,0
1156,1156,0,7934,14440,0,fe43,1efe,1511189754,1,1,161896,0,0
1157,1157,0,7741,14440,0,fe37,1e3d,1510375757,1,1,161896,0,0
1158,1158,0,7865,14440,0,fe2a,1eb9,1504261164,1,1,161896,0,0
1159,1159,0,6043,14440,0,fe1e,179b,1487271561,1,1,161896,0,0
1160,1160,0,5627,14440,0,fe12,15fb,1462982339,1,1,161896,0,0
1161,1161,0,6131,14440,0,fe05,17f3,1462992308,1,1,161896,0,0
1162,1162,0,7987,14440,0,fdf8,1f33,1412547971,1,1,161896,0,0
1163,1163,0,8018,14440,0,fdeb,1f52,1460836412,1,1,161896,0,0
1164,1164,0,8050,14440,0,fdde,1f72,1467078910,1,1,161896,0,0
1165,1165,0,8738,14440,0,fdd0,2222,1465099988,1,1,161896,0,0
1166,1166,0,10348,14440,0,fdc3,286c,1452332957,1,1,161896,0,0
1167,1167,0,10687,14440,0,fdb5,29bf,1463672318,1,1,161896,0,0
1168,1168,0,10791,14440,0,fda7,2a27,1487124024,1,1,161896,0,0
1169,1169,0,10732,14440,0,fd99,29ec,1491949677,1,1,161896,0,0
1170,1170,0,10311,14440,0,fd8a,2847,1487653867,1,1,161896,0,0
1171,1171,0,8760,14440,0,fd7c,2238,1479929839,1,1,161896,0,0
1172,1172,0,8174,14440,0,fd6d,1fee,1464859248,1,1,161896,0,0
1173,1173,0,7522,14440,0,fd5e,1d62,1431787578,1,1,161896,0,0
1174,1174,0,5955,14440,0,fd4f,1743,1470645982,1,1,161896,0,0
1175,1175,0,5635,14440,0,fd40,1603,1476314972,1,1,161896,0,0
1176,1176,0,5583,14440,0,fd30,15cf,1470004960,1,1,161896,0,0
1177,1177,0,5753,14440,0,fd31,1679,1470804136,1,1,161896,0,0
1178,1178,0,6121,14440,0,fd21,17e9,1479115006,1,1,161896,0,0
1179,1179,0,7748,14440,0,fd11,1e44,1468879145,1,1,161896,0,0
1180,1180,0,8373,14440,0,fd01,20b5,1448131916,1,1,161896,0,0
1181,1181,0,8954,14440,0,fcf1,22fa,1476671888,1,1,161896,0,0
1182,1182,0,10547,14440,0,fce1,2933,1491820918,1,1,161896,0,0
1183,1183,0,10777,14440,0,fcd0,2a19,1501931692,1,1,161896,0,0
1184,1184,0,10771,14440,0,fcc0,2a13,1503766863,1,1,161896,0,0
1185,1185,0,10574,14440,0,f860,294e,1505529345,1,1,161896,0,0
1186,1186,0,9112,14440,0,f84f,2398,1505152962,1,1,161896,0,0
1187,1187,0,8486,14440,0,f83e,2126,1498350291,1,1,161896,0,0
1188,1188,0,7828,14440,0,f82d,1e94,1479379324,1,1,161896,0,0
1189,1189,0,7296,14440,0,f81d,1c80,1445879383,1,1,161896,0,0
1190,1190,0,5859,14440,0,f80d,16e3,1484293752,1,1,161896,0,0
1191,1191,0,5551,14440,0,f7fd,15af,1493200590,1,1,161896,0,0
1192,1192,0,5615,14440,0,f7ed,15e7,1491025109,1,1,161896,0,0
1193,1193,0,6031,14440,0,f7de,178f,1480264770,1,1,161896,0,0
1194,1194,0,6142,14440,0,f7cf,1ffe,1473929970,1,1,161896,0,0
1195,1195,0,8189,14440,0,f7c0,1ffd,1479293412,1,1,161896,0,0
1196,1196,0,8181,14440,0,f7b2,1ff5,1495239915,1,1,161896,0,0
1197,1197,0,10711,14440,0,f7a4,29d7,1522085620,1,1,161896,0,0
1198,1198,0,10373,14440,0,f796,2995,1537536610,1,1,161896,0,0
1199,1199,0,10674,14440,0,f789,29b2,1540495310,1,1,161896,0,0
1200,1200,0,10856,14440,0,f77c,2a68,1537411932,1,1,161896,0,0
1201,1201,0,10759,14440,0,f770,2a07,1530242733,1,1,161896,0,0
1202,1202,0,10388,14440,0,f764,2894,1509598608,1,1,161896,0,0
1203,1203,0,8787,14440,0,f758,2253,1478862815,1,1,161896,0,0
1204,1204,0,8241,14440,0,f74d,2031,1493791846,1,1,161896,0,0
1205,1205,0,7609,14440,0,f742,1db9,1487931840,1,1,161896,0,0
1206,1206,0,5997,14440,0,f738,176d,1495308325,1,1,161896,0,0
1207,1207,0,5651,14440,0,f72f,1613,1499095462,1,1,161896,0,0
1208,1208,0,5540,14440,0,f726,15a4,1490356164,1,1,161896,0,0
1209,1209,0,5702,14440,0,f71d,1646,1476191765,1,1,161896,0,0
1210,1210,0,6104,14440,0,f715,17d8,1468906014,1,1,161896,0,0
1211,1211,0,7706,14440,0,f70d,1e1a,1468764616,1,1,161896,0,0
1212,1212,0,8283,14440,0,f707,205b,1480637622,1,1,161896,0,0
1213,1213,0,8879,14440,0,f700,22af,1485320945,1,1,161896,0,0
1214,1214,0,10477,14440,0,f702,28ed,1480784346,1,1,161896,0,0
1215,1215,0,10808,14440,0,f6fe,2a38,1477704839,1,1,161896,0,0
1216,1216,0,10792,14440,0,f6f5,2a28,1460795384,1,1,161896,0,0
1217,1217,0,10590,14440,0,f6f1,295e,1478776283,1,1,161896,0,0
1218,1218,0,9156,14440,0,f6ed,23c4,1490587901,1,1,161896,0,0
1219,1219,0,8580,14440,0,f6e7,2184,1489016825,1,1,161896,0,0
1220,1220,0,7916,14440,0,f6e5,1eec,1493721270,1,1,161896,0,0
1221,1221,0,7337,14440,0,f6e4,1ca9,1492885905,1,1,161896,0,0
1222,1222,0,5844,14440,0,f6e4,16d4,1493953250,1,1,161896,0,0
1223,1223,0,5577,14440,0,f6e4,15c9,1505777567,1,1,161896,0,0
1224,1224,0,5565,14440,0,f6e5,15bd,1514568277,1,1,161896,0,0
1225,1225,0,5854,14440,0,f6e7,16de,1518531091,1,1,161896,0,0
1226,1226,0,7362,14440,0,f6e9,1cc2,1533305490,1,1,161896,0,0
1227,1227,0,7951,14440,0,f6ed,1f0f,1550975999,1,1,161896,0,0
1228,1228,0,16319,14440,0,f6f1,21bf,1557414958,1,1,161896,0,0
1229,1229,0,9141,14440,0,f6f6,23b5,1556253831,1,1,161896,0,0
1230,1230,0,11185,14440,0,f6fb,2bb1,1551746261,1,1,161896,0,0
1231,1231,0,11203,14440,0,f702,2bc3,1534087951,1,1,161896,0,0
1232,1232,0,10839,14440,0,f70a,2a57,1504474672,1,1,161896,0,0
1233,1233,0,10933,14440,0,f712,2ab5,1531288680,1,1,161896,0,0
1234,1234,0,10941,14440,0,f71b,2abd,1528560124,1,1,161896,0,0
1235,1235,0,8893,14440,0,f726,22bd,1520145246,1,1,161896,0,0
1236,1236,0,8298,14440,0,f731,206a,1516051125,1,1,161896,0,0
1237,1237,0,7615,14440,0,f73d,1dbf,1513095797,1,1,161896,0,0
1238,1238,0,6083,14440,0,f74a,17c3,1511089802,1,1,161896,0,0
1239,1239,0,5719,14440,0,f758,1657,1511500808,1,1,161896,0,0
1240,1240,0,5536,14440,0,f767,15a0,1513845745,1,1,161896,0,0
1241,1241,0,5706,14440,0,f777,164a,1516868552,1,1,161896,0,0
1242,1242,0,6053,14440,0,f788,17a5,1515829581,1,1,161896,0,0
1243,1243,0,7644,14440,0,f79a,1ddc,1512345656,1,1,161896,0,0
1244,1244,0,8263,14440,0,f7ad,2047,1507168904,1,1,161896,0,0
1245,1245,0,8843,14440,0,f7c1,228b,1497199492,1,1,161896,0,0
1246,1246,0,10421,14440,0,f7d7,28b5,1492044359,1,1,161896,0,0
1247,1247,0,10756,14440,0,f7ed,2a04,1496277285,1,1,161896,0,0
1248,1248,0,10829,14440,0,ffed,2a4d,1503077990,1,1,161896,0,0
1249,1249,0,10648,14440,0,f805,2998,1506067794,1,1,161896,0,0
1250,1250,0,9200,14440,0,f81f,23f0,1505053934,1,1,161896,0,0
1251,1251,0,8589,14440,0,f837,218d,1499385710,1,1,161896,0,0
1252,1252,0,8009,14440,0,f852,1f49,1481070985,1,1,161896,0,0
1253,1253,0,7400,14440,0,f86e,1ce8,1442039580,1,1,161896,0,0
1254,1254,0,5896,14440,0,f88b,1708,1443550986,1,1,161896,0,0
1255,1255,0,5599,14440,0,f8aa,15df,1467792690,1,1,161896,0,0
1256,1256,0,5562,14440,0,f8c9,15ba,1501684238,1,1,161896,0,0
1257,1257,0,5829,14440,0,f8ea,16c5,1514370622,1,1,161896,0,0
1258,1258,0,7283,14440,0,f90d,1c73,1515132147,1,1,161896,0,0
1259,1259,0,7911,14440,0,f930,1ee7,1511305484,1,1,161896,0,0
1260,1260,0,8612,14440,0,f955,21a4,1495619775,1,1,161896,0,0
1261,1261,0,9136,14440,0,f97b,23b0,1491294200,1,1,161896,0,0
1262,1262,0,10575,14440,0,f9a2,294f,1513368845,1,1,161896,0,0
1263,1263,0,11083,14440,0,f9ca,2a47,1514318245,1,1,161896,0,0
1264,1264,0,10794,14440,0,f9f4,2a2a,1505656674,1,1,161896,0,0
1265,1265,0,11051,14440,0,fa20,2b2b,1496938206,1,1,161896,0,0
1266,1266,0,10735,14440,0,fa4c,2bef,1493567448,1,1,161896,0,0
1267,1267,0,8959,14440,0,fa7a,22ff,1491688505,1,1,161896,0,0
1268,1268,0,11386,14440,0,faa9,2e7a,1495293178,1,1,161896,0,0
1269,1269,0,7716,14440,0,fada,1e2c,1500888850,1,1,161896,0,0
1270,1270,0,7773,14440,0,fb0c,1e5d,1498337292,1,1,161896,0,0
1271,1271,0,5757,14440,0,fb40,167d,1489199548,1,1,161896,0,0
1272,1272,0,5522,14440,0,fb75,1592,1483959902,1,1,161896,0,0
1273,1273,0,5625,14440,0,fbab,15f9,1480413629,1,1,161896,0,0
1274,1274,0,6019,14440,0,fbe3,1783,1482389984,1,1,161896,0,0
1275,1275,0,7565,14440,0,fc1c,1d8d,1493625988,1,1,161896,0,0
1276,1276,0,8171,14440,0,fc57,1feb,1500072424,1,1,161896,0,0
1277,1277,0,8824,14440,0,fc93,2278,1502149471,1,1,161896,0,0
1278,1278,0,10373,14440,0,fcd1,2885,1503389183,1,1,161896,0,0
1279,1279,0,10713,14440,0,fd10,29d9,1498629826,1,1,161896,0,0
1280,1280,0,10806,14440,0,fd51,2a36,1492187927,1,1,161896,0,0
1281,1281,0,10689,14440,0,fd93,29c1,1495330125,1,1,161896,0,0
1282,1282,0,10314,14440,0,fdd7,284a,1501941332,1,1,161896,0,0
1283,1283,0,8645,14440,0,fe1c,21c5,1506546652,1,1,161896,0,0
1284,1284,0,8042,14440,0,fe73,1f6a,1512223338,1,1,161896,0,0
1285,1285,0,7440,14440,0,fe63,1d10,1516530203,1,1,161896,0,0
1286,1286,0,5934,14440,0,fead,172e,1518927161,1,1,161896,0,0
1287,1287,0,5651,14440,0,fef5,1613,1519404001,1,1,161896,0,0
1288,1288,0,5590,14440,0,ff41,15d6,1516412410,1,1,161896,0,0
1289,1289,0,5742,14440,0,ff8e,166e,1509804064,1,1,161896,0,0
1290,1290,0,7231,14440,0,ffdc,1c3f,1494204687,1,1,161896,0,0
1291,1291,0,7877,14440,0,002d,1ec5,1483943890,1,1,161896,0,0
1292,1292,0,8509,14440,0,007e,213d,1493815937,1,1,161896,0,0
1293,1293,0,9029,14440,0,00d2,2345,1500049907,1,1,161896,0,0
1294,1294,0,10559,14440,0,0127,293f,1503099912,1,1,161896,0,0
1295,1295,0,10817,14440,0,017e,2a41,1501524842,1,1,161896,0,0
1296,1296,0,10819,14440,0,01d6,2a43,1495336387,1,1,161896,0,0
1297,1297,0,10536,14440,0,0230,2929,1496448416,1,1,161896,0,0
1298,1298,0,9051,14440,0,028c,235b,1506069241,1,1,161896,0,0
1299,1299,0,9151,14440,0,02e9,20bf,1519252148,1,1,161896,0,0
1300,1300,0,16062,14440,0,0348,1ebe,1528865766,1,1,161896,0,0
1301,1301,0,7741,14440,0,03a8,1e3d,1530575065,1,1,161896,0,0
1302,1302,0,7867,14440,0,040a,1ebb,1526810203,1,1,161896,0,0
1303,1303,0,6075,14440,0,046e,17ba,1518679181,1,1,161896,0,0
1304,1304,0,5623,14440,0,04d4,15f7,1503110753,1,1,161896,0,0
1305,1305,0,6102,14440,0,053b,17d6,1481832999,1,1,161896,0,0
1306,1306,0,7986,14440,0,05a3,1f32,1470051493,1,1,161896,0,0
1307,1307,0,7473,14440,0,060e,1d71,1461625082,1,1,161896,0,0
1308,1308,0,8138,14440,0,067a,1fca,1479211816,1,1,161896,0,0
1309,1309,0,8751,14440,0,06e8,222f,1476893302,1,1,161896,0,0
1310,1310,0,10326,14440,0,0757,2856,1461287114,1,1,161896,0,0
1311,1311,0,10671,14440,0,07c8,29af,1486927500,1,1,161896,0,0
1312,1312,0,10803,14440,0,083b,2a33,1490348013,1,1,161896,0,0
1313,1313,0,10725,14440,0,08af,29e5,1486695581,1,1,161896,0,0
1314,1314,0,10304,14440,0,0926,2840,1492422688,1,1,161896,0,0
1315,1315,0,8733,14440,0,099d,221d,1496697531,1,1,161896,0,0
1316,1316,0,8168,14440,0,0a17,1fe8,1497526607,1,1,161896,0,0
1317,1317,0,7473,14440,0,0a92,1d31,1501620047,1,1,161896,0,0
1318,1318,0,5944,14440,0,0b0e,1738,1497757723,1,1,161896,0,0
1319,1319,0,5650,14440,0,0b8d,1612,1487312752,1,1,161896,0,0
1320,1320,0,5585,14440,0,0f8d,15d1,1487094136,1,1,161896,0,0
1321,1321,0,5726,14440,0,0c0f,165e,1481577568,1,1,161896,0,0
1322,1322,0,7188,14440,0,0c8b,1c14,1478176031,1,1,161896,0,0
1323,1323,0,7783,14440,0,0d12,1e67,1469932077,1,1,161896,0,0
1324,1324,0,8429,14440,0,0d97,20ed,1469808327,1,1,161896,0,0
1325,1325,0,8991,14440,0,0e1d,231f,1460544492,1,1,161896,0,0
1326,1326,0,10553,14440,0,0ea5,2939,1477512191,1,1,161896,0,0
1327,1327,0,10786,14440,0,0f2f,2a22,1483788796,1,1,161896,0,0
1328,1328,0,10778,14440,0,0fbb,2a1a,1469472130,1,1,161896,0,0
1329,1329,0,10586,14440,0,1048,295a,1476915439,1,1,161896,0,0
1330,1330,0,9091,14440,0,10d6,2383,1447646360,1,1,161896,0,0
1331,1331,0,8483,14440,0,1166,2123,1471026467,1,1,161896,0,0
1332,1332,0,7803,14440,0,11f8,1e7b,1494042068,1,1,161896,0,0
1333,1333,0,7254,14440,0,128b,1c57,1500152377,1,1,161896,0,0
1334,1334,0,5798,14440,0,1320,16a6,1502829715,1,1,161896,0,0
1335,1335,0,6135,14440,0,13b7,15f7,1505881046,1,1,161896,0,0
1336,1336,0,5631,14440,0,144f,15ff,1498259598,1,1,161896,0,0
1337,1337,0,6127,14440,0,14e8,17af,1489583551,1,1,161896,0,0
1338,1338,0,8155,14440,0,1583,1fdb,1498574727,1,1,161896,0,0
1339,1339,0,8191,14440,0,1620,1fff,1502636166,1,1,161896,0,0
1340,1340,0,8053,14440,0,16be,1f75,1496817367,1,1,161896,0,0
1341,1341,0,10773,14440,0,175d,2a15,1497754626,1,1,161896,0,0
1342,1342,0,10277,14440,0,17fe,2925,1504149978,1,1,161896,0,0
1343,1343,0,10648,14440,0,18a1,2998,1504894200,1,1,161896,0,0
1344,1344,0,10841,14440,0,1945,2a59,1507544409,1,1,161896,0,0
1345,1345,0,10766,14440,0,19ea,2a0e,1510803969,1,1,161896,0,0
1346,1346,0,10349,14440,0,1a91,286d,1508424487,1,1,161896,0,0
1347,1347,0,8778,14440,0,1b39,224a,1506108074,1,1,161896,0,0
1348,1348,0,8210,14440,0,1be2,2012,1511943801,1,1,161896,0,0
1349,1349,0,7544,14440,0,1c8d,1d78,1514543570,1,1,161896,0,0
1350,1350,0,6009,14440,0,1d3a,1779,1513625532,1,1,161896,0,0
1351,1351,0,5707,14440,0,1de7,164b,1517623857,1,1,161896,0,0
1352,1352,0,5555,14440,0,1e96,15b3,1520270385,1,1,161896,0,0
1353,1353,0,5685,14440,0,1f46,1635,1518280945,1,1,161896,0,0
1354,1354,0,6073,14440,0,1ff8,17b9,1523862980,1,1,161896,0,0
1355,1355,0,7772,14440,0,22ba,1e5c,1531647840,1,1,161896,0,0
1356,1356,0,8375,14440,0,21ee,20b7,1533751220,1,1,161896,0,0
1357,1357,0,8941,14440,0,215b,22ed,1541093911,1,1,161896,0,0
1358,1358,0,10489,14440,0,2213,28f9,1553542540,1,1,161896,0,0
1359,1359,0,10779,14440,0,22ca,2a1b,1561203313,1,1,161896,0,0
1360,1360,0,10789,14440,0,2381,2a25,1560953780,1,1,161896,0,0
1361,1361,0,10620,14440,0,243a,297c,1552463076,1,1,161896,0,0
1362,1362,0,9149,14440,0,24f4,23bd,1532204991,1,1,161896,0,0
1363,1363,0,8505,14440,0,25af,2139,1519814958,1,1,161896,0,0
1364,1364,0,7877,14440,0,266b,1ec5,1546404903,1,1,161896,0,0
1365,1365,0,7330,14440,0,2728,1ca2,1544965605,1,1,161896,0,0
1366,1366,0,5848,14440,0,27e6,16d8,1533983444,1,1,161896,0,0
1367,1367,0,5559,14440,0,28a6,15b7,1527362522,1,1,161896,0,0
1368,1368,0,5580,14440,0,2966,15cc,1522090675,1,1,161896,0,0
1369,1369,0,5876,14440,0,2a27,16f4,1516507018,1,1,161896,0,0
1370,1370,0,7397,14440,0,2ae9,1cc5,1516945770,1,1,161896,0,0
1371,1371,0,8125,14440,0,2bac,1fbd,1517926730,1,1,161896,0,0
1372,1372,0,16319,14440,0,2c70,2fbf,1512724756,1,1,161896,0,0
1373,1373,0,9207,14440,0,2d35,23f7,1509053784,1,1,161896,0,0
1374,1374,0,11207,14440,0,2dfb,2bc7,1506058013,1,1,161896,0,0
1375,1375,0,11207,14440,0,2ec2,2bc7,1501640983,1,1,161896,0,0
1376,1376,0,11235,14440,0,2f89,2be3,1499152682,1,1,161896,0,0
1377,1377,0,10731,14440,0,3051,29eb,1502304091,1,1,161896,0,0
1378,1378,0,10443,14440,0,311a,2acb,1502032381,1,1,161896,0,0
1379,1379,0,8870,14440,0,31e4,22a6,1503494833,1,1,161896,0,0
1380,1380,0,8277,14440,0,32ae,2055,1503913005,1,1,161896,0,0
1381,1381,0,7580,14440,0,3379,1d9c,1497264205,1,1,161896,0,0
1382,1382,0,6040,14440,0,3444,1798,1495107760,1,1,161896,0,0
1383,1383,0,5704,14440,0,3511,1648,1497635026,1,1,161896,0,0
1384,1384,0,5541,14440,0,35dd,15a5,1498978417,1,1,161896,0,0
1385,1385,0,5706,14440,0,36ab,164a,1503726893,1,1,161896,0,0
1386,1386,0,6078,14440,0,3779,17be,1508130396,1,1,161896,0,0
1387,1387,0,7647,14440,0,3847,1ddf,1510288051,1,1,161896,0,0
1388,1388,0,8254,14440,0,3916,203e,1512656904,1,1,161896,0,0
1389,1389,0,8910,14440,0,39e5,22ce,1513591178,1,1,161896,0,0
1390,1390,0,10447,14440,0,3ab4,28cf,1509170728,1,1,161896,0,0
1391,1391,0,10757,14440,0,3bb4,2a05,1499308950,1,1,161896,0,0
1392,1392,0,10814,14440,0,3b84,2a3e,1476457064,1,1,161896,0,0
1393,1393,0,10611,14440,0,3c55,2973,1477672429,1,1,161896,0,0
1394,1394,0,9205,14440,0,3d25,23f5,1491171328,1,1,161896,0,0
1395,1395,0,8568,14440,0,3df6,2178,1495165022,1,1,161896,0,0
1396,1396,0,7950,14440,0,3ec7,1f0e,1493515758,1,1,161896,0,0
1397,1397,0,7385,14440,0,3f98,1cd9,1485197708,1,1,161896,0,0
1398,1398,0,5879,14440,0,4069,16f7,1477419094,1,1,161896,0,0
1399,1399,0,5609,14440,0,413b,15e9,1477458200,1,1,161896,0,0
1400,1400,0,5567,14440,0,420c,15bf,1491561799,1,1,161896,0,0
1401,1401,0,5810,14440,0,42de,16b2,1507459986,1,1,161896,0,0
1402,1402,0,7332,14440,0,43b0,1ca4,1514934005,1,1,161896,0,0
1403,1403,0,7952,14440,0,4481,1f10,1513193402,1,1,161896,0,0
1404,1404,0,8580,14440,0,4553,2184,1504445542,1,1,161896,0,0
1405,1405,0,9124,14440,0,4624,23a4,1489180038,1,1,161896,0,0
1406,1406,0,10596,14440,0,46f6,2964,1470319663,1,1,161896,0,0
1407,1407,0,11127,14440,0,47c7,2a77,1488586518,1,1,161896,0,0
1408,1408,0,10783,14440,0,4898,2a1f,1492955200,1,1,161896,0,0
1409,1409,0,10975,14440,0,4969,2adf,1493712182,1,1,161896,0,0
1410,1410,0,10998,14440,0,4a3a,2af6,1494884168,1,1,161896,0,0
1411,1411,0,8950,14440,0,4b0a,22f6,1494373070,1,1,161896,0,0
1412,1412,0,10388,14440,0,4bda,2c90,1487290862,1,1,161896,0,0
1413,1413,0,7662,14440,0,4ca9,1dee,1476527077,1,1,161896,0,0
1414,1414,0,7246,14440,0,4d79,1c4e,1489952298,1,1,161896,0,0
1415,1415,0,5713,14440,0,4e47,1651,1496139957,1,1,161896,0,0
1416,1416,0,5521,14440,0,4f16,1591,1499375445,1,1,161896,0,0
1417,1417,0,5664,14440,0,4fe4,1620,1505234785,1,1,161896,0,0
1418,1418,0,6020,14440,0,50b1,1784,1507995785,1,1,161896,0,0
1419,1419,0,7570,14440,0,517d,1d92,1501556296,1,1,161896,0,0
1420,1420,0,8194,14440,0,5249,2002,1485237902,1,1,161896,0,0
1421,1421,0,8856,14440,0,5315,2298,1463015223,1,1,161896,0,0
1422,1422,0,10378,14440,0,53e0,288a,1499234230,1,1,161896,0,0
1423,1423,0,10716,14440,0,54aa,29dc,1510928835,1,1,161896,0,0
1424,1424,0,10814,14440,0,5573,2a3e,1507845468,1,1,161896,0,0
1425,1425,0,10725,14440,0,563b,29e5,1499623955,1,1,161896,0,0
1426,1426,0,10268,14440,0,5703,281c,1486515914,1,1,161896,0,0
1427,1427,0,8666,14440,0,57c9,21da,1472301617,1,1,161896,0,0
1428,1428,0,8027,14440,0,5fcf,1f5b,1467729406,1,1,161896,0,0
1429,1429,0,7502,14440,0,588c,1d4e,1477001946,1,1,161896,0,0
1430,1430,0,5920,14440,0,5954,1720,1486598763,1,1,161896,0,0
1431,1431,0,5652,14440,0,5a18,1614,1486376157,1,1,161896,0,0
1432,1432,0,5563,14440,0,5adb,15bb,1483621036,1,1,161896,0,0
1433,1433,0,5705,14440,0,5b9d,1649,1475579509,1,1,161896,0,0
1434,1434,0,7252,14440,0,5c5d,1c54,1464681568,1,1,161896,0,0
1435,1435,0,7911,14440,0,5d1d,1ee7,1480609370,1,1,161896,0,0
1436,1436,0,8506,14440,0,5ddb,213a,1485649720,1,1,161896,0,0
1437,1437,0,9056,14440,0,5e99,2360,1488302044,1,1,161896,0,0
1438,1438,0,10583,14440,0,5f55,2957,1495962294,1,1,161896,0,0
1439,1439,0,10777,14440,0,600f,2a19,1491756826,1,1,161896,0,0
1440,1440,0,10799,14440,0,60c9,2a2f,1484553777,1,1,161896,0,0
1441,1441,0,10531,14440,0,6181,2923,1487647345,1,1,161896,0,0
1442,1442,0,9057,14440,0,6237,2361,1487278250,1,1,161896,0,0
1443,1443,0,9133,14440,0,62ed,20ad,1492256124,1,1,161896,0,0
1444,1444,0,16045,14440,0,63a0,1ead,1502613317,1,1,161896,0,0
1445,1445,0,7737,14440,0,6453,1e39,1506375620,1,1,161896,0,0
1446,1446,0,7837,14440,0,6504,1e9d,1505786564,1,1,161896,0,0
1447,1447,0,6077,14440,0,65b3,17bd,1506171562,1,1,161896,0,0
1448,1448,0,5557,14440,0,6661,15b5,1503664223,1,1,161896,0,0
1449,1449,0,5710,14440,0,670d,174e,1497442991,1,1,161896,0,0
1450,1450,0,5968,14440,0,67b7,1750,1493567192,1,1,161896,0,0
1451,1451,0,7493,14440,0,6860,1d45,1493129742,1,1,161896,0,0
1452,1452,0,8158,14440,0,6907,1fde,1499797310,1,1,161896,0,0
1453,1453,0,8796,14440,0,69ac,225c,1507451507,1,1,161896,0,0
1454,1454,0,10325,14440,0,6a50,2855,1511689720,1,1,161896,0,0
1455,1455,0,10693,14440,0,6af1,29c5,1512334274,1,1,161896,0,0
1456,1456,0,10813,14440,0,6b91,2a3d,1512749956,1,1,161896,0,0
1457,1457,0,10712,14440,0,6c2f,29d8,1514351502,1,1,161896,0,0
1458,1458,0,10315,14440,0,6ccb,284b,1518455340,1,1,161896,0,0
1459,1459,0,8739,14440,0,6d65,2223,1528153874,1,1,161896,0,0
1460,1460,0,8108,14440,0,6dfd,1fac,1539999558,1,1,161896,0,0
1461,1461,0,7429,14440,0,6e93,1d05,1547289848,1,1,161896,0,0
1462,1462,0,5971,14440,0,6f27,1753,1544496070,1,1,161896,0,0
1463,1463,0,5690,14440,0,6fa1,163a,1528395300,1,1,161896,0,0
1464,1464,0,5569,14440,0,7fb9,15c1,1488674537,1,1,161896,0,0
1465,1465,0,5706,14440,0,704f,164a,1526038128,1,1,161896,0,0
1466,1466,0,7180,14440,0,70d7,1c0c,1538608388,1,1,161896,0,0
1467,1467,0,7808,14440,0,7162,1e80,1535257868,1,1,161896,0,0
1468,1468,0,8418,14440,0,71ec,20e2,1527965200,1,1,161896,0,0
1469,1469,0,9024,14440,0,7273,2340,1525127506,1,1,161896,0,0
1470,1470,0,10522,14440,0,72f8,291a,1520955892,1,1,161896,0,0
1471,1471,0,10768,14440,0,737b,2a10,1514506751,1,1,161896,0,0
1472,1472,0,10807,14440,0,73fb,2a37,1505387423,1,1,161896,0,0
1473,1473,0,10584,14440,0,7479,2958,1501782717,1,1,161896,0,0
1474,1474,0,9061,14440,0,74f5,2365,1504007883,1,1,161896,0,0
1475,1475,0,8438,14440,0,756f,20f6,1504837452,1,1,161896,0,0
1476,1476,0,7786,14440,0,75e6,1e6a,1504301151,1,1,161896,0,0
1477,1477,0,7266,14440,0,765a,1c62,1502392121,1,1,161896,0,0
1478,1478,0,5806,14440,0,76cc,16ae,1494033698,1,1,161896,0,0
1479,1479,0,6062,14440,0,773c,15ae,1484802364,1,1,161896,0,0
1480,1480,0,6062,14440,0,77a9,17ae,1479666697,1,1,161896,0,0
1481,1481,0,5935,14440,0,7814,172f,1486941074,1,1,161896,0,0
1482,1482,0,6125,14440,0,787c,17ed,1493621092,1,1,161896,0,0
1483,1483,0,8178,14440,0,78e2,1ff2,1489615870,1,1,161896,0,0
1484,1484,0,8076,14440,0,7945,1f8c,1478859544,1,1,161896,0,0
1485,1485,0,8721,14440,0,79a5,2251,1464746344,1,1,161896,0,0
1486,1486,0,10311,14440,0,7a03,2947,1456052056,1,1,161896,0,0
1487,1487,0,10694,14440,0,7a5e,29c6,1443329651,1,1,161896,0,0
1488,1488,0,10813,14440,0,7ab7,2a3d,1467105401,1,1,161896,0,0
1489,1489,0,10723,14440,0,7b0d,29e3,1486064701,1,1,161896,0,0
1490,1490,0,10334,14440,0,7b60,285e,1493404355,1,1,161896,0,0
1491,1491,0,8840,14440,0,7bb1,2288,1494124549,1,1,161896,0,0
1492,1492,0,8208,14440,0,7bfe,2010,1478993814,1,1,161896,0,0
1493,1493,0,7511,14440,0,7c49,1d57,1477212942,1,1,161896,0,0
1494,1494,0,5969,14440,0,7c92,1751,1500791916,1,1,161896,0,0
1495,1495,0,5736,14440,0,7cd7,1668,1510317701,1,1,161896,0,0
1496,1496,0,5586,14440,0,7d1a,15d2,1511194928,1,1,161896,0,0
1497,1497,0,5707,14440,0,7d5a,164b,1507766850,1,1,161896,0,0
1498,1498,0,6079,14440,0,7d97,17bf,1500004483,1,1,161896,0,0
1499,1499,0,7709,14440,0,7d91,1e1d,1495026562,1,1,161896,0,0
1500,1500,0,8381,14440,0,7dd1,20bd,1491942404,1,1,161896,0,0
1501,1501,0,9004,14440,0,7e0d,232c,1485462254,1,1,161896,0,0
1502,1502,0,10469,14440,0,7e3d,28e5,1487389617,1,1,161896,0,0
1503,1503,0,10724,14440,0,7e6f,29e4,1499418198,1,1,161896,0,0
1504,1504,0,10781,14440,0,7e9e,2a1d,1505018182,1,1,161896,0,0
1505,1505,0,10632,14440,0,7eca,2988,1499809820,1,1,161896,0,0
1506,1506,0,9139,14440,0,7ef3,23b3,1486692532,1,1,161896,0,0
1507,1507,0,8505,14440,0,7f19,2139,1470876584,1,1,161896,0,0
1508,1508,0,7910,14440,0,7f3c,1ee6,1478983065,1,1,161896,0,0
1509,1509,0,7282,14440,0,7f5d,1c72,1494332547,1,1,161896,0,0
1510,1510,0,5818,14440,0,7f7a,16ba,1497803689,1,1,161896,0,0
1511,1511,0,5615,14440,0,7f95,15ef,1500431952,1,1,161896,0,0
1512,1512,0,5604,14440,0,7fac,15e4,1499750549,1,1,161896,0,0
1513,1513,0,5878,14440,0,7fc1,16d6,1494955455,1,1,161896,0,0
1514,1514,0,7894,14440,0,7fd3,1cc6,1484606110,1,1,161896,0,0
1515,1515,0,8142,14440,0,7fe1,1fce,1476576410,1,1,161896,0,0
1516,1516,0,16350,14440,0,7fed,3fde,1486478906,1,1,161896,0,0
1517,1517,0,9215,14440,0,7ff6,23ff,1496555392,1,1,161896,0,0
1518,1518,0,11247,14440,0,7ffc,2bef,1502779484,1,1,161896,0,0
1519,1519,0,10727,14440,0,7fff,29e7,1507956633,1,1,161896,0,0
1520,1520,0,10954,14440,0,7fff,2bca,1513848126,1,1,161896,0,0
1521,1521,0,10726,14440,0,7ffc,29e6,1507012029,1,1,161896,0,0
1522,1522,0,10410,14440,0,7ff6,28aa,1488431057,1,1,161896,0,0
1523,1523,0,8858,14440,0,7fed,229a,1502187230,1,1,161896,0,0
1524,1524,0,8260,14440,0,7fe1,2044,1520128917,1,1,161896,0,0
1525,1525,0,7573,14440,0,7fd3,1d95,1527138333,1,1,161896,0,0
1526,1526,0,6036,14440,0,7fc1,1794,1520407270,1,1,161896,0,0
1527,1527,0,5684,14440,0,7f95,1634,1509556698,1,1,161896,0,0
1528,1528,0,5539,14440,0,7f7a,15a3,1502671445,1,1,161896,0,0
1529,1529,0,5703,14440,0,7f5d,1647,1498336072,1,1,161896,0,0
1530,1530,0,6078,14440,0,7f3c,17be,1498423730,1,1,161896,0,0
1531,1531,0,7616,14440,0,7f19,1dc0,1504621612,1,1,161896,0,0
1532,1532,0,8271,14440,0,7ef3,204f,1505377969,1,1,161896,0,0
1533,1533,0,8958,14440,0,7eca,22fe,1498545768,1,1,161896,0,0
1534,1534,0,10489,14440,0,7e9e,28f9,1494644374,1,1,161896,0,0
1535,1535,0,10705,14440,0,7e9f,29d1,1490463435,1,1,161896,0,0
1536,1536,0,10768,14440,0,7e6d,2a10,1487751295,1,1,161896,0,0
1537,1537,0,10636,14440,0,7e39,298c,1499071625,1,1,161896,0,0
1538,1538,0,9200,14440,0,7e09,23f0,1503428600,1,1,161896,0,0
1539,1539,0,8576,14440,0,7dd1,2180,1504223223,1,1,161896,0,0
1540,1540,0,7942,14440,0,7d97,1f06,1507943402,1,1,161896,0,0
1541,1541,0,7348,14440,0,7d5a,1cb4,1506952733,1,1,161896,0,0
1542,1542,0,5805,14440,0,7d1a,16ad,1502377425,1,1,161896,0,0
1543,1543,0,5645,14440,0,7cd7,160d,1499370438,1,1,161896,0,0
1544,1544,0,5619,14440,0,7c92,15f3,1499069085,1,1,161896,0,0
1545,1545,0,5816,14440,0,7c49,16b8,1499369768,1,1,161896,0,0
1546,1546,0,7310,14440,0,7bfe,1c8e,1502377170,1,1,161896,0,0
1547,1547,0,7939,14440,0,7bb1,1f03,1506952637,1,1,161896,0,0
1548,1548,0,8591,14440,0,7b60,218f,1507943397,1,1,161896,0,0
1549,1549,0,9152,14440,0,7b0d,23c4,1504223224,1,1,161896,0,0
1550,1550,0,11168,14440,0,7ab7,29a0,1503428715,1,1,161896,0,0
1551,1551,0,11239,14440,0,7a5e,2be7,1499071539,1,1,161896,0,0
1552,1552,0,11247,14440,0,7a03,2bef,1487751296,1,1,161896,0,0
1553,1553,0,10751,14440,0,79a5,29ff,1490463529,1,1,161896,0,0
1554,1554,0,11007,14440,0,7945,2aff,1494644495,1,1,161896,0,0
1555,1555,0,8939,14440,0,78e2,22eb,1498545875,1,1,161896,0,0
1556,1556,0,8320,14440,0,787c,2c80,1505377984,1,1,161896,0,0
1557,1557,0,7646,14440,0,7814,1dde,1504621674,1,1,161896,0,0
1558,1558,0,6088,14440,0,77a9,17c8,1498423861,1,1,161896,0,0
1559,1559,0,5690,14440,0,773c,163a,1498336166,1,1,161896,0,0
1560,1560,0,5534,14440,0,76cc,159e,1502671446,1,1,161896,0,0
1561,1561,0,5684,14440,0,765a,1634,1509556928,1,1,161896,0,0
1562,1562,0,6023,14440,0,75e6,1787,1520407325,1,1,161896,0,0
1563,1563,0,7503,14440,0,756f,1d4f,1527138348,1,1,161896,0,0
1564,1564,0,8196,14440,0,74f5,2004,1520128914,1,1,161896,0,0
1565,1565,0,8911,14440,0,7479,22cf,1502187125,1,1,161896,0,0
1566,1566,0,10365,14440,0,73fb,287d,1488431186,1,1,161896,0,0
1567,1567,0,10725,14440,0,737b,29e5,1507012000,1,1,161896,0,0
1568,1568,0,10813,14440,0,72f8,2a3d,1513848123,1,1,161896,0,0
1569,1569,0,10641,14440,0,7273,2991,1507956567,1,1,161896,0,0
1570,1570,0,9213,14440,0,73fc,23fd,1502779540,1,1,161896,0,0
1571,1571,0,8662,14440,0,71ea,21d6,1496555445,1,1,161896,0,0
1572,1572,0,8064,14440,0,7167,1f80,1486478904,1,1,161896,0,0
1573,1573,0,7375,14440,0,70d3,1ccf,1476576489,1,1,161896,0,0
1574,1574,0,5876,14440,0,7049,16f4,1484606667,1,1,161896,0,0
1575,1575,0,5621,14440,0,6fb9,15f5,1494955549,1,1,161896,0,0
1576,1576,0,5582,14440,0,6f27,15ce,1499750552,1,1,161896,0,0
1577,1577,0,5753,14440,0,6e93,1679,1500431778,1,1,161896,0,0
1578,1578,0,7270,14440,0,6dfd,1c66,1497803835,1,1,161896,0,0
1579,1579,0,7882,14440,0,6d65,1eca,1494332684,1,1,161896,0,0
1580,1580,0,8528,14440,0,6ccb,2150,1478983050,1,1,161896,0,0
1581,1581,0,9115,14440,0,6c2f,239b,1470876502,1,1,161896,0,0
1582,1582,0,10593,14440,0,6b91,2961,1486692650,1,1,161896,0,0
1583,1583,0,10792,14440,0,6af1,2a28,1499809703,1,1,161896,0,0
1584,1584,0,10770,14440,0,6a50,2a12,1505018191,1,1,161896,0,0
1585,1585,0,10490,14440,0,69ac,28fa,1499418127,1,1,161896,0,0
1586,1586,0,11194,14440,0,6907,23ba,1487389680,1,1,161896,0,0
1587,1587,0,9150,14440,0,6860,23be,1485462189,1,1,161896,0,0
1588,1588,0,8446,14440,0,67b7,3efe,1491942447,1,1,161896,0,0
1589,1589,0,8179,14440,0,670d,1ff3,1495026535,1,1,161896,0,0
1590,1590,0,6131,14440,0,6661,17f3,1500004516,1,1,161896,0,0
1591,1591,0,6133,14440,0,65b3,17f5,1507766876,1,1,161896,0,0
1592,1592,0,5557,14440,0,6504,15b5,1511194930,1,1,161896,0,0
1593,1593,0,5707,14440,0,6453,174b,1510317647,1,1,161896,0,0
1594,1594,0,5991,14440,0,63a0,1767,1500791886,1,1,161896,0,0
1595,1595,0,7500,14440,0,62ed,1d4c,1477212930,1,1,161896,0,0
1596,1596,0,8137,14440,0,6237,1fc9,1478993802,1,1,161896,0,0
1597,1597,0,8798,14440,0,6181,225e,1494124541,1,1,161896,0,0
1598,1598,0,10360,14440,0,60c9,2878,1493404334,1,1,161896,0,0
1599,1599,0,10674,14440,0,600f,29b2,1486064704,1,1,161896,0,0
1600,1600,0,10804,14440,0,5f55,2a34,1467105417,1,1,161896,0,0
1601,1601,0,10685,14440,0,5e99,29bd,1443329473,1,1,161896,0,0
1602,1602,0,10295,14440,0,5ddb,2837,1456052252,1,1,161896,0,0
1603,1603,0,8734,14440,0,5d1d,221e,1464746437,1,1,161896,0,0
1604,1604,0,8090,14440,0,5c5d,1f9a,1478859610,1,1,161896,0,0
1605,1605,0,7427,14440,0,5b9d,1d03,1489616152,1,1,161896,0,0
1606,1606,0,5906,14440,0,5bdb,1712,1493621245,1,1,161896,0,0
1607,1607,0,5671,14440,0,5ad8,1627,1486941261,1,1,161896,0,0
1608,1608,0,5581,14440,0,5a1c,15cd,1479666702,1,1,161896,0,0
1609,1609,0,5738,14440,0,5954,166a,1484802017,1,1,161896,0,0
1610,1610,0,7205,14440,0,588f,1c25,1494033441,1,1,161896,0,0
1611,1611,0,7793,14440,0,57c9,1e71,1502391964,1,1,161896,0,0
1612,1612,0,8431,14440,0,5703,20ef,1504301083,1,1,161896,0,0
1613,1613,0,9073,14440,0,563b,2371,1504837450,1,1,161896,0,0
1614,1614,0,10560,14440,0,5573,2940,1504007896,1,1,161896,0,0
1615,1615,0,10741,14440,0,54aa,29f5,1501782741,1,1,161896,0,0
1616,1616,0,10795,14440,0,53e0,2a2b,1505387442,1,1,161896,0,0
1617,1617,0,10586,14440,0,5315,295a,1514506727,1,1,161896,0,0
1618,1618,0,9033,14440,0,5249,2349,1520955893,1,1,161896,0,0
1619,1619,0,8424,14440,0,517d,20e8,1525127492,1,1,161896,0,0
1620,1620,0,7793,14440,0,50b1,1e71,1527965202,1,1,161896,0,0
1621,1621,0,7797,14440,0,4fe4,1c65,1535257871,1,1,161896,0,0
1622,1622,0,7862,14440,0,4f16,16b6,1538608393,1,1,161896,0,0
1623,1623,0,6079,14440,0,4e47,17bf,1526038126,1,1,161896,0,0
1624,1624,0,5629,14440,0,4d79,15fd,1488674527,1,1,161896,0,0
1625,1625,0,6143,14440,0,4ca9,17ff,1528395324,1,1,161896,0,0
1626,1626,0,7991,14440,0,4bda,1f37,1544496069,1,1,161896,0,0
1627,1627,0,8085,14440,0,4b0a,1f95,1547289864,1,1,161896,0,0
1628,1628,0,8070,14440,0,4a3a,1f86,1539999558,1,1,161896,0,0
1629,1629,0,8770,14440,0,4969,2242,1528153890,1,1,161896,0,0
1630,1630,0,10304,14440,0,4898,2840,1518455390,1,1,161896,0,0
1631,1631,0,10718,14440,0,47c7,29de,1514351550,1,1,161896,0,0
1632,1632,0,10820,14440,0,46f6,2a44,1512749948,1,1,161896,0,0
1633,1633,0,10676,14440,0,4624,29b4,1512334296,1,1,161896,0,0
1634,1634,0,10322,14440,0,4553,2852,1511689804,1,1,161896,0,0
1635,1635,0,8792,14440,0,4481,2258,1507451547,1,1,161896,0,0
1636,1636,0,8186,14440,0,43b0,1ffa,1499797292,1,1,161896,0,0
1637,1637,0,7514,14440,0,42de,1d5a,1493129820,1,1,161896,0,0
1638,1638,0,5984,14440,0,420c,1760,1493567105,1,1,161896,0,0
1639,1639,0,5691,14440,0,413b,163b,1497443321,1,1,161896,0,0
1640,1640,0,5549,14440,0,4069,15ad,1503664220,1,1,161896,0,0
1641,1641,0,5722,14440,0,3f98,165a,1506171491,1,1,161896,0,0
1642,1642,0,7188,14440,0,3fdf,1c14,1505786291,1,1,161896,0,0
1643,1643,0,7732,14440,0,3ec6,1e34,1506375550,1,1,161896,0,0
1644,1644,0,8372,14440,0,3df4,20b4,1502613321,1,1,161896,0,0
1645,1645,0,8981,14440,0,3d25,2315,1492255884,1,1,161896,0,0
1646,1646,0,10551,14440,0,3c54,2937,1487278142,1,1,161896,0,0
1647,1647,0,10745,14440,0,3b84,29f9,1487647282,1,1,161896,0,0
1648,1648,0,10801,14440,0,3ab4,2a31,1484553790,1,1,161896,0,0
1649,1649,0,10601,14440,0,39e5,2969,1491756885,1,1,161896,0,0
1650,1650,0,9134,14440,0,3916,23ae,1495962208,1,1,161896,0,0
1651,1651,0,8521,14440,0,3847,2149,1488302100,1,1,161896,0,0
1652,1652,0,7830,14440,0,3779,1e96,1485649699,1,1,161896,0,0
1653,1653,0,7270,14440,0,36ab,1c66,1480609493,1,1,161896,0,0
1654,1654,0,5814,14440,0,35dd,16b6,1464681902,1,1,161896,0,0
1655,1655,0,5614,14440,0,3511,15ee,1475579802,1,1,161896,0,0
1656,1656,0,5666,14440,0,3444,1602,1483621034,1,1,161896,0,0
1657,1657,0,5851,14440,0,3379,16db,1486376084,1,1,161896,0,0
1658,1658,0,7931,14440,0,32ae,1cfb,1486598612,1,1,161896,0,0
1659,1659,0,8181,14440,0,31e4,1ff5,1477001805,1,1,161896,0,0
1660,1660,0,16373,14440,0,311a,3ff5,1467729442,1,1,161896,0,0
1661,1661,0,10749,14440,0,3051,29fd,1472301636,1,1,161896,0,0
1662,1662,0,10655,14440,0,2f89,299f,1486515988,1,1,161896,0,0
1663,1663,0,10744,14440,0,2ec2,29f8,1499623856,1,1,161896,0,0
1664,1664,0,10737,14440,0,2dfb,29f1,1507845484,1,1,161896,0,0
1665,1665,0,10693,14440,0,2d35,29c5,1510928840,1,1,161896,0,0
1666,1666,0,10425,14440,0,2c70,28b9,1499234245,1,1,161896,0,0
1667,1667,0,8874,14440,0,2bac,22aa,1463015088,1,1,161896,0,0
1668,1668,0,8212,14440,0,2ae9,2014,1485237891,1,1,161896,0,0
1669,1669,0,7548,14440,0,2a27,1d7c,1501556282,1,1,161896,0,0
1670,1670,0,6033,14440,0,2966,1791,1507995850,1,1,161896,0,0
1671,1671,0,5695,14440,0,28a6,163f,1505234862,1,1,161896,0,0
1672,1672,0,5589,14440,0,27e6,15d5,1499375444,1,1,161896,0,0
1673,1673,0,5700,14440,0,2728,1644,1496139763,1,1,161896,0,0
1674,1674,0,6064,14440,0,266b,17b0,1489951931,1,1,161896,0,0
1675,1675,0,7630,14440,0,25af,1dce,1476526924,1,1,161896,0,0
1676,1676,0,8314,14440,0,24f4,207a,1487290890,1,1,161896,0,0
1677,1677,0,8999,14440,0,243a,2327,1494373034,1,1,161896,0,0
1678,1678,0,10481,14440,0,25b9,28f1,1494884192,1,1,161896,0,0
1679,1679,0,10725,14440,0,2382,29e5,1493712117,1,1,161896,0,0
1680,1680,0,10811,14440,0,22ca,2a3b,1492955220,1,1,161896,0,0
1681,1681,0,10641,14440,0,2213,2991,1488586821,1,1,161896,0,0
1682,1682,0,9136,14440,0,215e,23b0,1470319600,1,1,161896,0,0
1683,1683,0,8567,14440,0,20aa,2177,1489180101,1,1,161896,0,0
1684,1684,0,7959,14440,0,1ff8,1f17,1504445534,1,1,161896,0,0
1685,1685,0,7278,14440,0,1f46,1c6e,1513193275,1,1,161896,0,0
1686,1686,0,5801,14440,0,1e96,16a9,1514934105,1,1,161896,0,0
1687,1687,0,5648,14440,0,1de7,1610,1507459991,1,1,161896,0,0
1688,1688,0,5620,14440,0,1d3a,15f4,1491561803,1,1,161896,0,0
1689,1689,0,5839,14440,0,1c8d,16cf,1477458033,1,1,161896,0,0
1690,1690,0,7348,14440,0,1be2,1cb4,1477419257,1,1,161896,0,0
1691,1691,0,7910,14440,0,1b39,1ee6,1485197660,1,1,161896,0,0
1692,1692,0,8610,14440,0,1a91,21a2,1493515746,1,1,161896,0,0
1693,1693,0,9186,14440,0,19ea,23e2,1495165063,1,1,161896,0,0
1694,1694,0,11262,14440,0,1945,2bfe,1491171591,1,1,161896,0,0
1695,1695,0,11135,14440,0,18a1,2b7f,1477672048,1,1,161896,0,0
1696,1696,0,11231,14440,0,17fe,2bdf,1476457038,1,1,161896,0,0
1697,1697,0,10702,14440,0,175d,29ce,1499308908,1,1,161896,0,0
1698,1698,0,10979,14440,0,16be,2ae2,1509170736,1,1,161896,0,0
1699,1699,0,8931,14440,0,1620,22e3,1513591192,1,1,161896,0,0
1700,1700,0,8280,14440,0,1583,2458,1512656908,1,1,161896,0,0
1701,1701,0,7645,14440,0,14e8,1ddd,1510288054,1,1,161896,0,0
1702,1702,0,6044,14440,0,144f,179c,1508130363,1,1,161896,0,0
1703,1703,0,5687,14440,0,13b7,1637,1503726931,1,1,161896,0,0
1704,1704,0,5601,14440,0,1320,15e1,1498978423,1,1,161896,0,0
1705,1705,0,5727,14440,0,128b,165f,1497635089,1,1,161896,0,0
1706,1706,0,6010,14440,0,11f8,177a,1495107684,1,1,161896,0,0
1707,1707,0,7566,14440,0,1166,1d8e,1497264163,1,1,161896,0,0
1708,1708,0,8245,14440,0,10d6,2035,1503912984,1,1,161896,0,0
1709,1709,0,8900,14440,0,1048,22c4,1503494828,1,1,161896,0,0
1710,1710,0,10412,14440,0,0fbb,28ac,1502032421,1,1,161896,0,0
1711,1711,0,10723,14440,0,0f2f,29e3,1502304094,1,1,161896,0,0
1712,1712,0,10828,14440,0,0ea5,2a4c,1499152673,1,1,161896,0,0
1713,1713,0,10629,14440,0,0e1d,2985,1501640999,1,1,161896,0,0
1714,1714,0,10250,14440,0,0e1f,280a,1506058126,1,1,161896,0,0
1715,1715,0,8675,14440,0,0d92,21e3,1509053810,1,1,161896,0,0
1716,1716,0,8011,14440,0,0d16,1f4b,1512724749,1,1,161896,0,0
1717,1717,0,7344,14440,0,0c8f,1cb0,1517926754,1,1,161896,0,0
1718,1718,0,5854,14440,0,0c0d,16de,1516945739,1,1,161896,0,0
1719,1719,0,5614,14440,0,0b8d,15ee,1516507156,1,1,161896,0,0
1720,1720,0,5612,14440,0,0b0e,15ec,1522090676,1,1,161896,0,0
1721,1721,0,5822,14440,0,0a92,16be,1527362490,1,1,161896,0,0
1722,1722,0,7324,14440,0,0a17,1c9c,1533983398,1,1,161896,0,0
1723,1723,0,7879,14440,0,099d,1ec7,1544965605,1,1,161896,0,0
1724,1724,0,8505,14440,0,0926,2139,1546404904,1,1,161896,0,0
1725,1725,0,9130,14440,0,08af,23aa,1519815009,1,1,161896,0,0
1726,1726,0,10635,14440,0,083b,298b,1532204989,1,1,161896,0,0
1727,1727,0,10770,14440,0,07c8,2a13,1552463090,1,1,161896,0,0
1728,1728,0,10710,14440,0,0757,29d6,1560953779,1,1,161896,0,0
1729,1729,0,10741,14440,0,06e8,28f5,1561203314,1,1,161896,0,0
1730,1730,0,11251,14440,0,067a,2bb3,1553542536,1,1,161896,0,0
1731,1731,0,9154,14440,0,060e,23c2,1541093895,1,1,161896,0,0
1732,1732,0,11456,14440,0,05a3,2cc0,1533751219,1,1,161896,0,0
1733,1733,0,7899,14440,0,053b,1e5b,1531647848,1,1,161896,0,0
1734,1734,0,6121,14440,0,04d4,17e9,1523863062,1,1,161896,0,0
1735,1735,0,5835,14440,0,046e,17db,1518280972,1,1,161896,0,0
1736,1736,0,5597,14440,0,040a,15dd,1520270385,1,1,161896,0,0
1737,1737,0,5676,14440,0,03a8,162c,1517623728,1,1,161896,0,0
1738,1738,0,6016,14440,0,0348,1780,1513625623,1,1,161896,0,0
1739,1739,0,7506,14440,0,02e9,1d52,1514543586,1,1,161896,0,0
1740,1740,0,8169,14440,0,028c,1fe9,1511943810,1,1,161896,0,0
1741,1741,0,8845,14440,0,0230,228d,1506108042,1,1,161896,0,0
1742,1742,0,10367,14440,0,01d6,287f,1508424462,1,1,161896,0,0
1743,1743,0,10721,14440,0,017e,29e1,1510803991,1,1,161896,0,0
1744,1744,0,10831,14440,0,0127,2a4f,1507544417,1,1,161896,0,0
1745,1745,0,10642,14440,0,00d2,2992,1504894106,1,1,161896,0,0
1746,1746,0,10258,14440,0,007e,2812,1504149968,1,1,161896,0,0
1747,1747,0,8766,14440,0,002d,223e,1497754842,1,1,161896,0,0
1748,1748,0,8089,14440,0,ffdc,1f99,1496817348,1,1,161896,0,0
1749,1749,0,7393,14440,0,ff9e,1ce1,1502636024,1,1,161896,0,0
1750,1750,0,5936,14440,0,ff89,1730,1498574822,1,1,161896,0,0
1751,1751,0,5636,14440,0,ff45,1604,1489583429,1,1,161896,0,0
1752,1752,0,5565,14440,0,fef1,15bd,1498259587,1,1,161896,0,0
1753,1753,0,5794,14440,0,feab,16a2,1505880995,1,1,161896,0,0
1754,1754,0,7242,14440,0,fe63,1c4a,1502829752,1,1,161896,0,0
1755,1755,0,7807,14440,0,fe1c,1e7f,1500152349,1,1,161896,0,0
1756,1756,0,8438,14440,0,fdd7,20f6,1494042046,1,1,161896,0,0
1757,1757,0,9097,14440,0,fd93,2389,1471026497,1,1,161896,0,0
1758,1758,0,10587,14440,0,fd51,295b,1447646158,1,1,161896,0,0
1759,1759,0,10758,14440,0,fd10,2a06,1476915398,1,1,161896,0,0
1760,1760,0,10767,14440,0,fcd1,2a0f,1469472227,1,1,161896,0,0
1761,1761,0,10517,14440,0,fc93,2915,1483788559,1,1,161896,0,0
1762,1762,0,9014,14440,0,fc57,2336,1477512206,1,1,161896,0,0
1763,1763,0,8463,14440,0,fc1c,210f,1460544206,1,1,161896,0,0
1764,1764,0,8047,14440,0,fbe3,1e67,1469808336,1,1,161896,0,0
1765,1765,0,7719,14440,0,fbab,1c27,1469932224,1,1,161896,0,0
1766,1766,0,7781,14440,0,fb75,1e65,1478176057,1,1,161896,0,0
1767,1767,0,6113,14440,0,fb40,17e1,1481577410,1,1,161896,0,0
1768,1768,0,6109,14440,0,fb0c,17dd,1487094154,1,1,161896,0,0
1769,1769,0,5981,14440,0,fada,175d,1487312843,1,1,161896,0,0
1770,1770,0,5966,14440,0,faa9,175e,1497757633,1,1,161896,0,0
1771,1771,0,8114,14440,0,fa7a,1fba,1501620066,1,1,161896,0,0
1772,1772,0,8090,14440,0,fa4c,1f9a,1497526568,1,1,161896,0,0
1773,1773,0,8758,14440,0,fa20,2236,1496697571,1,1,161896,0,0
1774,1774,0,10313,14440,0,f9f4,2849,1492422671,1,1,161896,0,0
1775,1775,0,10775,14440,0,f9ca,2a17,1486695570,1,1,161896,0,0
1776,1776,0,10796,14440,0,f9a2,2a2c,1490348027,1,1,161896,0,0
1777,1777,0,10664,14440,0,f97b,29a8,1486927506,1,1,161896,0,0
1778,1778,0,10335,14440,0,f955,285f,1461287176,1,1,161896,0,0
1779,1779,0,8779,14440,0,f930,224b,1476893267,1,1,161896,0,0
1780,1780,0,8090,14440,0,f90d,1f9a,1479211791,1,1,161896,0,0
1781,1781,0,7507,14440,0,f8ea,1d53,1461625751,1,1,161896,0,0
1782,1782,0,6012,14440,0,f8c9,177c,1470051387,1,1,161896,0,0
1783,1783,0,5653,14440,0,f8aa,1615,1481832982,1,1,161896,0,0
1784,1784,0,5538,14440,0,f88b,15a2,1503110748,1,1,161896,0,0
1785,1785,0,5756,14440,0,f8ee,167c,1518679185,1,1,161896,0,0
1786,1786,0,7219,14440,0,f86a,1c33,1526810186,1,1,161896,0,0
1787,1787,0,7764,14440,0,f857,1e54,1530575104,1,1,161896,0,0
1788,1788,0,8387,14440,0,f837,20c3,1528865760,1,1,161896,0,0
1789,1789,0,8977,14440,0,f81d,2311,1519252157,1,1,161896,0,0
1790,1790,0,10567,14440,0,f805,2947,1506069209,1,1,161896,0,0
1791,1791,0,10786,14440,0,f7ed,2a22,1496448471,1,1,161896,0,0
1792,1792,0,10816,14440,0,f7d7,2a40,1495336377,1,1,161896,0,0
1793,1793,0,10550,14440,0,f7c1,2936,1501524781,1,1,161896,0,0
1794,1794,0,9039,14440,0,f7ad,234f,1503099912,1,1,161896,0,0
1795,1795,0,8490,14440,0,f79a,212a,1500049918,1,1,161896,0,0
1796,1796,0,7880,14440,0,f788,1ec8,1493815945,1,1,161896,0,0
1797,1797,0,7272,14440,0,f777,1c68,1483944021,1,1,161896,0,0
1798,1798,0,5753,14440,0,f767,1679,1494204830,1,1,161896,0,0
1799,1799,0,5549,14440,0,f758,15ad,1509804147,1,1,161896,0,0
1800,1800,0,5603,14440,0,f74a,15e7,1516412410,1,1,161896,0,0
1801,1801,0,6115,14440,0,f73d,17e3,1519404145,1,1,161896,0,0
1802,1802,0,8183,14440,0,f731,1ff7,1518927248,1,1,161896,0,0
1803,1803,0,8181,14440,0,f726,1ff5,1516530312,1,1,161896,0,0
1804,1804,0,8045,14440,0,f71b,1f6d,1512223339,1,1,161896,0,0
1805,1805,0,8652,14440,0,f712,21dc,1506546760,1,1,161896,0,0
1806,1806,0,10751,14440,0,f70a,29ff,1501941360,1,1,161896,0,0
1807,1807,0,10742,14440,0,f702,29f6,1495330167,1,1,161896,0,0
1808,1808,0,10811,14440,0,f6fb,2a3b,1492187924,1,1,161896,0,0
1809,1809,0,10676,14440,0,f6f6,29b4,1498629950,1,1,161896,0,0
1810,1810,0,10404,14440,0,f6f1,28a4,1503389195,1,1,161896,0,0
1811,1811,0,8842,14440,0,f6ed,228a,1502149475,1,1,161896,0,0
1812,1812,0,8190,14440,0,f6e9,1ffe,1500072431,1,1,161896,0,0
1813,1813,0,7553,14440,0,f6e7,1d81,1493626125,1,1,161896,0,0
1814,1814,0,6019,14440,0,f6e5,1783,1482389938,1,1,161896,0,0
1815,1815,0,5656,14440,0,f6e4,1618,1480413752,1,1,161896,0,0
1816,1816,0,5541,14440,0,f6e4,15a5,1483959896,1,1,161896,0,0
1817,1817,0,5741,14440,0,f6e4,166d,1489199770,1,1,161896,0,0
1818,1818,0,6105,14440,0,f6e5,17d9,1498337304,1,1,161896,0,0
1819,1819,0,7693,14440,0,f6e7,1e0d,1500888812,1,1,161896,0,0
1820,1820,0,8340,14440,0,f6ea,2094,1495293190,1,1,161896,0,0
1821,1821,0,8955,14440,0,f6ed,22fb,1491688560,1,1,161896,0,0
1822,1822,0,10464,14440,0,f6e9,28e0,1493567492,1,1,161896,0,0
1823,1823,0,10741,14440,0,f6f5,29f5,1496938416,1,1,161896,0,0
1824,1824,0,10798,14440,0,f6f5,2a2e,1505656678,1,1,161896,0,0
1825,1825,0,10614,14440,0,f6fa,2976,1514318270,1,1,161896,0,0
1826,1826,0,9128,14440,0,f700,23a8,1513368876,1,1,161896,0,0
1827,1827,0,8532,14440,0,f707,2154,1491294286,1,1,161896,0,0
1828,1828,0,7999,14440,0,f70d,1f3f,1495619775,1,1,161896,0,0
1829,1829,0,7297,14440,0,f715,1c81,1511305512,1,1,161896,0,0
1830,1830,0,5854,14440,0,f71d,16de,1515132081,1,1,161896,0,0
1831,1831,0,5603,14440,0,f726,15e3,1514370661,1,1,161896,0,0
1832,1832,0,5584,14440,0,f72f,15d0,1501684232,1,1,161896,0,0
1833,1833,0,5860,14440,0,f738,16e4,1467792426,1,1,161896,0,0
1834,1834,0,7395,14440,0,f742,1ce3,1443549255,1,1,161896,0,0
1835,1835,0,7979,14440,0,f74d,1f2b,1442039896,1,1,161896,0,0
1836,1836,0,12207,14440,0,f758,21a7,1481071063,1,1,161896,0,0
1837,1837,0,9191,14440,0,f764,23e7,1499385722,1,1,161896,0,0
1838,1838,0,11253,14440,0,f770,2bb5,1505053923,1,1,161896,0,0
1839,1839,0,11187,14440,0,f77c,2bb3,1506067760,1,1,161896,0,0
1840,1840,0,11250,14440,0,f789,2bf2,1503077988,1,1,161896,0,0
1841,1841,0,10750,14440,0,f796,29fe,1496277148,1,1,161896,0,0
1842,1842,0,10495,14440,0,f7a4,2aff,1492044397,1,1,161896,0,0
1843,1843,0,8908,14440,0,f7b2,22cc,1497199382,1,1,161896,0,0
1844,1844,0,8268,14440,0,f7cf,204c,1507168908,1,1,161896,0,0
1845,1845,0,7644,14440,0,f7de,1ddc,1512345692,1,1,161896,0,0
1846,1846,0,6048,14440,0,f7ed,17a0,1515829512,1,1,161896,0,0
1847,1847,0,5683,14440,0,f7fd,1633,1516868544,1,1,161896,0,0
1848,1848,0,5609,14440,0,f80d,15e9,1513845752,1,1,161896,0,0
1849,1849,0,5700,14440,0,f81d,1644,1511500863,1,1,161896,0,0
1850,1850,0,6024,14440,0,f82d,1788,1511089820,1,1,161896,0,0
1851,1851,0,7625,14440,0,f83e,1dc9,1513095829,1,1,161896,0,0
1852,1852,0,8281,14440,0,f84f,2059,1516051138,1,1,161896,0,0
1853,1853,0,8897,14440,0,f860,22c1,1520145235,1,1,161896,0,0
1854,1854,0,10407,14440,0,f872,28a7,1528560166,1,1,161896,0,0
1855,1855,0,10736,14440,0,f884,29f0,1531288704,1,1,161896,0,0
1856,1856,0,10826,14440,0,f896,2a4a,1504474679,1,1,161896,0,0
1857,1857,0,10608,14440,0,f890,2970,1534087960,1,1,161896,0,0
1858,1858,0,9197,14440,0,f8aa,23ed,1551746236,1,1,161896,0,0
1859,1859,0,8631,14440,0,f8be,21b7,1556253824,1,1,161896,0,0
1860,1860,0,8022,14440,0,f8cd,1f56,1557414956,1,1,161896,0,0
1861,1861,0,7325,14440,0,f8df,1c9d,1550976032,1,1,161896,0,0
1862,1862,0,5867,14440,0,f8f2,16eb,1533305664,1,1,161896,0,0
1863,1863,0,5612,14440,0,f905,15ec,1518531341,1,1,161896,0,0
1864,1864,0,5555,14440,0,f918,15b3,1514568274,1,1,161896,0,0
1865,1865,0,5836,14440,0,f92b,16cc,1505777717,1,1,161896,0,0
1866,1866,0,7337,14440,0,f93f,1ca9,1493953459,1,1,161896,0,0
1867,1867,0,7898,14440,0,f952,1eda,1492885893,1,1,161896,0,0
1868,1868,0,8531,14440,0,f965,2153,1493721270,1,1,161896,0,0
1869,1869,0,9145,14440,0,f979,23b9,1489016745,1,1,161896,0,0
1870,1870,0,10668,14440,0,f98d,29ad,1490587778,1,1,161896,0,0
1871,1871,0,11071,14440,0,f9a1,2a3f,1478776454,1,1,161896,0,0
1872,1872,0,11263,14440,0,f9b4,29ff,1460795498,1,1,161896,0,0
1873,1873,0,10685,14440,0,f9c8,29bd,1477704722,1,1,161896,0,0
1874,1874,0,11229,14440,0,f9dc,2bdd,1480784414,1,1,161896,0,0
1875,1875,0,8957,14440,0,f9f0,22fd,1485320950,1,1,161896,0,0
1876,1876,0,11949,14440,0,fa04,2ead,1480637646,1,1,161896,0,0
1877,1877,0,7914,14440,0,fa18,1fea,1468764671,1,1,161896,0,0
1878,1878,0,6117,14440,0,fa2c,17e5,1468905981,1,1,161896,0,0
1879,1879,0,5745,14440,0,fa40,1671,1476191358,1,1,161896,0,0
1880,1880,0,5579,14440,0,fa54,15cb,1490356176,1,1,161896,0,0
1881,1881,0,5686,14440,0,fa68,1636,1499095572,1,1,161896,0,0
1882,1882,0,6023,14440,0,fa7c,1787,1495308408,1,1,161896,0,0
1883,1883,0,7534,14440,0,fa90,1d6e,1487931952,1,1,161896,0,0
1884,1884,0,8189,14440,0,faa4,1ffd,1493791860,1,1,161896,0,0
1885,1885,0,8847,14440,0,fab8,228f,1478863114,1,1,161896,0,0
1886,1886,0,10356,14440,0,facc,2874,1509598624,1,1,161896,0,0
1887,1887,0,10763,14440,0,fadf,2a0b,1530242749,1,1,161896,0,0
1888,1888,0,10824,14440,0,faf3,2a48,1537411930,1,1,161896,0,0
1889,1889,0,10631,14440,0,fb07,2987,1540495316,1,1,161896,0,0
1890,1890,0,10269,14440,0,fb1a,281d,1537536614,1,1,161896,0,0
1891,1891,0,8708,14440,0,fb2e,2204,1522085664,1,1,161896,0,0
1892,1892,0,8005,14440,0,fb41,1f45,1495239906,1,1,161896,0,0
1893,1893,0,7413,14440,0,fb45,1cf5,1479293425,1,1,161896,0,0
1894,1894,0,5905,14440,0,fb50,1711,1473929568,1,1,161896,0,0
1895,1895,0,5596,14440,0,fb68,15dc,1480264892,1,1,161896,0,0
1896,1896,0,5566,14440,0,fb7b,15be,1491025095,1,1,161896,0,0
1897,1897,0,5814,14440,0,fb8e,16b6,1493200841,1,1,161896,0,0
1898,1898,0,7272,14440,0,fba1,1c68,1484293510,1,1,161896,0,0
1899,1899,0,7849,14440,0,fbb4,1ea9,1445879350,1,1,161896,0,0
1900,1900,0,8447,14440,0,fbc7,20ff,1479379356,1,1,161896,0,0
1901,1901,0,9114,14440,0,fbda,239a,1498350216,1,1,161896,0,0
1902,1902,0,10590,14440,0,fbec,295e,1505152968,1,1,161896,0,0
1903,1903,0,10817,14440,0,fbfe,2a41,1505529442,1,1,161896,0,0
1904,1904,0,10816,14440,0,fc11,2a40,1503766878,1,1,161896,0,0
1905,1905,0,10464,14440,0,fc23,28e0,1501931620,1,1,161896,0,0
1906,1906,0,9011,14440,0,fc35,2333,1491820901,1,1,161896,0,0
1907,1907,0,9207,14440,0,fc47,20f7,1476671684,1,1,161896,0,0
1908,1908,0,7933,14440,0,fc58,1efd,1448131878,1,1,161896,0,0
1909,1909,0,8189,14440,0,fc6a,1ffd,1468878967,1,1,161896,0,0
1910,1910,0,6135,14440,0,fc7b,17f7,1479115067,1,1,161896,0,0
1911,1911,0,6135,14440,0,fc8d,17f7,1470804284,1,1,161896,0,0
1912,1912,0,5590,14440,0,fc9e,17d6,1470004968,1,1,161896,0,0
1913,1913,0,5996,14440,0,fcaf,177c,1476314519,1,1,161896,0,0
1914,1914,0,5972,14440,0,fcc0,1754,1470645207,1,1,161896,0,0
1915,1915,0,7482,14440,0,fcd0,1d3a,1431788108,1,1,161896,0,0
1916,1916,0,8081,14440,0,fce1,1f91,1464859230,1,1,161896,0,0
1917,1917,0,8760,14440,0,fcf1,2238,1479929905,1,1,161896,0,0
1918,1918,0,10368,14440,0,fd01,2880,1487653881,1,1,161896,0,0
1919,1919,0,10738,14440,0,fd11,29f2,1491949688,1,1,161896,0,0
1920,1920,0,10821,14440,0,fd21,2a45,1487124040,1,1,161896,0,0
1921,1921,0,10645,14440,0,fd30,2995,1463672044,1,1,161896,0,0
1922,1922,0,10302,14440,0,fd40,283e,1452332754,1,1,161896,0,0
1923,1923,0,8799,14440,0,fd4f,225f,1465100037,1,1,161896,0,0
1924,1924,0,8119,14440,0,fd5e,1fb7,1467078913,1,1,161896,0,0
1925,1925,0,7468,14440,0,fd6d,1d2c,1460836274,1,1,161896,0,0
1926,1926,0,5958,14440,0,fd7c,1746,1412549578,1,1,161896,0,0
1927,1927,0,5635,14440,0,fd8a,1603,1462992673,1,1,161896,0,0
1928,1928,0,5561,14440,0,fd99,15b9,1462982332,1,1,161896,0,0
1929,1929,0,5767,14440,0,fd9f,1687,1487271533,1,1,161896,0,0
1930,1930,0,7221,14440,0,fda5,1c35,1504261129,1,1,161896,0,0
1931,1931,0,7748,14440,0,fdb5,1e44,1510375616,1,1,161896,0,0
1932,1932,0,8447,14440,0,fdc3,20ff,1511189759,1,1,161896,0,0
1933,1933,0,9009,14440,0,fdd0,2331,1510306181,1,1,161896,0,0
1934,1934,0,10553,14440,0,fdde,2939,1503331271,1,1,161896,0,0
1935,1935,0,10805,14440,0,fdeb,2a35,1494833271,1,1,161896,0,0
1936,1936,0,10834,14440,0,fdf8,2a52,1491732200,1,1,161896,0,0
1937,1937,0,10526,14440,0,fe05,291e,1490756152,1,1,161896,0,0
1938,1938,0,9014,14440,0,fe12,2336,1484895129,1,1,161896,0,0
1939,1939,0,8489,14440,0,fe1e,2129,1472876948,1,1,161896,0,0
1940,1940,0,7895,14440,0,fe2a,1ed7,1482185546,1,1,161896,0,0
1941,1941,0,7243,14440,0,fe37,1c4b,1487729195,1,1,161896,0,0
1942,1942,0,5763,14440,0,fe43,1683,1485553235,1,1,161896,0,0
1943,1943,0,5573,14440,0,fe4e,15c5,1489658356,1,1,161896,0,0
1944,1944,0,5581,14440,0,fe5a,15cd,1501907610,1,1,161896,0,0
1945,1945,0,6127,14440,0,fe65,17af,1510407075,1,1,161896,0,0
1946,1946,0,8046,14440,0,fe71,1f6e,1514499088,1,1,161896,0,0
1947,1947,0,8042,14440,0,fe7c,1f6a,1518118969,1,1,161896,0,0
1948,1948,0,8040,14440,0,fe86,1f68,1519759464,1,1,161896,0,0
1949,1949,0,8675,14440,0,fe91,21e3,1514022455,1,1,161896,0,0
1950,1950,0,10452,14440,0,fe9c,29d4,1502404294,1,1,161896,0,0
1951,1951,0,10726,14440,0,fea6,29e6,1494589786,1,1,161896,0,0
1952,1952,0,10850,14440,0,feb0,2a62,1489676781,1,1,161896,0,0
1953,1953,0,10722,14440,0,feba,29e2,1497325475,1,1,161896,0,0
1954,1954,0,10344,14440,0,fec4,2868,1499815036,1,1,161896,0,0
1955,1955,0,8765,14440,0,fecd,223d,1495370154,1,1,161896,0,0
1956,1956,0,8218,14440,0,fed7,201a,1488904960,1,1,161896,0,0
1957,1957,0,7599,14440,0,fee0,1daf,1493101107,1,1,161896,0,0
1958,1958,0,6004,14440,0,fee9,1774,1505582354,1,1,161896,0,0
1959,1959,0,5612,14440,0,fef2,15ec,1523921227,1,1,161896,0,0
1960,1960,0,5548,14440,0,fefb,15ac,1533806799,1,1,161896,0,0
1961,1961,0,5790,14440,0,ff03,169e,1535378768,1,1,161896,0,0
1962,1962,0,6077,14440,0,ff0c,17bd,1534490004,1,1,161896,0,0
1963,1963,0,7685,14440,0,ff14,1e05,1531090478,1,1,161896,0,0
1964,1964,0,8351,14440,0,ff1c,209f,1523953083,1,1,161896,0,0
1965,1965,0,8970,14440,0,ff1c,230a,1517485288,1,1,161896,0,0
1966,1966,0,10456,14440,0,ff24,28d8,1518619799,1,1,161896,0,0
1967,1967,0,10791,14440,0,ff2c,2a27,1516668554,1,1,161896,0,0
1968,1968,0,10849,14440,0,ff33,2a61,1509394792,1,1,161896,0,0
1969,1969,0,10565,14440,0,ff3b,2945,1513464888,1,1,161896,0,0
1970,1970,0,9083,14440,0,ff42,237b,1519780136,1,1,161896,0,0
1971,1971,0,8538,14440,0,ff49,215a,1518743486,1,1,161896,0,0
1972,1972,0,7933,14440,0,ff50,1efd,1521649129,1,1,161896,0,0
1973,1973,0,7273,14440,0,ff57,1c69,1525189610,1,1,161896,0,0
1974,1974,0,5787,14440,0,ff5d,169b,1520085590,1,1,161896,0,0
1975,1975,0,5578,14440,0,ff64,15ca,1520479802,1,1,161896,0,0
1976,1976,0,5554,14440,0,ff6a,15b2,1527134080,1,1,161896,0,0
1977,1977,0,5906,14440,0,ff71,1712,1526534300,1,1,161896,0,0
1978,1978,0,7679,14440,0,ff77,1cff,1527636172,1,1,161896,0,0
1979,1979,0,7867,14440,0,ff7d,1ebf,1535935422,1,1,161896,0,0
1980,1980,0,16315,14440,0,ff82,2bbb,1535911576,1,1,161896,0,0
1981,1981,0,9213,14440,0,ff88,23fd,1534351182,1,1,161896,0,0
1982,1982,0,11260,14440,0,ff8e,2bfc,1541659638,1,1,161896,0,0
1983,1983,0,11219,14440,0,ff93,2bd3,1544640803,1,1,161896,0,0
1984,1984,0,10711,14440,0,ff98,2bd7,1544635552,1,1,161896,0,0
1985,1985,0,10926,14440,0,ff9d,2aae,1555908578,1,1,161896,0,0
1986,1986,0,10478,14440,0,ffa2,2aee,1561120978,1,1,161896,0,0
1987,1987,0,8813,14440,0,ffa7,226d,1530047859,1,1,161896,0,0
1988,1988,0,8235,14440,0,ffac,202b,1598392803,1,1,161896,0,0
1989,1989,0,7663,14440,0,ffb1,1def,1616459296,1,1,161896,0,0
1990,1990,0,6053,14440,0,ffb5,17a5,1620409442,1,1,161896,0,0
1991,1991,0,5645,14440,0,ffb9,160d,1620928184,1,1,161896,0,0
1992,1992,0,5520,14440,0,ffbe,1590,1616745212,1,1,161896,0,0
1993,1993,0,5732,14440,0,ffc2,1664,1598569806,1,1,161896,0,0
1994,1994,0,6101,14440,0,ffc6,17d5,1569606173,1,1,161896,0,0
1995,1995,0,7656,14440,0,ffca,1de8,1560438718,1,1,161896,0,0
1996,1996,0,8290,14440,0,ffce,2062,1553444700,1,1,161896,0,0
1997,1997,0,8898,14440,0,ffd1,22c2,1544324302,1,1,161896,0,0
1998,1998,0,10407,14440,0,ffd5,28a7,1544982184,1,1,161896,0,0
1999,1999,0,10761,14440,0,ffd8,2a09,1542541747,1,1,161896,0,0
2000,2000,0,10857,14440,0,ffdc,2a69,1535627569,1,1,161896,0,0
2001,2001,0,10617,14440,0,ffdf,2979,1536989453,1,1,161896,0,0
2002,2002,0,9189,14440,0,ffdb,23e5,1536661931,1,1,161896,0,0
2003,2003,0,8580,14440,0,ffe2,2184,1530629346,1,1,161896,0,0
2004,2004,0,7982,14440,0,ffe5,1f2e,1528786489,1,1,161896,0,0
2005,2005,0,7361,14440,0,ffe8,1cc1,1531464235,1,1,161896,0,0
2006,2006,0,5881,14440,0,ffeb,16f9,1527008400,1,1,161896,0,0
2007,2007,0,5581,14440,0,ffee,15cd,1523080512,1,1,161896,0,0
2008,2008,0,5544,14440,0,fff1,15a8,1527368268,1,1,161896,0,0
2009,2009,0,5837,14440,0,fff3,16cd,1523482923,1,1,161896,0,0
2010,2010,0,7376,14440,0,fff6,1cd0,1520072664,1,1,161896,0,0
2011,2011,0,7902,14440,0,fff8,1ede,1525728680,1,1,161896,0,0
2012,2012,0,8571,14440,0,fffb,217b,1522689684,1,1,161896,0,0
2013,2013,0,9169,14440,0,fffd,23d1,1518068918,1,1,161896,0,0
2014,2014,0,10613,14440,0,ffff,2975,1520090717,1,1,161896,0,0
2015,2015,0,11125,14440,0,0001,2a65,1519069894,1,1,161896,0,0
2016,2016,0,10775,14440,0,0003,2a17,1513062747,1,1,161896,0,0
2017,2017,0,10995,14440,0,0005,2af3,1511207630,1,1,161896,0,0
2018,2018,0,10983,14440,0,0007,2ae7,1487245839,1,1,161896,0,0
2019,2019,0,8951,14440,0,0008,22f7,1501728127,1,1,161896,0,0
2020,2020,0,11383,14440,0,000a,2e77,1505702840,1,1,161896,0,0
2021,2021,0,7902,14440,0,000c,1fde,1498107953,1,1,161896,0,0
2022,2022,0,6108,14440,0,000d,17dc,1483919409,1,1,161896,0,0
2023,2023,0,5688,14440,0,000f,1638,1510099964,1,1,161896,0,0
2024,2024,0,5557,14440,0,0010,15b5,1517055820,1,1,161896,0,0
2025,2025,0,5656,14440,0,0011,1618,1513012788,1,1,161896,0,0
2026,2026,0,6011,14440,0,0012,177b,1511125320,1,1,161896,0,0
2027,2027,0,7627,14440,0,0014,1dcb,1511302935,1,1,161896,0,0
2028,2028,0,8249,14440,0,0015,2039,1506329868,1,1,161896,0,0
2029,2029,0,8812,14440,0,0016,226c,1505052452,1,1,161896,0,0
2030,2030,0,10375,14440,0,0017,2887,1511805241,1,1,161896,0,0
2031,2031,0,10755,14440,0,0017,2a03,1513097518,1,1,161896,0,0
2032,2032,0,10815,14440,0,0018,2a3f,1512772333,1,1,161896,0,0
2033,2033,0,10675,14440,0,0019,29b3,1514308759,1,1,161896,0,0
2034,2034,0,10258,14440,0,001a,2812,1512380470,1,1,161896,0,0
2035,2035,0,8652,14440,0,001a,21cc,1510072653,1,1,161896,0,0
2036,2036,0,8000,14440,0,001b,1f40,1511246292,1,1,161896,0,0
2037,2037,0,7447,14440,0,001b,1d17,1512441549,1,1,161896,0,0
2038,2038,0,5937,14440,0,001b,1731,1511498859,1,1,161896,0,0
2039,2039,0,5596,14440,0,001b,15dc,1511585112,1,1,161896,0,0
2040,2040,0,5515,14440,0,001c,158b,1510506542,1,1,161896,0,0
2041,2041,0,5820,14440,0,001c,16bc,1502084979,1,1,161896,0,0
2042,2042,0,7262,14440,0,001c,1c5e,1502861148,1,1,161896,0,0
2043,2043,0,7844,14440,0,001c,1ea4,1509038364,1,1,161896,0,0
2044,2044,0,8497,14440,0,001c,2131,1510025377,1,1,161896,0,0
2045,2045,0,9113,14440,0,001c,2399,1511948716,1,1,161896,0,0
2046,2046,0,10553,14440,0,001c,2939,1519287639,1,1,161896,0,0
2047,2047,0,10813,14440,0,001c,2a3d,1524620836,1,1,161896,0,0
2048,2048,1,10799,8540,1,001c,2a2f,1528127573,1,1,237916,1,0
2049,2049,0,10503,8540,1,001c,2907,1529989924,1,1,237916,1,0
2050,2050,0,9211,8540,1,001c,22ff,1529706289,1,1,237916,1,0
2051,2051,0,8895,9404,1,001c,20b7,1523067294,1,1,255164,1,0
2052,2052,0,16063,9336,1,001c,1ebf,1562678290,1,1,304248,1,0
2053,2053,0,7741,6396,1,001c,1e3d,1625547030,1,1,301308,1,0
2054,2054,0,7773,12196,1,001c,1e5d,1654512105,1,1,290724,1,0
2055,2055,0,5742,16380,1,001c,176e,1664112154,1,1,245756,1,0
2056,2056,0,5526,10622,1,001c,1796,1510506542,0,1,223614,1,0
2057,2057,0,5709,9240,1,001c,174d,1510506542,0,1,205848,1,0
2058,2058,0,5974,15327,1,001c,1756,1510506542,0,1,162783,1,0
2059,2059,0,7523,15516,1,001c,1d63,1510506542,0,1,146588,1,0
2060,2060,0,8155,13696,1,001c,1fdb,1510506542,0,1,144768,1,0
2061,2061,0,8781,11678,1,001c,224d,1510506542,0,1,142750,1,0
2062,2062,0,10347,14680,1,001c,286b,1510506542,0,1,145752,1,0
2063,2063,0,10741,11995,1,001c,29f5,1510506542,0,1,175835,1,0
2064,2064,0,10810,11435,1,001c,2a3a,1510506542,0,1,191659,1,0
2065,2065,0,10680,15906,1,001c,29b8,1510506542,0,1,196130,1,0
2066,2066,0,10326,6185,1,001c,2856,1510506542,0,1,219177,1,0
2067,2067,0,8707,3028,1,001c,2203,1510506542,0,1,216020,1,0
2068,2068,0,8110,14050,1,001c,1fae,1510506542,0,1,194274,1,0
2069,2069,0,7477,384,1,001c,1d35,1510506542,0,1,180608,1,0
2070,2070,0,5927,15696,1,001c,1727,1510506542,0,1,146768,1,0
2071,2071,0,5620,13967,1,001c,15f4,1510506542,0,1,128655,1,0
2072,2072,0,5547,4890,1,001c,15ab,1510506542,0,1,103194,1,0
2073,2073,0,5794,6316,1,001c,16a2,1510506542,0,1,88236,1,0
2074,2074,0,7241,9618,1,001c,1c49,1510506542,0,1,58770,1,0
2075,2075,0,7768,11920,1,001c,1e58,1510506542,0,1,44688,1,0
2076,2076,0,8447,6012,1,001c,20ff,1510506542,0,1,38780,1,0
2077,2077,0,9037,12911,1,001c,234d,1510506542,0,1,29295,1,0
2078,2078,0,10548,5519,1,001c,2934,1510506542,0,1,21903,1,0
2079,2079,0,10796,7924,1,001c,2a2c,1510506542,0,1,7924,1,0
2080,2080,0,10799,7780,1,001c,2a2f,1510506542,0,1,-8604,1,0
2081,2081,0,10553,5315,1,001c,2939,1510506542,0,1,-27453,1,0
2082,2082,0,9042,12611,1,001c,2352,1510506542,0,1,-52925,1,0
2083,2083,0,8481,11744,1,001c,2121,1510506542,0,1,-86560,1,0
2084,2084,0,7791,6878,1,001c,1e6f,1510506542,0,1,-107810,1,0
2085,2085,0,7187,11723,1,001c,1c13,1510506542,0,1,-135733,1,0
2086,2086,0,5787,14211,1,001c,168b,1510506542,0,1,-133245,1,0
2087,2087,0,6109,14134,1,001c,15dd,1510506542,0,1,-149706,1,0
2088,2088,0,5630,2392,1,001c,15fe,1510506542,0,1,-161448,1,0
2089,2089,0,6142,1416,1,001c,17fe,1510506542,0,1,-146040,1,0
2090,2090,0,8024,9832,1,001c,1f58,1510506542,0,1,-154008,1,0
2091,2091,0,8166,13574,1,001c,1fe6,1510506542,0,1,-166650,1,0
2092,2092,0,8102,10158,1,001c,1fa6,1510506542,0,1,-186450,1,0
2093,2093,0,8780,12188,1,001c,2a5c,1510506542,0,1,-217188,1,0
2094,2094,0,10328,6576,1,001c,2958,1510506542,0,1,-304720,1,0
2095,2095,0,10622,7891,1,001c,297e,1510506542,0,1,-352557,1,0
2096,2096,0,10825,11021,1,001c,2a49,1510506542,0,1,-414963,1,0
2097,2097,0,10726,2538,1,001c,29e6,1510506542,0,1,-521750,1,0
2098,2098,0,10365,8676,1,001c,287d,1510506542,0,1,-581148,1,0
2099,2099,0,8740,10256,1,001c,2224,1510506542,0,1,-628720,1,0
2100,2100,0,8191,12870,1,001c,1fff,1510506542,0,1,-658874,1,0
2101,2101,0,7553,10836,1,001c,1d81,1510506542,0,1,-677292,1,0
2102,2102,0,6001,10288,1,001c,1771,1510506542,0,1,-612304,1,0
2103,2103,0,5663,6058,1,001c,161f,1510506542,0,1,-600150,1,0
2104,2104,0,5517,1195,1,001c,158d,1510506542,0,1,-588629,1,0
2105,2105,0,5717,12304,1,001c,1655,1510506542,0,1,-495600,1,0
2106,2106,0,6119,12886,1,001c,17e7,1510506542,0,1,-495018,1,0
2107,2107,0,7772,15776,1,001c,1e5c,1510506542,0,1,-524896,1,0
2108,2108,0,8363,14337,1,001c,20ab,1510506542,0,1,-575487,1,0
2109,2109,0,8914,1744,1,001c,22d2,1510506542,0,1,-751920,1,0
2110,2110,0,10487,10195,1,001c,28f7,1510506542,0,1,-858157,1,0
2111,2111,0,10805,11988,1,001c,2a35,1510506542,0,1,-971052,1,0
2112,2112,0,10830,8608,1,001c,2a4e,1510506542,0,1,-1089120,1,0
2113,2113,0,10541,10156,1,001c,292d,1510506542,0,1,-1333332,1,0
2114,2114,0,9047,7333,1,001c,2357,1510506542,0,1,-1418075,1,0
2115,2115,0,8513,12440,1,001c,2141,1510506542,0,1,-1478504,1,0
2116,2116,0,7889,8974,1,001c,1ed1,1510506542,0,1,-1498354,1,0
2117,2117,0,7290,15122,1,001c,1c7a,1510506542,0,1,-1344750,1,0
2118,2118,0,5831,320,1,001c,16c7,1510506542,0,1,-1310400,1,0
2119,2119,0,5562,2230,1,001c,15ba,1510506542,0,1,-1259338,1,0
2120,2120,0,5580,13014,1,001c,15cc,1510506542,0,1,-1215786,1,0
2121,2121,0,5898,6448,1,001c,170a,1510506542,0,1,-1009360,1,0
2122,2122,0,8187,890,1,001c,1cf2,1510506542,0,1,-1014918,1,0
2123,2123,0,8125,12214,1,001c,1fbd,1510506542,0,1,-1069130,1,0
2124,2124,0,16381,12850,1,001c,3ffd,1510506542,0,1,-1183182,1,0
2125,2125,0,9213,7910,1,001c,23fd,1510506542,0,1,-1548570,1,0
2126,2126,0,11261,11448,1,001c,2bfd,1510506542,0,1,-1725256,1,0
2127,2127,0,11236,14796,1,001c,2be4,1510506542,0,1,-1934900,1,0
2128,2128,0,10948,9952,1,001c,2bd0,1510506542,0,1,-2365728,1,0
2129,2129,0,10742,6532,1,001c,29f6,1510506542,0,1,-2532988,1,0
2130,2130,0,10402,4332,1,001c,28e2,1510506542,0,1,-2633492,1,0
2131,2131,0,8810,14162,1,001c,226a,1510506542,0,1,-2705582,1,0
2132,2132,0,8227,12189,1,001c,2023,1510506542,0,1,-2691171,1,0
2133,2133,0,7594,9486,1,001c,1daa,1510506542,0,1,-2349810,1,0
2134,2134,0,6026,1650,1,001c,178a,1510506542,0,1,-2259342,1,0
2135,2135,0,5678,11040,1,001c,162e,1510506542,0,1,-2151648,1,0
2136,2136,0,5547,14202,1,001c,15ab,1510506542,0,1,-1755270,1,0
2137,2137,0,5676,14741,1,001c,162c,1510506542,0,1,-1721963,1,0
2138,2138,0,6082,8088,1,001c,17c2,1510506542,0,1,-1761384,1,0
2139,2139,0,7683,15612,1,001c,1e03,1510506542,0,1,-1884932,1,0
2140,2140,0,8316,14368,1,001c,207c,1510506542,0,1,-2410464,1,0
2141,2141,0,8894,9526,1,001c,22be,1510506542,0,1,-2710218,1,0
2142,2142,0,10427,14296,1,001c,28bb,1510506542,0,1,-3016744,1,0
2143,2143,0,10803,3134,1,001c,2a33,1510506542,0,1,-3322818,1,0
2144,2144,0,10836,3996,1,001c,2a54,1510506542,0,1,-3977316,1,0
2145,2145,0,10574,8948,1,001c,294e,1510506542,0,1,-4185356,1,0
2146,2146,0,9150,12186,1,001c,23be,1510506542,0,1,-4313190,1,0
2147,2147,0,8560,4944,1,001c,2170,1510506542,0,1,-4320432,1,0
2148,2148,0,7936,6390,1,001c,1f00,1510506542,0,1,-3811082,1,0
2149,2149,0,7337,6188,1,001c,1ca9,1510506542,0,1,-3663828,1,0
2150,2150,0,5889,2044,1,001c,1701,1510506542,0,1,-3454980,1,0
2151,2151,0,5569,15055,1,001c,15c1,1510506542,0,1,-3294513,1,0
2152,2152,0,5553,1264,1,001c,15b1,1510506542,0,1,-2718480,1,0
2153,2153,0,5884,4650,1,001c,16fc,1510506542,0,1,-2665942,1,0
2154,2154,0,7382,10482,1,001c,1cd6,1510506542,0,1,-2774798,1,0
2155,2155,0,7926,3583,1,001c,1ef6,1510506542,0,1,-3011073,1,0
2156,2156,0,8566,13168,1,001c,2176,1510506542,0,1,-3869840,1,0
2157,2157,0,9186,1958,1,001c,23e2,1510506542,0,1,-4290650,1,0
2158,2158,0,11171,13180,1,001c,29a3,1510506542,0,1,-4770948,1,0
2159,2159,0,11191,5056,1,001c,2ab7,1510506542,0,1,-5794880,1,0
2160,2160,0,10812,3965,1,001c,2a3c,1510506542,0,1,-6123651,1,0
2161,2161,0,10991,6291,1,001c,2aef,1510506542,0,1,-6334317,1,0
2162,2162,0,10991,5364,1,001c,2aef,1510506542,0,1,-6449932,1,0
2163,2163,0,8951,15727,1,001c,22f7,1510506542,0,1,-6341265,1,0
2164,2164,0,11383,2608,1,001c,2d7f,1510506542,0,1,-5518800,1,0
2165,2165,0,7663,11592,1,001c,1fef,1510506542,0,1,-5264056,1,0
2166,2166,0,6077,7354,1,001c,17bd,1510506542,0,1,-4956998,1,0
2167,2167,0,5712,410,1,001c,1650,1510506542,0,1,-4013670,1,0
2168,2168,0,5545,493,1,001c,15a9,1510506542,0,1,-3882515,1,0
2169,2169,0,5641,1728,1,001c,1609,1510506542,0,1,-3930432,1,0
2170,2170,0,6048,2992,1,001c,17a0,1510506542,0,1,-4142160,1,0
2171,2171,0,7639,6665,1,001c,1dd7,1510506542,0,1,-4498935,1,0
2172,2172,0,8265,13956,1,001c,2049,1510506542,0,1,-5818748,1,0
2173,2173,0,8866,437,1,001c,22a2,1510506542,0,1,-6422091,1,0
2174,2174,0,10405,1370,1,001c,28a5,1510506542,0,1,-7010982,1,0
2175,2175,0,10713,10707,1,001c,29d9,1510506542,0,1,-8427053,1,0
2176,2176,0,10835,11968,1,001c,2a53,1510506542,0,1,-8966464,1,0
2177,2177,0,10715,1792,1,001c,29db,1510506542,0,1,-8616192,1,0
2178,2178,0,9203,9839,1,001c,23f3,1510506542,0,1,-7444881,1,0
2179,2179,0,8588,140,1,001c,218c,1510506542,0,1,-7061364,1,0
2180,2180,0,8013,13510,1,001c,1f4d,1510506542,0,1,-6638394,1,0
2181,2181,0,7436,9896,1,001c,1d0c,1510506542,0,1,-5413208,1,0
2182,2182,0,5886,7806,1,001c,16fe,1510506542,0,1,-5202306,1,0
2183,2183,0,5611,2680,1,001c,15eb,1510506542,0,1,-5223816,1,0
2184,2184,0,5536,717,1,001c,15a0,1510506542,0,1,-5438771,1,0
2185,2185,0,5801,15307,1,001c,16a9,1510506542,0,1,-5964853,1,0
2186,2186,0,7307,1544,1,001c,1c8b,1510506542,0,1,-7682552,1,0
2187,2187,0,7879,14477,1,001c,1ec7,1510506542,0,1,-8439667,1,0
2188,2188,0,8554,6672,1,001c,216a,1510506542,0,1,-9184752,1,0
2189,2189,0,9111,5564,1,001c,2397,1510506542,0,1,-10988100,1,0
2190,2190,0,10570,11036,1,001c,294a,1510506542,0,1,-11424996,1,0
2191,2191,0,10807,13309,1,001c,2a37,1510506542,0,1,-11652099,1,0
2192,2192,0,10808,11892,1,001c,2a39,1510506542,0,1,-11669900,1,0
2193,2193,0,10559,10503,1,001c,292f,1510506542,0,1,-10213113,1,0
2194,2194,0,9199,2212,1,001c,22ef,1510506542,0,1,-9647964,1,0
2195,2195,0,8895,4885,1,001c,22bf,1510506542,0,1,-9088235,1,0
2196,2196,0,16023,3864,1,001c,3e97,1510506542,0,1,-8597736,1,0
2197,2197,0,8159,15124,1,001c,1fdf,1510506542,0,1,-6964460,1,0
2198,2198,0,6109,883,1,001c,17dd,1510506542,0,1,-6749325,1,0
2199,2199,0,6105,3990,1,001c,17d9,1510506542,0,1,-6926442,1,0
2200,2200,0,5596,780,1,001c,15dc,1510506542,0,1,-7421172,1,0
2201,2201,0,5597,4914,1,001c,17dd,1510506542,0,1,-9366734,1,0
2202,2202,0,5941,4648,1,001c,1735,1510506542,0,1,-10333656,1,0
2203,2203,0,7562,7052,1,001c,1d8a,1510506542,0,1,-11412596,1,0
2204,2204,0,8200,3264,1,001c,2008,1510506542,0,1,-13660992,1,0
2205,2205,0,8800,11880,1,001c,2260,1510506542,0,1,-14356888,1,0
2206,2206,0,10347,11132,1,001c,286b,1510506542,0,1,-14849156,1,0
2207,2207,0,10691,7120,1,001c,29c3,1510506542,0,1,-14951472,1,0
2208,2208,0,10843,6000,1,001c,2a5b,1510506542,0,1,-14690448,1,0
2209,2209,0,10698,10880,1,001c,29ca,1510506542,0,1,-12670336,1,0
2210,2210,0,10294,8280,1,001c,2836,1510506542,0,1,-11984808,1,0
2211,2211,0,8645,3776,1,001c,21c5,1510506542,0,1,-11120960,1,0
2212,2212,0,8038,14580,1,001c,1f66,1510506542,0,1,-8914700,1,0
2213,2213,0,7535,5880,1,001c,1d6f,1510506542,0,1,-8595720,1,0
2214,2214,0,5945,2356,1,001c,1739,1510506542,0,1,-8550092,1,0
2215,2215,0,5593,5264,1,001c,15d9,1510506542,0,1,-8776560,1,0
2216,2216,0,5549,12068,1,001c,15ad,1510506542,0,1,-9556188,1,0
2217,2217,0,5767,12288,1,001c,1687,1510506542,0,1,-12226560,1,0
2218,2218,0,7243,4252,1,001c,1c4b,1510506542,0,1,-13365092,1,0
2219,2219,0,7846,11889,1,001c,1ea6,1510506542,0,1,-14537103,1,0
2220,2220,0,8492,10581,1,001c,212c,1510506542,0,1,-17290923,1,0
2221,2221,0,9045,2988,1,001c,2355,1510506542,0,1,-17986644,1,0
2222,2222,0,10557,8742,1,001c,293d,1510506542,0,1,-18259418,1,0
2223,2223,0,10808,9656,1,001c,2a38,1510506542,0,1,-18160200,1,0
2224,2224,0,10826,7334,1,001c,2a4a,1510506542,0,1,-15868762,1,0
2225,2225,0,10520,2430,1,001c,2918,1510506542,0,1,-14988930,1,0
2226,2226,0,9014,9768,1,001c,2336,1510506542,0,1,-14014936,1,0
2227,2227,0,8437,9995,1,001c,20f5,1510506542,0,1,-13179125,1,0
2228,2228,0,7755,2450,1,001c,1e4b,1510506542,0,1,-10548846,1,0
2229,2229,0,7742,9173,1,001c,1c36,1510506542,0,1,-10181675,1,0
2230,2230,0,7863,1729,1,001c,16b7,1510506542,0,1,-10271039,1,0
2231,2231,0,6091,13832,1,001c,17cb,1510506542,0,1,-10881528,1,0
2232,2232,0,5615,13048,1,001c,15ef,1510506542,0,1,-13782280,1,0
2233,2233,0,6143,14548,1,001c,17ff,1510506542,0,1,-15058732,1,0
2234,2234,0,8062,1732,1,001c,1f7e,1510506542,0,1,-16464188,1,0
2235,2235,0,8126,576,1,001c,1fbe,1510506542,0,1,-8961472,1,0
2236,2236,0,8076,3392,1,001c,1f8c,1510506542,0,1,-20640448,1,0
2237,2237,0,8753,15336,1,001c,2271,1510506542,0,1,-17941528,1,0
2238,2238,0,10327,5940,1,001c,2857,1510506542,0,1,-16853196,1,0
2239,2239,0,10684,4,1,001c,29bc,1510506542,0,1,-15679484,1,0
2240,2240,0,10789,14976,1,001c,2a25,1510506542,0,1,-14730624,1,0
2241,2241,0,10755,4487,1,001c,2a03,1510506542,0,1,-11923065,1,0
2242,2242,0,10366,3830,1,001c,287e,1510506542,0,1,-11383050,1,0
2243,2243,0,8744,6829,1,001c,2228,1510506542,0,1,-11511123,1,0
2244,2244,0,8136,36,1,001c,1fc8,1510506542,0,1,-12287964,1,0
2245,2245,0,7512,11351,1,001c,1d58,1510506542,0,1,-15553449,1,0
2246,2246,0,6007,15040,1,001c,1777,1510506542,0,1,-17007936,1,0
2247,2247,0,5703,14462,1,001c,1647,1510506542,0,1,-18417538,1,0
2248,2248,0,5524,13876,1,001c,1594,1510506542,0,1,-21924300,1,0
2249,2249,0,5720,11340,1,001c,1658,1510506542,0,1,-22991796,1,0
2250,2250,0,6137,2472,1,001c,17f9,1510506542,0,1,-23524952,1,0
2251,2251,0,7772,7268,1,001c,1e5c,1510506542,0,1,-23454620,1,0
2252,2252,0,8426,3264,1,001c,20ea,1510506542,0,1,-22770496,1,0
2253,2253,0,8991,15724,1,001c,231f,1510506542,0,1,-19366548,1,0
2254,2254,0,10494,6104,1,001c,28fe,1510506542,0,1,-18262056,1,0
2255,2255,0,10752,12197,1,001c,2a00,1510506542,0,1,-16945243,1,0
2256,2256,0,10797,13594,1,001c,2a2d,1510506542,0,1,-13421286,1,0
2257,2257,0,10575,10536,1,001c,294f,1510506542,0,1,-12703448,1,0
2258,2258,0,9116,13596,1,001c,239c,1510506542,0,1,-12503780,1,0
2259,2259,0,8496,6244,1,001c,2130,1510506542,0,1,-12920732,1,0
2260,2260,0,7827,7032,1,001c,1e93,1510506542,0,1,-13886600,1,0
2261,2261,0,7247,3618,1,001c,1c4f,1510506542,0,1,-17592798,1,0
2262,2262,0,5817,12703,1,001c,16b9,1510506542,0,1,-18976353,1,0
2263,2263,0,5569,3017,1,001c,15c1,1510506542,0,1,-20395063,1,0
2264,2264,0,5583,11008,1,001c,15cf,1510506542,0,1,-24139008,1,0
2265,2265,0,5898,2736,1,001c,170e,1510506542,0,1,-24966480,1,0
2266,2266,0,8184,2120,1,001c,1cf8,1510506542,0,1,-24983480,1,0
2267,2267,0,8184,1406,1,001c,1ff8,1510506542,0,1,-24558210,1,0
2268,2268,0,8044,13428,1,001c,3f6c,1510506542,0,1,-21269388,1,0
2269,2269,0,10719,2344,1,001c,29df,1510506542,0,1,-21296856,1,0
2270,2270,0,10653,5660,1,001c,299d,1510506542,0,1,-19982820,1,0
2271,2271,0,11165,12572,1,001c,2b9d,1510506542,0,1,-18452196,1,0
2272,2272,0,10970,11396,1,001c,2bda,1510506542,0,1,-17109884,1,0
2273,2273,0,10728,3280,1,001c,29e8,1510506542,0,1,-13628208,1,0
2274,2274,0,10385,3332,1,001c,2891,1510506542,0,1,-13005564,1,0
2275,2275,0,8802,4113,1,001c,2262,1510506542,0,1,-12972015,1,0
2276,2276,0,8215,13906,1,001c,2017,1510506542,0,1,-13633966,1,0
2277,2277,0,7543,6290,1,001c,1d77,1510506542,0,1,-17131374,1,0
2278,2278,0,5995,10979,1,001c,176b,1510506542,0,1,-18470173,1,0
2279,2279,0,5670,10597,1,001c,1626,1510506542,0,1,-20010651,1,0
2280,2280,0,5576,11040,1,001c,15c8,1510506542,0,1,-21140704,1,0
2281,2281,0,5693,10107,1,001c,163d,1510506542,0,1,-24533125,1,0
2282,2282,0,6086,14726,1,001c,17c6,1510506542,0,1,-24905338,1,0
2283,2283,0,7691,10194,1,001c,1e0b,1510506542,0,1,-24713262,1,0
2284,2284,0,8327,9074,1,001c,2087,1510506542,0,1,-23813262,1,0
2285,2285,0,8968,1263,1,001c,2308,1510506542,0,1,-20249361,1,0
2286,2286,0,10477,5564,1,001c,28ed,1510506542,0,1,-18803268,1,0
2287,2287,0,10775,14991,1,001c,2a17,1510506542,0,1,-17171825,1,0
2288,2288,0,10788,3703,1,001c,2a24,1510506542,0,1,-13644169,1,0
2289,2289,0,10591,9766,1,001c,295f,1510506542,0,1,-12753370,1,0
2290,2290,0,9154,3840,1,001c,23c2,1510506542,0,1,-12267776,1,0
2291,2291,0,8524,7622,1,001c,214c,1510506542,0,1,-12558906,1,0
2292,2292,0,7943,12467,1,001c,1f07,1510506542,0,1,-13225805,1,0
2293,2293,0,7326,8416,1,001c,1c9e,1510506542,0,1,-16572192,1,0
2294,2294,0,5841,11190,1,001c,16d1,1510506542,0,1,-17765450,1,0
2295,2295,0,5577,13551,1,001c,15c9,1510506542,0,1,-18844433,1,0
2296,2296,0,5572,4981,1,001c,15c4,1510506542,0,1,-21998731,1,0
2297,2297,0,5893,9564,1,001c,1705,1510506542,0,1,-22469284,1,0
2298,2298,0,7332,13385,1,001c,1ca4,1510506542,0,1,-22383543,1,0
2299,2299,0,7956,4088,1,001c,1f14,1510506542,0,1,-21753864,1,0
2300,2300,0,8659,4656,1,001c,21d3,1510506542,0,1,-18574800,1,0
2301,2301,0,9175,3403,1,001c,23d7,1510506542,0,1,-17117877,1,0
2302,2302,0,11166,15714,1,001c,299e,1510506542,0,1,-15745694,1,0
2303,2303,0,11214,11184,1,001c,2bce,1510506542,0,1,-14341200,1,0
2304,2304,0,10847,344,1,001c,2a5f,1510506542,0,1,-11255464,1,0
2305,2305,0,10943,3606,1,001c,2abf,1510506542,0,1,-10514922,1,0
2306,2306,0,10943,16138,1,001c,2abf,1510506542,0,1,-10273014,1,0
2307,2307,0,8925,10258,1,001c,22dd,1510506542,0,1,-10573806,1,0
2308,2308,0,8283,3287,1,001c,205b,1510506542,0,1,-12956457,1,0
2309,2309,0,7664,14928,1,001c,1df0,1510506542,0,1,-13796784,1,0
2310,2310,0,6032,12148,1,001c,1790,1510506542,0,1,-14700684,1,0
2311,2311,0,5675,5520,1,001c,162b,1510506542,0,1,-15247984,1,0
2312,2312,0,5577,15102,1,001c,15c9,1510506542,0,1,-17237250,1,0
2313,2313,0,5677,5760,1,001c,162d,1510506542,0,1,-17197440,1,0
2314,2314,0,6063,2568,1,001c,17af,1510506542,0,1,-16709112,1,0
2315,2315,0,7614,6688,1,001c,1dbe,1510506542,0,1,-15787488,1,0
2316,2316,0,8251,1268,1,001c,203b,1510506542,0,1,-13056780,1,0
2317,2317,0,8899,7716,1,001c,22c3,1510506542,0,1,-11755996,1,0
2318,2318,0,10409,3524,1,001c,28a9,1510506542,0,1,-10547772,1,0
2319,2319,0,10767,690,1,001c,2a0f,1510506542,0,1,-9485646,1,0
2320,2320,0,10833,7388,1,001c,2a51,1510506542,0,1,-7299876,1,0
2321,2321,0,10662,2688,1,001c,29a6,1510506542,0,1,-6714752,1,0
2322,2322,0,9188,11725,1,001c,23e4,1510506542,0,1,-6541875,1,0
2323,2323,0,8607,9601,1,001c,219f,1510506542,0,1,-6675071,1,0
2324,2324,0,7988,13063,1,001c,1f34,1510506542,0,1,-7965945,1,0
2325,2325,0,7419,4532,1,001c,1cfb,1510506542,0,1,-8138316,1,0
2326,2326,0,5855,5832,1,001c,16df,1510506542,0,1,-8268088,1,0
2327,2327,0,5590,12383,1,001c,15d6,1510506542,0,1,-9097121,1,0
2328,2328,0,5600,1577,1,001c,15e0,1510506542,0,1,-8731095,1,0
2329,2329,0,5802,352,1,001c,16aa,1510506542,0,1,-8126112,1,0
2330,2330,0,7293,13073,1,001c,1c7d,1510506542,0,1,-7343343,1,0
2331,2331,0,7891,1150,1,001c,1ed3,1510506542,0,1,-6404994,1,0
2332,2332,0,8563,3443,1,001c,2173,1510506542,0,1,-4780685,1,0
2333,2333,0,9119,7064,1,001c,239f,1510506542,0,1,-3892328,1,0
2334,2334,0,10584,7472,1,001c,2958,1510506542,0,1,-3072720,1,0
2335,2335,0,10812,8122,1,001c,2a3c,1510506542,0,1,-2023494,1,0
2336,2336,0,10756,14895,1,001c,2a04,1510506542,0,1,-1508817,1,0
2337,2337,0,10981,13654,1,001c,28e5,1510506542,0,1,-1067690,1,0
2338,2338,0,11007,772,1,001c,22ff,1510506542,0,1,-654588,1,0
2339,2339,0,8959,1828,1,001c,22bf,1510506542,0,1,-260316,1,0
2340,2340,0,11775,10401,1,001c,3dff,1510506542,0,1,354465,1,0
2341,2341,0,8171,7174,1,001c,1feb,1510506542,0,1,1072134,1,0
2342,2342,0,6091,11930,1,001c,17ca,1510506542,0,1,1896090,1,0
2343,2343,0,6091,1945,1,001c,17cb,1510506542,0,1,3114905,1,0
2344,2344,0,5577,3326,1,001c,15c9,1510506542,0,1,4132094,1,0
2345,2345,0,5612,5890,1,001c,17ec,1510506542,0,1,5084930,1,0
2346,2346,0,5988,1920,1,001c,1764,1510506542,0,1,5900160,1,0
2347,2347,0,7585,3012,1,001c,1da1,1510506542,0,1,5901252,1,0
2348,2348,0,8185,2286,1,001c,1ff9,1510506542,0,1,6244590,1,0
2349,2349,0,8822,96,1,001c,2276,1510506542,0,1,6488160,1,0
2350,2350,0,10401,4904,1,001c,28a1,1510506542,0,1,6755112,1,0
2351,2351,0,10712,2564,1,001c,29d8,1510506542,0,1,5982724,1,0
2352,2352,0,10838,6154,1,001c,2a56,1510506542,0,1,6281226,1,0
2353,2353,0,10668,11576,1,001c,29ac,1510506542,0,1,6909240,1,0
2354,2354,0,10278,4742,1,001c,2826,1510506542,0,1,7950982,1,0
2355,2355,0,8673,2867,1,001c,21e1,1510506542,0,1,10783539,1,0
2356,2356,0,8065,14604,1,001c,1f81,1510506542,0,1,12613900,1,0
2357,2357,0,7396,9318,1,001c,1ce4,1510506542,0,1,14509158,1,0
2358,2358,0,5906,4592,1,001c,1712,1510506542,0,1,18256368,1,0
2359,2359,0,5649,13177,1,001c,1611,1510506542,0,1,20050809,1,0
2360,2360,0,5580,7384,1,001c,15cc,1510506542,0,1,21519576,1,0
2361,2361,0,5699,4039,1,001c,1643,1510506542,0,1,22597575,1,0
2362,2362,0,7221,960,1,001c,1c35,1510506542,0,1,22905792,1,0
2363,2363,0,7869,5454,1,001c,1ebd,1510506542,0,1,20452686,1,0
2364,2364,0,8515,14664,1,001c,2143,1510506542,0,1,20101448,1,0
2365,2365,0,9022,2407,1,001c,233e,1510506542,0,1,19302759,1,0
2366,2366,0,10562,11760,1,001c,2942,1510506542,0,1,16084464,1,0
2367,2367,0,10791,15100,1,001c,2a27,1510506542,0,1,15989500,1,0
2368,2368,0,10778,16157,1,001c,2a1a,1510506542,0,1,16514845,1,0
2369,2369,0,10522,2758,1,001c,291a,1510506542,0,1,17664710,1,0
2370,2370,0,9017,7980,1,001c,2339,1510506542,0,1,23109420,1,0
2371,2371,0,8394,7742,1,001c,20cb,1510506542,0,1,26041918,1,0
2372,2372,0,7755,13515,1,001c,1e4b,1510506542,0,1,29324491,1,0
2373,2373,0,7739,11395,1,001c,1c3b,1510506542,0,1,32484483,1,0
2374,2374,0,7865,12221,1,001c,1eb9,1510506542,0,1,39563197,1,0
2375,2375,0,6075,14910,1,001c,17bb,1510506542,0,1,41925182,1,0
2376,2376,0,5626,1790,1,001c,15fa,1510506542,0,1,43403006,1,0
2377,2377,0,6131,336,1,001c,17f2,1510506542,0,1,44122448,1,0
2378,2378,0,8029,8066,1,001c,1f5d,1510506542,0,1,39182210,1,0
2379,2379,0,8014,1778,1,001c,1f5e,1510506542,0,1,37783282,1,0
2380,2380,0,8124,12840,1,001c,1fbc,1510506542,0,1,35893800,1,0
2381,2381,0,8803,11954,1,001c,2263,1510506542,0,1,34434738,1,0
2382,2382,0,10332,128,1,001c,285c,1510506542,0,1,28377216,1,0
2383,2383,0,10690,4529,1,001c,29c2,1510506542,0,1,28217777,1,0
2384,2384,0,10856,2083,1,001c,2a68,1510506542,0,1,29181987,1,0
2385,2385,0,10702,15864,1,001c,29ce,1510506542,0,1,31571448,1,0
2386,2386,0,10319,15121,1,001c,284f,1510506542,0,1,40680209,1,0
2387,2387,0,8733,15520,1,001c,221d,1510506542,0,1,45612192,1,0
2388,2388,0,8110,6550,1,001c,1fae,1510506542,0,1,50796950,1,0
2389,2389,0,7484,10353,1,001c,1d3c,1510506542,0,1,61466737,1,0
2390,2390,0,5950,11472,1,001c,173e,1510506542,0,1,65400016,1,0
2391,2391,0,5663,14841,1,001c,161f,1510506542,0,1,68352505,1,0
2392,2392,0,5586,13254,1,001c,15d2,1510506542,0,1,69645254,1,0
2393,2393,0,5748,6306,1,001c,1674,1510506542,0,1,68655266,1,0
2394,2394,0,7177,12266,1,001c,1c09,1510506542,0,1,59699178,1,0
2395,2395,0,7775,2562,1,001c,1e5f,1510506542,0,1,57215490,1,0
2396,2396,0,8427,11248,1,001c,20eb,1510506542,0,1,53849072,1,0
2397,2397,0,9016,10661,1,001c,2338,1510506542,0,1,43919781,1,0
2398,2398,0,10539,3070,1,001c,292b,1510506542,0,1,42699774,1,0
2399,2399,0,10757,7045,1,001c,2a05,1510506542,0,1,42523525,1,0
2400,2400,0,10801,14606,1,001c,2a31,1510506542,0,1,44513550,1,0
2401,2401,0,10551,9110,1,001c,2937,1510506542,0,1,48620438,1,0
2402,2402,0,9103,3360,1,001c,238f,1510506542,0,1,63606048,1,0
2403,2403,0,8484,6534,1,001c,2124,1510506542,0,1,70031750,1,0
2404,2404,0,7761,8198,1,001c,1e51,1510506542,0,1,76374022,1,0
2405,2405,0,7221,7291,1,001c,1c35,1510506542,0,1,91495547,1,0
2406,2406,0,5831,3918,1,001c,16c7,1510506542,0,1,95997774,1,0
2407,2407,0,5611,2981,1,001c,15eb,1510506542,0,1,98061221,1,0
2408,2408,0,5603,5656,1,001c,15e3,1510506542,0,1,98489880,1,0
2409,2409,0,6055,9252,1,001c,17a7,1510506542,0,1,86549540,1,0
2410,2410,0,8166,13047,1,001c,1fe6,1510506542,0,1,82047735,1,0
2411,2411,0,8172,6743,1,001c,1fec,1510506542,0,1,77470295,1,0
2412,2412,0,8074,10064,1,001c,1f8a,1510506542,0,1,73475920,1,0
2413,2413,0,10799,11792,1,001c,2a2f,1510506542,0,1,59731472,1,0
2414,2414,0,10671,11434,1,001c,29bf,1510506542,0,1,57846954,1,0
2415,2415,0,10652,6984,1,001c,2b9c,1510506542,0,1,59136840,1,0
2416,2416,0,10808,1836,1,001c,2a38,1510506542,0,1,63407916,1,0
2417,2417,0,10755,333,1,001c,2a03,1510506542,0,1,80904525,1,0
2418,2418,0,10388,15356,1,001c,2894,1510506542,0,1,89406460,1,0
2419,2419,0,8804,592,1,001c,2264,1510506542,0,1,98140752,1,0
2420,2420,0,8187,9011,1,001c,1ffb,1510506542,0,1,105997107,1,0
2421,2421,0,7527,10348,1,001c,1d67,1510506542,0,1,125102188,1,0
2422,2422,0,6029,4294,1,001c,178d,1510506542,0,1,129503430,1,0
2423,2423,0,5688,6011,1,001c,1638,1510506542,0,1,130488187,1,0
2424,2424,0,5551,14395,1,001c,15af,1510506542,0,1,129169467,1,0
2425,2425,0,5698,2780,1,001c,1642,1510506542,0,1,111495900,1,0
2426,2426,0,6096,4276,1,001c,17d0,1510506542,0,1,105713844,1,0
2427,2427,0,7693,6152,1,001c,1e0d,1510506542,0,1,98342920,1,0
2428,2428,0,8343,11992,1,001c,2097,1510506542,0,1,79589080,1,0
2429,2429,0,8963,2848,1,001c,2303,1510506542,0,1,76319520,1,0
2430,2430,0,10533,6389,1,001c,2925,1510506542,0,1,75274485,1,0
2431,2431,0,10757,4066,1,001c,2a05,1510506542,0,1,78680034,1,0
2432,2432,0,10744,12266,1,001c,29f8,1510506542,0,1,85061610,1,0
2433,2433,0,10623,1895,1,001c,297f,1510506542,0,1,108595047,1,0
2434,2434,0,9167,306,1,001c,23cf,1510506542,0,1,118915378,1,0
2435,2435,0,8544,7092,1,001c,2160,1510506542,0,1,130210740,1,0
2436,2436,0,7869,6187,1,001c,1ebd,1510506542,0,1,154834987,1,0
2437,2437,0,7282,11652,1,001c,1c72,1510506542,0,1,161656196,1,0
2438,2438,0,5808,4600,1,001c,16b0,1510506542,0,1,164762104,1,0
2439,2439,0,5595,3516,1,001c,15db,1510506542,0,1,163876284,1,0
2440,2440,0,5650,4969,1,001c,1612,1510506542,0,1,144085865,1,0
2441,2441,0,5843,336,1,001c,16d3,1510506542,0,1,135905616,1,0
2442,2442,0,7316,2018,1,001c,1c94,1510506542,0,1,127764450,1,0
2443,2443,0,7979,2008,1,001c,1f2b,1510506542,0,1,120227800,1,0
2444,2444,0,9003,11087,1,001c,222b,1510506542,0,1,96938831,1,0
2445,2445,0,9215,13747,1,001c,23ff,1510506542,0,1,93664691,1,0
2446,2446,0,11255,756,1,001c,2bbf,1510506542,0,1,94126836,1,0
2447,2447,0,11215,4700,1,001c,2bcf,1510506542,0,1,99455580,1,0
2448,2448,0,11263,7360,1,001c,2bff,1510506542,0,1,127048896,1,0
2449,2449,0,10750,10000,1,001c,29fe,1510506542,0,1,139454224,1,0
2450,2450,0,11005,12748,1,001c,2afd,1510506542,0,1,152269260,1,0
2451,2451,0,8925,6928,1,001c,22dd,1510506542,0,1,163830544,1,0
2452,2452,0,8266,7704,1,001c,204a,1510506542,0,1,192486936,1,0
2453,2453,0,7609,2721,1,001c,1db9,1510506542,0,1,199166625,1,0
2454,2454,0,6059,1752,1,001c,17ab,1510506542,0,1,200279768,1,0
2455,2455,0,5676,1478,1,001c,162c,1510506542,0,1,196462022,1,0
2456,2456,0,5571,9244,1,001c,15c3,1510506542,0,1,169763868,1,0
2457,2457,0,5693,13728,1,001c,163d,1510506542,0,1,160134560,1,0
2458,2458,0,6035,13996,1,001c,1793,1510506542,0,1,148780716,1,0
2459,2459,0,7633,11582,1,001c,1dd1,1510506542,0,1,140946750,1,0
2460,2460,0,8280,10569,1,001c,2058,1510506542,0,1,113305929,1,0
2461,2461,0,8905,10551,1,001c,22c9,1510506542,0,1,110635319,1,0
2462,2462,0,10426,1728,1,001c,28ba,1510506542,0,1,114673344,1,0
2463,2463,0,10744,11664,1,001c,29f8,1510506542,0,1,123121040,1,0
2464,2464,0,10825,4594,1,001c,2a49,1510506542,0,1,156373490,1,0
2465,2465,0,10629,762,1,001c,2985,1510506542,0,1,170935034,1,0
2466,2466,0,9163,3416,1,001c,23cb,1510506542,0,1,186551640,1,0
2467,2467,0,8623,4434,1,001c,21af,1510506542,0,1,220729682,1,0
2468,2468,0,8001,13440,1,001c,1f41,1510506542,0,1,230093952,1,0
2469,2469,0,7353,9516,1,001c,1cb9,1510506542,0,1,234382636,1,0
2470,2470,0,5870,6879,1,001c,16ee,1510506542,0,1,234609375,1,0
2471,2471,0,5588,9844,1,001c,15d4,1510506542,0,1,226666100,1,0
2472,2472,0,5607,15246,1,001c,15e7,1510506542,0,1,193035150,1,0
2473,2473,0,5834,2931,1,001c,16ca,1510506542,0,1,180390771,1,0
2474,2474,0,7270,11922,1,001c,1c66,1510506542,0,1,170077842,1,0
2475,2475,0,7907,13952,1,001c,1ee3,1510506542,0,1,135378560,1,0
2476,2476,0,8601,6624,1,001c,2199,1510506542,0,1,130357728,1,0
2477,2477,0,9153,5369,1,001c,23c1,1510506542,0,1,129389817,1,0
2478,2478,0,10621,7621,1,001c,297d,1510506542,0,1,133799365,1,0
2479,2479,0,10811,14980,1,001c,2a3b,1510506542,0,1,171473540,1,0
2480,2480,0,10815,11051,1,001c,2a27,1510506542,0,1,188574507,1,0
2481,2481,0,11004,16030,1,001c,2afc,1510506542,0,1,204373662,1,0
2482,2482,0,11257,9312,1,001c,2bb8,1510506542,0,1,219309152,1,0
2483,2483,0,9111,739,1,001c,2397,1510506542,0,1,258278115,1,0
2484,2484,0,11415,6007,1,001c,2d97,1510506542,0,1,265017207,1,0
2485,2485,0,8171,16103,1,001c,1feb,1510506542,0,1,267566823,1,0
2486,2486,0,6109,6432,1,001c,17dd,1510506542,0,1,262789408,1,0
2487,2487,0,5755,13559,1,001c,167b,1510506542,0,1,226915575,1,0
2488,2488,0,5526,14889,1,001c,1596,1510506542,0,1,211843625,1,0
2489,2489,0,5643,6048,1,001c,160b,1510506542,0,1,196712352,1,0
2490,2490,0,6065,8219,1,001c,17b1,1510506542,0,1,184737819,1,0
2491,2491,0,7545,2932,1,001c,1d79,1510506542,0,1,149703540,1,0
2492,2492,0,8181,5775,1,001c,1ff5,1510506542,0,1,144676495,1,0
2493,2493,0,8861,12110,1,001c,229d,1510506542,0,1,147976014,1,0
2494,2494,0,10387,7952,1,001c,2893,1510506542,0,1,157441808,1,0
2495,2495,0,10754,12115,1,001c,2a02,1510506542,0,1,198946643,1,0
2496,2496,0,10796,9024,1,001c,2a2c,1510506542,0,1,217981760,1,0
2497,2497,0,10660,11396,1,001c,29a4,1510506542,0,1,236498052,1,0
2498,2498,0,10255,13852,1,001c,280f,1510506542,0,1,279311900,1,0
2499,2499,0,8675,8080,1,001c,21e3,1510506542,0,1,291020688,1,0
2500,2500,0,8067,1389,1,001c,1f83,1510506542,0,1,296027501,1,0
2501,2501,0,7375,15192,1,001c,1ccf,1510506542,0,1,294976344,1,0
2502,2502,0,5856,2501,1,001c,16e0,1510506542,0,1,285673925,1,0
2503,2503,0,5648,5569,1,001c,1610,1510506542,0,1,243389889,1,0
2504,2504,0,5597,15068,1,001c,15dd,1510506542,0,1,227064540,1,0
2505,2505,0,5790,3825,1,001c,169e,1510506542,0,1,209178353,1,0
2506,2506,0,7259,3753,1,001c,1c5b,1510506542,0,1,169021097,1,0
2507,2507,0,7843,2262,1,001c,1ea3,1510506542,0,1,161908950,1,0
2508,2508,0,8506,10105,1,001c,213a,1510506542,0,1,159278969,1,0
2509,2509,0,9127,15130,1,001c,23a7,1510506542,0,1,164018970,1,0
2510,2510,0,10610,3604,1,001c,2972,1510506542,0,1,207408660,1,0
2511,2511,0,10789,11520,1,001c,2a25,1510506542,0,1,226635008,1,0
2512,2512,0,10731,4696,1,001c,29eb,1510506542,0,1,245502552,1,0
2513,2513,0,10528,5568,1,001c,2920,1510506542,0,1,264394176,1,0
2514,2514,0,9038,9520,1,001c,234e,1510506542,0,1,309683504,1,0
2515,2515,0,8390,9648,1,001c,20c6,1510506542,0,1,318334384,1,0
2516,2516,0,7838,6381,1,001c,1e9e,1510506542,0,1,320870637,1,0
2517,2517,0,7710,10904,1,001c,1e1e,1510506542,0,1,315583128,1,0
2518,2518,0,7811,9129,1,001c,1e83,1510506542,0,1,271295401,1,0
2519,2519,0,6071,14506,1,001c,17b7,1510506542,0,1,253671594,1,0
2520,2520,0,6069,1340,1,001c,17b5,1510506542,0,1,234997052,1,0
2521,2521,0,5972,9844,1,001c,1754,1510506542,0,1,220145268,1,0
2522,2522,0,8017,16272,1,001c,1f71,1510506542,0,1,175538064,1,0
2523,2523,0,7536,14024,1,001c,1f70,1510506542,0,1,169408200,1,0
2524,2524,0,8159,5110,1,001c,1fdf,1510506542,0,1,172708854,1,0
2525,2525,0,8817,10116,1,001c,2271,1510506542,0,1,182380420,1,0
2526,2526,0,10312,13624,1,001c,2848,1510506542,0,1,228554040,1,0
2527,2527,0,10694,14744,1,001c,29c6,1510506542,0,1,249919896,1,0
2528,2528,0,10856,14229,1,001c,2a68,1510506542,0,1,270743445,1,0
2529,2529,0,10672,1219,1,001c,29b0,1510506542,0,1,321094851,1,0
2530,2530,0,10282,6482,1,001c,282a,1510506542,0,1,334027090,1,0
2531,2531,0,8734,5222,1,001c,221e,1510506542,0,1,338728038,1,0
2532,2532,0,8112,8005,1,001c,1fb0,1510506542,0,1,336863045,1,0
2533,2533,0,7492,14022,1,001c,1d44,1510506542,0,1,325531334,1,0
2534,2534,0,5962,2816,1,001c,174a,1510506542,0,1,279202560,1,0
2535,2535,0,5625,6928,1,001c,15f9,1510506542,0,1,259906320,1,0
2536,2536,0,5538,10578,1,001c,15a2,1510506542,0,1,238414162,1,0
2537,2537,0,5759,8729,1,001c,167f,1510506542,0,1,189915673,1,0
2538,2538,0,7243,10064,1,001c,1c4b,1510506542,0,1,182921040,1,0
2539,2539,0,7813,2910,1,001c,1e85,1510506542,0,1,178522974,1,0
2540,2540,0,8405,8862,1,001c,20d5,1510506542,0,1,182772382,1,0
2541,2541,0,9003,7206,1,001c,232b,1510506542,0,1,195075110,1,0
2542,2542,0,10595,11291,1,001c,2963,1510506542,0,1,247852059,1,0
2543,2543,0,10813,845,1,001c,2a3d,1510506542,0,1,269943629,1,0
2544,2544,0,10790,9356,1,001c,2a26,1510506542,0,1,290514060,1,0
2545,2545,0,10540,13457,1,001c,292c,1510506542,0,1,338326673,1,0
2546,2546,0,9058,8668,1,001c,2362,1510506542,0,1,347103708,1,0
2547,2547,0,8454,998,1,001c,2106,1510506542,0,1,349455334,1,0
2548,2548,0,7809,13648,1,001c,1e81,1510506542,0,1,345093456,1,0
2549,2549,0,7234,15593,1,001c,1c42,1510506542,0,1,297008361,1,0
2550,2550,0,5760,1425,1,001c,1682,1510506542,0,1,276727185,1,0
2551,2551,0,5560,6120,1,001c,15b8,1510506542,0,1,257644520,1,0
2552,2552,0,6077,9066,1,001c,16bd,1510506542,0,1,237429610,1,0
2553,2553,0,5919,6820,1,001c,171f,1510506542,0,1,189864612,1,0
2554,2554,0,8191,5403,1,001c,1fff,1510506542,0,1,183391515,1,0
2555,2555,0,8191,4400,1,001c,1fff,1510506542,0,1,183161136,1,0
2556,2556,0,8087,8534,1,001c,1f97,1510506542,0,1,191193430,1,0
2557,2557,0,10806,12684,1,001c,2a36,1510506542,0,1,240972172,1,0
2558,2558,0,10678,13834,1,001c,29be,1510506542,0,1,262223370,1,0
2559,2559,0,10666,15494,1,001c,29aa,1510506542,0,1,283933830,1,0
2560,2560,0,10818,6314,1,001c,2a42,1510506542,0,1,301340842,1,0
2561,2561,0,10724,6500,1,001c,29e4,1510506542,0,1,349362532,1,0
2562,2562,0,10341,5558,1,001c,2865,1510506542,0,1,354735542,1,0
2563,2563,0,8781,5658,1,001c,224d,1510506542,0,1,351458842,1,0
2564,2564,0,8160,7512,1,001c,1fe0,1510506542,0,1,341073240,1,0
2565,2565,0,7502,9724,1,001c,1d4e,1510506542,0,1,290170364,1,0
2566,2566,0,5984,6900,1,001c,1760,1510506542,0,1,270506740,1,0
2567,2567,0,5680,10997,1,001c,1630,1510506542,0,1,247917301,1,0
2568,2568,0,5537,6908,1,001c,15a1,1510506542,0,1,197516028,1,0
2569,2569,0,5710,12948,1,001c,164e,1510506542,0,1,197407380,1,0
2570,2570,0,6141,14064,1,001c,17fd,1510506542,0,1,185775856,1,0
2571,2571,0,7733,13535,1,001c,1e35,1510506542,0,1,180909279,1,0
2572,2572,0,8345,5846,1,001c,2099,1510506542,0,1,186111702,1,0
2573,2573,0,9015,8710,1,001c,2337,1510506542,0,1,198173190,1,0
2574,2574,0,10438,14592,1,001c,28c6,1510506542,0,1,248068352,1,0
2575,2575,0,10769,6327,1,001c,2a11,1510506542,0,1,269113527,1,0
2576,2576,0,10841,15130,1,001c,2a59,1510506542,0,1,291126042,1,0
2577,2577,0,10626,8826,1,001c,2982,1510506542,0,1,340451962,1,0
2578,2578,0,9082,11518,1,001c,237a,1510506542,0,1,346991870,1,0
2579,2579,0,8475,7408,1,001c,211b,1510506542,0,1,348527856,1,0
2580,2580,0,7865,3676,1,001c,1eb9,1510506542,0,1,343723612,1,0
2581,2581,0,7342,9072,1,001c,1cae,1510506542,0,1,296838000,1,0
2582,2582,0,5805,6528,1,001c,16ad,1510506542,0,1,276224384,1,0
2583,2583,0,5583,14986,1,001c,15cf,1510506542,0,1,255343242,1,0
2584,2584,0,5609,15176,1,001c,15e9,1510506542,0,1,235797320,1,0
2585,2585,0,5855,1682,1,001c,16df,1510506542,0,1,185910930,1,0
2586,2586,0,7367,4331,1,001c,1cc7,1510506542,0,1,180408555,1,0
2587,2587,0,8019,14486,1,001c,1f57,1510506542,0,1,179189910,1,0
2588,2588,0,16371,6776,1,001c,21f3,1510506542,0,1,185047672,1,0
2589,2589,0,9203,3812,1,001c,23f3,1510506542,0,1,232034020,1,0
2590,2590,0,11250,8723,1,001c,2bf2,1510506542,0,1,251388435,1,0
2591,2591,0,11190,6272,1,001c,2bb6,1510506542,0,1,271243392,1,0
2592,2592,0,10806,4288,1,001c,2a36,1510506542,0,1,288297152,1,0
2593,2593,0,10950,352,1,001c,2ac6,1510506542,0,1,334758240,1,0
2594,2594,0,10944,7186,1,001c,2ad0,1510506542,0,1,339041298,1,0
2595,2595,0,8882,12231,1,001c,22b2,1510506542,0,1,335245255,1,0
2596,2596,0,8230,12691,1,001c,2026,1510506542,0,1,325579155,1,0
2597,2597,0,7559,15447,1,001c,1d87,1510506542,0,1,277511255,1,0
2598,2598,0,6022,12544,1,001c,1786,1510506542,0,1,257470720,1,0
2599,2599,0,5696,1928,1,001c,1640,1510506542,0,1,235833224,1,0
2600,2600,0,5567,7072,1,001c,15bf,1510506542,0,1,187145120,1,0
2601,2601,0,5696,8778,1,001c,1640,1510506542,0,1,174301770,1,0
2602,2602,0,6072,776,1,001c,17b8,1510506542,0,1,168919816,1,0
2603,2603,0,7655,10608,1,001c,1de7,1510506542,0,1,172861808,1,0
2604,2604,0,8303,16246,1,001c,206f,1510506542,0,1,182484854,1,0
2605,2605,0,8922,12282,1,001c,22da,1510506542,0,1,226455546,1,0
2606,2606,0,10485,13756,1,001c,28f5,1510506542,0,1,246396348,1,0
2607,2607,0,10755,7195,1,001c,2a03,1510506542,0,1,266804251,1,0
2608,2608,0,10806,1813,1,001c,2a36,1510506542,0,1,309053205,1,0
2609,2609,0,10599,12935,1,001c,2967,1510506542,0,1,318435975,1,0
2610,2610,0,9193,12879,1,001c,23e9,1510506542,0,1,319664719,1,0
2611,2611,0,8602,5752,1,001c,219a,1510506542,0,1,313185912,1,0
2612,2612,0,7957,5287,1,001c,1f15,1510506542,0,1,269931687,1,0
2613,2613,0,7337,10056,1,001c,1ca9,1510506542,0,1,252618568,1,0
2614,2614,0,5832,3840,1,001c,16c8,1510506542,0,1,234065664,1,0
2615,2615,0,5624,473,1,001c,15f8,1510506542,0,1,213041625,1,0
2616,2616,0,5604,2964,1,001c,15e4,1510506542,0,1,168905620,1,0
2617,2617,0,5820,6413,1,001c,16bc,1510506542,0,1,160766221,1,0
2618,2618,0,7330,9314,1,001c,1ca2,1510506542,0,1,158835810,1,0
2619,2619,0,7950,9595,1,001c,1f0e,1510506542,0,1,162850171,1,0
2620,2620,0,8609,16078,1,001c,21a1,1510506542,0,1,204701390,1,0
2621,2621,0,9151,10162,1,001c,23bf,1510506542,0,1,220735410,1,0
2622,2622,0,10635,10864,1,001c,298b,1510506542,0,1,237513328,1,0
2623,2623,0,11085,11637,1,001c,2a45,1510506542,0,1,252439925,1,0
2624,2624,0,11221,15089,1,001c,29d5,1510506542,0,1,291699441,1,0
2625,2625,0,10718,16296,1,001c,29de,1510506542,0,1,295452584,1,0
2626,2626,0,11007,6560,1,001c,2aff,1510506542,0,1,293116320,1,0
2627,2627,0,8939,4600,1,001c,22eb,1510506542,0,1,283775480,1,0
2628,2628,0,15819,14430,1,001c,3dcb,1510506542,0,1,242251870,1,0
2629,2629,0,8137,14144,1,001c,1fd9,1510506542,0,1,223967040,1,0
2630,2630,0,6098,1911,1,001c,17d2,1510506542,0,1,205637495,1,0
2631,2631,0,5734,15447,1,001c,1666,1510506542,0,1,161741911,1,0
2632,2632,0,5518,8385,1,001c,158e,1510506542,0,1,150151361,1,0
2633,2633,0,5669,5775,1,001c,1625,1510506542,0,1,144676495,1,0
2634,2634,0,6037,12076,1,001c,1795,1510506542,0,1,145927980,1,0
2635,2635,0,7578,4709,1,001c,1d9a,1510506542,0,1,153866853,1,0
2636,2636,0,8199,13184,1,001c,2007,1510506542,0,1,191280000,1,0
2637,2637,0,8892,7957,1,001c,22bc,1510506542,0,1,206069525,1,0
2638,2638,0,10437,7730,1,001c,28c5,1510506542,0,1,221208114,1,0
2639,2639,0,10724,7288,1,001c,29e4,1510506542,0,1,258595960,1,0
2640,2640,0,10830,15554,1,001c,2a4e,1510506542,0,1,264469698,1,0
2641,2641,0,10655,14604,1,001c,299f,1510506542,0,1,265681164,1,0
2642,2642,0,9192,16065,1,001c,23e8,1510506542,0,1,260767425,1,0
2643,2643,0,8650,15071,1,001c,21ca,1510506542,0,1,249314015,1,0
2644,2644,0,8041,5546,1,001c,1f69,1510506542,0,1,209851818,1,0
2645,2645,0,7424,1650,1,001c,1d00,1510506542,0,1,192841330,1,0
2646,2646,0,5840,7703,1,001c,16d0,1510506542,0,1,175611415,1,0
2647,2647,0,5618,3082,1,001c,15f2,1510506542,0,1,138513418,1,0
2648,2648,0,5600,10589,1,001c,15e0,1510506542,0,1,131901789,1,0
2649,2649,0,5819,7480,1,001c,16bb,1510506542,0,1,128720184,1,0
2650,2650,0,7269,13512,1,001c,1c65,1510506542,0,1,131216584,1,0
2651,2651,0,7833,12459,1,001c,1e99,1510506542,0,1,163344555,1,0
2652,2652,0,8519,3513,1,001c,2147,1510506542,0,1,175132089,1,0
2653,2653,0,9127,7117,1,001c,23a7,1510506542,0,1,187800525,1,0
2654,2654,0,10633,8459,1,001c,2989,1510506542,0,1,200286475,1,0
2655,2655,0,10803,1984,1,001c,2a33,1510506542,0,1,231000000,1,0
2656,2656,0,10727,178,1,001c,29e7,1510506542,0,1,232800434,1,0
2657,2657,0,10455,5792,1,001c,28d7,1510506542,0,1,231790240,1,0
2658,2658,0,9019,4706,1,001c,232f,1510506542,0,1,225153634,1,0
2659,2659,0,9194,12753,1,001c,20ea,1510506542,0,1,190280145,1,0
2660,2660,0,16014,14664,1,001c,1e8e,1510506542,0,1,175733064,1,0
2661,2661,0,8175,7201,1,001c,1fef,1510506542,0,1,160980001,1,0
2662,2662,0,6121,9488,1,001c,17e9,1510506542,0,1,148645136,1,0
2663,2663,0,6117,16012,1,001c,17e4,1510506542,0,1,116981388,1,0
2664,2664,0,6069,7531,1,001c,17b5,1510506542,0,1,111517035,1,0
2665,2665,0,6004,15765,1,001c,1774,1510506542,0,1,111639957,1,0
2666,2666,0,6003,7359,1,001c,1773,1510506542,0,1,116317375,1,0
2667,2667,0,7497,15226,1,001c,1d49,1510506542,0,1,144489338,1,0
2668,2668,0,8121,15676,1,001c,1fb9,1510506542,0,1,155024700,1,0
2669,2669,0,8867,2164,1,001c,22a3,1510506542,0,1,165431412,1,0
2670,2670,0,10371,576,1,001c,2883,1510506542,0,1,193643072,1,0
2671,2671,0,10719,3024,1,001c,29df,1510506542,0,1,199183312,1,0
2672,2672,0,10825,14044,1,001c,2a49,1510506542,0,1,198817500,1,0
2673,2673,0,10721,2808,1,001c,29e1,1510506542,0,1,193940216,1,0
2674,2674,0,10271,6024,1,001c,281f,1510506542,0,1,185341832,1,0
2675,2675,0,8716,6792,1,001c,220c,1510506542,0,1,156031624,1,0
2676,2676,0,8139,1274,1,001c,1fcb,1510506542,0,1,143557882,1,0
2677,2677,0,7437,15328,1,001c,1d0d,1510506542,0,1,130202592,1,0
2678,2678,0,5920,1344,1,001c,1720,1510506542,0,1,102434112,1,0
2679,2679,0,5661,196,1,001c,161d,1510506542,0,1,96223428,1,0
2680,2680,0,5569,11231,1,001c,15c1,1510506542,0,1,92662751,1,0
2681,2681,0,5758,10986,1,001c,167e,1510506542,0,1,94350058,1,0
2682,2682,0,7242,6112,1,001c,1c4a,1510506542,0,1,117020640,1,0
2683,2683,0,7811,4716,1,001c,1e83,1510506542,0,1,124260972,1,0
2684,2684,0,8452,4344,1,001c,2104,1510506542,0,1,132796664,1,0
2685,2685,0,9033,4873,1,001c,2349,1510506542,0,1,140579593,1,0
2686,2686,0,10588,10764,1,001c,295c,1510506542,0,1,162949644,1,0
2687,2687,0,10776,1892,1,001c,2a18,1510506542,0,1,163710820,1,0
2688,2688,0,10773,1140,1,001c,2a15,1510506542,0,1,162317428,1,0
2689,2689,0,10528,11245,1,001c,2920,1510506542,0,1,157117421,1,0
2690,2690,0,9046,3828,1,001c,2356,1510506542,0,1,133484276,1,0
2691,2691,0,8426,13119,1,001c,20ea,1510506542,0,1,122762047,1,0
2692,2692,0,7802,12006,1,001c,1e7a,1510506542,0,1,111193830,1,0
2693,2693,0,7243,15394,1,001c,1c4b,1510506542,0,1,101743650,1,0
2694,2694,0,5763,2334,1,001c,1683,1510506542,0,1,80169246,1,0
2695,2695,0,6075,15054,1,001c,15bb,1510506542,0,1,76266190,1,0
2696,2696,0,5629,136,1,001c,15fd,1510506542,0,1,75382920,1,0
2697,2697,0,6143,11907,1,001c,17ff,1510506542,0,1,77098627,1,0
2698,2698,0,8031,4846,1,001c,1f5f,1510506542,0,1,95916782,1,0
2699,2699,0,8126,14160,1,001c,1fbe,1510506542,0,1,102840144,1,0
2700,2700,0,8092,6114,1,001c,1f9c,1510506542,0,1,109271010,1,0
2701,2701,0,8707,15551,1,001c,2a13,1510506542,0,1,126844095,1,0
2702,2702,0,10354,10840,1,001c,2972,1510506542,0,1,129575512,1,0
2703,2703,0,10713,5794,1,001c,29d9,1510506542,0,1,128521890,1,0
2704,2704,0,10840,5415,1,001c,2a58,1510506542,0,1,125867303,1,0
2705,2705,0,10666,13133,1,001c,29aa,1510506542,0,1,120648525,1,0
2706,2706,0,10289,8800,1,001c,2831,1510506542,0,1,100950624,1,0
2707,2707,0,8819,10608,1,001c,2273,1510506542,0,1,91810160,1,0
2708,2708,0,8185,11740,1,001c,1ff9,1510506542,0,1,82914780,1,0
2709,2709,0,7500,8471,1,001c,1d4c,1510506542,0,1,65102103,1,0
2710,2710,0,5984,13338,1,001c,1760,1510506542,0,1,60355610,1,0
2711,2711,0,5650,12318,1,001c,1612,1510506542,0,1,58159134,1,0
2712,2712,0,5540,7448,1,001c,15a4,1510506542,0,1,58219800,1,0
2713,2713,0,5759,896,1,001c,167f,1510506542,0,1,60785536,1,0
2714,2714,0,7172,2330,1,001c,1c04,1510506542,0,1,75041050,1,0
2715,2715,0,7729,5478,1,001c,1e31,1510506542,0,1,80205158,1,0
2716,2716,0,8360,15660,1,001c,20a8,1510506542,0,1,85130540,1,0
2717,2717,0,8995,10906,1,001c,2323,1510506542,0,1,97200794,1,0
2718,2718,0,10514,11109,1,001c,2912,1510506542,0,1,97479525,1,0
2719,2719,0,10773,10382,1,001c,2a15,1510506542,0,1,96282766,1,0
2720,2720,0,10798,6083,1,001c,2a2e,1510506542,0,1,92821443,1,0
2721,2721,0,10571,2720,1,001c,294b,1510506542,0,1,78039712,1,0
2722,2722,0,9081,6406,1,001c,2379,1510506542,0,1,71637254,1,0
2723,2723,0,8508,10056,1,001c,213c,1510506542,0,1,65136456,1,0
2724,2724,0,7860,6164,1,001c,1eb4,1510506542,0,1,58267668,1,0
2725,2725,0,7263,5382,1,001c,1c5f,1510506542,0,1,45421830,1,0
2726,2726,0,5792,14448,1,001c,16a0,1510506542,0,1,43235440,1,0
2727,2727,0,5564,7496,1,001c,15bc,1510506542,0,1,42048840,1,0
2728,2728,0,5631,13315,1,001c,15ff,1510506542,0,1,42677251,1,0
2729,2729,0,5854,4840,1,001c,16df,1510506542,0,1,52450024,1,0
2730,2730,0,7447,9014,1,001c,1d07,1510506542,0,1,55124790,1,0
2731,2731,0,8055,194,1,001c,1f77,1510506542,0,1,58556610,1,0
2732,2732,0,16373,7828,1,001c,2ff5,1510506542,0,1,60939924,1,0
2733,2733,0,10689,2668,1,001c,29c1,1510506542,0,1,68700780,1,0
2734,2734,0,10714,9599,1,001c,29da,1510506542,0,1,67986815,1,0
2735,2735,0,10714,15460,1,001c,2bda,1510506542,0,1,65731684,1,0
2736,2736,0,11244,15482,1,001c,2bec,1510506542,0,1,62405754,1,0
2737,2737,0,10734,9850,1,001c,29ee,1510506542,0,1,51996282,1,0
2738,2738,0,10351,6912,1,001c,286f,1510506542,0,1,46897920,1,0
2739,2739,0,8854,10519,1,001c,2296,1510506542,0,1,42101015,1,0
2740,2740,0,8255,5472,1,001c,203f,1510506542,0,1,32347488,1,0
2741,2741,0,7566,9977,1,001c,1d8e,1510506542,0,1,29566713,1,0
2742,2742,0,6032,5847,1,001c,1790,1510506542,0,1,28268247,1,0
2743,2743,0,5683,6368,1,001c,1633,1510506542,0,1,28039392,1,0
2744,2744,0,5537,4926,1,001c,15a1,1510506542,0,1,28529470,1,0
2745,2745,0,5719,3984,1,001c,1657,1510506542,0,1,34803600,1,0
2746,2746,0,7168,6686,1,001c,1c00,1510506542,0,1,36723230,1,0
2747,2747,0,7679,4056,1,001c,1dff,1510506542,0,1,38359000,1,0
2748,2748,0,8291,12384,1,001c,2063,1510506542,0,1,43397216,1,0
2749,2749,0,8930,9681,1,001c,22e2,1510506542,0,1,43181521,1,0
2750,2750,0,10467,14324,1,001c,28e3,1510506542,0,1,42088436,1,0
2751,2751,0,10771,2233,1,001c,2a13,1510506542,0,1,39848121,1,0
2752,2752,0,10792,5410,1,001c,2a28,1510506542,0,1,37033250,1,0
2753,2753,0,10584,997,1,001c,2958,1510506542,0,1,30180325,1,0
2754,2754,0,9165,582,1,001c,23cd,1510506542,0,1,26804806,1,0
2755,2755,0,8588,1616,1,001c,218c,1510506542,0,1,23610960,1,0
2756,2756,0,7914,4422,1,001c,1eea,1510506542,0,1,18059590,1,0
2757,2757,0,7323,3606,1,001c,1c9b,1510506542,0,1,16600598,1,0
2758,2758,0,5852,5864,1,001c,16dc,1510506542,0,1,15881960,1,0
2759,2759,0,5602,9308,1,001c,15e2,1510506542,0,1,15754332,1,0
2760,2760,0,5600,10756,1,001c,15e0,1510506542,0,1,18917892,1,0
2761,2761,0,5864,7947,1,001c,16e8,1510506542,0,1,19390219,1,0
2762,2762,0,7347,12150,1,001c,1cb3,1510506542,0,1,19918710,1,0
2763,2763,0,8012,12598,1,001c,1f4c,1510506542,0,1,20295990,1,0
2764,2764,0,8604,11017,1,001c,219c,1510506542,0,1,22407945,1,0
2765,2765,0,9168,7184,1,001c,23d0,1510506542,0,1,21453840,1,0
2766,2766,0,11166,780,1,001c,298e,1510506542,0,1,20120332,1,0
2767,2767,0,11198,104,1,001c,2abe,1510506542,0,1,18530408,1,0
2768,2768,0,11253,15092,1,001c,2bf5,1510506542,0,1,14858996,1,0
2769,2769,0,10751,2688,1,001c,29ff,1510506542,0,1,12995200,1,0
2770,2770,0,11007,12849,1,001c,2aff,1510506542,0,1,11121201,1,0
2771,2771,0,8958,9691,1,001c,22fe,1510506542,0,1,8185307,1,0
2772,2772,0,11322,8732,1,001c,2d3a,1510506542,0,1,7053852,1,0
2773,2773,0,7677,6390,1,001c,1ffd,1510506542,0,1,6346998,1,0
2774,2774,0,6124,3512,1,001c,17ec,1510506542,0,1,5868984,1,0
2775,2775,0,5693,11264,1,001c,163d,1510506542,0,1,5630976,1,0
2776,2776,0,5519,13584,1,001c,158f,1510506542,0,1,6305040,1,0
2777,2777,0,5690,7441,1,001c,163a,1510506542,0,1,6085905,1,0
2778,2778,0,6076,16156,1,001c,17bc,1510506542,0,1,5766940,1,0
2779,2779,0,7592,5584,1,001c,1da8,1510506542,0,1,5805520,1,0
2780,2780,0,8241,8982,1,001c,2031,1510506542,0,1,5038870,1,0
2781,2781,0,8898,8674,1,001c,22c2,1510506542,0,1,4137442,1,0
2782,2782,0,10387,10046,1,001c,2893,1510506542,0,1,3139390,1,0
2783,2783,0,10717,7876,1,001c,29dd,1510506542,0,1,2154180,1,0
2784,2784,0,10862,6788,1,001c,2a6e,1510506542,0,1,1104516,1,0
2785,2785,0,10634,3557,1,001c,298a,1510506542,0,1,364005,1,0
2786,2786,0,9195,12380,1,001c,23eb,1510506542,0,1,-266148,1,0
2787,2787,0,8658,11424,1,001c,21d2,1510506542,0,1,-676704,1,0
2788,2788,0,7976,4868,1,001c,1f28,1510506542,0,1,-1076476,1,0
2789,2789,0,7368,5089,1,001c,1cc8,1510506542,0,1,-1485855,1,0
2790,2790,0,5872,6710,1,001c,16f0,1510506542,0,1,-1975754,1,0
2791,2791,0,5641,7326,1,001c,1609,1510506542,0,1,-2990946,1,0
2792,2792,0,5561,6116,1,001c,15b9,1510506542,0,1,-3778588,1,0
2793,2793,0,5775,3226,1,001c,168f,1510506542,0,1,-4666214,1,0
2794,2794,0,7289,3243,1,001c,1c79,1510506542,0,1,-5649237,1,0
2795,2795,0,7908,1227,1,001c,1ee4,1510506542,0,1,-7273269,1,0
2796,2796,0,8545,3680,1,001c,2161,1510506542,0,1,-8090016,1,0
2797,2797,0,9091,6719,1,001c,2383,1510506542,0,1,-8775105,1,0
2798,2798,0,10627,783,1,001c,2983,1510506542,0,1,-9223409,1,0
2799,2799,0,10787,8026,1,001c,2a23,1510506542,0,1,-8446118,1,0
2800,2800,0,10782,10604,1,001c,2a1f,1510506542,0,1,-8427156,1,0
2801,2801,0,10482,13938,1,001c,28f2,1510506542,0,1,-8194446,1,0
2802,2802,0,8959,7767,1,001c,22ff,1510506542,0,1,-7954857,1,0
2803,2803,0,8895,5461,1,001c,20bf,1510506542,0,1,-6662827,1,0
2804,2804,0,16055,11072,1,001c,3eb7,1510506542,0,1,-6771904,1,0
2805,2805,0,8183,14428,1,001c,1ff7,1510506542,0,1,-7178148,1,0
2806,2806,0,6142,1132,1,001c,17fe,1510506542,0,1,-7863188,1,0
2807,2807,0,6110,6658,1,001c,17de,1510506542,0,1,-10216958,1,0
2808,2808,0,5532,13156,1,001c,159c,1510506542,0,1,-11439260,1,0
2809,2809,0,5795,9224,1,001c,17a3,1510506542,0,1,-12786680,1,0
2810,2810,0,6022,4896,1,001c,17c6,1510506542,0,1,-15510752,1,0
2811,2811,0,7502,15596,1,001c,1d4e,1510506542,0,1,-16679700,1,0
2812,2812,0,8168,4792,1,001c,1fe8,1510506542,0,1,-17165640,1,0
2813,2813,0,8846,1104,1,001c,228e,1510506542,0,1,-17382320,1,0
2814,2814,0,10337,3237,1,001c,2861,1510506542,0,1,-17249115,1,0
2815,2815,0,10736,5607,1,001c,29f0,1510506542,0,1,-14985753,1,0
2816,2816,0,10851,14048,1,001c,2a63,1510506542,0,1,-14108960,1,0
2817,2817,0,10632,14391,1,001c,2988,1510506542,0,1,-13354953,1,0
2818,2818,0,10243,5976,1,001c,2803,1510506542,0,1,-10905768,1,0
2819,2819,0,8715,11901,1,001c,220b,1510506542,0,1,-10441091,1,0
2820,2820,0,8121,3476,1,001c,1fb9,1510506542,0,1,-10400364,1,0
2821,2821,0,7399,5460,1,001c,1ce7,1510506542,0,1,-10988204,1,0
2822,2822,0,5875,1514,1,001c,16f3,1510506542,0,1,-13990422,1,0
2823,2823,0,5644,5864,1,001c,160c,1510506542,0,1,-15264024,1,0
2824,2824,0,5594,12773,1,001c,15da,1510506542,0,1,-16715291,1,0
2825,2825,0,5780,12525,1,001c,1694,1510506542,0,1,-18124563,1,0
2826,2826,0,7244,5731,1,001c,1c4c,1510506542,0,1,-21588381,1,0
2827,2827,0,7793,3962,1,001c,1e71,1510506542,0,1,-22294662,1,0
2828,2828,0,8476,15296,1,001c,211c,1510506542,0,1,-22594624,1,0
2829,2829,0,9105,11190,1,001c,2391,1510506542,0,1,-22271050,1,0
2830,2830,0,10585,5475,1,001c,2959,1510506542,0,1,-19262109,1,0
2831,2831,0,10785,14660,1,001c,2a21,1510506542,0,1,-18253500,1,0
2832,2832,0,10774,4672,1,001c,2a16,1510506542,0,1,-17083840,1,0
2833,2833,0,10548,3160,1,001c,2934,1510506542,0,1,-15889320,1,0
2834,2834,0,9043,2479,1,001c,2353,1510506542,0,1,-12662353,1,0
2835,2835,0,8409,7800,1,001c,20d9,1510506542,0,1,-12296584,1,0
2836,2836,0,7765,6302,1,001c,1e55,1510506542,0,1,-12494690,1,0
2837,2837,0,7219,12279,1,001c,1c33,1510506542,0,1,-13357065,1,0
2838,2838,0,5746,14004,1,001c,1662,1510506542,0,1,-16714060,1,0
2839,2839,0,6140,16230,1,001c,17fc,1510506542,0,1,-18202778,1,0
2840,2840,0,5596,9348,1,001c,15dc,1510506542,0,1,-19700604,1,0
2841,2841,0,6141,7534,1,001c,17fd,1510506542,0,1,-23552658,1,0
2842,2842,0,8053,15772,1,001c,1f75,1510506542,0,1,-24642148,1,0
2843,2843,0,8172,374,1,001c,1ffc,1510506542,0,1,-24886922,1,0
2844,2844,0,8153,7036,1,001c,1fd9,1510506542,0,1,-24650884,1,0
2845,2845,0,8736,9624,1,001c,2a20,1510506542,0,1,-24074856,1,0
2846,2846,0,10284,8170,1,001c,286c,1510506542,0,1,-20504598,1,0
2847,2847,0,10719,12838,1,001c,29df,1510506542,0,1,-19025370,1,0
2848,2848,0,10847,4201,1,001c,2a5f,1510506542,0,1,-17575831,1,0
2849,2849,0,10678,6453,1,001c,29b6,1510506542,0,1,-14018251,1,0
2850,2850,0,10319,4984,1,001c,284f,1510506542,0,1,-13184136,1,0
2851,2851,0,8776,5364,1,001c,2248,1510506542,0,1,-12921612,1,0
2852,2852,0,8153,14100,1,001c,1fd9,1510506542,0,1,-13388012,1,0
2853,2853,0,7484,836,1,001c,1d3c,1510506542,0,1,-14236860,1,0
2854,2854,0,5948,8097,1,001c,173c,1510506542,0,1,-17932383,1,0
2855,2855,0,5665,7564,1,001c,1621,1510506542,0,1,-19423860,1,0
2856,2856,0,5531,11118,1,001c,159b,1510506542,0,1,-20829330,1,0
2857,2857,0,5769,5984,1,001c,1689,1510506542,0,1,-24307872,1,0
2858,2858,0,7187,11685,1,001c,1c13,1510506542,0,1,-24908379,1,0
2859,2859,0,7779,4614,1,001c,1e63,1510506542,0,1,-24997370,1,0
2860,2860,0,8367,8508,1,001c,20af,1510506542,0,1,-24518340,1,0
2861,2861,0,9027,6144,1,001c,2343,1510506542,0,1,-21030912,1,0
2862,2862,0,10530,13644,1,001c,2922,1510506542,0,1,-19598004,1,0
2863,2863,0,10769,7987,1,001c,2a11,1510506542,0,1,-18325709,1,0
2864,2864,0,10782,3477,1,001c,2a1e,1510506542,0,1,-16659051,1,0
2865,2865,0,10575,2342,1,001c,294f,1510506542,0,1,-13317850,1,0
2866,2866,0,9087,1202,1,001c,237f,1510506542,0,1,-12696398,1,0
2867,2867,0,8481,12592,1,001c,2121,1510506542,0,1,-12603088,1,0
2868,2868,0,7848,15840,1,001c,1ea8,1510506542,0,1,-13173280,1,0
2869,2869,0,7239,14214,1,001c,1c47,1510506542,0,1,-16550010,1,0
2870,2870,0,5789,9634,1,001c,169d,1510506542,0,1,-17767006,1,0
2871,2871,0,5574,12904,1,001c,15c6,1510506542,0,1,-19090840,1,0
2872,2872,0,5610,272,1,001c,15ea,1510506542,0,1,-20250352,1,0
2873,2873,0,5922,1136,1,001c,1702,1510506542,0,1,-23395216,1,0
2874,2874,0,7948,11832,1,001c,1d0c,1510506542,0,1,-23548360,1,0
2875,2875,0,8060,368,1,001c,1f7c,1510506542,0,1,-23264912,1,0
2876,2876,0,16371,10474,1,001c,3ff3,1510506542,0,1,-22468374,1,0
2877,2877,0,10739,7856,1,001c,29f3,1510506542,0,1,-19063120,1,0
2878,2878,0,10707,1496,1,001c,29d3,1510506542,0,1,-18938408,1,0
2879,2879,0,11232,3328,1,001c,2be0,1510506542,0,1,-17462016,1,0
2880,2880,0,10976,10468,1,001c,2be0,1510506542,0,1,-16029468,1,0
2881,2881,0,10715,7360,1,001c,29db,1510506542,0,1,-12591936,1,0
2882,2882,0,10334,567,1,001c,285e,1510506542,0,1,-11746761,1,0
2883,2883,0,8798,13893,1,001c,225e,1510506542,0,1,-11504059,1,0
2884,2884,0,8207,372,1,001c,200f,1510506542,0,1,-11599500,1,0
2885,2885,0,7568,10856,1,001c,1d90,1510506542,0,1,-12162456,1,0
2886,2886,0,6009,13397,1,001c,1779,1510506542,0,1,-15272875,1,0
2887,2887,0,5628,3470,1,001c,15fc,1510506542,0,1,-16446066,1,0
2888,2888,0,5510,12687,1,001c,1586,1510506542,0,1,-17518193,1,0
2889,2889,0,5737,1696,1,001c,1669,1510506542,0,1,-20314464,1,0
2890,2890,0,6129,11488,1,001c,17f1,1510506542,0,1,-20763424,1,0
2891,2891,0,7702,15912,1,001c,1e16,1510506542,0,1,-20742616,1,0
2892,2892,0,8347,1952,1,001c,209b,1510506542,0,1,-20133984,1,0
2893,2893,0,8974,11144,1,001c,230e,1510506542,0,1,-17290360,1,0
2894,2894,0,10455,1782,1,001c,28d7,1510506542,0,1,-16070922,1,0
2895,2895,0,10773,10206,1,001c,2a15,1510506542,0,1,-14784546,1,0
2896,2896,0,10852,1219,1,001c,2a64,1510506542,0,1,-13368125,1,0
2897,2897,0,10598,4646,1,001c,2966,1510506542,0,1,-10595802,1,0
2898,2898,0,9098,14748,1,001c,238a,1510506542,0,1,-10028644,1,0
2899,2899,0,8554,9160,1,001c,216a,1510506542,0,1,-9821240,1,0
2900,2900,0,7930,68,1,001c,1efa,1510506542,0,1,-10207164,1,0
2901,2901,0,7314,11927,1,001c,1c92,1510506542,0,1,-12685673,1,0
2902,2902,0,5823,11220,1,001c,16bf,1510506542,0,1,-13505580,1,0
2903,2903,0,5584,8383,1,001c,15d0,1510506542,0,1,-14425921,1,0
2904,2904,0,5587,4977,1,001c,15d3,1510506542,0,1,-15281295,1,0
2905,2905,0,5852,16316,1,001c,16dc,1510506542,0,1,-17612868,1,0
2906,2906,0,7375,6303,1,001c,1ccf,1510506542,0,1,-17639265,1,0
2907,2907,0,7988,11456,1,001c,1f35,1510506542,0,1,-17306432,1,0
2908,2908,0,8611,14120,1,001c,21a3,1510506542,0,1,-16730328,1,0
2909,2909,0,9207,892,1,001c,23f7,1510506542,0,1,-14023812,1,0
2910,2910,0,11191,10032,1,001c,29b7,1510506542,0,1,-12982480,1,0
2911,2911,0,11234,15528,1,001c,2be2,1510506542,0,1,-11830104,1,0
2912,2912,0,10822,8056,1,001c,2a06,1510506542,0,1,-9248904,1,0
2913,2913,0,10974,10860,1,001c,2ade,1510506542,0,1,-8476052,1,0
2914,2914,0,11004,12480,1,001c,2afc,1510506542,0,1,-8212288,1,0
2915,2915,0,8830,1464,1,001c,227c,1510506542,0,1,-8256072,1,0
2916,2916,0,8255,9432,1,001c,203f,1510506542,0,1,-8624936,1,0
2917,2917,0,7648,11592,1,001c,1de0,1510506542,0,1,-10638008,1,0
2918,2918,0,6092,4176,1,001c,17cc,1510506542,0,1,-11399088,1,0
2919,2919,0,5661,2460,1,001c,161d,1510506542,0,1,-12138084,1,0
2920,2920,0,5524,7008,1,001c,1594,1510506542,0,1,-14001312,1,0
2921,2921,0,5724,16068,1,001c,165c,1510506542,0,1,-14336316,1,0
2922,2922,0,6079,9400,1,001c,17bf,1510506542,0,1,-14211912,1,0
2923,2923,0,7620,293,1,001c,1dc4,1510506542,0,1,-13745883,1,0
2924,2924,0,8269,1995,1,001c,204d,1510506542,0,1,-13072437,1,0
2925,2925,0,8917,8296,1,001c,22d5,1510506542,0,1,-10919832,1,0
2926,2926,0,10426,1382,1,001c,28ba,1510506542,0,1,-9878170,1,0
2927,2927,0,10762,4405,1,001c,2a0a,1510506542,0,1,-9006795,1,0
2928,2928,0,10833,5029,1,001c,2a51,1510506542,0,1,-7056475,1,0
2929,2929,0,10643,5472,1,001c,2993,1510506542,0,1,-6580896,1,0
2930,2930,0,9212,15434,1,001c,23fc,1510506542,0,1,-6439862,1,0
2931,2931,0,8609,2804,1,001c,21a1,1510506542,0,1,-6616332,1,0
2932,2932,0,7969,5480,1,001c,1f21,1510506542,0,1,-8137368,1,0
2933,2933,0,7361,468,1,001c,1cc1,1510506542,0,1,-8633900,1,0
2934,2934,0,5859,11065,1,001c,16e3,1510506542,0,1,-9131207,1,0
2935,2935,0,5609,3876,1,001c,15e9,1510506542,0,1,-9679068,1,0
2936,2936,0,5566,3240,1,001c,15be,1510506542,0,1,-11055960,1,0
2937,2937,0,5824,10110,1,001c,16c0,1510506542,0,1,-11098242,1,0
2938,2938,0,7297,3648,1,001c,1c81,1510506542,0,1,-10891712,1,0
2939,2939,0,7890,5792,1,001c,1ed2,1510506542,0,1,-10348896,1,0
2940,2940,0,8597,15759,1,001c,2195,1510506542,0,1,-8749681,1,0
2941,2941,0,9135,4083,1,001c,23af,1510506542,0,1,-8040461,1,0
2942,2942,0,10597,376,1,001c,2965,1510506542,0,1,-7290504,1,0
2943,2943,0,10787,3528,1,001c,2a23,1510506542,0,1,-5599800,1,0
2944,2944,0,10767,4205,1,001c,2a0f,1510506542,0,1,-5123987,1,0
2945,2945,0,11007,11998,1,001c,28ff,1510506542,0,1,-4935970,1,0
2946,2946,0,11197,16168,1,001c,23bd,1510506542,0,1,-4915416,1,0
2947,2947,0,9076,8812,1,001c,2374,1510506542,0,1,-5070228,1,0
2948,2948,0,11765,896,1,001c,3df5,1510506542,0,1,-6225024,1,0
2949,2949,0,8189,8656,1,001c,1ffd,1510506542,0,1,-6594096,1,0
2950,2950,0,6126,13112,1,001c,17ee,1510506542,0,1,-6999240,1,0
2951,2951,0,6113,8320,1,001c,17e1,1510506542,0,1,-8118144,1,0
2952,2952,0,5536,5106,1,001c,17a0,1510506542,0,1,-8236046,1,0
2953,2953,0,5697,16277,1,001c,1741,1510506542,0,1,-8126571,1,0
2954,2954,0,5995,7477,1,001c,176b,1510506542,0,1,-7824075,1,0
2955,2955,0,7591,4512,1,001c,1da7,1510506542,0,1,-7417440,1,0
2956,2956,0,8212,15040,1,001c,2014,1510506542,0,1,-6194496,1,0
2957,2957,0,8834,9337,1,001c,2282,1510506542,0,1,-5593991,1,0
2958,2958,0,10353,12840,1,001c,2871,1510506542,0,1,-5033432,1,0
2959,2959,0,10734,5838,1,001c,29ee,1510506542,0,1,-3926322,1,0
2960,2960,0,10865,8308,1,001c,2a71,1510506542,0,1,-3628940,1,0
2961,2961,0,10644,2746,1,001c,2994,1510506542,0,1,-3503430,1,0
2962,2962,0,10261,8623,1,001c,2815,1510506542,0,1,-3546705,1,0
2963,2963,0,8689,1939,1,001c,21f1,1510506542,0,1,-4339821,1,0
2964,2964,0,8055,6676,1,001c,1f77,1510506542,0,1,-4548076,1,0
2965,2965,0,7428,9533,1,001c,1d04,1510506542,0,1,-4840131,1,0
2966,2966,0,5896,1232,1,001c,1708,1510506542,0,1,-5045040,1,0
2967,2967,0,5597,5230,1,001c,15dd,1510506542,0,1,-5761938,1,0
2968,2968,0,5539,8103,1,001c,15a3,1510506542,0,1,-5759065,1,0
2969,2969,0,5780,2416,1,001c,1694,1510506542,0,1,-5633680,1,0
2970,2970,0,7281,4502,1,001c,1c71,1510506542,0,1,-5336682,1,0
2971,2971,0,7870,3532,1,001c,1ebe,1510506542,0,1,-4452916,1,0
2972,2972,0,8448,4302,1,001c,2100,1510506542,0,1,-4091698,1,0
2973,2973,0,9048,8518,1,001c,2358,1510506542,0,1,-3710650,1,0
2974,2974,0,10631,15901,1,001c,2987,1510506542,0,1,-3310051,1,0
2975,2975,0,10788,8643,1,001c,2a24,1510506542,0,1,-2563645,1,0
2976,2976,0,10737,6150,1,001c,29f1,1510506542,0,1,-2418682,1,0
2977,2977,0,10500,4114,1,001c,2904,1510506542,0,1,-2355182,1,0
2978,2978,0,9002,2342,1,001c,232a,1510506542,0,1,-2438874,1,0
2979,2979,0,8422,9762,1,001c,20e6,1510506542,0,1,-2988510,1,0
2980,2980,0,7715,9824,1,001c,1e23,1510506542,0,1,-3119520,1,0
2981,2981,0,7715,14034,1,001c,1c23,1510506542,0,1,-3279150,1,0
2982,2982,0,7815,2900,1,001c,1687,1510506542,0,1,-3765420,1,0
2983,2983,0,6095,15400,1,001c,17cf,1510506542,0,1,-3818456,1,0
2984,2984,0,6093,14220,1,001c,17cd,1510506542,0,1,-3754100,1,0
2985,2985,0,5981,1888,1,001c,175d,1510506542,0,1,-3602592,1,0
2986,2986,0,8029,2960,1,001c,1f5d,1510506542,0,1,-3372144,1,0
2987,2987,0,8134,15540,1,001c,1fde,1510506542,0,1,-2769740,1,0
2988,2988,0,8155,210,1,001c,1fdb,1510506542,0,1,-2522926,1,0
2989,2989,0,8770,4089,1,001c,2242,1510506542,0,1,-2256903,1,0
2990,2990,0,10338,7552,1,001c,2862,1510506542,0,1,-1729152,1,0
2991,2991,0,10718,7116,1,001c,29de,1510506542,0,1,-1565748,1,0
2992,2992,0,10797,9368,1,001c,2a2d,1510506542,0,1,-1497960,1,0
2993,2993,0,10676,12522,1,001c,29b4,1510506542,0,1,-1511190,1,0
2994,2994,0,10350,2615,1,001c,286e,1510506542,0,1,-1537481,1,0
2995,2995,0,8754,9020,1,001c,2232,1510506542,0,1,-1875140,1,0
2996,2996,0,8086,11628,1,001c,1f96,1510506542,0,1,-1970836,1,0
2997,2997,0,7463,2840,1,001c,1d27,1510506542,0,1,-2045160,1,0
2998,2998,0,5968,9824,1,001c,1750,1510506542,0,1,-2300320,1,0
2999,2999,0,5662,6068,1,001c,161e,1510506542,0,1,-2287692,1,0
3000,3000,0,5556,4179,1,001c,15b4,1510506542,0,1,-2224045,1,0
3001,3001,0,5780,15847,1,001c,1694,1510506542,0,1,-2081305,1,0
3002,3002,0,7196,10934,1,001c,1c1c,1510506542,0,1,-1725770,1,0
3003,3003,0,7766,10410,1,001c,1e56,1510506542,0,1,-1562454,1,0
3004,3004,0,8417,12816,1,001c,20e1,1510506542,0,1,-1396208,1,0
3005,3005,0,9038,16047,1,001c,234e,1510506542,0,1,-1229137,1,0
3006,3006,0,10527,6991,1,001c,291f,1510506542,0,1,-943281,1,0
3007,3007,0,10758,14568,1,001c,2a06,1510506542,0,1,-870168,1,0
3008,3008,0,10812,2484,1,001c,2a3c,1510506542,0,1,-833100,1,0
3009,3009,0,10541,7410,1,001c,292d,1510506542,0,1,-844558,1,0
3010,3010,0,9038,15515,1,001c,234e,1510506542,0,1,-1016677,1,0
3011,3011,0,8459,5807,1,001c,210b,1510506542,0,1,-1026385,1,0
3012,3012,0,7836,10978,1,001c,1e9c,1510506542,0,1,-1086750,1,0
3013,3013,0,7206,8672,1,001c,1c26,1510506542,0,1,-1105440,1,0
3014,3014,0,5742,1020,1,001c,166e,1510506542,0,1,-1227780,1,0
3015,3015,0,5607,12585,1,001c,15e7,1510506542,0,1,-1167063,1,0
3016,3016,0,5667,11664,1,001c,1603,1510506542,0,1,-1118832,1,0
3017,3017,0,5923,1206,1,001c,1723,1510506542,0,1,-1030986,1,0
3018,3018,0,7971,7162,1,001c,1d23,1510506542,0,1,-828422,1,0
3019,3019,0,8046,4365,1,001c,1f6e,1510506542,0,1,-732915,1,0
3020,3020,0,8044,11668,1,001c,3f6c,1510506542,0,1,-643692,1,0
3021,3021,0,10806,13333,1,001c,2a36,1510506542,0,1,-478187,1,0
3022,3022,0,10687,2609,1,001c,29be,1510506542,0,1,-423375,1,0
3023,3023,0,10687,1296,1,001c,29bf,1510506542,0,1,-391920,1,0
3024,3024,0,10868,14904,1,001c,2a74,1510506542,0,1,-378312,1,0
3025,3025,0,10690,14954,1,001c,29c2,1510506542,0,1,-378262,1,0
3026,3026,0,10385,14704,1,001c,2891,1510506542,0,1,-444048,1,0
3027,3027,0,8825,11092,1,001c,2279,1510506542,0,1,-447660,1,0
3028,3028,0,8138,13852,1,001c,1fca,1510506542,0,1,-444900,1,0
3029,3029,0,7529,2391,1,001c,1d69,1510506542,0,1,-489129,1,0
3030,3030,0,6005,12413,1,001c,1775,1510506542,0,1,-462723,1,0
3031,3031,0,5643,8088,1,001c,160b,1510506542,0,1,-434280,1,0
3032,3032,0,5559,11004,1,001c,15b7,1510506542,0,1,-382212,1,0
3033,3033,0,5730,8059,1,001c,1662,1510506542,0,1,-303237,1,0
3034,3034,0,6129,4744,1,001c,17f1,1510506542,0,1,-257400,1,0
3035,3035,0,7705,13862,1,001c,1e19,1510506542,0,1,-215514,1,0
3036,3036,0,8347,3560,1,001c,209b,1510506542,0,1,-176664,1,0
3037,3037,0,8980,7571,1,001c,2314,1510506542,0,1,-123501,1,0
3038,3038,0,10527,14230,1,001c,291f,1510506542,0,1,-100458,1,0
3039,3039,0,10755,15144,1,001c,2a03,1510506542,0,1,-83160,1,0
3040,3040,0,10796,6039,1,001c,2a2c,1510506542,0,1,-75881,1,0
3041,3041,0,10567,8160,1,001c,2947,1510506542,0,1,-73760,1,0
3042,3042,0,9101,2320,1,001c,238d,1510506542,0,1,-63216,1,0
3043,3043,0,8561,6297,1,001c,2171,1510506542,0,1,-42855,1,0
3044,3044,0,7895,5261,1,001c,1ed7,1510506542,0,1,-27507,1,0
3045,3045,0,7270,5771,1,001c,1c66,1510506542,0,1,-10613,1,0
3046,3046,0,5811,10821,1,001c,16b3,1510506542,0,1,10821,1,0
3047,3047,0,5607,15929,1,001c,15e7,1510506542,0,1,32313,1,0
3048,3048,0,5570,3183,1,001c,15c2,1510506542,0,1,52335,1,0
3049,3049,0,5903,13155,1,001c,170f,1510506542,0,1,62307,1,0
3050,3050,0,7416,952,1,001c,1cf9,1510506542,0,1,66488,1,0
3051,3051,0,7996,11564,1,001c,1f3c,1510506542,0,1,77100,1,0
3052,3052,0,9210,7760,1,001c,21e6,1510506542,0,1,73296,1,0
3053,3053,0,10634,8408,1,001c,288a,1510506542,0,1,73944,1,0
3054,3054,0,10664,1435,1,001c,29a8,1510506542,0,1,83355,1,0
3055,3055,0,11258,8576,1,001c,2bfa,1510506542,0,1,90496,1,0
3056,3056,0,10842,3883,1,001c,2a5a,1510506542,0,1,102187,1,0
3057,3057,0,10927,6214,1,001c,2aae,1510506542,0,1,137286,1,0
3058,3058,0,10415,1140,1,001c,2aef,1510506542,0,1,164980,1,0
3059,3059,0,8828,4828,1,001c,2278,1510506542,0,1,185052,1,0
3060,3060,0,8255,15258,1,001c,203f,1510506542,0,1,228250,1,0
3061,3061,0,7655,1605,1,001c,1de7,1510506542,0,1,247365,1,0
3062,3062,0,6023,2985,1,001c,1787,1510506542,0,1,248745,1,0
3063,3063,0,5670,10440,1,001c,1626,1510506542,0,1,256200,1,0
3064,3064,0,5559,10690,1,001c,15b7,1510506542,0,1,256450,1,0
3065,3065,0,5708,11960,1,001c,164c,1510506542,0,1,224952,1,0
3066,3066,0,6064,11392,1,001c,17b0,1510506542,0,1,208000,1,0
3067,3067,0,7641,4461,1,001c,1dd9,1510506542,0,1,201069,1,0
3068,3068,0,8278,12843,1,001c,2056,1510506542,0,1,160299,1,0
3069,3069,0,8918,3636,1,001c,22d6,1510506542,0,1,151092,1,0
3070,3070,0,10425,6964,1,001c,28b9,1510506542,0,1,154420,1,0
3071,3071,0,10768,15504,1,001c,2a10,1510506542,0,1,162960,1,1
3072,3072,0,10823,15504,0,001c,2a47,1510506542,0,1,162960,0,0
3073,3073,0,10597,15504,0,001c,2965,1510506542,0,1,162960,0,0
3074,3074,0,9141,15504,0,001c,23b5,1510506542,0,1,162960,0,0
3075,3075,0,8604,15504,0,001c,219c,1510506542,0,1,162960,0,0
3076,3076,0,7986,15504,0,001c,1f32,1510506542,0,1,162960,0,0
3077,3077,0,7337,15504,0,001c,1ca9,1510506542,0,1,162960,0,0
3078,3078,0,5850,15504,0,001c,16da,1510506542,0,1,162960,0,0
3079,3079,0,5604,15504,0,001c,15e4,1510506542,0,1,162960,0,0
3080,3080,0,5584,15504,0,001c,15d0,1510506542,0,1,162960,0,0
3081,3081,0,5853,15504,0,001c,16dd,1510506542,0,1,162960,0,0
3082,3082,0,7332,15504,0,001c,1ca4,1510506542,0,1,162960,0,0
3083,3083,0,7916,15504,0,001c,1eec,1510506542,0,1,162960,0,0
3084,3084,0,8556,15504,0,001c,216c,1510506542,0,1,162960,0,0
3085,3085,0,9146,15504,0,001c,23ba,1510506542,0,1,162960,0,0
3086,3086,0,10673,15504,0,001c,29b1,1510506542,0,1,162960,0,0
3087,3087,0,10803,15504,0,001c,2a33,1510506542,0,1,162960,0,0
3088,3088,0,10807,15504,0,001c,2a27,1510506542,0,1,162960,0,0
3089,3089,0,10991,15504,0,001c,28ef,1510506542,0,1,162960,0,0
3090,3090,0,10991,15504,0,001c,2aef,1510506542,0,1,162960,0,0
3091,3091,0,8941,15504,0,001c,22ed,1510506542,0,1,162960,0,0
3092,3092,0,15973,15504,0,001c,3e65,1510506542,0,1,162960,0,0
3093,3093,0,8093,15504,0,001c,1f9d,1510506542,0,1,162960,0,0
3094,3094,0,6047,15504,0,001c,179f,1510506542,0,1,162960,0,0
3095,3095,0,5885,15504,0,001c,17f9,1510506542,0,1,162960,0,0
3096,3096,0,5597,15504,0,001c,15dd,1510506542,0,1,162960,0,0
3097,3097,0,5667,15504,0,001c,1663,1510506542,0,1,162960,0,0
3098,3098,0,5986,15504,0,001c,1762,1510506542,0,1,162960,0,0
3099,3099,0,7577,15504,0,001c,1d99,1510506542,0,1,162960,0,0
3100,3100,0,8251,15504,0,001c,203b,1510506542,0,1,162960,0,0
3101,3101,0,8836,15504,0,001c,2284,1510506542,0,1,162960,0,0
3102,3102,0,10399,15504,0,001c,289f,1510506542,0,1,162960,0,0
3103,3103,0,10750,15504,0,001c,29fe,1510506542,0,1,162960,0,0
3104,3104,0,10801,15504,0,001c,2a31,1510506542,0,1,162960,0,0
3105,3105,0,10632,15504,0,001c,2988,1510506542,0,1,162960,0,0
3106,3106,0,10292,15504,0,001c,2834,1510506542,0,1,162960,0,0
3107,3107,0,8668,15504,0,001c,21dc,1510506542,0,1,162960,0,0
3108,3108,0,7991,15504,0,001c,1f37,1510506542,0,1,162960,0,0
3109,3109,0,7405,15504,0,001c,1ced,1510506542,0,1,162960,0,0
3110,3110,0,5930,15504,0,001c,172a,1510506542,0,1,162960,0,0
3111,3111,0,5613,15504,0,001c,15ed,1510506542,0,1,162960,0,0
3112,3112,0,5523,15504,0,001c,1593,1510506542,0,1,162960,0,0
3113,3113,0,5813,15504,0,001c,16b5,1510506542,0,1,162960,0,0
3114,3114,0,7307,15504,0,001c,1c8b,1510506542,0,1,162960,0,0
3115,3115,0,7868,15504,0,001c,1ebc,1510506542,0,1,162960,0,0
3116,3116,0,8540,15504,0,001c,215c,1510506542,0,1,162960,0,0
3117,3117,0,9086,15504,0,001c,237e,1510506542,0,1,162960,0,0
3118,3118,0,10573,15504,0,001c,294d,1510506542,0,1,162960,0,0
3119,3119,0,10808,15504,0,001c,2a38,1510506542,0,1,162960,0,0
3120,3120,0,10805,15504,0,001c,2a35,1510506542,0,1,162960,0,0
3121,3121,0,10516,15504,0,001c,2914,1510506542,0,1,162960,0,0
3122,3122,0,8976,15504,0,001c,2310,1510506542,0,1,162960,0,0
3123,3123,0,8395,15504,0,001c,20cb,1510506542,0,1,162960,0,0
3124,3124,0,7755,15504,0,001c,1e4b,1510506542,0,1,162960,0,0
3125,3125,0,7693,15504,0,001c,1c0d,1510506542,0,1,162960,0,0
3126,3126,0,7775,15504,0,001c,1e5f,1510506542,0,1,162960,0,0
3127,3127,0,6143,15504,0,001c,17ff,1510506542,0,1,162960,0,0
3128,3128,0,5631,15504,0,001c,15ff,1510506542,0,1,162960,0,0
3129,3129,0,6132,15504,0,001c,17f4,1510506542,0,1,162960,0,0
3130,3130,0,6084,15504,0,001c,17d4,1510506542,0,1,162960,0,0
3131,3131,0,7539,15504,0,001c,1f73,1510506542,0,1,162960,0,0
3132,3132,0,8138,15504,0,001c,1fca,1510506542,0,1,162960,0,0
3133,3133,0,8781,15504,0,001c,224d,1510506542,0,1,162960,0,0
3134,3134,0,10353,15504,0,001c,2871,1510506542,0,1,162960,0,0
3135,3135,0,10751,15504,0,001c,29ff,1510506542,0,1,162960,0,0
3136,3136,0,10800,15504,0,001c,2a30,1510506542,0,1,162960,0,0
3137,3137,0,10656,15504,0,001c,29a0,1510506542,0,1,162960,0,0
3138,3138,0,10326,15504,0,001c,2856,1510506542,0,1,162960,0,0
3139,3139,0,8744,15504,0,001c,2228,1510506542,0,1,162960,0,0
3140,3140,0,8047,15504,0,001c,1f6f,1510506542,0,1,162960,0,0
3141,3141,0,7445,15504,0,001c,1d15,1510506542,0,1,162960,0,0
3142,3142,0,5970,15504,0,001c,1752,1510506542,0,1,162960,0,0
3143,3143,0,5629,15504,0,001c,15fd,1510506542,0,1,162960,0,0
3144,3144,0,5557,15504,0,001c,15b5,1510506542,0,1,162960,0,0
3145,3145,0,5760,15504,0,001c,1680,1510506542,0,1,162960,0,0
3146,3146,0,7219,15504,0,001c,1c33,1510506542,0,1,162960,0,0
3147,3147,0,7808,15504,0,001c,1e80,1510506542,0,1,162960,0,0
3148,3148,0,8494,15504,0,001c,212e,1510506542,0,1,162960,0,0
3149,3149,0,9069,15504,0,001c,236d,1510506542,0,1,162960,0,0
3150,3150,0,10527,15504,0,001c,291f,1510506542,0,1,162960,0,0
3151,3151,0,10771,15504,0,001c,2a13,1510506542,0,1,162960,0,0
3152,3152,0,10813,15504,0,001c,2a3d,1510506542,0,1,162960,0,0
3153,3153,0,10560,15504,0,001c,2940,1510506542,0,1,162960,0,0
3154,3154,0,9029,15504,0,001c,2345,1510506542,0,1,162960,0,0
3155,3155,0,8461,15504,0,001c,210d,1510506542,0,1,162960,0,0
3156,3156,0,7792,15504,0,001c,1e70,1510506542,0,1,162960,0,0
3157,3157,0,7199,15504,0,001c,1c1f,1510506542,0,1,162960,0,0
3158,3158,0,5759,15504,0,001c,167f,1510506542,0,1,162960,0,0
3159,3159,0,5559,15504,0,001b,15b7,1510506542,0,1,162960,0,0
3160,3160,0,5951,15504,0,001b,163f,1510506542,0,1,162960,0,0
3161,3161,0,5919,15504,0,001b,171f,1510506542,0,1,162960,0,0
3162,3162,0,8031,15504,0,001a,1f5f,1510506542,0,1,162960,0,0
3163,3163,0,8143,15504,0,001a,1fce,1510506542,0,1,162960,0,0
3164,3164,0,8073,15504,0,0019,1f89,1510506542,0,1,162960,0,0
3165,3165,0,10821,15504,0,0018,2a45,1510506542,0,1,162960,0,0
3166,3166,0,10710,15504,0,0017,29d6,1510506542,0,1,162960,0,0
3167,3167,0,10711,15504,0,0017,29d7,1510506542,0,1,162960,0,0
3168,3168,0,10774,15504,0,0016,2a56,1510506542,0,1,162960,0,0
3169,3169,0,10696,15504,0,0015,29c8,1510506542,0,1,162960,0,0
3170,3170,0,10357,15504,0,0014,2875,1510506542,0,1,162960,0,0
3171,3171,0,8787,15504,0,0012,2253,1510506542,0,1,162960,0,0
3172,3172,0,8151,15504,0,0011,1fd7,1510506542,0,1,162960,0,0
3173,3173,0,7515,15504,0,0010,1d5b,1510506542,0,1,162960,0,0
3174,3174,0,5963,15504,0,000f,174b,1510506542,0,1,162960,0,0
3175,3175,0,5621,15504,0,000d,15f5,1510506542,0,1,162960,0,0
3176,3176,0,5582,15504,0,000c,15ce,1510506542,0,1,162960,0,0
3177,3177,0,5772,15504,0,000a,168c,1510506542,0,1,162960,0,0
3178,3178,0,6123,15504,0,0008,17eb,1510506542,0,1,162960,0,0
3179,3179,0,7704,15504,0,0007,1e18,1510506542,0,1,162960,0,0
3180,3180,0,8407,15504,0,0005,20d7,1510506542,0,1,162960,0,0
3181,3181,0,8993,15504,0,0003,2321,1510506542,0,1,162960,0,0
3182,3182,0,10529,15504,0,0001,2921,1510506542,0,1,162960,0,0
3183,3183,0,10793,15504,0,0005,2a29,1510506542,0,1,162960,0,0
3184,3184,0,10769,15504,0,ffff,2a11,1510506542,0,1,162960,0,0
3185,3185,0,10566,15504,0,fffd,2946,1510506542,0,1,162960,0,0
3186,3186,0,9132,15504,0,fffb,23ac,1510506542,0,1,162960,0,0
3187,3187,0,8529,15504,0,fff8,2151,1510506542,0,1,162960,0,0
3188,3188,0,7837,15504,0,fff6,1e9d,1510506542,0,1,162960,0,0
3189,3189,0,7267,15504,0,fff3,1c63,1510506542,0,1,162960,0,0
3190,3190,0,5818,15504,0,fff1,16ba,1665011023,1,1,162960,0,0
3191,3191,0,5588,15504,0,ffee,15d4,1664157156,1,1,162960,0,0
3192,3192,0,5561,15504,0,ffeb,15b9,1654560888,1,1,162960,0,0
3193,3193,0,5897,15504,0,ffe8,1709,1625791802,1,1,162960,0,0
3194,3194,0,7429,15504,0,ffe5,1d05,1565600138,1,1,162960,0,0
3195,3195,0,8003,15504,0,ffe2,1f43,1515018817,1,1,162960,0,0
3196,3196,0,12239,15504,0,ffdf,21cf,1521846655,1,1,162960,0,0
3197,3197,0,10655,15504,0,ffdc,299f,1522949797,1,1,162960,0,0
3198,3198,0,10685,15504,0,ffd8,29bd,1520187160,1,1,162960,0,0
3199,3199,0,11197,15504,0,ffd5,2bbd,1512682994,1,1,162960,0,0
3200,3200,0,11253,15504,0,ffd1,2bf5,1500567628,1,1,162960,0,0
3201,3201,0,10721,15504,0,ffce,29e1,1493718393,1,1,162960,0,0
3202,3202,0,10950,15504,0,ffca,2ad2,1494817115,1,1,162960,0,0
3203,3203,0,8852,15504,0,ffc6,2294,1494598358,1,1,162960,0,0
3204,3204,0,8240,15504,0,ffc2,2030,1497489298,1,1,162960,0,0
3205,3205,0,7597,15504,0,ffbe,1dad,1497582491,1,1,162960,0,0
3206,3206,0,6023,15504,0,ffb9,1787,1495821976,1,1,162960,0,0
3207,3207,0,5661,15504,0,ffb5,161d,1479698323,1,1,162960,0,0
3208,3208,0,5577,15504,0,ffb1,15c9,1427814714,1,1,162960,0,0
3209,3209,0,5718,15504,0,ffac,1656,1447481572,1,1,162960,0,0
3210,3210,0,6083,15504,0,ffa7,17c3,1475689760,1,1,162960,0,0
3211,3211,0,7684,15504,0,ffa2,1e04,1491974267,1,1,162960,0,0
3212,3212,0,8335,15504,0,ff9d,208f,1496688836,1,1,162960,0,0
3213,3213,0,8901,15504,0,ff98,22c5,1496459072,1,1,162960,0,0
3214,3214,0,10456,15504,0,ff93,28d8,1498830316,1,1,162960,0,0
3215,3215,0,10792,15504,0,ff8e,2a28,1501073712,1,1,162960,0,0
3216,3216,0,10830,15504,0,ff88,2a4e,1500325573,1,1,162960,0,0
3217,3217,0,10583,15504,0,ff8a,2957,1493844332,1,1,162960,0,0
3218,3218,0,9145,15504,0,ff85,23b9,1480919064,1,1,162960,0,0
3219,3219,0,8613,15504,0,ff7d,21a5,1477031935,1,1,162960,0,0
3220,3220,0,7921,15504,0,ff77,1ef1,1485588134,1,1,162960,0,0
3221,3221,0,7340,15504,0,ff71,1cac,1490281218,1,1,162960,0,0
3222,3222,0,5864,15504,0,ff6a,16e8,1485391092,1,1,162960,0,0
3223,3223,0,5580,15504,0,ff64,15cc,1487129223,1,1,162960,0,0
3224,3224,0,5574,15504,0,ff5d,15c6,1499985536,1,1,162960,0,0
3225,3225,0,5892,15504,0,ff57,1704,1508167477,1,1,162960,0,0
3226,3226,0,7373,15504,0,ff50,1ccd,1503639770,1,1,162960,0,0
3227,3227,0,7936,15504,0,ff49,1f00,1503949263,1,1,162960,0,0
3228,3228,0,8584,15504,0,ff42,2188,1503731464,1,1,162960,0,0
3229,3229,0,9165,15504,0,ff3b,23cd,1502285774,1,1,162960,0,0
3230,3230,0,10623,15504,0,ff33,297f,1508875531,1,1,162960,0,0
3231,3231,0,11127,15504,0,ff2c,2a67,1507486251,1,1,162960,0,0
3232,3232,0,10758,15504,0,ff24,2a06,1503528404,1,1,162960,0,0
3233,3233,0,10919,15504,0,ff1c,2aa7,1505204522,1,1,162960,0,0
3234,3234,0,10935,15504,0,ff14,2ab7,1504797777,1,1,162960,0,0
3235,3235,0,8883,15504,0,ff0c,22b3,1509933742,1,1,162960,0,0
3236,3236,0,16033,15504,0,ff03,3ea1,1516732444,1,1,162960,0,0
3237,3237,0,8097,15504,0,fefb,1fa1,1520365685,1,1,162960,0,0
3238,3238,0,6057,15504,0,fef2,17a9,1523806249,1,1,162960,0,0
3239,3239,0,5673,15504,0,fee9,1729,1527029670,1,1,162960,0,0
3240,3240,0,5523,15504,0,fee0,1593,1524521279,1,1,162960,0,0
3241,3241,0,5716,15504,0,fed7,1654,1522445189,1,1,162960,0,0
3242,3242,0,6045,15504,0,fecd,179d,1519630403,1,1,162960,0,0
3243,3243,0,7599,15504,0,fec4,1daf,1513208332,1,1,162960,0,0
3244,3244,0,8212,15504,0,feba,2014,1517169168,1,1,162960,0,0
3245,3245,0,8836,15504,0,feb0,2284,1524801728,1,1,162960,0,0
3246,3246,0,10431,15504,0,fea6,28bf,1530542638,1,1,162960,0,0
3247,3247,0,10776,15504,0,fe9c,2a18,1537072665,1,1,162960,0,0
3248,3248,0,10792,15504,0,fe91,2a28,1542503597,1,1,162960,0,0
3249,3249,0,10601,15504,0,fe86,2969,1543745055,1,1,162960,0,0
3250,3250,0,10243,15504,0,fe7c,2803,1546088003,1,1,162960,0,0
3251,3251,0,8657,15504,0,fe71,21d1,1552254766,1,1,162960,0,0
3252,3252,0,8005,15504,0,fe75,1f45,1566982321,1,1,162960,0,0
3253,3253,0,7393,15504,0,fe62,1ce1,1596969404,1,1,162960,0,0
3254,3254,0,5856,15504,0,fe5e,16e0,1615792899,1,1,162960,0,0
3255,3255,0,5567,15504,0,fe4a,15bf,1620626419,1,1,162960,0,0
3256,3256,0,5580,15504,0,fe43,15cc,1620429422,1,1,162960,0,0
3257,3257,0,5838,15504,0,fe37,16ce,1617127952,1,1,162960,0,0
3258,3258,0,7275,15504,0,fe2a,1c6b,1600438371,1,1,162960,0,0
3259,3259,0,7866,15504,0,fe1e,1eba,1565128036,1,1,162960,0,0
3260,3260,0,8542,15504,0,fe12,215e,1556884392,1,1,162960,0,0
3261,3261,0,9111,15504,0,fe05,2397,1551217011,1,1,162960,0,0
3262,3262,0,10589,15504,0,fdf8,295d,1546425714,1,1,162960,0,0
3263,3263,0,10834,15504,0,fdeb,2a52,1544216050,1,1,162960,0,0
3264,3264,0,10790,15504,0,fdde,2a26,1540325050,1,1,162960,0,0
3265,3265,0,10480,15504,0,fdd0,28f0,1537165142,1,1,162960,0,0
3266,3266,0,8937,15504,0,fdc3,22e9,1535453491,1,1,162960,0,0
3267,3267,0,8367,15504,0,fdb5,20af,1530809386,1,1,162960,0,0
3268,3268,0,7871,15504,0,fda7,1ebf,1529556580,1,1,162960,0,0
3269,3269,0,7741,15504,0,fd99,1e3d,1529746396,1,1,162960,0,0
3270,3270,0,7785,15504,0,fd8a,1e69,1529259329,1,1,162960,0,0
3271,3271,0,5863,15504,0,fd7c,17e7,1527212448,1,1,162960,0,0
3272,3272,0,6039,15504,0,fd6d,1797,1523455480,1,1,162960,0,0
3273,3273,0,6030,15504,0,fd5e,178e,1519929483,1,1,162960,0,0
3274,3274,0,8078,15504,0,fd4f,1f9e,1519713464,1,1,162960,0,0
3275,3275,0,7576,15504,0,fd40,1d98,1521960364,1,1,162960,0,0
3276,3276,0,8192,15504,0,fd30,2000,1520047968,1,1,162960,0,0
3277,3277,0,8790,15504,0,fd21,2256,1516831677,1,1,162960,0,0
3278,3278,0,10363,15504,0,fd11,287b,1515624124,1,1,162960,0,0
3279,3279,0,10757,15504,0,fd01,2a05,1517424376,1,1,162960,0,0
3280,3280,0,10832,15504,0,fcf1,2a50,1519894008,1,1,162960,0,0
3281,3281,0,10718,15504,0,fce1,29de,1520596464,1,1,162960,0,0
3282,3282,0,10284,15504,0,fcd0,282c,1522554570,1,1,162960,0,0
3283,3283,0,8691,15504,0,fcc0,21f3,1531730260,1,1,162960,0,0
3284,3284,0,8092,15504,0,fcaf,1f9c,1537651226,1,1,162960,0,0
3285,3285,0,7500,15504,0,fc9e,1d4c,1537900120,1,1,162960,0,0
3286,3286,0,5925,15504,0,fc8d,1725,1535923605,1,1,162960,0,0
3287,3287,0,5576,15504,0,fc7b,15c8,1526339568,1,1,162960,0,0
3288,3288,0,5565,15504,0,fc7a,15bd,1504527304,1,1,162960,0,0
3289,3289,0,5810,15504,0,fc68,16b2,1499563431,1,1,162960,0,0
3290,3290,0,7231,15504,0,fc5f,1c3f,1502510593,1,1,162960,0,0
3291,3291,0,7823,15504,0,fc47,1e8f,1501939060,1,1,162960,0,0
3292,3292,0,8481,15504,0,fc35,2121,1501764275,1,1,162960,0,0
3293,3293,0,9003,15504,0,fc23,232b,1499305871,1,1,162960,0,0
3294,3294,0,10588,15504,0,fc11,295c,1501848707,1,1,162960,0,0
3295,3295,0,10820,15504,0,fbfe,2a44,1507623478,1,1,162960,0,0
3296,3296,0,10832,15504,0,fbec,2a50,1513597531,1,1,162960,0,0
3297,3297,0,10507,15504,0,fbda,290b,1518918402,1,1,162960,0,0
3298,3298,0,9008,15504,0,fbc7,2330,1519057052,1,1,162960,0,0
3299,3299,0,8453,15504,0,fbb4,2105,1512831370,1,1,162960,0,0
3300,3300,0,7781,15504,0,fba1,1e65,1503511302,1,1,162960,0,0
3301,3301,0,7192,15504,0,fb8e,1c19,1489542812,1,1,162960,0,0
3302,3302,0,5786,15504,0,fb7b,169a,1452457569,1,1,162960,0,0
3303,3303,0,6075,15504,0,fb68,15b3,1472693825,1,1,162960,0,0
3304,3304,0,5617,15504,0,fb55,15f1,1492165136,1,1,162960,0,0
3305,3305,0,6139,15504,0,fb41,17bb,1502926980,1,1,162960,0,0
3306,3306,0,6010,15504,0,fb2e,177a,1508933346,1,1,162960,0,0
3307,3307,0,8053,15504,0,fb1a,1f75,1508915914,1,1,162960,0,0
3308,3308,0,8120,15504,0,fb07,1fb8,1506062364,1,1,162960,0,0
3309,3309,0,8763,15504,0,faf3,227b,1506046984,1,1,162960,0,0
3310,3310,0,10432,15504,0,fadf,29d0,1509628769,1,1,162960,0,0
3311,3311,0,10708,15504,0,facc,29d4,1511331638,1,1,162960,0,0
3312,3312,0,10846,15504,0,fab8,2a5e,1513746675,1,1,162960,0,0
3313,3313,0,10712,15504,0,faa4,29d8,1515725124,1,1,162960,0,0
3314,3314,0,10321,15504,0,fa90,2851,1512391876,1,1,162960,0,0
3315,3315,0,8742,15504,0,fa7c,2226,1511069163,1,1,162960,0,0
3316,3316,0,8144,15504,0,fa68,1fd0,1510036634,1,1,162960,0,0
3317,3317,0,7501,15504,0,fa54,1d4d,1500722010,1,1,162960,0,0
3318,3318,0,5986,15504,0,fa40,1762,1495023536,1,1,162960,0,0
3319,3319,0,5656,15504,0,fa2c,1618,1495892914,1,1,162960,0,0
3320,3320,0,5533,15504,0,fa18,159d,1502674248,1,1,162960,0,0
3321,3321,0,5725,15504,0,fa04,165d,1504491618,1,1,162960,0,0
3322,3322,0,7184,15504,0,f9f0,1c10,1503446595,1,1,162960,0,0
3323,3323,0,7768,15504,0,f9dc,1e58,1497472900,1,1,162960,0,0
3324,3324,0,8393,15504,0,f9d8,20c9,1492068752,1,1,162960,0,0
3325,3325,0,8984,15504,0,f9cc,2318,1495778342,1,1,162960,0,0
3326,3326,0,10522,15504,0,f9b0,291a,1496019198,1,1,162960,0,0
3327,3327,0,10812,15504,0,f9a1,2a3c,1494669531,1,1,162960,0,0
3328,3328,0,10797,15504,0,f98d,2a2d,1495275909,1,1,162960,0,0
3329,3329,0,10538,15504,0,f979,292a,1497736017,1,1,162960,0,0
3330,3330,0,9081,15504,0,f965,2379,1502626154,1,1,162960,0,0
3331,3331,0,8479,15504,0,f952,211f,1504572461,1,1,162960,0,0
3332,3332,0,7852,15504,0,f93f,1eac,1504549135,1,1,162960,0,0
3333,3333,0,7266,15504,0,f92b,1c62,1499065443,1,1,162960,0,0
3334,3334,0,5784,15504,0,f918,1698,1491678074,1,1,162960,0,0
3335,3335,0,5573,15504,0,f905,15c5,1493542273,1,1,162960,0,0
3336,3336,0,5598,15504,0,f8f2,15de,1495483274,1,1,162960,0,0
3337,3337,0,5921,15504,0,f8df,1723,1490481700,1,1,162960,0,0
3338,3338,0,7677,15504,0,f8cd,1cfd,1463980729,1,1,162960,0,0
3339,3339,0,8191,15504,0,f8ba,1f77,1403864132,1,1,162960,0,0
3340,3340,0,16350,15504,0,f8a8,2fde,1448867458,1,1,162960,0,0
3341,3341,0,10731,15504,0,f896,29ab,1466139998,1,1,162960,0,0
3342,3342,0,10667,15504,0,f884,29ab,1477058703,1,1,162960,0,0
3343,3343,0,11243,15504,0,f872,2beb,1492344141,1,1,162960,0,0
3344,3344,0,10835,15504,0,f860,2a53,1503442920,1,1,162960,0,0
3345,3345,0,10909,15504,0,f84f,2a9d,1510305265,1,1,162960,0,0
3346,3346,0,10383,15504,0,f83e,288f,1509950686,1,1,162960,0,0
3347,3347,0,8805,15504,0,f82d,2265,1502604877,1,1,162960,0,0
3348,3348,0,8223,15504,0,f81d,201f,1493958188,1,1,162960,0,0
3349,3349,0,7578,15504,0,f80d,1d9a,1486736389,1,1,162960,0,0
3350,3350,0,6017,15504,0,f7fd,1781,1487409859,1,1,162960,0,0
3351,3351,0,5662,15504,0,f7ed,161e,1497426658,1,1,162960,0,0
3352,3352,0,5567,15504,0,f7de,15bf,1504801264,1,1,162960,0,0
3353,3353,0,5708,15504,0,f7cf,164c,1507807681,1,1,162960,0,0
3354,3354,0,6086,15504,0,f7c0,17c6,1511033023,1,1,162960,0,0
3355,3355,0,7703,15504,0,f7b2,1e17,1521441675,1,1,162960,0,0
3356,3356,0,8338,15504,0,f7a4,2092,1536439372,1,1,162960,0,0
3357,3357,0,8923,15504,0,f796,22db,1542606620,1,1,162960,0,0
3358,3358,0,10441,15504,0,f789,28c9,1542273029,1,1,162960,0,0
3359,3359,0,10772,15504,0,f77c,2a14,1536899390,1,1,162960,0,0
3360,3360,0,10802,15504,0,f778,2a32,1523335545,1,1,162960,0,0
3361,3361,0,10579,15504,0,f774,2953,1505044865,1,1,162960,0,0
3362,3362,0,9141,15504,0,f760,23b5,1486056560,1,1,162960,0,0
3363,3363,0,8552,15504,0,f758,2168,1478766058,1,1,162960,0,0
3364,3364,0,7897,15504,0,f74d,1ed9,1470436894,1,1,162960,0,0
3365,3365,0,7308,15504,0,f742,1c8c,1466981186,1,1,162960,0,0
3366,3366,0,5875,15504,0,f738,16f3,1475898372,1,1,162960,0,0
3367,3367,0,5575,15504,0,f72f,15c7,1480401344,1,1,162960,0,0
3368,3368,0,5552,15504,0,f726,15b0,1486200644,1,1,162960,0,0
3369,3369,0,5869,15504,0,f71d,16ed,1488022802,1,1,162960,0,0
3370,3370,0,7415,15504,0,f715,1cf7,1472311069,1,1,162960,0,0
3371,3371,0,7967,15504,0,f70d,1f1f,1475265921,1,1,162960,0,0
3372,3372,0,8657,15504,0,f707,21d1,1498814312,1,1,162960,0,0
3373,3373,0,10249,15504,0,f700,2809,1504891449,1,1,162960,0,0
3374,3374,0,10628,15504,0,f6fa,2984,1504218922,1,1,162960,0,0
3375,3375,0,11046,15504,0,f6f5,2a26,1502660511,1,1,162960,0,0
3376,3376,0,10814,15504,0,f6f1,2a3e,1499557762,1,1,162960,0,0
3377,3377,0,10974,15504,0,f6ed,2ade,1501036993,1,1,162960,0,0
3378,3378,0,10959,15504,0,f6ea,2ace,1502936998,1,1,162960,0,0
3379,3379,0,8911,15504,0,f6e7,22cf,1504347983,1,1,162960,0,0
3380,3380,0,11726,15504,0,f6e5,3dce,1505165876,1,1,162960,0,0
3381,3381,0,8143,15504,0,f6e4,1fcf,1505291586,1,1,162960,0,0
3382,3382,0,6095,15504,0,f6e4,17cf,1511025405,1,1,162960,0,0
3383,3383,0,5696,15504,0,f6e4,1640,1519075985,1,1,162960,0,0
3384,3384,0,5518,15504,0,f6e5,158e,1533838847,1,1,162960,0,0
3385,3385,0,5635,15504,0,f6e7,1603,1552289838,1,1,162960,0,0
3386,3386,0,6082,15504,0,f6e9,17c2,1560220764,1,1,162960,0,0
3387,3387,0,7629,15504,0,f6ed,1dcd,1560545798,1,1,162960,0,0
3388,3388,0,8241,15504,0,f6f1,2031,1556214571,1,1,162960,0,0
3389,3389,0,8900,15504,0,f6f6,22c4,1543847253,1,1,162960,0,0
3390,3390,0,10408,15504,0,f6fb,28a8,1529026454,1,1,162960,0,0
3391,3391,0,10740,15504,0,f702,29f4,1527191294,1,1,162960,0,0
3392,3392,0,10823,15504,0,f70a,2a47,1518275811,1,1,162960,0,0
3393,3393,0,10638,15504,0,f712,298e,1512978542,1,1,162960,0,0
3394,3394,0,9175,15504,0,f71b,23d7,1512737103,1,1,162960,0,0
3395,3395,0,8628,15504,0,f736,21b4,1510570204,1,1,162960,0,0
3396,3396,0,8026,15504,0,f721,1f5a,1500662155,1,1,162960,0,0
3397,3397,0,7391,15504,0,f735,1cdf,1493023344,1,1,162960,0,0
3398,3398,0,5850,15504,0,f73d,16da,1493973902,1,1,162960,0,0
3399,3399,0,5560,15504,0,f74a,15b8,1500152734,1,1,162960,0,0
3400,3400,0,5566,15504,0,f767,15be,1505946645,1,1,162960,0,0
3401,3401,0,5849,15504,0,f777,16d9,1507076486,1,1,162960,0,0
3402,3402,0,7307,15504,0,f788,1c8b,1506849741,1,1,162960,0,0
3403,3403,0,7879,15504,0,f79a,1ec7,1510249490,1,1,162960,0,0
3404,3404,0,8537,15504,0,f7ad,2159,1506795738,1,1,162960,0,0
3405,3405,0,9144,15504,0,f7c1,23b8,1495231181,1,1,162960,0,0
3406,3406,0,10628,15504,0,f7d7,2984,1490134894,1,1,162960,0,0
3407,3407,0,10812,15504,0,f7ed,2a3c,1492646340,1,1,162960,0,0
3408,3408,0,10768,15504,0,f805,2a10,1495412551,1,1,162960,0,0
3409,3409,0,10468,15504,0,f81d,28e4,1493544506,1,1,162960,0,0
3410,3410,0,8933,15504,0,f837,22e5,1482330749,1,1,162960,0,0
3411,3411,0,8877,15504,0,f852,20ad,1491061594,1,1,162960,0,0
3412,3412,0,15869,15504,0,f86e,1dfd,1498513083,1,1,162960,0,0
3413,3413,0,8191,15504,0,f88b,1fff,1505675400,1,1,162960,0,0
3414,3414,0,6135,15504,0,f8aa,17f7,1517601437,1,1,162960,0,0
3415,3415,0,6141,15504,0,f8c9,17fd,1522097783,1,1,162960,0,0
3416,3416,0,5596,15504,0,f8ea,15dc,1520793879,1,1,162960,0,0
3417,3417,0,5719,15504,0,f90d,1757,1520190373,1,1,162960,0,0
3418,3418,0,6000,15504,0,f930,1770,1514840205,1,1,162960,0,0
3419,3419,0,7560,15504,0,f955,1d88,1504589832,1,1,162960,0,0
3420,3420,0,8224,15504,0,f97b,2020,1500174114,1,1,162960,0,0
3421,3421,0,8839,15504,0,f9a2,2287,1496387266,1,1,162960,0,0
3422,3422,0,10345,15504,0,f9ca,2869,1491376601,1,1,162960,0,0
3423,3423,0,10697,15504,0,f9f4,29c9,1477123500,1,1,162960,0,0
3424,3424,0,10816,15504,0,fa20,2a40,1478222453,1,1,162960,0,0
3425,3425,0,10688,15504,0,fa4c,29c0,1487939180,1,1,162960,0,0
3426,3426,0,10274,15504,0,fa7a,2822,1493578563,1,1,162960,0,0
3427,3427,0,8645,15504,0,faa9,21c5,1487529975,1,1,162960,0,0
3428,3428,0,8107,15504,0,fada,1fab,1474521859,1,1,162960,0,0
3429,3429,0,7451,15504,0,fb0c,1d1b,1482194261,1,1,162960,0,0
3430,3430,0,5911,15504,0,fb40,1717,1491042083,1,1,162960,0,0
3431,3431,0,5589,15504,0,fb65,15d5,1491816311,1,1,162960,0,0
3432,3432,0,5567,15504,0,fb73,15bf,1482127393,1,1,162960,0,0
3433,3433,0,5771,15504,0,fbab,168b,1468094506,1,1,162960,0,0
3434,3434,0,7280,15504,0,fbe7,1c70,1461440277,1,1,162960,0,0
3435,3435,0,7859,15504,0,fc1c,1eb3,1468150555,1,1,162960,0,0
3436,3436,0,8492,15504,0,fc57,212c,1481429334,1,1,162960,0,0
3437,3437,0,9004,15504,0,fc93,232c,1477731614,1,1,162960,0,0
3438,3438,0,10556,15504,0,fcd1,293c,1474720081,1,1,162960,0,0
3439,3439,0,10849,15504,0,fd10,2a61,1482745420,1,1,162960,0,0
3440,3440,0,10819,15504,0,fd51,2a43,1495133934,1,1,162960,0,0
3441,3441,0,10514,15504,0,fd93,2912,1500307561,1,1,162960,0,0
3442,3442,0,9005,15504,0,fdd7,232d,1497036812,1,1,162960,0,0
3443,3443,0,8403,15504,0,fe1c,20d3,1496607074,1,1,162960,0,0
3444,3444,0,7766,15504,0,fe63,1e57,1504791134,1,1,162960,0,0
3445,3445,0,7203,15504,0,feab,1c23,1510115017,1,1,162960,0,0
3446,3446,0,5795,15504,0,fef5,16a3,1510120140,1,1,162960,0,0
3447,3447,0,6091,15504,0,ff41,15cb,1506364638,1,1,162960,0,0
3448,3448,0,5627,15504,0,ff8e,15fb,1498058262,1,1,162960,0,0
3449,3449,0,6143,15504,0,ffdc,17ff,1493562882,1,1,162960,0,0
3450,3450,0,8047,15504,0,002d,1f6f,1487021610,1,1,162960,0,0
3451,3451,0,8110,15504,0,007e,1fae,1469630347,1,1,162960,0,0
3452,3452,0,8110,15504,0,00d2,1fae,1434787206,1,1,162960,0,0
3453,3453,0,8817,15504,0,0127,2271,1470487843,1,1,162960,0,0
3454,3454,0,10313,15504,0,017e,2949,1477761700,1,1,162960,0,0
3455,3455,0,10689,15504,0,01d6,29c1,1473061132,1,1,162960,0,0
3456,3456,0,10825,15504,0,0230,2a49,1485174581,1,1,162960,0,0
3457,3457,0,10714,15504,0,028c,29da,1503028743,1,1,162960,0,0
3458,3458,0,10333,15504,0,02e9,285d,1516767833,1,1,162960,0,0
3459,3459,0,8723,15504,0,0348,2213,1522586507,1,1,162960,0,0
3460,3460,0,8085,15504,0,03a8,1f95,1520699883,1,1,162960,0,0
3461,3461,0,7477,15504,0,040a,1d35,1514462063,1,1,162960,0,0
3462,3462,0,5991,15504,0,046e,1767,1510977640,1,1,162960,0,0
3463,3463,0,5689,15504,0,04d4,1639,1505748392,1,1,162960,0,0
3464,3464,0,5541,15504,0,053b,15a5,1491952154,1,1,162960,0,0
3465,3465,0,5721,15504,0,05a3,1659,1488558585,1,1,162960,0,0
3466,3466,0,7174,15504,0,060e,1c06,1496806338,1,1,162960,0,0
3467,3467,0,7838,15504,0,067a,1e9e,1497912701,1,1,162960,0,0
3468,3468,0,8407,15504,0,0678,20d7,1494798466,1,1,162960,0,0
3469,3469,0,8993,15504,0,06ef,2321,1491510102,1,1,162960,0,0
3470,3470,0,10469,15504,0,0757,28e5,1494985167,1,1,162960,0,0
3471,3471,0,10794,15504,0,07c8,2a2a,1498028549,1,1,162960,0,0
3472,3472,0,10835,15504,0,083b,2a53,1494988815,1,1,162960,0,0
3473,3473,0,10560,15504,0,08af,2940,1484903361,1,1,162960,0,0
3474,3474,0,9054,15504,0,0926,235e,1477262730,1,1,162960,0,0
3475,3475,0,8483,15504,0,099d,2123,1486085563,1,1,162960,0,0
3476,3476,0,7829,15504,0,0a17,1e95,1489376757,1,1,162960,0,0
3477,3477,0,7272,15504,0,0a92,1c68,1485567090,1,1,162960,0,0
3478,3478,0,5774,15504,0,0b0e,168e,1469598176,1,1,162960,0,0
3479,3479,0,5556,15504,0,0b8d,15b4,1473289586,1,1,162960,0,0
3480,3480,0,5591,15504,0,0c0d,15d7,1487857670,1,1,162960,0,0
3481,3481,0,5935,15504,0,0c8f,172f,1492419860,1,1,162960,0,0
3482,3482,0,7979,15504,0,0d12,1d2f,1483903502,1,1,162960,0,0
3483,3483,0,8127,15504,0,0d97,1fbf,1481589761,1,1,162960,0,0
3484,3484,0,16351,15504,0,0e1d,2fdf,1493134310,1,1,162960,0,0
3485,3485,0,10717,15504,0,0ea5,29dd,1500418976,1,1,162960,0,0
3486,3486,0,10684,15504,0,0f2f,29bc,1500524866,1,1,162960,0,0
3487,3487,0,10684,15504,0,0fbb,2bbc,1493866922,1,1,162960,0,0
3488,3488,0,11234,15504,0,1048,2be2,1474381528,1,1,162960,0,0
3489,3489,0,10723,15504,0,10d6,29e3,1486560303,1,1,162960,0,0
3490,3490,0,10360,15504,0,1166,2878,1494428123,1,1,162960,0,0
3491,3491,0,8766,15504,0,11f8,223e,1490128570,1,1,162960,0,0
3492,3492,0,8187,15504,0,128b,1ffb,1473286203,1,1,162960,0,0
3493,3493,0,7536,15504,0,1320,1d70,1455599916,1,1,162960,0,0
3494,3494,0,6008,15504,0,13b7,1778,1404039320,1,1,162960,0,0
3495,3495,0,5677,15504,0,144f,162d,1479675099,1,1,162960,0,0
3496,3496,0,5573,15504,0,14e8,15c5,1487676067,1,1,162960,0,0
3497,3497,0,5695,15504,0,1583,163f,1490793751,1,1,162960,0,0
3498,3498,0,6123,15504,0,1620,17eb,1489188886,1,1,162960,0,0
3499,3499,0,7717,15504,0,16be,1e25,1497926180,1,1,162960,0,0
3500,3500,0,8385,15504,0,175d,20c1,1503883624,1,1,162960,0,0
3501,3501,0,8941,15504,0,17fe,22ed,1505629678,1,1,162960,0,0
3502,3502,0,10487,15504,0,1ab1,28f7,1504442797,1,1,162960,0,0
3503,3503,0,10773,15504,0,18e5,2a15,1501146224,1,1,162960,0,0
3504,3504,0,10839,15504,0,1942,2a57,1493205333,1,1,162960,0,0
3505,3505,0,10639,15504,0,19e8,298f,1487186781,1,1,162960,0,0
3506,3506,0,9073,15504,0,1a91,2371,1479175735,1,1,162960,0,0
3507,3507,0,8524,15504,0,1b39,214c,1470452242,1,1,162960,0,0
3508,3508,0,7901,15504,0,1be2,1edd,1498540806,1,1,162960,0,0
3509,3509,0,7319,15504,0,1c8d,1c97,1510551622,1,1,162960,0,0
3510,3510,0,5841,15504,0,1d3a,16d1,1515577820,1,1,162960,0,0
3511,3511,0,5564,15504,0,1de7,15bc,1516541910,1,1,162960,0,0
3512,3512,0,5608,15504,0,1e96,15e8,1517732381,1,1,162960,0,0
3513,3513,0,5866,15504,0,1f46,16ea,1521692020,1,1,162960,0,0
3514,3514,0,7385,15504,0,1ff8,1cd9,1528118497,1,1,162960,0,0
3515,3515,0,8001,15504,0,20aa,1f41,1537810907,1,1,162960,0,0
3516,3516,0,8658,15504,0,215e,21d3,1549118663,1,1,162960,0,0
3517,3517,0,9211,15504,0,2213,23fb,1557247242,1,1,162960,0,0
3518,3518,0,11195,15504,0,22ca,29b3,1559947295,1,1,162960,0,0
3519,3519,0,11160,15504,0,2381,2a98,1555081824,1,1,162960,0,0
3520,3520,0,11260,15504,0,243a,2bfc,1544062848,1,1,162960,0,0
3521,3521,0,10751,15504,0,24f4,29ff,1544044694,1,1,162960,0,0
3522,3522,0,10991,15504,0,25af,2aef,1546101062,1,1,162960,0,0
3523,3523,0,8860,15504,0,266b,229c,1539259774,1,1,162960,0,0
3524,3524,0,11410,15504,0,2728,3d92,1533645688,1,1,162960,0,0
3525,3525,0,7570,15504,0,27e6,1f92,1528621195,1,1,162960,0,0
3526,3526,0,6043,15504,0,28a6,179b,1525028843,1,1,162960,0,0
3527,3527,0,5710,15504,0,2966,164e,1522486445,1,1,162960,0,0
3528,3528,0,5584,15504,0,2a27,15d0,1520127024,1,1,162960,0,0
3529,3529,0,5690,15504,0,2ae9,163a,1515959433,1,1,162960,0,0
3530,3530,0,6030,15504,0,2bac,178e,1512520015,1,1,162960,0,0
3531,3531,0,7648,15504,0,2c70,1de0,1513726970,1,1,162960,0,0
3532,3532,0,8309,15504,0,2d35,2075,1516816549,1,1,162960,0,0
3533,3533,0,8929,15504,0,2dfb,22e1,1518664969,1,1,162960,0,0
3534,3534,0,10415,15504,0,2ec2,28af,1517253739,1,1,162960,0,0
3535,3535,0,10715,15504,0,2f89,29db,1513308303,1,1,162960,0,0
3536,3536,0,10822,15504,0,3051,2a46,1511155158,1,1,162960,0,0
3537,3537,0,10675,15504,0,311a,29b3,1510431692,1,1,162960,0,0
3538,3538,0,9190,15504,0,31e4,23e6,1508874078,1,1,162960,0,0
3539,3539,0,8597,15504,0,31e6,2195,1504707362,1,1,162960,0,0
3540,3540,0,7923,15504,0,32a9,1ef3,1502725839,1,1,162960,0,0
3541,3541,0,7375,15504,0,337d,1ccf,1503685195,1,1,162960,0,0
3542,3542,0,5892,15504,0,3444,1704,1507533808,1,1,162960,0,0
3543,3543,0,5590,15504,0,3511,15d6,1511430971,1,1,162960,0,0
3544,3544,0,5554,15504,0,35dd,15b2,1511493735,1,1,162960,0,0
3545,3545,0,5838,15504,0,36ab,16ce,1513270707,1,1,162960,0,0
3546,3546,0,7327,15504,0,3779,1c9f,1519716628,1,1,162960,0,0
3547,3547,0,7921,15504,0,3847,1ef1,1521649048,1,1,162960,0,0
3548,3548,0,8593,15504,0,3916,2191,1518819261,1,1,162960,0,0
3549,3549,0,9145,15504,0,39e5,23b9,1508787224,1,1,162960,0,0
3550,3550,0,10614,15504,0,3ab4,2976,1481377308,1,1,162960,0,0
3551,3551,0,10779,15504,0,3b84,2a1b,1469921541,1,1,162960,0,0
3552,3552,0,10786,15504,0,3c54,2a23,1479278134,1,1,162960,0,0
3553,3553,0,10486,15504,0,3d25,28d6,1478040654,1,1,162960,0,0
3554,3554,0,8957,15504,0,3df6,22fd,1483212732,1,1,162960,0,0
3555,3555,0,8879,15504,0,3ec7,22bf,1486198070,1,1,162960,0,0
3556,3556,0,11734,15504,0,3f98,3dd6,1480783979,1,1,162960,0,0
3557,3557,0,8183,15504,0,4069,1ff7,1486892632,1,1,162960,0,0
3558,3558,0,6134,15504,0,413b,17f6,1499661389,1,1,162960,0,0
3559,3559,0,6137,15504,0,420c,17f9,1505417844,1,1,162960,0,0
3560,3560,0,5561,15504,0,42de,15b9,1509807730,1,1,162960,0,0
3561,3561,0,5768,15504,0,43b0,1708,1506257595,1,1,162960,0,0
3562,3562,0,6032,15504,0,4481,1790,1493893152,1,1,162960,0,0
3563,3563,0,7587,15504,0,4553,1da3,1482260024,1,1,162960,0,0
3564,3564,0,8233,15504,0,4624,2029,1494656254,1,1,162960,0,0
3565,3565,0,8855,15504,0,46f6,2297,1497291888,1,1,162960,0,0
3566,3566,0,10390,15504,0,47c7,2896,1496751504,1,1,162960,0,0
3567,3567,0,10705,15504,0,4898,29d1,1502916785,1,1,162960,0,0
3568,3568,0,10817,15504,0,4969,2a41,1506530760,1,1,162960,0,0
3569,3569,0,10675,15504,0,4a3a,29b3,1510416720,1,1,162960,0,0
3570,3570,0,10271,15504,0,4b0a,281f,1510802718,1,1,162960,0,0
3571,3571,0,8656,15504,0,4bda,21d0,1510634345,1,1,162960,0,0
3572,3572,0,8022,15504,0,4ca9,1f56,1511760939,1,1,162960,0,0
3573,3573,0,7412,15504,0,4d79,1cf4,1511568356,1,1,162960,0,0
3574,3574,0,5907,15504,0,4e57,1713,1511631518,1,1,162960,0,0
3575,3575,0,5642,15504,0,4e46,160a,1511938894,1,1,162960,0,0
3576,3576,0,5594,15504,0,4f14,15da,1508953166,1,1,162960,0,0
3577,3577,0,5727,15504,0,4fe4,165f,1503748363,1,1,162960,0,0
3578,3578,0,7254,15504,0,50b1,1c56,1500547510,1,1,162960,0,0
3579,3579,0,7909,15504,0,517d,1ee5,1485722742,1,1,162960,0,0
3580,3580,0,8524,15504,0,5249,214c,1471553334,1,1,162960,0,0
3581,3581,0,9090,15504,0,5315,2382,1495951710,1,1,162960,0,0
3582,3582,0,10570,15504,0,53e0,294a,1503028900,1,1,162960,0,0
3583,3583,0,10810,15504,0,54aa,2a3a,1504817063,1,1,162960,0,0
3584,3584,0,10773,15504,0,5573,2a15,1501859377,1,1,162960,0,0
3585,3585,0,10500,15504,0,563b,2904,1492738316,1,1,162960,0,0
3586,3586,0,9007,15504,0,5703,232f,1484466376,1,1,162960,0,0
3587,3587,0,8388,15504,0,57c9,20c4,1484562575,1,1,162960,0,0
3588,3588,0,7715,15504,0,588f,1e23,1482985485,1,1,162960,0,0
3589,3589,0,6143,15504,0,5954,17ff,1470511198,1,1,162960,0,0
3590,3590,0,6140,15504,0,5a18,16fc,1466270071,1,1,162960,0,0
3591,3591,0,6134,15504,0,5adb,17f6,1435915580,1,1,162960,0,0
3592,3592,0,5623,15504,0,5b9d,15f7,1471503829,1,1,162960,0,0
3593,3593,0,6133,15504,0,5c5d,17f5,1492362760,1,1,162960,0,0
3594,3594,0,8036,15504,0,5d1d,1f64,1500864278,1,1,162960,0,0
3595,3595,0,8156,15504,0,5ddb,1fdc,1501938939,1,1,162960,0,0
3596,3596,0,8154,15504,0,5e99,1fda,1497238428,1,1,162960,0,0
3597,3597,0,8792,15504,0,5f55,2258,1500620067,1,1,162960,0,0
3598,3598,0,10356,15504,0,600f,2874,1504623604,1,1,162960,0,0
3599,3599,0,10695,15504,0,60c9,29c7,1503913822,1,1,162960,0,0
3600,3600,0,10809,15504,0,6181,2a39,1498374512,1,1,162960,0,0
3601,3601,0,10685,15504,0,6237,29bd,1489235241,1,1,162960,0,0
3602,3602,0,10333,15504,0,62ed,285d,1487781926,1,1,162960,0,0
3603,3603,0,8723,15504,0,63a0,2213,1487283715,1,1,162960,0,0
3604,3604,0,8090,15504,0,6453,1f9a,1488388376,1,1,162960,0,0
3605,3605,0,7447,15504,0,6504,1d17,1498522718,1,1,162960,0,0
3606,3606,0,5942,15504,0,65b3,1736,1507096230,1,1,162960,0,0
3607,3607,0,5659,15504,0,6661,161b,1513302854,1,1,162960,0,0
3608,3608,0,5555,15504,0,670d,15b3,1517528841,1,1,162960,0,0
3609,3609,0,5761,15504,0,67b7,1681,1515929374,1,1,162960,0,0
3610,3610,0,7199,15504,0,6f70,1c1f,1511600243,1,1,162960,0,0
3611,3611,0,7788,15504,0,6867,1e6c,1507134240,1,1,162960,0,0
3612,3612,0,8443,15504,0,6904,20fb,1507026449,1,1,162960,0,0
3613,3613,0,9037,15504,0,69ac,234d,1511070378,1,1,162960,0,0
3614,3614,0,10532,15504,0,6a50,2924,1516536401,1,1,162960,0,0
3615,3615,0,10754,15504,0,6af1,2a02,1519034048,1,1,162960,0,0
3616,3616,0,10781,15504,0,6b91,2a1d,1521652276,1,1,162960,0,0
3617,3617,0,10576,15504,0,6c2f,2950,1528367404,1,1,162960,0,0
3618,3618,0,9046,15504,0,6ccb,2356,1536605886,1,1,162960,0,0
3619,3619,0,8422,15504,0,6d65,20e6,1545376100,1,1,162960,0,0
3620,3620,0,7787,15504,0,6dfd,1e6b,1548165183,1,1,162960,0,0
3621,3621,0,7209,15504,0,6e93,1c29,1541367304,1,1,162960,0,0
3622,3622,0,5756,15504,0,6f27,167c,1530750090,1,1,162960,0,0
3623,3623,0,5564,15504,0,6fb9,15bc,1535883420,1,1,162960,0,0
3624,3624,0,5625,15504,0,7049,15f9,1534981720,1,1,162960,0,0
3625,3625,0,5937,15504,0,70d7,1721,1525856314,1,1,162960,0,0
3626,3626,0,7975,15504,0,7162,1d27,1520358772,1,1,162960,0,0
3627,3627,0,8095,15504,0,71ec,1f9f,1516557621,1,1,162960,0,0
3628,3628,0,16318,15504,0,7273,3fbe,1507979337,1,1,162960,0,0
3629,3629,0,10806,15504,0,72f8,2a36,1502149403,1,1,162960,0,0
3630,3630,0,10686,15504,0,737b,29be,1502111993,1,1,162960,0,0
3631,3631,0,10686,15504,0,73fb,29be,1502875608,1,1,162960,0,0
3632,3632,0,10952,15504,0,7479,2bd8,1502395613,1,1,162960,0,0
3633,3633,0,10704,15504,0,74f5,29d0,1493438171,1,1,162960,0,0
3634,3634,0,10364,15504,0,756f,287c,1477607600,1,1,162960,0,0
3635,3635,0,8792,15504,0,75e6,2258,1479028920,1,1,162960,0,0
3636,3636,0,8160,15504,0,765a,1fe0,1484579963,1,1,162960,0,0
3637,3637,0,7527,15504,0,76cc,1d67,1477970568,1,1,162960,0,0
3638,3638,0,5979,15504,0,773c,175b,1472535631,1,1,162960,0,0
3639,3639,0,5667,15504,0,77a9,1623,1478482944,1,1,162960,0,0
3640,3640,0,5564,15504,0,7814,15bc,1485369591,1,1,162960,0,0
3641,3641,0,5694,15504,0,787c,163e,1495102502,1,1,162960,0,0
3642,3642,0,7188,15504,0,78e2,1c14,1494679758,1,1,162960,0,0
3643,3643,0,7770,15504,0,7945,1e5a,1485790853,1,1,162960,0,0
3644,3644,0,8389,15504,0,79a5,20c5,1490251809,1,1,162960,0,0
3645,3645,0,8974,15504,0,7a03,230e,1500288474,1,1,162960,0,0
3646,3646,0,10509,15504,0,7a46,290d,1502277110,1,1,162960,0,0
3647,3647,0,10786,15504,0,7a5f,2a22,1496884538,1,1,162960,0,0
3648,3648,0,10821,15504,0,7ab5,2a45,1506249788,1,1,162960,0,0
3649,3649,0,10576,15504,0,7b0d,2950,1513217637,1,1,162960,0,0
3650,3650,0,9104,15504,0,7b60,2390,1510459422,1,1,162960,0,0
3651,3651,0,8529,15504,0,7bb1,2151,1503402969,1,1,162960,0,0
3652,3652,0,7867,15504,0,7bfe,1ebb,1506252705,1,1,162960,0,0
3653,3653,0,7271,15504,0,7c49,1c67,1510366257,1,1,162960,0,0
3654,3654,0,5801,15504,0,7c92,16a9,1502462586,1,1,162960,0,0
3655,3655,0,5586,15504,0,7cd7,15d2,1491706558,1,1,162960,0,0
3656,3656,0,5578,15504,0,7d1a,15ca,1499061294,1,1,162960,0,0
3657,3657,0,5904,15504,0,7d5a,1710,1501776602,1,1,162960,0,0
3658,3658,0,7401,15504,0,7d97,1ce9,1495240641,1,1,162960,0,0
3659,3659,0,8010,15504,0,7dd1,1f4b,1488661948,1,1,162960,0,0
3660,3660,0,8671,15504,0,7e09,21df,1496374288,1,1,162960,0,0
3661,3661,0,10527,15504,0,7e3d,2817,1500210086,1,1,162960,0,0
3662,3662,0,10679,15504,0,7e6f,29b7,1500339968,1,1,162960,0,0
3663,3663,0,11247,15504,0,7e9e,2bef,1498846874,1,1,162960,0,0
3664,3664,0,11246,15504,0,7eca,2bee,1494410411,1,1,162960,0,0
3665,3665,0,10750,15504,0,7ef3,29fe,1494636195,1,1,162960,0,0
3666,3666,0,10942,15504,0,7f19,2abe,1498027521,1,1,162960,0,0
3667,3667,0,8874,15504,0,7f3c,22aa,1490809354,1,1,162960,0,0
3668,3668,0,8233,15504,0,7f5d,2029,1470217179,1,1,162960,0,0
3669,3669,0,7572,15504,0,7f7a,1d94,1484482362,1,1,162960,0,0
3670,3670,0,6048,15504,0,7f95,17a0,1496411671,1,1,162960,0,0
3671,3671,0,5702,15504,0,7fac,1646,1501016397,1,1,162960,0,0
3672,3672,0,5572,15504,0,7fc1,15c4,1495930119,1,1,162960,0,0
3673,3673,0,5703,15504,0,7fd3,1647,1492226461,1,1,162960,0,0
3674,3674,0,6040,15504,0,7fe1,1798,1497813136,1,1,162960,0,0
3675,3675,0,7663,15504,0,7fed,1def,1500899932,1,1,162960,0,0
3676,3676,0,8341,15504,0,7ff6,2095,1505542390,1,1,162960,0,0
3677,3677,0,8958,15504,0,7ffc,22fe,1509092768,1,1,162960,0,0
3678,3678,0,10435,15504,0,7fff,28c3,1512540464,1,1,162960,0,0
3679,3679,0,10742,15504,0,7fff,29f6,1515727239,1,1,162960,0,0
3680,3680,0,10824,15504,0,7ffc,2a48,1511211892,1,1,162960,0,0
3681,3681,0,10627,15504,0,7ff6,2983,1511465783,1,1,162960,0,0
3682,3682,0,9140,15504,0,7ffd,23b4,1517345124,1,1,162960,0,0
3683,3683,0,8573,15504,0,7fe9,217d,1514473750,1,1,162960,0,0
3684,3684,0,7924,15504,0,7fe3,1ef4,1505509882,1,1,162960,0,0
3685,3685,0,7292,15504,0,7fd3,1c7c,1495746984,1,1,162960,0,0
3686,3686,0,5814,15504,0,7fc1,16b6,1486830328,1,1,162960,0,0
3687,3687,0,5622,15504,0,7fac,15f6,1493069856,1,1,162960,0,0
3688,3688,0,5594,15504,0,7f95,15da,1495830824,1,1,162960,0,0
3689,3689,0,5812,15504,0,7f7a,16b4,1493344692,1,1,162960,0,0
3690,3690,0,7303,15504,0,7f5d,1c87,1482380084,1,1,162960,0,0
3691,3691,0,7967,15504,0,7f3c,1f1f,1477972692,1,1,162960,0,0
3692,3692,0,8644,15504,0,7f19,21c4,1493899601,1,1,162960,0,0
3693,3693,0,9099,15504,0,7ef3,238b,1498689030,1,1,162960,0,0
3694,3694,0,10645,15504,0,7eca,2995,1496047824,1,1,162960,0,0
3695,3695,0,10756,15504,0,7e9e,2a05,1489555942,1,1,162960,0,0
3696,3696,0,10738,15504,0,7e6f,29f6,1485495005,1,1,162960,0,0
3697,3697,0,10742,15504,0,7e3d,28e6,1483249356,1,1,162960,0,0
3698,3698,0,11172,15504,0,7e09,2ba4,1478401277,1,1,162960,0,0
3699,3699,0,9037,15504,0,7dd1,234d,1487821837,1,1,162960,0,0
3700,3700,0,11725,15504,0,7d97,3dcd,1494567572,1,1,162960,0,0
3701,3701,0,8180,15504,0,7d5a,1ff4,1489328529,1,1,162960,0,0
3702,3702,0,6134,15504,0,7d1a,17f6,1484730945,1,1,162960,0,0
3703,3703,0,5733,15504,0,7cd7,177d,1489329115,1,1,162960,0,0
3704,3704,0,5564,15504,0,7c92,15bc,1494567758,1,1,162960,0,0
3705,3705,0,5663,15504,0,7c49,161f,1487821859,1,1,162960,0,0
3706,3706,0,6017,15504,0,7bfe,1781,1478401294,1,1,162960,0,0
3707,3707,0,7605,15504,0,7bb1,1db5,1483249350,1,1,162960,0,0
3708,3708,0,8233,15504,0,7b60,2029,1485495165,1,1,162960,0,0
3709,3709,0,8870,15504,0,7b0d,22a6,1489555904,1,1,162960,0,0
3710,3710,0,10394,15504,0,7ab7,289a,1496047836,1,1,162960,0,0
3711,3711,0,10714,15504,0,7a5e,29da,1498689026,1,1,162960,0,0
3712,3712,0,10818,15504,0,7a03,2a42,1493899554,1,1,162960,0,0
3713,3713,0,10648,15504,0,79a5,2998,1477972814,1,1,162960,0,0
3714,3714,0,10261,15504,0,7945,2815,1482380103,1,1,162960,0,0
3715,3715,0,8649,15504,0,78e2,21c9,1493344825,1,1,162960,0,0
3716,3716,0,8009,15504,0,787c,1f49,1495831016,1,1,162960,0,0
3717,3717,0,7358,15504,0,7814,1cbe,1493070062,1,1,162960,0,0
3718,3718,0,5876,15504,0,7411,16f4,1486830320,1,1,162960,0,0
3719,3719,0,5629,15504,0,77ac,15fd,1495746859,1,1,162960,0,0
3720,3720,0,5596,15504,0,773c,15dc,1505509740,1,1,162960,0,0
3721,3721,0,5813,15504,0,76cc,16b5,1514473723,1,1,162960,0,0
3722,3722,0,7295,15504,0,765a,1c7f,1517345120,1,1,162960,0,0
3723,3723,0,7879,15504,0,75e6,1ec7,1511465804,1,1,162960,0,0
3724,3724,0,8519,15504,0,756f,2147,1511211860,1,1,162960,0,0
3725,3725,0,9129,15504,0,74f5,23a9,1515727256,1,1,162960,0,0
3726,3726,0,10595,15504,0,7479,2963,1512540450,1,1,162960,0,0
3727,3727,0,10804,15504,0,73fb,2a34,1509092746,1,1,162960,0,0
3728,3728,0,10750,15504,0,737b,29fe,1505542450,1,1,162960,0,0
3729,3729,0,10515,15504,0,72f8,2913,1500900048,1,1,162960,0,0
3730,3730,0,9003,15504,0,7273,232b,1497813119,1,1,162960,0,0
3731,3731,0,8367,15504,0,71ec,20af,1492226387,1,1,162960,0,0
3732,3732,0,7739,15504,0,7162,1e37,1495929928,1,1,162960,0,0
3733,3733,0,8177,15504,0,70d7,17f1,1501016350,1,1,162960,0,0
3734,3734,0,6073,15504,0,7049,16b9,1496411668,1,1,162960,0,0
3735,3735,0,6121,15504,0,6fb9,17e9,1484482778,1,1,162960,0,0
3736,3736,0,6122,15504,0,6f27,17ea,1470216857,1,1,162960,0,0
3737,3737,0,5995,15504,0,6e93,176a,1490809455,1,1,162960,0,0
3738,3738,0,8061,15504,0,6dfd,1f7d,1498027498,1,1,162960,0,0
3739,3739,0,8189,15504,0,6d65,1ffd,1494636278,1,1,162960,0,0
3740,3740,0,8189,15504,0,6ccb,1ffd,1494410393,1,1,162960,0,0
3741,3741,0,8834,15504,0,6c2f,2282,1498847008,1,1,162960,0,0
3742,3742,0,10355,15504,0,6b91,2873,1500339964,1,1,162960,0,0
3743,3743,0,10690,15504,0,6af1,29c2,1500210120,1,1,162960,0,0
3744,3744,0,10805,15504,0,6a50,2a35,1496374222,1,1,162960,0,0
3745,3745,0,10677,15504,0,69ac,29b5,1488661951,1,1,162960,0,0
3746,3746,0,10288,15504,0,6907,2830,1495240615,1,1,162960,0,0
3747,3747,0,8707,15504,0,6860,2203,1501776588,1,1,162960,0,0
3748,3748,0,8076,15504,0,67b7,1f8c,1499061343,1,1,162960,0,0
3749,3749,0,7429,15504,0,670d,1d05,1491706571,1,1,162960,0,0
3750,3750,0,5904,15504,0,6661,1710,1502462589,1,1,162960,0,0
3751,3751,0,5645,15504,0,65b3,160d,1510366354,1,1,162960,0,0
3752,3752,0,5583,15504,0,6504,15cf,1506252848,1,1,162960,0,0
3753,3753,0,5806,15504,0,6553,16ae,1503402949,1,1,162960,0,0
3754,3754,0,7223,15504,0,6450,1c37,1510459426,1,1,162960,0,0
3755,3755,0,7782,15504,0,63a5,1e66,1513217654,1,1,162960,0,0
3756,3756,0,8462,15504,0,62ed,210e,1506249844,1,1,162960,0,0
3757,3757,0,9079,15504,0,6237,2377,1496884483,1,1,162960,0,0
3758,3758,0,10598,15504,0,6181,2966,1502277120,1,1,162960,0,0
3759,3759,0,10756,15504,0,60c9,2a04,1500288389,1,1,162960,0,0
3760,3760,0,10746,15504,0,600f,29fa,1490251864,1,1,162960,0,0
3761,3761,0,10520,15504,0,5f55,2918,1485790900,1,1,162960,0,0
3762,3762,0,9057,15504,0,5e99,2361,1494679742,1,1,162960,0,0
3763,3763,0,8453,15504,0,5ddb,2105,1495102564,1,1,162960,0,0
3764,3764,0,7768,15504,0,5d1d,1e58,1485369790,1,1,162960,0,0
3765,3765,0,6112,15504,0,5c5d,17e0,1478483134,1,1,162960,0,0
3766,3766,0,5713,15504,0,5b9d,1651,1472535624,1,1,162960,0,0
3767,3767,0,5599,15504,0,5adb,15df,1477971598,1,1,162960,0,0
3768,3768,0,5943,15504,0,5a18,1637,1484580958,1,1,162960,0,0
3769,3769,0,5943,15504,0,5954,1737,1479029437,1,1,162960,0,0
3770,3770,0,7975,15504,0,588f,1f27,1477607695,1,1,162960,0,0
3771,3771,0,8069,15504,0,57c9,1f85,1493437963,1,1,162960,0,0
3772,3772,0,8072,15504,0,5703,1f88,1502395613,1,1,162960,0,0
3773,3773,0,10858,15504,0,563b,2a7a,1502875647,1,1,162960,0,0
3774,3774,0,10715,15504,0,5573,29db,1502111995,1,1,162960,0,0
3775,3775,0,10688,15504,0,54aa,2bc0,1502149410,1,1,162960,0,0
3776,3776,0,10817,15504,0,53e0,2a41,1507979344,1,1,162960,0,0
3777,3777,0,10682,15504,0,5315,29ba,1516557636,1,1,162960,0,0
3778,3778,0,10340,15504,0,5249,2864,1520358770,1,1,162960,0,0
3779,3779,0,8790,15504,0,517d,2256,1525856338,1,1,162960,0,0
3780,3780,0,8116,15504,0,50b1,1fb4,1534981767,1,1,162960,0,0
3781,3781,0,7502,15504,0,4fe4,1d4e,1535883439,1,1,162960,0,0
3782,3782,0,5970,15504,0,4f16,1752,1530750090,1,1,162960,0,0
3783,3783,0,5653,15504,0,4e47,1615,1541367327,1,1,162960,0,0
3784,3784,0,5565,15504,0,4d79,15bd,1548165182,1,1,162960,0,0
3785,3785,0,5771,15504,0,4ca9,168b,1545376114,1,1,162960,0,0
3786,3786,0,6136,15504,0,4bda,17f8,1536605882,1,1,162960,0,0
3787,3787,0,7725,15504,0,4b0a,1e2d,1528367403,1,1,162960,0,0
3788,3788,0,8398,15504,0,4a3a,20ce,1521652228,1,1,162960,0,0
3789,3789,0,8992,15504,0,4b79,2320,1519034008,1,1,162960,0,0
3790,3790,0,10547,15504,0,4968,2933,1516536388,1,1,162960,0,0
3791,3791,0,10766,15504,0,489f,2a0e,1511070340,1,1,162960,0,0
3792,3792,0,10814,15504,0,47c7,2a3e,1507026264,1,1,162960,0,0
3793,3793,0,10580,15504,0,46f6,2954,1507134181,1,1,162960,0,0
3794,3794,0,9102,15504,0,4624,238e,1511600248,1,1,162960,0,0
3795,3795,0,8506,15504,0,4553,213a,1515929369,1,1,162960,0,0
3796,3796,0,7880,15504,0,4481,1ec8,1517528841,1,1,162960,0,0
3797,3797,0,7255,15504,0,43b0,1c57,1513302880,1,1,162960,0,0
3798,3798,0,5757,15504,0,42de,167d,1507096228,1,1,162960,0,0
3799,3799,0,5585,15504,0,420c,15d1,1498522705,1,1,162960,0,0
3800,3800,0,5622,15504,0,413b,15f6,1488387841,1,1,162960,0,0
3801,3801,0,5930,15504,0,4069,172a,1487283607,1,1,162960,0,0
3802,3802,0,7396,15504,0,3f98,1ce4,1487781878,1,1,162960,0,0
3803,3803,0,8034,15504,0,3ec7,1f62,1489235157,1,1,162960,0,0
3804,3804,0,9194,15504,0,3df6,21ea,1498374478,1,1,162960,0,0
3805,3805,0,10683,15504,0,3d25,28bb,1503913854,1,1,162960,0,0
3806,3806,0,10683,15504,0,3c54,29bb,1504623592,1,1,162960,0,0
3807,3807,0,11263,15504,0,3b84,2bff,1500620086,1,1,162960,0,0
3808,3808,0,11221,15504,0,3ab4,2bd5,1497238426,1,1,162960,0,0
3809,3809,0,10726,15504,0,39e5,29e6,1501938874,1,1,162960,0,0
3810,3810,0,10903,15504,0,3916,2a97,1500864259,1,1,162960,0,0
3811,3811,0,8836,15504,0,3847,2284,1492362703,1,1,162960,0,0
3812,3812,0,8241,15504,0,3779,2031,1471503563,1,1,162960,0,0
3813,3813,0,7551,15504,0,36ab,1d7f,1435916656,1,1,162960,0,0
3814,3814,0,6021,15504,0,35dd,1785,1466270085,1,1,162960,0,0
3815,3815,0,5667,15504,0,3511,1623,1470510860,1,1,162960,0,0
3816,3816,0,5546,15504,0,3444,15aa,1482985377,1,1,162960,0,0
3817,3817,0,5729,15504,0,3379,1661,1484562544,1,1,162960,0,0
3818,3818,0,6113,15504,0,32ae,17e1,1484466327,1,1,162960,0,0
3819,3819,0,7702,15504,0,31e4,1e16,1492738210,1,1,162960,0,0
3820,3820,0,8324,15504,0,311a,2084,1501859432,1,1,162960,0,0
3821,3821,0,8932,15504,0,3051,22e4,1504816988,1,1,162960,0,0
3822,3822,0,10450,15504,0,2f89,28d2,1503028890,1,1,162960,0,0
3823,3823,0,10785,15504,0,2ec2,2a21,1495951824,1,1,162960,0,0
3824,3824,0,10812,15504,0,2dfb,2a3c,1471553361,1,1,162960,0,0
3825,3825,0,10574,15504,0,2dfd,294e,1485722785,1,1,162960,0,0
3826,3826,0,9130,15504,0,2d30,23aa,1500547540,1,1,162960,0,0
3827,3827,0,8578,15504,0,2c74,2182,1503748376,1,1,162960,0,0
3828,3828,0,7958,15504,0,2bac,1f16,1508953040,1,1,162960,0,0
3829,3829,0,7289,15504,0,2ae9,1c79,1511938778,1,1,162960,0,0
3830,3830,0,5799,15504,0,2a27,16a7,1511631518,1,1,162960,0,0
3831,3831,0,5593,15504,0,2966,15d9,1511568466,1,1,162960,0,0
3832,3832,0,5609,15504,0,28a6,15e9,1511761056,1,1,162960,0,0
3833,3833,0,5829,15504,0,27e6,16c5,1510634370,1,1,162960,0,0
3834,3834,0,7345,15504,0,2728,1cb1,1510802726,1,1,162960,0,0
3835,3835,0,7933,15504,0,266b,1efd,1510416728,1,1,162960,0,0
3836,3836,0,8607,15504,0,25af,219f,1506530806,1,1,162960,0,0
3837,3837,0,9180,15504,0,24f4,23dc,1502916724,1,1,162960,0,0
3838,3838,0,10641,15504,0,243a,2991,1496751516,1,1,162960,0,0
3839,3839,0,10783,15504,0,2381,2a1f,1497292018,1,1,162960,0,0
3840,3840,0,11263,15504,0,22ca,29ff,1494656336,1,1,162960,0,0
3841,3841,0,10751,15504,0,2213,28ff,1482259892,1,1,162960,0,0
3842,3842,0,10975,15504,0,215e,2adf,1493893156,1,1,162960,0,0
3843,3843,0,8927,15504,0,20aa,22df,1506257424,1,1,162960,0,0
3844,3844,0,11727,15504,0,1ff8,3dcf,1509807846,1,1,162960,0,0
3845,3845,0,8133,15504,0,1f46,1fc5,1505417863,1,1,162960,0,0
3846,3846,0,6074,15504,0,1e96,17ba,1499661396,1,1,162960,0,0
3847,3847,0,5690,15504,0,1de7,167a,1486892521,1,1,162960,0,0
3848,3848,0,5572,15504,0,1d3a,15c4,1480783889,1,1,162960,0,0
3849,3849,0,5700,15504,0,1c8d,1644,1486198106,1,1,162960,0,0
3850,3850,0,6030,15504,0,1be2,178e,1483212757,1,1,162960,0,0
3851,3851,0,7620,15504,0,1b39,1dc4,1478040623,1,1,162960,0,0
3852,3852,0,8269,15504,0,1a91,204d,1479278315,1,1,162960,0,0
3853,3853,0,8881,15504,0,19ea,22b1,1469921106,1,1,162960,0,0
3854,3854,0,10410,15504,0,1945,28aa,1481377258,1,1,162960,0,0
3855,3855,0,10733,15504,0,18a1,29ed,1508787150,1,1,162960,0,0
3856,3856,0,10844,15504,0,17fe,2a5c,1518819224,1,1,162960,0,0
3857,3857,0,10634,15504,0,175d,298a,1521649068,1,1,162960,0,0
3858,3858,0,9199,15504,0,16be,23ef,1519716630,1,1,162960,0,0
3859,3859,0,8625,15504,0,1620,21b1,1513270704,1,1,162960,0,0
3860,3860,0,8007,15504,0,1583,1f47,1511493713,1,1,162960,0,0
3861,3861,0,7380,15504,0,15e0,1cd4,1511430933,1,1,162960,0,0
3862,3862,0,5848,15504,0,14ef,16d8,1507533799,1,1,162960,0,0
3863,3863,0,5609,15504,0,144f,15e9,1503685043,1,1,162960,0,0
3864,3864,0,5604,15504,0,13b7,15e4,1502725898,1,1,162960,0,0
3865,3865,0,5827,15504,0,1320,16c3,1504707429,1,1,162960,0,0
3866,3866,0,7316,15504,0,128b,1c94,1508874089,1,1,162960,0,0
3867,3867,0,7901,15504,0,11f8,1edd,1510431694,1,1,162960,0,0
3868,3868,0,8540,15504,0,1166,215c,1511155147,1,1,162960,0,0
3869,3869,0,9127,15504,0,10d6,23a7,1513308278,1,1,162960,0,0
3870,3870,0,10639,15504,0,1048,298f,1517253759,1,1,162960,0,0
3871,3871,0,10806,15504,0,0fbb,2a36,1518664967,1,1,162960,0,0
3872,3872,0,10738,15504,0,0f2f,29f2,1516816614,1,1,162960,0,0
3873,3873,0,10507,15504,0,0ea5,290b,1513726995,1,1,162960,0,0
3874,3874,0,8994,15504,0,0e1d,2323,1512520012,1,1,162960,0,0
3875,3875,0,8627,15504,0,0d97,2093,1515959456,1,1,162960,0,0
3876,3876,0,7827,15504,0,0d12,1e93,1520127008,1,1,162960,0,0
3877,3877,0,8164,15504,0,0c8f,1fe4,1522486508,1,1,162960,0,0
3878,3878,0,6125,15504,0,0c0d,17ed,1525028840,1,1,162960,0,0
3879,3879,0,6121,15504,0,0b8d,17e9,1528621199,1,1,162960,0,0
3880,3880,0,5580,15504,0,0b0e,15cc,1533645714,1,1,162960,0,0
3881,3881,0,6015,15504,0,0a92,177f,1539259780,1,1,162960,0,0
3882,3882,0,6012,15504,0,0a17,177c,1546101062,1,1,162960,0,0
3883,3883,0,7555,15504,0,099d,1d83,1544044687,1,1,162960,0,0
3884,3884,0,8198,15504,0,0926,2006,1544062846,1,1,162960,0,0
3885,3885,0,8866,15504,0,08af,22a2,1555081818,1,1,162960,0,0
3886,3886,0,10363,15504,0,083b,287b,1559947298,1,1,162960,0,0
3887,3887,0,10703,15504,0,07c8,29cf,1557247243,1,1,162960,0,0
3888,3888,0,10825,15504,0,0757,2a49,1549118665,1,1,162960,0,0
3889,3889,0,10720,15504,0,06e8,29e0,1537810906,1,1,162960,0,0
3890,3890,0,10300,15504,0,067a,283c,1528118490,1,1,162960,0,0
3891,3891,0,8673,15504,0,060e,21e1,1521692006,1,1,162960,0,0
3892,3892,0,8061,15504,0,05a3,1f7d,1517732501,1,1,162960,0,0
3893,3893,0,7440,15504,0,053b,1d10,1516541961,1,1,162960,0,0
3894,3894,0,5910,15504,0,04d4,1716,1515577820,1,1,162960,0,0
3895,3895,0,5634,15504,0,046e,1602,1510551553,1,1,162960,0,0
3896,3896,0,5559,15504,0,040a,15b7,1498540970,1,1,162960,0,0
3897,3897,0,5792,15504,0,0408,16a0,1470452516,1,1,162960,0,0
3898,3898,0,7251,15504,0,03a8,1c53,1479175659,1,1,162960,0,0
3899,3899,0,7835,15504,0,0348,1e9b,1487186726,1,1,162960,0,0
3900,3900,0,8462,15504,0,02e9,210e,1493205298,1,1,162960,0,0
3901,3901,0,9065,15504,0,028c,2369,1501146141,1,1,162960,0,0
3902,3902,0,10582,15504,0,0230,2956,1504442796,1,1,162960,0,0
3903,3903,0,10803,15504,0,01d6,2a33,1505629753,1,1,162960,0,0
3904,3904,0,10766,15504,0,017e,2a0e,1503883597,1,1,162960,0,0
3905,3905,0,10501,15504,0,0127,2905,1497926130,1,1,162960,0,0
3906,3906,0,9047,15504,0,00d2,2357,1489188858,1,1,162960,0,0
3907,3907,0,8435,15504,0,007e,20f3,1490793404,1,1,162960,0,0
3908,3908,0,7752,15504,0,002d,1e48,1487676194,1,1,162960,0,0
3909,3909,0,6118,15504,0,ffdc,17e6,1479675072,1,1,162960,0,0
3910,3910,0,5719,15504,0,ff8e,1657,1404039322,1,1,162960,0,0
3911,3911,0,5559,15504,0,ff41,15b7,1455600054,1,1,162960,0,0
3912,3912,0,6079,15504,0,fef5,16bf,1473286382,1,1,162960,0,0
3913,3913,0,5964,15504,0,feab,174c,1490128573,1,1,162960,0,0
3914,3914,0,8006,15504,0,fe63,1f46,1494428129,1,1,162960,0,0
3915,3915,0,8191,15504,0,fe1c,1fff,1486560287,1,1,162960,0,0
3916,3916,0,8123,15504,0,fdd7,1fbb,1474381483,1,1,162960,0,0
3917,3917,0,10879,15504,0,fd93,2a7f,1493866999,1,1,162960,0,0
3918,3918,0,10719,15504,0,fd51,29df,1500524888,1,1,162960,0,0
3919,3919,0,10714,15504,0,fd10,29da,1500419096,1,1,162960,0,0
3920,3920,0,10828,15504,0,fcd1,2a4c,1493134190,1,1,162960,0,0
3921,3921,0,10664,15504,0,fc93,29a8,1481589847,1,1,162960,0,0
3922,3922,0,10338,15504,0,fc57,2862,1483903518,1,1,162960,0,0
3923,3923,0,8790,15504,0,fc1c,2256,1492420073,1,1,162960,0,0
3924,3924,0,8133,15504,0,fbe3,1fc5,1487857600,1,1,162960,0,0
3925,3925,0,7437,15504,0,fbab,1d0d,1473289304,1,1,162960,0,0
3926,3926,0,5948,15504,0,fb75,173c,1469598182,1,1,162960,0,0
3927,3927,0,5668,15504,0,fb40,1624,1485567131,1,1,162960,0,0
3928,3928,0,5574,15504,0,fb0c,15c6,1489376740,1,1,162960,0,0
3929,3929,0,5766,15504,0,fada,1686,1486085625,1,1,162960,0,0
3930,3930,0,7189,15504,0,faa9,1c15,1477262689,1,1,162960,0,0
3931,3931,0,7744,15504,0,fa7a,1e40,1484903340,1,1,162960,0,0
3932,3932,0,8388,15504,0,fa5c,20c4,1494988797,1,1,162960,0,0
3933,3933,0,9021,15504,0,fa48,233d,1498028555,1,1,162960,0,0
3934,3934,0,10558,15504,0,fa24,293e,1494985171,1,1,162960,0,0
3935,3935,0,10768,15504,0,f9f4,2a10,1491510150,1,1,162960,0,0
3936,3936,0,10783,15504,0,f9ca,2a1f,1494798478,1,1,162960,0,0
3937,3937,0,10554,15504,0,f9a2,293a,1497912752,1,1,162960,0,0
3938,3938,0,9075,15504,0,f97b,2373,1496806349,1,1,162960,0,0
3939,3939,0,8490,15504,0,f955,212a,1488558418,1,1,162960,0,0
3940,3940,0,7843,15504,0,f930,1ea3,1491952232,1,1,162960,0,0
3941,3941,0,7237,15504,0,f90d,1c45,1505748542,1,1,162960,0,0
3942,3942,0,5748,15504,0,f8ea,1674,1510977634,1,1,162960,0,0
3943,3943,0,5594,15504,0,f8c9,15da,1514462059,1,1,162960,0,0
3944,3944,0,5662,15504,0,f8aa,161e,1520699866,1,1,162960,0,0
3945,3945,0,5926,15504,0,f88b,1726,1522586486,1,1,162960,0,0
3946,3946,0,7402,15504,0,f86e,1cea,1516767827,1,1,162960,0,0
3947,3947,0,8063,15504,0,f852,1f7f,1503028759,1,1,162960,0,0
3948,3948,0,16191,15504,0,f837,223f,1485174560,1,1,162960,0,0
3949,3949,0,10793,15504,0,f81d,2a29,1473061599,1,1,162960,0,0
3950,3950,0,10734,15504,0,f805,29ee,1477761689,1,1,162960,0,0
3951,3951,0,11222,15504,0,f7ed,2bd6,1470487692,1,1,162960,0,0
3952,3952,0,11225,15504,0,f7d7,2bd9,1434787267,1,1,162960,0,0
3953,3953,0,10728,15504,0,f7c1,29e8,1469630313,1,1,162960,0,0
3954,3954,0,10399,15504,0,f7ad,289f,1487021582,1,1,162960,0,0
3955,3955,0,8810,15504,0,f79a,226a,1493562792,1,1,162960,0,0
3956,3956,0,8189,15504,0,f788,1ffd,1498058131,1,1,162960,0,0
3957,3957,0,7567,15504,0,f777,1d8f,1506364530,1,1,162960,0,0
3958,3958,0,6029,15504,0,f767,178d,1510120140,1,1,162960,0,0
3959,3959,0,5674,15504,0,f758,162a,1510114790,1,1,162960,0,0
3960,3960,0,5500,15504,0,f74a,157c,1504790880,1,1,162960,0,0
3961,3961,0,5758,15504,0,f73d,167e,1496606963,1,1,162960,0,0
3962,3962,0,6078,15504,0,f731,17be,1497036808,1,1,162960,0,0
3963,3963,0,7704,15504,0,f726,1e18,1500307582,1,1,162960,0,0
3964,3964,0,8349,15504,0,f71b,209d,1495133976,1,1,162960,0,0
3965,3965,0,8954,15504,0,f712,22fa,1482745546,1,1,162960,0,0
3966,3966,0,10480,15504,0,f70a,28f0,1474720066,1,1,162960,0,0
3967,3967,0,10793,15504,0,f702,2a29,1477732060,1,1,162960,0,0
3968,3968,0,10811,15504,0,f743,2a3b,1481429531,1,1,162960,0,0
3969,3969,0,10570,15504,0,f6fe,294a,1468150673,1,1,162960,0,0
3970,3970,0,9109,15504,0,f6f1,2395,1461440252,1,1,162960,0,0
3971,3971,0,8534,15504,0,f6f1,2156,1468094874,1,1,162960,0,0
3972,3972,0,7916,15504,0,f6ed,1eec,1482127522,1,1,162960,0,0
3973,3973,0,7298,15504,0,f6e9,1c82,1491816243,1,1,162960,0,0
3974,3974,0,5774,15504,0,f6e7,168e,1491042098,1,1,162960,0,0
3975,3975,0,5587,15504,0,f6e5,15d3,1482193991,1,1,162960,0,0
3976,3976,0,5641,15504,0,f6e4,1609,1474521745,1,1,162960,0,0
3977,3977,0,5886,15504,0,f6e4,16fe,1487529988,1,1,162960,0,0
3978,3978,0,7421,15504,0,f6e4,1cfd,1493578565,1,1,162960,0,0
3979,3979,0,7975,15504,0,f6e5,1f27,1487939141,1,1,162960,0,0
3980,3980,0,8595,15504,0,f6e7,2193,1478222378,1,1,162960,0,0
3981,3981,0,10243,15504,0,f6ea,2803,1477123682,1,1,162960,0,0
3982,3982,0,10687,15504,0,f6ed,29bf,1491376601,1,1,162960,0,0
3983,3983,0,11071,15504,0,f6f1,2a3f,1496387242,1,1,162960,0,0
3984,3984,0,11262,15504,0,f6f5,29fe,1500174148,1,1,162960,0,0
3985,3985,0,10741,15504,0,f6fa,29b5,1504589840,1,1,162960,0,0
3986,3986,0,10933,15504,0,f700,2ab5,1514840213,1,1,162960,0,0
3987,3987,0,8895,15504,0,f707,22bf,1520190387,1,1,162960,0,0
3988,3988,0,11455,15504,0,f70d,2dbf,1520793884,1,1,162960,0,0
3989,3989,0,8117,15504,0,f715,1fb5,1522097784,1,1,162960,0,0
3990,3990,0,6061,15504,0,f71d,17a9,1517601433,1,1,162960,0,0
3991,3991,0,5741,15504,0,f726,166d,1505675373,1,1,162960,0,0
3992,3992,0,5492,15504,0,f72f,1574,1498512973,1,1,162960,0,0
3993,3993,0,5705,15504,0,f738,1649,1491061562,1,1,162960,0,0
3994,3994,0,6103,15504,0,f742,17d7,1482330747,1,1,162960,0,0
3995,3995,0,7645,15504,0,f74d,1ddd,1493544527,1,1,162960,0,0
3996,3996,0,8250,15504,0,f758,203a,1495412517,1,1,162960,0,0
3997,3997,0,8874,15504,0,f764,22aa,1492646270,1,1,162960,0,0
3998,3998,0,10450,15504,0,f770,28d2,1490134880,1,1,162960,0,0
3999,3999,0,10772,15504,0,f77c,2a14,1495231250,1,1,162960,0,0
4000,4000,0,10810,15504,0,f789,2a3a,1506795738,1,1,162960,0,0
4001,4001,0,10613,15504,0,f796,2975,1510249481,1,1,162960,0,0
4002,4002,0,9159,15504,0,f7a4,23c7,1506849750,1,1,162960,0,0
4003,4003,0,8580,15504,0,f7b2,2184,1507076452,1,1,162960,0,0
4004,4004,0,8007,15504,0,f7f0,1f47,1505946657,1,1,162960,0,0
4005,4005,0,7356,15504,0,f7c7,1cbc,1500152809,1,1,162960,0,0
4006,4006,0,5835,15504,0,f7ce,16cb,1493973904,1,1,162960,0,0
4007,4007,0,5563,15504,0,f7de,15bb,1493023547,1,1,162960,0,0
4008,4008,0,5576,15504,0,f7ed,15c8,1500662140,1,1,162960,0,0
4009,4009,0,5854,15504,0,f7fd,16de,1510570209,1,1,162960,0,0
4010,4010,0,7381,15504,0,f80d,1cd5,1512737106,1,1,162960,0,0
4011,4011,0,7914,15504,0,f81d,1eea,1512978539,1,1,162960,0,0
4012,4012,0,8542,15504,0,f82d,215e,1518275723,1,1,162960,0,0
4013,4013,0,9147,15504,0,f83e,23bb,1527191288,1,1,162960,0,0
4014,4014,0,10638,15504,0,f84f,298e,1529026452,1,1,162960,0,0
4015,4015,0,10849,15504,0,f860,2a61,1543847253,1,1,162960,0,0
4016,4016,0,10776,15504,0,f872,2a18,1556214582,1,1,162960,0,0
4017,4017,0,10476,15504,0,f884,28ec,1560545801,1,1,162960,0,0
4018,4018,0,8910,15504,0,f896,22ce,1560220764,1,1,162960,0,0
4019,4019,0,8830,15504,0,f8a8,2076,1552289837,1,1,162960,0,0
4020,4020,0,15926,15504,0,f8ba,1e36,1533838893,1,1,162960,0,0
4021,4021,0,8150,15504,0,f8cd,1fd6,1519076244,1,1,162960,0,0
4022,4022,0,6134,15504,0,f8df,17f6,1511025402,1,1,162960,0,0
4023,4023,0,6078,15504,0,f8f2,17be,1505291715,1,1,162960,0,0
4024,4024,0,6078,15504,0,f905,17be,1505165998,1,1,162960,0,0
4025,4025,0,6070,15504,0,f918,17b6,1504348041,1,1,162960,0,0
4026,4026,0,6050,15504,0,f92b,1fa2,1502937013,1,1,162960,0,0
4027,4027,0,7579,15504,0,f93f,1d9b,1501036982,1,1,162960,0,0
4028,4028,0,8217,15504,0,f952,2019,1499557837,1,1,162960,0,0
4029,4029,0,8826,15504,0,f965,227a,1502660483,1,1,162960,0,0
4030,4030,0,10379,15504,0,f979,288b,1504218936,1,1,162960,0,0
4031,4031,0,10751,15504,0,f98d,29ff,1504891332,1,1,162960,0,0
4032,4032,0,10859,15504,0,f9a1,2a6b,1498814354,1,1,162960,0,0
4033,4033,0,10675,15504,0,f9b4,29b3,1475265729,1,1,162960,0,0
4034,4034,0,9213,15504,0,f9c8,23fd,1472311120,1,1,162960,0,0
4035,4035,0,8660,15504,0,f9dc,21d4,1488022937,1,1,162960,0,0
4036,4036,0,8042,15504,0,f9f0,1f6a,1486200712,1,1,162960,0,0
4037,4037,0,7434,15504,0,fa04,1d0a,1480401496,1,1,162960,0,0
4038,4038,0,5897,15504,0,fa18,1709,1475898297,1,1,162960,0,0
4039,4039,0,5618,15504,0,fa2c,15f2,1466980577,1,1,162960,0,0
4040,4040,0,5548,15504,0,fa28,15ac,1470436768,1,1,162960,0,0
4041,4041,0,5802,15504,0,fa44,16aa,1478765912,1,1,162960,0,0
4042,4042,0,7290,15504,0,fa50,1c7a,1486056582,1,1,162960,0,0
4043,4043,0,7839,15504,0,fa68,1e9f,1505044884,1,1,162960,0,0
4044,4044,0,8501,15504,0,fa7c,2135,1523335536,1,1,162960,0,0
4045,4045,0,9068,15504,0,fa90,236c,1536899382,1,1,162960,0,0
4046,4046,0,10570,15504,0,faa4,294a,1542273025,1,1,162960,0,0
4047,4047,0,10808,15504,0,fab8,2a38,1542606612,1,1,162960,0,0
4048,4048,0,10784,15504,0,facc,2a20,1536439371,1,1,162960,0,0
4049,4049,0,10520,15504,0,fadf,2918,1521441638,1,1,162960,0,0
4050,4050,0,9004,15504,0,faf3,232c,1511033024,1,1,162960,0,0
4051,4051,0,8377,15504,0,fb07,20b9,1507807668,1,1,162960,0,0
4052,4052,0,7719,15504,0,fb1a,1e27,1504801385,1,1,162960,0,0
4053,4053,0,7183,15504,0,fb2e,1c0f,1497426710,1,1,162960,0,0
4054,4054,0,5763,15504,0,fb41,1683,1487409862,1,1,162960,0,0
4055,4055,0,6051,15504,0,fb55,15a3,1486736448,1,1,162960,0,0
4056,4056,0,5607,15504,0,fb68,15e7,1493958207,1,1,162960,0,0
4057,4057,0,6134,15504,0,fb7b,17f6,1502604875,1,1,162960,0,0
4058,4058,0,8062,15504,0,fb8e,1f7e,1509950686,1,1,162960,0,0
4059,4059,0,8190,15504,0,fba1,1ffe,1510305283,1,1,162960,0,0
4060,4060,0,8141,15504,0,fbb4,1fcd,1503442892,1,1,162960,0,0
4061,4061,0,10799,15504,0,fbc7,2a3f,1492344074,1,1,162960,0,0
4062,4062,0,10358,15504,0,fbda,2976,1477058709,1,1,162960,0,0
4063,4063,0,10733,15504,0,fbec,29ed,1466139685,1,1,162960,0,0
4064,4064,0,10827,15504,0,fbfe,2a4b,1448867789,1,1,162960,0,0
4065,4065,0,10698,15504,0,fc11,29ca,1403869354,1,1,162960,0,0
4066,4066,0,10285,15504,0,fc23,282d,1463980736,1,1,162960,0,0
4067,4067,0,8705,15504,0,fc35,2201,1490481692,1,1,162960,0,0
4068,4068,0,8140,15504,0,fc47,1fcc,1495483130,1,1,162960,0,0
4069,4069,0,7483,15504,0,fc58,1d3b,1493542349,1,1,162960,0,0
4070,4070,0,5940,15504,0,fc6a,1734,1491678087,1,1,162960,0,0
4071,4071,0,5611,15504,0,fc7b,15eb,1499065363,1,1,162960,0,0
4072,4072,0,5535,15504,0,fc8d,159f,1504549043,1,1,162960,0,0
4073,4073,0,5790,15504,0,fc9e,169e,1504572487,1,1,162960,0,0
4074,4074,0,7243,15504,0,fcaf,1c4b,1502626171,1,1,162960,0,0
4075,4075,0,7784,15504,0,fce0,1e68,1497736012,1,1,162960,0,0
4076,4076,0,8402,15504,0,fcc0,20d2,1495275915,1,1,162960,0,0
4077,4077,0,9009,15504,0,fcd1,2331,1494669545,1,1,162960,0,0
4078,4078,0,10535,15504,0,fce1,2927,1496019214,1,1,162960,0,0
4079,4079,0,10820,15504,0,fcf1,2a44,1495778454,1,1,162960,0,0
4080,4080,0,10801,15504,0,fd01,2a31,1492068691,1,1,162960,0,0
4081,4081,0,10533,15504,0,fd11,2925,1497472859,1,1,162960,0,0
4082,4082,0,9060,15504,0,fd21,2364,1503446561,1,1,162960,0,0
4083,4083,0,8477,15504,0,fd30,211d,1504491552,1,1,162960,0,0
4084,4084,0,7814,15504,0,fd40,1e86,1502674214,1,1,162960,0,0
4085,4085,0,7204,15504,0,fd4f,1c24,1495892972,1,1,162960,0,0
4086,4086,0,5759,15504,0,fd5e,167f,1495023540,1,1,162960,0,0
4087,4087,0,5600,15504,0,fd6d,15e0,1500722087,1,1,162960,0,0
4088,4088,0,5610,15504,0,fd7c,15ea,1510036643,1,1,162960,0,0
4089,4089,0,5919,15504,0,fd8a,171f,1511069211,1,1,162960,0,0
4090,4090,0,7483,15504,0,fd99,1d37,1512391880,1,1,162960,0,0
4091,4091,0,8126,15504,0,fda7,1fbe,1515725150,1,1,162960,0,0
4092,4092,0,16286,15504,0,fdb5,2f9e,1513746719,1,1,162960,0,0
4093,4093,0,10845,15504,0,fdc3,2a5d,1511331627,1,1,162960,0,0
4094,4094,0,10742,15504,0,fdd0,29f6,1509628782,1,1,162960,0,0
4095,4095,0,10726,15504,0,fdde,2be6,1506046942,1,1,162960,0,0
