Sample in Buffer,Sample in Window,TRIGGER,design_1_i/adc_interface_0_m_axis_tdata[31:0],design_1_i/adc_interface_0_m_axis_tlast,design_1_i/adc_interface_0_m_axis_tvalid,design_1_i/adc_interface_0_adc_signed_debug[15:0],design_1_i/adc_interface_0_win_coeff_out[15:0],design_1_i/adc_data[13:0],design_1_i/adc_interface_0_adc_data_original[13:0],design_1_i/adc_interface_0_adc_data_original_valid
Radix - UNSIGNED,UNSIGNED,UNSIGNED,SIGNED,HEX,HEX,HEX,HEX,UNSIGNED,UNSIGNED,HEX
0,0,0,8637,0,0,1e07,001c,7687,8637,0
1,1,0,8637,0,0,1de6,001c,7654,8637,0
2,2,0,8637,0,0,1dd8,001c,7640,8637,0
3,3,0,8637,0,0,1df3,001c,7667,8637,0
4,4,0,8637,0,0,1e30,001c,7728,8637,0
5,5,0,8637,0,0,1e91,001c,7825,8637,0
6,6,0,8637,0,0,1ecd,001c,7885,8637,0
7,7,0,8637,0,0,1f25,001c,7973,8637,0
8,8,0,8637,0,0,1f96,001c,8118,8637,0
9,9,0,8637,0,0,1ff4,001c,8182,8637,0
10,10,0,8637,0,0,fff4,001c,12212,8637,0
11,11,0,8637,0,0,e0fc,001c,8444,8637,0
12,12,0,8637,0,0,e1db,001c,8667,8637,0
13,13,0,8637,0,0,e153,001c,8531,8637,0
14,14,0,8637,0,0,e1df,001c,8671,8637,0
15,15,0,8637,0,0,e1cc,001c,8652,8637,0
16,16,0,8637,0,0,e1ce,001c,8652,8637,0
17,17,0,8637,0,0,e1de,001c,8670,8637,0
18,18,0,8637,0,0,e1d4,001c,8660,8637,0
19,19,0,8637,0,0,e1c5,001c,8645,8637,0
20,20,0,8637,0,0,e19f,001c,8607,8637,0
21,21,0,8637,0,0,e16f,001c,8559,8637,0
22,22,0,8637,0,0,e11c,001c,8476,8637,0
23,23,0,8637,0,0,e0c6,001c,8390,8637,0
24,24,0,8637,0,0,e078,001c,8312,8637,0
25,25,0,8637,0,0,e00f,001c,8207,8637,0
26,26,0,8637,0,0,1f8d,001c,8077,8637,0
27,27,0,8637,0,0,1f48,001c,8008,8637,0
28,28,0,8637,0,0,1ee6,001c,7910,8637,0
29,29,0,8637,0,0,1e71,001c,7793,8637,0
30,30,0,8637,0,0,1e4d,001c,7757,8637,0
31,31,0,8637,0,0,1e22,001c,7714,8637,0
32,32,0,8637,0,0,1ddf,001c,7647,8637,0
33,33,0,8637,0,0,1def,001c,7663,8637,0
34,34,0,8637,0,0,1e07,001c,7687,8637,0
35,35,0,8637,0,0,1e13,001c,7699,8637,0
36,36,0,8637,0,0,1e4b,001c,7755,8637,0
37,37,0,8637,0,0,1e8b,001c,7819,8637,0
38,38,0,8637,0,0,1ee0,001c,7904,8637,0
39,39,0,8637,0,0,1f37,001c,7991,8637,0
40,40,0,8637,0,0,1f7a,001c,8058,8637,0
41,41,0,8637,0,0,1ff2,001c,8178,8637,0
42,42,0,8637,0,0,e068,001c,8296,8637,0
43,43,0,8637,0,0,e0aa,001c,8362,8637,0
44,44,0,8637,0,0,e127,001c,8487,8637,0
45,45,0,8637,0,0,e181,001c,8583,8637,0
46,46,0,8637,0,0,e1c5,001c,8645,8637,0
47,47,0,8637,0,0,e1d7,001c,8663,8637,0
48,48,0,8637,0,0,e1f6,001c,8694,8637,0
49,49,0,8637,0,0,e1fa,001c,8690,8637,0
50,50,0,8637,0,0,e20f,001c,8719,8637,0
51,51,0,8637,0,0,e2c7,001c,9159,8637,0
52,52,0,8637,0,0,e1c2,001c,8642,8637,0
53,53,0,8637,0,0,e165,001c,8549,8637,0
54,54,0,8637,0,0,e12f,001c,8495,8637,0
55,55,0,8637,0,0,e0f8,001c,8440,8637,0
56,56,0,8637,0,0,e085,001c,8325,8637,0
57,57,0,8637,0,0,e02a,001c,8234,8637,0
58,58,0,8637,0,0,1fc4,001c,8132,8637,0
59,59,0,8637,0,0,1f41,001c,8001,8637,0
60,60,0,8637,0,0,1efd,001c,7933,8637,0
61,61,0,8637,0,0,1ec9,001c,7881,8637,0
62,62,0,8637,0,0,1e7e,001c,7806,8637,0
63,63,0,8637,0,0,1e38,001c,7736,8637,0
64,64,0,8637,0,0,1e04,001c,7684,8637,0
65,65,0,8637,0,0,1df2,001c,7666,8637,0
66,66,0,8637,0,0,1def,001c,7663,8637,0
67,67,0,8637,0,0,1dfb,001c,7675,8637,0
68,68,0,8637,0,0,1e2f,001c,7727,8637,0
69,69,0,8637,0,0,1e92,001c,7826,8637,0
70,70,0,8637,0,0,1eb9,001c,7865,8637,0
71,71,0,8637,0,0,1f1d,001c,7965,8637,0
72,72,0,8637,0,0,1fa8,001c,8104,8637,0
73,73,0,8637,0,0,e01a,001c,8218,8637,0
74,74,0,8637,0,0,e064,001c,8292,8637,0
75,75,0,8637,0,0,e0c0,001c,8384,8637,0
76,76,0,8637,0,0,e122,001c,8482,8637,0
77,77,0,8637,0,0,e18f,001c,8591,8637,0
78,78,0,8637,0,0,e19c,001c,8604,8637,0
79,79,0,8637,0,0,e1c6,001c,8646,8637,0
80,80,0,8637,0,0,e1e1,001c,8675,8637,0
81,81,0,8637,0,0,e1eb,001c,8683,8637,0
82,82,0,8637,0,0,e1fb,001c,8699,8637,0
83,83,0,8637,0,0,e1f9,001c,8697,8637,0
84,84,0,8637,0,0,e1c9,001c,8649,8637,0
85,85,0,8637,0,0,e1bb,001c,8635,8637,0
86,86,0,8637,0,0,e13b,001c,8507,8637,0
87,87,0,8637,0,0,e18f,001c,8585,8637,0
88,88,0,8637,0,0,e0bf,001c,8383,8637,0
89,89,0,8637,0,0,e054,001c,8276,8637,0
90,90,0,8637,0,0,1fd4,001c,8148,8637,0
91,91,0,8637,0,0,1f6f,001c,8047,8637,0
92,92,0,8637,0,0,1f17,001c,7959,8637,0
93,93,0,8637,0,0,1eb6,001c,7862,8637,0
94,94,0,8637,0,0,1e6a,001c,7786,8637,0
95,95,0,8637,0,0,1e1c,001c,7708,8637,0
96,96,0,8637,0,0,1df2,001c,7666,8637,0
97,97,0,8637,0,0,1dbd,001c,7613,8637,0
98,98,0,8637,0,0,1dd1,001c,7633,8637,0
99,99,0,8637,0,0,1de7,001c,7655,8637,0
100,100,0,8637,0,0,1e45,001c,7749,8637,0
101,101,0,8637,0,0,1e70,001c,7792,8637,0
102,102,0,8637,0,0,1ec1,001c,7873,8637,0
103,103,0,8637,0,0,1f2b,001c,7979,8637,0
104,104,0,8637,0,0,1fa2,001c,8098,8637,0
105,105,0,8637,0,0,1fd2,001c,8146,8637,0
106,106,0,8637,0,0,e02d,001c,8237,8637,0
107,107,0,8637,0,0,e0ab,001c,8363,8637,0
108,108,0,8637,0,0,e116,001c,8470,8637,0
109,109,0,8637,0,0,e15e,001c,8542,8637,0
110,110,0,8637,0,0,e19c,001c,8604,8637,0
111,111,0,8637,0,0,e1c5,001c,8645,8637,0
112,112,0,8637,0,0,e1ec,001c,8684,8637,0
113,113,0,8637,0,0,e1e4,001c,8676,8637,0
114,114,0,8637,0,0,e1e1,001c,8673,8637,0
115,115,0,8637,0,0,e1ca,001c,8682,8637,0
116,116,0,8637,0,0,e176,001c,8566,8637,0
117,117,0,8637,0,0,e13b,001c,8511,8637,0
118,118,0,8637,0,0,e1ff,001c,8703,8637,0
119,119,0,8637,0,0,e0ed,001c,8429,8637,0
120,120,0,8637,0,0,e0bc,001c,8380,8637,0
121,121,0,8637,0,0,eff0,001c,12272,8637,0
122,122,0,8637,0,0,1fd5,001c,8144,8637,0
123,123,0,8637,0,0,1f65,001c,8037,8637,0
124,124,0,8637,0,0,1f01,001c,8065,8637,0
125,125,0,8637,0,0,1eb9,001c,7865,8637,0
126,126,0,8637,0,0,1e62,001c,7778,8637,0
127,127,0,8637,0,0,1e36,001c,7734,8637,0
128,128,0,8637,0,0,1e15,001c,7701,8637,0
129,129,0,8637,0,0,1de2,001c,7650,8637,0
130,130,0,8637,0,0,1de0,001c,7648,8637,0
131,131,0,8637,0,0,1e08,001c,7688,8637,0
132,132,0,8637,0,0,1e2b,001c,7723,8637,0
133,133,0,8637,0,0,1e60,001c,7776,8637,0
134,134,0,8637,0,0,1ea0,001c,7840,8637,0
135,135,0,8637,0,0,1efd,001c,7933,8637,0
136,136,0,8637,0,0,1f96,001c,8086,8637,0
137,137,0,8637,0,0,1ffd,001c,8189,8637,0
138,138,0,8637,0,0,e02d,001c,8237,8637,0
139,139,0,8637,0,0,e089,001c,8329,8637,0
140,140,0,8637,0,0,e0de,001c,8414,8637,0
141,141,0,8637,0,0,e154,001c,8532,8637,0
142,142,0,8637,0,0,e1a6,001c,8614,8637,0
143,143,0,8637,0,0,e1d4,001c,8660,8637,0
144,144,0,8637,0,0,e1d2,001c,8658,8637,0
145,145,0,8637,0,0,e1eb,001c,8683,8637,0
146,146,0,8637,0,0,e1ea,001c,8682,8637,0
147,147,0,8637,0,0,e1cb,001c,8651,8637,0
148,148,0,8637,0,0,e18a,001c,8586,8637,0
149,149,0,8637,0,0,e164,001c,8548,8637,0
150,150,0,8637,0,0,e121,001c,8481,8637,0
151,151,0,8637,0,0,e0be,001c,8382,8637,0
152,152,0,8637,0,0,e07c,001c,8318,8637,0
153,153,0,8637,0,0,ffdf,001c,8158,8637,0
154,154,0,8637,0,0,1fff,001c,8191,8637,0
155,155,0,8637,0,0,1f6f,001c,8047,8637,0
156,156,0,8637,0,0,1f9f,001c,8095,8637,0
157,157,0,8637,0,0,1eff,001c,7903,8637,0
158,158,0,8637,0,0,1e77,001c,7799,8637,0
159,159,0,8637,0,0,1e45,001c,7877,8637,0
160,160,0,8637,0,0,1dfa,001c,7674,8637,0
161,161,0,8637,0,0,1def,001c,7663,8637,0
162,162,0,8637,0,0,1deb,001c,7659,8637,0
163,163,0,8637,0,0,1df9,001c,7673,8637,0
164,164,0,8637,0,0,1e36,001c,7734,8637,0
165,165,0,8637,0,0,1e68,001c,7784,8637,0
166,166,0,8637,0,0,1eb9,001c,7865,8637,0
167,167,0,8637,0,0,1f1e,001c,7966,8637,0
168,168,0,8637,0,0,1f70,001c,8048,8637,0
169,169,0,8637,0,0,1fd3,001c,8147,8637,0
170,170,0,8637,0,0,e04a,001c,8266,8637,0
171,171,0,8637,0,0,e085,001c,8325,8637,0
172,172,0,8637,0,0,e0f6,001c,8438,8637,0
173,173,0,8637,0,0,e145,001c,8517,8637,0
174,174,0,8637,0,0,e16e,001c,8558,8637,0
175,175,0,8637,0,0,e1c4,001c,8644,8637,0
176,176,0,8637,0,0,e1de,001c,8670,8637,0
177,177,0,8637,0,0,e1e9,001c,8681,8637,0
178,178,0,8637,0,0,e1f1,001c,8689,8637,0
179,179,0,8637,0,0,e1b9,001c,8633,8637,0
180,180,0,8637,0,0,e196,001c,8598,8637,0
181,181,0,8637,0,0,e156,001c,8534,8637,0
182,182,0,8637,0,0,e11a,001c,8474,8637,0
183,183,0,8637,0,0,e0b7,001c,8375,8637,0
184,184,0,8637,0,0,e059,001c,8281,8637,0
185,185,0,8637,0,0,1ffc,001c,8188,8637,0
186,186,0,8637,0,0,1f77,001c,8055,8637,0
187,187,0,8637,0,0,1f38,001c,7995,8637,0
188,188,0,8637,0,0,1fd6,001c,7902,8637,0
189,189,0,8637,0,0,1e96,001c,7830,8637,0
190,190,0,8637,0,0,1ec8,001c,7880,8637,0
191,191,0,8637,0,0,1e69,001c,7785,8637,0
192,192,0,8637,0,0,1fe9,001c,8169,8637,0
193,193,0,8637,0,0,1dfb,001c,7675,8637,0
194,194,0,8637,0,0,1dfb,001c,7643,8637,0
195,195,0,8637,0,0,1deb,001c,7659,8637,0
196,196,0,8637,0,0,1e2a,001c,7722,8637,0
197,197,0,8637,0,0,1e83,001c,7811,8637,0
198,198,0,8637,0,0,1e9f,001c,7839,8637,0
199,199,0,8637,0,0,1ee6,001c,7910,8637,0
200,200,0,8637,0,0,1f81,001c,8065,8637,0
201,201,0,8637,0,0,1fd8,001c,8152,8637,0
202,202,0,8637,0,0,e02b,001c,8235,8637,0
203,203,0,8637,0,0,e08b,001c,8331,8637,0
204,204,0,8637,0,0,e0de,001c,8414,8637,0
205,205,0,8637,0,0,e149,001c,8521,8637,0
206,206,0,8637,0,0,e18e,001c,8590,8637,0
207,207,0,8637,0,0,e1a2,001c,8610,8637,0
208,208,0,8637,0,0,e1e6,001c,8678,8637,0
209,209,0,8637,0,0,e1f2,001c,8690,8637,0
210,210,0,8637,0,0,e1dd,001c,8669,8637,0
211,211,0,8637,0,0,e1d6,001c,8662,8637,0
212,212,0,8637,0,0,e195,001c,8597,8637,0
213,213,0,8637,0,0,e16a,001c,8554,8637,0
214,214,0,8637,0,0,e11b,001c,8475,8637,0
215,215,0,8637,0,0,e0a6,001c,8358,8637,0
216,216,0,8637,0,0,e043,001c,8259,8637,0
217,217,0,8637,0,0,1fff,001c,8191,8637,0
218,218,0,8637,0,0,1f8b,001c,8075,8637,0
219,219,0,8637,0,0,1f22,001c,7970,8637,0
220,220,0,8637,0,0,1ea5,001c,7845,8637,0
221,221,0,8637,0,0,1e77,001c,7799,8637,0
222,222,0,8637,0,0,1e49,001c,7753,8637,0
223,223,0,8637,0,0,1e15,001c,7701,8637,0
224,224,0,8637,0,0,1e11,001c,7701,8637,0
225,225,0,8637,0,0,1fe5,001c,8165,8637,0
226,226,0,8637,0,0,1df7,001c,7671,8637,0
227,227,0,8637,0,0,1ff3,001c,8179,8637,0
228,228,0,8637,0,0,1e78,001c,7800,8637,0
229,229,0,8637,0,0,1edf,001c,7896,8637,0
230,230,0,8637,0,0,1edf,001c,7879,8637,0
231,231,0,8637,0,0,1edb,001c,7899,8637,0
232,232,0,8637,0,0,1f60,001c,8032,8637,0
233,233,0,8637,0,0,1fdc,001c,8156,8637,0
234,234,0,8637,0,0,e009,001c,8201,8637,0
235,235,0,8637,0,0,e065,001c,8293,8637,0
236,236,0,8637,0,0,e0df,001c,8415,8637,0
237,237,0,8637,0,0,e12e,001c,8494,8637,0
238,238,0,8637,0,0,e17c,001c,8572,8637,0
239,239,0,8637,0,0,e1cd,001c,8653,8637,0
240,240,0,8637,0,0,e1de,001c,8670,8637,0
241,241,0,8637,0,0,e1e0,001c,8672,8637,0
242,242,0,8637,0,0,e1d7,001c,8663,8637,0
243,243,0,8637,0,0,e1be,001c,8638,8637,0
244,244,0,8637,0,0,e1a4,001c,8612,8637,0
245,245,0,8637,0,0,e156,001c,8534,8637,0
246,246,0,8637,0,0,e112,001c,8466,8637,0
247,247,0,8637,0,0,e0cb,001c,8395,8637,0
248,248,0,8637,0,0,e05d,001c,8285,8637,0
249,249,0,8637,0,0,1fd0,001c,8144,8637,0
250,250,0,8637,0,0,1f76,001c,8054,8637,0
251,251,0,8637,0,0,1f41,001c,8001,8637,0
252,252,0,8637,0,0,1ed5,001c,7893,8637,0
253,253,0,8637,0,0,1e61,001c,7777,8637,0
254,254,0,8637,0,0,1e22,001c,7714,8637,0
255,255,0,8637,0,0,1e13,001c,7699,8637,0
256,256,0,8637,0,0,1e00,001c,7680,8637,0
257,257,0,8637,0,0,1de5,001c,7653,8637,0
258,258,0,8637,0,0,1df4,001c,7668,8637,0
259,259,0,8637,0,0,1dfd,001c,7677,8637,0
260,260,0,8637,0,0,1fbc,001c,7997,8637,0
261,261,0,8637,0,0,1ebd,001c,7869,8637,0
262,262,0,8637,0,0,1efb,001c,7931,8637,0
263,263,0,8637,0,0,1fff,001c,8191,8637,0
264,264,0,8637,0,0,1fbe,001c,8126,8637,0
265,265,0,8637,0,0,1faa,001c,8106,8637,0
266,266,0,8637,0,0,e055,001c,8277,8637,0
267,267,0,8637,0,0,e078,001c,8440,8637,0
268,268,0,8637,0,0,e0d8,001c,8408,8637,0
269,269,0,8637,0,0,e125,001c,8485,8637,0
270,270,0,8637,0,0,e196,001c,8598,8637,0
271,271,0,8637,0,0,e1bb,001c,8635,8637,0
272,272,0,8637,0,0,e1d7,001c,8663,8637,0
273,273,0,8637,0,0,e1ff,001c,8703,8637,0
274,274,0,8637,0,0,e1f9,001c,8697,8637,0
275,275,0,8637,0,0,e1df,001c,8671,8637,0
276,276,0,8637,0,0,e1a0,001c,8608,8637,0
277,277,0,8637,0,0,e177,001c,8567,8637,0
278,278,0,8637,0,0,e13f,001c,8511,8637,0
279,279,0,8637,0,0,e0c5,001c,8389,8637,0
280,280,0,8637,0,0,e065,001c,8293,8637,0
281,281,0,8637,0,0,e02e,001c,8238,8637,0
282,282,0,8637,0,0,1fa1,001c,8097,8637,0
283,283,0,8637,0,0,1f32,001c,7986,8637,0
284,284,0,8637,0,0,1eec,001c,7916,8637,0
285,285,0,8637,0,0,1e99,001c,7833,8637,0
286,286,0,8637,0,0,1e66,001c,7782,8637,0
287,287,0,8637,0,0,1e16,001c,7702,8637,0
288,288,0,8637,0,0,1e11,001c,7697,8637,0
289,289,0,8637,0,0,1e02,001c,7682,8637,0
290,290,0,8637,0,0,1ddc,001c,7644,8637,0
291,291,0,8637,0,0,1e26,001c,7718,8637,0
292,292,0,8637,0,0,1e52,001c,7762,8637,0
293,293,0,8637,0,0,1ea5,001c,7845,8637,0
294,294,0,8637,0,0,1edc,001c,7932,8637,0
295,295,0,8637,0,0,1f32,001c,7998,8637,0
296,296,0,8637,0,0,1faa,001c,8106,8637,0
297,297,0,8637,0,0,ffbb,001c,16315,8637,0
298,298,0,8637,0,0,e07b,001c,8315,8637,0
299,299,0,8637,0,0,e0ef,001c,8431,8637,0
300,300,0,8637,0,0,e1ef,001c,8687,8637,0
301,301,0,8637,0,0,e17b,001c,8571,8637,0
302,302,0,8637,0,0,e1fb,001c,8697,8637,0
303,303,0,8637,0,0,e1c3,001c,8643,8637,0
304,304,0,8637,0,0,e204,001c,8708,8637,0
305,305,0,8637,0,0,e1f8,001c,8696,8637,0
306,306,0,8637,0,0,e1e2,001c,8674,8637,0
307,307,0,8637,0,0,e1e3,001c,8675,8637,0
308,308,0,8637,0,0,e1a3,001c,8611,8637,0
309,309,0,8637,0,0,e1aa,001c,8618,8637,0
310,310,0,8637,0,0,e127,001c,8487,8637,0
311,311,0,8637,0,0,e0b6,001c,8374,8637,0
312,312,0,8637,0,0,e071,001c,8305,8637,0
313,313,0,8637,0,0,e01c,001c,8220,8637,0
314,314,0,8637,0,0,1fa6,001c,8102,8637,0
315,315,0,8637,0,0,1f51,001c,8017,8637,0
316,316,0,8637,0,0,1ef7,001c,7927,8637,0
317,317,0,8637,0,0,1eb7,001c,7863,8637,0
318,318,0,8637,0,0,1e6c,001c,7788,8637,0
319,319,0,8637,0,0,1e26,001c,7718,8637,0
320,320,0,8637,0,0,1df4,001c,7668,8637,0
321,321,0,8637,0,0,1de3,001c,7651,8637,0
322,322,0,8637,0,0,1e05,001c,7685,8637,0
323,323,0,8637,0,0,1e07,001c,7687,8637,0
324,324,0,8637,0,0,1e3f,001c,7743,8637,0
325,325,0,8637,0,0,1e94,001c,7828,8637,0
326,326,0,8637,0,0,1ef0,001c,7920,8637,0
327,327,0,8637,0,0,1f43,001c,8003,8637,0
328,328,0,8637,0,0,1f95,001c,8085,8637,0
329,329,0,8637,0,0,1fe2,001c,8162,8637,0
330,330,0,8637,0,0,e2a4,001c,8358,8637,0
331,331,0,8637,0,0,e0c7,001c,8391,8637,0
332,332,0,8637,0,0,e183,001c,8455,8637,0
333,333,0,8637,0,0,e18b,001c,8587,8637,0
334,334,0,8637,0,0,e1de,001c,8670,8637,0
335,335,0,8637,0,0,e1d6,001c,8662,8637,0
336,336,0,8637,0,0,e1ff,001c,8670,8637,0
337,337,0,8637,0,0,e1e9,001c,8681,8637,0
338,338,0,8637,0,0,e1ea,001c,8672,8637,0
339,339,0,8637,0,0,e1ea,001c,8682,8637,0
340,340,0,8637,0,0,e1b1,001c,8625,8637,0
341,341,0,8637,0,0,e15d,001c,8541,8637,0
342,342,0,8637,0,0,e12b,001c,8491,8637,0
343,343,0,8637,0,0,e0f4,001c,8436,8637,0
344,344,0,8637,0,0,e088,001c,8328,8637,0
345,345,0,8637,0,0,e022,001c,8226,8637,0
346,346,0,8637,0,0,1faf,001c,8111,8637,0
347,347,0,8637,0,0,1f43,001c,8003,8637,0
348,348,0,8637,0,0,1ef5,001c,7925,8637,0
349,349,0,8637,0,0,1e84,001c,7812,8637,0
350,350,0,8637,0,0,1e52,001c,7762,8637,0
351,351,0,8637,0,0,1e28,001c,7720,8637,0
352,352,0,8637,0,0,1df1,001c,7665,8637,0
353,353,0,8637,0,0,1dde,001c,7646,8637,0
354,354,0,8637,0,0,1ddd,001c,7645,8637,0
355,355,0,8637,0,0,1e08,001c,7688,8637,0
356,356,0,8637,0,0,1e3f,001c,7743,8637,0
357,357,0,8637,0,0,1e6b,001c,7787,8637,0
358,358,0,8637,0,0,1eb8,001c,7864,8637,0
359,359,0,8637,0,0,1f2b,001c,7979,8637,0
360,360,0,8637,0,0,1f76,001c,8054,8637,0
361,361,0,8637,0,0,1fe9,001c,8169,8637,0
362,362,0,8637,0,0,e040,001c,8256,8637,0
363,363,0,8637,0,0,e09e,001c,8350,8637,0
364,364,0,8637,0,0,e108,001c,8456,8637,0
365,365,0,8637,0,0,e155,001c,8533,8637,0
366,366,0,8637,0,0,e1bb,001c,8635,8637,0
367,367,0,8637,0,0,e1fd,001c,8703,8637,0
368,368,0,8637,0,0,e1c7,001c,8655,8637,0
369,369,0,8637,0,0,e1ff,001c,8703,8637,0
370,370,0,8637,0,0,e1ff,001c,8701,8637,0
371,371,0,8637,0,0,e1e7,001c,8679,8637,0
372,372,0,8637,0,0,e1af,001c,8623,8637,0
373,373,0,8637,0,0,e19f,001c,8607,8637,0
374,374,0,8637,0,0,e15f,001c,8671,8637,0
375,375,0,8637,0,0,e0cc,001c,8396,8637,0
376,376,0,8637,0,0,e079,001c,8313,8637,0
377,377,0,8637,0,0,e009,001c,8201,8637,0
378,378,0,8637,0,0,1faf,001c,8111,8637,0
379,379,0,8637,0,0,1f52,001c,8018,8637,0
380,380,0,8637,0,0,1eda,001c,7898,8637,0
381,381,0,8637,0,0,1e75,001c,7797,8637,0
382,382,0,8637,0,0,1e3d,001c,7741,8637,0
383,383,0,8637,0,0,1e2b,001c,7723,8637,0
384,384,0,8637,0,0,1dfd,001c,7677,8637,0
385,385,0,8637,0,0,1dbc,001c,7612,8637,0
386,386,0,8637,0,0,1dcd,001c,7629,8637,0
387,387,0,8637,0,0,1de9,001c,7657,8637,0
388,388,0,8637,0,0,1e2a,001c,7722,8637,0
389,389,0,8637,0,0,1e85,001c,7813,8637,0
390,390,0,8637,0,0,1eba,001c,7866,8637,0
391,391,0,8637,0,0,1f10,001c,7952,8637,0
392,392,0,8637,0,0,1f81,001c,8065,8637,0
393,393,0,8637,0,0,1fe9,001c,8169,8637,0
394,394,0,8637,0,0,e057,001c,8279,8637,0
395,395,0,8637,0,0,e0a5,001c,8357,8637,0
396,396,0,8637,0,0,e0e0,001c,8416,8637,0
397,397,0,8637,0,0,e152,001c,8530,8637,0
398,398,0,8637,0,0,e1a1,001c,8609,8637,0
399,399,0,8637,0,0,e1a8,001c,8616,8637,0
400,400,0,8637,0,0,e1e9,001c,8681,8637,0
401,401,0,8637,0,0,e1f9,001c,8697,8637,0
402,402,0,8637,0,0,e1e4,001c,8693,8637,0
403,403,0,8637,0,0,e1b9,001c,8637,8637,0
404,404,0,8637,0,0,e1b3,001c,8635,8637,0
405,405,0,8637,0,0,e1c3,001c,8643,8637,0
406,406,0,8637,0,0,e1f3,001c,8691,8637,0
407,407,0,8637,0,0,e0f3,001c,8435,8637,0
408,408,0,8637,0,0,e0c1,001c,8385,8637,0
409,409,0,8637,0,0,e04d,001c,11329,8637,0
410,410,0,8637,0,0,1fef,001c,8175,8637,0
411,411,0,8637,0,0,1f55,001c,8021,8637,0
412,412,0,8637,0,0,1ee4,001c,7908,8637,0
413,413,0,8637,0,0,1eb5,001c,7861,8637,0
414,414,0,8637,0,0,1e81,001c,7809,8637,0
415,415,0,8637,0,0,1e3e,001c,7742,8637,0
416,416,0,8637,0,0,1e0c,001c,7692,8637,0
417,417,0,8637,0,0,1dec,001c,7660,8637,0
418,418,0,8637,0,0,1e0a,001c,7690,8637,0
419,419,0,8637,0,0,1de5,001c,7653,8637,0
420,420,0,8637,0,0,1e31,001c,7729,8637,0
421,421,0,8637,0,0,1e89,001c,7817,8637,0
422,422,0,8637,0,0,1ebd,001c,7869,8637,0
423,423,0,8637,0,0,1f10,001c,7952,8637,0
424,424,0,8637,0,0,1f7b,001c,8059,8637,0
425,425,0,8637,0,0,1fe9,001c,8169,8637,0
426,426,0,8637,0,0,e047,001c,8263,8637,0
427,427,0,8637,0,0,e0c1,001c,8385,8637,0
428,428,0,8637,0,0,e128,001c,8488,8637,0
429,429,0,8637,0,0,e15f,001c,8543,8637,0
430,430,0,8637,0,0,e1b1,001c,8625,8637,0
431,431,0,8637,0,0,e1ff,001c,8703,8637,0
432,432,0,8637,0,0,e204,001c,8708,8637,0
433,433,0,8637,0,0,e211,001c,8721,8637,0
434,434,0,8637,0,0,e1fd,001c,8701,8637,0
435,435,0,8637,0,0,e1eb,001c,8683,8637,0
436,436,0,8637,0,0,e1a4,001c,8612,8637,0
437,437,0,8637,0,0,e166,001c,8550,8637,0
438,438,0,8637,0,0,e127,001c,8487,8637,0
439,439,0,8637,0,0,e1e6,001c,8679,8637,0
440,440,0,8637,0,0,e0cd,001c,8397,8637,0
441,441,0,8637,0,0,efed,001c,16333,8637,0
442,442,0,8637,0,0,1fed,001c,8173,8637,0
443,443,0,8637,0,0,1fb5,001c,8117,8637,0
444,444,0,8637,0,0,1ff3,001c,8176,8637,0
445,445,0,8637,0,0,1ed3,001c,7891,8637,0
446,446,0,8637,0,0,1e8a,001c,7874,8637,0
447,447,0,8637,0,0,1e58,001c,7768,8637,0
448,448,0,8637,0,0,1e5c,001c,7772,8637,0
449,449,0,8637,0,0,1e2a,001c,7722,8637,0
450,450,0,8637,0,0,1e10,001c,7696,8637,0
451,451,0,8637,0,0,1e33,001c,7731,8637,0
452,452,0,8637,0,0,1e6e,001c,7790,8637,0
453,453,0,8637,0,0,1eaf,001c,7855,8637,0
454,454,0,8637,0,0,1ef5,001c,7925,8637,0
455,455,0,8637,0,0,1f2f,001c,7983,8637,0
456,456,0,8637,0,0,1faa,001c,8106,8637,0
457,457,0,8637,0,0,1fff,001c,8191,8637,0
458,458,0,8637,0,0,e060,001c,8288,8637,0
459,459,0,8637,0,0,e0c0,001c,8384,8637,0
460,460,0,8637,0,0,e126,001c,8486,8637,0
461,461,0,8637,0,0,e172,001c,8562,8637,0
462,462,0,8637,0,0,e1c0,001c,8640,8637,0
463,463,0,8637,0,0,e1f8,001c,8696,8637,0
464,464,0,8637,0,0,e21d,001c,8733,8637,0
465,465,0,8637,0,0,e21f,001c,8735,8637,0
466,466,0,8637,0,0,e1e7,001c,8679,8637,0
467,467,0,8637,0,0,e1ed,001c,8685,8637,0
468,468,0,8637,0,0,e1bf,001c,8639,8637,0
469,469,0,8637,0,0,e17a,001c,8570,8637,0
470,470,0,8637,0,0,e133,001c,8499,8637,0
471,471,0,8637,0,0,e0d2,001c,8402,8637,0
472,472,0,8637,0,0,e050,001c,8272,8637,0
473,473,0,8637,0,0,e005,001c,8197,8637,0
474,474,0,8637,0,0,1f80,001c,8069,8637,0
475,475,0,8637,0,0,1fb9,001c,7993,8637,0
476,476,0,8637,0,0,1ff9,001c,8185,8637,0
477,477,0,8637,0,0,1ef1,001c,7921,8637,0
478,478,0,8637,0,0,1edb,001c,7899,8637,0
479,479,0,8637,0,0,1e7e,001c,7806,8637,0
480,480,0,8637,0,0,1e3f,001c,7740,8637,0
481,481,0,8637,0,0,1e4b,001c,7875,8637,0
482,482,0,8637,0,0,1dfd,001c,7677,8637,0
483,483,0,8637,0,0,1e24,001c,7716,8637,0
484,484,0,8637,0,0,1e44,001c,7748,8637,0
485,485,0,8637,0,0,1e76,001c,7798,8637,0
486,486,0,8637,0,0,1ec0,001c,7872,8637,0
487,487,0,8637,0,0,1f2f,001c,7983,8637,0
488,488,0,8637,0,0,1f63,001c,8035,8637,0
489,489,0,8637,0,0,1fb9,001c,8121,8637,0
490,490,0,8637,0,0,e021,001c,8225,8637,0
491,491,0,8637,0,0,e089,001c,8329,8637,0
492,492,0,8637,0,0,e0e9,001c,8425,8637,0
493,493,0,8637,0,0,e14c,001c,8524,8637,0
494,494,0,8637,0,0,e181,001c,8577,8637,0
495,495,0,8637,0,0,e1c4,001c,8644,8637,0
496,496,0,8637,0,0,e1ce,001c,8654,8637,0
497,497,0,8637,0,0,e207,001c,8711,8637,0
498,498,0,8637,0,0,e226,001c,8742,8637,0
499,499,0,8637,0,0,e1ec,001c,8684,8637,0
500,500,0,8637,0,0,e19c,001c,8604,8637,0
501,501,0,8637,0,0,e158,001c,8536,8637,0
502,502,0,8637,0,0,e100,001c,8448,8637,0
503,503,0,8637,0,0,e0ae,001c,8366,8637,0
504,504,0,8637,0,0,e02c,001c,8236,8637,0
505,505,0,8637,0,0,1fc3,001c,8131,8637,0
506,506,0,8637,0,0,1f4b,001c,8011,8637,0
507,507,0,8637,0,0,1ef1,001c,7921,8637,0
508,508,0,8637,0,0,1e92,001c,7826,8637,0
509,509,0,8637,0,0,1e74,001c,7798,8637,0
510,510,0,8637,0,0,1e2c,001c,7740,8637,0
511,511,0,8637,0,0,1ffd,001c,8189,8637,0
512,512,0,8637,0,0,1ddf,001c,7647,8637,0
513,513,0,8637,0,0,1ddf,001c,7647,8637,0
514,514,0,8637,0,0,1ddd,001c,7645,8637,0
515,515,0,8637,0,0,1dd9,001c,7641,8637,0
516,516,0,8637,0,0,1e55,001c,7764,8637,0
517,517,0,8637,0,0,1e55,001c,7893,8637,0
518,518,0,8637,0,0,1e92,001c,7890,8637,0
519,519,0,8637,0,0,1ede,001c,7902,8637,0
520,520,0,8637,0,0,1f48,001c,8008,8637,0
521,521,0,8637,0,0,1fb3,001c,8115,8637,0
522,522,0,8637,0,0,1fff,001c,8191,8637,0
523,523,0,8637,0,0,e070,001c,8304,8637,0
524,524,0,8637,0,0,e0d9,001c,8409,8637,0
525,525,0,8637,0,0,e134,001c,8500,8637,0
526,526,0,8637,0,0,e15f,001c,8543,8637,0
527,527,0,8637,0,0,e18a,001c,8586,8637,0
528,528,0,8637,0,0,e1dc,001c,8668,8637,0
529,529,0,8637,0,0,e1d8,001c,8664,8637,0
530,530,0,8637,0,0,e1ca,001c,8650,8637,0
531,531,0,8637,0,0,e1c2,001c,8642,8637,0
532,532,0,8637,0,0,e196,001c,8598,8637,0
533,533,0,8637,0,0,e14c,001c,8524,8637,0
534,534,0,8637,0,0,e103,001c,8451,8637,0
535,535,0,8637,0,0,e0af,001c,8367,8637,0
536,536,0,8637,0,0,e054,001c,8276,8637,0
537,537,0,8637,0,0,1ff8,001c,8184,8637,0
538,538,0,8637,0,0,1f88,001c,8072,8637,0
539,539,0,8637,0,0,1f32,001c,7986,8637,0
540,540,0,8637,0,0,1edb,001c,7899,8637,0
541,541,0,8637,0,0,1e75,001c,7797,8637,0
542,542,0,8637,0,0,1e40,001c,7744,8637,0
543,543,0,8637,0,0,1e23,001c,7715,8637,0
544,544,0,8637,0,0,1de0,001c,7648,8637,0
545,545,0,8637,0,0,1de2,001c,7650,8637,0
546,546,0,8637,0,0,1de5,001c,7655,8637,0
547,547,0,8637,0,0,1fe5,001c,7973,8637,0
548,548,0,8637,0,0,1e67,001c,7783,8637,0
549,549,0,8637,0,0,1eff,001c,7935,8637,0
550,550,0,8637,0,0,1eff,001c,7935,8637,0
551,551,0,8637,0,0,1ffd,001c,8185,8637,0
552,552,0,8637,0,0,1fcc,001c,8140,8637,0
553,553,0,8637,0,0,1fc8,001c,8136,8637,0
554,554,0,8637,0,0,e01e,001c,8222,8637,0
555,555,0,8637,0,0,e091,001c,8337,8637,0
556,556,0,8637,0,0,e0fb,001c,8443,8637,0
557,557,0,8637,0,0,e153,001c,8531,8637,0
558,558,0,8637,0,0,e18e,001c,8590,8637,0
559,559,0,8637,0,0,e1c6,001c,8646,8637,0
560,560,0,8637,0,0,e1e0,001c,8672,8637,0
561,561,0,8637,0,0,e210,001c,8720,8637,0
562,562,0,8637,0,0,e212,001c,8722,8637,0
563,563,0,8637,0,0,e1e5,001c,8677,8637,0
564,564,0,8637,0,0,e1d6,001c,8662,8637,0
565,565,0,8637,0,0,e17c,001c,8572,8637,0
566,566,0,8637,0,0,e13e,001c,8510,8637,0
567,567,0,8637,0,0,e0f9,001c,8441,8637,0
568,568,0,8637,0,0,e085,001c,8325,8637,0
569,569,0,8637,0,0,e025,001c,8229,8637,0
570,570,0,8637,0,0,1fcf,001c,8143,8637,0
571,571,0,8637,0,0,1f50,001c,8016,8637,0
572,572,0,8637,0,0,1f05,001c,7941,8637,0
573,573,0,8637,0,0,1eb5,001c,7861,8637,0
574,574,0,8637,0,0,1e7e,001c,7806,8637,0
575,575,0,8637,0,0,1e4b,001c,7755,8637,0
576,576,0,8637,0,0,1e2f,001c,7727,8637,0
577,577,0,8637,0,0,1e2a,001c,7722,8637,0
578,578,0,8637,0,0,1e36,001c,7734,8637,0
579,579,0,8637,0,0,1e5a,001c,7770,8637,0
580,580,0,8637,0,0,1e8b,001c,7819,8637,0
581,581,0,8637,0,0,1eb3,001c,7859,8637,0
582,582,0,8637,0,0,1f3d,001c,7999,8637,0
583,583,0,8637,0,0,1f7d,001c,8061,8637,0
584,584,0,8637,0,0,1ffd,001c,8189,8637,0
585,585,0,8637,0,0,1fff,001c,8176,8637,0
586,586,0,8637,0,0,e0bf,001c,8383,8637,0
587,587,0,8637,0,0,e193,001c,8595,8637,0
588,588,0,8637,0,0,e14d,001c,8513,8637,0
589,589,0,8637,0,0,e14c,001c,8524,8637,0
590,590,0,8637,0,0,e1a2,001c,8610,8637,0
591,591,0,8637,0,0,e1e2,001c,8674,8637,0
592,592,0,8637,0,0,e213,001c,8723,8637,0
593,593,0,8637,0,0,e216,001c,8726,8637,0
594,594,0,8637,0,0,e1f1,001c,8689,8637,0
595,595,0,8637,0,0,e1f3,001c,8691,8637,0
596,596,0,8637,0,0,e1d3,001c,8659,8637,0
597,597,0,8637,0,0,e199,001c,8601,8637,0
598,598,0,8637,0,0,e158,001c,8536,8637,0
599,599,0,8637,0,0,e0ee,001c,8430,8637,0
600,600,0,8637,0,0,e083,001c,8323,8637,0
601,601,0,8637,0,0,e02d,001c,8237,8637,0
602,602,0,8637,0,0,1fc2,001c,8130,8637,0
603,603,0,8637,0,0,1f6c,001c,8044,8637,0
604,604,0,8637,0,0,1ef5,001c,7925,8637,0
605,605,0,8637,0,0,1e9e,001c,7838,8637,0
606,606,0,8637,0,0,1e73,001c,7795,8637,0
607,607,0,8637,0,0,1e2d,001c,7725,8637,0
608,608,0,8637,0,0,1dfb,001c,7675,8637,0
609,609,0,8637,0,0,1df9,001c,7673,8637,0
610,610,0,8637,0,0,1e16,001c,7702,8637,0
611,611,0,8637,0,0,1e26,001c,7718,8637,0
612,612,0,8637,0,0,1e41,001c,7745,8637,0
613,613,0,8637,0,0,1e9c,001c,7836,8637,0
614,614,0,8637,0,0,1f0a,001c,7946,8637,0
615,615,0,8637,0,0,1f5d,001c,8029,8637,0
616,616,0,8637,0,0,1fa2,001c,8098,8637,0
617,617,0,8637,0,0,eb33,001c,9011,8637,0
618,618,0,8637,0,0,e09b,001c,8347,8637,0
619,619,0,8637,0,0,e0ec,001c,8428,8637,0
620,620,0,8637,0,0,e1fe,001c,8702,8637,0
621,621,0,8637,0,0,e17f,001c,8543,8637,0
622,622,0,8637,0,0,e1fb,001c,8699,8637,0
623,623,0,8637,0,0,e1ff,001c,8700,8637,0
624,624,0,8637,0,0,e1df,001c,8671,8637,0
625,625,0,8637,0,0,e1ee,001c,8686,8637,0
626,626,0,8637,0,0,e207,001c,8711,8637,0
627,627,0,8637,0,0,e1aa,001c,8618,8637,0
628,628,0,8637,0,0,e181,001c,8577,8637,0
629,629,0,8637,0,0,e18b,001c,8587,8637,0
630,630,0,8637,0,0,e14f,001c,8527,8637,0
631,631,0,8637,0,0,e0a5,001c,8357,8637,0
632,632,0,8637,0,0,e003,001c,8195,8637,0
633,633,0,8637,0,0,1fd3,001c,8147,8637,0
634,634,0,8637,0,0,1fbd,001c,8125,8637,0
635,635,0,8637,0,0,1f46,001c,8006,8637,0
636,636,0,8637,0,0,1ecf,001c,7887,8637,0
637,637,0,8637,0,0,1e87,001c,7815,8637,0
638,638,0,8637,0,0,1e40,001c,7744,8637,0
639,639,0,8637,0,0,1e08,001c,7688,8637,0
640,640,0,8637,0,0,1e00,001c,7680,8637,0
641,641,0,8637,0,0,1dce,001c,7630,8637,0
642,642,0,8637,0,0,1da4,001c,7588,8637,0
643,643,0,8637,0,0,1dfb,001c,7675,8637,0
644,644,0,8637,0,0,1e48,001c,7752,8637,0
645,645,0,8637,0,0,1e83,001c,7811,8637,0
646,646,0,8637,0,0,1eaf,001c,7855,8637,0
647,647,0,8637,0,0,1f10,001c,7952,8637,0
648,648,0,8637,0,0,1f8b,001c,8075,8637,0
649,649,0,8637,0,0,1fec,001c,8172,8637,0
650,650,0,8637,0,0,e04b,001c,8267,8637,0
651,651,0,8637,0,0,e0b6,001c,8374,8637,0
652,652,0,8637,0,0,e124,001c,8484,8637,0
653,653,0,8637,0,0,e132,001c,8502,8637,0
654,654,0,8637,0,0,e17a,001c,8570,8637,0
655,655,0,8637,0,0,e1fd,001c,8701,8637,0
656,656,0,8637,0,0,e1dd,001c,8669,8637,0
657,657,0,8637,0,0,e1df,001c,8671,8637,0
658,658,0,8637,0,0,e1f7,001c,8695,8637,0
659,659,0,8637,0,0,e1bf,001c,8639,8637,0
660,660,0,8637,0,0,e1af,001c,8623,8637,0
661,661,0,8637,0,0,e158,001c,8536,8637,0
662,662,0,8637,0,0,e125,001c,8485,8637,0
663,663,0,8637,0,0,e0d1,001c,8401,8637,0
664,664,0,8637,0,0,e079,001c,8313,8637,0
665,665,0,8637,0,0,e024,001c,8228,8637,0
666,666,0,8637,0,0,1f8e,001c,8078,8637,0
667,667,0,8637,0,0,1f42,001c,8002,8637,0
668,668,0,8637,0,0,1edf,001c,7903,8637,0
669,669,0,8637,0,0,1e61,001c,7777,8637,0
670,670,0,8637,0,0,1e38,001c,7736,8637,0
671,671,0,8637,0,0,1e13,001c,7699,8637,0
672,672,0,8637,0,0,1de3,001c,7651,8637,0
673,673,0,8637,0,0,1dec,001c,7660,8637,0
674,674,0,8637,0,0,1ddf,001c,7647,8637,0
675,675,0,8637,0,0,1deb,001c,7659,8637,0
676,676,0,8637,0,0,1e41,001c,7745,8637,0
677,677,0,8637,0,0,1eb0,001c,7856,8637,0
678,678,0,8637,0,0,1ee2,001c,7906,8637,0
679,679,0,8637,0,0,1f0f,001c,7951,8637,0
680,680,0,8637,0,0,1f62,001c,8034,8637,0
681,681,0,8637,0,0,1ff0,001c,8176,8637,0
682,682,0,8637,0,0,e060,001c,8288,8637,0
683,683,0,8637,0,0,e0a9,001c,8361,8637,0
684,684,0,8637,0,0,e110,001c,8464,8637,0
685,685,0,8637,0,0,e152,001c,8530,8637,0
686,686,0,8637,0,0,e18b,001c,8587,8637,0
687,687,0,8637,0,0,e1b6,001c,8630,8637,0
688,688,0,8637,0,0,e1f9,001c,8699,8637,0
689,689,0,8637,0,0,e33a,001c,8763,8637,0
690,690,0,8637,0,0,e3fe,001c,9214,8637,0
691,691,0,8637,0,0,e1fd,001c,8701,8637,0
692,692,0,8637,0,0,e1f7,001c,8695,8637,0
693,693,0,8637,0,0,e1fb,001c,8699,8637,0
694,694,0,8637,0,0,e16d,001c,8557,8637,0
695,695,0,8637,0,0,e1af,001c,8620,8637,0
696,696,0,8637,0,0,e0af,001c,8355,8637,0
697,697,0,8637,0,0,e02d,001c,8237,8637,0
698,698,0,8637,0,0,1fe6,001c,8166,8637,0
699,699,0,8637,0,0,1f8a,001c,8074,8637,0
700,700,0,8637,0,0,1f15,001c,7957,8637,0
701,701,0,8637,0,0,1ece,001c,7886,8637,0
702,702,0,8637,0,0,1e6c,001c,7788,8637,0
703,703,0,8637,0,0,1e4a,001c,7754,8637,0
704,704,0,8637,0,0,1e32,001c,7730,8637,0
705,705,0,8637,0,0,1e0d,001c,7693,8637,0
706,706,0,8637,0,0,1e0f,001c,7695,8637,0
707,707,0,8637,0,0,1e2e,001c,7726,8637,0
708,708,0,8637,0,0,1e57,001c,7767,8637,0
709,709,0,8637,0,0,1ea0,001c,7840,8637,0
710,710,0,8637,0,0,1f11,001c,7953,8637,0
711,711,0,8637,0,0,1f72,001c,8050,8637,0
712,712,0,8637,0,0,1f9d,001c,8093,8637,0
713,713,0,8637,0,0,e001,001c,8193,8637,0
714,714,0,8637,0,0,e0b1,001c,8369,8637,0
715,715,0,8637,0,0,e103,001c,8451,8637,0
716,716,0,8637,0,0,e13b,001c,8507,8637,0
717,717,0,8637,0,0,e192,001c,8594,8637,0
718,718,0,8637,0,0,e1d5,001c,8661,8637,0
719,719,0,8637,0,0,e20a,001c,8714,8637,0
720,720,0,8637,0,0,e21a,001c,8730,8637,0
721,721,0,8637,0,0,e21f,001c,8735,8637,0
722,722,0,8637,0,0,e21a,001c,8730,8637,0
723,723,0,8637,0,0,e204,001c,8708,8637,0
724,724,0,8637,0,0,e3ba,001c,8634,8637,0
725,725,0,8637,0,0,e1b4,001c,8638,8637,0
726,726,0,8637,0,0,e1d7,001c,8535,8637,0
727,727,0,8637,0,0,e1d3,001c,8659,8637,0
728,728,0,8637,0,0,e0d2,001c,8402,8637,0
729,729,0,8637,0,0,e05a,001c,8282,8637,0
730,730,0,8637,0,0,ed3a,001c,12186,8637,0
731,731,0,8637,0,0,1fb6,001c,8114,8637,0
732,732,0,8637,0,0,1f67,001c,8167,8637,0
733,733,0,8637,0,0,1ef1,001c,7921,8637,0
734,734,0,8637,0,0,1e95,001c,7829,8637,0
735,735,0,8637,0,0,1e5e,001c,7774,8637,0
736,736,0,8637,0,0,1e32,001c,7730,8637,0
737,737,0,8637,0,0,1e49,001c,7753,8637,0
738,738,0,8637,0,0,1e36,001c,7734,8637,0
739,739,0,8637,0,0,1e49,001c,7753,8637,0
740,740,0,8637,0,0,1e65,001c,7781,8637,0
741,741,0,8637,0,0,1eb6,001c,7862,8637,0
742,742,0,8637,0,0,1ef2,001c,7922,8637,0
743,743,0,8637,0,0,1f43,001c,8003,8637,0
744,744,0,8637,0,0,1fba,001c,8122,8637,0
745,745,0,8637,0,0,e014,001c,8212,8637,0
746,746,0,8637,0,0,e065,001c,8293,8637,0
747,747,0,8637,0,0,e0c4,001c,8388,8637,0
748,748,0,8637,0,0,e138,001c,8504,8637,0
749,749,0,8637,0,0,e188,001c,8584,8637,0
750,750,0,8637,0,0,e1c8,001c,8648,8637,0
751,751,0,8637,0,0,e1f4,001c,8692,8637,0
752,752,0,8637,0,0,e21e,001c,8734,8637,0
753,753,0,8637,0,0,e216,001c,8726,8637,0
754,754,0,8637,0,0,e1fe,001c,8702,8637,0
755,755,0,8637,0,0,e1dc,001c,8668,8637,0
756,756,0,8637,0,0,e1c9,001c,8649,8637,0
757,757,0,8637,0,0,e17e,001c,8574,8637,0
758,758,0,8637,0,0,e112,001c,8466,8637,0
759,759,0,8637,0,0,e0b5,001c,8373,8637,0
760,760,0,8637,0,0,e07c,001c,8317,8637,0
761,761,0,8637,0,0,dffe,001c,8158,8637,0
762,762,0,8637,0,0,1fef,001c,8175,8637,0
763,763,0,8637,0,0,1f93,001c,8083,8637,0
764,764,0,8637,0,0,1ff3,001c,8179,8637,0
765,765,0,8637,0,0,1ef3,001c,7923,8637,0
766,766,0,8637,0,0,1ee1,001c,7905,8637,0
767,767,0,8637,0,0,1e65,001c,7776,8637,0
768,768,0,8637,0,0,1e25,001c,7909,8637,0
769,769,0,8637,0,0,1dfc,001c,7676,8637,0
770,770,0,8637,0,0,1dfa,001c,7674,8637,0
771,771,0,8637,0,0,1e12,001c,7698,8637,0
772,772,0,8637,0,0,1e1d,001c,7709,8637,0
773,773,0,8637,0,0,1e68,001c,7784,8637,0
774,774,0,8637,0,0,1ec3,001c,7875,8637,0
775,775,0,8637,0,0,1eea,001c,7914,8637,0
776,776,0,8637,0,0,1f5f,001c,8031,8637,0
777,777,0,8637,0,0,1fc7,001c,8135,8637,0
778,778,0,8637,0,0,e014,001c,8212,8637,0
779,779,0,8637,0,0,e087,001c,8327,8637,0
780,780,0,8637,0,0,e10e,001c,8462,8637,0
781,781,0,8637,0,0,e142,001c,8514,8637,0
782,782,0,8637,0,0,e17e,001c,8574,8637,0
783,783,0,8637,0,0,e1b4,001c,8628,8637,0
784,784,0,8637,0,0,e1d8,001c,8664,8637,0
785,785,0,8637,0,0,e1ed,001c,8685,8637,0
786,786,0,8637,0,0,e1e4,001c,8676,8637,0
787,787,0,8637,0,0,e1b8,001c,8632,8637,0
788,788,0,8637,0,0,e183,001c,8579,8637,0
789,789,0,8637,0,0,e148,001c,8520,8637,0
790,790,0,8637,0,0,e104,001c,8452,8637,0
791,791,0,8637,0,0,e08c,001c,8332,8637,0
792,792,0,8637,0,0,e01b,001c,8219,8637,0
793,793,0,8637,0,0,1fd3,001c,8147,8637,0
794,794,0,8637,0,0,1f6a,001c,8042,8637,0
795,795,0,8637,0,0,1f06,001c,7974,8637,0
796,796,0,8637,0,0,1ead,001c,7855,8637,0
797,797,0,8637,0,0,1ee4,001c,7789,8637,0
798,798,0,8637,0,0,1e74,001c,7732,8637,0
799,799,0,8637,0,0,1ffd,001c,8189,8637,0
800,800,0,8637,0,0,1df9,001c,7673,8637,0
801,801,0,8637,0,0,1ddd,001c,7645,8637,0
802,802,0,8637,0,0,1ddd,001c,7645,8637,0
803,803,0,8637,0,0,1dcd,001c,7629,8637,0
804,804,0,8637,0,0,1e1e,001c,7774,8637,0
805,805,0,8637,0,0,1e51,001c,7761,8637,0
806,806,0,8637,0,0,1e8d,001c,7821,8637,0
807,807,0,8637,0,0,1ef7,001c,7927,8637,0
808,808,0,8637,0,0,1f2d,001c,7981,8637,0
809,809,0,8637,0,0,1f9f,001c,8095,8637,0
810,810,0,8637,0,0,e01c,001c,8220,8637,0
811,811,0,8637,0,0,e085,001c,8325,8637,0
812,812,0,8637,0,0,e0d5,001c,8405,8637,0
813,813,0,8637,0,0,e136,001c,8502,8637,0
814,814,0,8637,0,0,e161,001c,8545,8637,0
815,815,0,8637,0,0,e1bb,001c,8635,8637,0
816,816,0,8637,0,0,e1be,001c,8638,8637,0
817,817,0,8637,0,0,e1ca,001c,8650,8637,0
818,818,0,8637,0,0,e1dc,001c,8668,8637,0
819,819,0,8637,0,0,e1d7,001c,8663,8637,0
820,820,0,8637,0,0,e1b3,001c,8627,8637,0
821,821,0,8637,0,0,e153,001c,8531,8637,0
822,822,0,8637,0,0,e0f8,001c,8440,8637,0
823,823,0,8637,0,0,e0c6,001c,8390,8637,0
824,824,0,8637,0,0,e03a,001c,8250,8637,0
825,825,0,8637,0,0,1fdd,001c,8157,8637,0
826,826,0,8637,0,0,1f95,001c,8085,8637,0
827,827,0,8637,0,0,1f33,001c,7987,8637,0
828,828,0,8637,0,0,1ec9,001c,7881,8637,0
829,829,0,8637,0,0,1e7a,001c,7802,8637,0
830,830,0,8637,0,0,1e5d,001c,7773,8637,0
831,831,0,8637,0,0,1e3b,001c,7739,8637,0
832,832,0,8637,0,0,1ff0,001c,7675,8637,0
833,833,0,8637,0,0,1df4,001c,7668,8637,0
834,834,0,8637,0,0,1fed,001c,8173,8637,0
835,835,0,8637,0,0,1e5d,001c,7773,8637,0
836,836,0,8637,0,0,1e7d,001c,7805,8637,0
837,837,0,8637,0,0,1efe,001c,7934,8637,0
838,838,0,8637,0,0,1ef7,001c,7926,8637,0
839,839,0,8637,0,0,1eff,001c,7923,8637,0
840,840,0,8637,0,0,1f6e,001c,8046,8637,0
841,841,0,8637,0,0,1fc5,001c,8133,8637,0
842,842,0,8637,0,0,e034,001c,8244,8637,0
843,843,0,8637,0,0,e0a1,001c,8353,8637,0
844,844,0,8637,0,0,e108,001c,8456,8637,0
845,845,0,8637,0,0,e153,001c,8531,8637,0
846,846,0,8637,0,0,e1a0,001c,8608,8637,0
847,847,0,8637,0,0,e1da,001c,8666,8637,0
848,848,0,8637,0,0,e1f3,001c,8691,8637,0
849,849,0,8637,0,0,e20c,001c,8716,8637,0
850,850,0,8637,0,0,e1f2,001c,8690,8637,0
851,851,0,8637,0,0,e1de,001c,8670,8637,0
852,852,0,8637,0,0,e1b7,001c,8631,8637,0
853,853,0,8637,0,0,e18a,001c,8586,8637,0
854,854,0,8637,0,0,e150,001c,8528,8637,0
855,855,0,8637,0,0,e0d3,001c,8403,8637,0
856,856,0,8637,0,0,e07e,001c,8318,8637,0
857,857,0,8637,0,0,e01c,001c,8220,8637,0
858,858,0,8637,0,0,1fbb,001c,8123,8637,0
859,859,0,8637,0,0,1f50,001c,8016,8637,0
860,860,0,8637,0,0,1f05,001c,7941,8637,0
861,861,0,8637,0,0,1eb4,001c,7860,8637,0
862,862,0,8637,0,0,1e79,001c,7801,8637,0
863,863,0,8637,0,0,1e33,001c,7731,8637,0
864,864,0,8637,0,0,1e37,001c,7735,8637,0
865,865,0,8637,0,0,1e3e,001c,7742,8637,0
866,866,0,8637,0,0,1e1b,001c,7707,8637,0
867,867,0,8637,0,0,1e3d,001c,7743,8637,0
868,868,0,8637,0,0,1eb0,001c,7869,8637,0
869,869,0,8637,0,0,1ed4,001c,7892,8637,0
870,870,0,8637,0,0,1fcf,001c,8143,8637,0
871,871,0,8637,0,0,1f7f,001c,8063,8637,0
872,872,0,8637,0,0,1ffb,001c,8187,8637,0
873,873,0,8637,0,0,1fe2,001c,8162,8637,0
874,874,0,8637,0,0,e0b6,001c,8374,8637,0
875,875,0,8637,0,0,e096,001c,8598,8637,0
876,876,0,8637,0,0,e115,001c,8469,8637,0
877,877,0,8637,0,0,e172,001c,8562,8637,0
878,878,0,8637,0,0,e196,001c,8598,8637,0
879,879,0,8637,0,0,e1ce,001c,8654,8637,0
880,880,0,8637,0,0,e203,001c,8707,8637,0
881,881,0,8637,0,0,e212,001c,8722,8637,0
882,882,0,8637,0,0,e20a,001c,8714,8637,0
883,883,0,8637,0,0,e1e4,001c,8676,8637,0
884,884,0,8637,0,0,e1c2,001c,8642,8637,0
885,885,0,8637,0,0,e187,001c,8583,8637,0
886,886,0,8637,0,0,e135,001c,8501,8637,0
887,887,0,8637,0,0,e0db,001c,8411,8637,0
888,888,0,8637,0,0,e071,001c,8305,8637,0
889,889,0,8637,0,0,1ffa,001c,8186,8637,0
890,890,0,8637,0,0,1fac,001c,8108,8637,0
891,891,0,8637,0,0,1f66,001c,8038,8637,0
892,892,0,8637,0,0,1efc,001c,7932,8637,0
893,893,0,8637,0,0,1ea4,001c,7844,8637,0
894,894,0,8637,0,0,1e5c,001c,7772,8637,0
895,895,0,8637,0,0,1e26,001c,7718,8637,0
896,896,0,8637,0,0,1e1a,001c,7706,8637,0
897,897,0,8637,0,0,1e24,001c,7716,8637,0
898,898,0,8637,0,0,1e40,001c,7744,8637,0
899,899,0,8637,0,0,1e5a,001c,7770,8637,0
900,900,0,8637,0,0,1e5f,001c,7775,8637,0
901,901,0,8637,0,0,1ead,001c,7853,8637,0
902,902,0,8637,0,0,1f08,001c,7944,8637,0
903,903,0,8637,0,0,1f2b,001c,7979,8637,0
904,904,0,8637,0,0,1fa0,001c,8107,8637,0
905,905,0,8637,0,0,1ff4,001c,8180,8637,0
906,906,0,8637,0,0,bff5,001c,16373,8637,0
907,907,0,8637,0,0,e0fb,001c,8443,8637,0
908,908,0,8637,0,0,e1ee,001c,8686,8637,0
909,909,0,8637,0,0,e16e,001c,8558,8637,0
910,910,0,8637,0,0,e1ed,001c,8684,8637,0
911,911,0,8637,0,0,e1ad,001c,8621,8637,0
912,912,0,8637,0,0,e1b2,001c,8626,8637,0
913,913,0,8637,0,0,e1d2,001c,8658,8637,0
914,914,0,8637,0,0,e1e4,001c,8676,8637,0
915,915,0,8637,0,0,e1c9,001c,8649,8637,0
916,916,0,8637,0,0,e1ac,001c,8620,8637,0
917,917,0,8637,0,0,e169,001c,8553,8637,0
918,918,0,8637,0,0,e101,001c,8449,8637,0
919,919,0,8637,0,0,e0c9,001c,8393,8637,0
920,920,0,8637,0,0,e083,001c,8323,8637,0
921,921,0,8637,0,0,1ffd,001c,8189,8637,0
922,922,0,8637,0,0,1f98,001c,8088,8637,0
923,923,0,8637,0,0,1f33,001c,7987,8637,0
924,924,0,8637,0,0,1ee1,001c,7905,8637,0
925,925,0,8637,0,0,1e7e,001c,7806,8637,0
926,926,0,8637,0,0,1e29,001c,7721,8637,0
927,927,0,8637,0,0,1df8,001c,7672,8637,0
928,928,0,8637,0,0,1def,001c,7663,8637,0
929,929,0,8637,0,0,1de5,001c,7653,8637,0
930,930,0,8637,0,0,1dd0,001c,7632,8637,0
931,931,0,8637,0,0,1dde,001c,7646,8637,0
932,932,0,8637,0,0,1e26,001c,7718,8637,0
933,933,0,8637,0,0,1e67,001c,7783,8637,0
934,934,0,8637,0,0,1ec7,001c,7879,8637,0
935,935,0,8637,0,0,1f43,001c,8003,8637,0
936,936,0,8637,0,0,1f90,001c,8080,8637,0
937,937,0,8637,0,0,1fe9,001c,8169,8637,0
938,938,0,8637,0,0,e265,001c,8293,8637,0
939,939,0,8637,0,0,e0b8,001c,8381,8637,0
940,940,0,8637,0,0,e1be,001c,8510,8637,0
941,941,0,8637,0,0,e17f,001c,8575,8637,0
942,942,0,8637,0,0,e1dd,001c,8669,8637,0
943,943,0,8637,0,0,e1d1,001c,8657,8637,0
944,944,0,8637,0,0,e1d1,001c,8657,8637,0
945,945,0,8637,0,0,e1f3,001c,8659,8637,0
946,946,0,8637,0,0,e1ef,001c,8675,8637,0
947,947,0,8637,0,0,e1be,001c,8638,8637,0
948,948,0,8637,0,0,e181,001c,8577,8637,0
949,949,0,8637,0,0,e153,001c,8531,8637,0
950,950,0,8637,0,0,e122,001c,8482,8637,0
951,951,0,8637,0,0,e0d1,001c,8401,8637,0
952,952,0,8637,0,0,e077,001c,8311,8637,0
953,953,0,8637,0,0,e002,001c,8194,8637,0
954,954,0,8637,0,0,1fa7,001c,8103,8637,0
955,955,0,8637,0,0,1f61,001c,8033,8637,0
956,956,0,8637,0,0,1efa,001c,7930,8637,0
957,957,0,8637,0,0,1ec1,001c,7873,8637,0
958,958,0,8637,0,0,1e5d,001c,7773,8637,0
959,959,0,8637,0,0,1dfe,001c,7678,8637,0
960,960,0,8637,0,0,1dfc,001c,7676,8637,0
961,961,0,8637,0,0,1dec,001c,7660,8637,0
962,962,0,8637,0,0,1e16,001c,7702,8637,0
963,963,0,8637,0,0,1e26,001c,7718,8637,0
964,964,0,8637,0,0,1e31,001c,7729,8637,0
965,965,0,8637,0,0,1e7d,001c,7805,8637,0
966,966,0,8637,0,0,1ecf,001c,7887,8637,0
967,967,0,8637,0,0,1f17,001c,7959,8637,0
968,968,0,8637,0,0,1f7b,001c,8059,8637,0
969,969,0,8637,0,0,1fe9,001c,8169,8637,0
970,970,0,8637,0,0,e05f,001c,8287,8637,0
971,971,0,8637,0,0,e0d3,001c,8403,8637,0
972,972,0,8637,0,0,e100,001c,8448,8637,0
973,973,0,8637,0,0,e159,001c,8537,8637,0
974,974,0,8637,0,0,e1a4,001c,8612,8637,0
975,975,0,8637,0,0,e1b2,001c,8630,8637,0
976,976,0,8637,0,0,e3bb,001c,9019,8637,0
977,977,0,8637,0,0,e20b,001c,8715,8637,0
978,978,0,8637,0,0,e3df,001c,9183,8637,0
979,979,0,8637,0,0,e1de,001c,8670,8637,0
980,980,0,8637,0,0,e1c7,001c,8647,8637,0
981,981,0,8637,0,0,e1bf,001c,8599,8637,0
982,982,0,8637,0,0,e1fd,001c,8697,8637,0
983,983,0,8637,0,0,e0f7,001c,8439,8637,0
984,984,0,8637,0,0,e075,001c,8309,8637,0
985,985,0,8637,0,0,e028,001c,8232,8637,0
986,986,0,8637,0,0,1fb5,001c,8117,8637,0
987,987,0,8637,0,0,1f5d,001c,8029,8637,0
988,988,0,8637,0,0,1f11,001c,7953,8637,0
989,989,0,8637,0,0,1eb3,001c,7859,8637,0
990,990,0,8637,0,0,1e72,001c,7794,8637,0
991,991,0,8637,0,0,1e39,001c,7737,8637,0
992,992,0,8637,0,0,1e0a,001c,7690,8637,0
993,993,0,8637,0,0,1e17,001c,7703,8637,0
994,994,0,8637,0,0,1e26,001c,7718,8637,0
995,995,0,8637,0,0,1e1b,001c,7707,8637,0
996,996,0,8637,0,0,1e52,001c,7762,8637,0
997,997,0,8637,0,0,1e78,001c,7800,8637,0
998,998,0,8637,0,0,1ede,001c,7902,8637,0
999,999,0,8637,0,0,1f41,001c,8001,8637,0
1000,1000,0,8637,0,0,1fa1,001c,8097,8637,0
1001,1001,0,8637,0,0,1ff5,001c,8181,8637,0
1002,1002,0,8637,0,0,e075,001c,8309,8637,0
1003,1003,0,8637,0,0,e0dd,001c,8413,8637,0
1004,1004,0,8637,0,0,e149,001c,8521,8637,0
1005,1005,0,8637,0,0,e174,001c,8564,8637,0
1006,1006,0,8637,0,0,e199,001c,8601,8637,0
1007,1007,0,8637,0,0,e1e4,001c,8676,8637,0
1008,1008,0,8637,0,0,e1f1,001c,8689,8637,0
1009,1009,0,8637,0,0,e1e4,001c,8676,8637,0
1010,1010,0,8637,0,0,e1f0,001c,8688,8637,0
1011,1011,0,8637,0,0,e1fa,001c,8698,8637,0
1012,1012,0,8637,0,0,e19a,001c,8602,8637,0
1013,1013,0,8637,0,0,e1d8,001c,8664,8637,0
1014,1014,0,8637,0,0,e1fe,001c,8702,8637,0
1015,1015,0,8637,0,0,e0fe,001c,8446,8637,0
1016,1016,0,8637,0,0,e0fa,001c,8442,8637,0
1017,1017,0,8637,0,0,e05a,001c,11354,8637,0
1018,1018,0,8637,0,0,1fea,001c,8162,8637,0
1019,1019,0,8637,0,0,1f6a,001c,8042,8637,0
1020,1020,0,8637,0,0,1f29,001c,7977,8637,0
1021,1021,0,8637,0,0,1ebf,001c,7871,8637,0
1022,1022,0,8637,0,0,1e5f,001c,7775,8637,0
1023,1023,0,8637,0,0,1e33,001c,7731,8637,0
1024,1024,0,8637,0,0,1e14,001c,7700,8637,0
1025,1025,0,8637,0,0,1dfe,001c,7678,8637,0
1026,1026,0,8637,0,0,1e0e,001c,7694,8637,0
1027,1027,0,8637,0,0,1e1a,001c,7706,8637,0
1028,1028,0,8637,0,0,1e4d,001c,7757,8637,0
1029,1029,0,8637,0,0,1e96,001c,7830,8637,0
1030,1030,0,8637,0,0,1ed5,001c,7893,8637,0
1031,1031,0,8637,0,0,1f2b,001c,7979,8637,0
1032,1032,0,8637,0,0,1f83,001c,8067,8637,0
1033,1033,0,8637,0,0,1fc5,001c,8133,8637,0
1034,1034,0,8637,0,0,e03c,001c,8252,8637,0
1035,1035,0,8637,0,0,e0e5,001b,8421,8637,0
1036,1036,0,8637,0,0,e116,001b,8470,8637,0
1037,1037,0,8637,0,0,e179,001b,8569,8637,0
1038,1038,0,8637,0,0,e19d,001a,8605,8637,0
1039,1039,0,8637,0,0,e1b2,001a,8626,8637,0
1040,1040,0,8637,0,0,e1ed,0019,8685,8637,0
1041,1041,0,8637,0,0,e1fe,0018,8702,8637,0
1042,1042,0,8637,0,0,e1ee,0017,8686,8637,0
1043,1043,0,8637,0,0,e1cc,0017,8652,8637,0
1044,1044,0,8637,0,0,e17f,0016,8575,8637,0
1045,1045,0,8637,0,0,e136,0014,8502,8637,0
1046,1046,0,8637,0,0,e129,0012,8507,8637,0
1047,1047,0,8637,0,0,e197,0011,8351,8637,0
1048,1048,0,8637,0,0,e0bf,0010,8255,8637,0
1049,1049,0,8637,0,0,effe,000f,16382,8637,0
1050,1050,0,8637,0,0,1ffa,000d,8186,8637,0
1051,1051,0,8637,0,0,1f8f,000c,8079,8637,0
1052,1052,0,8637,0,0,1faf,000a,8079,8637,0
1053,1053,0,8637,0,0,1eeb,0008,7912,8637,0
1054,1054,0,8637,0,0,1e53,0007,7763,8637,0
1055,1055,0,8637,0,0,1e26,0005,7718,8637,0
1056,1056,0,8637,0,0,1e17,0003,7703,8637,0
1057,1057,0,8637,0,0,1dee,0001,7662,8637,0
1058,1058,0,8637,0,0,1df1,ffff,7665,8637,0
1059,1059,0,8637,0,0,1e13,fffd,7699,8637,0
1060,1060,0,8637,0,0,1e30,fffb,7728,8637,0
1061,1061,0,8637,0,0,1e77,fff8,7799,8637,0
1062,1062,0,8637,0,0,1ec3,fff6,7875,8637,0
1063,1063,0,8637,0,0,1f23,fff3,7971,8637,0
1064,1064,0,8637,0,0,1f67,ffee,8039,8637,0
1065,1065,0,8637,0,0,1fd9,ffeb,8153,8637,0
1066,1066,0,8637,0,0,e051,ffe8,8273,8637,0
1067,1067,0,8637,0,0,e0a5,ffe8,8357,8637,0
1068,1068,0,8637,0,0,e0df,ffe5,8415,8637,0
1069,1069,0,8637,0,0,e127,ffe2,8487,8637,0
1070,1070,0,8637,0,0,e196,ffdf,8598,8637,0
1071,1071,0,8637,0,0,e1c4,ffdc,8644,8637,0
1072,1072,0,8637,0,0,e1d2,ffd8,8658,8637,0
1073,1073,0,8637,0,0,e1ef,ffd5,8687,8637,0
1074,1074,0,8637,0,0,e1ec,ffce,8684,8637,0
1075,1075,0,8637,0,0,e1ab,ffca,8619,8637,0
1076,1076,0,8637,0,0,e182,ffc6,8578,8637,0
1077,1077,0,8637,0,0,e16f,ffc2,8559,8637,0
1078,1078,0,8637,0,0,e115,ffbe,8469,8637,0
1079,1079,0,8637,0,0,e094,ffb9,8340,8637,0
1080,1080,0,8637,0,0,e02e,ffb5,8238,8637,0
1081,1081,0,8637,0,0,1fd9,ffb1,8187,8637,0
1082,1082,0,8637,0,0,1f70,ffac,8049,8637,0
1083,1083,0,8637,0,0,1f34,ffa7,7988,8637,0
1084,1084,0,8637,0,0,1fdc,ffa2,8156,8637,0
1085,1085,0,8637,0,0,1efd,ff9d,7933,8637,0
1086,1086,0,8637,0,0,1e77,ff98,7799,8637,0
1087,1087,0,8637,0,0,1e1f,ff93,7711,8637,0
1088,1088,0,8637,0,0,1ffa,ff88,8186,8637,0
1089,1089,0,8637,0,0,1dfb,ff82,7674,8637,0
1090,1090,0,8637,0,0,1deb,ff7d,7659,8637,0
1091,1091,0,8637,0,0,1deb,ff77,7659,8637,0
1092,1092,0,8637,0,0,1e2f,ff71,7727,8637,0
1093,1093,0,8637,0,0,1e73,ff6a,7795,8637,0
1094,1094,0,8637,0,0,1ead,ff64,7853,8637,0
1095,1095,0,8637,0,0,1ef0,ff5d,7920,8637,0
1096,1096,0,8637,0,0,1f7b,ff57,8059,8637,0
1097,1097,0,8637,0,0,1fe3,ff50,8163,8637,0
1098,1098,0,8637,0,0,e015,ff49,8213,8637,0
1099,1099,0,8637,0,0,e0a0,ff42,8352,8637,0
1100,1100,0,8637,0,0,e0f8,ff3b,8440,8637,0
1101,1101,0,8637,0,0,e12b,ff33,8491,8637,0
1102,1102,0,8637,0,0,e16b,ff33,8555,8637,0
1103,1103,0,8637,0,0,e1b8,ff2c,8632,8637,0
1104,1104,0,8637,0,0,e1e3,ff24,8675,8637,0
1105,1105,0,8637,0,0,e1f7,ff1c,8695,8637,0
1106,1106,0,8637,0,0,e1dc,ff14,8668,8637,0
1107,1107,0,8637,0,0,e1c6,ff0c,8646,8637,0
1108,1108,0,8637,0,0,e18e,ff03,8590,8637,0
1109,1109,0,8637,0,0,e13f,fefb,8511,8637,0
1110,1110,0,8637,0,0,e112,fef2,8466,8637,0
1111,1111,0,8637,0,0,e0b1,fee9,8369,8637,0
1112,1112,0,8637,0,0,e031,fee0,8241,8637,0
1113,1113,0,8637,0,0,1fc7,fed7,8135,8637,0
1114,1114,0,8637,0,0,1f5c,fecd,8028,8637,0
1115,1115,0,8637,0,0,1f17,fec4,7959,8637,0
1116,1116,0,8637,0,0,1ece,feba,7886,8637,0
1117,1117,0,8637,0,0,1e54,feb0,7764,8637,0
1118,1118,0,8637,0,0,1e2d,fea6,7741,8637,0
1119,1119,0,8637,0,0,1e33,fe9c,7743,8637,0
1120,1120,0,8637,0,0,1ff3,fe91,8179,8637,0
1121,1121,0,8637,0,0,1df3,fe86,7667,8637,0
1122,1122,0,8637,0,0,1dfb,fe7c,7675,8637,0
1123,1123,0,8637,0,0,1ffb,fe71,8187,8637,0
1124,1124,0,8637,0,0,1e7f,fe65,7807,8637,0
1125,1125,0,8637,0,0,1e5f,fe5a,7775,8637,0
1126,1126,0,8637,0,0,1ee8,fe4e,7904,8637,0
1127,1127,0,8637,0,0,1ef8,fe43,7928,8637,0
1128,1128,0,8637,0,0,1f4a,fe37,8010,8637,0
1129,1129,0,8637,0,0,1fb5,fe2a,8117,8637,0
1130,1130,0,8637,0,0,e035,fe1e,8245,8637,0
1131,1131,0,8637,0,0,e084,fe12,8324,8637,0
1132,1132,0,8637,0,0,e0f9,fe05,8441,8637,0
1133,1133,0,8637,0,0,e150,fdf8,8528,8637,0
1134,1134,0,8637,0,0,e164,fdde,8548,8637,0
1135,1135,0,8637,0,0,e194,fdd0,8596,8637,0
1136,1136,0,8637,0,0,e1d4,fdc3,8660,8637,0
1137,1137,0,8637,0,0,e1ef,fda7,8687,8637,0
1138,1138,0,8637,0,0,e1eb,fda7,8683,8637,0
1139,1139,0,8637,0,0,e1b7,fd99,8631,8637,0
1140,1140,0,8637,0,0,e18f,fd8a,8591,8637,0
1141,1141,0,8637,0,0,e173,fd7c,8563,8637,0
1142,1142,0,8637,0,0,e107,fd6d,8455,8637,0
1143,1143,0,8637,0,0,e0a4,fd5e,8356,8637,0
1144,1144,0,8637,0,0,e055,fd4f,8277,8637,0
1145,1145,0,8637,0,0,1ff8,fd40,8184,8637,0
1146,1146,0,8637,0,0,1f8e,fd30,8078,8637,0
1147,1147,0,8637,0,0,1f34,fd21,7988,8637,0
1148,1148,0,8637,0,0,1ec5,fd11,7877,8637,0
1149,1149,0,8637,0,0,1e5f,fd01,7775,8637,0
1150,1150,0,8637,0,0,1e27,fcf1,7719,8637,0
1151,1151,0,8637,0,0,1e15,fce1,7701,8637,0
1152,1152,0,8637,0,0,1e03,fcd0,7683,8637,0
1153,1153,0,8637,0,0,1e05,fcc0,7685,8637,0
1154,1154,0,8637,0,0,1fe6,fcaf,7655,8637,0
1155,1155,0,8637,0,0,1fe6,fc9e,7974,8637,0
1156,1156,0,8637,0,0,1e7f,fc8d,7807,8637,0
1157,1157,0,8637,0,0,1edf,fc7b,7903,8637,0
1158,1158,0,8637,0,0,1ef6,fc6a,7926,8637,0
1159,1159,0,8637,0,0,1ffa,fc58,8186,8637,0
1160,1160,0,8637,0,0,1fde,fc47,8152,8637,0
1161,1161,0,8637,0,0,1fa6,fc35,8102,8637,0
1162,1162,0,8637,0,0,e019,fc23,8217,8637,0
1163,1163,0,8637,0,0,e08e,fc11,8334,8637,0
1164,1164,0,8637,0,0,e0ea,fbfe,8426,8637,0
1165,1165,0,8637,0,0,e130,fbec,8496,8637,0
1166,1166,0,8637,0,0,e1b8,fbda,8632,8637,0
1167,1167,0,8637,0,0,e1e3,fbc7,8675,8637,0
1168,1168,0,8637,0,0,e1ec,fbb4,8684,8637,0
1169,1169,0,8637,0,0,e1fc,fba1,8700,8637,0
1170,1170,0,8637,0,0,e1ec,fb8e,8684,8637,0
1171,1171,0,8637,0,0,e1dd,fb7b,8669,8637,0
1172,1172,0,8637,0,0,e189,fb68,8585,8637,0
1173,1173,0,8637,0,0,e148,fb55,8520,8637,0
1174,1174,0,8637,0,0,e12a,fb55,8490,8637,0
1175,1175,0,8637,0,0,e0c8,fb41,8392,8637,0
1176,1176,0,8637,0,0,e05d,fb2e,8285,8637,0
1177,1177,0,8637,0,0,1ffe,fb1a,8190,8637,0
1178,1178,0,8637,0,0,1f93,fb07,8083,8637,0
1179,1179,0,8637,0,0,1f37,faf3,7991,8637,0
1180,1180,0,8637,0,0,1ecb,fadf,7883,8637,0
1181,1181,0,8637,0,0,1e94,facc,7828,8637,0
1182,1182,0,8637,0,0,1e6a,fab8,7786,8637,0
1183,1183,0,8637,0,0,1e17,faa4,7703,8637,0
1184,1184,0,8637,0,0,1deb,fa90,7659,8637,0
1185,1185,0,8637,0,0,1e09,fa7c,7689,8637,0
1186,1186,0,8637,0,0,1e0d,fa68,7693,8637,0
1187,1187,0,8637,0,0,1e27,fa54,7719,8637,0
1188,1188,0,8637,0,0,1e2a,fa40,7722,8637,0
1189,1189,0,8637,0,0,1e8a,fa2c,7850,8637,0
1190,1190,0,8637,0,0,1edd,fa18,7903,8637,0
1191,1191,0,8637,0,0,1fff,fa04,7999,8637,0
1192,1192,0,8637,0,0,1fbf,f9f0,8127,8637,0
1193,1193,0,8637,0,0,1fa7,f9dc,16293,8637,0
1194,1194,0,8637,0,0,e06f,f9c8,8303,8637,0
1195,1195,0,8637,0,0,e0e5,f9b4,8421,8637,0
1196,1196,0,8637,0,0,e1c5,f9a1,8644,8637,0
1197,1197,0,8637,0,0,e16d,f98d,8549,8637,0
1198,1198,0,8637,0,0,e17b,f979,8571,8637,0
1199,1199,0,8637,0,0,e1af,f965,8623,8637,0
1200,1200,0,8637,0,0,e1d0,f952,8656,8637,0
1201,1201,0,8637,0,0,e1da,f93f,8666,8637,0
1202,1202,0,8637,0,0,e1f9,f92b,8697,8637,0
1203,1203,0,8637,0,0,e1dc,f918,8668,8637,0
1204,1204,0,8637,0,0,e192,f905,8594,8637,0
1205,1205,0,8637,0,0,e160,f8f2,8544,8637,0
1206,1206,0,8637,0,0,e11a,f8df,8474,8637,0
1207,1207,0,8637,0,0,e0e0,f8cd,8416,8637,0
1208,1208,0,8637,0,0,e06a,f8ba,8298,8637,0
1209,1209,0,8637,0,0,1fe9,f8a8,8169,8637,0
1210,1210,0,8637,0,0,1f83,f8a8,8067,8637,0
1211,1211,0,8637,0,0,1f37,f896,7991,8637,0
1212,1212,0,8637,0,0,1ef3,f884,7923,8637,0
1213,1213,0,8637,0,0,1e88,f872,7816,8637,0
1214,1214,0,8637,0,0,1e32,f860,7730,8637,0
1215,1215,0,8637,0,0,1e04,f84f,7684,8637,0
1216,1216,0,8637,0,0,1dfd,f83e,7677,8637,0
1217,1217,0,8637,0,0,1e03,f82d,7683,8637,0
1218,1218,0,8637,0,0,1e04,f81d,7684,8637,0
1219,1219,0,8637,0,0,1e27,f7fd,7719,8637,0
1220,1220,0,8637,0,0,1e6a,f7ed,7786,8637,0
1221,1221,0,8637,0,0,1e90,f7de,7824,8637,0
1222,1222,0,8637,0,0,1ee1,f7cf,7905,8637,0
1223,1223,0,8637,0,0,1f3e,f7c0,7998,8637,0
1224,1224,0,8637,0,0,1fc7,f7b2,8135,8637,0
1225,1225,0,8637,0,0,e312,f7a4,8727,8637,0
1226,1226,0,8637,0,0,e097,f796,8343,8637,0
1227,1227,0,8637,0,0,e0d7,f789,8407,8637,0
1228,1228,0,8637,0,0,e1f3,f77c,8691,8637,0
1229,1229,0,8637,0,0,e17f,f770,8575,8637,0
1230,1230,0,8637,0,0,e1ff,f764,8703,8637,0
1231,1231,0,8637,0,0,e1fe,f758,8702,8637,0
1232,1232,0,8637,0,0,e1df,f74d,8670,8637,0
1233,1233,0,8637,0,0,e1ff,f742,8703,8637,0
1234,1234,0,8637,0,0,e1ef,f738,8687,8637,0
1235,1235,0,8637,0,0,e1c8,f72f,8648,8637,0
1236,1236,0,8637,0,0,e1c9,f726,8649,8637,0
1237,1237,0,8637,0,0,e178,f71d,8568,8637,0
1238,1238,0,8637,0,0,e133,f715,8499,8637,0
1239,1239,0,8637,0,0,e0da,f70d,8410,8637,0
1240,1240,0,8637,0,0,e083,f707,8323,8637,0
1241,1241,0,8637,0,0,e030,f700,8240,8637,0
1242,1242,0,8637,0,0,1fb7,f6fa,8119,8637,0
1243,1243,0,8637,0,0,1f54,f6f5,8020,8637,0
1244,1244,0,8637,0,0,1ef9,f6f1,7929,8637,0
1245,1245,0,8637,0,0,1ea1,f6fd,7841,8637,0
1246,1246,0,8637,0,0,1e65,f6ed,7781,8637,0
1247,1247,0,8637,0,0,1e3d,f6ea,7741,8637,0
1248,1248,0,8637,0,0,1e03,f6e7,7683,8637,0
1249,1249,0,8637,0,0,1e08,f6e4,7688,8637,0
1250,1250,0,8637,0,0,1e1c,f6e4,7708,8637,0
1251,1251,0,8637,0,0,1e19,f6e4,7705,8637,0
1252,1252,0,8637,0,0,1e4d,f6e5,7757,8637,0
1253,1253,0,8637,0,0,1e90,f6e7,7824,8637,0
1254,1254,0,8637,0,0,1ee6,f6e9,7910,8637,0
1255,1255,0,8637,0,0,1f47,f6ed,8007,8637,0
1256,1256,0,8637,0,0,1fb8,f6f1,8120,8637,0
1257,1257,0,8637,0,0,e013,f6f6,8211,8637,0
1258,1258,0,8637,0,0,e057,f6fb,8279,8637,0
1259,1259,0,8637,0,0,e0ca,f702,8394,8637,0
1260,1260,0,8637,0,0,e131,f70a,8497,8637,0
1261,1261,0,8637,0,0,e1bf,f712,8639,8637,0
1262,1262,0,8637,0,0,e1b5,f71b,8639,8637,0
1263,1263,0,8637,0,0,e1f7,f726,8695,8637,0
1264,1264,0,8637,0,0,e1d3,f731,8659,8637,0
1265,1265,0,8637,0,0,e1fb,f73d,8699,8637,0
1266,1266,0,8637,0,0,e1f9,f74a,8697,8637,0
1267,1267,0,8637,0,0,e1ff,f758,8703,8637,0
1268,1268,0,8637,0,0,e1af,f777,8623,8637,0
1269,1269,0,8637,0,0,e184,f788,8580,8637,0
1270,1270,0,8637,0,0,e126,f79a,8486,8637,0
1271,1271,0,8637,0,0,e0ca,f7ad,8394,8637,0
1272,1272,0,8637,0,0,e084,f7c1,8324,8637,0
1273,1273,0,8637,0,0,e017,f7d7,8215,8637,0
1274,1274,0,8637,0,0,1fb9,f7ed,8121,8637,0
1275,1275,0,8637,0,0,1f6b,f805,8043,8637,0
1276,1276,0,8637,0,0,1ee2,f81d,7906,8637,0
1277,1277,0,8637,0,0,1e9a,f837,7834,8637,0
1278,1278,0,8637,0,0,1e5c,f852,7772,8637,0
1279,1279,0,8637,0,0,1e21,f86e,7713,8637,0
1280,1280,0,8637,0,0,1e0c,f88b,7692,8637,0
1281,1281,0,8637,0,0,1ded,f8aa,7661,8637,0
1282,1282,0,8637,0,0,1dfe,f8aa,7678,8637,0
1283,1283,0,8637,0,0,1e0f,f8c9,7695,8637,0
1284,1284,0,8637,0,0,1e20,f8ea,7712,8637,0
1285,1285,0,8637,0,0,1e55,f90d,7765,8637,0
1286,1286,0,8637,0,0,1ed3,f930,7891,8637,0
1287,1287,0,8637,0,0,1f1c,f955,7964,8637,0
1288,1288,0,8637,0,0,1f7f,f97b,8063,8637,0
1289,1289,0,8637,0,0,1fec,f9a2,8172,8637,0
1290,1290,0,8637,0,0,e05e,f9ca,8286,8637,0
1291,1291,0,8637,0,0,e0b7,f9f4,8375,8637,0
1292,1292,0,8637,0,0,e118,fa20,8472,8637,0
1293,1293,0,8637,0,0,e163,fa4c,8547,8637,0
1294,1294,0,8637,0,0,e1be,fa7a,8638,8637,0
1295,1295,0,8637,0,0,e1d9,faa9,8665,8637,0
1296,1296,0,8637,0,0,e1ec,fada,8684,8637,0
1297,1297,0,8637,0,0,e1ec,fb0c,8684,8637,0
1298,1298,0,8637,0,0,e1f3,fb40,8703,8637,0
1299,1299,0,8637,0,0,e1f3,fbab,8691,8637,0
1300,1300,0,8637,0,0,e173,fbe3,8563,8637,0
1301,1301,0,8637,0,0,e1d7,fc1c,8663,8637,0
1302,1302,0,8637,0,0,e0f6,fc57,8438,8637,0
1303,1303,0,8637,0,0,e0ff,fc93,8446,8637,0
1304,1304,0,8637,0,0,e08f,fcd1,8335,8637,0
1305,1305,0,8637,0,0,e03c,fd10,8252,8637,0
1306,1306,0,8637,0,0,1fbf,fd51,8127,8637,0
1307,1307,0,8637,0,0,1f37,fd93,7991,8637,0
1308,1308,0,8637,0,0,1f08,fdd7,7944,8637,0
1309,1309,0,8637,0,0,1e95,fe1c,7829,8637,0
1310,1310,0,8637,0,0,1e56,fe63,7766,8637,0
1311,1311,0,8637,0,0,1df9,feab,7673,8637,0
1312,1312,0,8637,0,0,1ddf,fef5,7647,8637,0
1313,1313,0,8637,0,0,1e02,ff41,7682,8637,0
1314,1314,0,8637,0,0,1dce,ff8e,7630,8637,0
1315,1315,0,8637,0,0,1dc5,ffdc,7621,8637,0
1316,1316,0,8637,0,0,1e42,002d,7746,8637,0
1317,1317,0,8637,0,0,1e7f,002d,7807,8637,0
1318,1318,0,8637,0,0,1eb1,007e,7857,8637,0
1319,1319,0,8637,0,0,1ef5,0127,7925,8637,0
1320,1320,0,8637,0,0,1f71,017e,8049,8637,0
1321,1321,0,8637,0,0,1ff5,01d6,8181,8637,0
1322,1322,0,8637,0,0,e042,0230,8258,8637,0
1323,1323,0,8637,0,0,e098,028c,8344,8637,0
1324,1324,0,8637,0,0,e0fa,02e9,8442,8637,0
1325,1325,0,8637,0,0,e14a,0348,8522,8637,0
1326,1326,0,8637,0,0,e18d,03a8,8589,8637,0
1327,1327,0,8637,0,0,e1cc,040a,8652,8637,0
1328,1328,0,8637,0,0,e1df,046e,8671,8637,0
1329,1329,0,8637,0,0,e1f0,04d4,8688,8637,0
1330,1330,0,8637,0,0,e1ca,05a3,8650,8637,0
1331,1331,0,8637,0,0,e1b1,060e,8625,8637,0
1332,1332,0,8637,0,0,e175,067a,8565,8637,0
1333,1333,0,8637,0,0,e138,06e8,8509,8637,0
1334,1334,0,8637,0,0,e1f5,07c8,8701,8637,0
1335,1335,0,8637,0,0,e0f5,083b,8373,8637,0
1336,1336,0,8637,0,0,e0b7,08af,8375,8637,0
1337,1337,0,8637,0,0,ec36,0926,12214,8637,0
1338,1338,0,8637,0,0,1fce,099d,8142,8637,0
1339,1339,0,8637,0,0,1f6d,0a17,8045,8637,0
1340,1340,0,8637,0,0,1f0e,0a92,8070,8637,0
1341,1341,0,8637,0,0,1ead,0b0e,7853,8637,0
1342,1342,0,8637,0,0,1e73,0b8d,7795,8637,0
1343,1343,0,8637,0,0,1e35,0c0d,7733,8637,0
1344,1344,0,8637,0,0,1e01,0c8f,7681,8637,0
1345,1345,0,8637,0,0,1dee,0d12,7662,8637,0
1346,1346,0,8637,0,0,1dfb,0d97,7675,8637,0
1347,1347,0,8637,0,0,1e22,0e1d,7714,8637,0
1348,1348,0,8637,0,0,1e39,0ea5,7737,8637,0
1349,1349,0,8637,0,0,1e7c,0f2f,7804,8637,0
1350,1350,0,8637,0,0,1ecf,0fbb,7887,8637,0
1351,1351,0,8637,0,0,1f1f,1048,7967,8637,0
1352,1352,0,8637,0,0,1f97,10d6,8087,8637,0
1353,1353,0,8637,0,0,1ffc,10d6,8188,8637,0
1354,1354,0,8637,0,0,e057,1166,8279,8637,0
1355,1355,0,8637,0,0,e0b9,11f8,8377,8637,0
1356,1356,0,8637,0,0,e0fd,128b,8445,8637,0
1357,1357,0,8637,0,0,e150,1320,8528,8637,0
1358,1358,0,8637,0,0,e19d,13b7,8605,8637,0
1359,1359,0,8637,0,0,e1d7,144f,8663,8637,0
1360,1360,0,8637,0,0,e201,14e8,8705,8637,0
1361,1361,0,8637,0,0,e206,1583,8710,8637,0
1362,1362,0,8637,0,0,e1dd,1620,8669,8637,0
1363,1363,0,8637,0,0,e1d2,16be,8658,8637,0
1364,1364,0,8637,0,0,e181,17fe,8577,8637,0
1365,1365,0,8637,0,0,e152,18a1,8530,8637,0
1366,1366,0,8637,0,0,e112,1945,8466,8637,0
1367,1367,0,8637,0,0,e0bb,19ea,8379,8637,0
1368,1368,0,8637,0,0,e050,1a91,8306,8637,0
1369,1369,0,8637,0,0,5ff2,1b39,8146,8637,0
1370,1370,0,8637,0,0,1fea,1be2,8042,8637,0
1371,1371,0,8637,0,0,1f6f,1c8d,8047,8637,0
1372,1372,0,8637,0,0,1fc7,1d3a,8135,8637,0
1373,1373,0,8637,0,0,1efb,1de7,7931,8637,0
1374,1374,0,8637,0,0,1e7e,1e96,7806,8637,0
1375,1375,0,8637,0,0,1e37,1f46,7732,8637,0
1376,1376,0,8637,0,0,1e17,1ff8,7703,8637,0
1377,1377,0,8637,0,0,1e32,20aa,7730,8637,0
1378,1378,0,8637,0,0,1e03,215e,7683,8637,0
1379,1379,0,8637,0,0,1e08,2213,7688,8637,0
1380,1380,0,8637,0,0,1e42,22ca,7746,8637,0
1381,1381,0,8637,0,0,1e80,2381,7808,8637,0
1382,1382,0,8637,0,0,1ed2,243a,7890,8637,0
1383,1383,0,8637,0,0,1f56,24f4,8022,8637,0
1384,1384,0,8637,0,0,1f99,25af,8089,8637,0
1385,1385,0,8637,0,0,1fd8,266b,8152,8637,0
1386,1386,0,8637,0,0,e034,2728,8244,8637,0
1387,1387,0,8637,0,0,e0b9,27e6,8377,8637,0
1388,1388,0,8637,0,0,e113,28a6,8467,8637,0
1389,1389,0,8637,0,0,e172,28a6,8562,8637,0
1390,1390,0,8637,0,0,e1ab,2966,8619,8637,0
1391,1391,0,8637,0,0,e1d2,2a27,8658,8637,0
1392,1392,0,8637,0,0,e1ce,2ae9,8654,8637,0
1393,1393,0,8637,0,0,e1f6,2bac,8694,8637,0
1394,1394,0,8637,0,0,e209,2c70,8713,8637,0
1395,1395,0,8637,0,0,e1d4,2d35,8660,8637,0
1396,1396,0,8637,0,0,e193,2dfb,8595,8637,0
1397,1397,0,8637,0,0,e165,2ec2,8549,8637,0
1398,1398,0,8637,0,0,e107,2f89,8455,8637,0
1399,1399,0,8637,0,0,e0c2,3051,8386,8637,0
1400,1400,0,8637,0,0,e03a,311a,8250,8637,0
1401,1401,0,8637,0,0,1fe6,31e4,8166,8637,0
1402,1402,0,8637,0,0,1f92,32ae,8082,8637,0
1403,1403,0,8637,0,0,1f29,3379,7977,8637,0
1404,1404,0,8637,0,0,1ea4,3444,7845,8637,0
1405,1405,0,8637,0,0,1e7d,3511,7805,8637,0
1406,1406,0,8637,0,0,1e3d,35dd,7741,8637,0
1407,1407,0,8637,0,0,1e2e,36ab,7726,8637,0
1408,1408,0,8637,0,0,1e0e,3779,7694,8637,0
1409,1409,0,8637,0,0,1e0f,3847,7695,8637,0
1410,1410,0,8637,0,0,1e0f,39e5,7695,8637,0
1411,1411,0,8637,0,0,1e1b,3ab4,7707,8637,0
1412,1412,0,8637,0,0,1e5b,3b84,7771,8637,0
1413,1413,0,8637,0,0,1e54,3c54,7764,8637,0
1414,1414,0,8637,0,0,1ebd,3d25,7869,8637,0
1415,1415,0,8637,0,0,1f12,3df6,7954,8637,0
1416,1416,0,8637,0,0,1f5d,3ec7,8029,8637,0
1417,1417,0,8637,0,0,1fc7,3f98,8135,8637,0
1418,1418,0,8637,0,0,e019,4069,8217,8637,0
1419,1419,0,8637,0,0,e080,413b,8320,8637,0
1420,1420,0,8637,0,0,e0e1,420c,8417,8637,0
1421,1421,0,8637,0,0,e142,42de,8514,8637,0
1422,1422,0,8637,0,0,e18c,43b0,8588,8637,0
1423,1423,0,8637,0,0,e1a8,4481,8616,8637,0
1424,1424,0,8637,0,0,e1b8,4581,8632,8637,0
1425,1425,0,8637,0,0,e1ee,4553,8686,8637,0
1426,1426,0,8637,0,0,e1f7,4624,8695,8637,0
1427,1427,0,8637,0,0,e1b0,46f6,8624,8637,0
1428,1428,0,8637,0,0,e193,47c7,8595,8637,0
1429,1429,0,8637,0,0,e16a,4898,8554,8637,0
1430,1430,0,8637,0,0,e108,4969,8456,8637,0
1431,1431,0,8637,0,0,e0a9,4a3a,8361,8637,0
1432,1432,0,8637,0,0,e044,4b0a,8260,8637,0
1433,1433,0,8637,0,0,1fee,4bda,8174,8637,0
1434,1434,0,8637,0,0,1f62,4ca9,8034,8637,0
1435,1435,0,8637,0,0,1f21,4d79,7969,8637,0
1436,1436,0,8637,0,0,1ec9,4e47,7881,8637,0
1437,1437,0,8637,0,0,1e59,4f16,7769,8637,0
1438,1438,0,8637,0,0,1e30,4fe4,7728,8637,0
1439,1439,0,8637,0,0,1df2,50b1,7666,8637,0
1440,1440,0,8637,0,0,1dec,517d,7678,8637,0
1441,1441,0,8637,0,0,1fad,5249,7981,8637,0
1442,1442,0,8637,0,0,1ffd,5315,8189,8637,0
1443,1443,0,8637,0,0,1ff6,53e0,8182,8637,0
1444,1444,0,8637,0,0,1e72,54aa,7794,8637,0
1445,1445,0,8637,0,0,1ed8,5573,7896,8637,0
1446,1446,0,8637,0,0,1efd,563b,7900,8637,0
1447,1447,0,8637,0,0,1eed,5703,7917,8637,0
1448,1448,0,8637,0,0,1f52,57c9,8146,8637,0
1449,1449,0,8637,0,0,1fb3,588f,8115,8637,0
1450,1450,0,8637,0,0,e025,5954,8229,8637,0
1451,1451,0,8637,0,0,e074,5a18,8308,8637,0
1452,1452,0,8637,0,0,e0d3,5adb,8403,8637,0
1453,1453,0,8637,0,0,e11e,5b9d,8478,8637,0
1454,1454,0,8637,0,0,e152,5c5d,8530,8637,0
1455,1455,0,8637,0,0,e1a5,5d1d,8613,8637,0
1456,1456,0,8637,0,0,e1d9,5ddb,8665,8637,0
1457,1457,0,8637,0,0,e1fa,5e99,8698,8637,0
1458,1458,0,8637,0,0,e1f1,5f55,8689,8637,0
1459,1459,0,8637,0,0,e1c0,600f,8640,8637,0
1460,1460,0,8637,0,0,e177,60cb,8567,8637,0
1461,1461,0,8637,0,0,e152,60c9,8530,8637,0
1462,1462,0,8637,0,0,e121,6237,8481,8637,0
1463,1463,0,8637,0,0,e0de,62ed,8414,8637,0
1464,1464,0,8637,0,0,e07d,63a0,8317,8637,0
1465,1465,0,8637,0,0,1fe5,6453,8165,8637,0
1466,1466,0,8637,0,0,1f93,6504,8083,8637,0
1467,1467,0,8637,0,0,1f3d,65b3,7997,8637,0
1468,1468,0,8637,0,0,1ecb,6661,7883,8637,0
1469,1469,0,8637,0,0,1e95,670d,7829,8637,0
1470,1470,0,8637,0,0,1e4a,67b7,7754,8637,0
1471,1471,0,8637,0,0,1e1c,6860,7708,8637,0
1472,1472,0,8637,0,0,1e05,6907,7685,8637,0
1473,1473,0,8637,0,0,1df4,69ac,7668,8637,0
1474,1474,0,8637,0,0,1e0f,6a50,7695,8637,0
1475,1475,0,8637,0,0,1e2e,6af1,7726,8637,0
1476,1476,0,8637,0,0,1e74,6b91,7798,8637,0
1477,1477,0,8637,0,0,1eb5,6c2f,7861,8637,0
1478,1478,0,8637,0,0,1eed,6ccb,7917,8637,0
1479,1479,0,8637,0,0,1fef,6d65,8175,8637,0
1480,1480,0,8637,0,0,1fef,6dfd,8175,8637,0
1481,1481,0,8637,0,0,1fcd,6e93,8141,8637,0
1482,1482,0,8637,0,0,e0b2,6f27,8370,8637,0
1483,1483,0,8637,0,0,e0de,6fb9,8400,8637,0
1484,1484,0,8637,0,0,e0fe,7049,8446,8637,0
1485,1485,0,8637,0,0,e145,70d7,8517,8637,0
1486,1486,0,8637,0,0,e197,7162,8599,8637,0
1487,1487,0,8637,0,0,e1cb,71ec,8651,8637,0
1488,1488,0,8637,0,0,e213,7273,8723,8637,0
1489,1489,0,8637,0,0,e209,72f8,8713,8637,0
1490,1490,0,8637,0,0,e1fa,737b,8698,8637,0
1491,1491,0,8637,0,0,e1ed,73fb,8685,8637,0
1492,1492,0,8637,0,0,e1c8,7479,8648,8637,0
1493,1493,0,8637,0,0,e163,756f,8547,8637,0
1494,1494,0,8637,0,0,e11c,75e6,8476,8637,0
1495,1495,0,8637,0,0,e0cb,765a,8395,8637,0
1496,1496,0,8637,0,0,e08f,765a,8335,8637,0
1497,1497,0,8637,0,0,e025,76cc,8229,8637,0
1498,1498,0,8637,0,0,1f8e,773c,8078,8637,0
1499,1499,0,8637,0,0,1f30,77a9,7984,8637,0
1500,1500,0,8637,0,0,1ef2,7814,7922,8637,0
1501,1501,0,8637,0,0,1e9a,787c,7834,8637,0
1502,1502,0,8637,0,0,1e70,78e2,7792,8637,0
1503,1503,0,8637,0,0,1e4a,7945,7754,8637,0
1504,1504,0,8637,0,0,1e16,79a5,7702,8637,0
1505,1505,0,8637,0,0,1e13,7a03,7699,8637,0
1506,1506,0,8637,0,0,1e20,7a5e,7712,8637,0
1507,1507,0,8637,0,0,1e37,7ab7,7735,8637,0
1508,1508,0,8637,0,0,1e6b,7b0d,7787,8637,0
1509,1509,0,8637,0,0,1eae,7b60,7854,8637,0
1510,1510,0,8637,0,0,1f01,7bb1,7937,8637,0
1511,1511,0,8637,0,0,1f61,7bfe,8033,8637,0
1512,1512,0,8637,0,0,1fed,7c49,8173,8637,0
1513,1513,0,8637,0,0,fffd,7cd7,16301,8637,0
1514,1514,0,8637,0,0,e0b9,7d1a,8377,8637,0
1515,1515,0,8637,0,0,e0df,7d5a,8415,8637,0
1516,1516,0,8637,0,0,e1df,7d97,8671,8637,0
1517,1517,0,8637,0,0,e1eb,7dd1,8683,8637,0
1518,1518,0,8637,0,0,e1fa,7e09,8682,8637,0
1519,1519,0,8637,0,0,e1da,7e3d,8666,8637,0
1520,1520,0,8637,0,0,e1ed,7e6f,8685,8637,0
1521,1521,0,8637,0,0,e1f4,7e9e,8692,8637,0
1522,1522,0,8637,0,0,e200,7eca,8704,8637,0
1523,1523,0,8637,0,0,e1f3,7ef3,8691,8637,0
1524,1524,0,8637,0,0,e1af,7f19,8623,8637,0
1525,1525,0,8637,0,0,e18d,7f3c,8589,8637,0
1526,1526,0,8637,0,0,e15d,7f5d,8541,8637,0
1527,1527,0,8637,0,0,e0e5,7f7a,8421,8637,0
1528,1528,0,8637,0,0,e080,7f95,8320,8637,0
1529,1529,0,8637,0,0,e03a,7fac,8250,8637,0
1530,1530,0,8637,0,0,1fc2,7fc1,8130,8637,0
1531,1531,0,8637,0,0,1f3e,7fd3,7998,8637,0
1532,1532,0,8637,0,0,1ed8,7ff3,7896,8637,0
1533,1533,0,8637,0,0,1ea7,7fe1,7847,8637,0
1534,1534,0,8637,0,0,1e77,7fed,7799,8637,0
1535,1535,0,8637,0,0,1e35,7ff6,7733,8637,0
1536,1536,0,8637,0,0,1e22,7ffc,7714,8637,0
1537,1537,0,8637,0,0,1dfd,7fff,7677,8637,0
1538,1538,0,8637,0,0,1e05,7fff,7685,8637,0
1539,1539,0,8637,0,0,1e18,7ffc,7704,8637,0
1540,1540,0,8637,0,0,1e41,7ff6,7745,8637,0
1541,1541,0,8637,0,0,1e8e,7fed,7822,8637,0
1542,1542,0,8637,0,0,1ef6,7fe1,7926,8637,0
1543,1543,0,8637,0,0,1f46,7fd3,8006,8637,0
1544,1544,0,8637,0,0,1fb3,7fc1,8115,8637,0
1545,1545,0,8637,0,0,e002,7fac,8194,8637,0
1546,1546,0,8637,0,0,e053,7f95,8275,8637,0
1547,1547,0,8637,0,0,e0af,7f7a,8383,8637,0
1548,1548,0,8637,0,0,e139,7f5d,8511,8637,0
1549,1549,0,8637,0,0,e171,7f3c,8569,8637,0
1550,1550,0,8637,0,0,e1f7,7f19,8695,8637,0
1551,1551,0,8637,0,0,e1ff,7ef3,8703,8637,0
1552,1552,0,8637,0,0,e1fa,7eca,8698,8637,0
1553,1553,0,8637,0,0,e1eb,7e9e,8683,8637,0
1554,1554,0,8637,0,0,e1ed,7e6f,8685,8637,0
1555,1555,0,8637,0,0,e1ce,7e3d,8652,8637,0
1556,1556,0,8637,0,0,e1c2,7e09,8642,8637,0
1557,1557,0,8637,0,0,e16e,7d97,8558,8637,0
1558,1558,0,8637,0,0,e125,7d5a,8485,8637,0
1559,1559,0,8637,0,0,e0d5,7d1a,8405,8637,0
1560,1560,0,8637,0,0,e070,7cd7,8304,8637,0
1561,1561,0,8637,0,0,e001,7c49,8193,8637,0
1562,1562,0,8637,0,0,1f99,7bfe,8089,8637,0
1563,1563,0,8637,0,0,1f2e,7bb1,7982,8637,0
1564,1564,0,8637,0,0,1ecd,7b60,7885,8637,0
1565,1565,0,8637,0,0,1e77,7b0d,7799,8637,0
1566,1566,0,8637,0,0,1e61,7ab7,7777,8637,0
1567,1567,0,8637,0,0,1e45,7a9f,7749,8637,0
1568,1568,0,8637,0,0,1e1b,7a5e,7707,8637,0
1569,1569,0,8637,0,0,1dd7,7a03,7639,8637,0
1570,1570,0,8637,0,0,1dea,79a5,7658,8637,0
1571,1571,0,8637,0,0,1dfc,7945,7676,8637,0
1572,1572,0,8637,0,0,1e31,78e2,7729,8637,0
1573,1573,0,8637,0,0,1e7f,787c,7807,8637,0
1574,1574,0,8637,0,0,1e97,7814,7831,8637,0
1575,1575,0,8637,0,0,1f0f,77a9,7951,8637,0
1576,1576,0,8637,0,0,1f61,773c,8033,8637,0
1577,1577,0,8637,0,0,1fd1,76cc,8145,8637,0
1578,1578,0,8637,0,0,e05e,765a,8286,8637,0
1579,1579,0,8637,0,0,e09f,75e6,8351,8637,0
1580,1580,0,8637,0,0,e0f3,756f,8435,8637,0
1581,1581,0,8637,0,0,e14d,74f5,8525,8637,0
1582,1582,0,8637,0,0,e17d,7479,8573,8637,0
1583,1583,0,8637,0,0,e1e6,73fb,8695,8637,0
1584,1584,0,8637,0,0,e1e5,737b,8679,8637,0
1585,1585,0,8637,0,0,e1e1,72f8,8677,8637,0
1586,1586,0,8637,0,0,e1e1,7273,8673,8637,0
1587,1587,0,8637,0,0,e1ae,71ec,8622,8637,0
1588,1588,0,8637,0,0,e1fe,70d7,8702,8637,0
1589,1589,0,8637,0,0,e17a,7049,8570,8637,0
1590,1590,0,8637,0,0,e18e,6fb9,8586,8637,0
1591,1591,0,8637,0,0,e0b6,6f27,8374,8637,0
1592,1592,0,8637,0,0,e08b,6e93,8331,8637,0
1593,1593,0,8637,0,0,e01b,6dfd,8219,8637,0
1594,1594,0,8637,0,0,1fa9,6d65,8105,8637,0
1595,1595,0,8637,0,0,1f48,6ccb,8008,8637,0
1596,1596,0,8637,0,0,1ef9,6c2f,7929,8637,0
1597,1597,0,8637,0,0,1e9d,6b91,7837,8637,0
1598,1598,0,8637,0,0,1e49,6af1,7753,8637,0
1599,1599,0,8637,0,0,1e24,6a50,7716,8637,0
1600,1600,0,8637,0,0,1dfb,69ac,7675,8637,0
1601,1601,0,8637,0,0,1dcd,6907,7629,8637,0
1602,1602,0,8637,0,0,1dc4,6860,7620,8637,0
1603,1603,0,8637,0,0,1e0b,67b7,7691,8637,0
1604,1604,0,8637,0,0,1e56,67b7,7766,8637,0
1605,1605,0,8637,0,0,1e8d,670d,7821,8637,0
1606,1606,0,8637,0,0,1ed1,6661,7889,8637,0
1607,1607,0,8637,0,0,1f38,65b3,7992,8637,0
1608,1608,0,8637,0,0,1f97,6504,8087,8637,0
1609,1609,0,8637,0,0,1fcf,6453,8143,8637,0
1610,1610,0,8637,0,0,e073,63a0,8307,8637,0
1611,1611,0,8637,0,0,e0a1,62ed,8353,8637,0
1612,1612,0,8637,0,0,e117,6237,8471,8637,0
1613,1613,0,8637,0,0,e15a,6181,8538,8637,0
1614,1614,0,8637,0,0,e1a2,60c9,8610,8637,0
1615,1615,0,8637,0,0,e1f4,600f,8692,8637,0
1616,1616,0,8637,0,0,e1f4,5f55,8692,8637,0
1617,1617,0,8637,0,0,e1fa,5e99,8698,8637,0
1618,1618,0,8637,0,0,e22b,5ddb,8747,8637,0
1619,1619,0,8637,0,0,e233,5d1d,8755,8637,0
1620,1620,0,8637,0,0,e396,5c5d,9111,8637,0
1621,1621,0,8637,0,0,e1fe,5b9d,8702,8637,0
1622,1622,0,8637,0,0,e178,5adb,8568,8637,0
1623,1623,0,8637,0,0,e1c8,5a18,8648,8637,0
1624,1624,0,8637,0,0,e0ee,5954,8430,8637,0
1625,1625,0,8637,0,0,ed6f,588f,12270,8637,0
1626,1626,0,8637,0,0,1fef,57c9,8175,8637,0
1627,1627,0,8637,0,0,1f97,5703,8151,8637,0
1628,1628,0,8637,0,0,1f5a,563b,8026,8637,0
1629,1629,0,8637,0,0,1ec9,5573,7881,8637,0
1630,1630,0,8637,0,0,1e9a,54aa,7834,8637,0
1631,1631,0,8637,0,0,1e64,53e0,7780,8637,0
1632,1632,0,8637,0,0,1e3b,5315,7739,8637,0
1633,1633,0,8637,0,0,1e3f,5249,7743,8637,0
1634,1634,0,8637,0,0,1e32,517d,7730,8637,0
1635,1635,0,8637,0,0,1e2d,4fe4,7725,8637,0
1636,1636,0,8637,0,0,1e74,4f16,7796,8637,0
1637,1637,0,8637,0,0,1ead,4e47,7853,8637,0
1638,1638,0,8637,0,0,1f19,4d79,7961,8637,0
1639,1639,0,8637,0,0,1f69,4c79,8041,8637,0
1640,1640,0,8637,0,0,1fbe,4ca9,8126,8637,0
1641,1641,0,8637,0,0,e02e,4bda,8238,8637,0
1642,1642,0,8637,0,0,e08f,4b0a,8335,8637,0
1643,1643,0,8637,0,0,e0df,4a3a,8415,8637,0
1644,1644,0,8637,0,0,e149,4969,8521,8637,0
1645,1645,0,8637,0,0,e1ae,4898,8622,8637,0
1646,1646,0,8637,0,0,e1da,47c7,8666,8637,0
1647,1647,0,8637,0,0,e1ee,46f6,8686,8637,0
1648,1648,0,8637,0,0,e21b,4624,8731,8637,0
1649,1649,0,8637,0,0,e219,4553,8729,8637,0
1650,1650,0,8637,0,0,e20a,4481,8714,8637,0
1651,1651,0,8637,0,0,e1f5,43b0,8693,8637,0
1652,1652,0,8637,0,0,e1c3,42de,8643,8637,0
1653,1653,0,8637,0,0,e1a6,420c,8614,8637,0
1654,1654,0,8637,0,0,e144,413b,8548,8637,0
1655,1655,0,8637,0,0,e1cf,4069,8399,8637,0
1656,1656,0,8637,0,0,e0fb,3f98,8319,8637,0
1657,1657,0,8637,0,0,e078,3ec7,8248,8637,0
1658,1658,0,8637,0,0,ef2b,3df6,12075,8637,0
1659,1659,0,8637,0,0,1fbf,3d25,8127,8637,0
1660,1660,0,8637,0,0,1fff,3c54,8191,8637,0
1661,1661,0,8637,0,0,1ef3,3b84,7923,8637,0
1662,1662,0,8637,0,0,1ed1,3ab4,7889,8637,0
1663,1663,0,8637,0,0,1e51,39e5,7761,8637,0
1664,1664,0,8637,0,0,1e46,3916,7750,8637,0
1665,1665,0,8637,0,0,1e26,3847,7718,8637,0
1666,1666,0,8637,0,0,1e1c,3779,7708,8637,0
1667,1667,0,8637,0,0,1e42,36ab,7746,8637,0
1668,1668,0,8637,0,0,1e58,35dd,7768,8637,0
1669,1669,0,8637,0,0,1e8e,3511,7822,8637,0
1670,1670,0,8637,0,0,1ee6,3444,7910,8637,0
1671,1671,0,8637,0,0,1f3c,3379,7996,8637,0
1672,1672,0,8637,0,0,1fae,32ae,8110,8637,0
1673,1673,0,8637,0,0,1ffa,31e4,8186,8637,0
1674,1674,0,8637,0,0,e054,311a,8276,8637,0
1675,1675,0,8637,0,0,e0b5,301a,8373,8637,0
1676,1676,0,8637,0,0,e111,3051,8465,8637,0
1677,1677,0,8637,0,0,e144,2f89,8516,8637,0
1678,1678,0,8637,0,0,e19d,2ec2,8605,8637,0
1679,1679,0,8637,0,0,e1b6,2dfb,8630,8637,0
1680,1680,0,8637,0,0,e1d2,2c70,8658,8637,0
1681,1681,0,8637,0,0,e1db,2bac,8667,8637,0
1682,1682,0,8637,0,0,e1e4,2ae9,8676,8637,0
1683,1683,0,8637,0,0,e1e6,2a27,8678,8637,0
1684,1684,0,8637,0,0,e189,28a6,8585,8637,0
1685,1685,0,8637,0,0,e156,27e6,8534,8637,0
1686,1686,0,8637,0,0,e117,2728,8471,8637,0
1687,1687,0,8637,0,0,e0c6,266b,8390,8637,0
1688,1688,0,8637,0,0,e045,25af,8261,8637,0
1689,1689,0,8637,0,0,1fd9,24f4,8153,8637,0
1690,1690,0,8637,0,0,1f57,243a,8023,8637,0
1691,1691,0,8637,0,0,1f12,2381,7959,8637,0
1692,1692,0,8637,0,0,1fb6,22ca,8118,8637,0
1693,1693,0,8637,0,0,1ef6,2213,7926,8637,0
1694,1694,0,8637,0,0,1e66,215e,7782,8637,0
1695,1695,0,8637,0,0,1ff5,20aa,8181,8637,0
1696,1696,0,8637,0,0,1dfd,1ff8,7669,8637,0
1697,1697,0,8637,0,0,1ddf,1f46,7626,8637,0
1698,1698,0,8637,0,0,1ddf,1e96,7645,8637,0
1699,1699,0,8637,0,0,1dd7,1de7,7639,8637,0
1700,1700,0,8637,0,0,1e3a,1d3a,7738,8637,0
1701,1701,0,8637,0,0,1ea6,1c8d,7846,8637,0
1702,1702,0,8637,0,0,1ea4,1be2,7844,8637,0
1703,1703,0,8637,0,0,1ed7,1a91,7895,8637,0
1704,1704,0,8637,0,0,1f51,19ea,8017,8637,0
1705,1705,0,8637,0,0,1fb9,1945,8121,8637,0
1706,1706,0,8637,0,0,1ff5,18a1,8181,8637,0
1707,1707,0,8637,0,0,e065,17fe,8293,8637,0
1708,1708,0,8637,0,0,e0c9,175d,8393,8637,0
1709,1709,0,8637,0,0,e131,16be,8497,8637,0
1710,1710,0,8637,0,0,e166,1620,8550,8637,0
1711,1711,0,8637,0,0,e188,1620,8584,8637,0
1712,1712,0,8637,0,0,e1bc,1583,8636,8637,0
1713,1713,0,8637,0,0,e1c9,14e8,8649,8637,0
1714,1714,0,8637,0,0,e1bc,144f,8636,8637,0
1715,1715,0,8637,0,0,e1a8,13b7,8616,8637,0
1716,1716,0,8637,0,0,e166,1320,8550,8637,0
1717,1717,0,8637,0,0,e10e,128b,8462,8637,0
1718,1718,0,8637,0,0,e0c1,11f8,8385,8637,0
1719,1719,0,8637,0,0,e095,1166,8341,8637,0
1720,1720,0,8637,0,0,e020,10d6,8224,8637,0
1721,1721,0,8637,0,0,1f96,1048,8086,8637,0
1722,1722,0,8637,0,0,1f44,0fbb,8004,8637,0
1723,1723,0,8637,0,0,1ee5,0f2f,7909,8637,0
1724,1724,0,8637,0,0,1ea0,0ea5,7840,8637,0
1725,1725,0,8637,0,0,1e5c,0e1d,7772,8637,0
1726,1726,0,8637,0,0,1e11,0d97,7697,8637,0
1727,1727,0,8637,0,0,1ff9,0d12,8185,8637,0
1728,1728,0,8637,0,0,1dfd,0c8f,7677,8637,0
1729,1729,0,8637,0,0,1ddf,0c0d,7647,8637,0
1730,1730,0,8637,0,0,1ddf,0b8d,7647,8637,0
1731,1731,0,8637,0,0,1e2e,0b0e,7726,8637,0
1732,1732,0,8637,0,0,1e6e,0a92,7790,8637,0
1733,1733,0,8637,0,0,1ece,0a17,7886,8637,0
1734,1734,0,8637,0,0,1ee2,099d,7906,8637,0
1735,1735,0,8637,0,0,1ef7,0926,7927,8637,0
1736,1736,0,8637,0,0,1f4e,08af,8014,8637,0
1737,1737,0,8637,0,0,1fc3,083b,8131,8637,0
1738,1738,0,8637,0,0,e00f,07c8,8207,8637,0
1739,1739,0,8637,0,0,e082,0757,8322,8637,0
1740,1740,0,8637,0,0,e0d1,06e8,8401,8637,0
1741,1741,0,8637,0,0,e108,067a,8456,8637,0
1742,1742,0,8637,0,0,e182,060e,8578,8637,0
1743,1743,0,8637,0,0,e1cf,05a3,8655,8637,0
1744,1744,0,8637,0,0,e1e2,053b,8674,8637,0
1745,1745,0,8637,0,0,e1f1,04d4,8689,8637,0
1746,1746,0,8637,0,0,e1ec,04fc,8684,8637,0
1747,1747,0,8637,0,0,e1e0,046e,8672,8637,0
1748,1748,0,8637,0,0,e1b1,040a,8625,8637,0
1749,1749,0,8637,0,0,e16d,03a8,8557,8637,0
1750,1750,0,8637,0,0,e11c,0348,8476,8637,0
1751,1751,0,8637,0,0,e0bd,02e9,8381,8637,0
1752,1752,0,8637,0,0,e068,028c,8296,8637,0
1753,1753,0,8637,0,0,e00c,0230,8204,8637,0
1754,1754,0,8637,0,0,1fa8,01d6,8104,8637,0
1755,1755,0,8637,0,0,1f38,017e,7992,8637,0
1756,1756,0,8637,0,0,1ecf,0127,7887,8637,0
1757,1757,0,8637,0,0,1e97,00d2,7831,8637,0
1758,1758,0,8637,0,0,1e6f,007e,7791,8637,0
1759,1759,0,8637,0,0,1e25,002d,7717,8637,0
1760,1760,0,8637,0,0,1e0c,ffdc,7692,8637,0
1761,1761,0,8637,0,0,1e1a,ff8e,7706,8637,0
1762,1762,0,8637,0,0,1e27,ff41,7735,8637,0
1763,1763,0,8637,0,0,1e64,fef5,7783,8637,0
1764,1764,0,8637,0,0,1ecc,feab,7820,8637,0
1765,1765,0,8637,0,0,1ecc,fe63,7884,8637,0
1766,1766,0,8637,0,0,1fed,fe1c,8173,8637,0
1767,1767,0,8637,0,0,1fbf,fdd7,8127,8637,0
1768,1768,0,8637,0,0,1f9e,fd93,8094,8637,0
1769,1769,0,8637,0,0,e04c,fd51,8264,8637,0
1770,1770,0,8637,0,0,e054,fd10,8276,8637,0
1771,1771,0,8637,0,0,e0a3,fcd1,8355,8637,0
1772,1772,0,8637,0,0,e111,fc93,8465,8637,0
1773,1773,0,8637,0,0,e190,fc1c,8592,8637,0
1774,1774,0,8637,0,0,e1b9,fbe3,8633,8637,0
1775,1775,0,8637,0,0,e1e9,fbab,8681,8637,0
1776,1776,0,8637,0,0,e221,fb75,8737,8637,0
1777,1777,0,8637,0,0,e21a,fb40,8730,8637,0
1778,1778,0,8637,0,0,e217,fb0c,8727,8637,0
1779,1779,0,8637,0,0,e211,fada,8721,8637,0
1780,1780,0,8637,0,0,e1b2,faa9,8626,8637,0
1781,1781,0,8637,0,0,e185,fa7a,8581,8637,0
1782,1782,0,8637,0,0,e14c,fa5e,8524,8637,0
1783,1783,0,8637,0,0,e0e7,fa4c,8423,8637,0
1784,1784,0,8637,0,0,e08a,fa20,8330,8637,0
1785,1785,0,8637,0,0,e02e,f9f4,8238,8637,0
1786,1786,0,8637,0,0,1fb9,f9ca,8121,8637,0
1787,1787,0,8637,0,0,1f5e,f9a2,8030,8637,0
1788,1788,0,8637,0,0,1f1b,f97b,7963,8637,0
1789,1789,0,8637,0,0,1ed7,f955,7895,8637,0
1790,1790,0,8637,0,0,1e8c,f930,7820,8637,0
1791,1791,0,8637,0,0,1e5a,f90d,7770,8637,0
1792,1792,0,8637,0,0,1e36,f8ea,7734,8637,0
1793,1793,0,8637,0,0,1e1e,f8c9,7710,8637,0
1794,1794,0,8637,0,0,1e2b,f8aa,7723,8637,0
1795,1795,0,8637,0,0,1e4c,f88b,7756,8637,0
1796,1796,0,8637,0,0,1e96,f86e,7830,8637,0
1797,1797,0,8637,0,0,1ef3,f852,7923,8637,0
1798,1798,0,8637,0,0,1f38,f837,7995,8637,0
1799,1799,0,8637,0,0,1f75,f81d,8061,8637,0
1800,1800,0,8637,0,0,1ff7,f805,8183,8637,0
1801,1801,0,8637,0,0,3ffa,f7ed,16378,8637,0
1802,1802,0,8637,0,0,e0f8,f7d7,8440,8637,0
1803,1803,0,8637,0,0,e0fe,f7c1,8446,8637,0
1804,1804,0,8637,0,0,e1fe,f7ad,8702,8637,0
1805,1805,0,8637,0,0,e15c,f79a,8668,8637,0
1806,1806,0,8637,0,0,e1a0,f788,8672,8637,0
1807,1807,0,8637,0,0,e1c3,f777,8643,8637,0
1808,1808,0,8637,0,0,e1ec,f767,8684,8637,0
1809,1809,0,8637,0,0,e1f0,f74a,8688,8637,0
1810,1810,0,8637,0,0,e1e0,f73d,8672,8637,0
1811,1811,0,8637,0,0,e1cc,f731,8652,8637,0
1812,1812,0,8637,0,0,e19b,f726,8603,8637,0
1813,1813,0,8637,0,0,e17d,f71b,8573,8637,0
1814,1814,0,8637,0,0,e131,f712,8497,8637,0
1815,1815,0,8637,0,0,e0da,f70a,8410,8637,0
1816,1816,0,8637,0,0,e065,f702,8293,8637,0
1817,1817,0,8637,0,0,1ffb,f6fb,8187,8637,0
1818,1818,0,8637,0,0,1fa1,f6ff,8097,8637,0
1819,1819,0,8637,0,0,1f40,f6f6,8000,8637,0
1820,1820,0,8637,0,0,1edd,f6f1,7901,8637,0
1821,1821,0,8637,0,0,1e7f,f6ed,7807,8637,0
1822,1822,0,8637,0,0,1e41,f6e9,7745,8637,0
1823,1823,0,8637,0,0,1e31,f6e5,7729,8637,0
1824,1824,0,8637,0,0,1e00,f6e4,7680,8637,0
1825,1825,0,8637,0,0,1dde,f6e4,7646,8637,0
1826,1826,0,8637,0,0,1dbf,f6e4,7615,8637,0
1827,1827,0,8637,0,0,1e11,f6e5,7697,8637,0
1828,1828,0,8637,0,0,1e53,f6e7,7763,8637,0
1829,1829,0,8637,0,0,1e69,f6ed,7785,8637,0
1830,1830,0,8637,0,0,1eb8,f6f1,7864,8637,0
1831,1831,0,8637,0,0,1f3b,f6f5,7995,8637,0
1832,1832,0,8637,0,0,1f65,f6fa,8037,8637,0
1833,1833,0,8637,0,0,1fd3,f700,8179,8637,0
1834,1834,0,8637,0,0,eb56,f707,9047,8637,0
1835,1835,0,8637,0,0,e0f7,f70d,8375,8637,0
1836,1836,0,8637,0,0,e1b7,f715,8631,8637,0
1837,1837,0,8637,0,0,e17f,f71d,8575,8637,0
1838,1838,0,8637,0,0,e1fd,f726,8701,8637,0
1839,1839,0,8637,0,0,e1cf,f72f,8655,8637,0
1840,1840,0,8637,0,0,e1df,f738,8655,8637,0
1841,1841,0,8637,0,0,e1d7,f742,8662,8637,0
1842,1842,0,8637,0,0,e1b5,f74d,8629,8637,0
1843,1843,0,8637,0,0,e1c2,f758,8642,8637,0
1844,1844,0,8637,0,0,e180,f764,8576,8637,0
1845,1845,0,8637,0,0,e135,f770,8501,8637,0
1846,1846,0,8637,0,0,e101,f789,8449,8637,0
1847,1847,0,8637,0,0,e0ae,f796,8366,8637,0
1848,1848,0,8637,0,0,e053,f7a4,8275,8637,0
1849,1849,0,8637,0,0,1fd7,f7b2,8151,8637,0
1850,1850,0,8637,0,0,1f87,f7c0,8071,8637,0
1851,1851,0,8637,0,0,1f18,f7cf,7960,8637,0
1852,1852,0,8637,0,0,1ec5,f7de,7877,8637,0
1853,1853,0,8637,0,0,1e70,f7ed,7792,8637,0
1854,1854,0,8637,0,0,1e31,f7fd,7729,8637,0
1855,1855,0,8637,0,0,1e14,f80d,7700,8637,0
1856,1856,0,8637,0,0,1dea,f81d,7658,8637,0
1857,1857,0,8637,0,0,1dbd,f82d,7613,8637,0
1858,1858,0,8637,0,0,1dd8,f83e,7640,8637,0
1859,1859,0,8637,0,0,1e08,f84f,7688,8637,0
1860,1860,0,8637,0,0,1e30,f860,7728,8637,0
1861,1861,0,8637,0,0,1e7f,f872,7807,8637,0
1862,1862,0,8637,0,0,1eb1,f884,7857,8637,0
1863,1863,0,8637,0,0,1f0b,f896,7947,8637,0
1864,1864,0,8637,0,0,1f92,f8a8,8082,8637,0
1865,1865,0,8637,0,0,1ff8,f8ba,8184,8637,0
1866,1866,0,8637,0,0,e04a,f8cd,8266,8637,0
1867,1867,0,8637,0,0,e0aa,f8df,8362,8637,0
1868,1868,0,8637,0,0,e128,f8f2,8488,8637,0
1869,1869,0,8637,0,0,e174,f905,8564,8637,0
1870,1870,0,8637,0,0,e1b4,f918,8628,8637,0
1871,1871,0,8637,0,0,e1f5,f92b,8693,8637,0
1872,1872,0,8637,0,0,e1db,f93f,8667,8637,0
1873,1873,0,8637,0,0,e1db,f952,8667,8637,0
1874,1874,0,8637,0,0,e1eb,f965,8683,8637,0
1875,1875,0,8637,0,0,e1be,f979,8638,8637,0
1876,1876,0,8637,0,0,e1d5,f9a1,8660,8637,0
1877,1877,0,8637,0,0,e179,f9b4,8561,8637,0
1878,1878,0,8637,0,0,e10b,f9c8,8459,8637,0
1879,1879,0,8637,0,0,e0c1,f9dc,8385,8637,0
1880,1880,0,8637,0,0,e057,f9f0,8279,8637,0
1881,1881,0,8637,0,0,e012,fa04,8210,8637,0
1882,1882,0,8637,0,0,1fb9,fa18,8121,8637,0
1883,1883,0,8637,0,0,1f55,fa2c,8021,8637,0
1884,1884,0,8637,0,0,1f0e,fa40,7950,8637,0
1885,1885,0,8637,0,0,1eb0,fa54,7856,8637,0
1886,1886,0,8637,0,0,1e45,fa68,7749,8637,0
1887,1887,0,8637,0,0,1e27,fa7c,7719,8637,0
1888,1888,0,8637,0,0,1e11,fa90,7697,8637,0
1889,1889,0,8637,0,0,1dfc,faa4,7676,8637,0
1890,1890,0,8637,0,0,1e02,faa4,7682,8637,0
1891,1891,0,8637,0,0,1df4,fab8,7668,8637,0
1892,1892,0,8637,0,0,1e36,facc,7734,8637,0
1893,1893,0,8637,0,0,1e91,fadf,7825,8637,0
1894,1894,0,8637,0,0,1eed,faf3,7917,8637,0
1895,1895,0,8637,0,0,1f43,fb07,8003,8637,0
1896,1896,0,8637,0,0,1f9e,fb1a,8094,8637,0
1897,1897,0,8637,0,0,e014,fb2e,8212,8637,0
1898,1898,0,8637,0,0,e075,fb41,8309,8637,0
1899,1899,0,8637,0,0,e0af,fb55,8367,8637,0
1900,1900,0,8637,0,0,e10b,fb68,8459,8637,0
1901,1901,0,8637,0,0,e16a,fb7b,8554,8637,0
1902,1902,0,8637,0,0,e1bb,fb8e,8635,8637,0
1903,1903,0,8637,0,0,e1e7,fba1,8679,8637,0
1904,1904,0,8637,0,0,e201,fbb4,8737,8637,0
1905,1905,0,8637,0,0,e3f0,fbc7,8689,8637,0
1906,1906,0,8637,0,0,e1fc,fbda,8700,8637,0
1907,1907,0,8637,0,0,e1e8,fbec,8684,8637,0
1908,1908,0,8637,0,0,e1ff,fbfe,8703,8637,0
1909,1909,0,8637,0,0,e1f7,fc11,8695,8637,0
1910,1910,0,8637,0,0,e1f6,fc23,8694,8637,0
1911,1911,0,8637,0,0,e0ff,fc35,8438,8637,0
1912,1912,0,8637,0,0,e0ad,fc47,8333,8637,0
1913,1913,0,8637,0,0,e02c,fc58,8236,8637,0
1914,1914,0,8637,0,0,1fcf,fc6a,8143,8637,0
1915,1915,0,8637,0,0,1f62,fc7b,8034,8637,0
1916,1916,0,8637,0,0,1f0a,fc8d,7946,8637,0
1917,1917,0,8637,0,0,1ec8,fc9e,7880,8637,0
1918,1918,0,8637,0,0,1e9f,fcaf,7839,8637,0
1919,1919,0,8637,0,0,1e37,fcc0,7735,8637,0
1920,1920,0,8637,0,0,1e1f,fcd0,7711,8637,0
1921,1921,0,8637,0,0,1e19,fce1,7705,8637,0
1922,1922,0,8637,0,0,1dff,fcf1,7679,8637,0
1923,1923,0,8637,0,0,1e29,fd01,7721,8637,0
1924,1924,0,8637,0,0,1e42,fd11,7746,8637,0
1925,1925,0,8637,0,0,1e8f,fd21,7823,8637,0
1926,1926,0,8637,0,0,1ed5,fd21,7893,8637,0
1927,1927,0,8637,0,0,1f29,fd30,7977,8637,0
1928,1928,0,8637,0,0,1f93,fd40,8083,8637,0
1929,1929,0,8637,0,0,e01b,fd4f,8219,8637,0
1930,1930,0,8637,0,0,e05f,fd5e,8287,8637,0
1931,1931,0,8637,0,0,e0c9,fd6d,8393,8637,0
1932,1932,0,8637,0,0,e131,fd7c,8497,8637,0
1933,1933,0,8637,0,0,e171,fd8a,8561,8637,0
1934,1934,0,8637,0,0,e1c1,fd99,8641,8637,0
1935,1935,0,8637,0,0,e202,fda7,8706,8637,0
1936,1936,0,8637,0,0,e204,fdb5,8708,8637,0
1937,1937,0,8637,0,0,e1e5,fdc3,8677,8637,0
1938,1938,0,8637,0,0,e1ec,fdd0,8684,8637,0
1939,1939,0,8637,0,0,e1e8,fdde,8680,8637,0
1940,1940,0,8637,0,0,e1a4,fdeb,8612,8637,0
1941,1941,0,8637,0,0,e172,fdf8,8566,8637,0
1942,1942,0,8637,0,0,e1ff,fe05,8703,8637,0
1943,1943,0,8637,0,0,e0f7,fe12,8447,8637,0
1944,1944,0,8637,0,0,e0f5,fe1e,8437,8637,0
1945,1945,0,8637,0,0,ef74,fe37,12148,8637,0
1946,1946,0,8637,0,0,1feb,fe43,8138,8637,0
1947,1947,0,8637,0,0,1fe9,fe4e,8169,8637,0
1948,1948,0,8637,0,0,1fc2,fe5a,8128,8637,0
1949,1949,0,8637,0,0,1ec2,fe71,7874,8637,0
1950,1950,0,8637,0,0,1ed6,fe86,7894,8637,0
1951,1951,0,8637,0,0,1e10,fe91,7696,8637,0
1952,1952,0,8637,0,0,1e1b,fea6,7707,8637,0
1953,1953,0,8637,0,0,1dee,feb0,7662,8637,0
1954,1954,0,8637,0,0,1e19,feba,7705,8637,0
1955,1955,0,8637,0,0,1e19,fec4,7705,8637,0
1956,1956,0,8637,0,0,1eb3,fecd,7859,8637,0
1957,1957,0,8637,0,0,1e94,fed7,7828,8637,0
1958,1958,0,8637,0,0,1ec9,fee0,7881,8637,0
1959,1959,0,8637,0,0,1f53,fee9,8019,8637,0
1960,1960,0,8637,0,0,1f73,fef2,8051,8637,0
1961,1961,0,8637,0,0,1ff1,fef2,8177,8637,0
1962,1962,0,8637,0,0,e065,fefb,8293,8637,0
1963,1963,0,8637,0,0,e050,ff03,8272,8637,0
1964,1964,0,8637,0,0,e0fd,ff0c,8445,8637,0
1965,1965,0,8637,0,0,e122,ff14,8482,8637,0
1966,1966,0,8637,0,0,e1bc,ff1c,8636,8637,0
1967,1967,0,8637,0,0,e208,ff24,8712,8637,0
1968,1968,0,8637,0,0,e206,ff2c,8710,8637,0
1969,1969,0,8637,0,0,e1c0,ff33,8640,8637,0
1970,1970,0,8637,0,0,e1f4,ff3b,8692,8637,0
1971,1971,0,8637,0,0,e1e8,ff42,8680,8637,0
1972,1972,0,8637,0,0,e17d,ff50,8573,8637,0
1973,1973,0,8637,0,0,e157,ff57,8535,8637,0
1974,1974,0,8637,0,0,e0f5,ff5d,8437,8637,0
1975,1975,0,8637,0,0,e0ca,ff64,8394,8637,0
1976,1976,0,8637,0,0,e050,ff6a,8272,8637,0
1977,1977,0,8637,0,0,1ffb,ff71,8187,8637,0
1978,1978,0,8637,0,0,1fff,ff77,8063,8637,0
1979,1979,0,8637,0,0,1f7e,ff7d,8062,8637,0
1980,1980,0,8637,0,0,1fbf,ff82,8127,8637,0
1981,1981,0,8637,0,0,1eff,ff88,7935,8637,0
1982,1982,0,8637,0,0,1e7e,ff8e,7806,8637,0
1983,1983,0,8637,0,0,1e3f,ff93,7742,8637,0
1984,1984,0,8637,0,0,1ecd,ff98,7885,8637,0
1985,1985,0,8637,0,0,1ded,ff9d,7661,8637,0
1986,1986,0,8637,0,0,1df3,ffa2,7667,8637,0
1987,1987,0,8637,0,0,1dfc,ffa7,7676,8637,0
1988,1988,0,8637,0,0,1e26,ffac,7718,8637,0
1989,1989,0,8637,0,0,1e8a,ffb1,7818,8637,0
1990,1990,0,8637,0,0,1eb8,ffb5,7864,8637,0
1991,1991,0,8637,0,0,1f03,ffb9,7939,8637,0
1992,1992,0,8637,0,0,1f6a,ffbe,8042,8637,0
1993,1993,0,8637,0,0,1fe5,ffc2,8165,8637,0
1994,1994,0,8637,0,0,e045,ffc6,8261,8637,0
1995,1995,0,8637,0,0,e0a3,ffca,8355,8637,0
1996,1996,0,8637,0,0,e0f5,ffce,8437,8637,0
1997,1997,0,8637,0,0,e143,ffce,8515,8637,0
1998,1998,0,8637,0,0,e18e,ffd1,8590,8637,0
1999,1999,0,8637,0,0,e1b9,ffd5,8633,8637,0
2000,2000,0,8637,0,0,e1e0,ffd8,8672,8637,0
2001,2001,0,8637,0,0,e1e1,ffdc,8673,8637,0
2002,2002,0,8637,0,0,e1c6,ffdf,8646,8637,0
2003,2003,0,8637,0,0,e1b1,ffe2,8625,8637,0
2004,2004,0,8637,0,0,e194,ffe5,8596,8637,0
2005,2005,0,8637,0,0,e146,ffe8,8518,8637,0
2006,2006,0,8637,0,0,e0e0,ffeb,8416,8637,0
2007,2007,0,8637,0,0,e07e,ffee,8318,8637,0
2008,2008,0,8637,0,0,e010,fff1,8208,8637,0
2009,2009,0,8637,0,0,1fcc,fff3,8140,8637,0
2010,2010,0,8637,0,0,1f84,fff6,8068,8637,0
2011,2011,0,8637,0,0,1f02,fff8,7938,8637,0
2012,2012,0,8637,0,0,1ea3,fffb,7843,8637,0
2013,2013,0,8637,0,0,1e7f,fffd,7807,8637,0
2014,2014,0,8637,0,0,1e3f,ffff,7743,8637,0
2015,2015,0,8637,0,0,1fef,0001,8175,8637,0
2016,2016,0,8637,0,0,1dff,0003,7679,8637,0
2017,2017,0,8637,0,0,1df7,0005,7671,8637,0
2018,2018,0,8637,0,0,1dff,0007,7678,8637,0
2019,2019,0,8637,0,0,1dff,0008,7677,8637,0
2020,2020,0,8637,0,0,1dff,000a,7679,8637,0
2021,2021,0,8637,0,0,1e59,000c,7769,8637,0
2022,2022,0,8637,0,0,1e9b,000d,7835,8637,0
2023,2023,0,8637,0,0,1eee,000f,7918,8637,0
2024,2024,0,8637,0,0,1f4f,0010,8015,8637,0
2025,2025,0,8637,0,0,1fb0,0011,8112,8637,0
2026,2026,0,8637,0,0,e014,0012,8212,8637,0
2027,2027,0,8637,0,0,e057,0014,8279,8637,0
2028,2028,0,8637,0,0,e0c8,0015,8392,8637,0
2029,2029,0,8637,0,0,e157,0016,8535,8637,0
2030,2030,0,8637,0,0,e183,0017,8579,8637,0
2031,2031,0,8637,0,0,e1a4,0017,8612,8637,0
2032,2032,0,8637,0,0,e1c3,0018,8643,8637,0
2033,2033,0,8637,0,0,e1d0,0018,8656,8637,0
2034,2034,0,8637,0,0,e1d6,0019,8662,8637,0
2035,2035,0,8637,0,0,e1ca,001a,8650,8637,0
2036,2036,0,8637,0,0,e193,001a,8595,8637,0
2037,2037,0,8637,0,0,e160,001b,8544,8637,0
2038,2038,0,8637,0,0,e0f6,001b,8438,8637,0
2039,2039,0,8637,0,0,e086,001b,8326,8637,0
2040,2040,0,8637,0,0,e042,001c,8258,8637,0
2041,2041,0,8637,0,0,1fd4,001c,8148,8637,0
2042,2042,0,8637,0,0,1f61,001c,8033,8637,0
2043,2043,0,8637,0,0,1f0f,001c,7951,8637,0
2044,2044,0,8637,0,0,1ebc,001c,7868,8637,0
2045,2045,0,8637,0,0,1e66,001c,7782,8637,0
2046,2046,0,8637,0,0,1e14,001c,7700,8637,0
2047,2047,0,8637,0,0,1e2b,001c,7723,8637,0
2048,2048,1,7868,0,1,1e03,001c,7715,7868,1
2049,2049,0,7868,0,1,1fef,001c,8175,7868,1
2050,2050,0,7868,0,1,1df7,001c,7679,7868,1
2051,2051,0,7782,0,1,1ff6,001c,8182,7782,1
2052,2052,0,7979,0,1,1e78,001c,7800,7979,1
2053,2053,0,8067,0,1,1efe,001c,7918,8067,1
2054,2054,0,8133,0,1,1edf,001c,7902,8133,1
2055,2055,0,8252,0,1,1eef,001c,8173,8252,1
2056,2056,0,8421,0,1,1f4e,001c,8142,8421,1
2057,2057,0,8470,0,1,1fc1,001c,8129,8470,1
2058,2058,0,8569,0,1,e018,001c,8216,8569,1
2059,2059,0,8605,0,1,e095,001c,8341,8605,1
2060,2060,0,8626,0,1,e0f9,001c,8441,8626,1
2061,2061,0,8685,0,1,e127,001c,8487,8685,1
2062,2062,0,8702,0,1,e176,001c,8566,8702,1
2063,2063,0,8686,0,1,e1bf,001c,8639,8686,1
2064,2064,0,8652,0,1,e1f1,001c,8689,8652,1
2065,2065,0,8703,0,1,e208,001c,8712,8703,1
2066,2066,0,8575,0,1,e1fc,001c,8700,8575,1
2067,2067,0,8502,0,1,e1d5,001c,8661,8502,1
2068,2068,0,8457,0,1,e1b8,001c,8632,8457,1
2069,2069,0,8343,0,1,e170,001c,8560,8343,1
2070,2070,0,8254,0,1,e125,001c,8485,8254,1
2071,2071,0,8184,0,1,e0c5,001c,8389,8184,1
2072,2072,0,8066,0,1,e04c,001c,8268,8066,1
2073,2073,0,7951,0,1,1ff3,001c,8179,7951,1
2074,2074,0,7848,0,1,1f96,001c,8086,7848,1
2075,2075,0,7763,0,1,1f14,001c,7956,7763,1
2076,2076,0,7718,0,1,1ed1,001c,7889,7718,1
2077,2077,0,7703,0,1,1e9a,001c,7834,7703,1
2078,2078,0,7662,0,1,1e61,001c,7777,7662,1
2079,2079,0,7665,0,1,1e30,001c,7728,7665,1
2080,2080,0,7699,0,1,1e13,001c,7699,7699,1
2081,2081,0,7728,0,1,1e05,001c,7685,7728,1
2082,2082,0,7799,0,1,1def,001c,7663,7799,1
2083,2083,0,7875,0,1,1e1b,001c,7739,7875,1
2084,2084,0,7971,0,1,1e89,001c,7835,7971,1
2085,2085,0,8039,0,1,1ebd,001c,7869,8039,1
2086,2086,0,8039,0,1,1eff,001c,7935,8039,1
2087,2087,0,8153,0,1,1fff,001c,8191,8153,1
2088,2088,0,8273,0,1,1fff,001c,8159,8273,1
2089,2089,0,8357,0,1,1faf,001c,8111,8357,1
2090,2090,0,8415,0,1,e0bb,001c,8379,8415,1
2091,2091,0,8487,0,1,e1a3,001c,8611,8487,1
2092,2092,0,8598,0,1,e14d,001c,8513,8598,1
2093,2093,0,8644,0,1,e14f,001c,8527,8644,1
2094,2094,0,8658,0,1,e17d,001c,8573,8658,1
2095,2095,0,8687,0,1,e1b5,001c,8629,8687,1
2096,2096,0,8687,0,1,e1f2,001c,8690,8687,1
2097,2097,0,8684,0,1,e1f0,001c,8688,8684,1
2098,2098,0,8619,0,1,e1fb,001c,8699,8619,1
2099,2099,0,8578,0,1,e1f0,001c,8688,8578,1
2100,2100,0,8559,0,1,e1a0,001c,8608,8559,1
2101,2101,0,8469,0,1,e181,001c,8577,8469,1
2102,2102,0,8340,0,1,e14e,001c,8526,8340,1
2103,2103,0,8238,0,1,e0b5,001c,8373,8238,1
2104,2104,0,8153,0,1,e05e,001c,8286,8153,1
2105,2105,0,8048,0,1,1fea,001c,8170,8048,1
2106,2106,0,7956,0,1,1fae,001c,8110,7956,1
2107,2107,0,7884,0,1,1f73,001c,8051,7884,1
2108,2108,0,7797,0,1,1ee1,001c,7905,7797,1
2109,2109,0,7703,0,1,1e92,001c,7826,7703,1
2110,2110,0,7711,0,1,1e7c,001c,7804,7711,1
2111,2111,0,7690,0,1,1e2c,001c,7724,7690,1
2112,2112,0,7674,0,1,1e14,001c,7700,7674,1
2113,2113,0,7659,0,1,1e01,001c,7681,7659,1
2114,2114,0,7659,0,1,1e13,001c,7699,7659,1
2115,2115,0,7727,0,1,1e5b,001c,7771,7727,1
2116,2116,0,7795,0,1,1e77,001c,7799,7795,1
2117,2117,0,7853,0,1,1ebf,001c,7871,7853,1
2118,2118,0,7920,0,1,1f1f,001c,7967,7920,1
2119,2119,0,8059,0,1,1f4d,001c,8013,8059,1
2120,2120,0,8163,0,1,1fb4,001c,8117,8163,1
2121,2121,0,8213,0,1,efb4,001c,9012,8213,1
2122,2122,0,8352,0,1,e0bd,001c,8381,8352,1
2123,2123,0,8440,0,1,e19b,001c,8603,8440,1
2124,2124,0,8491,0,1,e14e,001c,8526,8491,1
2125,2125,0,8555,0,1,e1de,001c,8670,8555,1
2126,2126,0,8632,0,1,e1de,001c,8670,8632,1
2127,2127,0,8675,0,1,e1de,001c,8670,8675,1
2128,2128,0,8695,0,1,e1fa,001c,8698,8695,1
2129,2129,0,8668,0,1,e21c,001c,8732,8668,1
2130,2130,0,8646,0,1,e213,001c,8723,8646,1
2131,2131,0,8590,0,1,e1f0,001c,8688,8590,1
2132,2132,0,8511,0,1,e1c1,001c,8641,8511,1
2133,2133,0,8466,0,1,e184,001c,8580,8466,1
2134,2134,0,8369,0,1,e163,001c,8547,8369,1
2135,2135,0,8241,0,1,e0fd,001c,8445,8241,1
2136,2136,0,8135,0,1,e07c,001c,8316,8135,1
2137,2137,0,8028,0,1,e010,001c,8208,8028,1
2138,2138,0,7959,0,1,1fcd,001c,8141,7959,1
2139,2139,0,7886,0,1,1f5f,001c,8031,7886,1
2140,2140,0,7764,0,1,1f18,001c,7960,7764,1
2141,2141,0,7725,0,1,1ecd,001c,7885,7725,1
2142,2142,0,7698,0,1,1e62,001c,7778,7698,1
2143,2143,0,7665,0,1,1e33,001c,7731,7665,1
2144,2144,0,7635,0,1,1e25,001c,7717,7635,1
2145,2145,0,7675,0,1,1e19,001c,7705,7675,1
2146,2146,0,7731,0,1,1e27,001c,7719,7731,1
2147,2147,0,7775,0,1,1e1c,001c,7708,7775,1
2148,2148,0,7840,0,1,1e51,001c,7761,7840,1
2149,2149,0,7928,0,1,1eb3,001c,7859,7928,1
2150,2150,0,8010,0,1,1f03,001c,7939,8010,1
2151,2151,0,8117,0,1,1f3c,001c,7996,8117,1
2152,2152,0,8245,0,1,1fb3,001c,8115,8245,1
2153,2153,0,8324,0,1,e025,001c,8229,8324,1
2154,2154,0,8441,0,1,e082,001c,8322,8441,1
2155,2155,0,8528,0,1,e0e0,001c,8416,8528,1
2156,2156,0,8564,0,1,e16d,001c,8557,8564,1
2157,2157,0,8548,0,1,e18e,001c,8591,8548,1
2158,2158,0,8596,0,1,e19f,001c,8607,8596,1
2159,2159,0,8660,0,1,e1f5,001c,8693,8660,1
2160,2160,0,8703,0,1,e1fe,001c,8702,8703,1
2161,2161,0,8687,0,1,e1ff,001c,8703,8687,1
2162,2162,0,8683,0,1,e1f7,001c,8679,8683,1
2163,2163,0,8631,0,1,e1df,001c,8662,8631,1
2164,2164,0,8591,0,1,e19d,001c,8669,8591,1
2165,2165,0,8563,0,1,e175,001c,8565,8563,1
2166,2166,0,8455,0,1,e139,001c,8505,8455,1
2167,2167,0,8356,0,1,e0d1,001c,8401,8356,1
2168,2168,0,8277,0,1,e071,001c,8305,8277,1
2169,2169,0,8184,0,1,e014,001c,8212,8184,1
2170,2170,0,8078,0,1,1fa2,001c,8098,8078,1
2171,2171,0,7988,0,1,1f55,001c,8021,7988,1
2172,2172,0,7877,0,1,1f08,001c,7944,7877,1
2173,2173,0,7775,0,1,1e8e,001c,7822,7775,1
2174,2174,0,7719,0,1,1e3b,001c,7739,7719,1
2175,2175,0,7701,0,1,1e1d,001c,7709,7701,1
2176,2176,0,7683,0,1,1deb,001c,7659,7683,1
2177,2177,0,7685,0,1,1dbd,001c,7613,7685,1
2178,2178,0,7654,0,1,1dde,001c,7646,7654,1
2179,2179,0,7712,0,1,1dfe,001c,7678,7712,1
2180,2180,0,7775,0,1,1e45,001c,7749,7775,1
2181,2181,0,7876,0,1,1e94,001c,7828,7876,1
2182,2182,0,7922,0,1,1ee2,001c,7906,7922,1
2183,2183,0,8024,0,1,1f31,001c,7985,8024,1
2184,2184,0,8102,0,1,1f9d,001c,8093,8102,1
2185,2185,0,8217,0,1,1fe1,001c,8161,8217,1
2186,2186,0,8334,0,1,e057,001c,8279,8334,1
2187,2187,0,8426,0,1,e0ac,001c,8364,8426,1
2188,2188,0,8496,0,1,e0f1,001c,8433,8496,1
2189,2189,0,8632,0,1,e13a,001c,8506,8632,1
2190,2190,0,8675,0,1,e167,001c,8551,8675,1
2191,2191,0,8684,0,1,e186,001c,8614,8684,1
2192,2192,0,8700,0,1,e1c1,001c,8647,8700,1
2193,2193,0,8684,0,1,e1eb,001c,8683,8684,1
2194,2194,0,8669,0,1,e1ee,001c,8686,8669,1
2195,2195,0,8585,0,1,e1dd,001c,8669,8585,1
2196,2196,0,8520,0,1,e1dd,001c,8669,8520,1
2197,2197,0,8490,0,1,e15d,001c,8541,8490,1
2198,2198,0,8392,0,1,e1d1,001c,8657,8392,1
2199,2199,0,8285,0,1,e0dd,001c,8401,8285,1
2200,2200,0,8190,0,1,e05c,001c,8284,8190,1
2201,2201,0,8083,0,1,1fe9,001c,8169,8083,1
2202,2202,0,7991,0,1,1fa4,001c,8100,7991,1
2203,2203,0,7883,0,1,1f35,001c,7989,7883,1
2204,2204,0,7828,0,1,1ed2,001c,7890,7828,1
2205,2205,0,7786,0,1,1e7e,001c,7806,7786,1
2206,2206,0,7703,0,1,1e34,001c,7732,7703,1
2207,2207,0,7659,0,1,1e0f,001c,7695,7659,1
2208,2208,0,7689,0,1,1df8,001c,7672,7689,1
2209,2209,0,7693,0,1,1dd1,001c,7633,7693,1
2210,2210,0,7719,0,1,1ddb,001c,7643,7719,1
2211,2211,0,7722,0,1,1dee,001c,7662,7722,1
2212,2212,0,7818,0,1,1e18,001c,7704,7818,1
2213,2213,0,7901,0,1,1e6c,001c,7788,7901,1
2214,2214,0,7994,0,1,1eab,001c,7851,7994,1
2215,2215,0,8101,0,1,1f0a,001c,7946,8101,1
2216,2216,0,8203,0,1,1f72,001c,8050,8203,1
2217,2217,0,8293,0,1,1fc9,001c,8137,8293,1
2218,2218,0,8388,0,1,e045,001c,8261,8388,1
2219,2219,0,8485,0,1,e0ba,001c,8378,8485,1
2220,2220,0,8571,0,1,e116,001c,8470,8571,1
2221,2221,0,8623,0,1,e141,001c,8513,8623,1
2222,2222,0,8656,0,1,e17b,001c,8571,8656,1
2223,2223,0,8666,0,1,e1b9,001c,8633,8666,1
2224,2224,0,8697,0,1,e1d1,001c,8657,8697,1
2225,2225,0,8668,0,1,e1bd,001c,8637,8668,1
2226,2226,0,8594,0,1,e1ca,001c,8650,8594,1
2227,2227,0,8544,0,1,e1a8,001c,8618,8544,1
2228,2228,0,8474,0,1,e174,001c,8572,8474,1
2229,2229,0,8416,0,1,e174,001c,8500,8416,1
2230,2230,0,8298,0,1,e1e7,001c,8679,8298,1
2231,2231,0,8169,0,1,e0ef,001c,8431,8169,1
2232,2232,0,8067,0,1,e09f,001c,8351,8067,1
2233,2233,0,7991,0,1,e015,001c,11285,7991,1
2234,2234,0,7923,0,1,1fbe,001c,8126,7923,1
2235,2235,0,7816,0,1,1f56,001c,8150,7816,1
2236,2236,0,7730,0,1,1ec1,001c,7873,7730,1
2237,2237,0,7684,0,1,1e6f,001c,7791,7684,1
2238,2238,0,7677,0,1,1e71,001c,7793,7677,1
2239,2239,0,7683,0,1,1e2f,001c,7727,7683,1
2240,2240,0,7684,0,1,1e18,001c,7704,7684,1
2241,2241,0,7719,0,1,1e10,001c,7696,7719,1
2242,2242,0,7719,0,1,1dfe,001c,7678,7719,1
2243,2243,0,7786,0,1,1e0f,001c,7695,7786,1
2244,2244,0,7824,0,1,1e59,001c,7769,7824,1
2245,2245,0,7905,0,1,1e8a,001c,7818,7905,1
2246,2246,0,7998,0,1,1ec7,001c,7879,7998,1
2247,2247,0,8135,0,1,1f21,001c,7969,8135,1
2248,2248,0,8210,0,1,1f99,001c,8089,8210,1
2249,2249,0,8327,0,1,e002,001c,8194,8327,1
2250,2250,0,8401,0,1,e067,001c,8295,8401,1
2251,2251,0,8482,0,1,e0b2,001c,8370,8482,1
2252,2252,0,8575,0,1,e114,001c,8468,8575,1
2253,2253,0,8620,0,1,e169,001c,8553,8620,1
2254,2254,0,8662,0,1,e1bf,001c,8639,8662,1
2255,2255,0,8703,0,1,e1f6,001c,8694,8703,1
2256,2256,0,8687,0,1,e1f6,001c,8694,8687,1
2257,2257,0,8648,0,1,e208,001c,8712,8648,1
2258,2258,0,8649,0,1,e1f2,001c,8690,8649,1
2259,2259,0,8568,0,1,e1e2,001c,8674,8568,1
2260,2260,0,8499,0,1,e1cc,001c,8652,8499,1
2261,2261,0,8410,0,1,e186,001c,8582,8410,1
2262,2262,0,8323,0,1,e117,001c,8471,8323,1
2263,2263,0,8240,0,1,e0a2,001c,8371,8240,1
2264,2264,0,8119,0,1,e072,001c,8306,8119,1
2265,2265,0,8020,0,1,ffd7,001c,16342,8020,1
2266,2266,0,7929,0,1,1fff,001c,8191,7929,1
2267,2267,0,7841,0,1,1f7b,001c,8059,7841,1
2268,2268,0,7781,0,1,1ff3,001c,8179,7781,1
2269,2269,0,7741,0,1,1ee3,001c,7907,7741,1
2270,2270,0,7683,0,1,1e9b,001c,7811,7683,1
2271,2271,0,7691,0,1,1e3b,001c,7739,7691,1
2272,2272,0,7688,0,1,1e2c,001c,7724,7688,1
2273,2273,0,7708,0,1,1e1c,001c,7708,7708,1
2274,2274,0,7705,0,1,1e1f,001c,7711,7705,1
2275,2275,0,7757,0,1,1e2d,001c,7725,7757,1
2276,2276,0,7824,0,1,1e6c,001c,7788,7824,1
2277,2277,0,7910,0,1,1eb7,001c,7863,7910,1
2278,2278,0,8007,0,1,1ee8,001c,7912,8007,1
2279,2279,0,8120,0,1,1f2f,001c,7983,8120,1
2280,2280,0,8211,0,1,1f92,001c,8082,8211,1
2281,2281,0,8279,0,1,1ffa,001c,8186,8279,1
2282,2282,0,8394,0,1,e067,001c,8295,8394,1
2283,2283,0,8497,0,1,e0c8,001c,8392,8497,1
2284,2284,0,8591,0,1,e123,001c,8483,8591,1
2285,2285,0,8629,0,1,e168,001c,8552,8629,1
2286,2286,0,8658,0,1,e1aa,001c,8618,8658,1
2287,2287,0,8659,0,1,e1dc,001c,8668,8659,1
2288,2288,0,8697,0,1,e1f4,001c,8692,8697,1
2289,2289,0,8696,0,1,e20f,001c,8719,8696,1
2290,2290,0,8639,0,1,e20a,001c,8714,8639,1
2291,2291,0,8623,0,1,e1dc,001c,8668,8623,1
2292,2292,0,8580,0,1,e199,001c,8601,8580,1
2293,2293,0,8486,0,1,e162,001c,8546,8486,1
2294,2294,0,8394,0,1,e106,001c,8454,8394,1
2295,2295,0,8324,0,1,e0b2,001c,8370,8324,1
2296,2296,0,8215,0,1,e05a,001c,8282,8215,1
2297,2297,0,8121,0,1,1fef,001c,8175,8121,1
2298,2298,0,8043,0,1,1f99,001c,8123,8043,1
2299,2299,0,7906,0,1,1f2a,001c,7995,7906,1
2300,2300,0,7834,0,1,1fef,001c,8175,7834,1
2301,2301,0,7772,0,1,1edf,001c,7903,7772,1
2302,2302,0,7713,0,1,1ed3,001c,7891,7713,1
2303,2303,0,7692,0,1,1e57,001c,7767,7692,1
2304,2304,0,7661,0,1,1e17,001c,7703,7661,1
2305,2305,0,7678,0,1,1e07,001c,7687,7678,1
2306,2306,0,7695,0,1,1e17,001c,7687,7695,1
2307,2307,0,7712,0,1,1e10,001c,7696,7712,1
2308,2308,0,7765,0,1,1e29,001c,7721,7765,1
2309,2309,0,7891,0,1,1e7c,001c,7804,7891,1
2310,2310,0,7964,0,1,1ed3,001c,7891,7964,1
2311,2311,0,8063,0,1,1f18,001c,7960,8063,1
2312,2312,0,8172,0,1,1f6c,001c,8044,8172,1
2313,2313,0,8286,0,1,1fbf,001c,8127,8286,1
2314,2314,0,8375,0,1,e048,001c,8264,8375,1
2315,2315,0,8472,0,1,e0c0,001c,8384,8472,1
2316,2316,0,8547,0,1,e0fc,001c,8444,8547,1
2317,2317,0,8638,0,1,e134,001c,8500,8638,1
2318,2318,0,8665,0,1,e16a,001c,8554,8665,1
2319,2319,0,8684,0,1,e1ae,001c,8622,8684,1
2320,2320,0,8684,0,1,e1ed,001c,8685,8684,1
2321,2321,0,8703,0,1,e1ee,001c,8686,8703,1
2322,2322,0,8659,0,1,e1dc,001c,8668,8659,1
2323,2323,0,8562,0,1,e1df,001c,8671,8562,1
2324,2324,0,8465,0,1,e1a4,001c,8612,8465,1
2325,2325,0,8422,0,1,e13a,001c,8506,8422,1
2326,2326,0,8434,0,1,e0fa,001c,8442,8434,1
2327,2327,0,8335,0,1,e09e,001c,8350,8335,1
2328,2328,0,8252,0,1,e042,001c,8258,8252,1
2329,2329,0,8127,0,1,1ff8,001c,8184,8127,1
2330,2330,0,7991,0,1,1f84,001c,8068,7991,1
2331,2331,0,7944,0,1,1f1d,001c,7965,7944,1
2332,2332,0,7829,0,1,1eba,001c,7866,7829,1
2333,2333,0,7766,0,1,1e75,001c,7797,7766,1
2334,2334,0,7673,0,1,1e35,001c,7733,7673,1
2335,2335,0,7647,0,1,1e30,001c,7729,7647,1
2336,2336,0,7682,0,1,1ff7,001c,8183,7682,1
2337,2337,0,7630,0,1,1dff,001c,7679,7630,1
2338,2338,0,7621,0,1,1dfe,001c,7678,7621,1
2339,2339,0,7746,0,1,1dfe,001c,8190,7746,1
2340,2340,0,7807,0,1,1e5e,001c,7774,7807,1
2341,2341,0,7857,0,1,1ee3,001c,7906,7857,1
2342,2342,0,7925,0,1,1edf,001c,7891,7925,1
2343,2343,0,7925,0,1,1eee,001c,7918,7925,1
2344,2344,0,8049,0,1,1f5c,001c,8028,8049,1
2345,2345,0,8181,0,1,1faa,001c,8106,8181,1
2346,2346,0,8258,0,1,e020,001c,8224,8258,1
2347,2347,0,8344,0,1,e0a0,001c,8352,8344,1
2348,2348,0,8442,0,1,e0f6,001c,8438,8442,1
2349,2349,0,8522,0,1,e130,001c,8496,8522,1
2350,2350,0,8589,0,1,e176,001c,8566,8589,1
2351,2351,0,8652,0,1,e1b5,001c,8629,8652,1
2352,2352,0,8671,0,1,e1cd,001c,8653,8671,1
2353,2353,0,8688,0,1,e1db,001c,8667,8688,1
2354,2354,0,8698,0,1,e1f5,001c,8693,8698,1
2355,2355,0,8650,0,1,e1bd,001c,8637,8650,1
2356,2356,0,8625,0,1,e18a,001c,8586,8625,1
2357,2357,0,8565,0,1,e149,001c,8521,8565,1
2358,2358,0,8509,0,1,e0fb,001c,8443,8509,1
2359,2359,0,8504,0,1,e0a5,001c,8357,8504,1
2360,2360,0,8437,0,1,e046,001c,8262,8437,1
2361,2361,0,8369,0,1,1fec,001c,8172,8369,1
2362,2362,0,8246,0,1,1f83,001c,8067,8246,1
2363,2363,0,8130,0,1,1f2c,001c,7980,8130,1
2364,2364,0,8045,0,1,1ec8,001c,7880,8045,1
2365,2365,0,7942,0,1,1e8b,001c,7819,7942,1
2366,2366,0,7853,0,1,1e40,001c,7744,7853,1
2367,2367,0,7795,0,1,1df7,001c,7671,7795,1
2368,2368,0,7733,0,1,1e39,001c,7737,7733,1
2369,2369,0,7681,0,1,1e4b,001c,7755,7681,1
2370,2370,0,7662,0,1,1e28,001c,7722,7662,1
2371,2371,0,7675,0,1,1e33,001c,7739,7675,1
2372,2372,0,7714,0,1,1e5b,001c,7771,7714,1
2373,2373,0,7737,0,1,1eef,001c,7919,7737,1
2374,2374,0,7804,0,1,1fae,001c,8110,7804,1
2375,2375,0,7887,0,1,1f5e,001c,8030,7887,1
2376,2376,0,7967,0,1,1fde,001c,8158,7967,1
2377,2377,0,8087,0,1,1fcc,001c,8140,8087,1
2378,2378,0,8188,0,1,e06c,001c,8296,8188,1
2379,2379,0,8279,0,1,e07c,001c,8444,8279,1
2380,2380,0,8377,0,1,e0f6,001c,8438,8377,1
2381,2381,0,8445,0,1,e15a,001c,8538,8445,1
2382,2382,0,8528,0,1,e192,001c,8594,8528,1
2383,2383,0,8605,0,1,e1c0,001c,8640,8605,1
2384,2384,0,8663,0,1,e1d8,001c,8664,8663,1
2385,2385,0,8705,0,1,e208,001c,8712,8705,1
2386,2386,0,8710,0,1,e1fe,001c,8702,8710,1
2387,2387,0,8669,0,1,e1c7,001c,8647,8669,1
2388,2388,0,8658,0,1,e1a9,001c,8617,8658,1
2389,2389,0,8595,0,1,e169,001c,8553,8595,1
2390,2390,0,8577,0,1,e137,001c,8503,8577,1
2391,2391,0,8530,0,1,e0d6,001c,8406,8530,1
2392,2392,0,8466,0,1,e067,001c,8295,8466,1
2393,2393,0,8379,0,1,e00c,001c,8204,8379,1
2394,2394,0,8272,0,1,1f9d,001c,8093,8272,1
2395,2395,0,8162,0,1,1f31,001c,7985,8162,1
2396,2396,0,8042,0,1,1ef9,001c,7929,8042,1
2397,2397,0,7943,0,1,1e9f,001c,7839,7943,1
2398,2398,0,7873,0,1,1e4d,001c,7757,7873,1
2399,2399,0,7802,0,1,1e30,001c,7728,7802,1
2400,2400,0,7732,0,1,1e0b,001c,7691,7732,1
2401,2401,0,7703,0,1,1e0d,001c,7693,7703,1
2402,2402,0,7730,0,1,1e32,001c,7730,7730,1
2403,2403,0,7683,0,1,1e3f,001c,7743,7683,1
2404,2404,0,7688,0,1,1e54,001c,7764,7688,1
2405,2405,0,7746,0,1,1eab,001c,7851,7746,1
2406,2406,0,7808,0,1,1efe,001c,7935,7808,1
2407,2407,0,7890,0,1,1fb4,001c,8126,7890,1
2408,2408,0,8022,0,1,1fd5,001c,8149,8022,1
2409,2409,0,8089,0,1,3fdd,001c,16349,8089,1
2410,2410,0,8152,0,1,e0bd,001c,8381,8152,1
2411,2411,0,8244,0,1,e0f5,001c,8437,8244,1
2412,2412,0,8377,0,1,e1f7,001c,8695,8377,1
2413,2413,0,8467,0,1,e1e7,001c,8679,8467,1
2414,2414,0,8562,0,1,e1cc,001c,8640,8562,1
2415,2415,0,8619,0,1,e1de,001c,8670,8619,1
2416,2416,0,7880,0,1,e22a,001c,8746,7880,1
2417,2417,0,8654,0,1,e252,001c,8786,8654,1
2418,2418,0,8694,0,1,e246,001c,8774,8694,1
2419,2419,0,8713,0,1,e214,001c,8724,8713,1
2420,2420,0,8660,0,1,e1bf,001c,8639,8660,1
2421,2421,0,8595,0,1,e183,001c,8579,8595,1
2422,2422,0,8549,0,1,e124,001c,8484,8549,1
2423,2423,0,8455,0,1,e0c4,001c,8388,8455,1
2424,2424,0,8386,0,1,e083,001c,8323,8386,1
2425,2425,0,8250,0,1,e012,001c,8210,8250,1
2426,2426,0,8166,0,1,1fbf,001c,8127,8166,1
2427,2427,0,8082,0,1,1f65,001c,8037,8082,1
2428,2428,0,7977,0,1,1ef5,001c,7925,7977,1
2429,2429,0,7844,0,1,1eb0,001c,7856,7844,1
2430,2430,0,7805,0,1,1e5f,001c,7775,7805,1
2431,2431,0,7724,0,1,1e1a,001c,7706,7724,1
2432,2432,0,7694,0,1,1e26,001c,7718,7694,1
2433,2433,0,7688,0,1,1e12,001c,7698,7688,1
2434,2434,0,7687,0,1,1e19,001c,7705,7687,1
2435,2435,0,7687,0,1,1e31,001c,7729,7687,1
2436,2436,0,7691,0,1,1e77,001c,7799,7691,1
2437,2437,0,7707,0,1,1ec6,001c,7878,7707,1
2438,2438,0,7764,0,1,1ef7,001c,7927,7764,1
2439,2439,0,7869,0,1,1f6a,001c,8042,7869,1
2440,2440,0,7954,0,1,1fd0,001c,8144,7954,1
2441,2441,0,8029,0,1,e235,001c,8245,8029,1
2442,2442,0,8135,0,1,e0a4,001c,8373,8135,1
2443,2443,0,8217,0,1,e0fd,001c,8445,8217,1
2444,2444,0,8320,0,1,e1f5,001c,8573,8320,1
2445,2445,0,8417,0,1,e1ef,001c,8687,8417,1
2446,2446,0,8514,0,1,e1bf,001c,8639,8514,1
2447,2447,0,8588,0,1,e1fc,001c,8700,8588,1
2448,2448,0,8616,0,1,e1ff,001c,8684,8616,1
2449,2449,0,8632,0,1,e1f7,001c,8695,8632,1
2450,2450,0,8686,0,1,e1fe,001c,8694,8686,1
2451,2451,0,8695,0,1,e1e8,001c,8680,8695,1
2452,2452,0,8624,0,1,e1ba,001c,8634,8624,1
2453,2453,0,8595,0,1,e170,001c,8560,8595,1
2454,2454,0,8554,0,1,e129,001c,8489,8554,1
2455,2455,0,8456,0,1,e10b,001c,8459,8456,1
2456,2456,0,8361,0,1,e0a2,001c,8354,8361,1
2457,2457,0,8260,0,1,e029,001c,8233,8260,1
2458,2458,0,8174,0,1,1fad,001c,8109,8174,1
2459,2459,0,8034,0,1,1f5c,001c,8028,8034,1
2460,2460,0,7969,0,1,1f0e,001c,7950,7969,1
2461,2461,0,7881,0,1,1eab,001c,7851,7881,1
2462,2462,0,7769,0,1,1e66,001c,7782,7769,1
2463,2463,0,7728,0,1,1e4b,001c,7755,7728,1
2464,2464,0,7666,0,1,1ded,001c,7661,7666,1
2465,2465,0,7660,0,1,1e08,001c,7688,7660,1
2466,2466,0,7693,0,1,1e20,001c,7712,7693,1
2467,2467,0,7668,0,1,1e20,001c,7712,7668,1
2468,2468,0,7714,0,1,1e4f,001c,7759,7714,1
2469,2469,0,7760,0,1,1e9e,001c,7838,7760,1
2470,2470,0,7832,0,1,1f02,001c,7938,7832,1
2471,2471,0,7917,0,1,1f62,001c,8034,7917,1
2472,2472,0,8018,0,1,1fb7,001c,8119,8018,1
2473,2473,0,8115,0,1,e011,001c,8209,8115,1
2474,2474,0,8229,0,1,e089,001c,8329,8229,1
2475,2475,0,8308,0,1,e0b9,001c,8377,8308,1
2476,2476,0,8403,0,1,e109,001c,8457,8403,1
2477,2477,0,8478,0,1,e17d,001c,8573,8478,1
2478,2478,0,8530,0,1,e1be,001c,8639,8530,1
2479,2479,0,8613,0,1,e1be,001c,8638,8613,1
2480,2480,0,8665,0,1,e1f6,001c,8702,8665,1
2481,2481,0,8698,0,1,e3f7,001c,9207,8698,1
2482,2482,0,8689,0,1,e2cf,001c,8911,8689,1
2483,2483,0,8640,0,1,e1fe,001c,8702,8640,1
2484,2484,0,8567,0,1,e1be,001c,8630,8567,1
2485,2485,0,8530,0,1,e1cb,001c,8648,8530,1
2486,2486,0,8499,0,1,e14b,001c,8651,8499,1
2487,2487,0,8481,0,1,e0db,001c,8411,8481,1
2488,2488,0,8414,0,1,e066,001c,8294,8414,1
2489,2489,0,8317,0,1,e005,001c,8197,8317,1
2490,2490,0,8165,0,1,1f9e,001c,8094,8165,1
2491,2491,0,8083,0,1,1f4a,001c,8010,8083,1
2492,2492,0,7997,0,1,1ec0,001c,7872,7997,1
2493,2493,0,7883,0,1,1e83,001c,7811,7883,1
2494,2494,0,7829,0,1,1e65,001c,7781,7829,1
2495,2495,0,7754,0,1,1e2d,001c,7725,7754,1
2496,2496,0,7708,0,1,1e0f,001c,7695,7708,1
2497,2497,0,7685,0,1,1e05,001c,7685,7685,1
2498,2498,0,7668,0,1,1dfa,001c,7674,7668,1
2499,2499,0,7695,0,1,1e06,001c,7686,7695,1
2500,2500,0,7726,0,1,1e47,001c,7751,7726,1
2501,2501,0,7764,0,1,1e8d,001c,7821,7764,1
2502,2502,0,7841,0,1,1ec5,001c,7877,7841,1
2503,2503,0,7917,0,1,1f03,001c,7939,7917,1
2504,2504,0,8035,0,1,1f8a,001c,8074,8035,1
2505,2505,0,8141,0,1,e00f,001c,8207,8141,1
2506,2506,0,8242,0,1,e062,001c,8290,8242,1
2507,2507,0,8336,0,1,e0bf,001c,8383,8336,1
2508,2508,0,8446,0,1,e10e,001c,8462,8446,1
2509,2509,0,8517,0,1,e153,001c,8531,8517,1
2510,2510,0,8599,0,1,e19e,001c,8606,8599,1
2511,2511,0,8651,0,1,e1ea,001c,8682,8651,1
2512,2512,0,8723,0,1,e1de,001c,8670,8723,1
2513,2513,0,8713,0,1,e1e3,001c,8675,8713,1
2514,2514,0,8698,0,1,e1ef,001c,8687,8698,1
2515,2515,0,8685,0,1,e1ab,001c,8623,8685,1
2516,2516,0,8648,0,1,e1af,001c,8623,8648,1
2517,2517,0,8683,0,1,e1bf,001c,8639,8683,1
2518,2518,0,8547,0,1,e1fb,001c,8699,8547,1
2519,2519,0,8476,0,1,e0ef,001c,8431,8476,1
2520,2520,0,8395,0,1,e0b5,001c,8341,8395,1
2521,2521,0,8335,0,1,e035,001c,8245,8335,1
2522,2522,0,8229,0,1,1fd1,001c,8145,8229,1
2523,2523,0,8078,0,1,1f59,001c,8025,8078,1
2524,2524,0,7984,0,1,1f06,001c,7942,7984,1
2525,2525,0,7922,0,1,1eb1,001c,7857,7922,1
2526,2526,0,7834,0,1,1e70,001c,7792,7834,1
2527,2527,0,7792,0,1,1e1f,001c,7711,7792,1
2528,2528,0,7754,0,1,1e1b,001c,7707,7754,1
2529,2529,0,7702,0,1,1e06,001c,7686,7702,1
2530,2530,0,7699,0,1,1e15,001c,7701,7699,1
2531,2531,0,7712,0,1,1e15,001c,7701,7712,1
2532,2532,0,7735,0,1,1e46,001c,7750,7735,1
2533,2533,0,7787,0,1,1ea3,001c,7843,7787,1
2534,2534,0,7854,0,1,1ed1,001c,7889,7854,1
2535,2535,0,7937,0,1,1f2b,001c,7979,7937,1
2536,2536,0,8033,0,1,1fc6,001c,8134,8033,1
2537,2537,0,8173,0,1,e007,001c,8199,8173,1
2538,2538,0,8173,0,1,e068,001c,8296,8173,1
2539,2539,0,8240,0,1,e0cd,001c,8397,8240,1
2540,2540,0,8345,0,1,e13b,001c,8507,8345,1
2541,2541,0,8406,0,1,e196,001c,8598,8406,1
2542,2542,0,8523,0,1,e1bf,001c,8639,8523,1
2543,2543,0,8610,0,1,e1f8,001c,8696,8610,1
2544,2544,0,8666,0,1,e219,001c,8729,8666,1
2545,2545,0,8685,0,1,e21b,001c,8731,8685,1
2546,2546,0,8692,0,1,e200,001c,8704,8692,1
2547,2547,0,8704,0,1,e1c3,001c,8643,8704,1
2548,2548,0,8691,0,1,e1a9,001c,8617,8691,1
2549,2549,0,8623,0,1,e17f,001c,8575,8623,1
2550,2550,0,8589,0,1,e1fe,001c,8447,8589,1
2551,2551,0,8541,0,1,e0bf,001c,8383,8541,1
2552,2552,0,8421,0,1,e0ff,001c,8447,8421,1
2553,2553,0,8320,0,1,ffdc,001c,16348,8320,1
2554,2554,0,8250,0,1,1fdf,001c,8159,8250,1
2555,2555,0,8130,0,1,1f7b,001c,8059,8130,1
2556,2556,0,7998,0,1,1fde,001c,8154,7998,1
2557,2557,0,7896,0,1,1ec6,001c,7878,7896,1
2558,2558,0,7847,0,1,1e90,001c,7824,7847,1
2559,2559,0,7799,0,1,1e51,001c,7761,7799,1
2560,2560,0,7733,0,1,1e38,001c,7736,7733,1
2561,2561,0,7714,0,1,1e39,001c,7737,7714,1
2562,2562,0,7677,0,1,1e15,001c,7701,7677,1
2563,2563,0,7685,0,1,1e3f,001c,7743,7685,1
2564,2564,0,7704,0,1,1e72,001c,7794,7704,1
2565,2565,0,7745,0,1,1e8f,001c,7823,7745,1
2566,2566,0,7822,0,1,1f1e,001c,7966,7822,1
2567,2567,0,7926,0,1,1f66,001c,8038,7926,1
2568,2568,0,8006,0,1,1f92,001c,8082,8006,1
2569,2569,0,8115,0,1,1ff4,001c,8180,8115,1
2570,2570,0,8194,0,1,e07e,001c,8318,8194,1
2571,2571,0,8275,0,1,e100,001c,8448,8275,1
2572,2572,0,8367,0,1,e145,001c,8517,8367,1
2573,2573,0,8473,0,1,e14e,001c,8526,8473,1
2574,2574,0,8561,0,1,e1ba,001c,8634,8561,1
2575,2575,0,8631,0,1,e1fa,001c,8698,8631,1
2576,2576,0,8666,0,1,e215,001c,8725,8666,1
2577,2577,0,8682,0,1,e234,001c,8756,8682,1
2578,2578,0,8673,0,1,e218,001c,8728,8673,1
2579,2579,0,8652,0,1,e1f3,001c,8691,8652,1
2580,2580,0,8642,0,1,e1b8,001c,8632,8642,1
2581,2581,0,8686,0,1,e174,001c,8564,8686,1
2582,2582,0,8558,0,1,e11c,001c,8476,8558,1
2583,2583,0,8485,0,1,e0c0,001c,8384,8485,1
2584,2584,0,8405,0,1,e062,001c,8290,8405,1
2585,2585,0,8304,0,1,e037,001c,8247,8304,1
2586,2586,0,8241,0,1,df9f,001c,8095,8241,1
2587,2587,0,8193,0,1,1fdd,001c,8029,8193,1
2588,2588,0,8089,0,1,1fff,001c,8191,8089,1
2589,2589,0,7982,0,1,1ebb,001c,7867,7982,1
2590,2590,0,7885,0,1,1efb,001c,7931,7885,1
2591,2591,0,7799,0,1,1e7f,001c,7807,7799,1
2592,2592,0,7777,0,1,1e3f,001c,7741,7777,1
2593,2593,0,7749,0,1,1e67,001c,7783,7749,1
2594,2594,0,7707,0,1,1e40,001c,7744,7707,1
2595,2595,0,7639,0,1,1e4b,001c,7755,7639,1
2596,2596,0,7658,0,1,1e4a,001c,7754,7658,1
2597,2597,0,7676,0,1,1e80,001c,7808,7676,1
2598,2598,0,7729,0,1,1ec9,001c,7881,7729,1
2599,2599,0,7807,0,1,1f3c,001c,7996,7807,1
2600,2600,0,7831,0,1,1f97,001c,8087,7831,1
2601,2601,0,7951,0,1,1fdb,001c,8155,7951,1
2602,2602,0,8033,0,1,e05d,001c,8285,8033,1
2603,2603,0,8145,0,1,e0c7,001c,8391,8145,1
2604,2604,0,8286,0,1,e10c,001c,8460,8286,1
2605,2605,0,8351,0,1,e181,001c,8577,8351,1
2606,2606,0,8435,0,1,e1ac,001c,8620,8435,1
2607,2607,0,8525,0,1,e1d8,001c,8664,8525,1
2608,2608,0,8573,0,1,e20c,001c,8716,8573,1
2609,2609,0,8646,0,1,e1f0,001c,8688,8646,1
2610,2610,0,8677,0,1,e1be,001c,8638,8677,1
2611,2611,0,8641,0,1,e1b0,001c,8624,8641,1
2612,2612,0,8608,0,1,e159,001c,8537,8608,1
2613,2613,0,8622,0,1,e0b4,001c,8372,8622,1
2614,2614,0,8590,0,1,e0f4,001c,8436,8590,1
2615,2615,0,8568,0,1,e0cc,001c,8396,8568,1
2616,2616,0,8458,0,1,e0ab,001c,8363,8458,1
2617,2617,0,8374,0,1,1fce,001c,8142,8374,1
2618,2618,0,8331,0,1,1f8d,001c,8077,8331,1
2619,2619,0,8219,0,1,1f90,001c,8080,8219,1
2620,2620,0,8105,0,1,1edb,001c,7899,8105,1
2621,2621,0,8008,0,1,1e6b,001c,7803,8008,1
2622,2622,0,7929,0,1,1e73,001c,7803,7929,1
2623,2623,0,7837,0,1,1e5b,001c,7771,7837,1
2624,2624,0,7753,0,1,1e4d,001c,7757,7753,1
2625,2625,0,7716,0,1,1e1d,001c,7709,7716,1
2626,2626,0,7675,0,1,1e5c,001c,7772,7675,1
2627,2627,0,7629,0,1,1edc,001c,7900,7629,1
2628,2628,0,7620,0,1,1ec8,001c,7872,7620,1
2629,2629,0,7691,0,1,1e7b,001c,7803,7691,1
2630,2630,0,7766,0,1,1ec7,001c,7879,7766,1
2631,2631,0,7821,0,1,1f41,001c,8001,7821,1
2632,2632,0,7889,0,1,1faa,001c,8106,7889,1
2633,2633,0,7992,0,1,e004,001c,8196,7992,1
2634,2634,0,8087,0,1,e057,001c,8279,8087,1
2635,2635,0,8143,0,1,e0bf,001c,8383,8143,1
2636,2636,0,8307,0,1,e139,001c,8505,8307,1
2637,2637,0,8353,0,1,e17c,001c,8572,8353,1
2638,2638,0,8471,0,1,e1ac,001c,8620,8471,1
2639,2639,0,8538,0,1,e1dd,001c,8669,8538,1
2640,2640,0,8610,0,1,e1f1,001c,8689,8610,1
2641,2641,0,8692,0,1,e202,001c,8706,8692,1
2642,2642,0,8692,0,1,e1f9,001c,8697,8692,1
2643,2643,0,8698,0,1,e1cb,001c,8651,8698,1
2644,2644,0,8747,0,1,e185,001c,8581,8747,1
2645,2645,0,8723,0,1,e16c,001c,8556,8723,1
2646,2646,0,8598,0,1,e126,001c,8486,8598,1
2647,2647,0,8568,0,1,e0b3,001c,8371,8568,1
2648,2648,0,8512,0,1,e060,001c,8288,8512,1
2649,2649,0,8392,0,1,1ff2,001c,8178,8392,1
2650,2650,0,8294,0,1,1f84,001c,8068,8294,1
2651,2651,0,8175,0,1,1eff,001c,7935,8175,1
2652,2652,0,8087,0,1,1ebe,001c,7870,8087,1
2653,2653,0,8026,0,1,1e99,001c,7833,8026,1
2654,2654,0,7881,0,1,1e54,001c,7764,7881,1
2655,2655,0,7834,0,1,1e17,001c,7703,7834,1
2656,2656,0,7780,0,1,1ff6,001c,7670,7780,1
2657,2657,0,7739,0,1,1f38,001c,7742,7739,1
2658,2658,0,7743,0,1,1ffa,001c,8186,7743,1
2659,2659,0,7730,0,1,1ffa,001c,8186,7730,1
2660,2660,0,7743,0,1,1e78,001c,7800,7743,1
2661,2661,0,7725,0,1,1efe,001c,7934,7725,1
2662,2662,0,7796,0,1,1fbe,001c,8126,7796,1
2663,2663,0,7853,0,1,1f4d,001c,8009,7853,1
2664,2664,0,7961,0,1,1ff6,001c,8182,7961,1
2665,2665,0,8041,0,1,1fe4,001c,8164,8041,1
2666,2666,0,8126,0,1,e035,001c,8245,8126,1
2667,2667,0,8238,0,1,e097,001c,8343,8238,1
2668,2668,0,8335,0,1,e0ec,001c,8428,8335,1
2669,2669,0,8415,0,1,e149,001c,8521,8415,1
2670,2670,0,8521,0,1,e18e,001c,8590,8521,1
2671,2671,0,8622,0,1,e1c4,001c,8644,8622,1
2672,2672,0,8666,0,1,e1f3,001c,8691,8666,1
2673,2673,0,8686,0,1,e1ed,001c,8685,8686,1
2674,2674,0,8731,0,1,e1e3,001c,8675,8731,1
2675,2675,0,8729,0,1,e1f6,001c,8694,8729,1
2676,2676,0,8714,0,1,e1b4,001c,8628,8714,1
2677,2677,0,8693,0,1,e144,001c,8516,8693,1
2678,2678,0,8643,0,1,e122,001c,8482,8643,1
2679,2679,0,8614,0,1,e0ce,001c,8398,8614,1
2680,2680,0,8516,0,1,e06a,001c,8298,8516,1
2681,2681,0,8399,0,1,e00d,001c,8205,8399,1
2682,2682,0,8312,0,1,1f9f,001c,8095,8312,1
2683,2683,0,8232,0,1,1f37,001c,7991,8232,1
2684,2684,0,8115,0,1,1eb1,001c,7857,8115,1
2685,2685,0,7996,0,1,1e7a,001c,7802,7996,1
2686,2686,0,7923,0,1,1e66,001c,7782,7923,1
2687,2687,0,7825,0,1,1e2d,001c,7725,7825,1
2688,2688,0,7761,0,1,1e0b,001c,7691,7761,1
2689,2689,0,7750,0,1,1df2,001c,7666,7750,1
2690,2690,0,7718,0,1,1e1a,001c,7706,7718,1
2691,2691,0,7708,0,1,1e4f,001c,7759,7708,1
2692,2692,0,7746,0,1,1e6f,001c,7791,7746,1
2693,2693,0,7768,0,1,1ebb,001c,7871,7768,1
2694,2694,0,7822,0,1,1fbf,001c,7999,7822,1
2695,2695,0,7910,0,1,1f7e,001c,8062,7910,1
2696,2696,0,7996,0,1,1fef,001c,8175,7996,1
2697,2697,0,8110,0,1,1fe9,001c,8169,8110,1
2698,2698,0,8186,0,1,e0bf,001c,8376,8186,1
2699,2699,0,8276,0,1,e187,001c,8583,8276,1
2700,2700,0,8373,0,1,e14a,001c,8512,8373,1
2701,2701,0,8465,0,1,e14a,001c,8522,8465,1
2702,2702,0,8516,0,1,e193,001c,8595,8516,1
2703,2703,0,8605,0,1,e1df,001c,8671,8605,1
2704,2704,0,8630,0,1,e1d2,001c,8658,8630,1
2705,2705,0,8694,0,1,e1e0,001c,8672,8694,1
2706,2706,0,8658,0,1,e20b,001c,8715,8658,1
2707,2707,0,8667,0,1,e1e9,001c,8681,8667,1
2708,2708,0,8676,0,1,e1cd,001c,8653,8676,1
2709,2709,0,8678,0,1,e17d,001c,8573,8678,1
2710,2710,0,8687,0,1,e129,001c,8489,8687,1
2711,2711,0,8585,0,1,e0d6,001c,8406,8585,1
2712,2712,0,8534,0,1,e091,001c,8337,8534,1
2713,2713,0,8471,0,1,e01e,001c,8222,8471,1
2714,2714,0,8390,0,1,1fb3,001c,8115,8390,1
2715,2715,0,8261,0,1,1f35,001c,7989,8261,1
2716,2716,0,8153,0,1,1ec9,001c,7881,8153,1
2717,2717,0,8023,0,1,1eb6,001c,7862,8023,1
2718,2718,0,7938,0,1,1e5c,001c,7772,7938,1
2719,2719,0,7860,0,1,1e2c,001c,7724,7860,1
2720,2720,0,7778,0,1,1e0d,001c,7693,7778,1
2721,2721,0,7716,0,1,1df1,001c,7665,7716,1
2722,2722,0,7669,0,1,1e0e,001c,7694,7669,1
2723,2723,0,7626,0,1,1e23,001c,7715,7626,1
2724,2724,0,7645,0,1,1e7f,001c,7807,7645,1
2725,2725,0,7639,0,1,1ec0,001c,7872,7639,1
2726,2726,0,7738,0,1,1ef7,001c,7927,7738,1
2727,2727,0,7846,0,1,1f7b,001c,8059,7846,1
2728,2728,0,7844,0,1,1fca,001c,8170,7844,1
2729,2729,0,7927,0,1,efae,001c,9006,7927,1
2730,2730,0,7895,0,1,e0a6,001c,8366,7895,1
2731,2731,0,8017,0,1,e0de,001c,8414,8017,1
2732,2732,0,8121,0,1,e1de,001c,8670,8121,1
2733,2733,0,8181,0,1,e1b6,001c,8630,8181,1
2734,2734,0,8293,0,1,e1d2,001c,8658,8293,1
2735,2735,0,8393,0,1,e1ea,001c,8650,8393,1
2736,2736,0,8497,0,1,e1e8,001c,8680,8497,1
2737,2737,0,8550,0,1,e206,001c,8710,8550,1
2738,2738,0,8584,0,1,e1fa,001c,8698,8584,1
2739,2739,0,8636,0,1,e1d5,001c,8661,8636,1
2740,2740,0,8649,0,1,e198,001c,8600,8649,1
2741,2741,0,8636,0,1,e176,001c,8566,8636,1
2742,2742,0,8616,0,1,e14f,001c,8527,8616,1
2743,2743,0,8550,0,1,e0d8,001c,8408,8550,1
2744,2744,0,8462,0,1,e057,001c,8279,8462,1
2745,2745,0,8385,0,1,e000,001c,8192,8385,1
2746,2746,0,8341,0,1,1fa6,001c,8102,8341,1
2747,2747,0,8224,0,1,1f3e,001c,7998,8224,1
2748,2748,0,8086,0,1,1ee7,001c,7911,8086,1
2749,2749,0,8004,0,1,1e94,001c,7828,8004,1
2750,2750,0,7909,0,1,1e5a,001c,7770,7909,1
2751,2751,0,7840,0,1,1e22,001c,7714,7840,1
2752,2752,0,7772,0,1,1df9,001c,7673,7772,1
2753,2753,0,7697,0,1,1e00,001c,7680,7697,1
2754,2754,0,7657,0,1,1de9,001c,7657,7657,1
2755,2755,0,7644,0,1,1e1c,001c,7708,7644,1
2756,2756,0,7635,0,1,1e50,001c,7760,7635,1
2757,2757,0,7692,0,1,1ea0,001c,7840,7692,1
2758,2758,0,7722,0,1,1ed8,001c,7896,7722,1
2759,2759,0,7758,0,1,1f3e,001c,7998,7758,1
2760,2760,0,7842,0,1,1fb4,001c,8116,7842,1
2761,2761,0,7927,0,1,e024,001c,8228,7927,1
2762,2762,0,8014,0,1,e069,001c,8297,8014,1
2763,2763,0,8131,0,1,e0bf,001c,8383,8131,1
2764,2764,0,8207,0,1,e120,001c,8503,8207,1
2765,2765,0,8322,0,1,e169,001c,8553,8322,1
2766,2766,0,8401,0,1,e1fd,001c,8637,8401,1
2767,2767,0,8456,0,1,e1f7,001c,8695,8456,1
2768,2768,0,8578,0,1,e1f7,001c,8695,8578,1
2769,2769,0,8655,0,1,e1fd,001c,8701,8655,1
2770,2770,0,8674,0,1,e1fc,001c,8700,8674,1
2771,2771,0,8689,0,1,e1e9,001c,8680,8689,1
2772,2772,0,8684,0,1,e1e1,001c,8673,8684,1
2773,2773,0,8672,0,1,e172,001c,8562,8672,1
2774,2774,0,8625,0,1,e102,001c,8450,8625,1
2775,2775,0,8557,0,1,e0c1,001c,8385,8557,1
2776,2776,0,8476,0,1,e065,001c,8293,8476,1
2777,2777,0,8381,0,1,1ff8,001c,8184,8381,1
2778,2778,0,8296,0,1,1f95,001c,8085,8296,1
2779,2779,0,8204,0,1,1f3c,001c,7996,8204,1
2780,2780,0,8104,0,1,1ee6,001c,7910,8104,1
2781,2781,0,7992,0,1,1e83,001c,7811,7992,1
2782,2782,0,7887,0,1,1e45,001c,7749,7887,1
2783,2783,0,7831,0,1,1e07,001c,7687,7831,1
2784,2784,0,7791,0,1,1dfb,001c,7675,7791,1
2785,2785,0,7717,0,1,1de2,001c,7650,7717,1
2786,2786,0,7692,0,1,1de2,001c,7650,7692,1
2787,2787,0,7706,0,1,1e0e,001c,7694,7706,1
2788,2788,0,7719,0,1,1e2f,001c,7727,7719,1
2789,2789,0,7748,0,1,1e65,001c,7781,7748,1
2790,2790,0,7820,0,1,1ebd,001c,7869,7820,1
2791,2791,0,7884,0,1,1f33,001c,7987,7884,1
2792,2792,0,7981,0,1,1f84,001c,8068,7981,1
2793,2793,0,8094,0,1,1fca,001c,8138,8094,1
2794,2794,0,8200,0,1,e047,001c,8263,8200,1
2795,2795,0,8276,0,1,e0af,001c,8367,8276,1
2796,2796,0,8355,0,1,e135,001c,8501,8355,1
2797,2797,0,8465,0,1,e15c,001c,8540,8465,1
2798,2798,0,8593,0,1,e193,001c,8595,8593,1
2799,2799,0,8592,0,1,e1d3,001c,8659,8592,1
2800,2800,0,8633,0,1,e1ec,001c,8703,8633,1
2801,2801,0,8681,0,1,e1eb,001c,8687,8681,1
2802,2802,0,8737,0,1,e1ef,001c,8687,8737,1
2803,2803,0,8730,0,1,e1fc,001c,8700,8730,1
2804,2804,0,8727,0,1,e1fd,001c,8701,8727,1
2805,2805,0,8721,0,1,e17f,001c,8575,8721,1
2806,2806,0,8626,0,1,e1fa,001c,8698,8626,1
2807,2807,0,8581,0,1,e0ea,001c,8416,8581,1
2808,2808,0,8524,0,1,e08a,001c,8330,8524,1
2809,2809,0,8423,0,1,e01d,001c,8221,8423,1
2810,2810,0,8330,0,1,1fb2,001c,8114,8330,1
2811,2811,0,8238,0,1,1f3f,001c,7999,8238,1
2812,2812,0,8121,0,1,1efc,001c,7932,8121,1
2813,2813,0,8030,0,1,1eac,001c,7852,8030,1
2814,2814,0,7963,0,1,1e61,001c,7777,7963,1
2815,2815,0,7895,0,1,1e44,001c,7748,7895,1
2816,2816,0,7820,0,1,1e16,001c,7702,7820,1
2817,2817,0,7770,0,1,1df0,001c,7664,7770,1
2818,2818,0,7734,0,1,1e0e,001c,7694,7734,1
2819,2819,0,7710,0,1,1e19,001c,7705,7710,1
2820,2820,0,7723,0,1,1e46,001c,7750,7723,1
2821,2821,0,7756,0,1,1eaa,001c,7850,7756,1
2822,2822,0,7830,0,1,1f00,001c,7936,7830,1
2823,2823,0,7923,0,1,1f50,001c,8016,7923,1
2824,2824,0,7976,0,1,1fad,001c,8109,7976,1
2825,2825,0,8053,0,1,1ff7,001c,8183,8053,1
2826,2826,0,8178,0,1,e061,001c,8289,8178,1
2827,2827,0,8296,0,1,e0db,001c,8411,8296,1
2828,2828,0,8368,0,1,e11f,001c,8479,8368,1
2829,2829,0,8446,0,1,e186,001c,8582,8446,1
2830,2830,0,8540,0,1,e1c2,001c,8642,8540,1
2831,2831,0,8608,0,1,e1dd,001c,8669,8608,1
2832,2832,0,8643,0,1,e1fc,001c,8700,8643,1
2833,2833,0,8684,0,1,e23a,001c,8762,8684,1
2834,2834,0,8700,0,1,e1f3,001c,8691,8700,1
2835,2835,0,8688,0,1,e1e3,001c,8675,8688,1
2836,2836,0,8672,0,1,e1a0,001c,8611,8672,1
2837,2837,0,8652,0,1,e1e8,001c,8552,8652,1
2838,2838,0,8603,0,1,e169,001c,8553,8603,1
2839,2839,0,8573,0,1,e1e1,001c,8673,8573,1
2840,2840,0,8497,0,1,e0c3,001c,8387,8497,1
2841,2841,0,8410,0,1,efef,001c,12239,8410,1
2842,2842,0,8293,0,1,1fef,001c,8175,8293,1
2843,2843,0,8187,0,1,1f9e,001c,8082,8187,1
2844,2844,0,8097,0,1,1f0c,001c,7948,8097,1
2845,2845,0,8000,0,1,1ebb,001c,7867,8000,1
2846,2846,0,7901,0,1,1e98,001c,7832,7901,1
2847,2847,0,7807,0,1,1e7e,001c,7806,7807,1
2848,2848,0,7745,0,1,1e33,001c,7731,7745,1
2849,2849,0,7729,0,1,1e1a,001c,7706,7729,1
2850,2850,0,7729,0,1,1e3f,001c,7743,7729,1
2851,2851,0,7680,0,1,1e42,001c,7746,7680,1
2852,2852,0,7646,0,1,1e6a,001c,7786,7646,1
2853,2853,0,7615,0,1,1eaa,001c,7850,7615,1
2854,2854,0,7697,0,1,1f03,001c,7939,7697,1
2855,2855,0,7763,0,1,1f5c,001c,8028,7763,1
2856,2856,0,7803,0,1,1fac,001c,8108,7803,1
2857,2857,0,7785,0,1,e020,001c,8224,7785,1
2858,2858,0,7864,0,1,e08f,001c,8335,7864,1
2859,2859,0,7995,0,1,e0e7,001c,8423,7995,1
2860,2860,0,8037,0,1,e120,001c,8480,8037,1
2861,2861,0,8147,0,1,e183,001c,8579,8147,1
2862,2862,0,8262,0,1,e1d8,001c,8664,8262,1
2863,2863,0,8371,0,1,e1f3,001c,8691,8371,1
2864,2864,0,8455,0,1,e205,001c,8709,8455,1
2865,2865,0,8573,0,1,e1e6,001c,8678,8573,1
2866,2866,0,8588,0,1,e200,001c,8704,8588,1
2867,2867,0,8651,0,1,e1e1,001c,8673,8651,1
2868,2868,0,8662,0,1,e195,001c,8597,8662,1
2869,2869,0,8629,0,1,e15f,001c,8543,8629,1
2870,2870,0,8642,0,1,e112,001c,8466,8642,1
2871,2871,0,8576,0,1,e0a8,001c,8378,8576,1
2872,2872,0,8501,0,1,e065,001c,8301,8501,1
2873,2873,0,8501,0,1,fff5,001c,8165,8501,1
2874,2874,0,8449,0,1,1ff7,001c,8183,8449,1
2875,2875,0,8366,0,1,1f62,001c,8034,8366,1
2876,2876,0,8275,0,1,1ff2,001c,8178,8275,1
2877,2877,0,8151,0,1,1ed3,001c,7891,8151,1
2878,2878,0,8071,0,1,1e9b,001c,7825,8071,1
2879,2879,0,7960,0,1,1e3a,001c,7738,7960,1
2880,2880,0,7877,0,1,1e0d,001c,7693,7877,1
2881,2881,0,7792,0,1,1dfe,001c,7678,7792,1
2882,2882,0,7729,0,1,1e01,001c,7681,7729,1
2883,2883,0,7729,0,1,1e17,001c,7703,7729,1
2884,2884,0,7700,0,1,1e35,001c,7733,7700,1
2885,2885,0,7658,0,1,1e7a,001c,7802,7658,1
2886,2886,0,7613,0,1,1ec4,001c,7876,7613,1
2887,2887,0,7640,0,1,1f10,001c,7952,7640,1
2888,2888,0,7688,0,1,1f86,001c,8070,7688,1
2889,2889,0,7728,0,1,e002,001c,8194,7728,1
2890,2890,0,7807,0,1,e01d,001c,8221,7807,1
2891,2891,0,7857,0,1,e0a3,001c,8355,7857,1
2892,2892,0,7947,0,1,e0fe,001c,8446,7947,1
2893,2893,0,8082,0,1,e13b,001c,8507,8082,1
2894,2894,0,8184,0,1,e181,001c,8577,8184,1
2895,2895,0,8266,0,1,e1cc,001c,8652,8266,1
2896,2896,0,8362,0,1,e1de,001c,8670,8362,1
2897,2897,0,8488,0,1,e1d1,001c,8657,8488,1
2898,2898,0,8564,0,1,e1a3,001c,8611,8564,1
2899,2899,0,8628,0,1,e1a3,001c,8611,8628,1
2900,2900,0,8657,0,1,e189,001c,8585,8657,1
2901,2901,0,8667,0,1,e11d,001c,8477,8667,1
2902,2902,0,8651,0,1,e0ca,001c,8394,8651,1
2903,2903,0,8618,0,1,e077,001c,8311,8618,1
2904,2904,0,8638,0,1,e008,001c,8200,8638,1
2905,2905,0,8596,0,1,1f9a,001c,8090,8596,1
2906,2906,0,8561,0,1,1f66,001c,8038,8561,1
2907,2907,0,8459,0,1,1eed,001c,7919,8459,1
2908,2908,0,8385,0,1,1eab,001c,7855,8385,1
2909,2909,0,8279,0,1,1ecf,001c,7759,8279,1
2910,2910,0,8210,0,1,1e5f,001c,7775,8210,1
2911,2911,0,8121,0,1,1ffe,001c,8158,8121,1
2912,2912,0,8021,0,1,1dee,001c,7662,8021,1
2913,2913,0,7950,0,1,1db7,001c,7607,7950,1
2914,2914,0,7856,0,1,1dfe,001c,7670,7856,1
2915,2915,0,7749,0,1,1dcd,001c,7629,7749,1
2916,2916,0,7719,0,1,1e03,001c,7683,7719,1
2917,2917,0,7697,0,1,1e61,001c,7777,7697,1
2918,2918,0,7676,0,1,1eaf,001c,7855,7676,1
2919,2919,0,7682,0,1,1ef2,001c,7922,7682,1
2920,2920,0,7668,0,1,1f2b,001c,7979,7668,1
2921,2921,0,7734,0,1,1f8d,001c,8077,7734,1
2922,2922,0,7825,0,1,e017,001c,8215,7825,1
2923,2923,0,7917,0,1,e06b,001c,8299,7917,1
2924,2924,0,8003,0,1,e0e3,001c,8419,8003,1
2925,2925,0,8094,0,1,e149,001c,8521,8094,1
2926,2926,0,8212,0,1,e17e,001c,8574,8212,1
2927,2927,0,8309,0,1,e19b,001c,8603,8309,1
2928,2928,0,8367,0,1,e1ba,001c,8634,8367,1
2929,2929,0,8459,0,1,e1b5,001c,8629,8459,1
2930,2930,0,8554,0,1,e1af,001c,8623,8554,1
2931,2931,0,8635,0,1,e194,001c,8596,8635,1
2932,2932,0,8679,0,1,e172,001c,8562,8679,1
2933,2933,0,8705,0,1,e14d,001c,8525,8705,1
2934,2934,0,8688,0,1,e0ec,001c,8428,8688,1
2935,2935,0,8684,0,1,e07c,001c,8316,8684,1
2936,2936,0,8648,0,1,e044,001c,8260,8648,1
2937,2937,0,8631,0,1,1fd4,001c,8148,8631,1
2938,2938,0,8560,0,1,1f6f,001c,8047,8560,1
2939,2939,0,8438,0,1,1f0b,001c,7947,8438,1
2940,2940,0,8333,0,1,1e90,001c,7824,8333,1
2941,2941,0,8236,0,1,1e62,001c,7778,8236,1
2942,2942,0,8143,0,1,1e40,001c,7744,8143,1
2943,2943,0,8034,0,1,1e08,001c,7688,8034,1
2944,2944,0,7946,0,1,1e04,001c,7692,7946,1
2945,2945,0,7880,0,1,1ffd,001c,8189,7880,1
2946,2946,0,7839,0,1,1dfd,001c,7677,7839,1
2947,2947,0,7735,0,1,1ff5,001c,8181,7735,1
2948,2948,0,7711,0,1,1eb5,001c,7861,7711,1
2949,2949,0,7705,0,1,1ec0,001c,7872,7705,1
2950,2950,0,7679,0,1,1ecf,001c,7872,7679,1
2951,2951,0,7721,0,1,1eff,001c,7935,7721,1
2952,2952,0,7746,0,1,1f6a,001c,8042,7746,1
2953,2953,0,7823,0,1,1fd3,001c,8147,7823,1
2954,2954,0,7893,0,1,e03b,001c,8251,7893,1
2955,2955,0,7977,0,1,e0af,001c,8367,7977,1
2956,2956,0,8083,0,1,e113,001c,8467,8083,1
2957,2957,0,8219,0,1,e13d,001c,8509,8219,1
2958,2958,0,8287,0,1,e1a4,001c,8612,8287,1
2959,2959,0,8393,0,1,e1e0,001c,8672,8393,1
2960,2960,0,8497,0,1,e1fa,001c,8698,8497,1
2961,2961,0,8561,0,1,e1f0,001c,8688,8561,1
2962,2962,0,8641,0,1,e1e8,001c,8680,8641,1
2963,2963,0,8706,0,1,e1d4,001c,8660,8706,1
2964,2964,0,8708,0,1,e1b5,001c,8629,8708,1
2965,2965,0,8677,0,1,e16e,001c,8558,8677,1
2966,2966,0,8684,0,1,e143,001c,8515,8684,1
2967,2967,0,8680,0,1,e0e9,001c,8425,8680,1
2968,2968,0,8612,0,1,e062,001c,8290,8612,1
2969,2969,0,8530,0,1,e018,001c,8216,8530,1
2970,2970,0,8447,0,1,1fad,001c,8109,8447,1
2971,2971,0,8401,0,1,1f3b,001c,7995,8401,1
2972,2972,0,8437,0,1,1edf,001c,7903,8437,1
2973,2973,0,8308,0,1,1eb8,001c,7864,8308,1
2974,2974,0,8130,0,1,1e75,001c,7797,8130,1
2975,2975,0,8041,0,1,1e33,001c,7731,8041,1
2976,2976,0,8128,0,1,1e15,001c,7701,8128,1
2977,2977,0,7810,0,1,1e16,001c,7702,7810,1
2978,2978,0,7810,0,1,1e36,001c,7734,7810,1
2979,2979,0,7894,0,1,1e64,001c,7798,7894,1
2980,2980,0,7894,0,1,1e81,001c,7813,7894,1
2981,2981,0,7696,0,1,1ed7,001c,7895,7696,1
2982,2982,0,7707,0,1,1ff7,001c,8151,7707,1
2983,2983,0,7707,0,1,1fb5,001c,8117,7707,1
2984,2984,0,7662,0,1,1fda,001c,8154,7662,1
2985,2985,0,7705,0,1,1fda,001c,8154,7705,1
2986,2986,0,7705,0,1,e0bd,001c,8381,7705,1
2987,2987,0,7859,0,1,e0bb,001c,8435,7859,1
2988,2988,0,7828,0,1,e0fe,001c,8446,7828,1
2989,2989,0,7881,0,1,e151,001c,8529,7881,1
2990,2990,0,8019,0,1,e196,001c,8598,8019,1
2991,2991,0,8051,0,1,e1cd,001c,8653,8051,1
2992,2992,0,8177,0,1,e20e,001c,8718,8177,1
2993,2993,0,8293,0,1,e21f,001c,8735,8293,1
2994,2994,0,8272,0,1,e1e7,001c,8679,8272,1
2995,2995,0,8445,0,1,e1c8,001c,8648,8445,1
2996,2996,0,8482,0,1,e19f,001c,8607,8482,1
2997,2997,0,8636,0,1,e18a,001c,8586,8636,1
2998,2998,0,8712,0,1,e137,001c,8503,8712,1
2999,2999,0,8710,0,1,e0b8,001c,8376,8710,1
3000,3000,0,8640,0,1,e084,001c,8324,8640,1
3001,3001,0,8692,0,1,e009,001c,8201,8692,1
3002,3002,0,8680,0,1,1f8d,001c,8077,8680,1
3003,3003,0,8701,0,1,1f2e,001c,7982,8701,1
3004,3004,0,8573,0,1,1ed9,001c,7897,8573,1
3005,3005,0,8535,0,1,1e92,001c,7826,8535,1
3006,3006,0,8437,0,1,1e50,001c,7760,8437,1
3007,3007,0,8394,0,1,1e22,001c,7714,8394,1
3008,3008,0,8272,0,1,1e08,001c,7688,8272,1
3009,3009,0,8171,0,1,1def,001c,7663,8171,1
3010,3010,0,8060,0,1,1df6,001c,7670,8060,1
3011,3011,0,7942,0,1,1e30,001c,7728,7942,1
3012,3012,0,7867,0,1,1e69,001c,7785,7867,1
3013,3013,0,7796,0,1,1e92,001c,7826,7796,1
3014,3014,0,7738,0,1,1eda,001c,7898,7738,1
3015,3015,0,7693,0,1,1f3a,001c,7994,7693,1
3016,3016,0,7661,0,1,1fbb,001c,8123,7661,1
3017,3017,0,7667,0,1,ffaf,001c,16303,7667,1
3018,3018,0,7676,0,1,e06e,001c,8302,7676,1
3019,3019,0,7718,0,1,e0ff,001c,8447,7718,1
3020,3020,0,7818,0,1,e1d5,001c,8661,7818,1
3021,3021,0,7864,0,1,e16a,001c,8552,7864,1
3022,3022,0,7939,0,1,e1ef,001c,8682,7939,1
3023,3023,0,8042,0,1,e1af,001c,8623,8042,1
3024,3024,0,8165,0,1,e19f,001c,8607,8165,1
3025,3025,0,8261,0,1,e1cc,001c,8652,8261,1
3026,3026,0,8355,0,1,e1e9,001c,8681,8355,1
3027,3027,0,8437,0,1,e1b8,001c,8632,8437,1
3028,3028,0,8515,0,1,e18d,001c,8589,8515,1
3029,3029,0,8590,0,1,e14a,001c,8522,8590,1
3030,3030,0,8633,0,1,e0f4,001c,8436,8633,1
3031,3031,0,8672,0,1,e094,001c,8340,8672,1
3032,3032,0,8673,0,1,e031,001c,8241,8673,1
3033,3033,0,8646,0,1,1fdd,001c,8157,8646,1
3034,3034,0,8625,0,1,1f7e,001c,8062,8625,1
3035,3035,0,8596,0,1,1ef1,001c,7921,8596,1
3036,3036,0,8518,0,1,1e86,001c,7814,8518,1
3037,3037,0,8416,0,1,1e46,001c,7750,8416,1
3038,3038,0,8318,0,1,1df2,001c,7666,8318,1
3039,3039,0,8208,0,1,1dd7,001c,7639,8208,1
3040,3040,0,8140,0,1,1dce,001c,7630,8140,1
3041,3041,0,8068,0,1,1dc0,001c,7616,8068,1
3042,3042,0,7938,0,1,1dcf,001c,7631,7938,1
3043,3043,0,7843,0,1,1dfa,001c,7674,7843,1
3044,3044,0,7775,0,1,1e26,001c,7718,7775,1
3045,3045,0,7725,0,1,1e74,001c,7796,7725,1
3046,3046,0,7663,0,1,1ec5,001c,7877,7663,1
3047,3047,0,7607,0,1,1f31,001c,7985,7607,1
3048,3048,0,7622,0,1,1f81,001c,8065,7622,1
3049,3049,0,7673,0,1,1ff1,001c,8177,7673,1
3050,3050,0,7679,0,1,e275,001c,8309,7679,1
3051,3051,0,7769,0,1,e0d7,001c,8407,7769,1
3052,3052,0,7835,0,1,e1d7,001c,8471,7835,1
3053,3053,0,7918,0,1,e17e,001c,8574,7918,1
3054,3054,0,8015,0,1,e17f,001c,8575,8015,1
3055,3055,0,8112,0,1,e1ff,001c,8703,8112,1
3056,3056,0,8212,0,1,e1ab,001c,8619,8212,1
3057,3057,0,8279,0,1,e1f5,001c,8677,8279,1
3058,3058,0,8392,0,1,e1d5,001c,8661,8392,1
3059,3059,0,8535,0,1,e1c1,001c,8641,8535,1
3060,3060,0,8579,0,1,e18a,001c,8586,8579,1
3061,3061,0,8612,0,1,e148,001c,8520,8612,1
3062,3062,0,8643,0,1,e103,001c,8451,8643,1
3063,3063,0,8656,0,1,e0b6,001c,8374,8656,1
3064,3064,0,8662,0,1,e068,001c,8296,8662,1
3065,3065,0,8650,0,1,e003,001c,8195,8650,1
3066,3066,0,8595,0,1,1f9a,001c,8090,8595,1
3067,3067,0,8544,0,1,1f56,001c,8022,8544,1
3068,3068,0,8438,0,1,1ed9,001c,7897,8438,1
3069,3069,0,8326,0,1,1e85,001c,7813,8326,1
3070,3070,0,8258,0,1,1e56,001c,7766,8258,1
3071,3071,0,8148,1,1,1e15,001c,7701,8148,1
3072,3072,0,8148,0,0,1df2,001c,7666,8148,0
3073,3073,0,8148,0,0,1de4,001c,7652,8148,0
3074,3074,0,8148,0,0,1ddf,001c,7647,8148,0
3075,3075,0,8148,0,0,1e0d,001c,7693,8148,0
3076,3076,0,8148,0,0,1e38,001c,7736,8148,0
3077,3077,0,8148,0,0,1e82,001c,7810,8148,0
3078,3078,0,8148,0,0,1ef3,001c,7923,8148,0
3079,3079,0,8148,0,0,1f3d,001c,7997,8148,0
3080,3080,0,8148,0,0,1fa0,001c,8096,8148,0
3081,3081,0,8148,0,0,e00d,001c,8205,8148,0
3082,3082,0,8148,0,0,e074,001c,8308,8148,0
3083,3083,0,8148,0,0,e0bd,001c,8381,8148,0
3084,3084,0,8148,0,0,e12c,001c,8492,8148,0
3085,3085,0,8148,0,0,e178,001c,8568,8148,0
3086,3086,0,8148,0,0,e1e3,001c,8691,8148,0
3087,3087,0,8148,0,0,e1e2,001c,8675,8148,0
3088,3088,0,8148,0,0,e1ee,001c,8686,8148,0
3089,3089,0,8148,0,0,e1fe,001c,8702,8148,0
3090,3090,0,8148,0,0,e1fe,001c,8702,8148,0
3091,3091,0,8148,0,0,e1fd,001c,8701,8148,0
3092,3092,0,8148,0,0,e1bf,001c,8637,8148,0
3093,3093,0,8148,0,0,e196,001c,8598,8148,0
3094,3094,0,8148,0,0,e132,001c,8690,8148,0
3095,3095,0,8148,0,0,e0d5,001c,8405,8148,0
3096,3096,0,8148,0,0,e076,001c,8310,8148,0
3097,3097,0,8148,0,0,e02b,001c,8235,8148,0
3098,3098,0,8148,0,0,1fde,001c,8158,8148,0
3099,3099,0,8148,0,0,1f5f,001c,8031,8148,0
3100,3100,0,8148,0,0,1eff,001c,7935,8148,0
3101,3101,0,8148,0,0,1ec3,001c,7875,8148,0
3102,3102,0,8148,0,0,1e7f,001c,7807,8148,0
3103,3103,0,8148,0,0,1e2b,001c,7723,8148,0
3104,3104,0,8148,0,0,1e06,001c,7686,8148,0
3105,3105,0,8148,0,0,1df5,001c,7669,8148,0
3106,3106,0,8148,0,0,1e26,001c,7718,8148,0
3107,3107,0,8148,0,0,1e24,001c,7716,8148,0
3108,3108,0,8148,0,0,1e5e,001c,7774,8148,0
3109,3109,0,8148,0,0,1ec4,001c,7876,8148,0
3110,3110,0,8148,0,0,1ee2,001c,7906,8148,0
3111,3111,0,8148,0,0,1f39,001c,7993,8148,0
3112,3112,0,8148,0,0,1fb1,001c,8113,8148,0
3113,3113,0,8148,0,0,e00f,001c,8207,8148,0
3114,3114,0,8148,0,0,e070,001c,8304,8148,0
3115,3115,0,8148,0,0,e0c7,001c,8391,8148,0
3116,3116,0,8148,0,0,e11b,001c,8475,8148,0
3117,3117,0,8148,0,0,e16c,001c,8556,8148,0
3118,3118,0,8148,0,0,e1c0,001c,8640,8148,0
3119,3119,0,8148,0,0,e1df,001c,8671,8148,0
3120,3120,0,8148,0,0,e200,001c,8704,8148,0
3121,3121,0,8148,0,0,e3ed,001c,8685,8148,0
3122,3122,0,8148,0,0,e1e2,001c,8679,8148,0
3123,3123,0,8148,0,0,e1ac,001c,8622,8148,0
3124,3124,0,8148,0,0,e1ff,001c,8703,8148,0
3125,3125,0,8148,0,0,e173,001c,8563,8148,0
3126,3126,0,8148,0,0,e1f3,001c,8691,8148,0
3127,3127,0,8148,0,0,e0eb,001c,8427,8148,0
3128,3128,0,8148,0,0,e09d,001c,8333,8148,0
3129,3129,0,8148,0,0,e014,001c,8212,8148,0
3130,3130,0,8148,0,0,1f7d,001c,8061,8148,0
3131,3131,0,8148,0,0,1f45,001c,8005,8148,0
3132,3132,0,8148,0,0,1ef9,001c,7929,8148,0
3133,3133,0,8148,0,0,1eb9,001c,7865,8148,0
3134,3134,0,8148,0,0,1e68,001c,7784,8148,0
3135,3135,0,8148,0,0,1e37,001c,7735,8148,0
3136,3136,0,8148,0,0,1df1,001c,7665,8148,0
3137,3137,0,8148,0,0,1dd7,001c,7639,8148,0
3138,3138,0,8148,0,0,1df0,001c,7664,8148,0
3139,3139,0,8148,0,0,1e04,001c,7684,8148,0
3140,3140,0,8148,0,0,1e5c,001c,7772,8148,0
3141,3141,0,8148,0,0,1e69,001c,7785,8148,0
3142,3142,0,8148,0,0,1ebd,001c,7869,8148,0
3143,3143,0,8148,0,0,1f2f,001c,7983,8148,0
3144,3144,0,8148,0,0,1f5d,001c,8029,8148,0
3145,3145,0,8148,0,0,1fda,001c,8154,8148,0
3146,3146,0,8148,0,0,e03b,001c,8251,8148,0
3147,3147,0,8148,0,0,e0a7,001c,8359,8148,0
3148,3148,0,8148,0,0,e10e,001c,8462,8148,0
3149,3149,0,8148,0,0,e13f,001c,8511,8148,0
3150,3150,0,8148,0,0,e17c,001c,8572,8148,0
3151,3151,0,8148,0,0,e1ca,001c,8650,8148,0
3152,3152,0,8148,0,0,e1d3,001c,8659,8148,0
3153,3153,0,8148,0,0,e1b8,001c,8632,8148,0
3154,3154,0,8148,0,0,e1ae,001c,8622,8148,0
3155,3155,0,8148,0,0,e1ab,001c,8619,8148,0
3156,3156,0,8148,0,0,e17c,001c,8572,8148,0
3157,3157,0,8148,0,0,e12e,001c,8494,8148,0
3158,3158,0,8148,0,0,e1f1,001c,8447,8148,0
3159,3159,0,8148,0,0,e0fd,001c,8317,8148,0
3160,3160,0,8148,0,0,e07d,001c,8317,8148,0
3161,3161,0,8148,0,0,ef91,001c,12177,8148,0
3162,3162,0,8148,0,0,1faf,001c,8111,8148,0
3163,3163,0,8148,0,0,1fef,001c,8175,8148,0
3164,3164,0,8148,0,0,1ee9,001c,7913,8148,0
3165,3165,0,8148,0,0,1e96,001c,7830,8148,0
3166,3166,0,8148,0,0,1e33,001c,7731,8148,0
3167,3167,0,8148,0,0,1e0b,001c,7691,8148,0
3168,3168,0,8148,0,0,1e05,001c,7685,8148,0
3169,3169,0,8148,0,0,1dc6,001c,7622,8148,0
3170,3170,0,8148,0,0,1dbe,001c,7614,8148,0
3171,3171,0,8148,0,0,1dc5,001c,7621,8148,0
3172,3172,0,8148,0,0,1e08,001c,7688,8148,0
3173,3173,0,8148,0,0,1e78,001c,7800,8148,0
3174,3174,0,8148,0,0,1ee4,001c,7908,8148,0
3175,3175,0,8148,0,0,1ef8,001c,7928,8148,0
3176,3176,0,8148,0,0,1f6b,001c,8043,8148,0
3177,3177,0,8148,0,0,1fbf,001c,8127,8148,0
3178,3178,0,8148,0,0,e018,001c,8216,8148,0
3179,3179,0,8148,0,0,e09d,001c,8349,8148,0
3180,3180,0,8148,0,0,e100,001c,8448,8148,0
3181,3181,0,8148,0,0,e141,001c,8513,8148,0
3182,3182,0,8148,0,0,e173,001c,8563,8148,0
3183,3183,0,8148,0,0,e1b1,001c,8625,8148,0
3184,3184,0,8148,0,0,e1ce,001c,8654,8148,0
3185,3185,0,8148,0,0,e1d2,001c,8658,8148,0
3186,3186,0,8148,0,0,e1be,001c,8638,8148,0
3187,3187,0,8148,0,0,e1bd,001c,8637,8148,0
3188,3188,0,8148,0,0,e18e,001c,8590,8148,0
3189,3189,0,8148,0,0,e128,001c,8488,8148,0
3190,3190,0,8148,0,0,e0e6,001c,8422,8148,0
3191,3191,0,8148,0,0,e078,001c,8312,8148,0
3192,3192,0,8148,0,0,e01d,001c,8221,8148,0
3193,3193,0,8148,0,0,1fcb,001c,8155,8148,0
3194,3194,0,8148,0,0,1f5c,001c,8031,8148,0
3195,3195,0,8148,0,0,1ff5,001c,8189,8148,0
3196,3196,0,8148,0,0,1eed,001c,7917,8148,0
3197,3197,0,8148,0,0,1eff,001c,7935,8148,0
3198,3198,0,8148,0,0,1e7e,001c,7806,8148,0
3199,3199,0,8148,0,0,1fe2,001c,8162,8148,0
3200,3200,0,8148,0,0,1dee,001c,7650,8148,0
3201,3201,0,8148,0,0,1ddd,001c,7645,8148,0
3202,3202,0,8148,0,0,1dfd,001c,7677,8148,0
3203,3203,0,8148,0,0,1e0b,001c,7691,8148,0
3204,3204,0,8148,0,0,1e22,001c,7714,8148,0
3205,3205,0,8148,0,0,1e6a,001c,7786,8148,0
3206,3206,0,8148,0,0,1ee2,001c,7906,8148,0
3207,3207,0,8148,0,0,1f2a,001c,7978,8148,0
3208,3208,0,8148,0,0,1f5e,001c,8030,8148,0
3209,3209,0,8148,0,0,1fe0,001c,8160,8148,0
3210,3210,0,8148,0,0,e049,001c,8265,8148,0
3211,3211,0,8148,0,0,e09f,001c,8351,8148,0
3212,3212,0,8148,0,0,e106,001c,8454,8148,0
3213,3213,0,8148,0,0,e144,001c,8516,8148,0
3214,3214,0,8148,0,0,e178,001c,8568,8148,0
3215,3215,0,8148,0,0,e1cd,001c,8653,8148,0
3216,3216,0,8148,0,0,e1f1,001c,8689,8148,0
3217,3217,0,8148,0,0,e1f2,001c,8690,8148,0
3218,3218,0,8148,0,0,e1ca,001c,8650,8148,0
3219,3219,0,8148,0,0,e1ac,001c,8620,8148,0
3220,3220,0,8148,0,0,e19a,001c,8602,8148,0
3221,3221,0,8148,0,0,e162,001c,8546,8148,0
3222,3222,0,8148,0,0,e10b,001c,8459,8148,0
3223,3223,0,8148,0,0,e0a0,001c,8352,8148,0
3224,3224,0,8148,0,0,e048,001c,8264,8148,0
3225,3225,0,8148,0,0,1fd5,001c,8149,8148,0
3226,3226,0,8148,0,0,1f72,001c,8050,8148,0
3227,3227,0,8148,0,0,1f15,001c,7957,8148,0
3228,3228,0,8148,0,0,1ebc,001c,7868,8148,0
3229,3229,0,8148,0,0,1e6d,001c,7789,8148,0
3230,3230,0,8148,0,0,1e3a,001c,7743,8148,0
3231,3231,0,8148,0,0,1e3a,001c,7738,8148,0
3232,3232,0,8148,0,0,1ffb,001c,8187,8148,0
3233,3233,0,8148,0,0,1def,001c,8171,8148,0
3234,3234,0,8148,0,0,1e0f,001c,7695,8148,0
3235,3235,0,8148,0,0,1e3d,001c,7741,8148,0
3236,3236,0,8148,0,0,1e7d,001c,7805,8148,0
3237,3237,0,8148,0,0,1e7d,001c,7933,8148,0
3238,3238,0,8148,0,0,1eba,001c,7866,8148,0
3239,3239,0,8148,0,0,1f12,001c,7954,8148,0
3240,3240,0,8148,0,0,1f65,001c,8037,8148,0
3241,3241,0,8148,0,0,1fc0,001c,8128,8148,0
3242,3242,0,8148,0,0,e02f,001c,8239,8148,0
3243,3243,0,8148,0,0,e09d,001c,8349,8148,0
3244,3244,0,8148,0,0,e0e6,001c,8422,8148,0
3245,3245,0,8148,0,0,e150,001c,8528,8148,0
3246,3246,0,8148,0,0,e180,001c,8576,8148,0
3247,3247,0,8148,0,0,e1a8,001c,8616,8148,0
3248,3248,0,8148,0,0,e1f4,001c,8692,8148,0
3249,3249,0,8148,0,0,e219,001c,8729,8148,0
3250,3250,0,8148,0,0,e1ef,001c,8687,8148,0
3251,3251,0,8148,0,0,e1ac,001c,8620,8148,0
3252,3252,0,8148,0,0,e15d,001c,8541,8148,0
3253,3253,0,8148,0,0,e146,001c,8518,8148,0
3254,3254,0,8148,0,0,e12a,001c,8490,8148,0
3255,3255,0,8148,0,0,e0c0,001c,8384,8148,0
3256,3256,0,8148,0,0,e051,001c,8273,8148,0
3257,3257,0,8148,0,0,1fd4,001c,8148,8148,0
3258,3258,0,8148,0,0,1f84,001c,8068,8148,0
3259,3259,0,8148,0,0,1f19,001c,7961,8148,0
3260,3260,0,8148,0,0,1e9e,001c,7838,8148,0
3261,3261,0,8148,0,0,1e5b,001c,7771,8148,0
3262,3262,0,8148,0,0,1e1e,001c,7710,8148,0
3263,3263,0,8148,0,0,1e09,001c,7689,8148,0
3264,3264,0,8148,0,0,1df9,001c,7673,8148,0
3265,3265,0,8148,0,0,1dea,001c,7675,8148,0
3266,3266,0,8148,0,0,1df2,001c,7674,8148,0
3267,3267,0,8148,0,0,1fff,001c,8191,8148,0
3268,3268,0,8148,0,0,1e6d,001c,7789,8148,0
3269,3269,0,8148,0,0,1ee8,001c,7912,8148,0
3270,3270,0,8148,0,0,1ef8,001c,7928,8148,0
3271,3271,0,8148,0,0,1ffd,001c,8188,8148,0
3272,3272,0,8148,0,0,1fdd,001c,8149,8148,0
3273,3273,0,8148,0,0,1fb9,001c,8121,8148,0
3274,3274,0,8148,0,0,e019,001c,8217,8148,0
3275,3275,0,8148,0,0,e07f,001c,8319,8148,0
3276,3276,0,8148,0,0,e0e8,001c,8424,8148,0
3277,3277,0,8148,0,0,e141,001c,8513,8148,0
3278,3278,0,8148,0,0,e162,001c,8546,8148,0
3279,3279,0,8148,0,0,e1c4,001c,8644,8148,0
3280,3280,0,8148,0,0,e1d9,001c,8665,8148,0
3281,3281,0,8148,0,0,e1b6,001c,8630,8148,0
3282,3282,0,8148,0,0,e1b6,001c,8630,8148,0
3283,3283,0,8148,0,0,e1c7,001c,8647,8148,0
3284,3284,0,8148,0,0,e196,001c,8598,8148,0
3285,3285,0,8148,0,0,e14f,001c,8527,8148,0
3286,3286,0,8148,0,0,e0eb,001c,8427,8148,0
3287,3287,0,8148,0,0,e097,001c,8343,8148,0
3288,3288,0,8148,0,0,e05c,001c,8284,8148,0
3289,3289,0,8148,0,0,1fe3,001c,8163,8148,0
3290,3290,0,8148,0,0,1f63,001c,8035,8148,0
3291,3291,0,8148,0,0,1f28,001c,7976,8148,0
3292,3292,0,8148,0,0,1ed0,001c,7888,8148,0
3293,3293,0,8148,0,0,1e73,001c,7795,8148,0
3294,3294,0,8148,0,0,1e32,001c,7730,8148,0
3295,3295,0,8148,0,0,1df8,001c,7672,8148,0
3296,3296,0,8148,0,0,1dde,001c,7646,8148,0
3297,3297,0,8148,0,0,1dd7,001c,7639,8148,0
3298,3298,0,8148,0,0,1dd3,001c,7635,8148,0
3299,3299,0,8148,0,0,1dfe,001c,7678,8148,0
3300,3300,0,8148,0,0,1e5b,001c,7803,8148,0
3301,3301,0,8148,0,0,1e93,001c,7827,8148,0
3302,3302,0,8148,0,0,1ed5,001c,7895,8148,0
3303,3303,0,8148,0,0,1ff7,001c,8183,8148,0
3304,3304,0,8148,0,0,1f72,001c,8050,8148,0
3305,3305,0,8148,0,0,1ff4,001c,8180,8148,0
3306,3306,0,8148,0,0,1fc5,001c,8132,8148,0
3307,3307,0,8148,0,0,e0e7,001c,8423,8148,0
3308,3308,0,8148,0,0,e1e7,001c,8679,8148,0
3309,3309,0,8148,0,0,e166,001c,8550,8148,0
3310,3310,0,8148,0,0,e17f,001c,8575,8148,0
3311,3311,0,8148,0,0,e1b0,001c,8624,8148,0
3312,3312,0,8148,0,0,e1cf,001c,8655,8148,0
3313,3313,0,8148,0,0,e1cf,001c,8655,8148,0
3314,3314,0,8148,0,0,e1d6,001c,8662,8148,0
3315,3315,0,8148,0,0,e1c3,001c,8643,8148,0
3316,3316,0,8148,0,0,e19c,001c,8604,8148,0
3317,3317,0,8148,0,0,e15c,001c,8540,8148,0
3318,3318,0,8148,0,0,e118,001c,8472,8148,0
3319,3319,0,8148,0,0,e0a9,001c,8361,8148,0
3320,3320,0,8148,0,0,e035,001c,8245,8148,0
3321,3321,0,8148,0,0,1fee,001c,8174,8148,0
3322,3322,0,8148,0,0,1f7e,001c,8062,8148,0
3323,3323,0,8148,0,0,1f17,001c,7959,8148,0
3324,3324,0,8148,0,0,1edc,001c,7900,8148,0
3325,3325,0,8148,0,0,1e93,001c,7827,8148,0
3326,3326,0,8148,0,0,1e4e,001c,7758,8148,0
3327,3327,0,8148,0,0,1e22,001c,7714,8148,0
3328,3328,0,8148,0,0,1e18,001c,7704,8148,0
3329,3329,0,8148,0,0,1df1,001c,7665,8148,0
3330,3330,0,8148,0,0,1dea,001c,7658,8148,0
3331,3331,0,8148,0,0,1e36,001c,7734,8148,0
3332,3332,0,8148,0,0,1e7f,001c,7807,8148,0
3333,3333,0,8148,0,0,1ead,001c,7853,8148,0
3334,3334,0,8148,0,0,1efa,001c,7930,8148,0
3335,3335,0,8148,0,0,1f3b,001c,7995,8148,0
3336,3336,0,8148,0,0,1fa9,001c,8105,8148,0
3337,3337,0,8148,0,0,ef3f,001c,9023,8148,0
3338,3338,0,8148,0,0,e07b,001c,8319,8148,0
3339,3339,0,8148,0,0,e0ff,001c,8447,8148,0
3340,3340,0,8148,0,0,e1ff,001c,8703,8148,0
3341,3341,0,8148,0,0,e17f,001c,8575,8148,0
3342,3342,0,8148,0,0,e1ff,001c,8703,8148,0
3343,3343,0,8148,0,0,e1fd,001c,8700,8148,0
3344,3344,0,8148,0,0,e1ed,001c,8685,8148,0
3345,3345,0,8148,0,0,e1e8,001c,8680,8148,0
3346,3346,0,8148,0,0,e1f1,001c,8689,8148,0
3347,3347,0,8148,0,0,e1ea,001c,8682,8148,0
3348,3348,0,8148,0,0,e1b9,001c,8633,8148,0
3349,3349,0,8148,0,0,e188,001c,8584,8148,0
3350,3350,0,8148,0,0,e122,001c,8482,8148,0
3351,3351,0,8148,0,0,e0d5,001c,8405,8148,0
3352,3352,0,8148,0,0,e095,001c,8341,8148,0
3353,3353,0,8148,0,0,e00f,001c,8207,8148,0
3354,3354,0,8148,0,0,1f72,001c,8050,8148,0
3355,3355,0,8148,0,0,1f32,001c,7986,8148,0
3356,3356,0,8148,0,0,1ee8,001c,7912,8148,0
3357,3357,0,8148,0,0,1e99,001c,7833,8148,0
3358,3358,0,8148,0,0,1e5c,001c,7772,8148,0
3359,3359,0,8148,0,0,1e52,001c,7762,8148,0
3360,3360,0,8148,0,0,1e0e,001c,7694,8148,0
3361,3361,0,8148,0,0,1dd9,001c,7641,8148,0
3362,3362,0,8148,0,0,1e12,001c,7698,8148,0
3363,3363,0,8148,0,0,1e28,001c,7720,8148,0
3364,3364,0,8148,0,0,1e6e,001c,7790,8148,0
3365,3365,0,8148,0,0,1ebf,001c,7871,8148,0
3366,3366,0,8148,0,0,1ed4,001c,7892,8148,0
3367,3367,0,8148,0,0,1f34,001c,7988,8148,0
3368,3368,0,8148,0,0,1fad,001c,8109,8148,0
3369,3369,0,8148,0,0,e01c,001c,8220,8148,0
3370,3370,0,8148,0,0,e08d,001c,8333,8148,0
3371,3371,0,8148,0,0,e0c9,001c,8393,8148,0
3372,3372,0,8148,0,0,e12c,001c,8493,8148,0
3373,3373,0,8148,0,0,e1a6,001c,8622,8148,0
3374,3374,0,8148,0,0,e1af,001c,8623,8148,0
3375,3375,0,8148,0,0,e1ed,001c,8685,8148,0
3376,3376,0,8148,0,0,e1ed,001c,8685,8148,0
3377,3377,0,8148,0,0,e1ff,001c,8703,8148,0
3378,3378,0,8148,0,0,e1f6,001c,8694,8148,0
3379,3379,0,8148,0,0,e1b4,001c,8628,8148,0
3380,3380,0,8148,0,0,e1e4,001c,8676,8148,0
3381,3381,0,8148,0,0,e174,001c,8564,8148,0
3382,3382,0,8148,0,0,e11c,001c,8476,8148,0
3383,3383,0,8148,0,0,e0b4,001c,8372,8148,0
3384,3384,0,8148,0,0,e065,001c,8293,8148,0
3385,3385,0,8148,0,0,e022,001c,8226,8148,0
3386,3386,0,8148,0,0,1f9d,001c,8093,8148,0
3387,3387,0,8148,0,0,1f28,001c,7976,8148,0
3388,3388,0,8148,0,0,1ee2,001c,7906,8148,0
3389,3389,0,8148,0,0,1e9a,001c,7834,8148,0
3390,3390,0,8148,0,0,1e47,001c,7751,8148,0
3391,3391,0,8148,0,0,1e07,001c,7687,8148,0
3392,3392,0,8148,0,0,1dd3,001c,7635,8148,0
3393,3393,0,8148,0,0,1db6,001c,7606,8148,0
3394,3394,0,8148,0,0,1dc8,001c,7624,8148,0
3395,3395,0,8148,0,0,1dea,001c,7658,8148,0
3396,3396,0,8148,0,0,1e29,001c,7721,8148,0
3397,3397,0,8148,0,0,1e82,001c,7810,8148,0
3398,3398,0,8148,0,0,1ee3,001c,7907,8148,0
3399,3399,0,8148,0,0,1f32,001c,7986,8148,0
3400,3400,0,8148,0,0,1f7e,001c,8062,8148,0
3401,3401,0,8148,0,0,1fe4,001c,8164,8148,0
3402,3402,0,8148,0,0,e048,001c,8264,8148,0
3403,3403,0,8148,0,0,e0b9,001c,8377,8148,0
3404,3404,0,8148,0,0,e108,001c,8456,8148,0
3405,3405,0,8148,0,0,e13d,001c,8509,8148,0
3406,3406,0,8148,0,0,e188,001c,8584,8148,0
3407,3407,0,8148,0,0,e1c9,001c,8649,8148,0
3408,3408,0,8148,0,0,e1a7,001c,8615,8148,0
3409,3409,0,8148,0,0,e1ae,001c,8623,8148,0
3410,3410,0,8148,0,0,e1ee,001c,8686,8148,0
3411,3411,0,8148,0,0,e1ed,001c,8685,8148,0
3412,3412,0,8148,0,0,e1fd,001c,8701,8148,0
3413,3413,0,8148,0,0,e15c,001c,8540,8148,0
3414,3414,0,8148,0,0,e1b6,001c,8598,8148,0
3415,3415,0,8148,0,0,e0b6,001c,8374,8148,0
3416,3416,0,8148,0,0,e04d,001c,8269,8148,0
3417,3417,0,8148,0,0,1fe4,001c,8164,8148,0
3418,3418,0,8148,0,0,1fa9,001c,8105,8148,0
3419,3419,0,8148,0,0,1f45,001c,8005,8148,0
3420,3420,0,8148,0,0,1edc,001c,7900,8148,0
3421,3421,0,8148,0,0,1e74,001c,7796,8148,0
3422,3422,0,8148,0,0,1e3e,001c,7742,8148,0
3423,3423,0,8148,0,0,1e11,001c,7697,8148,0
3424,3424,0,8148,0,0,1de2,001c,7650,8148,0
3425,3425,0,8148,0,0,1dea,001c,7658,8148,0
3426,3426,0,8148,0,0,1dd7,001c,7639,8148,0
3427,3427,0,8148,0,0,1de7,001c,7655,8148,0
3428,3428,0,8148,0,0,1e34,001c,7732,8148,0
3429,3429,0,8148,0,0,1e7e,001c,7806,8148,0
3430,3430,0,8148,0,0,1eba,001c,7866,8148,0
3431,3431,0,8148,0,0,1f26,001c,7974,8148,0
3432,3432,0,8148,0,0,1f87,001c,8071,8148,0
3433,3433,0,8148,0,0,1fe7,001c,8167,8148,0
3434,3434,0,8148,0,0,e059,001c,8281,8148,0
3435,3435,0,8148,0,0,e0b3,001c,8371,8148,0
3436,3436,0,8148,0,0,e117,001c,8471,8148,0
3437,3437,0,8148,0,0,e18f,001c,8591,8148,0
3438,3438,0,8148,0,0,e1c8,001c,8648,8148,0
3439,3439,0,8148,0,0,e1ff,001c,8703,8148,0
3440,3440,0,8148,0,0,e216,001c,8726,8148,0
3441,3441,0,8148,0,0,e1d4,001c,8660,8148,0
3442,3442,0,8148,0,0,e1cf,001c,8655,8148,0
3443,3443,0,8148,0,0,e1c7,001c,8647,8148,0
3444,3444,0,8148,0,0,e17b,001c,8571,8148,0
3445,3445,0,8148,0,0,e13d,001c,8511,8148,0
3446,3446,0,8148,0,0,e1ff,001c,8703,8148,0
3447,3447,0,8148,0,0,e0ff,001c,8447,8148,0
3448,3448,0,8148,0,0,e07d,001c,8317,8148,0
3449,3449,0,8148,0,0,ef3d,001c,12093,8148,0
3450,3450,0,8148,0,0,1fbe,001c,8126,8148,0
3451,3451,0,8148,0,0,1f59,001c,8017,8148,0
3452,3452,0,8148,0,0,1f48,001c,8136,8148,0
3453,3453,0,8148,0,0,1ecc,001c,7884,8148,0
3454,3454,0,8148,0,0,1e83,001c,7811,8148,0
3455,3455,0,8148,0,0,1e32,001c,7730,8148,0
3456,3456,0,8148,0,0,1e0e,001c,7694,8148,0
3457,3457,0,8148,0,0,1df4,001c,7668,8148,0
3458,3458,0,8148,0,0,1e14,001c,7700,8148,0
3459,3459,0,8148,0,0,1e23,001c,7715,8148,0
3460,3460,0,8148,0,0,1e65,001c,7781,8148,0
3461,3461,0,8148,0,0,1ea2,001c,7842,8148,0
3462,3462,0,8148,0,0,1efa,001c,7930,8148,0
3463,3463,0,8148,0,0,1f28,001c,7976,8148,0
3464,3464,0,8148,0,0,1f86,001c,8070,8148,0
3465,3465,0,8148,0,0,e00d,001c,8205,8148,0
3466,3466,0,8148,0,0,e073,001c,8307,8148,0
3467,3467,0,8148,0,0,e0de,001c,8414,8148,0
3468,3468,0,8148,0,0,e131,001c,8497,8148,0
3469,3469,0,8148,0,0,e178,001c,8568,8148,0
3470,3470,0,8148,0,0,e1bf,001c,8639,8148,0
3471,3471,0,8148,0,0,e1d7,001c,8663,8148,0
3472,3472,0,8148,0,0,e1f7,001c,8695,8148,0
3473,3473,0,8148,0,0,e212,001c,8722,8148,0
3474,3474,0,8148,0,0,e20d,001c,8717,8148,0
3475,3475,0,8148,0,0,e1bf,001c,8639,8148,0
3476,3476,0,8148,0,0,e1ad,001c,8621,8148,0
3477,3477,0,8148,0,0,e16b,001c,8555,8148,0
3478,3478,0,8148,0,0,e0fa,001c,8442,8148,0
3479,3479,0,8148,0,0,e0b2,001c,8370,8148,0
3480,3480,0,8148,0,0,e07f,001c,8319,8148,0
3481,3481,0,8148,0,0,dfef,001c,8175,8148,0
3482,3482,0,8148,0,0,1ffd,001c,8189,8148,0
3483,3483,0,8148,0,0,1f7b,001c,8059,8148,0
3484,3484,0,8148,0,0,1fde,001c,8158,8148,0
3485,3485,0,8148,0,0,1ed7,001c,7895,8148,0
3486,3486,0,8148,0,0,1e9b,001c,7835,8148,0
3487,3487,0,8148,0,0,1e1a,001c,7704,8148,0
3488,3488,0,8148,0,0,1e06,001c,7682,8148,0
3489,3489,0,8148,0,0,1e04,001c,7684,8148,0
3490,3490,0,8148,0,0,1e15,001c,7701,8148,0
3491,3491,0,8148,0,0,1e24,001c,7716,8148,0
3492,3492,0,8148,0,0,1e2c,001c,7724,8148,0
3493,3493,0,8148,0,0,1e8b,001c,7819,8148,0
3494,3494,0,8148,0,0,1ed3,001c,7891,8148,0
3495,3495,0,8148,0,0,1f27,001c,7975,8148,0
3496,3496,0,8148,0,0,1f7e,001c,8062,8148,0
3497,3497,0,8148,0,0,1fd0,001c,8144,8148,0
3498,3498,0,8148,0,0,e05a,001c,8282,8148,0
3499,3499,0,8148,0,0,e0c2,001c,8386,8148,0
3500,3500,0,8148,0,0,e113,001c,8467,8148,0
3501,3501,0,8148,0,0,e149,001c,8521,8148,0
3502,3502,0,8148,0,0,e181,001c,8577,8148,0
3503,3503,0,8148,0,0,e1bf,001c,8639,8148,0
3504,3504,0,8148,0,0,e1e5,001c,8677,8148,0
3505,3505,0,8148,0,0,e1d0,001c,8656,8148,0
3506,3506,0,8148,0,0,e1da,001c,8666,8148,0
3507,3507,0,8148,0,0,e1be,001c,8638,8148,0
3508,3508,0,8148,0,0,e186,001c,8582,8148,0
3509,3509,0,8148,0,0,e134,001c,8500,8148,0
3510,3510,0,8148,0,0,e0fd,001c,8445,8148,0
3511,3511,0,8148,0,0,e09a,001c,8346,8148,0
3512,3512,0,8148,0,0,e022,001c,8226,8148,0
3513,3513,0,8148,0,0,1fa4,001c,8100,8148,0
3514,3514,0,8148,0,0,1f4e,001c,8014,8148,0
3515,3515,0,8148,0,0,1efa,001c,7930,8148,0
3516,3516,0,8148,0,0,1eb7,001c,7871,8148,0
3517,3517,0,8148,0,0,1eef,001c,7791,8148,0
3518,3518,0,8148,0,0,1e7e,001c,7806,8148,0
3519,3519,0,8148,0,0,1e3a,001c,7738,8148,0
3520,3520,0,8148,0,0,1fdb,001c,8155,8148,0
3521,3521,0,8148,0,0,1ddb,001c,7643,8148,0
3522,3522,0,8148,0,0,1ddf,001c,7645,8148,0
3523,3523,0,8148,0,0,1dee,001c,7662,8148,0
3524,3524,0,8148,0,0,1e0f,001c,7695,8148,0
3525,3525,0,8148,0,0,1e3d,001c,7741,8148,0
3526,3526,0,8148,0,0,1e9e,001c,7838,8148,0
3527,3527,0,8148,0,0,1efe,001c,7934,8148,0
3528,3528,0,8148,0,0,1f48,001c,8008,8148,0
3529,3529,0,8148,0,0,1fbe,001c,8126,8148,0
3530,3530,0,8148,0,0,e022,001c,8226,8148,0
3531,3531,0,8148,0,0,e07b,001c,8315,8148,0
3532,3532,0,8148,0,0,e0f3,001c,8435,8148,0
3533,3533,0,8148,0,0,e116,001c,8470,8148,0
3534,3534,0,8148,0,0,e15e,001c,8542,8148,0
3535,3535,0,8148,0,0,e1a3,001c,8611,8148,0
3536,3536,0,8148,0,0,e1b5,001c,8629,8148,0
3537,3537,0,8148,0,0,e1cb,001c,8651,8148,0
3538,3538,0,8148,0,0,e1bc,001c,8636,8148,0
3539,3539,0,8148,0,0,e19d,001c,8605,8148,0
3540,3540,0,8148,0,0,e182,001c,8578,8148,0
3541,3541,0,8148,0,0,e13c,001c,8508,8148,0
3542,3542,0,8148,0,0,e0c1,001c,8385,8148,0
3543,3543,0,8148,0,0,e074,001c,8308,8148,0
3544,3544,0,8148,0,0,e01b,001c,8219,8148,0
3545,3545,0,8148,0,0,1fbe,001c,8126,8148,0
3546,3546,0,8148,0,0,1f57,001c,8023,8148,0
3547,3547,0,8148,0,0,1ee5,001c,7909,8148,0
3548,3548,0,8148,0,0,1e9e,001c,7838,8148,0
3549,3549,0,8148,0,0,1e3e,001c,7742,8148,0
3550,3550,0,8148,0,0,1e0d,001c,7693,8148,0
3551,3551,0,8148,0,0,1fea,001c,7659,8148,0
3552,3552,0,8148,0,0,1de8,001c,7658,8148,0
3553,3553,0,8148,0,0,1dd5,001c,7645,8148,0
3554,3554,0,8148,0,0,1dfd,001c,7677,8148,0
3555,3555,0,8148,0,0,1ff8,001c,8184,8148,0
3556,3556,0,8148,0,0,1e79,001c,7801,8148,0
3557,3557,0,8148,0,0,1edf,001c,7901,8148,0
3558,3558,0,8148,0,0,1ed6,001c,7894,8148,0
3559,3559,0,8148,0,0,1ee0,001c,7904,8148,0
3560,3560,0,8148,0,0,1f5d,001c,8029,8148,0
3561,3561,0,8148,0,0,1fa4,001c,8100,8148,0
3562,3562,0,8148,0,0,1ffd,001c,8189,8148,0
3563,3563,0,8148,0,0,e075,001c,8309,8148,0
3564,3564,0,8148,0,0,e0e2,001c,8418,8148,0
3565,3565,0,8148,0,0,e144,001c,8516,8148,0
3566,3566,0,8148,0,0,e178,001c,8568,8148,0
3567,3567,0,8148,0,0,e1a4,001c,8612,8148,0
3568,3568,0,8148,0,0,e1d8,001c,8664,8148,0
3569,3569,0,8148,0,0,e1e5,001c,8677,8148,0
3570,3570,0,8148,0,0,e1e1,001c,8673,8148,0
3571,3571,0,8148,0,0,e1c7,001c,8647,8148,0
3572,3572,0,8148,0,0,e1a8,001c,8616,8148,0
3573,3573,0,8148,0,0,e16d,001c,8557,8148,0
3574,3574,0,8148,0,0,e154,001c,8532,8148,0
3575,3575,0,8148,0,0,e0b3,001c,8371,8148,0
3576,3576,0,8148,0,0,e043,001c,8259,8148,0
3577,3577,0,8148,0,0,e004,001c,8196,8148,0
3578,3578,0,8148,0,0,1f93,001c,8083,8148,0
3579,3579,0,8148,0,0,1f1c,001c,7964,8148,0
3580,3580,0,8148,0,0,1ed5,001c,7893,8148,0
3581,3581,0,8148,0,0,1e71,001c,7793,8148,0
3582,3582,0,8148,0,0,1e4f,001c,7759,8148,0
3583,3583,0,8148,0,0,1e05,001c,7685,8148,0
3584,3584,0,8148,0,0,1df7,001c,7671,8148,0
3585,3585,0,8148,0,0,1e1e,001c,7710,8148,0
3586,3586,0,8148,0,0,1e07,001c,7687,8148,0
3587,3587,0,8148,0,0,1e20,001c,7715,8148,0
3588,3588,0,8148,0,0,1eb6,001c,7862,8148,0
3589,3589,0,8148,0,0,1eb6,001c,7862,8148,0
3590,3590,0,8148,0,0,1fbe,001c,8126,8148,0
3591,3591,0,8148,0,0,1fbb,001c,8123,8148,0
3592,3592,0,8148,0,0,1fd7,001c,8151,8148,0
3593,3593,0,8148,0,0,1fc6,001c,8134,8148,0
3594,3594,0,8148,0,0,e0ef,001c,8431,8148,0
3595,3595,0,8148,0,0,e0c7,001c,8387,8148,0
3596,3596,0,8148,0,0,e106,001c,8454,8148,0
3597,3597,0,8148,0,0,e160,001c,8544,8148,0
3598,3598,0,8148,0,0,e1a7,001c,8615,8148,0
3599,3599,0,8148,0,0,e1e9,001c,8681,8148,0
3600,3600,0,8148,0,0,e21d,001c,8733,8148,0
3601,3601,0,8148,0,0,e22a,001c,8746,8148,0
3602,3602,0,8148,0,0,e214,001c,8724,8148,0
3603,3603,0,8148,0,0,e1e2,001c,8674,8148,0
3604,3604,0,8148,0,0,e1e8,001c,8680,8148,0
3605,3605,0,8148,0,0,e1b1,001c,8625,8148,0
3606,3606,0,8148,0,0,e141,001c,8513,8148,0
3607,3607,0,8148,0,0,e0eb,001c,8427,8148,0
3608,3608,0,8148,0,0,e09a,001c,8346,8148,0
3609,3609,0,8148,0,0,e034,001c,8244,8148,0
3610,3610,0,8148,0,0,1fcc,001c,8140,8148,0
3611,3611,0,8148,0,0,1f4f,001c,8015,8148,0
3612,3612,0,8148,0,0,1ef7,001c,7927,8148,0
3613,3613,0,8148,0,0,1ec5,001c,7877,8148,0
3614,3614,0,8148,0,0,1e7b,001c,7803,8148,0
3615,3615,0,8148,0,0,1e5a,001c,7770,8148,0
3616,3616,0,8148,0,0,1e35,001c,7733,8148,0
3617,3617,0,8148,0,0,1e09,001c,7689,8148,0
3618,3618,0,8148,0,0,1e09,001c,7689,8148,0
3619,3619,0,8148,0,0,1e58,001c,7768,8148,0
3620,3620,0,8148,0,0,1e8b,001c,7819,8148,0
3621,3621,0,8148,0,0,1ebd,001c,7869,8148,0
3622,3622,0,8148,0,0,1ef1,001c,7921,8148,0
3623,3623,0,8148,0,0,1f3b,001c,7995,8148,0
3624,3624,0,8148,0,0,1fb6,001c,8127,8148,0
3625,3625,0,8148,0,0,ffbe,001c,16318,8148,0
3626,3626,0,8148,0,0,e0bc,001c,8380,8148,0
3627,3627,0,8148,0,0,e19c,001c,8604,8148,0
3628,3628,0,8148,0,0,e13d,001c,8509,8148,0
3629,3629,0,8148,0,0,e1bb,001c,8633,8148,0
3630,3630,0,8148,0,0,e1cb,001c,8642,8148,0
3631,3631,0,8148,0,0,e1cb,001c,8651,8148,0
3632,3632,0,8148,0,0,e20f,001c,8719,8148,0
3633,3633,0,8148,0,0,e1f9,001c,8697,8148,0
3634,3634,0,8148,0,0,e1f8,001c,8696,8148,0
3635,3635,0,8148,0,0,e1fc,001c,8700,8148,0
3636,3636,0,8148,0,0,e1cf,001c,8655,8148,0
3637,3637,0,8148,0,0,e183,001c,8579,8148,0
3638,3638,0,8148,0,0,e141,001c,8513,8148,0
3639,3639,0,8148,0,0,e0d7,001c,8407,8148,0
3640,3640,0,8148,0,0,e067,001c,8295,8148,0
3641,3641,0,8148,0,0,e003,001c,8195,8148,0
3642,3642,0,8148,0,0,1f9f,001c,8095,8148,0
3643,3643,0,8148,0,0,1f49,001c,8009,8148,0
3644,3644,0,8148,0,0,1eec,001c,7916,8148,0
3645,3645,0,8148,0,0,1e86,001c,7814,8148,0
3646,3646,0,8148,0,0,1e45,001c,7749,8148,0
3647,3647,0,8148,0,0,1e39,001c,7737,8148,0
3648,3648,0,8148,0,0,1df1,001c,7665,8148,0
3649,3649,0,8148,0,0,1e00,001c,7680,8148,0
3650,3650,0,8148,0,0,1e04,001c,7684,8148,0
3651,3651,0,8148,0,0,1e34,001c,7732,8148,0
3652,3652,0,8148,0,0,1e61,001c,7777,8148,0
3653,3653,0,8148,0,0,1e91,001c,7825,8148,0
3654,3654,0,8148,0,0,1ed6,001c,7894,8148,0
3655,3655,0,8148,0,0,1f21,001c,7969,8148,0
3656,3656,0,8148,0,0,1f85,001c,8069,8148,0
3657,3657,0,8148,0,0,1fff,001c,8191,8148,0
3658,3658,0,8148,0,0,e24b,001c,8299,8148,0
3659,3659,0,8148,0,0,e0b3,001c,8379,8148,0
3660,3660,0,8148,0,0,e1bf,001c,8511,8148,0
3661,3661,0,8148,0,0,e17f,001c,8575,8148,0
3662,3662,0,8148,0,0,e1fb,001c,8699,8148,0
3663,3663,0,8148,0,0,e1fb,001c,8699,8148,0
3664,3664,0,8148,0,0,e1c7,001c,8647,8148,0
3665,3665,0,8148,0,0,e1c7,001c,8647,8148,0
3666,3666,0,8148,0,0,e1ce,001c,8646,8148,0
3667,3667,0,8148,0,0,e19c,001c,8604,8148,0
3668,3668,0,8148,0,0,e195,001c,8597,8148,0
3669,3669,0,8148,0,0,e164,001c,8548,8148,0
3670,3670,0,8148,0,0,e0f1,001c,8433,8148,0
3671,3671,0,8148,0,0,e0af,001c,8367,8148,0
3672,3672,0,8148,0,0,e03f,001c,8255,8148,0
3673,3673,0,8148,0,0,1fd9,001c,8153,8148,0
3674,3674,0,8148,0,0,1fa8,001c,8104,8148,0
3675,3675,0,8148,0,0,1f35,001c,7989,8148,0
3676,3676,0,8148,0,0,1ec0,001c,7872,8148,0
3677,3677,0,8148,0,0,1e67,001c,7783,8148,0
3678,3678,0,8148,0,0,1e19,001c,7705,8148,0
3679,3679,0,8148,0,0,1def,001c,7663,8148,0
3680,3680,0,8148,0,0,1dd5,001c,7637,8148,0
3681,3681,0,8148,0,0,1daf,001c,7599,8148,0
3682,3682,0,8148,0,0,1dc5,001c,7621,8148,0
3683,3683,0,8148,0,0,1de8,001c,7656,8148,0
3684,3684,0,8148,0,0,1e21,001c,7713,8148,0
3685,3685,0,8148,0,0,1e7b,001c,7803,8148,0
3686,3686,0,8148,0,0,1ec5,001c,7877,8148,0
3687,3687,0,8148,0,0,1f11,001c,7953,8148,0
3688,3688,0,8148,0,0,1f6b,001c,8043,8148,0
3689,3689,0,8148,0,0,1ff0,001c,8176,8148,0
3690,3690,0,8148,0,0,e065,001c,8293,8148,0
3691,3691,0,8148,0,0,e0ad,001c,8365,8148,0
3692,3692,0,8148,0,0,e0dc,001c,8412,8148,0
3693,3693,0,8148,0,0,e135,001c,8501,8148,0
3694,3694,0,8148,0,0,e17e,001c,8574,8148,0
3695,3695,0,8148,0,0,e1f4,001c,8702,8148,0
3696,3696,0,8148,0,0,e1b6,001c,8630,8148,0
3697,3697,0,8148,0,0,e1b7,001c,8631,8148,0
3698,3698,0,8148,0,0,e1f3,001c,8691,8148,0
3699,3699,0,8148,0,0,e1e4,001c,8676,8148,0
3700,3700,0,8148,0,0,e1e4,001c,8676,8148,0
3701,3701,0,8148,0,0,e176,001c,8548,8148,0
3702,3702,0,8148,0,0,e1bb,001c,8626,8148,0
3703,3703,0,8148,0,0,e0bb,001c,8379,8148,0
3704,3704,0,8148,0,0,e053,001c,8275,8148,0
3705,3705,0,8148,0,0,e004,001c,8196,8148,0
3706,3706,0,8148,0,0,1f84,001c,8068,8148,0
3707,3707,0,8148,0,0,1f29,001c,7977,8148,0
3708,3708,0,8148,0,0,1ec1,001c,7873,8148,0
3709,3709,0,8148,0,0,1e6e,001c,7790,8148,0
3710,3710,0,8148,0,0,1e58,001c,7768,8148,0
3711,3711,0,8148,0,0,1dfe,001c,7678,8148,0
3712,3712,0,8148,0,0,1de7,001c,7655,8148,0
3713,3713,0,8148,0,0,1dfe,001c,7678,8148,0
3714,3714,0,8148,0,0,1df7,001c,7671,8148,0
3715,3715,0,8148,0,0,1df0,001c,7664,8148,0
3716,3716,0,8148,0,0,1e48,001c,7752,8148,0
3717,3717,0,8148,0,0,1e8c,001c,7820,8148,0
3718,3718,0,8148,0,0,1ec6,001c,7878,8148,0
3719,3719,0,8148,0,0,1f27,001c,7975,8148,0
3720,3720,0,8148,0,0,1f8d,001c,8077,8148,0
3721,3721,0,8148,0,0,e007,001c,8199,8148,0
3722,3722,0,8148,0,0,e063,001c,8291,8148,0
3723,3723,0,8148,0,0,e0e0,001c,8416,8148,0
3724,3724,0,8148,0,0,e132,001c,8498,8148,0
3725,3725,0,8148,0,0,e15f,001c,8543,8148,0
3726,3726,0,8148,0,0,e195,001c,8597,8148,0
3727,3727,0,8148,0,0,e1ce,001c,8654,8148,0
3728,3728,0,8148,0,0,e1f5,001c,8693,8148,0
3729,3729,0,8148,0,0,e202,001c,8738,8148,0
3730,3730,0,8148,0,0,e3f9,001c,8699,8148,0
3731,3731,0,8148,0,0,e1f2,001c,8699,8148,0
3732,3732,0,8148,0,0,e1f6,001c,8566,8148,0
3733,3733,0,8148,0,0,e17f,001c,8575,8148,0
3734,3734,0,8148,0,0,e13d,001c,8509,8148,0
3735,3735,0,8148,0,0,e1b7,001c,8599,8148,0
3736,3736,0,8148,0,0,e0af,001c,8367,8148,0
3737,3737,0,8148,0,0,e02d,001c,8237,8148,0
3738,3738,0,8148,0,0,1fdc,001c,8156,8148,0
3739,3739,0,8148,0,0,1f66,001c,8038,8148,0
3740,3740,0,8148,0,0,1ef3,001c,7923,8148,0
3741,3741,0,8148,0,0,1ec8,001c,7880,8148,0
3742,3742,0,8148,0,0,1e77,001c,7799,8148,0
3743,3743,0,8148,0,0,1e54,001c,7764,8148,0
3744,3744,0,8148,0,0,1e24,001c,7716,8148,0
3745,3745,0,8148,0,0,1e12,001c,7698,8148,0
3746,3746,0,8148,0,0,1e15,001c,7701,8148,0
3747,3747,0,8148,0,0,1e35,001c,7733,8148,0
3748,3748,0,8148,0,0,1e66,001c,7782,8148,0
3749,3749,0,8148,0,0,1ec0,001c,7872,8148,0
3750,3750,0,8148,0,0,1f15,001c,7957,8148,0
3751,3751,0,8148,0,0,1f56,001c,8022,8148,0
3752,3752,0,8148,0,0,1fb8,001c,8120,8148,0
3753,3753,0,8148,0,0,e022,001c,8226,8148,0
3754,3754,0,8148,0,0,e07b,001c,8315,8148,0
3755,3755,0,8148,0,0,e0fa,001c,8442,8148,0
3756,3756,0,8148,0,0,e141,001c,8513,8148,0
3757,3757,0,8148,0,0,e192,001c,8594,8148,0
3758,3758,0,8148,0,0,e1d1,001c,8657,8148,0
3759,3759,0,8148,0,0,e1f0,001c,8688,8148,0
3760,3760,0,8148,0,0,e20a,001c,8714,8148,0
3761,3761,0,8148,0,0,e21c,001c,8732,8148,0
3762,3762,0,8148,0,0,e212,001c,8722,8148,0
3763,3763,0,8148,0,0,e1e4,001c,8676,8148,0
3764,3764,0,8148,0,0,e1b8,001c,8632,8148,0
3765,3765,0,8148,0,0,e172,001c,8562,8148,0
3766,3766,0,8148,0,0,e12a,001c,8506,8148,0
3767,3767,0,8148,0,0,e1a6,001c,8622,8148,0
3768,3768,0,8148,0,0,e0ee,001c,8430,8148,0
3769,3769,0,8148,0,0,ef78,001c,12152,8148,0
3770,3770,0,8148,0,0,1fff,001c,8191,8148,0
3771,3771,0,8148,0,0,1f7f,001c,8063,8148,0
3772,3772,0,8148,0,0,1fb7,001c,8087,8148,0
3773,3773,0,8148,0,0,1ef3,001c,7923,8148,0
3774,3774,0,8148,0,0,1e61,001c,7777,8148,0
3775,3775,0,8148,0,0,1e36,001c,7734,8148,0
3776,3776,0,8148,0,0,1e26,001c,7718,8148,0
3777,3777,0,8148,0,0,1e09,001c,7689,8148,0
3778,3778,0,8148,0,0,1e1e,001c,7710,8148,0
3779,3779,0,8148,0,0,1e1d,001c,7709,8148,0
3780,3780,0,8148,0,0,1e49,001c,7753,8148,0
3781,3781,0,8148,0,0,1e8a,001c,7818,8148,0
3782,3782,0,8148,0,0,1ee9,001c,7913,8148,0
3783,3783,0,8148,0,0,1f4e,001c,8014,8148,0
3784,3784,0,8148,0,0,1f88,001c,8072,8148,0
3785,3785,0,8148,0,0,1fd9,001c,8153,8148,0
3786,3786,0,8148,0,0,e05b,001c,8283,8148,0
3787,3787,0,8148,0,0,e0ae,001c,8366,8148,0
3788,3788,0,8148,0,0,e0f7,001c,8439,8148,0
3789,3789,0,8148,0,0,e144,001c,8516,8148,0
3790,3790,0,8148,0,0,e1a0,001c,8608,8148,0
3791,3791,0,8148,0,0,e1d6,001c,8662,8148,0
3792,3792,0,8148,0,0,e1ce,001c,8654,8148,0
3793,3793,0,8148,0,0,e1d0,001c,8656,8148,0
3794,3794,0,8148,0,0,e1e4,001c,8676,8148,0
3795,3795,0,8148,0,0,e1cd,001c,8653,8148,0
3796,3796,0,8148,0,0,e17a,001c,8570,8148,0
3797,3797,0,8148,0,0,e125,001c,8485,8148,0
3798,3798,0,8148,0,0,e0da,001c,8410,8148,0
3799,3799,0,8148,0,0,e094,001c,8340,8148,0
3800,3800,0,8148,0,0,e012,001c,8210,8148,0
3801,3801,0,8148,0,0,1fbd,001c,8127,8148,0
3802,3802,0,8148,0,0,1f75,001c,8061,8148,0
3803,3803,0,8148,0,0,1ff3,001c,8183,8148,0
3804,3804,0,8148,0,0,1ef6,001c,7926,8148,0
3805,3805,0,8148,0,0,1eb6,001c,7862,8148,0
3806,3806,0,8148,0,0,1e36,001c,7734,8148,0
3807,3807,0,8148,0,0,1ff6,001c,8182,8148,0
3808,3808,0,8148,0,0,1dfe,001c,7678,8148,0
3809,3809,0,8148,0,0,1dde,001c,7630,8148,0
3810,3810,0,8148,0,0,1dd4,001c,7636,8148,0
3811,3811,0,8148,0,0,1e02,001c,7682,8148,0
3812,3812,0,8148,0,0,1e0d,001c,7693,8148,0
3813,3813,0,8148,0,0,1e4b,001c,7755,8148,0
3814,3814,0,8148,0,0,1eab,001c,7851,8148,0
3815,3815,0,8148,0,0,1eec,001c,7916,8148,0
3816,3816,0,8148,0,0,1f62,001c,8034,8148,0
3817,3817,0,8148,0,0,1fd0,001c,8144,8148,0
3818,3818,0,8148,0,0,e02c,001c,8236,8148,0
3819,3819,0,8148,0,0,e086,001c,8326,8148,0
3820,3820,0,8148,0,0,e103,001c,8451,8148,0
3821,3821,0,8148,0,0,e149,001c,8521,8148,0
3822,3822,0,8148,0,0,e178,001c,8568,8148,0
3823,3823,0,8148,0,0,e190,001c,8592,8148,0
3824,3824,0,8148,0,0,e1d6,001c,8662,8148,0
3825,3825,0,8148,0,0,e1d5,001c,8661,8148,0
3826,3826,0,8148,0,0,e1b1,001c,8625,8148,0
3827,3827,0,8148,0,0,e19c,001c,8604,8148,0
3828,3828,0,8148,0,0,e187,001c,8583,8148,0
3829,3829,0,8148,0,0,e138,001c,8504,8148,0
3830,3830,0,8148,0,0,e0cf,001c,8399,8148,0
3831,3831,0,8148,0,0,e067,001c,8295,8148,0
3832,3832,0,8148,0,0,e03d,001c,8253,8148,0
3833,3833,0,8148,0,0,1fd0,001c,8144,8148,0
3834,3834,0,8148,0,0,1f47,001c,8007,8148,0
3835,3835,0,8148,0,0,1f03,001c,7939,8148,0
3836,3836,0,8148,0,0,1ec3,001c,7875,8148,0
3837,3837,0,8148,0,0,1e7c,001c,7806,8148,0
3838,3838,0,8148,0,0,1e3c,001c,7740,8148,0
3839,3839,0,8148,0,0,1ff6,001c,8190,8148,0
3840,3840,0,8148,0,0,1dfe,001c,7678,8148,0
3841,3841,0,8148,0,0,1fee,001c,8174,8148,0
3842,3842,0,8148,0,0,1fff,001c,8191,8148,0
3843,3843,0,8148,0,0,1dff,001c,7679,8148,0
3844,3844,0,8148,0,0,1e7b,001c,7771,8148,0
3845,3845,0,8148,0,0,1e7a,001c,7930,8148,0
3846,3846,0,8148,0,0,1eb1,001c,7921,8148,0
3847,3847,0,8148,0,0,1eff,001c,7935,8148,0
3848,3848,0,8148,0,0,1f4d,001c,8013,8148,0
3849,3849,0,8148,0,0,1fad,001c,8109,8148,0
3850,3850,0,8148,0,0,e047,001c,8263,8148,0
3851,3851,0,8148,0,0,e0bc,001c,8380,8148,0
3852,3852,0,8148,0,0,e0f1,001c,8433,8148,0
3853,3853,0,8148,0,0,e15b,001c,8539,8148,0
3854,3854,0,8148,0,0,e186,001c,8582,8148,0
3855,3855,0,8148,0,0,e1d9,001c,8665,8148,0
3856,3856,0,8148,0,0,e205,001c,8709,8148,0
3857,3857,0,8148,0,0,e20f,001c,8719,8148,0
3858,3858,0,8148,0,0,e1e0,001c,8672,8148,0
3859,3859,0,8148,0,0,e1c2,001c,8642,8148,0
3860,3860,0,8148,0,0,e1a0,001c,8608,8148,0
3861,3861,0,8148,0,0,e16a,001c,8554,8148,0
3862,3862,0,8148,0,0,e117,001c,8471,8148,0
3863,3863,0,8148,0,0,e0b9,001c,8377,8148,0
3864,3864,0,8148,0,0,e03e,001c,8254,8148,0
3865,3865,0,8148,0,0,1ffe,001c,8190,8148,0
3866,3866,0,8148,0,0,1f88,001c,8072,8148,0
3867,3867,0,8148,0,0,1f1c,001c,7964,8148,0
3868,3868,0,8148,0,0,1ed2,001c,7890,8148,0
3869,3869,0,8148,0,0,1e94,001c,7828,8148,0
3870,3870,0,8148,0,0,1e54,001c,7764,8148,0
3871,3871,0,8148,0,0,1e28,001c,7720,8148,0
3872,3872,0,8148,0,0,1e0d,001c,7693,8148,0
3873,3873,0,8148,0,0,1e12,001c,7699,8148,0
3874,3874,0,8148,0,0,1e33,001c,7731,8148,0
3875,3875,0,8148,0,0,1e77,001c,7799,8148,0
3876,3876,0,8148,0,0,1ef6,001c,7926,8148,0
3877,3877,0,8148,0,0,1ee9,001c,7913,8148,0
3878,3878,0,8148,0,0,1fed,001c,8173,8148,0
3879,3879,0,8148,0,0,1f9e,001c,8094,8148,0
3880,3880,0,8148,0,0,1fcf,001c,8142,8148,0
3881,3881,0,8148,0,0,1fef,001c,8175,8148,0
3882,3882,0,8148,0,0,e055,001c,8277,8148,0
3883,3883,0,8148,0,0,e0c6,001c,8390,8148,0
3884,3884,0,8148,0,0,e114,001c,8468,8148,0
3885,3885,0,8148,0,0,e158,001c,8536,8148,0
3886,3886,0,8148,0,0,e19c,001c,8604,8148,0
3887,3887,0,8148,0,0,e1da,001c,8666,8148,0
3888,3888,0,8148,0,0,e1ff,001c,8703,8148,0
3889,3889,0,8148,0,0,e208,001c,8712,8148,0
3890,3890,0,8148,0,0,e206,001c,8710,8148,0
3891,3891,0,8148,0,0,e205,001c,8709,8148,0
3892,3892,0,8148,0,0,e1b2,001c,8626,8148,0
3893,3893,0,8148,0,0,e166,001c,8550,8148,0
3894,3894,0,8148,0,0,e11f,001c,8479,8148,0
3895,3895,0,8148,0,0,e0c5,001c,8389,8148,0
3896,3896,0,8148,0,0,e057,001c,8279,8148,0
3897,3897,0,8148,0,0,1fde,001c,8158,8148,0
3898,3898,0,8148,0,0,1f84,001c,8068,8148,0
3899,3899,0,8148,0,0,1f46,001c,8006,8148,0
3900,3900,0,8148,0,0,1ee1,001c,7905,8148,0
3901,3901,0,8148,0,0,1e6d,001c,7789,8148,0
3902,3902,0,8148,0,0,1e36,001c,7734,8148,0
3903,3903,0,8148,0,0,1e20,001c,7712,8148,0
3904,3904,0,8148,0,0,1e17,001c,7703,8148,0
3905,3905,0,8148,0,0,1de7,001c,7655,8148,0
3906,3906,0,8148,0,0,1dfd,001c,7677,8148,0
3907,3907,0,8148,0,0,1e2c,001c,7724,8148,0
3908,3908,0,8148,0,0,1e53,001c,7795,8148,0
3909,3909,0,8148,0,0,1e95,001c,7831,8148,0
3910,3910,0,8148,0,0,1f17,001c,7959,8148,0
3911,3911,0,8148,0,0,1f5f,001c,8031,8148,0
3912,3912,0,8148,0,0,1ffb,001c,8187,8148,0
3913,3913,0,8148,0,0,1fab,001c,16297,8148,0
3914,3914,0,8148,0,0,e0b7,001c,8375,8148,0
3915,3915,0,8148,0,0,e0fe,001c,8446,8148,0
3916,3916,0,8148,0,0,e0fe,001c,8702,8148,0
3917,3917,0,8148,0,0,e143,001c,8515,8148,0
3918,3918,0,8148,0,0,e178,001c,8568,8148,0
3919,3919,0,8148,0,0,e196,001c,8598,8148,0
3920,3920,0,8148,0,0,e1bb,001c,8635,8148,0
3921,3921,0,8148,0,0,e1e2,001c,8674,8148,0
3922,3922,0,8148,0,0,e1e0,001c,8672,8148,0
3923,3923,0,8148,0,0,e1bb,001c,8635,8148,0
3924,3924,0,8148,0,0,e190,001c,8592,8148,0
3925,3925,0,8148,0,0,e16e,001c,8558,8148,0
3926,3926,0,8148,0,0,e13c,001c,8508,8148,0
3927,3927,0,8148,0,0,e0ad,001c,8365,8148,0
3928,3928,0,8148,0,0,e03b,001c,8251,8148,0
3929,3929,0,8148,0,0,1ff2,001c,8178,8148,0
3930,3930,0,8148,0,0,1f9e,001c,8094,8148,0
3931,3931,0,8148,0,0,1f24,001c,7972,8148,0
3932,3932,0,8148,0,0,1eeb,001c,7915,8148,0
3933,3933,0,8148,0,0,1e6c,001c,7788,8148,0
3934,3934,0,8148,0,0,1e21,001c,7713,8148,0
3935,3935,0,8148,0,0,1df7,001c,7671,8148,0
3936,3936,0,8148,0,0,1df8,001c,7672,8148,0
3937,3937,0,8148,0,0,1df0,001c,7664,8148,0
3938,3938,0,8148,0,0,1df0,001c,7664,8148,0
3939,3939,0,8148,0,0,1e05,001c,7685,8148,0
3940,3940,0,8148,0,0,1e41,001c,7745,8148,0
3941,3941,0,8148,0,0,1e9f,001c,7839,8148,0
3942,3942,0,8148,0,0,1edd,001c,7901,8148,0
3943,3943,0,8148,0,0,1f45,001c,8005,8148,0
3944,3944,0,8148,0,0,1f99,001c,8089,8148,0
3945,3945,0,8148,0,0,1ffe,001c,8191,8148,0
3946,3946,0,8148,0,0,fffa,001c,9150,8148,0
3947,3947,0,8148,0,0,e0fc,001c,8444,8148,0
3948,3948,0,8148,0,0,e1fc,001c,8700,8148,0
3949,3949,0,8148,0,0,e17b,001c,8571,8148,0
3950,3950,0,8148,0,0,e1db,001c,8667,8148,0
3951,3951,0,8148,0,0,e1da,001c,8666,8148,0
3952,3952,0,8148,0,0,e1da,001c,8666,8148,0
3953,3953,0,8148,0,0,e1eb,001c,8682,8148,0
3954,3954,0,8148,0,0,e1eb,001c,8683,8148,0
3955,3955,0,8148,0,0,e1b9,001c,8633,8148,0
3956,3956,0,8148,0,0,e187,001c,8583,8148,0
3957,3957,0,8148,0,0,e158,001c,8536,8148,0
3958,3958,0,8148,0,0,e106,001c,8454,8148,0
3959,3959,0,8148,0,0,e0b9,001c,8377,8148,0
3960,3960,0,8148,0,0,e05f,001c,8287,8148,0
3961,3961,0,8148,0,0,e00b,001c,8203,8148,0
3962,3962,0,8148,0,0,1fb0,001c,8112,8148,0
3963,3963,0,8148,0,0,1f38,001c,7992,8148,0
3964,3964,0,8148,0,0,1ed6,001c,7894,8148,0
3965,3965,0,8148,0,0,1e8a,001c,7818,8148,0
3966,3966,0,8148,0,0,1e40,001c,7744,8148,0
3967,3967,0,8148,0,0,1df3,001c,7667,8148,0
3968,3968,0,8148,0,0,1de5,001c,7653,8148,0
3969,3969,0,8148,0,0,1de2,001c,7650,8148,0
3970,3970,0,8148,0,0,1dee,001c,7662,8148,0
3971,3971,0,8148,0,0,1dfb,001c,7675,8148,0
3972,3972,0,8148,0,0,1e60,001c,7776,8148,0
3973,3973,0,8148,0,0,1ecd,001c,7885,8148,0
3974,3974,0,8148,0,0,1f31,001c,7985,8148,0
3975,3975,0,8148,0,0,1f5b,001c,8027,8148,0
3976,3976,0,8148,0,0,1f8e,001c,8078,8148,0
3977,3977,0,8148,0,0,e028,001c,8232,8148,0
3978,3978,0,8148,0,0,e07a,001c,8314,8148,0
3979,3979,0,8148,0,0,e0c5,001c,8389,8148,0
3980,3980,0,8148,0,0,e138,001c,8504,8148,0
3981,3981,0,8148,0,0,e176,001c,8574,8148,0
3982,3982,0,8148,0,0,e17b,001c,8575,8148,0
3983,3983,0,8148,0,0,e1fb,001c,8699,8148,0
3984,3984,0,8148,0,0,e1ec,001c,8684,8148,0
3985,3985,0,8148,0,0,e1ff,001c,8703,8148,0
3986,3986,0,8148,0,0,e1ff,001c,8703,8148,0
3987,3987,0,8148,0,0,e1f7,001c,8679,8148,0
3988,3988,0,8148,0,0,e1df,001c,8659,8148,0
3989,3989,0,8148,0,0,e16e,001c,8558,8148,0
3990,3990,0,8148,0,0,e12d,001c,8493,8148,0
3991,3991,0,8148,0,0,e0e9,001c,8425,8148,0
3992,3992,0,8148,0,0,e079,001c,8313,8148,0
3993,3993,0,8148,0,0,e00d,001c,8205,8148,0
3994,3994,0,8148,0,0,1f95,001c,8085,8148,0
3995,3995,0,8148,0,0,1f3f,001c,7999,8148,0
3996,3996,0,8148,0,0,1ef4,001c,7924,8148,0
3997,3997,0,8148,0,0,1e8b,001c,7819,8148,0
3998,3998,0,8148,0,0,1e38,001c,7736,8148,0
3999,3999,0,8148,0,0,1e20,001c,7712,8148,0
4000,4000,0,8148,0,0,1e11,001c,7697,8148,0
4001,4001,0,8148,0,0,1e01,001c,7681,8148,0
4002,4002,0,8148,0,0,1e0a,001c,7690,8148,0
4003,4003,0,8148,0,0,1e24,001c,7716,8148,0
4004,4004,0,8148,0,0,1e59,001c,7769,8148,0
4005,4005,0,8148,0,0,1e8e,001c,7822,8148,0
4006,4006,0,8148,0,0,1edf,001c,7903,8148,0
4007,4007,0,8148,0,0,1f3c,001c,7996,8148,0
4008,4008,0,8148,0,0,1fa0,001c,8096,8148,0
4009,4009,0,8148,0,0,e001,001c,8193,8148,0
4010,4010,0,8148,0,0,e075,001c,8309,8148,0
4011,4011,0,8148,0,0,e0d5,001c,8405,8148,0
4012,4012,0,8148,0,0,e124,001c,8484,8148,0
4013,4013,0,8148,0,0,e181,001c,8577,8148,0
4014,4014,0,8148,0,0,e1bb,001c,8635,8148,0
4015,4015,0,8148,0,0,e1e7,001c,8679,8148,0
4016,4016,0,8148,0,0,e1ff,001c,8703,8148,0
4017,4017,0,8148,0,0,e1f1,001c,8691,8148,0
4018,4018,0,8148,0,0,e1fd,001c,8701,8148,0
4019,4019,0,8148,0,0,e1ff,001c,8703,8148,0
4020,4020,0,8148,0,0,e1ba,001c,8634,8148,0
4021,4021,0,8148,0,0,e1b4,001c,8628,8148,0
4022,4022,0,8148,0,0,e1f6,001c,8694,8148,0
4023,4023,0,8148,0,0,e0ff,001c,8422,8148,0
4024,4024,0,8148,0,0,e07b,001c,8315,8148,0
4025,4025,0,8148,0,0,e030,001c,8240,8148,0
4026,4026,0,8148,0,0,1fb6,001c,8118,8148,0
4027,4027,0,8148,0,0,1f73,001c,8051,8148,0
4028,4028,0,8148,0,0,1f02,001c,7938,8148,0
4029,4029,0,8148,0,0,1eac,001c,7852,8148,0
4030,4030,0,8148,0,0,1e5f,001c,7775,8148,0
4031,4031,0,8148,0,0,1e1d,001c,7709,8148,0
4032,4032,0,8148,0,0,1dfc,001c,7676,8148,0
4033,4033,0,8148,0,0,1e03,001c,7683,8148,0
4034,4034,0,8148,0,0,1e16,001c,7702,8148,0
4035,4035,0,8148,0,0,1e20,001c,7712,8148,0
4036,4036,0,8148,0,0,1e48,001c,7752,8148,0
4037,4037,0,8148,0,0,1e88,001c,7816,8148,0
4038,4038,0,8148,0,0,1ee9,001c,7913,8148,0
4039,4039,0,8148,0,0,1f58,001c,8024,8148,0
4040,4040,0,8148,0,0,1fc8,001c,8136,8148,0
4041,4041,0,8148,0,0,e02d,001c,8237,8148,0
4042,4042,0,8148,0,0,e069,001c,8297,8148,0
4043,4043,0,8148,0,0,e0c4,001c,8388,8148,0
4044,4044,0,8148,0,0,e126,001c,8486,8148,0
4045,4045,0,8148,0,0,e180,001c,8576,8148,0
4046,4046,0,8148,0,0,e1c7,001c,8647,8148,0
4047,4047,0,8148,0,0,e1f9,001c,8697,8148,0
4048,4048,0,8148,0,0,e202,001c,8706,8148,0
4049,4049,0,8148,0,0,e1ff,001c,8703,8148,0
4050,4050,0,8148,0,0,e1f3,001c,8691,8148,0
4051,4051,0,8148,0,0,e1cb,001c,8651,8148,0
4052,4052,0,8148,0,0,e19a,001c,8602,8148,0
4053,4053,0,8148,0,0,e150,001c,8538,8148,0
4054,4054,0,8148,0,0,e1f9,001c,8697,8148,0
4055,4055,0,8148,0,0,e0fd,001c,8445,8148,0
4056,4056,0,8148,0,0,e0fc,001c,8444,8148,0
4057,4057,0,8148,0,0,efe9,001c,12232,8148,0
4058,4058,0,8148,0,0,1feb,001c,8171,8148,0
4059,4059,0,8148,0,0,1f67,001c,8039,8148,0
4060,4060,0,8148,0,0,1f05,001c,8069,8148,0
4061,4061,0,8148,0,0,1ebb,001c,7867,8148,0
4062,4062,0,8148,0,0,1e7c,001c,7804,8148,0
4063,4063,0,8148,0,0,1e3f,001c,7743,8148,0
4064,4064,0,8148,0,0,1e0b,001c,7691,8148,0
4065,4065,0,8148,0,0,1df0,001c,7664,8148,0
4066,4066,0,8148,0,0,1e26,001c,7718,8148,0
4067,4067,0,8148,0,0,1e34,001c,7732,8148,0
4068,4068,0,8148,0,0,1e54,001c,7764,8148,0
4069,4069,0,8148,0,0,1e90,001c,7824,8148,0
4070,4070,0,8148,0,0,1ed8,001c,7896,8148,0
4071,4071,0,8148,0,0,1f2d,001c,7981,8148,0
4072,4072,0,8148,0,0,1f9d,001c,8093,8148,0
4073,4073,0,8148,0,0,1ff2,001c,8178,8148,0
4074,4074,0,8148,0,0,e06a,001c,8298,8148,0
4075,4075,0,8148,0,0,e0cb,001c,8395,8148,0
4076,4076,0,8148,0,0,e121,001c,8481,8148,0
4077,4077,0,8148,0,0,e16b,001c,8555,8148,0
4078,4078,0,8148,0,0,e197,001c,8599,8148,0
4079,4079,0,8148,0,0,e1d7,001c,8663,8148,0
4080,4080,0,8148,0,0,e20d,001c,8717,8148,0
4081,4081,0,8148,0,0,e212,001c,8722,8148,0
4082,4082,0,8148,0,0,e1f0,001c,8688,8148,0
4083,4083,0,8148,0,0,e1cb,001c,8651,8148,0
4084,4084,0,8148,0,0,e180,001c,8576,8148,0
4085,4085,0,8148,0,0,e131,001c,8497,8148,0
4086,4086,0,8148,0,0,e0f2,001c,8434,8148,0
4087,4087,0,8148,0,0,e098,001c,8344,8148,0
4088,4088,0,8148,0,0,e020,001c,8240,8148,0
4089,4089,0,8148,0,0,dfe2,001c,8162,8148,0
4090,4090,0,8148,0,0,1fcb,001c,8139,8148,0
4091,4091,0,8148,0,0,1fef,001c,8175,8148,0
4092,4092,0,8148,0,0,1eff,001c,7935,8148,0
4093,4093,0,8148,0,0,1ef5,001c,7925,8148,0
4094,4094,0,8148,0,0,1e75,001c,7780,8148,0
4095,4095,0,8148,0,0,1e17,001c,7701,8148,0
