Sample in Buffer,Sample in Window,TRIGGER,design_1_i/adc_interface_0_m_axis_tdata[31:0],design_1_i/adc_interface_0_m_axis_tlast,design_1_i/adc_interface_0_m_axis_tvalid,design_1_i/adc_interface_0_adc_signed_debug[15:0],design_1_i/adc_interface_0_win_coeff_out[15:0],design_1_i/adc_data[13:0],design_1_i/adc_interface_0_adc_data_original[13:0],design_1_i/adc_interface_0_adc_data_original_valid,design_1_i/xfft_0_m_axis_data_tdata[63:0],design_1_i/xfft_0_m_axis_data_tlast,design_1_i/xfft_0_m_axis_data_tvalid
Radix - UNSIGNED,UNSIGNED,UNSIGNED,SIGNED,HEX,HEX,HEX,HEX,UNSIGNED,UNSIGNED,HEX,HEX,HEX,HEX
0,0,0,16383,0,1,330d,001c,13069,16383,1,ffff240bffff0ca9,0,0
1,1,0,16383,0,1,3681,001c,13953,16383,1,ffff240bffff0ca9,0,0
2,2,0,16242,0,1,3f94,001c,16276,16242,1,ffff240bffff0ca9,0,0
3,3,0,13944,0,1,3fff,001c,16383,13944,1,ffff240bffff0ca9,0,0
4,4,0,13159,0,1,3fff,001c,16383,13159,1,ffff240bffff0ca9,0,0
5,5,0,9692,0,1,3fff,001c,16383,9692,1,ffff240bffff0ca9,0,0
6,6,0,7746,0,1,3ce0,001c,15584,7746,1,ffff240bffff0ca9,0,0
7,7,0,4170,0,1,3abc,001c,15036,4170,1,ffff240bffff0ca9,0,0
8,8,0,32,0,1,2e5d,001c,11869,32,1,ffff240bffff0ca9,0,0
9,9,0,0,0,1,23bf,001c,9151,0,1,ffff240bffff0ca9,0,0
10,10,0,0,0,1,1adf,001c,6879,0,1,ffff240bffff0ca9,0,0
11,11,0,0,0,1,0b9e,001c,2974,0,1,ffff240bffff0ca9,0,0
12,12,0,0,0,1,0000,001c,0,0,1,ffff240bffff0ca9,0,0
13,13,0,4040,0,1,0000,001c,0,4040,1,ffff240bffff0ca9,0,0
14,14,0,7500,0,1,0000,001c,0,7500,1,ffff240bffff0ca9,0,0
15,15,0,9654,0,1,0000,001c,0,9654,1,ffff240bffff0ca9,0,0
16,16,0,13087,0,1,04f3,001c,1267,13087,1,ffff240bffff0ca9,0,0
17,17,0,13952,0,1,1ff7,001c,8055,13952,1,ffff240bffff0ca9,0,0
18,18,0,16243,0,1,3b7d,001c,15229,16243,1,ffff240bffff0ca9,0,0
19,19,0,16383,0,1,2f7c,001c,12156,16383,1,ffff240bffff0ca9,0,0
20,20,0,16383,0,1,3fe6,001c,16358,16383,1,ffff240bffff0ca9,0,0
21,21,0,16383,0,1,3fbe,001c,16318,16383,1,ffff240bffff0ca9,0,0
22,22,0,15571,0,1,3fff,001c,16383,15571,1,ffff240bffff0ca9,0,0
23,23,0,15052,0,1,3fff,001c,16383,15052,1,ffff240bffff0ca9,0,0
24,24,0,11857,0,1,3fff,001c,16383,11857,1,ffff240bffff0ca9,0,0
25,25,0,9160,0,1,3fff,001c,16383,9160,1,ffff240bffff0ca9,0,0
26,26,0,6902,0,1,3f3b,001c,16187,6902,1,ffff240bffff0ca9,0,0
27,27,0,2991,0,1,35ae,001c,13742,2991,1,ffff240bffff0ca9,0,0
28,28,0,0,0,1,3242,001c,12866,0,1,ffff240bffff0ca9,0,0
29,29,0,0,0,1,24a4,001c,9380,0,1,ffff240bffff0ca9,0,0
30,30,0,0,0,1,1cc5,001c,7365,0,1,ffff240bffff0ca9,0,0
31,31,0,0,0,1,0eba,001c,3770,0,1,ffff240bffff0ca9,0,0
32,32,0,1298,0,1,0000,001c,0,1298,1,ffff240bffff0ca9,0,0
33,33,0,7029,0,1,0000,001c,0,7029,1,ffff240bffff0ca9,0,0
34,34,0,10399,0,1,0000,001c,0,10399,1,ffff240bffff0ca9,0,0
35,35,0,12075,0,1,0000,001c,0,12075,1,ffff240bffff0ca9,0,0
36,36,0,15264,0,1,01b4,001c,436,15264,1,ffff240bffff0ca9,0,0
37,37,0,15813,0,1,11b2,001c,4530,15813,1,ffff240bffff0ca9,0,0
38,38,0,16383,0,1,1ef7,001c,7927,16383,1,ffff240bffff0ca9,0,0
39,39,0,16383,0,1,26ea,001c,9962,16383,1,ffff240bffff0ca9,0,0
40,40,0,16383,0,1,3834,001c,14388,16383,1,ffff240bffff0ca9,0,0
41,41,0,16155,0,1,373c,001c,14140,16155,1,ffff240bffff0ca9,0,0
42,42,0,13741,0,1,3fff,001c,16383,13741,1,ffff240bffff0ca9,0,0
43,43,0,12867,0,1,3fff,001c,16383,12867,1,ffff240bffff0ca9,0,0
44,44,0,9375,0,1,3fff,001c,16383,9375,1,ffff240bffff0ca9,0,0
45,45,0,7420,0,1,3fff,001c,16383,7420,1,ffff240bffff0ca9,0,0
46,46,0,3750,0,1,3c58,001c,15448,3750,1,ffff240bffff0ca9,0,0
47,47,0,0,0,1,39c7,001c,14791,0,1,ffff240bffff0ca9,0,0
48,48,0,0,0,1,2d39,001c,11577,0,1,ffff240bffff0ca9,0,0
49,49,0,0,0,1,2247,001c,8775,0,1,ffff240bffff0ca9,0,0
50,50,0,0,0,1,18fa,001c,6394,0,1,ffff240bffff0ca9,0,0
51,51,0,432,0,1,099f,001c,2463,432,1,ffff240bffff0ca9,0,0
52,52,0,4545,0,1,019f,001c,287,4545,1,ffff240bffff0ca9,0,0
53,53,0,7918,0,1,0000,001c,0,7918,1,ffff240bffff0ca9,0,0
54,54,0,9934,0,1,0000,001c,0,9934,1,ffff240bffff0ca9,0,0
55,55,0,14368,0,1,0000,001c,0,14368,1,ffff240bffff0ca9,0,0
56,56,0,14181,0,1,0700,001c,1792,14181,1,ffff240bffff0ca9,0,0
57,57,0,16383,0,1,173e,001c,5950,16383,1,ffff240bffff0ca9,0,0
58,58,0,16383,0,1,153e,001c,5438,16383,1,ffff240bffff0ca9,0,0
59,59,0,16383,0,1,3a64,001c,14948,16383,1,ffff240bffff0ca9,0,0
60,60,0,16383,0,1,3464,001c,13412,16383,1,ffff240bffff0ca9,0,0
61,61,0,15453,0,1,3455,001c,13397,15453,1,ffff240bffff0ca9,0,0
62,62,0,14825,0,1,3e2d,001c,15917,14825,1,ffff240bffff0ca9,0,0
63,63,0,11587,0,1,3fff,001c,16383,11587,1,ffff240bffff0ca9,0,0
64,64,0,8762,0,1,3fff,001c,16383,8762,1,ffff240bffff0ca9,0,0
65,65,0,6394,0,1,3fff,001c,16383,6394,1,ffff240bffff0ca9,0,0
66,66,0,2515,0,1,3e67,001c,15975,2515,1,ffff240bffff0ca9,0,0
67,67,0,0,0,1,34e8,001c,13544,0,1,ffff240bffff0ca9,0,0
68,68,0,0,0,1,3150,001c,12624,0,1,ffff240bffff0ca9,0,0
69,69,0,0,0,1,2b66,001c,11110,0,1,ffff240bffff0ca9,0,0
70,70,0,0,0,1,173b,001c,5947,0,1,ffff240bffff0ca9,0,0
71,71,0,768,0,1,0caf,001c,3247,768,1,ffff240bffff0ca9,0,0
72,72,0,1821,0,1,0000,001c,0,1821,1,ffff240bffff0ca9,0,0
73,73,0,5442,0,1,0000,001c,0,5442,1,ffff240bffff0ca9,0,0
74,74,0,10774,0,1,0000,001c,0,10774,1,ffff240bffff0ca9,0,0
75,75,0,12370,0,1,0000,001c,0,12370,1,ffff240bffff0ca9,0,0
76,76,0,13420,0,1,03e3,001c,995,13420,1,ffff240bffff0ca9,0,0
77,77,0,15939,0,1,1315,001c,4885,15939,1,ffff240bffff0ca9,0,0
78,78,0,16383,0,1,2076,001c,8310,16383,1,ffff240bffff0ca9,0,0
79,79,0,16383,0,1,2c0d,001c,11277,16383,1,ffff240bffff0ca9,0,0
80,80,0,16383,0,1,3911,001c,14609,16383,1,ffff240bffff0ca9,0,0
81,81,0,15934,0,1,3c10,001c,15376,15934,1,ffff240bffff0ca9,0,0
82,82,0,13543,0,1,3fff,001c,16383,13543,1,ffff240bffff0ca9,0,0
83,83,0,12618,0,1,3fff,001c,16383,12618,1,ffff240bffff0ca9,0,0
84,84,0,11074,0,1,3fff,001c,16383,11074,1,ffff240bffff0ca9,0,0
85,85,0,5861,0,1,3fff,001c,16383,5861,1,ffff240bffff0ca9,0,0
86,86,0,3247,0,1,37b8,001c,14264,3247,1,ffff240bffff0ca9,0,0
87,87,0,0,0,1,38f1,001c,14585,0,1,ffff240bffff0ca9,0,0
88,88,0,0,0,1,2c99,001c,11321,0,1,ffff240bffff0ca9,0,0
89,89,0,0,0,1,2cdf,001c,11487,0,1,ffff240bffff0ca9,0,0
90,90,0,0,0,1,33df,001c,13279,0,1,ffff240bffff0ca9,0,0
91,91,0,2062,0,1,13cf,001c,5071,2062,1,ffff240bffff0ca9,0,0
92,92,0,4949,0,1,0388,001c,904,4949,1,ffff240bffff0ca9,0,0
93,93,0,8339,0,1,0000,001c,0,8339,1,ffff240bffff0ca9,0,0
94,94,0,11322,0,1,0000,001c,0,11322,1,ffff240bffff0ca9,0,0
95,95,0,14635,0,1,00b9,001c,160,14635,1,ffff240bffff0ca9,0,0
96,96,0,14320,0,1,00bb,001c,187,14320,1,ffff240bffff0ca9,0,0
97,97,0,16383,0,1,0d03,001c,3331,16383,1,ffff240bffff0ca9,0,0
98,98,0,16383,0,1,16c2,001c,5826,16383,1,ffff240bffff0ca9,0,0
99,99,0,16383,0,1,2b69,001c,11113,16383,1,ffff240bffff0ca9,0,0
100,100,0,16383,0,1,3173,001c,12659,16383,1,ffff240bffff0ca9,0,0
101,101,0,14255,0,1,356b,001c,13675,14255,1,ffff240bffff0ca9,0,0
102,102,0,14255,0,1,3eb3,001c,16051,14255,1,ffff240bffff0ca9,0,0
103,103,0,14599,0,1,3fff,001c,16383,14599,1,ffff240bffff0ca9,0,0
104,104,0,10215,0,1,3fff,001c,16383,10215,1,ffff240bffff0ca9,0,0
105,105,0,8390,0,1,3fff,001c,16383,8390,1,ffff240bffff0ca9,0,0
106,106,0,4980,0,1,3de8,001c,15848,4980,1,ffff240bffff0ca9,0,0
107,107,0,959,0,1,3417,001c,13335,959,1,ffff240bffff0ca9,0,0
108,108,0,0,0,1,3024,001c,12324,0,1,ffff240bffff0ca9,0,0
109,109,0,0,0,1,29ed,001c,10733,0,1,ffff240bffff0ca9,0,0
110,110,0,0,0,1,1591,001c,5521,0,1,ffff240bffff0ca9,0,0
111,111,0,219,0,1,06fb,001c,1787,219,1,ffff240bffff0ca9,0,0
112,112,0,219,0,1,0000,001c,0,219,1,ffff240bffff0ca9,0,0
113,113,0,3333,0,1,0000,001c,0,3333,1,ffff240bffff0ca9,0,0
114,114,0,5797,0,1,0000,001c,0,5797,1,ffff240bffff0ca9,0,0
115,115,0,11100,0,1,0000,001c,0,11100,1,ffff240bffff0ca9,0,0
116,116,0,12618,0,1,09cd,001c,2509,12618,1,ffff240bffff0ca9,0,0
117,117,0,13663,0,1,18da,001c,6362,13663,1,ffff240bffff0ca9,0,0
118,118,0,16084,0,1,2202,001c,8706,16084,1,ffff240bffff0ca9,0,0
119,119,0,16383,0,1,2d6f,001c,11631,16383,1,ffff240bffff0ca9,0,0
120,120,0,16383,0,1,39f3,001c,14835,16383,1,ffff240bffff0ca9,0,0
121,121,0,16383,0,1,3c8d,001c,15501,16383,1,ffff240bffff0ca9,0,0
122,122,0,15868,0,1,3fff,001c,16383,15868,1,ffff240bffff0ca9,0,0
123,123,0,13364,0,1,3fff,001c,16383,13364,1,ffff240bffff0ca9,0,0
124,124,0,13364,0,1,3fff,001c,16383,13364,1,ffff240bffff0ca9,0,0
125,125,0,12327,0,1,3fdf,001c,16383,12327,1,ffff240bffff0ca9,0,0
126,126,0,10755,0,1,3fda,001c,16346,10755,1,ffff240bffff0ca9,0,0
127,127,0,5513,0,1,37ea,001c,14314,5513,1,ffff240bffff0ca9,0,0
128,128,0,1786,0,1,37eb,001c,14315,1786,1,ffff240bffff0ca9,0,0
129,129,0,0,0,1,3fcf,001c,16335,0,1,ffff240bffff0ca9,0,0
130,130,0,0,0,1,1f9f,001c,8079,0,1,ffff240bffff0ca9,0,0
131,131,0,0,0,1,11fc,001c,4604,0,1,ffff240bffff0ca9,0,0
132,132,0,0,0,1,017e,001c,382,0,1,ffff240bffff0ca9,0,0
133,133,0,2559,0,1,0000,001c,0,2559,1,ffff240bffff0ca9,0,0
134,134,0,6400,0,1,0000,001c,0,6400,1,ffff240bffff0ca9,0,0
135,135,0,8734,0,1,0000,001c,0,8734,1,ffff240bffff0ca9,0,0
136,136,0,11594,0,1,011c,001c,284,11594,1,ffff240bffff0ca9,0,0
137,137,0,14860,0,1,0ebb,001c,3771,14860,1,ffff240bffff0ca9,0,0
138,138,0,15547,0,1,1c63,001c,7267,15547,1,ffff240bffff0ca9,0,0
139,139,0,16383,0,1,24cd,001c,9421,16383,1,ffff240bffff0ca9,0,0
140,140,0,16383,0,1,3279,001c,12921,16383,1,ffff240bffff0ca9,0,0
141,141,0,16383,0,1,361a,001c,13850,16383,1,ffff240bffff0ca9,0,0
142,142,0,16383,0,1,3f4e,001c,16206,16383,1,ffff240bffff0ca9,0,0
143,143,0,16322,0,1,3fff,001c,16383,16322,1,ffff240bffff0ca9,0,0
144,144,0,14077,0,1,3fff,001c,16383,14077,1,ffff240bffff0ca9,0,0
145,145,0,13279,0,1,3fff,001c,16383,13279,1,ffff240bffff0ca9,0,0
146,146,0,9891,0,1,3d77,001c,15735,9891,1,ffff240bffff0ca9,0,0
147,147,0,8005,0,1,3b50,001c,15184,8005,1,ffff240bffff0ca9,0,0
148,148,0,4478,0,1,2f00,001c,12032,4478,1,ffff240bffff0ca9,0,0
149,149,0,388,0,1,2878,001c,10360,388,1,ffff240bffff0ca9,0,0
150,150,0,0,0,1,1bdf,001c,7135,0,1,ffff240bffff0ca9,0,0
151,151,0,0,0,1,04d0,001c,1232,0,1,ffff240bffff0ca9,0,0
152,152,0,0,0,1,0000,001c,0,0,1,ffff240bffff0ca9,0,0
153,153,0,252,0,1,0000,001c,0,252,1,ffff240bffff0ca9,0,0
154,154,0,254,0,1,0000,001c,0,254,1,ffff240bffff0ca9,0,0
155,155,0,3781,0,1,0000,001c,0,3781,1,ffff240bffff0ca9,0,0
156,156,0,7273,0,1,0bfe,001c,3070,7273,1,ffff240bffff0ca9,0,0
157,157,0,9408,0,1,1a9f,001c,6815,9408,1,ffff240bffff0ca9,0,0
158,158,0,12899,0,1,23a5,001c,9143,12899,1,ffff240bffff0ca9,0,0
159,159,0,13921,0,1,2e8d,001c,11917,13921,1,ffff240bffff0ca9,0,0
160,160,0,16214,0,1,3f8b,001c,16139,16214,1,ffff240bffff0ca9,0,0
161,161,0,16383,0,1,3f3b,001c,16187,16383,1,ffff240bffff0ca9,0,0
162,162,0,16383,0,1,3fff,001c,16383,16383,1,ffff240bffff0ca9,0,0
163,163,0,16383,0,1,3fff,001c,16383,16383,1,ffff240bffff0ca9,0,0
164,164,0,15725,0,1,3fff,001c,16383,15725,1,ffff240bffff0ca9,0,0
165,165,0,15184,0,1,3fff,001c,16383,15184,1,ffff240bffff0ca9,0,0
166,166,0,12032,0,1,3f6a,001c,16226,12032,1,ffff240bffff0ca9,0,0
167,167,0,10386,0,1,3729,001c,14121,10386,1,ffff240bffff0ca9,0,0
168,168,0,7151,0,1,3302,001c,13058,7151,1,ffff240bffff0ca9,0,0
169,169,0,1270,0,1,2588,001c,9608,1270,1,ffff240bffff0ca9,0,0
170,170,0,0,0,1,1dd9,001c,7641,0,1,ffff240bffff0ca9,0,0
171,171,0,0,0,1,0fbe,001c,4030,0,1,ffff240bffff0ca9,0,0
172,172,0,0,0,1,0000,001c,0,0,1,ffff240bffff0ca9,0,0
173,173,0,0,0,1,0000,001c,0,0,1,ffff240bffff0ca9,0,0
174,174,0,3057,0,1,0000,001c,0,3057,1,ffff240bffff0ca9,0,0
175,175,0,6811,0,1,0000,001c,0,6811,1,ffff240bffff0ca9,0,0
176,176,0,9114,0,1,01f4,001c,500,9114,1,ffff240bffff0ca9,0,0
177,177,0,11886,0,1,105a,001c,4186,11886,1,ffff240bffff0ca9,0,0
178,178,0,15072,0,1,1dd3,001c,7635,15072,1,ffff240bffff0ca9,0,0
179,179,0,15662,0,1,262a,001c,9770,15662,1,ffff240bffff0ca9,0,0
180,180,0,16383,0,1,3373,001c,13171,16383,1,ffff240bffff0ca9,0,0
181,181,0,16383,0,1,36b3,001c,14003,16383,1,ffff240bffff0ca9,0,0
182,182,0,16383,0,1,3fac,001c,16300,16383,1,ffff240bffff0ca9,0,0
183,183,0,16211,0,1,3fff,001c,16383,16211,1,ffff240bffff0ca9,0,0
184,184,0,13865,0,1,3fff,001c,16383,13865,1,ffff240bffff0ca9,0,0
185,185,0,13060,0,1,3fff,001c,16383,13060,1,ffff240bffff0ca9,0,0
186,186,0,9622,0,1,3cb6,001c,15542,9622,1,ffff240bffff0ca9,0,0
187,187,0,7635,0,1,3a67,001c,14951,7635,1,ffff240bffff0ca9,0,0
188,188,0,4047,0,1,2dfd,001c,11773,4047,1,ffff240bffff0ca9,0,0
189,189,0,0,0,1,2347,001c,9031,0,1,ffff240bffff0ca9,0,0
190,190,0,0,0,1,1a6c,001c,6764,0,1,ffff240bffff0ca9,0,0
191,191,0,0,0,1,0b2a,001c,2858,0,1,ffff240bffff0ca9,0,0
192,192,0,0,0,1,0000,001c,0,0,1,ffff240bffff0ca9,0,0
193,193,0,0,0,1,0000,001c,0,0,1,ffff240bffff0ca9,0,0
194,194,0,582,0,1,0000,001c,0,582,1,ffff240bffff0ca9,0,0
195,195,0,4227,0,1,0000,001c,0,4227,1,ffff240bffff0ca9,0,0
196,196,0,7656,0,1,05f1,001c,1521,7656,1,ffff240bffff0ca9,0,0
197,197,0,9762,0,1,15f9,001c,5625,9762,1,ffff240bffff0ca9,0,0
198,198,0,13163,0,1,3d3a,001c,15674,13163,1,ffff240bffff0ca9,0,0
199,199,0,14045,0,1,2f8e,001c,12174,14045,1,ffff240bffff0ca9,0,0
200,200,0,16320,0,1,3ffe,001c,16382,16320,1,ffff240bffff0ca9,0,0
201,201,0,16383,0,1,3ffb,001c,16377,16383,1,ffff240bffff0ca9,0,0
202,202,0,16383,0,1,3fff,001c,16382,16383,1,ffff240bffff0ca9,0,0
203,203,0,16383,0,1,3fff,001c,16383,16383,1,ffff240bffff0ca9,0,0
204,204,0,15554,0,1,3fff,001c,16383,15554,1,ffff240bffff0ca9,0,0
205,205,0,14964,0,1,3fff,001c,16383,14964,1,ffff240bffff0ca9,0,0
206,206,0,11781,0,1,3ede,001c,16094,11781,1,ffff240bffff0ca9,0,0
207,207,0,9034,0,1,358f,001c,13711,9034,1,ffff240bffff0ca9,0,0
208,208,0,6680,0,1,320b,001c,12811,6680,1,ffff240bffff0ca9,0,0
209,209,0,2810,0,1,240c,001c,9228,2810,1,ffff240bffff0ca9,0,0
210,210,0,0,0,1,17ee,001c,6126,0,1,ffff240bffff0ca9,0,0
211,211,0,0,0,1,0ddc,001c,3548,0,1,ffff240bffff0ca9,0,0
212,212,0,0,0,1,0000,001c,0,0,1,ffff240bffff0ca9,0,0
213,213,0,0,0,1,0000,001c,0,0,1,ffff240bffff0ca9,0,0
214,214,0,1533,0,1,0000,001c,0,1533,1,ffff240bffff0ca9,0,0
215,215,0,5161,0,1,0000,001c,0,5161,1,ffff240bffff0ca9,0,0
216,216,0,10491,0,1,02e8,001c,744,10491,1,ffff240bffff0ca9,0,0
217,217,0,12156,0,1,1235,001c,4661,12156,1,ffff240bffff0ca9,0,0
218,218,0,15282,0,1,1f8d,001c,8077,15282,1,ffff240bffff0ca9,0,0
219,219,0,15797,0,1,2745,001c,10053,15797,1,ffff240bffff0ca9,0,0
220,220,0,16383,0,1,388f,001c,14479,16383,1,ffff240bffff0ca9,0,0
221,221,0,16383,0,1,3768,001c,14184,16383,1,ffff240bffff0ca9,0,0
222,222,0,16383,0,1,3fff,001c,16383,16383,1,ffff240bffff0ca9,0,0
223,223,0,16102,0,1,3fff,001c,16383,16102,1,ffff240bffff0ca9,0,0
224,224,0,16366,0,1,3fff,001c,16383,16366,1,ffff240bffff0ca9,0,0
225,225,0,13738,0,1,3fff,001c,16383,13738,1,ffff240bffff0ca9,0,0
226,226,0,12788,0,1,3c23,001c,15395,12788,1,ffff240bffff0ca9,0,0
227,227,0,9221,0,1,3992,001c,14738,9221,1,ffff240bffff0ca9,0,0
228,228,0,7209,0,1,2ce0,001c,11488,7209,1,ffff240bffff0ca9,0,0
229,229,0,3623,0,1,21d2,001c,8658,3623,1,ffff240bffff0ca9,0,0
230,230,0,0,0,1,1873,001c,6259,0,1,ffff240bffff0ca9,0,0
231,231,0,0,0,1,0913,001c,2355,0,1,ffff240bffff0ca9,0,0
232,232,0,0,0,1,0902,001c,2306,0,1,ffff240bffff0ca9,0,0
233,233,0,0,0,1,0000,001c,0,0,1,ffff240bffff0ca9,0,0
234,234,0,96,0,1,0000,001c,0,96,1,ffff240bffff0ca9,0,0
235,235,0,751,0,1,0000,001c,0,751,1,ffff240bffff0ca9,0,0
236,236,0,4681,0,1,07a9,001c,1961,4681,1,ffff240bffff0ca9,0,0
237,237,0,8079,0,1,17bd,001c,6061,8079,1,ffff240bffff0ca9,0,0
238,238,0,10080,0,1,15be,001c,5566,10080,1,ffff240bffff0ca9,0,0
239,239,0,14421,0,1,2a73,001c,10867,14421,1,ffff240bffff0ca9,0,0
240,240,0,14214,0,1,30c1,001c,12481,14214,1,ffff240bffff0ca9,0,0
241,241,0,16383,0,1,34bb,001c,13499,16383,1,ffff240bffff0ca9,0,0
242,242,0,16383,0,1,3e54,001c,15956,16383,1,ffff240bffff0ca9,0,0
243,243,0,16383,0,1,3fff,001c,16383,16383,1,ffff240bffff0ca9,0,0
244,244,0,16383,0,1,3fff,001c,16383,16383,1,ffff240bffff0ca9,0,0
245,245,0,15375,0,1,3fff,001c,16383,15375,1,ffff240bffff0ca9,0,0
246,246,0,14739,0,1,3e4f,001c,15951,14739,1,ffff240bffff0ca9,0,0
247,247,0,11466,0,1,3480,001c,13440,11466,1,ffff240bffff0ca9,0,0
248,248,0,8646,0,1,30c9,001c,12489,8646,1,ffff240bffff0ca9,0,0
249,249,0,6252,0,1,2aef,001c,10991,6252,1,ffff240bffff0ca9,0,0
250,250,0,2271,0,1,169c,001c,5788,2271,1,ffff240bffff0ca9,0,0
251,251,0,0,0,1,0c34,001c,3124,0,1,ffff240bffff0ca9,0,0
252,252,0,0,0,1,0000,001c,0,0,1,ffff240bffff0ca9,0,0
253,253,0,0,0,1,0000,001c,0,0,1,ffff240bffff0ca9,0,0
254,254,0,0,0,1,0000,001c,0,0,1,ffff240bffff0ca9,0,0
255,255,0,0,0,1,0000,001c,0,0,1,ffff240bffff0ca9,0,0
256,256,0,1941,0,1,087b,001c,2171,1941,1,ffff240bffff0ca9,0,0
257,257,0,5610,0,1,13c0,001c,5056,5610,1,ffff240bffff0ca9,0,0
258,258,0,10934,0,1,20db,001c,8411,10934,1,ffff240bffff0ca9,0,0
259,259,0,12447,0,1,2c91,001c,11409,12447,1,ffff240bffff0ca9,0,0
260,260,0,13479,0,1,3987,001c,14727,13479,1,ffff240bffff0ca9,0,0
261,261,0,15972,0,1,3c53,001c,15443,15972,1,ffff240bffff0ca9,0,0
262,262,0,16383,0,1,3fff,001c,16383,16383,1,ffff240bffff0ca9,0,0
263,263,0,16383,0,1,3fff,001c,16383,16383,1,ffff240bffff0ca9,0,0
264,264,0,16383,0,1,3fff,001c,16383,16383,1,ffff240bffff0ca9,0,0
265,265,0,15971,0,1,3fff,001c,16383,15971,1,ffff240bffff0ca9,0,0
266,266,0,13489,0,1,37a4,001c,14263,13489,1,ffff240bffff0ca9,0,0
267,267,0,12514,0,1,3ba5,001c,14757,12514,1,ffff240bffff0ca9,0,0
268,268,0,10966,0,1,3fa1,001c,16289,10966,1,ffff240bffff0ca9,0,0
269,269,0,5802,0,1,27c5,001c,10181,5802,1,ffff240bffff0ca9,0,0
270,270,0,3119,0,1,32e5,001c,13029,3119,1,ffff240bffff0ca9,0,0
271,271,0,0,0,1,13ed,001c,5101,0,1,ffff240bffff0ca9,0,0
272,272,0,0,0,1,030d,001c,781,0,1,ffff240bffff0ca9,0,0
273,273,0,0,0,1,0000,001c,0,0,1,ffff240bffff0ca9,0,0
274,274,0,0,0,1,0000,001c,0,0,1,ffff240bffff0ca9,0,0
275,275,0,2156,0,1,0000,001c,0,2156,1,ffff240bffff0ca9,0,0
276,276,0,2156,0,1,0000,001c,0,2156,1,ffff240bffff0ca9,0,0
277,277,0,5080,0,1,0dae,001c,3502,5080,1,ffff240bffff0ca9,0,0
278,278,0,8434,0,1,1756,001c,5974,8434,1,ffff240bffff0ca9,0,0
279,279,0,11389,0,1,2be3,001c,11235,11389,1,ffff240bffff0ca9,0,0
280,280,0,14719,0,1,31ac,001c,12716,14719,1,ffff240bffff0ca9,0,0
281,281,0,15439,0,1,3591,001c,13713,15439,1,ffff240bffff0ca9,0,0
282,282,0,16383,0,1,3ef0,001c,16112,16383,1,ffff240bffff0ca9,0,0
283,283,0,16383,0,1,3fff,001c,16383,16383,1,ffff240bffff0ca9,0,0
284,284,0,16383,0,1,3fff,001c,16383,16383,1,ffff240bffff0ca9,0,0
285,285,0,16383,0,1,3fff,001c,16383,16383,1,ffff240bffff0ca9,0,0
286,286,0,14183,0,1,3dcd,001c,15821,14183,1,ffff240bffff0ca9,0,0
287,287,0,14487,0,1,3bfe,001c,15358,14487,1,ffff240bffff0ca9,0,0
288,288,0,10095,0,1,2fd0,001c,12240,10095,1,ffff240bffff0ca9,0,0
289,289,0,8222,0,1,297f,001c,10623,8222,1,ffff240bffff0ca9,0,0
290,290,0,4789,0,1,1526,001c,5414,4789,1,ffff240bffff0ca9,0,0
291,291,0,762,0,1,0663,001c,1635,762,1,ffff240bffff0ca9,0,0
292,292,0,0,0,1,0000,001c,0,0,1,ffff240bffff0ca9,0,0
293,293,0,0,0,1,0000,001c,0,0,1,ffff240bffff0ca9,0,0
294,294,0,0,0,1,0000,001c,0,0,1,ffff240bffff0ca9,0,0
295,295,0,0,0,1,0000,001c,0,0,1,ffff240bffff0ca9,0,0
296,296,0,3494,0,1,0a1c,001c,2588,3494,1,ffff240bffff0ca9,0,0
297,297,0,5961,0,1,197a,001c,6522,5961,1,ffff240bffff0ca9,0,0
298,298,0,11241,0,1,229c,001c,8860,11241,1,ffff240bffff0ca9,0,0
299,299,0,12706,0,1,2dd9,001c,11737,12706,1,ffff240bffff0ca9,0,0
300,300,0,13697,0,1,3a6a,001c,14954,13697,1,ffff240bffff0ca9,0,0
301,301,0,16106,0,1,3cdd,001c,15583,16106,1,ffff240bffff0ca9,0,0
302,302,0,16383,0,1,3fff,001c,16383,16383,1,ffff240bffff0ca9,0,0
303,303,0,16383,0,1,3fff,001c,16383,16383,1,ffff240bffff0ca9,0,0
304,304,0,16383,0,1,3fff,001c,16383,16383,1,ffff240bffff0ca9,0,0
305,305,0,15807,0,1,3fec,001c,16383,15807,1,ffff240bffff0ca9,0,0
306,306,0,15355,0,1,3fed,001c,16365,15355,1,ffff240bffff0ca9,0,0
307,307,0,12226,0,1,37ad,001c,14253,12226,1,ffff240bffff0ca9,0,0
308,308,0,10604,0,1,33ac,001c,13228,10604,1,ffff240bffff0ca9,0,0
309,309,0,5378,0,1,2ef2,001c,9970,5378,1,ffff240bffff0ca9,0,0
310,310,0,1597,0,1,1ee3,001c,7907,1597,1,ffff240bffff0ca9,0,0
311,311,0,0,0,1,1110,001c,4368,0,1,ffff240bffff0ca9,0,0
312,312,0,0,0,1,0102,001c,258,0,1,ffff240bffff0ca9,0,0
313,313,0,0,0,1,0000,001c,0,0,1,ffff240bffff0ca9,0,0
314,314,0,0,0,1,0000,001c,0,0,1,ffff240bffff0ca9,0,0
315,315,0,512,0,1,0000,001c,0,512,1,ffff240bffff0ca9,0,0
316,316,0,2703,0,1,019d,001c,413,2703,1,ffff240bffff0ca9,0,0
317,317,0,6478,0,1,0f44,001c,3908,6478,1,ffff240bffff0ca9,0,0
318,318,0,8872,0,1,1cc9,001c,7369,8872,1,ffff240bffff0ca9,0,0
319,319,0,11774,0,1,254a,001c,9546,11774,1,ffff240bffff0ca9,0,0
320,320,0,14915,0,1,32e0,001c,13024,14915,1,ffff240bffff0ca9,0,0
321,321,0,15550,0,1,366a,001c,13930,15550,1,ffff240bffff0ca9,0,0
322,322,0,16383,0,1,3f3a,001c,16186,16383,1,ffff240bffff0ca9,0,0
323,323,0,16383,0,1,3fff,001c,16383,16383,1,ffff240bffff0ca9,0,0
324,324,0,16383,0,1,3fff,001c,16383,16383,1,ffff240bffff0ca9,0,0
325,325,0,16290,0,1,3fff,001c,16383,16290,1,ffff240bffff0ca9,0,0
326,326,0,13939,0,1,3d30,001c,15664,13939,1,ffff240bffff0ca9,0,0
327,327,0,13225,0,1,3b06,001c,15110,13225,1,ffff240bffff0ca9,0,0
328,328,0,9781,0,1,2eae,001c,11950,9781,1,ffff240bffff0ca9,0,0
329,329,0,7859,0,1,281f,001c,10271,7859,1,ffff240bffff0ca9,0,0
330,330,0,4336,0,1,1b5d,001c,7005,4336,1,ffff240bffff0ca9,0,0
331,331,0,201,0,1,045e,001c,1118,201,1,ffff240bffff0ca9,0,0
332,332,0,0,0,1,0000,001c,0,0,1,ffff240bffff0ca9,0,0
333,333,0,0,0,1,0000,001c,0,0,1,ffff240bffff0ca9,0,0
334,334,0,0,0,1,0000,001c,0,0,1,ffff240bffff0ca9,0,0
335,335,0,371,0,1,0000,001c,0,371,1,ffff240bffff0ca9,0,0
336,336,0,371,0,1,0485,001c,1157,371,1,ffff240bffff0ca9,0,0
337,337,0,3946,0,1,1afb,001c,6907,3946,1,ffff240bffff0ca9,0,0
338,338,0,7407,0,1,2a9f,001c,10303,7407,1,ffff240bffff0ca9,0,0
339,339,0,9547,0,1,2edf,001c,11999,9547,1,ffff240bffff0ca9,0,0
340,340,0,13042,0,1,3ffb,001c,16379,13042,1,ffff240bffff0ca9,0,0
341,341,0,13898,0,1,3f6f,001c,16239,13898,1,ffff240bffff0ca9,0,0
342,342,0,16205,0,1,3fff,001c,16383,16205,1,ffff240bffff0ca9,0,0
343,343,0,16383,0,1,3fff,001c,16383,16383,1,ffff240bffff0ca9,0,0
344,344,0,16383,0,1,3fff,001c,16383,16383,1,ffff240bffff0ca9,0,0
345,345,0,16383,0,1,3fff,001c,16383,16383,1,ffff240bffff0ca9,0,0
346,346,0,15624,0,1,3ffc,001c,16372,15624,1,ffff240bffff0ca9,0,0
347,347,0,15189,0,1,35f8,001c,13816,15189,1,ffff240bffff0ca9,0,0
348,348,0,11969,0,1,32a7,001c,12967,11969,1,ffff240bffff0ca9,0,0
349,349,0,10251,0,1,24ed,001c,9453,10251,1,ffff240bffff0ca9,0,0
350,350,0,6946,0,1,1d4a,001c,7498,6946,1,ffff240bffff0ca9,0,0
351,351,0,1099,0,1,0f4e,001c,3918,1099,1,ffff240bffff0ca9,0,0
352,352,0,0,0,1,0000,001c,0,0,1,ffff240bffff0ca9,0,0
353,353,0,0,0,1,0000,001c,0,0,1,ffff240bffff0ca9,0,0
354,354,0,0,0,1,0000,001c,0,0,1,ffff240bffff0ca9,0,0
355,355,0,0,0,1,0000,001c,0,0,1,ffff240bffff0ca9,0,0
356,356,0,1172,0,1,0215,001c,533,1172,1,ffff240bffff0ca9,0,0
357,357,0,6967,0,1,111e,001c,4382,6967,1,ffff240bffff0ca9,0,0
358,358,0,10274,0,1,1e85,001c,7813,10274,1,ffff240bffff0ca9,0,0
359,359,0,12013,0,1,269e,001c,9886,12013,1,ffff240bffff0ca9,0,0
360,360,0,15186,0,1,33d5,001c,13269,15186,1,ffff240bffff0ca9,0,0
361,361,0,15728,0,1,36fe,001c,14078,15728,1,ffff240bffff0ca9,0,0
362,362,0,16383,0,1,3fe4,001c,16356,16383,1,ffff240bffff0ca9,0,0
363,363,0,16383,0,1,3fff,001c,16383,16383,1,ffff240bffff0ca9,0,0
364,364,0,16383,0,1,3fff,001c,16383,16383,1,ffff240bffff0ca9,0,0
365,365,0,16161,0,1,3fff,001c,16383,16161,1,ffff240bffff0ca9,0,0
366,366,0,13802,0,1,3c84,001c,15492,13802,1,ffff240bffff0ca9,0,0
367,367,0,12983,0,1,3a3f,001c,14911,12983,1,ffff240bffff0ca9,0,0
368,368,0,9481,0,1,2d87,001c,11655,9481,1,ffff240bffff0ca9,0,0
369,369,0,7460,0,1,22b5,001c,8885,7460,1,ffff240bffff0ca9,0,0
370,370,0,3872,0,1,19a9,001c,6569,3872,1,ffff240bffff0ca9,0,0
371,371,0,0,0,1,0a7b,001c,2683,0,1,ffff240bffff0ca9,0,0
372,372,0,0,0,1,0000,001c,2,0,1,ffff240bffff0ca9,0,0
373,373,0,0,0,1,0000,001c,0,0,1,ffff240bffff0ca9,0,0
374,374,0,0,0,1,0000,001c,0,0,1,ffff240bffff0ca9,0,0
375,375,0,485,0,1,0000,001c,0,485,1,ffff240bffff0ca9,0,0
376,376,0,485,0,1,0674,001c,1652,485,1,ffff240bffff0ca9,0,0
377,377,0,4355,0,1,16f6,001c,5878,4355,1,ffff240bffff0ca9,0,0
378,378,0,7832,0,1,15aa,001c,5546,7832,1,ffff240bffff0ca9,0,0
379,379,0,9890,0,1,3989,001c,14729,9890,1,ffff240bffff0ca9,0,0
380,380,0,13234,0,1,341b,001c,13337,13234,1,ffff240bffff0ca9,0,0
381,381,0,14079,0,1,3dfb,001c,15866,14079,1,ffff240bffff0ca9,0,0
382,382,0,16329,0,1,3dfb,001c,16379,16329,1,ffff240bffff0ca9,0,0
383,383,0,16383,0,1,3fff,001c,16383,16383,1,ffff240bffff0ca9,0,0
384,384,0,16383,0,1,3fff,001c,16383,16383,1,ffff240bffff0ca9,0,0
385,385,0,16383,0,1,3fff,001c,16383,16383,1,ffff240bffff0ca9,0,0
386,386,0,15516,0,1,3ea6,001c,16038,15516,1,ffff240bffff0ca9,0,0
387,387,0,14890,0,1,3556,001c,13654,14890,1,ffff240bffff0ca9,0,0
388,388,0,11682,0,1,31a9,001c,12713,11682,1,ffff240bffff0ca9,0,0
389,389,0,8878,0,1,2bb4,001c,11188,8878,1,ffff240bffff0ca9,0,0
390,390,0,6546,0,1,17ab,001c,6059,6546,1,ffff240bffff0ca9,0,0
391,391,0,2658,0,1,0d7c,001c,3452,2658,1,ffff240bffff0ca9,0,0
392,392,0,0,0,1,0000,001c,0,0,1,ffff240bffff0ca9,0,0
393,393,0,0,0,1,0000,001c,0,0,1,ffff240bffff0ca9,0,0
394,394,0,0,0,1,0000,001c,0,0,1,ffff240bffff0ca9,0,0
395,395,0,0,0,1,0000,001c,0,0,1,ffff240bffff0ca9,0,0
396,396,0,624,0,1,032b,001c,811,624,1,ffff240bffff0ca9,0,0
397,397,0,1653,0,1,12a6,001c,4774,1653,1,ffff240bffff0ca9,0,0
398,398,0,5303,0,1,1fd9,001c,8153,5303,1,ffff240bffff0ca9,0,0
399,399,0,10646,0,1,2792,001c,10130,10646,1,ffff240bffff0ca9,0,0
400,400,0,12265,0,1,3891,001c,14481,12265,1,ffff240bffff0ca9,0,0
401,401,0,13354,0,1,37c5,001c,14277,13354,1,ffff240bffff0ca9,0,0
402,402,0,15876,0,1,3fff,001c,16383,15876,1,ffff240bffff0ca9,0,0
403,403,0,16383,0,1,3fff,001c,16383,16383,1,ffff240bffff0ca9,0,0
404,404,0,16383,0,1,3fff,001c,16383,16383,1,ffff240bffff0ca9,0,0
405,405,0,16383,0,1,3fff,001c,16383,16383,1,ffff240bffff0ca9,0,0
406,406,0,16053,0,1,3c02,001c,15362,16053,1,ffff240bffff0ca9,0,0
407,407,0,16053,0,1,393e,001c,14654,16053,1,ffff240bffff0ca9,0,0
408,408,0,13619,0,1,2c57,001c,11351,13619,1,ffff240bffff0ca9,0,0
409,409,0,12721,0,1,2177,001c,8567,12721,1,ffff240bffff0ca9,0,0
410,410,0,11211,0,1,1917,001c,6455,11211,1,ffff240bffff0ca9,0,0
411,411,0,6033,0,1,1858,001c,2136,6033,1,ffff240bffff0ca9,0,0
412,412,0,3413,0,1,0858,001c,2136,3413,1,ffff240bffff0ca9,0,0
413,413,0,0,0,1,0000,001c,0,0,1,ffff240bffff0ca9,0,0
414,414,0,0,0,1,0000,001c,0,0,1,ffff240bffff0ca9,0,0
415,415,0,0,0,1,0000,001c,0,0,1,ffff240bffff0ca9,0,0
416,416,0,0,0,1,0c11,001c,3089,0,1,ffff240bffff0ca9,0,0
417,417,0,792,0,1,1e11,001c,7697,792,1,ffff240bffff0ca9,0,0
418,418,0,4829,0,1,1613,001c,5651,4829,1,ffff240bffff0ca9,0,0
419,419,0,8194,0,1,2abd,001c,10941,8194,1,ffff240bffff0ca9,0,0
420,420,0,10191,0,1,311a,001c,12570,10191,1,ffff240bffff0ca9,0,0
421,421,0,14535,0,1,3522,001c,13602,14535,1,ffff240bffff0ca9,0,0
422,422,0,14241,0,1,3e7d,001c,15997,14241,1,ffff240bffff0ca9,0,0
423,423,0,16383,0,1,3fff,001c,16383,16383,1,ffff240bffff0ca9,0,0
424,424,0,16383,0,1,3fff,001c,16383,16383,1,ffff240bffff0ca9,0,0
425,425,0,16383,0,1,3fff,001c,16383,16383,1,ffff240bffff0ca9,0,0
426,426,0,16383,0,1,3e49,001c,15945,16383,1,ffff240bffff0ca9,0,0
427,427,0,14292,0,1,348f,001c,13455,14292,1,ffff240bffff0ca9,0,0
428,428,0,14680,0,1,3067,001c,12391,14680,1,ffff240bffff0ca9,0,0
429,429,0,10234,0,1,2a82,001c,10882,10234,1,ffff240bffff0ca9,0,0
430,430,0,8495,0,1,1624,001c,5668,8495,1,ffff240bffff0ca9,0,0
431,431,0,5062,0,1,07ac,001c,1964,5062,1,ffff240bffff0ca9,0,0
432,432,0,2109,0,1,0000,001c,0,2109,1,ffff240bffff0ca9,0,0
433,433,0,0,0,1,0000,001c,0,0,1,ffff240bffff0ca9,0,0
434,434,0,0,0,1,0000,001c,0,0,1,ffff240bffff0ca9,0,0
435,435,0,0,0,1,0000,001c,0,0,1,ffff240bffff0ca9,0,0
436,436,0,0,0,1,094f,001c,2383,0,1,ffff240bffff0ca9,0,0
437,437,0,96,0,1,186e,001c,6254,96,1,ffff240bffff0ca9,0,0
438,438,0,3179,0,1,218c,001c,8588,3179,1,ffff240bffff0ca9,0,0
439,439,0,5667,0,1,2cfa,001c,11514,5667,1,ffff240bffff0ca9,0,0
440,440,0,11028,0,1,39b1,001c,14769,11028,1,ffff240bffff0ca9,0,0
441,441,0,12574,0,1,3c64,001c,15460,12574,1,ffff240bffff0ca9,0,0
442,442,0,13578,0,1,3fff,001c,16383,13578,1,ffff240bffff0ca9,0,0
443,443,0,16021,0,1,3fff,001c,16383,16021,1,ffff240bffff0ca9,0,0
444,444,0,16383,0,1,3fff,001c,16383,16383,1,ffff240bffff0ca9,0,0
445,445,0,16383,0,1,3ff2,001c,16370,16383,1,ffff240bffff0ca9,0,0
446,446,0,16383,0,1,37be,001c,14142,16383,1,ffff240bffff0ca9,0,0
447,447,0,15925,0,1,3f7e,001c,16254,15925,1,ffff240bffff0ca9,0,0
448,448,0,13395,0,1,3f7b,001c,16251,13395,1,ffff240bffff0ca9,0,0
449,449,0,12429,0,1,3fff,001c,16383,12429,1,ffff240bffff0ca9,0,0
450,450,0,10853,0,1,1ffe,001c,8158,10853,1,ffff240bffff0ca9,0,0
451,451,0,5669,0,1,127b,001c,4731,5669,1,ffff240bffff0ca9,0,0
452,452,0,1931,0,1,025a,001c,602,1931,1,ffff240bffff0ca9,0,0
453,453,0,0,0,1,0000,001c,0,0,1,ffff240bffff0ca9,0,0
454,454,0,0,0,1,0000,001c,0,0,1,ffff240bffff0ca9,0,0
455,455,0,0,0,1,0000,001c,0,0,1,ffff240bffff0ca9,0,0
456,456,0,0,0,1,0000,001c,0,0,1,ffff240bffff0ca9,0,0
457,457,0,2355,0,1,0e1f,001c,3615,2355,1,ffff240bffff0ca9,0,0
458,458,0,2355,0,1,17bf,001c,6079,2355,1,ffff240bffff0ca9,0,0
459,459,0,6250,0,1,244e,001c,9294,6250,1,ffff240bffff0ca9,0,0
460,460,0,8619,0,1,3235,001c,12853,8619,1,ffff240bffff0ca9,0,0
461,461,0,11518,0,1,35d3,001c,13779,11518,1,ffff240bffff0ca9,0,0
462,462,0,14787,0,1,3f0c,001c,16140,14787,1,ffff240bffff0ca9,0,0
463,463,0,15484,0,1,3fff,001c,16383,15484,1,ffff240bffff0ca9,0,0
464,464,0,16383,0,1,3fff,001c,16383,16383,1,ffff240bffff0ca9,0,0
465,465,0,16383,0,1,3fff,001c,16383,16383,1,ffff240bffff0ca9,0,0
466,466,0,16383,0,1,3d8f,001c,15759,16383,1,ffff240bffff0ca9,0,0
467,467,0,16340,0,1,3b9c,001c,15260,16340,1,ffff240bffff0ca9,0,0
468,468,0,16349,0,1,2fba,001c,12218,16349,1,ffff240bffff0ca9,0,0
469,469,0,14157,0,1,2934,001c,10548,14157,1,ffff240bffff0ca9,0,0
470,470,0,14406,0,1,1489,001c,5257,14406,1,ffff240bffff0ca9,0,0
471,471,0,10008,0,1,05bf,001c,1471,10008,1,ffff240bffff0ca9,0,0
472,472,0,8124,0,1,0000,001c,0,8124,1,ffff240bffff0ca9,0,0
473,473,0,4623,0,1,0000,001c,0,4623,1,ffff240bffff0ca9,0,0
474,474,0,566,0,1,0000,001c,0,566,1,ffff240bffff0ca9,0,0
475,475,0,0,0,1,0000,001c,0,0,1,ffff240bffff0ca9,0,0
476,476,0,0,0,1,0af4,001c,2804,0,1,ffff240bffff0ca9,0,0
477,477,0,0,0,1,19d5,001c,6613,0,1,ffff240bffff0ca9,0,0
478,478,0,0,0,1,230f,001c,8975,0,1,ffff240bffff0ca9,0,0
479,479,0,32,0,1,2e39,001c,11833,32,1,ffff240bffff0ca9,0,0
480,480,0,3642,0,1,3a96,001c,14999,3642,1,ffff240bffff0ca9,0,0
481,481,0,6103,0,1,3ce6,001c,15606,6103,1,ffff240bffff0ca9,0,0
482,482,0,9309,0,1,3fff,001c,16383,9309,1,ffff240bffff0ca9,0,0
483,483,0,12841,0,1,3fff,001c,16383,12841,1,ffff240bffff0ca9,0,0
484,484,0,13739,0,1,3fff,001c,16383,13739,1,ffff240bffff0ca9,0,0
485,485,0,16131,0,1,3fff,001c,16383,16131,1,ffff240bffff0ca9,0,0
486,486,0,16383,0,1,3ff7,001c,16375,16383,1,ffff240bffff0ca9,0,0
487,487,0,16383,0,1,3776,001c,14198,16383,1,ffff240bffff0ca9,0,0
488,488,0,16383,0,1,3756,001c,14166,16383,1,ffff240bffff0ca9,0,0
489,489,0,15714,0,1,2604,001c,9732,15714,1,ffff240bffff0ca9,0,0
490,490,0,15236,0,1,1e6b,001c,7787,15236,1,ffff240bffff0ca9,0,0
491,491,0,12181,0,1,1097,001c,4247,12181,1,ffff240bffff0ca9,0,0
492,492,0,10537,0,1,0058,001c,88,10537,1,ffff240bffff0ca9,0,0
493,493,0,5217,0,1,0000,001c,0,5217,1,ffff240bffff0ca9,0,0
494,494,0,1424,0,1,0000,001c,0,1424,1,ffff240bffff0ca9,0,0
495,495,0,0,0,1,0000,001c,0,0,1,ffff240bffff0ca9,0,0
496,496,0,0,0,1,0000,001c,0,0,1,ffff240bffff0ca9,0,0
497,497,0,0,0,1,0fe6,001c,4070,0,1,ffff240bffff0ca9,0,0
498,498,0,0,0,1,1d6c,001c,7532,0,1,ffff240bffff0ca9,0,0
499,499,0,2835,0,1,2594,001c,9620,2835,1,ffff240bffff0ca9,0,0
500,500,0,2835,0,1,331a,001c,13082,2835,1,ffff240bffff0ca9,0,0
501,501,0,6631,0,1,36b1,001c,14001,6631,1,ffff240bffff0ca9,0,0
502,502,0,9011,0,1,3fac,001c,16300,9011,1,ffff240bffff0ca9,0,0
503,503,0,11855,0,1,3fff,001c,16383,11855,1,ffff240bffff0ca9,0,0
504,504,0,15040,0,1,3fff,001c,16383,15040,1,ffff240bffff0ca9,0,0
505,505,0,15599,0,1,3fff,001c,16383,15599,1,ffff240bffff0ca9,0,0
506,506,0,16383,0,1,3cf0,001c,15600,16383,1,ffff240bffff0ca9,0,0
507,507,0,16383,0,1,3ae0,001c,15072,16383,1,ffff240bffff0ca9,0,0
508,508,0,16383,0,1,2e56,001c,11862,16383,1,ffff240bffff0ca9,0,0
509,509,0,16274,0,1,2385,001c,9093,16274,1,ffff240bffff0ca9,0,0
510,510,0,13937,0,1,1abf,001c,6847,13937,1,ffff240bffff0ca9,0,0
511,511,0,13136,0,1,0bd2,001c,3026,13136,1,ffff240bffff0ca9,0,0
512,512,0,9689,0,1,0000,001c,0,9689,1,ffff240bffff0ca9,0,0
513,513,0,7745,0,1,0000,001c,0,7745,1,ffff240bffff0ca9,0,0
514,514,0,4182,0,1,0000,001c,0,4182,1,ffff240bffff0ca9,0,0
515,515,0,40,0,1,0000,001c,0,40,1,ffff240bffff0ca9,0,0
516,516,0,0,0,1,053e,001c,1342,0,1,ffff240bffff0ca9,0,0
517,517,0,0,0,1,1bb6,001c,7102,0,1,ffff240bffff0ca9,0,0
518,518,0,0,0,1,2b9c,001c,10684,0,1,ffff240bffff0ca9,0,0
519,519,0,0,0,1,2f9e,001c,12190,0,1,ffff240bffff0ca9,0,0
520,520,0,4056,0,1,3f7e,001c,16254,4056,1,ffff240bffff0ca9,0,0
521,521,0,7535,0,1,3ffd,001c,16381,7535,1,ffff240bffff0ca9,0,0
522,522,0,9654,0,1,3fff,001c,16383,9654,1,ffff240bffff0ca9,0,0
523,523,0,13087,0,1,3fff,001c,16383,13087,1,ffff240bffff0ca9,0,0
524,524,0,13969,0,1,3fff,001c,16383,13969,1,ffff240bffff0ca9,0,0
525,525,0,16288,0,1,3fff,001c,16383,16288,1,ffff240bffff0ca9,0,0
526,526,0,16383,0,1,3f09,001c,16137,16383,1,ffff240bffff0ca9,0,0
527,527,0,16383,0,1,35cf,001c,13775,16383,1,ffff240bffff0ca9,0,0
528,528,0,16383,0,1,3256,001c,12886,16383,1,ffff240bffff0ca9,0,0
529,529,0,15570,0,1,2454,001c,9300,15570,1,ffff240bffff0ca9,0,0
530,530,0,15049,0,1,1cc9,001c,7369,15049,1,ffff240bffff0ca9,0,0
531,531,0,11861,0,1,0e98,001c,3736,11861,1,ffff240bffff0ca9,0,0
532,532,0,9096,0,1,0000,001c,0,9096,1,ffff240bffff0ca9,0,0
533,533,0,6831,0,1,0000,001c,0,6831,1,ffff240bffff0ca9,0,0
534,534,0,2968,0,1,0000,001c,0,2968,1,ffff240bffff0ca9,0,0
535,535,0,0,0,1,0000,001c,0,0,1,ffff240bffff0ca9,0,0
536,536,0,0,0,1,0180,001c,384,0,1,ffff240bffff0ca9,0,0
537,537,0,0,0,1,117f,001c,4479,0,1,ffff240bffff0ca9,0,0
538,538,0,0,0,1,1ee9,001c,7913,0,1,ffff240bffff0ca9,0,0
539,539,0,1358,0,1,26e8,001c,9960,1358,1,ffff240bffff0ca9,0,0
540,540,0,1358,0,1,3814,001c,14356,1358,1,ffff240bffff0ca9,0,0
541,541,0,7109,0,1,3736,001c,14134,7109,1,ffff240bffff0ca9,0,0
542,542,0,10415,0,1,3fff,001c,16383,10415,1,ffff240bffff0ca9,0,0
543,543,0,12079,0,1,3fff,001c,16383,12079,1,ffff240bffff0ca9,0,0
544,544,0,15196,0,1,3fff,001c,16383,15196,1,ffff240bffff0ca9,0,0
545,545,0,15798,0,1,3fff,001c,16383,15798,1,ffff240bffff0ca9,0,0
546,546,0,16383,0,1,3c5d,001c,15453,16383,1,ffff240bffff0ca9,0,0
547,547,0,16383,0,1,39dc,001c,14812,16383,1,ffff240bffff0ca9,0,0
548,548,0,16383,0,1,2cf2,001c,11506,16383,1,ffff240bffff0ca9,0,0
549,549,0,16156,0,1,2268,001c,8808,16156,1,ffff240bffff0ca9,0,0
550,550,0,13766,0,1,1912,001c,6418,13766,1,ffff240bffff0ca9,0,0
551,551,0,12892,0,1,09a3,001c,2467,12892,1,ffff240bffff0ca9,0,0
552,552,0,9360,0,1,0000,001c,3,9360,1,ffff240bffff0ca9,0,0
553,553,0,7324,0,1,0000,001c,0,7324,1,ffff240bffff0ca9,0,0
554,554,0,3711,0,1,0000,001c,0,3711,1,ffff240bffff0ca9,0,0
555,555,0,0,0,1,0000,001c,0,0,1,ffff240bffff0ca9,0,0
556,556,0,0,0,1,0711,001c,1809,0,1,ffff240bffff0ca9,0,0
557,557,0,0,0,1,1733,001c,5939,0,1,ffff240bffff0ca9,0,0
558,558,0,0,0,1,3de2,001c,15842,0,1,ffff240bffff0ca9,0,0
559,559,0,0,0,1,39e2,001c,14818,0,1,ffff240bffff0ca9,0,0
560,560,0,436,0,1,34c9,001c,13513,436,1,ffff240bffff0ca9,0,0
561,561,0,439,0,1,34ab,001c,13963,439,1,ffff240bffff0ca9,0,0
562,562,0,4528,0,1,3e2d,001c,15917,4528,1,ffff240bffff0ca9,0,0
563,563,0,7905,0,1,3fff,001c,16383,7905,1,ffff240bffff0ca9,0,0
564,564,0,9977,0,1,3fff,001c,16383,9977,1,ffff240bffff0ca9,0,0
565,565,0,14401,0,1,3fff,001c,16383,14401,1,ffff240bffff0ca9,0,0
566,566,0,14119,0,1,3e8b,001c,16011,14119,1,ffff240bffff0ca9,0,0
567,567,0,16374,0,1,3505,001c,13573,16374,1,ffff240bffff0ca9,0,0
568,568,0,16383,0,1,315b,001c,12635,16383,1,ffff240bffff0ca9,0,0
569,569,0,16383,0,1,2b4e,001c,11086,16383,1,ffff240bffff0ca9,0,0
570,570,0,16383,0,1,173d,001c,5949,16383,1,ffff240bffff0ca9,0,0
571,571,0,15394,0,1,0ce2,001c,3298,15394,1,ffff240bffff0ca9,0,0
572,572,0,14797,0,1,0000,001c,0,14797,1,ffff240bffff0ca9,0,0
573,573,0,11544,0,1,0000,001c,0,11544,1,ffff240bffff0ca9,0,0
574,574,0,8764,0,1,0000,001c,0,8764,1,ffff240bffff0ca9,0,0
575,575,0,6379,0,1,0000,001c,0,6379,1,ffff240bffff0ca9,0,0
576,576,0,2428,0,1,03fe,001c,1022,2428,1,ffff240bffff0ca9,0,0
577,577,0,0,0,1,1354,001c,4948,0,1,ffff240bffff0ca9,0,0
578,578,0,0,0,1,207b,001c,8315,0,1,ffff240bffff0ca9,0,0
579,579,0,0,0,1,2c1f,001c,11295,0,1,ffff240bffff0ca9,0,0
580,580,0,0,0,1,3933,001c,14643,0,1,ffff240bffff0ca9,0,0
581,581,0,32,0,1,3c08,001c,15368,32,1,ffff240bffff0ca9,0,0
582,582,0,1853,0,1,3fff,001c,16383,1853,1,ffff240bffff0ca9,0,0
583,583,0,5444,0,1,3fff,001c,16383,5444,1,ffff240bffff0ca9,0,0
584,584,0,10774,0,1,3fff,001c,16383,10774,1,ffff240bffff0ca9,0,0
585,585,0,12395,0,1,3fff,001c,16383,12395,1,ffff240bffff0ca9,0,0
586,586,0,13449,0,1,37a7,001c,14247,13449,1,ffff240bffff0ca9,0,0
587,587,0,15937,0,1,3902,001c,14594,15937,1,ffff240bffff0ca9,0,0
588,588,0,16383,0,1,27ef,001c,10223,16383,1,ffff240bffff0ca9,0,0
589,589,0,16383,0,1,23cf,001c,8687,16383,1,ffff240bffff0ca9,0,0
590,590,0,16383,0,1,33df,001c,13279,16383,1,ffff240bffff0ca9,0,0
591,591,0,15973,0,1,13d7,001c,5079,15973,1,ffff240bffff0ca9,0,0
592,592,0,13552,0,1,0384,001c,900,13552,1,ffff240bffff0ca9,0,0
593,593,0,12587,0,1,0000,001c,0,12587,1,ffff240bffff0ca9,0,0
594,594,0,11061,0,1,0000,001c,0,11061,1,ffff240bffff0ca9,0,0
595,595,0,5927,0,1,005b,001c,91,5927,1,ffff240bffff0ca9,0,0
596,596,0,3270,0,1,0d5f,001c,3423,3270,1,ffff240bffff0ca9,0,0
597,597,0,0,0,1,0d1f,001c,3359,0,1,ffff240bffff0ca9,0,0
598,598,0,0,0,1,16d8,001c,5848,0,1,ffff240bffff0ca9,0,0
599,599,0,0,0,1,2b7d,001c,11133,0,1,ffff240bffff0ca9,0,0
600,600,0,0,0,1,317f,001c,12671,0,1,ffff240bffff0ca9,0,0
601,601,0,978,0,1,356c,001c,13676,978,1,ffff240bffff0ca9,0,0
602,602,0,978,0,1,3eb0,001c,16048,978,1,ffff240bffff0ca9,0,0
603,603,0,4957,0,1,3fff,001c,16383,4957,1,ffff240bffff0ca9,0,0
604,604,0,8326,0,1,3fff,001c,16383,8326,1,ffff240bffff0ca9,0,0
605,605,0,11312,0,1,3fff,001c,16383,11312,1,ffff240bffff0ca9,0,0
606,606,0,14622,0,1,3de3,001c,15843,14622,1,ffff240bffff0ca9,0,0
607,607,0,14327,0,1,3444,001c,13380,14327,1,ffff240bffff0ca9,0,0
608,608,0,16383,0,1,2ffd,001c,12285,16383,1,ffff240bffff0ca9,0,0
609,609,0,16383,0,1,29e3,001c,10723,16383,1,ffff240bffff0ca9,0,0
610,610,0,16383,0,1,1581,001c,5505,16383,1,ffff240bffff0ca9,0,0
611,611,0,16383,0,1,06f8,001c,1784,16383,1,ffff240bffff0ca9,0,0
612,612,0,14237,0,1,0000,001c,0,14237,1,ffff240bffff0ca9,0,0
613,613,0,14237,0,1,0000,001c,0,14237,1,ffff240bffff0ca9,0,0
614,614,0,14601,0,1,0000,001c,0,14601,1,ffff240bffff0ca9,0,0
615,615,0,10234,0,1,0000,001c,0,10234,1,ffff240bffff0ca9,0,0
616,616,0,8373,0,1,09e5,001c,2533,8373,1,ffff240bffff0ca9,0,0
617,617,0,4920,0,1,18c1,001c,6337,4920,1,ffff240bffff0ca9,0,0
618,618,0,925,0,1,2219,001c,8729,925,1,ffff240bffff0ca9,0,0
619,619,0,0,0,1,2d76,001c,11638,0,1,ffff240bffff0ca9,0,0
620,620,0,0,0,1,39f7,001c,14839,0,1,ffff240bffff0ca9,0,0
621,621,0,0,0,1,3ca8,001c,15528,0,1,ffff240bffff0ca9,0,0
622,622,0,241,0,1,3fff,001c,16383,241,1,ffff240bffff0ca9,0,0
623,623,0,3329,0,1,3fff,001c,16383,3329,1,ffff240bffff0ca9,0,0
624,624,0,5800,0,1,3fff,001c,16383,5800,1,ffff240bffff0ca9,0,0
625,625,0,11161,0,1,3fcf,001c,16335,11161,1,ffff240bffff0ca9,0,0
626,626,0,12712,0,1,3fcd,001c,16205,12712,1,ffff240bffff0ca9,0,0
627,627,0,13664,0,1,3f0f,001c,16143,13664,1,ffff240bffff0ca9,0,0
628,628,0,16040,0,1,3abf,001c,15039,16040,1,ffff240bffff0ca9,0,0
629,629,0,16383,0,1,26bf,001c,9919,16383,1,ffff240bffff0ca9,0,0
630,630,0,16383,0,1,1f4b,001c,8011,16383,1,ffff240bffff0ca9,0,0
631,631,0,16383,0,1,11bc,001c,4524,16383,1,ffff240bffff0ca9,0,0
632,632,0,15863,0,1,019c,001c,412,15863,1,ffff240bffff0ca9,0,0
633,633,0,15871,0,1,0000,001c,0,15871,1,ffff240bffff0ca9,0,0
634,634,0,13327,0,1,0000,001c,0,13327,1,ffff240bffff0ca9,0,0
635,635,0,12325,0,1,0000,001c,0,12325,1,ffff240bffff0ca9,0,0
636,636,0,10724,0,1,00fc,001c,252,10724,1,ffff240bffff0ca9,0,0
637,637,0,5498,0,1,0ebf,001c,3775,5498,1,ffff240bffff0ca9,0,0
638,638,0,1718,0,1,1c53,001c,7251,1718,1,ffff240bffff0ca9,0,0
639,639,0,0,0,1,24bf,001c,9407,0,1,ffff240bffff0ca9,0,0
640,640,0,0,0,1,3266,001c,12902,0,1,ffff240bffff0ca9,0,0
641,641,0,0,0,1,35ff,001c,13823,0,1,ffff240bffff0ca9,0,0
642,642,0,0,0,1,3f41,001c,16193,0,1,ffff240bffff0ca9,0,0
643,643,0,2512,0,1,3fff,001c,16383,2512,1,ffff240bffff0ca9,0,0
644,644,0,2512,0,1,3fff,001c,16383,2512,1,ffff240bffff0ca9,0,0
645,645,0,6390,0,1,3fff,001c,16383,6390,1,ffff240bffff0ca9,0,0
646,646,0,8751,0,1,3d43,001c,15683,8751,1,ffff240bffff0ca9,0,0
647,647,0,11640,0,1,3b62,001c,15202,11640,1,ffff240bffff0ca9,0,0
648,648,0,14871,0,1,2f08,001c,12040,14871,1,ffff240bffff0ca9,0,0
649,649,0,15486,0,1,287f,001c,10367,15486,1,ffff240bffff0ca9,0,0
650,650,0,16383,0,1,1bd6,001c,7126,16383,1,ffff240bffff0ca9,0,0
651,651,0,16383,0,1,04ff,001c,1279,16383,1,ffff240bffff0ca9,0,0
652,652,0,16383,0,1,0000,001c,0,16383,1,ffff240bffff0ca9,0,0
653,653,0,16318,0,1,0000,001c,0,16318,1,ffff240bffff0ca9,0,0
654,654,0,16383,0,1,0000,001c,0,16383,1,ffff240bffff0ca9,0,0
655,655,0,14045,0,1,0000,001c,0,14045,1,ffff240bffff0ca9,0,0
656,656,0,13311,0,1,0be5,001c,3045,13311,1,ffff240bffff0ca9,0,0
657,657,0,9911,0,1,1a90,001c,6800,9911,1,ffff240bffff0ca9,0,0
658,658,0,8037,0,1,238c,001c,9100,8037,1,ffff240bffff0ca9,0,0
659,659,0,4481,0,1,2e56,001c,11862,4481,1,ffff240bffff0ca9,0,0
660,660,0,381,0,1,3afe,001c,15102,381,1,ffff240bffff0ca9,0,0
661,661,0,0,0,1,3fdf,001c,15743,0,1,ffff240bffff0ca9,0,0
662,662,0,0,0,1,3fff,001c,16383,0,1,ffff240bffff0ca9,0,0
663,663,0,0,0,1,3fff,001c,16383,0,1,ffff240bffff0ca9,0,0
664,664,0,347,0,1,3fff,001c,16383,347,1,ffff240bffff0ca9,0,0
665,665,0,347,0,1,3fff,001c,16383,347,1,ffff240bffff0ca9,0,0
666,666,0,3763,0,1,3f74,001c,16244,3763,1,ffff240bffff0ca9,0,0
667,667,0,7300,0,1,3764,001c,14180,7300,1,ffff240bffff0ca9,0,0
668,668,0,9445,0,1,332a,001c,13130,9445,1,ffff240bffff0ca9,0,0
669,669,0,12920,0,1,2573,001c,9587,12920,1,ffff240bffff0ca9,0,0
670,670,0,13826,0,1,1dcd,001c,7629,13826,1,ffff240bffff0ca9,0,0
671,671,0,16196,0,1,0fd3,001c,4051,16196,1,ffff240bffff0ca9,0,0
672,672,0,16383,0,1,0000,001c,0,16383,1,ffff240bffff0ca9,0,0
673,673,0,16383,0,1,0000,001c,0,16383,1,ffff240bffff0ca9,0,0
674,674,0,16383,0,1,0000,001c,0,16383,1,ffff240bffff0ca9,0,0
675,675,0,15698,0,1,0000,001c,0,15698,1,ffff240bffff0ca9,0,0
676,676,0,15205,0,1,011b,001c,283,15205,1,ffff240bffff0ca9,0,0
677,677,0,12032,0,1,108a,001c,4234,12032,1,ffff240bffff0ca9,0,0
678,678,0,10392,0,1,1dec,001c,7660,10392,1,ffff240bffff0ca9,0,0
679,679,0,7158,0,1,25f3,001c,9715,7158,1,ffff240bffff0ca9,0,0
680,680,0,1241,0,1,333c,001c,13116,1241,1,ffff240bffff0ca9,0,0
681,681,0,0,0,1,36a5,001c,13989,0,1,ffff240bffff0ca9,0,0
682,682,0,0,0,1,3fd8,001c,16344,0,1,ffff240bffff0ca9,0,0
683,683,0,0,0,1,3fff,001c,16383,0,1,ffff240bffff0ca9,0,0
684,684,0,0,0,1,3fff,001c,16383,0,1,ffff240bffff0ca9,0,0
685,685,0,3013,0,1,3fff,001c,16383,3013,1,ffff240bffff0ca9,0,0
686,686,0,6812,0,1,3cd9,001c,15577,6812,1,ffff240bffff0ca9,0,0
687,687,0,9131,0,1,3a3e,001c,14910,9131,1,ffff240bffff0ca9,0,0
688,688,0,11876,0,1,2e07,001c,11783,11876,1,ffff240bffff0ca9,0,0
689,689,0,15132,0,1,2330,001c,9008,15132,1,ffff240bffff0ca9,0,0
690,690,0,15689,0,1,1a59,001c,6745,15689,1,ffff240bffff0ca9,0,0
691,691,0,16383,0,1,0b31,001c,2865,16383,1,ffff240bffff0ca9,0,0
692,692,0,16383,0,1,0000,001c,0,16383,1,ffff240bffff0ca9,0,0
693,693,0,16383,0,1,0000,001c,0,16383,1,ffff240bffff0ca9,0,0
694,694,0,16217,0,1,0000,001c,0,16217,1,ffff240bffff0ca9,0,0
695,695,0,13881,0,1,0000,001c,0,13881,1,ffff240bffff0ca9,0,0
696,696,0,13025,0,1,05a3,001c,1443,13025,1,ffff240bffff0ca9,0,0
697,697,0,9584,0,1,159f,001c,5439,9584,1,ffff240bffff0ca9,0,0
698,698,0,7615,0,1,3cff,001c,15615,7615,1,ffff240bffff0ca9,0,0
699,699,0,4024,0,1,2ffa,001c,12282,4024,1,ffff240bffff0ca9,0,0
700,700,0,0,0,1,3fda,001c,16346,0,1,ffff240bffff0ca9,0,0
701,701,0,0,0,1,3ffe,001c,16382,0,1,ffff240bffff0ca9,0,0
702,702,0,0,0,1,3fff,001c,16383,0,1,ffff240bffff0ca9,0,0
703,703,0,0,0,1,3fff,001c,16383,0,1,ffff240bffff0ca9,0,0
704,704,0,541,0,1,3fff,001c,16383,541,1,ffff240bffff0ca9,0,0
705,705,0,541,0,1,3fff,001c,16383,541,1,ffff240bffff0ca9,0,0
706,706,0,4266,0,1,3ec6,001c,16070,4266,1,ffff240bffff0ca9,0,0
707,707,0,7703,0,1,354c,001c,13644,7703,1,ffff240bffff0ca9,0,0
708,708,0,9745,0,1,3205,001c,12805,9745,1,ffff240bffff0ca9,0,0
709,709,0,13183,0,1,2412,001c,9234,13183,1,ffff240bffff0ca9,0,0
710,710,0,14028,0,1,1c44,001c,7236,14028,1,ffff240bffff0ca9,0,0
711,711,0,16325,0,1,0e14,001c,3604,16325,1,ffff240bffff0ca9,0,0
712,712,0,16383,0,1,0000,001c,0,16383,1,ffff240bffff0ca9,0,0
713,713,0,16383,0,1,0000,001c,0,16383,1,ffff240bffff0ca9,0,0
714,714,0,16383,0,1,0000,001c,0,16383,1,ffff240bffff0ca9,0,0
715,715,0,15530,0,1,0000,001c,0,15530,1,ffff240bffff0ca9,0,0
716,716,0,14964,0,1,02c7,001c,711,14964,1,ffff240bffff0ca9,0,0
717,717,0,11766,0,1,1234,001c,4660,11766,1,ffff240bffff0ca9,0,0
718,718,0,8971,0,1,1f6b,001c,8043,8971,1,ffff240bffff0ca9,0,0
719,719,0,6703,0,1,2766,001c,10086,6703,1,ffff240bffff0ca9,0,0
720,720,0,2844,0,1,3871,001c,14449,2844,1,ffff240bffff0ca9,0,0
721,721,0,0,0,1,3792,001c,14226,0,1,ffff240bffff0ca9,0,0
722,722,0,0,0,1,3fff,001c,16383,0,1,ffff240bffff0ca9,0,0
723,723,0,0,0,1,3fff,001c,16383,0,1,ffff240bffff0ca9,0,0
724,724,0,0,0,1,3fff,001c,16383,0,1,ffff240bffff0ca9,0,0
725,725,0,32,0,1,3fff,001c,16383,32,1,ffff240bffff0ca9,0,0
726,726,0,1469,0,1,3c2d,001c,15405,1469,1,ffff240bffff0ca9,0,0
727,727,0,5153,0,1,3984,001c,14724,5153,1,ffff240bffff0ca9,0,0
728,728,0,10556,0,1,2cb3,001c,11443,10556,1,ffff240bffff0ca9,0,0
729,729,0,12213,0,1,21f6,001c,8694,12213,1,ffff240bffff0ca9,0,0
730,730,0,15307,0,1,18b9,001c,6331,15307,1,ffff240bffff0ca9,0,0
731,731,0,15809,0,1,0937,001c,2367,15809,1,ffff240bffff0ca9,0,0
732,732,0,16383,0,1,0117,001c,311,16383,1,ffff240bffff0ca9,0,0
733,733,0,16383,0,1,0000,001c,0,16383,1,ffff240bffff0ca9,0,0
734,734,0,16383,0,1,0000,001c,0,16383,1,ffff240bffff0ca9,0,0
735,735,0,16082,0,1,0000,001c,0,16082,1,ffff240bffff0ca9,0,0
736,736,0,13669,0,1,079c,001c,1948,13669,1,ffff240bffff0ca9,0,0
737,737,0,12768,0,1,179c,001c,6044,12768,1,ffff240bffff0ca9,0,0
738,738,0,9285,0,1,159c,001c,6044,9285,1,ffff240bffff0ca9,0,0
739,739,0,7234,0,1,2a5c,001c,10844,7234,1,ffff240bffff0ca9,0,0
740,740,0,3612,0,1,30ab,001c,12459,3612,1,ffff240bffff0ca9,0,0
741,741,0,0,0,1,348f,001c,13455,0,1,ffff240bffff0ca9,0,0
742,742,0,0,0,1,3e59,001c,15961,0,1,ffff240bffff0ca9,0,0
743,743,0,0,0,1,3fff,001c,16383,0,1,ffff240bffff0ca9,0,0
744,744,0,0,0,1,3fff,001c,16383,0,1,ffff240bffff0ca9,0,0
745,745,0,773,0,1,3fff,001c,16383,773,1,ffff240bffff0ca9,0,0
746,746,0,4645,0,1,3e41,001c,15937,4645,1,ffff240bffff0ca9,0,0
747,747,0,8039,0,1,34df,001c,13535,8039,1,ffff240bffff0ca9,0,0
748,748,0,10118,0,1,3108,001c,12552,10118,1,ffff240bffff0ca9,0,0
749,749,0,14477,0,1,2af0,001c,10992,14477,1,ffff240bffff0ca9,0,0
750,750,0,14208,0,1,16a9,001c,5801,14208,1,ffff240bffff0ca9,0,0
751,751,0,16383,0,1,0c3e,001c,3134,16383,1,ffff240bffff0ca9,0,0
752,752,0,16383,0,1,0000,001c,0,16383,1,ffff240bffff0ca9,0,0
753,753,0,16383,0,1,0000,001c,0,16383,1,ffff240bffff0ca9,0,0
754,754,0,16383,0,1,0000,001c,0,16383,1,ffff240bffff0ca9,0,0
755,755,0,15385,0,1,0000,001c,0,15385,1,ffff240bffff0ca9,0,0
756,756,0,14698,0,1,0845,001c,2117,14698,1,ffff240bffff0ca9,0,0
757,757,0,11401,0,1,13f1,001c,5105,11401,1,ffff240bffff0ca9,0,0
758,758,0,8576,0,1,2158,001c,8536,8576,1,ffff240bffff0ca9,0,0
759,759,0,6300,0,1,2cad,001c,11437,6300,1,ffff240bffff0ca9,0,0
760,760,0,2300,0,1,393b,001c,14651,2300,1,ffff240bffff0ca9,0,0
761,761,0,0,0,1,3c0e,001c,15374,0,1,ffff240bffff0ca9,0,0
762,762,0,0,0,1,3fff,001c,16383,0,1,ffff240bffff0ca9,0,0
763,763,0,0,0,1,3fff,001c,16383,0,1,ffff240bffff0ca9,0,0
764,764,0,0,0,1,3fff,001c,16383,0,1,ffff240bffff0ca9,0,0
765,765,0,2001,0,1,3fff,001c,16383,2001,1,ffff240bffff0ca9,0,0
766,766,0,5597,0,1,3751,001c,14161,5597,1,ffff240bffff0ca9,0,0
767,767,0,10930,0,1,38a9,001c,14521,10930,1,ffff240bffff0ca9,0,0
768,768,0,12484,0,1,2789,001c,12201,12484,1,ffff240bffff0ca9,0,0
769,769,0,13498,0,1,27cb,001c,10187,13498,1,ffff240bffff0ca9,0,0
770,770,0,15968,0,1,32c2,001c,12994,15968,1,ffff240bffff0ca9,0,0
771,771,0,16383,0,1,13ce,001c,5070,16383,1,ffff240bffff0ca9,0,0
772,772,0,16383,0,1,030c,001c,780,16383,1,ffff240bffff0ca9,0,0
773,773,0,16383,0,1,0000,001c,0,16383,1,ffff240bffff0ca9,0,0
774,774,0,15904,0,1,0000,001c,0,15904,1,ffff240bffff0ca9,0,0
775,775,0,13463,0,1,0000,001c,0,13463,1,ffff240bffff0ca9,0,0
776,776,0,12519,0,1,0000,001c,0,12519,1,ffff240bffff0ca9,0,0
777,777,0,10991,0,1,0d87,001c,3463,10991,1,ffff240bffff0ca9,0,0
778,778,0,5810,0,1,174a,001c,5962,5810,1,ffff240bffff0ca9,0,0
779,779,0,3113,0,1,2bff,001c,11263,3113,1,ffff240bffff0ca9,0,0
780,780,0,0,0,1,31a1,001c,12705,0,1,ffff240bffff0ca9,0,0
781,781,0,0,0,1,357c,001c,13692,0,1,ffff240bffff0ca9,0,0
782,782,0,0,0,1,3eb6,001c,16054,0,1,ffff240bffff0ca9,0,0
783,783,0,0,0,1,3fff,001c,16383,0,1,ffff240bffff0ca9,0,0
784,784,0,2164,0,1,3fff,001c,16383,2164,1,ffff240bffff0ca9,0,0
785,785,0,2164,0,1,3fff,001c,16383,2164,1,ffff240bffff0ca9,0,0
786,786,0,5105,0,1,3de4,001c,15844,5105,1,ffff240bffff0ca9,0,0
787,787,0,8477,0,1,3bf5,001c,15349,8477,1,ffff240bffff0ca9,0,0
788,788,0,11430,0,1,2fc1,001c,12225,11430,1,ffff240bffff0ca9,0,0
789,789,0,14711,0,1,2995,001c,10645,14711,1,ffff240bffff0ca9,0,0
790,790,0,15388,0,1,1504,001c,5380,15388,1,ffff240bffff0ca9,0,0
791,791,0,16383,0,1,066e,001c,1646,16383,1,ffff240bffff0ca9,0,0
792,792,0,16383,0,1,0000,001c,0,16383,1,ffff240bffff0ca9,0,0
793,793,0,16383,0,1,0000,001c,0,16383,1,ffff240bffff0ca9,0,0
794,794,0,16383,0,1,0000,001c,0,16383,1,ffff240bffff0ca9,0,0
795,795,0,14193,0,1,0000,001c,0,14193,1,ffff240bffff0ca9,0,0
796,796,0,14493,0,1,0a5f,001c,2655,14493,1,ffff240bffff0ca9,0,0
797,797,0,10132,0,1,1986,001c,6534,10132,1,ffff240bffff0ca9,0,0
798,798,0,8284,0,1,22be,001c,8894,8284,1,ffff240bffff0ca9,0,0
799,799,0,4796,0,1,2db9,001c,11705,4796,1,ffff240bffff0ca9,0,0
800,800,0,732,0,1,3a50,001c,14928,732,1,ffff240bffff0ca9,0,0
801,801,0,0,0,1,3cc2,001c,15554,0,1,ffff240bffff0ca9,0,0
802,802,0,0,0,1,3fff,001c,16383,0,1,ffff240bffff0ca9,0,0
803,803,0,0,0,1,3fff,001c,16383,0,1,ffff240bffff0ca9,0,0
804,804,0,0,0,1,3fff,001c,16383,0,1,ffff240bffff0ca9,0,0
805,805,0,0,0,1,3f8f,001c,16271,0,1,ffff240bffff0ca9,0,0
806,806,0,3470,0,1,3fdf,001c,16351,3470,1,ffff240bffff0ca9,0,0
807,807,0,6004,0,1,37d9,001c,14297,6004,1,ffff240bffff0ca9,0,0
808,808,0,9256,0,1,33cd,001c,13261,9256,1,ffff240bffff0ca9,0,0
809,809,0,12749,0,1,26ee,001c,9966,12749,1,ffff240bffff0ca9,0,0
810,810,0,13697,0,1,1ec2,001c,7874,13697,1,ffff240bffff0ca9,0,0
811,811,0,16076,0,1,1155,001c,4565,16076,1,ffff240bffff0ca9,0,0
812,812,0,16383,0,1,00e5,001c,229,16383,1,ffff240bffff0ca9,0,0
813,813,0,16383,0,1,0000,001c,0,16383,1,ffff240bffff0ca9,0,0
814,814,0,16383,0,1,0000,001c,0,16383,1,ffff240bffff0ca9,0,0
815,815,0,15834,0,1,0000,001c,0,15834,1,ffff240bffff0ca9,0,0
816,816,0,15304,0,1,01a3,001c,419,15304,1,ffff240bffff0ca9,0,0
817,817,0,12239,0,1,0f5d,001c,3933,12239,1,ffff240bffff0ca9,0,0
818,818,0,10618,0,1,1ce7,001c,7399,10618,1,ffff240bffff0ca9,0,0
819,819,0,5410,0,1,2528,001c,9512,5410,1,ffff240bffff0ca9,0,0
820,820,0,1583,0,1,32b2,001c,12978,1583,1,ffff240bffff0ca9,0,0
821,821,0,0,0,1,363f,001c,13887,0,1,ffff240bffff0ca9,0,0
822,822,0,0,0,1,3f80,001c,16256,0,1,ffff240bffff0ca9,0,0
823,823,0,0,0,1,3fff,001c,16383,0,1,ffff240bffff0ca9,0,0
824,824,0,0,0,1,3fff,001c,16383,0,1,ffff240bffff0ca9,0,0
825,825,0,2720,0,1,3fff,001c,16383,2720,1,ffff240bffff0ca9,0,0
826,826,0,6522,0,1,3d28,001c,15656,6522,1,ffff240bffff0ca9,0,0
827,827,0,8893,0,1,3b2a,001c,15146,8893,1,ffff240bffff0ca9,0,0
828,828,0,11749,0,1,2ed4,001c,11988,11749,1,ffff240bffff0ca9,0,0
829,829,0,14954,0,1,2817,001c,10263,14954,1,ffff240bffff0ca9,0,0
830,830,0,15594,0,1,1b48,001c,6984,15594,1,ffff240bffff0ca9,0,0
831,831,0,16383,0,1,0457,001c,1111,16383,1,ffff240bffff0ca9,0,0
832,832,0,16383,0,1,0000,001c,0,16383,1,ffff240bffff0ca9,0,0
833,833,0,16383,0,1,0000,001c,0,16383,1,ffff240bffff0ca9,0,0
834,834,0,16314,0,1,0000,001c,0,16314,1,ffff240bffff0ca9,0,0
835,835,0,13986,0,1,0000,001c,0,13986,1,ffff240bffff0ca9,0,0
836,836,0,13205,0,1,045d,001c,1117,13205,1,ffff240bffff0ca9,0,0
837,837,0,9847,0,1,1aec,001c,6892,9847,1,ffff240bffff0ca9,0,0
838,838,0,7912,0,1,23fb,001c,9211,7912,1,ffff240bffff0ca9,0,0
839,839,0,4379,0,1,2edf,001c,12255,4379,1,ffff240bffff0ca9,0,0
840,840,0,265,0,1,3fcc,001c,16204,265,1,ffff240bffff0ca9,0,0
841,841,0,0,0,1,3f7a,001c,16250,0,1,ffff240bffff0ca9,0,0
842,842,0,0,0,1,3fff,001c,16383,0,1,ffff240bffff0ca9,0,0
843,843,0,0,0,1,3fff,001c,16383,0,1,ffff240bffff0ca9,0,0
844,844,0,476,0,1,3fff,001c,16383,476,1,ffff240bffff0ca9,0,0
845,845,0,478,0,1,3fff,001c,16383,478,1,ffff240bffff0ca9,0,0
846,846,0,3909,0,1,3ff3,001c,16355,3909,1,ffff240bffff0ca9,0,0
847,847,0,7344,0,1,35f4,001c,13812,7344,1,ffff240bffff0ca9,0,0
848,848,0,9507,0,1,328a,001c,12938,9507,1,ffff240bffff0ca9,0,0
849,849,0,13012,0,1,251c,001c,9500,13012,1,ffff240bffff0ca9,0,0
850,850,0,13895,0,1,1d3d,001c,7485,13895,1,ffff240bffff0ca9,0,0
851,851,0,16197,0,1,0f43,001c,3907,16197,1,ffff240bffff0ca9,0,0
852,852,0,16383,0,1,0000,001c,0,16383,1,ffff240bffff0ca9,0,0
853,853,0,16383,0,1,0000,001c,0,16383,1,ffff240bffff0ca9,0,0
854,854,0,16383,0,1,0000,001c,0,16383,1,ffff240bffff0ca9,0,0
855,855,0,15668,0,1,0000,001c,0,15668,1,ffff240bffff0ca9,0,0
856,856,0,15133,0,1,0254,001c,596,15133,1,ffff240bffff0ca9,0,0
857,857,0,11978,0,1,111d,001c,4381,11978,1,ffff240bffff0ca9,0,0
858,858,0,10283,0,1,1e68,001c,7784,10283,1,ffff240bffff0ca9,0,0
859,859,0,6998,0,1,2679,001c,9849,6998,1,ffff240bffff0ca9,0,0
860,860,0,1162,0,1,33cc,001c,13260,1162,1,ffff240bffff0ca9,0,0
861,861,0,0,0,1,3714,001c,14100,0,1,ffff240bffff0ca9,0,0
862,862,0,0,0,1,3fca,001c,16330,0,1,ffff240bffff0ca9,0,0
863,863,0,0,0,1,3fff,001c,16383,0,1,ffff240bffff0ca9,0,0
864,864,0,0,0,1,3fff,001c,16383,0,1,ffff240bffff0ca9,0,0
865,865,0,1163,0,1,3fff,001c,16383,1163,1,ffff240bffff0ca9,0,0
866,866,0,1163,0,1,3ca2,001c,15522,1163,1,ffff240bffff0ca9,0,0
867,867,0,6919,0,1,3a37,001c,14903,6919,1,ffff240bffff0ca9,0,0
868,868,0,10247,0,1,2db1,001c,11697,10247,1,ffff240bffff0ca9,0,0
869,869,0,11990,0,1,22e1,001c,8929,11990,1,ffff240bffff0ca9,0,0
870,870,0,15185,0,1,19c6,001c,6598,15185,1,ffff240bffff0ca9,0,0
871,871,0,15708,0,1,0a6d,001c,2669,15708,1,ffff240bffff0ca9,0,0
872,872,0,16383,0,1,0000,001c,0,16383,1,ffff240bffff0ca9,0,0
873,873,0,16383,0,1,0000,001c,0,16383,1,ffff240bffff0ca9,0,0
874,874,0,16383,0,1,0000,001c,0,16383,1,ffff240bffff0ca9,0,0
875,875,0,16212,0,1,0000,001c,0,16212,1,ffff240bffff0ca9,0,0
876,876,0,13799,0,1,0660,001c,1632,13799,1,ffff240bffff0ca9,0,0
877,877,0,12937,0,1,16f4,001c,5876,12937,1,ffff240bffff0ca9,0,0
878,878,0,9427,0,1,3db7,001c,15799,9427,1,ffff240bffff0ca9,0,0
879,879,0,7494,0,1,2fff,001c,12287,7494,1,ffff240bffff0ca9,0,0
880,880,0,3902,0,1,2ffd,001c,12285,3902,1,ffff240bffff0ca9,0,0
881,881,0,0,0,1,3de4,001c,15844,0,1,ffff240bffff0ca9,0,0
882,882,0,0,0,1,3dee,001c,16358,0,1,ffff240bffff0ca9,0,0
883,883,0,0,0,1,3fff,001c,16383,0,1,ffff240bffff0ca9,0,0
884,884,0,0,0,1,3fff,001c,16383,0,1,ffff240bffff0ca9,0,0
885,885,0,576,0,1,3fff,001c,16383,576,1,ffff240bffff0ca9,0,0
886,886,0,4354,0,1,3ed2,001c,16082,4354,1,ffff240bffff0ca9,0,0
887,887,0,7806,0,1,3535,001c,13621,7806,1,ffff240bffff0ca9,0,0
888,888,0,9870,0,1,31c2,001c,12738,9870,1,ffff240bffff0ca9,0,0
889,889,0,13261,0,1,2ba0,001c,11168,13261,1,ffff240bffff0ca9,0,0
890,890,0,14102,0,1,17c6,001c,6086,14102,1,ffff240bffff0ca9,0,0
891,891,0,16361,0,1,0d78,001c,3448,16361,1,ffff240bffff0ca9,0,0
892,892,0,16383,1,1,0000,001c,0,16383,1,ffff240bffff0ca9,0,0
893,893,0,16383,0,0,0000,001c,0,16383,0,ffff240bffff0ca9,0,0
894,894,0,16383,0,0,0000,001c,0,16383,0,ffff240bffff0ca9,0,0
895,895,0,16383,0,0,0000,001c,0,16383,0,ffff240bffff0ca9,0,0
896,896,0,16383,0,0,0302,001c,770,16383,0,ffff240bffff0ca9,0,0
897,897,0,16383,0,0,12ab,001c,4779,16383,0,ffff240bffff0ca9,0,0
898,898,0,16383,0,0,1fff,001c,8191,16383,0,ffff240bffff0ca9,0,0
899,899,0,16383,0,0,27d5,001c,10197,16383,0,ffff240bffff0ca9,0,0
900,900,0,16383,0,0,38be,001c,14526,16383,0,ffff240bffff0ca9,0,0
901,901,0,16383,0,0,37a7,001c,14247,16383,0,ffff240bffff0ca9,0,0
902,902,0,16383,0,0,3fff,001c,16383,16383,0,ffff240bffff0ca9,0,0
903,903,0,16383,0,0,3fff,001c,16383,16383,0,ffff240bffff0ca9,0,0
904,904,0,16383,0,0,3fff,001c,16383,16383,0,ffff240bffff0ca9,0,0
905,905,0,16383,0,0,3fff,001c,16383,16383,0,ffff240bffff0ca9,0,0
906,906,0,16383,0,0,37e5,001c,14309,16383,0,ffff240bffff0ca9,0,0
907,907,0,16383,0,0,3936,001c,14646,16383,0,ffff240bffff0ca9,0,0
908,908,0,16383,0,0,2c65,001c,11365,16383,0,ffff240bffff0ca9,0,0
909,909,0,16383,0,0,2148,001c,8520,16383,0,ffff240bffff0ca9,0,0
910,910,0,16383,0,0,13df,001c,5087,16383,0,ffff240bffff0ca9,0,0
911,911,0,16383,0,0,0bdf,001c,2399,16383,0,ffff240bffff0ca9,0,0
912,912,0,16383,0,0,0849,001c,2121,16383,0,ffff240bffff0ca9,0,0
913,913,0,16383,0,0,0000,001c,0,16383,0,ffff240bffff0ca9,0,0
914,914,0,16383,0,0,0000,001c,0,16383,0,ffff240bffff0ca9,0,0
915,915,0,16383,0,0,0000,001c,0,16383,0,ffff240bffff0ca9,0,0
916,916,0,16383,0,0,0c4c,001c,3148,16383,0,ffff240bffff0ca9,0,0
917,917,0,16383,0,0,1e4c,001c,7756,16383,0,ffff240bffff0ca9,0,0
918,918,0,16383,0,0,1668,001c,5704,16383,0,ffff240bffff0ca9,0,0
919,919,0,16383,0,0,2b29,001c,11049,16383,0,ffff240bffff0ca9,0,0
920,920,0,16383,0,0,30db,001c,12507,16383,0,ffff240bffff0ca9,0,0
921,921,0,16383,0,0,3502,001c,13570,16383,0,ffff240bffff0ca9,0,0
922,922,0,16383,0,0,3e85,001c,16005,16383,0,ffff240bffff0ca9,0,0
923,923,0,16383,0,0,3fff,001c,16383,16383,0,ffff240bffff0ca9,0,0
924,924,0,16383,0,0,3fff,001c,16383,16383,0,ffff240bffff0ca9,0,0
925,925,0,16383,0,0,3fff,001c,16383,16383,0,ffff240bffff0ca9,0,0
926,926,0,16383,0,0,3e1b,001c,15899,16383,0,ffff240bffff0ca9,0,0
927,927,0,16383,0,0,3460,001c,13408,16383,0,ffff240bffff0ca9,0,0
928,928,0,16383,0,0,309a,001c,12442,16383,0,ffff240bffff0ca9,0,0
929,929,0,16383,0,0,2a91,001c,10897,16383,0,ffff240bffff0ca9,0,0
930,930,0,16383,0,0,163b,001c,5691,16383,0,ffff240bffff0ca9,0,0
931,931,0,16383,0,0,07a3,001c,1955,16383,0,ffff240bffff0ca9,0,0
932,932,0,16383,0,0,0000,001c,0,16383,0,ffff240bffff0ca9,0,0
933,933,0,16383,0,0,0000,001c,0,16383,0,ffff240bffff0ca9,0,0
934,934,0,16383,0,0,0000,001c,0,16383,0,ffff240bffff0ca9,0,0
935,935,0,16383,0,0,0000,001c,0,16383,0,ffff240bffff0ca9,0,0
936,936,0,16383,0,0,08fe,001c,2302,16383,0,ffff240bffff0ca9,0,0
937,937,0,16383,0,0,1831,001c,6193,16383,0,ffff240bffff0ca9,0,0
938,938,0,16383,0,0,2190,001c,8592,16383,0,ffff240bffff0ca9,0,0
939,939,0,16383,0,0,2ce4,001c,11492,16383,0,ffff240bffff0ca9,0,0
940,940,0,16383,0,0,399f,001c,14751,16383,0,ffff240bffff0ca9,0,0
941,941,0,16383,0,0,3c71,001c,15473,16383,0,ffff240bffff0ca9,0,0
942,942,0,16383,0,0,3fff,001c,16383,16383,0,ffff240bffff0ca9,0,0
943,943,0,16383,0,0,3fff,001c,16383,16383,0,ffff240bffff0ca9,0,0
944,944,0,16383,0,0,3fff,001c,16383,16383,0,ffff240bffff0ca9,0,0
945,945,0,16383,0,0,3fe8,001c,16360,16383,0,ffff240bffff0ca9,0,0
946,946,0,16383,0,0,373c,001c,14140,16383,0,ffff240bffff0ca9,0,0
947,947,0,16383,0,0,3b7e,001c,14718,16383,0,ffff240bffff0ca9,0,0
948,948,0,16383,0,0,3f7f,001c,16255,16383,0,ffff240bffff0ca9,0,0
949,949,0,16383,0,0,3fff,001c,16375,16383,0,ffff240bffff0ca9,0,0
950,950,0,16383,0,0,1fed,001c,8141,16383,0,ffff240bffff0ca9,0,0
951,951,0,16383,0,0,123a,001c,4666,16383,0,ffff240bffff0ca9,0,0
952,952,0,16383,0,0,023a,001c,570,16383,0,ffff240bffff0ca9,0,0
953,953,0,16383,0,0,0000,001c,0,16383,0,ffff240bffff0ca9,0,0
954,954,0,16383,0,0,0000,001c,0,16383,0,ffff240bffff0ca9,0,0
955,955,0,16383,0,0,0000,001c,0,16383,0,ffff240bffff0ca9,0,0
956,956,0,16383,0,0,0000,001c,0,16383,0,ffff240bffff0ca9,0,0
957,957,0,16383,0,0,0e2d,001c,3629,16383,0,ffff240bffff0ca9,0,0
958,958,0,16383,0,0,17b3,001c,6067,16383,0,ffff240bffff0ca9,0,0
959,959,0,16383,0,0,2445,001c,9285,16383,0,ffff240bffff0ca9,0,0
960,960,0,16383,0,0,3221,001c,12833,16383,0,ffff240bffff0ca9,0,0
961,961,0,16383,0,0,35d4,001c,13780,16383,0,ffff240bffff0ca9,0,0
962,962,0,16383,0,0,3f1d,001c,16157,16383,0,ffff240bffff0ca9,0,0
963,963,0,16383,0,0,3fff,001c,16383,16383,0,ffff240bffff0ca9,0,0
964,964,0,16383,0,0,3fff,001c,16383,16383,0,ffff240bffff0ca9,0,0
965,965,0,16383,0,0,3fff,001c,16383,16383,0,ffff240bffff0ca9,0,0
966,966,0,16383,0,0,3d9d,001c,15773,16383,0,ffff240bffff0ca9,0,0
967,967,0,16383,0,0,3b88,001c,15240,16383,0,ffff240bffff0ca9,0,0
968,968,0,16383,0,0,2f74,001c,12148,16383,0,ffff240bffff0ca9,0,0
969,969,0,16383,0,0,2903,001c,10499,16383,0,ffff240bffff0ca9,0,0
970,970,0,16383,0,0,1464,001c,5220,16383,0,ffff240bffff0ca9,0,0
971,971,0,16383,0,0,05a4,001c,1444,16383,0,ffff240bffff0ca9,0,0
972,972,0,16383,0,0,0000,001c,0,16383,0,ffff240bffff0ca9,0,0
973,973,0,16383,0,0,0000,001c,0,16383,0,ffff240bffff0ca9,0,0
974,974,0,16383,0,0,0000,001c,0,16383,0,ffff240bffff0ca9,0,0
975,975,0,16383,0,0,0000,001c,0,16383,0,ffff240bffff0ca9,0,0
976,976,0,16383,0,0,0b2b,001c,2859,16383,0,ffff240bffff0ca9,0,0
977,977,0,16383,0,0,19fc,001c,6652,16383,0,ffff240bffff0ca9,0,0
978,978,0,16383,0,0,230d,001c,8973,16383,0,ffff240bffff0ca9,0,0
979,979,0,16383,0,0,2e0f,001c,11791,16383,0,ffff240bffff0ca9,0,0
980,980,0,16383,0,0,3aa7,001c,15015,16383,0,ffff240bffff0ca9,0,0
981,981,0,16383,0,0,3ce8,001c,15594,16383,0,ffff240bffff0ca9,0,0
982,982,0,16383,0,0,3fff,001c,16383,16383,0,ffff240bffff0ca9,0,0
983,983,0,16383,0,0,3fff,001c,16383,16383,0,ffff240bffff0ca9,0,0
984,984,0,16383,0,0,3fff,001c,16383,16383,0,ffff240bffff0ca9,0,0
985,985,0,16383,0,0,3fff,001c,16383,16383,0,ffff240bffff0ca9,0,0
986,986,0,16383,0,0,3f6f,001c,16239,16383,0,ffff240bffff0ca9,0,0
987,987,0,16383,0,0,376f,001c,14191,16383,0,ffff240bffff0ca9,0,0
988,988,0,16383,0,0,3368,001c,13160,16383,0,ffff240bffff0ca9,0,0
989,989,0,16383,0,0,2e5d,001c,11861,16383,0,ffff240bffff0ca9,0,0
990,990,0,16383,0,0,1e5f,001c,7775,16383,0,ffff240bffff0ca9,0,0
991,991,0,16383,0,0,1075,001c,4213,16383,0,ffff240bffff0ca9,0,0
992,992,0,16383,0,0,005c,001c,92,16383,0,ffff240bffff0ca9,0,0
993,993,0,16383,0,0,0000,001c,0,16383,0,ffff240bffff0ca9,0,0
994,994,0,16383,0,0,0000,001c,0,16383,0,ffff240bffff0ca9,0,0
995,995,0,16383,0,0,0000,001c,0,16383,0,ffff240bffff0ca9,0,0
996,996,0,16383,0,0,0000,001c,0,16383,0,ffff240bffff0ca9,0,0
997,997,0,16383,0,0,0fb6,001c,4022,16383,0,ffff240bffff0ca9,0,0
998,998,0,16383,0,0,1d4e,001c,7502,16383,0,ffff240bffff0ca9,0,0
999,999,0,16383,0,0,2597,001c,9623,16383,0,ffff240bffff0ca9,0,0
1000,1000,0,16383,0,0,3329,001c,13097,16383,0,ffff240bffff0ca9,0,0
1001,1001,0,16383,0,0,3679,001c,13945,16383,0,ffff240bffff0ca9,0,0
1002,1002,0,16383,0,0,3f5d,001c,16221,16383,0,ffff240bffff0ca9,0,0
1003,1003,0,16383,0,0,3fff,001c,16383,16383,0,ffff240bffff0ca9,0,0
1004,1004,0,16383,0,0,3fff,001c,16383,16383,0,ffff240bffff0ca9,0,0
1005,1005,0,16383,0,0,3fff,001c,16383,16383,0,ffff240bffff0ca9,0,0
1006,1006,0,16383,0,0,3cc7,001c,15559,16383,0,ffff240bffff0ca9,0,0
1007,1007,0,16383,0,0,3ac8,001c,15048,16383,0,ffff240bffff0ca9,0,0
1008,1008,0,16383,0,0,2e99,001c,11929,16383,0,ffff240bffff0ca9,0,0
1009,1009,0,16383,0,0,23df,001c,9183,16383,0,ffff240bffff0ca9,0,0
1010,1010,0,16383,0,0,1b0d,001c,6925,16383,0,ffff240bffff0ca9,0,0
1011,1011,0,16383,0,0,0bd1,001c,3025,16383,0,ffff240bffff0ca9,0,0
1012,1012,0,16383,0,0,0000,001c,0,16383,0,ffff240bffff0ca9,0,0
1013,1013,0,16383,0,0,0000,001c,0,16383,0,ffff240bffff0ca9,0,0
1014,1014,0,16383,0,0,0000,001c,0,16383,0,ffff240bffff0ca9,0,0
1015,1015,0,16383,0,0,0000,001c,0,16383,0,ffff240bffff0ca9,0,0
1016,1016,0,16383,0,0,04ef,001c,1263,16383,0,ffff240bffff0ca9,0,0
1017,1017,0,16383,0,0,1b5b,001c,7003,16383,0,ffff240bffff0ca9,0,0
1018,1018,0,16383,0,0,2b7f,001c,10623,16383,0,ffff240bffff0ca9,0,0
1019,1019,0,16383,0,0,2f5f,001c,12159,16383,0,ffff240bffff0ca9,0,0
1020,1020,0,16383,0,0,3f77,001c,16247,16383,0,ffff240bffff0ca9,0,0
1021,1021,0,16383,0,0,3fff,001c,16383,16383,0,ffff240bffff0ca9,0,0
1022,1022,0,16383,0,0,3fff,001c,16383,16383,0,ffff240bffff0ca9,0,0
1023,1023,0,16383,0,0,3fff,001c,16383,16383,0,ffff240bffff0ca9,0,0
1024,1024,0,16383,0,0,3fff,001c,16383,16383,0,ffff240bffff0ca9,0,0
1025,1025,0,16383,0,0,3fff,001c,16383,16383,0,ffff240bffff0ca9,0,0
1026,1026,0,16383,0,0,3fdf,001c,16343,16383,0,ffff240bffff0ca9,0,0
1027,1027,0,16383,0,0,35cf,001c,13775,16383,0,ffff240bffff0ca9,0,0
1028,1028,0,16383,0,0,3274,001c,12916,16383,0,ffff240bffff0ca9,0,0
1029,1029,0,16383,0,0,249b,001c,9371,16383,0,ffff240bffff0ca9,0,0
1030,1030,0,16383,0,0,1cd3,001c,7379,16383,0,ffff240bffff0ca9,0,0
1031,1031,0,16383,0,0,0ecd,001c,3789,16383,0,ffff240bffff0ca9,0,0
1032,1032,0,16383,0,0,0000,001c,0,16383,0,ffff240bffff0ca9,0,0
1033,1033,0,16383,0,0,0000,001c,0,16383,0,ffff240bffff0ca9,0,0
1034,1034,0,16383,0,0,0000,001c,0,16383,0,ffff240bffff0ca9,0,0
1035,1035,0,16383,0,0,0000,001c,0,16383,0,ffff240bffff0ca9,0,0
1036,1036,0,16383,0,0,018a,001c,394,16383,0,ffff240bffff0ca9,0,0
1037,1037,0,16383,0,0,1181,001c,4481,16383,0,ffff240bffff0ca9,0,0
1038,1038,0,16383,0,0,1eee,001c,7918,16383,0,ffff240bffff0ca9,0,0
1039,1039,0,16383,0,0,2702,001c,9986,16383,0,ffff240bffff0ca9,0,0
1040,1040,0,16383,0,0,33fa,001c,13306,16383,0,ffff240bffff0ca9,0,0
1041,1041,0,16383,0,0,372c,001c,14124,16383,0,ffff240bffff0ca9,0,0
1042,1042,0,16383,0,0,3fff,001c,16383,16383,0,ffff240bffff0ca9,0,0
1043,1043,0,16383,0,0,3fff,001c,16383,16383,0,ffff240bffff0ca9,0,0
1044,1044,0,16383,0,0,3fff,001c,16383,16383,0,ffff240bffff0ca9,0,0
1045,1045,0,16383,0,0,3fff,001c,16383,16383,0,ffff240bffff0ca9,0,0
1046,1046,0,16383,0,0,3c79,001c,15481,16383,0,ffff240bffff0ca9,0,0
1047,1047,0,16383,0,0,39e7,001c,14823,16383,0,ffff240bffff0ca9,0,0
1048,1048,0,16383,0,0,2d5b,001c,11611,16383,0,ffff240bffff0ca9,0,0
1049,1049,0,16383,0,0,225a,001c,8794,16383,0,ffff240bffff0ca9,0,0
1050,1050,0,16383,0,0,192e,001c,6446,16383,0,ffff240bffff0ca9,0,0
1051,1051,0,16383,0,0,09ad,001c,2477,16383,0,ffff240bffff0ca9,0,0
1052,1052,0,16383,0,0,0000,001c,0,16383,0,ffff240bffff0ca9,0,0
1053,1053,0,16383,0,0,0000,001c,0,16383,0,ffff240bffff0ca9,0,0
1054,1054,0,16383,0,0,0000,001c,0,16383,0,ffff240bffff0ca9,0,0
1055,1055,0,16383,0,0,0000,001c,0,16383,0,ffff240bffff0ca9,0,0
1056,1056,0,16383,0,0,0700,001c,1792,16383,0,ffff240bffff0ca9,0,0
1057,1057,0,16383,0,0,1727,001c,5927,16383,0,ffff240bffff0ca9,0,0
1058,1058,0,16383,0,0,1527,001c,5927,16383,0,ffff240bffff0ca9,0,0
1059,1059,0,16383,0,0,3a4a,001c,14922,16383,0,ffff240bffff0ca9,0,0
1060,1060,0,16383,0,0,345a,001c,13400,16383,0,ffff240bffff0ca9,0,0
1061,1061,0,16383,0,0,3e52,001c,15954,16383,0,ffff240bffff0ca9,0,0
1062,1062,0,16383,0,0,3e40,001c,15936,16383,0,ffff240bffff0ca9,0,0
1063,1063,0,16383,0,0,3fff,001c,16383,16383,0,ffff240bffff0ca9,0,0
1064,1064,0,16383,0,0,3fff,001c,16383,16383,0,ffff240bffff0ca9,0,0
1065,1065,0,16383,0,0,3fff,001c,16383,16383,0,ffff240bffff0ca9,0,0
1066,1066,0,16383,0,0,3e52,001c,15954,16383,0,ffff240bffff0ca9,0,0
1067,1067,0,16383,0,0,34cc,001c,13516,16383,0,ffff240bffff0ca9,0,0
1068,1068,0,16383,0,0,3177,001c,12663,16383,0,ffff240bffff0ca9,0,0
1069,1069,0,16383,0,0,2b7b,001c,11131,16383,0,ffff240bffff0ca9,0,0
1070,1070,0,16383,0,0,171a,001c,5914,16383,0,ffff240bffff0ca9,0,0
1071,1071,0,16383,0,0,0ca1,001c,3233,16383,0,ffff240bffff0ca9,0,0
1072,1072,0,16383,0,0,0000,001c,0,16383,0,ffff240bffff0ca9,0,0
1073,1073,0,16383,0,0,0000,001c,0,16383,0,ffff240bffff0ca9,0,0
1074,1074,0,16383,0,0,0000,001c,0,16383,0,ffff240bffff0ca9,0,0
1075,1075,0,16383,0,0,0000,001c,0,16383,0,ffff240bffff0ca9,0,0
1076,1076,0,16383,0,0,03ca,001c,970,16383,0,ffff240bffff0ca9,0,0
1077,1077,0,16383,0,0,1320,001c,4896,16383,0,ffff240bffff0ca9,0,0
1078,1078,0,16383,0,0,2061,001c,8289,16383,0,ffff240bffff0ca9,0,0
1079,1079,0,16383,0,0,2c2d,001c,11309,16383,0,ffff240bffff0ca9,0,0
1080,1080,0,16383,0,0,391c,001c,14620,16383,0,ffff240bffff0ca9,0,0
1081,1081,0,16383,0,0,37f9,001c,14329,16383,0,ffff240bffff0ca9,0,0
1082,1082,0,16383,0,0,3fff,001c,16383,16383,0,ffff240bffff0ca9,0,0
1083,1083,0,16383,0,0,3fff,001c,16383,16383,0,ffff240bffff0ca9,0,0
1084,1084,0,16383,0,0,3fff,001c,16383,16383,0,ffff240bffff0ca9,0,0
1085,1085,0,16383,0,0,3fff,001c,16383,16383,0,ffff240bffff0ca9,0,0
1086,1086,0,16383,0,0,37b5,001c,14261,16383,0,ffff240bffff0ca9,0,0
1087,1087,0,16383,0,0,38e1,001c,14561,16383,0,ffff240bffff0ca9,0,0
1088,1088,0,16383,0,0,27e9,001c,10217,16383,0,ffff240bffff0ca9,0,0
1089,1089,0,16383,0,0,20e2,001c,8427,16383,0,ffff240bffff0ca9,0,0
1090,1090,0,16383,0,0,13ce,001c,4974,16383,0,ffff240bffff0ca9,0,0
1091,1091,0,16383,0,0,13fd,001c,5117,16383,0,ffff240bffff0ca9,0,0
1092,1092,0,16383,0,0,03b5,001c,949,16383,0,ffff240bffff0ca9,0,0
1093,1093,0,16383,0,0,0000,001c,0,16383,0,ffff240bffff0ca9,0,0
1094,1094,0,16383,0,0,0000,001c,0,16383,0,ffff240bffff0ca9,0,0
1095,1095,0,16383,0,0,00c6,001c,198,16383,0,ffff240bffff0ca9,0,0
1096,1096,0,16383,0,0,0dd6,001c,3526,16383,0,ffff240bffff0ca9,0,0
1097,1097,0,16383,0,0,0d15,001c,3349,16383,0,ffff240bffff0ca9,0,0
1098,1098,0,16383,0,0,16a7,001c,5799,16383,0,ffff240bffff0ca9,0,0
1099,1099,0,16383,0,0,2b40,001c,11072,16383,0,ffff240bffff0ca9,0,0
1100,1100,0,16383,0,0,3158,001c,12632,16383,0,ffff240bffff0ca9,0,0
1101,1101,0,16383,0,0,354a,001c,13642,16383,0,ffff240bffff0ca9,0,0
1102,1102,0,16383,0,0,3ea6,001c,16038,16383,0,ffff240bffff0ca9,0,0
1103,1103,0,16383,0,0,3fff,001c,16383,16383,0,ffff240bffff0ca9,0,0
1104,1104,0,16383,0,0,3fff,001c,16383,16383,0,ffff240bffff0ca9,0,0
1105,1105,0,16383,0,0,3fff,001c,16383,16383,0,ffff240bffff0ca9,0,0
1106,1106,0,16383,0,0,3dfd,001c,15869,16383,0,ffff240bffff0ca9,0,0
1107,1107,0,16383,0,0,3423,001c,13347,16383,0,ffff240bffff0ca9,0,0
1108,1108,0,16383,0,0,3048,001c,12360,16383,0,ffff240bffff0ca9,0,0
1109,1109,0,16383,0,0,2a16,001c,10774,16383,0,ffff240bffff0ca9,0,0
1110,1110,0,16383,0,0,1587,001c,5511,16383,0,ffff240bffff0ca9,0,0
1111,1111,0,16383,0,0,06e2,001c,1762,16383,0,ffff240bffff0ca9,0,0
1112,1112,0,16383,0,0,0000,001c,0,16383,0,ffff240bffff0ca9,0,0
1113,1113,0,16383,0,0,0000,001c,0,16383,0,ffff240bffff0ca9,0,0
1114,1114,0,16383,0,0,0000,001c,0,16383,0,ffff240bffff0ca9,0,0
1115,1115,0,16383,0,0,0000,001c,0,16383,0,ffff240bffff0ca9,0,0
1116,1116,0,16383,0,0,09ce,001c,2510,16383,0,ffff240bffff0ca9,0,0
1117,1117,0,16383,0,0,18ec,001c,6380,16383,0,ffff240bffff0ca9,0,0
1118,1118,0,16383,0,0,21f4,001c,8692,16383,0,ffff240bffff0ca9,0,0
1119,1119,0,16383,0,0,2d4b,001c,11595,16383,0,ffff240bffff0ca9,0,0
1120,1120,0,16383,0,0,3a0e,001c,14862,16383,0,ffff240bffff0ca9,0,0
1121,1121,0,16383,0,0,3c80,001c,15488,16383,0,ffff240bffff0ca9,0,0
1122,1122,0,16383,0,0,3fff,001c,16383,16383,0,ffff240bffff0ca9,0,0
1123,1123,0,16383,0,0,3fff,001c,16383,16383,0,ffff240bffff0ca9,0,0
1124,1124,0,16383,0,0,3fff,001c,16383,16383,0,ffff240bffff0ca9,0,0
1125,1125,0,16383,0,0,3fea,001c,16378,16383,0,ffff240bffff0ca9,0,0
1126,1126,0,16383,0,0,36ea,001c,14314,16383,0,ffff240bffff0ca9,0,0
1127,1127,0,16383,0,0,37fb,001c,14331,16383,0,ffff240bffff0ca9,0,0
1128,1128,0,16383,0,0,37ff,001c,14335,16383,0,ffff240bffff0ca9,0,0
1129,1129,0,16383,0,0,37fe,001c,14334,16383,0,ffff240bffff0ca9,0,0
1130,1130,0,16383,0,0,1ff1,001c,8177,16383,0,ffff240bffff0ca9,0,0
1131,1131,0,16383,0,0,11d1,001c,4561,16383,0,ffff240bffff0ca9,0,0
1132,1132,0,16383,0,0,0190,001c,400,16383,0,ffff240bffff0ca9,0,0
1133,1133,0,16383,0,0,0000,001c,0,16383,0,ffff240bffff0ca9,0,0
1134,1134,0,16383,0,0,0000,001c,0,16383,0,ffff240bffff0ca9,0,0
1135,1135,0,16383,0,0,0000,001c,0,16383,0,ffff240bffff0ca9,0,0
1136,1136,0,16383,0,0,004c,001c,76,16383,0,ffff240bffff0ca9,0,0
1137,1137,0,16383,0,0,0e9a,001c,3738,16383,0,ffff240bffff0ca9,0,0
1138,1138,0,16383,0,0,1c32,001c,7218,16383,0,ffff240bffff0ca9,0,0
1139,1139,0,16383,0,0,24bb,001c,9403,16383,0,ffff240bffff0ca9,0,0
1140,1140,0,16383,0,0,3266,001c,12902,16383,0,ffff240bffff0ca9,0,0
1141,1141,0,16383,0,0,362b,001c,13867,16383,0,ffff240bffff0ca9,0,0
1142,1142,0,16383,0,0,3f59,001c,16217,16383,0,ffff240bffff0ca9,0,0
1143,1143,0,16383,0,0,3fff,001c,16383,16383,0,ffff240bffff0ca9,0,0
1144,1144,0,16383,0,0,3fff,001c,16383,16383,0,ffff240bffff0ca9,0,0
1145,1145,0,16383,0,0,3fff,001c,16383,16383,0,ffff240bffff0ca9,0,0
1146,1146,0,16383,0,0,3d6a,001c,15722,16383,0,ffff240bffff0ca9,0,0
1147,1147,0,16383,0,0,3b4b,001c,15179,16383,0,ffff240bffff0ca9,0,0
1148,1148,0,16383,0,0,2ef8,001c,12024,16383,0,ffff240bffff0ca9,0,0
1149,1149,0,16383,0,0,28a1,001c,10401,16383,0,ffff240bffff0ca9,0,0
1150,1150,0,16383,0,0,1bf9,001c,7161,16383,0,ffff240bffff0ca9,0,0
1151,1151,0,16383,0,0,04ed,001c,1261,16383,0,ffff240bffff0ca9,0,0
1152,1152,0,16383,0,0,0000,001c,0,16383,0,ffff240bffff0ca9,0,0
1153,1153,0,16383,0,0,0000,001c,0,16383,0,ffff240bffff0ca9,0,0
1154,1154,0,16383,0,0,0000,001c,0,16383,0,ffff240bffff0ca9,0,0
1155,1155,0,16383,0,0,0000,001c,0,16383,0,ffff240bffff0ca9,0,0
1156,1156,0,16383,0,0,0bde,001c,3038,16383,0,ffff240bffff0ca9,0,0
1157,1157,0,16383,0,0,1a71,001c,6769,16383,0,ffff240bffff0ca9,0,0
1158,1158,0,16383,0,0,23ae,001c,9134,16383,0,ffff240bffff0ca9,0,0
1159,1159,0,16383,0,0,2e85,001c,11909,16383,0,ffff240bffff0ca9,0,0
1160,1160,0,16383,0,0,3b04,001c,15108,16383,0,ffff240bffff0ca9,0,0
1161,1161,0,16383,0,0,3d2a,001c,15658,16383,0,ffff240bffff0ca9,0,0
1162,1162,0,16383,0,0,3fff,001c,16383,16383,0,ffff240bffff0ca9,0,0
1163,1163,0,16383,0,0,3fff,001c,16383,16383,0,ffff240bffff0ca9,0,0
1164,1164,0,16383,0,0,3fff,001c,16383,16383,0,ffff240bffff0ca9,0,0
1165,1165,0,16383,0,0,3fff,001c,16383,16383,0,ffff240bffff0ca9,0,0
1166,1166,0,16383,0,0,3f7f,001c,16255,16383,0,ffff240bffff0ca9,0,0
1167,1167,0,16383,0,0,36f6,001c,14070,16383,0,ffff240bffff0ca9,0,0
1168,1168,0,16383,0,0,32f6,001c,13046,16383,0,ffff240bffff0ca9,0,0
1169,1169,0,16383,0,0,25fe,001c,9710,16383,0,ffff240bffff0ca9,0,0
1170,1170,0,16383,0,0,1dfe,001c,7678,16383,0,ffff240bffff0ca9,0,0
1171,1171,0,16383,0,0,100a,001c,4106,16383,0,ffff240bffff0ca9,0,0
1172,1172,0,16383,0,0,0000,001c,0,16383,0,ffff240bffff0ca9,0,0
1173,1173,0,16383,0,0,0000,001c,0,16383,0,ffff240bffff0ca9,0,0
1174,1174,0,16383,0,0,0000,001c,0,16383,0,ffff240bffff0ca9,0,0
1175,1175,0,16383,0,0,0000,001c,0,16383,0,ffff240bffff0ca9,0,0
1176,1176,0,16383,0,0,0196,001c,406,16383,0,ffff240bffff0ca9,0,0
1177,1177,0,16383,0,0,1045,001c,4165,16383,0,ffff240bffff0ca9,0,0
1178,1178,0,16383,0,0,1e00,001c,7680,16383,0,ffff240bffff0ca9,0,0
1179,1179,0,16383,0,0,260a,001c,9738,16383,0,ffff240bffff0ca9,0,0
1180,1180,0,16383,0,0,337b,001c,13179,16383,0,ffff240bffff0ca9,0,0
1181,1181,0,16383,0,0,36bd,001c,14013,16383,0,ffff240bffff0ca9,0,0
1182,1182,0,16383,0,0,3fad,001c,16301,16383,0,ffff240bffff0ca9,0,0
1183,1183,0,16383,0,0,3fff,001c,16383,16383,0,ffff240bffff0ca9,0,0
1184,1184,0,16383,0,0,3fff,001c,16383,16383,0,ffff240bffff0ca9,0,0
1185,1185,0,16383,0,0,3fff,001c,16383,16383,0,ffff240bffff0ca9,0,0
1186,1186,0,16383,0,0,3cdc,001c,15580,16383,0,ffff240bffff0ca9,0,0
1187,1187,0,16383,0,0,3a66,001c,14950,16383,0,ffff240bffff0ca9,0,0
1188,1188,0,16383,0,0,2dec,001c,11756,16383,0,ffff240bffff0ca9,0,0
1189,1189,0,16383,0,0,233f,001c,9023,16383,0,ffff240bffff0ca9,0,0
1190,1190,0,16383,0,0,1a49,001c,6729,16383,0,ffff240bffff0ca9,0,0
1191,1191,0,16383,0,0,0b18,001c,2840,16383,0,ffff240bffff0ca9,0,0
1192,1192,0,16383,0,0,0000,001c,0,16383,0,ffff240bffff0ca9,0,0
1193,1193,0,16383,0,0,0000,001c,0,16383,0,ffff240bffff0ca9,0,0
1194,1194,0,16383,0,0,0000,001c,0,16383,0,ffff240bffff0ca9,0,0
1195,1195,0,16383,0,0,0000,001c,0,16383,0,ffff240bffff0ca9,0,0
1196,1196,0,16383,0,0,059c,001c,1436,16383,0,ffff240bffff0ca9,0,0
1197,1197,0,16383,0,0,142e,001c,5182,16383,0,ffff240bffff0ca9,0,0
1198,1198,0,16383,0,0,3cff,001c,15615,16383,0,ffff240bffff0ca9,0,0
1199,1199,0,16383,0,0,2ffb,001c,12283,16383,0,ffff240bffff0ca9,0,0
1200,1200,0,16383,0,0,3ffd,001c,16381,16383,0,ffff240bffff0ca9,0,0
1201,1201,0,16383,0,0,3ffd,001c,16381,16383,0,ffff240bffff0ca9,0,0
1202,1202,0,16383,0,0,3fff,001c,16383,16383,0,ffff240bffff0ca9,0,0
1203,1203,0,16383,0,0,3fff,001c,16383,16383,0,ffff240bffff0ca9,0,0
1204,1204,0,16383,0,0,3fff,001c,16383,16383,0,ffff240bffff0ca9,0,0
1205,1205,0,16383,0,0,3fff,001c,16383,16383,0,ffff240bffff0ca9,0,0
1206,1206,0,16383,0,0,3ed4,001c,16084,16383,0,ffff240bffff0ca9,0,0
1207,1207,0,16383,0,0,358d,001c,13709,16383,0,ffff240bffff0ca9,0,0
1208,1208,0,16383,0,0,3217,001c,12823,16383,0,ffff240bffff0ca9,0,0
1209,1209,0,16383,0,0,244a,001c,9290,16383,0,ffff240bffff0ca9,0,0
1210,1210,0,16383,0,0,1c41,001c,7233,16383,0,ffff240bffff0ca9,0,0
1211,1211,0,16383,0,0,0e3c,001c,3644,16383,0,ffff240bffff0ca9,0,0
1212,1212,0,16383,0,0,0000,001c,0,16383,0,ffff240bffff0ca9,0,0
1213,1213,0,16383,0,0,0000,001c,0,16383,0,ffff240bffff0ca9,0,0
1214,1214,0,16383,0,0,0000,001c,0,16383,0,ffff240bffff0ca9,0,0
1215,1215,0,16383,0,0,0000,001c,0,16383,0,ffff240bffff0ca9,0,0
1216,1216,0,16383,0,0,02bc,001c,700,16383,0,ffff240bffff0ca9,0,0
1217,1217,0,16383,0,0,1209,001c,4617,16383,0,ffff240bffff0ca9,0,0
1218,1218,0,16383,0,0,1f7a,001c,8058,16383,0,ffff240bffff0ca9,0,0
1219,1219,0,16383,0,0,275e,001c,10078,16383,0,ffff240bffff0ca9,0,0
1220,1220,0,16383,0,0,3854,001c,14420,16383,0,ffff240bffff0ca9,0,0
1221,1221,0,16383,0,0,375d,001c,14173,16383,0,ffff240bffff0ca9,0,0
1222,1222,0,16383,0,0,3fff,001c,16383,16383,0,ffff240bffff0ca9,0,0
1223,1223,0,16383,0,0,3fff,001c,16383,16383,0,ffff240bffff0ca9,0,0
1224,1224,0,16383,0,0,3fff,001c,16383,16383,0,ffff240bffff0ca9,0,0
1225,1225,0,16383,0,0,3fff,001c,16383,16383,0,ffff240bffff0ca9,0,0
1226,1226,0,16383,0,0,3c0c,001c,15372,16383,0,ffff240bffff0ca9,0,0
1227,1227,0,16383,0,0,397a,001c,14714,16383,0,ffff240bffff0ca9,0,0
1228,1228,0,16383,0,0,2ce8,001c,11496,16383,0,ffff240bffff0ca9,0,0
1229,1229,0,16383,0,0,21ed,001c,8685,16383,0,ffff240bffff0ca9,0,0
1230,1230,0,16383,0,0,189c,001c,6300,16383,0,ffff240bffff0ca9,0,0
1231,1231,0,16383,0,0,0906,001c,2310,16383,0,ffff240bffff0ca9,0,0
1232,1232,0,16383,0,0,0002,001c,2,16383,0,ffff240bffff0ca9,0,0
1233,1233,0,16383,0,0,0000,001c,0,16383,0,ffff240bffff0ca9,0,0
1234,1234,0,16383,0,0,0000,001c,0,16383,0,ffff240bffff0ca9,0,0
1235,1235,0,16383,0,0,0000,001c,0,16383,0,ffff240bffff0ca9,0,0
1236,1236,0,16383,0,0,07a1,001c,1953,16383,0,ffff240bffff0ca9,0,0
1237,1237,0,16383,0,0,17af,001c,6063,16383,0,ffff240bffff0ca9,0,0
1238,1238,0,16383,0,0,15af,001c,6063,16383,0,ffff240bffff0ca9,0,0
1239,1239,0,16383,0,0,3abd,001c,15021,16383,0,ffff240bffff0ca9,0,0
1240,1240,0,16383,0,0,34ba,001c,13498,16383,0,ffff240bffff0ca9,0,0
1241,1241,0,16383,0,0,34b5,001c,13493,16383,0,ffff240bffff0ca9,0,0
1242,1242,0,16383,0,0,3e5a,001c,15962,16383,0,ffff240bffff0ca9,0,0
1243,1243,0,16383,0,0,3fff,001c,16383,16383,0,ffff240bffff0ca9,0,0
1244,1244,0,16383,0,0,3fff,001c,16383,16383,0,ffff240bffff0ca9,0,0
1245,1245,0,16383,0,0,3fff,001c,16383,16383,0,ffff240bffff0ca9,0,0
1246,1246,0,16383,0,0,3e52,001c,15954,16383,0,ffff240bffff0ca9,0,0
1247,1247,0,16383,0,0,3490,001c,13456,16383,0,ffff240bffff0ca9,0,0
1248,1248,0,16383,0,0,30d7,001c,12503,16383,0,ffff240bffff0ca9,0,0
1249,1249,0,16383,0,0,2ac1,001c,10945,16383,0,ffff240bffff0ca9,0,0
1250,1250,0,16383,0,0,16e7,001c,5863,16383,0,ffff240bffff0ca9,0,0
1251,1251,0,16383,0,0,0c68,001c,3176,16383,0,ffff240bffff0ca9,0,0
1252,1252,0,16383,0,0,0000,001c,0,16383,0,ffff240bffff0ca9,0,0
1253,1253,0,16383,0,0,0000,001c,0,16383,0,ffff240bffff0ca9,0,0
1254,1254,0,16383,0,0,0000,001c,0,16383,0,ffff240bffff0ca9,0,0
1255,1255,0,16383,0,0,0000,001c,0,16383,0,ffff240bffff0ca9,0,0
1256,1256,0,16383,0,0,0861,001c,2145,16383,0,ffff240bffff0ca9,0,0
1257,1257,0,16383,0,0,139c,001c,5020,16383,0,ffff240bffff0ca9,0,0
1258,1258,0,16383,0,0,20db,001c,8411,16383,0,ffff240bffff0ca9,0,0
1259,1259,0,16383,0,0,2c70,001c,11376,16383,0,ffff240bffff0ca9,0,0
1260,1260,0,16383,0,0,396e,001c,14702,16383,0,ffff240bffff0ca9,0,0
1261,1261,0,16383,0,0,3c2f,001c,15407,16383,0,ffff240bffff0ca9,0,0
1262,1262,0,16383,0,0,3fff,001c,16383,16383,0,ffff240bffff0ca9,0,0
1263,1263,0,16383,0,0,3fff,001c,16383,16383,0,ffff240bffff0ca9,0,0
1264,1264,0,16383,0,0,3fff,001c,16383,16383,0,ffff240bffff0ca9,0,0
1265,1265,0,16383,0,0,3fff,001c,16383,16383,0,ffff240bffff0ca9,0,0
1266,1266,0,16383,0,0,37b3,001c,14259,16383,0,ffff240bffff0ca9,0,0
1267,1267,0,16383,0,0,38c6,001c,14534,16383,0,ffff240bffff0ca9,0,0
1268,1268,0,16383,0,0,2787,001c,10119,16383,0,ffff240bffff0ca9,0,0
1269,1269,0,16383,0,0,23c7,001c,8519,16383,0,ffff240bffff0ca9,0,0
1270,1270,0,16383,0,0,32ee,001c,13038,16383,0,ffff240bffff0ca9,0,0
1271,1271,0,16383,0,0,13ef,001c,5103,16383,0,ffff240bffff0ca9,0,0
1272,1272,0,16383,0,0,032f,001c,815,16383,0,ffff240bffff0ca9,0,0
1273,1273,0,16383,0,0,0000,001c,0,16383,0,ffff240bffff0ca9,0,0
1274,1274,0,16383,0,0,0000,001c,0,16383,0,ffff240bffff0ca9,0,0
1275,1275,0,16383,0,0,0000,001c,0,16383,0,ffff240bffff0ca9,0,0
1276,1276,0,16383,0,0,0d58,001c,3392,16383,0,ffff240bffff0ca9,0,0
1277,1277,0,16383,0,0,0d5b,001c,3419,16383,0,ffff240bffff0ca9,0,0
1278,1278,0,16383,0,0,171e,001c,5918,16383,0,ffff240bffff0ca9,0,0
1279,1279,0,16383,0,0,2bd3,001c,11219,16383,0,ffff240bffff0ca9,0,0
1280,1280,0,16383,0,0,3195,001c,12693,16383,0,ffff240bffff0ca9,0,0
1281,1281,0,16383,0,0,356d,001c,13677,16383,0,ffff240bffff0ca9,0,0
1282,1282,0,16383,0,0,3ec7,001c,16071,16383,0,ffff240bffff0ca9,0,0
1283,1283,0,16383,0,0,3fff,001c,16383,16383,0,ffff240bffff0ca9,0,0
1284,1284,0,16383,0,0,3fff,001c,16383,16383,0,ffff240bffff0ca9,0,0
1285,1285,0,16383,0,0,3fff,001c,16383,16383,0,ffff240bffff0ca9,0,0
1286,1286,0,16383,0,0,3dcd,001c,15821,16383,0,ffff240bffff0ca9,0,0
1287,1287,0,16383,0,0,3be8,001c,15336,16383,0,ffff240bffff0ca9,0,0
1288,1288,0,16383,0,0,2fe3,001c,12259,16383,0,ffff240bffff0ca9,0,0
1289,1289,0,16383,0,0,29a0,001c,10656,16383,0,ffff240bffff0ca9,0,0
1290,1290,0,16383,0,0,1520,001c,5408,16383,0,ffff240bffff0ca9,0,0
1291,1291,0,16383,0,0,0655,001c,1621,16383,0,ffff240bffff0ca9,0,0
1292,1292,0,16383,0,0,0000,001c,0,16383,0,ffff240bffff0ca9,0,0
1293,1293,0,16383,0,0,0000,001c,0,16383,0,ffff240bffff0ca9,0,0
1294,1294,0,16383,0,0,0000,001c,0,16383,0,ffff240bffff0ca9,0,0
1295,1295,0,16383,0,0,0000,001c,0,16383,0,ffff240bffff0ca9,0,0
1296,1296,0,16383,0,0,0a5c,001c,2652,16383,0,ffff240bffff0ca9,0,0
1297,1297,0,16383,0,0,195d,001c,6493,16383,0,ffff240bffff0ca9,0,0
1298,1298,0,16383,0,0,22b8,001c,8888,16383,0,ffff240bffff0ca9,0,0
1299,1299,0,16383,0,0,2de2,001c,11746,16383,0,ffff240bffff0ca9,0,0
1300,1300,0,16383,0,0,3a5e,001c,14942,16383,0,ffff240bffff0ca9,0,0
1301,1301,0,16383,0,0,3cbb,001c,15547,16383,0,ffff240bffff0ca9,0,0
1302,1302,0,16383,0,0,3fff,001c,16383,16383,0,ffff240bffff0ca9,0,0
1303,1303,0,16383,0,0,3fff,001c,16383,16383,0,ffff240bffff0ca9,0,0
1304,1304,0,16383,0,0,3fff,001c,16383,16383,0,ffff240bffff0ca9,0,0
1305,1305,0,16383,0,0,3fc7,001c,16335,16383,0,ffff240bffff0ca9,0,0
1306,1306,0,16383,0,0,3ff6,001c,16374,16383,0,ffff240bffff0ca9,0,0
1307,1307,0,16383,0,0,37b7,001c,14263,16383,0,ffff240bffff0ca9,0,0
1308,1308,0,16383,0,0,37d1,001c,14289,16383,0,ffff240bffff0ca9,0,0
1309,1309,0,16383,0,0,3ef5,001c,16117,16383,0,ffff240bffff0ca9,0,0
1310,1310,0,16383,0,0,1ef5,001c,7925,16383,0,ffff240bffff0ca9,0,0
1311,1311,0,16383,0,0,11f7,001c,4599,16383,0,ffff240bffff0ca9,0,0
1312,1312,0,16383,0,0,00e5,001c,229,16383,0,ffff240bffff0ca9,0,0
1313,1313,0,16383,0,0,0000,001c,0,16383,0,ffff240bffff0ca9,0,0
1314,1314,0,16383,0,0,0000,001c,0,16383,0,ffff240bffff0ca9,0,0
1315,1315,0,16383,0,0,0000,001c,0,16383,0,ffff240bffff0ca9,0,0
1316,1316,0,16383,0,0,01a6,001c,422,16383,0,ffff240bffff0ca9,0,0
1317,1317,0,16383,0,0,0f2f,001c,3887,16383,0,ffff240bffff0ca9,0,0
1318,1318,0,16383,0,0,1cbe,001c,7358,16383,0,ffff240bffff0ca9,0,0
1319,1319,0,16383,0,0,2510,001c,9488,16383,0,ffff240bffff0ca9,0,0
1320,1320,0,16383,0,0,32ce,001c,13006,16383,0,ffff240bffff0ca9,0,0
1321,1321,0,16383,0,0,3652,001c,13906,16383,0,ffff240bffff0ca9,0,0
1322,1322,0,16383,0,0,3f4a,001c,16202,16383,0,ffff240bffff0ca9,0,0
1323,1323,0,16383,0,0,3fff,001c,16383,16383,0,ffff240bffff0ca9,0,0
1324,1324,0,16383,0,0,3fff,001c,16383,16383,0,ffff240bffff0ca9,0,0
1325,1325,0,16383,0,0,3fff,001c,16383,16383,0,ffff240bffff0ca9,0,0
1326,1326,0,16383,0,0,3d45,001c,15685,16383,0,ffff240bffff0ca9,0,0
1327,1327,0,16383,0,0,3b21,001c,15137,16383,0,ffff240bffff0ca9,0,0
1328,1328,0,16383,0,0,2ea8,001c,11944,16383,0,ffff240bffff0ca9,0,0
1329,1329,0,16383,0,0,2804,001c,10244,16383,0,ffff240bffff0ca9,0,0
1330,1330,0,16383,0,0,1b98,001c,7064,16383,0,ffff240bffff0ca9,0,0
1331,1331,0,16383,0,0,04bc,001c,1212,16383,0,ffff240bffff0ca9,0,0
1332,1332,0,16383,0,0,0000,001c,0,16383,0,ffff240bffff0ca9,0,0
1333,1333,0,16383,0,0,0000,001c,0,16383,0,ffff240bffff0ca9,0,0
1334,1334,0,16383,0,0,0000,001c,0,16383,0,ffff240bffff0ca9,0,0
1335,1335,0,16383,0,0,0000,001c,0,16383,0,ffff240bffff0ca9,0,0
1336,1336,0,16383,0,0,046f,001c,1135,16383,0,ffff240bffff0ca9,0,0
1337,1337,0,16383,0,0,1b06,001c,6918,16383,0,ffff240bffff0ca9,0,0
1338,1338,0,16383,0,0,23ee,001c,9198,16383,0,ffff240bffff0ca9,0,0
1339,1339,0,16383,0,0,2eaf,001c,11951,16383,0,ffff240bffff0ca9,0,0
1340,1340,0,16383,0,0,3b37,001c,15167,16383,0,ffff240bffff0ca9,0,0
1341,1341,0,16383,0,0,3f76,001c,15734,16383,0,ffff240bffff0ca9,0,0
1342,1342,0,16383,0,0,3fff,001c,16383,16383,0,ffff240bffff0ca9,0,0
1343,1343,0,16383,0,0,3fff,001c,16383,16383,0,ffff240bffff0ca9,0,0
1344,1344,0,16383,0,0,3fff,001c,16383,16383,0,ffff240bffff0ca9,0,0
1345,1345,0,16383,0,0,3fff,001c,16383,16383,0,ffff240bffff0ca9,0,0
1346,1346,0,16383,0,0,3fff,001c,16383,16383,0,ffff240bffff0ca9,0,0
1347,1347,0,16383,0,0,35f3,001c,14323,16383,0,ffff240bffff0ca9,0,0
1348,1348,0,16383,0,0,32b2,001c,12978,16383,0,ffff240bffff0ca9,0,0
1349,1349,0,16383,0,0,2521,001c,9505,16383,0,ffff240bffff0ca9,0,0
1350,1350,0,16383,0,0,1d35,001c,7477,16383,0,ffff240bffff0ca9,0,0
1351,1351,0,16383,0,0,0f3e,001c,3902,16383,0,ffff240bffff0ca9,0,0
1352,1352,0,16383,0,0,0000,001c,0,16383,0,ffff240bffff0ca9,0,0
1353,1353,0,16383,0,0,0000,001c,0,16383,0,ffff240bffff0ca9,0,0
1354,1354,0,16383,0,0,0000,001c,0,16383,0,ffff240bffff0ca9,0,0
1355,1355,0,16383,0,0,0000,001c,0,16383,0,ffff240bffff0ca9,0,0
1356,1356,0,16383,0,0,026b,001c,619,16383,0,ffff240bffff0ca9,0,0
1357,1357,0,16383,0,0,1102,001c,4354,16383,0,ffff240bffff0ca9,0,0
1358,1358,0,16383,0,0,1e86,001c,7814,16383,0,ffff240bffff0ca9,0,0
1359,1359,0,16383,0,0,267c,001c,9852,16383,0,ffff240bffff0ca9,0,0
1360,1360,0,16383,0,0,33af,001c,13231,16383,0,ffff240bffff0ca9,0,0
1361,1361,0,16383,0,0,370a,001c,14090,16383,0,ffff240bffff0ca9,0,0
1362,1362,0,16383,0,0,3fe8,001c,16360,16383,0,ffff240bffff0ca9,0,0
1363,1363,0,16383,0,0,3fff,001c,16383,16383,0,ffff240bffff0ca9,0,0
1364,1364,0,16383,0,0,3fff,001c,16383,16383,0,ffff240bffff0ca9,0,0
1365,1365,0,16383,0,0,3fff,001c,16383,16383,0,ffff240bffff0ca9,0,0
1366,1366,0,16383,0,0,3ca0,001c,15520,16383,0,ffff240bffff0ca9,0,0
1367,1367,0,16383,0,0,3a3e,001c,14910,16383,0,ffff240bffff0ca9,0,0
1368,1368,0,16383,0,0,2d7e,001c,11646,16383,0,ffff240bffff0ca9,0,0
1369,1369,0,16383,0,0,22c1,001c,8897,16383,0,ffff240bffff0ca9,0,0
1370,1370,0,16383,0,0,19d2,001c,6610,16383,0,ffff240bffff0ca9,0,0
1371,1371,0,16383,0,0,0a8c,001c,2700,16383,0,ffff240bffff0ca9,0,0
1372,1372,0,16383,0,0,0000,001c,0,16383,0,ffff240bffff0ca9,0,0
1373,1373,0,16383,0,0,0000,001c,0,16383,0,ffff240bffff0ca9,0,0
1374,1374,0,16383,0,0,0000,001c,0,16383,0,ffff240bffff0ca9,0,0
1375,1375,0,16383,0,0,0000,001c,0,16383,0,ffff240bffff0ca9,0,0
1376,1376,0,16383,0,0,0623,001c,1571,16383,0,ffff240bffff0ca9,0,0
1377,1377,0,16383,0,0,168b,001c,5291,16383,0,ffff240bffff0ca9,0,0
1378,1378,0,16383,0,0,3dfe,001c,15870,16383,0,ffff240bffff0ca9,0,0
1379,1379,0,16383,0,0,2f76,001c,12278,16383,0,ffff240bffff0ca9,0,0
1380,1380,0,16383,0,0,3fff,001c,16383,16383,0,ffff240bffff0ca9,0,0
1381,1381,0,16383,0,0,3fff,001c,16383,16383,0,ffff240bffff0ca9,0,0
1382,1382,0,16383,0,0,3fff,001c,16383,16383,0,ffff240bffff0ca9,0,0
1383,1383,0,16383,0,0,3fff,001c,16383,16383,0,ffff240bffff0ca9,0,0
1384,1384,0,16383,0,0,3fff,001c,16383,16383,0,ffff240bffff0ca9,0,0
1385,1385,0,16383,0,0,3fff,001c,16383,16383,0,ffff240bffff0ca9,0,0
1386,1386,0,16383,0,0,3eba,001c,16058,16383,0,ffff240bffff0ca9,0,0
1387,1387,0,16383,0,0,355e,001c,13662,16383,0,ffff240bffff0ca9,0,0
1388,1388,0,16383,0,0,3199,001c,12697,16383,0,ffff240bffff0ca9,0,0
1389,1389,0,16383,0,0,2bad,001c,11181,16383,0,ffff240bffff0ca9,0,0
1390,1390,0,16383,0,0,17b9,001c,6073,16383,0,ffff240bffff0ca9,0,0
1391,1391,0,16383,0,0,0d87,001c,3463,16383,0,ffff240bffff0ca9,0,0
1392,1392,0,16383,0,0,0000,001c,0,16383,0,ffff240bffff0ca9,0,0
1393,1393,0,16383,0,0,0000,001c,0,16383,0,ffff240bffff0ca9,0,0
1394,1394,0,16383,0,0,0000,001c,0,16383,0,ffff240bffff0ca9,0,0
1395,1395,0,16383,0,0,0000,001c,0,16383,0,ffff240bffff0ca9,0,0
1396,1396,0,16383,0,0,0314,001c,788,16383,0,ffff240bffff0ca9,0,0
1397,1397,0,16383,0,0,12ad,001c,4781,16383,0,ffff240bffff0ca9,0,0
1398,1398,0,16383,0,0,1fda,001c,8154,16383,0,ffff240bffff0ca9,0,0
1399,1399,0,16383,0,0,27a6,001c,10150,16383,0,ffff240bffff0ca9,0,0
1400,1400,0,16383,0,0,38c0,001c,14528,16383,0,ffff240bffff0ca9,0,0
1401,1401,0,16383,0,0,37bb,001c,14267,16383,0,ffff240bffff0ca9,0,0
1402,1402,0,16383,0,0,3fff,001c,16383,16383,0,ffff240bffff0ca9,0,0
1403,1403,0,16383,0,0,3fff,001c,16383,16383,0,ffff240bffff0ca9,0,0
1404,1404,0,16383,0,0,3fff,001c,16383,16383,0,ffff240bffff0ca9,0,0
1405,1405,0,16383,0,0,3fff,001c,16383,16383,0,ffff240bffff0ca9,0,0
1406,1406,0,16383,0,0,3c12,001c,15378,16383,0,ffff240bffff0ca9,0,0
1407,1407,0,16383,0,0,394e,001c,14670,16383,0,ffff240bffff0ca9,0,0
1408,1408,0,16383,0,0,2c4c,001c,11340,16383,0,ffff240bffff0ca9,0,0
1409,1409,0,16383,0,0,2135,001c,8501,16383,0,ffff240bffff0ca9,0,0
1410,1410,0,16383,0,0,13ce,001c,5070,16383,0,ffff240bffff0ca9,0,0
1411,1411,0,16383,0,0,0866,001c,2158,16383,0,ffff240bffff0ca9,0,0
1412,1412,0,16383,0,0,0004,001c,36,16383,0,ffff240bffff0ca9,0,0
1413,1413,0,16383,0,0,0000,001c,0,16383,0,ffff240bffff0ca9,0,0
1414,1414,0,16383,0,0,0000,001c,0,16383,0,ffff240bffff0ca9,0,0
1415,1415,0,16383,0,0,0000,001c,0,16383,0,ffff240bffff0ca9,0,0
1416,1416,0,16383,0,0,0c3f,001c,3135,16383,0,ffff240bffff0ca9,0,0
1417,1417,0,16383,0,0,1e3f,001c,7743,16383,0,ffff240bffff0ca9,0,0
1418,1418,0,16383,0,0,167b,001c,5755,16383,0,ffff240bffff0ca9,0,0
1419,1419,0,16383,0,0,2ad5,001c,10965,16383,0,ffff240bffff0ca9,0,0
1420,1420,0,16383,0,0,310a,001c,12554,16383,0,ffff240bffff0ca9,0,0
1421,1421,0,16383,0,0,350d,001c,13581,16383,0,ffff240bffff0ca9,0,0
1422,1422,0,16383,0,0,3e73,001c,15987,16383,0,ffff240bffff0ca9,0,0
1423,1423,0,16383,0,0,3fff,001c,16383,16383,0,ffff240bffff0ca9,0,0
1424,1424,0,16383,0,0,3fff,001c,16383,16383,0,ffff240bffff0ca9,0,0
1425,1425,0,16383,0,0,3fff,001c,16383,16383,0,ffff240bffff0ca9,0,0
1426,1426,0,16383,0,0,3e1c,001c,15900,16383,0,ffff240bffff0ca9,0,0
1427,1427,0,16383,0,0,3494,001c,13460,16383,0,ffff240bffff0ca9,0,0
1428,1428,0,16383,0,0,30b6,001c,12470,16383,0,ffff240bffff0ca9,0,0
1429,1429,0,16383,0,0,2a92,001c,10898,16383,0,ffff240bffff0ca9,0,0
1430,1430,0,16383,0,0,164f,001c,5711,16383,0,ffff240bffff0ca9,0,0
1431,1431,0,16383,0,0,07cb,001c,1995,16383,0,ffff240bffff0ca9,0,0
1432,1432,0,16383,0,0,0000,001c,0,16383,0,ffff240bffff0ca9,0,0
1433,1433,0,16383,0,0,0000,001c,0,16383,0,ffff240bffff0ca9,0,0
1434,1434,0,16383,0,0,0000,001c,0,16383,0,ffff240bffff0ca9,0,0
1435,1435,0,16383,0,0,0000,001c,0,16383,0,ffff240bffff0ca9,0,0
1436,1436,0,16383,0,0,08eb,001c,2283,16383,0,ffff240bffff0ca9,0,0
1437,1437,0,16383,0,0,1826,001c,6182,16383,0,ffff240bffff0ca9,0,0
1438,1438,0,16383,0,0,2160,001c,8544,16383,0,ffff240bffff0ca9,0,0
1439,1439,0,16383,0,0,2ce0,001c,11488,16383,0,ffff240bffff0ca9,0,0
1440,1440,0,16383,0,0,3998,001c,14744,16383,0,ffff240bffff0ca9,0,0
1441,1441,0,16383,0,0,3c60,001c,15456,16383,0,ffff240bffff0ca9,0,0
1442,1442,0,16383,0,0,3fff,001c,16383,16383,0,ffff240bffff0ca9,0,0
1443,1443,0,16383,0,0,3fff,001c,16383,16383,0,ffff240bffff0ca9,0,0
1444,1444,0,16383,0,0,3fff,001c,16383,16383,0,ffff240bffff0ca9,0,0
1445,1445,0,16383,0,0,3ff8,001c,16376,16383,0,ffff240bffff0ca9,0,0
1446,1446,0,16383,0,0,374b,001c,14155,16383,0,ffff240bffff0ca9,0,0
1447,1447,0,16383,0,0,387f,001c,14463,16383,0,ffff240bffff0ca9,0,0
1448,1448,0,16383,0,0,273d,001c,12093,16383,0,ffff240bffff0ca9,0,0
1449,1449,0,16383,0,0,3feb,001c,16363,16383,0,ffff240bffff0ca9,0,0
1450,1450,0,16383,0,0,1fcf,001c,8143,16383,0,ffff240bffff0ca9,0,0
1451,1451,0,16383,0,0,124f,001c,4687,16383,0,ffff240bffff0ca9,0,0
1452,1452,0,16383,0,0,0246,001c,582,16383,0,ffff240bffff0ca9,0,0
1453,1453,0,16383,0,0,0000,001c,0,16383,0,ffff240bffff0ca9,0,0
1454,1454,0,16383,0,0,0000,001c,0,16383,0,ffff240bffff0ca9,0,0
1455,1455,0,16383,0,0,0000,001c,0,16383,0,ffff240bffff0ca9,0,0
1456,1456,0,16383,0,0,0c00,001c,3584,16383,0,ffff240bffff0ca9,0,0
1457,1457,0,16383,0,0,0e10,001c,3600,16383,0,ffff240bffff0ca9,0,0
1458,1458,0,16383,0,0,17d6,001c,6102,16383,0,ffff240bffff0ca9,0,0
1459,1459,0,16383,0,0,2454,001c,9300,16383,0,ffff240bffff0ca9,0,0
1460,1460,0,16383,0,0,3215,001c,12821,16383,0,ffff240bffff0ca9,0,0
1461,1461,0,16383,0,0,35cf,001c,13775,16383,0,ffff240bffff0ca9,0,0
1462,1462,0,16383,0,0,3f1a,001c,16154,16383,0,ffff240bffff0ca9,0,0
1463,1463,0,16383,0,0,3fff,001c,16383,16383,0,ffff240bffff0ca9,0,0
1464,1464,0,16383,0,0,3fff,001c,16383,16383,0,ffff240bffff0ca9,0,0
1465,1465,0,16383,0,0,3fff,001c,16383,16383,0,ffff240bffff0ca9,0,0
1466,1466,0,16383,0,0,3d92,001c,15762,16383,0,ffff240bffff0ca9,0,0
1467,1467,0,16383,0,0,3b70,001c,15216,16383,0,ffff240bffff0ca9,0,0
1468,1468,0,16383,0,0,2f97,001c,12183,16383,0,ffff240bffff0ca9,0,0
1469,1469,0,16383,0,0,2925,001c,10533,16383,0,ffff240bffff0ca9,0,0
1470,1470,0,16383,0,0,1474,001c,5236,16383,0,ffff240bffff0ca9,0,0
1471,1471,0,16383,0,0,0597,001c,1431,16383,0,ffff240bffff0ca9,0,0
1472,1472,0,16383,0,0,0000,001c,0,16383,0,ffff240bffff0ca9,0,0
1473,1473,0,16383,0,0,0000,001c,0,16383,0,ffff240bffff0ca9,0,0
1474,1474,0,16383,0,0,0000,001c,0,16383,0,ffff240bffff0ca9,0,0
1475,1475,0,16383,0,0,0000,001c,0,16383,0,ffff240bffff0ca9,0,0
1476,1476,0,16383,0,0,0b3b,001c,2875,16383,0,ffff240bffff0ca9,0,0
1477,1477,0,16383,0,0,19df,001c,6623,16383,0,ffff240bffff0ca9,0,0
1478,1478,0,16383,0,0,22fc,001c,8956,16383,0,ffff240bffff0ca9,0,0
1479,1479,0,16383,0,0,2e24,001c,11812,16383,0,ffff240bffff0ca9,0,0
1480,1480,0,16383,0,0,3aae,001c,15022,16383,0,ffff240bffff0ca9,0,0
1481,1481,0,16383,0,0,3d0d,001c,15629,16383,0,ffff240bffff0ca9,0,0
1482,1482,0,16383,0,0,3fff,001c,16383,16383,0,ffff240bffff0ca9,0,0
1483,1483,0,16383,0,0,3fff,001c,16383,16383,0,ffff240bffff0ca9,0,0
1484,1484,0,16383,0,0,3fff,001c,16383,16383,0,ffff240bffff0ca9,0,0
1485,1485,0,16383,0,0,3f8f,001c,16287,16383,0,ffff240bffff0ca9,0,0
1486,1486,0,16383,0,0,3f9f,001c,16287,16383,0,ffff240bffff0ca9,0,0
1487,1487,0,16383,0,0,379f,001c,14239,16383,0,ffff240bffff0ca9,0,0
1488,1488,0,16383,0,0,37ef,001c,14319,16383,0,ffff240bffff0ca9,0,0
1489,1489,0,16383,0,0,25eb,001c,9707,16383,0,ffff240bffff0ca9,0,0
1490,1490,0,16383,0,0,1e52,001c,7762,16383,0,ffff240bffff0ca9,0,0
1491,1491,0,16383,0,0,1085,001c,4229,16383,0,ffff240bffff0ca9,0,0
1492,1492,0,16383,0,0,005e,001c,94,16383,0,ffff240bffff0ca9,0,0
1493,1493,0,16383,0,0,0000,001c,0,16383,0,ffff240bffff0ca9,0,0
1494,1494,0,16383,0,0,0000,001c,0,16383,0,ffff240bffff0ca9,0,0
1495,1495,0,16383,0,0,0000,001c,0,16383,0,ffff240bffff0ca9,0,0
1496,1496,0,16383,0,0,0000,001c,0,16383,0,ffff240bffff0ca9,0,0
1497,1497,0,16383,0,0,0fbc,001c,4028,16383,0,ffff240bffff0ca9,0,0
1498,1498,0,16383,0,0,1d29,001c,7465,16383,0,ffff240bffff0ca9,0,0
1499,1499,0,16383,0,0,2576,001c,9590,16383,0,ffff240bffff0ca9,0,0
1500,1500,0,16383,0,0,331d,001c,13085,16383,0,ffff240bffff0ca9,0,0
1501,1501,0,16383,0,0,3698,001c,13976,16383,0,ffff240bffff0ca9,0,0
1502,1502,0,16383,0,0,3f85,001c,16261,16383,0,ffff240bffff0ca9,0,0
1503,1503,0,16383,0,0,3fff,001c,16383,16383,0,ffff240bffff0ca9,0,0
1504,1504,0,16383,0,0,3fff,001c,16383,16383,0,ffff240bffff0ca9,0,0
1505,1505,0,16383,0,0,3fff,001c,16383,16383,0,ffff240bffff0ca9,0,0
1506,1506,0,16383,0,0,3cfe,001c,15614,16383,0,ffff240bffff0ca9,0,0
1507,1507,0,16383,0,0,3b0a,001c,15114,16383,0,ffff240bffff0ca9,0,0
1508,1508,0,16383,0,0,2e4f,001c,11855,16383,0,ffff240bffff0ca9,0,0
1509,1509,0,16383,0,0,23a1,001c,9121,16383,0,ffff240bffff0ca9,0,0
1510,1510,0,16383,0,0,1ada,001c,6874,16383,0,ffff240bffff0ca9,0,0
1511,1511,0,16383,0,0,0bc6,001c,3014,16383,0,ffff240bffff0ca9,0,0
1512,1512,0,16383,0,0,0000,001c,0,16383,0,ffff240bffff0ca9,0,0
1513,1513,0,16383,0,0,0000,001c,0,16383,0,ffff240bffff0ca9,0,0
1514,1514,0,16383,0,0,0000,001c,0,16383,0,ffff240bffff0ca9,0,0
1515,1515,0,16383,0,0,0000,001c,0,16383,0,ffff240bffff0ca9,0,0
1516,1516,0,16383,0,0,0523,001c,1315,16383,0,ffff240bffff0ca9,0,0
1517,1517,0,16383,0,0,1ba0,001c,7072,16383,0,ffff240bffff0ca9,0,0
1518,1518,0,16383,0,0,2874,001c,10356,16383,0,ffff240bffff0ca9,0,0
1519,1519,0,16383,0,0,2f16,001c,12086,16383,0,ffff240bffff0ca9,0,0
1520,1520,0,16383,0,0,3f73,001c,16243,16383,0,ffff240bffff0ca9,0,0
1521,1521,0,16383,0,0,3fff,001c,16383,16383,0,ffff240bffff0ca9,0,0
1522,1522,0,16383,0,0,3fff,001c,16383,16383,0,ffff240bffff0ca9,0,0
1523,1523,0,16383,0,0,3fff,001c,16383,16383,0,ffff240bffff0ca9,0,0
1524,1524,0,16383,0,0,3fff,001c,16383,16383,0,ffff240bffff0ca9,0,0
1525,1525,0,16383,0,0,3fff,001c,16383,16383,0,ffff240bffff0ca9,0,0
1526,1526,0,16383,0,0,3fff,001c,16381,16383,0,ffff240bffff0ca9,0,0
1527,1527,0,16383,0,0,35d7,001c,13783,16383,0,ffff240bffff0ca9,0,0
1528,1528,0,16383,0,0,3266,001c,12902,16383,0,ffff240bffff0ca9,0,0
1529,1529,0,16383,0,0,24a9,001c,9385,16383,0,ffff240bffff0ca9,0,0
1530,1530,0,16383,0,0,1cd1,001c,7377,16383,0,ffff240bffff0ca9,0,0
1531,1531,0,16383,0,0,0ec9,001c,3785,16383,0,ffff240bffff0ca9,0,0
1532,1532,0,16383,0,0,0000,001c,0,16383,0,ffff240bffff0ca9,0,0
1533,1533,0,16383,0,0,0000,001c,0,16383,0,ffff240bffff0ca9,0,0
1534,1534,0,16383,0,0,0000,001c,0,16383,0,ffff240bffff0ca9,0,0
1535,1535,0,16383,0,0,0000,001c,0,16383,0,ffff240bffff0ca9,0,0
1536,1536,0,16383,0,0,0170,001c,368,16383,0,ffff240bffff0ca9,0,0
1537,1537,0,16383,0,0,117d,001c,4477,16383,0,ffff240bffff0ca9,0,0
1538,1538,0,16383,0,0,1ede,001c,7902,16383,0,ffff240bffff0ca9,0,0
1539,1539,0,16383,0,0,26e3,001c,9955,16383,0,ffff240bffff0ca9,0,0
1540,1540,0,16383,0,0,3803,001c,14339,16383,0,ffff240bffff0ca9,0,0
1541,1541,0,16383,0,0,3724,001c,14116,16383,0,ffff240bffff0ca9,0,0
1542,1542,0,16383,0,0,3fc2,001c,16322,16383,0,ffff240bffff0ca9,0,0
1543,1543,0,16383,0,0,3fff,001c,16383,16383,0,ffff240bffff0ca9,0,0
1544,1544,0,16383,0,0,3fff,001c,16383,16383,0,ffff240bffff0ca9,0,0
1545,1545,0,16383,0,0,3fff,001c,16383,16383,0,ffff240bffff0ca9,0,0
1546,1546,0,16383,0,0,3c67,001c,15463,16383,0,ffff240bffff0ca9,0,0
1547,1547,0,16383,0,0,39df,001c,14815,16383,0,ffff240bffff0ca9,0,0
1548,1548,0,16383,0,0,2d45,001c,11589,16383,0,ffff240bffff0ca9,0,0
1549,1549,0,16383,0,0,2272,001c,8818,16383,0,ffff240bffff0ca9,0,0
1550,1550,0,16383,0,0,1949,001c,6473,16383,0,ffff240bffff0ca9,0,0
1551,1551,0,16383,0,0,09e8,001c,2536,16383,0,ffff240bffff0ca9,0,0
1552,1552,0,16383,0,0,0000,001c,0,16383,0,ffff240bffff0ca9,0,0
1553,1553,0,16383,0,0,0000,001c,0,16383,0,ffff240bffff0ca9,0,0
1554,1554,0,16383,0,0,0000,001c,0,16383,0,ffff240bffff0ca9,0,0
1555,1555,0,16383,0,0,0000,001c,0,16383,0,ffff240bffff0ca9,0,0
1556,1556,0,16383,0,0,0706,001c,1798,16383,0,ffff240bffff0ca9,0,0
1557,1557,0,16383,0,0,1716,001c,5910,16383,0,ffff240bffff0ca9,0,0
1558,1558,0,16383,0,0,3db9,001c,15801,16383,0,ffff240bffff0ca9,0,0
1559,1559,0,16383,0,0,39b9,001c,14777,16383,0,ffff240bffff0ca9,0,0
1560,1560,0,16383,0,0,3467,001c,13415,16383,0,ffff240bffff0ca9,0,0
1561,1561,0,16383,0,0,3e66,001c,15974,16383,0,ffff240bffff0ca9,0,0
1562,1562,0,16383,0,0,3ff4,001c,16356,16383,0,ffff240bffff0ca9,0,0
1563,1563,0,16383,0,0,3fff,001c,16383,16383,0,ffff240bffff0ca9,0,0
1564,1564,0,16383,0,0,3fff,001c,16383,16383,0,ffff240bffff0ca9,0,0
1565,1565,0,16383,0,0,3fff,001c,16383,16383,0,ffff240bffff0ca9,0,0
1566,1566,0,16383,0,0,3e83,001c,16003,16383,0,ffff240bffff0ca9,0,0
1567,1567,0,16383,0,0,3538,001c,13624,16383,0,ffff240bffff0ca9,0,0
1568,1568,0,16383,0,0,3170,001c,12656,16383,0,ffff240bffff0ca9,0,0
1569,1569,0,16383,0,0,2b68,001c,11112,16383,0,ffff240bffff0ca9,0,0
1570,1570,0,16383,0,0,1730,001c,5936,16383,0,ffff240bffff0ca9,0,0
1571,1571,0,16383,0,0,0ce6,001c,3302,16383,0,ffff240bffff0ca9,0,0
1572,1572,0,16383,0,0,0000,001c,0,16383,0,ffff240bffff0ca9,0,0
1573,1573,0,16383,0,0,0000,001c,0,16383,0,ffff240bffff0ca9,0,0
1574,1574,0,16383,0,0,0000,001c,0,16383,0,ffff240bffff0ca9,0,0
1575,1575,0,16383,0,0,0000,001c,0,16383,0,ffff240bffff0ca9,0,0
1576,1576,0,16383,0,0,03c1,001c,961,16383,0,ffff240bffff0ca9,0,0
1577,1577,0,16383,0,0,1332,001c,4914,16383,0,ffff240bffff0ca9,0,0
1578,1578,0,16383,0,0,206b,001c,8299,16383,0,ffff240bffff0ca9,0,0
1579,1579,0,16383,0,0,2c0e,001c,11278,16383,0,ffff240bffff0ca9,0,0
1580,1580,0,16383,0,0,3900,001c,14592,16383,0,ffff240bffff0ca9,0,0
1581,1581,0,16383,0,0,37ed,001c,14317,16383,0,ffff240bffff0ca9,0,0
1582,1582,0,16383,0,0,3fff,001c,16383,16383,0,ffff240bffff0ca9,0,0
1583,1583,0,16383,0,0,3fff,001c,16383,16383,0,ffff240bffff0ca9,0,0
1584,1584,0,16383,0,0,3fff,001c,16383,16383,0,ffff240bffff0ca9,0,0
1585,1585,0,16383,0,0,3fff,001c,16383,16383,0,ffff240bffff0ca9,0,0
1586,1586,0,16383,0,0,37b2,001c,14258,16383,0,ffff240bffff0ca9,0,0
1587,1587,0,16383,0,0,3905,001c,14597,16383,0,ffff240bffff0ca9,0,0
1588,1588,0,16383,0,0,2c19,001c,11289,16383,0,ffff240bffff0ca9,0,0
1589,1589,0,16383,0,0,210d,001c,8461,16383,0,ffff240bffff0ca9,0,0
1590,1590,0,16383,0,0,1354,001c,4957,16383,0,ffff240bffff0ca9,0,0
1591,1591,0,16383,0,0,03be,001c,958,16383,0,ffff240bffff0ca9,0,0
1592,1592,0,16383,0,0,03ae,001c,942,16383,0,ffff240bffff0ca9,0,0
1593,1593,0,16383,0,0,0000,001c,0,16383,0,ffff240bffff0ca9,0,0
1594,1594,0,16383,0,0,0000,001c,0,16383,0,ffff240bffff0ca9,0,0
1595,1595,0,16383,0,0,00ad,001c,173,16383,0,ffff240bffff0ca9,0,0
1596,1596,0,16383,0,0,0ced,001c,3309,16383,0,ffff240bffff0ca9,0,0
1597,1597,0,16383,0,0,1cfa,001c,7914,16383,0,ffff240bffff0ca9,0,0
1598,1598,0,16383,0,0,16b9,001c,5817,16383,0,ffff240bffff0ca9,0,0
1599,1599,0,16383,0,0,2b6f,001c,11119,16383,0,ffff240bffff0ca9,0,0
1600,1600,0,16383,0,0,3173,001c,12659,16383,0,ffff240bffff0ca9,0,0
1601,1601,0,16383,0,0,3529,001c,13609,16383,0,ffff240bffff0ca9,0,0
1602,1602,0,16383,0,0,3e97,001c,16023,16383,0,ffff240bffff0ca9,0,0
1603,1603,0,16383,0,0,3fff,001c,16383,16383,0,ffff240bffff0ca9,0,0
1604,1604,0,16383,0,0,3fff,001c,16383,16383,0,ffff240bffff0ca9,0,0
1605,1605,0,16383,0,0,3fff,001c,16383,16383,0,ffff240bffff0ca9,0,0
1606,1606,0,16383,0,0,3dfd,001c,15869,16383,0,ffff240bffff0ca9,0,0
1607,1607,0,16383,0,0,3423,001c,13347,16383,0,ffff240bffff0ca9,0,0
1608,1608,0,16383,0,0,303e,001c,12350,16383,0,ffff240bffff0ca9,0,0
1609,1609,0,16383,0,0,2a2e,001c,10798,16383,0,ffff240bffff0ca9,0,0
1610,1610,0,16383,0,0,15b6,001c,5558,16383,0,ffff240bffff0ca9,0,0
1611,1611,0,16383,0,0,06fb,001c,1787,16383,0,ffff240bffff0ca9,0,0
1612,1612,0,16383,0,0,0000,001c,0,16383,0,ffff240bffff0ca9,0,0
1613,1613,0,16383,0,0,0000,001c,0,16383,0,ffff240bffff0ca9,0,0
1614,1614,0,16383,0,0,0000,001c,0,16383,0,ffff240bffff0ca9,0,0
1615,1615,0,16383,0,0,0000,001c,0,16383,0,ffff240bffff0ca9,0,0
1616,1616,0,16383,0,0,09bb,001c,2491,16383,0,ffff240bffff0ca9,0,0
1617,1617,0,16383,0,0,18bd,001c,6333,16383,0,ffff240bffff0ca9,0,0
1618,1618,0,16383,0,0,21f8,001c,8696,16383,0,ffff240bffff0ca9,0,0
1619,1619,0,16383,0,0,2d53,001c,11603,16383,0,ffff240bffff0ca9,0,0
1620,1620,0,16383,0,0,3a21,001c,14881,16383,0,ffff240bffff0ca9,0,0
1621,1621,0,16383,0,0,3c9e,001c,15518,16383,0,ffff240bffff0ca9,0,0
1622,1622,0,16383,0,0,3fff,001c,16383,16383,0,ffff240bffff0ca9,0,0
1623,1623,0,16383,0,0,3fff,001c,16383,16383,0,ffff240bffff0ca9,0,0
1624,1624,0,16383,0,0,3fff,001c,16383,16383,0,ffff240bffff0ca9,0,0
1625,1625,0,16383,0,0,3fca,001c,16330,16383,0,ffff240bffff0ca9,0,0
1626,1626,0,16383,0,0,3722,001c,14122,16383,0,ffff240bffff0ca9,0,0
1627,1627,0,16383,0,0,3b1b,001c,14651,16383,0,ffff240bffff0ca9,0,0
1628,1628,0,16383,0,0,3edf,001c,16095,16383,0,ffff240bffff0ca9,0,0
1629,1629,0,16383,0,0,3fff,001c,16382,16383,0,ffff240bffff0ca9,0,0
1630,1630,0,16383,0,0,1ff7,001c,8181,16383,0,ffff240bffff0ca9,0,0
1631,1631,0,16383,0,0,11ef,001c,4591,16383,0,ffff240bffff0ca9,0,0
1632,1632,0,16383,0,0,01cc,001c,460,16383,0,ffff240bffff0ca9,0,0
1633,1633,0,16383,0,0,0000,001c,0,16383,0,ffff240bffff0ca9,0,0
1634,1634,0,16383,0,0,0000,001c,0,16383,0,ffff240bffff0ca9,0,0
1635,1635,0,16383,0,0,0040,001c,64,16383,0,ffff240bffff0ca9,0,0
1636,1636,0,16383,0,0,005a,001c,90,16383,0,ffff240bffff0ca9,0,0
1637,1637,0,16383,0,0,0eb3,001c,3763,16383,0,ffff240bffff0ca9,0,0
1638,1638,0,16383,0,0,1c3b,001c,7227,16383,0,ffff240bffff0ca9,0,0
1639,1639,0,16383,0,0,2489,001c,9353,16383,0,ffff240bffff0ca9,0,0
1640,1640,0,16383,0,0,3244,001c,12868,16383,0,ffff240bffff0ca9,0,0
1641,1641,0,16383,0,0,3600,001c,13824,16383,0,ffff240bffff0ca9,0,0
1642,1642,0,16383,0,0,3f34,001c,16180,16383,0,ffff240bffff0ca9,0,0
1643,1643,0,16383,0,0,3fff,001c,16383,16383,0,ffff240bffff0ca9,0,0
1644,1644,0,16383,0,0,3fff,001c,16383,16383,0,ffff240bffff0ca9,0,0
1645,1645,0,16383,0,0,3fff,001c,16383,16383,0,ffff240bffff0ca9,0,0
1646,1646,0,16383,0,0,3d69,001c,15721,16383,0,ffff240bffff0ca9,0,0
1647,1647,0,16383,0,0,3b85,001c,15237,16383,0,ffff240bffff0ca9,0,0
1648,1648,0,16383,0,0,2f4e,001c,12110,16383,0,ffff240bffff0ca9,0,0
1649,1649,0,16383,0,0,28ab,001c,10411,16383,0,ffff240bffff0ca9,0,0
1650,1650,0,16383,0,0,1411,001c,5137,16383,0,ffff240bffff0ca9,0,0
1651,1651,0,16383,0,0,0528,001c,1320,16383,0,ffff240bffff0ca9,0,0
1652,1652,0,16383,0,0,0000,001c,0,16383,0,ffff240bffff0ca9,0,0
1653,1653,0,16383,0,0,0000,001c,0,16383,0,ffff240bffff0ca9,0,0
1654,1654,0,16383,0,0,0000,001c,0,16383,0,ffff240bffff0ca9,0,0
1655,1655,0,16383,0,0,0000,001c,0,16383,0,ffff240bffff0ca9,0,0
1656,1656,0,16383,0,0,0b86,001c,2950,16383,0,ffff240bffff0ca9,0,0
1657,1657,0,16383,0,0,1a55,001c,6741,16383,0,ffff240bffff0ca9,0,0
1658,1658,0,16383,0,0,237f,001c,9087,16383,0,ffff240bffff0ca9,0,0
1659,1659,0,16383,0,0,2e67,001c,11879,16383,0,ffff240bffff0ca9,0,0
1660,1660,0,16383,0,0,3ac8,001c,15048,16383,0,ffff240bffff0ca9,0,0
1661,1661,0,16383,0,0,3d1c,001c,15644,16383,0,ffff240bffff0ca9,0,0
1662,1662,0,16383,0,0,3fff,001c,16383,16383,0,ffff240bffff0ca9,0,0
1663,1663,0,16383,0,0,3fff,001c,16383,16383,0,ffff240bffff0ca9,0,0
1664,1664,0,16383,0,0,3fff,001c,16383,16383,0,ffff240bffff0ca9,0,0
1665,1665,0,16383,0,0,3fcf,001c,16351,16383,0,ffff240bffff0ca9,0,0
1666,1666,0,16383,0,0,3f4f,001c,16207,16383,0,ffff240bffff0ca9,0,0
1667,1667,0,16383,0,0,3743,001c,14147,16383,0,ffff240bffff0ca9,0,0
1668,1668,0,16383,0,0,337b,001c,13171,16383,0,ffff240bffff0ca9,0,0
1669,1669,0,16383,0,0,2df8,001c,11768,16383,0,ffff240bffff0ca9,0,0
1670,1670,0,16383,0,0,1dea,001c,8170,16383,0,ffff240bffff0ca9,0,0
1671,1671,0,16383,0,0,0fef,001c,4079,16383,0,ffff240bffff0ca9,0,0
1672,1672,0,16383,0,0,0000,001c,0,16383,0,ffff240bffff0ca9,0,0
1673,1673,0,16383,0,0,0000,001c,0,16383,0,ffff240bffff0ca9,0,0
1674,1674,0,16383,0,0,0000,001c,0,16383,0,ffff240bffff0ca9,0,0
1675,1675,0,16383,0,0,0000,001c,0,16383,0,ffff240bffff0ca9,0,0
1676,1676,0,16383,0,0,015a,001c,346,16383,0,ffff240bffff0ca9,0,0
1677,1677,0,16383,0,0,106f,001c,4207,16383,0,ffff240bffff0ca9,0,0
1678,1678,0,16383,0,0,1dd5,001c,7637,16383,0,ffff240bffff0ca9,0,0
1679,1679,0,16383,0,0,25fe,001c,9726,16383,0,ffff240bffff0ca9,0,0
1680,1680,0,16383,0,0,331e,001c,13086,16383,0,ffff240bffff0ca9,0,0
1681,1681,0,16383,0,0,36bf,001c,14015,16383,0,ffff240bffff0ca9,0,0
1682,1682,0,16383,0,0,3fce,001c,16334,16383,0,ffff240bffff0ca9,0,0
1683,1683,0,16383,0,0,3fff,001c,16383,16383,0,ffff240bffff0ca9,0,0
1684,1684,0,16383,0,0,3fff,001c,16383,16383,0,ffff240bffff0ca9,0,0
1685,1685,0,16383,0,0,3fff,001c,16383,16383,0,ffff240bffff0ca9,0,0
1686,1686,0,16383,0,0,3cbe,001c,15550,16383,0,ffff240bffff0ca9,0,0
1687,1687,0,16383,0,0,3a8b,001c,14987,16383,0,ffff240bffff0ca9,0,0
1688,1688,0,16383,0,0,2e07,001c,11783,16383,0,ffff240bffff0ca9,0,0
1689,1689,0,16383,0,0,234d,001c,9037,16383,0,ffff240bffff0ca9,0,0
1690,1690,0,16383,0,0,1a47,001c,6727,16383,0,ffff240bffff0ca9,0,0
1691,1691,0,16383,0,0,0b28,001c,2856,16383,0,ffff240bffff0ca9,0,0
1692,1692,0,16383,0,0,0000,001c,0,16383,0,ffff240bffff0ca9,0,0
1693,1693,0,16383,0,0,0000,001c,0,16383,0,ffff240bffff0ca9,0,0
1694,1694,0,16383,0,0,0000,001c,0,16383,0,ffff240bffff0ca9,0,0
1695,1695,0,16383,0,0,0000,001c,0,16383,0,ffff240bffff0ca9,0,0
1696,1696,0,16383,0,0,05b6,001c,1462,16383,0,ffff240bffff0ca9,0,0
1697,1697,0,16383,0,0,1bfe,001c,7166,16383,0,ffff240bffff0ca9,0,0
1698,1698,0,16383,0,0,28ee,001c,10750,16383,0,ffff240bffff0ca9,0,0
1699,1699,0,16383,0,0,2fef,001c,12271,16383,0,ffff240bffff0ca9,0,0
1700,1700,0,16383,0,0,3fbf,001c,16319,16383,0,ffff240bffff0ca9,0,0
1701,1701,0,16383,0,0,3fbf,001c,16319,16383,0,ffff240bffff0ca9,0,0
1702,1702,0,16383,0,0,3fff,001c,16383,16383,0,ffff240bffff0ca9,0,0
1703,1703,0,16383,0,0,3fff,001c,16383,16383,0,ffff240bffff0ca9,0,0
1704,1704,0,16383,0,0,3fff,001c,16383,16383,0,ffff240bffff0ca9,0,0
1705,1705,0,16383,0,0,3fff,001c,16383,16383,0,ffff240bffff0ca9,0,0
1706,1706,0,16383,0,0,3fe4,001c,16100,16383,0,ffff240bffff0ca9,0,0
1707,1707,0,16383,0,0,3585,001c,13701,16383,0,ffff240bffff0ca9,0,0
1708,1708,0,16383,0,0,322a,001c,12842,16383,0,ffff240bffff0ca9,0,0
1709,1709,0,16383,0,0,2437,001c,9271,16383,0,ffff240bffff0ca9,0,0
1710,1710,0,16383,0,0,1c49,001c,7241,16383,0,ffff240bffff0ca9,0,0
1711,1711,0,16383,0,0,0e2d,001c,3629,16383,0,ffff240bffff0ca9,0,0
1712,1712,0,16383,0,0,0000,001c,0,16383,0,ffff240bffff0ca9,0,0
1713,1713,0,16383,0,0,0000,001c,0,16383,0,ffff240bffff0ca9,0,0
1714,1714,0,16383,0,0,0000,001c,0,16383,0,ffff240bffff0ca9,0,0
1715,1715,0,16383,0,0,0000,001c,0,16383,0,ffff240bffff0ca9,0,0
1716,1716,0,16383,0,0,02d8,001c,728,16383,0,ffff240bffff0ca9,0,0
1717,1717,0,16383,0,0,121b,001c,4635,16383,0,ffff240bffff0ca9,0,0
1718,1718,0,16383,0,0,1f7c,001c,8060,16383,0,ffff240bffff0ca9,0,0
1719,1719,0,16383,0,0,2746,001c,10054,16383,0,ffff240bffff0ca9,0,0
1720,1720,0,16383,0,0,386c,001c,14444,16383,0,ffff240bffff0ca9,0,0
1721,1721,0,16383,0,0,3788,001c,14216,16383,0,ffff240bffff0ca9,0,0
1722,1722,0,16383,0,0,3fff,001c,16383,16383,0,ffff240bffff0ca9,0,0
1723,1723,0,16383,0,0,3fff,001c,16383,16383,0,ffff240bffff0ca9,0,0
1724,1724,0,16383,0,0,3fff,001c,16383,16383,0,ffff240bffff0ca9,0,0
1725,1725,0,16383,0,0,3fff,001c,16383,16383,0,ffff240bffff0ca9,0,0
1726,1726,0,16383,0,0,3c43,001c,15427,16383,0,ffff240bffff0ca9,0,0
1727,1727,0,16383,0,0,3998,001c,14744,16383,0,ffff240bffff0ca9,0,0
1728,1728,0,16383,0,0,2cd2,001c,11474,16383,0,ffff240bffff0ca9,0,0
1729,1729,0,16383,0,0,222d,001c,8749,16383,0,ffff240bffff0ca9,0,0
1730,1730,0,16383,0,0,189c,001c,6300,16383,0,ffff240bffff0ca9,0,0
1731,1731,0,16383,0,0,08eb,001c,2283,16383,0,ffff240bffff0ca9,0,0
1732,1732,0,16383,0,0,0000,001c,2,16383,0,ffff240bffff0ca9,0,0
1733,1733,0,16383,0,0,0000,001c,0,16383,0,ffff240bffff0ca9,0,0
1734,1734,0,16383,0,0,0000,001c,0,16383,0,ffff240bffff0ca9,0,0
1735,1735,0,16383,0,0,0000,001c,0,16383,0,ffff240bffff0ca9,0,0
1736,1736,0,16383,0,0,07a5,001c,1957,16383,0,ffff240bffff0ca9,0,0
1737,1737,0,16383,0,0,17b7,001c,6071,16383,0,ffff240bffff0ca9,0,0
1738,1738,0,16383,0,0,15b6,001c,5558,16383,0,ffff240bffff0ca9,0,0
1739,1739,0,16383,0,0,3af3,001c,15091,16383,0,ffff240bffff0ca9,0,0
1740,1740,0,16383,0,0,34bf,001c,13503,16383,0,ffff240bffff0ca9,0,0
1741,1741,0,16383,0,0,34af,001c,13999,16383,0,ffff240bffff0ca9,0,0
1742,1742,0,16383,0,0,3e65,001c,15941,16383,0,ffff240bffff0ca9,0,0
1743,1743,0,16383,0,0,3fff,001c,16383,16383,0,ffff240bffff0ca9,0,0
1744,1744,0,16383,0,0,3fff,001c,16383,16383,0,ffff240bffff0ca9,0,0
1745,1745,0,16383,0,0,3fff,001c,16383,16383,0,ffff240bffff0ca9,0,0
1746,1746,0,16383,0,0,3e50,001c,15952,16383,0,ffff240bffff0ca9,0,0
1747,1747,0,16383,0,0,34b9,001c,13497,16383,0,ffff240bffff0ca9,0,0
1748,1748,0,16383,0,0,3121,001c,12577,16383,0,ffff240bffff0ca9,0,0
1749,1749,0,16383,0,0,2b11,001c,11025,16383,0,ffff240bffff0ca9,0,0
1750,1750,0,16383,0,0,16af,001c,5807,16383,0,ffff240bffff0ca9,0,0
1751,1751,0,16383,0,0,0c3c,001c,3132,16383,0,ffff240bffff0ca9,0,0
1752,1752,0,16383,0,0,0000,001c,0,16383,0,ffff240bffff0ca9,0,0
1753,1753,0,16383,0,0,0000,001c,0,16383,0,ffff240bffff0ca9,0,0
1754,1754,0,16383,0,0,0000,001c,0,16383,0,ffff240bffff0ca9,0,0
1755,1755,0,16383,0,0,0000,001c,0,16383,0,ffff240bffff0ca9,0,0
1756,1756,0,16383,0,0,084f,001c,2127,16383,0,ffff240bffff0ca9,0,0
1757,1757,0,16383,0,0,13dc,001c,5084,16383,0,ffff240bffff0ca9,0,0
1758,1758,0,16383,0,0,2111,001c,8465,16383,0,ffff240bffff0ca9,0,0
1759,1759,0,16383,0,0,2c8e,001c,11406,16383,0,ffff240bffff0ca9,0,0
1760,1760,0,16383,0,0,3965,001c,14693,16383,0,ffff240bffff0ca9,0,0
1761,1761,0,16383,0,0,3c15,001c,15381,16383,0,ffff240bffff0ca9,0,0
1762,1762,0,16383,0,0,3fff,001c,16383,16383,0,ffff240bffff0ca9,0,0
1763,1763,0,16383,0,0,3fff,001c,16383,16383,0,ffff240bffff0ca9,0,0
1764,1764,0,16383,0,0,3fff,001c,16383,16383,0,ffff240bffff0ca9,0,0
1765,1765,0,16383,0,0,3fff,001c,16383,16383,0,ffff240bffff0ca9,0,0
1766,1766,0,16383,0,0,3763,001c,14179,16383,0,ffff240bffff0ca9,0,0
1767,1767,0,16383,0,0,38c4,001c,14532,16383,0,ffff240bffff0ca9,0,0
1768,1768,0,16383,0,0,27b4,001c,10164,16383,0,ffff240bffff0ca9,0,0
1769,1769,0,16383,0,0,204d,001c,8285,16383,0,ffff240bffff0ca9,0,0
1770,1770,0,16383,0,0,12ed,001c,4845,16383,0,ffff240bffff0ca9,0,0
1771,1771,0,16383,0,0,13ee,001c,5102,16383,0,ffff240bffff0ca9,0,0
1772,1772,0,16383,0,0,0326,001c,806,16383,0,ffff240bffff0ca9,0,0
1773,1773,0,16383,0,0,0000,001c,0,16383,0,ffff240bffff0ca9,0,0
1774,1774,0,16383,0,0,0000,001c,0,16383,0,ffff240bffff0ca9,0,0
1775,1775,0,16383,0,0,0000,001c,0,16383,0,ffff240bffff0ca9,0,0
1776,1776,0,16383,0,0,0d55,001c,3413,16383,0,ffff240bffff0ca9,0,0
1777,1777,0,16383,0,0,1d55,001c,8021,16383,0,ffff240bffff0ca9,0,0
1778,1778,0,16383,0,0,171c,001c,5916,16383,0,ffff240bffff0ca9,0,0
1779,1779,0,16383,0,0,2be7,001c,11239,16383,0,ffff240bffff0ca9,0,0
1780,1780,0,16383,0,0,31bd,001c,12733,16383,0,ffff240bffff0ca9,0,0
1781,1781,0,16383,0,0,3562,001c,13666,16383,0,ffff240bffff0ca9,0,0
1782,1782,0,16383,0,0,3ede,001c,16094,16383,0,ffff240bffff0ca9,0,0
1783,1783,0,16383,0,0,3fff,001c,16383,16383,0,ffff240bffff0ca9,0,0
1784,1784,0,16383,0,0,3fff,001c,16383,16383,0,ffff240bffff0ca9,0,0
1785,1785,0,16383,0,0,3fff,001c,16383,16383,0,ffff240bffff0ca9,0,0
1786,1786,0,16383,0,0,3df9,001c,15865,16383,0,ffff240bffff0ca9,0,0
1787,1787,0,16383,0,0,3bec,001c,15340,16383,0,ffff240bffff0ca9,0,0
1788,1788,0,16383,0,0,2fcc,001c,12236,16383,0,ffff240bffff0ca9,0,0
1789,1789,0,16383,0,0,2995,001c,10645,16383,0,ffff240bffff0ca9,0,0
1790,1790,0,16383,0,0,152a,001c,5418,16383,0,ffff240bffff0ca9,0,0
1791,1791,0,16383,0,0,0669,001c,1641,16383,0,ffff240bffff0ca9,0,0
1792,1792,0,16383,0,0,0000,001c,0,16383,0,ffff240bffff0ca9,0,0
1793,1793,0,16383,0,0,0000,001c,0,16383,0,ffff240bffff0ca9,0,0
1794,1794,0,16383,0,0,0000,001c,0,16383,0,ffff240bffff0ca9,0,0
1795,1795,0,16383,0,0,0000,001c,0,16383,0,ffff240bffff0ca9,0,0
1796,1796,0,16383,0,0,0a52,001c,2642,16383,0,ffff240bffff0ca9,0,0
1797,1797,0,16383,0,0,1975,001c,6517,16383,0,ffff240bffff0ca9,0,0
1798,1798,0,16383,0,0,2294,001c,8852,16383,0,ffff240bffff0ca9,0,0
1799,1799,0,16383,0,0,2daf,001c,11695,16383,0,ffff240bffff0ca9,0,0
1800,1800,0,16383,0,0,3a26,001c,14886,16383,0,ffff240bffff0ca9,0,0
1801,1801,0,16383,0,0,3cc0,001c,15552,16383,0,ffff240bffff0ca9,0,0
1802,1802,0,16383,0,0,3fff,001c,16383,16383,0,ffff240bffff0ca9,0,0
1803,1803,0,16383,0,0,3fff,001c,16383,16383,0,ffff240bffff0ca9,0,0
1804,1804,0,16383,0,0,3fff,001c,16383,16383,0,ffff240bffff0ca9,0,0
1805,1805,0,16383,0,0,3f92,001c,16275,16383,0,ffff240bffff0ca9,0,0
1806,1806,0,16383,0,0,37bb,001c,14267,16383,0,ffff240bffff0ca9,0,0
1807,1807,0,16383,0,0,37fb,001c,14331,16383,0,ffff240bffff0ca9,0,0
1808,1808,0,16383,0,0,37f6,001c,14326,16383,0,ffff240bffff0ca9,0,0
1809,1809,0,16383,0,0,36fe,001c,14078,16383,0,ffff240bffff0ca9,0,0
1810,1810,0,16383,0,0,1eee,001c,7918,16383,0,ffff240bffff0ca9,0,0
1811,1811,0,16383,0,0,113d,001c,4397,16383,0,ffff240bffff0ca9,0,0
1812,1812,0,16383,0,0,011e,001c,286,16383,0,ffff240bffff0ca9,0,0
1813,1813,0,16383,0,0,0000,001c,0,16383,0,ffff240bffff0ca9,0,0
1814,1814,0,16383,0,0,0000,001c,0,16383,0,ffff240bffff0ca9,0,0
1815,1815,0,16383,0,0,0000,001c,0,16383,0,ffff240bffff0ca9,0,0
1816,1816,0,16383,0,0,01f8,001c,504,16383,0,ffff240bffff0ca9,0,0
1817,1817,0,16383,0,0,0f25,001c,3877,16383,0,ffff240bffff0ca9,0,0
1818,1818,0,16383,0,0,1ccb,001c,7371,16383,0,ffff240bffff0ca9,0,0
1819,1819,0,16383,0,0,2519,001c,9497,16383,0,ffff240bffff0ca9,0,0
1820,1820,0,16383,0,0,329a,001c,12954,16383,0,ffff240bffff0ca9,0,0
1821,1821,0,16383,0,0,3623,001c,13859,16383,0,ffff240bffff0ca9,0,0
1822,1822,0,16383,0,0,3f49,001c,16201,16383,0,ffff240bffff0ca9,0,0
1823,1823,0,16383,0,0,3fff,001c,16383,16383,0,ffff240bffff0ca9,0,0
1824,1824,0,16383,0,0,3fff,001c,16383,16383,0,ffff240bffff0ca9,0,0
1825,1825,0,16383,0,0,3fff,001c,16383,16383,0,ffff240bffff0ca9,0,0
1826,1826,0,16383,0,0,3d31,001c,15665,16383,0,ffff240bffff0ca9,0,0
1827,1827,0,16383,0,0,3b2a,001c,15146,16383,0,ffff240bffff0ca9,0,0
1828,1828,0,16383,0,0,2ed7,001c,11991,16383,0,ffff240bffff0ca9,0,0
1829,1829,0,16383,0,0,2837,001c,10295,16383,0,ffff240bffff0ca9,0,0
1830,1830,0,16383,0,0,1b67,001c,7015,16383,0,ffff240bffff0ca9,0,0
1831,1831,0,16383,0,0,047f,001c,1151,16383,0,ffff240bffff0ca9,0,0
1832,1832,0,16383,0,0,0000,001c,0,16383,0,ffff240bffff0ca9,0,0
1833,1833,0,16383,0,0,0000,001c,0,16383,0,ffff240bffff0ca9,0,0
1834,1834,0,16383,0,0,0000,001c,0,16383,0,ffff240bffff0ca9,0,0
1835,1835,0,16383,0,0,0000,001c,0,16383,0,ffff240bffff0ca9,0,0
1836,1836,0,16383,0,0,0445,001c,1093,16383,0,ffff240bffff0ca9,0,0
1837,1837,0,16383,0,0,1aeb,001c,6891,16383,0,ffff240bffff0ca9,0,0
1838,1838,0,16383,0,0,23d5,001c,9173,16383,0,ffff240bffff0ca9,0,0
1839,1839,0,16383,0,0,2eb9,001c,11961,16383,0,ffff240bffff0ca9,0,0
1840,1840,0,16383,0,0,3b44,001c,15197,16383,0,ffff240bffff0ca9,0,0
1841,1841,0,16383,0,0,3d52,001c,15702,16383,0,ffff240bffff0ca9,0,0
1842,1842,0,16383,0,0,3fff,001c,16383,16383,0,ffff240bffff0ca9,0,0
1843,1843,0,16383,0,0,3fff,001c,16383,16383,0,ffff240bffff0ca9,0,0
1844,1844,0,16383,0,0,3fff,001c,16383,16383,0,ffff240bffff0ca9,0,0
1845,1845,0,16383,0,0,3fff,001c,16383,16383,0,ffff240bffff0ca9,0,0
1846,1846,0,16383,0,0,3fff,001c,16383,16383,0,ffff240bffff0ca9,0,0
1847,1847,0,16383,0,0,35ff,001c,14327,16383,0,ffff240bffff0ca9,0,0
1848,1848,0,16383,0,0,32ad,001c,12973,16383,0,ffff240bffff0ca9,0,0
1849,1849,0,16383,0,0,3554,001c,9556,16383,0,ffff240bffff0ca9,0,0
1850,1850,0,16383,0,0,1d54,001c,8020,16383,0,ffff240bffff0ca9,0,0
1851,1851,0,16383,0,0,0f6f,001c,3951,16383,0,ffff240bffff0ca9,0,0
1852,1852,0,16383,0,0,0000,001c,0,16383,0,ffff240bffff0ca9,0,0
1853,1853,0,16383,0,0,0000,001c,0,16383,0,ffff240bffff0ca9,0,0
1854,1854,0,16383,0,0,0000,001c,0,16383,0,ffff240bffff0ca9,0,0
1855,1855,0,16383,0,0,0000,001c,0,16383,0,ffff240bffff0ca9,0,0
1856,1856,0,16383,0,0,026a,001c,618,16383,0,ffff240bffff0ca9,0,0
1857,1857,0,16383,0,0,10e6,001c,4326,16383,0,ffff240bffff0ca9,0,0
1858,1858,0,16383,0,0,1e52,001c,7762,16383,0,ffff240bffff0ca9,0,0
1859,1859,0,16383,0,0,265e,001c,9822,16383,0,ffff240bffff0ca9,0,0
1860,1860,0,16383,0,0,339b,001c,13211,16383,0,ffff240bffff0ca9,0,0
1861,1861,0,16383,0,0,36f1,001c,14065,16383,0,ffff240bffff0ca9,0,0
1862,1862,0,16383,0,0,3fe6,001c,16358,16383,0,ffff240bffff0ca9,0,0
1863,1863,0,16383,0,0,3fff,001c,16383,16383,0,ffff240bffff0ca9,0,0
1864,1864,0,16383,0,0,3fff,001c,16383,16383,0,ffff240bffff0ca9,0,0
1865,1865,0,16383,0,0,3fff,001c,16383,16383,0,ffff240bffff0ca9,0,0
1866,1866,0,16383,0,0,3ccc,001c,15564,16383,0,ffff240bffff0ca9,0,0
1867,1867,0,16383,0,0,3a7b,001c,14971,16383,0,ffff240bffff0ca9,0,0
1868,1868,0,16383,0,0,2dc1,001c,11713,16383,0,ffff240bffff0ca9,0,0
1869,1869,0,16383,0,0,22ed,001c,8941,16383,0,ffff240bffff0ca9,0,0
1870,1870,0,16383,0,0,19fa,001c,6650,16383,0,ffff240bffff0ca9,0,0
1871,1871,0,16383,0,0,0aaa,001c,2730,16383,0,ffff240bffff0ca9,0,0
1872,1872,0,16383,0,0,0000,001c,0,16383,0,ffff240bffff0ca9,0,0
1873,1873,0,16383,0,0,0000,001c,0,16383,0,ffff240bffff0ca9,0,0
1874,1874,0,16383,0,0,0000,001c,0,16383,0,ffff240bffff0ca9,0,0
1875,1875,0,16383,0,0,0000,001c,0,16383,0,ffff240bffff0ca9,0,0
1876,1876,0,16383,0,0,062f,001c,1583,16383,0,ffff240bffff0ca9,0,0
1877,1877,0,16383,0,0,1697,001c,5279,16383,0,ffff240bffff0ca9,0,0
1878,1878,0,16383,0,0,3df7,001c,15863,16383,0,ffff240bffff0ca9,0,0
1879,1879,0,16383,0,0,2ff7,001c,12279,16383,0,ffff240bffff0ca9,0,0
1880,1880,0,16383,0,0,3fd5,001c,16341,16383,0,ffff240bffff0ca9,0,0
1881,1881,0,16383,0,0,3e05,001c,15877,16383,0,ffff240bffff0ca9,0,0
1882,1882,0,16383,0,0,3fff,001c,16383,16383,0,ffff240bffff0ca9,0,0
1883,1883,0,16383,0,0,3fff,001c,16383,16383,0,ffff240bffff0ca9,0,0
1884,1884,0,16383,0,0,3fff,001c,16383,16383,0,ffff240bffff0ca9,0,0
1885,1885,0,16383,0,0,3fff,001c,16383,16383,0,ffff240bffff0ca9,0,0
1886,1886,0,16383,0,0,3e9c,001c,16028,16383,0,ffff240bffff0ca9,0,0
1887,1887,0,16383,0,0,356b,001c,13675,16383,0,ffff240bffff0ca9,0,0
1888,1888,0,16383,0,0,31e4,001c,12772,16383,0,ffff240bffff0ca9,0,0
1889,1889,0,16383,0,0,2bc1,001c,11201,16383,0,ffff240bffff0ca9,0,0
1890,1890,0,16383,0,0,17e1,001c,6113,16383,0,ffff240bffff0ca9,0,0
1891,1891,0,16383,0,0,0db2,001c,3506,16383,0,ffff240bffff0ca9,0,0
1892,1892,0,16383,0,0,0000,001c,0,16383,0,ffff240bffff0ca9,0,0
1893,1893,0,16383,0,0,0000,001c,0,16383,0,ffff240bffff0ca9,0,0
1894,1894,0,16383,0,0,0000,001c,0,16383,0,ffff240bffff0ca9,0,0
1895,1895,0,16383,0,0,0000,001c,0,16383,0,ffff240bffff0ca9,0,0
1896,1896,0,16383,0,0,02eb,001c,747,16383,0,ffff240bffff0ca9,0,0
1897,1897,0,16383,0,0,1278,001c,4728,16383,0,ffff240bffff0ca9,0,0
1898,1898,0,16383,0,0,1fc5,001c,8133,16383,0,ffff240bffff0ca9,0,0
1899,1899,0,16383,0,0,27d1,001c,10193,16383,0,ffff240bffff0ca9,0,0
1900,1900,0,16383,0,0,38b2,001c,14514,16383,0,ffff240bffff0ca9,0,0
1901,1901,0,16383,0,0,379f,001c,14239,16383,0,ffff240bffff0ca9,0,0
1902,1902,0,16383,0,0,3fff,001c,16383,16383,0,ffff240bffff0ca9,0,0
1903,1903,0,16383,0,0,3fff,001c,16383,16383,0,ffff240bffff0ca9,0,0
1904,1904,0,16383,0,0,3fff,001c,16383,16383,0,ffff240bffff0ca9,0,0
1905,1905,0,16383,0,0,3fff,001c,16383,16383,0,ffff240bffff0ca9,0,0
1906,1906,0,16383,0,0,37ed,001c,14317,16383,0,ffff240bffff0ca9,0,0
1907,1907,0,16383,0,0,3953,001c,14675,16383,0,ffff240bffff0ca9,0,0
1908,1908,0,16383,0,0,2c7e,001c,11390,16383,0,ffff240bffff0ca9,0,0
1909,1909,0,16383,0,0,216c,001c,8556,16383,0,ffff240bffff0ca9,0,0
1910,1910,0,16383,0,0,1805,001c,6149,16383,0,ffff240bffff0ca9,0,0
1911,1911,0,16383,0,0,086c,001c,2156,16383,0,ffff240bffff0ca9,0,0
1912,1912,0,16383,0,0,0000,001c,8,16383,0,ffff240bffff0ca9,0,0
1913,1913,0,16383,0,0,0000,001c,0,16383,0,ffff240bffff0ca9,0,0
1914,1914,0,16383,0,0,0000,001c,0,16383,0,ffff240bffff0ca9,0,0
1915,1915,0,16383,0,0,0000,001c,0,16383,0,ffff240bffff0ca9,0,0
1916,1916,0,16383,0,0,0c35,001c,3125,16383,0,ffff240bffff0ca9,0,0
1917,1917,0,16383,0,0,1e3f,001c,7743,16383,0,ffff240bffff0ca9,0,0
1918,1918,0,16383,0,0,171f,001c,5663,16383,0,ffff240bffff0ca9,0,0
1919,1919,0,16383,0,0,3b0f,001c,15117,16383,0,ffff240bffff0ca9,0,0
1920,1920,0,16383,0,0,314f,001c,12623,16383,0,ffff240bffff0ca9,0,0
1921,1921,0,16383,0,0,34e0,001c,14048,16383,0,ffff240bffff0ca9,0,0
1922,1922,0,16383,0,0,3e71,001c,15985,16383,0,ffff240bffff0ca9,0,0
1923,1923,0,16383,0,0,3fff,001c,16383,16383,0,ffff240bffff0ca9,0,0
1924,1924,0,16383,0,0,3fff,001c,16383,16383,0,ffff240bffff0ca9,0,0
1925,1925,0,16383,0,0,3fff,001c,16383,16383,0,ffff240bffff0ca9,0,0
1926,1926,0,16383,0,0,3e1e,001c,15902,16383,0,ffff240bffff0ca9,0,0
1927,1927,0,16383,0,0,3480,001c,13440,16383,0,ffff240bffff0ca9,0,0
1928,1928,0,16383,0,0,30ab,001c,12459,16383,0,ffff240bffff0ca9,0,0
1929,1929,0,16383,0,0,2a90,001c,10896,16383,0,ffff240bffff0ca9,0,0
1930,1930,0,16383,0,0,1640,001c,5696,16383,0,ffff240bffff0ca9,0,0
1931,1931,0,16383,0,0,07a7,001c,1959,16383,0,ffff240bffff0ca9,0,0
1932,1932,0,16383,0,0,0000,001c,0,16383,0,ffff240bffff0ca9,0,0
1933,1933,0,16383,0,0,0000,001c,0,16383,0,ffff240bffff0ca9,0,0
1934,1934,0,16383,0,0,0000,001c,0,16383,0,ffff240bffff0ca9,0,0
1935,1935,0,16383,0,0,0000,001c,0,16383,0,ffff240bffff0ca9,0,0
1936,1936,0,16383,0,0,08c5,001c,2245,16383,0,ffff240bffff0ca9,0,0
1937,1937,0,16383,0,0,1827,001c,6183,16383,0,ffff240bffff0ca9,0,0
1938,1938,0,16383,0,0,2165,001c,8549,16383,0,ffff240bffff0ca9,0,0
1939,1939,0,16383,0,0,2cd0,001c,11472,16383,0,ffff240bffff0ca9,0,0
1940,1940,0,16383,0,0,39ac,001c,14764,16383,0,ffff240bffff0ca9,0,0
1941,1941,0,16383,0,0,3c1d,001c,15389,16383,0,ffff240bffff0ca9,0,0
1942,1942,0,16383,0,0,3fff,001c,16383,16383,0,ffff240bffff0ca9,0,0
1943,1943,0,16383,0,0,3fff,001c,16383,16383,0,ffff240bffff0ca9,0,0
1944,1944,0,16383,0,0,3fff,001c,16383,16383,0,ffff240bffff0ca9,0,0
1945,1945,0,16383,0,0,3fff,001c,16383,16383,0,ffff240bffff0ca9,0,0
1946,1946,0,16383,0,0,3762,001c,14178,16383,0,ffff240bffff0ca9,0,0
1947,1947,0,16383,0,0,388d,001c,14479,16383,0,ffff240bffff0ca9,0,0
1948,1948,0,16383,0,0,2757,001c,10079,16383,0,ffff240bffff0ca9,0,0
1949,1949,0,16383,0,0,1ff7,001c,16375,16383,0,ffff240bffff0ca9,0,0
1950,1950,0,16383,0,0,1fef,001c,8175,16383,0,ffff240bffff0ca9,0,0
1951,1951,0,16383,0,0,126b,001c,4715,16383,0,ffff240bffff0ca9,0,0
1952,1952,0,16383,0,0,0262,001c,610,16383,0,ffff240bffff0ca9,0,0
1953,1953,0,16383,0,0,0000,001c,0,16383,0,ffff240bffff0ca9,0,0
1954,1954,0,16383,0,0,0000,001c,0,16383,0,ffff240bffff0ca9,0,0
1955,1955,0,16383,0,0,0000,001c,0,16383,0,ffff240bffff0ca9,0,0
1956,1956,0,16383,0,0,0c29,001c,3616,16383,0,ffff240bffff0ca9,0,0
1957,1957,0,16383,0,0,0e2b,001c,3627,16383,0,ffff240bffff0ca9,0,0
1958,1958,0,16383,0,0,17bc,001c,6076,16383,0,ffff240bffff0ca9,0,0
1959,1959,0,16383,0,0,241f,001c,9247,16383,0,ffff240bffff0ca9,0,0
1960,1960,0,16383,0,0,31eb,001c,12779,16383,0,ffff240bffff0ca9,0,0
1961,1961,0,16383,0,0,35d1,001c,13777,16383,0,ffff240bffff0ca9,0,0
1962,1962,0,16383,0,0,3ee7,001c,16103,16383,0,ffff240bffff0ca9,0,0
1963,1963,0,16383,0,0,3fff,001c,16383,16383,0,ffff240bffff0ca9,0,0
1964,1964,0,16383,0,0,3fff,001c,16383,16383,0,ffff240bffff0ca9,0,0
1965,1965,0,16383,0,0,3fff,001c,16383,16383,0,ffff240bffff0ca9,0,0
1966,1966,0,16383,0,0,3d73,001c,15731,16383,0,ffff240bffff0ca9,0,0
1967,1967,0,16383,0,0,3b89,001c,15241,16383,0,ffff240bffff0ca9,0,0
1968,1968,0,16383,0,0,2fab,001c,12203,16383,0,ffff240bffff0ca9,0,0
1969,1969,0,16383,0,0,2939,001c,10553,16383,0,ffff240bffff0ca9,0,0
1970,1970,0,16383,0,0,1498,001c,5272,16383,0,ffff240bffff0ca9,0,0
1971,1971,0,16383,0,0,05df,001c,1503,16383,0,ffff240bffff0ca9,0,0
1972,1972,0,16383,0,0,0000,001c,0,16383,0,ffff240bffff0ca9,0,0
1973,1973,0,16383,0,0,0000,001c,0,16383,0,ffff240bffff0ca9,0,0
1974,1974,0,16383,0,0,0000,001c,0,16383,0,ffff240bffff0ca9,0,0
1975,1975,0,16383,0,0,0000,001c,0,16383,0,ffff240bffff0ca9,0,0
1976,1976,0,16383,0,0,0af0,001c,2800,16383,0,ffff240bffff0ca9,0,0
1977,1977,0,16383,0,0,19cd,001c,6605,16383,0,ffff240bffff0ca9,0,0
1978,1978,0,16383,0,0,22cb,001c,8907,16383,0,ffff240bffff0ca9,0,0
1979,1979,0,16383,0,0,2e10,001c,11792,16383,0,ffff240bffff0ca9,0,0
1980,1980,0,16383,0,0,3a7e,001c,14974,16383,0,ffff240bffff0ca9,0,0
1981,1981,0,16383,0,0,3ce2,001c,15586,16383,0,ffff240bffff0ca9,0,0
1982,1982,0,16383,0,0,3fff,001c,16383,16383,0,ffff240bffff0ca9,0,0
1983,1983,0,16383,0,0,3fff,001c,16383,16383,0,ffff240bffff0ca9,0,0
1984,1984,0,16383,0,0,3fff,001c,16383,16383,0,ffff240bffff0ca9,0,0
1985,1985,0,16383,0,0,3f8f,001c,16271,16383,0,ffff240bffff0ca9,0,0
1986,1986,0,16383,0,0,3ffe,001c,16382,16383,0,ffff240bffff0ca9,0,0
1987,1987,0,16383,0,0,37fe,001c,14334,16383,0,ffff240bffff0ca9,0,0
1988,1988,0,16383,0,0,37af,001c,14255,16383,0,ffff240bffff0ca9,0,0
1989,1989,0,16383,0,0,3e6f,001c,15983,16383,0,ffff240bffff0ca9,0,0
1990,1990,0,16383,0,0,1edd,001c,7901,16383,0,ffff240bffff0ca9,0,0
1991,1991,0,16383,0,0,10fd,001c,4349,16383,0,ffff240bffff0ca9,0,0
1992,1992,0,16383,0,0,006c,001c,108,16383,0,ffff240bffff0ca9,0,0
1993,1993,0,16383,0,0,0000,001c,0,16383,0,ffff240bffff0ca9,0,0
1994,1994,0,16383,0,0,0000,001c,0,16383,0,ffff240bffff0ca9,0,0
1995,1995,0,16383,0,0,0000,001c,0,16383,0,ffff240bffff0ca9,0,0
1996,1996,0,16383,0,0,0000,001c,0,16383,0,ffff240bffff0ca9,0,0
1997,1997,0,16383,0,0,0fb0,001c,4016,16383,0,ffff240bffff0ca9,0,0
1998,1998,0,16383,0,0,1d13,001c,7443,16383,0,ffff240bffff0ca9,0,0
1999,1999,0,16383,0,0,257f,001c,9599,16383,0,ffff240bffff0ca9,0,0
2000,2000,0,16383,0,0,3301,001c,13057,16383,0,ffff240bffff0ca9,0,0
2001,2001,0,16383,0,0,3665,001c,13925,16383,0,ffff240bffff0ca9,0,0
2002,2002,0,16383,0,0,3f64,001c,16228,16383,0,ffff240bffff0ca9,0,0
2003,2003,0,16383,0,0,3fff,001c,16383,16383,0,ffff240bffff0ca9,0,0
2004,2004,0,16383,0,0,3fff,001c,16383,16383,0,ffff240bffff0ca9,0,0
2005,2005,0,16383,0,0,3fff,001c,16383,16383,0,ffff240bffff0ca9,0,0
2006,2006,0,16383,0,0,3d06,001c,15622,16383,0,ffff240bffff0ca9,0,0
2007,2007,0,16383,0,0,3ae6,001c,15078,16383,0,ffff240bffff0ca9,0,0
2008,2008,0,16383,0,0,2e69,001c,11881,16383,0,ffff240bffff0ca9,0,0
2009,2009,0,16383,0,0,23d5,001c,9173,16383,0,ffff240bffff0ca9,0,0
2010,2010,0,16383,0,0,1afe,001c,6910,16383,0,ffff240bffff0ca9,0,0
2011,2011,0,16383,0,0,0bd5,001c,3029,16383,0,ffff240bffff0ca9,0,0
2012,2012,0,16383,0,0,0000,001c,0,16383,0,ffff240bffff0ca9,0,0
2013,2013,0,16383,0,0,0000,001c,0,16383,0,ffff240bffff0ca9,0,0
2014,2014,0,16383,0,0,0000,001c,0,16383,0,ffff240bffff0ca9,0,0
2015,2015,0,16383,0,0,0000,001c,0,16383,0,ffff240bffff0ca9,0,0
2016,2016,0,16383,0,0,04f6,001c,1270,16383,0,ffff240bffff0ca9,0,0
2017,2017,0,16383,0,0,1b76,001c,7030,16383,0,ffff240bffff0ca9,0,0
2018,2018,0,16383,0,0,2868,001c,10344,16383,0,ffff240bffff0ca9,0,0
2019,2019,0,16383,0,0,2f1f,001c,12063,16383,0,ffff240bffff0ca9,0,0
2020,2020,0,16383,0,0,3b7f,001c,15231,16383,0,ffff240bffff0ca9,0,0
2021,2021,0,16383,0,0,3fbf,001c,15871,16383,0,ffff240bffff0ca9,0,0
2022,2022,0,16383,0,0,3fff,001c,16383,16383,0,ffff240bffff0ca9,0,0
2023,2023,0,16383,0,0,3fff,001c,16383,16383,0,ffff240bffff0ca9,0,0
2024,2024,0,16383,0,0,3fff,001c,16383,16383,0,ffff240bffff0ca9,0,0
2025,2025,0,16383,0,0,3fff,001c,16383,16383,0,ffff240bffff0ca9,0,0
2026,2026,0,16383,0,0,3ffe,001c,16380,16383,0,ffff240bffff0ca9,0,0
2027,2027,0,16383,0,0,35ea,001c,13802,16383,0,ffff240bffff0ca9,0,0
2028,2028,0,16383,0,0,3280,001c,12928,16383,0,ffff240bffff0ca9,0,0
2029,2029,0,16383,0,0,2493,001c,9363,16383,0,ffff240bffff0ca9,0,0
2030,2030,0,16383,0,0,1cec,001c,7404,16383,0,ffff240bffff0ca9,0,0
2031,2031,0,16383,0,0,0ef7,001c,3831,16383,0,ffff240bffff0ca9,0,0
2032,2032,0,16383,0,0,0000,001c,0,16383,0,ffff240bffff0ca9,0,0
2033,2033,0,16383,0,0,0000,001c,0,16383,0,ffff240bffff0ca9,0,0
2034,2034,0,16383,0,0,0000,001c,0,16383,0,ffff240bffff0ca9,0,0
2035,2035,0,16383,0,0,0000,001c,0,16383,0,ffff240bffff0ca9,0,0
2036,2036,0,16383,0,0,0149,001c,329,16383,0,ffff240bffff0ca9,0,0
2037,2037,0,16383,0,0,1184,001c,4484,16383,0,ffff240bffff0ca9,0,0
2038,2038,0,16383,0,0,1ed2,001c,7890,16383,0,ffff240bffff0ca9,0,0
2039,2039,0,16383,0,0,26ca,001c,9930,16383,0,ffff240bffff0ca9,0,0
2040,2040,0,16383,0,0,33f3,001c,13299,16383,0,ffff240bffff0ca9,0,0
2041,2041,0,16383,0,0,3725,001c,14117,16383,0,ffff240bffff0ca9,0,0
2042,2042,0,16383,0,0,3fff,001c,16383,16383,0,ffff240bffff0ca9,0,0
2043,2043,0,16383,0,0,3fff,001c,16383,16383,0,ffff240bffff0ca9,0,0
2044,2044,0,16383,0,0,3fff,001c,16383,16383,0,ffff240bffff0ca9,0,0
2045,2045,0,16383,0,0,3fff,001c,16383,16383,0,ffff240bffff0ca9,0,0
2046,2046,0,16383,0,0,3c7e,001c,15486,16383,0,ffff240bffff0ca9,0,0
2047,2047,0,16383,0,0,39e5,001c,14821,16383,0,ffff240bffff0ca9,0,0
2048,2048,1,16383,0,0,2d70,001c,11632,16383,0,000000000089876b,0,1
2049,2049,0,16383,0,0,227d,001c,8829,16383,0,ffff919e0000f312,0,1
2050,2050,0,16383,0,0,1956,001c,6486,16383,0,00000784000045d1,0,1
2051,2051,0,16383,0,0,09d4,001c,2516,16383,0,0000151500007839,0,1
2052,2052,0,16383,0,0,0000,001c,0,16383,0,ffffa63800014f46,0,1
2053,2053,0,16383,0,0,0000,001c,0,16383,0,0000295600010bbf,0,1
2054,2054,0,16383,0,0,0000,001c,0,16383,0,ffffceb30000a1ab,0,1
2055,2055,0,16383,0,0,0000,001c,0,16383,0,ffff22ec00011147,0,1
2056,2056,0,16383,0,0,06c4,001c,1732,16383,0,ffff91f9000173c5,0,1
2057,2057,0,16383,0,0,17cd,001c,5453,16383,0,fffff46d00008a4c,0,1
2058,2058,0,16383,0,0,3df9,001c,15865,16383,0,ffff48d600001800,0,1
2059,2059,0,16383,0,0,39fa,001c,14842,16383,0,000003150000a613,0,1
2060,2060,0,16383,0,0,3479,001c,13433,16383,0,ffffcd5e0000d8ac,0,1
2061,2061,0,16383,0,0,3dfd,001c,15869,16383,0,ffff0a1800009624,0,1
2062,2062,0,16383,0,0,3fff,001c,16383,16383,0,ffff7f6000012c24,0,1
2063,2063,0,16383,0,0,3fff,001c,16383,16383,0,ffff88a3000175d2,0,1
2064,2064,0,16383,0,0,3fff,001c,16383,16383,0,ffff9da6000025c0,0,1
2065,2065,0,16383,0,0,3fff,001c,16383,16383,0,000056db00012ee4,0,1
2066,2066,0,16383,0,0,3e79,001c,15993,16383,0,ffff5142ffffd406,0,1
2067,2067,0,16383,0,0,350b,001c,13579,16383,0,ffff76cb00015096,0,1
2068,2068,0,16383,0,0,3157,001c,12631,16383,0,ffffdef00000331a,0,1
2069,2069,0,16383,0,0,2b8f,001c,11151,16383,0,ffff4405000087c0,0,1
2070,2070,0,16383,0,0,1785,001c,6021,16383,0,ffffd3c1ffff93f5,0,1
2071,2071,0,16383,0,0,0cea,001c,3306,16383,0,ffffc4a000013b43,0,1
2072,2072,0,16383,0,0,0000,001c,0,16383,0,fffe9ebe0001122b,0,1
2073,2073,0,16383,0,0,0000,001c,0,16383,0,fffe6872ffffcea2,0,1
2074,2074,0,16383,0,0,0000,001c,0,16383,0,000005ac0000c53b,0,1
2075,2075,0,16383,0,0,0000,001c,0,16383,0,ffff5c46000113e7,0,1
2076,2076,0,16383,0,0,0397,001c,919,16383,0,fffce31f000041b5,0,1
2077,2077,0,16383,0,0,1335,001c,4917,16383,0,ffff36ee000114ca,0,1
2078,2078,0,16383,0,0,2081,001c,8321,16383,0,ffffcbf200011e15,0,1
2079,2079,0,16383,0,0,2c05,001c,11269,16383,0,ffffc0de0000405d,0,1
2080,2080,0,16383,0,0,38e9,001c,14569,16383,0,ffff12a70000bbdb,0,1
2081,2081,0,16383,0,0,37f9,001c,14329,16383,0,fffef6c30000659d,0,1
2082,2082,0,16383,0,0,3fff,001c,16383,16383,0,fffef0aa0001189c,0,1
2083,2083,0,16383,0,0,3fff,001c,16383,16383,0,ffff6257ffff76e8,0,1
2084,2084,0,16383,0,0,3fff,001c,16383,16383,0,ffffd71e000020b3,0,1
2085,2085,0,16383,0,0,3fff,001c,16383,16383,0,fffdcf99fffe3eb8,0,1
2086,2086,0,16383,0,0,37b8,001c,14264,16383,0,fffcbaed000223bc,0,1
2087,2087,0,16383,0,0,391e,001c,14622,16383,0,fffe7368ffffb6ce,0,1
2088,2088,0,16383,0,0,2c35,001c,11317,16383,0,fffe7abeffffbd43,0,1
2089,2089,0,16383,0,0,2100,001c,8448,16383,0,fffe382e00015ec2,0,1
2090,2090,0,16383,0,0,1379,001c,4985,16383,0,fffd88c0fffebcbe,0,1
2091,2091,0,16383,0,0,0812,001c,2075,16383,0,fffede8cffffe4cd,0,1
2092,2092,0,16383,0,0,0012,001c,18,16383,0,ffffe585000217a4,0,1
2093,2093,0,16383,0,0,0000,001c,0,16383,0,fffbb5ad00005ccb,0,1
2094,2094,0,16383,0,0,0000,001c,0,16383,0,fff82f7200025d50,0,1
2095,2095,0,16383,0,0,0000,001c,0,16383,0,fff7b5940001c3b2,0,1
2096,2096,0,16383,0,0,0c9f,001c,3231,16383,0,000014ea0001b10e,0,1
2097,2097,0,16383,0,0,0c9f,001c,3743,16383,0,fff84bccfff89e7b,0,1
2098,2098,0,16383,0,0,1674,001c,5748,16383,0,ffcb71cc000ee974,0,1
2099,2099,0,16383,0,0,3b1a,001c,15130,16383,0,00178967fff4e2d8,0,1
2100,2100,0,16383,0,0,3112,001c,13586,16383,0,001148ea0005e716,0,1
2101,2101,0,16383,0,0,352b,001c,13611,16383,0,00101a7affff9c90,0,1
2102,2102,0,16383,0,0,3ea4,001c,16036,16383,0,000b2d000001097d,0,1
2103,2103,0,16383,0,0,3fff,001c,16383,16383,0,000316f5ffff751d,0,1
2104,2104,0,16383,0,0,3fff,001c,16383,16383,0,0001de8000012483,0,1
2105,2105,0,16383,0,0,3fff,001c,16383,16383,0,0002f442fffeb641,0,1
2106,2106,0,16383,0,0,3de3,001c,15843,16383,0,0005338fffffe441,0,1
2107,2107,0,16383,0,0,3449,001c,13385,16383,0,0004dc1d000212a4,0,1
2108,2108,0,16383,0,0,3097,001c,12439,16383,0,0001e6d00000725e,0,1
2109,2109,0,16383,0,0,2a48,001c,10824,16383,0,000233200001c1be,0,1
2110,2110,0,16383,0,0,157c,001c,5500,16383,0,00037412000107d2,0,1
2111,2111,0,16383,0,0,0704,001c,1796,16383,0,000033f4fffff903,0,1
2112,2112,0,16383,0,0,0000,001c,0,16383,0,00019c5800018fe6,0,1
2113,2113,0,16383,0,0,0000,001c,0,16383,0,0000e5af0001233b,0,1
2114,2114,0,16383,0,0,0000,001c,0,16383,0,000203e90002163e,0,1
2115,2115,0,16383,0,0,0000,001c,0,16383,0,0001a48f0001161d,0,1
2116,2116,0,16383,0,0,098e,001c,2446,16383,0,000205e70000a4bb,0,1
2117,2117,0,16383,0,0,18c8,001c,6344,16383,0,000063cf00005191,0,1
2118,2118,0,16383,0,0,21ea,001c,8682,16383,0,0000a7040000cd22,0,1
2119,2119,0,16383,0,0,2d34,001c,11572,16383,0,00018e610000ac23,0,1
2120,2120,0,16383,0,0,39d1,001c,14801,16383,0,00019b62ffff4663,0,1
2121,2121,0,16383,0,0,3c6d,001c,15469,16383,0,0000090000018ffe,0,1
2122,2122,0,16383,0,0,3fff,001c,16383,16383,0,ffff63470000596f,0,1
2123,2123,0,16383,0,0,3fff,001c,16383,16383,0,000040f400003f1f,0,1
2124,2124,0,16383,0,0,3fff,001c,16383,16383,0,00009e9a0000ffed,0,1
2125,2125,0,16383,0,0,3fe1,001c,16353,16383,0,000038570000b3a7,0,1
2126,2126,0,16383,0,0,36f1,001c,14065,16383,0,0000127200002f87,0,1
2127,2127,0,16383,0,0,3807,001c,14359,16383,0,0000dbdc00008235,0,1
2128,2128,0,16383,0,0,2707,001c,12039,16383,0,ffffc8280000c9e6,0,1
2129,2129,0,16383,0,0,3f7e,001c,16254,16383,0,00010b6c0000b389,0,1
2130,2130,0,16383,0,0,1fff,001c,8191,16383,0,0000597b000080ca,0,1
2131,2131,0,16383,0,0,11bf,001c,4543,16383,0,0000a8f700012b6b,0,1
2132,2132,0,16383,0,0,01bf,001c,447,16383,0,ffffde1300001c93,0,1
2133,2133,0,16383,0,0,0000,001c,0,16383,0,0000b9090000ba51,0,1
2134,2134,0,16383,0,0,0000,001c,0,16383,0,00004fce000044e6,0,1
2135,2135,0,16383,0,0,0000,001c,0,16383,0,000026380000461c,0,1
2136,2136,0,16383,0,0,0000,001c,512,16383,0,fffff2e5000086f7,0,1
2137,2137,0,16383,0,0,0e89,001c,3721,16383,0,fffff710000047ca,0,1
2138,2138,0,16383,0,0,1c27,001c,7207,16383,0,00005a1effffd557,0,1
2139,2139,0,16383,0,0,2491,001c,9361,16383,0,000029670000f601,0,1
2140,2140,0,16383,0,0,3252,001c,12882,16383,0,000004e10000eeb1,0,1
2141,2141,0,16383,0,0,3603,001c,13827,16383,0,fffff484ffffd973,0,1
2142,2142,0,16383,0,0,3f29,001c,16169,16383,0,0000352dffffef40,0,1
2143,2143,0,16383,0,0,3fff,001c,16383,16383,0,0000236000006a6e,0,1
2144,2144,0,16383,0,0,3fff,001c,16383,16383,0,0000ba9f0000e890,0,1
2145,2145,0,16383,0,0,3fff,001c,16383,16383,0,000043e000002205,0,1
2146,2146,0,16383,0,0,3d88,001c,15752,16383,0,ffffeabdfffeb1cb,0,1
2147,2147,0,16383,0,0,3b86,001c,15238,16383,0,ffff5a190000ffb3,0,1
2148,2148,0,16383,0,0,2f39,001c,12089,16383,0,000208840002a814,0,1
2149,2149,0,16383,0,0,28c6,001c,10438,16383,0,fffd7789fffcb856,0,1
2150,2150,0,16383,0,0,142e,001c,5166,16383,0,00011d65fffcf24a,0,1
2151,2151,0,16383,0,0,0535,001c,1333,16383,0,ffff8aeffffee758,0,1
2152,2152,0,16383,0,0,0000,001c,0,16383,0,0000091900001639,0,1
2153,2153,0,16383,0,0,0000,001c,0,16383,0,ffffed4600007b89,0,1
2154,2154,0,16383,0,0,0000,001c,0,16383,0,ffffb905000077a2,0,1
2155,2155,0,16383,0,0,0000,001c,0,16383,0,fffff6f100007a20,0,1
2156,2156,0,16383,0,0,0b89,001c,2953,16383,0,0000799bffffbb7f,0,1
2157,2157,0,16383,0,0,1a65,001c,6757,16383,0,0000980cffff97b7,0,1
2158,2158,0,16383,0,0,237a,001c,9082,16383,0,00002766000089db,0,1
2159,2159,0,16383,0,0,2e5e,001c,11870,16383,0,00006f1600007ce9,0,1
2160,2160,0,16383,0,0,3aea,001c,15082,16383,0,ffffc21400005301,0,1
2161,2161,0,16383,0,0,3d2d,001c,15661,16383,0,ffffa17d00009a75,0,1
2162,2162,0,16383,0,0,3fff,001c,16383,16383,0,00002ee400005620,0,1
2163,2163,0,16383,0,0,3fff,001c,16383,16383,0,00006c9200009f28,0,1
2164,2164,0,16383,0,0,3fff,001c,16383,16383,0,0000159bffffc162,0,1
2165,2165,0,16383,0,0,3fdf,001c,16255,16383,0,000017bd00001930,0,1
2166,2166,0,16383,0,0,3f5f,001c,16223,16383,0,fffefdfb00002a9f,0,1
2167,2167,0,16383,0,0,375e,001c,14174,16383,0,ffffc7aa0000e4fa,0,1
2168,2168,0,16383,0,0,379f,001c,14239,16383,0,ffff8e4d00003be4,0,1
2169,2169,0,16383,0,0,25ff,001c,9695,16383,0,ffffb4e80000025e,0,1
2170,2170,0,16383,0,0,1df8,001c,7672,16383,0,ffffb1ec00003498,0,1
2171,2171,0,16383,0,0,1004,001c,4100,16383,0,0000933900008834,0,1
2172,2172,0,16383,0,0,0000,001c,0,16383,0,ffff588d0000b34b,0,1
2173,2173,0,16383,0,0,0000,001c,0,16383,0,ffff8ffcffffee5c,0,1
2174,2174,0,16383,0,0,0000,001c,0,16383,0,000060c000001675,0,1
2175,2175,0,16383,0,0,0000,001c,0,16383,0,ffffcddc0000708f,0,1
2176,2176,0,16383,0,0,00f6,001c,246,16383,0,ffff6fd9ffffe047,0,1
2177,2177,0,16383,0,0,1057,001c,4183,16383,0,ffffa13600002104,0,1
2178,2178,0,16383,0,0,1dca,001c,7626,16383,0,00000c7efffffcda,0,1
2179,2179,0,16383,0,0,25fd,001c,9725,16383,0,ffffcf85ffffe67d,0,1
2180,2180,0,16383,0,0,336d,001c,13165,16383,0,ffffc36800002b9c,0,1
2181,2181,0,16383,0,0,369b,001c,13979,16383,0,ffffd0d200001656,0,1
2182,2182,0,16383,0,0,3fb0,001c,16304,16383,0,ffffc73a00008d06,0,1
2183,2183,0,16383,0,0,3fff,001c,16383,16383,0,ffffba3f000001d9,0,1
2184,2184,0,16383,0,0,3fff,001c,16383,16383,0,ffffe120000027f3,0,1
2185,2185,0,16383,0,0,3fff,001c,16383,16383,0,fffeebfefffffce1,0,1
2186,2186,0,16383,0,0,3cd6,001c,15574,16383,0,00002a220000c761,0,1
2187,2187,0,16383,0,0,3a95,001c,14997,16383,0,ffffbf7a0000141a,0,1
2188,2188,0,16383,0,0,2e12,001c,11794,16383,0,000034820000621d,0,1
2189,2189,0,16383,0,0,237d,001c,9085,16383,0,0000741d0000337c,0,1
2190,2190,0,16383,0,0,1a94,001c,6804,16383,0,ffff4f79ffffa792,0,1
2191,2191,0,16383,0,0,0b49,001c,2889,16383,0,fffff6f40000a3e8,0,1
2192,2192,0,16383,0,0,0000,001c,0,16383,0,000010f300003300,0,1
2193,2193,0,16383,0,0,0000,001c,0,16383,0,fffee557ffffb348,0,1
2194,2194,0,16383,0,0,0000,001c,0,16383,0,ffffaaf3ffffa6f2,0,1
2195,2195,0,16383,0,0,0000,001c,0,16383,0,0000375700005324,0,1
2196,2196,0,16383,0,0,0584,001c,1412,16383,0,00014e15ffffb047,0,1
2197,2197,0,16383,0,0,1bf6,001c,7158,16383,0,ffffbd91ffffbcf3,0,1
2198,2198,0,16383,0,0,28b2,001c,10418,16383,0,ffffcde300018ca2,0,1
2199,2199,0,16383,0,0,2ffe,001c,12158,16383,0,000181dafffec718,0,1
2200,2200,0,16383,0,0,3fac,001c,16300,16383,0,0000b10d00011420,0,1
2201,2201,0,16383,0,0,3fac,001c,16300,16383,0,ffff7b60ffff8bb8,0,1
2202,2202,0,16383,0,0,3fff,001c,16383,16383,0,ffff63daffff87aa,0,1
2203,2203,0,16383,0,0,3fff,001c,16383,16383,0,fffe4120fffff451,0,1
2204,2204,0,16383,0,0,3fff,001c,16383,16383,0,ffff3f56fffff471,0,1
2205,2205,0,16383,0,0,3fff,001c,16383,16383,0,ffff7494ffffbc6f,0,1
2206,2206,0,16383,0,0,3f6e,001c,16230,16383,0,0000164affffd7cc,0,1
2207,2207,0,16383,0,0,356c,001c,13676,16383,0,ffffbf92000027f1,0,1
2208,2208,0,16383,0,0,3234,001c,12852,16383,0,ffff6244fffffadb,0,1
2209,2209,0,16383,0,0,2484,001c,9348,16383,0,ffffc58e000006a2,0,1
2210,2210,0,16383,0,0,1cae,001c,7342,16383,0,ffff99fd000016b0,0,1
2211,2211,0,16383,0,0,0e5d,001c,3677,16383,0,ffffa08a00000f77,0,1
2212,2212,0,16383,0,0,0000,001c,0,16383,0,fffffa63ffffde3e,0,1
2213,2213,0,16383,0,0,0000,001c,0,16383,0,ffffa538ffffd80e,0,1
2214,2214,0,16383,0,0,0000,001c,0,16383,0,ffffb4e5fffffd4f,0,1
2215,2215,0,16383,0,0,0000,001c,0,16383,0,ffff8ae400000205,0,1
2216,2216,0,16383,0,0,025c,001c,604,16383,0,ffffc27e000013d2,0,1
2217,2217,0,16383,0,0,11ee,001c,4590,16383,0,ffffa71300000980,0,1
2218,2218,0,16383,0,0,1f4d,001c,8013,16383,0,ffffc665ffffe986,0,1
2219,2219,0,16383,0,0,272c,001c,10028,16383,0,ffffde0c00002282,0,1
2220,2220,0,16383,0,0,3845,001c,14405,16383,0,ffffc8fbffffe375,0,1
2221,2221,0,16383,0,0,376f,001c,14191,16383,0,ffffff1effffa881,0,1
2222,2222,0,16383,0,0,3fff,001c,16383,16383,0,ffffe5c2000025d8,0,1
2223,2223,0,16383,0,0,3fff,001c,16383,16383,0,ffffac0300000daf,0,1
2224,2224,0,16383,0,0,3fff,001c,16383,16383,0,ffffcc44000011d8,0,1
2225,2225,0,16383,0,0,3fff,001c,16383,16383,0,ffffe544ffffc60b,0,1
2226,2226,0,16383,0,0,3c17,001c,15383,16383,0,ffffdd2a000003c8,0,1
2227,2227,0,16383,0,0,399b,001c,14747,16383,0,0000170400000dad,0,1
2228,2228,0,16383,0,0,2cd5,001c,11477,16383,0,ffff906ffffff96a,0,1
2229,2229,0,16383,0,0,2207,001c,8711,16383,0,00000380ffffa6d3,0,1
2230,2230,0,16383,0,0,1885,001c,6277,16383,0,fffff564ffffbd5f,0,1
2231,2231,0,16383,0,0,08fd,001c,2301,16383,0,fffff905ffffca16,0,1
2232,2232,0,16383,0,0,0000,001c,0,16383,0,ffffe44cffffddad,0,1
2233,2233,0,16383,0,0,0000,001c,0,16383,0,ffffc998ffffb482,0,1
2234,2234,0,16383,0,0,0000,001c,0,16383,0,ffffd596ffff9f9a,0,1
2235,2235,0,16383,0,0,0000,001c,0,16383,0,fffff337000054e2,0,1
2236,2236,0,16383,0,0,0799,001c,1945,16383,0,000005ddffffc0f5,0,1
2237,2237,0,16383,0,0,179b,001c,6043,16383,0,fffffee9ffffae9a,0,1
2238,2238,0,16383,0,0,3dfb,001c,14299,16383,0,00000f05ffff4ba2,0,1
2239,2239,0,16383,0,0,2a6e,001c,10862,16383,0,fffff0b2ffffbb95,0,1
2240,2240,0,16383,0,0,34bc,001c,13500,16383,0,ffff8b09000055e8,0,1
2241,2241,0,16383,0,0,369c,001c,13980,16383,0,ffffe7adffff69a1,0,1
2242,2242,0,16383,0,0,3eeb,001c,16099,16383,0,ffffdb9cffff924d,0,1
2243,2243,0,16383,0,0,3fff,001c,16383,16383,0,ffffb60800005982,0,1
2244,2244,0,16383,0,0,3fff,001c,16383,16383,0,00001075ffffe488,0,1
2245,2245,0,16383,0,0,3fff,001c,16383,16383,0,ffffdce0ffff56a3,0,1
2246,2246,0,16383,0,0,3e5f,001c,15967,16383,0,ffff535afffeeba3,0,1
2247,2247,0,16383,0,0,34a9,001c,13481,16383,0,000029ce0000bea9,0,1
2248,2248,0,16383,0,0,30f1,001c,12529,16383,0,000092c4fffff3cd,0,1
2249,2249,0,16383,0,0,2afd,001c,11005,16383,0,fffebf3fffffc427,0,1
2250,2250,0,16383,0,0,16d3,001c,5843,16383,0,0000b013ffff8983,0,1
2251,2251,0,16383,0,0,0c46,001c,3142,16383,0,ffffc16600011367,0,1
2252,2252,0,16383,0,0,0000,001c,0,16383,0,ffffd20700006349,0,1
2253,2253,0,16383,0,0,0000,001c,0,16383,0,ffffe07200012219,0,1
2254,2254,0,16383,0,0,0000,001c,0,16383,0,fffffdb300002480,0,1
2255,2255,0,16383,0,0,0000,001c,0,16383,0,000038f0ffffac8e,0,1
2256,2256,0,16383,0,0,084c,001c,2124,16383,0,fffff322ffff715a,0,1
2257,2257,0,16383,0,0,13ab,001c,5035,16383,0,fffff765ffffe43f,0,1
2258,2258,0,16383,0,0,20d6,001c,8406,16383,0,ffffe52c0000516e,0,1
2259,2259,0,16383,0,0,2c62,001c,11362,16383,0,ffffc441ffffa818,0,1
2260,2260,0,16383,0,0,393b,001c,14651,16383,0,ffffc7afffffb9c0,0,1
2261,2261,0,16383,0,0,37fb,001c,14331,16383,0,00001418fffff824,0,1
2262,2262,0,16383,0,0,3fff,001c,16383,16383,0,fffff9aaffffc8b5,0,1
2263,2263,0,16383,0,0,3fff,001c,16383,16383,0,0000464dffffc174,0,1
2264,2264,0,16383,0,0,3fff,001c,16383,16383,0,ffffc58affffc64f,0,1
2265,2265,0,16383,0,0,3fff,001c,16383,16383,0,fffff21affffb885,0,1
2266,2266,0,16383,0,0,3752,001c,14162,16383,0,ffffbfb9ffffbda0,0,1
2267,2267,0,16383,0,0,38db,001c,14555,16383,0,0000366efffffd10,0,1
2268,2268,0,16383,0,0,27cc,001c,10188,16383,0,000023eeffffcd3c,0,1
2269,2269,0,16383,0,0,2057,001c,8279,16383,0,ffffefc4ffff7145,0,1
2270,2270,0,16383,0,0,12c6,001c,4823,16383,0,00002994ffffc9c3,0,1
2271,2271,0,16383,0,0,03bc,001c,828,16383,0,00003361ffff8f2e,0,1
2272,2272,0,16383,0,0,0338,001c,824,16383,0,0000143800000953,0,1
2273,2273,0,16383,0,0,0000,001c,0,16383,0,ffffac32ffffa167,0,1
2274,2274,0,16383,0,0,0000,001c,0,16383,0,ffffede5ffffe808,0,1
2275,2275,0,16383,0,0,0000,001c,0,16383,0,000063c5ffffa4ae,0,1
2276,2276,0,16383,0,0,0d64,001c,3428,16383,0,00003d12ffffb56a,0,1
2277,2277,0,16383,0,0,1f64,001c,8036,16383,0,00003e4e00002804,0,1
2278,2278,0,16383,0,0,1760,001c,6112,16383,0,000018fbffff7553,0,1
2279,2279,0,16383,0,0,2be4,001c,11236,16383,0,00008f9200002c9b,0,1
2280,2280,0,16383,0,0,319d,001c,12701,16383,0,00003b59000020d2,0,1
2281,2281,0,16383,0,0,354d,001c,13645,16383,0,0000412effff9c7c,0,1
2282,2282,0,16383,0,0,3ecd,001c,16077,16383,0,ffffd9c2ffffef23,0,1
2283,2283,0,16383,0,0,3fff,001c,16383,16383,0,ffffb00cfffff125,0,1
2284,2284,0,16383,0,0,3fff,001c,16383,16383,0,ffffd8df00002a4e,0,1
2285,2285,0,16383,0,0,3fff,001c,16383,16383,0,000002f6ffffb15f,0,1
2286,2286,0,16383,0,0,3dd6,001c,15830,16383,0,00003aa9ffffc9a0,0,1
2287,2287,0,16383,0,0,3be5,001c,15333,16383,0,0000283300001bf6,0,1
2288,2288,0,16383,0,0,2fe0,001c,12256,16383,0,ffffe0b0fffff875,0,1
2289,2289,0,16383,0,0,29ba,001c,10682,16383,0,fffff653ffff9658,0,1
2290,2290,0,16383,0,0,1520,001c,5408,16383,0,fffffb8800001357,0,1
2291,2291,0,16383,0,0,0674,001c,1652,16383,0,00004dffffffd840,0,1
2292,2292,0,16383,0,0,0000,001c,0,16383,0,0000199cffffe239,0,1
2293,2293,0,16383,0,0,0000,001c,0,16383,0,000060e000004dee,0,1
2294,2294,0,16383,0,0,0000,001c,0,16383,0,00002655ffffa8cb,0,1
2295,2295,0,16383,0,0,0000,001c,0,16383,0,00003aca00004438,0,1
2296,2296,0,16383,0,0,0a31,001c,2609,16383,0,ffffe148000066fb,0,1
2297,2297,0,16383,0,0,1940,001c,6464,16383,0,0000b140ffff5819,0,1
2298,2298,0,16383,0,0,22a7,001c,8871,16383,0,ffffed10ffff8c7d,0,1
2299,2299,0,16383,0,0,2ddf,001c,11743,16383,0,00001f9100000b29,0,1
2300,2300,0,16383,0,0,3a50,001c,14928,16383,0,ffff5b84ffff3500,0,1
2301,2301,0,16383,0,0,3cc7,001c,15559,16383,0,0000f96fffffd0a6,0,1
2302,2302,0,16383,0,0,3fff,001c,16383,16383,0,00003c71000006fe,0,1
2303,2303,0,16383,0,0,3fff,001c,16383,16383,0,0000243affff8651,0,1
2304,2304,0,16383,0,0,3fff,001c,16383,16383,0,ffff916effffce15,0,1
2305,2305,0,16383,0,0,3fc9,001c,16329,16383,0,ffffb448ffff84ea,0,1
2306,2306,0,16383,0,0,36e1,001c,14057,16383,0,ffff6caeffffd123,0,1
2307,2307,0,16383,0,0,379d,001c,13245,16383,0,00002882ffffe4d6,0,1
2308,2308,0,16383,0,0,37df,001c,14303,16383,0,00005b74ffffda08,0,1
2309,2309,0,16383,0,0,3eff,001c,16127,16383,0,ffffdd540000056d,0,1
2310,2310,0,16383,0,0,1ffd,001c,8189,16383,0,00001ae5fffff4e3,0,1
2311,2311,0,16383,0,0,113d,001c,4413,16383,0,ffffcafbffffe02e,0,1
2312,2312,0,16383,0,0,0134,001c,308,16383,0,fffff1a1ffffbc2b,0,1
2313,2313,0,16383,0,0,0000,001c,0,16383,0,ffffe998ffff738f,0,1
2314,2314,0,16383,0,0,0000,001c,0,16383,0,0000221fffffb553,0,1
2315,2315,0,16383,0,0,0040,001c,192,16383,0,ffffe35600002eee,0,1
2316,2316,0,16383,0,0,01ef,001c,495,16383,0,000038880000293e,0,1
2317,2317,0,16383,0,0,0f15,001c,3861,16383,0,ffffe7beffff2daa,0,1
2318,2318,0,16383,0,0,1cb0,001c,7344,16383,0,ffffd90affff67e8,0,1
2319,2319,0,16383,0,0,2503,001c,9475,16383,0,ffffe75400002385,0,1
2320,2320,0,16383,0,0,32c8,001c,13000,16383,0,00002062ffffd71e,0,1
2321,2321,0,16383,0,0,363f,001c,13887,16383,0,ffffee19ffffab06,0,1
2322,2322,0,16383,0,0,3f55,001c,16213,16383,0,000089fafffff50e,0,1
2323,2323,0,16383,0,0,3fff,001c,16383,16383,0,ffffbd3500005c7a,0,1
2324,2324,0,16383,0,0,3fff,001c,16383,16383,0,0000419fffff9fbb,0,1
2325,2325,0,16383,0,0,3fff,001c,16383,16383,0,000007b5ffffc2a2,0,1
2326,2326,0,16383,0,0,3d3e,001c,15678,16383,0,000065ddffffb2af,0,1
2327,2327,0,16383,0,0,3b23,001c,15139,16383,0,000090ceffffb481,0,1
2328,2328,0,16383,0,0,2ee5,001c,12005,16383,0,00003bb2ffffe4cf,0,1
2329,2329,0,16383,0,0,280a,001c,10250,16383,0,00002e94ffffd276,0,1
2330,2330,0,16383,0,0,1b5f,001c,7007,16383,0,ffffe7d200002aff,0,1
2331,2331,0,16383,0,0,0483,001c,1155,16383,0,00004dbefffffb7b,0,1
2332,2332,0,16383,0,0,0000,001c,0,16383,0,0000610a00001ece,0,1
2333,2333,0,16383,0,0,0000,001c,0,16383,0,000023a60000336c,0,1
2334,2334,0,16383,0,0,0000,001c,0,16383,0,fffff593000027b6,0,1
2335,2335,0,16383,0,0,0000,001c,0,16383,0,00003de100002b34,0,1
2336,2336,0,16383,0,0,0480,001c,1152,16383,0,ffffd96cffffd264,0,1
2337,2337,0,16383,0,0,1b0f,001c,6927,16383,0,00003e0affffddc2,0,1
2338,2338,0,16383,0,0,2818,001c,10264,16383,0,ffffca790000155d,0,1
2339,2339,0,16383,0,0,2ebe,001c,11966,16383,0,fffffac000006f15,0,1
2340,2340,0,16383,0,0,3b4a,001c,15178,16383,0,000035ce00002e81,0,1
2341,2341,0,16383,0,0,3d6f,001c,15727,16383,0,00003520ffffdfd5,0,1
2342,2342,0,16383,0,0,3fff,001c,16383,16383,0,00003c4900001006,0,1
2343,2343,0,16383,0,0,3fff,001c,16383,16383,0,00004fecfffff754,0,1
2344,2344,0,16383,0,0,3fff,001c,16383,16383,0,ffffe52bffffea7a,0,1
2345,2345,0,16383,0,0,3f3f,001c,16191,16383,0,00004d03ffffced1,0,1
2346,2346,0,16383,0,0,3fff,001c,16383,16383,0,0000377100004a5d,0,1
2347,2347,0,16383,0,0,37f7,001c,14327,16383,0,ffffbfaa00003c01,0,1
2348,2348,0,16383,0,0,32e2,001c,13026,16383,0,ffffcd9f00002e04,0,1
2349,2349,0,16383,0,0,257c,001c,9588,16383,0,fffffef500001e2f,0,1
2350,2350,0,16383,0,0,1d7c,001c,8060,16383,0,00002333000032ff,0,1
2351,2351,0,16383,0,0,0f47,001c,3911,16383,0,00001d12ffffb0ce,0,1
2352,2352,0,16383,0,0,0000,001c,0,16383,0,00003f38ffffc21a,0,1
2353,2353,0,16383,0,0,0000,001c,0,16383,0,ffffe52700005808,0,1
2354,2354,0,16383,0,0,0000,001c,0,16383,0,0000122bfffff37f,0,1
2355,2355,0,16383,0,0,0000,001c,0,16383,0,000033f80000237f,0,1
2356,2356,0,16383,0,0,0261,001c,609,16383,0,0000735a000017f8,0,1
2357,2357,0,16383,0,0,10a7,001c,4263,16383,0,fffff0f0ffffa2fa,0,1
2358,2358,0,16383,0,0,1e4d,001c,7757,16383,0,00005f41ffffbd56,0,1
2359,2359,0,16383,0,0,2661,001c,9825,16383,0,0000223300000a0d,0,1
2360,2360,0,16383,0,0,33b2,001c,13234,16383,0,00005d1e0000167f,0,1
2361,2361,0,16383,0,0,36fd,001c,14077,16383,0,0000163900000140,0,1
2362,2362,0,16383,0,0,3fb4,001c,16308,16383,0,ffffa92dffffe767,0,1
2363,2363,0,16383,0,0,3fff,001c,16383,16383,0,fffffb4000007ae1,0,1
2364,2364,0,16383,0,0,3fff,001c,16383,16383,0,fffff0ac00000da0,0,1
2365,2365,0,16383,0,0,3fff,001c,16383,16383,0,00001a5f000000c3,0,1
2366,2366,0,16383,0,0,3c9d,001c,15517,16383,0,000010c900001245,0,1
2367,2367,0,16383,0,0,3a28,001c,14888,16383,0,ffffde8b000099ea,0,1
2368,2368,0,16383,0,0,2dc3,001c,11715,16383,0,000023a6ffffc63a,0,1
2369,2369,0,16383,0,0,2316,001c,8982,16383,0,ffff9d09ffffdff7,0,1
2370,2370,0,16383,0,0,19f5,001c,6645,16383,0,00007226ffffbe95,0,1
2371,2371,0,16383,0,0,0a8f,001c,2703,16383,0,00009f1bffffa121,0,1
2372,2372,0,16383,0,0,0000,001c,0,16383,0,000070c80000548a,0,1
2373,2373,0,16383,0,0,0000,001c,0,16383,0,0000082f000047f5,0,1
2374,2374,0,16383,0,0,0000,001c,0,16383,0,000016270000972d,0,1
2375,2375,0,16383,0,0,0000,001c,0,16383,0,00001931fffffe17,0,1
2376,2376,0,16383,0,0,064e,001c,1614,16383,0,000086c00000634d,0,1
2377,2377,0,16383,0,0,1475,001c,5247,16383,0,fffff59a000093f2,0,1
2378,2378,0,16383,0,0,297f,001c,10623,16383,0,000007430000287f,0,1
2379,2379,0,16383,0,0,2fef,001c,12271,16383,0,00004590ffffd821,0,1
2380,2380,0,16383,0,0,3ffd,001c,16365,16383,0,ffffe89400002e73,0,1
2381,2381,0,16383,0,0,3dfd,001c,15869,16383,0,00004caaffffc982,0,1
2382,2382,0,16383,0,0,3fff,001c,16383,16383,0,ffff9736000024d9,0,1
2383,2383,0,16383,0,0,3fff,001c,16383,16383,0,00003866000054cb,0,1
2384,2384,0,16383,0,0,3fff,001c,16383,16383,0,000055ebfffffead,0,1
2385,2385,0,16383,0,0,3fff,001c,16383,16383,0,ffffe133ffffba2a,0,1
2386,2386,0,16383,0,0,3ec0,001c,16064,16383,0,00004025ffffd60c,0,1
2387,2387,0,16383,0,0,3541,001c,13633,16383,0,00003bd9ffff8c4b,0,1
2388,2388,0,16383,0,0,31e4,001c,12772,16383,0,00001da3ffffec2f,0,1
2389,2389,0,16383,0,0,2bda,001c,11226,16383,0,0000200a00002dc0,0,1
2390,2390,0,16383,0,0,17c2,001c,6082,16383,0,000056bdfffff9d5,0,1
2391,2391,0,16383,0,0,0d80,001c,3456,16383,0,00001e2effffcb6e,0,1
2392,2392,0,16383,0,0,0000,001c,0,16383,0,00001b32ffffeca6,0,1
2393,2393,0,16383,0,0,0000,001c,0,16383,0,000035e3fffff055,0,1
2394,2394,0,16383,0,0,0000,001c,0,16383,0,ffffc54bffffc55c,0,1
2395,2395,0,16383,0,0,0000,001c,0,16383,0,00001135ffffcb8b,0,1
2396,2396,0,16383,0,0,02b0,001c,688,16383,0,000002c900002c6f,0,1
2397,2397,0,16383,0,0,12ad,001c,4781,16383,0,00003c9400000ae5,0,1
2398,2398,0,16383,0,0,1fda,001c,8154,16383,0,ffffef0000003b0b,0,1
2399,2399,0,16383,0,0,27a9,001c,10153,16383,0,ffffc0d8ffffc812,0,1
2400,2400,0,16383,0,0,3887,001c,14471,16383,0,fffff5b70000163a,0,1
2401,2401,0,16383,0,0,3781,001c,14209,16383,0,00002a8300003588,0,1
2402,2402,0,16383,0,0,3fff,001c,16383,16383,0,00001a48000014d8,0,1
2403,2403,0,16383,0,0,3fff,001c,16383,16383,0,ffffd6df00000eb7,0,1
2404,2404,0,16383,0,0,3fff,001c,16383,16383,0,00001f5100004af9,0,1
2405,2405,0,16383,0,0,3fff,001c,16383,16383,0,000041d5ffffceca,0,1
2406,2406,0,16383,0,0,37ef,001c,14319,16383,0,ffffe0a40000691b,0,1
2407,2407,0,16383,0,0,3952,001c,14674,16383,0,000029b100006bea,0,1
2408,2408,0,16383,0,0,2c7b,001c,11387,16383,0,000031d900008353,0,1
2409,2409,0,16383,0,0,2165,001c,8549,16383,0,ffffe233ffffeafe,0,1
2410,2410,0,16383,0,0,182c,001c,6188,16383,0,0000320700001f06,0,1
2411,2411,0,16383,0,0,0883,001c,2179,16383,0,0000092b00005bf2,0,1
2412,2412,0,16383,0,0,0000,001c,0,16383,0,ffffd66500002cab,0,1
2413,2413,0,16383,0,0,0000,001c,0,16383,0,ffffcdbc000000b7,0,1
2414,2414,0,16383,0,0,0000,001c,0,16383,0,ffffaa14ffffc7c9,0,1
2415,2415,0,16383,0,0,0000,001c,0,16383,0,fffffbdb00004a28,0,1
2416,2416,0,16383,0,0,0c11,001c,3089,16383,0,0000107700003916,0,1
2417,2417,0,16383,0,0,1e1f,001c,7711,16383,0,00002755ffffe0bf,0,1
2418,2418,0,16383,0,0,16df,001c,5855,16383,0,ffffe9feffffcf32,0,1
2419,2419,0,16383,0,0,3af7,001c,15095,16383,0,0000202000002918,0,1
2420,2420,0,16383,0,0,34f7,001c,13559,16383,0,000029e0ffffa7ef,0,1
2421,2421,0,16383,0,0,3efe,001c,16102,16383,0,ffffef7f000000d4,0,1
2422,2422,0,16383,0,0,3e7e,001c,16126,16383,0,fffff8e0ffffbcd2,0,1
2423,2423,0,16383,0,0,3fff,001c,16383,16383,0,fffff8a2000049ee,0,1
2424,2424,0,16383,0,0,3fff,001c,16383,16383,0,00002b8dffffebf6,0,1
2425,2425,0,16383,0,0,3fff,001c,16383,16383,0,ffffd44500002b61,0,1
2426,2426,0,16383,0,0,3e34,001c,15924,16383,0,00000490000025f8,0,1
2427,2427,0,16383,0,0,3482,001c,13442,16383,0,00001773000018ce,0,1
2428,2428,0,16383,0,0,30a3,001c,12451,16383,0,00000301ffffe9b9,0,1
2429,2429,0,16383,0,0,2a9f,001c,10911,16383,0,fffff89900001f95,0,1
2430,2430,0,16383,0,0,1639,001c,5689,16383,0,fffffa2200004cdd,0,1
2431,2431,0,16383,0,0,0798,001c,1944,16383,0,ffff9c5effffd895,0,1
2432,2432,0,16383,0,0,0000,001c,0,16383,0,fffff83e0000094e,0,1
2433,2433,0,16383,0,0,0000,001c,0,16383,0,00001628000031d4,0,1
2434,2434,0,16383,0,0,0000,001c,0,16383,0,000009d5fffff59b,0,1
2435,2435,0,16383,0,0,0000,001c,0,16383,0,ffff5a38fffffac0,0,1
2436,2436,0,16383,0,0,08f9,001c,2297,16383,0,ffffdddcffff6aa2,0,1
2437,2437,0,16383,0,0,1829,001c,6185,16383,0,ffffb193000010d9,0,1
2438,2438,0,16383,0,0,2174,001c,8564,16383,0,000054ce00008c74,0,1
2439,2439,0,16383,0,0,2ce6,001c,11494,16383,0,fffff089ffffd0d5,0,1
2440,2440,0,16383,0,0,39ac,001c,14764,16383,0,ffffa92700001be8,0,1
2441,2441,0,16383,0,0,3c6c,001c,15468,16383,0,00002623000045a2,0,1
2442,2442,0,16383,0,0,3fff,001c,16383,16383,0,ffffc9d200002031,0,1
2443,2443,0,16383,0,0,3fff,001c,16383,16383,0,00000657ffffe1fb,0,1
2444,2444,0,16383,0,0,3fff,001c,16383,16383,0,ffffb63f0000578c,0,1
2445,2445,0,16383,0,0,3ff5,001c,16373,16383,0,00004222ffffec93,0,1
2446,2446,0,16383,0,0,3744,001c,14148,16383,0,000075dc00000f2d,0,1
2447,2447,0,16383,0,0,3872,001c,14450,16383,0,ffffb1c200005ca6,0,1
2448,2448,0,16383,0,0,273b,001c,10043,16383,0,00006584ffffcacb,0,1
2449,2449,0,16383,0,0,200b,001c,8219,16383,0,00000ba300006e46,0,1
2450,2450,0,16383,0,0,126b,001c,4715,16383,0,000026aa000062e5,0,1
2451,2451,0,16383,0,0,127e,001c,638,16383,0,00003e15ffffd200,0,1
2452,2452,0,16383,0,0,0276,001c,630,16383,0,00001f40ffffe2be,0,1
2453,2453,0,16383,0,0,0000,001c,0,16383,0,ffff7d34000036f4,0,1
2454,2454,0,16383,0,0,0000,001c,0,16383,0,0000134cffffa515,0,1
2455,2455,0,16383,0,0,0000,001c,0,16383,0,000063790000463d,0,1
2456,2456,0,16383,0,0,0e0f,001c,3597,16383,0,00001ddfffff52ee,0,1
2457,2457,0,16383,0,0,0e2f,001c,3599,16383,0,ffff7066ffffb394,0,1
2458,2458,0,16383,0,0,17ac,001c,6060,16383,0,ffffe801ffffc22d,0,1
2459,2459,0,16383,0,0,2442,001c,9282,16383,0,ffffffd80000d62b,0,1
2460,2460,0,16383,0,0,31d9,001c,12761,16383,0,ffffbd9400001f31,0,1
2461,2461,0,16383,0,0,35b4,001c,13748,16383,0,ffffc217000062b2,0,1
2462,2462,0,16383,0,0,3f0e,001c,16142,16383,0,ffffe5d20000273e,0,1
2463,2463,0,16383,0,0,3fff,001c,16383,16383,0,00004a8700002da4,0,1
2464,2464,0,16383,0,0,3fff,001c,16383,16383,0,ffffb480fffff9ff,0,1
2465,2465,0,16383,0,0,3fff,001c,16383,16383,0,0000513bffffbead,0,1
2466,2466,0,16383,0,0,3db1,001c,15793,16383,0,ffffd429fffff084,0,1
2467,2467,0,16383,0,0,3bc1,001c,15297,16383,0,fffff821ffffbd30,0,1
2468,2468,0,16383,0,0,2faa,001c,12202,16383,0,ffff71a5ffff5d92,0,1
2469,2469,0,16383,0,0,293e,001c,10558,16383,0,00001cd800006690,0,1
2470,2470,0,16383,0,0,14b4,001c,5300,16383,0,00005158ffffeaf4,0,1
2471,2471,0,16383,0,0,05ef,001c,1519,16383,0,00006605ffffface,0,1
2472,2472,0,16383,0,0,0000,001c,0,16383,0,ffffe94600009a82,0,1
2473,2473,0,16383,0,0,0000,001c,0,16383,0,ffff8b31000069e4,0,1
2474,2474,0,16383,0,0,0000,001c,0,16383,0,ffffcdf90000013c,0,1
2475,2475,0,16383,0,0,0000,001c,0,16383,0,ffff4befffffaeb9,0,1
2476,2476,0,16383,0,0,0ae5,001c,2789,16383,0,000010e4ffff8178,0,1
2477,2477,0,16383,0,0,19b0,001c,6576,16383,0,ffffe56100002338,0,1
2478,2478,0,16383,0,0,22d3,001c,8915,16383,0,ffffbbd7ffff70c1,0,1
2479,2479,0,16383,0,0,2e05,001c,11781,16383,0,ffff6affffffe897,0,1
2480,2480,0,16383,0,0,3a9c,001c,15004,16383,0,ffffcf9400001300,0,1
2481,2481,0,16383,0,0,3cf4,001c,15604,16383,0,ffffb9efffffb244,0,1
2482,2482,0,16383,0,0,3fff,001c,16383,16383,0,ffffa81b0000f0c5,0,1
2483,2483,0,16383,0,0,3fff,001c,16383,16383,0,00005b5bffffabb2,0,1
2484,2484,0,16383,0,0,3fff,001c,16383,16383,0,ffffb370ffffd10f,0,1
2485,2485,0,16383,0,0,3fa1,001c,16307,16383,0,ffffca5fffffea90,0,1
2486,2486,0,16383,0,0,3787,001c,14247,16383,0,00000e7fffffbd5a,0,1
2487,2487,0,16383,0,0,37de,001c,14302,16383,0,ffffdd34000054c3,0,1
2488,2488,0,16383,0,0,375e,001c,14174,16383,0,fffff13800006a41,0,1
2489,2489,0,16383,0,0,3e8e,001c,16014,16383,0,fffff9740000767c,0,1
2490,2490,0,16383,0,0,1e9a,001c,7834,16383,0,ffffb89a00002498,0,1
2491,2491,0,16383,0,0,10f2,001c,4338,16383,0,00001d720000280d,0,1
2492,2492,0,16383,0,0,0072,001c,114,16383,0,ffffd471ffffc4c9,0,1
2493,2493,0,16383,0,0,0000,001c,0,16383,0,fffff71f000019fe,0,1
2494,2494,0,16383,0,0,0000,001c,0,16383,0,ffffd01f0000477a,0,1
2495,2495,0,16383,0,0,0000,001c,0,16383,0,ffffdaaf00004c7e,0,1
2496,2496,0,16383,0,0,0000,001c,0,16383,0,ffffd5dd0000590a,0,1
2497,2497,0,16383,0,0,0fbf,001c,4031,16383,0,ffffb87500005aad,0,1
2498,2498,0,16383,0,0,1d48,001c,7496,16383,0,ffffd287fffff30c,0,1
2499,2499,0,16383,0,0,258b,001c,9611,16383,0,ffffa4f800000fb4,0,1
2500,2500,0,16383,0,0,3328,001c,13096,16383,0,ffffebc6fffff853,0,1
2501,2501,0,16383,0,0,3692,001c,13970,16383,0,ffffd6b20000275d,0,1
2502,2502,0,16383,0,0,3f74,001c,16244,16383,0,ffffca27ffffd8b0,0,1
2503,2503,0,16383,0,0,3fff,001c,16383,16383,0,ffffbac2ffffcb61,0,1
2504,2504,0,16383,0,0,3fff,001c,16383,16383,0,00006a12ffffa101,0,1
2505,2505,0,16383,0,0,3fff,001c,16383,16383,0,ffffde44ffffcc40,0,1
2506,2506,0,16383,0,0,3cdd,001c,15581,16383,0,fffff02700000fd1,0,1
2507,2507,0,16383,0,0,3ae0,001c,15072,16383,0,ffffcdadffffce00,0,1
2508,2508,0,16383,0,0,2e75,001c,11893,16383,0,00001974ffffeee2,0,1
2509,2509,0,16383,0,0,23d7,001c,9175,16383,0,ffffa1d7ffffb7ce,0,1
2510,2510,0,16383,0,0,1ad5,001c,6869,16383,0,ffffc27100003f40,0,1
2511,2511,0,16383,0,0,0bc9,001c,3017,16383,0,00000d81000028c7,0,1
2512,2512,0,16383,0,0,0000,001c,0,16383,0,ffffc932ffffcc5e,0,1
2513,2513,0,16383,0,0,0000,001c,0,16383,0,0000053600000e30,0,1
2514,2514,0,16383,0,0,0000,001c,0,16383,0,fffff2120000028c,0,1
2515,2515,0,16383,0,0,0000,001c,0,16383,0,fffffe8a00007fbb,0,1
2516,2516,0,16383,0,0,04e5,001c,1253,16383,0,ffffdabe00001119,0,1
2517,2517,0,16383,0,0,1b4d,001c,6989,16383,0,00000149ffffc157,0,1
2518,2518,0,16383,0,0,285e,001c,10334,16383,0,ffffb79800000e81,0,1
2519,2519,0,16383,0,0,2f4b,001c,12107,16383,0,ffffb875ffffed68,0,1
2520,2520,0,16383,0,0,3b84,001c,15247,16383,0,ffffee30ffffc31f,0,1
2521,2521,0,16383,0,0,3f6f,001c,15727,16383,0,fffffcd300001254,0,1
2522,2522,0,16383,0,0,3fff,001c,16383,16383,0,ffffb92cffffd235,0,1
2523,2523,0,16383,0,0,3fff,001c,16383,16383,0,000009f500001b4d,0,1
2524,2524,0,16383,0,0,3fff,001c,16383,16383,0,ffffd9e3ffffd147,0,1
2525,2525,0,16383,0,0,3fff,001c,16383,16383,0,ffffc6bd000006ba,0,1
2526,2526,0,16383,0,0,3fbe,001c,16318,16383,0,00001b2e000008f5,0,1
2527,2527,0,16383,0,0,35be,001c,13750,16383,0,ffffbfcc00000363,0,1
2528,2528,0,16383,0,0,326c,001c,12908,16383,0,00000c7cffffc799,0,1
2529,2529,0,16383,0,0,24be,001c,9374,16383,0,fffff7a2ffffc781,0,1
2530,2530,0,16383,0,0,1cbf,001c,7359,16383,0,ffffe7d2fffff80d,0,1
2531,2531,0,16383,0,0,0f1d,001c,3869,16383,0,ffff925effffdc87,0,1
2532,2532,0,16383,0,0,0000,001c,0,16383,0,0000084bffffffe9,0,1
2533,2533,0,16383,0,0,0000,001c,0,16383,0,0000185b00001831,0,1
2534,2534,0,16383,0,0,0000,001c,0,16383,0,fffff0a2ffffe1f2,0,1
2535,2535,0,16383,0,0,0000,001c,0,16383,0,ffffff15ffffecc2,0,1
2536,2536,0,16383,0,0,018c,001c,396,16383,0,ffffab04ffffb759,0,1
2537,2537,0,16383,0,0,1146,001c,4422,16383,0,000066bf00000a8d,0,1
2538,2538,0,16383,0,0,1eca,001c,7882,16383,0,ffffdb5e0000066b,0,1
2539,2539,0,16383,0,0,26e5,001c,9957,16383,0,ffffcf91ffffda22,0,1
2540,2540,0,16383,0,0,3805,001c,14341,16383,0,0000053affffcd55,0,1
2541,2541,0,16383,0,0,371e,001c,14110,16383,0,ffffe6bdfffffb32,0,1
2542,2542,0,16383,0,0,3fff,001c,16383,16383,0,00000d2affffd701,0,1
2543,2543,0,16383,0,0,3fff,001c,16383,16383,0,ffffbef1ffffc0ae,0,1
2544,2544,0,16383,0,0,3fff,001c,16383,16383,0,ffffd5dffffff2d2,0,1
2545,2545,0,16383,0,0,3fff,001c,16383,16383,0,000000faffffd8b3,0,1
2546,2546,0,16383,0,0,3c59,001c,15449,16383,0,00002fe2ffffd90d,0,1
2547,2547,0,16383,0,0,39e2,001c,14818,16383,0,00000423fffff49a,0,1
2548,2548,0,16383,0,0,2d37,001c,11575,16383,0,ffffe2a8ffffebf9,0,1
2549,2549,0,16383,0,0,2277,001c,8823,16383,0,fffff072ffffeabe,0,1
2550,2550,0,16383,0,0,1942,001c,6466,16383,0,ffffa94cffffe3f0,0,1
2551,2551,0,16383,0,0,09c9,001c,2505,16383,0,ffffb3e3ffffda85,0,1
2552,2552,0,16383,0,0,0000,001c,0,16383,0,ffffe039000010ba,0,1
2553,2553,0,16383,0,0,0000,001c,0,16383,0,ffffe696ffffc2b9,0,1
2554,2554,0,16383,0,0,0000,001c,0,16383,0,ffffea5efffff5bb,0,1
2555,2555,0,16383,0,0,0000,001c,0,16383,0,00003066fffff5be,0,1
2556,2556,0,16383,0,0,06d1,001c,1745,16383,0,ffffe140ffffedc6,0,1
2557,2557,0,16383,0,0,14f9,001c,5369,16383,0,00000c4effffe343,0,1
2558,2558,0,16383,0,0,3dfc,001c,11772,16383,0,0000239cffffcc81,0,1
2559,2559,0,16383,0,0,39d5,001c,14805,16383,0,0000023500000f2e,0,1
2560,2560,0,16383,0,0,344d,001c,13389,16383,0,00000000ffffeb67,0,1
2561,2561,0,16383,0,0,3e5b,001c,15963,16383,0,fffffdc600000f22,0,1
2562,2562,0,16383,0,0,3fff,001c,16383,16383,0,ffffdc6effffcc73,0,1
2563,2563,0,16383,0,0,3fff,001c,16383,16383,0,fffff3b1ffffe34f,0,1
2564,2564,0,16383,0,0,3fff,001c,16383,16383,0,00001ecaffffedc8,0,1
2565,2565,0,16383,0,0,3fff,001c,16383,16383,0,ffffcf9cfffff5b1,0,1
2566,2566,0,16383,0,0,3e7e,001c,15998,16383,0,000015a7fffff5bb,0,1
2567,2567,0,16383,0,0,351c,001c,13596,16383,0,00001976ffffc2b3,0,1
2568,2568,0,16383,0,0,3175,001c,12661,16383,0,00001fc5000010bd,0,1
2569,2569,0,16383,0,0,2b7b,001c,11131,16383,0,00004c2dffffda82,0,1
2570,2570,0,16383,0,0,176c,001c,5996,16383,0,000056c6ffffe3ee,0,1
2571,2571,0,16383,0,0,0cfb,001c,3323,16383,0,00000f97ffffeabb,0,1
2572,2572,0,16383,0,0,0000,001c,0,16383,0,00001d62ffffebf0,0,1
2573,2573,0,16383,0,0,0000,001c,0,16383,0,fffffbf0fffff49c,0,1
2574,2574,0,16383,0,0,0000,001c,0,16383,0,ffffd008ffffd90c,0,1
2575,2575,0,16383,0,0,0000,001c,0,16383,0,ffffff01ffffd8b6,0,1
2576,2576,0,16383,0,0,0365,001c,869,16383,0,00002a24fffff2d2,0,1
2577,2577,0,16383,0,0,12f9,001c,4857,16383,0,00004111ffffc0ae,0,1
2578,2578,0,16383,0,0,204d,001c,8269,16383,0,fffff2e4ffffd70c,0,1
2579,2579,0,16383,0,0,2c07,001c,11271,16383,0,0000194dfffffb38,0,1
2580,2580,0,16383,0,0,38d0,001c,14544,16383,0,fffffaccffffcd58,0,1
2581,2581,0,16383,0,0,37da,001c,14298,16383,0,00003069ffffda28,0,1
2582,2582,0,16383,0,0,3fff,001c,16383,16383,0,0000249b0000065f,0,1
2583,2583,0,16383,0,0,3fff,001c,16383,16383,0,ffff994400000a8b,0,1
2584,2584,0,16383,0,0,3fff,001c,16383,16383,0,000054f8ffffb759,0,1
2585,2585,0,16383,0,0,3fff,001c,16383,16383,0,000000ecffffecc0,0,1
2586,2586,0,16383,0,0,37dc,001c,14300,16383,0,00000f5cffffe1f7,0,1
2587,2587,0,16383,0,0,3927,001c,14631,16383,0,ffffe7aa00001833,0,1
2588,2588,0,16383,0,0,2c23,001c,11299,16383,0,fffff7b7ffffffe7,0,1
2589,2589,0,16383,0,0,210b,001c,8459,16383,0,00006da6ffffdc7e,0,1
2590,2590,0,16383,0,0,1382,001c,4994,16383,0,00001830fffff821,0,1
2591,2591,0,16383,0,0,03e5,001c,999,16383,0,00000866ffffc783,0,1
2592,2592,0,16383,0,0,0000,001c,1,16383,0,fffff385ffffc79b,0,1
2593,2593,0,16383,0,0,0000,001c,0,16383,0,0000403100000369,0,1
2594,2594,0,16383,0,0,0000,001c,0,16383,0,ffffe4d6000008fa,0,1
2595,2595,0,16383,0,0,007d,001c,125,16383,0,0000394b000006ba,0,1
2596,2596,0,16383,0,0,0cff,001c,3327,16383,0,00002618ffffd149,0,1
2597,2597,0,16383,0,0,1edf,001c,7903,16383,0,fffff60500001b4a,0,1
2598,2598,0,16383,0,0,16ad,001c,5805,16383,0,000046d7ffffd232,0,1
2599,2599,0,16383,0,0,2b54,001c,11092,16383,0,0000032a00001254,0,1
2600,2600,0,16383,0,0,356b,001c,13675,16383,0,000011d4ffffc31f,0,1
2601,2601,0,16383,0,0,3568,001c,13672,16383,0,0000478affffed70,0,1
2602,2602,0,16383,0,0,3ea2,001c,16034,16383,0,0000486c00000e84,0,1
2603,2603,0,16383,0,0,3fff,001c,16383,16383,0,fffffeb8ffffc15d,0,1
2604,2604,0,16383,0,0,3fff,001c,16383,16383,0,0000253f0000111e,0,1
2605,2605,0,16383,0,0,3fff,001c,16383,16383,0,0000017100007fc7,0,1
2606,2606,0,16383,0,0,3e2d,001c,15917,16383,0,00000df200000296,0,1
2607,2607,0,16383,0,0,341f,001c,13343,16383,0,fffffabc00000e2e,0,1
2608,2608,0,16383,0,0,306c,001c,12396,16383,0,000036d0ffffcc60,0,1
2609,2609,0,16383,0,0,29f5,001c,10741,16383,0,fffff288000028c9,0,1
2610,2610,0,16383,0,0,15c3,001c,5571,16383,0,00003d6e00003f50,0,1
2611,2611,0,16383,0,0,0732,001c,1842,16383,0,00005e35ffffb7cc,0,1
2612,2612,0,16383,0,0,0000,001c,0,16383,0,ffffe69effffeee6,0,1
2613,2613,0,16383,0,0,0000,001c,0,16383,0,00003260ffffcdf6,0,1
2614,2614,0,16383,0,0,0000,001c,0,16383,0,00000fe800000fcf,0,1
2615,2615,0,16383,0,0,0000,001c,0,16383,0,000021bdffffcc45,0,1
2616,2616,0,16383,0,0,09a8,001c,2472,16383,0,ffff95f2ffffa0fd,0,1
2617,2617,0,16383,0,0,18cc,001c,6348,16383,0,00004546ffffcb57,0,1
2618,2618,0,16383,0,0,21c2,001c,8642,16383,0,000035e1ffffd8ab,0,1
2619,2619,0,16383,0,0,2d2b,001c,11563,16383,0,0000295300002760,0,1
2620,2620,0,16383,0,0,39f9,001c,14841,16383,0,0000143efffff854,0,1
2621,2621,0,16383,0,0,3c88,001c,15496,16383,0,00005b0400000fb0,0,1
2622,2622,0,16383,0,0,3fff,001c,16383,16383,0,00002d86fffff318,0,1
2623,2623,0,16383,0,0,3fff,001c,16383,16383,0,0000479000005aa9,0,1
2624,2624,0,16383,0,0,3fff,001c,16383,16383,0,00002a240000590a,0,1
2625,2625,0,16383,0,0,3fe6,001c,16358,16383,0,0000255700004c6f,0,1
2626,2626,0,16383,0,0,371c,001c,14108,16383,0,00002fe900004774,0,1
2627,2627,0,16383,0,0,383a,001c,14394,16383,0,000008dd000019fb,0,1
2628,2628,0,16383,0,0,26eb,001c,9979,16383,0,00002b93ffffc4c9,0,1
2629,2629,0,16383,0,0,1f9b,001c,16315,16383,0,ffffe28d0000281b,0,1
2630,2630,0,16383,0,0,1ffb,001c,8187,16383,0,000047660000249e,0,1
2631,2631,0,16383,0,0,13fb,001c,5115,16383,0,0000069100007677,0,1
2632,2632,0,16383,0,0,020b,001c,523,16383,0,00000ec800006a49,0,1
2633,2633,0,16383,0,0,0000,001c,0,16383,0,000022de000054c0,0,1
2634,2634,0,16383,0,0,0000,001c,0,16383,0,fffff183ffffbd5f,0,1
2635,2635,0,16383,0,0,0000,001c,0,16383,0,000035a2ffffea91,0,1
2636,2636,0,16383,0,0,0c54,001c,3652,16383,0,00004c8affffd10d,0,1
2637,2637,0,16383,0,0,0e56,001c,3670,16383,0,ffffa497ffffab9d,0,1
2638,2638,0,16383,0,0,17fa,001c,6138,16383,0,000058080000f0c1,0,1
2639,2639,0,16383,0,0,246f,001c,9327,16383,0,0000461effffb243,0,1
2640,2640,0,16383,0,0,3231,001c,12849,16383,0,0000306e000012fe,0,1
2641,2641,0,16383,0,0,35e2,001c,13794,16383,0,00009500ffffe89f,0,1
2642,2642,0,16383,0,0,3f1b,001c,16155,16383,0,00004423ffff70be,0,1
2643,2643,0,16383,0,0,3fff,001c,16383,16383,0,00001a9900002331,0,1
2644,2644,0,16383,0,0,3fff,001c,16383,16383,0,ffffef2bffff817b,0,1
2645,2645,0,16383,0,0,3fff,001c,16383,16383,0,0000b417ffffaeb9,0,1
2646,2646,0,16383,0,0,3d65,001c,15717,16383,0,0000321000000132,0,1
2647,2647,0,16383,0,0,3b4f,001c,15183,16383,0,000074d4000069e8,0,1
2648,2648,0,16383,0,0,2f36,001c,12086,16383,0,000016bd00009a7d,0,1
2649,2649,0,16383,0,0,28d2,001c,10450,16383,0,ffff99fafffffad2,0,1
2650,2650,0,16383,0,0,1442,001c,5186,16383,0,ffffaeaeffffeaf1,0,1
2651,2651,0,16383,0,0,0545,001c,1349,16383,0,ffffe33b00006685,0,1
2652,2652,0,16383,0,0,0000,001c,0,16383,0,00008e5fffff5d97,0,1
2653,2653,0,16383,0,0,0000,001c,0,16383,0,000007dcffffbd33,0,1
2654,2654,0,16383,0,0,0000,001c,0,16383,0,00002bd9fffff08a,0,1
2655,2655,0,16383,0,0,0000,001c,0,16383,0,ffffaebcffffbeb2,0,1
2656,2656,0,16383,0,0,0bc4,001c,3012,16383,0,00004b7ffffff9fc,0,1
2657,2657,0,16383,0,0,1a6b,001c,6763,16383,0,ffffb57600002da5,0,1
2658,2658,0,16383,0,0,2396,001c,9110,16383,0,00001a1f00002743,0,1
2659,2659,0,16383,0,0,2e79,001c,11897,16383,0,00003de7000062b5,0,1
2660,2660,0,16383,0,0,3aec,001c,15084,16383,0,0000427400001f2e,0,1
2661,2661,0,16383,0,0,3d21,001c,15649,16383,0,000000350000d62a,0,1
2662,2662,0,16383,0,0,3fff,001c,16383,16383,0,000017fdffffc23c,0,1
2663,2663,0,16383,0,0,3fff,001c,16383,16383,0,00008f9bffffb3a8,0,1
2664,2664,0,16383,0,0,3fff,001c,16383,16383,0,ffffe223ffff52ef,0,1
2665,2665,0,16383,0,0,3f4f,001c,16223,16383,0,ffff9c8a0000463f,0,1
2666,2666,0,16383,0,0,3f7d,001c,16253,16383,0,ffffecc3ffffa504,0,1
2667,2667,0,16383,0,0,3735,001c,14133,16383,0,000082cb000036fe,0,1
2668,2668,0,16383,0,0,378d,001c,14221,16383,0,ffffe0c5ffffe2c1,0,1
2669,2669,0,16383,0,0,2589,001c,10121,16383,0,ffffc1feffffd211,0,1
2670,2670,0,16383,0,0,1e04,001c,7684,16383,0,ffffd952000062df,0,1
2671,2671,0,16383,0,0,101b,001c,4123,16383,0,fffff47000006e39,0,1
2672,2672,0,16383,0,0,0000,001c,0,16383,0,ffff9a7effffcacd,0,1
2673,2673,0,16383,0,0,0000,001c,0,16383,0,00004e3700005ca7,0,1
2674,2674,0,16383,0,0,0000,001c,0,16383,0,ffff8a1a00000f3e,0,1
2675,2675,0,16383,0,0,0000,001c,0,16383,0,ffffbdf6ffffec98,0,1
2676,2676,0,16383,0,0,00e4,001c,228,16383,0,000049c50000578e,0,1
2677,2677,0,16383,0,0,1015,001c,4117,16383,0,fffff9bbffffe1f2,0,1
2678,2678,0,16383,0,0,1dab,001c,7595,16383,0,0000362f00002035,0,1
2679,2679,0,16383,0,0,25e7,001c,9703,16383,0,ffffd9ec0000459c,0,1
2680,2680,0,16383,0,0,336f,001c,13167,16383,0,000056d900001bf0,0,1
2681,2681,0,16383,0,0,3695,001c,13973,16383,0,00000f6effffd0c6,0,1
2682,2682,0,16383,0,0,3fa7,001c,16295,16383,0,ffffab3c00008c78,0,1
2683,2683,0,16383,0,0,3fff,001c,16383,16383,0,00004e6d000010cc,0,1
2684,2684,0,16383,0,0,3fff,001c,16383,16383,0,00002223ffff6aa5,0,1
2685,2685,0,16383,0,0,3fff,001c,16383,16383,0,0000a5befffffac4,0,1
2686,2686,0,16383,0,0,3ce9,001c,15593,16383,0,fffff63afffff5a7,0,1
2687,2687,0,16383,0,0,3a84,001c,14980,16383,0,ffffe9ec000031db,0,1
2688,2688,0,16383,0,0,2e0b,001c,11787,16383,0,000007c30000094f,0,1
2689,2689,0,16383,0,0,235f,001c,9055,16383,0,000063a2ffffd890,0,1
2690,2690,0,16383,0,0,1a92,001c,6802,16383,0,000005e000004cee,0,1
2691,2691,0,16383,0,0,0b36,001c,2870,16383,0,0000077b00001f99,0,1
2692,2692,0,16383,0,0,0000,001c,0,16383,0,fffffd02ffffe9ba,0,1
2693,2693,0,16383,0,0,0000,001c,0,16383,0,ffffe892000018cc,0,1
2694,2694,0,16383,0,0,0000,001c,0,16383,0,fffffb7a000025fa,0,1
2695,2695,0,16383,0,0,0000,001c,0,16383,0,00002bbf00002b59,0,1
2696,2696,0,16383,0,0,0588,001c,1416,16383,0,ffffd476ffffebf7,0,1
2697,2697,0,16383,0,0,1bf2,001c,7154,16383,0,0000076c000049f5,0,1
2698,2698,0,16383,0,0,28f7,001c,10487,16383,0,00000718ffffbcdb,0,1
2699,2699,0,16383,0,0,2f7a,001c,12155,16383,0,00001072000000c8,0,1
2700,2700,0,16383,0,0,3b94,001c,15260,16383,0,ffffd61affffa7f3,0,1
2701,2701,0,16383,0,0,3fbc,001c,15804,16383,0,ffffdfdd00002916,0,1
2702,2702,0,16383,0,0,3fff,001c,16383,16383,0,00001615ffffcf28,0,1
2703,2703,0,16383,0,0,3fff,001c,16383,16383,0,ffffd8acffffe0c8,0,1
2704,2704,0,16383,0,0,3fff,001c,16383,16383,0,ffffef8900003918,0,1
2705,2705,0,16383,0,0,3fff,001c,16383,16383,0,0000042500004a36,0,1
2706,2706,0,16383,0,0,3fee,001c,16366,16383,0,000055f1ffffc7d2,0,1
2707,2707,0,16383,0,0,35f6,001c,13798,16383,0,00003241000000ba,0,1
2708,2708,0,16383,0,0,31f8,001c,12792,16383,0,0000299d00002cad,0,1
2709,2709,0,16383,0,0,2443,001c,9283,16383,0,fffff6d700005bf3,0,1
2710,2710,0,16383,0,0,1c5c,001c,7260,16383,0,ffffcdf300001f00,0,1
2711,2711,0,16383,0,0,0e29,001c,3625,16383,0,00001dd2ffffeafa,0,1
2712,2712,0,16383,0,0,0000,001c,0,16383,0,ffffce2f00008356,0,1
2713,2713,0,16383,0,0,0000,001c,0,16383,0,ffffd65600006bee,0,1
2714,2714,0,16383,0,0,0000,001c,0,16383,0,00001f5600006920,0,1
2715,2715,0,16383,0,0,0000,001c,0,16383,0,ffffbe34ffffcec5,0,1
2716,2716,0,16383,0,0,0288,001c,648,16383,0,ffffe0ae00004af9,0,1
2717,2717,0,16383,0,0,11f3,001c,4595,16383,0,0000292c00000ec1,0,1
2718,2718,0,16383,0,0,1f6b,001c,8043,16383,0,ffffe5ba000014d0,0,1
2719,2719,0,16383,0,0,2739,001c,10041,16383,0,ffffd57600003583,0,1
2720,2720,0,16383,0,0,3873,001c,14451,16383,0,00000a4a0000163d,0,1
2721,2721,0,16383,0,0,3793,001c,14227,16383,0,00003f32ffffc808,0,1
2722,2722,0,16383,0,0,3fff,001c,16383,16383,0,000010f700003b12,0,1
2723,2723,0,16383,0,0,3fff,001c,16383,16383,0,ffffc37c00000ae3,0,1
2724,2724,0,16383,0,0,3fff,001c,16383,16383,0,fffffd3f00002c76,0,1
2725,2725,0,16383,0,0,3fff,001c,16383,16383,0,ffffeec4ffffcb92,0,1
2726,2726,0,16383,0,0,3c25,001c,15397,16383,0,00003abbffffc557,0,1
2727,2727,0,16383,0,0,399a,001c,14746,16383,0,ffffca14fffff057,0,1
2728,2728,0,16383,0,0,2cfd,001c,11517,16383,0,ffffe4ccffffeca8,0,1
2729,2729,0,16383,0,0,2209,001c,8713,16383,0,ffffe1d7ffffcb64,0,1
2730,2730,0,16383,0,0,18ab,001c,6315,16383,0,ffffa94ffffff9d8,0,1
2731,2731,0,16383,0,0,0943,001c,2371,16383,0,ffffe00800002dc8,0,1
2732,2732,0,16383,0,0,0000,001c,0,16383,0,ffffe259ffffec31,0,1
2733,2733,0,16383,0,0,0000,001c,0,16383,0,ffffc42cffff8c51,0,1
2734,2734,0,16383,0,0,0000,001c,0,16383,0,ffffbfd6ffffd60a,0,1
2735,2735,0,16383,0,0,0000,001c,0,16383,0,00001ecbffffba37,0,1
2736,2736,0,16383,0,0,0782,001c,1922,16383,0,ffffaa18fffffeac,0,1
2737,2737,0,16383,0,0,1783,001c,5507,16383,0,ffffc796000054cb,0,1
2738,2738,0,16383,0,0,3dcf,001c,16335,16383,0,000068cc000024d4,0,1
2739,2739,0,16383,0,0,3a7e,001c,14974,16383,0,ffffb354ffffc98b,0,1
2740,2740,0,16383,0,0,34fe,001c,13566,16383,0,0000176d00002e72,0,1
2741,2741,0,16383,0,0,3df9,001c,15865,16383,0,ffffba74ffffd819,0,1
2742,2742,0,16383,0,0,3fff,001c,16381,16383,0,fffff8c60000288b,0,1
2743,2743,0,16383,0,0,3fff,001c,16383,16383,0,00000a5d000093f8,0,1
2744,2744,0,16383,0,0,3fff,001c,16383,16383,0,ffff79400000634d,0,1
2745,2745,0,16383,0,0,3fff,001c,16383,16383,0,ffffe6ccfffffe0e,0,1
2746,2746,0,16383,0,0,3e64,001c,15972,16383,0,ffffe9e400009734,0,1
2747,2747,0,16383,0,0,34c1,001c,13505,16383,0,fffff7c5000047ee,0,1
2748,2748,0,16383,0,0,3139,001c,12601,16383,0,ffff8f330000548f,0,1
2749,2749,0,16383,0,0,2b19,001c,11033,16383,0,ffff60ebffffa12c,0,1
2750,2750,0,16383,0,0,16ec,001c,5868,16383,0,ffff8de9ffffbe8a,0,1
2751,2751,0,16383,0,0,0c5d,001c,3165,16383,0,000062f6ffffe003,0,1
2752,2752,0,16383,0,0,0000,001c,0,16383,0,ffffdc5bffffc63a,0,1
2753,2753,0,16383,0,0,0000,001c,0,16383,0,00002173000099e3,0,1
2754,2754,0,16383,0,0,0000,001c,0,16383,0,ffffef340000124f,0,1
2755,2755,0,16383,0,0,0000,001c,0,16383,0,ffffe59a000000b8,0,1
2756,2756,0,16383,0,0,0840,001c,2112,16383,0,00000f5100000d9e,0,1
2757,2757,0,16383,0,0,138d,001c,5005,16383,0,000004cc00007ae7,0,1
2758,2758,0,16383,0,0,20da,001c,8410,16383,0,000056e0ffffe767,0,1
2759,2759,0,16383,0,0,2c73,001c,11379,16383,0,ffffe9c800000143,0,1
2760,2760,0,16383,0,0,3961,001c,14689,16383,0,ffffa2e200001683,0,1
2761,2761,0,16383,0,0,3c01,001c,15361,16383,0,ffffddd300000a15,0,1
2762,2762,0,16383,0,0,3fff,001c,16383,16383,0,ffffa0c5ffffbd5d,0,1
2763,2763,0,16383,0,0,3fff,001c,16383,16383,0,00000f18ffffa2ef,0,1
2764,2764,0,16383,0,0,3fff,001c,16383,16383,0,ffff8c9f000017fb,0,1
2765,2765,0,16383,0,0,3fff,001c,16383,16383,0,ffffcc020000237b,0,1
2766,2766,0,16383,0,0,3790,001c,14224,16383,0,ffffede3fffff384,0,1
2767,2767,0,16383,0,0,38b5,001c,14517,16383,0,00001ada00005802,0,1
2768,2768,0,16383,0,0,2799,001c,10137,16383,0,ffffc0caffffc21a,0,1
2769,2769,0,16383,0,0,2066,001c,8294,16383,0,ffffe305ffffb0d1,0,1
2770,2770,0,16383,0,0,1309,001c,4875,16383,0,ffffdcce00003300,0,1
2771,2771,0,16383,0,0,0327,001c,815,16383,0,0000011d00001e1e,0,1
2772,2772,0,16383,0,0,0307,001c,295,16383,0,0000326900002e00,0,1
2773,2773,0,16383,0,0,0000,001c,0,16383,0,0000405a00003c04,0,1
2774,2774,0,16383,0,0,0000,001c,0,16383,0,ffffc89600004a65,0,1
2775,2775,0,16383,0,0,0000,001c,0,16383,0,ffffb2f9ffffcecc,0,1
2776,2776,0,16383,0,0,0d75,001c,3445,16383,0,00001ad8ffffea7d,0,1
2777,2777,0,16383,0,0,0d75,001c,3445,16383,0,ffffb01afffff757,0,1
2778,2778,0,16383,0,0,16fa,001c,5882,16383,0,ffffc3b900000ff6,0,1
2779,2779,0,16383,0,0,3ba9,001c,15273,16383,0,ffffcae6ffffdfda,0,1
2780,2780,0,16383,0,0,318f,001c,12687,16383,0,ffffca3400002e80,0,1
2781,2781,0,16383,0,0,3589,001c,13705,16383,0,0000053c00006f1f,0,1
2782,2782,0,16383,0,0,3ed4,001c,16084,16383,0,000035920000155d,0,1
2783,2783,0,16383,0,0,3fff,001c,16383,16383,0,ffffc201ffffddc0,0,1
2784,2784,0,16383,0,0,3fff,001c,16383,16383,0,00002698ffffd267,0,1
2785,2785,0,16383,0,0,3fff,001c,16383,16383,0,ffffc22600002b2f,0,1
2786,2786,0,16383,0,0,3dd9,001c,15833,16383,0,00000a67000027b8,0,1
2787,2787,0,16383,0,0,340b,001c,13323,16383,0,ffffdc5f0000336e,0,1
2788,2788,0,16383,0,0,2ffc,001c,12284,16383,0,ffff9efc00001ece,0,1
2789,2789,0,16383,0,0,298c,001c,10636,16383,0,ffffb240fffffb74,0,1
2790,2790,0,16383,0,0,153a,001c,5434,16383,0,0000183d00002aff,0,1
2791,2791,0,16383,0,0,0697,001c,1687,16383,0,ffffd174ffffd26b,0,1
2792,2792,0,16383,0,0,0000,001c,0,16383,0,ffffc44fffffe4d2,0,1
2793,2793,0,16383,0,0,0000,001c,0,16383,0,ffff6f2effffb486,0,1
2794,2794,0,16383,0,0,0000,001c,0,16383,0,ffff9a32ffffb2af,0,1
2795,2795,0,16383,0,0,0000,001c,0,16383,0,fffff84effffc2a9,0,1
2796,2796,0,16383,0,0,0a39,001c,2617,16383,0,ffffbe61ffff9fba,0,1
2797,2797,0,16383,0,0,1931,001c,6449,16383,0,000042d200005c75,0,1
2798,2798,0,16383,0,0,227f,001c,8831,16383,0,ffff75fffffff514,0,1
2799,2799,0,16383,0,0,2d9b,001c,11675,16383,0,000011f9ffffaafc,0,1
2800,2800,0,16383,0,0,3a32,001c,14898,16383,0,ffffdf9effffd71d,0,1
2801,2801,0,16383,0,0,3cc4,001c,15556,16383,0,000018b30000238e,0,1
2802,2802,0,16383,0,0,3fff,001c,16383,16383,0,000026feffff67e1,0,1
2803,2803,0,16383,0,0,3fff,001c,16383,16383,0,00001845ffff2db6,0,1
2804,2804,0,16383,0,0,3fff,001c,16383,16383,0,ffffc7780000293d,0,1
2805,2805,0,16383,0,0,3f9c,001c,16284,16383,0,00001ca400002eea,0,1
2806,2806,0,16383,0,0,36bd,001c,14013,16383,0,ffffdde5ffffb54d,0,1
2807,2807,0,16383,0,0,33b3,001c,13243,16383,0,00001664ffff738c,0,1
2808,2808,0,16383,0,0,27f3,001c,10099,16383,0,00000e68ffffbc2d,0,1
2809,2809,0,16383,0,0,3ef3,001c,16115,16383,0,0000350affffe01f,0,1
2810,2810,0,16383,0,0,1ff6,001c,8182,16383,0,ffffe524fffff4e1,0,1
2811,2811,0,16383,0,0,1154,001c,4436,16383,0,000022b500000573,0,1
2812,2812,0,16383,0,0,0114,001c,276,16383,0,ffffa48effffda06,0,1
2813,2813,0,16383,0,0,0000,001c,0,16383,0,ffffd779ffffe4de,0,1
2814,2814,0,16383,0,0,0000,001c,0,16383,0,00009349ffffd124,0,1
2815,2815,0,16383,0,0,0229,001c,544,16383,0,00004bbeffff84f7,0,1
2816,2816,0,16383,0,0,0229,001c,553,16383,0,00006e92ffffce15,0,1
2817,2817,0,16383,0,0,0f1a,001c,3866,16383,0,ffffdbc0ffff8656,0,1
2818,2818,0,16383,0,0,1cd2,001c,7378,16383,0,ffffc398000006fd,0,1
2819,2819,0,16383,0,0,2539,001c,9529,16383,0,ffff0688ffffd0b2,0,1
2820,2820,0,16383,0,0,32b6,001c,12982,16383,0,0000a47affff3502,0,1
2821,2821,0,16383,0,0,363a,001c,13882,16383,0,ffffe06e00000b2f,0,1
2822,2822,0,16383,0,0,3f36,001c,16182,16383,0,000012edffff8c87,0,1
2823,2823,0,16383,0,0,3fff,001c,16383,16383,0,ffff4eb7ffff5814,0,1
2824,2824,0,16383,0,0,3fff,001c,16383,16383,0,00001eb5000066f7,0,1
2825,2825,0,16383,0,0,3fff,001c,16383,16383,0,ffffc5360000443b,0,1
2826,2826,0,16383,0,0,3d41,001c,15681,16383,0,ffffd999ffffa8cb,0,1
2827,2827,0,16383,0,0,3b0d,001c,15117,16383,0,ffff9f1e00004df8,0,1
2828,2828,0,16383,0,0,2ebd,001c,11965,16383,0,ffffe668ffffe236,0,1
2829,2829,0,16383,0,0,2845,001c,10309,16383,0,ffffb1f2ffffd842,0,1
2830,2830,0,16383,0,0,1b94,001c,7060,16383,0,0000048600001354,0,1
2831,2831,0,16383,0,0,0465,001c,1125,16383,0,000009b4ffff9647,0,1
2832,2832,0,16383,0,0,0000,001c,0,16383,0,00001f50fffff878,0,1
2833,2833,0,16383,0,0,0000,001c,0,16383,0,ffffd7cf00001c00,0,1
2834,2834,0,16383,0,0,0000,001c,0,16383,0,ffffc558ffffc99c,0,1
2835,2835,0,16383,0,0,0000,001c,0,16383,0,fffffcffffffb160,0,1
2836,2836,0,16383,0,0,045e,001c,1118,16383,0,0000272100002a57,0,1
2837,2837,0,16383,0,0,1ae0,001c,6880,16383,0,00004fe9fffff11a,0,1
2838,2838,0,16383,0,0,23c9,001c,9161,16383,0,0000263fffffef19,0,1
2839,2839,0,16383,0,0,2ebc,001c,11964,16383,0,ffffbedaffff9c81,0,1
2840,2840,0,16383,0,0,3b69,001c,15209,16383,0,ffffc4b0000020d5,0,1
2841,2841,0,16383,0,0,3d64,001c,15716,16383,0,ffff706200002c94,0,1
2842,2842,0,16383,0,0,3fff,001c,16383,16383,0,ffffe6faffff754f,0,1
2843,2843,0,16383,0,0,3fff,001c,16383,16383,0,ffffc1c2000027f7,0,1
2844,2844,0,16383,0,0,3fff,001c,16383,16383,0,ffffc2f0ffffb56e,0,1
2845,2845,0,16383,0,0,3fff,001c,16255,16383,0,ffff9c36ffffa4b4,0,1
2846,2846,0,16383,0,0,3f6b,001c,16235,16383,0,00001227ffffe80c,0,1
2847,2847,0,16383,0,0,36c9,001c,14025,16383,0,000053cbffffa174,0,1
2848,2848,0,16383,0,0,32cb,001c,13000,16383,0,ffffebc800000956,0,1
2849,2849,0,16383,0,0,2513,001c,9491,16383,0,ffffcca2ffff8f3c,0,1
2850,2850,0,16383,0,0,1d64,001c,7524,16383,0,ffffd673ffffc9cd,0,1
2851,2851,0,16383,0,0,0f99,001c,3993,16383,0,00001042ffff7145,0,1
2852,2852,0,16383,0,0,0000,001c,0,16383,0,ffffdc10ffffcd3b,0,1
2853,2853,0,16383,0,0,0000,001c,0,16383,0,ffffc986fffffd11,0,1
2854,2854,0,16383,0,0,0000,001c,0,16383,0,0000404fffffbda4,0,1
2855,2855,0,16383,0,0,0000,001c,0,16383,0,00000de2ffffb896,0,1
2856,2856,0,16383,0,0,0273,001c,627,16383,0,00003a77ffffc658,0,1
2857,2857,0,16383,0,0,10f6,001c,4342,16383,0,ffffb9c1ffffc171,0,1
2858,2858,0,16383,0,0,1e4b,001c,7755,16383,0,00000663ffffc8c5,0,1
2859,2859,0,16383,0,0,2664,001c,9828,16383,0,ffffebeefffff835,0,1
2860,2860,0,16383,0,0,338d,001c,13197,16383,0,00003859ffffb9ba,0,1
2861,2861,0,16383,0,0,36fd,001c,14077,16383,0,00003bd5ffffa81f,0,1
2862,2862,0,16383,0,0,3fe5,001c,16357,16383,0,00001acd00005173,0,1
2863,2863,0,16383,0,0,3fff,001c,16383,16383,0,000008a6ffffe446,0,1
2864,2864,0,16383,0,0,3fff,001c,16383,16383,0,00000cdeffff715c,0,1
2865,2865,0,16383,0,0,3fff,001c,16383,16383,0,ffffc719ffffac9c,0,1
2866,2866,0,16383,0,0,3c9b,001c,15515,16383,0,0000025f00002485,0,1
2867,2867,0,16383,0,0,3a2f,001c,14895,16383,0,00001f9000012229,0,1
2868,2868,0,16383,0,0,2da7,001c,11687,16383,0,00002dee0000634c,0,1
2869,2869,0,16383,0,0,22ed,001c,8941,16383,0,00003e8a00011370,0,1
2870,2870,0,16383,0,0,19b4,001c,6580,16383,0,ffff4febffff8986,0,1
2871,2871,0,16383,0,0,0a8e,001c,2702,16383,0,000140c3ffffc439,0,1
2872,2872,0,16383,0,0,0000,001c,0,16383,0,ffff6d40fffff3d1,0,1
2873,2873,0,16383,0,0,0000,001c,0,16383,0,ffffd62b0000beac,0,1
2874,2874,0,16383,0,0,0000,001c,0,16383,0,0000ac9bfffeeba1,0,1
2875,2875,0,16383,0,0,0000,001c,0,16383,0,00002320ffff569b,0,1
2876,2876,0,16383,0,0,0640,001c,1600,16383,0,ffffef86ffffe48a,0,1
2877,2877,0,16383,0,0,1488,001c,5256,16383,0,000049ed0000598b,0,1
2878,2878,0,16383,0,0,296f,001c,10607,16383,0,00002473ffff924d,0,1
2879,2879,0,16383,0,0,2fdf,001c,12287,16383,0,0000184dffff69a6,0,1
2880,2880,0,16383,0,0,3fdf,001c,16351,16383,0,000074f6000055ea,0,1
2881,2881,0,16383,0,0,3dff,001c,15871,16383,0,00000f4dffffbb93,0,1
2882,2882,0,16383,0,0,3fff,001c,16383,16383,0,fffff0fcffff4ba1,0,1
2883,2883,0,16383,0,0,3fff,001c,16383,16383,0,0000010dffffae9b,0,1
2884,2884,0,16383,0,0,3fff,001c,16383,16383,0,fffffa26ffffc0f2,0,1
2885,2885,0,16383,0,0,3fff,001c,16383,16383,0,00000cc9000054e3,0,1
2886,2886,0,16383,0,0,3fed,001c,16356,16383,0,00002a73ffff9f9b,0,1
2887,2887,0,16383,0,0,356f,001c,13807,16383,0,00003669ffffb48b,0,1
2888,2888,0,16383,0,0,31ca,001c,13258,16383,0,00001bb2ffffddb3,0,1
2889,2889,0,16383,0,0,2be0,001c,11232,16383,0,00000704ffffca24,0,1
2890,2890,0,16383,0,0,17f3,001c,6131,16383,0,00000a97ffffbd67,0,1
2891,2891,0,16383,0,0,0d9b,001c,3483,16383,0,fffffc7effffa6d7,0,1
2892,2892,0,16383,0,0,0000,001c,0,16383,0,00006f94fffff96f,0,1
2893,2893,0,16383,0,0,0000,001c,0,16383,0,ffffe8f000000dae,0,1
2894,2894,0,16383,0,0,0000,001c,0,16383,0,000022d4000003c7,0,1
2895,2895,0,16383,0,0,0000,001c,0,16383,0,00001ac4ffffc609,0,1
2896,2896,0,16383,0,0,0304,001c,772,16383,0,000033bb000011d7,0,1
2897,2897,0,16383,0,0,1287,001c,4743,16383,0,0000540100000db2,0,1
2898,2898,0,16383,0,0,1fc5,001c,8133,16383,0,00001a41000025cc,0,1
2899,2899,0,16383,0,0,2793,001c,10131,16383,0,000000fbffffa889,0,1
2900,2900,0,16383,0,0,38a6,001c,14502,16383,0,00003707ffffe373,0,1
2901,2901,0,16383,0,0,3798,001c,14232,16383,0,000021f60000227e,0,1
2902,2902,0,16383,0,0,3fff,001c,16383,16383,0,00003995ffffe987,0,1
2903,2903,0,16383,0,0,3fff,001c,16383,16383,0,000058f600000982,0,1
2904,2904,0,16383,0,0,3fff,001c,16383,16383,0,00003d84000013d6,0,1
2905,2905,0,16383,0,0,3fff,001c,16383,16383,0,000075230000020f,0,1
2906,2906,0,16383,0,0,3c13,001c,15379,16383,0,00004b19fffffd50,0,1
2907,2907,0,16383,0,0,396a,001c,14698,16383,0,00005ac9ffffd803,0,1
2908,2908,0,16383,0,0,2c63,001c,11363,16383,0,00000597ffffde41,0,1
2909,2909,0,16383,0,0,214f,001c,8527,16383,0,00005f7800000f81,0,1
2910,2910,0,16383,0,0,1845,001c,6213,16383,0,00006612000016b7,0,1
2911,2911,0,16383,0,0,089b,001c,2203,16383,0,00003a7800000692,0,1
2912,2912,0,16383,0,0,0000,001c,0,16383,0,00009dbffffffade,0,1
2913,2913,0,16383,0,0,0000,001c,0,16383,0,00004063000027ee,0,1
2914,2914,0,16383,0,0,0000,001c,0,16383,0,ffffe9b4ffffd7d6,0,1
2915,2915,0,16383,0,0,0000,001c,0,16383,0,00008b69ffffbc69,0,1
2916,2916,0,16383,0,0,0c1c,001c,3100,16383,0,0000c0affffff471,0,1
2917,2917,0,16383,0,0,1e1d,001c,7709,16383,0,0001beddfffff452,0,1
2918,2918,0,16383,0,0,3ed7,001c,16087,16383,0,00009c2effff87a7,0,1
2919,2919,0,16383,0,0,3bc7,001c,15303,16383,0,000084a1ffff8bbe,0,1
2920,2920,0,16383,0,0,3507,001c,13575,16383,0,ffff4eef00011421,0,1
2921,2921,0,16383,0,0,3f8d,001c,16269,16383,0,fffe7e35fffec71a,0,1
2922,2922,0,16383,0,0,3ffd,001c,16365,16383,0,0000321500018cac,0,1
2923,2923,0,16383,0,0,3fff,001c,16383,16383,0,00004269ffffbcfc,0,1
2924,2924,0,16383,0,0,3fff,001c,16383,16383,0,fffeb1e7ffffb04d,0,1
2925,2925,0,16383,0,0,3fff,001c,16383,16383,0,ffffc8a600005325,0,1
2926,2926,0,16383,0,0,3e46,001c,15942,16383,0,00005514ffffa6f1,0,1
2927,2927,0,16383,0,0,34ab,001c,13483,16383,0,00011ab3ffffb34e,0,1
2928,2928,0,16383,0,0,30ad,001c,12461,16383,0,ffffef0f00003300,0,1
2929,2929,0,16383,0,0,2a9a,001c,10906,16383,0,0000090b0000a3ed,0,1
2930,2930,0,16383,0,0,1632,001c,5682,16383,0,0000b088ffffa790,0,1
2931,2931,0,16383,0,0,07a9,001c,1961,16383,0,ffff8be800003378,0,1
2932,2932,0,16383,0,0,0000,001c,0,16383,0,ffffcb7c0000621d,0,1
2933,2933,0,16383,0,0,0000,001c,0,16383,0,000040890000141e,0,1
2934,2934,0,16383,0,0,0000,001c,0,16383,0,ffffd5ea0000c752,0,1
2935,2935,0,16383,0,0,0000,001c,0,16383,0,00011404fffffcd8,0,1
2936,2936,0,16383,0,0,08e3,001c,2275,16383,0,00001ee1000027f2,0,1
2937,2937,0,16383,0,0,181c,001c,6172,16383,0,000045b9000001cf,0,1
2938,2938,0,16383,0,0,2139,001c,8505,16383,0,000038bc00008d08,0,1
2939,2939,0,16383,0,0,2cc8,001c,11464,16383,0,00002f2f00001652,0,1
2940,2940,0,16383,0,0,39a9,001c,14761,16383,0,00003c9f00002ba3,0,1
2941,2941,0,16383,0,0,3c48,001c,15432,16383,0,00003081ffffe683,0,1
2942,2942,0,16383,0,0,3fff,001c,16383,16383,0,fffff388fffffcdb,0,1
2943,2943,0,16383,0,0,3fff,001c,16383,16383,0,00005ed60000210d,0,1
2944,2944,0,16383,0,0,3fff,001c,16383,16383,0,00009026ffffe048,0,1
2945,2945,0,16383,0,0,3fff,001c,16383,16383,0,0000322400007094,0,1
2946,2946,0,16383,0,0,375e,001c,14174,16383,0,ffff9f4d00001671,0,1
2947,2947,0,16383,0,0,387b,001c,14459,16383,0,00007000ffffee5a,0,1
2948,2948,0,16383,0,0,2766,001c,10086,16383,0,0000a7720000b348,0,1
2949,2949,0,16383,0,0,201d,001c,8223,16383,0,ffff6cc500008839,0,1
2950,2950,0,16383,0,0,129e,001c,4767,16383,0,00004e2a0000349c,0,1
2951,2951,0,16383,0,0,02b6,001c,702,16383,0,00004b150000025d,0,1
2952,2952,0,16383,0,0,02a6,001c,678,16383,0,000071b700003be2,0,1
2953,2953,0,16383,0,0,0000,001c,0,16383,0,000038530000e500,0,1
2954,2954,0,16383,0,0,0000,001c,0,16383,0,0001021000002a97,0,1
2955,2955,0,16383,0,0,0000,001c,0,16383,0,ffffe84d0000192f,0,1
2956,2956,0,16383,0,0,0dcf,001c,3535,16383,0,ffffea6dffffc164,0,1
2957,2957,0,16383,0,0,0dcf,001c,3535,16383,0,ffff937400009f2f,0,1
2958,2958,0,16383,0,0,1759,001c,5977,16383,0,ffffd11600005615,0,1
2959,2959,0,16383,0,0,2413,001c,9235,16383,0,00005e8200009a76,0,1
2960,2960,0,16383,0,0,31f6,001c,12790,16383,0,00003dec00005305,0,1
2961,2961,0,16383,0,0,35bc,001c,13756,16383,0,ffff90ed00007ce4,0,1
2962,2962,0,16383,0,0,3eff,001c,16127,16383,0,ffffd88a000089db,0,1
2963,2963,0,16383,0,0,3fff,001c,16383,16383,0,ffff67f7ffff97c2,0,1
2964,2964,0,16383,0,0,3fff,001c,16383,16383,0,ffff8662ffffbb82,0,1
2965,2965,0,16383,0,0,3fff,001c,16383,16383,0,0000091000007a12,0,1
2966,2966,0,16383,0,0,3dae,001c,15790,16383,0,00004706000077a5,0,1
2967,2967,0,16383,0,0,3bce,001c,15310,16383,0,000012b700007b89,0,1
2968,2968,0,16383,0,0,2fad,001c,12205,16383,0,fffff6e50000163c,0,1
2969,2969,0,16383,0,0,292b,001c,10539,16383,0,00007510fffee752,0,1
2970,2970,0,16383,0,0,14bf,001c,5311,16383,0,fffee2a3fffcf251,0,1
2971,2971,0,16383,0,0,05da,001c,1498,16383,0,0002887cfffcb863,0,1
2972,2972,0,16383,0,0,0000,001c,0,16383,0,fffdf7700002a815,0,1
2973,2973,0,16383,0,0,0000,001c,0,16383,0,0000a5f10000ffb6,0,1
2974,2974,0,16383,0,0,0000,001c,0,16383,0,0000152efffeb1ce,0,1
2975,2975,0,16383,0,0,0000,001c,0,16383,0,ffffbc1900002210,0,1
2976,2976,0,16383,0,0,0ada,001c,2778,16383,0,ffff45620000e891,0,1
2977,2977,0,16383,0,0,19da,001c,6618,16383,0,ffffdcad00006a5d,0,1
2978,2978,0,16383,0,0,22f5,001c,8949,16383,0,ffffcac7ffffef3a,0,1
2979,2979,0,16383,0,0,2df6,001c,11766,16383,0,00000b6dffffd97a,0,1
2980,2980,0,16383,0,0,3a94,001c,14996,16383,0,fffffb250000eeb2,0,1
2981,2981,0,16383,0,0,3d06,001c,15622,16383,0,ffffd6900000f610,0,1
2982,2982,0,16383,0,0,3fff,001c,16383,16383,0,ffffa5d4ffffd54e,0,1
2983,2983,0,16383,0,0,3fff,001c,16383,16383,0,000008f3000047ca,0,1
2984,2984,0,16383,0,0,3fff,001c,16383,16383,0,00000d1c00008700,0,1
2985,2985,0,16383,0,0,3fa8,001c,16296,16383,0,ffffd9c100004624,0,1
2986,2986,0,16383,0,0,3686,001c,13966,16383,0,ffffb02b000044ea,0,1
2987,2987,0,16383,0,0,37f7,001c,14199,16383,0,ffff46f90000ba45,0,1
2988,2988,0,16383,0,0,3777,001c,14199,16383,0,000021ec00001c9a,0,1
2989,2989,0,16383,0,0,3e8f,001c,16014,16383,0,ffff570d00012b7e,0,1
2990,2990,0,16383,0,0,1e8d,001c,7821,16383,0,ffffa685000080bd,0,1
2991,2991,0,16383,0,0,10dc,001c,4316,16383,0,fffef4830000b387,0,1
2992,2992,0,16383,0,0,005c,001c,92,16383,0,000037d80000c9e8,0,1
2993,2993,0,16383,0,0,0000,001c,0,16383,0,ffff241b0000822e,0,1
2994,2994,0,16383,0,0,0000,001c,0,16383,0,ffffed9b00002f7f,0,1
2995,2995,0,16383,0,0,0000,001c,0,16383,0,ffffc7a10000b3aa,0,1
2996,2996,0,16383,0,0,0000,001c,0,16383,0,ffff61640000ffed,0,1
2997,2997,0,16383,0,0,0faa,001c,4010,16383,0,ffffbf0100003f2c,0,1
2998,2998,0,16383,0,0,1d3a,001c,7482,16383,0,00009cb30000596c,0,1
2999,2999,0,16383,0,0,2597,001c,9623,16383,0,fffff6fa00018ff7,0,1
3000,3000,0,16383,0,0,32f9,001c,13049,16383,0,fffe64a4ffff4665,0,1
3001,3001,0,16383,0,0,3687,001c,13959,16383,0,fffe71a40000ac28,0,1
3002,3002,0,16383,0,0,3f6b,001c,16235,16383,0,ffff58fc0000cd1e,0,1
3003,3003,0,16383,0,0,3fff,001c,16383,16383,0,ffff9c2a0000518b,0,1
3004,3004,0,16383,0,0,3fff,001c,16383,16383,0,fffdfa170000a4b7,0,1
3005,3005,0,16383,0,0,3fff,001c,16383,16383,0,fffe5b7500011618,0,1
3006,3006,0,16383,0,0,3cea,001c,15594,16383,0,fffdfc1700021636,0,1
3007,3007,0,16383,0,0,3ade,001c,15070,16383,0,ffff1a4d0001233e,0,1
3008,3008,0,16383,0,0,2e4c,001c,11852,16383,0,fffe63a700018fe8,0,1
3009,3009,0,16383,0,0,23cf,001c,9167,16383,0,ffffcc0ffffff90b,0,1
3010,3010,0,16383,0,0,1aff,001c,6911,16383,0,fffc8bed000107d8,0,1
3011,3011,0,16383,0,0,0bf5,001c,3061,16383,0,fffdccda0001c1be,0,1
3012,3012,0,16383,0,0,0000,001c,0,16383,0,fffe19340000726f,0,1
3013,3013,0,16383,0,0,0000,001c,0,16383,0,fffb23de000212a5,0,1
3014,3014,0,16383,0,0,0000,001c,0,16383,0,fffacc63ffffe44e,0,1
3015,3015,0,16383,0,0,0000,001c,0,16383,0,fffd0bbcfffeb647,0,1
3016,3016,0,16383,0,0,0513,001c,1299,16383,0,fffe21740001248b,0,1
3017,3017,0,16383,0,0,1b7e,001c,7038,16383,0,fffce916ffff7520,0,1
3018,3018,0,16383,0,0,2861,001c,10337,16383,0,fff4d2fd0001098b,0,1
3019,3019,0,16383,0,0,2eee,001c,12014,16383,0,ffefe591ffff9ca2,0,1
3020,3020,0,16383,0,0,3b7a,001c,15226,16383,0,ffeeb7120005e71e,0,1
3021,3021,0,16383,0,0,3da3,001c,15795,16383,0,ffe87695fff4e2da,0,1
3022,3022,0,16383,0,0,3fff,001c,16383,16383,0,00348e2d000ee97c,0,1
3023,3023,0,16383,0,0,3fff,001c,16383,16383,0,0007b421fff89e8d,0,1
3024,3024,0,16383,0,0,3fff,001c,16383,16383,0,ffffeb0e0001b116,0,1
3025,3025,0,16383,0,0,3ff3,001c,16379,16383,0,00084a700001c3bc,0,1
3026,3026,0,16383,0,0,3fff,001c,16383,16383,0,0007d08000025d56,0,1
3027,3027,0,16383,0,0,35ef,001c,14319,16383,0,00044a5400005cd7,0,1
3028,3028,0,16383,0,0,36a1,001c,13985,16383,0,00001a72000217af,0,1
3029,3029,0,16383,0,0,3ce5,001c,15589,16383,0,0001216dffffe4d9,0,1
3030,3030,0,16383,0,0,1cc4,001c,7876,16383,0,00027738fffebcc9,0,1
3031,3031,0,16383,0,0,0ed6,001c,3798,16383,0,0001c7cd00015ebc,0,1
3032,3032,0,16383,0,0,0000,001c,0,16383,0,0001853effffbd4d,0,1
3033,3033,0,16383,0,0,0000,001c,0,16383,0,00018c99ffffb6d8,0,1
3034,3034,0,16383,0,0,0000,001c,0,16383,0,0003450a000223c9,0,1
3035,3035,0,16383,0,0,0000,001c,0,16383,0,0002306ffffe3ec5,0,1
3036,3036,0,16383,0,0,0160,001c,352,16383,0,000028e3000020bd,0,1
3037,3037,0,16383,0,0,1171,001c,4465,16383,0,00009dafffff76e6,0,1
3038,3038,0,16383,0,0,1ef5,001c,7925,16383,0,00010f540001189f,0,1
3039,3039,0,16383,0,0,26d4,001c,9940,16383,0,0001093e0000659b,0,1
3040,3040,0,16383,0,0,33dd,001c,13277,16383,0,0000ed500000bbe1,0,1
3041,3041,0,16383,0,0,3738,001c,14136,16383,0,00003f1200004071,0,1
3042,3042,0,16383,0,0,3fff,001c,16383,16383,0,0000340a00011e17,0,1
3043,3043,0,16383,0,0,3fff,001c,16383,16383,0,0000c90e000114d5,0,1
3044,3044,0,16383,0,0,3fff,001c,16383,16383,0,00031cdf000041c3,0,1
3045,3045,0,16383,0,0,3fff,001c,16383,16383,0,0000a3bf000113e3,0,1
3046,3046,0,16383,0,0,3c79,001c,15481,16383,0,fffffa4a0000c544,0,1
3047,3047,0,16383,0,0,3a11,001c,14865,16383,0,00019789ffffcea0,0,1
3048,3048,0,16383,0,0,2d67,001c,11623,16383,0,0001614000011237,0,1
3049,3049,0,16383,0,0,226e,001c,8814,16383,0,00003b6500013b51,0,1
3050,3050,0,16383,0,0,1932,001c,6450,16383,0,00002c22ffff9403,0,1
3051,3051,0,16383,0,0,09da,001c,2522,16383,0,0000bbfd000087bc,0,1
3052,3052,0,16383,0,0,0000,001c,0,16383,0,0000210a00003323,0,1
3053,3053,0,16383,0,0,0000,001c,0,16383,0,0000891f0001509e,0,1
3054,3054,0,16383,0,0,0000,001c,0,16383,0,0000aea6ffffd40f,0,1
3055,3055,0,16383,0,0,0000,001c,0,16383,0,ffffa91700012f00,0,1
3056,3056,0,16383,0,0,06db,001c,1755,16383,0,00006253000025c8,0,1
3057,3057,0,16383,0,0,150f,001c,5407,16383,0,00007744000175ef,0,1
3058,3058,0,16383,0,0,29df,001c,10719,16383,0,0000808400012c43,0,1
3059,3059,0,16383,0,0,39fa,001c,14842,16383,0,0000f5e100009640,0,1
3060,3060,0,16383,0,0,3468,001c,13416,16383,0,000032880000d8cd,0,1
3061,3061,0,16383,0,0,3e42,001c,15938,16383,0,fffffce20000a62e,0,1
3062,3062,0,16383,0,0,3fff,001c,16383,16383,0,0000b71600001818,0,1
3063,3063,0,16383,0,0,3fff,001c,16383,16383,0,00000b7b00008a6b,0,1
3064,3064,0,16383,0,0,3fff,001c,16383,16383,0,00006deb000173e2,0,1
3065,3065,0,16383,0,0,3fff,001c,16383,16383,0,0000dcf400011163,0,1
3066,3066,0,16383,0,0,3ef4,001c,16116,16383,0,000031320000a1cf,0,1
3067,3067,0,16383,0,0,34e8,001c,13544,16383,0,ffffd69400010bde,0,1
3068,3068,0,16383,0,0,3151,001c,12625,16383,0,000059a600014f68,0,1
3069,3069,0,16383,0,0,2b7d,001c,11133,16383,0,ffffea6e000078b9,0,1
3070,3070,0,16383,0,0,174d,001c,5965,16383,0,fffff80e00004651,0,1
3071,3071,0,16383,0,0,0d00,001c,3328,16383,0,00006de70000f38e,1,1
3072,3072,0,16383,0,0,0000,001c,0,16383,0,00006253000025c8,0,0
3073,3073,0,16383,0,0,0000,001c,0,16383,0,00006253000025c8,0,0
3074,3074,0,16383,0,0,0000,001c,0,16383,0,00006253000025c8,0,0
3075,3075,0,16383,0,0,0000,001c,0,16383,0,00006253000025c8,0,0
3076,3076,0,16383,0,0,03bc,001c,956,16383,0,00006253000025c8,0,0
3077,3077,0,16383,0,0,1305,001c,4869,16383,0,00006253000025c8,0,0
3078,3078,0,16383,0,0,2021,001c,8225,16383,0,00006253000025c8,0,0
3079,3079,0,16383,0,0,27eb,001c,10219,16383,0,00006253000025c8,0,0
3080,3080,0,16383,0,0,3908,001c,14600,16383,0,00006253000025c8,0,0
3081,3081,0,16383,0,0,3c0d,001c,15373,16383,0,00006253000025c8,0,0
3082,3082,0,16383,0,0,3fff,001c,16383,16383,0,00006253000025c8,0,0
3083,3083,0,16383,0,0,3fff,001c,16383,16383,0,00006253000025c8,0,0
3084,3084,0,16383,0,0,3fff,001c,16383,16383,0,00006253000025c8,0,0
3085,3085,0,16383,0,0,3fff,001c,16383,16383,0,00006253000025c8,0,0
3086,3086,0,16383,0,0,37bc,001c,14268,16383,0,00006253000025c8,0,0
3087,3087,0,16383,0,0,3931,001c,14641,16383,0,00006253000025c8,0,0
3088,3088,0,16383,0,0,27ef,001c,10223,16383,0,00006253000025c8,0,0
3089,3089,0,16383,0,0,20ee,001c,8430,16383,0,00006253000025c8,0,0
3090,3090,0,16383,0,0,1396,001c,5014,16383,0,00006253000025c8,0,0
3091,3091,0,16383,0,0,03dc,001c,988,16383,0,00006253000025c8,0,0
3092,3092,0,16383,0,0,0000,001c,0,16383,0,00006253000025c8,0,0
3093,3093,0,16383,0,0,0000,001c,0,16383,0,00006253000025c8,0,0
3094,3094,0,16383,0,0,0000,001c,0,16383,0,00006253000025c8,0,0
3095,3095,0,16383,0,0,0058,001c,88,16383,0,00006253000025c8,0,0
3096,3096,0,16383,0,0,0cdc,001c,3292,16383,0,00006253000025c8,0,0
3097,3097,0,16383,0,0,1edf,001c,7903,16383,0,00006253000025c8,0,0
3098,3098,0,16383,0,0,169b,001c,5787,16383,0,00006253000025c8,0,0
3099,3099,0,16383,0,0,3b34,001c,15156,16383,0,00006253000025c8,0,0
3100,3100,0,16383,0,0,351e,001c,13598,16383,0,00006253000025c8,0,0
3101,3101,0,16383,0,0,3536,001c,14230,16383,0,00006253000025c8,0,0
3102,3102,0,16383,0,0,3eb1,001c,16049,16383,0,00006253000025c8,0,0
3103,3103,0,16383,0,0,3fff,001c,16383,16383,0,00006253000025c8,0,0
3104,3104,0,16383,0,0,3fff,001c,16383,16383,0,00006253000025c8,0,0
3105,3105,0,16383,0,0,3fff,001c,16383,16383,0,00006253000025c8,0,0
3106,3106,0,16383,0,0,3e10,001c,15888,16383,0,00006253000025c8,0,0
3107,3107,0,16383,0,0,3442,001c,13378,16383,0,00006253000025c8,0,0
3108,3108,0,16383,0,0,3053,001c,12371,16383,0,00006253000025c8,0,0
3109,3109,0,16383,0,0,2a29,001c,10793,16383,0,00006253000025c8,0,0
3110,3110,0,16383,0,0,15bf,001c,5567,16383,0,00006253000025c8,0,0
3111,3111,0,16383,0,0,0714,001c,1812,16383,0,00006253000025c8,0,0
3112,3112,0,16383,0,0,0000,001c,0,16383,0,00006253000025c8,0,0
3113,3113,0,16383,0,0,0000,001c,0,16383,0,00006253000025c8,0,0
3114,3114,0,16383,0,0,0000,001c,0,16383,0,00006253000025c8,0,0
3115,3115,0,16383,0,0,0000,001c,0,16383,0,00006253000025c8,0,0
3116,3116,0,16383,0,0,0982,001c,2434,16383,0,00006253000025c8,0,0
3117,3117,0,16383,0,0,18a5,001c,6309,16383,0,00006253000025c8,0,0
3118,3118,0,16383,0,0,21ed,001c,8685,16383,0,00006253000025c8,0,0
3119,3119,0,16383,0,0,2d34,001c,11572,16383,0,00006253000025c8,0,0
3120,3120,0,16383,0,0,39fe,001c,14846,16383,0,00006253000025c8,0,0
3121,3121,0,16383,0,0,3c7e,001c,15486,16383,0,00006253000025c8,0,0
3122,3122,0,16383,0,0,3fff,001c,16383,16383,0,00006253000025c8,0,0
3123,3123,0,16383,0,0,3fff,001c,16383,16383,0,00006253000025c8,0,0
3124,3124,0,16383,0,0,3fff,001c,16383,16383,0,00006253000025c8,0,0
3125,3125,0,16383,0,0,3fdd,001c,16349,16383,0,00006253000025c8,0,0
3126,3126,0,16383,0,0,3718,001c,14104,16383,0,00006253000025c8,0,0
3127,3127,0,16383,0,0,381a,001c,14362,16383,0,00006253000025c8,0,0
3128,3128,0,16383,0,0,26fb,001c,9979,16383,0,00006253000025c8,0,0
3129,3129,0,16383,0,0,1f7e,001c,8063,16383,0,00006253000025c8,0,0
3130,3130,0,16383,0,0,17df,001c,7679,16383,0,00006253000025c8,0,0
3131,3131,0,16383,0,0,11df,001c,479,16383,0,00006253000025c8,0,0
3132,3132,0,16383,0,0,01da,001c,474,16383,0,00006253000025c8,0,0
3133,3133,0,16383,0,0,0000,001c,0,16383,0,00006253000025c8,0,0
3134,3134,0,16383,0,0,0000,001c,0,16383,0,00006253000025c8,0,0
3135,3135,0,16383,0,0,0000,001c,0,16383,0,00006253000025c8,0,0
3136,3136,0,16383,0,0,0e88,001c,3720,16383,0,00006253000025c8,0,0
3137,3137,0,16383,0,0,1e88,001c,7816,16383,0,00006253000025c8,0,0
3138,3138,0,16383,0,0,1c1f,001c,7199,16383,0,00006253000025c8,0,0
3139,3139,0,16383,0,0,2487,001c,9351,16383,0,00006253000025c8,0,0
3140,3140,0,16383,0,0,3257,001c,12887,16383,0,00006253000025c8,0,0
3141,3141,0,16383,0,0,360d,001c,13837,16383,0,00006253000025c8,0,0
3142,3142,0,16383,0,0,3f54,001c,16212,16383,0,00006253000025c8,0,0
3143,3143,0,16383,0,0,3fff,001c,16383,16383,0,00006253000025c8,0,0
3144,3144,0,16383,0,0,3fff,001c,16383,16383,0,00006253000025c8,0,0
3145,3145,0,16383,0,0,3fff,001c,16383,16383,0,00006253000025c8,0,0
3146,3146,0,16383,0,0,3d8a,001c,15754,16383,0,00006253000025c8,0,0
3147,3147,0,16383,0,0,3b6d,001c,15213,16383,0,00006253000025c8,0,0
3148,3148,0,16383,0,0,2f44,001c,12100,16383,0,00006253000025c8,0,0
3149,3149,0,16383,0,0,28b3,001c,10419,16383,0,00006253000025c8,0,0
3150,3150,0,16383,0,0,1424,001c,5156,16383,0,00006253000025c8,0,0
3151,3151,0,16383,0,0,052b,001c,1323,16383,0,00006253000025c8,0,0
3152,3152,0,16383,0,0,0000,001c,0,16383,0,00006253000025c8,0,0
3153,3153,0,16383,0,0,0000,001c,0,16383,0,00006253000025c8,0,0
3154,3154,0,16383,0,0,0000,001c,0,16383,0,00006253000025c8,0,0
3155,3155,0,16383,0,0,0000,001c,0,16383,0,00006253000025c8,0,0
3156,3156,0,16383,0,0,0b9b,001c,2971,16383,0,00006253000025c8,0,0
3157,3157,0,16383,0,0,1a76,001c,6774,16383,0,00006253000025c8,0,0
3158,3158,0,16383,0,0,2366,001c,9062,16383,0,00006253000025c8,0,0
3159,3159,0,16383,0,0,2e6d,001c,11885,16383,0,00006253000025c8,0,0
3160,3160,0,16383,0,0,3aea,001c,15082,16383,0,00006253000025c8,0,0
3161,3161,0,16383,0,0,3d10,001c,15632,16383,0,00006253000025c8,0,0
3162,3162,0,16383,0,0,3fff,001c,16383,16383,0,00006253000025c8,0,0
3163,3163,0,16383,0,0,3fff,001c,16383,16383,0,00006253000025c8,0,0
3164,3164,0,16383,0,0,3fff,001c,16383,16383,0,00006253000025c8,0,0
3165,3165,0,16383,0,0,3f3c,001c,16188,16383,0,00006253000025c8,0,0
3166,3166,0,16383,0,0,373e,001c,14142,16383,0,00006253000025c8,0,0
3167,3167,0,16383,0,0,377e,001c,14206,16383,0,00006253000025c8,0,0
3168,3168,0,16383,0,0,37d5,001c,14293,16383,0,00006253000025c8,0,0
3169,3169,0,16383,0,0,3de3,001c,15843,16383,0,00006253000025c8,0,0
3170,3170,0,16383,0,0,1df2,001c,7666,16383,0,00006253000025c8,0,0
3171,3171,0,16383,0,0,1030,001c,4144,16383,0,00006253000025c8,0,0
3172,3172,0,16383,0,0,0000,001c,0,16383,0,00006253000025c8,0,0
3173,3173,0,16383,0,0,0000,001c,0,16383,0,00006253000025c8,0,0
3174,3174,0,16383,0,0,0000,001c,0,16383,0,00006253000025c8,0,0
3175,3175,0,16383,0,0,0000,001c,0,16383,0,00006253000025c8,0,0
3176,3176,0,16383,0,0,0087,001c,135,16383,0,00006253000025c8,0,0
3177,3177,0,16383,0,0,1041,001c,4161,16383,0,00006253000025c8,0,0
3178,3178,0,16383,0,0,1db2,001c,7602,16383,0,00006253000025c8,0,0
3179,3179,0,16383,0,0,25f0,001c,9712,16383,0,00006253000025c8,0,0
3180,3180,0,16383,0,0,3342,001c,13122,16383,0,00006253000025c8,0,0
3181,3181,0,16383,0,0,3677,001c,13943,16383,0,00006253000025c8,0,0
3182,3182,0,16383,0,0,3fa0,001c,16288,16383,0,00006253000025c8,0,0
3183,3183,0,16383,0,0,3fff,001c,16383,16383,0,00006253000025c8,0,0
3184,3184,0,16383,0,0,3fff,001c,16383,16383,0,00006253000025c8,0,0
3185,3185,0,16383,0,0,3fff,001c,16383,16383,0,00006253000025c8,0,0
3186,3186,0,16383,0,0,3cea,001c,15594,16383,0,00006253000025c8,0,0
3187,3187,0,16383,0,0,3a74,001c,14964,16383,0,00006253000025c8,0,0
3188,3188,0,16383,0,0,2e0c,001c,11788,16383,0,00006253000025c8,0,0
3189,3189,0,16383,0,0,2370,001c,9072,16383,0,00006253000025c8,0,0
3190,3190,0,16383,0,0,1a60,001c,6752,16383,0,00006253000025c8,0,0
3191,3191,0,16383,0,0,0b61,001c,2913,16383,0,00006253000025c8,0,0
3192,3192,0,16383,0,0,0000,001c,0,16383,0,00006253000025c8,0,0
3193,3193,0,16383,0,0,0000,001c,0,16383,0,00006253000025c8,0,0
3194,3194,0,16383,0,0,0000,001c,0,16383,0,00006253000025c8,0,0
3195,3195,0,16383,0,0,0000,001c,0,16383,0,00006253000025c8,0,0
3196,3196,0,16383,0,0,05b3,001c,1459,16383,0,00006253000025c8,0,0
3197,3197,0,16383,0,0,1417,001c,5143,16383,0,00006253000025c8,0,0
3198,3198,0,16383,0,0,28e3,001c,10467,16383,0,00006253000025c8,0,0
3199,3199,0,16383,0,0,2f4d,001c,12109,16383,0,00006253000025c8,0,0
3200,3200,0,16383,0,0,3bb3,001c,15291,16383,0,00006253000025c8,0,0
3201,3201,0,16383,0,0,3db3,001c,15795,16383,0,00006253000025c8,0,0
3202,3202,0,16383,0,0,3fff,001c,16383,16383,0,00006253000025c8,0,0
3203,3203,0,16383,0,0,3fff,001c,16383,16383,0,00006253000025c8,0,0
3204,3204,0,16383,0,0,3fff,001c,16383,16383,0,00006253000025c8,0,0
3205,3205,0,16383,0,0,3fff,001c,16383,16383,0,00006253000025c8,0,0
3206,3206,0,16383,0,0,3ff7,001c,16375,16383,0,00006253000025c8,0,0
3207,3207,0,16383,0,0,35a7,001c,13735,16383,0,00006253000025c8,0,0
3208,3208,0,16383,0,0,3254,001c,12884,16383,0,00006253000025c8,0,0
3209,3209,0,16383,0,0,245b,001c,9307,16383,0,00006253000025c8,0,0
3210,3210,0,16383,0,0,1c64,001c,7268,16383,0,00006253000025c8,0,0
3211,3211,0,16383,0,0,0e3d,001c,3645,16383,0,00006253000025c8,0,0
3212,3212,0,16383,0,0,0000,001c,0,16383,0,00006253000025c8,0,0
3213,3213,0,16383,0,0,0000,001c,0,16383,0,00006253000025c8,0,0
3214,3214,0,16383,0,0,0000,001c,0,16383,0,00006253000025c8,0,0
3215,3215,0,16383,0,0,0000,001c,0,16383,0,00006253000025c8,0,0
3216,3216,0,16383,0,0,0284,001c,644,16383,0,00006253000025c8,0,0
3217,3217,0,16383,0,0,120a,001c,4618,16383,0,00006253000025c8,0,0
3218,3218,0,16383,0,0,1f6f,001c,8047,16383,0,00006253000025c8,0,0
3219,3219,0,16383,0,0,271b,001c,10011,16383,0,00006253000025c8,0,0
3220,3220,0,16383,0,0,3846,001c,14406,16383,0,00006253000025c8,0,0
3221,3221,0,16383,0,0,3761,001c,14177,16383,0,00006253000025c8,0,0
3222,3222,0,16383,0,0,3fff,001c,16383,16383,0,00006253000025c8,0,0
3223,3223,0,16383,0,0,3fff,001c,16383,16383,0,00006253000025c8,0,0
3224,3224,0,16383,0,0,3fff,001c,16383,16383,0,00006253000025c8,0,0
3225,3225,0,16383,0,0,3fff,001c,16383,16383,0,00006253000025c8,0,0
3226,3226,0,16383,0,0,3c00,001c,15360,16383,0,00006253000025c8,0,0
3227,3227,0,16383,0,0,398b,001c,14731,16383,0,00006253000025c8,0,0
3228,3228,0,16383,0,0,2cd6,001c,11478,16383,0,00006253000025c8,0,0
3229,3229,0,16383,0,0,21f1,001c,8689,16383,0,00006253000025c8,0,0
3230,3230,0,16383,0,0,18af,001c,6319,16383,0,00006253000025c8,0,0
3231,3231,0,16383,0,0,0949,001c,2377,16383,0,00006253000025c8,0,0
3232,3232,0,16383,0,0,0000,001c,0,16383,0,00006253000025c8,0,0
3233,3233,0,16383,0,0,0000,001c,0,16383,0,00006253000025c8,0,0
3234,3234,0,16383,0,0,0000,001c,0,16383,0,00006253000025c8,0,0
3235,3235,0,16383,0,0,0000,001c,0,16383,0,00006253000025c8,0,0
3236,3236,0,16383,0,0,0768,001c,1896,16383,0,00006253000025c8,0,0
3237,3237,0,16383,0,0,1783,001c,5547,16383,0,00006253000025c8,0,0
3238,3238,0,16383,0,0,3fd3,001c,16339,16383,0,00006253000025c8,0,0
3239,3239,0,16383,0,0,3a79,001c,14969,16383,0,00006253000025c8,0,0
3240,3240,0,16383,0,0,34fe,001c,13566,16383,0,00006253000025c8,0,0
3241,3241,0,16383,0,0,36ae,001c,13990,16383,0,00006253000025c8,0,0
3242,3242,0,16383,0,0,3fff,001c,16383,16383,0,00006253000025c8,0,0
3243,3243,0,16383,0,0,3fff,001c,16383,16383,0,00006253000025c8,0,0
3244,3244,0,16383,0,0,3fff,001c,16383,16383,0,00006253000025c8,0,0
3245,3245,0,16383,0,0,3fff,001c,16383,16383,0,00006253000025c8,0,0
3246,3246,0,16383,0,0,3e6a,001c,15978,16383,0,00006253000025c8,0,0
3247,3247,0,16383,0,0,34dd,001c,13533,16383,0,00006253000025c8,0,0
3248,3248,0,16383,0,0,30f9,001c,12537,16383,0,00006253000025c8,0,0
3249,3249,0,16383,0,0,2af6,001c,10998,16383,0,00006253000025c8,0,0
3250,3250,0,16383,0,0,16b7,001c,5815,16383,0,00006253000025c8,0,0
3251,3251,0,16383,0,0,0c54,001c,3156,16383,0,00006253000025c8,0,0
3252,3252,0,16383,0,0,0000,001c,0,16383,0,00006253000025c8,0,0
3253,3253,0,16383,0,0,0000,001c,0,16383,0,00006253000025c8,0,0
3254,3254,0,16383,0,0,0000,001c,0,16383,0,00006253000025c8,0,0
3255,3255,0,16383,0,0,0000,001c,0,16383,0,00006253000025c8,0,0
3256,3256,0,16383,0,0,0841,001c,2113,16383,0,00006253000025c8,0,0
3257,3257,0,16383,0,0,13be,001c,5054,16383,0,00006253000025c8,0,0
3258,3258,0,16383,0,0,2105,001c,8453,16383,0,00006253000025c8,0,0
3259,3259,0,16383,0,0,2c59,001c,11353,16383,0,00006253000025c8,0,0
3260,3260,0,16383,0,0,3966,001c,14694,16383,0,00006253000025c8,0,0
3261,3261,0,16383,0,0,3c0b,001c,15371,16383,0,00006253000025c8,0,0
3262,3262,0,16383,0,0,3fff,001c,16383,16383,0,00006253000025c8,0,0
3263,3263,0,16383,0,0,3fff,001c,16383,16383,0,00006253000025c8,0,0
3264,3264,0,16383,0,0,3fff,001c,16383,16383,0,00006253000025c8,0,0
3265,3265,0,16383,0,0,3fff,001c,16383,16383,0,00006253000025c8,0,0
3266,3266,0,16383,0,0,3771,001c,14193,16383,0,00006253000025c8,0,0
3267,3267,0,16383,0,0,38b0,001c,14512,16383,0,00006253000025c8,0,0
3268,3268,0,16383,0,0,27ae,001c,10158,16383,0,00006253000025c8,0,0
3269,3269,0,16383,0,0,2065,001c,8293,16383,0,00006253000025c8,0,0
3270,3270,0,16383,0,0,12fa,001c,4858,16383,0,00006253000025c8,0,0
3271,3271,0,16383,0,0,030c,001c,782,16383,0,00006253000025c8,0,0
3272,3272,0,16383,0,0,0000,001c,8,16383,0,00006253000025c8,0,0
3273,3273,0,16383,0,0,0000,001c,0,16383,0,00006253000025c8,0,0
3274,3274,0,16383,0,0,0000,001c,0,16383,0,00006253000025c8,0,0
3275,3275,0,16383,0,0,0000,001c,0,16383,0,00006253000025c8,0,0
3276,3276,0,16383,0,0,0d91,001c,3473,16383,0,00006253000025c8,0,0
3277,3277,0,16383,0,0,1fd5,001c,8149,16383,0,00006253000025c8,0,0
3278,3278,0,16383,0,0,1747,001c,5956,16383,0,00006253000025c8,0,0
3279,3279,0,16383,0,0,3bef,001c,11247,16383,0,00006253000025c8,0,0
3280,3280,0,16383,0,0,35a9,001c,13737,16383,0,00006253000025c8,0,0
3281,3281,0,16383,0,0,3589,001c,14281,16383,0,00006253000025c8,0,0
3282,3282,0,16383,0,0,3ed1,001c,16081,16383,0,00006253000025c8,0,0
3283,3283,0,16383,0,0,3fff,001c,16383,16383,0,00006253000025c8,0,0
3284,3284,0,16383,0,0,3fff,001c,16383,16383,0,00006253000025c8,0,0
3285,3285,0,16383,0,0,3fff,001c,16383,16383,0,00006253000025c8,0,0
3286,3286,0,16383,0,0,3dbc,001c,15804,16383,0,00006253000025c8,0,0
3287,3287,0,16383,0,0,3be5,001c,15333,16383,0,00006253000025c8,0,0
3288,3288,0,16383,0,0,2fea,001c,12266,16383,0,00006253000025c8,0,0
3289,3289,0,16383,0,0,29be,001c,10686,16383,0,00006253000025c8,0,0
3290,3290,0,16383,0,0,1522,001c,5410,16383,0,00006253000025c8,0,0
3291,3291,0,16383,0,0,0652,001c,1618,16383,0,00006253000025c8,0,0
3292,3292,0,16383,0,0,0000,001c,0,16383,0,00006253000025c8,0,0
3293,3293,0,16383,0,0,0000,001c,0,16383,0,00006253000025c8,0,0
3294,3294,0,16383,0,0,0000,001c,0,16383,0,00006253000025c8,0,0
3295,3295,0,16383,0,0,0000,001c,0,16383,0,00006253000025c8,0,0
3296,3296,0,16383,0,0,0a4e,001c,2638,16383,0,00006253000025c8,0,0
3297,3297,0,16383,0,0,193e,001c,6462,16383,0,00006253000025c8,0,0
3298,3298,0,16383,0,0,225c,001c,8796,16383,0,00006253000025c8,0,0
3299,3299,0,16383,0,0,2dd3,001c,11731,16383,0,00006253000025c8,0,0
3300,3300,0,16383,0,0,3a68,001c,14952,16383,0,00006253000025c8,0,0
3301,3301,0,16383,0,0,3cc2,001c,15554,16383,0,00006253000025c8,0,0
3302,3302,0,16383,0,0,3fff,001c,16383,16383,0,00006253000025c8,0,0
3303,3303,0,16383,0,0,3fff,001c,16383,16383,0,00006253000025c8,0,0
3304,3304,0,16383,0,0,3fff,001c,16383,16383,0,00006253000025c8,0,0
3305,3305,0,16383,0,0,3fad,001c,16301,16383,0,00006253000025c8,0,0
3306,3306,0,16383,0,0,36cf,001c,14031,16383,0,00006253000025c8,0,0
3307,3307,0,16383,0,0,33d7,001c,13271,16383,0,00006253000025c8,0,0
3308,3308,0,16383,0,0,266f,001c,9855,16383,0,00006253000025c8,0,0
3309,3309,0,16383,0,0,1eca,001c,7914,16383,0,00006253000025c8,0,0
3310,3310,0,16383,0,0,1fce,001c,8142,16383,0,00006253000025c8,0,0
3311,3311,0,16383,0,0,117d,001c,4477,16383,0,00006253000025c8,0,0
3312,3312,0,16383,0,0,0131,001c,305,16383,0,00006253000025c8,0,0
3313,3313,0,16383,0,0,0000,001c,0,16383,0,00006253000025c8,0,0
3314,3314,0,16383,0,0,0000,001c,0,16383,0,00006253000025c8,0,0
3315,3315,0,16383,0,0,01c6,001c,452,16383,0,00006253000025c8,0,0
3316,3316,0,16383,0,0,0de6,001c,4070,16383,0,00006253000025c8,0,0
3317,3317,0,16383,0,0,0f26,001c,3878,16383,0,00006253000025c8,0,0
3318,3318,0,16383,0,0,1cd2,001c,7378,16383,0,00006253000025c8,0,0
3319,3319,0,16383,0,0,2536,001c,9526,16383,0,00006253000025c8,0,0
3320,3320,0,16383,0,0,32b1,001c,12977,16383,0,00006253000025c8,0,0
3321,3321,0,16383,0,0,361e,001c,13854,16383,0,00006253000025c8,0,0
3322,3322,0,16383,0,0,3f6c,001c,16236,16383,0,00006253000025c8,0,0
3323,3323,0,16383,0,0,3fff,001c,16383,16383,0,00006253000025c8,0,0
3324,3324,0,16383,0,0,3fff,001c,16383,16383,0,00006253000025c8,0,0
3325,3325,0,16383,0,0,3fff,001c,16383,16383,0,00006253000025c8,0,0
3326,3326,0,16383,0,0,3d2f,001c,15663,16383,0,00006253000025c8,0,0
3327,3327,0,16383,0,0,3b3e,001c,15166,16383,0,00006253000025c8,0,0
3328,3328,0,16383,0,0,2eea,001c,12010,16383,0,00006253000025c8,0,0
3329,3329,0,16383,0,0,2846,001c,10310,16383,0,00006253000025c8,0,0
3330,3330,0,16383,0,0,1bbb,001c,7099,16383,0,00006253000025c8,0,0
3331,3331,0,16383,0,0,0488,001c,1160,16383,0,00006253000025c8,0,0
3332,3332,0,16383,0,0,0000,001c,0,16383,0,00006253000025c8,0,0
3333,3333,0,16383,0,0,0000,001c,0,16383,0,00006253000025c8,0,0
3334,3334,0,16383,0,0,0000,001c,0,16383,0,00006253000025c8,0,0
3335,3335,0,16383,0,0,0000,001c,0,16383,0,00006253000025c8,0,0
3336,3336,0,16383,0,0,043b,001c,1083,16383,0,00006253000025c8,0,0
3337,3337,0,16383,0,0,1b17,001c,6935,16383,0,00006253000025c8,0,0
3338,3338,0,16383,0,0,2829,001c,10281,16383,0,00006253000025c8,0,0
3339,3339,0,16383,0,0,2eb1,001c,11953,16383,0,00006253000025c8,0,0
3340,3340,0,16383,0,0,3b45,001c,15173,16383,0,00006253000025c8,0,0
3341,3341,0,16383,0,0,3d4c,001c,15692,16383,0,00006253000025c8,0,0
3342,3342,0,16383,0,0,3fff,001c,16383,16383,0,00006253000025c8,0,0
3343,3343,0,16383,0,0,3fff,001c,16383,16383,0,00006253000025c8,0,0
3344,3344,0,16383,0,0,3fff,001c,16383,16383,0,00006253000025c8,0,0
3345,3345,0,16383,0,0,3f2f,001c,16191,16383,0,00006253000025c8,0,0
3346,3346,0,16383,0,0,3fef,001c,16367,16383,0,00006253000025c8,0,0
3347,3347,0,16383,0,0,37e7,001c,14311,16383,0,00006253000025c8,0,0
3348,3348,0,16383,0,0,36df,001c,14047,16383,0,00006253000025c8,0,0
3349,3349,0,16383,0,0,2d7d,001c,9565,16383,0,00006253000025c8,0,0
3350,3350,0,16383,0,0,1f6d,001c,8036,16383,0,00006253000025c8,0,0
3351,3351,0,16383,0,0,0f59,001c,3929,16383,0,00006253000025c8,0,0
3352,3352,0,16383,0,0,0000,001c,0,16383,0,00006253000025c8,0,0
3353,3353,0,16383,0,0,0000,001c,0,16383,0,00006253000025c8,0,0
3354,3354,0,16383,0,0,0000,001c,0,16383,0,00006253000025c8,0,0
3355,3355,0,16383,0,0,0000,001c,0,16383,0,00006253000025c8,0,0
3356,3356,0,16383,0,0,0267,001c,615,16383,0,00006253000025c8,0,0
3357,3357,0,16383,0,0,10c9,001c,4297,16383,0,00006253000025c8,0,0
3358,3358,0,16383,0,0,1e4c,001c,7756,16383,0,00006253000025c8,0,0
3359,3359,0,16383,0,0,2679,001c,9849,16383,0,00006253000025c8,0,0
3360,3360,0,16383,0,0,33be,001c,13246,16383,0,00006253000025c8,0,0
3361,3361,0,16383,0,0,3705,001c,14085,16383,0,00006253000025c8,0,0
3362,3362,0,16383,0,0,3fda,001c,16346,16383,0,00006253000025c8,0,0
3363,3363,0,16383,0,0,3fff,001c,16383,16383,0,00006253000025c8,0,0
3364,3364,0,16383,0,0,3fff,001c,16383,16383,0,00006253000025c8,0,0
3365,3365,0,16383,0,0,3fff,001c,16383,16383,0,00006253000025c8,0,0
3366,3366,0,16383,0,0,3ca4,001c,15524,16383,0,00006253000025c8,0,0
3367,3367,0,16383,0,0,3a43,001c,14915,16383,0,00006253000025c8,0,0
3368,3368,0,16383,0,0,2d94,001c,11668,16383,0,00006253000025c8,0,0
3369,3369,0,16383,0,0,22d4,001c,8916,16383,0,00006253000025c8,0,0
3370,3370,0,16383,0,0,19d7,001c,6615,16383,0,00006253000025c8,0,0
3371,3371,0,16383,0,0,0a83,001c,2691,16383,0,00006253000025c8,0,0
3372,3372,0,16383,0,0,0000,001c,0,16383,0,00006253000025c8,0,0
3373,3373,0,16383,0,0,0000,001c,0,16383,0,00006253000025c8,0,0
3374,3374,0,16383,0,0,0000,001c,0,16383,0,00006253000025c8,0,0
3375,3375,0,16383,0,0,0000,001c,0,16383,0,00006253000025c8,0,0
3376,3376,0,16383,0,0,0644,001c,1604,16383,0,00006253000025c8,0,0
3377,3377,0,16383,0,0,1492,001c,5266,16383,0,00006253000025c8,0,0
3378,3378,0,16383,0,0,297d,001c,10623,16383,0,00006253000025c8,0,0
3379,3379,0,16383,0,0,2fcb,001c,12251,16383,0,00006253000025c8,0,0
3380,3380,0,16383,0,0,37af,001c,13615,16383,0,00006253000025c8,0,0
3381,3381,0,16383,0,0,3dff,001c,15871,16383,0,00006253000025c8,0,0
3382,3382,0,16383,0,0,3fff,001c,16383,16383,0,00006253000025c8,0,0
3383,3383,0,16383,0,0,3fff,001c,16383,16383,0,00006253000025c8,0,0
3384,3384,0,16383,0,0,3fff,001c,16383,16383,0,00006253000025c8,0,0
3385,3385,0,16383,0,0,3fff,001c,16383,16383,0,00006253000025c8,0,0
3386,3386,0,16383,0,0,3fde,001c,16348,16383,0,00006253000025c8,0,0
3387,3387,0,16383,0,0,35de,001c,13790,16383,0,00006253000025c8,0,0
3388,3388,0,16383,0,0,319b,001c,13275,16383,0,00006253000025c8,0,0
3389,3389,0,16383,0,0,2bcd,001c,11213,16383,0,00006253000025c8,0,0
3390,3390,0,16383,0,0,17d1,001c,6097,16383,0,00006253000025c8,0,0
3391,3391,0,16383,0,0,0d7b,001c,3451,16383,0,00006253000025c8,0,0
3392,3392,0,16383,0,0,0000,001c,0,16383,0,00006253000025c8,0,0
3393,3393,0,16383,0,0,0000,001c,0,16383,0,00006253000025c8,0,0
3394,3394,0,16383,0,0,0000,001c,0,16383,0,00006253000025c8,0,0
3395,3395,0,16383,0,0,0000,001c,0,16383,0,00006253000025c8,0,0
3396,3396,0,16383,0,0,02d1,001c,721,16383,0,00006253000025c8,0,0
3397,3397,0,16383,0,0,12af,001c,4783,16383,0,00006253000025c8,0,0
3398,3398,0,16383,0,0,1fdc,001c,8156,16383,0,00006253000025c8,0,0
3399,3399,0,16383,0,0,2788,001c,10120,16383,0,00006253000025c8,0,0
3400,3400,0,16383,0,0,38be,001c,14526,16383,0,00006253000025c8,0,0
3401,3401,0,16383,0,0,379b,001c,14235,16383,0,00006253000025c8,0,0
3402,3402,0,16383,0,0,3fff,001c,16383,16383,0,00006253000025c8,0,0
3403,3403,0,16383,0,0,3fff,001c,16383,16383,0,00006253000025c8,0,0
3404,3404,0,16383,0,0,3fff,001c,16383,16383,0,00006253000025c8,0,0
3405,3405,0,16383,0,0,3fff,001c,16383,16383,0,00006253000025c8,0,0
3406,3406,0,16383,0,0,3c07,001c,15367,16383,0,00006253000025c8,0,0
3407,3407,0,16383,0,0,396e,001c,14702,16383,0,00006253000025c8,0,0
3408,3408,0,16383,0,0,2ccf,001c,11471,16383,0,00006253000025c8,0,0
3409,3409,0,16383,0,0,219f,001c,8607,16383,0,00006253000025c8,0,0
3410,3410,0,16383,0,0,181a,001c,6170,16383,0,00006253000025c8,0,0
3411,3411,0,16383,0,0,08ac,001c,2220,16383,0,00006253000025c8,0,0
3412,3412,0,16383,0,0,0000,001c,0,16383,0,00006253000025c8,0,0
3413,3413,0,16383,0,0,0000,001c,0,16383,0,00006253000025c8,0,0
3414,3414,0,16383,0,0,0000,001c,0,16383,0,00006253000025c8,0,0
3415,3415,0,16383,0,0,0000,001c,0,16383,0,00006253000025c8,0,0
3416,3416,0,16383,0,0,0c0f,001c,3087,16383,0,00006253000025c8,0,0
3417,3417,0,16383,0,0,1def,001c,7663,16383,0,00006253000025c8,0,0
3418,3418,0,16383,0,0,3def,001c,16366,16383,0,00006253000025c8,0,0
3419,3419,0,16383,0,0,3ad1,001c,15041,16383,0,00006253000025c8,0,0
3420,3420,0,16383,0,0,31ff,001c,12798,16383,0,00006253000025c8,0,0
3421,3421,0,16383,0,0,3eff,001c,16127,16383,0,00006253000025c8,0,0
3422,3422,0,16383,0,0,3fff,001c,16383,16383,0,00006253000025c8,0,0
3423,3423,0,16383,0,0,3fff,001c,16383,16383,0,00006253000025c8,0,0
3424,3424,0,16383,0,0,3fff,001c,16383,16383,0,00006253000025c8,0,0
3425,3425,0,16383,0,0,3fff,001c,16383,16383,0,00006253000025c8,0,0
3426,3426,0,16383,0,0,3e25,001c,15909,16383,0,00006253000025c8,0,0
3427,3427,0,16383,0,0,3472,001c,13426,16383,0,00006253000025c8,0,0
3428,3428,0,16383,0,0,30c4,001c,12484,16383,0,00006253000025c8,0,0
3429,3429,0,16383,0,0,2a92,001c,10898,16383,0,00006253000025c8,0,0
3430,3430,0,16383,0,0,1631,001c,5681,16383,0,00006253000025c8,0,0
3431,3431,0,16383,0,0,07ab,001c,1963,16383,0,00006253000025c8,0,0
3432,3432,0,16383,0,0,0000,001c,0,16383,0,00006253000025c8,0,0
3433,3433,0,16383,0,0,0000,001c,0,16383,0,00006253000025c8,0,0
3434,3434,0,16383,0,0,0000,001c,0,16383,0,00006253000025c8,0,0
3435,3435,0,16383,0,0,0000,001c,0,16383,0,00006253000025c8,0,0
3436,3436,0,16383,0,0,090e,001c,2318,16383,0,00006253000025c8,0,0
3437,3437,0,16383,0,0,181c,001c,6172,16383,0,00006253000025c8,0,0
3438,3438,0,16383,0,0,214c,001c,8524,16383,0,00006253000025c8,0,0
3439,3439,0,16383,0,0,2cec,001c,11500,16383,0,00006253000025c8,0,0
3440,3440,0,16383,0,0,39b2,001c,14770,16383,0,00006253000025c8,0,0
3441,3441,0,16383,0,0,3c4c,001c,15436,16383,0,00006253000025c8,0,0
3442,3442,0,16383,0,0,3fff,001c,16383,16383,0,00006253000025c8,0,0
3443,3443,0,16383,0,0,3fff,001c,16383,16383,0,00006253000025c8,0,0
3444,3444,0,16383,0,0,3fff,001c,16383,16383,0,00006253000025c8,0,0
3445,3445,0,16383,0,0,3fff,001c,16383,16383,0,00006253000025c8,0,0
3446,3446,0,16383,0,0,3749,001c,14153,16383,0,00006253000025c8,0,0
3447,3447,0,16383,0,0,3888,001c,14472,16383,0,00006253000025c8,0,0
3448,3448,0,16383,0,0,273e,001c,10046,16383,0,00006253000025c8,0,0
3449,3449,0,16383,0,0,2001,001c,8193,16383,0,00006253000025c8,0,0
3450,3450,0,16383,0,0,125f,001c,4703,16383,0,00006253000025c8,0,0
3451,3451,0,16383,0,0,026f,001c,639,16383,0,00006253000025c8,0,0
3452,3452,0,16383,0,0,020d,001c,45,16383,0,00006253000025c8,0,0
3453,3453,0,16383,0,0,0000,001c,0,16383,0,00006253000025c8,0,0
3454,3454,0,16383,0,0,0000,001c,0,16383,0,00006253000025c8,0,0
3455,3455,0,16383,0,0,0000,001c,0,16383,0,00006253000025c8,0,0
3456,3456,0,16383,0,0,0dd7,001c,3543,16383,0,00006253000025c8,0,0
3457,3457,0,16383,0,0,1dd7,001c,8151,16383,0,00006253000025c8,0,0
3458,3458,0,16383,0,0,177d,001c,6013,16383,0,00006253000025c8,0,0
3459,3459,0,16383,0,0,35eb,001c,13803,16383,0,00006253000025c8,0,0
3460,3460,0,16383,0,0,31eb,001c,12779,16383,0,00006253000025c8,0,0
3461,3461,0,16383,0,0,35b7,001c,13751,16383,0,00006253000025c8,0,0
3462,3462,0,16383,0,0,3f11,001c,16145,16383,0,00006253000025c8,0,0
3463,3463,0,16383,0,0,3fff,001c,16383,16383,0,00006253000025c8,0,0
3464,3464,0,16383,0,0,3fff,001c,16383,16383,0,00006253000025c8,0,0
3465,3465,0,16383,0,0,3fff,001c,16383,16383,0,00006253000025c8,0,0
3466,3466,0,16383,0,0,3dbd,001c,15805,16383,0,00006253000025c8,0,0
3467,3467,0,16383,0,0,3bc9,001c,15305,16383,0,00006253000025c8,0,0
3468,3468,0,16383,0,0,2f9f,001c,12191,16383,0,00006253000025c8,0,0
3469,3469,0,16383,0,0,295b,001c,10587,16383,0,00006253000025c8,0,0
3470,3470,0,16383,0,0,14b3,001c,5299,16383,0,00006253000025c8,0,0
3471,3471,0,16383,0,0,05d2,001c,1490,16383,0,00006253000025c8,0,0
3472,3472,0,16383,0,0,0000,001c,0,16383,0,00006253000025c8,0,0
3473,3473,0,16383,0,0,0000,001c,0,16383,0,00006253000025c8,0,0
3474,3474,0,16383,0,0,0000,001c,0,16383,0,00006253000025c8,0,0
3475,3475,0,16383,0,0,0000,001c,0,16383,0,00006253000025c8,0,0
3476,3476,0,16383,0,0,0b16,001c,2838,16383,0,00006253000025c8,0,0
3477,3477,0,16383,0,0,19cd,001c,6605,16383,0,00006253000025c8,0,0
3478,3478,0,16383,0,0,22e7,001c,8935,16383,0,00006253000025c8,0,0
3479,3479,0,16383,0,0,2e0b,001c,11787,16383,0,00006253000025c8,0,0
3480,3480,0,16383,0,0,3aaa,001c,15018,16383,0,00006253000025c8,0,0
3481,3481,0,16383,0,0,3cfa,001c,15610,16383,0,00006253000025c8,0,0
3482,3482,0,16383,0,0,3fff,001c,16383,16383,0,00006253000025c8,0,0
3483,3483,0,16383,0,0,3fff,001c,16383,16383,0,00006253000025c8,0,0
3484,3484,0,16383,0,0,3fff,001c,16383,16383,0,00006253000025c8,0,0
3485,3485,0,16383,0,0,3f94,001c,16276,16383,0,00006253000025c8,0,0
3486,3486,0,16383,0,0,3699,001c,13977,16383,0,00006253000025c8,0,0
3487,3487,0,16383,0,0,3371,001c,13177,16383,0,00006253000025c8,0,0
3488,3488,0,16383,0,0,2731,001c,10033,16383,0,00006253000025c8,0,0
3489,3489,0,16383,0,0,3e7b,001c,15995,16383,0,00006253000025c8,0,0
3490,3490,0,16383,0,0,1e7f,001c,7807,16383,0,00006253000025c8,0,0
3491,3491,0,16383,0,0,107f,001c,4223,16383,0,00006253000025c8,0,0
3492,3492,0,16383,0,0,005a,001c,90,16383,0,00006253000025c8,0,0
3493,3493,0,16383,0,0,0000,001c,0,16383,0,00006253000025c8,0,0
3494,3494,0,16383,0,0,0000,001c,0,16383,0,00006253000025c8,0,0
3495,3495,0,16383,0,0,0000,001c,0,16383,0,00006253000025c8,0,0
3496,3496,0,16383,0,0,0020,001c,512,16383,0,00006253000025c8,0,0
3497,3497,0,16383,0,0,0f78,001c,3960,16383,0,00006253000025c8,0,0
3498,3498,0,16383,0,0,1d4c,001c,7500,16383,0,00006253000025c8,0,0
3499,3499,0,16383,0,0,257f,001c,9599,16383,0,00006253000025c8,0,0
3500,3500,0,16383,0,0,32fa,001c,13050,16383,0,00006253000025c8,0,0
3501,3501,0,16383,0,0,3680,001c,13952,16383,0,00006253000025c8,0,0
3502,3502,0,16383,0,0,3f84,001c,16260,16383,0,00006253000025c8,0,0
3503,3503,0,16383,0,0,3fff,001c,16383,16383,0,00006253000025c8,0,0
3504,3504,0,16383,0,0,3fff,001c,16383,16383,0,00006253000025c8,0,0
3505,3505,0,16383,0,0,3fff,001c,16383,16383,0,00006253000025c8,0,0
3506,3506,0,16383,0,0,3cf6,001c,15606,16383,0,00006253000025c8,0,0
3507,3507,0,16383,0,0,3ad7,001c,15063,16383,0,00006253000025c8,0,0
3508,3508,0,16383,0,0,2e6e,001c,11886,16383,0,00006253000025c8,0,0
3509,3509,0,16383,0,0,23ee,001c,9198,16383,0,00006253000025c8,0,0
3510,3510,0,16383,0,0,1b04,001c,6916,16383,0,00006253000025c8,0,0
3511,3511,0,16383,0,0,0bbf,001c,3007,16383,0,00006253000025c8,0,0
3512,3512,0,16383,0,0,0000,001c,0,16383,0,00006253000025c8,0,0
3513,3513,0,16383,0,0,0000,001c,0,16383,0,00006253000025c8,0,0
3514,3514,0,16383,0,0,0000,001c,0,16383,0,00006253000025c8,0,0
3515,3515,0,16383,0,0,0000,001c,0,16383,0,00006253000025c8,0,0
3516,3516,0,16383,0,0,04e9,001c,1257,16383,0,00006253000025c8,0,0
3517,3517,0,16383,0,0,1b7d,001c,7037,16383,0,00006253000025c8,0,0
3518,3518,0,16383,0,0,2866,001c,10342,16383,0,00006253000025c8,0,0
3519,3519,0,16383,0,0,2f31,001c,12081,16383,0,00006253000025c8,0,0
3520,3520,0,16383,0,0,3b64,001c,15204,16383,0,00006253000025c8,0,0
3521,3521,0,16383,0,0,3d67,001c,15719,16383,0,00006253000025c8,0,0
3522,3522,0,16383,0,0,3fff,001c,16383,16383,0,00006253000025c8,0,0
3523,3523,0,16383,0,0,3fff,001c,16383,16383,0,00006253000025c8,0,0
3524,3524,0,16383,0,0,3fff,001c,16383,16383,0,00006253000025c8,0,0
3525,3525,0,16383,0,0,3f9f,001c,16191,16383,0,00006253000025c8,0,0
3526,3526,0,16383,0,0,3fbb,001c,16315,16383,0,00006253000025c8,0,0
3527,3527,0,16383,0,0,37fa,001c,14330,16383,0,00006253000025c8,0,0
3528,3528,0,16383,0,0,327a,001c,12914,16383,0,00006253000025c8,0,0
3529,3529,0,16383,0,0,2cfd,001c,11501,16383,0,00006253000025c8,0,0
3530,3530,0,16383,0,0,1efd,001c,7932,16383,0,00006253000025c8,0,0
3531,3531,0,16383,0,0,0eed,001c,3821,16383,0,00006253000025c8,0,0
3532,3532,0,16383,0,0,0000,001c,0,16383,0,00006253000025c8,0,0
3533,3533,0,16383,0,0,0000,001c,0,16383,0,00006253000025c8,0,0
3534,3534,0,16383,0,0,0000,001c,0,16383,0,00006253000025c8,0,0
3535,3535,0,16383,0,0,0000,001c,0,16383,0,00006253000025c8,0,0
3536,3536,0,16383,0,0,0179,001c,377,16383,0,00006253000025c8,0,0
3537,3537,0,16383,0,0,115f,001c,4447,16383,0,00006253000025c8,0,0
3538,3538,0,16383,0,0,1ec2,001c,7874,16383,0,00006253000025c8,0,0
3539,3539,0,16383,0,0,26bf,001c,9919,16383,0,00006253000025c8,0,0
3540,3540,0,16383,0,0,33f0,001c,13296,16383,0,00006253000025c8,0,0
3541,3541,0,16383,0,0,375f,001c,14175,16383,0,00006253000025c8,0,0
3542,3542,0,16383,0,0,3fff,001c,16383,16383,0,00006253000025c8,0,0
3543,3543,0,16383,0,0,3fff,001c,16383,16383,0,00006253000025c8,0,0
3544,3544,0,16383,0,0,3fff,001c,16383,16383,0,00006253000025c8,0,0
3545,3545,0,16383,0,0,3fff,001c,16383,16383,0,00006253000025c8,0,0
3546,3546,0,16383,0,0,3c65,001c,15461,16383,0,00006253000025c8,0,0
3547,3547,0,16383,0,0,3a0d,001c,14861,16383,0,00006253000025c8,0,0
3548,3548,0,16383,0,0,2d22,001c,11554,16383,0,00006253000025c8,0,0
3549,3549,0,16383,0,0,224d,001c,8781,16383,0,00006253000025c8,0,0
3550,3550,0,16383,0,0,194a,001c,6474,16383,0,00006253000025c8,0,0
3551,3551,0,16383,0,0,09e3,001c,2531,16383,0,00006253000025c8,0,0
3552,3552,0,16383,0,0,0000,001c,0,16383,0,00006253000025c8,0,0
3553,3553,0,16383,0,0,0000,001c,0,16383,0,00006253000025c8,0,0
3554,3554,0,16383,0,0,0000,001c,0,16383,0,00006253000025c8,0,0
3555,3555,0,16383,0,0,0000,001c,0,16383,0,00006253000025c8,0,0
3556,3556,0,16383,0,0,0712,001c,1810,16383,0,00006253000025c8,0,0
3557,3557,0,16383,0,0,14fa,001c,5370,16383,0,00006253000025c8,0,0
3558,3558,0,16383,0,0,29e2,001c,10746,16383,0,00006253000025c8,0,0
3559,3559,0,16383,0,0,319e,001c,12606,16383,0,00006253000025c8,0,0
3560,3560,0,16383,0,0,345e,001c,13406,16383,0,00006253000025c8,0,0
3561,3561,0,16383,0,0,3e5e,001c,15966,16383,0,00006253000025c8,0,0
3562,3562,0,16383,0,0,3fff,001c,16383,16383,0,00006253000025c8,0,0
3563,3563,0,16383,0,0,3fff,001c,16383,16383,0,00006253000025c8,0,0
3564,3564,0,16383,0,0,3fff,001c,16383,16383,0,00006253000025c8,0,0
3565,3565,0,16383,0,0,3fff,001c,16383,16383,0,00006253000025c8,0,0
3566,3566,0,16383,0,0,3eee,001c,16110,16383,0,00006253000025c8,0,0
3567,3567,0,16383,0,0,34ee,001c,13550,16383,0,00006253000025c8,0,0
3568,3568,0,16383,0,0,3180,001c,12672,16383,0,00006253000025c8,0,0
3569,3569,0,16383,0,0,2b87,001c,11143,16383,0,00006253000025c8,0,0
3570,3570,0,16383,0,0,175c,001c,5980,16383,0,00006253000025c8,0,0
3571,3571,0,16383,0,0,0cf3,001c,3315,16383,0,00006253000025c8,0,0
3572,3572,0,16383,0,0,0000,001c,0,16383,0,00006253000025c8,0,0
3573,3573,0,16383,0,0,0000,001c,0,16383,0,00006253000025c8,0,0
3574,3574,0,16383,0,0,0000,001c,0,16383,0,00006253000025c8,0,0
3575,3575,0,16383,0,0,0000,001c,0,16383,0,00006253000025c8,0,0
3576,3576,0,16383,0,0,0392,001c,914,16383,0,00006253000025c8,0,0
3577,3577,0,16383,0,0,1319,001c,4889,16383,0,00006253000025c8,0,0
3578,3578,0,16383,0,0,204d,001c,8269,16383,0,00006253000025c8,0,0
3579,3579,0,16383,0,0,2c33,001c,11315,16383,0,00006253000025c8,0,0
3580,3580,0,16383,0,0,3933,001c,14643,16383,0,00006253000025c8,0,0
3581,3581,0,16383,0,0,37db,001c,14299,16383,0,00006253000025c8,0,0
3582,3582,0,16383,0,0,3fff,001c,16383,16383,0,00006253000025c8,0,0
3583,3583,0,16383,0,0,3fff,001c,16383,16383,0,00006253000025c8,0,0
3584,3584,0,16383,0,0,3fff,001c,16383,16383,0,00006253000025c8,0,0
3585,3585,0,16383,0,0,3fff,001c,16383,16383,0,00006253000025c8,0,0
3586,3586,0,16383,0,0,37a6,001c,14246,16383,0,00006253000025c8,0,0
3587,3587,0,16383,0,0,392a,001c,14634,16383,0,00006253000025c8,0,0
3588,3588,0,16383,0,0,27e9,001c,10217,16383,0,00006253000025c8,0,0
3589,3589,0,16383,0,0,20d5,001c,8405,16383,0,00006253000025c8,0,0
3590,3590,0,16383,0,0,13b0,001c,5040,16383,0,00006253000025c8,0,0
3591,3591,0,16383,0,0,03dc,001c,988,16383,0,00006253000025c8,0,0
3592,3592,0,16383,0,0,0000,001c,0,16383,0,00006253000025c8,0,0
3593,3593,0,16383,0,0,0000,001c,0,16383,0,00006253000025c8,0,0
3594,3594,0,16383,0,0,0000,001c,0,16383,0,00006253000025c8,0,0
3595,3595,0,16383,0,0,0080,001c,128,16383,0,00006253000025c8,0,0
3596,3596,0,16383,0,0,0cd6,001c,3286,16383,0,00006253000025c8,0,0
3597,3597,0,16383,0,0,1ef6,001c,7926,16383,0,00006253000025c8,0,0
3598,3598,0,16383,0,0,3ffa,001c,16378,16383,0,00006253000025c8,0,0
3599,3599,0,16383,0,0,2b7a,001c,11130,16383,0,00006253000025c8,0,0
3600,3600,0,16383,0,0,35cf,001c,13775,16383,0,00006253000025c8,0,0
3601,3601,0,16383,0,0,3fcf,001c,16335,16383,0,00006253000025c8,0,0
3602,3602,0,16383,0,0,3fff,001c,16359,16383,0,00006253000025c8,0,0
3603,3603,0,16383,0,0,3fff,001c,16383,16383,0,00006253000025c8,0,0
3604,3604,0,16383,0,0,3fff,001c,16383,16383,0,00006253000025c8,0,0
3605,3605,0,16383,0,0,3fff,001c,16383,16383,0,00006253000025c8,0,0
3606,3606,0,16383,0,0,3e0d,001c,15885,16383,0,00006253000025c8,0,0
3607,3607,0,16383,0,0,3420,001c,13344,16383,0,00006253000025c8,0,0
3608,3608,0,16383,0,0,3010,001c,12304,16383,0,00006253000025c8,0,0
3609,3609,0,16383,0,0,2a30,001c,10800,16383,0,00006253000025c8,0,0
3610,3610,0,16383,0,0,15c7,001c,5575,16383,0,00006253000025c8,0,0
3611,3611,0,16383,0,0,071d,001c,1821,16383,0,00006253000025c8,0,0
3612,3612,0,16383,0,0,0000,001c,0,16383,0,00006253000025c8,0,0
3613,3613,0,16383,0,0,0000,001c,0,16383,0,00006253000025c8,0,0
3614,3614,0,16383,0,0,0000,001c,0,16383,0,00006253000025c8,0,0
3615,3615,0,16383,0,0,0000,001c,0,16383,0,00006253000025c8,0,0
3616,3616,0,16383,0,0,09b6,001c,2486,16383,0,00006253000025c8,0,0
3617,3617,0,16383,0,0,18d7,001c,6359,16383,0,00006253000025c8,0,0
3618,3618,0,16383,0,0,21c3,001c,8643,16383,0,00006253000025c8,0,0
3619,3619,0,16383,0,0,2d2c,001c,11564,16383,0,00006253000025c8,0,0
3620,3620,0,16383,0,0,3a1c,001c,14876,16383,0,00006253000025c8,0,0
3621,3621,0,16383,0,0,3c8b,001c,15499,16383,0,00006253000025c8,0,0
3622,3622,0,16383,0,0,3fff,001c,16383,16383,0,00006253000025c8,0,0
3623,3623,0,16383,0,0,3fff,001c,16383,16383,0,00006253000025c8,0,0
3624,3624,0,16383,0,0,3fff,001c,16383,16383,0,00006253000025c8,0,0
3625,3625,0,16383,0,0,3fe3,001c,16355,16383,0,00006253000025c8,0,0
3626,3626,0,16383,0,0,36e0,001c,14048,16383,0,00006253000025c8,0,0
3627,3627,0,16383,0,0,3805,001c,14341,16383,0,00006253000025c8,0,0
3628,3628,0,16383,0,0,26df,001c,9951,16383,0,00006253000025c8,0,0
3629,3629,0,16383,0,0,1f5d,001c,8031,16383,0,00006253000025c8,0,0
3630,3630,0,16383,0,0,11af,001c,4543,16383,0,00006253000025c8,0,0
3631,3631,0,16383,0,0,019f,001c,447,16383,0,00006253000025c8,0,0
3632,3632,0,16383,0,0,019d,001c,413,16383,0,00006253000025c8,0,0
3633,3633,0,16383,0,0,0000,001c,0,16383,0,00006253000025c8,0,0
3634,3634,0,16383,0,0,0000,001c,0,16383,0,00006253000025c8,0,0
3635,3635,0,16383,0,0,00a1,001c,161,16383,0,00006253000025c8,0,0
3636,3636,0,16383,0,0,0eb1,001c,3761,16383,0,00006253000025c8,0,0
3637,3637,0,16383,0,0,1ef5,001c,7925,16383,0,00006253000025c8,0,0
3638,3638,0,16383,0,0,1c54,001c,7252,16383,0,00006253000025c8,0,0
3639,3639,0,16383,0,0,24cd,001c,9421,16383,0,00006253000025c8,0,0
3640,3640,0,16383,0,0,327e,001c,12926,16383,0,00006253000025c8,0,0
3641,3641,0,16383,0,0,35e8,001c,13800,16383,0,00006253000025c8,0,0
3642,3642,0,16383,0,0,3f19,001c,16153,16383,0,00006253000025c8,0,0
3643,3643,0,16383,0,0,3fff,001c,16383,16383,0,00006253000025c8,0,0
3644,3644,0,16383,0,0,3fff,001c,16383,16383,0,00006253000025c8,0,0
3645,3645,0,16383,0,0,3fff,001c,16383,16383,0,00006253000025c8,0,0
3646,3646,0,16383,0,0,3d4d,001c,15693,16383,0,00006253000025c8,0,0
3647,3647,0,16383,0,0,3b6b,001c,15211,16383,0,00006253000025c8,0,0
3648,3648,0,16383,0,0,2f1e,001c,12062,16383,0,00006253000025c8,0,0
3649,3649,0,16383,0,0,28b3,001c,10419,16383,0,00006253000025c8,0,0
3650,3650,0,16383,0,0,1411,001c,5137,16383,0,00006253000025c8,0,0
3651,3651,0,16383,0,0,0516,001c,1302,16383,0,00006253000025c8,0,0
3652,3652,0,16383,0,0,0000,001c,0,16383,0,00006253000025c8,0,0
3653,3653,0,16383,0,0,0000,001c,0,16383,0,00006253000025c8,0,0
3654,3654,0,16383,0,0,0000,001c,0,16383,0,00006253000025c8,0,0
3655,3655,0,16383,0,0,0000,001c,0,16383,0,00006253000025c8,0,0
3656,3656,0,16383,0,0,0b97,001c,2967,16383,0,00006253000025c8,0,0
3657,3657,0,16383,0,0,1a44,001c,6724,16383,0,00006253000025c8,0,0
3658,3658,0,16383,0,0,2384,001c,9092,16383,0,00006253000025c8,0,0
3659,3659,0,16383,0,0,2e77,001c,11895,16383,0,00006253000025c8,0,0
3660,3660,0,16383,0,0,3ae3,001c,15075,16383,0,00006253000025c8,0,0
3661,3661,0,16383,0,0,3d28,001c,15656,16383,0,00006253000025c8,0,0
3662,3662,0,16383,0,0,3fff,001c,16383,16383,0,00006253000025c8,0,0
3663,3663,0,16383,0,0,3fff,001c,16383,16383,0,00006253000025c8,0,0
3664,3664,0,16383,0,0,3fff,001c,16383,16383,0,00006253000025c8,0,0
3665,3665,0,16383,0,0,3f71,001c,16241,16383,0,00006253000025c8,0,0
3666,3666,0,16383,0,0,3651,001c,13905,16383,0,00006253000025c8,0,0
3667,3667,0,16383,0,0,3313,001c,13075,16383,0,00006253000025c8,0,0
3668,3668,0,16383,0,0,377e,001c,14206,16383,0,00006253000025c8,0,0
3669,3669,0,16383,0,0,3dff,001c,15870,16383,0,00006253000025c8,0,0
3670,3670,0,16383,0,0,1dfd,001c,7669,16383,0,00006253000025c8,0,0
3671,3671,0,16383,0,0,100e,001c,4110,16383,0,00006253000025c8,0,0
3672,3672,0,16383,0,0,0000,001c,0,16383,0,00006253000025c8,0,0
3673,3673,0,16383,0,0,0000,001c,0,16383,0,00006253000025c8,0,0
3674,3674,0,16383,0,0,0000,001c,0,16383,0,00006253000025c8,0,0
3675,3675,0,16383,0,0,0100,001c,256,16383,0,00006253000025c8,0,0
3676,3676,0,16383,0,0,0109,001c,265,16383,0,00006253000025c8,0,0
3677,3677,0,16383,0,0,1046,001c,4166,16383,0,00006253000025c8,0,0
3678,3678,0,16383,0,0,1d90,001c,7568,16383,0,00006253000025c8,0,0
3679,3679,0,16383,0,0,25d8,001c,9688,16383,0,00006253000025c8,0,0
3680,3680,0,16383,0,0,333e,001c,13118,16383,0,00006253000025c8,0,0
3681,3681,0,16383,0,0,36b4,001c,14004,16383,0,00006253000025c8,0,0
3682,3682,0,16383,0,0,3fa3,001c,16291,16383,0,00006253000025c8,0,0
3683,3683,0,16383,0,0,3fff,001c,16383,16383,0,00006253000025c8,0,0
3684,3684,0,16383,0,0,3fff,001c,16383,16383,0,00006253000025c8,0,0
3685,3685,0,16383,0,0,3fff,001c,16383,16383,0,00006253000025c8,0,0
3686,3686,0,16383,0,0,3cc8,001c,15560,16383,0,00006253000025c8,0,0
3687,3687,0,16383,0,0,3a8e,001c,14990,16383,0,00006253000025c8,0,0
3688,3688,0,16383,0,0,2e1a,001c,11802,16383,0,00006253000025c8,0,0
3689,3689,0,16383,0,0,2342,001c,9026,16383,0,00006253000025c8,0,0
3690,3690,0,16383,0,0,1a69,001c,6761,16383,0,00006253000025c8,0,0
3691,3691,0,16383,0,0,0b30,001c,2864,16383,0,00006253000025c8,0,0
3692,3692,0,16383,0,0,0000,001c,0,16383,0,00006253000025c8,0,0
3693,3693,0,16383,0,0,0000,001c,0,16383,0,00006253000025c8,0,0
3694,3694,0,16383,0,0,0000,001c,0,16383,0,00006253000025c8,0,0
3695,3695,0,16383,0,0,0000,001c,0,16383,0,00006253000025c8,0,0
3696,3696,0,16383,0,0,0594,001c,1428,16383,0,00006253000025c8,0,0
3697,3697,0,16383,0,0,1bef,001c,7151,16383,0,00006253000025c8,0,0
3698,3698,0,16383,0,0,28f2,001c,10482,16383,0,00006253000025c8,0,0
3699,3699,0,16383,0,0,2f83,001c,12163,16383,0,00006253000025c8,0,0
3700,3700,0,16383,0,0,3bd2,001c,15314,16383,0,00006253000025c8,0,0
3701,3701,0,16383,0,0,3db3,001c,15795,16383,0,00006253000025c8,0,0
3702,3702,0,16383,0,0,3fff,001c,16383,16383,0,00006253000025c8,0,0
3703,3703,0,16383,0,0,3fff,001c,16383,16383,0,00006253000025c8,0,0
3704,3704,0,16383,0,0,3fff,001c,16383,16383,0,00006253000025c8,0,0
3705,3705,0,16383,0,0,3eff,001c,16383,16383,0,00006253000025c8,0,0
3706,3706,0,16383,0,0,3ffb,001c,16379,16383,0,00006253000025c8,0,0
3707,3707,0,16383,0,0,379b,001c,14235,16383,0,00006253000025c8,0,0
3708,3708,0,16383,0,0,321f,001c,12828,16383,0,00006253000025c8,0,0
3709,3709,0,16383,0,0,246f,001c,9327,16383,0,00006253000025c8,0,0
3710,3710,0,16383,0,0,1c73,001c,7795,16383,0,00006253000025c8,0,0
3711,3711,0,16383,0,0,0e31,001c,3633,16383,0,00006253000025c8,0,0
3712,3712,0,16383,0,0,0000,001c,0,16383,0,00006253000025c8,0,0
3713,3713,0,16383,0,0,0000,001c,0,16383,0,00006253000025c8,0,0
3714,3714,0,16383,0,0,0000,001c,0,16383,0,00006253000025c8,0,0
3715,3715,0,16383,0,0,0000,001c,0,16383,0,00006253000025c8,0,0
3716,3716,0,16383,0,0,0276,001c,630,16383,0,00006253000025c8,0,0
3717,3717,0,16383,0,0,1219,001c,4633,16383,0,00006253000025c8,0,0
3718,3718,0,16383,0,0,1f54,001c,8020,16383,0,00006253000025c8,0,0
3719,3719,0,16383,0,0,2715,001c,10005,16383,0,00006253000025c8,0,0
3720,3720,0,16383,0,0,3857,001c,14423,16383,0,00006253000025c8,0,0
3721,3721,0,16383,0,0,3760,001c,14176,16383,0,00006253000025c8,0,0
3722,3722,0,16383,0,0,3fff,001c,16383,16383,0,00006253000025c8,0,0
3723,3723,0,16383,0,0,3fff,001c,16383,16383,0,00006253000025c8,0,0
3724,3724,0,16383,0,0,3fff,001c,16383,16383,0,00006253000025c8,0,0
3725,3725,0,16383,0,0,3fff,001c,16383,16383,0,00006253000025c8,0,0
3726,3726,0,16383,0,0,3c55,001c,15445,16383,0,00006253000025c8,0,0
3727,3727,0,16383,0,0,399e,001c,14750,16383,0,00006253000025c8,0,0
3728,3728,0,16383,0,0,2cda,001c,11482,16383,0,00006253000025c8,0,0
3729,3729,0,16383,0,0,21f6,001c,8694,16383,0,00006253000025c8,0,0
3730,3730,0,16383,0,0,1901,001c,6401,16383,0,00006253000025c8,0,0
3731,3731,0,16383,0,0,0938,001c,2360,16383,0,00006253000025c8,0,0
3732,3732,0,16383,0,0,0000,001c,0,16383,0,00006253000025c8,0,0
3733,3733,0,16383,0,0,0000,001c,0,16383,0,00006253000025c8,0,0
3734,3734,0,16383,0,0,0000,001c,0,16383,0,00006253000025c8,0,0
3735,3735,0,16383,0,0,0000,001c,0,16383,0,00006253000025c8,0,0
3736,3736,0,16383,0,0,0782,001c,1922,16383,0,00006253000025c8,0,0
3737,3737,0,16383,0,0,158d,001c,5519,16383,0,00006253000025c8,0,0
3738,3738,0,16383,0,0,2bcd,001c,11085,16383,0,00006253000025c8,0,0
3739,3739,0,16383,0,0,3ad8,001c,15064,16383,0,00006253000025c8,0,0
3740,3740,0,16383,0,0,34b2,001c,13490,16383,0,00006253000025c8,0,0
3741,3741,0,16383,0,0,3efb,001c,16123,16383,0,00006253000025c8,0,0
3742,3742,0,16383,0,0,3fff,001c,16383,16383,0,00006253000025c8,0,0
3743,3743,0,16383,0,0,3fff,001c,16383,16383,0,00006253000025c8,0,0
3744,3744,0,16383,0,0,3fff,001c,16383,16383,0,00006253000025c8,0,0
3745,3745,0,16383,0,0,3fff,001c,16383,16383,0,00006253000025c8,0,0
3746,3746,0,16383,0,0,3ef0,001c,16112,16383,0,00006253000025c8,0,0
3747,3747,0,16383,0,0,34d0,001c,13520,16383,0,00006253000025c8,0,0
3748,3748,0,16383,0,0,3115,001c,12565,16383,0,00006253000025c8,0,0
3749,3749,0,16383,0,0,2b15,001c,11029,16383,0,00006253000025c8,0,0
3750,3750,0,16383,0,0,16f4,001c,5876,16383,0,00006253000025c8,0,0
3751,3751,0,16383,0,0,0c5f,001c,3167,16383,0,00006253000025c8,0,0
3752,3752,0,16383,0,0,0000,001c,0,16383,0,00006253000025c8,0,0
3753,3753,0,16383,0,0,0000,001c,0,16383,0,00006253000025c8,0,0
3754,3754,0,16383,0,0,0000,001c,0,16383,0,00006253000025c8,0,0
3755,3755,0,16383,0,0,0000,001c,0,16383,0,00006253000025c8,0,0
3756,3756,0,16383,0,0,0840,001c,2112,16383,0,00006253000025c8,0,0
3757,3757,0,16383,0,0,139c,001c,5020,16383,0,00006253000025c8,0,0
3758,3758,0,16383,0,0,20be,001c,8382,16383,0,00006253000025c8,0,0
3759,3759,0,16383,0,0,2c58,001c,11352,16383,0,00006253000025c8,0,0
3760,3760,0,16383,0,0,3944,001c,14660,16383,0,00006253000025c8,0,0
3761,3761,0,16383,0,0,3c2e,001c,15406,16383,0,00006253000025c8,0,0
3762,3762,0,16383,0,0,3fff,001c,16383,16383,0,00006253000025c8,0,0
3763,3763,0,16383,0,0,3fff,001c,16383,16383,0,00006253000025c8,0,0
3764,3764,0,16383,0,0,3fff,001c,16383,16383,0,00006253000025c8,0,0
3765,3765,0,16383,0,0,3fff,001c,16383,16383,0,00006253000025c8,0,0
3766,3766,0,16383,0,0,377a,001c,14202,16383,0,00006253000025c8,0,0
3767,3767,0,16383,0,0,38b2,001c,14514,16383,0,00006253000025c8,0,0
3768,3768,0,16383,0,0,27ac,001c,10156,16383,0,00006253000025c8,0,0
3769,3769,0,16383,0,0,209c,001c,8348,16383,0,00006253000025c8,0,0
3770,3770,0,16383,0,0,1326,001c,4902,16383,0,00006253000025c8,0,0
3771,3771,0,16383,0,0,036a,001c,874,16383,0,00006253000025c8,0,0
3772,3772,0,16383,0,0,0000,001c,2,16383,0,00006253000025c8,0,0
3773,3773,0,16383,0,0,0000,001c,0,16383,0,00006253000025c8,0,0
3774,3774,0,16383,0,0,0000,001c,0,16383,0,00006253000025c8,0,0
3775,3775,0,16383,0,0,0000,001c,0,16383,0,00006253000025c8,0,0
3776,3776,0,16383,0,0,0d51,001c,3409,16383,0,00006253000025c8,0,0
3777,3777,0,16383,0,0,1f59,001c,8025,16383,0,00006253000025c8,0,0
3778,3778,0,16383,0,0,17ba,001c,6074,16383,0,00006253000025c8,0,0
3779,3779,0,16383,0,0,3baa,001c,15274,16383,0,00006253000025c8,0,0
3780,3780,0,16383,0,0,3594,001c,13716,16383,0,00006253000025c8,0,0
3781,3781,0,16383,0,0,3fd4,001c,16340,16383,0,00006253000025c8,0,0
3782,3782,0,16383,0,0,3ed4,001c,16084,16383,0,00006253000025c8,0,0
3783,3783,0,16383,0,0,3fff,001c,16383,16383,0,00006253000025c8,0,0
3784,3784,0,16383,0,0,3fff,001c,16383,16383,0,00006253000025c8,0,0
3785,3785,0,16383,0,0,3fff,001c,16383,16383,0,00006253000025c8,0,0
3786,3786,0,16383,0,0,3dfe,001c,15870,16383,0,00006253000025c8,0,0
3787,3787,0,16383,0,0,3420,001c,13344,16383,0,00006253000025c8,0,0
3788,3788,0,16383,0,0,2fd4,001c,12244,16383,0,00006253000025c8,0,0
3789,3789,0,16383,0,0,2998,001c,10648,16383,0,00006253000025c8,0,0
3790,3790,0,16383,0,0,152c,001c,5420,16383,0,00006253000025c8,0,0
3791,3791,0,16383,0,0,0678,001c,1656,16383,0,00006253000025c8,0,0
3792,3792,0,16383,0,0,0000,001c,0,16383,0,00006253000025c8,0,0
3793,3793,0,16383,0,0,0000,001c,0,16383,0,00006253000025c8,0,0
3794,3794,0,16383,0,0,0000,001c,0,16383,0,00006253000025c8,0,0
3795,3795,0,16383,0,0,0000,001c,0,16383,0,00006253000025c8,0,0
3796,3796,0,16383,0,0,0a87,001c,2695,16383,0,00006253000025c8,0,0
3797,3797,0,16383,0,0,1932,001c,6450,16383,0,00006253000025c8,0,0
3798,3798,0,16383,0,0,2274,001c,8820,16383,0,00006253000025c8,0,0
3799,3799,0,16383,0,0,2da4,001c,11684,16383,0,00006253000025c8,0,0
3800,3800,0,16383,0,0,3a4c,001c,14924,16383,0,00006253000025c8,0,0
3801,3801,0,16383,0,0,3ca4,001c,15524,16383,0,00006253000025c8,0,0
3802,3802,0,16383,0,0,3fff,001c,16383,16383,0,00006253000025c8,0,0
3803,3803,0,16383,0,0,3fff,001c,16383,16383,0,00006253000025c8,0,0
3804,3804,0,16383,0,0,3fff,001c,16383,16383,0,00006253000025c8,0,0
3805,3805,0,16383,0,0,3f91,001c,16273,16383,0,00006253000025c8,0,0
3806,3806,0,16383,0,0,3695,001c,13973,16383,0,00006253000025c8,0,0
3807,3807,0,16383,0,0,33ee,001c,13294,16383,0,00006253000025c8,0,0
3808,3808,0,16383,0,0,2662,001c,9826,16383,0,00006253000025c8,0,0
3809,3809,0,16383,0,0,1f0e,001c,7950,16383,0,00006253000025c8,0,0
3810,3810,0,16383,0,0,134e,001c,4430,16383,0,00006253000025c8,0,0
3811,3811,0,16383,0,0,115d,001c,4445,16383,0,00006253000025c8,0,0
3812,3812,0,16383,0,0,011d,001c,285,16383,0,00006253000025c8,0,0
3813,3813,0,16383,0,0,0000,001c,0,16383,0,00006253000025c8,0,0
3814,3814,0,16383,0,0,0000,001c,0,16383,0,00006253000025c8,0,0
3815,3815,0,16383,0,0,022d,001c,557,16383,0,00006253000025c8,0,0
3816,3816,0,16383,0,0,0f2d,001c,3885,16383,0,00006253000025c8,0,0
3817,3817,0,16383,0,0,1f09,001c,8065,16383,0,00006253000025c8,0,0
3818,3818,0,16383,0,0,1c99,001c,7321,16383,0,00006253000025c8,0,0
3819,3819,0,16383,0,0,2512,001c,9490,16383,0,00006253000025c8,0,0
3820,3820,0,16383,0,0,32da,001c,13018,16383,0,00006253000025c8,0,0
3821,3821,0,16383,0,0,361c,001c,13852,16383,0,00006253000025c8,0,0
3822,3822,0,16383,0,0,3f18,001c,16152,16383,0,00006253000025c8,0,0
3823,3823,0,16383,0,0,3fff,001c,16383,16383,0,00006253000025c8,0,0
3824,3824,0,16383,0,0,3fff,001c,16383,16383,0,00006253000025c8,0,0
3825,3825,0,16383,0,0,3fff,001c,16383,16383,0,00006253000025c8,0,0
3826,3826,0,16383,0,0,3d54,001c,15700,16383,0,00006253000025c8,0,0
3827,3827,0,16383,0,0,3b22,001c,15138,16383,0,00006253000025c8,0,0
3828,3828,0,16383,0,0,2ec1,001c,11969,16383,0,00006253000025c8,0,0
3829,3829,0,16383,0,0,283c,001c,10300,16383,0,00006253000025c8,0,0
3830,3830,0,16383,0,0,1b8f,001c,7055,16383,0,00006253000025c8,0,0
3831,3831,0,16383,0,0,04a8,001c,1192,16383,0,00006253000025c8,0,0
3832,3832,0,16383,0,0,0000,001c,0,16383,0,00006253000025c8,0,0
3833,3833,0,16383,0,0,0000,001c,0,16383,0,00006253000025c8,0,0
3834,3834,0,16383,0,0,0000,001c,0,16383,0,00006253000025c8,0,0
3835,3835,0,16383,0,0,0000,001c,0,16383,0,00006253000025c8,0,0
3836,3836,0,16383,0,0,0448,001c,1096,16383,0,00006253000025c8,0,0
3837,3837,0,16383,0,0,1aeb,001c,6891,16383,0,00006253000025c8,0,0
3838,3838,0,16383,0,0,23cc,001c,9164,16383,0,00006253000025c8,0,0
3839,3839,0,16383,0,0,2ebe,001c,11966,16383,0,00006253000025c8,0,0
3840,3840,0,16383,0,0,3b2e,001c,15150,16383,0,00006253000025c8,0,0
3841,3841,0,16383,0,0,3d5a,001c,15706,16383,0,00006253000025c8,0,0
3842,3842,0,16383,0,0,3fff,001c,16383,16383,0,00006253000025c8,0,0
3843,3843,0,16383,0,0,3fff,001c,16383,16383,0,00006253000025c8,0,0
3844,3844,0,16383,0,0,3fff,001c,16383,16383,0,00006253000025c8,0,0
3845,3845,0,16383,0,0,3f47,001c,16199,16383,0,00006253000025c8,0,0
3846,3846,0,16383,0,0,371f,001c,14111,16383,0,00006253000025c8,0,0
3847,3847,0,16383,0,0,36ff,001c,14079,16383,0,00006253000025c8,0,0
3848,3848,0,16383,0,0,37ed,001c,14309,16383,0,00006253000025c8,0,0
3849,3849,0,16383,0,0,3d5d,001c,15709,16383,0,00006253000025c8,0,0
3850,3850,0,16383,0,0,1d5d,001c,8029,16383,0,00006253000025c8,0,0
3851,3851,0,16383,0,0,0f8a,001c,3978,16383,0,00006253000025c8,0,0
3852,3852,0,16383,0,0,0000,001c,0,16383,0,00006253000025c8,0,0
3853,3853,0,16383,0,0,0000,001c,0,16383,0,00006253000025c8,0,0
3854,3854,0,16383,0,0,0000,001c,0,16383,0,00006253000025c8,0,0
3855,3855,0,16383,0,0,0000,001c,0,16383,0,00006253000025c8,0,0
3856,3856,0,16383,0,0,0263,001c,611,16383,0,00006253000025c8,0,0
3857,3857,0,16383,0,0,110c,001c,4364,16383,0,00006253000025c8,0,0
3858,3858,0,16383,0,0,1e6c,001c,7788,16383,0,00006253000025c8,0,0
3859,3859,0,16383,0,0,2661,001c,9825,16383,0,00006253000025c8,0,0
3860,3860,0,16383,0,0,33a3,001c,13219,16383,0,00006253000025c8,0,0
3861,3861,0,16383,0,0,3707,001c,14087,16383,0,00006253000025c8,0,0
3862,3862,0,16383,0,0,3ffc,001c,16380,16383,0,00006253000025c8,0,0
3863,3863,0,16383,0,0,3fff,001c,16383,16383,0,00006253000025c8,0,0
3864,3864,0,16383,0,0,3fff,001c,16383,16383,0,00006253000025c8,0,0
3865,3865,0,16383,0,0,3fff,001c,16383,16383,0,00006253000025c8,0,0
3866,3866,0,16383,0,0,3c91,001c,15505,16383,0,00006253000025c8,0,0
3867,3867,0,16383,0,0,3a56,001c,14934,16383,0,00006253000025c8,0,0
3868,3868,0,16383,0,0,2da5,001c,11685,16383,0,00006253000025c8,0,0
3869,3869,0,16383,0,0,22a2,001c,8866,16383,0,00006253000025c8,0,0
3870,3870,0,16383,0,0,19c3,001c,6595,16383,0,00006253000025c8,0,0
3871,3871,0,16383,0,0,0a54,001c,2644,16383,0,00006253000025c8,0,0
3872,3872,0,16383,0,0,0000,001c,0,16383,0,00006253000025c8,0,0
3873,3873,0,16383,0,0,0000,001c,0,16383,0,00006253000025c8,0,0
3874,3874,0,16383,0,0,0000,001c,0,16383,0,00006253000025c8,0,0
3875,3875,0,16383,0,0,0000,001c,0,16383,0,00006253000025c8,0,0
3876,3876,0,16383,0,0,063e,001c,1598,16383,0,00006253000025c8,0,0
3877,3877,0,16383,0,0,147c,001c,5244,16383,0,00006253000025c8,0,0
3878,3878,0,16383,0,0,297d,001c,10621,16383,0,00006253000025c8,0,0
3879,3879,0,16383,0,0,2fe5,001c,12261,16383,0,00006253000025c8,0,0
3880,3880,0,16383,0,0,3402,001c,13315,16383,0,00006253000025c8,0,0
3881,3881,0,16383,0,0,3e0b,001c,15883,16383,0,00006253000025c8,0,0
3882,3882,0,16383,0,0,3fff,001c,16383,16383,0,00006253000025c8,0,0
3883,3883,0,16383,0,0,3fff,001c,16383,16383,0,00006253000025c8,0,0
3884,3884,0,16383,0,0,3fff,001c,16383,16383,0,00006253000025c8,0,0
3885,3885,0,16383,0,0,3fff,001c,16383,16383,0,00006253000025c8,0,0
3886,3886,0,16383,0,0,3ffa,001c,16378,16383,0,00006253000025c8,0,0
3887,3887,0,16383,0,0,35ee,001c,13806,16383,0,00006253000025c8,0,0
3888,3888,0,16383,0,0,31ac,001c,12716,16383,0,00006253000025c8,0,0
3889,3889,0,16383,0,0,2bd3,001c,11219,16383,0,00006253000025c8,0,0
3890,3890,0,16383,0,0,1c21,001c,7201,16383,0,00006253000025c8,0,0
3891,3891,0,16383,0,0,0d95,001c,3477,16383,0,00006253000025c8,0,0
3892,3892,0,16383,0,0,0000,001c,0,16383,0,00006253000025c8,0,0
3893,3893,0,16383,0,0,0000,001c,0,16383,0,00006253000025c8,0,0
3894,3894,0,16383,0,0,0000,001c,0,16383,0,00006253000025c8,0,0
3895,3895,0,16383,0,0,0000,001c,0,16383,0,00006253000025c8,0,0
3896,3896,0,16383,0,0,02e7,001c,743,16383,0,00006253000025c8,0,0
3897,3897,0,16383,0,0,1287,001c,4743,16383,0,00006253000025c8,0,0
3898,3898,0,16383,0,0,1f9b,001c,8091,16383,0,00006253000025c8,0,0
3899,3899,0,16383,0,0,2788,001c,10120,16383,0,00006253000025c8,0,0
3900,3900,0,16383,0,0,38ac,001c,14508,16383,0,00006253000025c8,0,0
3901,3901,0,16383,0,0,37ab,001c,14251,16383,0,00006253000025c8,0,0
3902,3902,0,16383,0,0,3fff,001c,16383,16383,0,00006253000025c8,0,0
3903,3903,0,16383,0,0,3fff,001c,16383,16383,0,00006253000025c8,0,0
3904,3904,0,16383,0,0,3fff,001c,16383,16383,0,00006253000025c8,0,0
3905,3905,0,16383,0,0,3fff,001c,16383,16383,0,00006253000025c8,0,0
3906,3906,0,16383,0,0,3c33,001c,15411,16383,0,00006253000025c8,0,0
3907,3907,0,16383,0,0,3948,001c,14664,16383,0,00006253000025c8,0,0
3908,3908,0,16383,0,0,2c64,001c,11364,16383,0,00006253000025c8,0,0
3909,3909,0,16383,0,0,216e,001c,8558,16383,0,00006253000025c8,0,0
3910,3910,0,16383,0,0,1814,001c,6164,16383,0,00006253000025c8,0,0
3911,3911,0,16383,0,0,08ba,001c,2234,16383,0,00006253000025c8,0,0
3912,3912,0,16383,0,0,0000,001c,0,16383,0,00006253000025c8,0,0
3913,3913,0,16383,0,0,0000,001c,0,16383,0,00006253000025c8,0,0
3914,3914,0,16383,0,0,0000,001c,0,16383,0,00006253000025c8,0,0
3915,3915,0,16383,0,0,0000,001c,0,16383,0,00006253000025c8,0,0
3916,3916,0,16383,0,0,0c24,001c,3108,16383,0,00006253000025c8,0,0
3917,3917,0,16383,0,0,160d,001c,5677,16383,0,00006253000025c8,0,0
3918,3918,0,16383,0,0,3ebb,001c,16057,16383,0,00006253000025c8,0,0
3919,3919,0,16383,0,0,3aff,001c,15103,16383,0,00006253000025c8,0,0
3920,3920,0,16383,0,0,35ff,001c,13823,16383,0,00006253000025c8,0,0
3921,3921,0,16383,0,0,351e,001c,13598,16383,0,00006253000025c8,0,0
3922,3922,0,16383,0,0,3fff,001c,16383,16383,0,00006253000025c8,0,0
3923,3923,0,16383,0,0,3fff,001c,16383,16383,0,00006253000025c8,0,0
3924,3924,0,16383,0,0,3fff,001c,16383,16383,0,00006253000025c8,0,0
3925,3925,0,16383,0,0,3fff,001c,16383,16383,0,00006253000025c8,0,0
3926,3926,0,16383,0,0,3e5a,001c,15962,16383,0,00006253000025c8,0,0
3927,3927,0,16383,0,0,3489,001c,13449,16383,0,00006253000025c8,0,0
3928,3928,0,16383,0,0,30a8,001c,12456,16383,0,00006253000025c8,0,0
3929,3929,0,16383,0,0,2a8a,001c,10890,16383,0,00006253000025c8,0,0
3930,3930,0,16383,0,0,1653,001c,5715,16383,0,00006253000025c8,0,0
3931,3931,0,16383,0,0,07c8,001c,1992,16383,0,00006253000025c8,0,0
3932,3932,0,16383,0,0,0000,001c,0,16383,0,00006253000025c8,0,0
3933,3933,0,16383,0,0,0000,001c,0,16383,0,00006253000025c8,0,0
3934,3934,0,16383,0,0,0000,001c,0,16383,0,00006253000025c8,0,0
3935,3935,0,16383,0,0,0000,001c,0,16383,0,00006253000025c8,0,0
3936,3936,0,16383,0,0,08d8,001c,2264,16383,0,00006253000025c8,0,0
3937,3937,0,16383,0,0,1801,001c,6145,16383,0,00006253000025c8,0,0
3938,3938,0,16383,0,0,2122,001c,8482,16383,0,00006253000025c8,0,0
3939,3939,0,16383,0,0,2cb8,001c,11448,16383,0,00006253000025c8,0,0
3940,3940,0,16383,0,0,39a8,001c,14760,16383,0,00006253000025c8,0,0
3941,3941,0,16383,0,0,3c2f,001c,15407,16383,0,00006253000025c8,0,0
3942,3942,0,16383,0,0,3fff,001c,16383,16383,0,00006253000025c8,0,0
3943,3943,0,16383,0,0,3fff,001c,16383,16383,0,00006253000025c8,0,0
3944,3944,0,16383,0,0,3fff,001c,16383,16383,0,00006253000025c8,0,0
3945,3945,0,16383,0,0,3fff,001c,16383,16383,0,00006253000025c8,0,0
3946,3946,0,16383,0,0,374b,001c,14155,16383,0,00006253000025c8,0,0
3947,3947,0,16383,0,0,3892,001c,14482,16383,0,00006253000025c8,0,0
3948,3948,0,16383,0,0,2747,001c,10055,16383,0,00006253000025c8,0,0
3949,3949,0,16383,0,0,200e,001c,8206,16383,0,00006253000025c8,0,0
3950,3950,0,16383,0,0,1276,001c,4726,16383,0,00006253000025c8,0,0
3951,3951,0,16383,0,0,028f,001c,655,16383,0,00006253000025c8,0,0
3952,3952,0,16383,0,0,0002,001c,11,16383,0,00006253000025c8,0,0
3953,3953,0,16383,0,0,0000,001c,0,16383,0,00006253000025c8,0,0
3954,3954,0,16383,0,0,0000,001c,0,16383,0,00006253000025c8,0,0
3955,3955,0,16383,0,0,0000,001c,0,16383,0,00006253000025c8,0,0
3956,3956,0,16383,0,0,0de6,001c,3558,16383,0,00006253000025c8,0,0
3957,3957,0,16383,0,0,1de6,001c,8166,16383,0,00006253000025c8,0,0
3958,3958,0,16383,0,0,1790,001c,6032,16383,0,00006253000025c8,0,0
3959,3959,0,16383,0,0,35f6,001c,13798,16383,0,00006253000025c8,0,0
3960,3960,0,16383,0,0,35f2,001c,13810,16383,0,00006253000025c8,0,0
3961,3961,0,16383,0,0,35b2,001c,14258,16383,0,00006253000025c8,0,0
3962,3962,0,16383,0,0,3f1d,001c,16157,16383,0,00006253000025c8,0,0
3963,3963,0,16383,0,0,3fff,001c,16383,16383,0,00006253000025c8,0,0
3964,3964,0,16383,0,0,3fff,001c,16383,16383,0,00006253000025c8,0,0
3965,3965,0,16383,0,0,3fff,001c,16383,16383,0,00006253000025c8,0,0
3966,3966,0,16383,0,0,3d9c,001c,15772,16383,0,00006253000025c8,0,0
3967,3967,0,16383,0,0,3bb8,001c,15288,16383,0,00006253000025c8,0,0
3968,3968,0,16383,0,0,2fa8,001c,12200,16383,0,00006253000025c8,0,0
3969,3969,0,16383,0,0,2945,001c,10565,16383,0,00006253000025c8,0,0
3970,3970,0,16383,0,0,14b0,001c,5296,16383,0,00006253000025c8,0,0
3971,3971,0,16383,0,0,05e1,001c,1505,16383,0,00006253000025c8,0,0
3972,3972,0,16383,0,0,0000,001c,0,16383,0,00006253000025c8,0,0
3973,3973,0,16383,0,0,0000,001c,0,16383,0,00006253000025c8,0,0
3974,3974,0,16383,0,0,0000,001c,0,16383,0,00006253000025c8,0,0
3975,3975,0,16383,0,0,0000,001c,0,16383,0,00006253000025c8,0,0
3976,3976,0,16383,0,0,0acc,001c,2764,16383,0,00006253000025c8,0,0
3977,3977,0,16383,0,0,19a8,001c,6568,16383,0,00006253000025c8,0,0
3978,3978,0,16383,0,0,22d7,001c,8919,16383,0,00006253000025c8,0,0
3979,3979,0,16383,0,0,2de8,001c,11752,16383,0,00006253000025c8,0,0
3980,3980,0,16383,0,0,3a84,001c,14980,16383,0,00006253000025c8,0,0
3981,3981,0,16383,0,0,3cd2,001c,15570,16383,0,00006253000025c8,0,0
3982,3982,0,16383,0,0,3fff,001c,16383,16383,0,00006253000025c8,0,0
3983,3983,0,16383,0,0,3fff,001c,16383,16383,0,00006253000025c8,0,0
3984,3984,0,16383,0,0,3fff,001c,16383,16383,0,00006253000025c8,0,0
3985,3985,0,16383,0,0,3f9b,001c,16283,16383,0,00006253000025c8,0,0
3986,3986,0,16383,0,0,36a7,001c,13991,16383,0,00006253000025c8,0,0
3987,3987,0,16383,0,0,337d,001c,13183,16383,0,00006253000025c8,0,0
3988,3988,0,16383,0,0,260f,001c,9759,16383,0,00006253000025c8,0,0
3989,3989,0,16383,0,0,1e9f,001c,7839,16383,0,00006253000025c8,0,0
3990,3990,0,16383,0,0,1edd,001c,7901,16383,0,00006253000025c8,0,0
3991,3991,0,16383,0,0,10d7,001c,4311,16383,0,00006253000025c8,0,0
3992,3992,0,16383,0,0,0097,001c,151,16383,0,00006253000025c8,0,0
3993,3993,0,16383,0,0,0000,001c,0,16383,0,00006253000025c8,0,0
3994,3994,0,16383,0,0,0000,001c,0,16383,0,00006253000025c8,0,0
3995,3995,0,16383,0,0,0000,001c,0,16383,0,00006253000025c8,0,0
3996,3996,0,16383,0,0,0d84,001c,3972,16383,0,00006253000025c8,0,0
3997,3997,0,16383,0,0,0f86,001c,3974,16383,0,00006253000025c8,0,0
3998,3998,0,16383,0,0,1d23,001c,7459,16383,0,00006253000025c8,0,0
3999,3999,0,16383,0,0,256b,001c,9579,16383,0,00006253000025c8,0,0
4000,4000,0,16383,0,0,32eb,001c,13035,16383,0,00006253000025c8,0,0
4001,4001,0,16383,0,0,3667,001c,13927,16383,0,00006253000025c8,0,0
4002,4002,0,16383,0,0,3f7b,001c,16251,16383,0,00006253000025c8,0,0
4003,4003,0,16383,0,0,3fff,001c,16383,16383,0,00006253000025c8,0,0
4004,4004,0,16383,0,0,3fff,001c,16383,16383,0,00006253000025c8,0,0
4005,4005,0,16383,0,0,3fff,001c,16383,16383,0,00006253000025c8,0,0
4006,4006,0,16383,0,0,3cfd,001c,15613,16383,0,00006253000025c8,0,0
4007,4007,0,16383,0,0,3aee,001c,15086,16383,0,00006253000025c8,0,0
4008,4008,0,16383,0,0,2e76,001c,11894,16383,0,00006253000025c8,0,0
4009,4009,0,16383,0,0,23da,001c,9178,16383,0,00006253000025c8,0,0
4010,4010,0,16383,0,0,1b22,001c,6946,16383,0,00006253000025c8,0,0
4011,4011,0,16383,0,0,0bec,001c,3052,16383,0,00006253000025c8,0,0
4012,4012,0,16383,0,0,0000,001c,0,16383,0,00006253000025c8,0,0
4013,4013,0,16383,0,0,0000,001c,0,16383,0,00006253000025c8,0,0
4014,4014,0,16383,0,0,0000,001c,0,16383,0,00006253000025c8,0,0
4015,4015,0,16383,0,0,0000,001c,0,16383,0,00006253000025c8,0,0
4016,4016,0,16383,0,0,04de,001c,1246,16383,0,00006253000025c8,0,0
4017,4017,0,16383,0,0,1b8a,001c,7050,16383,0,00006253000025c8,0,0
4018,4018,0,16383,0,0,286c,001c,10348,16383,0,00006253000025c8,0,0
4019,4019,0,16383,0,0,2eec,001c,12012,16383,0,00006253000025c8,0,0
4020,4020,0,16383,0,0,3b64,001c,15204,16383,0,00006253000025c8,0,0
4021,4021,0,16383,0,0,3db2,001c,15794,16383,0,00006253000025c8,0,0
4022,4022,0,16383,0,0,3fff,001c,16383,16383,0,00006253000025c8,0,0
4023,4023,0,16383,0,0,3fff,001c,16383,16383,0,00006253000025c8,0,0
4024,4024,0,16383,0,0,3fff,001c,16383,16383,0,00006253000025c8,0,0
4025,4025,0,16383,0,0,3f37,001c,16191,16383,0,00006253000025c8,0,0
4026,4026,0,16383,0,0,3f37,001c,16183,16383,0,00006253000025c8,0,0
4027,4027,0,16383,0,0,369f,001c,13983,16383,0,00006253000025c8,0,0
4028,4028,0,16383,0,0,36bf,001c,14015,16383,0,00006253000025c8,0,0
4029,4029,0,16383,0,0,3cff,001c,15615,16383,0,00006253000025c8,0,0
4030,4030,0,16383,0,0,1edf,001c,7903,16383,0,00006253000025c8,0,0
4031,4031,0,16383,0,0,0edf,001c,3807,16383,0,00006253000025c8,0,0
4032,4032,0,16383,0,0,0000,001c,0,16383,0,00006253000025c8,0,0
4033,4033,0,16383,0,0,0000,001c,0,16383,0,00006253000025c8,0,0
4034,4034,0,16383,0,0,0000,001c,0,16383,0,00006253000025c8,0,0
4035,4035,0,16383,0,0,0000,001c,0,16383,0,00006253000025c8,0,0
4036,4036,0,16383,0,0,0196,001c,406,16383,0,00006253000025c8,0,0
4037,4037,0,16383,0,0,1150,001c,4432,16383,0,00006253000025c8,0,0
4038,4038,0,16383,0,0,1ea2,001c,7842,16383,0,00006253000025c8,0,0
4039,4039,0,16383,0,0,2695,001c,9877,16383,0,00006253000025c8,0,0
4040,4040,0,16383,0,0,33d4,001c,13268,16383,0,00006253000025c8,0,0
4041,4041,0,16383,0,0,3710,001c,14096,16383,0,00006253000025c8,0,0
4042,4042,0,16383,0,0,3ff9,001c,16377,16383,0,00006253000025c8,0,0
4043,4043,0,16383,0,0,3fff,001c,16383,16383,0,00006253000025c8,0,0
4044,4044,0,16383,0,0,3fff,001c,16383,16383,0,00006253000025c8,0,0
4045,4045,0,16383,0,0,3fff,001c,16383,16383,0,00006253000025c8,0,0
4046,4046,0,16383,0,0,3c70,001c,15472,16383,0,00006253000025c8,0,0
4047,4047,0,16383,0,0,3a00,001c,14848,16383,0,00006253000025c8,0,0
4048,4048,0,16383,0,0,2d8e,001c,11662,16383,0,00006253000025c8,0,0
4049,4049,0,16383,0,0,2297,001c,8855,16383,0,00006253000025c8,0,0
4050,4050,0,16383,0,0,1990,001c,6544,16383,0,00006253000025c8,0,0
4051,4051,0,16383,0,0,0a31,001c,2609,16383,0,00006253000025c8,0,0
4052,4052,0,16383,0,0,0000,001c,0,16383,0,00006253000025c8,0,0
4053,4053,0,16383,0,0,0000,001c,0,16383,0,00006253000025c8,0,0
4054,4054,0,16383,0,0,0000,001c,0,16383,0,00006253000025c8,0,0
4055,4055,0,16383,0,0,0000,001c,0,16383,0,00006253000025c8,0,0
4056,4056,0,16383,0,0,06c5,001c,1733,16383,0,00006253000025c8,0,0
4057,4057,0,16383,0,0,14bf,001c,5311,16383,0,00006253000025c8,0,0
4058,4058,0,16383,0,0,29ba,001c,10682,16383,0,00006253000025c8,0,0
4059,4059,0,16383,0,0,302e,001c,12350,16383,0,00006253000025c8,0,0
4060,4060,0,16383,0,0,344f,001c,13391,16383,0,00006253000025c8,0,0
4061,4061,0,16383,0,0,3e0f,001c,15887,16383,0,00006253000025c8,0,0
4062,4062,0,16383,0,0,3fff,001c,16383,16383,0,00006253000025c8,0,0
4063,4063,0,16383,0,0,3fff,001c,16383,16383,0,00006253000025c8,0,0
4064,4064,0,16383,0,0,3fff,001c,16383,16383,0,00006253000025c8,0,0
4065,4065,0,16383,0,0,3fff,001c,16383,16383,0,00006253000025c8,0,0
4066,4066,0,16383,0,0,3eaf,001c,16039,16383,0,00006253000025c8,0,0
4067,4067,0,16383,0,0,355c,001c,13660,16383,0,00006253000025c8,0,0
4068,4068,0,16383,0,0,3965,001c,13157,16383,0,00006253000025c8,0,0
4069,4069,0,16383,0,0,2b6f,001c,11119,16383,0,00006253000025c8,0,0
4070,4070,0,16383,0,0,1764,001c,5988,16383,0,00006253000025c8,0,0
4071,4071,0,16383,0,0,0d1c,001c,3356,16383,0,00006253000025c8,0,0
4072,4072,0,16383,0,0,0000,001c,0,16383,0,00006253000025c8,0,0
4073,4073,0,16383,0,0,0000,001c,0,16383,0,00006253000025c8,0,0
4074,4074,0,16383,0,0,0000,001c,0,16383,0,00006253000025c8,0,0
4075,4075,0,16383,0,0,0000,001c,0,16383,0,00006253000025c8,0,0
4076,4076,0,16383,0,0,03a4,001c,932,16383,0,00006253000025c8,0,0
4077,4077,0,16383,0,0,131e,001c,4894,16383,0,00006253000025c8,0,0
4078,4078,0,16383,0,0,203c,001c,8252,16383,0,00006253000025c8,0,0
4079,4079,0,16383,0,0,2c0a,001c,11274,16383,0,00006253000025c8,0,0
4080,4080,0,16383,0,0,3915,001c,14613,16383,0,00006253000025c8,0,0
4081,4081,0,16383,0,0,3c02,001c,15362,16383,0,00006253000025c8,0,0
4082,4082,0,16383,0,0,3fff,001c,16383,16383,0,00006253000025c8,0,0
4083,4083,0,16383,0,0,3fff,001c,16383,16383,0,00006253000025c8,0,0
4084,4084,0,16383,0,0,3fff,001c,16383,16383,0,00006253000025c8,0,0
4085,4085,0,16383,0,0,3fff,001c,16383,16383,0,00006253000025c8,0,0
4086,4086,0,16383,0,0,37dd,001c,14301,16383,0,00006253000025c8,0,0
4087,4087,0,16383,0,0,393e,001c,14654,16383,0,00006253000025c8,0,0
4088,4088,0,16383,0,0,2c1e,001c,11294,16383,0,00006253000025c8,0,0
4089,4089,0,16383,0,0,20d4,001c,8404,16383,0,00006253000025c8,0,0
4090,4090,0,16383,0,0,13a0,001c,5024,16383,0,00006253000025c8,0,0
4091,4091,0,16383,0,0,03f6,001c,1014,16383,0,00006253000025c8,0,0
4092,4092,0,16383,0,0,0000,001c,0,16383,0,00006253000025c8,0,0
4093,4093,0,16383,0,0,0000,001c,0,16383,0,00006253000025c8,0,0
4094,4094,0,16383,0,0,0000,001c,0,16383,0,00006253000025c8,0,0
4095,4095,0,16383,0,0,0000,001c,0,16383,0,00006253000025c8,0,0
