$date
        2026-Feb-06 11:25:13
$end
$version
        Vivado v2024.2 (64-bit)
$end
$timescale
        1ps
$end
$scope module dut $end
$var reg 32 " design_1_i/adc_interface_0_m_axis_tdata [31:0] $end
$var reg 1 B design_1_i/adc_interface_0_m_axis_tlast $end
$var reg 1 C design_1_i/adc_interface_0_m_axis_tvalid $end
$var reg 16 D design_1_i/adc_interface_0_adc_signed_debug [15:0] $end
$var reg 16 T design_1_i/adc_interface_0_win_coeff_out [15:0] $end
$var reg 14 d design_1_i/adc_data [13:0] $end
$var reg 14 r design_1_i/adc_interface_0_adc_data_original [13:0] $end
$var reg 1 "" design_1_i/adc_interface_0_adc_data_original_valid $end
$var reg 64 #" design_1_i/xfft_0_m_axis_data_tdata [63:0] $end
$var reg 1 c" design_1_i/xfft_0_m_axis_data_tlast $end
$var reg 1 d" design_1_i/xfft_0_m_axis_data_tvalid $end
$var reg 1 e" _TRIGGER $end
$var reg 1 f" _WINDOW $end
$var reg 1 g" _GAP $end
$upscope $end
$enddefinitions $end
#0
$dumpvars
b11111111111111 "
0B
1C
b11001100001101 D
b11100 T
b11001100001101 d
b11111111111111 r
1""
b1111111111111111001001000000101111111111111111110000110010101001 #"
0c"
0d"
0e"
1f"
0g"
$end
#1
b11011010000001 D
b11011010000001 d
#2
b11111101110010 "
b11111110010100 D
b11111110010100 d
b11111101110010 r
#3
b11011001111000 "
b11111111111111 D
b11111111111111 d
b11011001111000 r
#4
b11001101100111 "
b11001101100111 r
#5
b10010111011100 "
b10010111011100 r
#6
b1111001000010 "
b11110011100000 D
b11110011100000 d
b1111001000010 r
#7
b1000001001010 "
b11101010111100 D
b11101010111100 d
b1000001001010 r
#8
b100000 "
b10111001011101 D
b10111001011101 d
b100000 r
#9
b0 "
b10001110111111 D
b10001110111111 d
b0 r
#10
b1101011011111 D
b1101011011111 d
#11
b101110011110 D
b101110011110 d
#12
b0 D
b0 d
#13
b111111001000 "
b111111001000 r
#14
b1110101001100 "
b1110101001100 r
#15
b10010110110110 "
b10010110110110 r
#16
b11001100011111 "
b10011110011 D
b10011110011 d
b11001100011111 r
#17
b11011010000000 "
b1111111110111 D
b1111101110111 d
b11011010000000 r
#18
b11111101110011 "
b11101101111101 D
b11101101111101 d
b11111101110011 r
#19
b11111111111111 "
b10111101111100 D
b10111101111100 d
b11111111111111 r
#20
b11111111100110 D
b11111111100110 d
#21
b11111110111110 D
b11111110111110 d
#22
b11110011010011 "
b11111111111111 D
b11111111111111 d
b11110011010011 r
#23
b11101011001100 "
b11101011001100 r
#24
b10111001010001 "
b10111001010001 r
#25
b10001111001000 "
b10001111001000 r
#26
b1101011110110 "
b11111100111011 D
b11111100111011 d
b1101011110110 r
#27
b101110101111 "
b11010110101110 D
b11010110101110 d
b101110101111 r
#28
b0 "
b11001001000010 D
b11001001000010 d
b0 r
#29
b10010010100100 D
b10010010100100 d
#30
b1110011000101 D
b1110011000101 d
#31
b111010111010 D
b111010111010 d
#32
b10100010010 "
b0 D
b0 d
b10100010010 r
#33
b1101101110101 "
b1101101110101 r
#34
b10100010011111 "
b10100010011111 r
#35
b10111100101011 "
b10111100101011 r
#36
b11101110100000 "
b110110100 D
b110110100 d
b11101110100000 r
#37
b11110111000101 "
b1000110110010 D
b1000110110010 d
b11110111000101 r
#38
b11111111111111 "
b1111011110111 D
b1111011110111 d
b11111111111111 r
#39
b10011011101010 D
b10011011101010 d
#40
b11100000110100 D
b11100000110100 d
#41
b11111100011011 "
b11011100111100 D
b11011100111100 d
b11111100011011 r
#42
b11010110101101 "
b11111111111111 D
b11111111111111 d
b11010110101101 r
#43
b11001001000011 "
b11001001000011 r
#44
b10010010011111 "
b10010010011111 r
#45
b1110011111100 "
b1110011111100 r
#46
b111010100110 "
b11110001011000 D
b11110001011000 d
b111010100110 r
#47
b0 "
b11100111000111 D
b11100111000111 d
b0 r
#48
b10110100111001 D
b10110100111001 d
#49
b10001001000111 D
b10001001000111 d
#50
b1100011111010 D
b1100011111010 d
#51
b110110000 "
b100110011111 D
b100110011111 d
b110110000 r
#52
b1000111000001 "
b110011111 D
b100011111 d
b1000111000001 r
#53
b1111011101110 "
b0 D
b0 d
b1111011101110 r
#54
b10011011001110 "
b10011011001110 r
#55
b11100000100000 "
b11100000100000 r
#56
b11011101100101 "
b11100000000 D
b11100000000 d
b11011101100101 r
#57
b11111111111111 "
b1011100111110 D
b1011100111110 d
b11111111111111 r
#58
b1010100111110 D
b1010100111110 d
#59
b11101001100100 D
b11101001100100 d
#60
b11010001100100 D
b11010001100100 d
#61
b11110001011101 "
b11010001010101 D
b11010001010101 d
b11110001011101 r
#62
b11100111101001 "
b11111000101101 D
b11111000101101 d
b11100111101001 r
#63
b10110101000011 "
b11111111111111 D
b11111111111111 d
b10110101000011 r
#64
b10001000111010 "
b10001000111010 r
#65
b1100011111010 "
b1100011111010 r
#66
b100111010011 "
b11111001100111 D
b11111001100111 d
b100111010011 r
#67
b0 "
b11010011101000 D
b11010011101000 d
b0 r
#68
b11000101010000 D
b11000101010000 d
#69
b10101101100110 D
b10101101100110 d
#70
b1011100111011 D
b1011100111011 d
#71
b1100000000 "
b110010101111 D
b110010101111 d
b1100000000 r
#72
b11100011101 "
b0 D
b0 d
b11100011101 r
#73
b1010101000010 "
b1010101000010 r
#74
b10101000010110 "
b10101000010110 r
#75
b11000001010010 "
b11000001010010 r
#76
b11010001101100 "
b1111100011 D
b1111100011 d
b11010001101100 r
#77
b11111001000011 "
b1001100010101 D
b1001100010101 d
b11111001000011 r
#78
b11111111111111 "
b10000001110110 D
b10000001110110 d
b11111111111111 r
#79
b10110000001101 D
b10110000001101 d
#80
b11100100010001 D
b11100100010001 d
#81
b11111000111110 "
b11110000010000 D
b11110000010000 d
b11111000111110 r
#82
b11010011100111 "
b11111111111111 D
b11111111111111 d
b11010011100111 r
#83
b11000101001010 "
b11000101001010 r
#84
b10101101000010 "
b10101101000010 r
#85
b1011011100101 "
b1011011100101 r
#86
b110010101111 "
b11011110111000 D
b11011110111000 d
b110010101111 r
#87
b0 "
b11100011110001 D
b11100011111001 d
b0 r
#88
b10110010011001 D
b10110000111001 d
#89
b10110011011111 D
b10110011011111 d
#90
b11001111011111 D
b11001111011111 d
#91
b100000001110 "
b1001111001111 D
b1001111001111 d
b100000001110 r
#92
b1001101010101 "
b1110001000 D
b1110001000 d
b1001101010101 r
#93
b10000010010011 "
b0 D
b0 d
b10000010010011 r
#94
b10110000111010 "
b10110000111010 r
#95
b11100100101011 "
b10111001 D
b10100000 d
b11100100101011 r
#96
b11011111110000 "
b10111011 D
b10111011 d
b11011111110000 r
#97
b11111111111111 "
b110100000011 D
b110100000011 d
b11111111111111 r
#98
b1011011000010 D
b1011011000010 d
#99
b10101101101001 D
b10101101101001 d
#100
b11000101110011 D
b11000101110011 d
#101
b11011110101111 "
b11010101101011 D
b11010101101011 d
b11011110101111 r
#102
b11111010110011 D
b11111010110011 d
#103
b11100100000111 "
b11111111111111 D
b11111111111111 d
b11100100000111 r
#104
b10011111100111 "
b10011111100111 r
#105
b10000011000110 "
b10000011000110 r
#106
b1001101110100 "
b11110111101000 D
b11110111101000 d
b1001101110100 r
#107
b1110111111 "
b11010000010111 D
b11010000010111 d
b1110111111 r
#108
b0 "
b11000000100100 D
b11000000100100 d
b0 r
#109
b10100111101101 D
b10100111101101 d
#110
b1010110010001 D
b1010110010001 d
#111
b11011011 "
b11011111011 D
b11011111011 d
b11011011 r
#112
b0 D
b0 d
#113
b110100000101 "
b110100000101 r
#114
b1011010100101 "
b1011010100101 r
#115
b10101101011100 "
b10101101011100 r
#116
b11000101001010 "
b100111001101 D
b100111001101 d
b11000101001010 r
#117
b11010101011111 "
b1100011011010 D
b1100011011010 d
b11010101011111 r
#118
b11111011010100 "
b10001000000010 D
b10001000000010 d
b11111011010100 r
#119
b11111111111111 "
b10110101101111 D
b10110101101111 d
b11111111111111 r
#120
b11100111110011 D
b11100111110011 d
#121
b11110010001101 D
b11110010001101 d
#122
b11110111111100 "
b11111111111111 D
b11111111111111 d
b11110111111100 r
#123
b11010000110100 "
b11010000110100 r
#125
b11000000100111 "
b11111111011111 D
b11000000100111 r
#126
b10101000000011 "
b11111111011010 D
b11111111011010 d
b10101000000011 r
#127
b1010110001001 "
b11011111101010 D
b11011111101010 d
b1010110001001 r
#128
b11011111010 "
b11011111101011 D
b11011111101011 d
b11011111010 r
#129
b0 "
b11111111001111 D
b11111111001111 d
b0 r
#130
b1111110011111 D
b1111110001111 d
#131
b1000111111100 D
b1000111111100 d
#132
b101111110 D
b101111110 d
#133
b100111111111 "
b0 D
b0 d
b100111111111 r
#134
b1100100000000 "
b1100100000000 r
#135
b10001000011110 "
b10001000011110 r
#136
b10110101001010 "
b100011100 D
b100011100 d
b10110101001010 r
#137
b11101000001100 "
b111010111011 D
b111010111011 d
b11101000001100 r
#138
b11110010111011 "
b1110001100011 D
b1110001100011 d
b11110010111011 r
#139
b11111111111111 "
b10010011001101 D
b10010011001101 d
b11111111111111 r
#140
b11001001111001 D
b11001001111001 d
#141
b11011000011010 D
b11011000011010 d
#142
b11111101001110 D
b11111101001110 d
#143
b11111111000010 "
b11111111111111 D
b11111111111111 d
b11111111000010 r
#144
b11011011111101 "
b11011011111101 r
#145
b11001111011111 "
b11001111011111 r
#146
b10011010100011 "
b11110101110111 D
b11110101110111 d
b10011010100011 r
#147
b1111101000101 "
b11101101010000 D
b11101101010000 d
b1111101000101 r
#148
b1000101111110 "
b10111100000000 D
b10111100000000 d
b1000101111110 r
#149
b110000100 "
b10100001111000 D
b10100001111000 d
b110000100 r
#150
b0 "
b1101111011111 D
b1101111011111 d
b0 r
#151
b10011010000 D
b10011010000 d
#152
b0 D
b0 d
#153
b11111100 "
b11111100 r
#154
b11111110 "
b11111110 r
#155
b111011000101 "
b111011000101 r
#156
b1110001101001 "
b101111111110 D
b101111111110 d
b1110001101001 r
#157
b10010011000000 "
b1101010011111 D
b1101010011111 d
b10010011000000 r
#158
b11001001100011 "
b10001110100101 D
b10001110110111 d
b11001001100011 r
#159
b11011001100001 "
b10111010001101 D
b10111010001101 d
b11011001100001 r
#160
b11111101010110 "
b11111110001011 D
b11111100001011 d
b11111101010110 r
#161
b11111111111111 "
b11111100111011 D
b11111100111011 d
b11111111111111 r
#162
b11111111111111 D
b11111111111111 d
#164
b11110101101101 "
b11110101101101 r
#165
b11101101010000 "
b11101101010000 r
#166
b10111100000000 "
b11111101101010 D
b11111101100010 d
b10111100000000 r
#167
b10100010010010 "
b11011100101001 D
b11011100101001 d
b10100010010010 r
#168
b1101111101111 "
b11001100000010 D
b11001100000010 d
b1101111101111 r
#169
b10011110110 "
b10010110001000 D
b10010110001000 d
b10011110110 r
#170
b0 "
b1110111011001 D
b1110111011001 d
b0 r
#171
b111110111110 D
b111110111110 d
#172
b0 D
b0 d
#174
b101111110001 "
b101111110001 r
#175
b1101010011011 "
b1101010011011 r
#176
b10001110011010 "
b111110100 D
b111110100 d
b10001110011010 r
#177
b10111001101110 "
b1000001011010 D
b1000001011010 d
b10111001101110 r
#178
b11101011100000 "
b1110111010011 D
b1110111010011 d
b11101011100000 r
#179
b11110100101110 "
b10011000101010 D
b10011000101010 d
b11110100101110 r
#180
b11111111111111 "
b11001101110011 D
b11001101110011 d
b11111111111111 r
#181
b11011010110011 D
b11011010110011 d
#182
b11111110101100 D
b11111110101100 d
#183
b11111101010011 "
b11111111111111 D
b11111111111111 d
b11111101010011 r
#184
b11011000101001 "
b11011000101001 r
#185
b11001100000100 "
b11001100000100 r
#186
b10010110010110 "
b11110010110110 D
b11110010110110 d
b10010110010110 r
#187
b1110111010011 "
b11101001100111 D
b11101001100111 d
b1110111010011 r
#188
b111111001111 "
b10110111111101 D
b10110111111101 d
b111111001111 r
#189
b0 "
b10001101000111 D
b10001101000111 d
b0 r
#190
b1101001101100 D
b1101001101100 d
#191
b101100101010 D
b101100101010 d
#192
b0 D
b0 d
#194
b1001000110 "
b1001000110 r
#195
b1000010000011 "
b1000010000011 r
#196
b1110111101000 "
b10111110001 D
b10111110001 d
b1110111101000 r
#197
b10011000100010 "
b1010111111001 D
b1010111111001 d
b10011000100010 r
#198
b11001101101011 "
b11110100111010 D
b11110100111010 d
b11001101101011 r
#199
b11011011011101 "
b10111110001110 D
b10111110001110 d
b11011011011101 r
#200
b11111111000000 "
b11111111111110 D
b11111111111110 d
b11111111000000 r
#201
b11111111111111 "
b11111111111011 D
b11111111111001 d
b11111111111111 r
#202
b11111111111111 D
b11111111111110 d
#203
b11111111111111 d
#204
b11110011000010 "
b11110011000010 r
#205
b11101001110100 "
b11101001110100 r
#206
b10111000000101 "
b11111011011110 D
b11111011011110 d
b10111000000101 r
#207
b10001101001010 "
b11010110001111 D
b11010110001111 d
b10001101001010 r
#208
b1101000011000 "
b11001000001011 D
b11001000001011 d
b1101000011000 r
#209
b101011111010 "
b10010000001100 D
b10010000001100 d
b101011111010 r
#210
b0 "
b1011111101110 D
b1011111101110 d
b0 r
#211
b110111011100 D
b110111011100 d
#212
b0 D
b0 d
#214
b10111111101 "
b10111111101 r
#215
b1010000101001 "
b1010000101001 r
#216
b10100011111011 "
b1011101000 D
b1011101000 d
b10100011111011 r
#217
b10111101111100 "
b1001000110101 D
b1001000110101 d
b10111101111100 r
#218
b11101110110010 "
b1111110001101 D
b1111110001101 d
b11101110110010 r
#219
b11110110110101 "
b10011101000101 D
b10011101000101 d
b11110110110101 r
#220
b11111111111111 "
b11100010001111 D
b11100010001111 d
b11111111111111 r
#221
b11011101101000 D
b11011101101000 d
#222
b11111111111111 D
b11111111111111 d
#223
b11111011100110 "
b11111011100110 r
#224
b11111111101110 "
b11111111101110 r
#225
b11010110101010 "
b11010110101010 r
#226
b11000111110100 "
b11110000100011 D
b11110000100011 d
b11000111110100 r
#227
b10010000000101 "
b11100110010010 D
b11100110010010 d
b10010000000101 r
#228
b1110000101001 "
b10110011100000 D
b10110011100000 d
b1110000101001 r
#229
b111000100111 "
b10000111010010 D
b10000111010010 d
b111000100111 r
#230
b0 "
b1100001110011 D
b1100001110011 d
b0 r
#231
b100100010011 D
b100100110011 d
#232
b100100000010 D
b100100000010 d
#233
b0 D
b0 d
#234
b1100000 "
b1100000 r
#235
b1011101111 "
b1011101111 r
#236
b1001001001001 "
b11110101001 D
b11110101001 d
b1001001001001 r
#237
b1111110001111 "
b1011110111101 D
b1011110101101 d
b1111110001111 r
#238
b10011101100000 "
b1010110111110 D
b1010110111110 d
b10011101100000 r
#239
b11100001010101 "
b10101001110011 D
b10101001110011 d
b11100001010101 r
#240
b11011110000110 "
b11000011000001 D
b11000011000001 d
b11011110000110 r
#241
b11111111111111 "
b11010010111011 D
b11010010111011 d
b11111111111111 r
#242
b11111001010100 D
b11111001010100 d
#243
b11111111111111 D
b11111111111111 d
#245
b11110000001111 "
b11110000001111 r
#246
b11100110010011 "
b11111001001111 D
b11111001001111 d
b11100110010011 r
#247
b10110011001010 "
b11010010000000 D
b11010010000000 d
b10110011001010 r
#248
b10000111000110 "
b11000011001001 D
b11000011001001 d
b10000111000110 r
#249
b1100001101100 "
b10101011101111 D
b10101011101111 d
b1100001101100 r
#250
b100011011111 "
b1011010011100 D
b1011010011100 d
b100011011111 r
#251
b0 "
b110000110100 D
b110000110100 d
b0 r
#252
b0 D
b0 d
#256
b11110010101 "
b100001111011 D
b100001111011 d
b11110010101 r
#257
b1010111101010 "
b1001111000000 D
b1001111000000 d
b1010111101010 r
#258
b10101010110110 "
b10000011011011 D
b10000011011011 d
b10101010110110 r
#259
b11000010011111 "
b10110010010001 D
b10110010010001 d
b11000010011111 r
#260
b11010010100111 "
b11100110000111 D
b11100110000111 d
b11010010100111 r
#261
b11111001100100 "
b11110001010011 D
b11110001010011 d
b11111001100100 r
#262
b11111111111111 "
b11111111111111 D
b11111111111111 d
b11111111111111 r
#265
b11111001100011 "
b11111001100011 r
#266
b11010010110001 "
b11011110100100 D
b11011110110111 d
b11010010110001 r
#267
b11000011100010 "
b11101110100101 D
b11100110100101 d
b11000011100010 r
#268
b10101011010110 "
b11111110100001 D
b11111110100001 d
b10101011010110 r
#269
b1011010101010 "
b10011111000101 D
b10011111000101 d
b1011010101010 r
#270
b110000101111 "
b11001011100101 D
b11001011100101 d
b110000101111 r
#271
b0 "
b1001111101101 D
b1001111101101 d
b0 r
#272
b1100001101 D
b1100001101 d
#273
b0 D
b0 d
#275
b100001101100 "
b100001101100 r
#277
b1001111011000 "
b110110101110 D
b110110101110 d
b1001111011000 r
#278
b10000011110010 "
b1011101010110 D
b1011101010110 d
b10000011110010 r
#279
b10110001111101 "
b10101111100011 D
b10101111100011 d
b10110001111101 r
#280
b11100101111111 "
b11000110101100 D
b11000110101100 d
b11100101111111 r
#281
b11110001001111 "
b11010110010001 D
b11010110010001 d
b11110001001111 r
#282
b11111111111111 "
b11111011110000 D
b11111011110000 d
b11111111111111 r
#283
b11111111111111 D
b11111111111111 d
#286
b11011101100111 "
b11110111001101 D
b11110111001101 d
b11011101100111 r
#287
b11100010010111 "
b11101111111110 D
b11101111111110 d
b11100010010111 r
#288
b10011101101111 "
b10111111010000 D
b10111111010000 d
b10011101101111 r
#289
b10000000011110 "
b10100101111111 D
b10100101111111 d
b10000000011110 r
#290
b1001010110101 "
b1010100100110 D
b1010100100110 d
b1001010110101 r
#291
b1011111010 "
b11001100011 D
b11001100011 d
b1011111010 r
#292
b0 "
b0 D
b0 d
b0 r
#296
b110110100110 "
b101000011100 D
b101000011100 d
b110110100110 r
#297
b1011101001001 "
b1100101111010 D
b1100101111010 d
b1011101001001 r
#298
b10101111101001 "
b10001010011100 D
b10001010011100 d
b10101111101001 r
#299
b11000110100010 "
b10110111011001 D
b10110111011001 d
b11000110100010 r
#300
b11010110000001 "
b11101001101010 D
b11101001101010 d
b11010110000001 r
#301
b11111011101010 "
b11110011011101 D
b11110011011111 d
b11111011101010 r
#302
b11111111111111 "
b11111111111111 D
b11111111111111 d
b11111111111111 r
#305
b11110110111111 "
b11111111101100 D
b11110110111111 r
#306
b11101111111011 "
b11111111101101 D
b11111111101101 d
b11101111111011 r
#307
b10111111000010 "
b11011110101101 D
b11011110101101 d
b10111111000010 r
#308
b10100101101100 "
b11001110101100 D
b11001110101100 d
b10100101101100 r
#309
b1010100000010 "
b10111011110010 D
b10011011110010 d
b1010100000010 r
#310
b11000111101 "
b1111011100011 D
b1111011100011 d
b11000111101 r
#311
b0 "
b1000100010000 D
b1000100010000 d
b0 r
#312
b100000010 D
b100000010 d
#313
b0 D
b0 d
#315
b1000000000 "
b1000000000 r
#316
b101010001111 "
b110011101 D
b110011101 d
b101010001111 r
#317
b1100101001110 "
b111101000100 D
b111101000100 d
b1100101001110 r
#318
b10001010101000 "
b1110011001001 D
b1110011001001 d
b10001010101000 r
#319
b10110111111110 "
b10010101001010 D
b10010101001010 d
b10110111111110 r
#320
b11101001000011 "
b11001011100000 D
b11001011100000 d
b11101001000011 r
#321
b11110010111110 "
b11011001101010 D
b11011001101010 d
b11110010111110 r
#322
b11111111111111 "
b11111100111010 D
b11111100111010 d
b11111111111111 r
#323
b11111111111111 D
b11111111111111 d
#325
b11111110100010 "
b11111110100010 r
#326
b11011001110011 "
b11110100110000 D
b11110100110000 d
b11011001110011 r
#327
b11001110101001 "
b11101100000110 D
b11101100000110 d
b11001110101001 r
#328
b10011000110101 "
b10111010101110 D
b10111010101110 d
b10011000110101 r
#329
b1111010110011 "
b10100000011111 D
b10100000011111 d
b1111010110011 r
#330
b1000011110000 "
b1101101011101 D
b1101101011101 d
b1000011110000 r
#331
b11001001 "
b10001011110 D
b10001011110 d
b11001001 r
#332
b0 "
b0 D
b0 d
b0 r
#335
b101110011 "
b101110011 r
#336
b10010000101 D
b10010000101 d
#337
b111101101010 "
b1101011111011 D
b1101011111011 d
b111101101010 r
#338
b1110011101111 "
b10101010011111 D
b10100000111111 d
b1110011101111 r
#339
b10010101001011 "
b10111011011111 D
b10111011011111 d
b10010101001011 r
#340
b11001011110010 "
b11111111111011 D
b11111111111011 d
b11001011110010 r
#341
b11011001001010 "
b11111101101111 D
b11111101101111 d
b11011001001010 r
#342
b11111101001101 "
b11111111111111 D
b11111111111111 d
b11111101001101 r
#343
b11111111111111 "
b11111111111111 r
#346
b11110100001000 "
b11111111111100 D
b11111111110100 d
b11110100001000 r
#347
b11101101010101 "
b11010111111000 D
b11010111111000 d
b11101101010101 r
#348
b10111011000001 "
b11001010100111 D
b11001010100111 d
b10111011000001 r
#349
b10100000001011 "
b10010011101101 D
b10010011101101 d
b10100000001011 r
#350
b1101100100010 "
b1110101001010 D
b1110101001010 d
b1101100100010 r
#351
b10001001011 "
b111101001110 D
b111101001110 d
b10001001011 r
#352
b0 "
b0 D
b0 d
b0 r
#356
b10010010100 "
b1000010101 D
b1000010101 d
b10010010100 r
#357
b1101100110111 "
b1000100011110 D
b1000100011110 d
b1101100110111 r
#358
b10100000100010 "
b1111010000101 D
b1111010000101 d
b10100000100010 r
#359
b10111011101101 "
b10011010011110 D
b10011010011110 d
b10111011101101 r
#360
b11101101010010 "
b11001111010101 D
b11001111010101 d
b11101101010010 r
#361
b11110101110000 "
b11011011111110 D
b11011011111110 d
b11110101110000 r
#362
b11111111111111 "
b11111111100100 D
b11111111100100 d
b11111111111111 r
#363
b11111111111111 D
b11111111111111 d
#365
b11111100100001 "
b11111100100001 r
#366
b11010111101010 "
b11110010000100 D
b11110010000100 d
b11010111101010 r
#367
b11001010110111 "
b11101000111111 D
b11101000111111 d
b11001010110111 r
#368
b10010100001001 "
b10110110000111 D
b10110110000111 d
b10010100001001 r
#369
b1110100100100 "
b10001010110101 D
b10001010110101 d
b1110100100100 r
#370
b111100100000 "
b1100110101001 D
b1100110101001 d
b111100100000 r
#371
b0 "
b101001111011 D
b101001111011 d
b0 r
#372
b0 D
b10 d
#373
b0 d
#375
b111100101 "
b111100101 r
#376
b11001110100 D
b11001110100 d
#377
b1000100000011 "
b1011011110110 D
b1011011110110 d
b1000100000011 r
#378
b1111010011000 "
b1010110101010 D
b1010110101010 d
b1111010011000 r
#379
b10011010100010 "
b11100110001001 D
b11100110001001 d
b10011010100010 r
#380
b11001110110010 "
b11010000011011 D
b11010000011001 d
b11001110110010 r
#381
b11011011111111 "
b11110111111011 D
b11110111111010 d
b11011011111111 r
#382
b11111111001001 "
b11111111111011 d
b11111111001001 r
#383
b11111111111111 "
b11111111111111 D
b11111111111111 d
b11111111111111 r
#386
b11110010011100 "
b11111010100110 D
b11111010100110 d
b11110010011100 r
#387
b11101000101010 "
b11010101010110 D
b11010101010110 d
b11101000101010 r
#388
b10110110100010 "
b11000110101001 D
b11000110101001 d
b10110110100010 r
#389
b10001010101110 "
b10101110110100 D
b10101110110100 d
b10001010101110 r
#390
b1100110010010 "
b1011110101011 D
b1011110101011 d
b1100110010010 r
#391
b101001100010 "
b110101111100 D
b110101111100 d
b101001100010 r
#392
b0 "
b0 D
b0 d
b0 r
#396
b1001110000 "
b1100101011 D
b1100101011 d
b1001110000 r
#397
b11001110101 "
b1001010100110 D
b1001010100110 d
b11001110101 r
#398
b1010010110111 "
b1111111011001 D
b1111111011001 d
b1010010110111 r
#399
b10100110010110 "
b10011110010010 D
b10011110010010 d
b10100110010110 r
#400
b10111111101001 "
b11100010010001 D
b11100010010001 d
b10111111101001 r
#401
b11010000101010 "
b11011111000101 D
b11011111000101 d
b11010000101010 r
#402
b11111000000100 "
b11111111111111 D
b11111111111111 d
b11111000000100 r
#403
b11111111111111 "
b11111111111111 r
#406
b11111010110101 "
b11110000000010 D
b11110000000010 d
b11111010110101 r
#407
b11100100111110 D
b11100100111110 d
#408
b11010100110011 "
b10110001010111 D
b10110001010111 d
b11010100110011 r
#409
b11000110110001 "
b10000101110111 D
b10000101110111 d
b11000110110001 r
#410
b10101111001011 "
b1100100010111 D
b1100100110111 d
b10101111001011 r
#411
b1011110010001 "
b1100001011000 D
b100001011000 d
b1011110010001 r
#412
b110101010101 "
b100001011000 D
b110101010101 r
#413
b0 "
b0 D
b0 d
b0 r
#416
b110000010001 D
b110000010001 d
#417
b1100011000 "
b1111000010001 D
b1111000010001 d
b1100011000 r
#418
b1001011011101 "
b1011000010011 D
b1011000010011 d
b1001011011101 r
#419
b10000000000010 "
b10101010111101 D
b10101010111101 d
b10000000000010 r
#420
b10011111001111 "
b11000100011010 D
b11000100011010 d
b10011111001111 r
#421
b11100011000111 "
b11010100100010 D
b11010100100010 d
b11100011000111 r
#422
b11011110100001 "
b11111001111101 D
b11111001111101 d
b11011110100001 r
#423
b11111111111111 "
b11111111111111 D
b11111111111111 d
b11111111111111 r
#426
b11111001001001 D
b11111001001001 d
#427
b11011111010100 "
b11010010001111 D
b11010010001111 d
b11011111010100 r
#428
b11100101011000 "
b11000001100111 D
b11000001100111 d
b11100101011000 r
#429
b10011111111010 "
b10101010000010 D
b10101010000010 d
b10011111111010 r
#430
b10000100101111 "
b1011000100100 D
b1011000100100 d
b10000100101111 r
#431
b1001111000110 "
b11110101100 D
b11110101100 d
b1001111000110 r
#432
b100000111101 "
b0 D
b0 d
b100000111101 r
#433
b0 "
b0 r
#436
b100101001111 D
b100101001111 d
#437
b1100000 "
b1100001101110 D
b1100001101110 d
b1100000 r
#438
b110001101011 "
b10000110001100 D
b10000110001100 d
b110001101011 r
#439
b1011000100011 "
b10110011111010 D
b10110011111010 d
b1011000100011 r
#440
b10101100010100 "
b11100110110001 D
b11100110110001 d
b10101100010100 r
#441
b11000100011110 "
b11110001100100 D
b11110001100100 d
b11000100011110 r
#442
b11010100001010 "
b11111111111111 D
b11111111111111 d
b11010100001010 r
#443
b11111010010101 "
b11111010010101 r
#444
b11111111111111 "
b11111111111111 r
#445
b11111111110010 D
b11111111110010 d
#446
b11011110111110 D
b11011100111110 d
#447
b11111000110101 "
b11111101111110 D
b11111101111110 d
b11111000110101 r
#448
b11010001010011 "
b11111101111011 D
b11111101111011 d
b11010001010011 r
#449
b11000010001101 "
b11111111111111 D
b11111111111111 d
b11000010001101 r
#450
b10101001100101 "
b1111111111110 D
b1111111011110 d
b10101001100101 r
#451
b1011000100101 "
b1001001111011 D
b1001001111011 d
b1011000100101 r
#452
b11110001011 "
b1001011010 D
b1001011010 d
b11110001011 r
#453
b0 "
b0 D
b0 d
b0 r
#457
b100100110011 "
b111000011111 D
b111000011111 d
b100100110011 r
#458
b1011110111111 D
b1011110111111 d
#459
b1100001101010 "
b10010001001110 D
b10010001001110 d
b1100001101010 r
#460
b10000110101011 "
b11001000110101 D
b11001000110101 d
b10000110101011 r
#461
b10110011111110 "
b11010111010011 D
b11010111010011 d
b10110011111110 r
#462
b11100111000011 "
b11111100001100 D
b11111100001100 d
b11100111000011 r
#463
b11110001111100 "
b11111111111111 D
b11111111111111 d
b11110001111100 r
#464
b11111111111111 "
b11111111111111 r
#466
b11110110001111 D
b11110110001111 d
#467
b11111111010100 "
b11101110011100 D
b11101110011100 d
b11111111010100 r
#468
b11111111011101 "
b10111110111010 D
b10111110111010 d
b11111111011101 r
#469
b11011101001101 "
b10100100110100 D
b10100100110100 d
b11011101001101 r
#470
b11100001000110 "
b1010010001001 D
b1010010001001 d
b11100001000110 r
#471
b10011100011000 "
b10110111111 D
b10110111111 d
b10011100011000 r
#472
b1111110111100 "
b0 D
b0 d
b1111110111100 r
#473
b1001000001111 "
b1001000001111 r
#474
b1000110110 "
b1000110110 r
#475
b0 "
b0 r
#476
b101011110100 D
b101011110100 d
#477
b1100111010101 D
b1100111010101 d
#478
b10001100001111 D
b10001100001111 d
#479
b100000 "
b10111000111001 D
b10111000111001 d
b100000 r
#480
b111000111010 "
b11101010010110 D
b11101010010111 d
b111000111010 r
#481
b1011111010111 "
b11110011100110 D
b11110011110110 d
b1011111010111 r
#482
b10010001011101 "
b11111111111111 D
b11111111111111 d
b10010001011101 r
#483
b11001000101001 "
b11001000101001 r
#484
b11010110101011 "
b11010110101011 r
#485
b11111100000011 "
b11111100000011 r
#486
b11111111111111 "
b11111111110111 D
b11111111110111 d
b11111111111111 r
#487
b11011101110110 D
b11011101110110 d
#488
b11011101010110 D
b11011101010110 d
#489
b11110101100010 "
b10011000000100 D
b10011000000100 d
b11110101100010 r
#490
b11101110000100 "
b1111001101011 D
b1111001101011 d
b11101110000100 r
#491
b10111110010101 "
b1000010010111 D
b1000010010111 d
b10111110010101 r
#492
b10100100101001 "
b1011000 D
b1011000 d
b10100100101001 r
#493
b1010001100001 "
b0 D
b0 d
b1010001100001 r
#494
b10110010000 "
b10110010000 r
#495
b0 "
b0 r
#497
b111111100110 D
b111111100110 d
#498
b1110101101100 D
b1110101101100 d
#499
b101100010011 "
b10010110010100 D
b10010110010100 d
b101100010011 r
#500
b11001100011010 D
b11001100011010 d
#501
b1100111100111 "
b11011010110001 D
b11011010110001 d
b1100111100111 r
#502
b10001100110011 "
b11111110101100 D
b11111110101100 d
b10001100110011 r
#503
b10111001001111 "
b11111111111111 D
b11111111111111 d
b10111001001111 r
#504
b11101011000000 "
b11101011000000 r
#505
b11110011101111 "
b11110011101111 r
#506
b11111111111111 "
b11110011110000 D
b11110011110000 d
b11111111111111 r
#507
b11101011100000 D
b11101011100000 d
#508
b10111001010110 D
b10111001010110 d
#509
b11111110010010 "
b10001110000101 D
b10001110000101 d
b11111110010010 r
#510
b11011001110001 "
b1101010111111 D
b1101010111111 d
b11011001110001 r
#511
b11001101010000 "
b101111010010 D
b101111010010 d
b11001101010000 r
#512
b10010111011001 "
b0 D
b0 d
b10010111011001 r
#513
b1111001000001 "
b1111001000001 r
#514
b1000001010110 "
b1000001010110 r
#515
b101000 "
b101000 r
#516
b0 "
b10100111110 D
b10100111110 d
b0 r
#517
b1101110110110 D
b1101110111110 d
#518
b10101110011100 D
b10100110111100 d
#519
b10111110011110 D
b10111110011110 d
#520
b111111011000 "
b11111101111110 D
b11111101111110 d
b111111011000 r
#521
b1110101101111 "
b11111111111101 D
b11111111111101 d
b1110101101111 r
#522
b10010110110110 "
b11111111111111 D
b11111111111111 d
b10010110110110 r
#523
b11001100011111 "
b11001100011111 r
#524
b11011010010001 "
b11011010010001 r
#525
b11111110100000 "
b11111110100000 r
#526
b11111111111111 "
b11111100001001 D
b11111100001001 d
b11111111111111 r
#527
b11010111001111 D
b11010111001111 d
#528
b11001001010110 D
b11001001010110 d
#529
b11110011010010 "
b10010001010100 D
b10010001010100 d
b11110011010010 r
#530
b11101011001001 "
b1110011001001 D
b1110011001001 d
b11101011001001 r
#531
b10111001010101 "
b111010011000 D
b111010011000 d
b10111001010101 r
#532
b10001110001000 "
b0 D
b0 d
b10001110001000 r
#533
b1101010101111 "
b1101010101111 r
#534
b101110011000 "
b101110011000 r
#535
b0 "
b0 r
#536
b110000000 D
b110000000 d
#537
b1000101111111 D
b1000101111111 d
#538
b1111011101001 D
b1111011101001 d
#539
b10101001110 "
b10011011101000 D
b10011011101000 d
b10101001110 r
#540
b11100000010100 D
b11100000010100 d
#541
b1101111000101 "
b11011100110110 D
b11011100110110 d
b1101111000101 r
#542
b10100010101111 "
b11111111111111 D
b11111111111111 d
b10100010101111 r
#543
b10111100101111 "
b10111100101111 r
#544
b11101101011100 "
b11101101011100 r
#545
b11110110110110 "
b11110110110110 r
#546
b11111111111111 "
b11110001011101 D
b11110001011101 d
b11111111111111 r
#547
b11100111011100 D
b11100111011100 d
#548
b10110011110010 D
b10110011110010 d
#549
b11111100011100 "
b10001001101000 D
b10001001101000 d
b11111100011100 r
#550
b11010111000110 "
b1100100010010 D
b1100100010010 d
b11010111000110 r
#551
b11001001011100 "
b100110100011 D
b100110100011 d
b11001001011100 r
#552
b10010010010000 "
b0 D
b11 d
b10010010010000 r
#553
b1110010011100 "
b0 d
b1110010011100 r
#554
b111001111111 "
b111001111111 r
#555
b0 "
b0 r
#556
b11100010001 D
b11100010001 d
#557
b1011100110011 D
b1011100110011 d
#558
b11110111100010 D
b11110111100010 d
#559
b11100111100010 D
b11100111100010 d
#560
b110110100 "
b11010011001001 D
b11010011001001 d
b110110100 r
#561
b110110111 "
b11010010101011 D
b11011010001011 d
b110110111 r
#562
b1000110110000 "
b11111000101101 D
b11111000101101 d
b1000110110000 r
#563
b1111011100001 "
b11111111111111 D
b11111111111111 d
b1111011100001 r
#564
b10011011111001 "
b10011011111001 r
#565
b11100001000001 "
b11100001000001 r
#566
b11011100100111 "
b11111010001011 D
b11111010001011 d
b11011100100111 r
#567
b11111111110110 "
b11010100000101 D
b11010100000101 d
b11111111110110 r
#568
b11111111111111 "
b11000101011011 D
b11000101011011 d
b11111111111111 r
#569
b10101101001110 D
b10101101001110 d
#570
b1011100111101 D
b1011100111101 d
#571
b11110000100010 "
b110011100010 D
b110011100010 d
b11110000100010 r
#572
b11100111001101 "
b0 D
b0 d
b11100111001101 r
#573
b10110100011000 "
b10110100011000 r
#574
b10001000111100 "
b10001000111100 r
#575
b1100011101011 "
b1100011101011 r
#576
b100101111100 "
b1111111110 D
b1111111110 d
b100101111100 r
#577
b0 "
b1001101010100 D
b1001101010100 d
b0 r
#578
b10000001111011 D
b10000001111011 d
#579
b10110000011111 D
b10110000011111 d
#580
b11100100110011 D
b11100100110011 d
#581
b100000 "
b11110000001000 D
b11110000001000 d
b100000 r
#582
b11100111101 "
b11111111111111 D
b11111111111111 d
b11100111101 r
#583
b1010101000100 "
b1010101000100 r
#584
b10101000010110 "
b10101000010110 r
#585
b11000001101011 "
b11000001101011 r
#586
b11010010001001 "
b11011110100111 D
b11011110100111 d
b11010010001001 r
#587
b11111001000001 "
b11100100000010 D
b11100100000010 d
b11111001000001 r
#588
b11111111111111 "
b10011111101111 D
b10011111101111 d
b11111111111111 r
#589
b10001111001111 D
b10000111101111 d
#590
b11001111011111 D
b11001111011111 d
#591
b11111001100101 "
b1001111010111 D
b1001111010111 d
b11111001100101 r
#592
b11010011110000 "
b1110000100 D
b1110000100 d
b11010011110000 r
#593
b11000100101011 "
b0 D
b0 d
b11000100101011 r
#594
b10101100110101 "
b10101100110101 r
#595
b1011100100111 "
b1011011 D
b1011011 d
b1011100100111 r
#596
b110011000110 "
b110101011111 D
b110101011111 d
b110011000110 r
#597
b0 "
b110100011111 D
b110100011111 d
b0 r
#598
b1011011011000 D
b1011011011000 d
#599
b10101101111101 D
b10101101111101 d
#600
b11000101111111 D
b11000101111111 d
#601
b1111010010 "
b11010101101100 D
b11010101101100 d
b1111010010 r
#602
b11111010110000 D
b11111010110000 d
#603
b1001101011101 "
b11111111111111 D
b11111111111111 d
b1001101011101 r
#604
b10000010000110 "
b10000010000110 r
#605
b10110000110000 "
b10110000110000 r
#606
b11100100011110 "
b11110111100011 D
b11110111100011 d
b11100100011110 r
#607
b11011111110111 "
b11010001000100 D
b11010001000100 d
b11011111110111 r
#608
b11111111111111 "
b10111111111101 D
b10111111111101 d
b11111111111111 r
#609
b10100111100011 D
b10100111100011 d
#610
b1010110000001 D
b1010110000001 d
#611
b11011111000 D
b11011111000 d
#612
b11011110011101 "
b0 D
b0 d
b11011110011101 r
#614
b11100100001001 "
b11100100001001 r
#615
b10011111111010 "
b10011111111010 r
#616
b10000010110101 "
b100111100101 D
b100111100101 d
b10000010110101 r
#617
b1001100111000 "
b1100011000001 D
b1100011000001 d
b1001100111000 r
#618
b1110011101 "
b10001000011001 D
b10001000011001 d
b1110011101 r
#619
b0 "
b10110101110110 D
b10110101110110 d
b0 r
#620
b11100111110111 D
b11100111110111 d
#621
b11110010101000 D
b11110010101000 d
#622
b11110001 "
b11111111111111 D
b11111111111111 d
b11110001 r
#623
b110100000001 "
b110100000001 r
#624
b1011010101000 "
b1011010101000 r
#625
b10101110011001 "
b11111111001111 D
b11111111001111 d
b10101110011001 r
#626
b11000110101000 "
b11111111001101 D
b11111101001101 d
b11000110101000 r
#627
b11010101100000 "
b11111100001111 D
b11111100001111 d
b11010101100000 r
#628
b11111010101000 "
b11101010111111 D
b11101010111111 d
b11111010101000 r
#629
b11111111111111 "
b10011010111111 D
b10011010111111 d
b11111111111111 r
#630
b1111101001011 D
b1111101001011 d
#631
b1000110111100 D
b1000110101100 d
#632
b11110111110111 "
b110011100 D
b110011100 d
b11110111110111 r
#633
b11110111111111 "
b0 D
b0 d
b11110111111111 r
#634
b11010000001111 "
b11010000001111 r
#635
b11000000100101 "
b11000000100101 r
#636
b10100111100100 "
b11111100 D
b11111100 d
b10100111100100 r
#637
b1010101111010 "
b111010111111 D
b111010111111 d
b1010101111010 r
#638
b11010110110 "
b1110001010011 D
b1110001010011 d
b11010110110 r
#639
b0 "
b10010010111111 D
b10010010111111 d
b0 r
#640
b11001001100110 D
b11001001100110 d
#641
b11010111111111 D
b11010111111111 d
#642
b11111101000001 D
b11111101000001 d
#643
b100111010000 "
b11111111111111 D
b11111111111111 d
b100111010000 r
#645
b1100011110110 "
b1100011110110 r
#646
b10001000101111 "
b11110101000011 D
b11110101000011 d
b10001000101111 r
#647
b10110101111000 "
b11101101100010 D
b11101101100010 d
b10110101111000 r
#648
b11101000010111 "
b10111100001000 D
b10111100001000 d
b11101000010111 r
#649
b11110001111110 "
b10100001111111 D
b10100001111111 d
b11110001111110 r
#650
b11111111111111 "
b1101111010110 D
b1101111010110 d
b11111111111111 r
#651
b10011111111 D
b10011111111 d
#652
b0 D
b0 d
#653
b11111110111110 "
b11111110111110 r
#654
b11111111111111 "
b11111111111111 r
#655
b11011011011101 "
b11011011011101 r
#656
b11001111111111 "
b101111100101 D
b101111100101 d
b11001111111111 r
#657
b10011010110111 "
b1101010010000 D
b1101010010000 d
b10011010110111 r
#658
b1111101100101 "
b10001110001100 D
b10001110001100 d
b1111101100101 r
#659
b1000110000001 "
b10111001010110 D
b10111001010110 d
b1000110000001 r
#660
b101111101 "
b11101011111110 D
b11101011111110 d
b101111101 r
#661
b0 "
b11111111011111 D
b11110101111111 d
b0 r
#662
b11111111111111 D
b11111111111111 d
#664
b101011011 "
b101011011 r
#666
b111010110011 "
b11111101110100 D
b11111101110100 d
b111010110011 r
#667
b1110010000100 "
b11011101100100 D
b11011101100100 d
b1110010000100 r
#668
b10010011100101 "
b11001100101010 D
b11001101001010 d
b10010011100101 r
#669
b11001001111000 "
b10010101110011 D
b10010101110011 d
b11001001111000 r
#670
b11011000000010 "
b1110111001101 D
b1110111001101 d
b11011000000010 r
#671
b11111101000100 "
b111111010011 D
b111111010011 d
b11111101000100 r
#672
b11111111111111 "
b0 D
b0 d
b11111111111111 r
#675
b11110101010010 "
b11110101010010 r
#676
b11101101100101 "
b100011011 D
b100011011 d
b11101101100101 r
#677
b10111100000000 "
b1000010001010 D
b1000010001010 d
b10111100000000 r
#678
b10100010011000 "
b1110111101100 D
b1110111101100 d
b10100010011000 r
#679
b1101111110110 "
b10010111110011 D
b10010111110011 d
b1101111110110 r
#680
b10011011001 "
b11001100111100 D
b11001100111100 d
b10011011001 r
#681
b0 "
b11011010100101 D
b11011010100101 d
b0 r
#682
b11111111011000 D
b11111111011000 d
#683
b11111111111111 D
b11111111111111 d
#685
b101111000101 "
b101111000101 r
#686
b1101010011100 "
b11110011011001 D
b11110011011001 d
b1101010011100 r
#687
b10001110101011 "
b11101000111110 D
b11101000111110 d
b10001110101011 r
#688
b10111001100100 "
b10111000000111 D
b10111000000111 d
b10111001100100 r
#689
b11101100011100 "
b10001100110000 D
b10001100110000 d
b11101100011100 r
#690
b11110101001001 "
b1101001011001 D
b1101001011001 d
b11110101001001 r
#691
b11111111111111 "
b101100110001 D
b101100110001 d
b11111111111111 r
#692
b0 D
b0 d
#694
b11111101011001 "
b11111101011001 r
#695
b11011000111001 "
b11011000111001 r
#696
b11001011100001 "
b10110100011 D
b10110100011 d
b11001011100001 r
#697
b10010101110000 "
b1010110011111 D
b1010100111111 d
b10010101110000 r
#698
b1110110111111 "
b11110011111111 D
b11110011111111 d
b1110110111111 r
#699
b111110111000 "
b10111111111010 D
b10111111111010 d
b111110111000 r
#700
b0 "
b11111111011010 D
b11111111011010 d
b0 r
#701
b11111111111110 D
b11111111111110 d
#702
b11111111111111 D
b11111111111111 d
#704
b1000011101 "
b1000011101 r
#706
b1000010101010 "
b11111011000110 D
b11111011000110 d
b1000010101010 r
#707
b1111000010111 "
b11010101001100 D
b11010101001100 d
b1111000010111 r
#708
b10011000010001 "
b11001000000101 D
b11001000000101 d
b10011000010001 r
#709
b11001101111111 "
b10010000010010 D
b10010000010010 d
b11001101111111 r
#710
b11011011001100 "
b1110001000100 D
b1110001000100 d
b11011011001100 r
#711
b11111111000101 "
b111000010100 D
b111000010100 d
b11111111000101 r
#712
b11111111111111 "
b0 D
b0 d
b11111111111111 r
#715
b11110010101010 "
b11110010101010 r
#716
b11101001110100 "
b1011000111 D
b1011000111 d
b11101001110100 r
#717
b10110111110110 "
b1001000110100 D
b1001000110100 d
b10110111110110 r
#718
b10001100001011 "
b1111101101011 D
b1111101101011 d
b10001100001011 r
#719
b1101000101111 "
b10011101100110 D
b10011101100110 d
b1101000101111 r
#720
b101100011100 "
b11100001110001 D
b11100001110001 d
b101100011100 r
#721
b0 "
b11011110010010 D
b11011110010010 d
b0 r
#722
b11111111111111 D
b11111111111111 d
#725
b100000 "
b100000 r
#726
b10110111101 "
b11110000101101 D
b11110000101101 d
b10110111101 r
#727
b1010000100001 "
b11100110000100 D
b11100110000100 d
b1010000100001 r
#728
b10100100111100 "
b10110010110011 D
b10110010110011 d
b10100100111100 r
#729
b10111110110101 "
b10000111110110 D
b10000111110110 d
b10111110110101 r
#730
b11101111001011 "
b1100010111001 D
b1100010111011 d
b11101111001011 r
#731
b11110111000001 "
b100100110111 D
b100100111111 d
b11110111000001 r
#732
b11111111111111 "
b100010111 D
b100110111 d
b11111111111111 r
#733
b0 D
b0 d
#735
b11111011010010 "
b11111011010010 r
#736
b11010101100101 "
b11110011100 D
b11110011100 d
b11010101100101 r
#737
b11000111100000 "
b1011110011100 D
b1011110011100 d
b11000111100000 r
#738
b10010001000101 "
b1010110011100 D
b10010001000101 r
#739
b1110001000010 "
b10101001011100 D
b10101001011100 d
b1110001000010 r
#740
b111000011100 "
b11000010101011 D
b11000010101011 d
b111000011100 r
#741
b0 "
b11010010001111 D
b11010010001111 d
b0 r
#742
b11111001011001 D
b11111001011001 d
#743
b11111111111111 D
b11111111111111 d
#745
b1100000101 "
b1100000101 r
#746
b1001000100101 "
b11111001000001 D
b11111001000001 d
b1001000100101 r
#747
b1111101100111 "
b11010011011111 D
b11010011011111 d
b1111101100111 r
#748
b10011110000110 "
b11000100001000 D
b11000100001000 d
b10011110000110 r
#749
b11100010001101 "
b10101011110000 D
b10101011110000 d
b11100010001101 r
#750
b11011110000000 "
b1011010101001 D
b1011010101001 d
b11011110000000 r
#751
b11111111111111 "
b110000111110 D
b110000111110 d
b11111111111111 r
#752
b0 D
b0 d
#755
b11110000011001 "
b11110000011001 r
#756
b11100101101010 "
b100001000101 D
b100001000101 d
b11100101101010 r
#757
b10110010001001 "
b1001111110001 D
b1001111110001 d
b10110010001001 r
#758
b10000110000000 "
b10000101011000 D
b10000101011000 d
b10000110000000 r
#759
b1100010011100 "
b10110010101101 D
b10110010101101 d
b1100010011100 r
#760
b100011111100 "
b11100100111011 D
b11100100111011 d
b100011111100 r
#761
b0 "
b11110000001110 D
b11110000001110 d
b0 r
#762
b11111111111111 D
b11111111111111 d
#765
b11111010001 "
b11111010001 r
#766
b1010111011101 "
b11011101010001 D
b11011101010001 d
b1010111011101 r
#767
b10101010110010 "
b11100010101001 D
b11100010111001 d
b10101010110010 r
#768
b11000011000100 "
b10011110001001 D
b10111110101001 d
b11000011000100 r
#769
b11010010111010 "
b10011111001011 D
b10011111001011 d
b11010010111010 r
#770
b11111001100000 "
b11001011000010 D
b11001011000010 d
b11111001100000 r
#771
b11111111111111 "
b1001111001110 D
b1001111001110 d
b11111111111111 r
#772
b1100001100 D
b1100001100 d
#773
b0 D
b0 d
#774
b11111000100000 "
b11111000100000 r
#775
b11010010010111 "
b11010010010111 r
#776
b11000011100111 "
b11000011100111 r
#777
b10101011101111 "
b110110000111 D
b110110000111 d
b10101011101111 r
#778
b1011010110010 "
b1011101001010 D
b1011101001010 d
b1011010110010 r
#779
b110000101001 "
b10101111111111 D
b10101111111111 d
b110000101001 r
#780
b0 "
b11000110100001 D
b11000110100001 d
b0 r
#781
b11010101111100 D
b11010101111100 d
#782
b11111010110110 D
b11111010110110 d
#783
b11111111111111 D
b11111111111111 d
#784
b100001110100 "
b100001110100 r
#786
b1001111110001 "
b11110111100100 D
b11110111100100 d
b1001111110001 r
#787
b10000100011101 "
b11101111110101 D
b11101111110101 d
b10000100011101 r
#788
b10110010100110 "
b10111111000001 D
b10111111000001 d
b10110010100110 r
#789
b11100101110111 "
b10100110010101 D
b10100110010101 d
b11100101110111 r
#790
b11110000011100 "
b1010100000100 D
b1010100000100 d
b11110000011100 r
#791
b11111111111111 "
b11001101110 D
b11001101110 d
b11111111111111 r
#792
b0 D
b0 d
#795
b11011101110001 "
b11011101110001 r
#796
b11100010011101 "
b101001011111 D
b101001011111 d
b11100010011101 r
#797
b10011110010100 "
b1100110000110 D
b1100110000110 d
b10011110010100 r
#798
b10000001011100 "
b10001010111110 D
b10001010111110 d
b10000001011100 r
#799
b1001010111100 "
b10110110111001 D
b10110110111001 d
b1001010111100 r
#800
b1011011100 "
b11101001010000 D
b11101001010000 d
b1011011100 r
#801
b0 "
b11110011000010 D
b11110011000010 d
b0 r
#802
b11111111111111 D
b11111111111111 d
#805
b11111110001111 D
b11111110001111 d
#806
b110110001110 "
b11111111011111 D
b11111111011111 d
b110110001110 r
#807
b1011101110100 "
b11011111011001 D
b11011111011001 d
b1011101110100 r
#808
b10010000101000 "
b11001111001101 D
b11001111001101 d
b10010000101000 r
#809
b11000111001101 "
b10011011101110 D
b10011011101110 d
b11000111001101 r
#810
b11010110000001 "
b1111011000010 D
b1111011000010 d
b11010110000001 r
#811
b11111011001100 "
b1000101010101 D
b1000111010101 d
b11111011001100 r
#812
b11111111111111 "
b11100101 D
b11100101 d
b11111111111111 r
#813
b0 D
b0 d
#815
b11110111011010 "
b11110111011010 r
#816
b11101111001000 "
b110100011 D
b110100011 d
b11101111001000 r
#817
b10111111001111 "
b111101011101 D
b111101011101 d
b10111111001111 r
#818
b10100101111010 "
b1110011100111 D
b1110011100111 d
b10100101111010 r
#819
b1010100100010 "
b10010100101000 D
b10010100101000 d
b1010100100010 r
#820
b11000101111 "
b11001010110010 D
b11001010110010 d
b11000101111 r
#821
b0 "
b11011000111111 D
b11011000111111 d
b0 r
#822
b11111110000000 D
b11111110000000 d
#823
b11111111111111 D
b11111111111111 d
#825
b101010100000 "
b101010100000 r
#826
b1100101111010 "
b11110100101000 D
b11110100101000 d
b1100101111010 r
#827
b10001010111101 "
b11101100101010 D
b11101100101010 d
b10001010111101 r
#828
b10110111100101 "
b10111011010100 D
b10111011010100 d
b10110111100101 r
#829
b11101001101010 "
b10100000010111 D
b10100000010111 d
b11101001101010 r
#830
b11110011101010 "
b1101101001000 D
b1101101001000 d
b11110011101010 r
#831
b11111111111111 "
b10001010111 D
b10001010111 d
b11111111111111 r
#832
b0 D
b0 d
#834
b11111110111010 "
b11111110111010 r
#835
b11011010100010 "
b11011010100010 r
#836
b11001110010101 "
b10001011101 D
b10001011101 d
b11001110010101 r
#837
b10011001110111 "
b1101011101100 D
b1101011101100 d
b10011001110111 r
#838
b1111011101000 "
b10001111111011 D
b10001111111011 d
b1111011101000 r
#839
b1000100011011 "
b10111011011111 D
b10111111011111 d
b1000100011011 r
#840
b100001001 "
b11111111001100 D
b11111101001100 d
b100001001 r
#841
b0 "
b11111101111010 D
b11111101111010 d
b0 r
#842
b11111111111111 D
b11111111111111 d
#844
b111011100 "
b111011100 r
#845
b111011110 "
b111011110 r
#846
b111101000101 "
b11111111110011 D
b11111111100011 d
b111101000101 r
#847
b1110010110000 "
b11010111110100 D
b11010111110100 d
b1110010110000 r
#848
b10010100100011 "
b11001010001010 D
b11001010001010 d
b10010100100011 r
#849
b11001011010100 "
b10010100011100 D
b10010100011100 d
b11001011010100 r
#850
b11011001000111 "
b1110100111101 D
b1110100111101 d
b11011001000111 r
#851
b11111101000101 "
b111101000011 D
b111101000011 d
b11111101000101 r
#852
b11111111111111 "
b0 D
b0 d
b11111111111111 r
#855
b11110100110100 "
b11110100110100 r
#856
b11101100011101 "
b1001010100 D
b1001010100 d
b11101100011101 r
#857
b10111011001010 "
b1000100011101 D
b1000100011101 d
b10111011001010 r
#858
b10100000101011 "
b1111001101000 D
b1111001101000 d
b10100000101011 r
#859
b1101101010110 "
b10011001111001 D
b10011001111001 d
b1101101010110 r
#860
b10010001010 "
b11001111001100 D
b11001111001100 d
b10010001010 r
#861
b0 "
b11011100010100 D
b11011100010100 d
b0 r
#862
b11111111001010 D
b11111111001010 d
#863
b11111111111111 D
b11111111111111 d
#865
b10010001011 "
b10010001011 r
#866
b11110010100010 D
b11110010100010 d
#867
b1101100000111 "
b11101000110111 D
b11101000110111 d
b1101100000111 r
#868
b10100000000111 "
b10110110110001 D
b10110110110001 d
b10100000000111 r
#869
b10111011010110 "
b10001011100001 D
b10001011100001 d
b10111011010110 r
#870
b11101101010001 "
b1100111000110 D
b1100111000110 d
b11101101010001 r
#871
b11110101011100 "
b101001101101 D
b101001101101 d
b11110101011100 r
#872
b11111111111111 "
b0 D
b0 d
b11111111111111 r
#875
b11111101010100 "
b11111101010100 r
#876
b11010111100111 "
b11001100000 D
b11001100000 d
b11010111100111 r
#877
b11001010001001 "
b1011011110100 D
b1011011110100 d
b11001010001001 r
#878
b10010011010011 "
b11110110110111 D
b11110110110111 d
b10010011010011 r
#879
b1110101000110 "
b10111111111111 D
b10111111111111 d
b1110101000110 r
#880
b111100111110 "
b10111111111101 D
b10111111111101 d
b111100111110 r
#881
b0 "
b11110111100100 D
b11110111100100 d
b0 r
#882
b11110111101110 D
b11111111100110 d
#883
b11111111111111 D
b11111111111111 d
#885
b1001000000 "
b1001000000 r
#886
b1000100000010 "
b11111011010010 D
b11111011010010 d
b1000100000010 r
#887
b1111001111110 "
b11010100110101 D
b11010100110101 d
b1111001111110 r
#888
b10011010001110 "
b11000111000010 D
b11000111000010 d
b10011010001110 r
#889
b11001111001101 "
b10101110100000 D
b10101110100000 d
b11001111001101 r
#890
b11011100010110 "
b1011111000110 D
b1011111000110 d
b11011100010110 r
#891
b11111111101001 "
b110101111000 D
b110101111000 d
b11111111101001 r
#892
b11111111111111 "
1B
b0 D
b0 d
b11111111111111 r
#893
0B
0C
0""
#896
b1100000010 D
b1100000010 d
#897
b1001010101011 D
b1001010101011 d
#898
b1111111111111 D
b1111111111111 d
#899
b10011111010101 D
b10011111010101 d
#900
b11100010111110 D
b11100010111110 d
#901
b11011110100111 D
b11011110100111 d
#902
b11111111111111 D
b11111111111111 d
#906
b11011111100101 D
b11011111100101 d
#907
b11100100110110 D
b11100100110110 d
#908
b10110001100101 D
b10110001100101 d
#909
b10000101001000 D
b10000101001000 d
#910
b1001111011111 D
b1001111011111 d
#911
b101111011111 D
b100101011111 d
#912
b100001001001 D
b100001001001 d
#913
b0 D
b0 d
#916
b110001001100 D
b110001001100 d
#917
b1111001001100 D
b1111001001100 d
#918
b1011001101000 D
b1011001001000 d
#919
b10101100101001 D
b10101100101001 d
#920
b11000011011011 D
b11000011011011 d
#921
b11010100000010 D
b11010100000010 d
#922
b11111010000101 D
b11111010000101 d
#923
b11111111111111 D
b11111111111111 d
#926
b11111000011011 D
b11111000011011 d
#927
b11010001100000 D
b11010001100000 d
#928
b11000010011010 D
b11000010011010 d
#929
b10101010010001 D
b10101010010001 d
#930
b1011000111011 D
b1011000111011 d
#931
b11110100011 D
b11110100011 d
#932
b0 D
b0 d
#936
b100011111110 D
b100011111110 d
#937
b1100000110001 D
b1100000110001 d
#938
b10000110010000 D
b10000110010000 d
#939
b10110011100100 D
b10110011100100 d
#940
b11100110011111 D
b11100110011111 d
#941
b11110001110001 D
b11110001110001 d
#942
b11111111111111 D
b11111111111111 d
#945
b11111111101000 D
b11111111101000 d
#946
b11011100111100 D
b11011100111100 d
#947
b11101101111110 D
b11100101111110 d
#948
b11111101111111 D
b11111101111111 d
#949
b11111111111111 D
b11111111110111 d
#950
b1111111101101 D
b1111111001101 d
#951
b1001000111010 D
b1001000111010 d
#952
b1000111010 D
b1000111010 d
#953
b0 D
b0 d
#957
b111000101101 D
b111000101101 d
#958
b1011110110011 D
b1011110110011 d
#959
b10010001000101 D
b10010001000101 d
#960
b11001000100001 D
b11001000100001 d
#961
b11010111010100 D
b11010111010100 d
#962
b11111100011101 D
b11111100011101 d
#963
b11111111111111 D
b11111111111111 d
#966
b11110110011101 D
b11110110011101 d
#967
b11101110001000 D
b11101110001000 d
#968
b10111101110100 D
b10111101110100 d
#969
b10100100000011 D
b10100100000011 d
#970
b1010001100100 D
b1010001100100 d
#971
b10110100100 D
b10110100100 d
#972
b0 D
b0 d
#976
b101100101011 D
b101100101011 d
#977
b1100111111100 D
b1100111111100 d
#978
b10001100001101 D
b10001100001101 d
#979
b10111000001111 D
b10111000001111 d
#980
b11101010100111 D
b11101010100111 d
#981
b11110011101000 D
b11110011101010 d
#982
b11111111111111 D
b11111111111111 d
#986
b11111101101111 D
b11111101101111 d
#987
b11011101101111 D
b11011101101111 d
#988
b11001101101000 D
b11001101101000 d
#989
b10111001011101 D
b10111001010101 d
#990
b1111001011111 D
b1111001011111 d
#991
b1000001110101 D
b1000001110101 d
#992
b1011100 D
b1011100 d
#993
b0 D
b0 d
#997
b111110110110 D
b111110110110 d
#998
b1110101001110 D
b1110101001110 d
#999
b10010110010111 D
b10010110010111 d
#1000
b11001100101001 D
b11001100101001 d
#1001
b11011001111001 D
b11011001111001 d
#1002
b11111101011101 D
b11111101011101 d
#1003
b11111111111111 D
b11111111111111 d
#1006
b11110011000111 D
b11110011000111 d
#1007
b11101011001000 D
b11101011001000 d
#1008
b10111010011001 D
b10111010011001 d
#1009
b10001111011111 D
b10001111011111 d
#1010
b1101100001101 D
b1101100001101 d
#1011
b101111010001 D
b101111010001 d
#1012
b0 D
b0 d
#1016
b10011101111 D
b10011101111 d
#1017
b1101101011011 D
b1101101011011 d
#1018
b10101101111111 D
b10100101111111 d
#1019
b10111101011111 D
b10111101111111 d
#1020
b11111101110111 D
b11111101110111 d
#1021
b11111111111111 D
b11111111111111 d
#1026
b11111111011111 D
b11111111010111 d
#1027
b11010111001111 D
b11010111001111 d
#1028
b11001001110100 D
b11001001110100 d
#1029
b10010010011011 D
b10010010011011 d
#1030
b1110011010011 D
b1110011010011 d
#1031
b111011001101 D
b111011001101 d
#1032
b0 D
b0 d
#1036
b110001010 D
b110001010 d
#1037
b1000110000001 D
b1000110000001 d
#1038
b1111011101110 D
b1111011101110 d
#1039
b10011100000010 D
b10011100000010 d
#1040
b11001111111010 D
b11001111111010 d
#1041
b11011100101100 D
b11011100101100 d
#1042
b11111111111111 D
b11111111111111 d
#1046
b11110001111001 D
b11110001111001 d
#1047
b11100111100111 D
b11100111100111 d
#1048
b10110101011011 D
b10110101011011 d
#1049
b10001001011010 D
b10001001011010 d
#1050
b1100100101110 D
b1100100101110 d
#1051
b100110101101 D
b100110101101 d
#1052
b0 D
b0 d
#1056
b11100000000 D
b11100000000 d
#1057
b1011100100111 D
b1011100100111 d
#1058
b1010100100111 D
#1059
b11101001001010 D
b11101001001010 d
#1060
b11010001011010 D
b11010001011000 d
#1061
b11111001010010 D
b11111001010010 d
#1062
b11111001000000 D
b11111001000000 d
#1063
b11111111111111 D
b11111111111111 d
#1066
b11111001010010 D
b11111001010010 d
#1067
b11010011001100 D
b11010011001100 d
#1068
b11000101110111 D
b11000101110111 d
#1069
b10101101111011 D
b10101101111011 d
#1070
b1011100011010 D
b1011100011010 d
#1071
b110010100001 D
b110010100001 d
#1072
b0 D
b0 d
#1076
b1111001010 D
b1111001010 d
#1077
b1001100100000 D
b1001100100000 d
#1078
b10000001100001 D
b10000001100001 d
#1079
b10110000101101 D
b10110000101101 d
#1080
b11100100011100 D
b11100100011100 d
#1081
b11011111111001 D
b11011111111001 d
#1082
b11111111111111 D
b11111111111111 d
#1086
b11011110110101 D
b11011110110101 d
#1087
b11100011100001 D
b11100011100001 d
#1088
b10011111101001 D
b10011111101001 d
#1089
b10000011100010 D
b10000011101011 d
#1090
b1001111001110 D
b1001101101110 d
#1091
b1001111111101 D
b1001111111101 d
#1092
b1110110101 D
b1110110101 d
#1093
b0 D
b0 d
#1095
b11000110 D
b11000110 d
#1096
b110111010110 D
b110111000110 d
#1097
b110100010101 D
b110100010101 d
#1098
b1011010100111 D
b1011010100111 d
#1099
b10101101000000 D
b10101101000000 d
#1100
b11000101011000 D
b11000101011000 d
#1101
b11010101001010 D
b11010101001010 d
#1102
b11111010100110 D
b11111010100110 d
#1103
b11111111111111 D
b11111111111111 d
#1106
b11110111111101 D
b11110111111101 d
#1107
b11010000100011 D
b11010000100011 d
#1108
b11000001001000 D
b11000001001000 d
#1109
b10101000010110 D
b10101000010110 d
#1110
b1010110000111 D
b1010110000111 d
#1111
b11011100010 D
b11011100010 d
#1112
b0 D
b0 d
#1116
b100111001110 D
b100111001110 d
#1117
b1100011101100 D
b1100011101100 d
#1118
b10000111110100 D
b10000111110100 d
#1119
b10110101001011 D
b10110101001011 d
#1120
b11101000001110 D
b11101000001110 d
#1121
b11110010000000 D
b11110010000000 d
#1122
b11111111111111 D
b11111111111111 d
#1125
b11111111101010 D
b11111111111010 d
#1126
b11011011101010 D
b11011111101010 d
#1127
b11011111111011 D
b11011111111011 d
#1128
b11011111111111 D
b11011111111111 d
#1129
b11011111111110 D
b11011111111110 d
#1130
b1111111110001 D
b1111111110001 d
#1131
b1000111010001 D
b1000111010001 d
#1132
b110010000 D
b110010000 d
#1133
b0 D
b0 d
#1136
b1001100 D
b1001100 d
#1137
b111010011010 D
b111010011010 d
#1138
b1110000110010 D
b1110000110010 d
#1139
b10010010111011 D
b10010010111011 d
#1140
b11001001100110 D
b11001001100110 d
#1141
b11011000101011 D
b11011000101011 d
#1142
b11111101011001 D
b11111101011001 d
#1143
b11111111111111 D
b11111111111111 d
#1146
b11110101101010 D
b11110101101010 d
#1147
b11101101001011 D
b11101101001011 d
#1148
b10111011111000 D
b10111011111000 d
#1149
b10100010100001 D
b10100010100001 d
#1150
b1101111111001 D
b1101111111001 d
#1151
b10011101101 D
b10011101101 d
#1152
b0 D
b0 d
#1156
b101111011110 D
b101111011110 d
#1157
b1101001110001 D
b1101001110001 d
#1158
b10001110101110 D
b10001110101110 d
#1159
b10111010000101 D
b10111010000101 d
#1160
b11101100000100 D
b11101100000100 d
#1161
b11110100101010 D
b11110100101010 d
#1162
b11111111111111 D
b11111111111111 d
#1166
b11111101111111 D
b11111101111111 d
#1167
b11011011110110 D
b11011011110110 d
#1168
b11001011110110 D
b11001011110110 d
#1169
b10010111111110 D
b10010111101110 d
#1170
b1110111111110 D
b1110111111110 d
#1171
b1000000001010 D
b1000000001010 d
#1172
b0 D
b0 d
#1176
b110010110 D
b110010110 d
#1177
b1000001000101 D
b1000001000101 d
#1178
b1111000000000 D
b1111000000000 d
#1179
b10011000001010 D
b10011000001010 d
#1180
b11001101111011 D
b11001101111011 d
#1181
b11011010111101 D
b11011010111101 d
#1182
b11111110101101 D
b11111110101101 d
#1183
b11111111111111 D
b11111111111111 d
#1186
b11110011011100 D
b11110011011100 d
#1187
b11101001100110 D
b11101001100110 d
#1188
b10110111101100 D
b10110111101100 d
#1189
b10001100111111 D
b10001100111111 d
#1190
b1101001001001 D
b1101001001001 d
#1191
b101100011000 D
b101100011000 d
#1192
b0 D
b0 d
#1196
b10110011100 D
b10110011100 d
#1197
b1010000101110 D
b1010000111110 d
#1198
b11110011111111 D
b11110011111111 d
#1199
b10111111111011 D
b10111111111011 d
#1200
b11111111111101 D
b11111111111101 d
#1202
b11111111111111 D
b11111111111111 d
#1206
b11111011010100 D
b11111011010100 d
#1207
b11010110001101 D
b11010110001101 d
#1208
b11001000010111 D
b11001000010111 d
#1209
b10010001001010 D
b10010001001010 d
#1210
b1110001000001 D
b1110001000001 d
#1211
b111000111100 D
b111000111100 d
#1212
b0 D
b0 d
#1216
b1010111100 D
b1010111100 d
#1217
b1001000001001 D
b1001000001001 d
#1218
b1111101111010 D
b1111101111010 d
#1219
b10011101011110 D
b10011101011110 d
#1220
b11100001010100 D
b11100001010100 d
#1221
b11011101011101 D
b11011101011101 d
#1222
b11111111111111 D
b11111111111111 d
#1226
b11110000001100 D
b11110000001100 d
#1227
b11100101111010 D
b11100101111010 d
#1228
b10110011101000 D
b10110011101000 d
#1229
b10000111101101 D
b10000111101101 d
#1230
b1100010011100 D
b1100010011100 d
#1231
b100100000110 D
b100100000110 d
#1232
b10 D
b10 d
#1233
b0 D
b0 d
#1236
b11110100001 D
b11110100001 d
#1237
b1011110101111 D
b1011110101111 d
#1238
b1010110101111 D
#1239
b11101010111101 D
b11101010101101 d
#1240
b11010010111010 D
b11010010111010 d
#1241
b11010010110101 D
b11010010110101 d
#1242
b11111001011010 D
b11111001011010 d
#1243
b11111111111111 D
b11111111111111 d
#1246
b11111001010010 D
b11111001010010 d
#1247
b11010010010000 D
b11010010010000 d
#1248
b11000011010111 D
b11000011010111 d
#1249
b10101011000001 D
b10101011000001 d
#1250
b1011011100111 D
b1011011100111 d
#1251
b110001101000 D
b110001101000 d
#1252
b0 D
b0 d
#1256
b100001100001 D
b100001100001 d
#1257
b1001110011100 D
b1001110011100 d
#1258
b10000011011011 D
b10000011011011 d
#1259
b10110001110000 D
b10110001110000 d
#1260
b11100101101110 D
b11100101101110 d
#1261
b11110000101111 D
b11110000101111 d
#1262
b11111111111111 D
b11111111111111 d
#1266
b11011110110011 D
b11011110110011 d
#1267
b11100011000110 D
b11100011000110 d
#1268
b10011110000111 D
b10011110000111 d
#1269
b10001111000111 D
b10000101000111 d
#1270
b11001011101110 D
b11001011101110 d
#1271
b1001111101111 D
b1001111101111 d
#1272
b1100101111 D
b1100101111 d
#1273
b0 D
b0 d
#1276
b110101011000 D
b110101000000 d
#1277
b110101011011 D
b110101011011 d
#1278
b1011100011110 D
b1011100011110 d
#1279
b10101111010011 D
b10101111010011 d
#1280
b11000110010101 D
b11000110010101 d
#1281
b11010101101101 D
b11010101101101 d
#1282
b11111011000111 D
b11111011000111 d
#1283
b11111111111111 D
b11111111111111 d
#1286
b11110111001101 D
b11110111001101 d
#1287
b11101111101000 D
b11101111101000 d
#1288
b10111111100011 D
b10111111100011 d
#1289
b10100110100000 D
b10100110100000 d
#1290
b1010100100000 D
b1010100100000 d
#1291
b11001010101 D
b11001010101 d
#1292
b0 D
b0 d
#1296
b101001011100 D
b101001011100 d
#1297
b1100101011101 D
b1100101011101 d
#1298
b10001010111000 D
b10001010111000 d
#1299
b10110111100010 D
b10110111100010 d
#1300
b11101001011110 D
b11101001011110 d
#1301
b11110010111011 D
b11110010111011 d
#1302
b11111111111111 D
b11111111111111 d
#1305
b11111111000111 D
b11111111001111 d
#1306
b11111111110110 D
b11111111110110 d
#1307
b11011110110111 D
b11011110110111 d
#1308
b11011111010001 D
b11011111010001 d
#1309
b11111011110101 D
b11111011110101 d
#1310
b1111011110101 D
b1111011110101 d
#1311
b1000111110111 D
b1000111110111 d
#1312
b11100101 D
b11100101 d
#1313
b0 D
b0 d
#1316
b110100110 D
b110100110 d
#1317
b111100101111 D
b111100101111 d
#1318
b1110010111110 D
b1110010111110 d
#1319
b10010100010000 D
b10010100010000 d
#1320
b11001011001110 D
b11001011001110 d
#1321
b11011001010010 D
b11011001010010 d
#1322
b11111101001010 D
b11111101001010 d
#1323
b11111111111111 D
b11111111111111 d
#1326
b11110101000101 D
b11110101000101 d
#1327
b11101100100001 D
b11101100100001 d
#1328
b10111010101000 D
b10111010101000 d
#1329
b10100000000100 D
b10100000000100 d
#1330
b1101110011000 D
b1101110011000 d
#1331
b10010111100 D
b10010111100 d
#1332
b0 D
b0 d
#1336
b10001101111 D
b10001101111 d
#1337
b1101100000110 D
b1101100000110 d
#1338
b10001111101110 D
b10001111101110 d
#1339
b10111010101111 D
b10111010101111 d
#1340
b11101100110111 D
b11101100111111 d
#1341
b11111101110110 D
b11110101110110 d
#1342
b11111111111111 D
b11111111111111 d
#1347
b11010111110011 D
b11011111110011 d
#1348
b11001010110010 D
b11001010110010 d
#1349
b10010100100001 D
b10010100100001 d
#1350
b1110100110101 D
b1110100110101 d
#1351
b111100111110 D
b111100111110 d
#1352
b0 D
b0 d
#1356
b1001101011 D
b1001101011 d
#1357
b1000100000010 D
b1000100000010 d
#1358
b1111010000110 D
b1111010000110 d
#1359
b10011001111100 D
b10011001111100 d
#1360
b11001110101111 D
b11001110101111 d
#1361
b11011100001010 D
b11011100001010 d
#1362
b11111111101000 D
b11111111101000 d
#1363
b11111111111111 D
b11111111111111 d
#1366
b11110010100000 D
b11110010100000 d
#1367
b11101000111110 D
b11101000111110 d
#1368
b10110101111110 D
b10110101111110 d
#1369
b10001011000001 D
b10001011000001 d
#1370
b1100111010010 D
b1100111010010 d
#1371
b101010001100 D
b101010001100 d
#1372
b0 D
b0 d
#1376
b11000100011 D
b11000100011 d
#1377
b1011010001011 D
b1010010101011 d
#1378
b11110111111110 D
b11110111111110 d
#1379
b10111101110110 D
b10111111110110 d
#1380
b11111111111111 D
b11111111111111 d
#1386
b11111010111010 D
b11111010111010 d
#1387
b11010101011110 D
b11010101011110 d
#1388
b11000110011001 D
b11000110011001 d
#1389
b10101110101101 D
b10101110101101 d
#1390
b1011110111001 D
b1011110111001 d
#1391
b110110000111 D
b110110000111 d
#1392
b0 D
b0 d
#1396
b1100010100 D
b1100010100 d
#1397
b1001010101101 D
b1001010101101 d
#1398
b1111111011010 D
b1111111011010 d
#1399
b10011110100110 D
b10011110100110 d
#1400
b11100011000000 D
b11100011000000 d
#1401
b11011110111011 D
b11011110111011 d
#1402
b11111111111111 D
b11111111111111 d
#1406
b11110000010010 D
b11110000010010 d
#1407
b11100101001110 D
b11100101001110 d
#1408
b10110001001100 D
b10110001001100 d
#1409
b10000100110101 D
b10000100110101 d
#1410
b1001111001110 D
b1001111001110 d
#1411
b100001100110 D
b100001101110 d
#1412
b100 D
b100100 d
#1413
b0 D
b0 d
#1416
b110000111111 D
b110000111111 d
#1417
b1111000111111 D
b1111000111111 d
#1418
b1011001111011 D
b1011001111011 d
#1419
b10101011010101 D
b10101011010101 d
#1420
b11000100001010 D
b11000100001010 d
#1421
b11010100001101 D
b11010100001101 d
#1422
b11111001110011 D
b11111001110011 d
#1423
b11111111111111 D
b11111111111111 d
#1426
b11111000011100 D
b11111000011100 d
#1427
b11010010010100 D
b11010010010100 d
#1428
b11000010110110 D
b11000010110110 d
#1429
b10101010010010 D
b10101010010010 d
#1430
b1011001001111 D
b1011001001111 d
#1431
b11111001011 D
b11111001011 d
#1432
b0 D
b0 d
#1436
b100011101011 D
b100011101011 d
#1437
b1100000100110 D
b1100000100110 d
#1438
b10000101100000 D
b10000101100000 d
#1439
b10110011100000 D
b10110011100000 d
#1440
b11100110011000 D
b11100110011000 d
#1441
b11110001100000 D
b11110001100000 d
#1442
b11111111111111 D
b11111111111111 d
#1445
b11111111111000 D
b11111111111000 d
#1446
b11011101001011 D
b11011101001011 d
#1447
b11100001111111 D
b11100001111111 d
#1448
b10011100111101 D
b10111100111101 d
#1449
b11111111101011 D
b11111111101011 d
#1450
b1111111001111 D
b1111111001111 d
#1451
b1001001001111 D
b1001001001111 d
#1452
b1001000110 D
b1001000110 d
#1453
b0 D
b0 d
#1456
b110000000000 D
b111000000000 d
#1457
b111000010000 D
b111000010000 d
#1458
b1011111010110 D
b1011111010110 d
#1459
b10010001010100 D
b10010001010100 d
#1460
b11001000010101 D
b11001000010101 d
#1461
b11010111001111 D
b11010111001111 d
#1462
b11111100011010 D
b11111100011010 d
#1463
b11111111111111 D
b11111111111111 d
#1466
b11110110010010 D
b11110110010010 d
#1467
b11101101110000 D
b11101101110000 d
#1468
b10111110010111 D
b10111110010111 d
#1469
b10100100100101 D
b10100100100101 d
#1470
b1010001110100 D
b1010001110100 d
#1471
b10110010111 D
b10110010111 d
#1472
b0 D
b0 d
#1476
b101100111011 D
b101100111011 d
#1477
b1100111011111 D
b1100111011111 d
#1478
b10001011111100 D
b10001011111100 d
#1479
b10111000100100 D
b10111000100100 d
#1480
b11101010101110 D
b11101010101110 d
#1481
b11110100001101 D
b11110100001101 d
#1482
b11111111111111 D
b11111111111111 d
#1485
b11111110001111 D
b11111110011111 d
#1486
b11111110011111 D
#1487
b11011110011111 D
b11011110011111 d
#1488
b11011111101111 D
b11011111101111 d
#1489
b10010111101011 D
b10010111101011 d
#1490
b1111001010010 D
b1111001010010 d
#1491
b1000010000101 D
b1000010000101 d
#1492
b1011110 D
b1011110 d
#1493
b0 D
b0 d
#1497
b111110111100 D
b111110111100 d
#1498
b1110100101001 D
b1110100101001 d
#1499
b10010101110110 D
b10010101110110 d
#1500
b11001100011101 D
b11001100011101 d
#1501
b11011010011000 D
b11011010011000 d
#1502
b11111110000101 D
b11111110000101 d
#1503
b11111111111111 D
b11111111111111 d
#1506
b11110011111110 D
b11110011111110 d
#1507
b11101100001010 D
b11101100001010 d
#1508
b10111001001111 D
b10111001001111 d
#1509
b10001110100001 D
b10001110100001 d
#1510
b1101011011010 D
b1101011011010 d
#1511
b101111000110 D
b101111000110 d
#1512
b0 D
b0 d
#1516
b10100100011 D
b10100100011 d
#1517
b1101110100000 D
b1101110100000 d
#1518
b10100001110100 D
b10100001110100 d
#1519
b10111100010110 D
b10111100110110 d
#1520
b11111101110011 D
b11111101110011 d
#1521
b11111111111111 D
b11111111111111 d
#1526
b11111111111101 d
#1527
b11010111010111 D
b11010111010111 d
#1528
b11001001100110 D
b11001001100110 d
#1529
b10010010101001 D
b10010010101001 d
#1530
b1110011010001 D
b1110011010001 d
#1531
b111011001001 D
b111011001001 d
#1532
b0 D
b0 d
#1536
b101110000 D
b101110000 d
#1537
b1000101111101 D
b1000101111101 d
#1538
b1111011011110 D
b1111011011110 d
#1539
b10011011100011 D
b10011011100011 d
#1540
b11100000000011 D
b11100000000011 d
#1541
b11011100100100 D
b11011100100100 d
#1542
b11111111000010 D
b11111111000010 d
#1543
b11111111111111 D
b11111111111111 d
#1546
b11110001100111 D
b11110001100111 d
#1547
b11100111011111 D
b11100111011111 d
#1548
b10110101000101 D
b10110101000101 d
#1549
b10001001110010 D
b10001001110010 d
#1550
b1100101001001 D
b1100101001001 d
#1551
b100111101000 D
b100111101000 d
#1552
b0 D
b0 d
#1556
b11100000110 D
b11100000110 d
#1557
b1011100010110 D
b1011100010110 d
#1558
b11110110111001 D
b11110110111001 d
#1559
b11100110111001 D
b11100110111001 d
#1560
b11010001100111 D
b11010001100111 d
#1561
b11111001100110 D
b11111001100110 d
#1562
b11111111110100 D
b11111111100100 d
#1563
b11111111111111 D
b11111111111111 d
#1566
b11111010000011 D
b11111010000011 d
#1567
b11010100111000 D
b11010100111000 d
#1568
b11000101110000 D
b11000101110000 d
#1569
b10101101101000 D
b10101101101000 d
#1570
b1011100110000 D
b1011100110000 d
#1571
b110011100110 D
b110011100110 d
#1572
b0 D
b0 d
#1576
b1111000001 D
b1111000001 d
#1577
b1001100110010 D
b1001100110010 d
#1578
b10000001101011 D
b10000001101011 d
#1579
b10110000001110 D
b10110000001110 d
#1580
b11100100000000 D
b11100100000000 d
#1581
b11011111101101 D
b11011111101101 d
#1582
b11111111111111 D
b11111111111111 d
#1586
b11011110110010 D
b11011110110010 d
#1587
b11100100000101 D
b11100100000101 d
#1588
b10110000011001 D
b10110000011001 d
#1589
b10000100001101 D
b10000100001101 d
#1590
b1001101010100 D
b1001101011101 d
#1591
b1110111110 D
b1110111110 d
#1592
b1110101110 D
b1110101110 d
#1593
b0 D
b0 d
#1595
b10101101 D
b10101101 d
#1596
b110011101101 D
b110011101101 d
#1597
b1110011111010 D
b1111011101010 d
#1598
b1011010111001 D
b1011010111001 d
#1599
b10101101101111 D
b10101101101111 d
#1600
b11000101110011 D
b11000101110011 d
#1601
b11010100101001 D
b11010100101001 d
#1602
b11111010010111 D
b11111010010111 d
#1603
b11111111111111 D
b11111111111111 d
#1606
b11110111111101 D
b11110111111101 d
#1607
b11010000100011 D
b11010000100011 d
#1608
b11000000111110 D
b11000000111110 d
#1609
b10101000101110 D
b10101000101110 d
#1610
b1010110110110 D
b1010110110110 d
#1611
b11011111011 D
b11011111011 d
#1612
b0 D
b0 d
#1616
b100110111011 D
b100110111011 d
#1617
b1100010111101 D
b1100010111101 d
#1618
b10000111111000 D
b10000111111000 d
#1619
b10110101010011 D
b10110101010011 d
#1620
b11101000100001 D
b11101000100001 d
#1621
b11110010011110 D
b11110010011110 d
#1622
b11111111111111 D
b11111111111111 d
#1625
b11111111001010 D
b11111111001010 d
#1626
b11011100100010 D
b11011100101010 d
#1627
b11101100011011 D
b11100100111011 d
#1628
b11111011011111 D
b11111011011111 d
#1629
b11111111111111 D
b11111111111110 d
#1630
b1111111110111 D
b1111111110101 d
#1631
b1000111101111 D
b1000111101111 d
#1632
b111001100 D
b111001100 d
#1633
b0 D
b0 d
#1635
b1000000 D
b1000000 d
#1636
b1011010 D
b1011010 d
#1637
b111010110011 D
b111010110011 d
#1638
b1110000111011 D
b1110000111011 d
#1639
b10010010001001 D
b10010010001001 d
#1640
b11001001000100 D
b11001001000100 d
#1641
b11011000000000 D
b11011000000000 d
#1642
b11111100110100 D
b11111100110100 d
#1643
b11111111111111 D
b11111111111111 d
#1646
b11110101101001 D
b11110101101001 d
#1647
b11101110000101 D
b11101110000101 d
#1648
b10111101001110 D
b10111101001110 d
#1649
b10100010101011 D
b10100010101011 d
#1650
b1010000010001 D
b1010000010001 d
#1651
b10100101000 D
b10100101000 d
#1652
b0 D
b0 d
#1656
b101110000110 D
b101110000110 d
#1657
b1101001010101 D
b1101001010101 d
#1658
b10001101111111 D
b10001101111111 d
#1659
b10111001100111 D
b10111001100111 d
#1660
b11101011001000 D
b11101011001000 d
#1661
b11110100011100 D
b11110100011100 d
#1662
b11111111111111 D
b11111111111111 d
#1665
b11111111001111 D
b11111111011111 d
#1666
b11111101001111 D
b11111101001111 d
#1667
b11011101000011 D
b11011101000011 d
#1668
b11001101111011 D
b11001101110011 d
#1669
b10110111111000 D
b10110111111000 d
#1670
b1110111101010 D
b1111111101010 d
#1671
b111111101111 D
b111111101111 d
#1672
b0 D
b0 d
#1676
b101011010 D
b101011010 d
#1677
b1000001101111 D
b1000001101111 d
#1678
b1110111010101 D
b1110111010101 d
#1679
b10010111111110 D
b10010111111110 d
#1680
b11001100011110 D
b11001100011110 d
#1681
b11011010111111 D
b11011010111111 d
#1682
b11111111001110 D
b11111111001110 d
#1683
b11111111111111 D
b11111111111111 d
#1686
b11110010111110 D
b11110010111110 d
#1687
b11101010001011 D
b11101010001011 d
#1688
b10111000000111 D
b10111000000111 d
#1689
b10001101001101 D
b10001101001101 d
#1690
b1101001000111 D
b1101001000111 d
#1691
b101100101000 D
b101100101000 d
#1692
b0 D
b0 d
#1696
b10110110110 D
b10110110110 d
#1697
b1101111111110 D
b1101111111110 d
#1698
b10100011101110 D
b10100111111110 d
#1699
b10111111101111 D
b10111111101111 d
#1700
b11111110111111 D
b11111110111111 d
#1702
b11111111111111 D
b11111111111111 d
#1706
b11111111100100 D
b11111011100100 d
#1707
b11010110000101 D
b11010110000101 d
#1708
b11001000101010 D
b11001000101010 d
#1709
b10010000110111 D
b10010000110111 d
#1710
b1110001001001 D
b1110001001001 d
#1711
b111000101101 D
b111000101101 d
#1712
b0 D
b0 d
#1716
b1011011000 D
b1011011000 d
#1717
b1001000011011 D
b1001000011011 d
#1718
b1111101111100 D
b1111101111100 d
#1719
b10011101000110 D
b10011101000110 d
#1720
b11100001101100 D
b11100001101100 d
#1721
b11011110001000 D
b11011110001000 d
#1722
b11111111111111 D
b11111111111111 d
#1726
b11110001000011 D
b11110001000011 d
#1727
b11100110011000 D
b11100110011000 d
#1728
b10110011010010 D
b10110011010010 d
#1729
b10001000101101 D
b10001000101101 d
#1730
b1100010011100 D
b1100010011100 d
#1731
b100011101011 D
b100011101011 d
#1732
b0 D
b10 d
#1733
b0 d
#1736
b11110100101 D
b11110100101 d
#1737
b1011110110111 D
b1011110110111 d
#1738
b1010110110110 D
b1010110110110 d
#1739
b11101011110011 D
b11101011110011 d
#1740
b11010010111111 D
b11010010111111 d
#1741
b11010010101111 D
b11011010101111 d
#1742
b11111001100101 D
b11111001000101 d
#1743
b11111111111111 D
b11111111111111 d
#1746
b11111001010000 D
b11111001010000 d
#1747
b11010010111001 D
b11010010111001 d
#1748
b11000100100001 D
b11000100100001 d
#1749
b10101100010001 D
b10101100010001 d
#1750
b1011010101111 D
b1011010101111 d
#1751
b110000111100 D
b110000111100 d
#1752
b0 D
b0 d
#1756
b100001001111 D
b100001001111 d
#1757
b1001111011100 D
b1001111011100 d
#1758
b10000100010001 D
b10000100010001 d
#1759
b10110010001110 D
b10110010001110 d
#1760
b11100101100101 D
b11100101100101 d
#1761
b11110000010101 D
b11110000010101 d
#1762
b11111111111111 D
b11111111111111 d
#1766
b11011101100011 D
b11011101100011 d
#1767
b11100011000100 D
b11100011000100 d
#1768
b10011110110100 D
b10011110110100 d
#1769
b10000001001101 D
b10000001011101 d
#1770
b1001011101101 D
b1001011101101 d
#1771
b1001111101110 D
b1001111101110 d
#1772
b1100100110 D
b1100100110 d
#1773
b0 D
b0 d
#1776
b110101010101 D
b110101010101 d
#1777
b1110101010101 D
b1111101010101 d
#1778
b1011100011100 D
b1011100011100 d
#1779
b10101111100111 D
b10101111100111 d
#1780
b11000110111101 D
b11000110111101 d
#1781
b11010101100010 D
b11010101100010 d
#1782
b11111011011110 D
b11111011011110 d
#1783
b11111111111111 D
b11111111111111 d
#1786
b11110111111001 D
b11110111111001 d
#1787
b11101111101100 D
b11101111101100 d
#1788
b10111111001100 D
b10111111001100 d
#1789
b10100110010101 D
b10100110010101 d
#1790
b1010100101010 D
b1010100101010 d
#1791
b11001101001 D
b11001101001 d
#1792
b0 D
b0 d
#1796
b101001010010 D
b101001010010 d
#1797
b1100101110101 D
b1100101110101 d
#1798
b10001010010100 D
b10001010010100 d
#1799
b10110110101111 D
b10110110101111 d
#1800
b11101000100110 D
b11101000100110 d
#1801
b11110011000000 D
b11110011000000 d
#1802
b11111111111111 D
b11111111111111 d
#1805
b11111110010010 D
b11111110010011 d
#1806
b11011110111011 D
b11011110111011 d
#1807
b11011111111011 D
b11011111111011 d
#1808
b11011111110110 D
b11011111110110 d
#1809
b11011011111110 D
b11011011111110 d
#1810
b1111011101110 D
b1111011101110 d
#1811
b1000100111101 D
b1000100101101 d
#1812
b100011110 D
b100011110 d
#1813
b0 D
b0 d
#1816
b111111000 D
b111111000 d
#1817
b111100100101 D
b111100100101 d
#1818
b1110011001011 D
b1110011001011 d
#1819
b10010100011001 D
b10010100011001 d
#1820
b11001010011010 D
b11001010011010 d
#1821
b11011000100011 D
b11011000100011 d
#1822
b11111101001001 D
b11111101001001 d
#1823
b11111111111111 D
b11111111111111 d
#1826
b11110100110001 D
b11110100110001 d
#1827
b11101100101010 D
b11101100101010 d
#1828
b10111011010111 D
b10111011010111 d
#1829
b10100000110111 D
b10100000110111 d
#1830
b1101101100111 D
b1101101100111 d
#1831
b10001111111 D
b10001111111 d
#1832
b0 D
b0 d
#1836
b10001000101 D
b10001000101 d
#1837
b1101011101011 D
b1101011101011 d
#1838
b10001111010101 D
b10001111010101 d
#1839
b10111010111001 D
b10111010111001 d
#1840
b11101101000100 D
b11101101011101 d
#1841
b11110101010010 D
b11110101010110 d
#1842
b11111111111111 D
b11111111111111 d
#1847
b11010111111111 D
b11011111110111 d
#1848
b11001010101101 D
b11001010101101 d
#1849
b11010101010100 D
b10010101010100 d
#1850
b1110101010100 D
b1111101010100 d
#1851
b111101101111 D
b111101101111 d
#1852
b0 D
b0 d
#1856
b1001101010 D
b1001101010 d
#1857
b1000011100110 D
b1000011100110 d
#1858
b1111001010010 D
b1111001010010 d
#1859
b10011001011110 D
b10011001011110 d
#1860
b11001110011011 D
b11001110011011 d
#1861
b11011011110001 D
b11011011110001 d
#1862
b11111111100110 D
b11111111100110 d
#1863
b11111111111111 D
b11111111111111 d
#1866
b11110011001100 D
b11110011001100 d
#1867
b11101001111011 D
b11101001111011 d
#1868
b10110111000001 D
b10110111000001 d
#1869
b10001011101101 D
b10001011101101 d
#1870
b1100111111010 D
b1100111111010 d
#1871
b101010101010 D
b101010101010 d
#1872
b0 D
b0 d
#1876
b11000101111 D
b11000101111 d
#1877
b1011010010111 D
b1010010011111 d
#1878
b11110111110111 D
b11110111110111 d
#1879
b10111111110111 D
b10111111110111 d
#1880
b11111111010101 D
b11111111010101 d
#1881
b11111000000101 D
b11111000000101 d
#1882
b11111111111111 D
b11111111111111 d
#1886
b11111010011100 D
b11111010011100 d
#1887
b11010101101011 D
b11010101101011 d
#1888
b11000111100100 D
b11000111100100 d
#1889
b10101111000001 D
b10101111000001 d
#1890
b1011111100001 D
b1011111100001 d
#1891
b110110110010 D
b110110110010 d
#1892
b0 D
b0 d
#1896
b1011101011 D
b1011101011 d
#1897
b1001001111000 D
b1001001111000 d
#1898
b1111111000101 D
b1111111000101 d
#1899
b10011111010001 D
b10011111010001 d
#1900
b11100010110010 D
b11100010110010 d
#1901
b11011110011111 D
b11011110011111 d
#1902
b11111111111111 D
b11111111111111 d
#1906
b11011111101101 D
b11011111101101 d
#1907
b11100101010011 D
b11100101010011 d
#1908
b10110001111110 D
b10110001111110 d
#1909
b10000101101100 D
b10000101101100 d
#1910
b1100000000101 D
b1100000000101 d
#1911
b100001101100 D
b100001101100 d
#1912
b0 D
b1000 d
#1913
b0 d
#1916
b110000110101 D
b110000110101 d
#1917
b1111000111111 D
b1111000111111 d
#1918
b1011100011111 D
b1011000011111 d
#1919
b11101100001111 D
b11101100001101 d
#1920
b11000101001111 D
b11000101001111 d
#1921
b11010011100000 D
b11011011100000 d
#1922
b11111001110001 D
b11111001110001 d
#1923
b11111111111111 D
b11111111111111 d
#1926
b11111000011110 D
b11111000011110 d
#1927
b11010010000000 D
b11010010000000 d
#1928
b11000010101011 D
b11000010101011 d
#1929
b10101010010000 D
b10101010010000 d
#1930
b1011001000000 D
b1011001000000 d
#1931
b11110100111 D
b11110100111 d
#1932
b0 D
b0 d
#1936
b100011000101 D
b100011000101 d
#1937
b1100000100111 D
b1100000100111 d
#1938
b10000101100101 D
b10000101100101 d
#1939
b10110011010000 D
b10110011010000 d
#1940
b11100110101100 D
b11100110101100 d
#1941
b11110000011101 D
b11110000011101 d
#1942
b11111111111111 D
b11111111111111 d
#1946
b11011101100010 D
b11011101100010 d
#1947
b11100010001101 D
b11100010001111 d
#1948
b10011101010111 D
b10011101011111 d
#1949
b1111111110111 D
b11111111110111 d
#1950
b1111111101111 D
b1111111101111 d
#1951
b1001001101011 D
b1001001101011 d
#1952
b1001100010 D
b1001100010 d
#1953
b0 D
b0 d
#1956
b110000101001 D
b111000100000 d
#1957
b111000101011 D
b111000101011 d
#1958
b1011110111100 D
b1011110111100 d
#1959
b10010000011111 D
b10010000011111 d
#1960
b11000111101011 D
b11000111101011 d
#1961
b11010111010001 D
b11010111010001 d
#1962
b11111011100111 D
b11111011100111 d
#1963
b11111111111111 D
b11111111111111 d
#1966
b11110101110011 D
b11110101110011 d
#1967
b11101110001001 D
b11101110001001 d
#1968
b10111110101011 D
b10111110101011 d
#1969
b10100100111001 D
b10100100111001 d
#1970
b1010010011000 D
b1010010011000 d
#1971
b10111011111 D
b10111011111 d
#1972
b0 D
b0 d
#1976
b101011110000 D
b101011110000 d
#1977
b1100111001101 D
b1100111001101 d
#1978
b10001011001011 D
b10001011001011 d
#1979
b10111000010000 D
b10111000010000 d
#1980
b11101001111110 D
b11101001111110 d
#1981
b11110011100010 D
b11110011100010 d
#1982
b11111111111111 D
b11111111111111 d
#1985
b11111110001111 D
b11111110001111 d
#1986
b11111111111110 D
b11111111111110 d
#1987
b11011111111110 D
b11011111111110 d
#1988
b11011110101111 D
b11011110101111 d
#1989
b11111001101111 D
b11111001101111 d
#1990
b1111011011101 D
b1111011011101 d
#1991
b1000011111101 D
b1000011111101 d
#1992
b1101100 D
b1101100 d
#1993
b0 D
b0 d
#1997
b111110110000 D
b111110110000 d
#1998
b1110100010011 D
b1110100010011 d
#1999
b10010101111111 D
b10010101111111 d
#2000
b11001100000001 D
b11001100000001 d
#2001
b11011001100101 D
b11011001100101 d
#2002
b11111101100100 D
b11111101100100 d
#2003
b11111111111111 D
b11111111111111 d
#2006
b11110100000110 D
b11110100000110 d
#2007
b11101011100110 D
b11101011100110 d
#2008
b10111001101001 D
b10111001101001 d
#2009
b10001111010101 D
b10001111010101 d
#2010
b1101011111110 D
b1101011111110 d
#2011
b101111010101 D
b101111010101 d
#2012
b0 D
b0 d
#2016
b10011110110 D
b10011110110 d
#2017
b1101101110110 D
b1101101110110 d
#2018
b10100001101000 D
b10100001101000 d
#2019
b10111100011111 D
b10111100011111 d
#2020
b11101101111111 D
b11101101111111 d
#2021
b11111110111111 D
b11110111111111 d
#2022
b11111111111111 D
b11111111111111 d
#2026
b11111111111110 D
b11111111111100 d
#2027
b11010111101010 D
b11010111101010 d
#2028
b11001010000000 D
b11001010000000 d
#2029
b10010010010011 D
b10010010010011 d
#2030
b1110011101100 D
b1110011101100 d
#2031
b111011110111 D
b111011110111 d
#2032
b0 D
b0 d
#2036
b101001001 D
b101001001 d
#2037
b1000110000100 D
b1000110000100 d
#2038
b1111011010010 D
b1111011010010 d
#2039
b10011011001010 D
b10011011001010 d
#2040
b11001111110011 D
b11001111110011 d
#2041
b11011100100101 D
b11011100100101 d
#2042
b11111111111111 D
b11111111111111 d
#2046
b11110001111110 D
b11110001111110 d
#2047
b11100111100101 D
b11100111100101 d
#2048
b10110101110000 D
b10110101110000 d
b100010011000011101101011 #"
1d"
1e"
#2049
b10001001111101 D
b10001001111101 d
b1111111111111111100100011001111000000000000000001111001100010010 #"
#2050
b1100101010110 D
b1100101010110 d
b1111000010000000000000000000100010111010001 #"
#2051
b100111010100 D
b100111010100 d
b101010001010100000000000000000111100000111001 #"
#2052
b0 D
b0 d
b1111111111111111101001100011100000000000000000010100111101000110 #"
#2053
b1010010101011000000000000000010000101110111111 #"
#2054
b1111111111111111110011101011001100000000000000001010000110101011 #"
#2055
b1111111111111111001000101110110000000000000000010001000101000111 #"
#2056
b11011000100 D
b11011000100 d
b1111111111111111100100011111100100000000000000010111001111000101 #"
#2057
b1011111001101 D
b1010101001101 d
b1111111111111111111101000110110100000000000000001000101001001100 #"
#2058
b11110111111001 D
b11110111111001 d
b1111111111111111010010001101011000000000000000000001100000000000 #"
#2059
b11100111111010 D
b11100111111010 d
b110001010100000000000000001010011000010011 #"
#2060
b11010001111001 D
b11010001111001 d
b1111111111111111110011010101111000000000000000001101100010101100 #"
#2061
b11110111111101 D
b11110111111101 d
b1111111111111111000010100001100000000000000000001001011000100100 #"
#2062
b11111111111111 D
b11111111111111 d
b1111111111111111011111110110000000000000000000010010110000100100 #"
#2063
b1111111111111111100010001010001100000000000000010111010111010010 #"
#2064
b1111111111111111100111011010011000000000000000000010010111000000 #"
#2065
b10101101101101100000000000000010010111011100100 #"
#2066
b11111001111001 D
b11111001111001 d
b1111111111111111010100010100001011111111111111111101010000000110 #"
#2067
b11010100001011 D
b11010100001011 d
b1111111111111111011101101100101100000000000000010101000010010110 #"
#2068
b11000101010111 D
b11000101010111 d
b1111111111111111110111101111000000000000000000000011001100011010 #"
#2069
b10101110001111 D
b10101110001111 d
b1111111111111111010001000000010100000000000000001000011111000000 #"
#2070
b1011110000101 D
b1011110000101 d
b1111111111111111110100111100000111111111111111111001001111110101 #"
#2071
b110011101010 D
b110011101010 d
b1111111111111111110001001010000000000000000000010011101101000011 #"
#2072
b0 D
b0 d
b1111111111111110100111101011111000000000000000010001001000101011 #"
#2073
b1111111111111110011010000111001011111111111111111100111010100010 #"
#2074
b1011010110000000000000000001100010100111011 #"
#2075
b1111111111111111010111000100011000000000000000010001001111100111 #"
#2076
b1110010111 D
b1110010111 d
b1111111111111100111000110001111100000000000000000100000110110101 #"
#2077
b1001100110101 D
b1001100110101 d
b1111111111111111001101101110111000000000000000010001010011001010 #"
#2078
b10000010000001 D
b10000010000001 d
b1111111111111111110010111111001000000000000000010001111000010101 #"
#2079
b10110000000101 D
b10110000000101 d
b1111111111111111110000001101111000000000000000000100000001011101 #"
#2080
b11100011101001 D
b11100011101001 d
b1111111111111111000100101010011100000000000000001011101111011011 #"
#2081
b11011111111001 D
b11011111111001 d
b1111111111111110111101101100001100000000000000000110010110011101 #"
#2082
b11111111111111 D
b11111111111111 d
b1111111111111110111100001010101000000000000000010001100010011100 #"
#2083
b1111111111111111011000100101011111111111111111110111011011101000 #"
#2084
b1111111111111111110101110001111000000000000000000010000010110011 #"
#2085
b1111111111111101110011111001100111111111111111100011111010111000 #"
#2086
b11011110111000 D
b11011110111000 d
b1111111111111100101110101110110100000000000000100010001110111100 #"
#2087
b11100100011110 D
b11100100011110 d
b1111111111111110011100110110100011111111111111111011011011001110 #"
#2088
b10110000110101 D
b10110000110101 d
b1111111111111110011110101011111011111111111111111011110101000011 #"
#2089
b10000100000000 D
b10000100000000 d
b1111111111111110001110000010111000000000000000010101111011000010 #"
#2090
b1001101111001 D
b1001101111001 d
b1111111111111101100010001100000011111111111111101011110010111110 #"
#2091
b100000010010 D
b100000011011 d
b1111111111111110110111101000110011111111111111111110010011001101 #"
#2092
b10010 D
b10010 d
b1111111111111111111001011000010100000000000000100001011110100100 #"
#2093
b0 D
b0 d
b1111111111111011101101011010110100000000000000000101110011001011 #"
#2094
b1111111111111000001011110111001000000000000000100101110101010000 #"
#2095
b1111111111110111101101011001010000000000000000011100001110110010 #"
#2096
b110010011111 D
b110010011111 d
b101001110101000000000000000011011000100001110 #"
#2097
b111010011111 d
b1111111111111000010010111100110011111111111110001001111001111011 #"
#2098
b1011001110100 D
b1011001110100 d
b1111111111001011011100011100110000000000000011101110100101110100 #"
#2099
b11101100011010 D
b11101100011010 d
b10111100010010110011111111111111101001110001011011000 #"
#2100
b11000100010010 D
b11010100010010 d
b10001010010001110101000000000000001011110011100010110 #"
#2101
b11010100101011 D
b11010100101011 d
b10000000110100111101011111111111111111001110010010000 #"
#2102
b11111010100100 D
b11111010100100 d
b1011001011010000000000000000000000010000100101111101 #"
#2103
b11111111111111 D
b11111111111111 d
b11000101101111010111111111111111110111010100011101 #"
#2104
b1110111101000000000000000000000010010010010000011 #"
#2105
b10111101000100001011111111111111101011011001000001 #"
#2106
b11110111100011 D
b11110111100011 d
b101001100111000111111111111111111111110010001000001 #"
#2107
b11010001001001 D
b11010001001001 d
b100110111000001110100000000000000100001001010100100 #"
#2108
b11000010010111 D
b11000010010111 d
b1111001101101000000000000000000000111001001011110 #"
#2109
b10101001001000 D
b10101001001000 d
b10001100110010000000000000000000011100000110111110 #"
#2110
b1010101111100 D
b1010101111100 d
b11011101000001001000000000000000010000011111010010 #"
#2111
b11100000100 D
b11100000100 d
b1100111111010011111111111111111111100100000011 #"
#2112
b0 D
b0 d
b1100111000101100000000000000000011000111111100110 #"
#2113
b111001011010111100000000000000010010001100111011 #"
#2114
b10000000111110100100000000000000100001011000111110 #"
#2115
b1101001001000111100000000000000010001011000011101 #"
#2116
b100110001110 D
b100110001110 d
b10000001011110011100000000000000001010010010111011 #"
#2117
b1100011001000 D
b1100011001000 d
b11000111100111100000000000000000101000110010001 #"
#2118
b10000111101010 D
b10000111101010 d
b101001110000010000000000000000001100110100100010 #"
#2119
b10110100110100 D
b10110100110100 d
b1100011100110000100000000000000001010110000100011 #"
#2120
b11100111010001 D
b11100111010001 d
b1100110110110001011111111111111110100011001100011 #"
#2121
b11110001101101 D
b11110001101101 d
b10010000000000000000000000011000111111111110 #"
#2122
b11111111111111 D
b11111111111111 d
b1111111111111111011000110100011100000000000000000101100101101111 #"
#2123
b10000001111010000000000000000000011111100011111 #"
#2124
b100111101001101000000000000000001111111111101101 #"
#2125
b11111111100001 D
b11111111100001 d
b1110000101011100000000000000001011001110100111 #"
#2126
b11011011110001 D
b11011011110001 d
b100100111001000000000000000000010111110000111 #"
#2127
b11100000000111 D
b11100000010111 d
b110110111101110000000000000000001000001000110101 #"
#2128
b10011100000111 D
b10111100000111 d
b1111111111111111110010000010100000000000000000001100100111100110 #"
#2129
b11111101111110 D
b11111101111110 d
b1000010110110110000000000000000001011001110001001 #"
#2130
b1111111111111 D
b1111111111111 d
b10110010111101100000000000000001000000011001010 #"
#2131
b1000110111111 D
b1000110111111 d
b101010001111011100000000000000010010101101101011 #"
#2132
b110111111 D
b110111111 d
b1111111111111111110111100001001100000000000000000001110010010011 #"
#2133
b0 D
b0 d
b101110010000100100000000000000001011101001010001 #"
#2134
b10011111100111000000000000000000100010011100110 #"
#2135
b1001100011100000000000000000000100011000011100 #"
#2136
b1000000000 d
b1111111111111111111100101110010100000000000000001000011011110111 #"
#2137
b111010001001 D
b111010001001 d
b1111111111111111111101110001000000000000000000000100011111001010 #"
#2138
b1110000100111 D
b1110000100111 d
b10110100001111011111111111111111101010101010111 #"
#2139
b10010010010001 D
b10010010010001 d
b1010010110011100000000000000001111011000000001 #"
#2140
b11001001010010 D
b11001001010010 d
b1001110000100000000000000001110111010110001 #"
#2141
b11011000000011 D
b11011000000011 d
b1111111111111111111101001000010011111111111111111101100101110011 #"
#2142
b11111100101001 D
b11111100101001 d
b1101010010110111111111111111111110111101000000 #"
#2143
b11111111111111 D
b11111111111111 d
b1000110110000000000000000000000110101001101110 #"
#2144
b101110101001111100000000000000001110100010010000 #"
#2145
b10000111110000000000000000000000010001000000101 #"
#2146
b11110110001000 D
b11110110001000 d
b1111111111111111111010101011110111111111111111101011000111001011 #"
#2147
b11101110000110 D
b11101110000110 d
b1111111111111111010110100001100100000000000000001111111110110011 #"
#2148
b10111100111001 D
b10111100111001 d
b10000010001000010000000000000000101010100000010100 #"
#2149
b10100011000110 D
b10100011000110 d
b1111111111111101011101111000100111111111111111001011100001010110 #"
#2150
b1010000101110 D
b1010000101110 d
b1000111010110010111111111111111001111001001001010 #"
#2151
b10100110101 D
b10100110101 d
b1111111111111111100010101110111111111111111111101110011101011000 #"
#2152
b0 D
b0 d
b10010001100100000000000000000001011000111001 #"
#2153
b1111111111111111111011010100011000000000000000000111101110001001 #"
#2154
b1111111111111111101110010000010100000000000000000111011110100010 #"
#2155
b1111111111111111111101101111000100000000000000000111101000100000 #"
#2156
b101110001001 D
b101110001001 d
b11110011001101111111111111111111011101101111111 #"
#2157
b1101001100101 D
b1101001100101 d
b100110000000110011111111111111111001011110110111 #"
#2158
b10001101111010 D
b10001101111010 d
b1001110110011000000000000000001000100111011011 #"
#2159
b10111001011110 D
b10111001011110 d
b11011110001011000000000000000000111110011101001 #"
#2160
b11101011101010 D
b11101011101010 d
b1111111111111111110000100001010000000000000000000101001100000001 #"
#2161
b11110100101101 D
b11110100101101 d
b1111111111111111101000010111110100000000000000001001101001110101 #"
#2162
b11111111111111 D
b11111111111111 d
b1011101110010000000000000000000101011000100000 #"
#2163
b11011001001001000000000000000001001111100101000 #"
#2164
b101011001101111111111111111111100000101100010 #"
#2165
b11111111011111 D
b11111101111111 d
b101111011110100000000000000000001100100110000 #"
#2166
b11111101011111 D
b11111101011111 d
b1111111111111110111111011111101100000000000000000010101010011111 #"
#2167
b11011101011110 D
b11011101011110 d
b1111111111111111110001111010101000000000000000001110010011111010 #"
#2168
b11011110011111 D
b11011110011111 d
b1111111111111111100011100100110100000000000000000011101111100100 #"
#2169
b10010111111111 D
b10010111011111 d
b1111111111111111101101001110100000000000000000000000001001011110 #"
#2170
b1110111111000 D
b1110111111000 d
b1111111111111111101100011110110000000000000000000011010010011000 #"
#2171
b1000000000100 D
b1000000000100 d
b100100110011100100000000000000001000100000110100 #"
#2172
b0 D
b0 d
b1111111111111111010110001000110100000000000000001011001101001011 #"
#2173
b1111111111111111100011111111110011111111111111111110111001011100 #"
#2174
b11000001100000000000000000000000001011001110101 #"
#2175
b1111111111111111110011011101110000000000000000000111000010001111 #"
#2176
b11110110 D
b11110110 d
b1111111111111111011011111101100111111111111111111110000001000111 #"
#2177
b1000001010111 D
b1000001010111 d
b1111111111111111101000010011011000000000000000000010000100000100 #"
#2178
b1110111001010 D
b1110111001010 d
b11000111111011111111111111111111110011011010 #"
#2179
b10010111111101 D
b10010111111101 d
b1111111111111111110011111000010111111111111111111110011001111101 #"
#2180
b11001101101101 D
b11001101101101 d
b1111111111111111110000110110100000000000000000000010101110011100 #"
#2181
b11011010011011 D
b11011010011011 d
b1111111111111111110100001101001000000000000000000001011001010110 #"
#2182
b11111110110000 D
b11111110110000 d
b1111111111111111110001110011101000000000000000001000110100000110 #"
#2183
b11111111111111 D
b11111111111111 d
b1111111111111111101110100011111100000000000000000000000111011001 #"
#2184
b1111111111111111111000010010000000000000000000000010011111110011 #"
#2185
b1111111111111110111010111111111011111111111111111111110011100001 #"
#2186
b11110011010110 D
b11110011010110 d
b1010100010001000000000000000001100011101100001 #"
#2187
b11101010010101 D
b11101010010101 d
b1111111111111111101111110111101000000000000000000001010000011010 #"
#2188
b10111000010010 D
b10111000010010 d
b1101001000001000000000000000000110001000011101 #"
#2189
b10001101111101 D
b10001101111101 d
b11101000001110100000000000000000011001101111100 #"
#2190
b1101010010100 D
b1101010010100 d
b1111111111111111010011110111100111111111111111111010011110010010 #"
#2191
b101101001001 D
b101101001001 d
b1111111111111111111101101111010000000000000000001010001111101000 #"
#2192
b0 D
b0 d
b100001111001100000000000000000011001100000000 #"
#2193
b1111111111111110111001010101011111111111111111111011001101001000 #"
#2194
b1111111111111111101010101111001111111111111111111010011011110010 #"
#2195
b1101110101011100000000000000000101001100100100 #"
#2196
b10110000100 D
b10110000100 d
b1010011100001010111111111111111111011000001000111 #"
#2197
b1101111110110 D
b1101111110110 d
b1111111111111111101111011001000111111111111111111011110011110011 #"
#2198
b10100010110010 D
b10100010110010 d
b1111111111111111110011011110001100000000000000011000110010100010 #"
#2199
b10111111111110 D
b10111101111110 d
b1100000011101101011111111111111101100011100011000 #"
#2200
b11111110101100 D
b11111110101100 d
b101100010000110100000000000000010001010000100000 #"
#2201
b1111111111111111011110110110000011111111111111111000101110111000 #"
#2202
b11111111111111 D
b11111111111111 d
b1111111111111111011000111101101011111111111111111000011110101010 #"
#2203
b1111111111111110010000010010000011111111111111111111010001010001 #"
#2204
b1111111111111111001111110101011011111111111111111111010001110001 #"
#2205
b1111111111111111011101001001010011111111111111111011110001101111 #"
#2206
b11111101101110 D
b11111101100110 d
b101100100101011111111111111111101011111001100 #"
#2207
b11010101101100 D
b11010101101100 d
b1111111111111111101111111001001000000000000000000010011111110001 #"
#2208
b11001000110100 D
b11001000110100 d
b1111111111111111011000100100010011111111111111111111101011011011 #"
#2209
b10010010000100 D
b10010010000100 d
b1111111111111111110001011000111000000000000000000000011010100010 #"
#2210
b1110010101110 D
b1110010101110 d
b1111111111111111100110011111110100000000000000000001011010110000 #"
#2211
b111001011101 D
b111001011101 d
b1111111111111111101000001000101000000000000000000000111101110111 #"
#2212
b0 D
b0 d
b1111111111111111111110100110001111111111111111111101111000111110 #"
#2213
b1111111111111111101001010011100011111111111111111101100000001110 #"
#2214
b1111111111111111101101001110010111111111111111111111110101001111 #"
#2215
b1111111111111111100010101110010000000000000000000000001000000101 #"
#2216
b1001011100 D
b1001011100 d
b1111111111111111110000100111111000000000000000000001001111010010 #"
#2217
b1000111101110 D
b1000111101110 d
b1111111111111111101001110001001100000000000000000000100110000000 #"
#2218
b1111101001101 D
b1111101001101 d
b1111111111111111110001100110010111111111111111111110100110000110 #"
#2219
b10011100101100 D
b10011100101100 d
b1111111111111111110111100000110000000000000000000010001010000010 #"
#2220
b11100001000101 D
b11100001000101 d
b1111111111111111110010001111101111111111111111111110001101110101 #"
#2221
b11011101101111 D
b11011101101111 d
b1111111111111111111111110001111011111111111111111010100010000001 #"
#2222
b11111111111111 D
b11111111111111 d
b1111111111111111111001011100001000000000000000000010010111011000 #"
#2223
b1111111111111111101011000000001100000000000000000000110110101111 #"
#2224
b1111111111111111110011000100010000000000000000000001000111011000 #"
#2225
b1111111111111111111001010100010011111111111111111100011000001011 #"
#2226
b11110000010111 D
b11110000010111 d
b1111111111111111110111010010101000000000000000000000001111001000 #"
#2227
b11100110011011 D
b11100110011011 d
b101110000010000000000000000000000110110101101 #"
#2228
b10110011010101 D
b10110011010101 d
b1111111111111111100100000110111111111111111111111111100101101010 #"
#2229
b10001000000111 D
b10001000000111 d
b111000000011111111111111111010011011010011 #"
#2230
b1100010000101 D
b1100010000101 d
b1111111111111111111101010110010011111111111111111011110101011111 #"
#2231
b100011111101 D
b100011111101 d
b1111111111111111111110010000010111111111111111111100101000010110 #"
#2232
b0 D
b0 d
b1111111111111111111001000100110011111111111111111101110110101101 #"
#2233
b1111111111111111110010011001100011111111111111111011010010000010 #"
#2234
b1111111111111111110101011001011011111111111111111001111110011010 #"
#2235
b1111111111111111111100110011011100000000000000000101010011100010 #"
#2236
b11110011001 D
b11110011001 d
b1011101110111111111111111111100000011110101 #"
#2237
b1011110011011 D
b1011110011011 d
b1111111111111111111111101110100111111111111111111010111010011010 #"
#2238
b11110111111011 D
b11011111011011 d
b11110000010111111111111111110100101110100010 #"
#2239
b10101001101110 D
b10101001101110 d
b1111111111111111111100001011001011111111111111111011101110010101 #"
#2240
b11010010111100 D
b11010010111100 d
b1111111111111111100010110000100100000000000000000101010111101000 #"
#2241
b11011010011100 D
b11011010011100 d
b1111111111111111111001111010110111111111111111110110100110100001 #"
#2242
b11111011101011 D
b11111011100011 d
b1111111111111111110110111001110011111111111111111001001001001101 #"
#2243
b11111111111111 D
b11111111111111 d
b1111111111111111101101100000100000000000000000000101100110000010 #"
#2244
b100000111010111111111111111111110010010001000 #"
#2245
b1111111111111111110111001110000011111111111111110101011010100011 #"
#2246
b11111001011111 D
b11111001011111 d
b1111111111111111010100110101101011111111111111101110101110100011 #"
#2247
b11010010101001 D
b11010010101001 d
b1010011100111000000000000000001011111010101001 #"
#2248
b11000011110001 D
b11000011110001 d
b100100101100010011111111111111111111001111001101 #"
#2249
b10101011111101 D
b10101011111101 d
b1111111111111110101111110011111111111111111111111100010000100111 #"
#2250
b1011011010011 D
b1011011010011 d
b101100000001001111111111111111111000100110000011 #"
#2251
b110001000110 D
b110001000110 d
b1111111111111111110000010110011000000000000000010001001101100111 #"
#2252
b0 D
b0 d
b1111111111111111110100100000011100000000000000000110001101001001 #"
#2253
b1111111111111111111000000111001000000000000000010010001000011001 #"
#2254
b1111111111111111111111011011001100000000000000000010010010000000 #"
#2255
b1110001111000011111111111111111010110010001110 #"
#2256
b100001001100 D
b100001001100 d
b1111111111111111111100110010001011111111111111110111000101011010 #"
#2257
b1001110101011 D
b1001110101011 d
b1111111111111111111101110110010111111111111111111110010000111111 #"
#2258
b10000011010110 D
b10000011010110 d
b1111111111111111111001010010110000000000000000000101000101101110 #"
#2259
b10110001100010 D
b10110001100010 d
b1111111111111111110001000100000111111111111111111010100000011000 #"
#2260
b11100100111011 D
b11100100111011 d
b1111111111111111110001111010111111111111111111111011100111000000 #"
#2261
b11011111111011 D
b11011111111011 d
b101000001100011111111111111111111100000100100 #"
#2262
b11111111111111 D
b11111111111111 d
b1111111111111111111110011010101011111111111111111100100010110101 #"
#2263
b10001100100110111111111111111111100000101110100 #"
#2264
b1111111111111111110001011000101011111111111111111100011001001111 #"
#2265
b1111111111111111111100100001101011111111111111111011100010000101 #"
#2266
b11011101010010 D
b11011101010010 d
b1111111111111111101111111011100111111111111111111011110110100000 #"
#2267
b11100011011011 D
b11100011011011 d
b1101100110111011111111111111111111110100010000 #"
#2268
b10011111001100 D
b10011111001100 d
b1000111110111011111111111111111100110100111100 #"
#2269
b10000001010111 D
b10000001010111 d
b1111111111111111111011111100010011111111111111110111000101000101 #"
#2270
b1001011000110 D
b1001011010111 d
b1010011001010011111111111111111100100111000011 #"
#2271
b1110111100 D
b1100111100 d
b1100110110000111111111111111111000111100101110 #"
#2272
b1100111000 D
b1100111000 d
b101000011100000000000000000000000100101010011 #"
#2273
b0 D
b0 d
b1111111111111111101011000011001011111111111111111010000101100111 #"
#2274
b1111111111111111111011011110010111111111111111111110100000001000 #"
#2275
b11000111100010111111111111111111010010010101110 #"
#2276
b110101100100 D
b110101100100 d
b1111010001001011111111111111111011010101101010 #"
#2277
b1111101100100 D
b1111101100100 d
b1111100100111000000000000000000010100000000100 #"
#2278
b1011101100000 D
b1011111100000 d
b110001111101111111111111111110111010101010011 #"
#2279
b10101111100100 D
b10101111100100 d
b100011111001001000000000000000000010110010011011 #"
#2280
b11000110011101 D
b11000110011101 d
b1110110101100100000000000000000010000011010010 #"
#2281
b11010101001101 D
b11010101001101 d
b10000010010111011111111111111111001110001111100 #"
#2282
b11111011001101 D
b11111011001101 d
b1111111111111111110110011100001011111111111111111110111100100011 #"
#2283
b11111111111111 D
b11111111111111 d
b1111111111111111101100000000110011111111111111111111000100100101 #"
#2284
b1111111111111111110110001101111100000000000000000010101001001110 #"
#2285
b101111011011111111111111111011000101011111 #"
#2286
b11110111010110 D
b11110111010110 d
b1110101010100111111111111111111100100110100000 #"
#2287
b11101111100101 D
b11101111100101 d
b1010000011001100000000000000000001101111110110 #"
#2288
b10111111100000 D
b10111111100000 d
b1111111111111111111000001011000011111111111111111111100001110101 #"
#2289
b10100110111010 D
b10100110111010 d
b1111111111111111111101100101001111111111111111111001011001011000 #"
#2290
b1010100100000 D
b1010100100000 d
b1111111111111111111110111000100000000000000000000001001101010111 #"
#2291
b11001110100 D
b11001110100 d
b10011011111111111111111111111111101100001000000 #"
#2292
b0 D
b0 d
b110011001110011111111111111111110001000111001 #"
#2293
b11000001110000000000000000000000100110111101110 #"
#2294
b1001100101010111111111111111111010100011001011 #"
#2295
b1110101100101000000000000000000100010000111000 #"
#2296
b101000110001 D
b101000110001 d
b1111111111111111111000010100100000000000000000000110011011111011 #"
#2297
b1100101000000 D
b1100101000000 d
b101100010100000011111111111111110101100000011001 #"
#2298
b10001010100111 D
b10001010100111 d
b1111111111111111111011010001000011111111111111111000110001111101 #"
#2299
b10110111011111 D
b10110111011111 d
b111111001000100000000000000000000101100101001 #"
#2300
b11101001010000 D
b11101001010000 d
b1111111111111111010110111000010011111111111111110011010100000000 #"
#2301
b11110011000111 D
b11110011000111 d
b111110010110111111111111111111111101000010100110 #"
#2302
b11111111111111 D
b11111111111111 d
b1111000111000100000000000000000000011011111110 #"
#2303
b1001000011101011111111111111111000011001010001 #"
#2304
b1111111111111111100100010110111011111111111111111100111000010101 #"
#2305
b11111111001001 D
b11111111001001 d
b1111111111111111101101000100100011111111111111111000010011101010 #"
#2306
b11011011100001 D
b11011011101001 d
b1111111111111111011011001010111011111111111111111101000100100011 #"
#2307
b11011110011101 D
b11001110111101 d
b1010001000001011111111111111111110010011010110 #"
#2308
b11011111011111 D
b11011111011111 d
b10110110111010011111111111111111101101000001000 #"
#2309
b11111011111111 D
b11111011111111 d
b1111111111111111110111010101010000000000000000000000010101101101 #"
#2310
b1111111111101 D
b1111111111101 d
b110101110010111111111111111111111010011100011 #"
#2311
b1000100111101 D
b1000100111101 d
b1111111111111111110010101111101111111111111111111110000000101110 #"
#2312
b100110100 D
b100110100 d
b1111111111111111111100011010000111111111111111111011110000101011 #"
#2313
b0 D
b0 d
b1111111111111111111010011001100011111111111111110111001110001111 #"
#2314
b1000100001111111111111111111111011010101010011 #"
#2315
b1000000 D
b11000000 d
b1111111111111111111000110101011000000000000000000010111011101110 #"
#2316
b111101111 D
b111101111 d
b1110001000100000000000000000000010100100111110 #"
#2317
b111100010101 D
b111100010101 d
b1111111111111111111001111011111011111111111111110010110110101010 #"
#2318
b1110010110000 D
b1110010110000 d
b1111111111111111110110010000101011111111111111110110011111101000 #"
#2319
b10010100000011 D
b10010100000011 d
b1111111111111111111001110101010000000000000000000010001110000101 #"
#2320
b11001011001000 D
b11001011001000 d
b1000000110001011111111111111111101011100011110 #"
#2321
b11011000111111 D
b11011000111111 d
b1111111111111111111011100001100111111111111111111010101100000110 #"
#2322
b11111101010101 D
b11111101010101 d
b100010011111101011111111111111111111010100001110 #"
#2323
b11111111111111 D
b11111111111111 d
b1111111111111111101111010011010100000000000000000101110001111010 #"
#2324
b10000011001111111111111111111111001111110111011 #"
#2325
b1111011010111111111111111111100001010100010 #"
#2326
b11110100111110 D
b11110100111110 d
b11001011101110111111111111111111011001010101111 #"
#2327
b11101100100011 D
b11101100100011 d
b100100001100111011111111111111111011010010000001 #"
#2328
b10111011100101 D
b10111011100101 d
b1110111011001011111111111111111110010011001111 #"
#2329
b10100000001010 D
b10100000001010 d
b1011101001010011111111111111111101001001110110 #"
#2330
b1101101011111 D
b1101101011111 d
b1111111111111111111001111101001000000000000000000010101011111111 #"
#2331
b10010000011 D
b10010000011 d
b10011011011111011111111111111111111101101111011 #"
#2332
b0 D
b0 d
b11000010000101000000000000000000001111011001110 #"
#2333
b1000111010011000000000000000000011001101101100 #"
#2334
b1111111111111111111101011001001100000000000000000010011110110110 #"
#2335
b1111011110000100000000000000000010101100110100 #"
#2336
b10010000000 D
b10010000000 d
b1111111111111111110110010110110011111111111111111101001001100100 #"
#2337
b1101100001111 D
b1101100001111 d
b1111100000101011111111111111111101110111000010 #"
#2338
b10100000011000 D
b10100000011000 d
b1111111111111111110010100111100100000000000000000001010101011101 #"
#2339
b10111010111110 D
b10111010111110 d
b1111111111111111111110101100000000000000000000000110111100010101 #"
#2340
b11101101001010 D
b11101101001010 d
b1101011100111000000000000000000010111010000001 #"
#2341
b11110101101111 D
b11110101101111 d
b1101010010000011111111111111111101111111010101 #"
#2342
b11111111111111 D
b11111111111111 d
b1111000100100100000000000000000001000000000110 #"
#2343
b10011111110110011111111111111111111011101010100 #"
#2344
b1111111111111111111001010010101111111111111111111110101001111010 #"
#2345
b11111100111111 D
b11111100111111 d
b10011010000001111111111111111111100111011010001 #"
#2346
b11111111111111 D
b11111111111111 d
b1101110111000100000000000000000100101001011101 #"
#2347
b11011111110111 D
b11011111110111 d
b1111111111111111101111111010101000000000000000000011110000000001 #"
#2348
b11001011100010 D
b11001011100010 d
b1111111111111111110011011001111100000000000000000010111000000100 #"
#2349
b10010101111100 D
b10010101110100 d
b1111111111111111111111101111010100000000000000000001111000101111 #"
#2350
b1110101111100 D
b1111101111100 d
b1000110011001100000000000000000011001011111111 #"
#2351
b111101000111 D
b111101000111 d
b111010001001011111111111111111011000011001110 #"
#2352
b0 D
b0 d
b1111110011100011111111111111111100001000011010 #"
#2353
b1111111111111111111001010010011100000000000000000101100000001000 #"
#2354
b100100010101111111111111111111111001101111111 #"
#2355
b1100111111100000000000000000000010001101111111 #"
#2356
b1001100001 D
b1001100001 d
b11100110101101000000000000000000001011111111000 #"
#2357
b1000010100111 D
b1000010100111 d
b1111111111111111111100001111000011111111111111111010001011111010 #"
#2358
b1111001001101 D
b1111001001101 d
b10111110100000111111111111111111011110101010110 #"
#2359
b10011001100001 D
b10011001100001 d
b1000100011001100000000000000000000101000001101 #"
#2360
b11001110110010 D
b11001110110010 d
b10111010001111000000000000000000001011001111111 #"
#2361
b11011011111101 D
b11011011111101 d
b101100011100100000000000000000000000101000000 #"
#2362
b11111110110100 D
b11111110110100 d
b1111111111111111101010010010110111111111111111111110011101100111 #"
#2363
b11111111111111 D
b11111111111111 d
b1111111111111111111110110100000000000000000000000111101011100001 #"
#2364
b1111111111111111111100001010110000000000000000000000110110100000 #"
#2365
b110100101111100000000000000000000000011000011 #"
#2366
b11110010011101 D
b11110010011101 d
b100001100100100000000000000000001001001000101 #"
#2367
b11101000101000 D
b11101000101000 d
b1111111111111111110111101000101100000000000000001001100111101010 #"
#2368
b10110111000011 D
b10110111000011 d
b1000111010011011111111111111111100011000111010 #"
#2369
b10001100010110 D
b10001100010110 d
b1111111111111111100111010000100111111111111111111101111111110111 #"
#2370
b1100111110101 D
b1100111110101 d
b11100100010011011111111111111111011111010010101 #"
#2371
b101010001111 D
b101010001111 d
b100111110001101111111111111111111010000100100001 #"
#2372
b0 D
b0 d
b11100001100100000000000000000000101010010001010 #"
#2373
b10000010111100000000000000000100011111110101 #"
#2374
b101100010011100000000000000001001011100101101 #"
#2375
b110010011000111111111111111111111111000010111 #"
#2376
b11001001110 D
b11001001110 d
b100001101100000000000000000000000110001101001101 #"
#2377
b1010001110101 D
b1010001111111 d
b1111111111111111111101011001101000000000000000001001001111110010 #"
#2378
b10100101111111 D
b10100101111111 d
b1110100001100000000000000000010100001111111 #"
#2379
b10111111101111 D
b10111111101111 d
b10001011001000011111111111111111101100000100001 #"
#2380
b11111111111101 D
b11111111101101 d
b1111111111111111111010001001010000000000000000000010111001110011 #"
#2381
b11110111111101 D
b11110111111101 d
b10011001010101011111111111111111100100110000010 #"
#2382
b11111111111111 D
b11111111111111 d
b1111111111111111100101110011011000000000000000000010010011011001 #"
#2383
b1110000110011000000000000000000101010011001011 #"
#2384
b10101011110101111111111111111111111111010101101 #"
#2385
b1111111111111111111000010011001111111111111111111011101000101010 #"
#2386
b11111011000000 D
b11111011000000 d
b10000000010010111111111111111111101011000001100 #"
#2387
b11010101000001 D
b11010101000001 d
b1110111101100111111111111111111000110001001011 #"
#2388
b11000111100100 D
b11000111100100 d
b111011010001111111111111111111110110000101111 #"
#2389
b10101111011010 D
b10101111011010 d
b1000000000101000000000000000000010110111000000 #"
#2390
b1011111000010 D
b1011111000010 d
b10101101011110111111111111111111111100111010101 #"
#2391
b110110000000 D
b110110000000 d
b111100010111011111111111111111100101101101110 #"
#2392
b0 D
b0 d
b110110011001011111111111111111110110010100110 #"
#2393
b1101011110001111111111111111111111000001010101 #"
#2394
b1111111111111111110001010100101111111111111111111100010101011100 #"
#2395
b100010011010111111111111111111100101110001011 #"
#2396
b1010110000 D
b1010110000 d
b101100100100000000000000000010110001101111 #"
#2397
b1001010101101 D
b1001010101101 d
b1111001001010000000000000000000000101011100101 #"
#2398
b1111111011010 D
b1111111011010 d
b1111111111111111111011110000000000000000000000000011101100001011 #"
#2399
b10011110101001 D
b10011110101001 d
b1111111111111111110000001101100011111111111111111100100000010010 #"
#2400
b11100010000111 D
b11100010000111 d
b1111111111111111111101011011011100000000000000000001011000111010 #"
#2401
b11011110000001 D
b11011110000001 d
b1010101000001100000000000000000011010110001000 #"
#2402
b11111111111111 D
b11111111111111 d
b110100100100000000000000000000001010011011000 #"
#2403
b1111111111111111110101101101111100000000000000000000111010110111 #"
#2404
b111110101000100000000000000000100101011111001 #"
#2405
b10000011101010111111111111111111100111011001010 #"
#2406
b11011111101111 D
b11011111101111 d
b1111111111111111111000001010010000000000000000000110100100011011 #"
#2407
b11100101010010 D
b11100101010010 d
b1010011011000100000000000000000110101111101010 #"
#2408
b10110001111011 D
b10110001111011 d
b1100011101100100000000000000001000001101010011 #"
#2409
b10000101100101 D
b10000101100101 d
b1111111111111111111000100011001111111111111111111110101011111110 #"
#2410
b1100000101100 D
b1100000101100 d
b1100100000011100000000000000000001111100000110 #"
#2411
b100010000011 D
b100010000011 d
b10010010101100000000000000000101101111110010 #"
#2412
b0 D
b0 d
b1111111111111111110101100110010100000000000000000010110010101011 #"
#2413
b1111111111111111110011011011110000000000000000000000000010110111 #"
#2414
b1111111111111111101010100001010011111111111111111100011111001001 #"
#2415
b1111111111111111111110111101101100000000000000000100101000101000 #"
#2416
b110000010001 D
b110000010001 d
b100000111011100000000000000000011100100010110 #"
#2417
b1111000011111 D
b1111000011111 d
b1001110101010111111111111111111110000010111111 #"
#2418
b1011011011111 D
b1011011011111 d
b1111111111111111111010011111111011111111111111111100111100110010 #"
#2419
b11101011110111 D
b11101011110111 d
b1000000010000000000000000000000010100100011000 #"
#2420
b11010011110111 D
b11010011110111 d
b1010011110000011111111111111111010011111101111 #"
#2421
b11111011111110 D
b11111011100110 d
b1111111111111111111011110111111100000000000000000000000011010100 #"
#2422
b11111001111110 D
b11111011111110 d
b1111111111111111111110001110000011111111111111111011110011010010 #"
#2423
b11111111111111 D
b11111111111111 d
b1111111111111111111110001010001000000000000000000100100111101110 #"
#2424
b1010111000110111111111111111111110101111110110 #"
#2425
b1111111111111111110101000100010100000000000000000010101101100001 #"
#2426
b11111000110100 D
b11111000110100 d
b1001001000000000000000000000010010111111000 #"
#2427
b11010010000010 D
b11010010000010 d
b101110111001100000000000000000001100011001110 #"
#2428
b11000010100011 D
b11000010100011 d
b110000000111111111111111111110100110111001 #"
#2429
b10101010011111 D
b10101010011111 d
b1111111111111111111110001001100100000000000000000001111110010101 #"
#2430
b1011000111001 D
b1011000111001 d
b1111111111111111111110100010001000000000000000000100110011011101 #"
#2431
b11110011000 D
b11110011000 d
b1111111111111111100111000101111011111111111111111101100010010101 #"
#2432
b0 D
b0 d
b1111111111111111111110000011111000000000000000000000100101001110 #"
#2433
b101100010100000000000000000000011000111010100 #"
#2434
b10011101010111111111111111111111010110011011 #"
#2435
b1111111111111111010110100011100011111111111111111111101011000000 #"
#2436
b100011111001 D
b100011111001 d
b1111111111111111110111011101110011111111111111110110101010100010 #"
#2437
b1100000101001 D
b1100000101001 d
b1111111111111111101100011001001100000000000000000001000011011001 #"
#2438
b10000101110100 D
b10000101110100 d
b10101001100111000000000000000001000110001110100 #"
#2439
b10110011100110 D
b10110011100110 d
b1111111111111111111100001000100111111111111111111101000011010101 #"
#2440
b11100110101100 D
b11100110101100 d
b1111111111111111101010010010011100000000000000000001101111101000 #"
#2441
b11110001101100 D
b11110001101100 d
b1001100010001100000000000000000100010110100010 #"
#2442
b11111111111111 D
b11111111111111 d
b1111111111111111110010011101001000000000000000000010000000110001 #"
#2443
b1100101011111111111111111111110000111111011 #"
#2444
b1111111111111111101101100011111100000000000000000101011110001100 #"
#2445
b11111111110101 D
b11111111110101 d
b10000100010001011111111111111111110110010010011 #"
#2446
b11011101000100 D
b11011101000100 d
b11101011101110000000000000000000000111100101101 #"
#2447
b11100001110010 D
b11100001110010 d
b1111111111111111101100011100001000000000000000000101110010100110 #"
#2448
b10011100111011 D
b10011100111011 d
b11001011000010011111111111111111100101011001011 #"
#2449
b10000000001011 D
b10000000011011 d
b10111010001100000000000000000110111001000110 #"
#2450
b1001001101011 D
b1001001101011 d
b1001101010101000000000000000000110001011100101 #"
#2451
b1001001111110 D
b1001111110 d
b1111100001010111111111111111111101001000000000 #"
#2452
b1001110110 D
b1001110110 d
b111110100000011111111111111111110001010111110 #"
#2453
b0 D
b0 d
b1111111111111111011111010011010000000000000000000011011011110100 #"
#2454
b100110100110011111111111111111010010100010101 #"
#2455
b11000110111100100000000000000000100011000111101 #"
#2456
b111000001111 D
b111000001101 d
b111011101111111111111111111110101001011101110 #"
#2457
b111000101111 D
b111000001111 d
b1111111111111111011100000110011011111111111111111011001110010100 #"
#2458
b1011110101100 D
b1011110101100 d
b1111111111111111111010000000000111111111111111111100001000101101 #"
#2459
b10010001000010 D
b10010001000010 d
b1111111111111111111111111101100000000000000000001101011000101011 #"
#2460
b11000111011001 D
b11000111011001 d
b1111111111111111101111011001010000000000000000000001111100110001 #"
#2461
b11010110110100 D
b11010110110100 d
b1111111111111111110000100001011100000000000000000110001010110010 #"
#2462
b11111100001110 D
b11111100001110 d
b1111111111111111111001011101001000000000000000000010011100111110 #"
#2463
b11111111111111 D
b11111111111111 d
b10010101000011100000000000000000010110110100100 #"
#2464
b1111111111111111101101001000000011111111111111111111100111111111 #"
#2465
b10100010011101111111111111111111011111010101101 #"
#2466
b11110110110001 D
b11110110110001 d
b1111111111111111110101000010100111111111111111111111000010000100 #"
#2467
b11101111000001 D
b11101111000001 d
b1111111111111111111110000010000111111111111111111011110100110000 #"
#2468
b10111110101010 D
b10111110101010 d
b1111111111111111011100011010010111111111111111110101110110010010 #"
#2469
b10100100111110 D
b10100100111110 d
b111001101100000000000000000000110011010010000 #"
#2470
b1010010110100 D
b1010010110100 d
b10100010101100011111111111111111110101011110100 #"
#2471
b10111101111 D
b10111101111 d
b11001100000010111111111111111111111101011001110 #"
#2472
b0 D
b0 d
b1111111111111111111010010100011000000000000000001001101010000010 #"
#2473
b1111111111111111100010110011000100000000000000000110100111100100 #"
#2474
b1111111111111111110011011111100100000000000000000000000100111100 #"
#2475
b1111111111111111010010111110111111111111111111111010111010111001 #"
#2476
b101011100101 D
b101011100101 d
b100001110010011111111111111111000000101111000 #"
#2477
b1100110110000 D
b1100110110000 d
b1111111111111111111001010110000100000000000000000010001100111000 #"
#2478
b10001011010011 D
b10001011010011 d
b1111111111111111101110111101011111111111111111110111000011000001 #"
#2479
b10111000000101 D
b10111000000101 d
b1111111111111111011010101111111111111111111111111110100010010111 #"
#2480
b11101010011100 D
b11101010011100 d
b1111111111111111110011111001010000000000000000000001001100000000 #"
#2481
b11110011110100 D
b11110011110100 d
b1111111111111111101110011110111111111111111111111011001001000100 #"
#2482
b11111111111111 D
b11111111111111 d
b1111111111111111101010000001101100000000000000001111000011000101 #"
#2483
b10110110101101111111111111111111010101110110010 #"
#2484
b1111111111111111101100110111000011111111111111111101000100001111 #"
#2485
b11111110100001 D
b11111110110011 d
b1111111111111111110010100101111111111111111111111110101010010000 #"
#2486
b11011110000111 D
b11011110100111 d
b11100111111111111111111111111011110101011010 #"
#2487
b11011111011110 D
b11011111011110 d
b1111111111111111110111010011010000000000000000000101010011000011 #"
#2488
b11011101011110 D
b11011101011110 d
b1111111111111111111100010011100000000000000000000110101001000001 #"
#2489
b11111010001110 D
b11111010001110 d
b1111111111111111111110010111010000000000000000000111011001111100 #"
#2490
b1111010011010 D
b1111010011010 d
b1111111111111111101110001001101000000000000000000010010010011000 #"
#2491
b1000011110010 D
b1000011110010 d
b111010111001000000000000000000010100000001101 #"
#2492
b1110010 D
b1110010 d
b1111111111111111110101000111000111111111111111111100010011001001 #"
#2493
b0 D
b0 d
b1111111111111111111101110001111100000000000000000001100111111110 #"
#2494
b1111111111111111110100000001111100000000000000000100011101111010 #"
#2495
b1111111111111111110110101010111100000000000000000100110001111110 #"
#2496
b1111111111111111110101011101110100000000000000000101100100001010 #"
#2497
b111110111111 D
b111110111111 d
b1111111111111111101110000111010100000000000000000101101010101101 #"
#2498
b1110101001000 D
b1110101001000 d
b1111111111111111110100101000011111111111111111111111001100001100 #"
#2499
b10010110001011 D
b10010110001011 d
b1111111111111111101001001111100000000000000000000000111110110100 #"
#2500
b11001100101000 D
b11001100101000 d
b1111111111111111111010111100011011111111111111111111100001010011 #"
#2501
b11011010010010 D
b11011010010010 d
b1111111111111111110101101011001000000000000000000010011101011101 #"
#2502
b11111101110100 D
b11111101110100 d
b1111111111111111110010100010011111111111111111111101100010110000 #"
#2503
b11111111111111 D
b11111111111111 d
b1111111111111111101110101100001011111111111111111100101101100001 #"
#2504
b11010100001001011111111111111111010000100000001 #"
#2505
b1111111111111111110111100100010011111111111111111100110001000000 #"
#2506
b11110011011101 D
b11110011011101 d
b1111111111111111111100000010011100000000000000000000111111010001 #"
#2507
b11101011100000 D
b11101011100000 d
b1111111111111111110011011010110111111111111111111100111000000000 #"
#2508
b10111001110101 D
b10111001110101 d
b110010111010011111111111111111110111011100010 #"
#2509
b10001111010111 D
b10001111010111 d
b1111111111111111101000011101011111111111111111111011011111001110 #"
#2510
b1101011010101 D
b1101011010101 d
b1111111111111111110000100111000100000000000000000011111101000000 #"
#2511
b101111001001 D
b101111001001 d
b11011000000100000000000000000010100011000111 #"
#2512
b0 D
b0 d
b1111111111111111110010010011001011111111111111111100110001011110 #"
#2513
b1010011011000000000000000000000111000110000 #"
#2514
b1111111111111111111100100001001000000000000000000000001010001100 #"
#2515
b1111111111111111111111101000101000000000000000000111111110111011 #"
#2516
b10011100101 D
b10011100101 d
b1111111111111111110110101011111000000000000000000001000100011001 #"
#2517
b1101101001101 D
b1101101001101 d
b10100100111111111111111111100000101010111 #"
#2518
b10100001011110 D
b10100001011110 d
b1111111111111111101101111001100000000000000000000000111010000001 #"
#2519
b10111101001011 D
b10111101001011 d
b1111111111111111101110000111010111111111111111111110110101101000 #"
#2520
b11101110000100 D
b11101110001111 d
b1111111111111111111011100011000011111111111111111100001100011111 #"
#2521
b11111101101111 D
b11110101101111 d
b1111111111111111111111001101001100000000000000000001001001010100 #"
#2522
b11111111111111 D
b11111111111111 d
b1111111111111111101110010010110011111111111111111101001000110101 #"
#2523
b10011111010100000000000000000001101101001101 #"
#2524
b1111111111111111110110011110001111111111111111111101000101000111 #"
#2525
b1111111111111111110001101011110100000000000000000000011010111010 #"
#2526
b11111110111110 D
b11111110111110 d
b110110010111000000000000000000000100011110101 #"
#2527
b11010110111110 D
b11010110110110 d
b1111111111111111101111111100110000000000000000000000001101100011 #"
#2528
b11001001101100 D
b11001001101100 d
b11000111110011111111111111111100011110011001 #"
#2529
b10010010111110 D
b10010010011110 d
b1111111111111111111101111010001011111111111111111100011110000001 #"
#2530
b1110010111111 D
b1110010111111 d
b1111111111111111111001111101001011111111111111111111100000001101 #"
#2531
b111100011101 D
b111100011101 d
b1111111111111111100100100101111011111111111111111101110010000111 #"
#2532
b0 D
b0 d
b10000100101111111111111111111111111111101001 #"
#2533
b110000101101100000000000000000001100000110001 #"
#2534
b1111111111111111111100001010001011111111111111111110000111110010 #"
#2535
b1111111111111111111111110001010111111111111111111110110011000010 #"
#2536
b110001100 D
b110001100 d
b1111111111111111101010110000010011111111111111111011011101011001 #"
#2537
b1000101000110 D
b1000101000110 d
b11001101011111100000000000000000000101010001101 #"
#2538
b1111011001010 D
b1111011001010 d
b1111111111111111110110110101111000000000000000000000011001101011 #"
#2539
b10011011100101 D
b10011011100101 d
b1111111111111111110011111001000111111111111111111101101000100010 #"
#2540
b11100000000101 D
b11100000000101 d
b1010011101011111111111111111100110101010101 #"
#2541
b11011100011110 D
b11011100011110 d
b1111111111111111111001101011110111111111111111111111101100110010 #"
#2542
b11111111111111 D
b11111111111111 d
b11010010101011111111111111111101011100000001 #"
#2543
b1111111111111111101111101111000111111111111111111100000010101110 #"
#2544
b1111111111111111110101011101111111111111111111111111001011010010 #"
#2545
b1111101011111111111111111101100010110011 #"
#2546
b11110001011001 D
b11110001011001 d
b1011111110001011111111111111111101100100001101 #"
#2547
b11100111100010 D
b11100111100010 d
b1000010001111111111111111111111010010011010 #"
#2548
b10110100110111 D
b10110100110111 d
b1111111111111111111000101010100011111111111111111110101111111001 #"
#2549
b10001001110111 D
b10001001110111 d
b1111111111111111111100000111001011111111111111111110101010111110 #"
#2550
b1100101000010 D
b1100101000010 d
b1111111111111111101010010100110011111111111111111110001111110000 #"
#2551
b100111001001 D
b100111001001 d
b1111111111111111101100111110001111111111111111111101101010000101 #"
#2552
b0 D
b0 d
b1111111111111111111000000011100100000000000000000001000010111010 #"
#2553
b1111111111111111111001101001011011111111111111111100001010111001 #"
#2554
b1111111111111111111010100101111011111111111111111111010110111011 #"
#2555
b1100000110011011111111111111111111010110111110 #"
#2556
b11011010001 D
b11011010001 d
b1111111111111111111000010100000011111111111111111110110111000110 #"
#2557
b1010011111001 D
b1010011111001 d
b11000100111011111111111111111110001101000011 #"
#2558
b11110111111100 D
b10110111111100 d
b1000111001110011111111111111111100110010000001 #"
#2559
b11100111010101 D
b11100111010101 d
b100011010100000000000000000000111100101110 #"
#2560
b11010001001101 D
b11010001001101 d
b11111111111111111110101101100111 #"
#2561
b11111001011011 D
b11111001011011 d
b1111111111111111111111011100011000000000000000000000111100100010 #"
#2562
b11111111111111 D
b11111111111111 d
b1111111111111111110111000110111011111111111111111100110001110011 #"
#2563
b1111111111111111111100111011000111111111111111111110001101001111 #"
#2564
b111101100101011111111111111111110110111001000 #"
#2565
b1111111111111111110011111001110011111111111111111111010110110001 #"
#2566
b11111001111110 D
b11111001111110 d
b101011010011111111111111111111111010110111011 #"
#2567
b11010100011100 D
b11010100011100 d
b110010111011011111111111111111100001010110011 #"
#2568
b11000101110101 D
b11000101110101 d
b111111100010100000000000000000001000010111101 #"
#2569
b10101101111011 D
b10101101111011 d
b10011000010110111111111111111111101101010000010 #"
#2570
b1011101101100 D
b1011101101100 d
b10101101100011011111111111111111110001111101110 #"
#2571
b110011111011 D
b110011111011 d
b11111001011111111111111111111110101010111011 #"
#2572
b0 D
b0 d
b111010110001011111111111111111110101111110000 #"
#2573
b1111111111111111111110111111000011111111111111111111010010011100 #"
#2574
b1111111111111111110100000000100011111111111111111101100100001100 #"
#2575
b1111111111111111111111110000000111111111111111111101100010110110 #"
#2576
b1101100101 D
b1101100101 d
b1010100010010011111111111111111111001011010010 #"
#2577
b1001011111001 D
b1001011111001 d
b10000010001000111111111111111111100000010101110 #"
#2578
b10000001001101 D
b10000001001101 d
b1111111111111111111100101110010011111111111111111101011100001100 #"
#2579
b10110000000111 D
b10110000000111 d
b110010100110111111111111111111111101100111000 #"
#2580
b11100011010000 D
b11100011010000 d
b1111111111111111111110101100110011111111111111111100110101011000 #"
#2581
b11011111011010 D
b11011111011010 d
b1100000110100111111111111111111101101000101000 #"
#2582
b11111111111111 D
b11111111111111 d
b1001001001101100000000000000000000011001011111 #"
#2583
b1111111111111111100110010100010000000000000000000000101010001011 #"
#2584
b10101001111100011111111111111111011011101011001 #"
#2585
b1110110011111111111111111110110011000000 #"
#2586
b11011111011100 D
b11011111011100 d
b11110101110011111111111111111110000111110111 #"
#2587
b11100100100111 D
b11100100100111 d
b1111111111111111111001111010101000000000000000000001100000110011 #"
#2588
b10110000100011 D
b10110000100011 d
b1111111111111111111101111011011111111111111111111111111111100111 #"
#2589
b10000100001011 D
b10000100001011 d
b11011011010011011111111111111111101110001111110 #"
#2590
b1001110000010 D
b1001110000010 d
b110000011000011111111111111111111100000100001 #"
#2591
b1111100101 D
b1111100111 d
b10000110011011111111111111111100011110000011 #"
#2592
b0 D
b1 d
b1111111111111111111100111000010111111111111111111100011110011011 #"
#2593
b0 d
b10000000011000100000000000000000000001101101001 #"
#2594
b1111111111111111111001001101011000000000000000000000100011111010 #"
#2595
b1111101 D
b1111101 d
b1110010100101100000000000000000000011010111010 #"
#2596
b110011111111 D
b110011111111 d
b1001100001100011111111111111111101000101001001 #"
#2597
b1111011011111 D
b1111011011111 d
b1111111111111111111101100000010100000000000000000001101101001010 #"
#2598
b1011010101101 D
b1011010101101 d
b10001101101011111111111111111111101001000110010 #"
#2599
b10101101010100 D
b10101101010100 d
b110010101000000000000000000001001001010100 #"
#2600
b11010101101011 D
b11010101101011 d
b100011101010011111111111111111100001100011111 #"
#2601
b11010101101000 D
b11010101101000 d
b10001111000101011111111111111111110110101110000 #"
#2602
b11111010100010 D
b11111010100010 d
b10010000110110000000000000000000000111010000100 #"
#2603
b11111111111111 D
b11111111111111 d
b1111111111111111111111101011100011111111111111111100000101011101 #"
#2604
b1001010011111100000000000000000001000100011110 #"
#2605
b10111000100000000000000000111111111000111 #"
#2606
b11111000101101 D
b11111000101101 d
b11011111001000000000000000000000001010010110 #"
#2607
b11010000011111 D
b11010000011111 d
b1111111111111111111110101011110000000000000000000000111000101110 #"
#2608
b11000001101100 D
b11000001101100 d
b1101101101000011111111111111111100110001100000 #"
#2609
b10100111110101 D
b10100111110101 d
b1111111111111111111100101000100000000000000000000010100011001001 #"
#2610
b1010111000011 D
b1010111000011 d
b1111010110111000000000000000000011111101010000 #"
#2611
b11100110010 D
b11100110010 d
b10111100011010111111111111111111011011111001100 #"
#2612
b0 D
b0 d
b1111111111111111111001101001111011111111111111111110111011100110 #"
#2613
b1100100110000011111111111111111100110111110110 #"
#2614
b11111110100000000000000000000000111111001111 #"
#2615
b1000011011110111111111111111111100110001000101 #"
#2616
b100110101000 D
b100110101000 d
b1111111111111111100101011111001011111111111111111010000011111101 #"
#2617
b1100011001100 D
b1100011001100 d
b10001010100011011111111111111111100101101010111 #"
#2618
b10000111000010 D
b10000111000010 d
b1101011110000111111111111111111101100010101011 #"
#2619
b10110100101011 D
b10110100101011 d
b1010010101001100000000000000000010011101100000 #"
#2620
b11100111111001 D
b11100111111001 d
b101000011111011111111111111111111100001010100 #"
#2621
b11110010001000 D
b11110010001000 d
b10110110000010000000000000000000000111110110000 #"
#2622
b11111111111111 D
b11111111111111 d
b1011011000011011111111111111111111001100011000 #"
#2623
b10001111001000000000000000000000101101010101001 #"
#2624
b1010100010010000000000000000000101100100001010 #"
#2625
b11111111100110 D
b11111111100110 d
b1001010101011100000000000000000100110001101111 #"
#2626
b11011100011100 D
b11011100011100 d
b1011111110100100000000000000000100011101110100 #"
#2627
b11100000111010 D
b11100000111010 d
b10001101110100000000000000000001100111111011 #"
#2628
b10011011101011 D
b10011011111011 d
b1010111001001111111111111111111100010011001001 #"
#2629
b1111110011011 D
b11111110111011 d
b1111111111111111111000101000110100000000000000000010100000011011 #"
#2630
b1111111111011 D
b1111111111011 d
b10001110110011000000000000000000010010010011110 #"
#2631
b1001111111011 D
b1001111111011 d
b1101001000100000000000000000111011001110111 #"
#2632
b1000001011 D
b1000001011 d
b11101100100000000000000000000110101001001001 #"
#2633
b0 D
b0 d
b1000101101111000000000000000000101010011000000 #"
#2634
b1111111111111111111100011000001111111111111111111011110101011111 #"
#2635
b1101011010001011111111111111111110101010010001 #"
#2636
b110001010100 D
b111001000100 d
b10011001000101011111111111111111101000100001101 #"
#2637
b111001010110 D
b111001010110 d
b1111111111111111101001001001011111111111111111111010101110011101 #"
#2638
b1011111111010 D
b1011111111010 d
b10110000000100000000000000000001111000011000001 #"
#2639
b10010001101111 D
b10010001101111 d
b10001100001111011111111111111111011001001000011 #"
#2640
b11001000110001 D
b11001000110001 d
b1100000110111000000000000000000001001011111110 #"
#2641
b11010111100010 D
b11010111100010 d
b100101010000000011111111111111111110100010011111 #"
#2642
b11111100011011 D
b11111100011011 d
b10001000010001111111111111111110111000010111110 #"
#2643
b11111111111111 D
b11111111111111 d
b110101001100100000000000000000010001100110001 #"
#2644
b1111111111111111111011110010101111111111111111111000000101111011 #"
#2645
b101101000001011111111111111111111010111010111001 #"
#2646
b11110101100101 D
b11110101100101 d
b1100100001000000000000000000000000000100110010 #"
#2647
b11101101001111 D
b11101101001111 d
b11101001101010000000000000000000110100111101000 #"
#2648
b10111100110110 D
b10111100110110 d
b101101011110100000000000000001001101001111101 #"
#2649
b10100011010010 D
b10100011010010 d
b1111111111111111100110011111101011111111111111111111101011010010 #"
#2650
b1010001000010 D
b1010001000010 d
b1111111111111111101011101010111011111111111111111110101011110001 #"
#2651
b10101000101 D
b10101000101 d
b1111111111111111111000110011101100000000000000000110011010000101 #"
#2652
b0 D
b0 d
b100011100101111111111111111111110101110110010111 #"
#2653
b1111101110011111111111111111011110100110011 #"
#2654
b1010111101100111111111111111111111000010001010 #"
#2655
b1111111111111111101011101011110011111111111111111011111010110010 #"
#2656
b101111000100 D
b101111000100 d
b10010110111111111111111111111111111100111111100 #"
#2657
b1101001101011 D
b1101001101011 d
b1111111111111111101101010111011000000000000000000010110110100101 #"
#2658
b10001110010110 D
b10001110010110 d
b110100001111100000000000000000010011101000011 #"
#2659
b10111001111001 D
b10111001111001 d
b1111011110011100000000000000000110001010110101 #"
#2660
b11101011101100 D
b11101011101100 d
b10000100111010000000000000000000001111100101110 #"
#2661
b11110100100001 D
b11110100100001 d
b11010100000000000000001101011000101010 #"
#2662
b11111111111111 D
b11111111111111 d
b101111111110111111111111111111100001000111100 #"
#2663
b100011111001101111111111111111111011001110101000 #"
#2664
b1111111111111111111000100010001111111111111111110101001011101111 #"
#2665
b11111101001111 D
b11111101011111 d
b1111111111111111100111001000101000000000000000000100011000111111 #"
#2666
b11111101111101 D
b11111101111101 d
b1111111111111111111011001100001111111111111111111010010100000100 #"
#2667
b11011100110101 D
b11011100110101 d
b100000101100101100000000000000000011011011111110 #"
#2668
b11011110001101 D
b11011110001101 d
b1111111111111111111000001100010111111111111111111110001011000001 #"
#2669
b10010110001001 D
b10011110001001 d
b1111111111111111110000011111111011111111111111111101001000010001 #"
#2670
b1111000000100 D
b1111000000100 d
b1111111111111111110110010101001000000000000000000110001011011111 #"
#2671
b1000000011011 D
b1000000011011 d
b1111111111111111111101000111000000000000000000000110111000111001 #"
#2672
b0 D
b0 d
b1111111111111111100110100111111011111111111111111100101011001101 #"
#2673
b10011100011011100000000000000000101110010100111 #"
#2674
b1111111111111111100010100001101000000000000000000000111100111110 #"
#2675
b1111111111111111101111011111011011111111111111111110110010011000 #"
#2676
b11100100 D
b11100100 d
b10010011100010100000000000000000101011110001110 #"
#2677
b1000000010101 D
b1000000010101 d
b1111111111111111111110011011101111111111111111111110000111110010 #"
#2678
b1110110101011 D
b1110110101011 d
b1101100010111100000000000000000010000000110101 #"
#2679
b10010111100111 D
b10010111100111 d
b1111111111111111110110011110110000000000000000000100010110011100 #"
#2680
b11001101101111 D
b11001101101111 d
b10101101101100100000000000000000001101111110000 #"
#2681
b11011010010101 D
b11011010010101 d
b11110110111011111111111111111101000011000110 #"
#2682
b11111110100111 D
b11111110100111 d
b1111111111111111101010110011110000000000000000001000110001111000 #"
#2683
b11111111111111 D
b11111111111111 d
b10011100110110100000000000000000001000011001100 #"
#2684
b1000100010001111111111111111110110101010100101 #"
#2685
b101001011011111011111111111111111111101011000100 #"
#2686
b11110011101001 D
b11110011101001 d
b1111111111111111111101100011101011111111111111111111010110100111 #"
#2687
b11101010000100 D
b11101010000100 d
b1111111111111111111010011110110000000000000000000011000111011011 #"
#2688
b10111000001011 D
b10111000001011 d
b1111100001100000000000000000000100101001111 #"
#2689
b10001101011111 D
b10001101011111 d
b11000111010001011111111111111111101100010010000 #"
#2690
b1101010010010 D
b1101010010010 d
b1011110000000000000000000000100110011101110 #"
#2691
b101100110110 D
b101100110110 d
b1110111101100000000000000000001111110011001 #"
#2692
b0 D
b0 d
b1111111111111111111111010000001011111111111111111110100110111010 #"
#2693
b1111111111111111111010001001001000000000000000000001100011001100 #"
#2694
b1111111111111111111110110111101000000000000000000010010111111010 #"
#2695
b1010111011111100000000000000000010101101011001 #"
#2696
b10110001000 D
b10110001000 d
b1111111111111111110101000111011011111111111111111110101111110111 #"
#2697
b1101111110010 D
b1101111110010 d
b1110110110000000000000000000100100111110101 #"
#2698
b10100011110111 D
b10100011110111 d
b1110001100011111111111111111011110011011011 #"
#2699
b10111101111010 D
b10111101111011 d
b100000111001000000000000000000000000011001000 #"
#2700
b11101110010100 D
b11101110011100 d
b1111111111111111110101100001101011111111111111111010011111110011 #"
#2701
b11111110111100 D
b11110110111100 d
b1111111111111111110111111101110100000000000000000010100100010110 #"
#2702
b11111111111111 D
b11111111111111 d
b101100001010111111111111111111100111100101000 #"
#2703
b1111111111111111110110001010110011111111111111111110000011001000 #"
#2704
b1111111111111111111011111000100100000000000000000011100100011000 #"
#2705
b1000010010100000000000000000100101000110110 #"
#2706
b11111111101110 D
b11111111101110 d
b10101011111000111111111111111111100011111010010 #"
#2707
b11010111110110 D
b11010111100110 d
b1100100100000100000000000000000000000010111010 #"
#2708
b11000111111000 D
b11000111111000 d
b1010011001110100000000000000000010110010101101 #"
#2709
b10010001000011 D
b10010001000011 d
b1111111111111111111101101101011100000000000000000101101111110011 #"
#2710
b1110001011100 D
b1110001011100 d
b1111111111111111110011011111001100000000000000000001111100000000 #"
#2711
b111000101001 D
b111000101001 d
b111011101001011111111111111111110101011111010 #"
#2712
b0 D
b0 d
b1111111111111111110011100010111100000000000000001000001101010110 #"
#2713
b1111111111111111110101100101011000000000000000000110101111101110 #"
#2714
b111110101011000000000000000000110100100100000 #"
#2715
b1111111111111111101111100011010011111111111111111100111011000101 #"
#2716
b1010001000 D
b1010001000 d
b1111111111111111111000001010111000000000000000000100101011111001 #"
#2717
b1000111110011 D
b1000111110011 d
b1010010010110000000000000000000000111011000001 #"
#2718
b1111101101011 D
b1111101101011 d
b1111111111111111111001011011101000000000000000000001010011010000 #"
#2719
b10011100111001 D
b10011100111001 d
b1111111111111111110101010111011000000000000000000011010110000011 #"
#2720
b11100001110011 D
b11100001110011 d
b10100100101000000000000000000001011000111101 #"
#2721
b11011110010011 D
b11011110010011 d
b1111110011001011111111111111111100100000001000 #"
#2722
b11111111111111 D
b11111111111111 d
b100001111011100000000000000000011101100010010 #"
#2723
b1111111111111111110000110111110000000000000000000000101011100011 #"
#2724
b1111111111111111111111010011111100000000000000000010110001110110 #"
#2725
b1111111111111111111011101100010011111111111111111100101110010010 #"
#2726
b11110000100101 D
b11110000100101 d
b1110101011101111111111111111111100010101010111 #"
#2727
b11100110011010 D
b11100110011010 d
b1111111111111111110010100001010011111111111111111111000001010111 #"
#2728
b10110011111101 D
b10110011111101 d
b1111111111111111111001001100110011111111111111111110110010101000 #"
#2729
b10001000001001 D
b10001000001001 d
b1111111111111111111000011101011111111111111111111100101101100100 #"
#2730
b1100010101011 D
b1100010101011 d
b1111111111111111101010010100111111111111111111111111100111011000 #"
#2731
b100101000011 D
b100101000011 d
b1111111111111111111000000000100000000000000000000010110111001000 #"
#2732
b0 D
b0 d
b1111111111111111111000100101100111111111111111111110110000110001 #"
#2733
b1111111111111111110001000010110011111111111111111000110001010001 #"
#2734
b1111111111111111101111111101011011111111111111111101011000001010 #"
#2735
b111101100101111111111111111111011101000110111 #"
#2736
b11110000010 D
b11110000010 d
b1111111111111111101010100001100011111111111111111111111010101100 #"
#2737
b1011110000011 D
b1010110000011 d
b1111111111111111110001111001011000000000000000000101010011001011 #"
#2738
b11110111001111 D
b11111111001111 d
b11010001100110000000000000000000010010011010100 #"
#2739
b11101001111110 D
b11101001111110 d
b1111111111111111101100110101010011111111111111111100100110001011 #"
#2740
b11010011111110 D
b11010011111110 d
b101110110110100000000000000000010111001110010 #"
#2741
b11110111111001 D
b11110111111001 d
b1111111111111111101110100111010011111111111111111101100000011001 #"
#2742
b11111111111111 D
b11111111111101 d
b1111111111111111111110001100011000000000000000000010100010001011 #"
#2743
b11111111111111 d
b10100101110100000000000000001001001111111000 #"
#2744
b1111111111111111011110010100000000000000000000000110001101001101 #"
#2745
b1111111111111111111001101100110011111111111111111111111000001110 #"
#2746
b11111001100100 D
b11111001100100 d
b1111111111111111111010011110010000000000000000001001011100110100 #"
#2747
b11010011000001 D
b11010011000001 d
b1111111111111111111101111100010100000000000000000100011111101110 #"
#2748
b11000100111001 D
b11000100111001 d
b1111111111111111100011110011001100000000000000000101010010001111 #"
#2749
b10101100011001 D
b10101100011001 d
b1111111111111111011000001110101111111111111111111010000100101100 #"
#2750
b1011011101100 D
b1011011101100 d
b1111111111111111100011011110100111111111111111111011111010001010 #"
#2751
b110001011101 D
b110001011101 d
b11000101111011011111111111111111110000000000011 #"
#2752
b0 D
b0 d
b1111111111111111110111000101101111111111111111111100011000111010 #"
#2753
b1000010111001100000000000000001001100111100011 #"
#2754
b1111111111111111111011110011010000000000000000000001001001001111 #"
#2755
b1111111111111111111001011001101000000000000000000000000010111000 #"
#2756
b100001000000 D
b100001000000 d
b11110101000100000000000000000000110110011110 #"
#2757
b1001110001101 D
b1001110001101 d
b1001100110000000000000000000111101011100111 #"
#2758
b10000011011010 D
b10000011011010 d
b10101101110000011111111111111111110011101100111 #"
#2759
b10110001110011 D
b10110001110011 d
b1111111111111111111010011100100000000000000000000000000101000011 #"
#2760
b11100101100001 D
b11100101100001 d
b1111111111111111101000101110001000000000000000000001011010000011 #"
#2761
b11110000000001 D
b11110000000001 d
b1111111111111111110111011101001100000000000000000000101000010101 #"
#2762
b11111111111111 D
b11111111111111 d
b1111111111111111101000001100010111111111111111111011110101011101 #"
#2763
b11110001100011111111111111111010001011101111 #"
#2764
b1111111111111111100011001001111100000000000000000001011111111011 #"
#2765
b1111111111111111110011000000001000000000000000000010001101111011 #"
#2766
b11011110010000 D
b11011110010000 d
b1111111111111111111011011110001111111111111111111111001110000100 #"
#2767
b11100010110101 D
b11100010110101 d
b110101101101000000000000000000101100000000010 #"
#2768
b10011110011001 D
b10011110011001 d
b1111111111111111110000001100101011111111111111111100001000011010 #"
#2769
b10000001100110 D
b10000001100110 d
b1111111111111111111000110000010111111111111111111011000011010001 #"
#2770
b1001100001001 D
b1001100001011 d
b1111111111111111110111001100111000000000000000000011001100000000 #"
#2771
b1100100111 D
b1100101111 d
b10001110100000000000000000001111000011110 #"
#2772
b1100000111 D
b100100111 d
b1100100110100100000000000000000010111000000000 #"
#2773
b0 D
b0 d
b10000000101101000000000000000000011110000000100 #"
#2774
b1111111111111111110010001001011000000000000000000100101001100101 #"
#2775
b1111111111111111101100101111100111111111111111111100111011001100 #"
#2776
b110101110101 D
b110101110101 d
b110101101100011111111111111111110101001111101 #"
#2777
b1111111111111111101100000001101011111111111111111111011101010111 #"
#2778
b1011011111010 D
b1011011111010 d
b1111111111111111110000111011100100000000000000000000111111110110 #"
#2779
b11101110101001 D
b11101110101001 d
b1111111111111111110010101110011011111111111111111101111111011010 #"
#2780
b11000110001111 D
b11000110001111 d
b1111111111111111110010100011010000000000000000000010111010000000 #"
#2781
b11010110001001 D
b11010110001001 d
b1010011110000000000000000000110111100011111 #"
#2782
b11111011010100 D
b11111011010100 d
b1101011001001000000000000000000001010101011101 #"
#2783
b11111111111111 D
b11111111111111 d
b1111111111111111110000100000000111111111111111111101110111000000 #"
#2784
b1001101001100011111111111111111101001001100111 #"
#2785
b1111111111111111110000100010011000000000000000000010101100101111 #"
#2786
b11110111011001 D
b11110111011001 d
b10100110011100000000000000000010011110111000 #"
#2787
b11010000001011 D
b11010000001011 d
b1111111111111111110111000101111100000000000000000011001101101110 #"
#2788
b10111111111100 D
b10111111111100 d
b1111111111111111100111101111110000000000000000000001111011001110 #"
#2789
b10100110001100 D
b10100110001100 d
b1111111111111111101100100100000011111111111111111111101101110100 #"
#2790
b1010100111010 D
b1010100111010 d
b110000011110100000000000000000010101011111111 #"
#2791
b11010010111 D
b11010010111 d
b1111111111111111110100010111010011111111111111111101001001101011 #"
#2792
b0 D
b0 d
b1111111111111111110001000100111111111111111111111110010011010010 #"
#2793
b1111111111111111011011110010111011111111111111111011010010000110 #"
#2794
b1111111111111111100110100011001011111111111111111011001010101111 #"
#2795
b1111111111111111111110000100111011111111111111111100001010101001 #"
#2796
b101000111001 D
b101000111001 d
b1111111111111111101111100110000111111111111111111001111110111010 #"
#2797
b1100100110001 D
b1100100110001 d
b10000101101001000000000000000000101110001110101 #"
#2798
b10001001111111 D
b10001001111111 d
b1111111111111111011101011111111111111111111111111111010100010100 #"
#2799
b10110110011011 D
b10110110011011 d
b100011111100111111111111111111010101011111100 #"
#2800
b11101000110010 D
b11101000110010 d
b1111111111111111110111111001111011111111111111111101011100011101 #"
#2801
b11110011000100 D
b11110011000100 d
b110001011001100000000000000000010001110001110 #"
#2802
b11111111111111 D
b11111111111111 d
b1001101111111011111111111111110110011111100001 #"
#2803
b110000100010111111111111111110010110110110110 #"
#2804
b1111111111111111110001110111100000000000000000000010100100111101 #"
#2805
b11111110011100 D
b11111110011100 d
b111001010010000000000000000000010111011101010 #"
#2806
b11011010111101 D
b11011010111101 d
b1111111111111111110111011110010111111111111111111011010101001101 #"
#2807
b11001110110011 D
b11001110111011 d
b101100110010011111111111111110111001110001100 #"
#2808
b10011111110011 D
b10011101110011 d
b11100110100011111111111111111011110000101101 #"
#2809
b11111011110011 D
b11111011110011 d
b1101010000101011111111111111111110000000011111 #"
#2810
b1111111110110 D
b1111111110110 d
b1111111111111111111001010010010011111111111111111111010011100001 #"
#2811
b1000101010100 D
b1000101010100 d
b1000101011010100000000000000000000010101110011 #"
#2812
b100010100 D
b100010100 d
b1111111111111111101001001000111011111111111111111101101000000110 #"
#2813
b0 D
b0 d
b1111111111111111110101110111100111111111111111111110010011011110 #"
#2814
b100100110100100111111111111111111101000100100100 #"
#2815
b1000101001 D
b1000100000 d
b10010111011111011111111111111111000010011110111 #"
#2816
b1000101001 d
b11011101001001011111111111111111100111000010101 #"
#2817
b111100011010 D
b111100011010 d
b1111111111111111110110111100000011111111111111111000011001010110 #"
#2818
b1110011010010 D
b1110011010010 d
b1111111111111111110000111001100000000000000000000000011011111101 #"
#2819
b10010100111001 D
b10010100111001 d
b1111111111111111000001101000100011111111111111111101000010110010 #"
#2820
b11001010110110 D
b11001010110110 d
b101001000111101011111111111111110011010100000010 #"
#2821
b11011000111010 D
b11011000111010 d
b1111111111111111111000000110111000000000000000000000101100101111 #"
#2822
b11111100110110 D
b11111100110110 d
b100101110110111111111111111111000110010000111 #"
#2823
b11111111111111 D
b11111111111111 d
b1111111111111111010011101011011111111111111111110101100000010100 #"
#2824
b111101011010100000000000000000110011011110111 #"
#2825
b1111111111111111110001010011011000000000000000000100010000111011 #"
#2826
b11110101000001 D
b11110101000001 d
b1111111111111111110110011001100111111111111111111010100011001011 #"
#2827
b11101100001101 D
b11101100001101 d
b1111111111111111100111110001111000000000000000000100110111111000 #"
#2828
b10111010111101 D
b10111010111101 d
b1111111111111111111001100110100011111111111111111110001000110110 #"
#2829
b10100001000101 D
b10100001000101 d
b1111111111111111101100011111001011111111111111111101100001000010 #"
#2830
b1101110010100 D
b1101110010100 d
b1001000011000000000000000000001001101010100 #"
#2831
b10001100101 D
b10001100101 d
b10011011010011111111111111111001011001000111 #"
#2832
b0 D
b0 d
b111110101000011111111111111111111100001111000 #"
#2833
b1111111111111111110101111100111100000000000000000001110000000000 #"
#2834
b1111111111111111110001010101100011111111111111111100100110011100 #"
#2835
b1111111111111111111111001111111111111111111111111011000101100000 #"
#2836
b10001011110 D
b10001011110 d
b1001110010000100000000000000000010101001010111 #"
#2837
b1101011100000 D
b1101011100000 d
b10011111110100111111111111111111111000100011010 #"
#2838
b10001111001001 D
b10001111001001 d
b1001100011111111111111111111111110111100011001 #"
#2839
b10111010111100 D
b10111010111100 d
b1111111111111111101111101101101011111111111111111001110010000001 #"
#2840
b11101101101001 D
b11101101101001 d
b1111111111111111110001001011000000000000000000000010000011010101 #"
#2841
b11110101100100 D
b11110101100100 d
b1111111111111111011100000110001000000000000000000010110010010100 #"
#2842
b11111111111111 D
b11111111111111 d
b1111111111111111111001101111101011111111111111110111010101001111 #"
#2843
b1111111111111111110000011100001000000000000000000010011111110111 #"
#2844
b1111111111111111110000101111000011111111111111111011010101101110 #"
#2845
b11111101111111 d
b1111111111111111100111000011011011111111111111111010010010110100 #"
#2846
b11111101101011 D
b11111101101011 d
b100100010011111111111111111111110100000001100 #"
#2847
b11011011001001 D
b11011011001001 d
b10100111100101111111111111111111010000101110100 #"
#2848
b11001011001011 D
b11001011001000 d
b1111111111111111111010111100100000000000000000000000100101010110 #"
#2849
b10010100010011 D
b10010100010011 d
b1111111111111111110011001010001011111111111111111000111100111100 #"
#2850
b1110101100100 D
b1110101100100 d
b1111111111111111110101100111001111111111111111111100100111001101 #"
#2851
b111110011001 D
b111110011001 d
b100000100001011111111111111110111000101000101 #"
#2852
b0 D
b0 d
b1111111111111111110111000001000011111111111111111100110100111011 #"
#2853
b1111111111111111110010011000011011111111111111111111110100010001 #"
#2854
b10000000100111111111111111111111011110110100100 #"
#2855
b11011110001011111111111111111011100010010110 #"
#2856
b1001110011 D
b1001110011 d
b1110100111011111111111111111111100011001011000 #"
#2857
b1000011110110 D
b1000011110110 d
b1111111111111111101110011100000111111111111111111100000101110001 #"
#2858
b1111001001011 D
b1111001001011 d
b1100110001111111111111111111100100011000101 #"
#2859
b10011001100100 D
b10011001100100 d
b1111111111111111111010111110111011111111111111111111100000110101 #"
#2860
b11001110001101 D
b11001110001101 d
b1110000101100111111111111111111011100110111010 #"
#2861
b11011011111101 D
b11011011111101 d
b1110111101010111111111111111111010100000011111 #"
#2862
b11111111100101 D
b11111111100101 d
b110101100110100000000000000000101000101110011 #"
#2863
b11111111111111 D
b11111111111111 d
b10001010011011111111111111111110010001000110 #"
#2864
b11001101111011111111111111110111000101011100 #"
#2865
b1111111111111111110001110001100111111111111111111010110010011100 #"
#2866
b11110010011011 D
b11110010011011 d
b100101111100000000000000000010010010000101 #"
#2867
b11101000101111 D
b11101000101111 d
b111111001000000000000000000010010001000101001 #"
#2868
b10110110100111 D
b10110110100111 d
b1011011110111000000000000000000110001101001100 #"
#2869
b10001011101101 D
b10001011101101 d
b1111101000101000000000000000010001001101110000 #"
#2870
b1100110110100 D
b1100110110100 d
b1111111111111111010011111110101111111111111111111000100110000110 #"
#2871
b101010001110 D
b101010001110 d
b1010000001100001111111111111111111100010000111001 #"
#2872
b0 D
b0 d
b1111111111111111011011010100000011111111111111111111001111010001 #"
#2873
b1111111111111111110101100010101100000000000000001011111010101100 #"
#2874
b101011001001101111111111111111101110101110100001 #"
#2875
b1000110010000011111111111111110101011010011011 #"
#2876
b11001000000 D
b11001000000 d
b1111111111111111111011111000011011111111111111111110010010001010 #"
#2877
b1010010001000 D
b1010010001000 d
b10010011110110100000000000000000101100110001011 #"
#2878
b10100101101111 D
b10100101101111 d
b1001000111001111111111111111111001001001001101 #"
#2879
b10111111011111 D
b10111111111111 d
b110000100110111111111111111110110100110100110 #"
#2880
b11111111011111 D
b11111111011111 d
b11101001111011000000000000000000101010111101010 #"
#2881
b11110111111111 D
b11110111111111 d
b11110100110111111111111111111011101110010011 #"
#2882
b11111111111111 D
b11111111111111 d
b1111111111111111111100001111110011111111111111110100101110100001 #"
#2883
b10000110111111111111111111010111010011011 #"
#2884
b1111111111111111111110100010011011111111111111111100000011110010 #"
#2885
b11001100100100000000000000000101010011100011 #"
#2886
b11111111101101 D
b11111111100100 d
b1010100111001111111111111111111001111110011011 #"
#2887
b11010101101111 D
b11010111101111 d
b1101100110100111111111111111111011010010001011 #"
#2888
b11000111001010 D
b11001111001010 d
b110111011001011111111111111111101110110110011 #"
#2889
b10101111100000 D
b10101111100000 d
b1110000010011111111111111111100101000100100 #"
#2890
b1011111110011 D
b1011111110011 d
b10101001011111111111111111111011110101100111 #"
#2891
b110110011011 D
b110110011011 d
b1111111111111111111111000111111011111111111111111010011011010111 #"
#2892
b0 D
b0 d
b11011111001010011111111111111111111100101101111 #"
#2893
b1111111111111111111010001111000000000000000000000000110110101110 #"
#2894
b1000101101010000000000000000000000001111000111 #"
#2895
b110101100010011111111111111111100011000001001 #"
#2896
b1100000100 D
b1100000100 d
b1100111011101100000000000000000001000111010111 #"
#2897
b1001010000111 D
b1001010000111 d
b10101000000000100000000000000000000110110110010 #"
#2898
b1111111000101 D
b1111111000101 d
b110100100000100000000000000000010010111001100 #"
#2899
b10011110010011 D
b10011110010011 d
b1111101111111111111111111010100010001001 #"
#2900
b11100010100110 D
b11100010100110 d
b1101110000011111111111111111111110001101110011 #"
#2901
b11011110011000 D
b11011110011000 d
b1000011111011000000000000000000010001001111110 #"
#2902
b11111111111111 D
b11111111111111 d
b1110011001010111111111111111111110100110000111 #"
#2903
b10110001111011000000000000000000000100110000010 #"
#2904
b1111011000010000000000000000000001001111010110 #"
#2905
b11101010010001100000000000000000000001000001111 #"
#2906
b11110000010011 D
b11110000010011 d
b10010110001100111111111111111111111110101010000 #"
#2907
b11100101101010 D
b11100101101010 d
b10110101100100111111111111111111101100000000011 #"
#2908
b10110001100011 D
b10110001100011 d
b1011001011111111111111111111101111001000001 #"
#2909
b10000101001111 D
b10000101001111 d
b10111110111100000000000000000000000111110000001 #"
#2910
b1100001000101 D
b1100001000101 d
b11001100001001000000000000000000001011010110111 #"
#2911
b100010011011 D
b100010011011 d
b1110100111100000000000000000000000011010010010 #"
#2912
b0 D
b0 d
b100111011011111111111111111111111111101011011110 #"
#2913
b10000000110001100000000000000000010011111101110 #"
#2914
b1111111111111111111010011011010011111111111111111101011111010110 #"
#2915
b100010110110100111111111111111111011110001101001 #"
#2916
b110000011100 D
b110000011100 d
b110000001010111111111111111111111111010001110001 #"
#2917
b1111000011101 D
b1111000011101 d
b1101111101101110111111111111111111111010001010010 #"
#2918
b11111011010111 D
b11111011010111 d
b100111000010111011111111111111111000011110100111 #"
#2919
b11101111000111 D
b11101111000111 d
b100001001010000111111111111111111000101110111110 #"
#2920
b11010100000111 D
b11010100000111 d
b1111111111111111010011101110111100000000000000010001010000100001 #"
#2921
b11111110001101 D
b11111110001101 d
b1111111111111110011111100011010111111111111111101100011100011010 #"
#2922
b11111111111101 D
b11111111101101 d
b1100100001010100000000000000011000110010101100 #"
#2923
b11111111111111 D
b11111111111111 d
b10000100110100111111111111111111011110011111100 #"
#2924
b1111111111111110101100011110011111111111111111111011000001001101 #"
#2925
b1111111111111111110010001010011000000000000000000101001100100101 #"
#2926
b11111001000110 D
b11111001000110 d
b10101010001010011111111111111111010011011110001 #"
#2927
b11010010101011 D
b11010010101011 d
b1000110101011001111111111111111111011001101001110 #"
#2928
b11000010101101 D
b11000010101101 d
b1111111111111111111011110000111100000000000000000011001100000000 #"
#2929
b10101010011010 D
b10101010011010 d
b10010000101100000000000000001010001111101101 #"
#2930
b1011000110010 D
b1011000110010 d
b101100001000100011111111111111111010011110010000 #"
#2931
b11110101001 D
b11110101001 d
b1111111111111111100010111110100000000000000000000011001101111000 #"
#2932
b0 D
b0 d
b1111111111111111110010110111110000000000000000000110001000011101 #"
#2933
b10000001000100100000000000000000001010000011110 #"
#2934
b1111111111111111110101011110101000000000000000001100011101010010 #"
#2935
b1000101000000010011111111111111111111110011011000 #"
#2936
b100011100011 D
b100011100011 d
b111101110000100000000000000000010011111110010 #"
#2937
b1100000011100 D
b1100000011100 d
b10001011011100100000000000000000000000111001111 #"
#2938
b10000100111001 D
b10000100111001 d
b1110001011110000000000000000001000110100001000 #"
#2939
b10110011001000 D
b10110011001000 d
b1011110010111100000000000000000001011001010010 #"
#2940
b11100110101001 D
b11100110101001 d
b1111001001111100000000000000000010101110100011 #"
#2941
b11110001001000 D
b11110001001000 d
b1100001000000111111111111111111110011010000011 #"
#2942
b11111111111111 D
b11111111111111 d
b1111111111111111111100111000100011111111111111111111110011011011 #"
#2943
b10111101101011000000000000000000010000100001101 #"
#2944
b100100000010011011111111111111111110000001001000 #"
#2945
b1100100010010000000000000000000111000010010100 #"
#2946
b11011101011110 D
b11011101011110 d
b1111111111111111100111110100110100000000000000000001011001110001 #"
#2947
b11100001111011 D
b11100001111011 d
b11100000000000011111111111111111110111001011010 #"
#2948
b10011101100110 D
b10011101100110 d
b101001110111001000000000000000001011001101001000 #"
#2949
b10000000011101 D
b10000000011111 d
b1111111111111111011011001100010100000000000000001000100000111001 #"
#2950
b1001010011110 D
b1001010011111 d
b10011100010101000000000000000000011010010011100 #"
#2951
b1010110110 D
b1010111110 d
b10010110001010100000000000000000000001001011101 #"
#2952
b1010100110 D
b1010100110 d
b11100011011011100000000000000000011101111100010 #"
#2953
b0 D
b0 d
b1110000101001100000000000000001110010100000000 #"
#2954
b1000000100001000000000000000000000010101010010111 #"
#2955
b1111111111111111111010000100110100000000000000000001100100101111 #"
#2956
b110111001111 D
b110111001111 d
b1111111111111111111010100110110111111111111111111100000101100100 #"
#2957
b1111111111111111100100110111010000000000000000001001111100101111 #"
#2958
b1011101011001 D
b1011101011001 d
b1111111111111111110100010001011000000000000000000101011000010101 #"
#2959
b10010000010011 D
b10010000010011 d
b10111101000001000000000000000001001101001110110 #"
#2960
b11000111110110 D
b11000111110110 d
b1111011110110000000000000000000101001100000101 #"
#2961
b11010110111100 D
b11010110111100 d
b1111111111111111100100001110110100000000000000000111110011100100 #"
#2962
b11111011111111 D
b11111011111111 d
b1111111111111111110110001000101000000000000000001000100111011011 #"
#2963
b11111111111111 D
b11111111111111 d
b1111111111111111011001111111011111111111111111111001011111000010 #"
#2964
b1111111111111111100001100110001011111111111111111011101110000010 #"
#2965
b10010001000000000000000000000111101000010010 #"
#2966
b11110110101110 D
b11110110101110 d
b10001110000011000000000000000000111011110100101 #"
#2967
b11101111001110 D
b11101111001110 d
b100101011011100000000000000000111101110001001 #"
#2968
b10111110101101 D
b10111110101101 d
b1111111111111111111101101110010100000000000000000001011000111100 #"
#2969
b10100100101011 D
b10100100101011 d
b11101010001000011111111111111101110011101010010 #"
#2970
b1010010111111 D
b1010010111111 d
b1111111111111110111000101010001111111111111111001111001001010001 #"
#2971
b10111011010 D
b10111011010 d
b10100010000111110011111111111111001011100001100011 #"
#2972
b0 D
b0 d
b1111111111111101111101110111000000000000000000101010100000010101 #"
#2973
b101001011111000100000000000000001111111110110110 #"
#2974
b101010010111011111111111111101011000111001110 #"
#2975
b1111111111111111101111000001100100000000000000000010001000010000 #"
#2976
b101011011010 D
b101011011010 d
b1111111111111111010001010110001000000000000000001110100010010001 #"
#2977
b1100111011010 D
b1100111011010 d
b1111111111111111110111001010110100000000000000000110101001011101 #"
#2978
b10001011110101 D
b10001011110101 d
b1111111111111111110010101100011111111111111111111110111100111010 #"
#2979
b10110111110110 D
b10110111110110 d
b10110110110111111111111111111101100101111010 #"
#2980
b11101010010100 D
b11101010010100 d
b1111111111111111111110110010010100000000000000001110111010110010 #"
#2981
b11110100000110 D
b11110100000110 d
b1111111111111111110101101001000000000000000000001111011000010000 #"
#2982
b11111111111111 D
b11111111111111 d
b1111111111111111101001011101010011111111111111111101010101001110 #"
#2983
b10001111001100000000000000000100011111001010 #"
#2984
b11010001110000000000000000001000011100000000 #"
#2985
b11111110101000 D
b11111110101000 d
b1111111111111111110110011100000100000000000000000100011000100100 #"
#2986
b11011010000110 D
b11011010001110 d
b1111111111111111101100000010101100000000000000000100010011101010 #"
#2987
b11011111110111 D
b11011101110111 d
b1111111111111111010001101111100100000000000000001011101001000101 #"
#2988
b11011101110111 D
b1000011110110000000000000000000001110010011010 #"
#2989
b11111010001111 D
b11111010001110 d
b1111111111111111010101110000110100000000000000010010101101111110 #"
#2990
b1111010001101 D
b1111010001101 d
b1111111111111111101001101000010100000000000000001000000010111101 #"
#2991
b1000011011100 D
b1000011011100 d
b1111111111111110111101001000001100000000000000001011001110000111 #"
#2992
b1011100 D
b1011100 d
b1101111101100000000000000000001100100111101000 #"
#2993
b0 D
b0 d
b1111111111111111001001000001101100000000000000001000001000101110 #"
#2994
b1111111111111111111011011001101100000000000000000010111101111111 #"
#2995
b1111111111111111110001111010000100000000000000001011001110101010 #"
#2996
b1111111111111111011000010110010000000000000000001111111111101101 #"
#2997
b111110101010 D
b111110101010 d
b1111111111111111101111110000000100000000000000000011111100101100 #"
#2998
b1110100111010 D
b1110100111010 d
b100111001011001100000000000000000101100101101100 #"
#2999
b10010110010111 D
b10010110010111 d
b1111111111111111111101101111101000000000000000011000111111110111 #"
#3000
b11001011111001 D
b11001011111001 d
b1111111111111110011001001010010011111111111111110100011001100101 #"
#3001
b11011010000111 D
b11011010000111 d
b1111111111111110011100011010010000000000000000001010110000101000 #"
#3002
b11111101101011 D
b11111101101011 d
b1111111111111111010110001111110000000000000000001100110100011110 #"
#3003
b11111111111111 D
b11111111111111 d
b1111111111111111100111000010101000000000000000000101000110001011 #"
#3004
b1111111111111101111110100001011100000000000000001010010010110111 #"
#3005
b1111111111111110010110110111010100000000000000010001011000011000 #"
#3006
b11110011101010 D
b11110011101010 d
b1111111111111101111111000001011100000000000000100001011000110110 #"
#3007
b11101011011110 D
b11101011011110 d
b1111111111111111000110100100110100000000000000010010001100111110 #"
#3008
b10111001001100 D
b10111001001100 d
b1111111111111110011000111010011100000000000000011000111111101000 #"
#3009
b10001111001111 D
b10001111001111 d
b1111111111111111110011000000111111111111111111111111100100001011 #"
#3010
b1101011111111 D
b1101011111111 d
b1111111111111100100010111110110100000000000000010000011111011000 #"
#3011
b101111110101 D
b101111110101 d
b1111111111111101110011001101101000000000000000011100000110111110 #"
#3012
b0 D
b0 d
b1111111111111110000110010011010000000000000000000111001001101111 #"
#3013
b1111111111111011001000111101111000000000000000100001001010100101 #"
#3014
b1111111111111010110011000110001111111111111111111110010001001110 #"
#3015
b1111111111111101000010111011110011111111111111101011011001000111 #"
#3016
b10100010011 D
b10100010011 d
b1111111111111110001000010111010000000000000000010010010010001011 #"
#3017
b1101101111110 D
b1101101111110 d
b1111111111111100111010010001011011111111111111110111010100100000 #"
#3018
b10100001100001 D
b10100001100001 d
b1111111111110100110100101111110100000000000000010000100110001011 #"
#3019
b10111011101110 D
b10111011101110 d
b1111111111101111111001011001000111111111111111111001110010100010 #"
#3020
b11101101111010 D
b11101101111010 d
b1111111111101110101101110001001000000000000001011110011100011110 #"
#3021
b11110110100011 D
b11110110110011 d
b1111111111101000011101101001010111111111111101001110001011011010 #"
#3022
b11111111111111 D
b11111111111111 d
b110100100011100010110100000000000011101110100101111100 #"
#3023
b111101101000010000111111111111110001001111010001101 #"
#3024
b1111111111111111111010110000111000000000000000011011000100010110 #"
#3025
b11111111110011 D
b11111111111011 d
b1000010010100111000000000000000000011100001110111100 #"
#3026
b11111111111111 D
b11111111111111 d
b111110100001000000000000000000000100101110101010110 #"
#3027
b11010111101111 D
b11011111101111 d
b100010010100101010000000000000000000101110011010111 #"
#3028
b11011010100001 D
b11011010100001 d
b110100111001000000000000000100001011110101111 #"
#3029
b11110011100101 D
b11110011100101 d
b1001000010110110111111111111111111110010011011001 #"
#3030
b1110011000100 D
b1111011000100 d
b10011101110011100011111111111111101011110011001001 #"
#3031
b111011010110 D
b111011010110 d
b1110001111100110100000000000000010101111010111100 #"
#3032
b0 D
b0 d
b1100001010011111011111111111111111011110101001101 #"
#3033
b1100011001001100111111111111111111011011011011000 #"
#3034
b11010001010000101000000000000000100010001111001001 #"
#3035
b10001100000110111111111111111111100011111011000101 #"
#3036
b101100000 D
b101100000 d
b1010001110001100000000000000000010000010111101 #"
#3037
b1000101110001 D
b1000101110001 d
b100111011010111111111111111111110111011011100110 #"
#3038
b1111011110101 D
b1111011110101 d
b1000011110101010000000000000000010001100010011111 #"
#3039
b10011011010100 D
b10011011010100 d
b1000010010011111000000000000000000110010110011011 #"
#3040
b11001111011101 D
b11001111011101 d
b111011010101000000000000000000001011101111100001 #"
#3041
b11011100111000 D
b11011100111000 d
b1111110001001000000000000000000100000001110001 #"
#3042
b11111111111111 D
b11111111111111 d
b1101000000101000000000000000010001111000010111 #"
#3043
b110010010000111000000000000000010001010011010101 #"
#3044
b11000111001101111100000000000000000100000111000011 #"
#3045
b101000111011111100000000000000010001001111100011 #"
#3046
b11110001111001 D
b11110001111001 d
b1111111111111111111110100100101000000000000000001100010101000100 #"
#3047
b11101000010001 D
b11101000010001 d
b1100101111000100111111111111111111100111010100000 #"
#3048
b10110101100111 D
b10110101100111 d
b1011000010100000000000000000000010001001000110111 #"
#3049
b10001001101110 D
b10001001101110 d
b1110110110010100000000000000010011101101010001 #"
#3050
b1100100110010 D
b1100100110010 d
b1011000010001011111111111111111001010000000011 #"
#3051
b100111011010 D
b100111011010 d
b101110111111110100000000000000001000011110111100 #"
#3052
b0 D
b0 d
b1000010000101000000000000000000011001100100011 #"
#3053
b100010010001111100000000000000010101000010011110 #"
#3054
b101011101010011011111111111111111101010000001111 #"
#3055
b1111111111111111101010010001011100000000000000010010111100000000 #"
#3056
b11011011011 D
b11011011011 d
b11000100101001100000000000000000010010111001000 #"
#3057
b1010100001111 D
b1010100011111 d
b11101110100010000000000000000010111010111101111 #"
#3058
b10100111011111 D
b10100111011111 d
b100000001000010000000000000000010010110001000011 #"
#3059
b11100111111010 D
b11100111111010 d
b111101011110000100000000000000001001011001000000 #"
#3060
b11010001101000 D
b11010001101000 d
b1100101000100000000000000000001101100011001101 #"
#3061
b11111001000010 D
b11111001000010 d
b1111111111111111111111001110001000000000000000001010011000101110 #"
#3062
b11111111111111 D
b11111111111111 d
b101101110001011000000000000000000001100000011000 #"
#3063
b10110111101100000000000000001000101001101011 #"
#3064
b11011011110101100000000000000010111001111100010 #"
#3065
b110111001111010000000000000000010001000101100011 #"
#3066
b11111011110100 D
b11111011110100 d
b1100010011001000000000000000001010000111001111 #"
#3067
b11010011101000 D
b11010011101000 d
b1111111111111111110101101001010000000000000000010000101111011110 #"
#3068
b11000101010001 D
b11000101010001 d
b10110011010011000000000000000010100111101101000 #"
#3069
b10101101111101 D
b10101101111101 d
b1111111111111111111010100110111000000000000000000111100010111001 #"
#3070
b1011101001101 D
b1011101001101 d
b1111111111111111111110000000111000000000000000000100011001010001 #"
#3071
b110100000000 D
b110100000000 d
b11011011110011100000000000000001111001110001110 #"
1c"
#3072
b0 D
b0 d
b11000100101001100000000000000000010010111001000 #"
0c"
0d"
#3076
b1110111100 D
b1110111100 d
#3077
b1001100000101 D
b1001100000101 d
#3078
b10000000100001 D
b10000000100001 d
#3079
b10011111101011 D
b10011111101011 d
#3080
b11100100001000 D
b11100100001000 d
#3081
b11110000001101 D
b11110000001101 d
#3082
b11111111111111 D
b11111111111111 d
#3086
b11011110111100 D
b11011110111100 d
#3087
b11100100110001 D
b11100100110001 d
#3088
b10011111101111 D
b10011111101111 d
#3089
b10000011101110 D
b10000011101110 d
#3090
b1001110010110 D
b1001110010110 d
#3091
b1111011100 D
b1111011100 d
#3092
b0 D
b0 d
#3095
b1011000 D
b1011000 d
#3096
b110011011100 D
b110011011100 d
#3097
b1111011011111 D
b1111011011111 d
#3098
b1011010011011 D
b1011010011011 d
#3099
b11101100110100 D
b11101100110100 d
#3100
b11010100011110 D
b11010100011110 d
#3101
b11010100110110 D
b11011110010110 d
#3102
b11111010110001 D
b11111010110001 d
#3103
b11111111111111 D
b11111111111111 d
#3106
b11111000010000 D
b11111000010000 d
#3107
b11010001000010 D
b11010001000010 d
#3108
b11000001010011 D
b11000001010011 d
#3109
b10101000101001 D
b10101000101001 d
#3110
b1010110111111 D
b1010110111111 d
#3111
b11100010100 D
b11100010100 d
#3112
b0 D
b0 d
#3116
b100110000010 D
b100110000010 d
#3117
b1100010100101 D
b1100010100101 d
#3118
b10000111101101 D
b10000111101101 d
#3119
b10110100110100 D
b10110100110100 d
#3120
b11100111111110 D
b11100111111110 d
#3121
b11110001111110 D
b11110001111110 d
#3122
b11111111111111 D
b11111111111111 d
#3125
b11111111011101 D
b11111111011101 d
#3126
b11011100011000 D
b11011100011000 d
#3127
b11100000011010 D
b11100000011010 d
#3128
b10011011111011 D
b10011011111011 d
#3129
b1111101111110 D
b1111101111111 d
#3130
b1011111011111 D
b1110111111111 d
#3131
b1000111011111 D
b111011111 d
#3132
b111011010 D
b111011010 d
#3133
b0 D
b0 d
#3136
b111010001000 D
b111010001000 d
#3137
b1111010001000 D
b1111010001000 d
#3138
b1110000011111 D
b1110000011111 d
#3139
b10010010000111 D
b10010010000111 d
#3140
b11001001010111 D
b11001001010111 d
#3141
b11011000001101 D
b11011000001101 d
#3142
b11111101010100 D
b11111101010100 d
#3143
b11111111111111 D
b11111111111111 d
#3146
b11110110001010 D
b11110110001010 d
#3147
b11101101101101 D
b11101101101101 d
#3148
b10111101000100 D
b10111101000100 d
#3149
b10100010110011 D
b10100010110011 d
#3150
b1010000100100 D
b1010000100100 d
#3151
b10100101011 D
b10100101011 d
#3152
b0 D
b0 d
#3156
b101110011011 D
b101110011011 d
#3157
b1101001110110 D
b1101001110110 d
#3158
b10001101100110 D
b10001101100110 d
#3159
b10111001101101 D
b10111001101101 d
#3160
b11101011101010 D
b11101011101010 d
#3161
b11110100010000 D
b11110100010000 d
#3162
b11111111111111 D
b11111111111111 d
#3165
b11111100111100 D
b11111100111100 d
#3166
b11011100111110 D
b11011100111110 d
#3167
b11011101111110 D
b11011101111110 d
#3168
b11011111010101 D
b11011111010101 d
#3169
b11110111100011 D
b11110111100011 d
#3170
b1110111110010 D
b1110111110010 d
#3171
b1000000110000 D
b1000000110000 d
#3172
b0 D
b0 d
#3176
b10000111 D
b10000111 d
#3177
b1000001000001 D
b1000001000001 d
#3178
b1110110110010 D
b1110110110010 d
#3179
b10010111110000 D
b10010111110000 d
#3180
b11001101000010 D
b11001101000010 d
#3181
b11011001110111 D
b11011001110111 d
#3182
b11111110100000 D
b11111110100000 d
#3183
b11111111111111 D
b11111111111111 d
#3186
b11110011101010 D
b11110011101010 d
#3187
b11101001110100 D
b11101001110100 d
#3188
b10111000001100 D
b10111000001100 d
#3189
b10001101110000 D
b10001101110000 d
#3190
b1101001100000 D
b1101001100000 d
#3191
b101101100001 D
b101101100001 d
#3192
b0 D
b0 d
#3196
b10110110011 D
b10110110011 d
#3197
b1010000010111 D
b1010000010111 d
#3198
b10100011100011 D
b10100011100011 d
#3199
b10111101001101 D
b10111101001101 d
#3200
b11101110110011 D
b11101110111011 d
#3201
b11110110110011 D
b11110110110011 d
#3202
b11111111111111 D
b11111111111111 d
#3206
b11111111110111 D
b11111111110111 d
#3207
b11010110100111 D
b11010110100111 d
#3208
b11001001010100 D
b11001001010100 d
#3209
b10010001011011 D
b10010001011011 d
#3210
b1110001100100 D
b1110001100100 d
#3211
b111000111101 D
b111000111101 d
#3212
b0 D
b0 d
#3216
b1010000100 D
b1010000100 d
#3217
b1001000001010 D
b1001000001010 d
#3218
b1111101101111 D
b1111101101111 d
#3219
b10011100011011 D
b10011100011011 d
#3220
b11100001000110 D
b11100001000110 d
#3221
b11011101100001 D
b11011101100001 d
#3222
b11111111111111 D
b11111111111111 d
#3226
b11110000000000 D
b11110000000000 d
#3227
b11100110001011 D
b11100110001011 d
#3228
b10110011010110 D
b10110011010110 d
#3229
b10000111110001 D
b10000111110001 d
#3230
b1100010101111 D
b1100010101111 d
#3231
b100101001001 D
b100101001001 d
#3232
b0 D
b0 d
#3236
b11101101000 D
b11101101000 d
#3237
b1011110000011 D
b1010110101011 d
#3238
b11111111010011 D
b11111111010011 d
#3239
b11101001111001 D
b11101001111001 d
#3240
b11010011111110 D
b11010011111110 d
#3241
b11011010101110 D
b11011010100110 d
#3242
b11111111111111 D
b11111111111111 d
#3246
b11111001101010 D
b11111001101010 d
#3247
b11010011011101 D
b11010011011101 d
#3248
b11000011111001 D
b11000011111001 d
#3249
b10101011110110 D
b10101011110110 d
#3250
b1011010110111 D
b1011010110111 d
#3251
b110001010100 D
b110001010100 d
#3252
b0 D
b0 d
#3256
b100001000001 D
b100001000001 d
#3257
b1001110111110 D
b1001110111110 d
#3258
b10000100000101 D
b10000100000101 d
#3259
b10110001011001 D
b10110001011001 d
#3260
b11100101100110 D
b11100101100110 d
#3261
b11110000001011 D
b11110000001011 d
#3262
b11111111111111 D
b11111111111111 d
#3266
b11011101110001 D
b11011101110001 d
#3267
b11100010110000 D
b11100010110000 d
#3268
b10011110101110 D
b10011110101110 d
#3269
b10000001100101 D
b10000001100101 d
#3270
b1001011111010 D
b1001011111010 d
#3271
b1100001100 D
b1100001110 d
#3272
b0 D
b1000 d
#3273
b0 d
#3276
b110110010001 D
b110110010001 d
#3277
b1111111010101 D
b1111111010101 d
#3278
b1011101000111 D
b1011101000100 d
#3279
b11101111101111 D
b10101111101111 d
#3280
b11010110101001 D
b11010110101001 d
#3281
b11010110001001 D
b11011111001001 d
#3282
b11111011010001 D
b11111011010001 d
#3283
b11111111111111 D
b11111111111111 d
#3286
b11110110111100 D
b11110110111100 d
#3287
b11101111100101 D
b11101111100101 d
#3288
b10111111101010 D
b10111111101010 d
#3289
b10100110111110 D
b10100110111110 d
#3290
b1010100100010 D
b1010100100010 d
#3291
b11001010010 D
b11001010010 d
#3292
b0 D
b0 d
#3296
b101001001110 D
b101001001110 d
#3297
b1100100111110 D
b1100100111110 d
#3298
b10001001011100 D
b10001001011100 d
#3299
b10110111010011 D
b10110111010011 d
#3300
b11101001101000 D
b11101001101000 d
#3301
b11110011000010 D
b11110011000010 d
#3302
b11111111111111 D
b11111111111111 d
#3305
b11111110101101 D
b11111110101101 d
#3306
b11011011001111 D
b11011011001111 d
#3307
b11001111010111 D
b11001111010111 d
#3308
b10011001101111 D
b10011001111111 d
#3309
b1111011001010 D
b1111011101010 d
#3310
b1111111001110 D
b1111111001110 d
#3311
b1000101111101 D
b1000101111101 d
#3312
b100110001 D
b100110001 d
#3313
b0 D
b0 d
#3315
b111000110 D
b111000100 d
#3316
b110111100110 D
b111111100110 d
#3317
b111100100110 D
b111100100110 d
#3318
b1110011010010 D
b1110011010010 d
#3319
b10010100110110 D
b10010100110110 d
#3320
b11001010110001 D
b11001010110001 d
#3321
b11011000011110 D
b11011000011110 d
#3322
b11111101101100 D
b11111101101100 d
#3323
b11111111111111 D
b11111111111111 d
#3326
b11110100101111 D
b11110100101111 d
#3327
b11101100111110 D
b11101100111110 d
#3328
b10111011101010 D
b10111011101010 d
#3329
b10100001000110 D
b10100001000110 d
#3330
b1101110111011 D
b1101110111011 d
#3331
b10010001000 D
b10010001000 d
#3332
b0 D
b0 d
#3336
b10000111011 D
b10000111011 d
#3337
b1101100010111 D
b1101100010111 d
#3338
b10100000101001 D
b10100000101001 d
#3339
b10111010110001 D
b10111010110001 d
#3340
b11101101000101 D
b11101101000101 d
#3341
b11110101001100 D
b11110101001100 d
#3342
b11111111111111 D
b11111111111111 d
#3345
b11111100101111 D
b11111100111111 d
#3346
b11111111101111 D
b11111111101111 d
#3347
b11011111100111 D
b11011111100111 d
#3348
b11011011011111 D
b11011011011111 d
#3349
b10110101111101 D
b10010101011101 d
#3350
b1111101101101 D
b1111101100100 d
#3351
b111101011001 D
b111101011001 d
#3352
b0 D
b0 d
#3356
b1001100111 D
b1001100111 d
#3357
b1000011001001 D
b1000011001001 d
#3358
b1111001001100 D
b1111001001100 d
#3359
b10011001111001 D
b10011001111001 d
#3360
b11001110111110 D
b11001110111110 d
#3361
b11011100000101 D
b11011100000101 d
#3362
b11111111011010 D
b11111111011010 d
#3363
b11111111111111 D
b11111111111111 d
#3366
b11110010100100 D
b11110010100100 d
#3367
b11101001000011 D
b11101001000011 d
#3368
b10110110010100 D
b10110110010100 d
#3369
b10001011010100 D
b10001011010100 d
#3370
b1100111010111 D
b1100111010111 d
#3371
b101010000011 D
b101010000011 d
#3372
b0 D
b0 d
#3376
b11001000100 D
b11001000100 d
#3377
b1010010010010 D
b1010010010010 d
#3378
b10100101111101 D
b10100101111111 d
#3379
b10111111001011 D
b10111111011011 d
#3380
b11011110101111 D
b11010100101111 d
#3381
b11110111111111 D
b11110111111111 d
#3382
b11111111111111 D
b11111111111111 d
#3386
b11111111011110 D
b11111111011100 d
#3387
b11010111011110 D
b11010111011110 d
#3388
b11000110011011 D
b11001111011011 d
#3389
b10101111001101 D
b10101111001101 d
#3390
b1011111010001 D
b1011111010001 d
#3391
b110101111011 D
b110101111011 d
#3392
b0 D
b0 d
#3396
b1011010001 D
b1011010001 d
#3397
b1001010101111 D
b1001010101111 d
#3398
b1111111011100 D
b1111111011100 d
#3399
b10011110001000 D
b10011110001000 d
#3400
b11100010111110 D
b11100010111110 d
#3401
b11011110011011 D
b11011110011011 d
#3402
b11111111111111 D
b11111111111111 d
#3406
b11110000000111 D
b11110000000111 d
#3407
b11100101101110 D
b11100101101110 d
#3408
b10110011001111 D
b10110011001111 d
#3409
b10000110011111 D
b10000110011111 d
#3410
b1100000011010 D
b1100000011010 d
#3411
b100010101100 D
b100010101100 d
#3412
b0 D
b0 d
#3416
b110000001111 D
b110000001111 d
#3417
b1110111101111 D
b1110111101111 d
#3418
b11110111101111 D
b11111111101110 d
#3419
b11101011010001 D
b11101011000001 d
#3420
b11000111111111 D
b11000111111110 d
#3421
b11111011111111 D
b11111011111111 d
#3422
b11111111111111 D
b11111111111111 d
#3426
b11111000100101 D
b11111000100101 d
#3427
b11010001110010 D
b11010001110010 d
#3428
b11000011000100 D
b11000011000100 d
#3429
b10101010010010 D
b10101010010010 d
#3430
b1011000110001 D
b1011000110001 d
#3431
b11110101011 D
b11110101011 d
#3432
b0 D
b0 d
#3436
b100100001110 D
b100100001110 d
#3437
b1100000011100 D
b1100000011100 d
#3438
b10000101001100 D
b10000101001100 d
#3439
b10110011101100 D
b10110011101100 d
#3440
b11100110110010 D
b11100110110010 d
#3441
b11110001001100 D
b11110001001100 d
#3442
b11111111111111 D
b11111111111111 d
#3446
b11011101001001 D
b11011101001001 d
#3447
b11100010001000 D
b11100010001000 d
#3448
b10011100111110 D
b10011100111110 d
#3449
b10000000000001 D
b10000000000001 d
#3450
b1001001011111 D
b1001001011111 d
#3451
b1001101111 D
b1001111111 d
#3452
b1000001101 D
b101101 d
#3453
b0 D
b0 d
#3456
b110111010111 D
b110111010111 d
#3457
b1110111010111 D
b1111111010111 d
#3458
b1011101111101 D
b1011101111101 d
#3459
b11010111101011 D
b11010111101011 d
#3460
b11000111101011 D
b11000111101011 d
#3461
b11010110110111 D
b11010110110111 d
#3462
b11111100010001 D
b11111100010001 d
#3463
b11111111111111 D
b11111111111111 d
#3466
b11110110111101 D
b11110110111101 d
#3467
b11101111001001 D
b11101111001001 d
#3468
b10111110011111 D
b10111110011111 d
#3469
b10100101011011 D
b10100101011011 d
#3470
b1010010110011 D
b1010010110011 d
#3471
b10111010010 D
b10111010010 d
#3472
b0 D
b0 d
#3476
b101100010110 D
b101100010110 d
#3477
b1100111001101 D
b1100111001101 d
#3478
b10001011100111 D
b10001011100111 d
#3479
b10111000001011 D
b10111000001011 d
#3480
b11101010101010 D
b11101010101010 d
#3481
b11110011111010 D
b11110011111010 d
#3482
b11111111111111 D
b11111111111111 d
#3485
b11111110010100 D
b11111110010100 d
#3486
b11011010011001 D
b11011010011001 d
#3487
b11001101110001 D
b11001101111001 d
#3488
b10011100110001 D
b10011100110001 d
#3489
b11111001111011 D
b11111001111011 d
#3490
b1111001111111 D
b1111001111111 d
#3491
b1000001111111 D
b1000001111111 d
#3492
b1011010 D
b1011010 d
#3493
b0 D
b0 d
#3496
b100000 D
b1000000000 d
#3497
b111101111000 D
b111101111000 d
#3498
b1110101001100 D
b1110101001100 d
#3499
b10010101111111 D
b10010101111111 d
#3500
b11001011111010 D
b11001011111010 d
#3501
b11011010000000 D
b11011010000000 d
#3502
b11111110000100 D
b11111110000100 d
#3503
b11111111111111 D
b11111111111111 d
#3506
b11110011110110 D
b11110011110110 d
#3507
b11101011010111 D
b11101011010111 d
#3508
b10111001101110 D
b10111001101110 d
#3509
b10001111101110 D
b10001111101110 d
#3510
b1101100000100 D
b1101100000100 d
#3511
b101110111111 D
b101110111111 d
#3512
b0 D
b0 d
#3516
b10011101001 D
b10011101001 d
#3517
b1101101111101 D
b1101101111101 d
#3518
b10100001100110 D
b10100001100110 d
#3519
b10111100110001 D
b10111100110001 d
#3520
b11101101100100 D
b11101101100100 d
#3521
b11110101100111 D
b11110101100111 d
#3522
b11111111111111 D
b11111111111111 d
#3525
b11111110011111 D
b11111100111111 d
#3526
b11111110111011 D
b11111110111011 d
#3527
b11011111111010 D
b11011111111010 d
#3528
b11001001111010 D
b11001001110010 d
#3529
b10110011111101 D
b10110011101101 d
#3530
b1111011111101 D
b1111011111100 d
#3531
b111011101101 D
b111011101101 d
#3532
b0 D
b0 d
#3536
b101111001 D
b101111001 d
#3537
b1000101011111 D
b1000101011111 d
#3538
b1111011000010 D
b1111011000010 d
#3539
b10011010111111 D
b10011010111111 d
#3540
b11001111110000 D
b11001111110000 d
#3541
b11011101011111 D
b11011101011111 d
#3542
b11111111111111 D
b11111111111111 d
#3546
b11110001100101 D
b11110001100101 d
#3547
b11101000001101 D
b11101000001101 d
#3548
b10110100100010 D
b10110100100010 d
#3549
b10001001001101 D
b10001001001101 d
#3550
b1100101001010 D
b1100101001010 d
#3551
b100111100011 D
b100111100011 d
#3552
b0 D
b0 d
#3556
b11100010010 D
b11100010010 d
#3557
b1010011111010 D
b1010011111010 d
#3558
b10100111100010 D
b10100111111010 d
#3559
b11000110011110 D
b11000100111110 d
#3560
b11010001011110 D
b11010001011110 d
#3561
b11111001011110 D
b11111001011110 d
#3562
b11111111111111 D
b11111111111111 d
#3566
b11111011101110 D
b11111011101110 d
#3567
b11010011101110 D
b11010011101110 d
#3568
b11000110000000 D
b11000110000000 d
#3569
b10101110000111 D
b10101110000111 d
#3570
b1011101011100 D
b1011101011100 d
#3571
b110011110011 D
b110011110011 d
#3572
b0 D
b0 d
#3576
b1110010010 D
b1110010010 d
#3577
b1001100011001 D
b1001100011001 d
#3578
b10000001001101 D
b10000001001101 d
#3579
b10110000110011 D
b10110000110011 d
#3580
b11100100110011 D
b11100100110011 d
#3581
b11011111011011 D
b11011111011011 d
#3582
b11111111111111 D
b11111111111111 d
#3586
b11011110100110 D
b11011110100110 d
#3587
b11100100101010 D
b11100100101010 d
#3588
b10011111101001 D
b10011111101001 d
#3589
b10000011010101 D
b10000011010101 d
#3590
b1001110110000 D
b1001110110000 d
#3591
b1111011100 D
b1111011100 d
#3592
b0 D
b0 d
#3595
b10000000 D
b10000000 d
#3596
b110011010110 D
b110011010110 d
#3597
b1111011110110 D
b1111011110110 d
#3598
b11111111111010 D
b11111111111010 d
#3599
b10101101111010 D
b10101101111010 d
#3600
b11010111001111 D
b11010111001111 d
#3601
b11111111001111 D
b11111111001111 d
#3602
b11111111111111 D
b11111111100111 d
#3603
b11111111111111 d
#3606
b11111000001101 D
b11111000001101 d
#3607
b11010000100000 D
b11010000100000 d
#3608
b11000000010000 D
b11000000010000 d
#3609
b10101000110000 D
b10101000110000 d
#3610
b1010111000111 D
b1010111000111 d
#3611
b11100011101 D
b11100011101 d
#3612
b0 D
b0 d
#3616
b100110110110 D
b100110110110 d
#3617
b1100011010111 D
b1100011010111 d
#3618
b10000111000011 D
b10000111000011 d
#3619
b10110100101100 D
b10110100101100 d
#3620
b11101000011100 D
b11101000011100 d
#3621
b11110010001011 D
b11110010001011 d
#3622
b11111111111111 D
b11111111111111 d
#3625
b11111111100011 D
b11111111100011 d
#3626
b11011011100000 D
b11011011100000 d
#3627
b11100000000101 D
b11100000000101 d
#3628
b10011011011111 D
b10011011011111 d
#3629
b1111101011101 D
b1111101011111 d
#3630
b1000110101111 D
b1000110111111 d
#3631
b110011111 D
b110111111 d
#3632
b110011101 D
b110011101 d
#3633
b0 D
b0 d
#3635
b10100001 D
b10100001 d
#3636
b111010110001 D
b111010110001 d
#3637
b1111011110101 D
b1111011110101 d
#3638
b1110001010100 D
b1110001010100 d
#3639
b10010011001101 D
b10010011001101 d
#3640
b11001001111110 D
b11001001111110 d
#3641
b11010111101000 D
b11010111101000 d
#3642
b11111100011001 D
b11111100011001 d
#3643
b11111111111111 D
b11111111111111 d
#3646
b11110101001101 D
b11110101001101 d
#3647
b11101101101011 D
b11101101101011 d
#3648
b10111100011110 D
b10111100011110 d
#3649
b10100010110011 D
b10100010110011 d
#3650
b1010000010001 D
b1010000010001 d
#3651
b10100010110 D
b10100010110 d
#3652
b0 D
b0 d
#3656
b101110010111 D
b101110010111 d
#3657
b1101001000100 D
b1101001000100 d
#3658
b10001110000100 D
b10001110000100 d
#3659
b10111001110111 D
b10111001110111 d
#3660
b11101011100011 D
b11101011100011 d
#3661
b11110100101000 D
b11110100101000 d
#3662
b11111111111111 D
b11111111111111 d
#3665
b11111101110001 D
b11111101110001 d
#3666
b11011001010001 D
b11011001010001 d
#3667
b11001100010011 D
b11001100010011 d
#3668
b11011101111110 D
b11011101111110 d
#3669
b11110111111111 D
b11110111111110 d
#3670
b1110111111101 D
b1110111110101 d
#3671
b1000000001110 D
b1000000001110 d
#3672
b0 D
b0 d
#3675
b100000000 D
b100000000 d
#3676
b100001001 D
b100001001 d
#3677
b1000001000110 D
b1000001000110 d
#3678
b1110110010000 D
b1110110010000 d
#3679
b10010111011000 D
b10010111011000 d
#3680
b11001100111110 D
b11001100111110 d
#3681
b11011010110100 D
b11011010110100 d
#3682
b11111110100011 D
b11111110100011 d
#3683
b11111111111111 D
b11111111111111 d
#3686
b11110011001000 D
b11110011001000 d
#3687
b11101010001110 D
b11101010001110 d
#3688
b10111000011010 D
b10111000011010 d
#3689
b10001101000010 D
b10001101000010 d
#3690
b1101001101001 D
b1101001101001 d
#3691
b101100110000 D
b101100110000 d
#3692
b0 D
b0 d
#3696
b10110010100 D
b10110010100 d
#3697
b1101111101111 D
b1101111101111 d
#3698
b10100011110010 D
b10100011110010 d
#3699
b10111110000011 D
b10111110000011 d
#3700
b11101111010010 D
b11101111010010 d
#3701
b11110110110011 D
b11110110110011 d
#3702
b11111111111111 D
b11111111111111 d
#3705
b11111011111111 D
#3706
b11111111111011 D
b11111111111011 d
#3707
b11011110011011 D
b11011110011011 d
#3708
b11001000011111 D
b11001000011100 d
#3709
b10010001101111 D
b10010001101111 d
#3710
b1110001110011 D
b1111001110011 d
#3711
b111000110001 D
b111000110001 d
#3712
b0 D
b0 d
#3716
b1001110110 D
b1001110110 d
#3717
b1001000011001 D
b1001000011001 d
#3718
b1111101010100 D
b1111101010100 d
#3719
b10011100010101 D
b10011100010101 d
#3720
b11100001010111 D
b11100001010111 d
#3721
b11011101100000 D
b11011101100000 d
#3722
b11111111111111 D
b11111111111111 d
#3726
b11110001010101 D
b11110001010101 d
#3727
b11100110011110 D
b11100110011110 d
#3728
b10110011011010 D
b10110011011010 d
#3729
b10000111110110 D
b10000111110110 d
#3730
b1100100000001 D
b1100100000001 d
#3731
b100100111000 D
b100100111000 d
#3732
b0 D
b0 d
#3736
b11110000010 D
b11110000010 d
#3737
b1010110001101 D
b1010110001111 d
#3738
b10101111001101 D
b10101101001101 d
#3739
b11101011011000 D
b11101011011000 d
#3740
b11010010110010 D
b11010010110010 d
#3741
b11111011111011 D
b11111011111011 d
#3742
b11111111111111 D
b11111111111111 d
#3746
b11111011110000 D
b11111011110000 d
#3747
b11010011010000 D
b11010011010000 d
#3748
b11000100010101 D
b11000100010101 d
#3749
b10101100010101 D
b10101100010101 d
#3750
b1011011110100 D
b1011011110100 d
#3751
b110001011111 D
b110001011111 d
#3752
b0 D
b0 d
#3756
b100001000000 D
b100001000000 d
#3757
b1001110011100 D
b1001110011100 d
#3758
b10000010111110 D
b10000010111110 d
#3759
b10110001011000 D
b10110001011000 d
#3760
b11100101000100 D
b11100101000100 d
#3761
b11110000101110 D
b11110000101110 d
#3762
b11111111111111 D
b11111111111111 d
#3766
b11011101111010 D
b11011101111010 d
#3767
b11100010110010 D
b11100010110010 d
#3768
b10011110101100 D
b10011110101100 d
#3769
b10000010011100 D
b10000010011100 d
#3770
b1001100100110 D
b1001100100110 d
#3771
b1101101010 D
b1101101010 d
#3772
b0 D
b10 d
#3773
b0 d
#3776
b110101010001 D
b110101010001 d
#3777
b1111101011001 D
b1111101011001 d
#3778
b1011110111010 D
b1011110111010 d
#3779
b11101110101010 D
b11101110101010 d
#3780
b11010110010100 D
b11010110010100 d
#3781
b11111111010100 D
b11111111010100 d
#3782
b11111011010100 D
b11111011010100 d
#3783
b11111111111111 D
b11111111111111 d
#3786
b11110111111110 D
b11110111111110 d
#3787
b11010000100000 D
b11010000100000 d
#3788
b10111111010100 D
b10111111010100 d
#3789
b10100110011000 D
b10100110011000 d
#3790
b1010100101100 D
b1010100101100 d
#3791
b11001111000 D
b11001111000 d
#3792
b0 D
b0 d
#3796
b101010000111 D
b101010000111 d
#3797
b1100100110010 D
b1100100110010 d
#3798
b10001001110100 D
b10001001110100 d
#3799
b10110110100100 D
b10110110100100 d
#3800
b11101001001100 D
b11101001001100 d
#3801
b11110010100100 D
b11110010100100 d
#3802
b11111111111111 D
b11111111111111 d
#3805
b11111110010001 D
b11111110010001 d
#3806
b11011010010101 D
b11011010010101 d
#3807
b11001111101110 D
b11001111101110 d
#3808
b10011001100010 D
b10011001100010 d
#3809
b1111100001110 D
b1111100001110 d
#3810
b1001101001110 D
b1000101001110 d
#3811
b1000101011101 D
b1000101011101 d
#3812
b100011101 D
b100011101 d
#3813
b0 D
b0 d
#3815
b1000101101 D
b1000101101 d
#3816
b111100101101 D
b111100101101 d
#3817
b1111100001001 D
b1111110000001 d
#3818
b1110010011001 D
b1110010011001 d
#3819
b10010100010010 D
b10010100010010 d
#3820
b11001011011010 D
b11001011011010 d
#3821
b11011000011100 D
b11011000011100 d
#3822
b11111100011000 D
b11111100011000 d
#3823
b11111111111111 D
b11111111111111 d
#3826
b11110101010100 D
b11110101010100 d
#3827
b11101100100010 D
b11101100100010 d
#3828
b10111011000001 D
b10111011000001 d
#3829
b10100000111100 D
b10100000111100 d
#3830
b1101110001111 D
b1101110001111 d
#3831
b10010101000 D
b10010101000 d
#3832
b0 D
b0 d
#3836
b10001001000 D
b10001001000 d
#3837
b1101011101011 D
b1101011101011 d
#3838
b10001111001100 D
b10001111001100 d
#3839
b10111010111110 D
b10111010111110 d
#3840
b11101100101110 D
b11101100101110 d
#3841
b11110101011010 D
b11110101011010 d
#3842
b11111111111111 D
b11111111111111 d
#3845
b11111101000111 D
b11111101000111 d
#3846
b11011100011111 D
b11011100011111 d
#3847
b11011011111111 D
b11011011111111 d
#3848
b11011111101101 D
b11011111100101 d
#3849
b11110101011101 D
b11110101011101 d
#3850
b1110101011101 D
b1111101011101 d
#3851
b111110001010 D
b111110001010 d
#3852
b0 D
b0 d
#3856
b1001100011 D
b1001100011 d
#3857
b1000100001100 D
b1000100001100 d
#3858
b1111001101100 D
b1111001101100 d
#3859
b10011001100001 D
b10011001100001 d
#3860
b11001110100011 D
b11001110100011 d
#3861
b11011100000111 D
b11011100000111 d
#3862
b11111111111100 D
b11111111111100 d
#3863
b11111111111111 D
b11111111111111 d
#3866
b11110010010001 D
b11110010010001 d
#3867
b11101001010110 D
b11101001010110 d
#3868
b10110110100101 D
b10110110100101 d
#3869
b10001010100010 D
b10001010100010 d
#3870
b1100111000011 D
b1100111000011 d
#3871
b101001010100 D
b101001010100 d
#3872
b0 D
b0 d
#3876
b11000111110 D
b11000111110 d
#3877
b1010001111100 D
b1010001111100 d
#3878
b10100101111101 D
b10100101111101 d
#3879
b10111111100101 D
b10111111100101 d
#3880
b11010000000010 D
b11010000000011 d
#3881
b11111000001011 D
b11111000001011 d
#3882
b11111111111111 D
b11111111111111 d
#3886
b11111111111010 D
b11111111111010 d
#3887
b11010111101110 D
b11010111101110 d
#3888
b11000110101100 D
b11000110101100 d
#3889
b10101111010011 D
b10101111010011 d
#3890
b1110000100001 D
b1110000100001 d
#3891
b110110010101 D
b110110010101 d
#3892
b0 D
b0 d
#3896
b1011100111 D
b1011100111 d
#3897
b1001010000111 D
b1001010000111 d
#3898
b1111110011011 D
b1111110011011 d
#3899
b10011110001000 D
b10011110001000 d
#3900
b11100010101100 D
b11100010101100 d
#3901
b11011110101011 D
b11011110101011 d
#3902
b11111111111111 D
b11111111111111 d
#3906
b11110000110011 D
b11110000110011 d
#3907
b11100101001000 D
b11100101001000 d
#3908
b10110001100100 D
b10110001100100 d
#3909
b10000101101110 D
b10000101101110 d
#3910
b1100000010100 D
b1100000010100 d
#3911
b100010111010 D
b100010111010 d
#3912
b0 D
b0 d
#3916
b110000100100 D
b110000100100 d
#3917
b1011000001101 D
b1011000101101 d
#3918
b11111010111011 D
b11111010111001 d
#3919
b11101011111111 D
b11101011111111 d
#3920
b11010111111111 D
b11010111111111 d
#3921
b11010100011110 D
b11010100011110 d
#3922
b11111111111111 D
b11111111111111 d
#3926
b11111001011010 D
b11111001011010 d
#3927
b11010010001001 D
b11010010001001 d
#3928
b11000010101000 D
b11000010101000 d
#3929
b10101010001010 D
b10101010001010 d
#3930
b1011001010011 D
b1011001010011 d
#3931
b11111001000 D
b11111001000 d
#3932
b0 D
b0 d
#3936
b100011011000 D
b100011011000 d
#3937
b1100000000001 D
b1100000000001 d
#3938
b10000100100010 D
b10000100100010 d
#3939
b10110010111000 D
b10110010111000 d
#3940
b11100110101000 D
b11100110101000 d
#3941
b11110000101111 D
b11110000101111 d
#3942
b11111111111111 D
b11111111111111 d
#3946
b11011101001011 D
b11011101001011 d
#3947
b11100010010010 D
b11100010010010 d
#3948
b10011101000111 D
b10011101000111 d
#3949
b10000000001110 D
b10000000001110 d
#3950
b1001001110110 D
b1001001110110 d
#3951
b1010001111 D
b1010001111 d
#3952
b10 D
b1011 d
#3953
b0 D
b0 d
#3956
b110111100110 D
b110111100110 d
#3957
b1110111100110 D
b1111111100110 d
#3958
b1011110010000 D
b1011110010000 d
#3959
b11010111110110 D
b11010111100110 d
#3960
b11010111110010 D
b11010111110010 d
#3961
b11010110110010 D
b11011110110010 d
#3962
b11111100011101 D
b11111100011101 d
#3963
b11111111111111 D
b11111111111111 d
#3966
b11110110011100 D
b11110110011100 d
#3967
b11101110111000 D
b11101110111000 d
#3968
b10111110101000 D
b10111110101000 d
#3969
b10100101000101 D
b10100101000101 d
#3970
b1010010110000 D
b1010010110000 d
#3971
b10111100001 D
b10111100001 d
#3972
b0 D
b0 d
#3976
b101011001100 D
b101011001100 d
#3977
b1100110101000 D
b1100110101000 d
#3978
b10001011010111 D
b10001011010111 d
#3979
b10110111101000 D
b10110111101000 d
#3980
b11101010000100 D
b11101010000100 d
#3981
b11110011010010 D
b11110011010010 d
#3982
b11111111111111 D
b11111111111111 d
#3985
b11111110011011 D
b11111110011011 d
#3986
b11011010100111 D
b11011010100111 d
#3987
b11001101111101 D
b11001101111111 d
#3988
b10011000001111 D
b10011000011111 d
#3989
b1111010011111 D
b1111010011111 d
#3990
b1111011011101 D
b1111011011101 d
#3991
b1000011010111 D
b1000011010111 d
#3992
b10010111 D
b10010111 d
#3993
b0 D
b0 d
#3996
b110110000100 D
b111110000100 d
#3997
b111110000110 D
b111110000110 d
#3998
b1110100100011 D
b1110100100011 d
#3999
b10010101101011 D
b10010101101011 d
#4000
b11001011101011 D
b11001011101011 d
#4001
b11011001100111 D
b11011001100111 d
#4002
b11111101111011 D
b11111101111011 d
#4003
b11111111111111 D
b11111111111111 d
#4006
b11110011111101 D
b11110011111101 d
#4007
b11101011101110 D
b11101011101110 d
#4008
b10111001110110 D
b10111001110110 d
#4009
b10001111011010 D
b10001111011010 d
#4010
b1101100100010 D
b1101100100010 d
#4011
b101111101100 D
b101111101100 d
#4012
b0 D
b0 d
#4016
b10011011110 D
b10011011110 d
#4017
b1101110001010 D
b1101110001010 d
#4018
b10100001101100 D
b10100001101100 d
#4019
b10111011101100 D
b10111011101100 d
#4020
b11101101100100 D
b11101101100100 d
#4021
b11110110110010 D
b11110110110010 d
#4022
b11111111111111 D
b11111111111111 d
#4025
b11111100110111 D
b11111100111111 d
#4026
b11111100110111 d
#4027
b11011010011111 D
b11011010011111 d
#4028
b11011010111111 D
b11011010111111 d
#4029
b11110011111111 D
b11110011111111 d
#4030
b1111011011111 D
b1111011011111 d
#4031
b111011011111 D
b111011011111 d
#4032
b0 D
b0 d
#4036
b110010110 D
b110010110 d
#4037
b1000101010000 D
b1000101010000 d
#4038
b1111010100010 D
b1111010100010 d
#4039
b10011010010101 D
b10011010010101 d
#4040
b11001111010100 D
b11001111010100 d
#4041
b11011100010000 D
b11011100010000 d
#4042
b11111111111001 D
b11111111111001 d
#4043
b11111111111111 D
b11111111111111 d
#4046
b11110001110000 D
b11110001110000 d
#4047
b11101000000000 D
b11101000000000 d
#4048
b10110110001110 D
b10110110001110 d
#4049
b10001010010111 D
b10001010010111 d
#4050
b1100110010000 D
b1100110010000 d
#4051
b101000110001 D
b101000110001 d
#4052
b0 D
b0 d
#4056
b11011000101 D
b11011000101 d
#4057
b1010010111111 D
b1010010111111 d
#4058
b10100110111010 D
b10100110111010 d
#4059
b11000000101110 D
b11000000111110 d
#4060
b11010001001111 D
b11010001001111 d
#4061
b11111000001111 D
b11111000001111 d
#4062
b11111111111111 D
b11111111111111 d
#4066
b11111010101111 D
b11111010100111 d
#4067
b11010101011100 D
b11010101011100 d
#4068
b11100101100101 D
b11001101100101 d
#4069
b10101101101111 D
b10101101101111 d
#4070
b1011101100100 D
b1011101100100 d
#4071
b110100011100 D
b110100011100 d
#4072
b0 D
b0 d
#4076
b1110100100 D
b1110100100 d
#4077
b1001100011110 D
b1001100011110 d
#4078
b10000000111100 D
b10000000111100 d
#4079
b10110000001010 D
b10110000001010 d
#4080
b11100100010101 D
b11100100010101 d
#4081
b11110000000010 D
b11110000000010 d
#4082
b11111111111111 D
b11111111111111 d
#4086
b11011111011101 D
b11011111011101 d
#4087
b11100100111110 D
b11100100111110 d
#4088
b10110000011110 D
b10110000011110 d
#4089
b10000011010100 D
b10000011010100 d
#4090
b1001110100000 D
b1001110100000 d
#4091
b1111110110 D
b1111110110 d
#4092
b0 D
b0 d
