Sample in Buffer,Sample in Window,TRIGGER,design_1_i/adc_interface_0_m_axis_tdata[31:0],design_1_i/adc_interface_0_m_axis_tlast,design_1_i/adc_interface_0_m_axis_tvalid,design_1_i/adc_interface_0_adc_signed_debug[15:0],design_1_i/adc_interface_0_win_coeff_out[15:0],design_1_i/adc_data[13:0],design_1_i/adc_interface_0_adc_data_original[13:0],design_1_i/adc_interface_0_adc_data_original_valid,design_1_i/xfft_0_m_axis_data_tdata[63:0],design_1_i/xfft_0_m_axis_data_tlast,design_1_i/xfft_0_m_axis_data_tvalid
Radix - UNSIGNED,UNSIGNED,UNSIGNED,SIGNED,HEX,HEX,HEX,HEX,UNSIGNED,UNSIGNED,HEX,HEX,HEX,HEX
0,0,0,-12017482,0,1,339c,001c,13212,8374,1,b3adaa8da48bcea5,0,0
1,1,0,-11501958,0,1,36b9,001c,14009,15994,1,b3adaa8da48bcea5,0,0
2,2,0,-8591936,0,1,3fd4,001c,16340,9664,1,b3adaa8da48bcea5,0,0
3,3,0,-6935490,0,1,3fff,001c,16383,11326,1,b3adaa8da48bcea5,0,0
4,4,0,-3730896,0,1,3fff,001c,16383,4656,1,b3adaa8da48bcea5,0,0
5,5,0,0,0,1,3fff,001c,16383,0,1,b3adaa8da48bcea5,0,0
6,6,0,0,0,1,3cd4,001c,15572,0,1,b3adaa8da48bcea5,0,0
7,7,0,0,0,1,3a8b,001c,14987,0,1,b3adaa8da48bcea5,0,0
8,8,0,0,0,1,2d93,001c,11667,0,1,b3adaa8da48bcea5,0,0
9,9,0,-632016,0,1,2320,001c,8992,6960,1,b3adaa8da48bcea5,0,0
10,10,0,-644148,0,1,1a36,001c,6710,11212,1,b3adaa8da48bcea5,0,0
11,11,0,-4555980,0,1,0adf,001c,2783,15156,1,b3adaa8da48bcea5,0,0
12,12,0,-8349644,0,1,0000,001c,0,6196,1,b3adaa8da48bcea5,0,0
13,13,0,-10783300,0,1,0000,001c,0,13756,1,b3adaa8da48bcea5,0,0
14,14,0,-14765205,0,1,0000,001c,0,13163,1,b3adaa8da48bcea5,0,0
15,15,0,-15942242,0,1,0000,001c,0,15774,1,b3adaa8da48bcea5,0,0
16,16,0,-18925049,0,1,063b,001c,1595,14855,1,b3adaa8da48bcea5,0,0
17,17,0,-19266408,0,1,1445,001c,5189,1176,1,b3adaa8da48bcea5,0,0
18,18,0,-19577685,0,1,2d38,001c,10553,1195,1,b3adaa8da48bcea5,0,0
19,19,0,-19905345,0,1,2fca,001c,12234,1215,1,b3adaa8da48bcea5,0,0
20,20,0,-19198572,0,1,3ffb,001c,15347,3476,1,b3adaa8da48bcea5,0,0
21,21,0,-20161812,0,1,3fff,001c,15871,6892,1,b3adaa8da48bcea5,0,0
22,22,0,-19000798,0,1,3fff,001c,16383,4642,1,b3adaa8da48bcea5,0,0
23,23,0,-15133272,0,1,3fff,001c,16383,5544,1,b3adaa8da48bcea5,0,0
24,24,0,-11780236,0,1,3fff,001c,16383,16244,1,b3adaa8da48bcea5,0,0
25,25,0,-8873784,0,1,3fff,001c,16383,6344,1,b3adaa8da48bcea5,0,0
26,26,0,-3718000,0,1,3ed2,001c,16336,1168,1,b3adaa8da48bcea5,0,0
27,27,0,0,0,1,3562,001c,13794,0,1,b3adaa8da48bcea5,0,0
28,28,0,0,0,1,31c5,001c,12741,0,1,b3adaa8da48bcea5,0,0
29,29,0,0,0,1,241b,001c,9243,0,1,b3adaa8da48bcea5,0,0
30,30,0,0,0,1,1c17,001c,7191,0,1,b3adaa8da48bcea5,0,0
31,31,0,-2229696,0,1,0dd5,001c,3541,14912,1,b3adaa8da48bcea5,0,0
32,32,0,-2336064,0,1,0000,001c,0,6848,1,b3adaa8da48bcea5,0,0
33,33,0,-7692752,0,1,0000,001c,0,7728,1,b3adaa8da48bcea5,0,0
34,34,0,-15942528,0,1,0000,001c,0,15488,1,b3adaa8da48bcea5,0,0
35,35,0,-18796108,0,1,0000,001c,0,12724,1,b3adaa8da48bcea5,0,0
36,36,0,-23776640,0,1,02f0,001c,752,12928,1,b3adaa8da48bcea5,0,0
37,37,0,-24870612,0,1,1267,001c,4711,300,1,b3adaa8da48bcea5,0,0
38,38,0,-26081736,0,1,1f71,001c,8049,1592,1,b3adaa8da48bcea5,0,0
39,39,0,-26409396,0,1,2784,001c,10116,1612,1,b3adaa8da48bcea5,0,0
40,40,0,-26720673,0,1,38a2,001c,14498,1631,1,b3adaa8da48bcea5,0,0
41,41,0,-26488644,0,1,3770,001c,14192,4284,1,b3adaa8da48bcea5,0,0
42,42,0,-22834215,0,1,3fff,001c,16383,5081,1,b3adaa8da48bcea5,0,0
43,43,0,-21563632,0,1,3fff,001c,16383,14096,1,b3adaa8da48bcea5,0,0
44,44,0,-19213560,0,1,3fff,001c,16383,4872,1,b3adaa8da48bcea5,0,0
45,45,0,-10576293,0,1,3fff,001c,16383,7771,1,b3adaa8da48bcea5,0,0
46,46,0,-6163476,0,1,37c0,001c,14272,13292,1,b3adaa8da48bcea5,0,0
47,47,0,0,0,1,38f1,001c,14577,0,1,b3adaa8da48bcea5,0,0
48,48,0,0,0,1,2cbf,001c,11455,0,1,b3adaa8da48bcea5,0,0
49,49,0,0,0,1,21f2,001c,8690,0,1,b3adaa8da48bcea5,0,0
50,50,0,0,0,1,1873,001c,6259,0,1,b3adaa8da48bcea5,0,0
51,51,0,-1385936,0,1,08ea,001c,2282,6704,1,b3adaa8da48bcea5,0,0
52,52,0,-1403948,0,1,0000,001c,0,5076,1,b3adaa8da48bcea5,0,0
53,53,0,-8813440,0,1,0000,001c,0,1152,1,b3adaa8da48bcea5,0,0
54,54,0,-15259920,0,1,0000,001c,0,9968,1,b3adaa8da48bcea5,0,0
55,55,0,-19464644,0,1,0000,001c,0,15932,1,b3adaa8da48bcea5,0,0
56,56,0,-28099086,0,1,0c07,001c,3079,15858,1,b3adaa8da48bcea5,0,0
57,57,0,-27669600,0,1,1d9f,001c,5535,2976,1,b3adaa8da48bcea5,0,0
58,58,0,-32258127,0,1,179b,001c,16283,1969,1,b3adaa8da48bcea5,0,0
59,59,0,-32536638,0,1,3acf,001c,15055,1986,1,b3adaa8da48bcea5,0,0
60,60,0,-32815149,0,1,34cf,001c,13519,2003,1,b3adaa8da48bcea5,0,0
61,61,0,-33077277,0,1,34cb,001c,16091,2019,1,b3adaa8da48bcea5,0,0
62,62,0,-33339405,0,1,3e56,001c,16348,2035,1,b3adaa8da48bcea5,0,0
63,63,0,-31503360,0,1,3fff,001c,16383,3072,1,b3adaa8da48bcea5,0,0
64,64,0,-30444843,0,1,3fff,001c,16383,13013,1,b3adaa8da48bcea5,0,0
65,65,0,-23830572,0,1,3fff,001c,16383,8148,1,b3adaa8da48bcea5,0,0
66,66,0,-17996454,0,1,3e3f,001c,15935,9562,1,b3adaa8da48bcea5,0,0
67,67,0,-13153536,0,1,348c,001c,13452,2816,1,b3adaa8da48bcea5,0,0
68,68,0,-4828146,0,1,30b5,001c,12469,5134,1,b3adaa8da48bcea5,0,0
69,69,0,0,0,1,2aa8,001c,10920,0,1,b3adaa8da48bcea5,0,0
70,70,0,0,0,1,167a,001c,5754,0,1,b3adaa8da48bcea5,0,0
71,71,0,0,0,1,07f9,001c,2041,0,1,b3adaa8da48bcea5,0,0
72,72,0,0,0,1,0000,001c,0,0,1,b3adaa8da48bcea5,0,0
73,73,0,-6773280,0,1,0000,001c,0,9696,1,b3adaa8da48bcea5,0,0
74,74,0,-12218976,0,1,0000,001c,0,3488,1,b3adaa8da48bcea5,0,0
75,75,0,-24258552,0,1,0000,001c,0,6152,1,b3adaa8da48bcea5,0,0
76,76,0,-27886494,0,1,08af,001c,2223,15458,1,b3adaa8da48bcea5,0,0
77,77,0,-30235380,0,1,1806,001c,6150,9484,1,b3adaa8da48bcea5,0,0
78,78,0,-35828624,0,1,2110,001c,8464,3184,1,b3adaa8da48bcea5,0,0
79,79,0,-36976431,0,1,2cbd,001c,11453,2257,1,b3adaa8da48bcea5,0,0
80,80,0,-37123878,0,1,3995,001c,14741,2266,1,b3adaa8da48bcea5,0,0
81,81,0,-37271325,0,1,3c25,001c,15397,2275,1,b3adaa8da48bcea5,0,0
82,82,0,-36395586,0,1,3fff,001c,16383,9662,1,b3adaa8da48bcea5,0,0
83,83,0,-30880389,0,1,3fff,001c,16383,3451,1,b3adaa8da48bcea5,0,0
84,84,0,-28659669,0,1,3fff,001c,16383,12331,1,b3adaa8da48bcea5,0,0
85,85,0,-25157376,0,1,3fff,001c,16383,8448,1,b3adaa8da48bcea5,0,0
86,86,0,-13305600,0,1,3755,001c,14165,14592,1,b3adaa8da48bcea5,0,0
87,87,0,-4717970,0,1,388a,001c,14474,622,1,b3adaa8da48bcea5,0,0
88,88,0,0,0,1,276b,001c,10091,0,1,b3adaa8da48bcea5,0,0
89,89,0,0,0,1,2110,001c,8208,0,1,b3adaa8da48bcea5,0,0
90,90,0,0,0,1,1298,001c,4760,0,1,b3adaa8da48bcea5,0,0
91,91,0,0,0,1,02d2,001c,722,0,1,b3adaa8da48bcea5,0,0
92,92,0,-149056,0,1,02d2,001c,18,14784,1,b3adaa8da48bcea5,0,0
93,93,0,-5258660,0,1,0000,001c,0,604,1,b3adaa8da48bcea5,0,0
94,94,0,-11916520,0,1,0000,001c,0,11032,1,b3adaa8da48bcea5,0,0
95,95,0,-19787020,0,1,0000,001c,0,4852,1,b3adaa8da48bcea5,0,0
96,96,0,-26727246,0,1,0cd6,001c,3542,11442,1,b3adaa8da48bcea5,0,0
97,97,0,-34296854,0,1,0dd6,001c,3542,11242,1,b3adaa8da48bcea5,0,0
98,98,0,-35796241,0,1,172a,001c,5930,2799,1,b3adaa8da48bcea5,0,0
99,99,0,-38057709,0,1,2401,001c,9217,2323,1,b3adaa8da48bcea5,0,0
100,100,0,-37992177,0,1,31ee,001c,12782,2319,1,b3adaa8da48bcea5,0,0
101,101,0,-37910262,0,1,3571,001c,13681,2314,1,b3adaa8da48bcea5,0,0
102,102,0,-37828347,0,1,3f00,001c,16128,2309,1,b3adaa8da48bcea5,0,0
103,103,0,-32644662,0,1,3fff,001c,16383,8650,1,b3adaa8da48bcea5,0,0
104,104,0,-33256118,0,1,3fff,001c,16383,3402,1,b3adaa8da48bcea5,0,0
105,105,0,-23097744,0,1,3fff,001c,16383,3696,1,b3adaa8da48bcea5,0,0
106,106,0,-18728325,0,1,3dba,001c,15802,14971,1,b3adaa8da48bcea5,0,0
107,107,0,-10740840,0,1,3bc8,001c,15304,7064,1,b3adaa8da48bcea5,0,0
108,108,0,-1616835,0,1,2fde,001c,12254,5181,1,b3adaa8da48bcea5,0,0
109,109,0,0,0,1,297a,001c,10618,0,1,b3adaa8da48bcea5,0,0
110,110,0,0,0,1,14f3,001c,5363,0,1,b3adaa8da48bcea5,0,0
111,111,0,0,0,1,0643,001c,1603,0,1,b3adaa8da48bcea5,0,0
112,112,0,0,0,1,0000,001c,0,0,1,b3adaa8da48bcea5,0,0
113,113,0,-7669350,0,1,0000,001c,0,14746,1,b3adaa8da48bcea5,0,0
114,114,0,-12925616,0,1,0000,001c,0,1360,1,b3adaa8da48bcea5,0,0
115,115,0,-19866000,0,1,0000,001c,0,7792,1,b3adaa8da48bcea5,0,0
116,116,0,-27225656,0,1,0ac8,001c,2760,4552,1,b3adaa8da48bcea5,0,0
117,117,0,-28876369,0,1,1971,001c,6513,8623,1,b3adaa8da48bcea5,0,0
118,118,0,-33551429,0,1,2294,001c,8852,3003,1,b3adaa8da48bcea5,0,0
119,119,0,-33863661,0,1,2df0,001c,11760,2067,1,b3adaa8da48bcea5,0,0
120,120,0,-33470469,0,1,3a6d,001c,14957,2043,1,b3adaa8da48bcea5,0,0
121,121,0,-33077277,0,1,3ccb,001c,15563,2019,1,b3adaa8da48bcea5,0,0
122,122,0,-31529260,0,1,3fff,001c,16383,9940,1,b3adaa8da48bcea5,0,0
123,123,0,-32140168,0,1,3fff,001c,16383,5240,1,b3adaa8da48bcea5,0,0
124,124,0,-29674656,0,1,3fff,001c,16383,13152,1,b3adaa8da48bcea5,0,0
125,125,0,-23348979,0,1,3f8b,001c,16267,14605,1,b3adaa8da48bcea5,0,0
126,126,0,-20038260,0,1,3fa2,001c,13986,15756,1,b3adaa8da48bcea5,0,0
127,127,0,-9907308,0,1,37b3,001c,13203,5012,1,b3adaa8da48bcea5,0,0
128,128,0,-2592206,0,1,37d7,001c,10071,12850,1,b3adaa8da48bcea5,0,0
129,129,0,0,0,1,3ecd,001c,7821,0,1,b3adaa8da48bcea5,0,0
130,130,0,0,0,1,1efc,001c,7932,0,1,b3adaa8da48bcea5,0,0
131,131,0,0,0,1,10fe,001c,4350,0,1,b3adaa8da48bcea5,0,0
132,132,0,0,0,1,00f6,001c,246,0,1,b3adaa8da48bcea5,0,0
133,133,0,50366512,0,1,0000,001c,0,2096,1,b3adaa8da48bcea5,0,0
134,134,0,-4315260,0,1,0000,001c,0,10116,1,b3adaa8da48bcea5,0,0
135,135,0,-10091412,0,1,0000,001c,128,1132,1,b3adaa8da48bcea5,0,0
136,136,0,-13313408,0,1,00af,001c,175,6784,1,b3adaa8da48bcea5,0,0
137,137,0,-17147700,0,1,0f6c,001c,3948,6348,1,b3adaa8da48bcea5,0,0
138,138,0,-21187376,0,1,1ce7,001c,7399,13520,1,b3adaa8da48bcea5,0,0
139,139,0,-21244547,0,1,255b,001c,9563,5501,1,b3adaa8da48bcea5,0,0
140,140,0,-21592794,0,1,32ce,001c,13006,1318,1,b3adaa8da48bcea5,0,0
141,141,0,-20773644,0,1,3646,001c,13894,1268,1,b3adaa8da48bcea5,0,0
142,142,0,-19921728,0,1,3f56,001c,16214,1216,1,b3adaa8da48bcea5,0,0
143,143,0,-18935966,0,1,3fff,001c,16383,3938,1,b3adaa8da48bcea5,0,0
144,144,0,-18056738,0,1,3fff,001c,16383,14814,1,b3adaa8da48bcea5,0,0
145,145,0,-14747265,0,1,3fff,001c,16383,14719,1,b3adaa8da48bcea5,0,0
146,146,0,-13189032,0,1,3d2f,001c,15663,88,1,b3adaa8da48bcea5,0,0
147,147,0,-9183537,0,1,3b25,001c,15141,7887,1,b3adaa8da48bcea5,0,0
148,148,0,-6874803,0,1,2e86,001c,11910,6477,1,b3adaa8da48bcea5,0,0
149,149,0,-3564810,0,1,282b,001c,10283,6902,1,b3adaa8da48bcea5,0,0
150,150,0,-197776,0,1,1b87,001c,7047,15216,1,b3adaa8da48bcea5,0,0
151,151,0,0,0,1,0442,001c,1090,0,1,b3adaa8da48bcea5,0,0
152,152,0,0,0,1,0000,001c,0,0,1,b3adaa8da48bcea5,0,0
153,153,0,0,0,1,0000,001c,0,0,1,b3adaa8da48bcea5,0,0
154,154,0,-78892,0,1,0000,001c,0,3028,1,b3adaa8da48bcea5,0,0
155,155,0,-1640436,0,1,0000,001c,0,14348,1,b3adaa8da48bcea5,0,0
156,156,0,-2519990,0,1,04ac,001c,1196,3146,1,b3adaa8da48bcea5,0,0
157,157,0,-2557593,0,1,1b15,001c,6933,14695,1,b3adaa8da48bcea5,0,0
158,158,0,-2486438,0,1,2806,001c,10246,3930,1,b3adaa8da48bcea5,0,0
159,159,0,-1586310,0,1,2edd,001c,11997,2938,1,b3adaa8da48bcea5,0,0
160,160,0,-585144,0,1,3b4a,001c,15178,4680,1,b3adaa8da48bcea5,0,0
161,161,0,737235,0,1,3d8a,001c,15754,16339,1,b3adaa8da48bcea5,0,0
162,162,0,2064258,0,1,3fff,001c,16383,16258,1,b3adaa8da48bcea5,0,0
163,163,0,3440430,0,1,3fff,001c,16383,16174,1,b3adaa8da48bcea5,0,0
164,164,0,4614980,0,1,3fff,001c,16383,11076,1,b3adaa8da48bcea5,0,0
165,165,0,5764762,0,1,3ffd,001c,16255,13978,1,b3adaa8da48bcea5,0,0
166,166,0,5609450,0,1,3f5f,001c,16223,6122,1,b3adaa8da48bcea5,0,0
167,167,0,5738880,0,1,36d7,001c,14039,4480,1,b3adaa8da48bcea5,0,0
168,168,0,4523576,0,1,32f2,001c,14066,1592,1,b3adaa8da48bcea5,0,0
169,169,0,793425,0,1,24f2,001c,9458,6993,1,b3adaa8da48bcea5,0,0
170,170,0,0,0,1,1d24,001c,8036,0,1,b3adaa8da48bcea5,0,0
171,171,0,0,0,1,0f64,001c,3940,0,1,b3adaa8da48bcea5,0,0
172,172,0,0,0,1,0000,001c,0,0,1,b3adaa8da48bcea5,0,0
173,173,0,0,0,1,0000,001c,0,0,1,b3adaa8da48bcea5,0,0
174,174,0,1505448,0,1,0000,001c,0,14504,1,b3adaa8da48bcea5,0,0
175,175,0,9312745,0,1,0000,001c,0,6633,1,b3adaa8da48bcea5,0,0
176,176,0,14828268,0,1,01a3,001c,419,748,1,b3adaa8da48bcea5,0,0
177,177,0,18665100,0,1,115c,001c,4444,3724,1,b3adaa8da48bcea5,0,0
178,178,0,25180046,0,1,1e78,001c,7800,14222,1,b3adaa8da48bcea5,0,0
179,179,0,27853072,0,1,2686,001c,9862,272,1,b3adaa8da48bcea5,0,0
180,180,0,30783657,0,1,33dd,001c,13277,14505,1,b3adaa8da48bcea5,0,0
181,181,0,32634936,0,1,377d,001c,14205,14392,1,b3adaa8da48bcea5,0,0
182,182,0,34518981,0,1,3fff,001c,16383,14277,1,b3adaa8da48bcea5,0,0
183,183,0,35890335,0,1,3fff,001c,16383,9375,1,b3adaa8da48bcea5,0,0
184,184,0,32202500,0,1,3fff,001c,16383,7940,1,b3adaa8da48bcea5,0,0
185,185,0,31904404,0,1,3fff,001c,16383,4756,1,b3adaa8da48bcea5,0,0
186,186,0,24497172,0,1,3c8f,001c,15503,3092,1,b3adaa8da48bcea5,0,0
187,187,0,20238174,0,1,3a14,001c,14868,3934,1,b3adaa8da48bcea5,0,0
188,188,0,10971910,0,1,2d9c,001c,11676,11014,1,b3adaa8da48bcea5,0,0
189,189,0,0,0,1,22a8,001c,8872,0,1,b3adaa8da48bcea5,0,0
190,190,0,0,0,1,197f,001c,6527,0,1,b3adaa8da48bcea5,0,0
191,191,0,0,0,1,0a51,001c,2641,0,1,b3adaa8da48bcea5,0,0
192,192,0,0,0,1,0000,001c,0,0,1,b3adaa8da48bcea5,0,0
193,193,0,1644556,0,1,0000,001c,0,6156,1,b3adaa8da48bcea5,0,0
194,194,0,1698110,0,1,0000,001c,0,10558,1,b3adaa8da48bcea5,0,0
195,195,0,16428118,0,1,0000,001c,0,11350,1,b3adaa8da48bcea5,0,0
196,196,0,30139798,0,1,06ab,001c,1707,9622,1,b3adaa8da48bcea5,0,0
197,197,0,39887435,0,1,14a6,001c,5286,8779,1,b3adaa8da48bcea5,0,0
198,198,0,55405224,0,1,2d82,001c,10626,10920,1,b3adaa8da48bcea5,0,0
199,199,0,60671870,0,1,398a,001c,12298,1918,1,b3adaa8da48bcea5,0,0
200,200,0,72822900,0,1,341f,001c,13343,12404,1,b3adaa8da48bcea5,0,0
201,201,0,75361800,0,1,3e3d,001c,15933,11784,1,b3adaa8da48bcea5,0,0
202,202,0,77770101,0,1,3fff,001c,16383,11637,1,b3adaa8da48bcea5,0,0
203,203,0,80211168,0,1,3fff,001c,16383,11488,1,b3adaa8da48bcea5,0,0
204,204,0,78142701,0,1,3fff,001c,16383,7405,1,b3adaa8da48bcea5,0,0
205,205,0,77340324,0,1,3fff,001c,16383,7844,1,b3adaa8da48bcea5,0,0
206,206,0,62222352,0,1,3e8d,001c,16013,12304,1,b3adaa8da48bcea5,0,0
207,207,0,48852597,0,1,352e,001c,13742,11893,1,b3adaa8da48bcea5,0,0
208,208,0,37036896,0,1,319e,001c,12702,9056,1,b3adaa8da48bcea5,0,0
209,209,0,15236174,0,1,2bb7,001c,11191,15438,1,b3adaa8da48bcea5,0,0
210,210,0,0,0,1,17b6,001c,6070,0,1,b3adaa8da48bcea5,0,0
211,211,0,0,0,1,0d4a,001c,3402,0,1,b3adaa8da48bcea5,0,0
212,212,0,0,0,1,0000,001c,0,0,1,b3adaa8da48bcea5,0,0
213,213,0,0,0,1,0000,001c,0,0,1,b3adaa8da48bcea5,0,0
214,214,0,68381392,0,1,0000,001c,0,10960,1,b3adaa8da48bcea5,0,0
215,215,0,11813337,0,1,0000,001c,0,473,1,b3adaa8da48bcea5,0,0
216,216,0,36810258,0,1,0310,001c,784,11794,1,b3adaa8da48bcea5,0,0
217,217,0,75998286,0,1,12c9,001c,4809,9294,1,b3adaa8da48bcea5,0,0
218,218,0,90156515,0,1,1ff5,001c,8181,11747,1,b3adaa8da48bcea5,0,0
219,219,0,100109160,0,1,27d3,001c,10195,2920,1,b3adaa8da48bcea5,0,0
220,220,0,121607330,0,1,38bd,001c,14525,5282,1,b3adaa8da48bcea5,0,0
221,221,0,128278890,0,1,37ba,001c,14266,8554,1,b3adaa8da48bcea5,0,0
222,222,0,131162298,0,1,3fff,001c,16383,8378,1,b3adaa8da48bcea5,0,0
223,223,0,134078472,0,1,3fff,001c,16383,8200,1,b3adaa8da48bcea5,0,0
224,224,0,134109756,0,1,3fff,001c,16383,6716,1,b3adaa8da48bcea5,0,0
225,225,0,116512880,0,1,3fff,001c,16383,6256,1,b3adaa8da48bcea5,0,0
226,226,0,110529133,0,1,37c0,001c,14272,2669,1,b3adaa8da48bcea5,0,0
227,227,0,99426584,0,1,3912,001c,14610,8472,1,b3adaa8da48bcea5,0,0
228,228,0,55188408,0,1,2c3a,001c,11322,7096,1,b3adaa8da48bcea5,0,0
229,229,0,31457408,0,1,2143,001c,8515,128,1,b3adaa8da48bcea5,0,0
230,230,0,0,0,1,13e2,001c,5090,0,1,b3adaa8da48bcea5,0,0
231,231,0,0,0,1,0866,001c,2150,0,1,b3adaa8da48bcea5,0,0
232,232,0,0,0,1,0000,001c,0,0,1,b3adaa8da48bcea5,0,0
233,233,0,0,0,1,0000,001c,0,0,1,b3adaa8da48bcea5,0,0
234,234,0,7926076,0,1,0000,001c,0,12604,1,b3adaa8da48bcea5,0,0
235,235,0,8106274,0,1,0000,001c,0,12578,1,b3adaa8da48bcea5,0,0
236,236,0,50647842,0,1,0ca7,001c,3239,4898,1,b3adaa8da48bcea5,0,0
237,237,0,88216425,0,1,1ee7,001c,7911,4969,1,b3adaa8da48bcea5,0,0
238,238,0,123735040,0,1,1646,001c,13894,3072,1,b3adaa8da48bcea5,0,0
239,239,0,162691360,0,1,3b1f,001c,15135,14624,1,b3adaa8da48bcea5,0,0
240,240,0,162233136,0,1,315f,001c,13791,15152,1,b3adaa8da48bcea5,0,0
241,241,0,189600459,0,1,34e9,001c,16105,4811,1,b3adaa8da48bcea5,0,0
242,242,0,192844293,0,1,3ea6,001c,16102,4613,1,b3adaa8da48bcea5,0,0
243,243,0,196104510,0,1,3fff,001c,16383,4414,1,b3adaa8da48bcea5,0,0
244,244,0,199364727,0,1,3fff,001c,16383,4215,1,b3adaa8da48bcea5,0,0
245,245,0,177198294,0,1,3fff,001c,16383,5334,1,b3adaa8da48bcea5,0,0
246,246,0,183773400,0,1,3e29,001c,15913,10456,1,b3adaa8da48bcea5,0,0
247,247,0,144693988,0,1,3496,001c,13462,6884,1,b3adaa8da48bcea5,0,0
248,248,0,111135284,0,1,3065,001c,12389,2612,1,b3adaa8da48bcea5,0,0
249,249,0,67018222,0,1,2a43,001c,10819,7662,1,b3adaa8da48bcea5,0,0
250,250,0,28432500,0,1,15f8,001c,5624,6260,1,b3adaa8da48bcea5,0,0
251,251,0,0,0,1,077d,001c,1917,0,1,b3adaa8da48bcea5,0,0
252,252,0,0,0,1,0000,001c,0,0,1,b3adaa8da48bcea5,0,0
253,253,0,0,0,1,0000,001c,0,0,1,b3adaa8da48bcea5,0,0
254,254,0,0,0,1,0000,001c,0,0,1,b3adaa8da48bcea5,0,0
255,255,0,0,0,1,0000,001c,0,0,1,b3adaa8da48bcea5,0,0
256,256,0,46750186,0,1,0955,001c,2389,6634,1,b3adaa8da48bcea5,0,0
257,257,0,84613089,0,1,187f,001c,6271,6113,1,b3adaa8da48bcea5,0,0
258,258,0,165458280,0,1,219b,001c,8603,12648,1,b3adaa8da48bcea5,0,0
259,259,0,192217376,0,1,2d30,001c,11568,288,1,b3adaa8da48bcea5,0,0
260,260,0,209188980,0,1,39d0,001c,14800,14452,1,b3adaa8da48bcea5,0,0
261,261,0,250682795,0,1,3c19,001c,15385,7595,1,b3adaa8da48bcea5,0,0
262,262,0,259867146,0,1,3fff,001c,16383,522,1,b3adaa8da48bcea5,0,0
263,263,0,263291193,0,1,3fff,001c,16383,313,1,b3adaa8da48bcea5,0,0
264,264,0,266715240,0,1,3fff,001c,16383,104,1,b3adaa8da48bcea5,0,0
265,265,0,262471902,0,1,3ff1,001c,16369,222,1,b3adaa8da48bcea5,0,0
266,266,0,224751841,0,1,3725,001c,14117,12513,1,b3adaa8da48bcea5,0,0
267,267,0,209693016,0,1,3859,001c,14425,10584,1,b3adaa8da48bcea5,0,0
268,268,0,186106896,0,1,2724,001c,10020,1040,1,b3adaa8da48bcea5,0,0
269,269,0,97331376,0,1,1fb8,001c,8120,10416,1,b3adaa8da48bcea5,0,0
270,270,0,33285226,0,1,1fb4,001c,4644,9322,1,b3adaa8da48bcea5,0,0
271,271,0,0,0,1,1275,001c,629,0,1,b3adaa8da48bcea5,0,0
272,272,0,0,0,1,0251,001c,529,0,1,b3adaa8da48bcea5,0,0
273,273,0,0,0,1,0000,001c,0,0,1,b3adaa8da48bcea5,0,0
274,274,0,0,0,1,0000,001c,0,0,1,b3adaa8da48bcea5,0,0
275,275,0,1189376,0,1,0000,001c,0,9728,1,b3adaa8da48bcea5,0,0
276,276,0,45065614,0,1,0268,001c,3688,9614,1,b3adaa8da48bcea5,0,0
277,277,0,119237550,0,1,0e69,001c,7913,11182,1,b3adaa8da48bcea5,0,0
278,278,0,165340470,0,1,17d1,001c,6097,9526,1,b3adaa8da48bcea5,0,0
279,279,0,224724514,0,1,2483,001c,9347,1570,1,b3adaa8da48bcea5,0,0
280,280,0,290646250,0,1,3258,001c,12888,10474,1,b3adaa8da48bcea5,0,0
281,281,0,306479349,0,1,35c0,001c,13760,245,1,b3adaa8da48bcea5,0,0
282,282,0,328298937,0,1,3f10,001c,16144,12729,1,b3adaa8da48bcea5,0,0
283,283,0,331690218,0,1,3fff,001c,16383,12522,1,b3adaa8da48bcea5,0,0
284,284,0,335065116,0,1,3fff,001c,16383,12316,1,b3adaa8da48bcea5,0,0
285,285,0,337783264,0,1,3fff,001c,16383,10720,1,b3adaa8da48bcea5,0,0
286,286,0,294619903,0,1,3d85,001c,15749,2815,1,b3adaa8da48bcea5,0,0
287,287,0,303946885,0,1,3b8e,001c,15246,7301,1,b3adaa8da48bcea5,0,0
288,288,0,212285889,0,1,2f56,001c,12118,14785,1,b3adaa8da48bcea5,0,0
289,289,0,174223808,0,1,28d5,001c,10453,12736,1,b3adaa8da48bcea5,0,0
290,290,0,100914144,0,1,143e,001c,5182,5088,1,b3adaa8da48bcea5,0,0
291,291,0,12796875,0,1,0567,001c,1383,971,1,b3adaa8da48bcea5,0,0
292,292,0,0,0,1,0000,001c,0,0,1,b3adaa8da48bcea5,0,0
293,293,0,0,0,1,0000,001c,0,0,1,b3adaa8da48bcea5,0,0
294,294,0,0,0,1,0000,001c,0,0,1,b3adaa8da48bcea5,0,0
295,295,0,0,0,1,0000,001c,0,0,1,b3adaa8da48bcea5,0,0
296,296,0,84405788,0,1,0b68,001c,2920,11804,1,b3adaa8da48bcea5,0,0
297,297,0,140459760,0,1,1a3e,001c,6718,16112,1,b3adaa8da48bcea5,0,0
298,298,0,216657585,0,1,2344,001c,9028,11953,1,b3adaa8da48bcea5,0,0
299,299,0,301417956,0,1,2e38,001c,11832,1508,1,b3adaa8da48bcea5,0,0
300,300,0,325733520,0,1,3ab9,001c,15033,3216,1,b3adaa8da48bcea5,0,0
301,301,0,385348942,0,1,3d1d,001c,15645,13646,1,b3adaa8da48bcea5,0,0
302,302,0,393634341,0,1,3fff,001c,16383,8741,1,b3adaa8da48bcea5,0,0
303,303,0,396747111,0,1,3fff,001c,16383,8551,1,b3adaa8da48bcea5,0,0
304,304,0,399827115,0,1,3fff,001c,16383,8363,1,b3adaa8da48bcea5,0,0
305,305,0,387308250,0,1,3f86,001c,16262,6874,1,b3adaa8da48bcea5,0,0
306,306,0,377155494,0,1,3ff3,001c,13939,12198,1,b3adaa8da48bcea5,0,0
307,307,0,302577242,0,1,3777,001c,13175,13914,1,b3adaa8da48bcea5,0,0
308,308,0,263498640,0,1,37f5,001c,10229,11152,1,b3adaa8da48bcea5,0,0
309,309,0,131816625,0,1,25fc,001c,16380,7345,1,b3adaa8da48bcea5,0,0
310,310,0,36598240,0,1,1e6d,001c,7788,12768,1,b3adaa8da48bcea5,0,0
311,311,0,0,0,1,107b,001c,4217,0,1,b3adaa8da48bcea5,0,0
312,312,0,0,0,1,003a,001c,58,0,1,b3adaa8da48bcea5,0,0
313,313,0,0,0,1,0000,001c,0,0,1,b3adaa8da48bcea5,0,0
314,314,0,0,0,1,0000,001c,0,0,1,b3adaa8da48bcea5,0,0
315,315,0,77612902,0,1,0000,001c,0,1894,1,b3adaa8da48bcea5,0,0
316,316,0,177705843,0,1,0000,001c,0,4979,1,b3adaa8da48bcea5,0,0
317,317,0,241041120,0,1,102b,001c,4139,16096,1,b3adaa8da48bcea5,0,0
318,318,0,318987368,0,1,1d87,001c,7559,7272,1,b3adaa8da48bcea5,0,0
319,319,0,408052368,0,1,25d6,001c,9686,8848,1,b3adaa8da48bcea5,0,0
320,320,0,425113920,0,1,333e,001c,13118,14656,1,b3adaa8da48bcea5,0,0
321,321,0,448517391,0,1,3696,001c,13974,5391,1,b3adaa8da48bcea5,0,0
322,322,0,451138671,0,1,3f97,001c,16279,5231,1,b3adaa8da48bcea5,0,0
323,323,0,453727185,0,1,3fff,001c,16383,5073,1,b3adaa8da48bcea5,0,0
324,324,0,451826773,0,1,3fff,001c,16383,5205,1,b3adaa8da48bcea5,0,0
325,325,0,389381520,0,1,3fff,001c,16383,15760,1,b3adaa8da48bcea5,0,0
326,326,0,369616939,0,1,3d0a,001c,15626,10283,1,b3adaa8da48bcea5,0,0
327,327,0,272709638,0,1,3abd,001c,15037,14342,1,b3adaa8da48bcea5,0,0
328,328,0,219103500,0,1,2e4f,001c,11855,268,1,b3adaa8da48bcea5,0,0
329,329,0,119466377,0,1,238b,001c,9099,10633,1,b3adaa8da48bcea5,0,0
330,330,0,1207290,0,1,1acf,001c,6863,11258,1,b3adaa8da48bcea5,0,0
331,331,0,0,0,1,0b99,001c,2969,0,1,b3adaa8da48bcea5,0,0
332,332,0,0,0,1,0000,001c,0,0,1,b3adaa8da48bcea5,0,0
333,333,0,0,0,1,0000,001c,0,0,1,b3adaa8da48bcea5,0,0
334,334,0,2154628,0,1,0000,001c,0,8324,1,b3adaa8da48bcea5,0,0
335,335,0,3266952,0,1,0000,001c,0,6536,1,b3adaa8da48bcea5,0,0
336,336,0,122124753,0,1,0567,001c,1383,14801,1,b3adaa8da48bcea5,0,0
337,337,0,223513848,0,1,1b9e,001c,7070,3320,1,b3adaa8da48bcea5,0,0
338,338,0,288777645,0,1,28b7,001c,10423,9645,1,b3adaa8da48bcea5,0,0
339,339,0,392855861,0,1,2f7d,001c,12157,309,1,b3adaa8da48bcea5,0,0
340,340,0,419859858,0,1,3b99,001c,15257,3474,1,b3adaa8da48bcea5,0,0
341,341,0,491483688,0,1,3f8c,001c,15757,12840,1,b3adaa8da48bcea5,0,0
342,342,0,496372134,0,1,3fff,001c,16383,2470,1,b3adaa8da48bcea5,0,0
343,343,0,498239796,0,1,3fff,001c,16383,2356,1,b3adaa8da48bcea5,0,0
344,344,0,500074692,0,1,3fff,001c,16383,2244,1,b3adaa8da48bcea5,0,0
345,345,0,477537837,0,1,3fff,001c,16383,9773,1,b3adaa8da48bcea5,0,0
346,346,0,462452560,0,1,3fad,001c,16300,14160,1,b3adaa8da48bcea5,0,0
347,347,0,365840684,0,1,35af,001c,14253,2348,1,b3adaa8da48bcea5,0,0
348,348,0,281608600,0,1,322e,001c,13950,408,1,b3adaa8da48bcea5,0,0
349,349,0,212378845,0,1,2474,001c,9332,9437,1,b3adaa8da48bcea5,0,0
350,350,0,92551052,0,1,1cb1,001c,7345,14220,1,b3adaa8da48bcea5,0,0
351,351,0,0,0,1,0e92,001c,3730,0,1,b3adaa8da48bcea5,0,0
352,352,0,0,0,1,0000,001c,0,0,1,b3adaa8da48bcea5,0,0
353,353,0,0,0,1,0000,001c,0,0,1,b3adaa8da48bcea5,0,0
354,354,0,0,0,1,0000,001c,0,0,1,b3adaa8da48bcea5,0,0
355,355,0,1610496,0,1,0000,001c,0,4864,1,b3adaa8da48bcea5,0,0
356,356,0,43856025,0,1,01de,001c,478,12441,1,b3adaa8da48bcea5,0,0
357,357,0,224574650,0,1,11a8,001c,4520,15546,1,b3adaa8da48bcea5,0,0
358,358,0,330769532,0,1,1f17,001c,7959,9340,1,b3adaa8da48bcea5,0,0
359,359,0,388133190,0,1,270b,001c,9995,12614,1,b3adaa8da48bcea5,0,0
360,360,0,488429397,0,1,3830,001c,14384,5973,1,b3adaa8da48bcea5,0,0
361,361,0,504761786,0,1,373e,001c,14142,3514,1,b3adaa8da48bcea5,0,0
362,362,0,525730470,0,1,3fff,001c,16383,678,1,b3adaa8da48bcea5,0,0
363,363,0,526729833,0,1,3fff,001c,16383,617,1,b3adaa8da48bcea5,0,0
364,364,0,527680047,0,1,3fff,001c,16383,559,1,b3adaa8da48bcea5,0,0
365,365,0,521079750,0,1,3fff,001c,16383,3014,1,b3adaa8da48bcea5,0,0
366,366,0,444132531,0,1,3c2e,001c,15406,11443,1,b3adaa8da48bcea5,0,0
367,367,0,415721748,0,1,39e4,001c,14820,10516,1,b3adaa8da48bcea5,0,0
368,368,0,302195722,0,1,2d36,001c,11574,9226,1,b3adaa8da48bcea5,0,0
369,369,0,236099492,0,1,223d,001c,8765,6052,1,b3adaa8da48bcea5,0,0
370,370,0,120766284,0,1,18ef,001c,6383,16204,1,b3adaa8da48bcea5,0,0
371,371,0,0,0,1,09ab,001c,2475,0,1,b3adaa8da48bcea5,0,0
372,372,0,0,0,1,0000,001c,0,0,1,b3adaa8da48bcea5,0,0
373,373,0,0,0,1,0000,001c,0,0,1,b3adaa8da48bcea5,0,0
374,374,0,0,0,1,0000,001c,0,0,1,b3adaa8da48bcea5,0,0
375,375,0,19139346,0,1,0000,001c,0,2834,1,b3adaa8da48bcea5,0,0
376,376,0,150117612,0,1,0722,001c,1826,7404,1,b3adaa8da48bcea5,0,0
377,377,0,260658850,0,1,170c,001c,5390,5794,1,b3adaa8da48bcea5,0,0
378,378,0,328146244,0,1,3dfc,001c,10740,7492,1,b3adaa8da48bcea5,0,0
379,379,0,472165751,0,1,39fa,001c,12666,11639,1,b3adaa8da48bcea5,0,0
380,380,0,465003051,0,1,346e,001c,13422,8747,1,b3adaa8da48bcea5,0,0
381,381,0,536674314,0,1,3e6d,001c,15980,10,1,b3adaa8da48bcea5,0,0
382,382,0,536772612,0,1,3eff,001c,16383,4,1,b3adaa8da48bcea5,0,0
383,383,0,536821761,0,1,3fff,001c,16383,1,1,b3adaa8da48bcea5,0,0
384,384,0,536821761,0,1,3fff,001c,16383,1,1,b3adaa8da48bcea5,0,0
385,385,0,506007216,0,1,3fff,001c,16383,3760,1,b3adaa8da48bcea5,0,0
386,386,0,483246016,0,1,3e59,001c,16089,16320,1,b3adaa8da48bcea5,0,0
387,387,0,376482504,0,1,34f1,001c,13553,10952,1,b3adaa8da48bcea5,0,0
388,388,0,285041059,0,1,3128,001c,12584,8611,1,b3adaa8da48bcea5,0,0
389,389,0,208936355,0,1,2b43,001c,11075,7587,1,b3adaa8da48bcea5,0,0
390,390,0,78753640,0,1,170a,001c,5898,12136,1,b3adaa8da48bcea5,0,0
391,391,0,0,0,1,0cbd,001c,3261,0,1,b3adaa8da48bcea5,0,0
392,392,0,0,0,1,0000,001c,0,0,1,b3adaa8da48bcea5,0,0
393,393,0,0,0,1,0000,001c,0,0,1,b3adaa8da48bcea5,0,0
394,394,0,0,0,1,0000,001c,0,0,1,b3adaa8da48bcea5,0,0
395,395,0,16785920,0,1,0000,001c,0,8704,1,b3adaa8da48bcea5,0,0
396,396,0,62568651,0,1,0818,001c,2072,14539,1,b3adaa8da48bcea5,0,0
397,397,0,177444540,0,1,1372,001c,4978,5820,1,b3adaa8da48bcea5,0,0
398,398,0,354863314,0,1,2094,001c,8340,2258,1,b3adaa8da48bcea5,0,0
399,399,0,406471560,0,1,2c45,001c,11333,904,1,b3adaa8da48bcea5,0,0
400,400,0,434041470,0,1,392e,001c,14638,12926,1,b3adaa8da48bcea5,0,0
401,401,0,514131153,0,1,37d7,001c,14295,1233,1,b3adaa8da48bcea5,0,0
402,402,0,528597495,0,1,3fff,001c,16383,503,1,b3adaa8da48bcea5,0,0
403,403,0,527680047,0,1,3fff,001c,16383,559,1,b3adaa8da48bcea5,0,0
404,404,0,526729833,0,1,3fff,001c,16383,617,1,b3adaa8da48bcea5,0,0
405,405,0,512413120,0,1,3fff,001c,16383,3520,1,b3adaa8da48bcea5,0,0
406,406,0,433856222,0,1,37aa,001c,14250,7902,1,b3adaa8da48bcea5,0,0
407,407,0,402939072,0,1,3910,001c,14608,7360,1,b3adaa8da48bcea5,0,0
408,408,0,352799070,0,1,27eb,001c,10219,2398,1,b3adaa8da48bcea5,0,0
409,409,0,187911202,0,1,2097,001c,8343,3106,1,b3adaa8da48bcea5,0,0
410,410,0,102907564,0,1,1368,001c,4968,16044,1,b3adaa8da48bcea5,0,0
411,411,0,0,0,1,03b3,001c,947,0,1,b3adaa8da48bcea5,0,0
412,412,0,0,0,1,0380,001c,2,0,1,b3adaa8da48bcea5,0,0
413,413,0,0,0,1,0000,001c,0,0,1,b3adaa8da48bcea5,0,0
414,414,0,0,0,1,0000,001c,0,0,1,b3adaa8da48bcea5,0,0
415,415,0,64782168,0,1,0002,001c,2,16216,1,b3adaa8da48bcea5,0,0
416,416,0,64687685,0,1,0d1a,001c,3354,3653,1,b3adaa8da48bcea5,0,0
417,417,0,154521642,0,1,0d1e,001c,7582,4138,1,b3adaa8da48bcea5,0,0
418,418,0,259070525,0,1,16af,001c,6063,6717,1,b3adaa8da48bcea5,0,0
419,419,0,351453722,0,1,3b85,001c,15237,538,1,b3adaa8da48bcea5,0,0
420,420,0,452296416,0,1,3185,001c,13741,16096,1,b3adaa8da48bcea5,0,0
421,421,0,440135320,0,1,352b,001c,13611,11928,1,b3adaa8da48bcea5,0,0
422,422,0,501860439,0,1,3ead,001c,16045,2135,1,b3adaa8da48bcea5,0,0
423,423,0,500074692,0,1,3fff,001c,16383,2244,1,b3adaa8da48bcea5,0,0
424,424,0,498239796,0,1,3fff,001c,16383,2356,1,b3adaa8da48bcea5,0,0
425,425,0,496372134,0,1,3fff,001c,16383,2470,1,b3adaa8da48bcea5,0,0
426,426,0,429278586,0,1,3de7,001c,15847,1402,1,b3adaa8da48bcea5,0,0
427,427,0,437927721,0,1,3412,001c,13330,16169,1,b3adaa8da48bcea5,0,0
428,428,0,305308377,0,1,3020,001c,12320,8921,1,b3adaa8da48bcea5,0,0
429,429,0,249121035,0,1,29fe,001c,10750,2315,1,b3adaa8da48bcea5,0,0
430,430,0,145426518,0,1,157f,001c,5503,2134,1,b3adaa8da48bcea5,0,0
431,431,0,26961456,0,1,06c3,001c,1731,9776,1,b3adaa8da48bcea5,0,0
432,432,0,0,0,1,0000,001c,0,0,1,b3adaa8da48bcea5,0,0
433,433,0,0,0,1,0000,001c,0,0,1,b3adaa8da48bcea5,0,0
434,434,0,0,0,1,0000,001c,0,0,1,b3adaa8da48bcea5,0,0
435,435,0,0,0,1,0000,001c,0,0,1,b3adaa8da48bcea5,0,0
436,436,0,6032668,0,1,09f7,001c,2551,3356,1,b3adaa8da48bcea5,0,0
437,437,0,97675510,0,1,1920,001c,6432,10486,1,b3adaa8da48bcea5,0,0
438,438,0,166343416,0,1,2223,001c,8739,13048,1,b3adaa8da48bcea5,0,0
439,439,0,317529345,0,1,2d75,001c,11637,7425,1,b3adaa8da48bcea5,0,0
440,440,0,359951812,0,1,3a22,001c,14882,11716,1,b3adaa8da48bcea5,0,0
441,441,0,384286736,0,1,3c96,001c,15510,16,1,b3adaa8da48bcea5,0,0
442,442,0,450684465,0,1,3fff,001c,16383,9777,1,b3adaa8da48bcea5,0,0
443,443,0,456282933,0,1,3fff,001c,16383,4917,1,b3adaa8da48bcea5,0,0
444,444,0,453727185,0,1,3fff,001c,16383,5073,1,b3adaa8da48bcea5,0,0
445,445,0,451138671,0,1,3fd7,001c,16343,5231,1,b3adaa8da48bcea5,0,0
446,446,0,435047907,0,1,3705,001c,14085,3555,1,b3adaa8da48bcea5,0,0
447,447,0,432598320,0,1,33a0,001c,13216,11568,1,b3adaa8da48bcea5,0,0
448,448,0,360684316,0,1,27a9,001c,9769,6940,1,b3adaa8da48bcea5,0,0
449,449,0,330414343,0,1,3f34,001c,7989,14599,1,b3adaa8da48bcea5,0,0
450,450,0,286171200,0,1,1fbe,001c,4542,8256,1,b3adaa8da48bcea5,0,0
451,451,0,145021562,0,1,11fe,001c,510,6778,1,b3adaa8da48bcea5,0,0
452,452,0,45823797,0,1,0170,001c,368,14133,1,b3adaa8da48bcea5,0,0
453,453,0,0,0,1,0000,001c,0,0,1,b3adaa8da48bcea5,0,0
454,454,0,0,0,1,0000,001c,0,0,1,b3adaa8da48bcea5,0,0
455,455,0,0,0,1,0220,001c,544,0,1,b3adaa8da48bcea5,0,0
456,456,0,0,0,1,0224,001c,3876,0,1,b3adaa8da48bcea5,0,0
457,457,0,4096,0,1,0f04,001c,8004,4096,1,b3adaa8da48bcea5,0,0
458,458,0,66022275,0,1,1c42,001c,7234,11139,1,b3adaa8da48bcea5,0,0
459,459,0,161744919,0,1,2501,001c,9473,2071,1,b3adaa8da48bcea5,0,0
460,460,0,217634959,0,1,3286,001c,12934,6287,1,b3adaa8da48bcea5,0,0
461,461,0,288230841,0,1,3618,001c,13848,3513,1,b3adaa8da48bcea5,0,0
462,462,0,366332127,0,1,3f48,001c,16200,2271,1,b3adaa8da48bcea5,0,0
463,463,0,378326310,0,1,3fff,001c,16383,3366,1,b3adaa8da48bcea5,0,0
464,464,0,396747111,0,1,3fff,001c,16383,8551,1,b3adaa8da48bcea5,0,0
465,465,0,393634341,0,1,3fff,001c,16383,8741,1,b3adaa8da48bcea5,0,0
466,466,0,390521571,0,1,3d81,001c,15745,8931,1,b3adaa8da48bcea5,0,0
467,467,0,385200695,0,1,3b6a,001c,15210,12855,1,b3adaa8da48bcea5,0,0
468,468,0,382769415,0,1,2ee0,001c,12000,6407,1,b3adaa8da48bcea5,0,0
469,469,0,327114576,0,1,287c,001c,10364,8016,1,b3adaa8da48bcea5,0,0
470,470,0,331014528,0,1,1be3,001c,7139,8576,1,b3adaa8da48bcea5,0,0
471,471,0,226233124,0,1,04f0,001c,1264,2852,1,b3adaa8da48bcea5,0,0
472,472,0,181027935,0,1,0000,001c,0,1119,1,b3adaa8da48bcea5,0,0
473,473,0,100634094,0,1,0000,001c,0,3566,1,b3adaa8da48bcea5,0,0
474,474,0,8954550,0,1,0000,001c,0,8886,1,b3adaa8da48bcea5,0,0
475,475,0,0,0,1,0000,001c,0,0,1,b3adaa8da48bcea5,0,0
476,476,0,0,0,1,040c,001c,1036,0,1,b3adaa8da48bcea5,0,0
477,477,0,0,0,1,1a8d,001c,6797,0,1,b3adaa8da48bcea5,0,0
478,478,0,9791232,0,1,23a2,001c,9122,9984,1,b3adaa8da48bcea5,0,0
479,479,0,82353568,0,1,2e9a,001c,11930,7584,1,b3adaa8da48bcea5,0,0
480,480,0,152931900,0,1,3b00,001c,15104,3644,1,b3adaa8da48bcea5,0,0
481,481,0,196906979,0,1,3d40,001c,15680,4067,1,b3adaa8da48bcea5,0,0
482,482,0,267239609,0,1,3fff,001c,16383,185,1,b3adaa8da48bcea5,0,0
483,483,0,283873760,0,1,3fff,001c,16383,4576,1,b3adaa8da48bcea5,0,0
484,484,0,327883970,0,1,3fff,001c,16383,7362,1,b3adaa8da48bcea5,0,0
485,485,0,328298937,0,1,3f37,001c,16183,12729,1,b3adaa8da48bcea5,0,0
486,486,0,324924039,0,1,3f3f,001c,13887,12935,1,b3adaa8da48bcea5,0,0
487,487,0,321516375,0,1,36ff,001c,13055,13143,1,b3adaa8da48bcea5,0,0
488,488,0,304746092,0,1,32fd,001c,14076,3692,1,b3adaa8da48bcea5,0,0
489,489,0,292011210,0,1,25bd,001c,15805,15562,1,b3adaa8da48bcea5,0,0
490,490,0,228081006,0,1,1fb6,001c,8118,15726,1,b3adaa8da48bcea5,0,0
491,491,0,194000139,0,1,0fb6,001c,4022,13579,1,b3adaa8da48bcea5,0,0
492,492,0,132559672,0,1,0000,001c,0,13112,1,b3adaa8da48bcea5,0,0
493,493,0,22307250,0,1,0000,001c,0,8626,1,b3adaa8da48bcea5,0,0
494,494,0,0,0,1,0000,001c,0,0,1,b3adaa8da48bcea5,0,0
495,495,0,0,0,1,0000,001c,0,0,1,b3adaa8da48bcea5,0,0
496,496,0,0,0,1,0268,001c,616,0,1,b3adaa8da48bcea5,0,0
497,497,0,0,0,1,10b9,001c,4281,0,1,b3adaa8da48bcea5,0,0
498,498,0,18229056,0,1,1e34,001c,7732,10048,1,b3adaa8da48bcea5,0,0
499,499,0,116368164,0,1,2660,001c,9824,8996,1,b3adaa8da48bcea5,0,0
500,500,0,154217868,0,1,3396,001c,13206,11660,1,b3adaa8da48bcea5,0,0
501,501,0,199419458,0,1,3692,001c,13970,9794,1,b3adaa8da48bcea5,0,0
502,502,0,248917944,0,1,3fe0,001c,16352,12216,1,b3adaa8da48bcea5,0,0
503,503,0,255156440,0,1,3fff,001c,16383,8408,1,b3adaa8da48bcea5,0,0
504,504,0,263291193,0,1,3fff,001c,16383,313,1,b3adaa8da48bcea5,0,0
505,505,0,259867146,0,1,3fff,001c,16383,522,1,b3adaa8da48bcea5,0,0
506,506,0,256443099,0,1,3ca5,001c,15525,731,1,b3adaa8da48bcea5,0,0
507,507,0,250949556,0,1,3a5e,001c,14942,12212,1,b3adaa8da48bcea5,0,0
508,508,0,247499636,0,1,2dc2,001c,11714,2932,1,b3adaa8da48bcea5,0,0
509,509,0,208558584,0,1,22f8,001c,8952,6648,1,b3adaa8da48bcea5,0,0
510,510,0,193162093,0,1,1a05,001c,6661,11117,1,b3adaa8da48bcea5,0,0
511,511,0,139826752,0,1,0acb,001c,2763,5696,1,b3adaa8da48bcea5,0,0
512,512,0,108873699,0,1,0000,001c,0,2019,1,b3adaa8da48bcea5,0,0
513,513,0,57798070,0,1,0000,001c,0,11702,1,b3adaa8da48bcea5,0,0
514,514,0,0,0,1,0000,001c,0,0,1,b3adaa8da48bcea5,0,0
515,515,0,0,0,1,0000,001c,0,0,1,b3adaa8da48bcea5,0,0
516,516,0,0,0,1,060f,001c,1551,0,1,b3adaa8da48bcea5,0,0
517,517,0,0,0,1,1425,001c,5157,0,1,b3adaa8da48bcea5,0,0
518,518,0,7750868,0,1,2936,001c,10550,1236,1,b3adaa8da48bcea5,0,0
519,519,0,8160646,0,1,2fd2,001c,12242,1414,1,b3adaa8da48bcea5,0,0
520,520,0,54638616,0,1,3fcb,001c,15307,14360,1,b3adaa8da48bcea5,0,0
521,521,0,96298770,0,1,3fea,001c,15787,10002,1,b3adaa8da48bcea5,0,0
522,522,0,121253307,0,1,3fff,001c,16383,11707,1,b3adaa8da48bcea5,0,0
523,523,0,160265730,0,1,3fff,001c,16383,13826,1,b3adaa8da48bcea5,0,0
524,524,0,167436360,0,1,3fff,001c,16383,8264,1,b3adaa8da48bcea5,0,0
525,525,0,192773667,0,1,3fff,001c,16383,15907,1,b3adaa8da48bcea5,0,0
526,526,0,189600459,0,1,3eec,001c,16364,4811,1,b3adaa8da48bcea5,0,0
527,527,0,186373008,0,1,3569,001c,14185,5008,1,b3adaa8da48bcea5,0,0
528,528,0,183161940,0,1,3208,001c,13832,5204,1,b3adaa8da48bcea5,0,0
529,529,0,171102360,0,1,240f,001c,9231,4248,1,b3adaa8da48bcea5,0,0
530,530,0,161368614,0,1,1c26,001c,7206,2598,1,b3adaa8da48bcea5,0,0
531,531,0,124208560,0,1,0dda,001c,3546,1456,1,b3adaa8da48bcea5,0,0
532,532,0,93362632,0,1,0000,001c,0,6600,1,b3adaa8da48bcea5,0,0
533,533,0,68198878,0,1,0000,001c,0,8670,1,b3adaa8da48bcea5,0,0
534,534,0,28077224,0,1,0000,001c,0,11432,1,b3adaa8da48bcea5,0,0
535,535,0,0,0,1,0000,001c,0,0,1,b3adaa8da48bcea5,0,0
536,536,0,0,0,1,02ef,001c,751,0,1,b3adaa8da48bcea5,0,0
537,537,0,0,0,1,121c,001c,4636,0,1,b3adaa8da48bcea5,0,0
538,538,0,0,0,1,1f94,001c,8084,0,1,b3adaa8da48bcea5,0,0
539,539,0,14287908,0,1,277d,001c,10109,1060,1,b3adaa8da48bcea5,0,0
540,540,0,14018044,0,1,3880,001c,14464,9724,1,b3adaa8da48bcea5,0,0
541,541,0,45115356,0,1,378d,001c,14221,10204,1,b3adaa8da48bcea5,0,0
542,542,0,90152268,0,1,3fff,001c,16383,7500,1,b3adaa8da48bcea5,0,0
543,543,0,102317432,0,1,3fff,001c,16383,15736,1,b3adaa8da48bcea5,0,0
544,544,0,125419800,0,1,3fff,001c,16383,280,1,b3adaa8da48bcea5,0,0
545,545,0,126943136,0,1,3fff,001c,16383,16288,1,b3adaa8da48bcea5,0,0
546,546,0,128278890,0,1,37e1,001c,14305,8554,1,b3adaa8da48bcea5,0,0
547,547,0,125411865,0,1,3995,001c,14741,8729,1,b3adaa8da48bcea5,0,0
548,548,0,122577606,0,1,2c90,001c,11408,8902,1,b3adaa8da48bcea5,0,0
549,549,0,117258287,0,1,217c,001c,8572,14383,1,b3adaa8da48bcea5,0,0
550,550,0,97497942,0,1,185b,001c,6235,13142,1,b3adaa8da48bcea5,0,0
551,551,0,89056851,0,1,08ba,001c,2234,9811,1,b3adaa8da48bcea5,0,0
552,552,0,76586061,0,1,0000,001c,0,7245,1,b3adaa8da48bcea5,0,0
553,553,0,47592316,0,1,0000,001c,0,13180,1,b3adaa8da48bcea5,0,0
554,554,0,22867915,0,1,0000,001c,0,12235,1,b3adaa8da48bcea5,0,0
555,555,0,0,0,1,0000,001c,0,0,1,b3adaa8da48bcea5,0,0
556,556,0,0,0,1,0c18,001c,3096,0,1,b3adaa8da48bcea5,0,0
557,557,0,0,0,1,1dda,001c,5586,0,1,b3adaa8da48bcea5,0,0
558,558,0,0,0,1,35d6,001c,11222,0,1,b3adaa8da48bcea5,0,0
559,559,0,4366944,0,1,3ae6,001c,15078,8800,1,b3adaa8da48bcea5,0,0
560,560,0,25976519,0,1,34e6,001c,13542,7879,1,b3adaa8da48bcea5,0,0
561,561,0,43313736,0,1,3efc,001c,16124,10824,1,b3adaa8da48bcea5,0,0
562,562,0,52702263,0,1,3e7f,001c,16381,11319,1,b3adaa8da48bcea5,0,0
563,563,0,73131030,0,1,3fff,001c,16383,9238,1,b3adaa8da48bcea5,0,0
564,564,0,69469344,0,1,3fff,001c,16383,1184,1,b3adaa8da48bcea5,0,0
565,565,0,77770101,0,1,3fff,001c,16383,11637,1,b3adaa8da48bcea5,0,0
566,566,0,75361800,0,1,3e34,001c,15924,11784,1,b3adaa8da48bcea5,0,0
567,567,0,72969882,0,1,3487,001c,13447,11930,1,b3adaa8da48bcea5,0,0
568,568,0,70610730,0,1,30c9,001c,12489,12074,1,b3adaa8da48bcea5,0,0
569,569,0,59744112,0,1,2ab5,001c,10933,8048,1,b3adaa8da48bcea5,0,0
570,570,0,59321737,0,1,1691,001c,5777,11657,1,b3adaa8da48bcea5,0,0
571,571,0,44416749,0,1,07ef,001c,2031,16109,1,b3adaa8da48bcea5,0,0
572,572,0,32252647,0,1,0000,001c,0,8935,1,b3adaa8da48bcea5,0,0
573,573,0,22277758,0,1,0000,001c,0,11902,1,b3adaa8da48bcea5,0,0
574,574,0,7872977,0,1,0000,001c,0,8657,1,b3adaa8da48bcea5,0,0
575,575,0,0,0,1,0000,001c,0,0,1,b3adaa8da48bcea5,0,0
576,576,0,0,0,1,08a6,001c,2214,0,1,b3adaa8da48bcea5,0,0
577,577,0,0,0,1,13ee,001c,5102,0,1,b3adaa8da48bcea5,0,0
578,578,0,0,0,1,2100,001c,8448,0,1,b3adaa8da48bcea5,0,0
579,579,0,8702250,0,1,2c98,001c,11416,2346,1,b3adaa8da48bcea5,0,0
580,580,0,15177954,0,1,398a,001c,14730,6370,1,b3adaa8da48bcea5,0,0
581,581,0,28250271,0,1,3c42,001c,15426,4255,1,b3adaa8da48bcea5,0,0
582,582,0,30828947,0,1,3fff,001c,16383,10643,1,b3adaa8da48bcea5,0,0
583,583,0,31617000,0,1,3fff,001c,16383,12264,1,b3adaa8da48bcea5,0,0
584,584,0,35427951,0,1,3fff,001c,16383,5743,1,b3adaa8da48bcea5,0,0
585,585,0,34518981,0,1,3fff,001c,16383,14277,1,b3adaa8da48bcea5,0,0
586,586,0,32634936,0,1,3777,001c,14199,14392,1,b3adaa8da48bcea5,0,0
587,587,0,30783657,0,1,386e,001c,14446,14505,1,b3adaa8da48bcea5,0,0
588,588,0,28201368,0,1,278b,001c,10123,4504,1,b3adaa8da48bcea5,0,0
589,589,0,22323312,0,1,2048,001c,8264,8304,1,b3adaa8da48bcea5,0,0
590,590,0,19371900,0,1,12a1,001c,4769,6012,1,b3adaa8da48bcea5,0,0
591,591,0,15793635,0,1,02d7,001c,727,15843,1,b3adaa8da48bcea5,0,0
592,592,0,7673809,0,1,02d0,001c,3,6097,1,b3adaa8da48bcea5,0,0
593,593,0,2525148,0,1,0000,001c,0,2012,1,b3adaa8da48bcea5,0,0
594,594,0,0,0,1,0000,001c,0,0,1,b3adaa8da48bcea5,0,0
595,595,0,0,0,1,0000,001c,0,0,1,b3adaa8da48bcea5,0,0
596,596,0,0,0,1,0df4,001c,3572,0,1,b3adaa8da48bcea5,0,0
597,597,0,0,0,1,1ff4,001c,8180,0,1,b3adaa8da48bcea5,0,0
598,598,0,0,0,1,1764,001c,5988,0,1,b3adaa8da48bcea5,0,0
599,599,0,1470936,0,1,2431,001c,9329,12760,1,b3adaa8da48bcea5,0,0
600,600,0,1264480,0,1,31de,001c,12766,2912,1,b3adaa8da48bcea5,0,0
601,601,0,2902250,0,1,358d,001c,13709,2282,1,b3adaa8da48bcea5,0,0
602,602,0,3236304,0,1,3eca,001c,16074,8656,1,b3adaa8da48bcea5,0,0
603,603,0,3381585,0,1,3fff,001c,16383,6481,1,b3adaa8da48bcea5,0,0
604,604,0,3092460,0,1,3fff,001c,16383,12268,1,b3adaa8da48bcea5,0,0
605,605,0,1805454,0,1,3fff,001c,16383,3214,1,b3adaa8da48bcea5,0,0
606,606,0,737235,0,1,3da3,001c,15779,16339,1,b3adaa8da48bcea5,0,0
607,607,0,-589788,0,1,3bbe,001c,15294,36,1,b3adaa8da48bcea5,0,0
608,608,0,-1867662,0,1,2fd7,001c,12247,114,1,b3adaa8da48bcea5,0,0
609,609,0,-3127434,0,1,2960,001c,10592,1910,1,b3adaa8da48bcea5,0,0
610,610,0,-4371858,0,1,14f1,001c,5361,2670,1,b3adaa8da48bcea5,0,0
611,611,0,-4845269,0,1,061e,001c,1566,4395,1,b3adaa8da48bcea5,0,0
612,612,0,-5987674,0,1,0000,001c,0,8870,1,b3adaa8da48bcea5,0,0
613,613,0,-4876784,0,1,0000,001c,0,5648,1,b3adaa8da48bcea5,0,0
614,614,0,-4549531,0,1,0000,001c,0,5221,1,b3adaa8da48bcea5,0,0
615,615,0,-2980800,0,1,0000,001c,0,1088,1,b3adaa8da48bcea5,0,0
616,616,0,-523494,0,1,0ac0,001c,2752,794,1,b3adaa8da48bcea5,0,0
617,617,0,0,0,1,198d,001c,6541,0,1,b3adaa8da48bcea5,0,0
618,618,0,0,0,1,22b1,001c,8881,0,1,b3adaa8da48bcea5,0,0
619,619,0,0,0,1,2e11,001c,11793,0,1,b3adaa8da48bcea5,0,0
620,620,0,0,0,1,3a85,001c,14981,0,1,b3adaa8da48bcea5,0,0
621,621,0,-3524844,0,1,3cbc,001c,15548,14100,1,b3adaa8da48bcea5,0,0
622,622,0,-6307470,0,1,3fff,001c,16383,370,1,b3adaa8da48bcea5,0,0
623,623,0,-12471814,0,1,3fff,001c,16383,12794,1,b3adaa8da48bcea5,0,0
624,624,0,-14860814,0,1,3fff,001c,16383,15858,1,b3adaa8da48bcea5,0,0
625,625,0,-16660416,0,1,3f8a,001c,16266,2112,1,b3adaa8da48bcea5,0,0
626,626,0,-20412264,0,1,37a6,001c,13990,2200,1,b3adaa8da48bcea5,0,0
627,627,0,-21592794,0,1,37ac,001c,13228,1318,1,b3adaa8da48bcea5,0,0
628,628,0,-22395561,0,1,37e6,001c,9798,1367,1,b3adaa8da48bcea5,0,0
629,629,0,-23165562,0,1,3ee6,001c,7846,1414,1,b3adaa8da48bcea5,0,0
630,630,0,-23065080,0,1,1ef0,001c,4848,3592,1,b3adaa8da48bcea5,0,0
631,631,0,-23033760,0,1,10f3,001c,4339,2144,1,b3adaa8da48bcea5,0,0
632,632,0,-18919656,0,1,00f3,001c,243,3864,1,b3adaa8da48bcea5,0,0
633,633,0,-16788810,0,1,0000,001c,0,4790,1,b3adaa8da48bcea5,0,0
634,634,0,-8686270,0,1,0000,001c,0,13634,1,b3adaa8da48bcea5,0,0
635,635,0,-2615323,0,1,004a,001c,72,6117,1,b3adaa8da48bcea5,0,0
636,636,0,0,0,1,004b,001c,75,0,1,b3adaa8da48bcea5,0,0
637,637,0,0,0,1,0f84,001c,3972,0,1,b3adaa8da48bcea5,0,0
638,638,0,0,0,1,1cce,001c,7374,0,1,b3adaa8da48bcea5,0,0
639,639,0,0,0,1,255b,001c,9563,0,1,b3adaa8da48bcea5,0,0
640,640,0,-5082944,0,1,32f2,001c,13042,12480,1,b3adaa8da48bcea5,0,0
641,641,0,-12257706,0,1,3639,001c,13881,13910,1,b3adaa8da48bcea5,0,0
642,642,0,-16927103,0,1,3f7a,001c,16250,13953,1,b3adaa8da48bcea5,0,0
643,643,0,-22812198,0,1,3fff,001c,16383,10714,1,b3adaa8da48bcea5,0,0
644,644,0,-29419224,0,1,3fff,001c,16383,6440,1,b3adaa8da48bcea5,0,0
645,645,0,-31005101,0,1,3fff,001c,16383,9811,1,b3adaa8da48bcea5,0,0
646,646,0,-33077277,0,1,3d24,001c,15652,2019,1,b3adaa8da48bcea5,0,0
647,647,0,-33470469,0,1,3b0c,001c,15116,2043,1,b3adaa8da48bcea5,0,0
648,648,0,-33863661,0,1,2ead,001c,11949,2067,1,b3adaa8da48bcea5,0,0
649,649,0,-33996386,0,1,281e,001c,10270,414,1,b3adaa8da48bcea5,0,0
650,650,0,-29490670,0,1,1b3e,001c,6974,530,1,b3adaa8da48bcea5,0,0
651,651,0,-28186737,0,1,042a,001c,1066,10127,1,b3adaa8da48bcea5,0,0
652,652,0,-20988300,0,1,0000,001c,0,15988,1,b3adaa8da48bcea5,0,0
653,653,0,-16912568,0,1,0000,001c,0,12104,1,b3adaa8da48bcea5,0,0
654,654,0,-9421720,0,1,0000,001c,0,15464,1,b3adaa8da48bcea5,0,0
655,655,0,-429195,0,1,0000,001c,0,13173,1,b3adaa8da48bcea5,0,0
656,656,0,0,0,1,04cc,001c,1228,0,1,b3adaa8da48bcea5,0,0
657,657,0,0,0,1,1b0d,001c,6925,0,1,b3adaa8da48bcea5,0,0
658,658,0,0,0,1,2824,001c,10276,0,1,b3adaa8da48bcea5,0,0
659,659,0,-279620,0,1,2f21,001c,12065,15292,1,b3adaa8da48bcea5,0,0
660,660,0,-285516,0,1,3b32,001c,15154,9396,1,b3adaa8da48bcea5,0,0
661,661,0,-9057906,0,1,3d70,001c,15728,2446,1,b3adaa8da48bcea5,0,0
662,662,0,-16948404,0,1,3fff,001c,16383,9036,1,b3adaa8da48bcea5,0,0
663,663,0,-22061398,0,1,3fff,001c,16383,7850,1,b3adaa8da48bcea5,0,0
664,664,0,-29997362,0,1,3fff,001c,16383,1742,1,b3adaa8da48bcea5,0,0
665,665,0,-32113572,0,1,3fff,001c,16179,15452,1,b3adaa8da48bcea5,0,0
666,666,0,-37533080,0,1,3ff7,001c,16375,2664,1,b3adaa8da48bcea5,0,0
667,667,0,-37992177,0,1,35f6,001c,13814,2319,1,b3adaa8da48bcea5,0,0
668,668,0,-38057709,0,1,32f9,001c,14073,2323,1,b3adaa8da48bcea5,0,0
669,669,0,-38123241,0,1,24f0,001c,9456,2327,1,b3adaa8da48bcea5,0,0
670,670,0,-36504746,0,1,1d0a,001c,7962,15190,1,b3adaa8da48bcea5,0,0
671,671,0,-34976655,0,1,0f19,001c,3865,3185,1,b3adaa8da48bcea5,0,0
672,672,0,-27631868,0,1,0000,001c,0,7940,1,b3adaa8da48bcea5,0,0
673,673,0,-23907664,0,1,0000,001c,0,12976,1,b3adaa8da48bcea5,0,0
674,674,0,-16337992,0,1,0000,001c,0,13240,1,b3adaa8da48bcea5,0,0
675,675,0,-2475522,0,1,0000,001c,0,14846,1,b3adaa8da48bcea5,0,0
676,676,0,0,0,1,01b4,001c,436,0,1,b3adaa8da48bcea5,0,0
677,677,0,0,0,1,111a,001c,4378,0,1,b3adaa8da48bcea5,0,0
678,678,0,0,0,1,1e88,001c,7816,0,1,b3adaa8da48bcea5,0,0
679,679,0,0,0,1,2697,001c,9879,0,1,b3adaa8da48bcea5,0,0
680,680,0,-2833560,0,1,33c9,001c,13257,872,1,b3adaa8da48bcea5,0,0
681,681,0,-2829750,0,1,36e9,001c,14057,4682,1,b3adaa8da48bcea5,0,0
682,682,0,-16024320,0,1,3fdd,001c,16349,15616,1,b3adaa8da48bcea5,0,0
683,683,0,-23659100,0,1,3fff,001c,16383,15780,1,b3adaa8da48bcea5,0,0
684,684,0,-27446180,0,1,3fff,001c,16383,13404,1,b3adaa8da48bcea5,0,0
685,685,0,-34687902,0,1,3fff,001c,16383,13410,1,b3adaa8da48bcea5,0,0
686,686,0,-35935900,0,1,3c8b,001c,15499,10596,1,b3adaa8da48bcea5,0,0
687,687,0,-37123878,0,1,3a33,001c,14899,2266,1,b3adaa8da48bcea5,0,0
688,688,0,-36976431,0,1,2d6c,001c,11628,2257,1,b3adaa8da48bcea5,0,0
689,689,0,-36828984,0,1,22ab,001c,8875,2248,1,b3adaa8da48bcea5,0,0
690,690,0,-36157128,0,1,19ad,001c,6573,2360,1,b3adaa8da48bcea5,0,0
691,691,0,-30772686,0,1,0a49,001c,2633,12850,1,b3adaa8da48bcea5,0,0
692,692,0,-28732656,0,1,0000,001c,0,4880,1,b3adaa8da48bcea5,0,0
693,693,0,-20858656,0,1,0000,001c,0,14560,1,b3adaa8da48bcea5,0,0
694,694,0,-16279984,0,1,0000,001c,0,5712,1,b3adaa8da48bcea5,0,0
695,695,0,-8307980,0,1,0000,001c,0,15092,1,b3adaa8da48bcea5,0,0
696,696,0,0,0,1,06c2,001c,1730,0,1,b3adaa8da48bcea5,0,0
697,697,0,0,0,1,14af,001c,5295,0,1,b3adaa8da48bcea5,0,0
698,698,0,0,0,1,2da5,001c,10661,0,1,b3adaa8da48bcea5,0,0
699,699,0,0,0,1,399c,001c,12317,0,1,b3adaa8da48bcea5,0,0
700,700,0,-832128,0,1,343e,001c,13362,3456,1,b3adaa8da48bcea5,0,0
701,701,0,-9214218,0,1,3e3b,001c,15931,9974,1,b3adaa8da48bcea5,0,0
702,702,0,-16339536,0,1,3fff,001c,16383,11696,1,b3adaa8da48bcea5,0,0
703,703,0,-20475702,0,1,3fff,001c,16383,4298,1,b3adaa8da48bcea5,0,0
704,704,0,-29411340,0,1,3fff,001c,16383,14324,1,b3adaa8da48bcea5,0,0
705,705,0,-28593785,0,1,3fff,001c,16383,12679,1,b3adaa8da48bcea5,0,0
706,706,0,-33077277,0,1,3ebf,001c,16319,2019,1,b3adaa8da48bcea5,0,0
707,707,0,-32815149,0,1,353c,001c,13692,2003,1,b3adaa8da48bcea5,0,0
708,708,0,-32536638,0,1,3179,001c,12665,1986,1,b3adaa8da48bcea5,0,0
709,709,0,-32258127,0,1,2b9d,001c,11165,1969,1,b3adaa8da48bcea5,0,0
710,710,0,-30160352,0,1,1789,001c,6025,2592,1,b3adaa8da48bcea5,0,0
711,711,0,-28700560,0,1,0d46,001c,3398,4208,1,b3adaa8da48bcea5,0,0
712,712,0,-22300324,0,1,0000,001c,0,14684,1,b3adaa8da48bcea5,0,0
713,713,0,-16846648,0,1,0000,001c,0,12488,1,b3adaa8da48bcea5,0,0
714,714,0,-12221880,0,1,0000,001c,0,584,1,b3adaa8da48bcea5,0,0
715,715,0,-4757410,0,1,0000,001c,0,10334,1,b3adaa8da48bcea5,0,0
716,716,0,0,0,1,037e,001c,894,0,1,b3adaa8da48bcea5,0,0
717,717,0,0,0,1,1303,001c,4867,0,1,b3adaa8da48bcea5,0,0
718,718,0,0,0,1,1fcf,001c,8143,0,1,b3adaa8da48bcea5,0,0
719,719,0,0,0,1,27f3,001c,10227,0,1,b3adaa8da48bcea5,0,0
720,720,0,-374496,0,1,38e5,001c,14565,2336,1,b3adaa8da48bcea5,0,0
721,721,0,-3043260,0,1,37ab,001c,14251,4164,1,b3adaa8da48bcea5,0,0
722,722,0,-9198280,0,1,3fff,001c,16383,9528,1,b3adaa8da48bcea5,0,0
723,723,0,-18225180,0,1,3fff,001c,16383,10212,1,b3adaa8da48bcea5,0,0
724,724,0,-20892305,0,1,3fff,001c,16383,13679,1,b3adaa8da48bcea5,0,0
725,725,0,-22347954,0,1,3fff,001c,16383,16206,1,b3adaa8da48bcea5,0,0
726,726,0,-26168350,0,1,37d7,001c,14295,13282,1,b3adaa8da48bcea5,0,0
727,727,0,-26720673,0,1,391b,001c,14619,1631,1,b3adaa8da48bcea5,0,0
728,728,0,-26409396,0,1,2c3f,001c,11327,1612,1,b3adaa8da48bcea5,0,0
729,729,0,-26081736,0,1,216a,001c,8554,1592,1,b3adaa8da48bcea5,0,0
730,730,0,-25196016,0,1,13c4,001c,5060,2576,1,b3adaa8da48bcea5,0,0
731,731,0,-21110304,0,1,0827,001c,2087,8672,1,b3adaa8da48bcea5,0,0
732,732,0,-19438016,0,1,0000,001c,0,9792,1,b3adaa8da48bcea5,0,0
733,733,0,-16910208,0,1,0000,001c,0,14464,1,b3adaa8da48bcea5,0,0
734,734,0,-8977364,0,1,0000,001c,0,1068,1,b3adaa8da48bcea5,0,0
735,735,0,-4969472,0,1,0000,001c,0,11264,1,b3adaa8da48bcea5,0,0
736,736,0,0,0,1,0c9b,001c,3227,0,1,b3adaa8da48bcea5,0,0
737,737,0,0,0,1,1ebf,001c,5695,0,1,b3adaa8da48bcea5,0,0
738,738,0,0,0,1,163e,001c,16190,0,1,b3adaa8da48bcea5,0,0
739,739,0,0,0,1,3b69,001c,15208,0,1,b3adaa8da48bcea5,0,0
740,740,0,-1146864,0,1,35f9,001c,13817,16,1,b3adaa8da48bcea5,0,0
741,741,0,-1174888,0,1,34f9,001c,16121,4760,1,b3adaa8da48bcea5,0,0
742,742,0,-6501492,0,1,3e81,001c,16381,2956,1,b3adaa8da48bcea5,0,0
743,743,0,-10765287,0,1,3fff,001c,16383,15385,1,b3adaa8da48bcea5,0,0
744,744,0,-13228683,0,1,3fff,001c,16383,9589,1,b3adaa8da48bcea5,0,0
745,745,0,-18547610,0,1,3fff,001c,16383,15462,1,b3adaa8da48bcea5,0,0
746,746,0,-17877024,0,1,3e28,001c,15912,14304,1,b3adaa8da48bcea5,0,0
747,747,0,-20216622,0,1,3456,001c,13398,1234,1,b3adaa8da48bcea5,0,0
748,748,0,-19905345,0,1,305d,001c,12381,1215,1,b3adaa8da48bcea5,0,0
749,749,0,-19577685,0,1,2a5c,001c,10844,1195,1,b3adaa8da48bcea5,0,0
750,750,0,-19266408,0,1,160c,001c,5644,1176,1,b3adaa8da48bcea5,0,0
751,751,0,-16564769,0,1,0781,001c,1921,15839,1,b3adaa8da48bcea5,0,0
752,752,0,-16292746,0,1,0000,001c,0,9334,1,b3adaa8da48bcea5,0,0
753,753,0,-16415730,0,1,0000,001c,0,1038,1,b3adaa8da48bcea5,0,0
754,754,0,-12481700,0,1,0000,001c,0,2908,1,b3adaa8da48bcea5,0,0
755,755,0,-9133369,0,1,0000,001c,0,8903,1,b3adaa8da48bcea5,0,0
756,756,0,-5436378,0,1,0953,001c,2387,3110,1,b3adaa8da48bcea5,0,0
757,757,0,-2219544,0,1,186a,001c,6250,8680,1,b3adaa8da48bcea5,0,0
758,758,0,0,0,1,2194,001c,8596,0,1,b3adaa8da48bcea5,0,0
759,759,0,0,0,1,2d48,001c,11592,0,1,b3adaa8da48bcea5,0,0
760,760,0,0,0,1,39c4,001c,14788,0,1,b3adaa8da48bcea5,0,0
761,761,0,0,0,1,3c5e,001c,15454,0,1,b3adaa8da48bcea5,0,0
762,762,0,893512120,0,1,3fff,001c,16383,10680,1,b3adaa8da48bcea5,0,0
763,763,0,-3034512,0,1,3fff,001c,16383,12912,1,b3adaa8da48bcea5,0,0
764,764,0,-5239944,0,1,3fff,001c,16383,2936,1,b3adaa8da48bcea5,0,0
765,765,0,-9941634,0,1,3fe8,001c,16360,3454,1,b3adaa8da48bcea5,0,0
766,766,0,-11095778,0,1,3725,001c,14117,12574,1,b3adaa8da48bcea5,0,0
767,767,0,-11751620,0,1,3840,001c,14400,12092,1,b3adaa8da48bcea5,0,0
768,768,0,-13648524,0,1,26f8,001c,9976,15732,1,b3adaa8da48bcea5,0,0
769,769,0,-13630656,0,1,1f88,001c,8072,832,1,b3adaa8da48bcea5,0,0
770,770,0,-13368528,0,1,1f81,001c,4609,816,1,b3adaa8da48bcea5,0,0
771,771,0,-13090017,0,1,0238,001c,569,799,1,b3adaa8da48bcea5,0,0
772,772,0,-12438738,0,1,0238,001c,48,13102,1,b3adaa8da48bcea5,0,0
773,773,0,-10273965,0,1,0000,001c,0,15187,1,b3adaa8da48bcea5,0,0
774,774,0,-9302637,0,1,0000,001c,0,3475,1,b3adaa8da48bcea5,0,0
775,775,0,-7960785,0,1,0000,001c,0,1839,1,b3adaa8da48bcea5,0,0
776,776,0,-4032000,0,1,0e73,001c,3698,14848,1,b3adaa8da48bcea5,0,0
777,777,0,-1307328,0,1,0e73,001c,8187,3392,1,b3adaa8da48bcea5,0,0
778,778,0,0,0,1,17ea,001c,6122,0,1,b3adaa8da48bcea5,0,0
779,779,0,0,0,1,248e,001c,9358,0,1,b3adaa8da48bcea5,0,0
780,780,0,0,0,1,3244,001c,12868,0,1,b3adaa8da48bcea5,0,0
781,781,0,0,0,1,35cd,001c,13773,0,1,b3adaa8da48bcea5,0,0
782,782,0,1002610424,0,1,3f01,001c,16129,7928,1,b3adaa8da48bcea5,0,0
783,783,0,-1464930,0,1,3fff,001c,16383,9630,1,b3adaa8da48bcea5,0,0
784,784,0,-3768871,0,1,3fff,001c,16383,15833,1,b3adaa8da48bcea5,0,0
785,785,0,-5061701,0,1,3fff,001c,16383,955,1,b3adaa8da48bcea5,0,0
786,786,0,-6630183,0,1,3d8b,001c,15755,5337,1,b3adaa8da48bcea5,0,0
787,787,0,-8298080,0,1,3b80,001c,15232,8608,1,b3adaa8da48bcea5,0,0
788,788,0,-8433516,0,1,2f67,001c,12135,4244,1,b3adaa8da48bcea5,0,0
789,789,0,-8732139,0,1,28f2,001c,10482,533,1,b3adaa8da48bcea5,0,0
790,790,0,-8519160,0,1,1461,001c,5217,520,1,b3adaa8da48bcea5,0,0
791,791,0,-8306181,0,1,0578,001c,1400,507,1,b3adaa8da48bcea5,0,0
792,792,0,-8072948,0,1,0000,001c,0,4364,1,b3adaa8da48bcea5,0,0
793,793,0,-6784632,0,1,0000,001c,0,14728,1,b3adaa8da48bcea5,0,0
794,794,0,-6755780,0,1,0000,001c,0,10812,1,b3adaa8da48bcea5,0,0
795,795,0,-4558575,0,1,0000,001c,0,12561,1,b3adaa8da48bcea5,0,0
796,796,0,-3609840,0,1,0b3f,001c,2879,11024,1,b3adaa8da48bcea5,0,0
797,797,0,-2013760,0,1,19ff,001c,6655,1472,1,b3adaa8da48bcea5,0,0
798,798,0,-229990,0,1,2331,001c,9009,15770,1,b3adaa8da48bcea5,0,0
799,799,0,-223995,0,1,2e76,001c,11894,5381,1,b3adaa8da48bcea5,0,0
800,800,0,0,0,1,3a9e,001c,15006,0,1,b3adaa8da48bcea5,0,0
801,801,0,0,0,1,3d0c,001c,15628,0,1,b3adaa8da48bcea5,0,0
802,802,0,0,0,1,3fff,001c,16383,0,1,b3adaa8da48bcea5,0,0
803,803,0,0,0,1,3fff,001c,16383,0,1,b3adaa8da48bcea5,0,0
804,804,0,-1310080,0,1,3fff,001c,16383,640,1,b3adaa8da48bcea5,0,0
805,805,0,-1273280,0,1,3f6f,001c,16239,4672,1,b3adaa8da48bcea5,0,0
806,806,0,-2036832,0,1,3f5d,001c,13917,11168,1,b3adaa8da48bcea5,0,0
807,807,0,-3027236,0,1,3753,001c,13139,3804,1,b3adaa8da48bcea5,0,0
808,808,0,-4047644,0,1,37fb,001c,9723,15588,1,b3adaa8da48bcea5,0,0
809,809,0,-4239363,0,1,2feb,001c,8171,4093,1,b3adaa8da48bcea5,0,0
810,810,0,-4807539,0,1,1e69,001c,7785,9357,1,b3adaa8da48bcea5,0,0
811,811,0,-4718304,0,1,1070,001c,4208,288,1,b3adaa8da48bcea5,0,0
812,812,0,-4570857,0,1,0030,001c,48,279,1,b3adaa8da48bcea5,0,0
813,813,0,-4423410,0,1,0000,001c,0,270,1,b3adaa8da48bcea5,0,0
814,814,0,-4113882,0,1,0000,001c,0,14886,1,b3adaa8da48bcea5,0,0
815,815,0,-3862045,0,1,0000,001c,0,4579,1,b3adaa8da48bcea5,0,0
816,816,0,-2953864,0,1,0024,001c,36,11640,1,b3adaa8da48bcea5,0,0
817,817,0,-2475640,0,1,1031,001c,4145,14728,1,b3adaa8da48bcea5,0,0
818,818,0,-1186284,0,1,1d68,001c,7528,9748,1,b3adaa8da48bcea5,0,0
819,819,0,-307560,0,1,25bf,001c,9663,3736,1,b3adaa8da48bcea5,0,0
820,820,0,0,0,1,3349,001c,13129,0,1,b3adaa8da48bcea5,0,0
821,821,0,0,0,1,3685,001c,13957,0,1,b3adaa8da48bcea5,0,0
822,822,0,0,0,1,3f8b,001c,16267,0,1,b3adaa8da48bcea5,0,0
823,823,0,0,0,1,3fff,001c,16383,0,1,b3adaa8da48bcea5,0,0
824,824,0,-541680,0,1,3fff,001c,16383,15376,1,b3adaa8da48bcea5,0,0
825,825,0,-520960,0,1,3fff,001c,16383,3328,1,b3adaa8da48bcea5,0,0
826,826,0,-1136187,0,1,3d12,001c,15634,10693,1,b3adaa8da48bcea5,0,0
827,827,0,-1468304,0,1,3ac9,001c,15049,6256,1,b3adaa8da48bcea5,0,0
828,828,0,-1848600,0,1,2e17,001c,11799,2792,1,b3adaa8da48bcea5,0,0
829,829,0,-2259600,0,1,236d,001c,9069,1392,1,b3adaa8da48bcea5,0,0
830,830,0,-2232659,0,1,1a8c,001c,6796,11949,1,b3adaa8da48bcea5,0,0
831,831,0,-2244471,0,1,0b83,001c,2947,137,1,b3adaa8da48bcea5,0,0
832,832,0,-2146173,0,1,0000,001c,0,131,1,b3adaa8da48bcea5,0,0
833,833,0,-2064258,0,1,0000,001c,0,126,1,b3adaa8da48bcea5,0,0
834,834,0,-1951680,0,1,0000,001c,0,14400,1,b3adaa8da48bcea5,0,0
835,835,0,-1586994,0,1,0000,001c,0,2254,1,b3adaa8da48bcea5,0,0
836,836,0,-1428009,0,1,0575,001c,1397,13783,1,b3adaa8da48bcea5,0,0
837,837,0,-1009320,0,1,1ba2,001c,7074,6488,1,b3adaa8da48bcea5,0,0
838,838,0,-764676,0,1,2891,001c,10385,5372,1,b3adaa8da48bcea5,0,0
839,839,0,-390852,0,1,2f5c,001c,12124,2364,1,b3adaa8da48bcea5,0,0
840,840,0,-6230,0,1,3ba6,001c,15270,10154,1,b3adaa8da48bcea5,0,0
841,841,0,0,0,1,3da8,001c,15784,0,1,b3adaa8da48bcea5,0,0
842,842,0,0,0,1,3fff,001c,16383,0,1,b3adaa8da48bcea5,0,0
843,843,0,0,0,1,3fff,001c,16383,0,1,b3adaa8da48bcea5,0,0
844,844,0,0,0,1,3fff,001c,16383,0,1,b3adaa8da48bcea5,0,0
845,845,0,-271062,0,1,3fff,001c,16127,7466,1,b3adaa8da48bcea5,0,0
846,846,0,-466612,0,1,3fff,001c,16383,8524,1,b3adaa8da48bcea5,0,0
847,847,0,-560976,0,1,37fd,001c,14333,12464,1,b3adaa8da48bcea5,0,0
848,848,0,-709722,0,1,325d,001c,14045,11174,1,b3adaa8da48bcea5,0,0
849,849,0,-698850,0,1,248d,001c,9469,5662,1,b3adaa8da48bcea5,0,0
850,850,0,-764690,0,1,1cfd,001c,7421,5358,1,b3adaa8da48bcea5,0,0
851,851,0,-704469,0,1,0e9a,001c,3738,43,1,b3adaa8da48bcea5,0,0
852,852,0,-655320,0,1,0000,001c,0,40,1,b3adaa8da48bcea5,0,0
853,853,0,-589788,0,1,0000,001c,0,36,1,b3adaa8da48bcea5,0,0
854,854,0,-514734,0,1,0000,001c,0,9554,1,b3adaa8da48bcea5,0,0
855,855,0,-467940,0,1,0000,001c,0,7196,1,b3adaa8da48bcea5,0,0
856,856,0,-405189,0,1,01cd,001c,461,4411,1,b3adaa8da48bcea5,0,0
857,857,0,-284880,0,1,11ce,001c,4558,10032,1,b3adaa8da48bcea5,0,0
858,858,0,-191730,0,1,1ed5,001c,7893,4878,1,b3adaa8da48bcea5,0,0
859,859,0,-122706,0,1,2702,001c,9986,8366,1,b3adaa8da48bcea5,0,0
860,860,0,-44895,0,1,3835,001c,14389,4257,1,b3adaa8da48bcea5,0,0
861,861,0,0,0,1,3746,001c,14150,0,1,b3adaa8da48bcea5,0,0
862,862,0,0,0,1,3fff,001c,16383,0,1,b3adaa8da48bcea5,0,0
863,863,0,0,0,1,3fff,001c,16383,0,1,b3adaa8da48bcea5,0,0
864,864,0,0,0,1,3fff,001c,16383,0,1,b3adaa8da48bcea5,0,0
865,865,0,0,0,1,3fff,001c,16383,0,1,b3adaa8da48bcea5,0,0
866,866,0,-1342,0,1,3c33,001c,15411,15042,1,b3adaa8da48bcea5,0,0
867,867,0,7090,0,1,39b3,001c,14771,7090,1,b3adaa8da48bcea5,0,0
868,868,0,31131,0,1,2d1c,001c,11548,14747,1,b3adaa8da48bcea5,0,0
869,869,0,60745,0,1,2218,001c,8728,11593,1,b3adaa8da48bcea5,0,0
870,870,0,106743,0,1,18e7,001c,6375,8439,1,b3adaa8da48bcea5,0,0
871,871,0,125824,0,1,09a5,001c,2469,11136,1,b3adaa8da48bcea5,0,0
872,872,0,163830,0,1,0000,001c,0,16374,1,b3adaa8da48bcea5,0,0
873,873,0,196596,0,1,0000,001c,0,16372,1,b3adaa8da48bcea5,0,0
874,874,0,212979,0,1,0000,001c,0,16371,1,b3adaa8da48bcea5,0,0
875,875,0,241860,0,1,0000,001c,0,12484,1,b3adaa8da48bcea5,0,0
876,876,0,219840,0,1,076d,001c,1901,6848,1,b3adaa8da48bcea5,0,0
877,877,0,219334,0,1,1529,001c,5417,6342,1,b3adaa8da48bcea5,0,0
878,878,0,168282,0,1,2f21,001c,10785,4442,1,b3adaa8da48bcea5,0,0
879,879,0,146520,0,1,3aa7,001c,12455,15448,1,b3adaa8da48bcea5,0,0
880,880,0,78204,0,1,34f7,001c,13431,12668,1,b3adaa8da48bcea5,0,0
881,881,0,0,0,1,3e75,001c,15989,0,1,b3adaa8da48bcea5,0,0
882,882,0,0,0,1,3fff,001c,16383,0,1,b3adaa8da48bcea5,0,0
883,883,0,0,0,1,3fff,001c,16383,0,1,b3adaa8da48bcea5,0,0
884,884,0,0,0,1,3fff,001c,16383,0,1,b3adaa8da48bcea5,0,0
885,885,0,273683136,0,1,3fff,001c,16383,4800,1,b3adaa8da48bcea5,0,0
886,886,0,12844,0,1,3e5a,001c,16218,12844,1,b3adaa8da48bcea5,0,0
887,887,0,117754,0,1,3502,001c,13570,3066,1,b3adaa8da48bcea5,0,0
888,888,0,213678,0,1,311d,001c,12573,686,1,b3adaa8da48bcea5,0,0
889,889,0,271026,0,1,2b38,001c,11064,8882,1,b3adaa8da48bcea5,0,0
890,890,0,387747,0,1,170c,001c,5900,10915,1,b3adaa8da48bcea5,0,0
891,891,0,395220,0,1,0caa,001c,3242,2004,1,b3adaa8da48bcea5,0,0
892,892,0,458724,1,1,0000,001c,0,16356,1,b3adaa8da48bcea5,0,0
893,893,0,458724,0,0,0000,001c,0,16356,0,b3adaa8da48bcea5,0,0
894,894,0,458724,0,0,0000,001c,0,16356,0,b3adaa8da48bcea5,0,0
895,895,0,458724,0,0,0000,001c,0,16356,0,b3adaa8da48bcea5,0,0
896,896,0,458724,0,0,03ee,001c,1006,16356,0,b3adaa8da48bcea5,0,0
897,897,0,458724,0,0,1351,001c,4945,16356,0,b3adaa8da48bcea5,0,0
898,898,0,458724,0,0,2080,001c,8320,16356,0,b3adaa8da48bcea5,0,0
899,899,0,458724,0,0,2c60,001c,11360,16356,0,b3adaa8da48bcea5,0,0
900,900,0,458724,0,0,3930,001c,14640,16356,0,b3adaa8da48bcea5,0,0
901,901,0,458724,0,0,37df,001c,14303,16356,0,b3adaa8da48bcea5,0,0
902,902,0,458724,0,0,3fff,001c,16383,16356,0,b3adaa8da48bcea5,0,0
903,903,0,458724,0,0,3fff,001c,16383,16356,0,b3adaa8da48bcea5,0,0
904,904,0,458724,0,0,3fff,001c,16383,16356,0,b3adaa8da48bcea5,0,0
905,905,0,458724,0,0,3fff,001c,16383,16356,0,b3adaa8da48bcea5,0,0
906,906,0,458724,0,0,37ae,001c,14254,16356,0,b3adaa8da48bcea5,0,0
907,907,0,458724,0,0,38f3,001c,14579,16356,0,b3adaa8da48bcea5,0,0
908,908,0,458724,0,0,27eb,001c,10219,16356,0,b3adaa8da48bcea5,0,0
909,909,0,458724,0,0,209c,001c,8348,16356,0,b3adaa8da48bcea5,0,0
910,910,0,458724,0,0,133b,001c,4923,16356,0,b3adaa8da48bcea5,0,0
911,911,0,458724,0,0,03a1,001c,929,16356,0,b3adaa8da48bcea5,0,0
912,912,0,458724,0,0,0100,001c,0,16356,0,b3adaa8da48bcea5,0,0
913,913,0,458724,0,0,0000,001c,0,16356,0,b3adaa8da48bcea5,0,0
914,914,0,458724,0,0,0000,001c,0,16356,0,b3adaa8da48bcea5,0,0
915,915,0,458724,0,0,0000,001c,0,16356,0,b3adaa8da48bcea5,0,0
916,916,0,458724,0,0,0d1f,001c,3359,16356,0,b3adaa8da48bcea5,0,0
917,917,0,458724,0,0,0d1f,001c,8159,16356,0,b3adaa8da48bcea5,0,0
918,918,0,458724,0,0,16c2,001c,14018,16356,0,b3adaa8da48bcea5,0,0
919,919,0,458724,0,0,2b99,001c,15257,16356,0,b3adaa8da48bcea5,0,0
920,920,0,458724,0,0,31b2,001c,13810,16356,0,b3adaa8da48bcea5,0,0
921,921,0,458724,0,0,3550,001c,16336,16356,0,b3adaa8da48bcea5,0,0
922,922,0,458724,0,0,3ed1,001c,16337,16356,0,b3adaa8da48bcea5,0,0
923,923,0,458724,0,0,3fff,001c,16383,16356,0,b3adaa8da48bcea5,0,0
924,924,0,458724,0,0,3fff,001c,16383,16356,0,b3adaa8da48bcea5,0,0
925,925,0,458724,0,0,3fff,001c,16383,16356,0,b3adaa8da48bcea5,0,0
926,926,0,458724,0,0,3df6,001c,15862,16356,0,b3adaa8da48bcea5,0,0
927,927,0,458724,0,0,3433,001c,13363,16356,0,b3adaa8da48bcea5,0,0
928,928,0,458724,0,0,300d,001c,12301,16356,0,b3adaa8da48bcea5,0,0
929,929,0,458724,0,0,29c2,001c,10690,16356,0,b3adaa8da48bcea5,0,0
930,930,0,458724,0,0,1571,001c,5489,16356,0,b3adaa8da48bcea5,0,0
931,931,0,458724,0,0,06cd,001c,1741,16356,0,b3adaa8da48bcea5,0,0
932,932,0,458724,0,0,0000,001c,0,16356,0,b3adaa8da48bcea5,0,0
933,933,0,458724,0,0,0000,001c,0,16356,0,b3adaa8da48bcea5,0,0
934,934,0,458724,0,0,0000,001c,0,16356,0,b3adaa8da48bcea5,0,0
935,935,0,458724,0,0,0000,001c,0,16356,0,b3adaa8da48bcea5,0,0
936,936,0,458724,0,0,09dd,001c,2525,16356,0,b3adaa8da48bcea5,0,0
937,937,0,458724,0,0,190c,001c,6412,16356,0,b3adaa8da48bcea5,0,0
938,938,0,458724,0,0,2204,001c,8708,16356,0,b3adaa8da48bcea5,0,0
939,939,0,458724,0,0,2d48,001c,11592,16356,0,b3adaa8da48bcea5,0,0
940,940,0,458724,0,0,39f9,001c,14841,16356,0,b3adaa8da48bcea5,0,0
941,941,0,458724,0,0,3c99,001c,15513,16356,0,b3adaa8da48bcea5,0,0
942,942,0,458724,0,0,3fff,001c,16383,16356,0,b3adaa8da48bcea5,0,0
943,943,0,458724,0,0,3fff,001c,16383,16356,0,b3adaa8da48bcea5,0,0
944,944,0,458724,0,0,3fff,001c,16383,16356,0,b3adaa8da48bcea5,0,0
945,945,0,458724,0,0,3fd8,001c,16344,16356,0,b3adaa8da48bcea5,0,0
946,946,0,458724,0,0,36f3,001c,14067,16356,0,b3adaa8da48bcea5,0,0
947,947,0,458724,0,0,33f6,001c,13302,16356,0,b3adaa8da48bcea5,0,0
948,948,0,458724,0,0,27bf,001c,9919,16356,0,b3adaa8da48bcea5,0,0
949,949,0,458724,0,0,1fb5,001c,7991,16356,0,b3adaa8da48bcea5,0,0
950,950,0,458724,0,0,1f94,001c,4485,16356,0,b3adaa8da48bcea5,0,0
951,951,0,458724,0,0,11a5,001c,421,16356,0,b3adaa8da48bcea5,0,0
952,952,0,458724,0,0,01a1,001c,417,16356,0,b3adaa8da48bcea5,0,0
953,953,0,458724,0,0,0000,001c,0,16356,0,b3adaa8da48bcea5,0,0
954,954,0,458724,0,0,0000,001c,0,16356,0,b3adaa8da48bcea5,0,0
955,955,0,458724,0,0,00c9,001c,201,16356,0,b3adaa8da48bcea5,0,0
956,956,0,458724,0,0,00cd,001c,3789,16356,0,b3adaa8da48bcea5,0,0
957,957,0,458724,0,0,0ec4,001c,7924,16356,0,b3adaa8da48bcea5,0,0
958,958,0,458724,0,0,1c34,001c,7220,16356,0,b3adaa8da48bcea5,0,0
959,959,0,458724,0,0,24cb,001c,9419,16356,0,b3adaa8da48bcea5,0,0
960,960,0,458724,0,0,3283,001c,12931,16356,0,b3adaa8da48bcea5,0,0
961,961,0,458724,0,0,3601,001c,13825,16356,0,b3adaa8da48bcea5,0,0
962,962,0,458724,0,0,3f26,001c,16166,16356,0,b3adaa8da48bcea5,0,0
963,963,0,458724,0,0,3fff,001c,16383,16356,0,b3adaa8da48bcea5,0,0
964,964,0,458724,0,0,3fff,001c,16383,16356,0,b3adaa8da48bcea5,0,0
965,965,0,458724,0,0,3fff,001c,16383,16356,0,b3adaa8da48bcea5,0,0
966,966,0,458724,0,0,3d5f,001c,15711,16356,0,b3adaa8da48bcea5,0,0
967,967,0,458724,0,0,3b3b,001c,15163,16356,0,b3adaa8da48bcea5,0,0
968,968,0,458724,0,0,2efa,001c,12026,16356,0,b3adaa8da48bcea5,0,0
969,969,0,458724,0,0,2889,001c,10377,16356,0,b3adaa8da48bcea5,0,0
970,970,0,458724,0,0,1bda,001c,7130,16356,0,b3adaa8da48bcea5,0,0
971,971,0,458724,0,0,04ec,001c,1260,16356,0,b3adaa8da48bcea5,0,0
972,972,0,458724,0,0,0000,001c,0,16356,0,b3adaa8da48bcea5,0,0
973,973,0,458724,0,0,0000,001c,0,16356,0,b3adaa8da48bcea5,0,0
974,974,0,458724,0,0,0000,001c,0,16356,0,b3adaa8da48bcea5,0,0
975,975,0,458724,0,0,0000,001c,0,16356,0,b3adaa8da48bcea5,0,0
976,976,0,458724,0,0,0be2,001c,3042,16356,0,b3adaa8da48bcea5,0,0
977,977,0,458724,0,0,1a7b,001c,6779,16356,0,b3adaa8da48bcea5,0,0
978,978,0,458724,0,0,2399,001c,9113,16356,0,b3adaa8da48bcea5,0,0
979,979,0,458724,0,0,2e91,001c,11921,16356,0,b3adaa8da48bcea5,0,0
980,980,0,458724,0,0,3b17,001c,15127,16356,0,b3adaa8da48bcea5,0,0
981,981,0,458724,0,0,3d3a,001c,15674,16356,0,b3adaa8da48bcea5,0,0
982,982,0,458724,0,0,3fff,001c,16383,16356,0,b3adaa8da48bcea5,0,0
983,983,0,458724,0,0,3fff,001c,16383,16356,0,b3adaa8da48bcea5,0,0
984,984,0,458724,0,0,3fff,001c,16383,16356,0,b3adaa8da48bcea5,0,0
985,985,0,458724,0,0,3fa4,001c,16292,16356,0,b3adaa8da48bcea5,0,0
986,986,0,458724,0,0,3fbc,001c,13884,16356,0,b3adaa8da48bcea5,0,0
987,987,0,458724,0,0,36fc,001c,13044,16356,0,b3adaa8da48bcea5,0,0
988,988,0,458724,0,0,36de,001c,10206,16356,0,b3adaa8da48bcea5,0,0
989,989,0,458724,0,0,255e,001c,15838,16356,0,b3adaa8da48bcea5,0,0
990,990,0,458724,0,0,1fb5,001c,8116,16356,0,b3adaa8da48bcea5,0,0
991,991,0,458724,0,0,0fb5,001c,4021,16356,0,b3adaa8da48bcea5,0,0
992,992,0,458724,0,0,0000,001c,0,16356,0,b3adaa8da48bcea5,0,0
993,993,0,458724,0,0,0000,001c,0,16356,0,b3adaa8da48bcea5,0,0
994,994,0,458724,0,0,0000,001c,0,16356,0,b3adaa8da48bcea5,0,0
995,995,0,458724,0,0,0000,001c,0,16356,0,b3adaa8da48bcea5,0,0
996,996,0,458724,0,0,02a8,001c,680,16356,0,b3adaa8da48bcea5,0,0
997,997,0,458724,0,0,10ac,001c,4268,16356,0,b3adaa8da48bcea5,0,0
998,998,0,458724,0,0,1dce,001c,7630,16356,0,b3adaa8da48bcea5,0,0
999,999,0,458724,0,0,2640,001c,9792,16356,0,b3adaa8da48bcea5,0,0
1000,1000,0,458724,0,0,337e,001c,13182,16356,0,b3adaa8da48bcea5,0,0
1001,1001,0,458724,0,0,36b6,001c,14006,16356,0,b3adaa8da48bcea5,0,0
1002,1002,0,458724,0,0,3ffa,001c,16378,16356,0,b3adaa8da48bcea5,0,0
1003,1003,0,458724,0,0,3fff,001c,16383,16356,0,b3adaa8da48bcea5,0,0
1004,1004,0,458724,0,0,3fff,001c,16383,16356,0,b3adaa8da48bcea5,0,0
1005,1005,0,458724,0,0,3fff,001c,16383,16356,0,b3adaa8da48bcea5,0,0
1006,1006,0,458724,0,0,3cbd,001c,15549,16356,0,b3adaa8da48bcea5,0,0
1007,1007,0,458724,0,0,3a92,001c,14994,16356,0,b3adaa8da48bcea5,0,0
1008,1008,0,458724,0,0,2dfa,001c,11770,16356,0,b3adaa8da48bcea5,0,0
1009,1009,0,458724,0,0,232d,001c,9005,16356,0,b3adaa8da48bcea5,0,0
1010,1010,0,458724,0,0,1a21,001c,6689,16356,0,b3adaa8da48bcea5,0,0
1011,1011,0,458724,0,0,0b13,001c,2835,16356,0,b3adaa8da48bcea5,0,0
1012,1012,0,458724,0,0,0000,001c,0,16356,0,b3adaa8da48bcea5,0,0
1013,1013,0,458724,0,0,0000,001c,0,16356,0,b3adaa8da48bcea5,0,0
1014,1014,0,458724,0,0,0000,001c,0,16356,0,b3adaa8da48bcea5,0,0
1015,1015,0,458724,0,0,0000,001c,0,16356,0,b3adaa8da48bcea5,0,0
1016,1016,0,458724,0,0,05fd,001c,1533,16356,0,b3adaa8da48bcea5,0,0
1017,1017,0,458724,0,0,1bfe,001c,7166,16356,0,b3adaa8da48bcea5,0,0
1018,1018,0,458724,0,0,28ef,001c,10479,16356,0,b3adaa8da48bcea5,0,0
1019,1019,0,458724,0,0,2fd4,001c,12244,16356,0,b3adaa8da48bcea5,0,0
1020,1020,0,458724,0,0,3bc6,001c,15302,16356,0,b3adaa8da48bcea5,0,0
1021,1021,0,458724,0,0,3faf,001c,15791,16356,0,b3adaa8da48bcea5,0,0
1022,1022,0,458724,0,0,3fff,001c,16383,16356,0,b3adaa8da48bcea5,0,0
1023,1023,0,458724,0,0,3fff,001c,16383,16356,0,b3adaa8da48bcea5,0,0
1024,1024,0,458724,0,0,3fff,001c,16383,16356,0,b3adaa8da48bcea5,0,0
1025,1025,0,458724,0,0,3fff,001c,16383,16356,0,b3adaa8da48bcea5,0,0
1026,1026,0,458724,0,0,3ede,001c,16350,16356,0,b3adaa8da48bcea5,0,0
1027,1027,0,458724,0,0,3595,001c,13717,16356,0,b3adaa8da48bcea5,0,0
1028,1028,0,458724,0,0,3208,001c,13832,16356,0,b3adaa8da48bcea5,0,0
1029,1029,0,458724,0,0,2425,001c,9317,16356,0,b3adaa8da48bcea5,0,0
1030,1030,0,458724,0,0,1c46,001c,7238,16356,0,b3adaa8da48bcea5,0,0
1031,1031,0,458724,0,0,0e13,001c,3603,16356,0,b3adaa8da48bcea5,0,0
1032,1032,0,458724,0,0,0000,001c,0,16356,0,b3adaa8da48bcea5,0,0
1033,1033,0,458724,0,0,0000,001c,0,16356,0,b3adaa8da48bcea5,0,0
1034,1034,0,458724,0,0,0000,001c,0,16356,0,b3adaa8da48bcea5,0,0
1035,1035,0,458724,0,0,0000,001c,0,16356,0,b3adaa8da48bcea5,0,0
1036,1036,0,458724,0,0,02dd,001c,733,16356,0,b3adaa8da48bcea5,0,0
1037,1037,0,458724,0,0,1226,001c,4646,16356,0,b3adaa8da48bcea5,0,0
1038,1038,0,458724,0,0,1f73,001c,8051,16356,0,b3adaa8da48bcea5,0,0
1039,1039,0,458724,0,0,2753,001c,10067,16356,0,b3adaa8da48bcea5,0,0
1040,1040,0,458724,0,0,388c,001c,14476,16356,0,b3adaa8da48bcea5,0,0
1041,1041,0,458724,0,0,3789,001c,14217,16356,0,b3adaa8da48bcea5,0,0
1042,1042,0,458724,0,0,3fff,001c,16383,16356,0,b3adaa8da48bcea5,0,0
1043,1043,0,458724,0,0,3fff,001c,16383,16356,0,b3adaa8da48bcea5,0,0
1044,1044,0,458724,0,0,3fff,001c,16383,16356,0,b3adaa8da48bcea5,0,0
1045,1045,0,458724,0,0,3fff,001c,16383,16356,0,b3adaa8da48bcea5,0,0
1046,1046,0,458724,0,0,3c24,001c,15396,16356,0,b3adaa8da48bcea5,0,0
1047,1047,0,458724,0,0,3999,001c,14745,16356,0,b3adaa8da48bcea5,0,0
1048,1048,0,458724,0,0,2c9a,001c,11418,16356,0,b3adaa8da48bcea5,0,0
1049,1049,0,458724,0,0,21c1,001c,8641,16356,0,b3adaa8da48bcea5,0,0
1050,1050,0,458724,0,0,1883,001c,6275,16356,0,b3adaa8da48bcea5,0,0
1051,1051,0,458724,0,0,0907,001c,2311,16356,0,b3adaa8da48bcea5,0,0
1052,1052,0,458724,0,0,0000,001c,0,16356,0,b3adaa8da48bcea5,0,0
1053,1053,0,458724,0,0,0000,001c,0,16356,0,b3adaa8da48bcea5,0,0
1054,1054,0,458724,0,0,0000,001c,0,16356,0,b3adaa8da48bcea5,0,0
1055,1055,0,458724,0,0,0000,001c,0,16356,0,b3adaa8da48bcea5,0,0
1056,1056,0,458724,0,0,07f9,001c,2041,16356,0,b3adaa8da48bcea5,0,0
1057,1057,0,458724,0,0,17f7,001c,5559,16356,0,b3adaa8da48bcea5,0,0
1058,1058,0,458724,0,0,3fff,001c,10879,16356,0,b3adaa8da48bcea5,0,0
1059,1059,0,458724,0,0,3afd,001c,13053,16356,0,b3adaa8da48bcea5,0,0
1060,1060,0,458724,0,0,34dd,001c,13533,16356,0,b3adaa8da48bcea5,0,0
1061,1061,0,458724,0,0,3efe,001c,16126,16356,0,b3adaa8da48bcea5,0,0
1062,1062,0,458724,0,0,3eff,001c,16382,16356,0,b3adaa8da48bcea5,0,0
1063,1063,0,458724,0,0,3fff,001c,16383,16356,0,b3adaa8da48bcea5,0,0
1064,1064,0,458724,0,0,3fff,001c,16383,16356,0,b3adaa8da48bcea5,0,0
1065,1065,0,458724,0,0,3fff,001c,16383,16356,0,b3adaa8da48bcea5,0,0
1066,1066,0,458724,0,0,3e4b,001c,15947,16356,0,b3adaa8da48bcea5,0,0
1067,1067,0,458724,0,0,34bd,001c,13501,16356,0,b3adaa8da48bcea5,0,0
1068,1068,0,458724,0,0,310b,001c,12555,16356,0,b3adaa8da48bcea5,0,0
1069,1069,0,458724,0,0,2afa,001c,11002,16356,0,b3adaa8da48bcea5,0,0
1070,1070,0,458724,0,0,1680,001c,5760,16356,0,b3adaa8da48bcea5,0,0
1071,1071,0,458724,0,0,0c1e,001c,3102,16356,0,b3adaa8da48bcea5,0,0
1072,1072,0,458724,0,0,0000,001c,0,16356,0,b3adaa8da48bcea5,0,0
1073,1073,0,458724,0,0,0000,001c,0,16356,0,b3adaa8da48bcea5,0,0
1074,1074,0,458724,0,0,0000,001c,0,16356,0,b3adaa8da48bcea5,0,0
1075,1075,0,458724,0,0,0000,001c,0,16356,0,b3adaa8da48bcea5,0,0
1076,1076,0,458724,0,0,087f,001c,2175,16356,0,b3adaa8da48bcea5,0,0
1077,1077,0,458724,0,0,13ee,001c,5102,16356,0,b3adaa8da48bcea5,0,0
1078,1078,0,458724,0,0,2118,001c,8472,16356,0,b3adaa8da48bcea5,0,0
1079,1079,0,458724,0,0,2ca5,001c,11429,16356,0,b3adaa8da48bcea5,0,0
1080,1080,0,458724,0,0,3980,001c,14720,16356,0,b3adaa8da48bcea5,0,0
1081,1081,0,458724,0,0,3c23,001c,15395,16356,0,b3adaa8da48bcea5,0,0
1082,1082,0,458724,0,0,3fff,001c,16383,16356,0,b3adaa8da48bcea5,0,0
1083,1083,0,458724,0,0,3fff,001c,16383,16356,0,b3adaa8da48bcea5,0,0
1084,1084,0,458724,0,0,3fff,001c,16383,16356,0,b3adaa8da48bcea5,0,0
1085,1085,0,458724,0,0,3fff,001c,16383,16356,0,b3adaa8da48bcea5,0,0
1086,1086,0,458724,0,0,3764,001c,14180,16356,0,b3adaa8da48bcea5,0,0
1087,1087,0,458724,0,0,389f,001c,14495,16356,0,b3adaa8da48bcea5,0,0
1088,1088,0,458724,0,0,279c,001c,10140,16356,0,b3adaa8da48bcea5,0,0
1089,1089,0,458724,0,0,2040,001c,8256,16356,0,b3adaa8da48bcea5,0,0
1090,1090,0,458724,0,0,12c2,001c,4802,16356,0,b3adaa8da48bcea5,0,0
1091,1091,0,458724,0,0,02f2,001c,754,16356,0,b3adaa8da48bcea5,0,0
1092,1092,0,458724,0,0,0280,001c,2,16356,0,b3adaa8da48bcea5,0,0
1093,1093,0,458724,0,0,0000,001c,0,16356,0,b3adaa8da48bcea5,0,0
1094,1094,0,458724,0,0,0000,001c,0,16356,0,b3adaa8da48bcea5,0,0
1095,1095,0,458724,0,0,0000,001c,0,16356,0,b3adaa8da48bcea5,0,0
1096,1096,0,458724,0,0,0dcf,001c,3535,16356,0,b3adaa8da48bcea5,0,0
1097,1097,0,458724,0,0,0dcf,001c,8175,16356,0,b3adaa8da48bcea5,0,0
1098,1098,0,458724,0,0,17ee,001c,6126,16356,0,b3adaa8da48bcea5,0,0
1099,1099,0,458724,0,0,2bce,001c,15342,16356,0,b3adaa8da48bcea5,0,0
1100,1100,0,458724,0,0,31e4,001c,13796,16356,0,b3adaa8da48bcea5,0,0
1101,1101,0,458724,0,0,3555,001c,13653,16356,0,b3adaa8da48bcea5,0,0
1102,1102,0,458724,0,0,3ee6,001c,16102,16356,0,b3adaa8da48bcea5,0,0
1103,1103,0,458724,0,0,3fff,001c,16383,16356,0,b3adaa8da48bcea5,0,0
1104,1104,0,458724,0,0,3fff,001c,16383,16356,0,b3adaa8da48bcea5,0,0
1105,1105,0,458724,0,0,3fff,001c,16383,16356,0,b3adaa8da48bcea5,0,0
1106,1106,0,458724,0,0,3dd3,001c,15827,16356,0,b3adaa8da48bcea5,0,0
1107,1107,0,458724,0,0,3bcc,001c,15308,16356,0,b3adaa8da48bcea5,0,0
1108,1108,0,458724,0,0,2fe8,001c,12264,16356,0,b3adaa8da48bcea5,0,0
1109,1109,0,458724,0,0,2971,001c,10609,16356,0,b3adaa8da48bcea5,0,0
1110,1110,0,458724,0,0,14f3,001c,5363,16356,0,b3adaa8da48bcea5,0,0
1111,1111,0,458724,0,0,0648,001c,1608,16356,0,b3adaa8da48bcea5,0,0
1112,1112,0,458724,0,0,0000,001c,0,16356,0,b3adaa8da48bcea5,0,0
1113,1113,0,458724,0,0,0000,001c,0,16356,0,b3adaa8da48bcea5,0,0
1114,1114,0,458724,0,0,0000,001c,0,16356,0,b3adaa8da48bcea5,0,0
1115,1115,0,458724,0,0,0000,001c,0,16356,0,b3adaa8da48bcea5,0,0
1116,1116,0,458724,0,0,0a79,001c,2681,16356,0,b3adaa8da48bcea5,0,0
1117,1117,0,458724,0,0,19a1,001c,6561,16356,0,b3adaa8da48bcea5,0,0
1118,1118,0,458724,0,0,22d4,001c,8916,16356,0,b3adaa8da48bcea5,0,0
1119,1119,0,458724,0,0,2dc3,001c,11715,16356,0,b3adaa8da48bcea5,0,0
1120,1120,0,458724,0,0,3a26,001c,14886,16356,0,b3adaa8da48bcea5,0,0
1121,1121,0,458724,0,0,3cd3,001c,15571,16356,0,b3adaa8da48bcea5,0,0
1122,1122,0,458724,0,0,3fff,001c,16383,16356,0,b3adaa8da48bcea5,0,0
1123,1123,0,458724,0,0,3fff,001c,16383,16356,0,b3adaa8da48bcea5,0,0
1124,1124,0,458724,0,0,3fff,001c,16383,16356,0,b3adaa8da48bcea5,0,0
1125,1125,0,458724,0,0,3f9a,001c,16282,16356,0,b3adaa8da48bcea5,0,0
1126,1126,0,458724,0,0,36c8,001c,14024,16356,0,b3adaa8da48bcea5,0,0
1127,1127,0,458724,0,0,33b8,001c,13240,16356,0,b3adaa8da48bcea5,0,0
1128,1128,0,458724,0,0,27db,001c,9819,16356,0,b3adaa8da48bcea5,0,0
1129,1129,0,458724,0,0,3ed7,001c,7895,16356,0,b3adaa8da48bcea5,0,0
1130,1130,0,458724,0,0,1edf,001c,4383,16356,0,b3adaa8da48bcea5,0,0
1131,1131,0,458724,0,0,111e,001c,286,16356,0,b3adaa8da48bcea5,0,0
1132,1132,0,458724,0,0,011c,001c,284,16356,0,b3adaa8da48bcea5,0,0
1133,1133,0,458724,0,0,0000,001c,0,16356,0,b3adaa8da48bcea5,0,0
1134,1134,0,458724,0,0,0000,001c,0,16356,0,b3adaa8da48bcea5,0,0
1135,1135,0,458724,0,0,00fa,001c,248,16356,0,b3adaa8da48bcea5,0,0
1136,1136,0,458724,0,0,00fa,001c,3834,16356,0,b3adaa8da48bcea5,0,0
1137,1137,0,458724,0,0,0f69,001c,3945,16356,0,b3adaa8da48bcea5,0,0
1138,1138,0,458724,0,0,1cc4,001c,7364,16356,0,b3adaa8da48bcea5,0,0
1139,1139,0,458724,0,0,2577,001c,9591,16356,0,b3adaa8da48bcea5,0,0
1140,1140,0,458724,0,0,32d0,001c,13008,16356,0,b3adaa8da48bcea5,0,0
1141,1141,0,458724,0,0,3661,001c,13921,16356,0,b3adaa8da48bcea5,0,0
1142,1142,0,458724,0,0,3f4a,001c,16202,16356,0,b3adaa8da48bcea5,0,0
1143,1143,0,458724,0,0,3fff,001c,16383,16356,0,b3adaa8da48bcea5,0,0
1144,1144,0,458724,0,0,3fff,001c,16383,16356,0,b3adaa8da48bcea5,0,0
1145,1145,0,458724,0,0,3fff,001c,16383,16356,0,b3adaa8da48bcea5,0,0
1146,1146,0,458724,0,0,3d33,001c,15667,16356,0,b3adaa8da48bcea5,0,0
1147,1147,0,458724,0,0,3b0a,001c,15114,16356,0,b3adaa8da48bcea5,0,0
1148,1148,0,458724,0,0,2e91,001c,11921,16356,0,b3adaa8da48bcea5,0,0
1149,1149,0,458724,0,0,2815,001c,10261,16356,0,b3adaa8da48bcea5,0,0
1150,1150,0,458724,0,0,1b5f,001c,7007,16356,0,b3adaa8da48bcea5,0,0
1151,1151,0,458724,0,0,0435,001c,1077,16356,0,b3adaa8da48bcea5,0,0
1152,1152,0,458724,0,0,0000,001c,0,16356,0,b3adaa8da48bcea5,0,0
1153,1153,0,458724,0,0,0000,001c,0,16356,0,b3adaa8da48bcea5,0,0
1154,1154,0,458724,0,0,0000,001c,0,16356,0,b3adaa8da48bcea5,0,0
1155,1155,0,458724,0,0,0000,001c,0,16356,0,b3adaa8da48bcea5,0,0
1156,1156,0,458724,0,0,04c3,001c,1219,16356,0,b3adaa8da48bcea5,0,0
1157,1157,0,458724,0,0,1b09,001c,6921,16356,0,b3adaa8da48bcea5,0,0
1158,1158,0,458724,0,0,2819,001c,10265,16356,0,b3adaa8da48bcea5,0,0
1159,1159,0,458724,0,0,2eea,001c,12010,16356,0,b3adaa8da48bcea5,0,0
1160,1160,0,458724,0,0,3b56,001c,15190,16356,0,b3adaa8da48bcea5,0,0
1161,1161,0,458724,0,0,3d6d,001c,15725,16356,0,b3adaa8da48bcea5,0,0
1162,1162,0,458724,0,0,3fff,001c,16383,16356,0,b3adaa8da48bcea5,0,0
1163,1163,0,458724,0,0,3fff,001c,16383,16356,0,b3adaa8da48bcea5,0,0
1164,1164,0,458724,0,0,3fff,001c,16383,16356,0,b3adaa8da48bcea5,0,0
1165,1165,0,458724,0,0,3f97,001c,16151,16356,0,b3adaa8da48bcea5,0,0
1166,1166,0,458724,0,0,3ff7,001c,13815,16356,0,b3adaa8da48bcea5,0,0
1167,1167,0,458724,0,0,37ff,001c,14271,16356,0,b3adaa8da48bcea5,0,0
1168,1168,0,458724,0,0,36fd,001c,14077,16356,0,b3adaa8da48bcea5,0,0
1169,1169,0,458724,0,0,24fd,001c,15869,16356,0,b3adaa8da48bcea5,0,0
1170,1170,0,458724,0,0,1f3d,001c,7997,16356,0,b3adaa8da48bcea5,0,0
1171,1171,0,458724,0,0,0f38,001c,3896,16356,0,b3adaa8da48bcea5,0,0
1172,1172,0,458724,0,0,0000,001c,0,16356,0,b3adaa8da48bcea5,0,0
1173,1173,0,458724,0,0,0000,001c,0,16356,0,b3adaa8da48bcea5,0,0
1174,1174,0,458724,0,0,0000,001c,0,16356,0,b3adaa8da48bcea5,0,0
1175,1175,0,458724,0,0,0000,001c,0,16356,0,b3adaa8da48bcea5,0,0
1176,1176,0,458724,0,0,01d2,001c,466,16356,0,b3adaa8da48bcea5,0,0
1177,1177,0,458724,0,0,1120,001c,4384,16356,0,b3adaa8da48bcea5,0,0
1178,1178,0,458724,0,0,1e71,001c,7793,16356,0,b3adaa8da48bcea5,0,0
1179,1179,0,458724,0,0,2690,001c,9872,16356,0,b3adaa8da48bcea5,0,0
1180,1180,0,458724,0,0,33cf,001c,13263,16356,0,b3adaa8da48bcea5,0,0
1181,1181,0,458724,0,0,36cd,001c,14029,16356,0,b3adaa8da48bcea5,0,0
1182,1182,0,458724,0,0,3fe9,001c,16361,16356,0,b3adaa8da48bcea5,0,0
1183,1183,0,458724,0,0,3fff,001c,16383,16356,0,b3adaa8da48bcea5,0,0
1184,1184,0,458724,0,0,3fff,001c,16383,16356,0,b3adaa8da48bcea5,0,0
1185,1185,0,458724,0,0,3fff,001c,16383,16356,0,b3adaa8da48bcea5,0,0
1186,1186,0,458724,0,0,3c8a,001c,15498,16356,0,b3adaa8da48bcea5,0,0
1187,1187,0,458724,0,0,3a32,001c,14898,16356,0,b3adaa8da48bcea5,0,0
1188,1188,0,458724,0,0,2da1,001c,11681,16356,0,b3adaa8da48bcea5,0,0
1189,1189,0,458724,0,0,22da,001c,8922,16356,0,b3adaa8da48bcea5,0,0
1190,1190,0,458724,0,0,19b4,001c,6580,16356,0,b3adaa8da48bcea5,0,0
1191,1191,0,458724,0,0,0a5f,001c,2655,16356,0,b3adaa8da48bcea5,0,0
1192,1192,0,458724,0,0,0000,001c,0,16356,0,b3adaa8da48bcea5,0,0
1193,1193,0,458724,0,0,0000,001c,0,16356,0,b3adaa8da48bcea5,0,0
1194,1194,0,458724,0,0,0000,001c,0,16356,0,b3adaa8da48bcea5,0,0
1195,1195,0,458724,0,0,0000,001c,0,16356,0,b3adaa8da48bcea5,0,0
1196,1196,0,458724,0,0,06ac,001c,1708,16356,0,b3adaa8da48bcea5,0,0
1197,1197,0,458724,0,0,14ad,001c,5293,16356,0,b3adaa8da48bcea5,0,0
1198,1198,0,458724,0,0,29aa,001c,10666,16356,0,b3adaa8da48bcea5,0,0
1199,1199,0,458724,0,0,319e,001c,12318,16356,0,b3adaa8da48bcea5,0,0
1200,1200,0,458724,0,0,3403,001c,13315,16356,0,b3adaa8da48bcea5,0,0
1201,1201,0,458724,0,0,3e03,001c,15875,16356,0,b3adaa8da48bcea5,0,0
1202,1202,0,458724,0,0,3fff,001c,16383,16356,0,b3adaa8da48bcea5,0,0
1203,1203,0,458724,0,0,3fff,001c,16383,16356,0,b3adaa8da48bcea5,0,0
1204,1204,0,458724,0,0,3fff,001c,16383,16356,0,b3adaa8da48bcea5,0,0
1205,1205,0,458724,0,0,3fff,001c,16383,16356,0,b3adaa8da48bcea5,0,0
1206,1206,0,458724,0,0,3ebf,001c,16319,16356,0,b3adaa8da48bcea5,0,0
1207,1207,0,458724,0,0,3537,001c,13751,16356,0,b3adaa8da48bcea5,0,0
1208,1208,0,458724,0,0,3182,001c,15234,16356,0,b3adaa8da48bcea5,0,0
1209,1209,0,458724,0,0,2bb3,001c,11187,16356,0,b3adaa8da48bcea5,0,0
1210,1210,0,458724,0,0,1788,001c,6024,16356,0,b3adaa8da48bcea5,0,0
1211,1211,0,458724,0,0,0d56,001c,3414,16356,0,b3adaa8da48bcea5,0,0
1212,1212,0,458724,0,0,0000,001c,0,16356,0,b3adaa8da48bcea5,0,0
1213,1213,0,458724,0,0,0000,001c,0,16356,0,b3adaa8da48bcea5,0,0
1214,1214,0,458724,0,0,0000,001c,0,16356,0,b3adaa8da48bcea5,0,0
1215,1215,0,458724,0,0,0000,001c,0,16356,0,b3adaa8da48bcea5,0,0
1216,1216,0,458724,0,0,032c,001c,812,16356,0,b3adaa8da48bcea5,0,0
1217,1217,0,458724,0,0,12f6,001c,4854,16356,0,b3adaa8da48bcea5,0,0
1218,1218,0,458724,0,0,2012,001c,8210,16356,0,b3adaa8da48bcea5,0,0
1219,1219,0,458724,0,0,27ca,001c,10186,16356,0,b3adaa8da48bcea5,0,0
1220,1220,0,458724,0,0,38d0,001c,14544,16356,0,b3adaa8da48bcea5,0,0
1221,1221,0,458724,0,0,37bc,001c,14268,16356,0,b3adaa8da48bcea5,0,0
1222,1222,0,458724,0,0,3fff,001c,16383,16356,0,b3adaa8da48bcea5,0,0
1223,1223,0,458724,0,0,3fff,001c,16383,16356,0,b3adaa8da48bcea5,0,0
1224,1224,0,458724,0,0,3fff,001c,16383,16356,0,b3adaa8da48bcea5,0,0
1225,1225,0,458724,0,0,3fff,001c,16383,16356,0,b3adaa8da48bcea5,0,0
1226,1226,0,458724,0,0,37d4,001c,14292,16356,0,b3adaa8da48bcea5,0,0
1227,1227,0,458724,0,0,394c,001c,14668,16356,0,b3adaa8da48bcea5,0,0
1228,1228,0,458724,0,0,2c70,001c,11376,16356,0,b3adaa8da48bcea5,0,0
1229,1229,0,458724,0,0,2137,001c,8503,16356,0,b3adaa8da48bcea5,0,0
1230,1230,0,458724,0,0,13f8,001c,5112,16356,0,b3adaa8da48bcea5,0,0
1231,1231,0,458724,0,0,0857,001c,2135,16356,0,b3adaa8da48bcea5,0,0
1232,1232,0,458724,0,0,0000,001c,0,16356,0,b3adaa8da48bcea5,0,0
1233,1233,0,458724,0,0,0000,001c,0,16356,0,b3adaa8da48bcea5,0,0
1234,1234,0,458724,0,0,0000,001c,0,16356,0,b3adaa8da48bcea5,0,0
1235,1235,0,458724,0,0,0000,001c,0,16356,0,b3adaa8da48bcea5,0,0
1236,1236,0,458724,0,0,0c8c,001c,3212,16356,0,b3adaa8da48bcea5,0,0
1237,1237,0,458724,0,0,1eac,001c,5664,16356,0,b3adaa8da48bcea5,0,0
1238,1238,0,458724,0,0,3730,001c,11056,16356,0,b3adaa8da48bcea5,0,0
1239,1239,0,458724,0,0,3b1e,001c,15134,16356,0,b3adaa8da48bcea5,0,0
1240,1240,0,458724,0,0,31de,001c,13790,16356,0,b3adaa8da48bcea5,0,0
1241,1241,0,458724,0,0,3eed,001c,16109,16356,0,b3adaa8da48bcea5,0,0
1242,1242,0,458724,0,0,3eff,001c,16381,16356,0,b3adaa8da48bcea5,0,0
1243,1243,0,458724,0,0,3fff,001c,16383,16356,0,b3adaa8da48bcea5,0,0
1244,1244,0,458724,0,0,3fff,001c,16383,16356,0,b3adaa8da48bcea5,0,0
1245,1245,0,458724,0,0,3fff,001c,16383,16356,0,b3adaa8da48bcea5,0,0
1246,1246,0,458724,0,0,3e04,001c,15876,16356,0,b3adaa8da48bcea5,0,0
1247,1247,0,458724,0,0,347e,001c,13438,16356,0,b3adaa8da48bcea5,0,0
1248,1248,0,458724,0,0,30a1,001c,12449,16356,0,b3adaa8da48bcea5,0,0
1249,1249,0,458724,0,0,2a74,001c,10868,16356,0,b3adaa8da48bcea5,0,0
1250,1250,0,458724,0,0,1609,001c,5641,16356,0,b3adaa8da48bcea5,0,0
1251,1251,0,458724,0,0,0782,001c,1922,16356,0,b3adaa8da48bcea5,0,0
1252,1252,0,458724,0,0,0000,001c,0,16356,0,b3adaa8da48bcea5,0,0
1253,1253,0,458724,0,0,0000,001c,0,16356,0,b3adaa8da48bcea5,0,0
1254,1254,0,458724,0,0,0000,001c,0,16356,0,b3adaa8da48bcea5,0,0
1255,1255,0,458724,0,0,0000,001c,0,16356,0,b3adaa8da48bcea5,0,0
1256,1256,0,458724,0,0,0947,001c,2375,16356,0,b3adaa8da48bcea5,0,0
1257,1257,0,458724,0,0,1865,001c,6245,16356,0,b3adaa8da48bcea5,0,0
1258,1258,0,458724,0,0,21a5,001c,8613,16356,0,b3adaa8da48bcea5,0,0
1259,1259,0,458724,0,0,2d29,001c,11561,16356,0,b3adaa8da48bcea5,0,0
1260,1260,0,458724,0,0,39db,001c,14811,16356,0,b3adaa8da48bcea5,0,0
1261,1261,0,458724,0,0,3c23,001c,15395,16356,0,b3adaa8da48bcea5,0,0
1262,1262,0,458724,0,0,3fff,001c,16383,16356,0,b3adaa8da48bcea5,0,0
1263,1263,0,458724,0,0,3fff,001c,16383,16356,0,b3adaa8da48bcea5,0,0
1264,1264,0,458724,0,0,3fff,001c,16383,16356,0,b3adaa8da48bcea5,0,0
1265,1265,0,458724,0,0,3fe7,001c,16359,16356,0,b3adaa8da48bcea5,0,0
1266,1266,0,458724,0,0,3733,001c,14131,16356,0,b3adaa8da48bcea5,0,0
1267,1267,0,458724,0,0,3838,001c,14392,16356,0,b3adaa8da48bcea5,0,0
1268,1268,0,458724,0,0,270a,001c,9994,16356,0,b3adaa8da48bcea5,0,0
1269,1269,0,458724,0,0,1fc7,001c,8135,16356,0,b3adaa8da48bcea5,0,0
1270,1270,0,458724,0,0,132c,001c,4652,16356,0,b3adaa8da48bcea5,0,0
1271,1271,0,458724,0,0,025a,001c,602,16356,0,b3adaa8da48bcea5,0,0
1272,1272,0,458724,0,0,0250,001c,2,16356,0,b3adaa8da48bcea5,0,0
1273,1273,0,458724,0,0,0000,001c,0,16356,0,b3adaa8da48bcea5,0,0
1274,1274,0,458724,0,0,0000,001c,0,16356,0,b3adaa8da48bcea5,0,0
1275,1275,0,458724,0,0,0000,001c,0,16356,0,b3adaa8da48bcea5,0,0
1276,1276,0,458724,0,0,0e57,001c,3671,16356,0,b3adaa8da48bcea5,0,0
1277,1277,0,458724,0,0,0e57,001c,8159,16356,0,b3adaa8da48bcea5,0,0
1278,1278,0,458724,0,0,17cd,001c,14285,16356,0,b3adaa8da48bcea5,0,0
1279,1279,0,458724,0,0,2449,001c,13897,16356,0,b3adaa8da48bcea5,0,0
1280,1280,0,458724,0,0,3223,001c,12899,16356,0,b3adaa8da48bcea5,0,0
1281,1281,0,458724,0,0,35db,001c,13787,16356,0,b3adaa8da48bcea5,0,0
1282,1282,0,458724,0,0,3eff,001c,16127,16356,0,b3adaa8da48bcea5,0,0
1283,1283,0,458724,0,0,3fff,001c,16383,16356,0,b3adaa8da48bcea5,0,0
1284,1284,0,458724,0,0,3fff,001c,16383,16356,0,b3adaa8da48bcea5,0,0
1285,1285,0,458724,0,0,3fff,001c,16383,16356,0,b3adaa8da48bcea5,0,0
1286,1286,0,458724,0,0,3d9e,001c,15774,16356,0,b3adaa8da48bcea5,0,0
1287,1287,0,458724,0,0,3ba4,001c,15268,16356,0,b3adaa8da48bcea5,0,0
1288,1288,0,458724,0,0,2f60,001c,12128,16356,0,b3adaa8da48bcea5,0,0
1289,1289,0,458724,0,0,2905,001c,10501,16356,0,b3adaa8da48bcea5,0,0
1290,1290,0,458724,0,0,1472,001c,5234,16356,0,b3adaa8da48bcea5,0,0
1291,1291,0,458724,0,0,05ad,001c,1453,16356,0,b3adaa8da48bcea5,0,0
1292,1292,0,458724,0,0,0000,001c,0,16356,0,b3adaa8da48bcea5,0,0
1293,1293,0,458724,0,0,0000,001c,0,16356,0,b3adaa8da48bcea5,0,0
1294,1294,0,458724,0,0,0000,001c,0,16356,0,b3adaa8da48bcea5,0,0
1295,1295,0,458724,0,0,0000,001c,0,16356,0,b3adaa8da48bcea5,0,0
1296,1296,0,458724,0,0,0b3a,001c,2874,16356,0,b3adaa8da48bcea5,0,0
1297,1297,0,458724,0,0,1a02,001c,6658,16356,0,b3adaa8da48bcea5,0,0
1298,1298,0,458724,0,0,2318,001c,8984,16356,0,b3adaa8da48bcea5,0,0
1299,1299,0,458724,0,0,2e31,001c,11825,16356,0,b3adaa8da48bcea5,0,0
1300,1300,0,458724,0,0,3a9b,001c,15003,16356,0,b3adaa8da48bcea5,0,0
1301,1301,0,458724,0,0,3ce6,001c,15590,16356,0,b3adaa8da48bcea5,0,0
1302,1302,0,458724,0,0,3fff,001c,16383,16356,0,b3adaa8da48bcea5,0,0
1303,1303,0,458724,0,0,3fff,001c,16383,16356,0,b3adaa8da48bcea5,0,0
1304,1304,0,458724,0,0,3fff,001c,16383,16356,0,b3adaa8da48bcea5,0,0
1305,1305,0,458724,0,0,3f57,001c,16215,16356,0,b3adaa8da48bcea5,0,0
1306,1306,0,458724,0,0,374e,001c,13902,16356,0,b3adaa8da48bcea5,0,0
1307,1307,0,458724,0,0,3733,001c,13107,16356,0,b3adaa8da48bcea5,0,0
1308,1308,0,458724,0,0,37f5,001c,9703,16356,0,b3adaa8da48bcea5,0,0
1309,1309,0,458724,0,0,35ef,001c,7983,16356,0,b3adaa8da48bcea5,0,0
1310,1310,0,458724,0,0,1e6f,001c,7791,16356,0,b3adaa8da48bcea5,0,0
1311,1311,0,458724,0,0,107b,001c,4219,16356,0,b3adaa8da48bcea5,0,0
1312,1312,0,458724,0,0,0033,001c,51,16356,0,b3adaa8da48bcea5,0,0
1313,1313,0,458724,0,0,0000,001c,0,16356,0,b3adaa8da48bcea5,0,0
1314,1314,0,458724,0,0,0000,001c,0,16356,0,b3adaa8da48bcea5,0,0
1315,1315,0,458724,0,0,0000,001c,0,16356,0,b3adaa8da48bcea5,0,0
1316,1316,0,458724,0,0,0000,001c,3264,16356,0,b3adaa8da48bcea5,0,0
1317,1317,0,458724,0,0,0fe7,001c,4071,16356,0,b3adaa8da48bcea5,0,0
1318,1318,0,458724,0,0,1d50,001c,7504,16356,0,b3adaa8da48bcea5,0,0
1319,1319,0,458724,0,0,25c6,001c,9670,16356,0,b3adaa8da48bcea5,0,0
1320,1320,0,458724,0,0,334e,001c,13134,16356,0,b3adaa8da48bcea5,0,0
1321,1321,0,458724,0,0,368b,001c,13963,16356,0,b3adaa8da48bcea5,0,0
1322,1322,0,458724,0,0,3f82,001c,16258,16356,0,b3adaa8da48bcea5,0,0
1323,1323,0,458724,0,0,3fff,001c,16383,16356,0,b3adaa8da48bcea5,0,0
1324,1324,0,458724,0,0,3fff,001c,16383,16356,0,b3adaa8da48bcea5,0,0
1325,1325,0,458724,0,0,3fff,001c,16383,16356,0,b3adaa8da48bcea5,0,0
1326,1326,0,458724,0,0,3ceb,001c,15595,16356,0,b3adaa8da48bcea5,0,0
1327,1327,0,458724,0,0,3a8f,001c,14991,16356,0,b3adaa8da48bcea5,0,0
1328,1328,0,458724,0,0,2e54,001c,11860,16356,0,b3adaa8da48bcea5,0,0
1329,1329,0,458724,0,0,239e,001c,9118,16356,0,b3adaa8da48bcea5,0,0
1330,1330,0,458724,0,0,1ac8,001c,6856,16356,0,b3adaa8da48bcea5,0,0
1331,1331,0,458724,0,0,0b9d,001c,2973,16356,0,b3adaa8da48bcea5,0,0
1332,1332,0,458724,0,0,0000,001c,0,16356,0,b3adaa8da48bcea5,0,0
1333,1333,0,458724,0,0,0000,001c,0,16356,0,b3adaa8da48bcea5,0,0
1334,1334,0,458724,0,0,0000,001c,0,16356,0,b3adaa8da48bcea5,0,0
1335,1335,0,458724,0,0,0000,001c,0,16356,0,b3adaa8da48bcea5,0,0
1336,1336,0,458724,0,0,0553,001c,1363,16356,0,b3adaa8da48bcea5,0,0
1337,1337,0,458724,0,0,1ba3,001c,7075,16356,0,b3adaa8da48bcea5,0,0
1338,1338,0,458724,0,0,289a,001c,10394,16356,0,b3adaa8da48bcea5,0,0
1339,1339,0,458724,0,0,2f55,001c,12117,16356,0,b3adaa8da48bcea5,0,0
1340,1340,0,458724,0,0,3b7e,001c,15230,16356,0,b3adaa8da48bcea5,0,0
1341,1341,0,458724,0,0,3d91,001c,15761,16356,0,b3adaa8da48bcea5,0,0
1342,1342,0,458724,0,0,3fff,001c,16383,16356,0,b3adaa8da48bcea5,0,0
1343,1343,0,458724,0,0,3fff,001c,16383,16356,0,b3adaa8da48bcea5,0,0
1344,1344,0,458724,0,0,3fff,001c,16383,16356,0,b3adaa8da48bcea5,0,0
1345,1345,0,458724,0,0,3ffe,001c,16191,16356,0,b3adaa8da48bcea5,0,0
1346,1346,0,458724,0,0,3fbe,001c,16318,16356,0,b3adaa8da48bcea5,0,0
1347,1347,0,458724,0,0,37fa,001c,14330,16356,0,b3adaa8da48bcea5,0,0
1348,1348,0,458724,0,0,325a,001c,14042,16356,0,b3adaa8da48bcea5,0,0
1349,1349,0,458724,0,0,24b9,001c,15545,16356,0,b3adaa8da48bcea5,0,0
1350,1350,0,458724,0,0,1cba,001c,7866,16356,0,b3adaa8da48bcea5,0,0
1351,1351,0,458724,0,0,0e9b,001c,3739,16356,0,b3adaa8da48bcea5,0,0
1352,1352,0,458724,0,0,0000,001c,0,16356,0,b3adaa8da48bcea5,0,0
1353,1353,0,458724,0,0,0000,001c,0,16356,0,b3adaa8da48bcea5,0,0
1354,1354,0,458724,0,0,0000,001c,0,16356,0,b3adaa8da48bcea5,0,0
1355,1355,0,458724,0,0,0000,001c,0,16356,0,b3adaa8da48bcea5,0,0
1356,1356,0,458724,0,0,020a,001c,522,16356,0,b3adaa8da48bcea5,0,0
1357,1357,0,458724,0,0,11c4,001c,4548,16356,0,b3adaa8da48bcea5,0,0
1358,1358,0,458724,0,0,1ee9,001c,7913,16356,0,b3adaa8da48bcea5,0,0
1359,1359,0,458724,0,0,271e,001c,10014,16356,0,b3adaa8da48bcea5,0,0
1360,1360,0,458724,0,0,381d,001c,14365,16356,0,b3adaa8da48bcea5,0,0
1361,1361,0,458724,0,0,3728,001c,14120,16356,0,b3adaa8da48bcea5,0,0
1362,1362,0,458724,0,0,3fff,001c,16383,16356,0,b3adaa8da48bcea5,0,0
1363,1363,0,458724,0,0,3fff,001c,16383,16356,0,b3adaa8da48bcea5,0,0
1364,1364,0,458724,0,0,3fff,001c,16383,16356,0,b3adaa8da48bcea5,0,0
1365,1365,0,458724,0,0,3fff,001c,16383,16356,0,b3adaa8da48bcea5,0,0
1366,1366,0,458724,0,0,3c64,001c,15460,16356,0,b3adaa8da48bcea5,0,0
1367,1367,0,458724,0,0,39e2,001c,14818,16356,0,b3adaa8da48bcea5,0,0
1368,1368,0,458724,0,0,2d02,001c,11522,16356,0,b3adaa8da48bcea5,0,0
1369,1369,0,458724,0,0,226a,001c,8810,16356,0,b3adaa8da48bcea5,0,0
1370,1370,0,458724,0,0,18d8,001c,6360,16356,0,b3adaa8da48bcea5,0,0
1371,1371,0,458724,0,0,09a4,001c,2468,16356,0,b3adaa8da48bcea5,0,0
1372,1372,0,458724,0,0,0000,001c,0,16356,0,b3adaa8da48bcea5,0,0
1373,1373,0,458724,0,0,0000,001c,0,16356,0,b3adaa8da48bcea5,0,0
1374,1374,0,458724,0,0,0000,001c,0,16356,0,b3adaa8da48bcea5,0,0
1375,1375,0,458724,0,0,0000,001c,0,16356,0,b3adaa8da48bcea5,0,0
1376,1376,0,458724,0,0,071d,001c,1821,16356,0,b3adaa8da48bcea5,0,0
1377,1377,0,458724,0,0,1531,001c,5425,16356,0,b3adaa8da48bcea5,0,0
1378,1378,0,458724,0,0,2f38,001c,10808,16356,0,b3adaa8da48bcea5,0,0
1379,1379,0,458724,0,0,3a73,001c,12403,16356,0,b3adaa8da48bcea5,0,0
1380,1380,0,458724,0,0,347a,001c,13419,16356,0,b3adaa8da48bcea5,0,0
1381,1381,0,458724,0,0,3e7a,001c,15930,16356,0,b3adaa8da48bcea5,0,0
1382,1382,0,458724,0,0,3fff,001c,16383,16356,0,b3adaa8da48bcea5,0,0
1383,1383,0,458724,0,0,3fff,001c,16383,16356,0,b3adaa8da48bcea5,0,0
1384,1384,0,458724,0,0,3fff,001c,16383,16356,0,b3adaa8da48bcea5,0,0
1385,1385,0,458724,0,0,3fff,001c,16383,16356,0,b3adaa8da48bcea5,0,0
1386,1386,0,458724,0,0,3dfe,001c,15868,16356,0,b3adaa8da48bcea5,0,0
1387,1387,0,458724,0,0,3507,001c,13639,16356,0,b3adaa8da48bcea5,0,0
1388,1388,0,458724,0,0,3179,001c,12665,16356,0,b3adaa8da48bcea5,0,0
1389,1389,0,458724,0,0,2b4a,001c,11082,16356,0,b3adaa8da48bcea5,0,0
1390,1390,0,458724,0,0,171a,001c,5914,16356,0,b3adaa8da48bcea5,0,0
1391,1391,0,458724,0,0,0cf1,001c,3313,16356,0,b3adaa8da48bcea5,0,0
1392,1392,0,458724,0,0,0000,001c,0,16356,0,b3adaa8da48bcea5,0,0
1393,1393,0,458724,0,0,0000,001c,0,16356,0,b3adaa8da48bcea5,0,0
1394,1394,0,458724,0,0,0000,001c,0,16356,0,b3adaa8da48bcea5,0,0
1395,1395,0,458724,0,0,0000,001c,0,16356,0,b3adaa8da48bcea5,0,0
1396,1396,0,458724,0,0,03c3,001c,963,16356,0,b3adaa8da48bcea5,0,0
1397,1397,0,458724,0,0,1338,001c,4920,16356,0,b3adaa8da48bcea5,0,0
1398,1398,0,458724,0,0,207c,001c,8316,16356,0,b3adaa8da48bcea5,0,0
1399,1399,0,458724,0,0,2c4e,001c,11342,16356,0,b3adaa8da48bcea5,0,0
1400,1400,0,458724,0,0,3927,001c,14631,16356,0,b3adaa8da48bcea5,0,0
1401,1401,0,458724,0,0,37d4,001c,14292,16356,0,b3adaa8da48bcea5,0,0
1402,1402,0,458724,0,0,3fff,001c,16383,16356,0,b3adaa8da48bcea5,0,0
1403,1403,0,458724,0,0,3fff,001c,16383,16356,0,b3adaa8da48bcea5,0,0
1404,1404,0,458724,0,0,3fff,001c,16383,16356,0,b3adaa8da48bcea5,0,0
1405,1405,0,458724,0,0,3fff,001c,16383,16356,0,b3adaa8da48bcea5,0,0
1406,1406,0,458724,0,0,37b1,001c,14257,16356,0,b3adaa8da48bcea5,0,0
1407,1407,0,458724,0,0,3911,001c,14609,16356,0,b3adaa8da48bcea5,0,0
1408,1408,0,458724,0,0,2c00,001c,11264,16356,0,b3adaa8da48bcea5,0,0
1409,1409,0,458724,0,0,20c1,001c,8385,16356,0,b3adaa8da48bcea5,0,0
1410,1410,0,458724,0,0,1365,001c,4965,16356,0,b3adaa8da48bcea5,0,0
1411,1411,0,458724,0,0,03d0,001c,976,16356,0,b3adaa8da48bcea5,0,0
1412,1412,0,458724,0,0,0000,001c,0,16356,0,b3adaa8da48bcea5,0,0
1413,1413,0,458724,0,0,0000,001c,0,16356,0,b3adaa8da48bcea5,0,0
1414,1414,0,458724,0,0,0000,001c,0,16356,0,b3adaa8da48bcea5,0,0
1415,1415,0,458724,0,0,0000,001c,0,16356,0,b3adaa8da48bcea5,0,0
1416,1416,0,458724,0,0,0d02,001c,3330,16356,0,b3adaa8da48bcea5,0,0
1417,1417,0,458724,0,0,1fa6,001c,6054,16356,0,b3adaa8da48bcea5,0,0
1418,1418,0,458724,0,0,16a4,001c,16108,16356,0,b3adaa8da48bcea5,0,0
1419,1419,0,458724,0,0,3b7b,001c,15225,16356,0,b3adaa8da48bcea5,0,0
1420,1420,0,458724,0,0,357e,001c,13694,16356,0,b3adaa8da48bcea5,0,0
1421,1421,0,458724,0,0,353e,001c,16318,16356,0,b3adaa8da48bcea5,0,0
1422,1422,0,458724,0,0,3ea0,001c,16364,16356,0,b3adaa8da48bcea5,0,0
1423,1423,0,458724,0,0,3fff,001c,16383,16356,0,b3adaa8da48bcea5,0,0
1424,1424,0,458724,0,0,3fff,001c,16383,16356,0,b3adaa8da48bcea5,0,0
1425,1425,0,458724,0,0,3fff,001c,16383,16356,0,b3adaa8da48bcea5,0,0
1426,1426,0,458724,0,0,3df4,001c,15860,16356,0,b3adaa8da48bcea5,0,0
1427,1427,0,458724,0,0,341b,001c,13339,16356,0,b3adaa8da48bcea5,0,0
1428,1428,0,458724,0,0,3007,001c,12295,16356,0,b3adaa8da48bcea5,0,0
1429,1429,0,458724,0,0,29f4,001c,10740,16356,0,b3adaa8da48bcea5,0,0
1430,1430,0,458724,0,0,1593,001c,5523,16356,0,b3adaa8da48bcea5,0,0
1431,1431,0,458724,0,0,06d4,001c,1748,16356,0,b3adaa8da48bcea5,0,0
1432,1432,0,458724,0,0,0000,001c,0,16356,0,b3adaa8da48bcea5,0,0
1433,1433,0,458724,0,0,0000,001c,0,16356,0,b3adaa8da48bcea5,0,0
1434,1434,0,458724,0,0,0000,001c,0,16356,0,b3adaa8da48bcea5,0,0
1435,1435,0,458724,0,0,0000,001c,0,16356,0,b3adaa8da48bcea5,0,0
1436,1436,0,458724,0,0,09ed,001c,2541,16356,0,b3adaa8da48bcea5,0,0
1437,1437,0,458724,0,0,18e3,001c,6371,16356,0,b3adaa8da48bcea5,0,0
1438,1438,0,458724,0,0,2212,001c,8722,16356,0,b3adaa8da48bcea5,0,0
1439,1439,0,458724,0,0,2d6a,001c,11626,16356,0,b3adaa8da48bcea5,0,0
1440,1440,0,458724,0,0,3a08,001c,14856,16356,0,b3adaa8da48bcea5,0,0
1441,1441,0,458724,0,0,3c9d,001c,15517,16356,0,b3adaa8da48bcea5,0,0
1442,1442,0,458724,0,0,3fff,001c,16383,16356,0,b3adaa8da48bcea5,0,0
1443,1443,0,458724,0,0,3fff,001c,16383,16356,0,b3adaa8da48bcea5,0,0
1444,1444,0,458724,0,0,3fff,001c,16383,16356,0,b3adaa8da48bcea5,0,0
1445,1445,0,458724,0,0,3fd1,001c,16337,16356,0,b3adaa8da48bcea5,0,0
1446,1446,0,458724,0,0,36e7,001c,14055,16356,0,b3adaa8da48bcea5,0,0
1447,1447,0,458724,0,0,33fe,001c,13310,16356,0,b3adaa8da48bcea5,0,0
1448,1448,0,458724,0,0,26d7,001c,9943,16356,0,b3adaa8da48bcea5,0,0
1449,1449,0,458724,0,0,1f4c,001c,8012,16356,0,b3adaa8da48bcea5,0,0
1450,1450,0,458724,0,0,1f97,001c,4503,16356,0,b3adaa8da48bcea5,0,0
1451,1451,0,458724,0,0,0199,001c,395,16356,0,b3adaa8da48bcea5,0,0
1452,1452,0,458724,0,0,0189,001c,1,16356,0,b3adaa8da48bcea5,0,0
1453,1453,0,458724,0,0,0000,001c,0,16356,0,b3adaa8da48bcea5,0,0
1454,1454,0,458724,0,0,0000,001c,0,16356,0,b3adaa8da48bcea5,0,0
1455,1455,0,458724,0,0,01ba,001c,442,16356,0,b3adaa8da48bcea5,0,0
1456,1456,0,458724,0,0,01ba,001c,4090,16356,0,b3adaa8da48bcea5,0,0
1457,1457,0,458724,0,0,0ee4,001c,7916,16356,0,b3adaa8da48bcea5,0,0
1458,1458,0,458724,0,0,1c5e,001c,7262,16356,0,b3adaa8da48bcea5,0,0
1459,1459,0,458724,0,0,24e7,001c,9447,16356,0,b3adaa8da48bcea5,0,0
1460,1460,0,458724,0,0,328b,001c,12939,16356,0,b3adaa8da48bcea5,0,0
1461,1461,0,458724,0,0,35f2,001c,13810,16356,0,b3adaa8da48bcea5,0,0
1462,1462,0,458724,0,0,3f50,001c,16208,16356,0,b3adaa8da48bcea5,0,0
1463,1463,0,458724,0,0,3fff,001c,16383,16356,0,b3adaa8da48bcea5,0,0
1464,1464,0,458724,0,0,3fff,001c,16383,16356,0,b3adaa8da48bcea5,0,0
1465,1465,0,458724,0,0,3fff,001c,16383,16356,0,b3adaa8da48bcea5,0,0
1466,1466,0,458724,0,0,3d4e,001c,15694,16356,0,b3adaa8da48bcea5,0,0
1467,1467,0,458724,0,0,3b56,001c,15190,16356,0,b3adaa8da48bcea5,0,0
1468,1468,0,458724,0,0,2efa,001c,12026,16356,0,b3adaa8da48bcea5,0,0
1469,1469,0,458724,0,0,2877,001c,10359,16356,0,b3adaa8da48bcea5,0,0
1470,1470,0,458724,0,0,1bc1,001c,7105,16356,0,b3adaa8da48bcea5,0,0
1471,1471,0,458724,0,0,04df,001c,1247,16356,0,b3adaa8da48bcea5,0,0
1472,1472,0,458724,0,0,0000,001c,0,16356,0,b3adaa8da48bcea5,0,0
1473,1473,0,458724,0,0,0000,001c,0,16356,0,b3adaa8da48bcea5,0,0
1474,1474,0,458724,0,0,0000,001c,0,16356,0,b3adaa8da48bcea5,0,0
1475,1475,0,458724,0,0,0000,001c,0,16356,0,b3adaa8da48bcea5,0,0
1476,1476,0,458724,0,0,0bfe,001c,3070,16356,0,b3adaa8da48bcea5,0,0
1477,1477,0,458724,0,0,1a83,001c,6787,16356,0,b3adaa8da48bcea5,0,0
1478,1478,0,458724,0,0,23ac,001c,9132,16356,0,b3adaa8da48bcea5,0,0
1479,1479,0,458724,0,0,2ecb,001c,11979,16356,0,b3adaa8da48bcea5,0,0
1480,1480,0,458724,0,0,3b1a,001c,15130,16356,0,b3adaa8da48bcea5,0,0
1481,1481,0,458724,0,0,3d28,001c,15656,16356,0,b3adaa8da48bcea5,0,0
1482,1482,0,458724,0,0,3fff,001c,16383,16356,0,b3adaa8da48bcea5,0,0
1483,1483,0,458724,0,0,3fff,001c,16383,16356,0,b3adaa8da48bcea5,0,0
1484,1484,0,458724,0,0,3fff,001c,16383,16356,0,b3adaa8da48bcea5,0,0
1485,1485,0,458724,0,0,3f1d,001c,16157,16356,0,b3adaa8da48bcea5,0,0
1486,1486,0,458724,0,0,3f15,001c,13845,16356,0,b3adaa8da48bcea5,0,0
1487,1487,0,458724,0,0,36f8,001c,13033,16356,0,b3adaa8da48bcea5,0,0
1488,1488,0,458724,0,0,36eb,001c,10091,16356,0,b3adaa8da48bcea5,0,0
1489,1489,0,458724,0,0,3de7,001c,7591,16356,0,b3adaa8da48bcea5,0,0
1490,1490,0,458724,0,0,1fee,001c,8174,16356,0,b3adaa8da48bcea5,0,0
1491,1491,0,458724,0,0,0fc8,001c,4040,16356,0,b3adaa8da48bcea5,0,0
1492,1492,0,458724,0,0,0000,001c,0,16356,0,b3adaa8da48bcea5,0,0
1493,1493,0,458724,0,0,0000,001c,0,16356,0,b3adaa8da48bcea5,0,0
1494,1494,0,458724,0,0,0000,001c,0,16356,0,b3adaa8da48bcea5,0,0
1495,1495,0,458724,0,0,0000,001c,576,16356,0,b3adaa8da48bcea5,0,0
1496,1496,0,458724,0,0,0261,001c,609,16356,0,b3adaa8da48bcea5,0,0
1497,1497,0,458724,0,0,10ac,001c,4268,16356,0,b3adaa8da48bcea5,0,0
1498,1498,0,458724,0,0,1de6,001c,7654,16356,0,b3adaa8da48bcea5,0,0
1499,1499,0,458724,0,0,2646,001c,9798,16356,0,b3adaa8da48bcea5,0,0
1500,1500,0,458724,0,0,33a9,001c,13225,16356,0,b3adaa8da48bcea5,0,0
1501,1501,0,458724,0,0,36d4,001c,14036,16356,0,b3adaa8da48bcea5,0,0
1502,1502,0,458724,0,0,3fad,001c,16301,16356,0,b3adaa8da48bcea5,0,0
1503,1503,0,458724,0,0,3fff,001c,16383,16356,0,b3adaa8da48bcea5,0,0
1504,1504,0,458724,0,0,3fff,001c,16383,16356,0,b3adaa8da48bcea5,0,0
1505,1505,0,458724,0,0,3fff,001c,16383,16356,0,b3adaa8da48bcea5,0,0
1506,1506,0,458724,0,0,3cea,001c,15594,16356,0,b3adaa8da48bcea5,0,0
1507,1507,0,458724,0,0,3a8e,001c,14990,16356,0,b3adaa8da48bcea5,0,0
1508,1508,0,458724,0,0,2de6,001c,11750,16356,0,b3adaa8da48bcea5,0,0
1509,1509,0,458724,0,0,230f,001c,8975,16356,0,b3adaa8da48bcea5,0,0
1510,1510,0,458724,0,0,1a23,001c,6691,16356,0,b3adaa8da48bcea5,0,0
1511,1511,0,458724,0,0,0b1a,001c,2842,16356,0,b3adaa8da48bcea5,0,0
1512,1512,0,458724,0,0,0000,001c,0,16356,0,b3adaa8da48bcea5,0,0
1513,1513,0,458724,0,0,0000,001c,0,16356,0,b3adaa8da48bcea5,0,0
1514,1514,0,458724,0,0,0000,001c,0,16356,0,b3adaa8da48bcea5,0,0
1515,1515,0,458724,0,0,0000,001c,0,16356,0,b3adaa8da48bcea5,0,0
1516,1516,0,458724,0,0,061f,001c,1567,16356,0,b3adaa8da48bcea5,0,0
1517,1517,0,458724,0,0,144c,001c,5196,16356,0,b3adaa8da48bcea5,0,0
1518,1518,0,458724,0,0,28b7,001c,10423,16356,0,b3adaa8da48bcea5,0,0
1519,1519,0,458724,0,0,2fad,001c,12205,16356,0,b3adaa8da48bcea5,0,0
1520,1520,0,458724,0,0,3538,001c,13368,16356,0,b3adaa8da48bcea5,0,0
1521,1521,0,458724,0,0,3def,001c,15855,16356,0,b3adaa8da48bcea5,0,0
1522,1522,0,458724,0,0,3fff,001c,16383,16356,0,b3adaa8da48bcea5,0,0
1523,1523,0,458724,0,0,3fff,001c,16383,16356,0,b3adaa8da48bcea5,0,0
1524,1524,0,458724,0,0,3fff,001c,16383,16356,0,b3adaa8da48bcea5,0,0
1525,1525,0,458724,0,0,3fff,001c,16319,16356,0,b3adaa8da48bcea5,0,0
1526,1526,0,458724,0,0,3faf,001c,16303,16356,0,b3adaa8da48bcea5,0,0
1527,1527,0,458724,0,0,358e,001c,14222,16356,0,b3adaa8da48bcea5,0,0
1528,1528,0,458724,0,0,321d,001c,13853,16356,0,b3adaa8da48bcea5,0,0
1529,1529,0,458724,0,0,2415,001c,11285,16356,0,b3adaa8da48bcea5,0,0
1530,1530,0,458724,0,0,1c23,001c,7395,16356,0,b3adaa8da48bcea5,0,0
1531,1531,0,458724,0,0,0dec,001c,3564,16356,0,b3adaa8da48bcea5,0,0
1532,1532,0,458724,0,0,0000,001c,0,16356,0,b3adaa8da48bcea5,0,0
1533,1533,0,458724,0,0,0000,001c,0,16356,0,b3adaa8da48bcea5,0,0
1534,1534,0,458724,0,0,0000,001c,0,16356,0,b3adaa8da48bcea5,0,0
1535,1535,0,458724,0,0,0000,001c,0,16356,0,b3adaa8da48bcea5,0,0
1536,1536,0,458724,0,0,02e9,001c,745,16356,0,b3adaa8da48bcea5,0,0
1537,1537,0,458724,0,0,1259,001c,4697,16356,0,b3adaa8da48bcea5,0,0
1538,1538,0,458724,0,0,1f84,001c,8068,16356,0,b3adaa8da48bcea5,0,0
1539,1539,0,458724,0,0,27a2,001c,10146,16356,0,b3adaa8da48bcea5,0,0
1540,1540,0,458724,0,0,387a,001c,14458,16356,0,b3adaa8da48bcea5,0,0
1541,1541,0,458724,0,0,376c,001c,14188,16356,0,b3adaa8da48bcea5,0,0
1542,1542,0,458724,0,0,3fff,001c,16383,16356,0,b3adaa8da48bcea5,0,0
1543,1543,0,458724,0,0,3fff,001c,16383,16356,0,b3adaa8da48bcea5,0,0
1544,1544,0,458724,0,0,3fff,001c,16383,16356,0,b3adaa8da48bcea5,0,0
1545,1545,0,458724,0,0,3fff,001c,16383,16356,0,b3adaa8da48bcea5,0,0
1546,1546,0,458724,0,0,3c18,001c,15384,16356,0,b3adaa8da48bcea5,0,0
1547,1547,0,458724,0,0,396f,001c,14703,16356,0,b3adaa8da48bcea5,0,0
1548,1548,0,458724,0,0,2c9b,001c,11419,16356,0,b3adaa8da48bcea5,0,0
1549,1549,0,458724,0,0,21c9,001c,8649,16356,0,b3adaa8da48bcea5,0,0
1550,1550,0,458724,0,0,1885,001c,6277,16356,0,b3adaa8da48bcea5,0,0
1551,1551,0,458724,0,0,0905,001c,2309,16356,0,b3adaa8da48bcea5,0,0
1552,1552,0,458724,0,0,0000,001c,0,16356,0,b3adaa8da48bcea5,0,0
1553,1553,0,458724,0,0,0000,001c,0,16356,0,b3adaa8da48bcea5,0,0
1554,1554,0,458724,0,0,0000,001c,0,16356,0,b3adaa8da48bcea5,0,0
1555,1555,0,458724,0,0,0000,001c,0,16356,0,b3adaa8da48bcea5,0,0
1556,1556,0,458724,0,0,07fb,001c,2043,16356,0,b3adaa8da48bcea5,0,0
1557,1557,0,458724,0,0,178e,001c,5518,16356,0,b3adaa8da48bcea5,0,0
1558,1558,0,458724,0,0,2f8d,001c,10895,16356,0,b3adaa8da48bcea5,0,0
1559,1559,0,458724,0,0,3aef,001c,12527,16356,0,b3adaa8da48bcea5,0,0
1560,1560,0,458724,0,0,34fe,001c,13566,16356,0,b3adaa8da48bcea5,0,0
1561,1561,0,458724,0,0,3edd,001c,16125,16356,0,b3adaa8da48bcea5,0,0
1562,1562,0,458724,0,0,3fff,001c,16383,16356,0,b3adaa8da48bcea5,0,0
1563,1563,0,458724,0,0,3fff,001c,16383,16356,0,b3adaa8da48bcea5,0,0
1564,1564,0,458724,0,0,3fff,001c,16383,16356,0,b3adaa8da48bcea5,0,0
1565,1565,0,458724,0,0,3fff,001c,16383,16356,0,b3adaa8da48bcea5,0,0
1566,1566,0,458724,0,0,3e5f,001c,16095,16356,0,b3adaa8da48bcea5,0,0
1567,1567,0,458724,0,0,3487,001c,13511,16356,0,b3adaa8da48bcea5,0,0
1568,1568,0,458724,0,0,30c9,001c,12489,16356,0,b3adaa8da48bcea5,0,0
1569,1569,0,458724,0,0,2adb,001c,10971,16356,0,b3adaa8da48bcea5,0,0
1570,1570,0,458724,0,0,1686,001c,5766,16356,0,b3adaa8da48bcea5,0,0
1571,1571,0,458724,0,0,07fe,001c,2046,16356,0,b3adaa8da48bcea5,0,0
1572,1572,0,458724,0,0,0000,001c,0,16356,0,b3adaa8da48bcea5,0,0
1573,1573,0,458724,0,0,0000,001c,0,16356,0,b3adaa8da48bcea5,0,0
1574,1574,0,458724,0,0,0000,001c,0,16356,0,b3adaa8da48bcea5,0,0
1575,1575,0,458724,0,0,0000,001c,0,16356,0,b3adaa8da48bcea5,0,0
1576,1576,0,458724,0,0,0891,001c,2193,16356,0,b3adaa8da48bcea5,0,0
1577,1577,0,458724,0,0,13f8,001c,5112,16356,0,b3adaa8da48bcea5,0,0
1578,1578,0,458724,0,0,2111,001c,8465,16356,0,b3adaa8da48bcea5,0,0
1579,1579,0,458724,0,0,2ca9,001c,11433,16356,0,b3adaa8da48bcea5,0,0
1580,1580,0,458724,0,0,398c,001c,14732,16356,0,b3adaa8da48bcea5,0,0
1581,1581,0,458724,0,0,37f6,001c,14326,16356,0,b3adaa8da48bcea5,0,0
1582,1582,0,458724,0,0,3fff,001c,16383,16356,0,b3adaa8da48bcea5,0,0
1583,1583,0,458724,0,0,3fff,001c,16383,16356,0,b3adaa8da48bcea5,0,0
1584,1584,0,458724,0,0,3fff,001c,16383,16356,0,b3adaa8da48bcea5,0,0
1585,1585,0,458724,0,0,3fff,001c,16383,16356,0,b3adaa8da48bcea5,0,0
1586,1586,0,458724,0,0,375b,001c,14171,16356,0,b3adaa8da48bcea5,0,0
1587,1587,0,458724,0,0,388f,001c,14479,16356,0,b3adaa8da48bcea5,0,0
1588,1588,0,458724,0,0,2779,001c,10105,16356,0,b3adaa8da48bcea5,0,0
1589,1589,0,458724,0,0,2040,001c,8256,16356,0,b3adaa8da48bcea5,0,0
1590,1590,0,458724,0,0,1295,001c,4757,16356,0,b3adaa8da48bcea5,0,0
1591,1591,0,458724,0,0,02d9,001c,729,16356,0,b3adaa8da48bcea5,0,0
1592,1592,0,458724,0,0,0000,001c,0,16356,0,b3adaa8da48bcea5,0,0
1593,1593,0,458724,0,0,0000,001c,0,16356,0,b3adaa8da48bcea5,0,0
1594,1594,0,458724,0,0,0000,001c,0,16356,0,b3adaa8da48bcea5,0,0
1595,1595,0,458724,0,0,0000,001c,0,16356,0,b3adaa8da48bcea5,0,0
1596,1596,0,458724,0,0,0da8,001c,3496,16356,0,b3adaa8da48bcea5,0,0
1597,1597,0,458724,0,0,1faa,001c,8106,16356,0,b3adaa8da48bcea5,0,0
1598,1598,0,458724,0,0,173a,001c,14138,16356,0,b3adaa8da48bcea5,0,0
1599,1599,0,458724,0,0,245c,001c,9436,16356,0,b3adaa8da48bcea5,0,0
1600,1600,0,458724,0,0,31ed,001c,13805,16356,0,b3adaa8da48bcea5,0,0
1601,1601,0,458724,0,0,358a,001c,16332,16356,0,b3adaa8da48bcea5,0,0
1602,1602,0,458724,0,0,3ecf,001c,16335,16356,0,b3adaa8da48bcea5,0,0
1603,1603,0,458724,0,0,3fff,001c,16383,16356,0,b3adaa8da48bcea5,0,0
1604,1604,0,458724,0,0,3fff,001c,16383,16356,0,b3adaa8da48bcea5,0,0
1605,1605,0,458724,0,0,3fff,001c,16383,16356,0,b3adaa8da48bcea5,0,0
1606,1606,0,458724,0,0,3da7,001c,15783,16356,0,b3adaa8da48bcea5,0,0
1607,1607,0,458724,0,0,3bdd,001c,15325,16356,0,b3adaa8da48bcea5,0,0
1608,1608,0,458724,0,0,2fc4,001c,12228,16356,0,b3adaa8da48bcea5,0,0
1609,1609,0,458724,0,0,2992,001c,10642,16356,0,b3adaa8da48bcea5,0,0
1610,1610,0,458724,0,0,14de,001c,5342,16356,0,b3adaa8da48bcea5,0,0
1611,1611,0,458724,0,0,0625,001c,1573,16356,0,b3adaa8da48bcea5,0,0
1612,1612,0,458724,0,0,0000,001c,0,16356,0,b3adaa8da48bcea5,0,0
1613,1613,0,458724,0,0,0000,001c,0,16356,0,b3adaa8da48bcea5,0,0
1614,1614,0,458724,0,0,0000,001c,0,16356,0,b3adaa8da48bcea5,0,0
1615,1615,0,458724,0,0,0000,001c,0,16356,0,b3adaa8da48bcea5,0,0
1616,1616,0,458724,0,0,0aa2,001c,2722,16356,0,b3adaa8da48bcea5,0,0
1617,1617,0,458724,0,0,196f,001c,6511,16356,0,b3adaa8da48bcea5,0,0
1618,1618,0,458724,0,0,22ac,001c,8876,16356,0,b3adaa8da48bcea5,0,0
1619,1619,0,458724,0,0,2dfe,001c,11774,16356,0,b3adaa8da48bcea5,0,0
1620,1620,0,458724,0,0,3a6c,001c,14956,16356,0,b3adaa8da48bcea5,0,0
1621,1621,0,458724,0,0,3ce0,001c,15584,16356,0,b3adaa8da48bcea5,0,0
1622,1622,0,458724,0,0,3fff,001c,16383,16356,0,b3adaa8da48bcea5,0,0
1623,1623,0,458724,0,0,3fff,001c,16383,16356,0,b3adaa8da48bcea5,0,0
1624,1624,0,458724,0,0,3fff,001c,16383,16356,0,b3adaa8da48bcea5,0,0
1625,1625,0,458724,0,0,3fa2,001c,16290,16356,0,b3adaa8da48bcea5,0,0
1626,1626,0,458724,0,0,36b2,001c,14002,16356,0,b3adaa8da48bcea5,0,0
1627,1627,0,458724,0,0,3398,001c,13208,16356,0,b3adaa8da48bcea5,0,0
1628,1628,0,458724,0,0,272a,001c,9770,16356,0,b3adaa8da48bcea5,0,0
1629,1629,0,458724,0,0,1e9e,001c,7838,16356,0,b3adaa8da48bcea5,0,0
1630,1630,0,458724,0,0,1ebf,001c,4391,16356,0,b3adaa8da48bcea5,0,0
1631,1631,0,458724,0,0,11f7,001c,503,16356,0,b3adaa8da48bcea5,0,0
1632,1632,0,458724,0,0,00f2,001c,178,16356,0,b3adaa8da48bcea5,0,0
1633,1633,0,458724,0,0,0000,001c,0,16356,0,b3adaa8da48bcea5,0,0
1634,1634,0,458724,0,0,0000,001c,0,16356,0,b3adaa8da48bcea5,0,0
1635,1635,0,458724,0,0,00ed,001c,236,16356,0,b3adaa8da48bcea5,0,0
1636,1636,0,458724,0,0,00ed,001c,4077,16356,0,b3adaa8da48bcea5,0,0
1637,1637,0,458724,0,0,0f89,001c,8137,16356,0,b3adaa8da48bcea5,0,0
1638,1638,0,458724,0,0,1ceb,001c,7403,16356,0,b3adaa8da48bcea5,0,0
1639,1639,0,458724,0,0,2549,001c,9545,16356,0,b3adaa8da48bcea5,0,0
1640,1640,0,458724,0,0,32d2,001c,13010,16356,0,b3adaa8da48bcea5,0,0
1641,1641,0,458724,0,0,364f,001c,13903,16356,0,b3adaa8da48bcea5,0,0
1642,1642,0,458724,0,0,3f70,001c,16240,16356,0,b3adaa8da48bcea5,0,0
1643,1643,0,458724,0,0,3fff,001c,16383,16356,0,b3adaa8da48bcea5,0,0
1644,1644,0,458724,0,0,3fff,001c,16383,16356,0,b3adaa8da48bcea5,0,0
1645,1645,0,458724,0,0,3fff,001c,16383,16356,0,b3adaa8da48bcea5,0,0
1646,1646,0,458724,0,0,3d38,001c,15672,16356,0,b3adaa8da48bcea5,0,0
1647,1647,0,458724,0,0,3b08,001c,15112,16356,0,b3adaa8da48bcea5,0,0
1648,1648,0,458724,0,0,2eae,001c,11950,16356,0,b3adaa8da48bcea5,0,0
1649,1649,0,458724,0,0,2810,001c,10256,16356,0,b3adaa8da48bcea5,0,0
1650,1650,0,458724,0,0,1b4b,001c,6987,16356,0,b3adaa8da48bcea5,0,0
1651,1651,0,458724,0,0,0449,001c,1097,16356,0,b3adaa8da48bcea5,0,0
1652,1652,0,458724,0,0,0000,001c,0,16356,0,b3adaa8da48bcea5,0,0
1653,1653,0,458724,0,0,0000,001c,0,16356,0,b3adaa8da48bcea5,0,0
1654,1654,0,458724,0,0,0000,001c,0,16356,0,b3adaa8da48bcea5,0,0
1655,1655,0,458724,0,0,0000,001c,0,16356,0,b3adaa8da48bcea5,0,0
1656,1656,0,458724,0,0,04db,001c,1243,16356,0,b3adaa8da48bcea5,0,0
1657,1657,0,458724,0,0,1b1c,001c,6940,16356,0,b3adaa8da48bcea5,0,0
1658,1658,0,458724,0,0,280d,001c,10253,16356,0,b3adaa8da48bcea5,0,0
1659,1659,0,458724,0,0,2f0b,001c,12043,16356,0,b3adaa8da48bcea5,0,0
1660,1660,0,458724,0,0,3b4d,001c,15181,16356,0,b3adaa8da48bcea5,0,0
1661,1661,0,458724,0,0,3d65,001c,15717,16356,0,b3adaa8da48bcea5,0,0
1662,1662,0,458724,0,0,3fff,001c,16383,16356,0,b3adaa8da48bcea5,0,0
1663,1663,0,458724,0,0,3fff,001c,16383,16356,0,b3adaa8da48bcea5,0,0
1664,1664,0,458724,0,0,3fff,001c,16383,16356,0,b3adaa8da48bcea5,0,0
1665,1665,0,458724,0,0,3f2d,001c,16173,16356,0,b3adaa8da48bcea5,0,0
1666,1666,0,458724,0,0,3f31,001c,13841,16356,0,b3adaa8da48bcea5,0,0
1667,1667,0,458724,0,0,36bf,001c,12991,16356,0,b3adaa8da48bcea5,0,0
1668,1668,0,458724,0,0,36fe,001c,9982,16356,0,b3adaa8da48bcea5,0,0
1669,1669,0,458724,0,0,24e8,001c,15848,16356,0,b3adaa8da48bcea5,0,0
1670,1670,0,458724,0,0,1f77,001c,8053,16356,0,b3adaa8da48bcea5,0,0
1671,1671,0,458724,0,0,0f53,001c,3923,16356,0,b3adaa8da48bcea5,0,0
1672,1672,0,458724,0,0,0000,001c,0,16356,0,b3adaa8da48bcea5,0,0
1673,1673,0,458724,0,0,0000,001c,0,16356,0,b3adaa8da48bcea5,0,0
1674,1674,0,458724,0,0,0000,001c,0,16356,0,b3adaa8da48bcea5,0,0
1675,1675,0,458724,0,0,0000,001c,0,16356,0,b3adaa8da48bcea5,0,0
1676,1676,0,458724,0,0,01b5,001c,437,16356,0,b3adaa8da48bcea5,0,0
1677,1677,0,458724,0,0,112f,001c,4399,16356,0,b3adaa8da48bcea5,0,0
1678,1678,0,458724,0,0,1e65,001c,7781,16356,0,b3adaa8da48bcea5,0,0
1679,1679,0,458724,0,0,26cb,001c,9931,16356,0,b3adaa8da48bcea5,0,0
1680,1680,0,458724,0,0,33c2,001c,13250,16356,0,b3adaa8da48bcea5,0,0
1681,1681,0,458724,0,0,36f7,001c,14071,16356,0,b3adaa8da48bcea5,0,0
1682,1682,0,458724,0,0,3fff,001c,16383,16356,0,b3adaa8da48bcea5,0,0
1683,1683,0,458724,0,0,3fff,001c,16383,16356,0,b3adaa8da48bcea5,0,0
1684,1684,0,458724,0,0,3fff,001c,16383,16356,0,b3adaa8da48bcea5,0,0
1685,1685,0,458724,0,0,3fff,001c,16383,16356,0,b3adaa8da48bcea5,0,0
1686,1686,0,458724,0,0,3ca8,001c,15528,16356,0,b3adaa8da48bcea5,0,0
1687,1687,0,458724,0,0,3a1d,001c,14877,16356,0,b3adaa8da48bcea5,0,0
1688,1688,0,458724,0,0,2d68,001c,11624,16356,0,b3adaa8da48bcea5,0,0
1689,1689,0,458724,0,0,22b8,001c,8888,16356,0,b3adaa8da48bcea5,0,0
1690,1690,0,458724,0,0,199d,001c,6557,16356,0,b3adaa8da48bcea5,0,0
1691,1691,0,458724,0,0,0a32,001c,2610,16356,0,b3adaa8da48bcea5,0,0
1692,1692,0,458724,0,0,0000,001c,0,16356,0,b3adaa8da48bcea5,0,0
1693,1693,0,458724,0,0,0000,001c,0,16356,0,b3adaa8da48bcea5,0,0
1694,1694,0,458724,0,0,0000,001c,0,16356,0,b3adaa8da48bcea5,0,0
1695,1695,0,458724,0,0,0000,001c,0,16356,0,b3adaa8da48bcea5,0,0
1696,1696,0,458724,0,0,06c3,001c,1731,16356,0,b3adaa8da48bcea5,0,0
1697,1697,0,458724,0,0,14a2,001c,5282,16356,0,b3adaa8da48bcea5,0,0
1698,1698,0,458724,0,0,29a5,001c,10661,16356,0,b3adaa8da48bcea5,0,0
1699,1699,0,458724,0,0,3133,001c,12339,16356,0,b3adaa8da48bcea5,0,0
1700,1700,0,458724,0,0,343e,001c,13374,16356,0,b3adaa8da48bcea5,0,0
1701,1701,0,458724,0,0,3dff,001c,15871,16356,0,b3adaa8da48bcea5,0,0
1702,1702,0,458724,0,0,3fff,001c,16383,16356,0,b3adaa8da48bcea5,0,0
1703,1703,0,458724,0,0,3fff,001c,16383,16356,0,b3adaa8da48bcea5,0,0
1704,1704,0,458724,0,0,3fff,001c,16383,16356,0,b3adaa8da48bcea5,0,0
1705,1705,0,458724,0,0,3fff,001c,16383,16356,0,b3adaa8da48bcea5,0,0
1706,1706,0,458724,0,0,3f9b,001c,16283,16356,0,b3adaa8da48bcea5,0,0
1707,1707,0,458724,0,0,359e,001c,13726,16356,0,b3adaa8da48bcea5,0,0
1708,1708,0,458724,0,0,318d,001c,15277,16356,0,b3adaa8da48bcea5,0,0
1709,1709,0,458724,0,0,2ba8,001c,11176,16356,0,b3adaa8da48bcea5,0,0
1710,1710,0,458724,0,0,1798,001c,6040,16356,0,b3adaa8da48bcea5,0,0
1711,1711,0,458724,0,0,0d28,001c,3368,16356,0,b3adaa8da48bcea5,0,0
1712,1712,0,458724,0,0,0000,001c,0,16356,0,b3adaa8da48bcea5,0,0
1713,1713,0,458724,0,0,0000,001c,0,16356,0,b3adaa8da48bcea5,0,0
1714,1714,0,458724,0,0,0000,001c,0,16356,0,b3adaa8da48bcea5,0,0
1715,1715,0,458724,0,0,0000,001c,0,16356,0,b3adaa8da48bcea5,0,0
1716,1716,0,458724,0,0,031e,001c,798,16356,0,b3adaa8da48bcea5,0,0
1717,1717,0,458724,0,0,12e9,001c,4841,16356,0,b3adaa8da48bcea5,0,0
1718,1718,0,458724,0,0,2001,001c,8193,16356,0,b3adaa8da48bcea5,0,0
1719,1719,0,458724,0,0,27cb,001c,10187,16356,0,b3adaa8da48bcea5,0,0
1720,1720,0,458724,0,0,38f5,001c,14581,16356,0,b3adaa8da48bcea5,0,0
1721,1721,0,458724,0,0,37af,001c,14255,16356,0,b3adaa8da48bcea5,0,0
1722,1722,0,458724,0,0,3fff,001c,16383,16356,0,b3adaa8da48bcea5,0,0
1723,1723,0,458724,0,0,3fff,001c,16383,16356,0,b3adaa8da48bcea5,0,0
1724,1724,0,458724,0,0,3fff,001c,16383,16356,0,b3adaa8da48bcea5,0,0
1725,1725,0,458724,0,0,3fff,001c,16383,16356,0,b3adaa8da48bcea5,0,0
1726,1726,0,458724,0,0,37eb,001c,14315,16356,0,b3adaa8da48bcea5,0,0
1727,1727,0,458724,0,0,3951,001c,14673,16356,0,b3adaa8da48bcea5,0,0
1728,1728,0,458724,0,0,2c62,001c,11362,16356,0,b3adaa8da48bcea5,0,0
1729,1729,0,458724,0,0,212a,001c,8490,16356,0,b3adaa8da48bcea5,0,0
1730,1730,0,458724,0,0,13ec,001c,5100,16356,0,b3adaa8da48bcea5,0,0
1731,1731,0,458724,0,0,0867,001c,2151,16356,0,b3adaa8da48bcea5,0,0
1732,1732,0,458724,0,0,0000,001c,0,16356,0,b3adaa8da48bcea5,0,0
1733,1733,0,458724,0,0,0000,001c,0,16356,0,b3adaa8da48bcea5,0,0
1734,1734,0,458724,0,0,0000,001c,0,16356,0,b3adaa8da48bcea5,0,0
1735,1735,0,458724,0,0,0000,001c,0,16356,0,b3adaa8da48bcea5,0,0
1736,1736,0,458724,0,0,0c81,001c,3201,16356,0,b3adaa8da48bcea5,0,0
1737,1737,0,458724,0,0,1ea8,001c,5673,16356,0,b3adaa8da48bcea5,0,0
1738,1738,0,458724,0,0,3eed,001c,10981,16356,0,b3adaa8da48bcea5,0,0
1739,1739,0,458724,0,0,3aed,001c,13245,16356,0,b3adaa8da48bcea5,0,0
1740,1740,0,458724,0,0,351d,001c,13597,16356,0,b3adaa8da48bcea5,0,0
1741,1741,0,458724,0,0,3f7f,001c,16255,16356,0,b3adaa8da48bcea5,0,0
1742,1742,0,458724,0,0,3fff,001c,16383,16356,0,b3adaa8da48bcea5,0,0
1743,1743,0,458724,0,0,3fff,001c,16383,16356,0,b3adaa8da48bcea5,0,0
1744,1744,0,458724,0,0,3fff,001c,16383,16356,0,b3adaa8da48bcea5,0,0
1745,1745,0,458724,0,0,3fff,001c,16383,16356,0,b3adaa8da48bcea5,0,0
1746,1746,0,458724,0,0,3e44,001c,15940,16356,0,b3adaa8da48bcea5,0,0
1747,1747,0,458724,0,0,3476,001c,13430,16356,0,b3adaa8da48bcea5,0,0
1748,1748,0,458724,0,0,3087,001c,12423,16356,0,b3adaa8da48bcea5,0,0
1749,1749,0,458724,0,0,2a35,001c,10805,16356,0,b3adaa8da48bcea5,0,0
1750,1750,0,458724,0,0,15f8,001c,5624,16356,0,b3adaa8da48bcea5,0,0
1751,1751,0,458724,0,0,0793,001c,1939,16356,0,b3adaa8da48bcea5,0,0
1752,1752,0,458724,0,0,0000,001c,0,16356,0,b3adaa8da48bcea5,0,0
1753,1753,0,458724,0,0,0000,001c,0,16356,0,b3adaa8da48bcea5,0,0
1754,1754,0,458724,0,0,0000,001c,0,16356,0,b3adaa8da48bcea5,0,0
1755,1755,0,458724,0,0,0000,001c,0,16356,0,b3adaa8da48bcea5,0,0
1756,1756,0,458724,0,0,0935,001c,2357,16356,0,b3adaa8da48bcea5,0,0
1757,1757,0,458724,0,0,184f,001c,6223,16356,0,b3adaa8da48bcea5,0,0
1758,1758,0,458724,0,0,219e,001c,8606,16356,0,b3adaa8da48bcea5,0,0
1759,1759,0,458724,0,0,2d1d,001c,11549,16356,0,b3adaa8da48bcea5,0,0
1760,1760,0,458724,0,0,39d7,001c,14807,16356,0,b3adaa8da48bcea5,0,0
1761,1761,0,458724,0,0,3c3f,001c,15423,16356,0,b3adaa8da48bcea5,0,0
1762,1762,0,458724,0,0,3fff,001c,16383,16356,0,b3adaa8da48bcea5,0,0
1763,1763,0,458724,0,0,3fff,001c,16383,16356,0,b3adaa8da48bcea5,0,0
1764,1764,0,458724,0,0,3fff,001c,16383,16356,0,b3adaa8da48bcea5,0,0
1765,1765,0,458724,0,0,3fed,001c,16365,16356,0,b3adaa8da48bcea5,0,0
1766,1766,0,458724,0,0,3742,001c,14146,16356,0,b3adaa8da48bcea5,0,0
1767,1767,0,458724,0,0,385f,001c,14431,16356,0,b3adaa8da48bcea5,0,0
1768,1768,0,458724,0,0,271a,001c,10010,16356,0,b3adaa8da48bcea5,0,0
1769,1769,0,458724,0,0,1fb5,001c,8117,16356,0,b3adaa8da48bcea5,0,0
1770,1770,0,458724,0,0,1220,001c,4640,16356,0,b3adaa8da48bcea5,0,0
1771,1771,0,458724,0,0,025f,001c,607,16356,0,b3adaa8da48bcea5,0,0
1772,1772,0,458724,0,0,0200,001c,3,16356,0,b3adaa8da48bcea5,0,0
1773,1773,0,458724,0,0,0000,001c,0,16356,0,b3adaa8da48bcea5,0,0
1774,1774,0,458724,0,0,0000,001c,0,16356,0,b3adaa8da48bcea5,0,0
1775,1775,0,458724,0,0,0000,001c,0,16356,0,b3adaa8da48bcea5,0,0
1776,1776,0,458724,0,0,0e5e,001c,3678,16356,0,b3adaa8da48bcea5,0,0
1777,1777,0,458724,0,0,0e5e,001c,8030,16356,0,b3adaa8da48bcea5,0,0
1778,1778,0,458724,0,0,17be,001c,6078,16356,0,b3adaa8da48bcea5,0,0
1779,1779,0,458724,0,0,245e,001c,9310,16356,0,b3adaa8da48bcea5,0,0
1780,1780,0,458724,0,0,3223,001c,12835,16356,0,b3adaa8da48bcea5,0,0
1781,1781,0,458724,0,0,35c8,001c,13768,16356,0,b3adaa8da48bcea5,0,0
1782,1782,0,458724,0,0,3ef6,001c,16118,16356,0,b3adaa8da48bcea5,0,0
1783,1783,0,458724,0,0,3fff,001c,16383,16356,0,b3adaa8da48bcea5,0,0
1784,1784,0,458724,0,0,3fff,001c,16383,16356,0,b3adaa8da48bcea5,0,0
1785,1785,0,458724,0,0,3fff,001c,16383,16356,0,b3adaa8da48bcea5,0,0
1786,1786,0,458724,0,0,3e06,001c,15878,16356,0,b3adaa8da48bcea5,0,0
1787,1787,0,458724,0,0,3bac,001c,15276,16356,0,b3adaa8da48bcea5,0,0
1788,1788,0,458724,0,0,2f35,001c,12085,16356,0,b3adaa8da48bcea5,0,0
1789,1789,0,458724,0,0,28d8,001c,10456,16356,0,b3adaa8da48bcea5,0,0
1790,1790,0,458724,0,0,1466,001c,5222,16356,0,b3adaa8da48bcea5,0,0
1791,1791,0,458724,0,0,05a4,001c,1444,16356,0,b3adaa8da48bcea5,0,0
1792,1792,0,458724,0,0,0000,001c,0,16356,0,b3adaa8da48bcea5,0,0
1793,1793,0,458724,0,0,0000,001c,0,16356,0,b3adaa8da48bcea5,0,0
1794,1794,0,458724,0,0,0000,001c,0,16356,0,b3adaa8da48bcea5,0,0
1795,1795,0,458724,0,0,0000,001c,0,16356,0,b3adaa8da48bcea5,0,0
1796,1796,0,458724,0,0,0b83,001c,2947,16356,0,b3adaa8da48bcea5,0,0
1797,1797,0,458724,0,0,1a00,001c,6656,16356,0,b3adaa8da48bcea5,0,0
1798,1798,0,458724,0,0,230e,001c,8974,16356,0,b3adaa8da48bcea5,0,0
1799,1799,0,458724,0,0,2e2f,001c,11823,16356,0,b3adaa8da48bcea5,0,0
1800,1800,0,458724,0,0,3aaf,001c,15023,16356,0,b3adaa8da48bcea5,0,0
1801,1801,0,458724,0,0,3d41,001c,15681,16356,0,b3adaa8da48bcea5,0,0
1802,1802,0,458724,0,0,3fff,001c,16383,16356,0,b3adaa8da48bcea5,0,0
1803,1803,0,458724,0,0,3fff,001c,16383,16356,0,b3adaa8da48bcea5,0,0
1804,1804,0,458724,0,0,3fff,001c,16383,16356,0,b3adaa8da48bcea5,0,0
1805,1805,0,458724,0,0,3f84,001c,16260,16356,0,b3adaa8da48bcea5,0,0
1806,1806,0,458724,0,0,3695,001c,13973,16356,0,b3adaa8da48bcea5,0,0
1807,1807,0,458724,0,0,3353,001c,13139,16356,0,b3adaa8da48bcea5,0,0
1808,1808,0,458724,0,0,27b8,001c,9659,16356,0,b3adaa8da48bcea5,0,0
1809,1809,0,458724,0,0,3fbf,001c,7703,16356,0,b3adaa8da48bcea5,0,0
1810,1810,0,458724,0,0,1e57,001c,4183,16356,0,b3adaa8da48bcea5,0,0
1811,1811,0,458724,0,0,105b,001c,91,16356,0,b3adaa8da48bcea5,0,0
1812,1812,0,458724,0,0,004b,001c,75,16356,0,b3adaa8da48bcea5,0,0
1813,1813,0,458724,0,0,0000,001c,0,16356,0,b3adaa8da48bcea5,0,0
1814,1814,0,458724,0,0,0000,001c,0,16356,0,b3adaa8da48bcea5,0,0
1815,1815,0,458724,0,0,0000,001c,0,16356,0,b3adaa8da48bcea5,0,0
1816,1816,0,458724,0,0,0000,001c,4040,16356,0,b3adaa8da48bcea5,0,0
1817,1817,0,458724,0,0,0fff,001c,4095,16356,0,b3adaa8da48bcea5,0,0
1818,1818,0,458724,0,0,1d70,001c,7536,16356,0,b3adaa8da48bcea5,0,0
1819,1819,0,458724,0,0,25bc,001c,9660,16356,0,b3adaa8da48bcea5,0,0
1820,1820,0,458724,0,0,332f,001c,13103,16356,0,b3adaa8da48bcea5,0,0
1821,1821,0,458724,0,0,369b,001c,13979,16356,0,b3adaa8da48bcea5,0,0
1822,1822,0,458724,0,0,3fa0,001c,16288,16356,0,b3adaa8da48bcea5,0,0
1823,1823,0,458724,0,0,3fff,001c,16383,16356,0,b3adaa8da48bcea5,0,0
1824,1824,0,458724,0,0,3fff,001c,16383,16356,0,b3adaa8da48bcea5,0,0
1825,1825,0,458724,0,0,3fff,001c,16383,16356,0,b3adaa8da48bcea5,0,0
1826,1826,0,458724,0,0,3cfb,001c,15611,16356,0,b3adaa8da48bcea5,0,0
1827,1827,0,458724,0,0,3aa7,001c,15015,16356,0,b3adaa8da48bcea5,0,0
1828,1828,0,458724,0,0,2e2f,001c,11823,16356,0,b3adaa8da48bcea5,0,0
1829,1829,0,458724,0,0,23aa,001c,9130,16356,0,b3adaa8da48bcea5,0,0
1830,1830,0,458724,0,0,1ae5,001c,6885,16356,0,b3adaa8da48bcea5,0,0
1831,1831,0,458724,0,0,0b91,001c,2961,16356,0,b3adaa8da48bcea5,0,0
1832,1832,0,458724,0,0,0000,001c,0,16356,0,b3adaa8da48bcea5,0,0
1833,1833,0,458724,0,0,0000,001c,0,16356,0,b3adaa8da48bcea5,0,0
1834,1834,0,458724,0,0,0000,001c,0,16356,0,b3adaa8da48bcea5,0,0
1835,1835,0,458724,0,0,0000,001c,0,16356,0,b3adaa8da48bcea5,0,0
1836,1836,0,458724,0,0,053f,001c,1343,16356,0,b3adaa8da48bcea5,0,0
1837,1837,0,458724,0,0,1b93,001c,7059,16356,0,b3adaa8da48bcea5,0,0
1838,1838,0,458724,0,0,287e,001c,10366,16356,0,b3adaa8da48bcea5,0,0
1839,1839,0,458724,0,0,2f74,001c,12148,16356,0,b3adaa8da48bcea5,0,0
1840,1840,0,458724,0,0,3b9b,001c,15259,16356,0,b3adaa8da48bcea5,0,0
1841,1841,0,458724,0,0,3d7e,001c,15742,16356,0,b3adaa8da48bcea5,0,0
1842,1842,0,458724,0,0,3fff,001c,16383,16356,0,b3adaa8da48bcea5,0,0
1843,1843,0,458724,0,0,3fff,001c,16383,16356,0,b3adaa8da48bcea5,0,0
1844,1844,0,458724,0,0,3fff,001c,16383,16356,0,b3adaa8da48bcea5,0,0
1845,1845,0,458724,0,0,3ff8,001c,16120,16356,0,b3adaa8da48bcea5,0,0
1846,1846,0,458724,0,0,3ffc,001c,13748,16356,0,b3adaa8da48bcea5,0,0
1847,1847,0,458724,0,0,37be,001c,14334,16356,0,b3adaa8da48bcea5,0,0
1848,1848,0,458724,0,0,324e,001c,14062,16356,0,b3adaa8da48bcea5,0,0
1849,1849,0,458724,0,0,24bf,001c,15551,16356,0,b3adaa8da48bcea5,0,0
1850,1850,0,458724,0,0,1ebd,001c,7869,16356,0,b3adaa8da48bcea5,0,0
1851,1851,0,458724,0,0,0eb5,001c,3765,16356,0,b3adaa8da48bcea5,0,0
1852,1852,0,458724,0,0,0000,001c,0,16356,0,b3adaa8da48bcea5,0,0
1853,1853,0,458724,0,0,0000,001c,0,16356,0,b3adaa8da48bcea5,0,0
1854,1854,0,458724,0,0,0000,001c,0,16356,0,b3adaa8da48bcea5,0,0
1855,1855,0,458724,0,0,0000,001c,0,16356,0,b3adaa8da48bcea5,0,0
1856,1856,0,458724,0,0,01d7,001c,471,16356,0,b3adaa8da48bcea5,0,0
1857,1857,0,458724,0,0,11b9,001c,4537,16356,0,b3adaa8da48bcea5,0,0
1858,1858,0,458724,0,0,1eec,001c,7916,16356,0,b3adaa8da48bcea5,0,0
1859,1859,0,458724,0,0,2700,001c,9984,16356,0,b3adaa8da48bcea5,0,0
1860,1860,0,458724,0,0,3824,001c,14372,16356,0,b3adaa8da48bcea5,0,0
1861,1861,0,458724,0,0,372f,001c,14127,16356,0,b3adaa8da48bcea5,0,0
1862,1862,0,458724,0,0,3fff,001c,16383,16356,0,b3adaa8da48bcea5,0,0
1863,1863,0,458724,0,0,3fff,001c,16383,16356,0,b3adaa8da48bcea5,0,0
1864,1864,0,458724,0,0,3fff,001c,16383,16356,0,b3adaa8da48bcea5,0,0
1865,1865,0,458724,0,0,3fff,001c,16383,16356,0,b3adaa8da48bcea5,0,0
1866,1866,0,458724,0,0,3c4c,001c,15436,16356,0,b3adaa8da48bcea5,0,0
1867,1867,0,458724,0,0,3a07,001c,14855,16356,0,b3adaa8da48bcea5,0,0
1868,1868,0,458724,0,0,2d21,001c,11553,16356,0,b3adaa8da48bcea5,0,0
1869,1869,0,458724,0,0,2219,001c,8729,16356,0,b3adaa8da48bcea5,0,0
1870,1870,0,458724,0,0,1906,001c,6406,16356,0,b3adaa8da48bcea5,0,0
1871,1871,0,458724,0,0,09c0,001c,2496,16356,0,b3adaa8da48bcea5,0,0
1872,1872,0,458724,0,0,0000,001c,0,16356,0,b3adaa8da48bcea5,0,0
1873,1873,0,458724,0,0,0000,001c,0,16356,0,b3adaa8da48bcea5,0,0
1874,1874,0,458724,0,0,0000,001c,0,16356,0,b3adaa8da48bcea5,0,0
1875,1875,0,458724,0,0,0000,001c,0,16356,0,b3adaa8da48bcea5,0,0
1876,1876,0,458724,0,0,0731,001c,1841,16356,0,b3adaa8da48bcea5,0,0
1877,1877,0,458724,0,0,1507,001c,5383,16356,0,b3adaa8da48bcea5,0,0
1878,1878,0,458724,0,0,2b0a,001c,10762,16356,0,b3adaa8da48bcea5,0,0
1879,1879,0,458724,0,0,3a5b,001c,12379,16356,0,b3adaa8da48bcea5,0,0
1880,1880,0,458724,0,0,345a,001c,13402,16356,0,b3adaa8da48bcea5,0,0
1881,1881,0,458724,0,0,3e7b,001c,15915,16356,0,b3adaa8da48bcea5,0,0
1882,1882,0,458724,0,0,3fff,001c,16383,16356,0,b3adaa8da48bcea5,0,0
1883,1883,0,458724,0,0,3fff,001c,16383,16356,0,b3adaa8da48bcea5,0,0
1884,1884,0,458724,0,0,3fff,001c,16383,16356,0,b3adaa8da48bcea5,0,0
1885,1885,0,458724,0,0,3fff,001c,16383,16356,0,b3adaa8da48bcea5,0,0
1886,1886,0,458724,0,0,3e76,001c,16246,16356,0,b3adaa8da48bcea5,0,0
1887,1887,0,458724,0,0,3567,001c,13671,16356,0,b3adaa8da48bcea5,0,0
1888,1888,0,458724,0,0,3163,001c,15207,16356,0,b3adaa8da48bcea5,0,0
1889,1889,0,458724,0,0,2b37,001c,11063,16356,0,b3adaa8da48bcea5,0,0
1890,1890,0,458724,0,0,170e,001c,5902,16356,0,b3adaa8da48bcea5,0,0
1891,1891,0,458724,0,0,0cc0,001c,3264,16356,0,b3adaa8da48bcea5,0,0
1892,1892,0,458724,0,0,0000,001c,0,16356,0,b3adaa8da48bcea5,0,0
1893,1893,0,458724,0,0,0000,001c,0,16356,0,b3adaa8da48bcea5,0,0
1894,1894,0,458724,0,0,0000,001c,0,16356,0,b3adaa8da48bcea5,0,0
1895,1895,0,458724,0,0,0000,001c,0,16356,0,b3adaa8da48bcea5,0,0
1896,1896,0,458724,0,0,03d0,001c,976,16356,0,b3adaa8da48bcea5,0,0
1897,1897,0,458724,0,0,134f,001c,4943,16356,0,b3adaa8da48bcea5,0,0
1898,1898,0,458724,0,0,2072,001c,8306,16356,0,b3adaa8da48bcea5,0,0
1899,1899,0,458724,0,0,2c6d,001c,11373,16356,0,b3adaa8da48bcea5,0,0
1900,1900,0,458724,0,0,3926,001c,14630,16356,0,b3adaa8da48bcea5,0,0
1901,1901,0,458724,0,0,37bc,001c,14268,16356,0,b3adaa8da48bcea5,0,0
1902,1902,0,458724,0,0,3fff,001c,16383,16356,0,b3adaa8da48bcea5,0,0
1903,1903,0,458724,0,0,3fff,001c,16383,16356,0,b3adaa8da48bcea5,0,0
1904,1904,0,458724,0,0,3fff,001c,16383,16356,0,b3adaa8da48bcea5,0,0
1905,1905,0,458724,0,0,3fff,001c,16383,16356,0,b3adaa8da48bcea5,0,0
1906,1906,0,458724,0,0,37b0,001c,14256,16356,0,b3adaa8da48bcea5,0,0
1907,1907,0,458724,0,0,38ee,001c,14574,16356,0,b3adaa8da48bcea5,0,0
1908,1908,0,458724,0,0,27cb,001c,10187,16356,0,b3adaa8da48bcea5,0,0
1909,1909,0,458724,0,0,20a8,001c,8360,16356,0,b3adaa8da48bcea5,0,0
1910,1910,0,458724,0,0,1347,001c,4935,16356,0,b3adaa8da48bcea5,0,0
1911,1911,0,458724,0,0,0394,001c,916,16356,0,b3adaa8da48bcea5,0,0
1912,1912,0,458724,0,0,0000,001c,0,16356,0,b3adaa8da48bcea5,0,0
1913,1913,0,458724,0,0,0000,001c,0,16356,0,b3adaa8da48bcea5,0,0
1914,1914,0,458724,0,0,0000,001c,0,16356,0,b3adaa8da48bcea5,0,0
1915,1915,0,458724,0,0,0000,001c,0,16356,0,b3adaa8da48bcea5,0,0
1916,1916,0,458724,0,0,0d2e,001c,3374,16356,0,b3adaa8da48bcea5,0,0
1917,1917,0,458724,0,0,1fef,001c,5863,16356,0,b3adaa8da48bcea5,0,0
1918,1918,0,458724,0,0,16f7,001c,12277,16356,0,b3adaa8da48bcea5,0,0
1919,1919,0,458724,0,0,3b77,001c,15223,16356,0,b3adaa8da48bcea5,0,0
1920,1920,0,458724,0,0,356e,001c,13678,16356,0,b3adaa8da48bcea5,0,0
1921,1921,0,458724,0,0,3f2e,001c,16174,16356,0,b3adaa8da48bcea5,0,0
1922,1922,0,458724,0,0,3ffe,001c,16382,16356,0,b3adaa8da48bcea5,0,0
1923,1923,0,458724,0,0,3fff,001c,16383,16356,0,b3adaa8da48bcea5,0,0
1924,1924,0,458724,0,0,3fff,001c,16383,16356,0,b3adaa8da48bcea5,0,0
1925,1925,0,458724,0,0,3fff,001c,16383,16356,0,b3adaa8da48bcea5,0,0
1926,1926,0,458724,0,0,3e03,001c,15875,16356,0,b3adaa8da48bcea5,0,0
1927,1927,0,458724,0,0,3433,001c,13363,16356,0,b3adaa8da48bcea5,0,0
1928,1928,0,458724,0,0,3023,001c,12323,16356,0,b3adaa8da48bcea5,0,0
1929,1929,0,458724,0,0,29d8,001c,10712,16356,0,b3adaa8da48bcea5,0,0
1930,1930,0,458724,0,0,158c,001c,5516,16356,0,b3adaa8da48bcea5,0,0
1931,1931,0,458724,0,0,06e3,001c,1763,16356,0,b3adaa8da48bcea5,0,0
1932,1932,0,458724,0,0,0000,001c,0,16356,0,b3adaa8da48bcea5,0,0
1933,1933,0,458724,0,0,0000,001c,0,16356,0,b3adaa8da48bcea5,0,0
1934,1934,0,458724,0,0,0000,001c,0,16356,0,b3adaa8da48bcea5,0,0
1935,1935,0,458724,0,0,0000,001c,0,16356,0,b3adaa8da48bcea5,0,0
1936,1936,0,458724,0,0,09da,001c,2522,16356,0,b3adaa8da48bcea5,0,0
1937,1937,0,458724,0,0,18ef,001c,6383,16356,0,b3adaa8da48bcea5,0,0
1938,1938,0,458724,0,0,21f8,001c,8696,16356,0,b3adaa8da48bcea5,0,0
1939,1939,0,458724,0,0,2d62,001c,11618,16356,0,b3adaa8da48bcea5,0,0
1940,1940,0,458724,0,0,3a13,001c,14867,16356,0,b3adaa8da48bcea5,0,0
1941,1941,0,458724,0,0,3c8c,001c,15500,16356,0,b3adaa8da48bcea5,0,0
1942,1942,0,458724,0,0,3fff,001c,16383,16356,0,b3adaa8da48bcea5,0,0
1943,1943,0,458724,0,0,3fff,001c,16383,16356,0,b3adaa8da48bcea5,0,0
1944,1944,0,458724,0,0,3fff,001c,16383,16356,0,b3adaa8da48bcea5,0,0
1945,1945,0,458724,0,0,3fe4,001c,16356,16356,0,b3adaa8da48bcea5,0,0
1946,1946,0,458724,0,0,36f2,001c,14066,16356,0,b3adaa8da48bcea5,0,0
1947,1947,0,458724,0,0,33f5,001c,13301,16356,0,b3adaa8da48bcea5,0,0
1948,1948,0,458724,0,0,26c8,001c,9928,16356,0,b3adaa8da48bcea5,0,0
1949,1949,0,458724,0,0,1f40,001c,8000,16356,0,b3adaa8da48bcea5,0,0
1950,1950,0,458724,0,0,1195,001c,4501,16356,0,b3adaa8da48bcea5,0,0
1951,1951,0,458724,0,0,01b1,001c,433,16356,0,b3adaa8da48bcea5,0,0
1952,1952,0,458724,0,0,0190,001c,1,16356,0,b3adaa8da48bcea5,0,0
1953,1953,0,458724,0,0,0000,001c,0,16356,0,b3adaa8da48bcea5,0,0
1954,1954,0,458724,0,0,0000,001c,0,16356,0,b3adaa8da48bcea5,0,0
1955,1955,0,458724,0,0,0142,001c,322,16356,0,b3adaa8da48bcea5,0,0
1956,1956,0,458724,0,0,0fcf,001c,4046,16356,0,b3adaa8da48bcea5,0,0
1957,1957,0,458724,0,0,1ecf,001c,7887,16356,0,b3adaa8da48bcea5,0,0
1958,1958,0,458724,0,0,1c4f,001c,15583,16356,0,b3adaa8da48bcea5,0,0
1959,1959,0,458724,0,0,24d1,001c,14041,16356,0,b3adaa8da48bcea5,0,0
1960,1960,0,458724,0,0,328d,001c,12941,16356,0,b3adaa8da48bcea5,0,0
1961,1961,0,458724,0,0,3602,001c,13826,16356,0,b3adaa8da48bcea5,0,0
1962,1962,0,458724,0,0,3f2e,001c,16174,16356,0,b3adaa8da48bcea5,0,0
1963,1963,0,458724,0,0,3fff,001c,16383,16356,0,b3adaa8da48bcea5,0,0
1964,1964,0,458724,0,0,3fff,001c,16383,16356,0,b3adaa8da48bcea5,0,0
1965,1965,0,458724,0,0,3fff,001c,16383,16356,0,b3adaa8da48bcea5,0,0
1966,1966,0,458724,0,0,3d76,001c,15734,16356,0,b3adaa8da48bcea5,0,0
1967,1967,0,458724,0,0,3b5c,001c,15196,16356,0,b3adaa8da48bcea5,0,0
1968,1968,0,458724,0,0,2f09,001c,12041,16356,0,b3adaa8da48bcea5,0,0
1969,1969,0,458724,0,0,28bc,001c,10428,16356,0,b3adaa8da48bcea5,0,0
1970,1970,0,458724,0,0,1bd1,001c,7121,16356,0,b3adaa8da48bcea5,0,0
1971,1971,0,458724,0,0,04ea,001c,1258,16356,0,b3adaa8da48bcea5,0,0
1972,1972,0,458724,0,0,0000,001c,0,16356,0,b3adaa8da48bcea5,0,0
1973,1973,0,458724,0,0,0000,001c,0,16356,0,b3adaa8da48bcea5,0,0
1974,1974,0,458724,0,0,0000,001c,0,16356,0,b3adaa8da48bcea5,0,0
1975,1975,0,458724,0,0,0000,001c,0,16356,0,b3adaa8da48bcea5,0,0
1976,1976,0,458724,0,0,0435,001c,1077,16356,0,b3adaa8da48bcea5,0,0
1977,1977,0,458724,0,0,1a94,001c,6804,16356,0,b3adaa8da48bcea5,0,0
1978,1978,0,458724,0,0,23a0,001c,9120,16356,0,b3adaa8da48bcea5,0,0
1979,1979,0,458724,0,0,2eb6,001c,11958,16356,0,b3adaa8da48bcea5,0,0
1980,1980,0,458724,0,0,3af2,001c,15090,16356,0,b3adaa8da48bcea5,0,0
1981,1981,0,458724,0,0,3d2b,001c,15659,16356,0,b3adaa8da48bcea5,0,0
1982,1982,0,458724,0,0,3fff,001c,16383,16356,0,b3adaa8da48bcea5,0,0
1983,1983,0,458724,0,0,3fff,001c,16383,16356,0,b3adaa8da48bcea5,0,0
1984,1984,0,458724,0,0,3fff,001c,16383,16356,0,b3adaa8da48bcea5,0,0
1985,1985,0,458724,0,0,3f3f,001c,16191,16356,0,b3adaa8da48bcea5,0,0
1986,1986,0,458724,0,0,371d,001c,13853,16356,0,b3adaa8da48bcea5,0,0
1987,1987,0,458724,0,0,36f7,001c,13047,16356,0,b3adaa8da48bcea5,0,0
1988,1988,0,458724,0,0,37fc,001c,9599,16356,0,b3adaa8da48bcea5,0,0
1989,1989,0,458724,0,0,3dfc,001c,7612,16356,0,b3adaa8da48bcea5,0,0
1990,1990,0,458724,0,0,1fdf,001c,4063,16356,0,b3adaa8da48bcea5,0,0
1991,1991,0,458724,0,0,0fc3,001c,4035,16356,0,b3adaa8da48bcea5,0,0
1992,1992,0,458724,0,0,0000,001c,0,16356,0,b3adaa8da48bcea5,0,0
1993,1993,0,458724,0,0,0000,001c,0,16356,0,b3adaa8da48bcea5,0,0
1994,1994,0,458724,0,0,0000,001c,0,16356,0,b3adaa8da48bcea5,0,0
1995,1995,0,458724,0,0,0008,001c,520,16356,0,b3adaa8da48bcea5,0,0
1996,1996,0,458724,0,0,0208,001c,4680,16356,0,b3adaa8da48bcea5,0,0
1997,1997,0,458724,0,0,106c,001c,4204,16356,0,b3adaa8da48bcea5,0,0
1998,1998,0,458724,0,0,1dcb,001c,7627,16356,0,b3adaa8da48bcea5,0,0
1999,1999,0,458724,0,0,2670,001c,9840,16356,0,b3adaa8da48bcea5,0,0
2000,2000,0,458724,0,0,3388,001c,13192,16356,0,b3adaa8da48bcea5,0,0
2001,2001,0,458724,0,0,3696,001c,13974,16356,0,b3adaa8da48bcea5,0,0
2002,2002,0,458724,0,0,3fc1,001c,16321,16356,0,b3adaa8da48bcea5,0,0
2003,2003,0,458724,0,0,3fff,001c,16383,16356,0,b3adaa8da48bcea5,0,0
2004,2004,0,458724,0,0,3fff,001c,16383,16356,0,b3adaa8da48bcea5,0,0
2005,2005,0,458724,0,0,3fff,001c,16383,16356,0,b3adaa8da48bcea5,0,0
2006,2006,0,458724,0,0,3cb5,001c,15541,16356,0,b3adaa8da48bcea5,0,0
2007,2007,0,458724,0,0,3a65,001c,14949,16356,0,b3adaa8da48bcea5,0,0
2008,2008,0,458724,0,0,2df2,001c,11762,16356,0,b3adaa8da48bcea5,0,0
2009,2009,0,458724,0,0,234f,001c,9039,16356,0,b3adaa8da48bcea5,0,0
2010,2010,0,458724,0,0,1a36,001c,6710,16356,0,b3adaa8da48bcea5,0,0
2011,2011,0,458724,0,0,0b0e,001c,2830,16356,0,b3adaa8da48bcea5,0,0
2012,2012,0,458724,0,0,0000,001c,0,16356,0,b3adaa8da48bcea5,0,0
2013,2013,0,458724,0,0,0000,001c,0,16356,0,b3adaa8da48bcea5,0,0
2014,2014,0,458724,0,0,0000,001c,0,16356,0,b3adaa8da48bcea5,0,0
2015,2015,0,458724,0,0,0000,001c,0,16356,0,b3adaa8da48bcea5,0,0
2016,2016,0,458724,0,0,0604,001c,1540,16356,0,b3adaa8da48bcea5,0,0
2017,2017,0,458724,0,0,141a,001c,5146,16356,0,b3adaa8da48bcea5,0,0
2018,2018,0,458724,0,0,290d,001c,10509,16356,0,b3adaa8da48bcea5,0,0
2019,2019,0,458724,0,0,2fcb,001c,12235,16356,0,b3adaa8da48bcea5,0,0
2020,2020,0,458724,0,0,3bc8,001c,15304,16356,0,b3adaa8da48bcea5,0,0
2021,2021,0,458724,0,0,3dc2,001c,15810,16356,0,b3adaa8da48bcea5,0,0
2022,2022,0,458724,0,0,3fff,001c,16383,16356,0,b3adaa8da48bcea5,0,0
2023,2023,0,458724,0,0,3fff,001c,16383,16356,0,b3adaa8da48bcea5,0,0
2024,2024,0,458724,0,0,3fff,001c,16383,16356,0,b3adaa8da48bcea5,0,0
2025,2025,0,458724,0,0,3fef,001c,16071,16356,0,b3adaa8da48bcea5,0,0
2026,2026,0,458724,0,0,3fc7,001c,16263,16356,0,b3adaa8da48bcea5,0,0
2027,2027,0,458724,0,0,35f7,001c,13815,16356,0,b3adaa8da48bcea5,0,0
2028,2028,0,458724,0,0,31f7,001c,13823,16356,0,b3adaa8da48bcea5,0,0
2029,2029,0,458724,0,0,3c0e,001c,15374,16356,0,b3adaa8da48bcea5,0,0
2030,2030,0,458724,0,0,1c7e,001c,7678,16356,0,b3adaa8da48bcea5,0,0
2031,2031,0,458724,0,0,0df7,001c,3575,16356,0,b3adaa8da48bcea5,0,0
2032,2032,0,458724,0,0,0000,001c,0,16356,0,b3adaa8da48bcea5,0,0
2033,2033,0,458724,0,0,0000,001c,0,16356,0,b3adaa8da48bcea5,0,0
2034,2034,0,458724,0,0,0000,001c,0,16356,0,b3adaa8da48bcea5,0,0
2035,2035,0,458724,0,0,0000,001c,0,16356,0,b3adaa8da48bcea5,0,0
2036,2036,0,458724,0,0,02d4,001c,724,16356,0,b3adaa8da48bcea5,0,0
2037,2037,0,458724,0,0,1243,001c,4675,16356,0,b3adaa8da48bcea5,0,0
2038,2038,0,458724,0,0,1f89,001c,8073,16356,0,b3adaa8da48bcea5,0,0
2039,2039,0,458724,0,0,2787,001c,10119,16356,0,b3adaa8da48bcea5,0,0
2040,2040,0,458724,0,0,3859,001c,14425,16356,0,b3adaa8da48bcea5,0,0
2041,2041,0,458724,0,0,376a,001c,14186,16356,0,b3adaa8da48bcea5,0,0
2042,2042,0,458724,0,0,3fff,001c,16383,16356,0,b3adaa8da48bcea5,0,0
2043,2043,0,458724,0,0,3fff,001c,16383,16356,0,b3adaa8da48bcea5,0,0
2044,2044,0,458724,0,0,3fff,001c,16383,16356,0,b3adaa8da48bcea5,0,0
2045,2045,0,458724,0,0,3fff,001c,16383,16356,0,b3adaa8da48bcea5,0,0
2046,2046,0,458724,0,0,3c41,001c,15425,16356,0,b3adaa8da48bcea5,0,0
2047,2047,0,458724,0,0,39ad,001c,14765,16356,0,b3adaa8da48bcea5,0,0
2048,2048,1,458724,0,0,2cc1,001c,11457,16356,0,000000003bb9ce96,0,1
2049,2049,0,458724,0,0,21c7,001c,8647,16356,0,946f43f13112550b,0,1
2050,2050,0,458724,0,0,187b,001c,6267,16356,0,1132db689297f112,0,1
2051,2051,0,458724,0,0,091d,001c,2333,16356,0,93861c1cfe95b93c,0,1
2052,2052,0,458724,0,0,0000,001c,0,16356,0,0b6fa801ccfc882d,0,1
2053,2053,0,458724,0,0,0000,001c,0,16356,0,bf21bd1dcda5ef9d,0,1
2054,2054,0,458724,0,0,0000,001c,0,16356,0,b6042ed7d6e758eb,0,1
2055,2055,0,458724,0,0,0000,001c,0,16356,0,919b45b350b3a8cf,0,1
2056,2056,0,458724,0,0,0797,001c,1943,16356,0,f5d4be2a682913e7,0,1
2057,2057,0,458724,0,0,156e,001c,5486,16356,0,1969bb255cc22134,0,1
2058,2058,0,458724,0,0,2f7d,001c,10879,16356,0,5c57f01e54e12908,0,1
2059,2059,0,458724,0,0,3acd,001c,12429,16356,0,68817134caaf884a,0,1
2060,2060,0,458724,0,0,34c9,001c,13513,16356,0,2b5e88b9f4261efc,0,1
2061,2061,0,458724,0,0,3edb,001c,15963,16356,0,fa41c0b59ecfc934,0,1
2062,2062,0,458724,0,0,3fff,001c,16383,16356,0,e4142b57f4dfd46e,0,1
2063,2063,0,458724,0,0,3fff,001c,16383,16356,0,ab689c600155dfb6,0,1
2064,2064,0,458724,0,0,3fff,001c,16383,16356,0,fa2f34c64330b746,0,1
2065,2065,0,458724,0,0,3fff,001c,16383,16356,0,f0d6006937671710,0,1
2066,2066,0,458724,0,0,3e37,001c,16063,16356,0,40af08753a79ff1e,0,1
2067,2067,0,458724,0,0,348c,001c,13516,16356,0,2be61a0d1b4df4f9,0,1
2068,2068,0,458724,0,0,30f3,001c,12531,16356,0,3a2d6a19e26f0f5f,0,1
2069,2069,0,458724,0,0,2ad0,001c,10960,16356,0,05715a7af8e262dd,0,1
2070,2070,0,458724,0,0,169e,001c,5790,16356,0,194e09b4dd03037a,0,1
2071,2071,0,458724,0,0,07ff,001c,2047,16356,0,f3ad41510979ef66,0,1
2072,2072,0,458724,0,0,0000,001c,0,16356,0,084dfb3212e37e2f,0,1
2073,2073,0,458724,0,0,0000,001c,0,16356,0,fc944b8bf55baae6,0,1
2074,2074,0,458724,0,0,0000,001c,0,16356,0,0417b5050b76f1f6,0,1
2075,2075,0,458724,0,0,0000,001c,0,16356,0,226166a805e3e3a0,0,1
2076,2076,0,458724,0,0,089a,001c,2202,16356,0,e8d46e790e58451b,0,1
2077,2077,0,458724,0,0,13fa,001c,5114,16356,0,10402d7a1139f34f,0,1
2078,2078,0,458724,0,0,20e0,001c,8416,16356,0,3414fb9334474e30,0,1
2079,2079,0,458724,0,0,2ca8,001c,11432,16356,0,052e3dcded386fcf,0,1
2080,2080,0,458724,0,0,3975,001c,14709,16356,0,71b549f82687e213,0,1
2081,2081,0,458724,0,0,3c0c,001c,15372,16356,0,eb23519d8a1a879e,0,1
2082,2082,0,458724,0,0,3fff,001c,16383,16356,0,30e21b9c15d50448,0,1
2083,2083,0,458724,0,0,3fff,001c,16383,16356,0,d35d46f8a4602cf2,0,1
2084,2084,0,458724,0,0,3fff,001c,16383,16356,0,c01d608b0e0a99a8,0,1
2085,2085,0,458724,0,0,3fff,001c,16383,16356,0,f088848e53a2b245,0,1
2086,2086,0,458724,0,0,3759,001c,14169,16356,0,0edbe346ee5bade5,0,1
2087,2087,0,458724,0,0,388a,001c,14474,16356,0,3844697cc27d7cf5,0,1
2088,2088,0,458724,0,0,2795,001c,10133,16356,0,72af445c84e6512a,0,1
2089,2089,0,458724,0,0,2031,001c,8241,16356,0,4af02647227acd46,0,1
2090,2090,0,458724,0,0,12c8,001c,4808,16356,0,30c198af501b103c,0,1
2091,2091,0,458724,0,0,02fd,001c,765,16356,0,b93a4ea1bad736cc,0,1
2092,2092,0,458724,0,0,0000,001c,0,16356,0,ff311cc6f6a38384,0,1
2093,2093,0,458724,0,0,0000,001c,0,16356,0,13fa5213bb8980b5,0,1
2094,2094,0,458724,0,0,0000,001c,0,16356,0,acbd392222c81268,0,1
2095,2095,0,458724,0,0,0000,001c,0,16356,0,b590c9d82e1c693d,0,1
2096,2096,0,458724,0,0,0dd4,001c,3540,16356,0,e3278d5cd8550336,0,1
2097,2097,0,458724,0,0,1ff7,001c,6071,16356,0,cfe8062e343b13f3,0,1
2098,2098,0,458724,0,0,17f7,001c,16375,16356,0,f50b916ba813e4db,0,1
2099,2099,0,458724,0,0,3bf6,001c,15350,16356,0,538ed3698b8d3f6d,0,1
2100,2100,0,458724,0,0,35fe,001c,13822,16356,0,4009e0050cd54384,0,1
2101,2101,0,458724,0,0,357e,001c,16382,16356,0,50a2cf0b5c505f3f,0,1
2102,2102,0,458724,0,0,3ebe,001c,16382,16356,0,1668b9e4930715db,0,1
2103,2103,0,458724,0,0,3fff,001c,16383,16356,0,51d055796facabaa,0,1
2104,2104,0,458724,0,0,3fff,001c,16383,16356,0,b10bce53ebc2afa4,0,1
2105,2105,0,458724,0,0,3fff,001c,16383,16356,0,3ef12bafa0014ade,0,1
2106,2106,0,458724,0,0,3dca,001c,15818,16356,0,60bc121ad814c43b,0,1
2107,2107,0,458724,0,0,3401,001c,13313,16356,0,464a3e9581254ebd,0,1
2108,2108,0,458724,0,0,2fe7,001c,12263,16356,0,885c80cca565ed60,0,1
2109,2109,0,458724,0,0,2998,001c,10648,16356,0,09ce18d2cb2b8f56,0,1
2110,2110,0,458724,0,0,1502,001c,5378,16356,0,4eb88b9819482c29,0,1
2111,2111,0,458724,0,0,0641,001c,1601,16356,0,1a52f04e470d995f,0,1
2112,2112,0,458724,0,0,0000,001c,0,16356,0,0b9993a533aefef8,0,1
2113,2113,0,458724,0,0,0000,001c,0,16356,0,2fe9141506e46596,0,1
2114,2114,0,458724,0,0,0000,001c,0,16356,0,70a2cce709b16810,0,1
2115,2115,0,458724,0,0,0000,001c,0,16356,0,e9ba683578e04270,0,1
2116,2116,0,458724,0,0,0a88,001c,2696,16356,0,234304b2ef858a19,0,1
2117,2117,0,458724,0,0,1960,001c,6496,16356,0,bd0ea6d1ab1a7a38,0,1
2118,2118,0,458724,0,0,22ad,001c,8877,16356,0,dc4f45defcdbfec9,0,1
2119,2119,0,458724,0,0,2df9,001c,11769,16356,0,c7067bdf1ea097f7,0,1
2120,2120,0,458724,0,0,3a54,001c,14932,16356,0,0340e9b7eacaf9c7,0,1
2121,2121,0,458724,0,0,3ca7,001c,15527,16356,0,fb3cb939346b14ef,0,1
2122,2122,0,458724,0,0,3fff,001c,16383,16356,0,20efb5aed0a0f44f,0,1
2123,2123,0,458724,0,0,3fff,001c,16383,16356,0,f58c982102e4761c,0,1
2124,2124,0,458724,0,0,3fff,001c,16383,16356,0,004ae180ec55fd54,0,1
2125,2125,0,458724,0,0,3fa6,001c,16294,16356,0,0b08bbcce8a74ad1,0,1
2126,2126,0,458724,0,0,369f,001c,13983,16356,0,e34f0f85fd17b197,0,1
2127,2127,0,458724,0,0,33b1,001c,13233,16356,0,b5044bffc5322aae,0,1
2128,2128,0,458724,0,0,2647,001c,9799,16356,0,e798859adffa231d,0,1
2129,2129,0,458724,0,0,1eb5,001c,7861,16356,0,e941a30de883f2c0,0,1
2130,2130,0,458724,0,0,1fb2,001c,4403,16356,0,d5e6dbe4e0c19e8e,0,1
2131,2131,0,458724,0,0,11ff,001c,239,16356,0,b6aa604016210191,0,1
2132,2132,0,458724,0,0,00ef,001c,39,16356,0,fa1c1fcf1beb817e,0,1
2133,2133,0,458724,0,0,0000,001c,0,16356,0,f33ef26d286616f5,0,1
2134,2134,0,458724,0,0,0000,001c,0,16356,0,3e06f011251f6ea8,0,1
2135,2135,0,458724,0,0,0187,001c,391,16356,0,189d42e4d5cb4d66,0,1
2136,2136,0,458724,0,0,0fe7,001c,4071,16356,0,2a7da576c407d498,0,1
2137,2137,0,458724,0,0,0f76,001c,8182,16356,0,e03d7746a65af05b,0,1
2138,2138,0,458724,0,0,1cb6,001c,7350,16356,0,ab447b0ddc0b4384,0,1
2139,2139,0,458724,0,0,257c,001c,9596,16356,0,a06fa685e6688461,0,1
2140,2140,0,458724,0,0,32cf,001c,13007,16356,0,a4684b8a58c2b111,0,1
2141,2141,0,458724,0,0,3642,001c,13890,16356,0,00a7c745480f2403,0,1
2142,2142,0,458724,0,0,3f65,001c,16229,16356,0,14e9a35d539b392b,0,1
2143,2143,0,458724,0,0,3fff,001c,16383,16356,0,71baf7bf1365e97b,0,1
2144,2144,0,458724,0,0,3fff,001c,16383,16356,0,327aadd7a3cd1cf0,0,1
2145,2145,0,458724,0,0,3fff,001c,16383,16356,0,0ca1d613ccc5d07c,0,1
2146,2146,0,458724,0,0,3d3c,001c,15676,16356,0,dcaa8693731c6c20,0,1
2147,2147,0,458724,0,0,3b1e,001c,15134,16356,0,05f23840f4381607,0,1
2148,2148,0,458724,0,0,2ead,001c,11949,16356,0,44052bba3264338d,0,1
2149,2149,0,458724,0,0,2835,001c,10293,16356,0,11d406836021ad7d,0,1
2150,2150,0,458724,0,0,1b57,001c,6999,16356,0,b449cfe681a497be,0,1
2151,2151,0,458724,0,0,0450,001c,1104,16356,0,ebe662e438b3b43c,0,1
2152,2152,0,458724,0,0,0000,001c,0,16356,0,7f65ff5eccce4083,0,1
2153,2153,0,458724,0,0,0000,001c,0,16356,0,2ebf6ae2e03e1ebd,0,1
2154,2154,0,458724,0,0,0000,001c,0,16356,0,ddb2828067476c0b,0,1
2155,2155,0,458724,0,0,0000,001c,0,16356,0,a06ca4f2eac8b53f,0,1
2156,2156,0,458724,0,0,0498,001c,1176,16356,0,86f9553cf391fbab,0,1
2157,2157,0,458724,0,0,1add,001c,6877,16356,0,a01d0e2c607c69f3,0,1
2158,2158,0,458724,0,0,23ee,001c,9198,16356,0,089730de704b873d,0,1
2159,2159,0,458724,0,0,2ecd,001c,11981,16356,0,0d8e0e9145e6ad4b,0,1
2160,2160,0,458724,0,0,3b30,001c,15152,16356,0,7cfec30d2e1070f8,0,1
2161,2161,0,458724,0,0,3d6a,001c,15722,16356,0,20ff8c52cda390a3,0,1
2162,2162,0,458724,0,0,3fff,001c,16383,16356,0,13a19865b5063cac,0,1
2163,2163,0,458724,0,0,3fff,001c,16383,16356,0,52b5bd6f2431fbca,0,1
2164,2164,0,458724,0,0,3fff,001c,16383,16356,0,be0d082adce69ca5,0,1
2165,2165,0,458724,0,0,3f2c,001c,16172,16356,0,a226efaf490e738a,0,1
2166,2166,0,458724,0,0,3ffc,001c,13820,16356,0,ed5e10842c460c45,0,1
2167,2167,0,458724,0,0,37fe,001c,12966,16356,0,04c44ade58a61871,0,1
2168,2168,0,458724,0,0,37be,001c,10046,16356,0,1fe21e0322a37a06,0,1
2169,2169,0,458724,0,0,3d3f,001c,7487,16356,0,3ab4956e0ba9c71c,0,1
2170,2170,0,458724,0,0,1f7f,001c,8063,16356,0,00d2734ff08c168a,0,1
2171,2171,0,458724,0,0,0f4f,001c,3919,16356,0,0d297fb5e6cc1658,0,1
2172,2172,0,458724,0,0,0000,001c,0,16356,0,dbeb3f2b042d732a,0,1
2173,2173,0,458724,0,0,0000,001c,0,16356,0,effab30608396d0f,0,1
2174,2174,0,458724,0,0,0000,001c,0,16356,0,4a5723d622ffb49e,0,1
2175,2175,0,458724,0,0,0000,001c,512,16356,0,061b0817221be22b,0,1
2176,2176,0,458724,0,0,0230,001c,560,16356,0,f11096840c8f5d3f,0,1
2177,2177,0,458724,0,0,110e,001c,4366,16356,0,fcc3395d24d6b3a3,0,1
2178,2178,0,458724,0,0,1e67,001c,7783,16356,0,f9ec8017046f1c97,0,1
2179,2179,0,458724,0,0,2680,001c,9856,16356,0,0979e00f425f3da1,0,1
2180,2180,0,458724,0,0,33bf,001c,13247,16356,0,16f3823e0d899f14,0,1
2181,2181,0,458724,0,0,36b7,001c,14007,16356,0,2445c1ec2306ca8a,0,1
2182,2182,0,458724,0,0,3fff,001c,16383,16356,0,294656d6e5a36c31,0,1
2183,2183,0,458724,0,0,3fff,001c,16383,16356,0,06076400e355b886,0,1
2184,2184,0,458724,0,0,3fff,001c,16383,16356,0,f128e814e7b62e02,0,1
2185,2185,0,458724,0,0,3fff,001c,16383,16356,0,d06b3260fb293ebe,0,1
2186,2186,0,458724,0,0,3c89,001c,15497,16356,0,bb454f5726af8fb6,0,1
2187,2187,0,458724,0,0,39e4,001c,14820,16356,0,0dbbe2195852aa33,0,1
2188,2188,0,458724,0,0,2d1e,001c,11550,16356,0,fd19f46347cbf92d,0,1
2189,2189,0,458724,0,0,22be,001c,8894,16356,0,fc83cf3742cb65aa,0,1
2190,2190,0,458724,0,0,19d0,001c,6608,16356,0,527fe3f5e8b64128,0,1
2191,2191,0,458724,0,0,0a5f,001c,2655,16356,0,91bd5e2486a05bf5,0,1
2192,2192,0,458724,0,0,0000,001c,0,16356,0,015e4f2aa26e8736,0,1
2193,2193,0,458724,0,0,0000,001c,0,16356,0,b0acad5cdd44c341,0,1
2194,2194,0,458724,0,0,0000,001c,0,16356,0,ca6afc60f311e7c9,0,1
2195,2195,0,458724,0,0,0000,001c,0,16356,0,90bccdda718eb70a,0,1
2196,2196,0,458724,0,0,069d,001c,1693,16356,0,3cd449e859084f8f,0,1
2197,2197,0,458724,0,0,1495,001c,5269,16356,0,1a39b83154ee66b9,0,1
2198,2198,0,458724,0,0,297e,001c,10622,16356,0,b3482e4f4ab4bf0c,0,1
2199,2199,0,458724,0,0,300a,001c,12298,16356,0,3dbfcd9c87b99c57,0,1
2200,2200,0,458724,0,0,3440,001c,13376,16356,0,58236dc4e058a99f,0,1
2201,2201,0,458724,0,0,3dec,001c,15852,16356,0,9ccc986c652d1796,0,1
2202,2202,0,458724,0,0,3fff,001c,16383,16356,0,e67d676fef7bf914,0,1
2203,2203,0,458724,0,0,3fff,001c,16383,16356,0,6f735ca24573ffa5,0,1
2204,2204,0,458724,0,0,3fff,001c,16383,16356,0,0c2919cb5329fd7f,0,1
2205,2205,0,458724,0,0,3fff,001c,16319,16356,0,197b377576a8d4d1,0,1
2206,2206,0,458724,0,0,3eeb,001c,16362,16356,0,78a6e6b92e4ad887,0,1
2207,2207,0,458724,0,0,35db,001c,13787,16356,0,78531f41f2267e61,0,1
2208,2208,0,458724,0,0,319b,001c,15323,16356,0,474cf82fa7d32d50,0,1
2209,2209,0,458724,0,0,2bd0,001c,11216,16356,0,09851b8e9aa1de84,0,1
2210,2210,0,458724,0,0,17bf,001c,6079,16356,0,bf828498baa80222,0,1
2211,2211,0,458724,0,0,0d76,001c,3446,16356,0,bf45916f04dec3e6,0,1
2212,2212,0,458724,0,0,0000,001c,0,16356,0,b920477e3d2a022a,0,1
2213,2213,0,458724,0,0,0000,001c,0,16356,0,17e16dbe4c6e0706,0,1
2214,2214,0,458724,0,0,0000,001c,0,16356,0,4175fe223c3fb73b,0,1
2215,2215,0,458724,0,0,0000,001c,0,16356,0,57b4f9f1100f2d1b,0,1
2216,2216,0,458724,0,0,030c,001c,780,16356,0,4e3f46d6c8631681,0,1
2217,2217,0,458724,0,0,12c0,001c,4800,16356,0,1fc6b73ec1426727,0,1
2218,2218,0,458724,0,0,1fda,001c,8154,16356,0,f2bd9f26bc313457,0,1
2219,2219,0,458724,0,0,27ed,001c,10221,16356,0,dc1b51f9e88fe9eb,0,1
2220,2220,0,458724,0,0,38ba,001c,14522,16356,0,e08370ce01b79248,0,1
2221,2221,0,458724,0,0,3790,001c,14224,16356,0,f1b368721e0eccbb,0,1
2222,2222,0,458724,0,0,3fff,001c,16383,16356,0,2207135b16edfe24,0,1
2223,2223,0,458724,0,0,3fff,001c,16383,16356,0,165e07110b7b88f6,0,1
2224,2224,0,458724,0,0,3fff,001c,16383,16356,0,278b07f2f63654e7,0,1
2225,2225,0,458724,0,0,3fff,001c,16383,16356,0,172834b3d843be74,0,1
2226,2226,0,458724,0,0,37e1,001c,14305,16356,0,122c559204899d84,0,1
2227,2227,0,458724,0,0,3942,001c,14658,16356,0,094d7abcd5a52c36,0,1
2228,2228,0,458724,0,0,2c52,001c,11346,16356,0,0790910afefcbd5c,0,1
2229,2229,0,458724,0,0,2141,001c,8513,16356,0,1a3d0863cffa944d,0,1
2230,2230,0,458724,0,0,13f7,001c,5111,16356,0,f3d6c63aeede9c3b,0,1
2231,2231,0,458724,0,0,0844,001c,2116,16356,0,f8a01eafdce96e58,0,1
2232,2232,0,458724,0,0,0000,001c,0,16356,0,dd11e0c9f638e4d2,0,1
2233,2233,0,458724,0,0,0000,001c,0,16356,0,efff3ea50e4af432,0,1
2234,2234,0,458724,0,0,0000,001c,0,16356,0,08839a1c1c34d924,0,1
2235,2235,0,458724,0,0,0000,001c,0,16356,0,1f011a3c196cc84c,0,1
2236,2236,0,458724,0,0,0c87,001c,3207,16356,0,3d482f69fd605460,0,1
2237,2237,0,458724,0,0,1e9f,001c,5663,16356,0,3a4998fab9a19c45,0,1
2238,2238,0,458724,0,0,2f17,001c,11031,16356,0,6009d003139ca767,0,1
2239,2239,0,458724,0,0,3b37,001c,12599,16356,0,d3ff388e93c46fb7,0,1
2240,2240,0,458724,0,0,35ff,001c,13823,16356,0,be2c2a8be4df45e9,0,1
2241,2241,0,458724,0,0,3eed,001c,16109,16356,0,a63c0f74006fdc59,0,1
2242,2242,0,458724,0,0,3fff,001c,16383,16356,0,e2658e6c52ee8af6,0,1
2243,2243,0,458724,0,0,3fff,001c,16383,16356,0,17be6cc83c141798,0,1
2244,2244,0,458724,0,0,3fff,001c,16383,16356,0,40e105142524063b,0,1
2245,2245,0,458724,0,0,3fff,001c,16383,16356,0,815257c7e485e460,0,1
2246,2246,0,458724,0,0,3e34,001c,16052,16356,0,0cc264fb8b7f5cac,0,1
2247,2247,0,458724,0,0,3480,001c,13440,16356,0,1215c5b5a4d31c9c,0,1
2248,2248,0,458724,0,0,3087,001c,12423,16356,0,997b726c72efbfa1,0,1
2249,2249,0,458724,0,0,2a4c,001c,10828,16356,0,88aaceef31c02064,0,1
2250,2250,0,458724,0,0,1606,001c,5638,16356,0,b00d511a045ba5b0,0,1
2251,2251,0,458724,0,0,079f,001c,1951,16356,0,e63dc85da3dc71fd,0,1
2252,2252,0,458724,0,0,0000,001c,0,16356,0,35455dc10c56c9d5,0,1
2253,2253,0,458724,0,0,0000,001c,0,16356,0,ae18339cf346b1cd,0,1
2254,2254,0,458724,0,0,0000,001c,0,16356,0,2f24b3c19f9a5cb4,0,1
2255,2255,0,458724,0,0,0000,001c,0,16356,0,372b0840f4a97ccb,0,1
2256,2256,0,458724,0,0,0939,001c,2361,16356,0,be8779738ff9c6ee,0,1
2257,2257,0,458724,0,0,1860,001c,6240,16356,0,8a0b0949cb3faee8,0,1
2258,2258,0,458724,0,0,2188,001c,8584,16356,0,98d2a8e61f01afda,0,1
2259,2259,0,458724,0,0,2d32,001c,11570,16356,0,bb0be1ad5bf81dd7,0,1
2260,2260,0,458724,0,0,39c3,001c,14787,16356,0,16efd2ea4c89a722,0,1
2261,2261,0,458724,0,0,3c40,001c,15424,16356,0,44f4cd0633cc4e3f,0,1
2262,2262,0,458724,0,0,3fff,001c,16383,16356,0,4e44428ee8da4241,0,1
2263,2263,0,458724,0,0,3fff,001c,16383,16356,0,26c1612ca90b77f7,0,1
2264,2264,0,458724,0,0,3fff,001c,16383,16356,0,e91e57f09eb182c7,0,1
2265,2265,0,458724,0,0,3fe9,001c,16361,16356,0,b801f7facf4c6ee3,0,1
2266,2266,0,458724,0,0,3747,001c,14151,16356,0,9da82ba4edb95d00,0,1
2267,2267,0,458724,0,0,3866,001c,14438,16356,0,b7d3b9df35058302,0,1
2268,2268,0,458724,0,0,2716,001c,10006,16356,0,f12724f33d712119,0,1
2269,2269,0,458724,0,0,1fb5,001c,8117,16356,0,0b47ddfe32e69954,0,1
2270,2270,0,458724,0,0,1231,001c,4657,16356,0,2adb7e96090875f1,0,1
2271,2271,0,458724,0,0,0258,001c,600,16356,0,17f53c73e458e465,0,1
2272,2272,0,458724,0,0,0000,001c,0,16356,0,029bbec2d7ae302b,0,1
2273,2273,0,458724,0,0,0000,001c,0,16356,0,e32ad8ead7a078a1,0,1
2274,2274,0,458724,0,0,0000,001c,0,16356,0,d0e521f405a0921f,0,1
2275,2275,0,458724,0,0,0000,001c,0,16356,0,d3947a5ff4b9d5d4,0,1
2276,2276,0,458724,0,0,0e21,001c,3617,16356,0,eb9105ba13f1deec,0,1
2277,2277,0,458724,0,0,0ee5,001c,8165,16356,0,eb3121a018b910aa,0,1
2278,2278,0,458724,0,0,17d6,001c,14294,16356,0,f0c6797d02273cce,0,1
2279,2279,0,458724,0,0,36a7,001c,13989,16356,0,e97928480a991fbc,0,1
2280,2280,0,458724,0,0,322b,001c,14315,16356,0,fdfae7cb255e15f3,0,1
2281,2281,0,458724,0,0,35cb,001c,16335,16356,0,e98a87d6fb0c66e9,0,1
2282,2282,0,458724,0,0,3f1f,001c,16351,16356,0,17971a8a33df5615,0,1
2283,2283,0,458724,0,0,3fff,001c,16383,16356,0,06f9c3c9dab07d2c,0,1
2284,2284,0,458724,0,0,3fff,001c,16383,16356,0,0e7f2e7600a6b66f,0,1
2285,2285,0,458724,0,0,3fff,001c,16383,16356,0,e2ff2734d2dab619,0,1
2286,2286,0,458724,0,0,3da0,001c,15776,16356,0,d3878be3ef3be51c,0,1
2287,2287,0,458724,0,0,3b76,001c,15222,16356,0,b375c7fd08f3c1dd,0,1
2288,2288,0,458724,0,0,2f79,001c,12153,16356,0,cfad443d35950c13,0,1
2289,2289,0,458724,0,0,2928,001c,10536,16356,0,f2689cdf6014759e,0,1
2290,2290,0,458724,0,0,1488,001c,5256,16356,0,1047605a32204a92,0,1
2291,2291,0,458724,0,0,0591,001c,1425,16356,0,0ff8cb7e9cd4eba7,0,1
2292,2292,0,458724,0,0,0000,001c,0,16356,0,2ad3eae6d4c7c78a,0,1
2293,2293,0,458724,0,0,0000,001c,0,16356,0,165c49a9c86205a6,0,1
2294,2294,0,458724,0,0,0000,001c,0,16356,0,cbc37677b244f735,0,1
2295,2295,0,458724,0,0,0000,001c,0,16356,0,a2387854e78f3f9a,0,1
2296,2296,0,458724,0,0,0b1b,001c,2843,16356,0,98b357cf45cdd422,0,1
2297,2297,0,458724,0,0,19ea,001c,6634,16356,0,d65e53a45034b50b,0,1
2298,2298,0,458724,0,0,232d,001c,9005,16356,0,fc55908698c87d49,0,1
2299,2299,0,458724,0,0,2e53,001c,11859,16356,0,82eda5e821a104d0,0,1
2300,2300,0,458724,0,0,3aa5,001c,15013,16356,0,4390dc311baad394,0,1
2301,2301,0,458724,0,0,3ce4,001c,15588,16356,0,5c9b8d9da0538a52,0,1
2302,2302,0,458724,0,0,3fff,001c,16383,16356,0,efeedce80468a597,0,1
2303,2303,0,458724,0,0,3fff,001c,16383,16356,0,b76085d31812e737,0,1
2304,2304,0,458724,0,0,3fff,001c,16383,16356,0,95e118382abfd98a,0,1
2305,2305,0,458724,0,0,3f8d,001c,16269,16356,0,9c603bdf44ce3c59,0,1
2306,2306,0,458724,0,0,3677,001c,13943,16356,0,072342fd8c6ea4cb,0,1
2307,2307,0,458724,0,0,3355,001c,13141,16356,0,3509eac762d2e7dd,0,1
2308,2308,0,458724,0,0,25f1,001c,9713,16356,0,7d7c384b27a7a185,0,1
2309,2309,0,458724,0,0,1fc5,001c,7749,16356,0,58e83f55d760b9f3,0,1
2310,2310,0,458724,0,0,1e5d,001c,4189,16356,0,20857e87ab030e89,0,1
2311,2311,0,458724,0,0,107f,001c,63,16356,0,de4f8270a8ff5c78,0,1
2312,2312,0,458724,0,0,003b,001c,59,16356,0,aa927b71fcce5508,0,1
2313,2313,0,458724,0,0,0000,001c,0,16356,0,9f0594bf1d327a1a,0,1
2314,2314,0,458724,0,0,0000,001c,0,16356,0,ed6fdf2b746db96b,0,1
2315,2315,0,458724,0,0,0000,001c,0,16356,0,169c69f24d4beec0,0,1
2316,2316,0,458724,0,0,0066,001c,4068,16356,0,51e31d52557b4e4d,0,1
2317,2317,0,458724,0,0,0fe7,001c,4071,16356,0,589240dde9350fa8,0,1
2318,2318,0,458724,0,0,1d35,001c,7477,16356,0,350b6655d8137a50,0,1
2319,2319,0,458724,0,0,25b8,001c,9656,16356,0,0f1077d4cfe6e626,0,1
2320,2320,0,458724,0,0,3331,001c,13105,16356,0,d9b53a6dd121a99f,0,1
2321,2321,0,458724,0,0,36bf,001c,14015,16356,0,cc3fc5a61cf16cb3,0,1
2322,2322,0,458724,0,0,3fd4,001c,16340,16356,0,ee8eb80413126f8f,0,1
2323,2323,0,458724,0,0,3fff,001c,16383,16356,0,fc1df1454a633e53,0,1
2324,2324,0,458724,0,0,3fff,001c,16383,16356,0,2e956bff1c09cfcf,0,1
2325,2325,0,458724,0,0,3fff,001c,16383,16356,0,21cb05bd1ddbf142,0,1
2326,2326,0,458724,0,0,3cf3,001c,15603,16356,0,266cd2b8f03ad814,0,1
2327,2327,0,458724,0,0,3ab9,001c,15033,16356,0,255ef8f0017cf725,0,1
2328,2328,0,458724,0,0,2e5e,001c,11870,16356,0,fcaaf02bf5e46970,0,1
2329,2329,0,458724,0,0,237c,001c,9084,16356,0,19e7d329fe2cc8ae,0,1
2330,2330,0,458724,0,0,1aa2,001c,6818,16356,0,0d0da974f8e503f5,0,1
2331,2331,0,458724,0,0,0bab,001c,2987,16356,0,080bb68107b85647,0,1
2332,2332,0,458724,0,0,0000,001c,0,16356,0,0eb7ccb0e243afe6,0,1
2333,2333,0,458724,0,0,0000,001c,0,16356,0,e8a378e10fe968e2,0,1
2334,2334,0,458724,0,0,0000,001c,0,16356,0,028178cfffd6daba,0,1
2335,2335,0,458724,0,0,0000,001c,0,16356,0,ff9fff3231537820,0,1
2336,2336,0,458724,0,0,0562,001c,1378,16356,0,1b7560f61fb64a8f,0,1
2337,2337,0,458724,0,0,1ba2,001c,7074,16356,0,39233a381d963aa7,0,1
2338,2338,0,458724,0,0,289d,001c,10397,16356,0,4eaab6b7e7e3c98f,0,1
2339,2339,0,458724,0,0,2f67,001c,12135,16356,0,309476ecd8ce0c7c,0,1
2340,2340,0,458724,0,0,3b98,001c,15256,16356,0,09320c8cb9e5998f,0,1
2341,2341,0,458724,0,0,3d97,001c,15767,16356,0,d57cce90bce93365,0,1
2342,2342,0,458724,0,0,3fff,001c,16383,16356,0,cc35cf8b0b542308,0,1
2343,2343,0,458724,0,0,3fff,001c,16383,16356,0,c75e08f423ed1197,0,1
2344,2344,0,458724,0,0,3fff,001c,16383,16356,0,0c19937f6028dd73,0,1
2345,2345,0,458724,0,0,3f8b,001c,16139,16356,0,4375e82f32215a6a,0,1
2346,2346,0,458724,0,0,3fb8,001c,13755,16356,0,6be4ae7619d21143,0,1
2347,2347,0,458724,0,0,37fa,001c,13178,16356,0,64fddbffb9cb4de2,0,1
2348,2348,0,458724,0,0,325f,001c,9950,16356,0,2c1fb9c89e3b3aa0,0,1
2349,2349,0,458724,0,0,24bf,001c,15551,16356,0,d4f7f0998d913913,0,1
2350,2350,0,458724,0,0,1ebb,001c,7867,16356,0,b7d110bed297cdac,0,1
2351,2351,0,458724,0,0,0ea0,001c,3744,16356,0,9f3190961ec74a47,0,1
2352,2352,0,458724,0,0,0000,001c,0,16356,0,cedc5eda4d50ac18,0,1
2353,2353,0,458724,0,0,0000,001c,0,16356,0,39142b63682cc8d0,0,1
2354,2354,0,458724,0,0,0000,001c,0,16356,0,5db01bdb26a0534b,0,1
2355,2355,0,458724,0,0,0000,001c,0,16356,0,7dd5df2af40e82d2,0,1
2356,2356,0,458724,0,0,01d7,001c,471,16356,0,4ea860a980df6e3c,0,1
2357,2357,0,458724,0,0,1183,001c,4483,16356,0,fc7db12d95f90cc1,0,1
2358,2358,0,458724,0,0,1ee0,001c,7904,16356,0,b8fb659f993b79f4,0,1
2359,2359,0,458724,0,0,2717,001c,10007,16356,0,9b9ebb16f1e5313b,0,1
2360,2360,0,458724,0,0,3830,001c,14384,16356,0,ae1b4ebb40a9eea4,0,1
2361,2361,0,458724,0,0,3737,001c,14135,16356,0,029bd17548154da6,0,1
2362,2362,0,458724,0,0,3ff6,001c,16374,16356,0,39f59875524b7ee8,0,1
2363,2363,0,458724,0,0,3fff,001c,16383,16356,0,6d964df7042b37cf,0,1
2364,2364,0,458724,0,0,3fff,001c,16383,16356,0,4760707cb51a21f4,0,1
2365,2365,0,458724,0,0,3fff,001c,16383,16356,0,302e27c9a34b59e3,0,1
2366,2366,0,458724,0,0,3c56,001c,15446,16356,0,d22119619253126c,0,1
2367,2367,0,458724,0,0,39e7,001c,14823,16356,0,b3c7f03de5995442,0,1
2368,2368,0,458724,0,0,2d04,001c,11524,16356,0,b8450692e65d2c03,0,1
2369,2369,0,458724,0,0,2246,001c,8774,16356,0,dd83de755803e60a,0,1
2370,2370,0,458724,0,0,195b,001c,6491,16356,0,0048776310247bde,0,1
2371,2371,0,458724,0,0,09cc,001c,2508,16356,0,4454c0152d749cfe,0,1
2372,2372,0,458724,0,0,0000,001c,0,16356,0,2504aa8ddbad8210,0,1
2373,2373,0,458724,0,0,0000,001c,0,16356,0,2dc17a26cfb0a2e7,0,1
2374,2374,0,458724,0,0,0000,001c,0,16356,0,fcd3f6cabb683097,0,1
2375,2375,0,458724,0,0,0000,001c,0,16356,0,cb1a661ce4e11d5a,0,1
2376,2376,0,458724,0,0,0715,001c,1813,16356,0,ed529ebacb3b78f0,0,1
2377,2377,0,458724,0,0,14f5,001c,5365,16356,0,d655435820d7a356,0,1
2378,2378,0,458724,0,0,2a01,001c,10753,16356,0,f960168cf0ad6a13,0,1
2379,2379,0,458724,0,0,307a,001c,12410,16356,0,f6c4b1e50aeb8f52,0,1
2380,2380,0,458724,0,0,3457,001c,13399,16356,0,f95fc7fbea3cf7b1,0,1
2381,2381,0,458724,0,0,3e0f,001c,15887,16356,0,fe748f160a35e577,0,1
2382,2382,0,458724,0,0,3fff,001c,16383,16356,0,f3978bc5f299cdb7,0,1
2383,2383,0,458724,0,0,3fff,001c,16383,16356,0,1a120597a34508ea,0,1
2384,2384,0,458724,0,0,3fff,001c,16383,16356,0,099e569eee4cbf2b,0,1
2385,2385,0,458724,0,0,3fff,001c,16383,16356,0,0f7298fce412d943,0,1
2386,2386,0,458724,0,0,3e95,001c,16277,16356,0,fa9407f2cfb0ccc4,0,1
2387,2387,0,458724,0,0,3535,001c,13620,16356,0,d63401f0df2d9c0b,0,1
2388,2388,0,458724,0,0,3133,001c,15153,16356,0,cb0ad915d0779e6a,0,1
2389,2389,0,458724,0,0,2b33,001c,11059,16356,0,c1dd6db01b0766f4,0,1
2390,2390,0,458724,0,0,1719,001c,5913,16356,0,cca1f14b2ff26cd0,0,1
2391,2391,0,458724,0,0,0ce1,001c,3297,16356,0,0b5161f72b9a0771,0,1
2392,2392,0,458724,0,0,0000,001c,0,16356,0,2a6da8512eaa8c53,0,1
2393,2393,0,458724,0,0,0000,001c,0,16356,0,436bc94fe8988636,0,1
2394,2394,0,458724,0,0,0000,001c,0,16356,0,180401d4b983906f,0,1
2395,2395,0,458724,0,0,0000,001c,0,16356,0,f1cf1fe6a4e2c382,0,1
2396,2396,0,458724,0,0,03dc,001c,988,16356,0,a8fd35d6c287eddf,0,1
2397,2397,0,458724,0,0,1332,001c,4914,16356,0,95b14280f1eab006,0,1
2398,2398,0,458724,0,0,2081,001c,8321,16356,0,a9e52b204f40a2b2,0,1
2399,2399,0,458724,0,0,2c44,001c,11332,16356,0,d0dbcebf4f81b227,0,1
2400,2400,0,458724,0,0,3931,001c,14641,16356,0,42aa3fdc620ee6f5,0,1
2401,2401,0,458724,0,0,37cf,001c,14287,16356,0,46fbd4071145d892,0,1
2402,2402,0,458724,0,0,3fff,001c,16383,16356,0,58792851d8b78338,0,1
2403,2403,0,458724,0,0,3fff,001c,16383,16356,0,0c00bc1f840ea78a,0,1
2404,2404,0,458724,0,0,3fff,001c,16383,16356,0,c26fcd62b17ab0eb,0,1
2405,2405,0,458724,0,0,3fff,001c,16383,16356,0,9215918cca1bdbb8,0,1
2406,2406,0,458724,0,0,37e2,001c,14306,16356,0,716d3a42314c9ba2,0,1
2407,2407,0,458724,0,0,38fa,001c,14586,16356,0,d1f9a34f64ba3d65,0,1
2408,2408,0,458724,0,0,2c15,001c,11285,16356,0,fb41094775885a1c,0,1
2409,2409,0,458724,0,0,20b2,001c,8370,16356,0,540dd4de450ec9ab,0,1
2410,2410,0,458724,0,0,1367,001c,4967,16356,0,5e128656f61f9981,0,1
2411,2411,0,458724,0,0,03b0,001c,944,16356,0,327eda51b557fa7e,0,1
2412,2412,0,458724,0,0,0000,001c,0,16356,0,f79b065d9a89dea8,0,1
2413,2413,0,458724,0,0,0000,001c,0,16356,0,a06a83b6cb944a91,0,1
2414,2414,0,458724,0,0,0000,001c,0,16356,0,8a62b5f7feea91f6,0,1
2415,2415,0,458724,0,0,0000,001c,0,16356,0,b22a1400444c5088,0,1
2416,2416,0,458724,0,0,0d0c,001c,3340,16356,0,e4f81e7f7240c8f0,0,1
2417,2417,0,458724,0,0,1fb3,001c,5811,16356,0,2a405df7519b7ba4,0,1
2418,2418,0,458724,0,0,3fb3,001c,11187,16356,0,3f1a98712285f658,0,1
2419,2419,0,458724,0,0,3bb2,001c,13234,16356,0,fdcae3e86dbafdcb,0,1
2420,2420,0,458724,0,0,35b0,001c,13744,16356,0,fff8c958caff9e2b,0,1
2421,2421,0,458724,0,0,3fb6,001c,16310,16356,0,ea9ad0ffc975fad2,0,1
2422,2422,0,458724,0,0,3fff,001c,16382,16356,0,b15b63a6f05fc7d1,0,1
2423,2423,0,458724,0,0,3fff,001c,16383,16356,0,c431ce5622dd1de3,0,1
2424,2424,0,458724,0,0,3fff,001c,16383,16356,0,e225f45037283f15,0,1
2425,2425,0,458724,0,0,3fff,001c,16383,16356,0,fde6d7624c2f3ebe,0,1
2426,2426,0,458724,0,0,3df7,001c,16375,16356,0,1754091e1c96719f,0,1
2427,2427,0,458724,0,0,3bfb,001c,15355,16356,0,2a719ee70e2d8674,0,1
2428,2428,0,458724,0,0,3048,001c,12360,16356,0,0ab3742608bb243b,0,1
2429,2429,0,458724,0,0,2a11,001c,10769,16356,0,02c4b9a4ee4376db,0,1
2430,2430,0,458724,0,0,1598,001c,5528,16356,0,dbc1dfc66e08e180,0,1
2431,2431,0,458724,0,0,06d2,001c,1746,16356,0,0a96837200a18632,0,1
2432,2432,0,458724,0,0,0000,001c,0,16356,0,ea5ae2bd11f7ee60,0,1
2433,2433,0,458724,0,0,0000,001c,0,16356,0,03caf95308a1e68b,0,1
2434,2434,0,458724,0,0,0000,001c,0,16356,0,f112fafc0b0a54dc,0,1
2435,2435,0,458724,0,0,0000,001c,0,16356,0,e8762f260a126826,0,1
2436,2436,0,458724,0,0,09b0,001c,2480,16356,0,f7bcad94382fde90,0,1
2437,2437,0,458724,0,0,18df,001c,6367,16356,0,0465c7941aecf4fc,0,1
2438,2438,0,458724,0,0,2201,001c,8705,16356,0,0e0169954451f5b8,0,1
2439,2439,0,458724,0,0,2d6e,001c,11630,16356,0,49ed32d706391d55,0,1
2440,2440,0,458724,0,0,3a23,001c,14883,16356,0,29b7bf6e05e45ec4,0,1
2441,2441,0,458724,0,0,3c8e,001c,15502,16356,0,0fdfd871c9ac2043,0,1
2442,2442,0,458724,0,0,3fff,001c,16383,16356,0,00de0283d47a5f4e,0,1
2443,2443,0,458724,0,0,3fff,001c,16383,16356,0,b1919889ee586d8b,0,1
2444,2444,0,458724,0,0,3fff,001c,16383,16356,0,d3c0679d309971e3,0,1
2445,2445,0,458724,0,0,3fce,001c,16334,16356,0,cff745afe2ca6102,0,1
2446,2446,0,458724,0,0,3701,001c,14081,16356,0,2d69af9d5ee99676,0,1
2447,2447,0,458724,0,0,33eb,001c,13291,16356,0,9839819792a86fba,0,1
2448,2448,0,458724,0,0,26ba,001c,9914,16356,0,6a2a7d11f318752d,0,1
2449,2449,0,458724,0,0,1f29,001c,7977,16356,0,509777cbcf9ca720,0,1
2450,2450,0,458724,0,0,11b3,001c,4531,16356,0,fdacdc8d94c1fa72,0,1
2451,2451,0,458724,0,0,01af,001c,431,16356,0,d4253c7ec59d457a,0,1
2452,2452,0,458724,0,0,0180,001c,2,16356,0,8cf81cd70781fffc,0,1
2453,2453,0,458724,0,0,0000,001c,0,16356,0,d072905f4c98ec89,0,1
2454,2454,0,458724,0,0,0000,001c,0,16356,0,e56579e46950d04b,0,1
2455,2455,0,458724,0,0,013e,001c,318,16356,0,72bab7b7771160e4,0,1
2456,2456,0,458724,0,0,0f3e,001c,3902,16356,0,52baf8730f31148a,0,1
2457,2457,0,458724,0,0,1f72,001c,8050,16356,0,8e58d291deefe63f,0,1
2458,2458,0,458724,0,0,1c66,001c,15718,16356,0,26bfca548bbf1f35,0,1
2459,2459,0,458724,0,0,2506,001c,9590,16356,0,e3681f32a5054129,0,1
2460,2460,0,458724,0,0,3275,001c,13949,16356,0,b97281f2d0957f3a,0,1
2461,2461,0,458724,0,0,361d,001c,15901,16356,0,8dc937d1281fc941,0,1
2462,2462,0,458724,0,0,3f3b,001c,16251,16356,0,f6ca28065e82e0b0,0,1
2463,2463,0,458724,0,0,3fff,001c,16383,16356,0,1461a9666670f4d0,0,1
2464,2464,0,458724,0,0,3fff,001c,16383,16356,0,6e86cf6f49790d92,0,1
2465,2465,0,458724,0,0,3fff,001c,16383,16356,0,6907c84edae0eae2,0,1
2466,2466,0,458724,0,0,3d6d,001c,15725,16356,0,5e56d0efc47ce69d,0,1
2467,2467,0,458724,0,0,3b5f,001c,15199,16356,0,0797e18c98a50279,0,1
2468,2468,0,458724,0,0,2ef8,001c,12024,16356,0,c8adbd56bf9501b8,0,1
2469,2469,0,458724,0,0,287c,001c,10364,16356,0,ce9e57f7f304908d,0,1
2470,2470,0,458724,0,0,1bd6,001c,7126,16356,0,b26341bd37a9749e,0,1
2471,2471,0,458724,0,0,04ea,001c,1258,16356,0,23925f762e3e917a,0,1
2472,2472,0,458724,0,0,0000,001c,0,16356,0,18f6ef9258b8b671,0,1
2473,2473,0,458724,0,0,0000,001c,0,16356,0,6293eb88e5a3b4ab,0,1
2474,2474,0,458724,0,0,0000,001c,0,16356,0,30a010fbfe02679c,0,1
2475,2475,0,458724,0,0,0000,001c,0,16356,0,41878a2ab56d7a00,0,1
2476,2476,0,458724,0,0,0407,001c,1031,16356,0,d21a94d2c5c3b6d2,0,1
2477,2477,0,458724,0,0,1a73,001c,6771,16356,0,164595bbebb6d4c2,0,1
2478,2478,0,458724,0,0,23a3,001c,9123,16356,0,c2d34d66ed55ebef,0,1
2479,2479,0,458724,0,0,2e7e,001c,11902,16356,0,13105503206c6ce8,0,1
2480,2480,0,458724,0,0,3b08,001c,15112,16356,0,f921d1f9044a124a,0,1
2481,2481,0,458724,0,0,3d39,001c,15673,16356,0,28e3ee6af3131c6f,0,1
2482,2482,0,458724,0,0,3fff,001c,16383,16356,0,055d068e0ef24a34,0,1
2483,2483,0,458724,0,0,3fff,001c,16383,16356,0,1679c203e0009423,0,1
2484,2484,0,458724,0,0,3fff,001c,16383,16356,0,0b8c8f2707cc5155,0,1
2485,2485,0,458724,0,0,3f77,001c,16247,16356,0,15c44ab3e97d090f,0,1
2486,2486,0,458724,0,0,3654,001c,13908,16356,0,228b4a07f111184e,0,1
2487,2487,0,458724,0,0,32fe,001c,13054,16356,0,0beba132dbf0eac9,0,1
2488,2488,0,458724,0,0,27ed,001c,9583,16356,0,037deb59c9789b5a,0,1
2489,2489,0,458724,0,0,3dfe,001c,7615,16356,0,e7f067b1da9794c2,0,1
2490,2490,0,458724,0,0,1fff,001c,4087,16356,0,df8eb170ee8306ae,0,1
2491,2491,0,458724,0,0,0fe3,001c,4067,16356,0,d07e80ae14bbb3d0,0,1
2492,2492,0,458724,0,0,0000,001c,0,16356,0,ffe2ea982bb94773,0,1
2493,2493,0,458724,0,0,0000,001c,0,16356,0,2a9d83c815e91e2b,0,1
2494,2494,0,458724,0,0,0000,001c,0,16356,0,f6099b5d64f2f5d7,0,1
2495,2495,0,458724,0,0,021d,001c,540,16356,0,428980adb2a967e4,0,1
2496,2496,0,458724,0,0,021d,001c,541,16356,0,1f4ea18cb7c11072,0,1
2497,2497,0,458724,0,0,1062,001c,4194,16356,0,d7a356d68ea4b241,0,1
2498,2498,0,458724,0,0,1dcd,001c,7629,16356,0,b30f127ad7f633d0,0,1
2499,2499,0,458724,0,0,2641,001c,9793,16356,0,9ff7ceb008c933f2,0,1
2500,2500,0,458724,0,0,335a,001c,13146,16356,0,cc57f71d3fcd2358,0,1
2501,2501,0,458724,0,0,36c2,001c,14018,16356,0,125d2ee355a1d87a,0,1
2502,2502,0,458724,0,0,3fdb,001c,16347,16356,0,53456b512ba2bd92,0,1
2503,2503,0,458724,0,0,3fff,001c,16383,16356,0,5c605846eb8463cb,0,1
2504,2504,0,458724,0,0,3fff,001c,16383,16356,0,41a0f9c394aa2c3e,0,1
2505,2505,0,458724,0,0,3fff,001c,16383,16356,0,ff7e79eb86d175ca,0,1
2506,2506,0,458724,0,0,3cc3,001c,15555,16356,0,a1414db2a977c6ae,0,1
2507,2507,0,458724,0,0,3aaa,001c,15018,16356,0,8d51554bd8a26d3b,0,1
2508,2508,0,458724,0,0,2de8,001c,11752,16356,0,9b4b0f1b4abc984d,0,1
2509,2509,0,458724,0,0,2332,001c,9010,16356,0,2313c75a7991eded,0,1
2510,2510,0,458724,0,0,1a46,001c,6726,16356,0,2eda62195a1e4cee,0,1
2511,2511,0,458724,0,0,0b09,001c,2825,16356,0,01943f3924db4060,0,1
2512,2512,0,458724,0,0,0000,001c,0,16356,0,56a09fecbf836bf9,0,1
2513,2513,0,458724,0,0,0000,001c,0,16356,0,191060ce8bb674df,0,1
2514,2514,0,458724,0,0,0000,001c,0,16356,0,ced4e7b09c3c1622,0,1
2515,2515,0,458724,0,0,0000,001c,0,16356,0,8996f8d3b960fe01,0,1
2516,2516,0,458724,0,0,05ec,001c,1516,16356,0,9c0c6d431fcadc3b,0,1
2517,2517,0,458724,0,0,1bf5,001c,7157,16356,0,bbb60e9046ffdaeb,0,1
2518,2518,0,458724,0,0,28fd,001c,10493,16356,0,03311b1b5e671e6a,0,1
2519,2519,0,458724,0,0,2fbb,001c,12219,16356,0,381f4d5d2743a0fa,0,1
2520,2520,0,458724,0,0,3bcf,001c,15311,16356,0,4d0c5caaf05dc6d9,0,1
2521,2521,0,458724,0,0,3dd5,001c,15829,16356,0,27a1593bc3d34ba2,0,1
2522,2522,0,458724,0,0,3fff,001c,16383,16356,0,eb2d8087a6f5f4a7,0,1
2523,2523,0,458724,0,0,3fff,001c,16383,16356,0,c6b3242dc90a6f5e,0,1
2524,2524,0,458724,0,0,3fff,001c,16383,16356,0,a2c25b9cf44463e0,0,1
2525,2525,0,458724,0,0,3fe1,001c,16099,16356,0,ccd188ce20ad92ea,0,1
2526,2526,0,458724,0,0,3fe3,001c,13667,16356,0,d6368c6c3b07b425,0,1
2527,2527,0,458724,0,0,3763,001c,14179,16356,0,0bbb9a1b26825ec3,0,1
2528,2528,0,458724,0,0,3633,001c,13875,16356,0,1c9b5d880a56f5a3,0,1
2529,2529,0,458724,0,0,3c3a,001c,15418,16356,0,1171b66ffcf54fd6,0,1
2530,2530,0,458724,0,0,1e3e,001c,7742,16356,0,fa0fd8a8e12f715d,0,1
2531,2531,0,458724,0,0,0e3e,001c,3646,16356,0,eeab68fbe532daa6,0,1
2532,2532,0,458724,0,0,0000,001c,0,16356,0,e32a8a46feeb24b2,0,1
2533,2533,0,458724,0,0,0000,001c,0,16356,0,e52f9f4aff889a14,0,1
2534,2534,0,458724,0,0,0000,001c,0,16356,0,e6e8fa1e0219af35,0,1
2535,2535,0,458724,0,0,0000,001c,0,16356,0,e90d4380074a917a,0,1
2536,2536,0,458724,0,0,02d1,001c,721,16356,0,e684bb3600b62e40,0,1
2537,2537,0,458724,0,0,122a,001c,4650,16356,0,e0bd39a411cbc779,0,1
2538,2538,0,458724,0,0,1f44,001c,8004,16356,0,e80a45842b1aa5dd,0,1
2539,2539,0,458724,0,0,2767,001c,10087,16356,0,f57d925c11adbba5,0,1
2540,2540,0,458724,0,0,38a4,001c,14500,16356,0,1fb925be3072b36b,0,1
2541,2541,0,458724,0,0,3742,001c,14146,16356,0,15c3e841f8043a46,0,1
2542,2542,0,458724,0,0,3fff,001c,16383,16356,0,12c9288ae85f3f79,0,1
2543,2543,0,458724,0,0,3fff,001c,16383,16356,0,fb4d400fca8d0e35,0,1
2544,2544,0,458724,0,0,3fff,001c,16383,16356,0,bcc9eae9e64eba3d,0,1
2545,2545,0,458724,0,0,3fff,001c,16383,16356,0,bcd400bd04e65538,0,1
2546,2546,0,458724,0,0,3c2b,001c,15403,16356,0,aae85ec337a91903,0,1
2547,2547,0,458724,0,0,399a,001c,14746,16356,0,8515d78d0eb1ac90,0,1
2548,2548,0,458724,0,0,2cba,001c,11450,16356,0,19c7fb885132f804,0,1
2549,2549,0,458724,0,0,21be,001c,8638,16356,0,50c475ca2b7b633d,0,1
2550,2550,0,458724,0,0,18af,001c,6319,16356,0,46fbc6fce24de94c,0,1
2551,2551,0,458724,0,0,090e,001c,2318,16356,0,1ae143a1b1c39f11,0,1
2552,2552,0,458724,0,0,0000,001c,0,16356,0,dfef0517b58c8bce,0,1
2553,2553,0,458724,0,0,0000,001c,0,16356,0,9358d2ade0a316f4,0,1
2554,2554,0,458724,0,0,0000,001c,0,16356,0,96c0eab92ec60356,0,1
2555,2555,0,458724,0,0,0000,001c,0,16356,0,c815c6786177ff46,0,1
2556,2556,0,458724,0,0,07f4,001c,2036,16356,0,0ee8deb88c74b92f,0,1
2557,2557,0,458724,0,0,15aa,001c,5546,16356,0,53ac99b7470ca708,0,1
2558,2558,0,458724,0,0,2b68,001c,10856,16356,0,0ebfb4e17f5707e4,0,1
2559,2559,0,458724,0,0,3abd,001c,12477,16356,0,4c19457d029d314b,0,1
2560,2560,0,458724,0,0,34ac,001c,13485,16356,0,000000009e8dec96,0,1
2561,2561,0,458724,0,0,3eee,001c,15982,16356,0,b3e5fc4bbe932e49,0,1
2562,2562,0,458724,0,0,3fff,001c,16383,16356,0,8f486fda07c18c6a,0,1
2563,2563,0,458724,0,0,3fff,001c,16383,16356,0,ac54ae0a470a46a0,0,1
2564,2564,0,458724,0,0,3fff,001c,16383,16356,0,f116a0498c754071,0,1
2565,2565,0,458724,0,0,3fff,001c,16383,16356,0,37ebbf0f6176f57f,0,1
2566,2566,0,458724,0,0,3ece,001c,16076,16356,0,693e5e292ec456dd,0,1
2567,2567,0,458724,0,0,34f7,001c,13559,16356,0,6ca65d05e0a16717,0,1
2568,2568,0,458724,0,0,30f3,001c,15091,16356,0,2010e5f8b58beceb,0,1
2569,2569,0,458724,0,0,2ae1,001c,10977,16356,0,e51e0d05b1c368b8,0,1
2570,2570,0,458724,0,0,1692,001c,5778,16356,0,b9046f66e24d32b6,0,1
2571,2571,0,458724,0,0,07ff,001c,2047,16356,0,af3d1e9a2b7cc974,0,1
2572,2572,0,458724,0,0,0000,001c,0,16356,0,e636ba6d51313e7a,0,1
2573,2573,0,458724,0,0,0000,001c,0,16356,0,057832dd5d2d4da4,0,1
2574,2574,0,458724,0,0,0000,001c,0,16356,0,5516111b37a65b06,0,1
2575,2575,0,458724,0,0,0000,001c,0,16356,0,432c792404e6bcfa,0,1
2576,2576,0,458724,0,0,088a,001c,2186,16356,0,43359c66e64e3d94,0,1
2577,2577,0,458724,0,0,13e7,001c,5095,16356,0,04b37771ca8bdb0e,0,1
2578,2578,0,458724,0,0,2111,001c,8465,16356,0,ed37e3efe85e7e7a,0,1
2579,2579,0,458724,0,0,2cc0,001c,11456,16356,0,ea3c1c8ff8030303,0,1
2580,2580,0,458724,0,0,395f,001c,14687,16356,0,e04770db30718c2d,0,1
2581,2581,0,458724,0,0,3c11,001c,15377,16356,0,0a82b8ac11ad4d61,0,1
2582,2582,0,458724,0,0,3fff,001c,16383,16356,0,17f4602c2b186c8a,0,1
2583,2583,0,458724,0,0,3fff,001c,16383,16356,0,1f43391711cc7496,0,1
2584,2584,0,458724,0,0,3fff,001c,16383,16356,0,197bdb2000b6549b,0,1
2585,2585,0,458724,0,0,3fff,001c,16383,16356,0,16f267bb074b1d46,0,1
2586,2586,0,458724,0,0,3760,001c,14176,16356,0,1917490d0218c868,0,1
2587,2587,0,458724,0,0,38a6,001c,14502,16356,0,1ad0c146ff895750,0,1
2588,2588,0,458724,0,0,279b,001c,10139,16356,0,1cd569dffeea8ba3,0,1
2589,2589,0,458724,0,0,206b,001c,8299,16356,0,1153fc62e53394f9,0,1
2590,2590,0,458724,0,0,1329,001c,4905,16356,0,05f0a9ede130742a,0,1
2591,2591,0,458724,0,0,0304,001c,772,16356,0,ee8d3773fcf4d50f,0,1
2592,2592,0,458724,0,0,0000,001c,0,16356,0,e364b3e00a56fac3,0,1
2593,2593,0,458724,0,0,0000,001c,0,16356,0,f443bef12681cd70,0,1
2594,2594,0,458724,0,0,0000,001c,0,16356,0,29c8af143b08e2e6,0,1
2595,2595,0,458724,0,0,0000,001c,0,16356,0,332e468620ad5c80,0,1
2596,2596,0,458724,0,0,0da6,001c,3494,16356,0,5d3e0c55f4441288,0,1
2597,2597,0,458724,0,0,1fae,001c,5934,16356,0,394c5a7ac909edbd,0,1
2598,2598,0,458724,0,0,17fb,001c,11258,16356,0,14d3031aa6f44d13,0,1
2599,2599,0,458724,0,0,2bff,001c,15359,16356,0,d85dbc80c3d62b01,0,1
2600,2600,0,458724,0,0,35cd,001c,13773,16356,0,b2f42380f05d68e8,0,1
2601,2601,0,458724,0,0,3fdf,001c,16351,16356,0,c7e09feb274311a6,0,1
2602,2602,0,458724,0,0,3eff,001c,16383,16356,0,fcce2c715e663d50,0,1
2603,2603,0,458724,0,0,3fff,001c,16383,16356,0,44495f1d4700851c,0,1
2604,2604,0,458724,0,0,3fff,001c,16383,16356,0,63f4360a1fcaf380,0,1
2605,2605,0,458724,0,0,3fff,001c,16383,16356,0,7669a28fb9622afd,0,1
2606,2606,0,458724,0,0,3dbd,001c,15805,16356,0,312c91509c3d8b02,0,1
2607,2607,0,458724,0,0,3bf5,001c,15349,16356,0,e6ef8ac88bb5588d,0,1
2608,2608,0,458724,0,0,2fcc,001c,12236,16356,0,a95e7aa6bf856294,0,1
2609,2609,0,458724,0,0,2968,001c,10600,16356,0,9c77257a115aec2d,0,1
2610,2610,0,458724,0,0,1525,001c,5413,16356,0,d121d07b5a23249b,0,1
2611,2611,0,458724,0,0,064e,001c,1614,16356,0,19004b7b5295a965,0,1
2612,2612,0,458724,0,0,0000,001c,0,16356,0,64b1dc3d4abf4480,0,1
2613,2613,0,458724,0,0,0000,001c,0,16356,0,72afbdd1d89e07e5,0,1
2614,2614,0,458724,0,0,0000,001c,0,16356,0,5ebe5c88a977202d,0,1
2615,2615,0,458724,0,0,0000,001c,0,16356,0,008025cd86d0613c,0,1
2616,2616,0,458724,0,0,0a93,001c,2707,16356,0,be5ee96994ab46ae,0,1
2617,2617,0,458724,0,0,1969,001c,6505,16356,0,a39f91a7eb84ab56,0,1
2618,2618,0,458724,0,0,2280,001c,8832,16356,0,acbbb1d82ba0be9b,0,1
2619,2619,0,458724,0,0,2dd2,001c,11730,16356,0,eda392a5559fe815,0,1
2620,2620,0,458724,0,0,3a7a,001c,14970,16356,0,33a88a883fccf540,0,1
2621,2621,0,458724,0,0,3cc3,001c,15555,16356,0,6008d06a08c5e794,0,1
2622,2622,0,458724,0,0,3fff,001c,16383,16356,0,4cf0fdc8d7f8b3db,0,1
2623,2623,0,458724,0,0,3fff,001c,16383,16356,0,285c3d3a8ea0ae75,0,1
2624,2624,0,458724,0,0,3fff,001c,16383,16356,0,e0b15e75b7c11072,0,1
2625,2625,0,458724,0,0,3fa2,001c,16290,16356,0,bd765bd3b2aca334,0,1
2626,2626,0,458724,0,0,36d0,001c,14032,16356,0,befa126719f38000,0,1
2627,2627,0,458724,0,0,33a7,001c,13223,16356,0,d5639f3f15e9a9fe,0,1
2628,2628,0,458724,0,0,2641,001c,9793,16356,0,001ca7c82bb97615,0,1
2629,2629,0,458724,0,0,1eac,001c,7852,16356,0,2f82ceb914bd84de,0,1
2630,2630,0,458724,0,0,110a,001c,4362,16356,0,2071c146ee816e59,0,1
2631,2631,0,458724,0,0,0131,001c,307,16356,0,18103897da97d3c9,0,1
2632,2632,0,458724,0,0,0110,001c,1,16356,0,fc81c9c3c97814f1,0,1
2633,2633,0,458724,0,0,0000,001c,0,16356,0,f4142097dbf10aef,0,1
2634,2634,0,458724,0,0,0000,001c,0,16356,0,dd74b08cf10f427d,0,1
2635,2635,0,458724,0,0,00de,001c,222,16356,0,ea3ab6d5e97e548c,0,1
2636,2636,0,458724,0,0,0ade,001c,4062,16356,0,f475631c07cdfcc6,0,1
2637,2637,0,458724,0,0,1f66,001c,8166,16356,0,e9832100dffe0c2d,0,1
2638,2638,0,458724,0,0,1ce4,001c,7652,16356,0,faa567c30ef52c79,0,1
2639,2639,0,458724,0,0,2556,001c,9558,16356,0,3911e52b068b6c02,0,1
2640,2640,0,458724,0,0,32c4,001c,12996,16356,0,06de4144044a574f,0,1
2641,2641,0,458724,0,0,3638,001c,13880,16356,0,ecf031eb206c35d0,0,1
2642,2642,0,458724,0,0,3f6a,001c,16234,16356,0,3d2db85aed56f05c,0,1
2643,2643,0,458724,0,0,3fff,001c,16383,16356,0,e9ba441cebb6ad05,0,1
2644,2644,0,458724,0,0,3fff,001c,16383,16356,0,2de5f833c5c28e56,0,1
2645,2645,0,458724,0,0,3fff,001c,16383,16356,0,be782643b56c473d,0,1
2646,2646,0,458724,0,0,3d48,001c,15688,16356,0,cf5f2f51fe02b580,0,1
2647,2647,0,458724,0,0,3b08,001c,15112,16356,0,9d6c6deae5a48b72,0,1
2648,2648,0,458724,0,0,2e8f,001c,11919,16356,0,e709075658b9479e,0,1
2649,2649,0,458724,0,0,2845,001c,10309,16356,0,dc6e1dec2e3daf07,0,1
2650,2650,0,458724,0,0,1b45,001c,6981,16356,0,4d9da6f137a9ecfa,0,1
2651,2651,0,458724,0,0,0470,001c,1136,16356,0,31624657f305deed,0,1
2652,2652,0,458724,0,0,0000,001c,0,16356,0,37529a70bf940edf,0,1
2653,2653,0,458724,0,0,0000,001c,0,16356,0,f86771a998a3055d,0,1
2654,2654,0,458724,0,0,0000,001c,0,16356,0,a1aa3427c47d444f,0,1
2655,2655,0,458724,0,0,0000,001c,0,16356,0,96f70c6fdae247a3,0,1
2656,2656,0,458724,0,0,0475,001c,1141,16356,0,917835f949795d44,0,1
2657,2657,0,458724,0,0,1ac9,001c,6857,16356,0,eb9e01116670cd96,0,1
2658,2658,0,458724,0,0,23dd,001c,9181,16356,0,0934acc35e874ab0,0,1
2659,2659,0,458724,0,0,2f0c,001c,12044,16356,0,7238c130281e7089,0,1
2660,2660,0,458724,0,0,3b3c,001c,15164,16356,0,468cabccd0958077,0,1
2661,2661,0,458724,0,0,3d78,001c,15736,16356,0,1c992df1a5030881,0,1
2662,2662,0,458724,0,0,3fff,001c,16383,16356,0,d94068f68bbdf7f2,0,1
2663,2663,0,458724,0,0,3fff,001c,16383,16356,0,71a63064deef4a06,0,1
2664,2664,0,458724,0,0,3fff,001c,16383,16356,0,ad43edc80f31fbcf,0,1
2665,2665,0,458724,0,0,3f38,001c,16184,16356,0,8d446d7c7711a533,0,1
2666,2666,0,458724,0,0,35ff,001c,13823,16356,0,1a9b1bd06950ac6b,0,1
2667,2667,0,458724,0,0,3797,001c,12951,16356,0,2f8deb364c9852a9,0,1
2668,2668,0,458724,0,0,36ff,001c,9455,16356,0,7308f11e078250f3,0,1
2669,2669,0,458724,0,0,3def,001c,7535,16356,0,2bdbf2cac59c5235,0,1
2670,2670,0,458724,0,0,1f47,001c,3911,16356,0,0252c24294c202d3,0,1
2671,2671,0,458724,0,0,0f46,001c,3910,16356,0,af67d1afcf9a1933,0,1
2672,2672,0,458724,0,0,0000,001c,0,16356,0,95d44cc9f3184648,0,1
2673,2673,0,458724,0,0,0000,001c,0,16356,0,b2c323b047ab64eb,0,1
2674,2674,0,458724,0,0,0000,001c,0,16356,0,d2952e475eebed4a,0,1
2675,2675,0,458724,0,0,0002,001c,424,16356,0,a57e06abfe559b40,0,1
2676,2676,0,458724,0,0,01aa,001c,4522,16356,0,2c3ec53c309ae417,0,1
2677,2677,0,458724,0,0,1108,001c,4360,16356,0,4e6f6b3bee565012,0,1
2678,2678,0,458724,0,0,1e5d,001c,7773,16356,0,ff21e7ced47a2faf,0,1
2679,2679,0,458724,0,0,268c,001c,9868,16356,0,f01f317ec9aa7109,0,1
2680,2680,0,458724,0,0,33ee,001c,13294,16356,0,d64762f105e44366,0,1
2681,2681,0,458724,0,0,36c6,001c,14022,16356,0,b6118310063ace96,0,1
2682,2682,0,458724,0,0,3ff9,001c,16377,16356,0,f1ff8cbf44520078,0,1
2683,2683,0,458724,0,0,3fff,001c,16383,16356,0,fb9a05831aed80de,0,1
2684,2684,0,458724,0,0,3fff,001c,16383,16356,0,0844e6b33830c760,0,1
2685,2685,0,458724,0,0,3fff,001c,16383,16356,0,17891cd20a114e7f,0,1
2686,2686,0,458724,0,0,3c89,001c,15497,16356,0,acf5a602f78eb72a,0,1
2687,2687,0,458724,0,0,3a38,001c,14904,16356,0,fc33b12708a2da5d,0,1
2688,2688,0,458724,0,0,2d83,001c,11651,16356,0,15a51d4411f7ee61,0,1
2689,2689,0,458724,0,0,229d,001c,8861,16356,0,f56a9507009beb01,0,1
2690,2690,0,458724,0,0,1989,001c,6537,16356,0,10c0ebb70c15a6e5,0,1
2691,2691,0,458724,0,0,0a4f,001c,2639,16356,0,fd3cc5cfee41acaf,0,1
2692,2692,0,458724,0,0,0000,001c,0,16356,0,f54aecd808bc80ee,0,1
2693,2693,0,458724,0,0,0000,001c,0,16356,0,d58ef3d80e2ec896,0,1
2694,2694,0,458724,0,0,0000,001c,0,16356,0,e8ac72b61c9631d7,0,1
2695,2695,0,458724,0,0,0000,001c,0,16356,0,0219a2944c2f2060,0,1
2696,2696,0,458724,0,0,06b1,001c,1713,16356,0,1dd9e4fe37276384,0,1
2697,2697,0,458724,0,0,1484,001c,5252,16356,0,3bcf100e22dd7a9a,0,1
2698,2698,0,458724,0,0,299c,001c,10652,16356,0,4ea39799f06069b4,0,1
2699,2699,0,458724,0,0,300e,001c,12302,16356,0,15656795c9785ef3,0,1
2700,2700,0,458724,0,0,3bfb,001c,15355,16356,0,00078181cb00b2b7,0,1
2701,2701,0,458724,0,0,3f06,001c,15878,16356,0,1dc197f9e32e4014,0,1
2702,2702,0,458724,0,0,3fff,001c,16383,16356,0,c0e620472287e74a,0,1
2703,2703,0,458724,0,0,3fff,001c,16383,16356,0,8ac4a75c9c982143,0,1
2704,2704,0,458724,0,0,3fff,001c,16383,16356,0,1b07d19872403fee,0,1
2705,2705,0,458724,0,0,3fff,001c,16031,16356,0,4dd6023c444d2c63,0,1
2706,2706,0,458724,0,0,3ffd,001c,16381,16356,0,759b4d8afeeb5639,0,1
2707,2707,0,458724,0,0,35fd,001c,13821,16356,0,5f942a9acb93edba,0,1
2708,2708,0,458724,0,0,33fd,001c,15357,16356,0,0863f2609a8b9425,0,1
2709,2709,0,458724,0,0,2bdc,001c,11228,16356,0,cd810263b5575f97,0,1
2710,2710,0,458724,0,0,17bc,001c,6076,16356,0,a1ee3bc7f6211aee,0,1
2711,2711,0,458724,0,0,0d72,001c,3442,16356,0,abf2effe450c8dcb,0,1
2712,2712,0,458724,0,0,0000,001c,0,16356,0,04bf773e7587845b,0,1
2713,2713,0,458724,0,0,0000,001c,0,16356,0,2e06153c64b7a06c,0,1
2714,2714,0,458724,0,0,0000,001c,0,16356,0,8e92112b314d8c22,0,1
2715,2715,0,458724,0,0,0000,001c,0,16356,0,6de94554ca1c6887,0,1
2716,2716,0,458724,0,0,031b,001c,795,16356,0,3d8f108fb17abdb5,0,1
2717,2717,0,458724,0,0,12b8,001c,4792,16356,0,f3ff2689840f5949,0,1
2718,2718,0,458724,0,0,1ffd,001c,8189,16356,0,a7875de1d8b69971,0,1
2719,2719,0,458724,0,0,27d0,001c,10192,16356,0,b905294511438a87,0,1
2720,2720,0,458724,0,0,38ca,001c,14538,16356,0,bd55e701620dbe4e,0,1
2721,2721,0,458724,0,0,37e3,001c,14307,16356,0,2f248a0a4f80f17c,0,1
2722,2722,0,458724,0,0,3fff,001c,16383,16356,0,561969544f40d2b4,0,1
2723,2723,0,458724,0,0,3fff,001c,16383,16356,0,6a4e1bd3f1e8e1bc,0,1
2724,2724,0,458724,0,0,3fff,001c,16383,16356,0,5701a64ec288e6fa,0,1
2725,2725,0,458724,0,0,3fff,001c,16383,16356,0,0e310564a4e3f8a6,0,1
2726,2726,0,458724,0,0,3c0a,001c,15370,16356,0,e7fcddfcb983278b,0,1
2727,2727,0,458724,0,0,3936,001c,14646,16356,0,bc93a171e897882d,0,1
2728,2728,0,458724,0,0,2c44,001c,11332,16356,0,d592f5a62eaa34e5,0,1
2729,2729,0,458724,0,0,2160,001c,8544,16356,0,f4af74442b99d56d,0,1
2730,2730,0,458724,0,0,13d8,001c,5080,16356,0,335dc1602ff120eb,0,1
2731,2731,0,458724,0,0,0859,001c,2137,16356,0,3e209b3b1b03f7ef,0,1
2732,2732,0,458724,0,0,0000,001c,0,16356,0,34f46a2ad076fc9c,0,1
2733,2733,0,458724,0,0,0000,001c,0,16356,0,29cca882df2e1471,0,1
2734,2734,0,458724,0,0,0000,001c,0,16356,0,056b7ffdcfb24124,0,1
2735,2735,0,458724,0,0,0000,001c,0,16356,0,f08db05fe4116c10,0,1
2736,2736,0,458724,0,0,0c7b,001c,3195,16356,0,f6622e5aee4c3ab9,0,1
2737,2737,0,458724,0,0,1643,001c,5699,16356,0,f96996e5053d5954,0,1
2738,2738,0,458724,0,0,2f31,001c,11059,16356,0,0c684da8f299f676,0,1
2739,2739,0,458724,0,0,3b35,001c,12597,16356,0,018a52c80a3597c0,0,1
2740,2740,0,458724,0,0,35ff,001c,13563,16356,0,06a0bc72ea3cd53a,0,1
2741,2741,0,458724,0,0,3efb,001c,16059,16356,0,093b672d0aeccafb,0,1
2742,2742,0,458724,0,0,3fff,001c,16383,16356,0,06a09b6af0ae55c1,0,1
2743,2743,0,458724,0,0,3fff,001c,16383,16356,0,29aa34b720d84912,0,1
2744,2744,0,458724,0,0,3fff,001c,16383,16356,0,12ac5009cb3b5efa,0,1
2745,2745,0,458724,0,0,3fff,001c,16383,16356,0,34e48795e4e1afba,0,1
2746,2746,0,458724,0,0,3e1e,001c,16030,16356,0,032bec38bb68df0c,0,1
2747,2747,0,458724,0,0,348c,001c,13452,16356,0,d23ecfd8cfb16190,0,1
2748,2748,0,458724,0,0,3083,001c,12419,16356,0,dafc8087dbae9038,0,1
2749,2749,0,458724,0,0,2a50,001c,10832,16356,0,bbab64142d755487,0,1
2750,2750,0,458724,0,0,15df,001c,5599,16356,0,b4bc4e29c52a8231,0,1
2751,2751,0,458724,0,0,077b,001c,1915,16356,0,227a6ae258022545,0,1
2752,2752,0,458724,0,0,0000,001c,0,16356,0,47baf96fe65d2c03,0,1
2753,2753,0,458724,0,0,0000,001c,0,16356,0,4c364e9ae59ad94f,0,1
2754,2754,0,458724,0,0,0000,001c,0,16356,0,2ddfa6b6924feee0,0,1
2755,2755,0,458724,0,0,0000,001c,0,16356,0,cfcf2304a34c0164,0,1
2756,2756,0,458724,0,0,0958,001c,2392,16356,0,b8a018d6b519b08f,0,1
2757,2757,0,458724,0,0,186b,001c,6251,16356,0,9269b587042b65f4,0,1
2758,2758,0,458724,0,0,2178,001c,8568,16356,0,c609df8d524b2026,0,1
2759,2759,0,458724,0,0,2d18,001c,11544,16356,0,fd650ba9481528c2,0,1
2760,2760,0,458724,0,0,39a5,001c,14757,16356,0,51e50bd440a9a947,0,1
2761,2761,0,458724,0,0,3c3f,001c,15423,16356,0,6461e39ff1e3aa7c,0,1
2762,2762,0,458724,0,0,3fff,001c,16383,16356,0,47034738993b7b0a,0,1
2763,2763,0,458724,0,0,3fff,001c,16383,16356,0,03815bd395f86d47,0,1
2764,2764,0,458724,0,0,3fff,001c,16383,16356,0,b157ed4580e07321,0,1
2765,2765,0,458724,0,0,3fff,001c,16383,16356,0,5b30469a301d00df,0,1
2766,2766,0,458724,0,0,374d,001c,14157,16356,0,a250851d26a191d4,0,1
2767,2767,0,458724,0,0,3869,001c,14441,16356,0,b36f483406337935,0,1
2768,2768,0,458724,0,0,271c,001c,10012,16356,0,3123f69f4d519aa4,0,1
2769,2769,0,458724,0,0,1f92,001c,8082,16356,0,60cf73731ec4f0e4,0,1
2770,2770,0,458724,0,0,123a,001c,4666,16356,0,482e4be8d298d494,0,1
2771,2771,0,458724,0,0,025e,001c,606,16356,0,2b0a57438d907c81,0,1
2772,2772,0,458724,0,0,0000,001c,0,16356,0,d3e018889e3b7d66,0,1
2773,2773,0,458724,0,0,0000,001c,0,16356,0,9b0161beb9cc63ef,0,1
2774,2774,0,458724,0,0,0000,001c,0,16356,0,941adaca19d1ec27,0,1
2775,2775,0,458724,0,0,0000,001c,0,16356,0,bc8b1c143222cb69,0,1
2776,2776,0,458724,0,0,0e4e,001c,3662,16356,0,f3e664226028c0c9,0,1
2777,2777,0,458724,0,0,1fdf,001c,6047,16356,0,38a23d6e23ee4251,0,1
2778,2778,0,458724,0,0,179f,001c,14303,16356,0,33ca2f120b541300,0,1
2779,2779,0,458724,0,0,3677,001c,13943,16356,0,2a840181bce72c1c,0,1
2780,2780,0,458724,0,0,3274,001c,14068,16356,0,f6cdfc85b9e61965,0,1
2781,2781,0,458724,0,0,35d1,001c,14289,16356,0,cf6b3556d8cf2de0,0,1
2782,2782,0,458724,0,0,3f22,001c,16366,16356,0,b156a1a2e7e3400d,0,1
2783,2783,0,458724,0,0,3fff,001c,16383,16356,0,c6dda2c51d965853,0,1
2784,2784,0,458724,0,0,3fff,001c,16383,16356,0,e48a4be21fb6597b,0,1
2785,2785,0,458724,0,0,3fff,001c,16383,16356,0,0060021c3154769d,0,1
2786,2786,0,458724,0,0,3dbb,001c,15803,16356,0,fd7e2702ffd701bd,0,1
2787,2787,0,458724,0,0,3b8f,001c,15247,16356,0,175bf3310fe801ce,0,1
2788,2788,0,458724,0,0,2f57,001c,12119,16356,0,f1486f92e243df0c,0,1
2789,2789,0,458724,0,0,28f7,001c,10487,16356,0,f7f3968207b8e9e0,0,1
2790,2790,0,458724,0,0,147f,001c,5247,16356,0,f2f2ce2bf8e6d6ea,0,1
2791,2791,0,458724,0,0,05b5,001c,1461,16356,0,e618a8d8fe2b4d50,0,1
2792,2792,0,458724,0,0,0000,001c,0,16356,0,0354d881f5e52a3f,0,1
2793,2793,0,458724,0,0,0000,001c,0,16356,0,daa13044017e1d3b,0,1
2794,2794,0,458724,0,0,0000,001c,0,16356,0,d992d040f03bf5ab,0,1
2795,2795,0,458724,0,0,0000,001c,0,16356,0,de3437071ddc6c54,0,1
2796,2796,0,458724,0,0,0b3e,001c,2878,16356,0,d16a22521c0a514b,0,1
2797,2797,0,458724,0,0,19f6,001c,6646,16356,0,03e0b8564a634fc1,0,1
2798,2798,0,458724,0,0,2303,001c,8963,16356,0,117174d51314b5ac,0,1
2799,2799,0,458724,0,0,2e2c,001c,11820,16356,0,33c0b1db1cf0972b,0,1
2800,2800,0,458724,0,0,3ab8,001c,15032,16356,0,264aea01d1216fe3,0,1
2801,2801,0,458724,0,0,3d0b,001c,15627,16356,0,f0ef5d03cfeb1456,0,1
2802,2802,0,458724,0,0,3fff,001c,16383,16356,0,caf54aecd811404a,0,1
2803,2803,0,458724,0,0,3fff,001c,16383,16356,0,f5e95bf873c21fbb,0,1
2804,2804,0,458724,0,0,3fff,001c,16383,16356,0,ae1dbe20557af8d4,0,1
2805,2805,0,458724,0,0,3f65,001c,16229,16356,0,e96411214d4a4e6c,0,1
2806,2806,0,458724,0,0,3665,001c,13925,16356,0,12904657746c7c13,0,1
2807,2807,0,458724,0,0,3385,001c,13189,16356,0,60fb84ca1d314b52,0,1
2808,2808,0,458724,0,0,25ff,001c,9727,16356,0,556d6d9bfccdad1a,0,1
2809,2809,0,458724,0,0,1f5e,001c,7774,16356,0,21b043aea8ff35ef,0,1
2810,2810,0,458724,0,0,1e72,001c,4210,16356,0,df7b15daab013b4b,0,1
2811,2811,0,458724,0,0,0070,001c,114,16356,0,a71762cad760432a,0,1
2812,2812,0,458724,0,0,0070,001c,48,16356,0,828298a127a73d02,0,1
2813,2813,0,458724,0,0,0000,001c,0,16356,0,caf5747162d2930a,0,1
2814,2814,0,458724,0,0,0000,001c,0,16356,0,e560d7563a388bc3,0,1
2815,2815,0,458724,0,0,0000,001c,0,16356,0,63a0ab318ceb728d,0,1
2816,2816,0,458724,0,0,0ed2,001c,4050,16356,0,6a1ee7c82abfd98a,0,1
2817,2817,0,458724,0,0,0fd2,001c,8146,16356,0,489eec45b077a063,0,1
2818,2818,0,458724,0,0,1d19,001c,7449,16356,0,238da4bdb22d0669,0,1
2819,2819,0,458724,0,0,25a6,001c,13734,16356,0,a36470f3a05671c3,0,1
2820,2820,0,458724,0,0,3326,001c,13094,16356,0,bc6f86371bab4a59,0,1
2821,2821,0,458724,0,0,367a,001c,13946,16356,0,7d129a4721a25079,0,1
2822,2822,0,458724,0,0,3f7a,001c,16250,16356,0,03aa7a8198c7b457,0,1
2823,2823,0,458724,0,0,3fff,001c,16383,16356,0,29a1c2e450350a6a,0,1
2824,2824,0,458724,0,0,3fff,001c,16383,16356,0,674cc75d45cd839e,0,1
2825,2825,0,458724,0,0,3fff,001c,16383,16356,0,5dc7c96be78f2802,0,1
2826,2826,0,458724,0,0,3ced,001c,15597,16356,0,343bd4ddb24593d7,0,1
2827,2827,0,458724,0,0,3ad4,001c,15060,16356,0,e9a26c60c862823a,0,1
2828,2828,0,458724,0,0,2e69,001c,11881,16356,0,d52c6684d4c925dd,0,1
2829,2829,0,458724,0,0,23bd,001c,9149,16356,0,a189d95527608d54,0,1
2830,2830,0,458724,0,0,1ad6,001c,6870,16356,0,efba3ddd32238c70,0,1
2831,2831,0,458724,0,0,0bc5,001c,3013,16356,0,0d97e0786012aee2,0,1
2832,2832,0,458724,0,0,0000,001c,0,16356,0,30536887359669ef,0,1
2833,2833,0,458724,0,0,0000,001c,0,16356,0,4c8a050c08f5950f,0,1
2834,2834,0,458724,0,0,0000,001c,0,16356,0,2c77a6a0ef3d3f85,0,1
2835,2835,0,458724,0,0,0000,001c,0,16356,0,1d013647d2dab939,0,1
2836,2836,0,458724,0,0,0538,001c,1336,16356,0,f18175d500a67905,0,1
2837,2837,0,458724,0,0,1ba1,001c,7073,16356,0,f9065aa1dab11b78,0,1
2838,2838,0,458724,0,0,288a,001c,10378,16356,0,e868c91033de8dec,0,1
2839,2839,0,458724,0,0,2f3e,001c,12094,16356,0,16753030fb0ab4d3,0,1
2840,2840,0,458724,0,0,3b91,001c,15249,16356,0,020505eb255e7146,0,1
2841,2841,0,458724,0,0,3d84,001c,15748,16356,0,16865df50a9a198a,0,1
2842,2842,0,458724,0,0,3fff,001c,16383,16356,0,0f385fc2022801ed,0,1
2843,2843,0,458724,0,0,3fff,001c,16383,16356,0,14cf543918b840cd,0,1
2844,2844,0,458724,0,0,3fff,001c,16383,16356,0,146f432c13f28678,0,1
2845,2845,0,458724,0,0,3f13,001c,16147,16356,0,2c6ca6fff4ba1bf6,0,1
2846,2846,0,458724,0,0,3fd5,001c,13783,16356,0,2f1ac3f105a0ea94,0,1
2847,2847,0,458724,0,0,37fd,001c,12909,16356,0,1cd4ebead79fdd7e,0,1
2848,2848,0,458724,0,0,36ef,001c,9903,16356,0,fd647606d7ae134b,0,1
2849,2849,0,458724,0,0,3cae,001c,7342,16356,0,e809ee2ae45ab19f,0,1
2850,2850,0,458724,0,0,1ebf,001c,7870,16356,0,d5256069090727ef,0,1
2851,2851,0,458724,0,0,0eb1,001c,3761,16356,0,f4b7891232ea0d8e,0,1
2852,2852,0,458724,0,0,0000,001c,0,16356,0,0ed9abb03d703d25,0,1
2853,2853,0,458724,0,0,0000,001c,0,16356,0,482d1b6035063739,0,1
2854,2854,0,458724,0,0,0000,001c,0,16356,0,62570405edb8804c,0,1
2855,2855,0,458724,0,0,0000,001c,384,16356,0,47fe5f04cf4baa07,0,1
2856,2856,0,458724,0,0,018b,001c,395,16356,0,16e16aed9eb25717,0,1
2857,2857,0,458724,0,0,1151,001c,4433,16356,0,d93f7be3a90a3b32,0,1
2858,2858,0,458724,0,0,1efe,001c,7934,16356,0,b1bcda3ae8d8e56d,0,1
2859,2859,0,458724,0,0,274c,001c,10060,16356,0,bb0b5a3733cb03b2,0,1
2860,2860,0,458724,0,0,3820,001c,14368,16356,0,e90ee5984c88bb34,0,1
2861,2861,0,458724,0,0,3721,001c,14113,16356,0,44f4b4015bf84ab3,0,1
2862,2862,0,458724,0,0,3fff,001c,16383,16356,0,672bc7f41f0033b2,0,1
2863,2863,0,458724,0,0,3fff,001c,16383,16356,0,75f67f3ecb43c0ff,0,1
2864,2864,0,458724,0,0,3fff,001c,16383,16356,0,41792ab48ff8cc2a,0,1
2865,2865,0,458724,0,0,3fff,001c,16383,16356,0,dc4fc31992b0e7e4,0,1
2866,2866,0,458724,0,0,3c6d,001c,15469,16356,0,d0ddc72f9f994a0f,0,1
2867,2867,0,458724,0,0,3a02,001c,14850,16356,0,78df23322f5ac8c8,0,1
2868,2868,0,458724,0,0,2d2f,001c,11567,16356,0,cabd43b50c54b4e8,0,1
2869,2869,0,458724,0,0,225b,001c,8795,16356,0,19c13f33a3dd919f,0,1
2870,2870,0,458724,0,0,1926,001c,6438,16356,0,4ff21dad045a4694,0,1
2871,2871,0,458724,0,0,09c5,001c,2501,16356,0,7755917431c19247,0,1
2872,2872,0,458724,0,0,0000,001c,0,16356,0,6683d79972ef118a,0,1
2873,2873,0,458724,0,0,0000,001c,0,16356,0,ede9757da4d3732a,0,1
2874,2874,0,458724,0,0,0000,001c,0,16356,0,f33d6fa58b7f758a,0,1
2875,2875,0,458724,0,0,0000,001c,0,16356,0,7eae7653e485ad3f,0,1
2876,2876,0,458724,0,0,072b,001c,1835,16356,0,bf208988252554a4,0,1
2877,2877,0,458724,0,0,151d,001c,5405,16356,0,e84176433c146703,0,1
2878,2878,0,458724,0,0,2a05,001c,10757,16356,0,1d9c0db352ef2b54,0,1
2879,2879,0,458724,0,0,3071,001c,12401,16356,0,59c3a4c7007097be,0,1
2880,2880,0,458724,0,0,3447,001c,13383,16356,0,41d3d574e4df45eb,0,1
2881,2881,0,458724,0,0,3df8,001c,15865,16356,0,2c00811393be8814,0,1
2882,2882,0,458724,0,0,3fff,001c,16383,16356,0,eaf20497c8a49c8e,0,1
2883,2883,0,458724,0,0,3fff,001c,16383,16356,0,c5b46277b9a0f6b0,0,1
2884,2884,0,458724,0,0,3fff,001c,16383,16356,0,c2b83335fd5fb7ce,0,1
2885,2885,0,458724,0,0,3fff,001c,16255,16356,0,e0fe4ebc196f1587,0,1
2886,2886,0,458724,0,0,3f76,001c,16246,16356,0,f77ca66e1c35d113,0,1
2887,2887,0,458724,0,0,3546,001c,13638,16356,0,10014c3e0e4a32b2,0,1
2888,2888,0,458724,0,0,3b62,001c,15202,16356,0,22eece14f638a350,0,1
2889,2889,0,458724,0,0,2b60,001c,15200,16356,0,076046c4dce981fc,0,1
2890,2890,0,458724,0,0,1721,001c,5985,16356,0,0c291566eede0b39,0,1
2891,2891,0,458724,0,0,0cd3,001c,3283,16356,0,e5c27d21cff9388a,0,1
2892,2892,0,458724,0,0,0000,001c,0,16356,0,f86f5329fefccab9,0,1
2893,2893,0,458724,0,0,0000,001c,0,16356,0,f6b263bed5a45b23,0,1
2894,2894,0,458724,0,0,0000,001c,0,16356,0,edd31d9704887ebd,0,1
2895,2895,0,458724,0,0,0000,001c,0,16356,0,d55bac133a3bb24a,0,1
2896,2896,0,458724,0,0,0804,001c,2052,16356,0,d874abe0f635e155,0,1
2897,2897,0,458724,0,0,134c,001c,4940,16356,0,e9a161a80b7d2b7d,0,1
2898,2898,0,458724,0,0,2060,001c,8288,16356,0,ddf92d0816eda32e,0,1
2899,2899,0,458724,0,0,2c5b,001c,11355,16356,0,0e4d8b5c1e106f57,0,1
2900,2900,0,458724,0,0,3938,001c,14648,16356,0,1f7d8c2d01b77996,0,1
2901,2901,0,458724,0,0,37db,001c,14299,16356,0,23e4bfdce891094a,0,1
2902,2902,0,458724,0,0,3fff,001c,16383,16356,0,0d429f73bc2f88c4,0,1
2903,2903,0,458724,0,0,3fff,001c,16383,16356,0,e03824a7c1427a37,0,1
2904,2904,0,458724,0,0,3fff,001c,16383,16356,0,b1c0b1bfc86346eb,0,1
2905,2905,0,458724,0,0,3fff,001c,16383,16356,0,a8498297100f4c70,0,1
2906,2906,0,458724,0,0,37b6,001c,14262,16356,0,be8a0f1a3c3f39bf,0,1
2907,2907,0,458724,0,0,3912,001c,14610,16356,0,e81ed1de4c6d84dc,0,1
2908,2908,0,458724,0,0,27e5,001c,10213,16356,0,46e19a1c3d2bd57d,0,1
2909,2909,0,458724,0,0,209b,001c,8347,16356,0,40baabbe04de08a2,0,1
2910,2910,0,458724,0,0,135b,001c,4955,16356,0,407ec1fcbaa674b4,0,1
2911,2911,0,458724,0,0,03ab,001c,939,16356,0,f67acb4b9aa2c7ab,0,1
2912,2912,0,458724,0,0,0000,001c,0,16356,0,b8b2b0c4a7d1fbeb,0,1
2913,2913,0,458724,0,0,0000,001c,0,16356,0,87ac7b01f222e67c,0,1
2914,2914,0,458724,0,0,0000,001c,0,16356,0,87578c452e4b35b8,0,1
2915,2915,0,458724,0,0,0000,001c,0,16356,0,e684682976ac9416,0,1
2916,2916,0,458724,0,0,0d15,001c,3349,16356,0,f3d7d824532a77bd,0,1
2917,2917,0,458724,0,0,1fb0,001c,5808,16356,0,908e4cac45753d26,0,1
2918,2918,0,458724,0,0,3ffc,001c,11116,16356,0,1982986aef7aa1ba,0,1
2919,2919,0,458724,0,0,3b6f,001c,12655,16356,0,63341655652df4ad,0,1
2920,2920,0,458724,0,0,357f,001c,13631,16356,0,a7dbea07e05852e2,0,1
2921,2921,0,458724,0,0,3fbf,001c,16319,16356,0,c23f8ad887b86fed,0,1
2922,2922,0,458724,0,0,3fff,001c,16383,16356,0,4cb6f2f24ab4e2ad,0,1
2923,2923,0,458724,0,0,3fff,001c,16383,16356,0,e5c5edaf54f0fe22,0,1
2924,2924,0,458724,0,0,3fff,001c,16383,16356,0,c32c14a95909c592,0,1
2925,2925,0,458724,0,0,3fff,001c,16383,16356,0,6f438d80718dd197,0,1
2926,2926,0,458724,0,0,3e0c,001c,15948,16356,0,3595e601f314e92e,0,1
2927,2927,0,458724,0,0,3441,001c,13377,16356,0,4f54391cdd4479f2,0,1
2928,2928,0,458724,0,0,3046,001c,12358,16356,0,fea26287a26d0e68,0,1
2929,2929,0,458724,0,0,2a0c,001c,10764,16356,0,b93ecf17d19bafd6,0,1
2930,2930,0,458724,0,0,1594,001c,5524,16356,0,ad7f215fe8b7e436,0,1
2931,2931,0,458724,0,0,06d8,001c,1752,16356,0,e7efe99eb83f4137,0,1
2932,2932,0,458724,0,0,0000,001c,0,16356,0,02e6426247cc1859,0,1
2933,2933,0,458724,0,0,0000,001c,0,16356,0,f2442d3758539ee2,0,1
2934,2934,0,458724,0,0,0000,001c,0,16356,0,44bc18fc26b0ebcf,0,1
2935,2935,0,458724,0,0,0000,001c,0,16356,0,2f955ad6fb27c753,0,1
2936,2936,0,458724,0,0,09dc,001c,2524,16356,0,0ed73444e7b4b547,0,1
2937,2937,0,458724,0,0,18d3,001c,6355,16356,0,f9f8ae34e3573628,0,1
2938,2938,0,458724,0,0,220f,001c,8719,16356,0,d6b9b13ce5a43bbb,0,1
2939,2939,0,458724,0,0,2d75,001c,11637,16356,0,dbb9b4c12305954a,0,1
2940,2940,0,458724,0,0,3a01,001c,14849,16356,0,e90c94740d898e23,0,1
2941,2941,0,458724,0,0,3c85,001c,15493,16356,0,f68779d04262606b,0,1
2942,2942,0,458724,0,0,3fff,001c,16383,16356,0,198f3c5ea273cd54,0,1
2943,2943,0,458724,0,0,3fff,001c,16383,16356,0,033c5b0824d81fce,0,1
2944,2944,0,458724,0,0,3fff,001c,16383,16356,0,0eef697b0c8f5d40,0,1
2945,2945,0,458724,0,0,3fac,001c,16300,16356,0,f9e4c8a9221ae2c1,0,1
2946,2946,0,458724,0,0,36e9,001c,14057,16356,0,17a1a26a0f833558,0,1
2947,2947,0,458724,0,0,3806,001c,14342,16356,0,1005244c083a1916,0,1
2948,2948,0,458724,0,0,26d2,001c,9938,16356,0,2414989a042d3e72,0,1
2949,2949,0,458724,0,0,1f59,001c,8025,16356,0,f2d60cd0e6cbd6d4,0,1
2950,2950,0,458724,0,0,1199,001c,4505,16356,0,ff2dc9aff08c3aa8,0,1
2951,2951,0,458724,0,0,0196,001c,406,16356,0,c54be7e10baa4aa5,0,1
2952,2952,0,458724,0,0,0100,001c,0,16356,0,e01ed8e822a370b6,0,1
2953,2953,0,458724,0,0,0000,001c,0,16356,0,fb3c449d58a66305,0,1
2954,2954,0,458724,0,0,0000,001c,0,16356,0,12a275912c448080,0,1
2955,2955,0,458724,0,0,0154,001c,340,16356,0,5dd83ac9490d48df,0,1
2956,2956,0,458724,0,0,0d76,001c,4020,16356,0,41f1a983dce5dcd9,0,1
2957,2957,0,458724,0,0,1eab,001c,7914,16356,0,37d7be1d3fbe6414,0,1
2958,2958,0,458724,0,0,3ccf,001c,15567,16356,0,ec5d138bb50627ac,0,1
2959,2959,0,458724,0,0,24df,001c,14079,16356,0,9405ec1982a623fe,0,1
2960,2960,0,458724,0,0,327e,001c,14334,16356,0,8301d1552e0f5247,0,1
2961,2961,0,458724,0,0,35ff,001c,14335,16356,0,f273013145e57bc4,0,1
2962,2962,0,458724,0,0,3f2d,001c,16365,16356,0,f76846d9704a7420,0,1
2963,2963,0,458724,0,0,3fff,001c,16383,16356,0,5fe24596607c347a,0,1
2964,2964,0,458724,0,0,3fff,001c,16383,16356,0,790531b9f391f668,0,1
2965,2965,0,458724,0,0,3fff,001c,16383,16356,0,5f91d6f9eac8a517,0,1
2966,2966,0,458724,0,0,3d68,001c,15720,16356,0,224deb8667466c87,0,1
2967,2967,0,458724,0,0,3b4d,001c,15181,16356,0,d13ff1d7e03fbc36,0,1
2968,2968,0,458724,0,0,2f41,001c,12097,16356,0,809af37bccced45c,0,1
2969,2969,0,458724,0,0,2897,001c,10391,16356,0,141aa93b38b36b3b,0,1
2970,2970,0,458724,0,0,1bee,001c,7150,16356,0,4bb6ed5a81a122bd,0,1
2971,2971,0,458724,0,0,0512,001c,1298,16356,0,ee2ae0e860212c27,0,1
2972,2972,0,458724,0,0,0000,001c,0,16356,0,bbfacb403263da96,0,1
2973,2973,0,458724,0,0,0000,001c,0,16356,0,fa0ce8ddf4387065,0,1
2974,2974,0,458724,0,0,0000,001c,0,16356,0,23557f98731de038,0,1
2975,2975,0,458724,0,0,0000,001c,0,16356,0,f35cc1c8ccc6c1b4,0,1
2976,2976,0,458724,0,0,0bd4,001c,3028,16356,0,cd867cf5a3cd63e8,0,1
2977,2977,0,458724,0,0,1a4f,001c,6735,16356,0,8e463c521363adc2,0,1
2978,2978,0,458724,0,0,236b,001c,9067,16356,0,eb163ea5539c27d1,0,1
2979,2979,0,458724,0,0,2e7d,001c,11901,16356,0,ff57c24e480e7479,0,1
2980,2980,0,458724,0,0,3ae1,001c,15073,16356,0,5b9699f258c237a0,0,1
2981,2981,0,458724,0,0,3d22,001c,15650,16356,0,5f908e6fe668a4af,0,1
2982,2982,0,458724,0,0,3fff,001c,16383,16356,0,54ba4fd5dc0c0728,0,1
2983,2983,0,458724,0,0,3fff,001c,16383,16356,0,1fc2f41ca65b7be2,0,1
2984,2984,0,458724,0,0,3fff,001c,16383,16356,0,d582276ac408002d,0,1
2985,2985,0,458724,0,0,3f49,001c,16201,16356,0,e7639c42d5cbc1c1,0,1
2986,2986,0,458724,0,0,3642,001c,13890,16356,0,c1f93faf2520734e,0,1
2987,2987,0,458724,0,0,331d,001c,13085,16356,0,0cc1833e28629d42,0,1
2988,2988,0,458724,0,0,257c,001c,9596,16356,0,05e448ce1beb062a,0,1
2989,2989,0,458724,0,0,1dbd,001c,7613,16356,0,4954dd0d16222a5a,0,1
2990,2990,0,458724,0,0,1fd5,001c,4053,16356,0,2a184f46e0c13539,0,1
2991,2991,0,458724,0,0,0fd5,001c,789,16356,0,16be3161e8815ed2,0,1
2992,2992,0,458724,0,0,0000,001c,0,16356,0,18672e63dffa7902,0,1
2993,2993,0,458724,0,0,0000,001c,0,16356,0,e9023972d8b0d2b5,0,1
2994,2994,0,458724,0,0,0000,001c,0,16356,0,1cb240f0fd153f92,0,1
2995,2995,0,458724,0,0,019a,001c,410,16356,0,f4f675f1e8a8b12b,0,1
2996,2996,0,458724,0,0,01be,001c,4606,16356,0,ffb59a15ec5563d5,0,1
2997,2997,0,458724,0,0,107e,001c,7422,16356,0,0a73b53902e459d5,0,1
2998,2998,0,458724,0,0,1dd2,001c,7634,16356,0,df0fa40dd0a08eae,0,1
2999,2999,0,458724,0,0,2631,001c,9777,16356,0,04c39668346cc485,0,1
3000,3000,0,458724,0,0,336e,001c,13166,16356,0,fcbf2fbdeaca3a52,0,1
3001,3001,0,458724,0,0,3684,001c,13956,16356,0,38f8cb051ea093d6,0,1
3002,3002,0,458724,0,0,3fd2,001c,16338,16356,0,23b07c80fcdc21da,0,1
3003,3003,0,458724,0,0,3fff,001c,16383,16356,0,42f081c2ab1a2f9c,0,1
3004,3004,0,458724,0,0,3fff,001c,16383,16356,0,dcbd6150ef85a9bd,0,1
3005,3005,0,458724,0,0,3fff,001c,16383,16356,0,1645f59278e100b1,0,1
3006,3006,0,458724,0,0,3cc8,001c,15560,16356,0,da5a20e3beb5907d,0,1
3007,3007,0,458724,0,0,3a80,001c,14976,16356,0,d0173ee706e191a4,0,1
3008,3008,0,458724,0,0,2e10,001c,11792,16356,0,f4666c5a33aefefa,0,1
3009,3009,0,458724,0,0,232b,001c,9003,16356,0,e5adef7c470f6bef,0,1
3010,3010,0,458724,0,0,1a42,001c,6722,16356,0,b147921c1946a2ce,0,1
3011,3011,0,458724,0,0,0b1b,001c,2843,16356,0,f631c954cb2a916e,0,1
3012,3012,0,458724,0,0,0000,001c,0,16356,0,77a206ada5667332,0,1
3013,3013,0,458724,0,0,0000,001c,0,16356,0,b9b4d81381229606,0,1
3014,3014,0,458724,0,0,0000,001c,0,16356,0,9f434a83d8160950,0,1
3015,3015,0,458724,0,0,0000,001c,0,16356,0,c10df0b4a0012a23,0,1
3016,3016,0,458724,0,0,05f3,001c,1523,16356,0,4ef4a52debc2ccca,0,1
3017,3017,0,458724,0,0,140a,001c,5130,16356,0,ae30439b6fac407e,0,1
3018,3018,0,458724,0,0,28e3,001c,10467,16356,0,e9985b809306cfb8,0,1
3019,3019,0,458724,0,0,2fb2,001c,12210,16356,0,af5da3a95c507b45,0,1
3020,3020,0,458724,0,0,3bc8,001c,15304,16356,0,bff5dc7f0cd41ac9,0,1
3021,3021,0,458724,0,0,3dce,001c,15822,16356,0,706025e064953cd7,0,1
3022,3022,0,458724,0,0,3fff,001c,16383,16356,0,0af4603da813107e,0,1
3023,3023,0,458724,0,0,3fff,001c,16383,16356,0,920f0fbf20be3854,0,1
3024,3024,0,458724,0,0,3fff,001c,16383,16356,0,1cd85e6ed8551089,0,1
3025,3025,0,458724,0,0,3fde,001c,16094,16356,0,4a6efcfa2e1b0ead,0,1
3026,3026,0,458724,0,0,3fd9,001c,13723,16356,0,5341e1f222c8abd4,0,1
3027,3027,0,458724,0,0,37bb,001c,13115,16356,0,ec069e35bb89229f,0,1
3028,3028,0,458724,0,0,362f,001c,9775,16356,0,00cf4817f6a39be1,0,1
3029,3029,0,458724,0,0,3c7f,001c,15486,16356,0,46c57ae0bad8473f,0,1
3030,3030,0,458724,0,0,1e7f,001c,7807,16356,0,cf3ed355501a1832,0,1
3031,3031,0,458724,0,0,0e31,001c,3633,16356,0,b5106c27227c53b6,0,1
3032,3032,0,458724,0,0,0000,001c,0,16356,0,8d50791084e6b6b3,0,1
3033,3033,0,458724,0,0,0000,001c,0,16356,0,c7bb3e4dc27df372,0,1
3034,3034,0,458724,0,0,0000,001c,0,16356,0,f123d927ee5aadd5,0,1
3035,3035,0,458724,0,0,0000,001c,0,16356,0,0f7765db53a292a8,0,1
3036,3036,0,458724,0,0,02a4,001c,676,16356,0,3fe267900e09e2b6,0,1
3037,3037,0,458724,0,0,1201,001c,4609,16356,0,2ca29f1aa461242a,0,1
3038,3038,0,458724,0,0,1f5f,001c,8031,16356,0,cf1d50e415d3a375,0,1
3039,3039,0,458724,0,0,2761,001c,10081,16356,0,14de96058a1c0ecd,0,1
3040,3040,0,458724,0,0,3856,001c,14422,16356,0,8e4ac2fc2687bb6b,0,1
3041,3041,0,458724,0,0,3769,001c,14185,16356,0,fad06287ed36b3b4,0,1
3042,3042,0,458724,0,0,3fff,001c,16383,16356,0,cbebda9634473f07,0,1
3043,3043,0,458724,0,0,3fff,001c,16383,16356,0,efc028451138fb78,0,1
3044,3044,0,458724,0,0,3fff,001c,16383,16356,0,172b1ef20e58bbca,0,1
3045,3045,0,458724,0,0,3fff,001c,16383,16356,0,dd9e318805e0e1ce,0,1
3046,3046,0,458724,0,0,3c13,001c,15379,16356,0,fbe896220b76d0bf,0,1
3047,3047,0,458724,0,0,399b,001c,14747,16356,0,036b4a4cf55d9d2e,0,1
3048,3048,0,458724,0,0,2cbd,001c,11453,16356,0,f7b1b45a12e32c9e,0,1
3049,3049,0,458724,0,0,21fc,001c,8700,16356,0,0c5277ae097af4b3,0,1
3050,3050,0,458724,0,0,18c2,001c,6338,16356,0,e6b2401add026847,0,1
3051,3051,0,458724,0,0,0916,001c,2326,16356,0,fa8fc03cf8e4ed6b,0,1
3052,3052,0,458724,0,0,0000,001c,0,16356,0,c5d217b2e26e1e3b,0,1
3053,3053,0,458724,0,0,0000,001c,0,16356,0,d418a8411b4d7360,0,1
3054,3054,0,458724,0,0,0000,001c,0,16356,0,bf500d5e3a7a4193,0,1
3055,3055,0,458724,0,0,0000,001c,0,16356,0,0f2a6a353767bdbb,0,1
3056,3056,0,458724,0,0,07ea,001c,2026,16356,0,05d072b54331d23d,0,1
3057,3057,0,458724,0,0,157f,001c,5503,16356,0,549856590152f99c,0,1
3058,3058,0,458724,0,0,2a88,001c,10888,16356,0,1beb3c73f4e1ed0d,0,1
3059,3059,0,458724,0,0,30c7,001c,12487,16356,0,7b3391f5ed48c9a2,0,1
3060,3060,0,458724,0,0,34a4,001c,13476,16356,0,d4a0c68af4269666,0,1
3061,3061,0,458724,0,0,3ed5,001c,15957,16356,0,977e1674caae95e1,0,1
3062,3062,0,458724,0,0,3fff,001c,16383,16356,0,a3a8a0a254e22c20,0,1
3063,3063,0,458724,0,0,3fff,001c,16383,16356,0,e69684495cc0f833,0,1
3064,3064,0,458724,0,0,3fff,001c,16383,16356,0,0a2bd81f6828f8a6,0,1
3065,3065,0,458724,0,0,3fff,001c,16383,16356,0,6e657cb550b1b022,0,1
3066,3066,0,458724,0,0,3ee4,001c,16100,16356,0,49fb07cfd6e80b8a,0,1
3067,3067,0,458724,0,0,34e6,001c,13542,16356,0,40de898ecda6cf94,0,1
3068,3068,0,458724,0,0,30c2,001c,15298,16356,0,f48f1abeccfb9353,0,1
3069,3069,0,458724,0,0,2b10,001c,11024,16356,0,6c79596ffe95c960,0,1
3070,3070,0,458724,0,0,16c2,001c,5826,16356,0,50c4cd251afe7df6,0,1
3071,3071,0,458724,0,0,0c3a,001c,3130,16356,0,6b90f8973d4f6fb1,1,1
3072,3072,0,458724,0,0,0000,001c,0,16356,0,05d072b54331d23d,0,0
3073,3073,0,458724,0,0,0000,001c,0,16356,0,05d072b54331d23d,0,0
3074,3074,0,458724,0,0,0000,001c,0,16356,0,05d072b54331d23d,0,0
3075,3075,0,458724,0,0,0000,001c,0,16356,0,05d072b54331d23d,0,0
3076,3076,0,458724,0,0,0882,001c,2178,16356,0,05d072b54331d23d,0,0
3077,3077,0,458724,0,0,13ec,001c,5100,16356,0,05d072b54331d23d,0,0
3078,3078,0,458724,0,0,20dd,001c,8413,16356,0,05d072b54331d23d,0,0
3079,3079,0,458724,0,0,2c6d,001c,11373,16356,0,05d072b54331d23d,0,0
3080,3080,0,458724,0,0,3991,001c,14737,16356,0,05d072b54331d23d,0,0
3081,3081,0,458724,0,0,3c09,001c,15369,16356,0,05d072b54331d23d,0,0
3082,3082,0,458724,0,0,3fff,001c,16383,16356,0,05d072b54331d23d,0,0
3083,3083,0,458724,0,0,3fff,001c,16383,16356,0,05d072b54331d23d,0,0
3084,3084,0,458724,0,0,3fff,001c,16383,16356,0,05d072b54331d23d,0,0
3085,3085,0,458724,0,0,3fff,001c,16383,16356,0,05d072b54331d23d,0,0
3086,3086,0,458724,0,0,3789,001c,14217,16356,0,05d072b54331d23d,0,0
3087,3087,0,458724,0,0,38b1,001c,14513,16356,0,05d072b54331d23d,0,0
3088,3088,0,458724,0,0,27bd,001c,10173,16356,0,05d072b54331d23d,0,0
3089,3089,0,458724,0,0,2055,001c,8277,16356,0,05d072b54331d23d,0,0
3090,3090,0,458724,0,0,12dc,001c,4828,16356,0,05d072b54331d23d,0,0
3091,3091,0,458724,0,0,02f4,001c,756,16356,0,05d072b54331d23d,0,0
3092,3092,0,458724,0,0,0000,001c,0,16356,0,05d072b54331d23d,0,0
3093,3093,0,458724,0,0,0000,001c,0,16356,0,05d072b54331d23d,0,0
3094,3094,0,458724,0,0,0000,001c,0,16356,0,05d072b54331d23d,0,0
3095,3095,0,458724,0,0,0000,001c,0,16356,0,05d072b54331d23d,0,0
3096,3096,0,458724,0,0,0d98,001c,3480,16356,0,05d072b54331d23d,0,0
3097,3097,0,458724,0,0,1fb5,001c,5941,16356,0,05d072b54331d23d,0,0
3098,3098,0,458724,0,0,3fff,001c,11263,16356,0,05d072b54331d23d,0,0
3099,3099,0,458724,0,0,3bff,001c,13311,16356,0,05d072b54331d23d,0,0
3100,3100,0,458724,0,0,35f8,001c,13816,16356,0,05d072b54331d23d,0,0
3101,3101,0,458724,0,0,3fe8,001c,16360,16356,0,05d072b54331d23d,0,0
3102,3102,0,458724,0,0,3fff,001c,16382,16356,0,05d072b54331d23d,0,0
3103,3103,0,458724,0,0,3fff,001c,16383,16356,0,05d072b54331d23d,0,0
3104,3104,0,458724,0,0,3fff,001c,16383,16356,0,05d072b54331d23d,0,0
3105,3105,0,458724,0,0,3fff,001c,16383,16356,0,05d072b54331d23d,0,0
3106,3106,0,458724,0,0,3db1,001c,15793,16356,0,05d072b54331d23d,0,0
3107,3107,0,458724,0,0,3bca,001c,15306,16356,0,05d072b54331d23d,0,0
3108,3108,0,458724,0,0,2fa7,001c,12199,16356,0,05d072b54331d23d,0,0
3109,3109,0,458724,0,0,298d,001c,10637,16356,0,05d072b54331d23d,0,0
3110,3110,0,458724,0,0,1500,001c,5376,16356,0,05d072b54331d23d,0,0
3111,3111,0,458724,0,0,061d,001c,1565,16356,0,05d072b54331d23d,0,0
3112,3112,0,458724,0,0,0000,001c,0,16356,0,05d072b54331d23d,0,0
3113,3113,0,458724,0,0,0000,001c,0,16356,0,05d072b54331d23d,0,0
3114,3114,0,458724,0,0,0000,001c,0,16356,0,05d072b54331d23d,0,0
3115,3115,0,458724,0,0,0000,001c,0,16356,0,05d072b54331d23d,0,0
3116,3116,0,458724,0,0,0a92,001c,2706,16356,0,05d072b54331d23d,0,0
3117,3117,0,458724,0,0,196b,001c,6507,16356,0,05d072b54331d23d,0,0
3118,3118,0,458724,0,0,228e,001c,8846,16356,0,05d072b54331d23d,0,0
3119,3119,0,458724,0,0,2dd7,001c,11735,16356,0,05d072b54331d23d,0,0
3120,3120,0,458724,0,0,3a3b,001c,14907,16356,0,05d072b54331d23d,0,0
3121,3121,0,458724,0,0,3c7c,001c,15484,16356,0,05d072b54331d23d,0,0
3122,3122,0,458724,0,0,3fff,001c,16383,16356,0,05d072b54331d23d,0,0
3123,3123,0,458724,0,0,3fff,001c,16383,16356,0,05d072b54331d23d,0,0
3124,3124,0,458724,0,0,3fff,001c,16383,16356,0,05d072b54331d23d,0,0
3125,3125,0,458724,0,0,3f69,001c,16233,16356,0,05d072b54331d23d,0,0
3126,3126,0,458724,0,0,36e5,001c,14053,16356,0,05d072b54331d23d,0,0
3127,3127,0,458724,0,0,33de,001c,13278,16356,0,05d072b54331d23d,0,0
3128,3128,0,458724,0,0,2645,001c,9797,16356,0,05d072b54331d23d,0,0
3129,3129,0,458724,0,0,1ed1,001c,7889,16356,0,05d072b54331d23d,0,0
3130,3130,0,458724,0,0,1159,001c,4441,16356,0,05d072b54331d23d,0,0
3131,3131,0,458724,0,0,0126,001c,294,16356,0,05d072b54331d23d,0,0
3132,3132,0,458724,0,0,0100,001c,2,16356,0,05d072b54331d23d,0,0
3133,3133,0,458724,0,0,0000,001c,0,16356,0,05d072b54331d23d,0,0
3134,3134,0,458724,0,0,0000,001c,0,16356,0,05d072b54331d23d,0,0
3135,3135,0,458724,0,0,01a8,001c,424,16356,0,05d072b54331d23d,0,0
3136,3136,0,458724,0,0,0fab,001c,4011,16356,0,05d072b54331d23d,0,0
3137,3137,0,458724,0,0,0f67,001c,8167,16356,0,05d072b54331d23d,0,0
3138,3138,0,458724,0,0,1cc4,001c,7364,16356,0,05d072b54331d23d,0,0
3139,3139,0,458724,0,0,256a,001c,9578,16356,0,05d072b54331d23d,0,0
3140,3140,0,458724,0,0,32b6,001c,14014,16356,0,05d072b54331d23d,0,0
3141,3141,0,458724,0,0,362e,001c,13934,16356,0,05d072b54331d23d,0,0
3142,3142,0,458724,0,0,3f75,001c,16245,16356,0,05d072b54331d23d,0,0
3143,3143,0,458724,0,0,3fff,001c,16383,16356,0,05d072b54331d23d,0,0
3144,3144,0,458724,0,0,3fff,001c,16383,16356,0,05d072b54331d23d,0,0
3145,3145,0,458724,0,0,3fff,001c,16383,16356,0,05d072b54331d23d,0,0
3146,3146,0,458724,0,0,3d28,001c,15656,16356,0,05d072b54331d23d,0,0
3147,3147,0,458724,0,0,3b41,001c,15169,16356,0,05d072b54331d23d,0,0
3148,3148,0,458724,0,0,2ecf,001c,11983,16356,0,05d072b54331d23d,0,0
3149,3149,0,458724,0,0,280f,001c,10255,16356,0,05d072b54331d23d,0,0
3150,3150,0,458724,0,0,1b63,001c,7011,16356,0,05d072b54331d23d,0,0
3151,3151,0,458724,0,0,0462,001c,1122,16356,0,05d072b54331d23d,0,0
3152,3152,0,458724,0,0,0000,001c,0,16356,0,05d072b54331d23d,0,0
3153,3153,0,458724,0,0,0000,001c,0,16356,0,05d072b54331d23d,0,0
3154,3154,0,458724,0,0,0000,001c,0,16356,0,05d072b54331d23d,0,0
3155,3155,0,458724,0,0,0000,001c,0,16356,0,05d072b54331d23d,0,0
3156,3156,0,458724,0,0,04b1,001c,1201,16356,0,05d072b54331d23d,0,0
3157,3157,0,458724,0,0,1b13,001c,6931,16356,0,05d072b54331d23d,0,0
3158,3158,0,458724,0,0,282d,001c,10285,16356,0,05d072b54331d23d,0,0
3159,3159,0,458724,0,0,2ef3,001c,12019,16356,0,05d072b54331d23d,0,0
3160,3160,0,458724,0,0,3b47,001c,15175,16356,0,05d072b54331d23d,0,0
3161,3161,0,458724,0,0,3d80,001c,15744,16356,0,05d072b54331d23d,0,0
3162,3162,0,458724,0,0,3fff,001c,16383,16356,0,05d072b54331d23d,0,0
3163,3163,0,458724,0,0,3fff,001c,16383,16356,0,05d072b54331d23d,0,0
3164,3164,0,458724,0,0,3fff,001c,16383,16356,0,05d072b54331d23d,0,0
3165,3165,0,458724,0,0,3f2d,001c,16173,16356,0,05d072b54331d23d,0,0
3166,3166,0,458724,0,0,35e9,001c,13801,16356,0,05d072b54331d23d,0,0
3167,3167,0,458724,0,0,33ab,001c,12971,16356,0,05d072b54331d23d,0,0
3168,3168,0,458724,0,0,2787,001c,9479,16356,0,05d072b54331d23d,0,0
3169,3169,0,458724,0,0,3d37,001c,7479,16356,0,05d072b54331d23d,0,0
3170,3170,0,458724,0,0,1f7f,001c,3967,16356,0,05d072b54331d23d,0,0
3171,3171,0,458724,0,0,0f4b,001c,3851,16356,0,05d072b54331d23d,0,0
3172,3172,0,458724,0,0,0000,001c,0,16356,0,05d072b54331d23d,0,0
3173,3173,0,458724,0,0,0000,001c,0,16356,0,05d072b54331d23d,0,0
3174,3174,0,458724,0,0,0000,001c,0,16356,0,05d072b54331d23d,0,0
3175,3175,0,458724,0,0,007e,001c,508,16356,0,05d072b54331d23d,0,0
3176,3176,0,458724,0,0,01ff,001c,4607,16356,0,05d072b54331d23d,0,0
3177,3177,0,458724,0,0,10fa,001c,7418,16356,0,05d072b54331d23d,0,0
3178,3178,0,458724,0,0,1e6e,001c,7790,16356,0,05d072b54331d23d,0,0
3179,3179,0,458724,0,0,26a6,001c,9894,16356,0,05d072b54331d23d,0,0
3180,3180,0,458724,0,0,33be,001c,13246,16356,0,05d072b54331d23d,0,0
3181,3181,0,458724,0,0,36f8,001c,14072,16356,0,05d072b54331d23d,0,0
3182,3182,0,458724,0,0,3fe0,001c,16352,16356,0,05d072b54331d23d,0,0
3183,3183,0,458724,0,0,3fff,001c,16383,16356,0,05d072b54331d23d,0,0
3184,3184,0,458724,0,0,3fff,001c,16383,16356,0,05d072b54331d23d,0,0
3185,3185,0,458724,0,0,3fff,001c,16383,16356,0,05d072b54331d23d,0,0
3186,3186,0,458724,0,0,3c98,001c,15512,16356,0,05d072b54331d23d,0,0
3187,3187,0,458724,0,0,3a32,001c,14898,16356,0,05d072b54331d23d,0,0
3188,3188,0,458724,0,0,2d8f,001c,11663,16356,0,05d072b54331d23d,0,0
3189,3189,0,458724,0,0,22ec,001c,8940,16356,0,05d072b54331d23d,0,0
3190,3190,0,458724,0,0,19d0,001c,6608,16356,0,05d072b54331d23d,0,0
3191,3191,0,458724,0,0,0a84,001c,2692,16356,0,05d072b54331d23d,0,0
3192,3192,0,458724,0,0,0000,001c,0,16356,0,05d072b54331d23d,0,0
3193,3193,0,458724,0,0,0000,001c,0,16356,0,05d072b54331d23d,0,0
3194,3194,0,458724,0,0,0000,001c,0,16356,0,05d072b54331d23d,0,0
3195,3195,0,458724,0,0,0000,001c,0,16356,0,05d072b54331d23d,0,0
3196,3196,0,458724,0,0,068a,001c,1674,16356,0,05d072b54331d23d,0,0
3197,3197,0,458724,0,0,1458,001c,5208,16356,0,05d072b54331d23d,0,0
3198,3198,0,458724,0,0,2977,001c,10615,16356,0,05d072b54331d23d,0,0
3199,3199,0,458724,0,0,3003,001c,12291,16356,0,05d072b54331d23d,0,0
3200,3200,0,458724,0,0,3420,001c,13344,16356,0,05d072b54331d23d,0,0
3201,3201,0,458724,0,0,3ddc,001c,15836,16356,0,05d072b54331d23d,0,0
3202,3202,0,458724,0,0,3fff,001c,16383,16356,0,05d072b54331d23d,0,0
3203,3203,0,458724,0,0,3fff,001c,16383,16356,0,05d072b54331d23d,0,0
3204,3204,0,458724,0,0,3fff,001c,16383,16356,0,05d072b54331d23d,0,0
3205,3205,0,458724,0,0,3fc3,001c,16067,16356,0,05d072b54331d23d,0,0
3206,3206,0,458724,0,0,3feb,001c,14123,16356,0,05d072b54331d23d,0,0
3207,3207,0,458724,0,0,35ad,001c,13741,16356,0,05d072b54331d23d,0,0
3208,3208,0,458724,0,0,3bbc,001c,15292,16356,0,05d072b54331d23d,0,0
3209,3209,0,458724,0,0,3bbc,001c,16316,16356,0,05d072b54331d23d,0,0
3210,3210,0,458724,0,0,17be,001c,6076,16356,0,05d072b54331d23d,0,0
3211,3211,0,458724,0,0,0d6f,001c,3439,16356,0,05d072b54331d23d,0,0
3212,3212,0,458724,0,0,0000,001c,0,16356,0,05d072b54331d23d,0,0
3213,3213,0,458724,0,0,0000,001c,0,16356,0,05d072b54331d23d,0,0
3214,3214,0,458724,0,0,0000,001c,0,16356,0,05d072b54331d23d,0,0
3215,3215,0,458724,0,0,0000,001c,0,16356,0,05d072b54331d23d,0,0
3216,3216,0,458724,0,0,030c,001c,780,16356,0,05d072b54331d23d,0,0
3217,3217,0,458724,0,0,12dc,001c,4828,16356,0,05d072b54331d23d,0,0
3218,3218,0,458724,0,0,1fd2,001c,8146,16356,0,05d072b54331d23d,0,0
3219,3219,0,458724,0,0,27e2,001c,10210,16356,0,05d072b54331d23d,0,0
3220,3220,0,458724,0,0,38ea,001c,14570,16356,0,05d072b54331d23d,0,0
3221,3221,0,458724,0,0,377f,001c,14207,16356,0,05d072b54331d23d,0,0
3222,3222,0,458724,0,0,3fff,001c,16383,16356,0,05d072b54331d23d,0,0
3223,3223,0,458724,0,0,3fff,001c,16383,16356,0,05d072b54331d23d,0,0
3224,3224,0,458724,0,0,3fff,001c,16383,16356,0,05d072b54331d23d,0,0
3225,3225,0,458724,0,0,3fff,001c,16383,16356,0,05d072b54331d23d,0,0
3226,3226,0,458724,0,0,37e7,001c,14311,16356,0,05d072b54331d23d,0,0
3227,3227,0,458724,0,0,395c,001c,14684,16356,0,05d072b54331d23d,0,0
3228,3228,0,458724,0,0,2c73,001c,11379,16356,0,05d072b54331d23d,0,0
3229,3229,0,458724,0,0,2152,001c,8530,16356,0,05d072b54331d23d,0,0
3230,3230,0,458724,0,0,13f6,001c,5110,16356,0,05d072b54331d23d,0,0
3231,3231,0,458724,0,0,0876,001c,2166,16356,0,05d072b54331d23d,0,0
3232,3232,0,458724,0,0,0000,001c,0,16356,0,05d072b54331d23d,0,0
3233,3233,0,458724,0,0,0000,001c,0,16356,0,05d072b54331d23d,0,0
3234,3234,0,458724,0,0,0000,001c,0,16356,0,05d072b54331d23d,0,0
3235,3235,0,458724,0,0,0000,001c,0,16356,0,05d072b54331d23d,0,0
3236,3236,0,458724,0,0,0c61,001c,3169,16356,0,05d072b54331d23d,0,0
3237,3237,0,458724,0,0,1601,001c,5633,16356,0,05d072b54331d23d,0,0
3238,3238,0,458724,0,0,2af1,001c,10993,16356,0,05d072b54331d23d,0,0
3239,3239,0,458724,0,0,3bb6,001c,12599,16356,0,05d072b54331d23d,0,0
3240,3240,0,458724,0,0,35d1,001c,13523,16356,0,05d072b54331d23d,0,0
3241,3241,0,458724,0,0,3eff,001c,15999,16356,0,05d072b54331d23d,0,0
3242,3242,0,458724,0,0,3fff,001c,16383,16356,0,05d072b54331d23d,0,0
3243,3243,0,458724,0,0,3fff,001c,16383,16356,0,05d072b54331d23d,0,0
3244,3244,0,458724,0,0,3fff,001c,16383,16356,0,05d072b54331d23d,0,0
3245,3245,0,458724,0,0,3fff,001c,16383,16356,0,05d072b54331d23d,0,0
3246,3246,0,458724,0,0,3e7f,001c,15999,16356,0,05d072b54331d23d,0,0
3247,3247,0,458724,0,0,347f,001c,13567,16356,0,05d072b54331d23d,0,0
3248,3248,0,458724,0,0,30bc,001c,12476,16356,0,05d072b54331d23d,0,0
3249,3249,0,458724,0,0,2a72,001c,10866,16356,0,05d072b54331d23d,0,0
3250,3250,0,458724,0,0,165b,001c,5723,16356,0,05d072b54331d23d,0,0
3251,3251,0,458724,0,0,07cf,001c,1999,16356,0,05d072b54331d23d,0,0
3252,3252,0,458724,0,0,0000,001c,0,16356,0,05d072b54331d23d,0,0
3253,3253,0,458724,0,0,0000,001c,0,16356,0,05d072b54331d23d,0,0
3254,3254,0,458724,0,0,0000,001c,0,16356,0,05d072b54331d23d,0,0
3255,3255,0,458724,0,0,0000,001c,0,16356,0,05d072b54331d23d,0,0
3256,3256,0,458724,0,0,08f4,001c,2292,16356,0,05d072b54331d23d,0,0
3257,3257,0,458724,0,0,182c,001c,6188,16356,0,05d072b54331d23d,0,0
3258,3258,0,458724,0,0,2174,001c,8564,16356,0,05d072b54331d23d,0,0
3259,3259,0,458724,0,0,2ca9,001c,11433,16356,0,05d072b54331d23d,0,0
3260,3260,0,458724,0,0,393b,001c,14651,16356,0,05d072b54331d23d,0,0
3261,3261,0,458724,0,0,3c15,001c,15381,16356,0,05d072b54331d23d,0,0
3262,3262,0,458724,0,0,3fff,001c,16383,16356,0,05d072b54331d23d,0,0
3263,3263,0,458724,0,0,3fff,001c,16383,16356,0,05d072b54331d23d,0,0
3264,3264,0,458724,0,0,3fff,001c,16383,16356,0,05d072b54331d23d,0,0
3265,3265,0,458724,0,0,3fe4,001c,16356,16356,0,05d072b54331d23d,0,0
3266,3266,0,458724,0,0,3735,001c,14133,16356,0,05d072b54331d23d,0,0
3267,3267,0,458724,0,0,3874,001c,14452,16356,0,05d072b54331d23d,0,0
3268,3268,0,458724,0,0,2736,001c,10038,16356,0,05d072b54331d23d,0,0
3269,3269,0,458724,0,0,1fde,001c,8158,16356,0,05d072b54331d23d,0,0
3270,3270,0,458724,0,0,1241,001c,4673,16356,0,05d072b54331d23d,0,0
3271,3271,0,458724,0,0,024d,001c,589,16356,0,05d072b54331d23d,0,0
3272,3272,0,458724,0,0,0000,001c,0,16356,0,05d072b54331d23d,0,0
3273,3273,0,458724,0,0,0000,001c,0,16356,0,05d072b54331d23d,0,0
3274,3274,0,458724,0,0,0000,001c,0,16356,0,05d072b54331d23d,0,0
3275,3275,0,458724,0,0,0000,001c,0,16356,0,05d072b54331d23d,0,0
3276,3276,0,458724,0,0,0e04,001c,3588,16356,0,05d072b54331d23d,0,0
3277,3277,0,458724,0,0,1fae,001c,6062,16356,0,05d072b54331d23d,0,0
3278,3278,0,458724,0,0,37ae,001c,10238,16356,0,05d072b54331d23d,0,0
3279,3279,0,458724,0,0,3657,001c,13911,16356,0,05d072b54331d23d,0,0
3280,3280,0,458724,0,0,32d7,001c,14295,16356,0,05d072b54331d23d,0,0
3281,3281,0,458724,0,0,3fc5,001c,16325,16356,0,05d072b54331d23d,0,0
3282,3282,0,458724,0,0,3f7e,001c,16380,16356,0,05d072b54331d23d,0,0
3283,3283,0,458724,0,0,3fff,001c,16383,16356,0,05d072b54331d23d,0,0
3284,3284,0,458724,0,0,3fff,001c,16383,16356,0,05d072b54331d23d,0,0
3285,3285,0,458724,0,0,3fff,001c,16383,16356,0,05d072b54331d23d,0,0
3286,3286,0,458724,0,0,3da3,001c,15779,16356,0,05d072b54331d23d,0,0
3287,3287,0,458724,0,0,3bb2,001c,15282,16356,0,05d072b54331d23d,0,0
3288,3288,0,458724,0,0,2f75,001c,12149,16356,0,05d072b54331d23d,0,0
3289,3289,0,458724,0,0,2930,001c,10544,16356,0,05d072b54331d23d,0,0
3290,3290,0,458724,0,0,1496,001c,5270,16356,0,05d072b54331d23d,0,0
3291,3291,0,458724,0,0,05ad,001c,1453,16356,0,05d072b54331d23d,0,0
3292,3292,0,458724,0,0,0000,001c,0,16356,0,05d072b54331d23d,0,0
3293,3293,0,458724,0,0,0000,001c,0,16356,0,05d072b54331d23d,0,0
3294,3294,0,458724,0,0,0000,001c,0,16356,0,05d072b54331d23d,0,0
3295,3295,0,458724,0,0,0000,001c,0,16356,0,05d072b54331d23d,0,0
3296,3296,0,458724,0,0,0b2c,001c,2860,16356,0,05d072b54331d23d,0,0
3297,3297,0,458724,0,0,19cd,001c,6605,16356,0,05d072b54331d23d,0,0
3298,3298,0,458724,0,0,22ef,001c,8943,16356,0,05d072b54331d23d,0,0
3299,3299,0,458724,0,0,2e22,001c,11810,16356,0,05d072b54331d23d,0,0
3300,3300,0,458724,0,0,3a98,001c,15000,16356,0,05d072b54331d23d,0,0
3301,3301,0,458724,0,0,3d15,001c,15637,16356,0,05d072b54331d23d,0,0
3302,3302,0,458724,0,0,3fff,001c,16383,16356,0,05d072b54331d23d,0,0
3303,3303,0,458724,0,0,3fff,001c,16383,16356,0,05d072b54331d23d,0,0
3304,3304,0,458724,0,0,3fff,001c,16383,16356,0,05d072b54331d23d,0,0
3305,3305,0,458724,0,0,3f92,001c,16274,16356,0,05d072b54331d23d,0,0
3306,3306,0,458724,0,0,3695,001c,13973,16356,0,05d072b54331d23d,0,0
3307,3307,0,458724,0,0,3365,001c,13157,16356,0,05d072b54331d23d,0,0
3308,3308,0,458724,0,0,2614,001c,9748,16356,0,05d072b54331d23d,0,0
3309,3309,0,458724,0,0,1e60,001c,7776,16356,0,05d072b54331d23d,0,0
3310,3310,0,458724,0,0,1080,001c,4224,16356,0,05d072b54331d23d,0,0
3311,3311,0,458724,0,0,0082,001c,130,16356,0,05d072b54331d23d,0,0
3312,3312,0,458724,0,0,0080,001c,2,16356,0,05d072b54331d23d,0,0
3313,3313,0,458724,0,0,0000,001c,0,16356,0,05d072b54331d23d,0,0
3314,3314,0,458724,0,0,0000,001c,0,16356,0,05d072b54331d23d,0,0
3315,3315,0,458724,0,0,0000,001c,0,16356,0,05d072b54331d23d,0,0
3316,3316,0,458724,0,0,0ff3,001c,4082,16356,0,05d072b54331d23d,0,0
3317,3317,0,458724,0,0,0ff3,001c,8179,16356,0,05d072b54331d23d,0,0
3318,3318,0,458724,0,0,1d56,001c,15830,16356,0,05d072b54331d23d,0,0
3319,3319,0,458724,0,0,2597,001c,9623,16356,0,05d072b54331d23d,0,0
3320,3320,0,458724,0,0,3339,001c,13113,16356,0,05d072b54331d23d,0,0
3321,3321,0,458724,0,0,36a4,001c,13988,16356,0,05d072b54331d23d,0,0
3322,3322,0,458724,0,0,3f7a,001c,16250,16356,0,05d072b54331d23d,0,0
3323,3323,0,458724,0,0,3fff,001c,16383,16356,0,05d072b54331d23d,0,0
3324,3324,0,458724,0,0,3fff,001c,16383,16356,0,05d072b54331d23d,0,0
3325,3325,0,458724,0,0,3fff,001c,16383,16356,0,05d072b54331d23d,0,0
3326,3326,0,458724,0,0,3d02,001c,15618,16356,0,05d072b54331d23d,0,0
3327,3327,0,458724,0,0,3abe,001c,15038,16356,0,05d072b54331d23d,0,0
3328,3328,0,458724,0,0,2e79,001c,11897,16356,0,05d072b54331d23d,0,0
3329,3329,0,458724,0,0,23c4,001c,9156,16356,0,05d072b54331d23d,0,0
3330,3330,0,458724,0,0,1add,001c,6877,16356,0,05d072b54331d23d,0,0
3331,3331,0,458724,0,0,0bcd,001c,3021,16356,0,05d072b54331d23d,0,0
3332,3332,0,458724,0,0,0000,001c,0,16356,0,05d072b54331d23d,0,0
3333,3333,0,458724,0,0,0000,001c,0,16356,0,05d072b54331d23d,0,0
3334,3334,0,458724,0,0,0000,001c,0,16356,0,05d072b54331d23d,0,0
3335,3335,0,458724,0,0,0000,001c,0,16356,0,05d072b54331d23d,0,0
3336,3336,0,458724,0,0,04ee,001c,1262,16356,0,05d072b54331d23d,0,0
3337,3337,0,458724,0,0,1b95,001c,7061,16356,0,05d072b54331d23d,0,0
3338,3338,0,458724,0,0,2887,001c,10375,16356,0,05d072b54331d23d,0,0
3339,3339,0,458724,0,0,2f60,001c,12128,16356,0,05d072b54331d23d,0,0
3340,3340,0,458724,0,0,3b83,001c,15235,16356,0,05d072b54331d23d,0,0
3341,3341,0,458724,0,0,3d87,001c,15751,16356,0,05d072b54331d23d,0,0
3342,3342,0,458724,0,0,3fff,001c,16383,16356,0,05d072b54331d23d,0,0
3343,3343,0,458724,0,0,3fff,001c,16383,16356,0,05d072b54331d23d,0,0
3344,3344,0,458724,0,0,3fff,001c,16383,16356,0,05d072b54331d23d,0,0
3345,3345,0,458724,0,0,3f05,001c,16133,16356,0,05d072b54331d23d,0,0
3346,3346,0,458724,0,0,35b0,001c,13744,16356,0,05d072b54331d23d,0,0
3347,3347,0,458724,0,0,37ee,001c,12910,16356,0,05d072b54331d23d,0,0
3348,3348,0,458724,0,0,36ef,001c,9383,16356,0,05d072b54331d23d,0,0
3349,3349,0,458724,0,0,3cfd,001c,7421,16356,0,05d072b54331d23d,0,0
3350,3350,0,458724,0,0,1edf,001c,3807,16356,0,05d072b54331d23d,0,0
3351,3351,0,458724,0,0,0ede,001c,3806,16356,0,05d072b54331d23d,0,0
3352,3352,0,458724,0,0,0000,001c,0,16356,0,05d072b54331d23d,0,0
3353,3353,0,458724,0,0,0000,001c,0,16356,0,05d072b54331d23d,0,0
3354,3354,0,458724,0,0,0000,001c,0,16356,0,05d072b54331d23d,0,0
3355,3355,0,458724,0,0,0000,001c,328,16356,0,05d072b54331d23d,0,0
3356,3356,0,458724,0,0,017f,001c,4479,16356,0,05d072b54331d23d,0,0
3357,3357,0,458724,0,0,1173,001c,4467,16356,0,05d072b54331d23d,0,0
3358,3358,0,458724,0,0,1e8e,001c,7822,16356,0,05d072b54331d23d,0,0
3359,3359,0,458724,0,0,26fb,001c,9979,16356,0,05d072b54331d23d,0,0
3360,3360,0,458724,0,0,381a,001c,14362,16356,0,05d072b54331d23d,0,0
3361,3361,0,458724,0,0,3704,001c,14084,16356,0,05d072b54331d23d,0,0
3362,3362,0,458724,0,0,3fff,001c,16383,16356,0,05d072b54331d23d,0,0
3363,3363,0,458724,0,0,3fff,001c,16383,16356,0,05d072b54331d23d,0,0
3364,3364,0,458724,0,0,3fff,001c,16383,16356,0,05d072b54331d23d,0,0
3365,3365,0,458724,0,0,3fff,001c,16383,16356,0,05d072b54331d23d,0,0
3366,3366,0,458724,0,0,3c7d,001c,15485,16356,0,05d072b54331d23d,0,0
3367,3367,0,458724,0,0,39dc,001c,14812,16356,0,05d072b54331d23d,0,0
3368,3368,0,458724,0,0,2d16,001c,11542,16356,0,05d072b54331d23d,0,0
3369,3369,0,458724,0,0,223d,001c,8765,16356,0,05d072b54331d23d,0,0
3370,3370,0,458724,0,0,1951,001c,6481,16356,0,05d072b54331d23d,0,0
3371,3371,0,458724,0,0,09d3,001c,2515,16356,0,05d072b54331d23d,0,0
3372,3372,0,458724,0,0,0000,001c,0,16356,0,05d072b54331d23d,0,0
3373,3373,0,458724,0,0,0000,001c,0,16356,0,05d072b54331d23d,0,0
3374,3374,0,458724,0,0,0000,001c,0,16356,0,05d072b54331d23d,0,0
3375,3375,0,458724,0,0,0000,001c,0,16356,0,05d072b54331d23d,0,0
3376,3376,0,458724,0,0,0723,001c,1827,16356,0,05d072b54331d23d,0,0
3377,3377,0,458724,0,0,150d,001c,5389,16356,0,05d072b54331d23d,0,0
3378,3378,0,458724,0,0,2a13,001c,10771,16356,0,05d072b54331d23d,0,0
3379,3379,0,458724,0,0,3049,001c,12361,16356,0,05d072b54331d23d,0,0
3380,3380,0,458724,0,0,3456,001c,13398,16356,0,05d072b54331d23d,0,0
3381,3381,0,458724,0,0,3e21,001c,15905,16356,0,05d072b54331d23d,0,0
3382,3382,0,458724,0,0,3fff,001c,16383,16356,0,05d072b54331d23d,0,0
3383,3383,0,458724,0,0,3fff,001c,16383,16356,0,05d072b54331d23d,0,0
3384,3384,0,458724,0,0,3fff,001c,16383,16356,0,05d072b54331d23d,0,0
3385,3385,0,458724,0,0,3ffe,001c,15999,16356,0,05d072b54331d23d,0,0
3386,3386,0,458724,0,0,3efe,001c,14078,16356,0,05d072b54331d23d,0,0
3387,3387,0,458724,0,0,35ff,001c,13822,16356,0,05d072b54331d23d,0,0
3388,3388,0,458724,0,0,337f,001c,15229,16356,0,05d072b54331d23d,0,0
3389,3389,0,458724,0,0,2b6b,001c,15211,16356,0,05d072b54331d23d,0,0
3390,3390,0,458724,0,0,1749,001c,5961,16356,0,05d072b54331d23d,0,0
3391,3391,0,458724,0,0,0ce5,001c,3301,16356,0,05d072b54331d23d,0,0
3392,3392,0,458724,0,0,0000,001c,0,16356,0,05d072b54331d23d,0,0
3393,3393,0,458724,0,0,0000,001c,0,16356,0,05d072b54331d23d,0,0
3394,3394,0,458724,0,0,0000,001c,0,16356,0,05d072b54331d23d,0,0
3395,3395,0,458724,0,0,0000,001c,0,16356,0,05d072b54331d23d,0,0
3396,3396,0,458724,0,0,03b6,001c,950,16356,0,05d072b54331d23d,0,0
3397,3397,0,458724,0,0,1307,001c,4871,16356,0,05d072b54331d23d,0,0
3398,3398,0,458724,0,0,2057,001c,8279,16356,0,05d072b54331d23d,0,0
3399,3399,0,458724,0,0,2c40,001c,11328,16356,0,05d072b54331d23d,0,0
3400,3400,0,458724,0,0,3907,001c,14599,16356,0,05d072b54331d23d,0,0
3401,3401,0,458724,0,0,37c4,001c,14276,16356,0,05d072b54331d23d,0,0
3402,3402,0,458724,0,0,3fff,001c,16383,16356,0,05d072b54331d23d,0,0
3403,3403,0,458724,0,0,3fff,001c,16383,16356,0,05d072b54331d23d,0,0
3404,3404,0,458724,0,0,3fff,001c,16383,16356,0,05d072b54331d23d,0,0
3405,3405,0,458724,0,0,3fff,001c,16383,16356,0,05d072b54331d23d,0,0
3406,3406,0,458724,0,0,379c,001c,14236,16356,0,05d072b54331d23d,0,0
3407,3407,0,458724,0,0,38f0,001c,14576,16356,0,05d072b54331d23d,0,0
3408,3408,0,458724,0,0,27f1,001c,10225,16356,0,05d072b54331d23d,0,0
3409,3409,0,458724,0,0,20d9,001c,8409,16356,0,05d072b54331d23d,0,0
3410,3410,0,458724,0,0,1364,001c,4964,16356,0,05d072b54331d23d,0,0
3411,3411,0,458724,0,0,03c2,001c,962,16356,0,05d072b54331d23d,0,0
3412,3412,0,458724,0,0,0000,001c,0,16356,0,05d072b54331d23d,0,0
3413,3413,0,458724,0,0,0000,001c,0,16356,0,05d072b54331d23d,0,0
3414,3414,0,458724,0,0,0000,001c,0,16356,0,05d072b54331d23d,0,0
3415,3415,0,458724,0,0,0058,001c,88,16356,0,05d072b54331d23d,0,0
3416,3416,0,458724,0,0,0cd6,001c,3286,16356,0,05d072b54331d23d,0,0
3417,3417,0,458724,0,0,167a,001c,5754,16356,0,05d072b54331d23d,0,0
3418,3418,0,458724,0,0,2f5f,001c,11103,16356,0,05d072b54331d23d,0,0
3419,3419,0,458724,0,0,3b72,001c,12659,16356,0,05d072b54331d23d,0,0
3420,3420,0,458724,0,0,3572,001c,13618,16356,0,05d072b54331d23d,0,0
3421,3421,0,458724,0,0,3fb2,001c,16306,16356,0,05d072b54331d23d,0,0
3422,3422,0,458724,0,0,3fff,001c,16383,16356,0,05d072b54331d23d,0,0
3423,3423,0,458724,0,0,3fff,001c,16383,16356,0,05d072b54331d23d,0,0
3424,3424,0,458724,0,0,3fff,001c,16383,16356,0,05d072b54331d23d,0,0
3425,3425,0,458724,0,0,3fff,001c,16383,16356,0,05d072b54331d23d,0,0
3426,3426,0,458724,0,0,3dfb,001c,15867,16356,0,05d072b54331d23d,0,0
3427,3427,0,458724,0,0,345a,001c,13402,16356,0,05d072b54331d23d,0,0
3428,3428,0,458724,0,0,3011,001c,12305,16356,0,05d072b54331d23d,0,0
3429,3429,0,458724,0,0,29e7,001c,10727,16356,0,05d072b54331d23d,0,0
3430,3430,0,458724,0,0,159c,001c,5532,16356,0,05d072b54331d23d,0,0
3431,3431,0,458724,0,0,06f3,001c,1779,16356,0,05d072b54331d23d,0,0
3432,3432,0,458724,0,0,0000,001c,0,16356,0,05d072b54331d23d,0,0
3433,3433,0,458724,0,0,0000,001c,0,16356,0,05d072b54331d23d,0,0
3434,3434,0,458724,0,0,0000,001c,0,16356,0,05d072b54331d23d,0,0
3435,3435,0,458724,0,0,0000,001c,0,16356,0,05d072b54331d23d,0,0
3436,3436,0,458724,0,0,0a1b,001c,2587,16356,0,05d072b54331d23d,0,0
3437,3437,0,458724,0,0,1905,001c,6405,16356,0,05d072b54331d23d,0,0
3438,3438,0,458724,0,0,21e5,001c,8677,16356,0,05d072b54331d23d,0,0
3439,3439,0,458724,0,0,2d4d,001c,11597,16356,0,05d072b54331d23d,0,0
3440,3440,0,458724,0,0,3a3a,001c,14906,16356,0,05d072b54331d23d,0,0
3441,3441,0,458724,0,0,3c93,001c,15507,16356,0,05d072b54331d23d,0,0
3442,3442,0,458724,0,0,3fff,001c,16383,16356,0,05d072b54331d23d,0,0
3443,3443,0,458724,0,0,3fff,001c,16383,16356,0,05d072b54331d23d,0,0
3444,3444,0,458724,0,0,3fff,001c,16383,16356,0,05d072b54331d23d,0,0
3445,3445,0,458724,0,0,3fd1,001c,16337,16356,0,05d072b54331d23d,0,0
3446,3446,0,458724,0,0,36ef,001c,14063,16356,0,05d072b54331d23d,0,0
3447,3447,0,458724,0,0,3827,001c,14375,16356,0,05d072b54331d23d,0,0
3448,3448,0,458724,0,0,26d1,001c,9937,16356,0,05d072b54331d23d,0,0
3449,3449,0,458724,0,0,1f32,001c,7986,16356,0,05d072b54331d23d,0,0
3450,3450,0,458724,0,0,11a5,001c,4517,16356,0,05d072b54331d23d,0,0
3451,3451,0,458724,0,0,01dc,001c,476,16356,0,05d072b54331d23d,0,0
3452,3452,0,458724,0,0,0000,001c,0,16356,0,05d072b54331d23d,0,0
3453,3453,0,458724,0,0,0000,001c,0,16356,0,05d072b54331d23d,0,0
3454,3454,0,458724,0,0,0000,001c,0,16356,0,05d072b54331d23d,0,0
3455,3455,0,458724,0,0,012e,001c,302,16356,0,05d072b54331d23d,0,0
3456,3456,0,458724,0,0,0ffe,001c,3830,16356,0,05d072b54331d23d,0,0
3457,3457,0,458724,0,0,1ed6,001c,7766,16356,0,05d072b54331d23d,0,0
3458,3458,0,458724,0,0,1cf6,001c,15606,16356,0,05d072b54331d23d,0,0
3459,3459,0,458724,0,0,36b6,001c,14006,16356,0,05d072b54331d23d,0,0
3460,3460,0,458724,0,0,32ff,001c,14333,16356,0,05d072b54331d23d,0,0
3461,3461,0,458724,0,0,35ff,001c,14335,16356,0,05d072b54331d23d,0,0
3462,3462,0,458724,0,0,3f2e,001c,16382,16356,0,05d072b54331d23d,0,0
3463,3463,0,458724,0,0,3fff,001c,16383,16356,0,05d072b54331d23d,0,0
3464,3464,0,458724,0,0,3fff,001c,16383,16356,0,05d072b54331d23d,0,0
3465,3465,0,458724,0,0,3fff,001c,16383,16356,0,05d072b54331d23d,0,0
3466,3466,0,458724,0,0,3d6b,001c,15723,16356,0,05d072b54331d23d,0,0
3467,3467,0,458724,0,0,3b61,001c,15201,16356,0,05d072b54331d23d,0,0
3468,3468,0,458724,0,0,2f1d,001c,12061,16356,0,05d072b54331d23d,0,0
3469,3469,0,458724,0,0,28a5,001c,10405,16356,0,05d072b54331d23d,0,0
3470,3470,0,458724,0,0,1bcc,001c,7116,16356,0,05d072b54331d23d,0,0
3471,3471,0,458724,0,0,050a,001c,1290,16356,0,05d072b54331d23d,0,0
3472,3472,0,458724,0,0,0000,001c,0,16356,0,05d072b54331d23d,0,0
3473,3473,0,458724,0,0,0000,001c,0,16356,0,05d072b54331d23d,0,0
3474,3474,0,458724,0,0,0000,001c,0,16356,0,05d072b54331d23d,0,0
3475,3475,0,458724,0,0,0000,001c,0,16356,0,05d072b54331d23d,0,0
3476,3476,0,458724,0,0,0bef,001c,3055,16356,0,05d072b54331d23d,0,0
3477,3477,0,458724,0,0,1a85,001c,6789,16356,0,05d072b54331d23d,0,0
3478,3478,0,458724,0,0,236b,001c,9067,16356,0,05d072b54331d23d,0,0
3479,3479,0,458724,0,0,2e8a,001c,11914,16356,0,05d072b54331d23d,0,0
3480,3480,0,458724,0,0,3afc,001c,15100,16356,0,05d072b54331d23d,0,0
3481,3481,0,458724,0,0,3d3c,001c,15676,16356,0,05d072b54331d23d,0,0
3482,3482,0,458724,0,0,3fff,001c,16383,16356,0,05d072b54331d23d,0,0
3483,3483,0,458724,0,0,3fff,001c,16383,16356,0,05d072b54331d23d,0,0
3484,3484,0,458724,0,0,3fff,001c,16383,16356,0,05d072b54331d23d,0,0
3485,3485,0,458724,0,0,3f5e,001c,16222,16356,0,05d072b54331d23d,0,0
3486,3486,0,458724,0,0,363e,001c,13886,16356,0,05d072b54331d23d,0,0
3487,3487,0,458724,0,0,330a,001c,13066,16356,0,05d072b54331d23d,0,0
3488,3488,0,458724,0,0,255c,001c,9564,16356,0,05d072b54331d23d,0,0
3489,3489,0,458724,0,0,1dc9,001c,7625,16356,0,05d072b54331d23d,0,0
3490,3490,0,458724,0,0,1d81,001c,4097,16356,0,05d072b54331d23d,0,0
3491,3491,0,458724,0,0,0000,001c,1,16356,0,05d072b54331d23d,0,0
3492,3492,0,458724,0,0,0000,001c,0,16356,0,05d072b54331d23d,0,0
3493,3493,0,458724,0,0,0000,001c,0,16356,0,05d072b54331d23d,0,0
3494,3494,0,458724,0,0,0000,001c,0,16356,0,05d072b54331d23d,0,0
3495,3495,0,458724,0,0,025c,001c,604,16356,0,05d072b54331d23d,0,0
3496,3496,0,458724,0,0,125e,001c,4830,16356,0,05d072b54331d23d,0,0
3497,3497,0,458724,0,0,109a,001c,7642,16356,0,05d072b54331d23d,0,0
3498,3498,0,458724,0,0,1dd3,001c,7635,16356,0,05d072b54331d23d,0,0
3499,3499,0,458724,0,0,2650,001c,9808,16356,0,05d072b54331d23d,0,0
3500,3500,0,458724,0,0,3389,001c,13193,16356,0,05d072b54331d23d,0,0
3501,3501,0,458724,0,0,36b2,001c,14002,16356,0,05d072b54331d23d,0,0
3502,3502,0,458724,0,0,3fbd,001c,16317,16356,0,05d072b54331d23d,0,0
3503,3503,0,458724,0,0,3fff,001c,16383,16356,0,05d072b54331d23d,0,0
3504,3504,0,458724,0,0,3fff,001c,16383,16356,0,05d072b54331d23d,0,0
3505,3505,0,458724,0,0,3fff,001c,16383,16356,0,05d072b54331d23d,0,0
3506,3506,0,458724,0,0,3cc0,001c,15552,16356,0,05d072b54331d23d,0,0
3507,3507,0,458724,0,0,3a7b,001c,14971,16356,0,05d072b54331d23d,0,0
3508,3508,0,458724,0,0,2de0,001c,11744,16356,0,05d072b54331d23d,0,0
3509,3509,0,458724,0,0,233a,001c,9018,16356,0,05d072b54331d23d,0,0
3510,3510,0,458724,0,0,1a4a,001c,6730,16356,0,05d072b54331d23d,0,0
3511,3511,0,458724,0,0,0b1d,001c,2845,16356,0,05d072b54331d23d,0,0
3512,3512,0,458724,0,0,0000,001c,0,16356,0,05d072b54331d23d,0,0
3513,3513,0,458724,0,0,0000,001c,0,16356,0,05d072b54331d23d,0,0
3514,3514,0,458724,0,0,0000,001c,0,16356,0,05d072b54331d23d,0,0
3515,3515,0,458724,0,0,0000,001c,0,16356,0,05d072b54331d23d,0,0
3516,3516,0,458724,0,0,05ce,001c,1486,16356,0,05d072b54331d23d,0,0
3517,3517,0,458724,0,0,1bfc,001c,7164,16356,0,05d072b54331d23d,0,0
3518,3518,0,458724,0,0,28fb,001c,10491,16356,0,05d072b54331d23d,0,0
3519,3519,0,458724,0,0,2f9d,001c,12189,16356,0,05d072b54331d23d,0,0
3520,3520,0,458724,0,0,3baf,001c,15279,16356,0,05d072b54331d23d,0,0
3521,3521,0,458724,0,0,3da6,001c,15782,16356,0,05d072b54331d23d,0,0
3522,3522,0,458724,0,0,3fff,001c,16383,16356,0,05d072b54331d23d,0,0
3523,3523,0,458724,0,0,3fff,001c,16383,16356,0,05d072b54331d23d,0,0
3524,3524,0,458724,0,0,3fff,001c,16383,16356,0,05d072b54331d23d,0,0
3525,3525,0,458724,0,0,3f61,001c,16225,16356,0,05d072b54331d23d,0,0
3526,3526,0,458724,0,0,3fea,001c,13803,16356,0,05d072b54331d23d,0,0
3527,3527,0,458724,0,0,35e8,001c,12778,16356,0,05d072b54331d23d,0,0
3528,3528,0,458724,0,0,35fd,001c,9533,16356,0,05d072b54331d23d,0,0
3529,3529,0,458724,0,0,3c3d,001c,7229,16356,0,05d072b54331d23d,0,0
3530,3530,0,458724,0,0,1e39,001c,7737,16356,0,05d072b54331d23d,0,0
3531,3531,0,458724,0,0,0e00,001c,3584,16356,0,05d072b54331d23d,0,0
3532,3532,0,458724,0,0,0000,001c,0,16356,0,05d072b54331d23d,0,0
3533,3533,0,458724,0,0,0000,001c,0,16356,0,05d072b54331d23d,0,0
3534,3534,0,458724,0,0,0000,001c,0,16356,0,05d072b54331d23d,0,0
3535,3535,0,458724,0,0,0000,001c,192,16356,0,05d072b54331d23d,0,0
3536,3536,0,458724,0,0,02df,001c,735,16356,0,05d072b54331d23d,0,0
3537,3537,0,458724,0,0,1239,001c,4665,16356,0,05d072b54331d23d,0,0
3538,3538,0,458724,0,0,1f4f,001c,8015,16356,0,05d072b54331d23d,0,0
3539,3539,0,458724,0,0,277e,001c,10110,16356,0,05d072b54331d23d,0,0
3540,3540,0,458724,0,0,3869,001c,14441,16356,0,05d072b54331d23d,0,0
3541,3541,0,458724,0,0,3783,001c,14211,16356,0,05d072b54331d23d,0,0
3542,3542,0,458724,0,0,3fff,001c,16383,16356,0,05d072b54331d23d,0,0
3543,3543,0,458724,0,0,3fff,001c,16383,16356,0,05d072b54331d23d,0,0
3544,3544,0,458724,0,0,3fff,001c,16383,16356,0,05d072b54331d23d,0,0
3545,3545,0,458724,0,0,3fff,001c,16383,16356,0,05d072b54331d23d,0,0
3546,3546,0,458724,0,0,3c17,001c,15383,16356,0,05d072b54331d23d,0,0
3547,3547,0,458724,0,0,397c,001c,14716,16356,0,05d072b54331d23d,0,0
3548,3548,0,458724,0,0,2caf,001c,11439,16356,0,05d072b54331d23d,0,0
3549,3549,0,458724,0,0,21e3,001c,8675,16356,0,05d072b54331d23d,0,0
3550,3550,0,458724,0,0,1866,001c,6246,16356,0,05d072b54331d23d,0,0
3551,3551,0,458724,0,0,0921,001c,2337,16356,0,05d072b54331d23d,0,0
3552,3552,0,458724,0,0,0000,001c,0,16356,0,05d072b54331d23d,0,0
3553,3553,0,458724,0,0,0000,001c,0,16356,0,05d072b54331d23d,0,0
3554,3554,0,458724,0,0,0000,001c,0,16356,0,05d072b54331d23d,0,0
3555,3555,0,458724,0,0,0000,001c,0,16356,0,05d072b54331d23d,0,0
3556,3556,0,458724,0,0,07e3,001c,2019,16356,0,05d072b54331d23d,0,0
3557,3557,0,458724,0,0,15a0,001c,5536,16356,0,05d072b54331d23d,0,0
3558,3558,0,458724,0,0,2a6a,001c,10858,16356,0,05d072b54331d23d,0,0
3559,3559,0,458724,0,0,30cc,001c,12492,16356,0,05d072b54331d23d,0,0
3560,3560,0,458724,0,0,34b7,001c,13495,16356,0,05d072b54331d23d,0,0
3561,3561,0,458724,0,0,3ebc,001c,15932,16356,0,05d072b54331d23d,0,0
3562,3562,0,458724,0,0,3fff,001c,16383,16356,0,05d072b54331d23d,0,0
3563,3563,0,458724,0,0,3fff,001c,16383,16356,0,05d072b54331d23d,0,0
3564,3564,0,458724,0,0,3fff,001c,16383,16356,0,05d072b54331d23d,0,0
3565,3565,0,458724,0,0,3fff,001c,16383,16356,0,05d072b54331d23d,0,0
3566,3566,0,458724,0,0,3efc,001c,16124,16356,0,05d072b54331d23d,0,0
3567,3567,0,458724,0,0,34fc,001c,13564,16356,0,05d072b54331d23d,0,0
3568,3568,0,458724,0,0,3afc,001c,15100,16356,0,05d072b54331d23d,0,0
3569,3569,0,458724,0,0,2af4,001c,10996,16356,0,05d072b54331d23d,0,0
3570,3570,0,458724,0,0,16c0,001c,5824,16356,0,05d072b54331d23d,0,0
3571,3571,0,458724,0,0,0c29,001c,3113,16356,0,05d072b54331d23d,0,0
3572,3572,0,458724,0,0,0000,001c,0,16356,0,05d072b54331d23d,0,0
3573,3573,0,458724,0,0,0000,001c,0,16356,0,05d072b54331d23d,0,0
3574,3574,0,458724,0,0,0000,001c,0,16356,0,05d072b54331d23d,0,0
3575,3575,0,458724,0,0,0000,001c,0,16356,0,05d072b54331d23d,0,0
3576,3576,0,458724,0,0,0845,001c,2117,16356,0,05d072b54331d23d,0,0
3577,3577,0,458724,0,0,13b7,001c,5047,16356,0,05d072b54331d23d,0,0
3578,3578,0,458724,0,0,20b9,001c,8377,16356,0,05d072b54331d23d,0,0
3579,3579,0,458724,0,0,2ca0,001c,11424,16356,0,05d072b54331d23d,0,0
3580,3580,0,458724,0,0,3965,001c,14693,16356,0,05d072b54331d23d,0,0
3581,3581,0,458724,0,0,3c01,001c,15361,16356,0,05d072b54331d23d,0,0
3582,3582,0,458724,0,0,3fff,001c,16383,16356,0,05d072b54331d23d,0,0
3583,3583,0,458724,0,0,3fff,001c,16383,16356,0,05d072b54331d23d,0,0
3584,3584,0,458724,0,0,3fff,001c,16383,16356,0,05d072b54331d23d,0,0
3585,3585,0,458724,0,0,3fff,001c,16383,16356,0,05d072b54331d23d,0,0
3586,3586,0,458724,0,0,3786,001c,14214,16356,0,05d072b54331d23d,0,0
3587,3587,0,458724,0,0,38cf,001c,14543,16356,0,05d072b54331d23d,0,0
3588,3588,0,458724,0,0,279b,001c,10139,16356,0,05d072b54331d23d,0,0
3589,3589,0,458724,0,0,2034,001c,8244,16356,0,05d072b54331d23d,0,0
3590,3590,0,458724,0,0,12fb,001c,4859,16356,0,05d072b54331d23d,0,0
3591,3591,0,458724,0,0,0340,001c,832,16356,0,05d072b54331d23d,0,0
3592,3592,0,458724,0,0,0000,001c,0,16356,0,05d072b54331d23d,0,0
3593,3593,0,458724,0,0,0000,001c,0,16356,0,05d072b54331d23d,0,0
3594,3594,0,458724,0,0,0000,001c,0,16356,0,05d072b54331d23d,0,0
3595,3595,0,458724,0,0,0000,001c,0,16356,0,05d072b54331d23d,0,0
3596,3596,0,458724,0,0,0dc2,001c,3522,16356,0,05d072b54331d23d,0,0
3597,3597,0,458724,0,0,1f84,001c,5892,16356,0,05d072b54331d23d,0,0
3598,3598,0,458724,0,0,3fc1,001c,11201,16356,0,05d072b54331d23d,0,0
3599,3599,0,458724,0,0,3bfd,001c,12733,16356,0,05d072b54331d23d,0,0
3600,3600,0,458724,0,0,35fc,001c,13692,16356,0,05d072b54331d23d,0,0
3601,3601,0,458724,0,0,3f6c,001c,16236,16356,0,05d072b54331d23d,0,0
3602,3602,0,458724,0,0,3fff,001c,16382,16356,0,05d072b54331d23d,0,0
3603,3603,0,458724,0,0,3fff,001c,16383,16356,0,05d072b54331d23d,0,0
3604,3604,0,458724,0,0,3fff,001c,16383,16356,0,05d072b54331d23d,0,0
3605,3605,0,458724,0,0,3fff,001c,16383,16356,0,05d072b54331d23d,0,0
3606,3606,0,458724,0,0,3ddf,001c,16351,16356,0,05d072b54331d23d,0,0
3607,3607,0,458724,0,0,3be5,001c,15333,16356,0,05d072b54331d23d,0,0
3608,3608,0,458724,0,0,2fd4,001c,12244,16356,0,05d072b54331d23d,0,0
3609,3609,0,458724,0,0,297b,001c,10619,16356,0,05d072b54331d23d,0,0
3610,3610,0,458724,0,0,150e,001c,5390,16356,0,05d072b54331d23d,0,0
3611,3611,0,458724,0,0,0684,001c,1668,16356,0,05d072b54331d23d,0,0
3612,3612,0,458724,0,0,0000,001c,0,16356,0,05d072b54331d23d,0,0
3613,3613,0,458724,0,0,0000,001c,0,16356,0,05d072b54331d23d,0,0
3614,3614,0,458724,0,0,0000,001c,0,16356,0,05d072b54331d23d,0,0
3615,3615,0,458724,0,0,0000,001c,0,16356,0,05d072b54331d23d,0,0
3616,3616,0,458724,0,0,0a76,001c,2678,16356,0,05d072b54331d23d,0,0
3617,3617,0,458724,0,0,197b,001c,6523,16356,0,05d072b54331d23d,0,0
3618,3618,0,458724,0,0,2294,001c,8852,16356,0,05d072b54331d23d,0,0
3619,3619,0,458724,0,0,2dca,001c,11722,16356,0,05d072b54331d23d,0,0
3620,3620,0,458724,0,0,3a5f,001c,14943,16356,0,05d072b54331d23d,0,0
3621,3621,0,458724,0,0,3cc6,001c,15558,16356,0,05d072b54331d23d,0,0
3622,3622,0,458724,0,0,3fff,001c,16383,16356,0,05d072b54331d23d,0,0
3623,3623,0,458724,0,0,3fff,001c,16383,16356,0,05d072b54331d23d,0,0
3624,3624,0,458724,0,0,3fff,001c,16383,16356,0,05d072b54331d23d,0,0
3625,3625,0,458724,0,0,3f93,001c,16275,16356,0,05d072b54331d23d,0,0
3626,3626,0,458724,0,0,36db,001c,14043,16356,0,05d072b54331d23d,0,0
3627,3627,0,458724,0,0,33cb,001c,13259,16356,0,05d072b54331d23d,0,0
3628,3628,0,458724,0,0,2674,001c,9844,16356,0,05d072b54331d23d,0,0
3629,3629,0,458724,0,0,1eed,001c,7917,16356,0,05d072b54331d23d,0,0
3630,3630,0,458724,0,0,1158,001c,4440,16356,0,05d072b54331d23d,0,0
3631,3631,0,458724,0,0,0133,001c,307,16356,0,05d072b54331d23d,0,0
3632,3632,0,458724,0,0,0100,001c,0,16356,0,05d072b54331d23d,0,0
3633,3633,0,458724,0,0,0000,001c,0,16356,0,05d072b54331d23d,0,0
3634,3634,0,458724,0,0,0000,001c,0,16356,0,05d072b54331d23d,0,0
3635,3635,0,458724,0,0,01df,001c,479,16356,0,05d072b54331d23d,0,0
3636,3636,0,458724,0,0,0fdf,001c,3999,16356,0,05d072b54331d23d,0,0
3637,3637,0,458724,0,0,0f1f,001c,8093,16356,0,05d072b54331d23d,0,0
3638,3638,0,458724,0,0,1caf,001c,15791,16356,0,05d072b54331d23d,0,0
3639,3639,0,458724,0,0,2546,001c,9542,16356,0,05d072b54331d23d,0,0
3640,3640,0,458724,0,0,329d,001c,13981,16356,0,05d072b54331d23d,0,0
3641,3641,0,458724,0,0,362d,001c,14189,16356,0,05d072b54331d23d,0,0
3642,3642,0,458724,0,0,3f43,001c,16323,16356,0,05d072b54331d23d,0,0
3643,3643,0,458724,0,0,3fff,001c,16383,16356,0,05d072b54331d23d,0,0
3644,3644,0,458724,0,0,3fff,001c,16383,16356,0,05d072b54331d23d,0,0
3645,3645,0,458724,0,0,3fff,001c,16383,16356,0,05d072b54331d23d,0,0
3646,3646,0,458724,0,0,3d1e,001c,15646,16356,0,05d072b54331d23d,0,0
3647,3647,0,458724,0,0,3b34,001c,15156,16356,0,05d072b54331d23d,0,0
3648,3648,0,458724,0,0,2ea9,001c,11945,16356,0,05d072b54331d23d,0,0
3649,3649,0,458724,0,0,2830,001c,10288,16356,0,05d072b54331d23d,0,0
3650,3650,0,458724,0,0,1b87,001c,7047,16356,0,05d072b54331d23d,0,0
3651,3651,0,458724,0,0,0460,001c,1120,16356,0,05d072b54331d23d,0,0
3652,3652,0,458724,0,0,0000,001c,0,16356,0,05d072b54331d23d,0,0
3653,3653,0,458724,0,0,0000,001c,0,16356,0,05d072b54331d23d,0,0
3654,3654,0,458724,0,0,0000,001c,0,16356,0,05d072b54331d23d,0,0
3655,3655,0,458724,0,0,0000,001c,0,16356,0,05d072b54331d23d,0,0
3656,3656,0,458724,0,0,0495,001c,1173,16356,0,05d072b54331d23d,0,0
3657,3657,0,458724,0,0,1b1f,001c,6943,16356,0,05d072b54331d23d,0,0
3658,3658,0,458724,0,0,2839,001c,10297,16356,0,05d072b54331d23d,0,0
3659,3659,0,458724,0,0,2e7e,001c,11902,16356,0,05d072b54331d23d,0,0
3660,3660,0,458724,0,0,3b5e,001c,15198,16356,0,05d072b54331d23d,0,0
3661,3661,0,458724,0,0,3de5,001c,15845,16356,0,05d072b54331d23d,0,0
3662,3662,0,458724,0,0,3fff,001c,16383,16356,0,05d072b54331d23d,0,0
3663,3663,0,458724,0,0,3fff,001c,16383,16356,0,05d072b54331d23d,0,0
3664,3664,0,458724,0,0,3fff,001c,16383,16356,0,05d072b54331d23d,0,0
3665,3665,0,458724,0,0,3f42,001c,16194,16356,0,05d072b54331d23d,0,0
3666,3666,0,458724,0,0,35fc,001c,13820,16356,0,05d072b54331d23d,0,0
3667,3667,0,458724,0,0,3387,001c,12935,16356,0,05d072b54331d23d,0,0
3668,3668,0,458724,0,0,24ff,001c,9471,16356,0,05d072b54331d23d,0,0
3669,3669,0,458724,0,0,1dc6,001c,7495,16356,0,05d072b54331d23d,0,0
3670,3670,0,458724,0,0,0f42,001c,3906,16356,0,05d072b54331d23d,0,0
3671,3671,0,458724,0,0,0f42,001c,770,16356,0,05d072b54331d23d,0,0
3672,3672,0,458724,0,0,0000,001c,0,16356,0,05d072b54331d23d,0,0
3673,3673,0,458724,0,0,0000,001c,0,16356,0,05d072b54331d23d,0,0
3674,3674,0,458724,0,0,0000,001c,0,16356,0,05d072b54331d23d,0,0
3675,3675,0,458724,0,0,024d,001c,588,16356,0,05d072b54331d23d,0,0
3676,3676,0,458724,0,0,025d,001c,4957,16356,0,05d072b54331d23d,0,0
3677,3677,0,458724,0,0,111c,001c,8028,16356,0,05d072b54331d23d,0,0
3678,3678,0,458724,0,0,1e5d,001c,7773,16356,0,05d072b54331d23d,0,0
3679,3679,0,458724,0,0,2671,001c,9841,16356,0,05d072b54331d23d,0,0
3680,3680,0,458724,0,0,33cd,001c,13261,16356,0,05d072b54331d23d,0,0
3681,3681,0,458724,0,0,36d0,001c,14032,16356,0,05d072b54331d23d,0,0
3682,3682,0,458724,0,0,3ff7,001c,16375,16356,0,05d072b54331d23d,0,0
3683,3683,0,458724,0,0,3fff,001c,16383,16356,0,05d072b54331d23d,0,0
3684,3684,0,458724,0,0,3fff,001c,16383,16356,0,05d072b54331d23d,0,0
3685,3685,0,458724,0,0,3fff,001c,16383,16356,0,05d072b54331d23d,0,0
3686,3686,0,458724,0,0,3c79,001c,15481,16356,0,05d072b54331d23d,0,0
3687,3687,0,458724,0,0,3a52,001c,14930,16356,0,05d072b54331d23d,0,0
3688,3688,0,458724,0,0,2daa,001c,11690,16356,0,05d072b54331d23d,0,0
3689,3689,0,458724,0,0,22b2,001c,8882,16356,0,05d072b54331d23d,0,0
3690,3690,0,458724,0,0,19c4,001c,6596,16356,0,05d072b54331d23d,0,0
3691,3691,0,458724,0,0,0a8f,001c,2703,16356,0,05d072b54331d23d,0,0
3692,3692,0,458724,0,0,0000,001c,0,16356,0,05d072b54331d23d,0,0
3693,3693,0,458724,0,0,0000,001c,0,16356,0,05d072b54331d23d,0,0
3694,3694,0,458724,0,0,0000,001c,0,16356,0,05d072b54331d23d,0,0
3695,3695,0,458724,0,0,0000,001c,0,16356,0,05d072b54331d23d,0,0
3696,3696,0,458724,0,0,0676,001c,1654,16356,0,05d072b54331d23d,0,0
3697,3697,0,458724,0,0,1473,001c,5235,16356,0,05d072b54331d23d,0,0
3698,3698,0,458724,0,0,296b,001c,10603,16356,0,05d072b54331d23d,0,0
3699,3699,0,458724,0,0,3012,001c,12306,16356,0,05d072b54331d23d,0,0
3700,3700,0,458724,0,0,3404,001c,13316,16356,0,05d072b54331d23d,0,0
3701,3701,0,458724,0,0,3dc5,001c,15813,16356,0,05d072b54331d23d,0,0
3702,3702,0,458724,0,0,3fff,001c,16383,16356,0,05d072b54331d23d,0,0
3703,3703,0,458724,0,0,3fff,001c,16383,16356,0,05d072b54331d23d,0,0
3704,3704,0,458724,0,0,3fff,001c,16383,16356,0,05d072b54331d23d,0,0
3705,3705,0,458724,0,0,3fad,001c,16045,16356,0,05d072b54331d23d,0,0
3706,3706,0,458724,0,0,3fbd,001c,13621,16356,0,05d072b54331d23d,0,0
3707,3707,0,458724,0,0,35b7,001c,12727,16356,0,05d072b54331d23d,0,0
3708,3708,0,458724,0,0,33ef,001c,15343,16356,0,05d072b54331d23d,0,0
3709,3709,0,458724,0,0,2bfd,001c,16380,16356,0,05d072b54331d23d,0,0
3710,3710,0,458724,0,0,17bf,001c,8191,16356,0,05d072b54331d23d,0,0
3711,3711,0,458724,0,0,0d7b,001c,3451,16356,0,05d072b54331d23d,0,0
3712,3712,0,458724,0,0,0000,001c,0,16356,0,05d072b54331d23d,0,0
3713,3713,0,458724,0,0,0000,001c,0,16356,0,05d072b54331d23d,0,0
3714,3714,0,458724,0,0,0000,001c,0,16356,0,05d072b54331d23d,0,0
3715,3715,0,458724,0,0,0000,001c,0,16356,0,05d072b54331d23d,0,0
3716,3716,0,458724,0,0,02df,001c,735,16356,0,05d072b54331d23d,0,0
3717,3717,0,458724,0,0,1299,001c,4761,16356,0,05d072b54331d23d,0,0
3718,3718,0,458724,0,0,1fc5,001c,8133,16356,0,05d072b54331d23d,0,0
3719,3719,0,458724,0,0,27ba,001c,10170,16356,0,05d072b54331d23d,0,0
3720,3720,0,458724,0,0,38c0,001c,14528,16356,0,05d072b54331d23d,0,0
3721,3721,0,458724,0,0,3794,001c,14228,16356,0,05d072b54331d23d,0,0
3722,3722,0,458724,0,0,3fff,001c,16383,16356,0,05d072b54331d23d,0,0
3723,3723,0,458724,0,0,3fff,001c,16383,16356,0,05d072b54331d23d,0,0
3724,3724,0,458724,0,0,3fff,001c,16383,16356,0,05d072b54331d23d,0,0
3725,3725,0,458724,0,0,3fff,001c,16383,16356,0,05d072b54331d23d,0,0
3726,3726,0,458724,0,0,37ff,001c,14335,16356,0,05d072b54331d23d,0,0
3727,3727,0,458724,0,0,3975,001c,14709,16356,0,05d072b54331d23d,0,0
3728,3728,0,458724,0,0,2c6b,001c,11371,16356,0,05d072b54331d23d,0,0
3729,3729,0,458724,0,0,215a,001c,8538,16356,0,05d072b54331d23d,0,0
3730,3730,0,458724,0,0,181b,001c,6171,16356,0,05d072b54331d23d,0,0
3731,3731,0,458724,0,0,088b,001c,2187,16356,0,05d072b54331d23d,0,0
3732,3732,0,458724,0,0,0000,001c,0,16356,0,05d072b54331d23d,0,0
3733,3733,0,458724,0,0,0000,001c,0,16356,0,05d072b54331d23d,0,0
3734,3734,0,458724,0,0,0000,001c,0,16356,0,05d072b54331d23d,0,0
3735,3735,0,458724,0,0,0000,001c,0,16356,0,05d072b54331d23d,0,0
3736,3736,0,458724,0,0,0c5a,001c,3162,16356,0,05d072b54331d23d,0,0
3737,3737,0,458724,0,0,162e,001c,5678,16356,0,05d072b54331d23d,0,0
3738,3738,0,458724,0,0,2ae3,001c,10979,16356,0,05d072b54331d23d,0,0
3739,3739,0,458724,0,0,30fd,001c,12541,16356,0,05d072b54331d23d,0,0
3740,3740,0,458724,0,0,34d1,001c,13521,16356,0,05d072b54331d23d,0,0
3741,3741,0,458724,0,0,3eda,001c,16027,16356,0,05d072b54331d23d,0,0
3742,3742,0,458724,0,0,3fff,001c,16383,16356,0,05d072b54331d23d,0,0
3743,3743,0,458724,0,0,3fff,001c,16383,16356,0,05d072b54331d23d,0,0
3744,3744,0,458724,0,0,3fff,001c,16383,16356,0,05d072b54331d23d,0,0
3745,3745,0,458724,0,0,3fff,001c,16383,16356,0,05d072b54331d23d,0,0
3746,3746,0,458724,0,0,3edf,001c,16095,16356,0,05d072b54331d23d,0,0
3747,3747,0,458724,0,0,3497,001c,13463,16356,0,05d072b54331d23d,0,0
3748,3748,0,458724,0,0,3095,001c,14997,16356,0,05d072b54331d23d,0,0
3749,3749,0,458724,0,0,2a8a,001c,10890,16356,0,05d072b54331d23d,0,0
3750,3750,0,458724,0,0,163e,001c,5694,16356,0,05d072b54331d23d,0,0
3751,3751,0,458724,0,0,079c,001c,1948,16356,0,05d072b54331d23d,0,0
3752,3752,0,458724,0,0,0000,001c,0,16356,0,05d072b54331d23d,0,0
3753,3753,0,458724,0,0,0000,001c,0,16356,0,05d072b54331d23d,0,0
3754,3754,0,458724,0,0,0000,001c,0,16356,0,05d072b54331d23d,0,0
3755,3755,0,458724,0,0,0000,001c,0,16356,0,05d072b54331d23d,0,0
3756,3756,0,458724,0,0,0908,001c,2312,16356,0,05d072b54331d23d,0,0
3757,3757,0,458724,0,0,1861,001c,6241,16356,0,05d072b54331d23d,0,0
3758,3758,0,458724,0,0,2151,001c,8529,16356,0,05d072b54331d23d,0,0
3759,3759,0,458724,0,0,2cdf,001c,11487,16356,0,05d072b54331d23d,0,0
3760,3760,0,458724,0,0,3998,001c,14744,16356,0,05d072b54331d23d,0,0
3761,3761,0,458724,0,0,3c32,001c,15410,16356,0,05d072b54331d23d,0,0
3762,3762,0,458724,0,0,3fff,001c,16383,16356,0,05d072b54331d23d,0,0
3763,3763,0,458724,0,0,3fff,001c,16383,16356,0,05d072b54331d23d,0,0
3764,3764,0,458724,0,0,3fff,001c,16383,16356,0,05d072b54331d23d,0,0
3765,3765,0,458724,0,0,3ffc,001c,16380,16356,0,05d072b54331d23d,0,0
3766,3766,0,458724,0,0,375d,001c,14173,16356,0,05d072b54331d23d,0,0
3767,3767,0,458724,0,0,385c,001c,14428,16356,0,05d072b54331d23d,0,0
3768,3768,0,458724,0,0,2733,001c,10035,16356,0,05d072b54331d23d,0,0
3769,3769,0,458724,0,0,1ff9,001c,8185,16356,0,05d072b54331d23d,0,0
3770,3770,0,458724,0,0,1265,001c,4709,16356,0,05d072b54331d23d,0,0
3771,3771,0,458724,0,0,0279,001c,633,16356,0,05d072b54331d23d,0,0
3772,3772,0,458724,0,0,0000,001c,0,16356,0,05d072b54331d23d,0,0
3773,3773,0,458724,0,0,0000,001c,0,16356,0,05d072b54331d23d,0,0
3774,3774,0,458724,0,0,0000,001c,0,16356,0,05d072b54331d23d,0,0
3775,3775,0,458724,0,0,0000,001c,0,16356,0,05d072b54331d23d,0,0
3776,3776,0,458724,0,0,0ded,001c,3565,16356,0,05d072b54331d23d,0,0
3777,3777,0,458724,0,0,1fe4,001c,6021,16356,0,05d072b54331d23d,0,0
3778,3778,0,458724,0,0,37cf,001c,9551,16356,0,05d072b54331d23d,0,0
3779,3779,0,458724,0,0,365f,001c,12831,16356,0,05d072b54331d23d,0,0
3780,3780,0,458724,0,0,32df,001c,14302,16356,0,05d072b54331d23d,0,0
3781,3781,0,458724,0,0,3fdf,001c,16351,16356,0,05d072b54331d23d,0,0
3782,3782,0,458724,0,0,3fff,001c,16383,16356,0,05d072b54331d23d,0,0
3783,3783,0,458724,0,0,3fff,001c,16383,16356,0,05d072b54331d23d,0,0
3784,3784,0,458724,0,0,3fff,001c,16383,16356,0,05d072b54331d23d,0,0
3785,3785,0,458724,0,0,3fff,001c,16383,16356,0,05d072b54331d23d,0,0
3786,3786,0,458724,0,0,3d9c,001c,15772,16356,0,05d072b54331d23d,0,0
3787,3787,0,458724,0,0,3ba5,001c,15269,16356,0,05d072b54331d23d,0,0
3788,3788,0,458724,0,0,2f99,001c,12185,16356,0,05d072b54331d23d,0,0
3789,3789,0,458724,0,0,2920,001c,10528,16356,0,05d072b54331d23d,0,0
3790,3790,0,458724,0,0,146b,001c,5227,16356,0,05d072b54331d23d,0,0
3791,3791,0,458724,0,0,05af,001c,1455,16356,0,05d072b54331d23d,0,0
3792,3792,0,458724,0,0,0000,001c,0,16356,0,05d072b54331d23d,0,0
3793,3793,0,458724,0,0,0000,001c,0,16356,0,05d072b54331d23d,0,0
3794,3794,0,458724,0,0,0000,001c,0,16356,0,05d072b54331d23d,0,0
3795,3795,0,458724,0,0,0000,001c,0,16356,0,05d072b54331d23d,0,0
3796,3796,0,458724,0,0,0b02,001c,2818,16356,0,05d072b54331d23d,0,0
3797,3797,0,458724,0,0,19ec,001c,6636,16356,0,05d072b54331d23d,0,0
3798,3798,0,458724,0,0,22fb,001c,8955,16356,0,05d072b54331d23d,0,0
3799,3799,0,458724,0,0,2e2b,001c,11819,16356,0,05d072b54331d23d,0,0
3800,3800,0,458724,0,0,3a95,001c,14997,16356,0,05d072b54331d23d,0,0
3801,3801,0,458724,0,0,3ce2,001c,15586,16356,0,05d072b54331d23d,0,0
3802,3802,0,458724,0,0,3fff,001c,16383,16356,0,05d072b54331d23d,0,0
3803,3803,0,458724,0,0,3fff,001c,16383,16356,0,05d072b54331d23d,0,0
3804,3804,0,458724,0,0,3fff,001c,16383,16356,0,05d072b54331d23d,0,0
3805,3805,0,458724,0,0,3f92,001c,16274,16356,0,05d072b54331d23d,0,0
3806,3806,0,458724,0,0,3666,001c,13926,16356,0,05d072b54331d23d,0,0
3807,3807,0,458724,0,0,3371,001c,13169,16356,0,05d072b54331d23d,0,0
3808,3808,0,458724,0,0,2612,001c,9746,16356,0,05d072b54331d23d,0,0
3809,3809,0,458724,0,0,1e55,001c,7765,16356,0,05d072b54331d23d,0,0
3810,3810,0,458724,0,0,1093,001c,4243,16356,0,05d072b54331d23d,0,0
3811,3811,0,458724,0,0,006d,001c,109,16356,0,05d072b54331d23d,0,0
3812,3812,0,458724,0,0,0000,001c,1,16356,0,05d072b54331d23d,0,0
3813,3813,0,458724,0,0,0000,001c,0,16356,0,05d072b54331d23d,0,0
3814,3814,0,458724,0,0,0000,001c,0,16356,0,05d072b54331d23d,0,0
3815,3815,0,458724,0,0,0000,001c,0,16356,0,05d072b54331d23d,0,0
3816,3816,0,458724,0,0,0ffa,001c,4090,16356,0,05d072b54331d23d,0,0
3817,3817,0,458724,0,0,1ffa,001c,8186,16356,0,05d072b54331d23d,0,0
3818,3818,0,458724,0,0,1d3d,001c,15805,16356,0,05d072b54331d23d,0,0
3819,3819,0,458724,0,0,25b4,001c,14268,16356,0,05d072b54331d23d,0,0
3820,3820,0,458724,0,0,331e,001c,13086,16356,0,05d072b54331d23d,0,0
3821,3821,0,458724,0,0,3681,001c,16001,16356,0,05d072b54331d23d,0,0
3822,3822,0,458724,0,0,3f85,001c,16261,16356,0,05d072b54331d23d,0,0
3823,3823,0,458724,0,0,3fff,001c,16383,16356,0,05d072b54331d23d,0,0
3824,3824,0,458724,0,0,3fff,001c,16383,16356,0,05d072b54331d23d,0,0
3825,3825,0,458724,0,0,3fff,001c,16383,16356,0,05d072b54331d23d,0,0
3826,3826,0,458724,0,0,3ce8,001c,15592,16356,0,05d072b54331d23d,0,0
3827,3827,0,458724,0,0,3aca,001c,15050,16356,0,05d072b54331d23d,0,0
3828,3828,0,458724,0,0,2e64,001c,11876,16356,0,05d072b54331d23d,0,0
3829,3829,0,458724,0,0,23ab,001c,9131,16356,0,05d072b54331d23d,0,0
3830,3830,0,458724,0,0,1ac3,001c,6851,16356,0,05d072b54331d23d,0,0
3831,3831,0,458724,0,0,0bc1,001c,3009,16356,0,05d072b54331d23d,0,0
3832,3832,0,458724,0,0,0000,001c,0,16356,0,05d072b54331d23d,0,0
3833,3833,0,458724,0,0,0000,001c,0,16356,0,05d072b54331d23d,0,0
3834,3834,0,458724,0,0,0000,001c,0,16356,0,05d072b54331d23d,0,0
3835,3835,0,458724,0,0,0000,001c,0,16356,0,05d072b54331d23d,0,0
3836,3836,0,458724,0,0,0548,001c,1352,16356,0,05d072b54331d23d,0,0
3837,3837,0,458724,0,0,1b6c,001c,7020,16356,0,05d072b54331d23d,0,0
3838,3838,0,458724,0,0,2879,001c,10361,16356,0,05d072b54331d23d,0,0
3839,3839,0,458724,0,0,2f38,001c,12088,16356,0,05d072b54331d23d,0,0
3840,3840,0,458724,0,0,3b68,001c,15208,16356,0,05d072b54331d23d,0,0
3841,3841,0,458724,0,0,3da3,001c,15779,16356,0,05d072b54331d23d,0,0
3842,3842,0,458724,0,0,3fff,001c,16383,16356,0,05d072b54331d23d,0,0
3843,3843,0,458724,0,0,3fff,001c,16383,16356,0,05d072b54331d23d,0,0
3844,3844,0,458724,0,0,3fff,001c,16383,16356,0,05d072b54331d23d,0,0
3845,3845,0,458724,0,0,3eee,001c,16110,16356,0,05d072b54331d23d,0,0
3846,3846,0,458724,0,0,35b6,001c,13750,16356,0,05d072b54331d23d,0,0
3847,3847,0,458724,0,0,337e,001c,12926,16356,0,05d072b54331d23d,0,0
3848,3848,0,458724,0,0,26ca,001c,9418,16356,0,05d072b54331d23d,0,0
3849,3849,0,458724,0,0,3cca,001c,7370,16356,0,05d072b54331d23d,0,0
3850,3850,0,458724,0,0,1ece,001c,3782,16356,0,05d072b54331d23d,0,0
3851,3851,0,458724,0,0,0ec4,001c,3716,16356,0,05d072b54331d23d,0,0
3852,3852,0,458724,0,0,0000,001c,0,16356,0,05d072b54331d23d,0,0
3853,3853,0,458724,0,0,0000,001c,0,16356,0,05d072b54331d23d,0,0
3854,3854,0,458724,0,0,0000,001c,0,16356,0,05d072b54331d23d,0,0
3855,3855,0,458724,0,0,0060,001c,352,16356,0,05d072b54331d23d,0,0
3856,3856,0,458724,0,0,0160,001c,4448,16356,0,05d072b54331d23d,0,0
3857,3857,0,458724,0,0,1187,001c,4487,16356,0,05d072b54331d23d,0,0
3858,3858,0,458724,0,0,1efa,001c,7930,16356,0,05d072b54331d23d,0,0
3859,3859,0,458724,0,0,2707,001c,9991,16356,0,05d072b54331d23d,0,0
3860,3860,0,458724,0,0,33f3,001c,13299,16356,0,05d072b54331d23d,0,0
3861,3861,0,458724,0,0,3717,001c,14103,16356,0,05d072b54331d23d,0,0
3862,3862,0,458724,0,0,3fff,001c,16383,16356,0,05d072b54331d23d,0,0
3863,3863,0,458724,0,0,3fff,001c,16383,16356,0,05d072b54331d23d,0,0
3864,3864,0,458724,0,0,3fff,001c,16383,16356,0,05d072b54331d23d,0,0
3865,3865,0,458724,0,0,3fff,001c,16383,16356,0,05d072b54331d23d,0,0
3866,3866,0,458724,0,0,3c65,001c,15461,16356,0,05d072b54331d23d,0,0
3867,3867,0,458724,0,0,39f1,001c,14833,16356,0,05d072b54331d23d,0,0
3868,3868,0,458724,0,0,2d0d,001c,11533,16356,0,05d072b54331d23d,0,0
3869,3869,0,458724,0,0,2272,001c,8818,16356,0,05d072b54331d23d,0,0
3870,3870,0,458724,0,0,1928,001c,6440,16356,0,05d072b54331d23d,0,0
3871,3871,0,458724,0,0,09ef,001c,2543,16356,0,05d072b54331d23d,0,0
3872,3872,0,458724,0,0,0000,001c,0,16356,0,05d072b54331d23d,0,0
3873,3873,0,458724,0,0,0000,001c,0,16356,0,05d072b54331d23d,0,0
3874,3874,0,458724,0,0,0000,001c,0,16356,0,05d072b54331d23d,0,0
3875,3875,0,458724,0,0,0000,001c,0,16356,0,05d072b54331d23d,0,0
3876,3876,0,458724,0,0,070a,001c,1802,16356,0,05d072b54331d23d,0,0
3877,3877,0,458724,0,0,1503,001c,5379,16356,0,05d072b54331d23d,0,0
3878,3878,0,458724,0,0,29ee,001c,10734,16356,0,05d072b54331d23d,0,0
3879,3879,0,458724,0,0,3055,001c,12373,16356,0,05d072b54331d23d,0,0
3880,3880,0,458724,0,0,3453,001c,13395,16356,0,05d072b54331d23d,0,0
3881,3881,0,458724,0,0,3e0b,001c,15883,16356,0,05d072b54331d23d,0,0
3882,3882,0,458724,0,0,3fff,001c,16383,16356,0,05d072b54331d23d,0,0
3883,3883,0,458724,0,0,3fff,001c,16383,16356,0,05d072b54331d23d,0,0
3884,3884,0,458724,0,0,3fff,001c,16383,16356,0,05d072b54331d23d,0,0
3885,3885,0,458724,0,0,3fcf,001c,16015,16356,0,05d072b54331d23d,0,0
3886,3886,0,458724,0,0,3faf,001c,13615,16356,0,05d072b54331d23d,0,0
3887,3887,0,458724,0,0,357b,001c,13691,16356,0,05d072b54331d23d,0,0
3888,3888,0,458724,0,0,3b7b,001c,15226,16356,0,05d072b54331d23d,0,0
3889,3889,0,458724,0,0,2b7f,001c,15231,16356,0,05d072b54331d23d,0,0
3890,3890,0,458724,0,0,176f,001c,8047,16356,0,05d072b54331d23d,0,0
3891,3891,0,458724,0,0,0d0c,001c,3340,16356,0,05d072b54331d23d,0,0
3892,3892,0,458724,0,0,0000,001c,0,16356,0,05d072b54331d23d,0,0
3893,3893,0,458724,0,0,0000,001c,0,16356,0,05d072b54331d23d,0,0
3894,3894,0,458724,0,0,0000,001c,0,16356,0,05d072b54331d23d,0,0
3895,3895,0,458724,0,0,0000,001c,0,16356,0,05d072b54331d23d,0,0
3896,3896,0,458724,0,0,036d,001c,877,16356,0,05d072b54331d23d,0,0
3897,3897,0,458724,0,0,1310,001c,4880,16356,0,05d072b54331d23d,0,0
3898,3898,0,458724,0,0,2014,001c,8212,16356,0,05d072b54331d23d,0,0
3899,3899,0,458724,0,0,2c19,001c,11289,16356,0,05d072b54331d23d,0,0
3900,3900,0,458724,0,0,390d,001c,14605,16356,0,05d072b54331d23d,0,0
3901,3901,0,458724,0,0,37d4,001c,14292,16356,0,05d072b54331d23d,0,0
3902,3902,0,458724,0,0,3fff,001c,16383,16356,0,05d072b54331d23d,0,0
3903,3903,0,458724,0,0,3fff,001c,16383,16356,0,05d072b54331d23d,0,0
3904,3904,0,458724,0,0,3fff,001c,16383,16356,0,05d072b54331d23d,0,0
3905,3905,0,458724,0,0,3fff,001c,16383,16356,0,05d072b54331d23d,0,0
3906,3906,0,458724,0,0,37ce,001c,14286,16356,0,05d072b54331d23d,0,0
3907,3907,0,458724,0,0,390f,001c,14607,16356,0,05d072b54331d23d,0,0
3908,3908,0,458724,0,0,2c20,001c,11296,16356,0,05d072b54331d23d,0,0
3909,3909,0,458724,0,0,20da,001c,8410,16356,0,05d072b54331d23d,0,0
3910,3910,0,458724,0,0,1380,001c,4992,16356,0,05d072b54331d23d,0,0
3911,3911,0,458724,0,0,0801,001c,2049,16356,0,05d072b54331d23d,0,0
3912,3912,0,458724,0,0,0000,001c,0,16356,0,05d072b54331d23d,0,0
3913,3913,0,458724,0,0,0000,001c,0,16356,0,05d072b54331d23d,0,0
3914,3914,0,458724,0,0,0000,001c,0,16356,0,05d072b54331d23d,0,0
3915,3915,0,458724,0,0,001d,001c,29,16356,0,05d072b54331d23d,0,0
3916,3916,0,458724,0,0,0ce3,001c,3299,16356,0,05d072b54331d23d,0,0
3917,3917,0,458724,0,0,167a,001c,5754,16356,0,05d072b54331d23d,0,0
3918,3918,0,458724,0,0,2b60,001c,11104,16356,0,05d072b54331d23d,0,0
3919,3919,0,458724,0,0,3b69,001c,12649,16356,0,05d072b54331d23d,0,0
3920,3920,0,458724,0,0,3553,001c,13587,16356,0,05d072b54331d23d,0,0
3921,3921,0,458724,0,0,3fbb,001c,16059,16356,0,05d072b54331d23d,0,0
3922,3922,0,458724,0,0,3fff,001c,16383,16356,0,05d072b54331d23d,0,0
3923,3923,0,458724,0,0,3fff,001c,16383,16356,0,05d072b54331d23d,0,0
3924,3924,0,458724,0,0,3fff,001c,16383,16356,0,05d072b54331d23d,0,0
3925,3925,0,458724,0,0,3fff,001c,16383,16356,0,05d072b54331d23d,0,0
3926,3926,0,458724,0,0,3e24,001c,15908,16356,0,05d072b54331d23d,0,0
3927,3927,0,458724,0,0,3421,001c,16353,16356,0,05d072b54331d23d,0,0
3928,3928,0,458724,0,0,2fe1,001c,12257,16356,0,05d072b54331d23d,0,0
3929,3929,0,458724,0,0,29c4,001c,10692,16356,0,05d072b54331d23d,0,0
3930,3930,0,458724,0,0,15c8,001c,5576,16356,0,05d072b54331d23d,0,0
3931,3931,0,458724,0,0,0744,001c,1860,16356,0,05d072b54331d23d,0,0
3932,3932,0,458724,0,0,0000,001c,0,16356,0,05d072b54331d23d,0,0
3933,3933,0,458724,0,0,0000,001c,0,16356,0,05d072b54331d23d,0,0
3934,3934,0,458724,0,0,0000,001c,0,16356,0,05d072b54331d23d,0,0
3935,3935,0,458724,0,0,0000,001c,0,16356,0,05d072b54331d23d,0,0
3936,3936,0,458724,0,0,09b1,001c,2481,16356,0,05d072b54331d23d,0,0
3937,3937,0,458724,0,0,18a3,001c,6307,16356,0,05d072b54331d23d,0,0
3938,3938,0,458724,0,0,21c9,001c,8649,16356,0,05d072b54331d23d,0,0
3939,3939,0,458724,0,0,2d6a,001c,11626,16356,0,05d072b54331d23d,0,0
3940,3940,0,458724,0,0,39fc,001c,14844,16356,0,05d072b54331d23d,0,0
3941,3941,0,458724,0,0,3c71,001c,15473,16356,0,05d072b54331d23d,0,0
3942,3942,0,458724,0,0,3fff,001c,16383,16356,0,05d072b54331d23d,0,0
3943,3943,0,458724,0,0,3fff,001c,16383,16356,0,05d072b54331d23d,0,0
3944,3944,0,458724,0,0,3fff,001c,16383,16356,0,05d072b54331d23d,0,0
3945,3945,0,458724,0,0,3ffe,001c,16382,16356,0,05d072b54331d23d,0,0
3946,3946,0,458724,0,0,3713,001c,14099,16356,0,05d072b54331d23d,0,0
3947,3947,0,458724,0,0,3835,001c,14389,16356,0,05d072b54331d23d,0,0
3948,3948,0,458724,0,0,26fe,001c,9982,16356,0,05d072b54331d23d,0,0
3949,3949,0,458724,0,0,1f84,001c,8068,16356,0,05d072b54331d23d,0,0
3950,3950,0,458724,0,0,11fa,001c,4602,16356,0,05d072b54331d23d,0,0
3951,3951,0,458724,0,0,0215,001c,533,16356,0,05d072b54331d23d,0,0
3952,3952,0,458724,0,0,0000,001c,0,16356,0,05d072b54331d23d,0,0
3953,3953,0,458724,0,0,0000,001c,0,16356,0,05d072b54331d23d,0,0
3954,3954,0,458724,0,0,0000,001c,0,16356,0,05d072b54331d23d,0,0
3955,3955,0,458724,0,0,0000,001c,0,16356,0,05d072b54331d23d,0,0
3956,3956,0,458724,0,0,0eaf,001c,3759,16356,0,05d072b54331d23d,0,0
3957,3957,0,458724,0,0,1fef,001c,6119,16356,0,05d072b54331d23d,0,0
3958,3958,0,458724,0,0,37f7,001c,10167,16356,0,05d072b54331d23d,0,0
3959,3959,0,458724,0,0,26b5,001c,14076,16356,0,05d072b54331d23d,0,0
3960,3960,0,458724,0,0,326b,001c,13945,16356,0,05d072b54331d23d,0,0
3961,3961,0,458724,0,0,3fb3,001c,16307,16356,0,05d072b54331d23d,0,0
3962,3962,0,458724,0,0,3f7e,001c,16380,16356,0,05d072b54331d23d,0,0
3963,3963,0,458724,0,0,3fff,001c,16383,16356,0,05d072b54331d23d,0,0
3964,3964,0,458724,0,0,3fff,001c,16383,16356,0,05d072b54331d23d,0,0
3965,3965,0,458724,0,0,3fff,001c,16383,16356,0,05d072b54331d23d,0,0
3966,3966,0,458724,0,0,3d6a,001c,15722,16356,0,05d072b54331d23d,0,0
3967,3967,0,458724,0,0,3b66,001c,15206,16356,0,05d072b54331d23d,0,0
3968,3968,0,458724,0,0,2f4a,001c,12106,16356,0,05d072b54331d23d,0,0
3969,3969,0,458724,0,0,28e3,001c,10467,16356,0,05d072b54331d23d,0,0
3970,3970,0,458724,0,0,1411,001c,5137,16356,0,05d072b54331d23d,0,0
3971,3971,0,458724,0,0,0520,001c,1312,16356,0,05d072b54331d23d,0,0
3972,3972,0,458724,0,0,0000,001c,0,16356,0,05d072b54331d23d,0,0
3973,3973,0,458724,0,0,0000,001c,0,16356,0,05d072b54331d23d,0,0
3974,3974,0,458724,0,0,0000,001c,0,16356,0,05d072b54331d23d,0,0
3975,3975,0,458724,0,0,0000,001c,0,16356,0,05d072b54331d23d,0,0
3976,3976,0,458724,0,0,0baf,001c,2991,16356,0,05d072b54331d23d,0,0
3977,3977,0,458724,0,0,1a43,001c,6723,16356,0,05d072b54331d23d,0,0
3978,3978,0,458724,0,0,234c,001c,9036,16356,0,05d072b54331d23d,0,0
3979,3979,0,458724,0,0,2e72,001c,11890,16356,0,05d072b54331d23d,0,0
3980,3980,0,458724,0,0,3ab4,001c,15028,16356,0,05d072b54331d23d,0,0
3981,3981,0,458724,0,0,3d0c,001c,15628,16356,0,05d072b54331d23d,0,0
3982,3982,0,458724,0,0,3fff,001c,16383,16356,0,05d072b54331d23d,0,0
3983,3983,0,458724,0,0,3fff,001c,16383,16356,0,05d072b54331d23d,0,0
3984,3984,0,458724,0,0,3fff,001c,16383,16356,0,05d072b54331d23d,0,0
3985,3985,0,458724,0,0,3f3f,001c,16191,16356,0,05d072b54331d23d,0,0
3986,3986,0,458724,0,0,364f,001c,13903,16356,0,05d072b54331d23d,0,0
3987,3987,0,458724,0,0,333c,001c,13116,16356,0,05d072b54331d23d,0,0
3988,3988,0,458724,0,0,25b0,001c,9648,16356,0,05d072b54331d23d,0,0
3989,3989,0,458724,0,0,1dec,001c,7660,16356,0,05d072b54331d23d,0,0
3990,3990,0,458724,0,0,0ff1,001c,4081,16356,0,05d072b54331d23d,0,0
3991,3991,0,458724,0,0,0fc0,001c,1,16356,0,05d072b54331d23d,0,0
3992,3992,0,458724,0,0,0000,001c,0,16356,0,05d072b54331d23d,0,0
3993,3993,0,458724,0,0,0000,001c,0,16356,0,05d072b54331d23d,0,0
3994,3994,0,458724,0,0,0000,001c,0,16356,0,05d072b54331d23d,0,0
3995,3995,0,458724,0,0,0082,001c,130,16356,0,05d072b54331d23d,0,0
3996,3996,0,458724,0,0,10ba,001c,4282,16356,0,05d072b54331d23d,0,0
3997,3997,0,458724,0,0,183a,001c,7610,16356,0,05d072b54331d23d,0,0
3998,3998,0,458724,0,0,1d93,001c,15827,16356,0,05d072b54331d23d,0,0
3999,3999,0,458724,0,0,25e3,001c,9699,16356,0,05d072b54331d23d,0,0
4000,4000,0,458724,0,0,3359,001c,13145,16356,0,05d072b54331d23d,0,0
4001,4001,0,458724,0,0,3684,001c,13956,16356,0,05d072b54331d23d,0,0
4002,4002,0,458724,0,0,3fb4,001c,16308,16356,0,05d072b54331d23d,0,0
4003,4003,0,458724,0,0,3fff,001c,16383,16356,0,05d072b54331d23d,0,0
4004,4004,0,458724,0,0,3fff,001c,16383,16356,0,05d072b54331d23d,0,0
4005,4005,0,458724,0,0,3fff,001c,16383,16356,0,05d072b54331d23d,0,0
4006,4006,0,458724,0,0,3cec,001c,15596,16356,0,05d072b54331d23d,0,0
4007,4007,0,458724,0,0,3a9b,001c,15003,16356,0,05d072b54331d23d,0,0
4008,4008,0,458724,0,0,2e21,001c,11809,16356,0,05d072b54331d23d,0,0
4009,4009,0,458724,0,0,236d,001c,9069,16356,0,05d072b54331d23d,0,0
4010,4010,0,458724,0,0,1a96,001c,6806,16356,0,05d072b54331d23d,0,0
4011,4011,0,458724,0,0,0b77,001c,2935,16356,0,05d072b54331d23d,0,0
4012,4012,0,458724,0,0,0000,001c,0,16356,0,05d072b54331d23d,0,0
4013,4013,0,458724,0,0,0000,001c,0,16356,0,05d072b54331d23d,0,0
4014,4014,0,458724,0,0,0000,001c,0,16356,0,05d072b54331d23d,0,0
4015,4015,0,458724,0,0,0000,001c,0,16356,0,05d072b54331d23d,0,0
4016,4016,0,458724,0,0,0569,001c,1385,16356,0,05d072b54331d23d,0,0
4017,4017,0,458724,0,0,1bd7,001c,7127,16356,0,05d072b54331d23d,0,0
4018,4018,0,458724,0,0,28c6,001c,10438,16356,0,05d072b54331d23d,0,0
4019,4019,0,458724,0,0,2f78,001c,12152,16356,0,05d072b54331d23d,0,0
4020,4020,0,458724,0,0,3bb9,001c,15289,16356,0,05d072b54331d23d,0,0
4021,4021,0,458724,0,0,3dc7,001c,15815,16356,0,05d072b54331d23d,0,0
4022,4022,0,458724,0,0,3fff,001c,16383,16356,0,05d072b54331d23d,0,0
4023,4023,0,458724,0,0,3fff,001c,16383,16356,0,05d072b54331d23d,0,0
4024,4024,0,458724,0,0,3fff,001c,16383,16356,0,05d072b54331d23d,0,0
4025,4025,0,458724,0,0,3f0e,001c,16142,16356,0,05d072b54331d23d,0,0
4026,4026,0,458724,0,0,359a,001c,13722,16356,0,05d072b54331d23d,0,0
4027,4027,0,458724,0,0,35f9,001c,12795,16356,0,05d072b54331d23d,0,0
4028,4028,0,458724,0,0,35fc,001c,9269,16356,0,05d072b54331d23d,0,0
4029,4029,0,458724,0,0,347f,001c,7295,16356,0,05d072b54331d23d,0,0
4030,4030,0,458724,0,0,1e5b,001c,3675,16356,0,05d072b54331d23d,0,0
4031,4031,0,458724,0,0,0e48,001c,3656,16356,0,05d072b54331d23d,0,0
4032,4032,0,458724,0,0,0000,001c,0,16356,0,05d072b54331d23d,0,0
4033,4033,0,458724,0,0,0000,001c,0,16356,0,05d072b54331d23d,0,0
4034,4034,0,458724,0,0,0000,001c,0,16356,0,05d072b54331d23d,0,0
4035,4035,0,458724,0,0,0024,001c,676,16356,0,05d072b54331d23d,0,0
4036,4036,0,458724,0,0,02a4,001c,4772,16356,0,05d072b54331d23d,0,0
4037,4037,0,458724,0,0,1227,001c,4647,16356,0,05d072b54331d23d,0,0
4038,4038,0,458724,0,0,1f52,001c,8018,16356,0,05d072b54331d23d,0,0
4039,4039,0,458724,0,0,275c,001c,10076,16356,0,05d072b54331d23d,0,0
4040,4040,0,458724,0,0,384e,001c,14414,16356,0,05d072b54331d23d,0,0
4041,4041,0,458724,0,0,374b,001c,14155,16356,0,05d072b54331d23d,0,0
4042,4042,0,458724,0,0,3fff,001c,16383,16356,0,05d072b54331d23d,0,0
4043,4043,0,458724,0,0,3fff,001c,16383,16356,0,05d072b54331d23d,0,0
4044,4044,0,458724,0,0,3fff,001c,16383,16356,0,05d072b54331d23d,0,0
4045,4045,0,458724,0,0,3fff,001c,16383,16356,0,05d072b54331d23d,0,0
4046,4046,0,458724,0,0,3c09,001c,15369,16356,0,05d072b54331d23d,0,0
4047,4047,0,458724,0,0,398c,001c,14732,16356,0,05d072b54331d23d,0,0
4048,4048,0,458724,0,0,2cfb,001c,11515,16356,0,05d072b54331d23d,0,0
4049,4049,0,458724,0,0,21e1,001c,8673,16356,0,05d072b54331d23d,0,0
4050,4050,0,458724,0,0,18d0,001c,6352,16356,0,05d072b54331d23d,0,0
4051,4051,0,458724,0,0,0951,001c,2385,16356,0,05d072b54331d23d,0,0
4052,4052,0,458724,0,0,0000,001c,0,16356,0,05d072b54331d23d,0,0
4053,4053,0,458724,0,0,0000,001c,0,16356,0,05d072b54331d23d,0,0
4054,4054,0,458724,0,0,0000,001c,0,16356,0,05d072b54331d23d,0,0
4055,4055,0,458724,0,0,0000,001c,0,16356,0,05d072b54331d23d,0,0
4056,4056,0,458724,0,0,07c7,001c,1991,16356,0,05d072b54331d23d,0,0
4057,4057,0,458724,0,0,1559,001c,5465,16356,0,05d072b54331d23d,0,0
4058,4058,0,458724,0,0,2a5d,001c,10845,16356,0,05d072b54331d23d,0,0
4059,4059,0,458724,0,0,307e,001c,12414,16356,0,05d072b54331d23d,0,0
4060,4060,0,458724,0,0,346f,001c,13423,16356,0,05d072b54331d23d,0,0
4061,4061,0,458724,0,0,3e8d,001c,16013,16356,0,05d072b54331d23d,0,0
4062,4062,0,458724,0,0,3fff,001c,16383,16356,0,05d072b54331d23d,0,0
4063,4063,0,458724,0,0,3fff,001c,16383,16356,0,05d072b54331d23d,0,0
4064,4064,0,458724,0,0,3fff,001c,16383,16356,0,05d072b54331d23d,0,0
4065,4065,0,458724,0,0,3fff,001c,15999,16356,0,05d072b54331d23d,0,0
4066,4066,0,458724,0,0,3eef,001c,16111,16356,0,05d072b54331d23d,0,0
4067,4067,0,458724,0,0,35ee,001c,13806,16356,0,05d072b54331d23d,0,0
4068,4068,0,458724,0,0,314c,001c,12748,16356,0,05d072b54331d23d,0,0
4069,4069,0,458724,0,0,2af7,001c,10999,16356,0,05d072b54331d23d,0,0
4070,4070,0,458724,0,0,16d6,001c,5846,16356,0,05d072b54331d23d,0,0
4071,4071,0,458724,0,0,0c4d,001c,3149,16356,0,05d072b54331d23d,0,0
4072,4072,0,458724,0,0,0000,001c,0,16356,0,05d072b54331d23d,0,0
4073,4073,0,458724,0,0,0000,001c,0,16356,0,05d072b54331d23d,0,0
4074,4074,0,458724,0,0,0000,001c,0,16356,0,05d072b54331d23d,0,0
4075,4075,0,458724,0,0,0000,001c,0,16356,0,05d072b54331d23d,0,0
4076,4076,0,458724,0,0,0886,001c,2182,16356,0,05d072b54331d23d,0,0
4077,4077,0,458724,0,0,138b,001c,5003,16356,0,05d072b54331d23d,0,0
4078,4078,0,458724,0,0,20d4,001c,8404,16356,0,05d072b54331d23d,0,0
4079,4079,0,458724,0,0,2c9b,001c,11419,16356,0,05d072b54331d23d,0,0
4080,4080,0,458724,0,0,3984,001c,14724,16356,0,05d072b54331d23d,0,0
4081,4081,0,458724,0,0,3c0c,001c,15372,16356,0,05d072b54331d23d,0,0
4082,4082,0,458724,0,0,3fff,001c,16383,16356,0,05d072b54331d23d,0,0
4083,4083,0,458724,0,0,3fff,001c,16383,16356,0,05d072b54331d23d,0,0
4084,4084,0,458724,0,0,3fff,001c,16383,16356,0,05d072b54331d23d,0,0
4085,4085,0,458724,0,0,3fff,001c,16383,16356,0,05d072b54331d23d,0,0
4086,4086,0,458724,0,0,3754,001c,14164,16356,0,05d072b54331d23d,0,0
4087,4087,0,458724,0,0,38ad,001c,14509,16356,0,05d072b54331d23d,0,0
4088,4088,0,458724,0,0,279c,001c,10140,16356,0,05d072b54331d23d,0,0
4089,4089,0,458724,0,0,205d,001c,8285,16356,0,05d072b54331d23d,0,0
4090,4090,0,458724,0,0,12f8,001c,4856,16356,0,05d072b54331d23d,0,0
4091,4091,0,458724,0,0,0302,001c,770,16356,0,05d072b54331d23d,0,0
4092,4092,0,458724,0,0,0000,001c,0,16356,0,05d072b54331d23d,0,0
4093,4093,0,458724,0,0,0000,001c,0,16356,0,05d072b54331d23d,0,0
4094,4094,0,458724,0,0,0000,001c,0,16356,0,05d072b54331d23d,0,0
4095,4095,0,458724,0,0,0000,001c,0,16356,0,05d072b54331d23d,0,0
