$date
        2026-Feb-06 10:53:40
$end
$version
        Vivado v2024.2 (64-bit)
$end
$timescale
        1ps
$end
$scope module dut $end
$var reg 32 " design_1_i/adc_interface_0_m_axis_tdata [31:0] $end
$var reg 1 B design_1_i/adc_interface_0_m_axis_tlast $end
$var reg 1 C design_1_i/adc_interface_0_m_axis_tvalid $end
$var reg 16 D design_1_i/adc_interface_0_adc_signed_debug [15:0] $end
$var reg 16 T design_1_i/adc_interface_0_win_coeff_out [15:0] $end
$var reg 14 d design_1_i/adc_data [13:0] $end
$var reg 14 r design_1_i/adc_interface_0_adc_data_original [13:0] $end
$var reg 1 "" design_1_i/adc_interface_0_adc_data_original_valid $end
$var reg 64 #" design_1_i/xfft_0_m_axis_data_tdata [63:0] $end
$var reg 1 c" design_1_i/xfft_0_m_axis_data_tlast $end
$var reg 1 d" design_1_i/xfft_0_m_axis_data_tvalid $end
$var reg 1 e" _TRIGGER $end
$var reg 1 f" _WINDOW $end
$var reg 1 g" _GAP $end
$upscope $end
$enddefinitions $end
#0
$dumpvars
b11111111010010001010000010110110 "
0B
1C
b11001110011100 D
b11100 T
b11001110011100 d
b10000010110110 r
1""
b1011001110101101101010101000110110100100100010111100111010100101 #"
0c"
0d"
0e"
1f"
0g"
$end
#1
b11111111010100000111111001111010 "
b11011010111001 D
b11011010111001 d
b11111001111010 r
#2
b11111111011111001110010111000000 "
b11111111010100 D
b11111111010100 d
b10010111000000 r
#3
b11111111100101100010110000111110 "
b11111111111111 D
b11111111111111 d
b10110000111110 r
#4
b11111111110001110001001000110000 "
b1001000110000 r
#5
b0 "
b0 r
#6
b11110011010100 D
b11110011010100 d
#7
b11101010001011 D
b11101010001011 d
#8
b10110110010011 D
b10110110010011 d
#9
b11111111111101100101101100110000 "
b10001100100000 D
b10001100100000 d
b1101100110000 r
#10
b11111111111101100010101111001100 "
b1101000110110 D
b1101000110110 d
b10101111001100 r
#11
b11111111101110100111101100110100 "
b101011011111 D
b101011011111 d
b11101100110100 r
#12
b11111111100000001001100000110100 "
b0 D
b0 d
b1100000110100 r
#13
b11111111010110110111010110111100 "
b11010110111100 r
#14
b11111111000111101011001101101011 "
b11001101101011 r
#15
b11111111000011001011110110011110 "
b11110110011110 r
#16
b11111110110111110011101000000111 "
b11000111011 D
b11000111011 d
b11101000000111 r
#17
b11111110110110100000010010011000 "
b1010001000101 D
b1010001000101 d
b10010011000 r
#18
b11111110110101010100010010101011 "
b10110100111000 D
b10100100111001 d
b10010101011 r
#19
b11111110110100000100010010111111 "
b10111111001010 D
b10111111001010 d
b10010111111 r
#20
b11111110110110110000110110010100 "
b11111111111011 D
b11101111110011 d
b110110010100 r
#21
b11111110110011000101101011101100 "
b11111111111111 D
b11110111111111 d
b1101011101100 r
#22
b11111110110111100001001000100010 "
b11111111111111 d
b1001000100010 r
#23
b11111111000110010001010110101000 "
b1010110101000 r
#24
b11111111010011000011111101110100 "
b11111101110100 r
#25
b11111111011110001001100011001000 "
b1100011001000 r
#26
b11111111110001110100010010010000 "
b11111011010010 D
b11111111010000 d
b10010010000 r
#27
b0 "
b11010101100010 D
b11010111100010 d
b0 r
#28
b11000111000101 D
b11000111000101 d
#29
b10010000011011 D
b10010000011011 d
#30
b1110000010111 D
b1110000010111 d
#31
b11111111110111011111101001000000 "
b110111010101 D
b110111010101 d
b11101001000000 r
#32
b11111111110111000101101011000000 "
b0 D
b0 d
b1101011000000 r
#33
b11111111100010101001111000110000 "
b1111000110000 r
#34
b11111111000011001011110010000000 "
b11110010000000 r
#35
b11111110111000010011000110110100 "
b11000110110100 r
#36
b11111110100101010011001010000000 "
b1011110000 D
b1011110000 d
b11001010000000 r
#37
b11111110100001001000000100101100 "
b1001001100111 D
b1001001100111 d
b100101100 r
#38
b11111110011100100000011000111000 "
b1111101110001 D
b1111101110001 d
b11000111000 r
#39
b11111110011011010000011001001100 "
b10011110000100 D
b10011110000100 d
b11001001100 r
#40
b11111110011010000100011001011111 "
b11100010100010 D
b11100010100010 d
b11001011111 r
#41
b11111110011010111101000010111100 "
b11011101110000 D
b11011101110000 d
b1000010111100 r
#42
b11111110101000111001001111011001 "
b11111111111111 D
b11111111111111 d
b1001111011001 r
#43
b11111110101101101111011100010000 "
b11011100010000 r
#44
b11111110110110101101001100001000 "
b1001100001000 r
#45
b11111111010111101001111001011011 "
b1111001011011 r
#46
b11111111101000011111001111101100 "
b11011111000000 D
b11011111000000 d
b11001111101100 r
#47
b0 "
b11100011110001 D
b11100011110001 d
b0 r
#48
b10110010111111 D
b10110010111111 d
#49
b10000111110010 D
b10000111110010 d
#50
b1100001110011 D
b1100001110011 d
#51
b11111111111010101101101000110000 "
b100011101010 D
b100011101010 d
b1101000110000 r
#52
b11111111111010101001001111010100 "
b0 D
b0 d
b1001111010100 r
#53
b11111111011110011000010010000000 "
b10010000000 r
#54
b11111111000101110010011011110000 "
b10011011110000 r
#55
b11111110110101101111111000111100 "
b11111000111100 r
#56
b11111110010100110011110111110010 "
b110000000111 D
b110000000111 d
b11110111110010 r
#57
b11111110010110011100101110100000 "
b1110110011111 D
b1010110011111 d
b101110100000 r
#58
b11111110000100111100011110110001 "
b1011110011011 D
b11111110011011 d
b11110110001 r
#59
b11111110000011111000011111000010 "
b11101011001111 D
b11101011001111 d
b11111000010 r
#60
b11111110000010110100011111010011 "
b11010011001111 D
b11010011001111 d
b11111010011 r
#61
b11111110000001110100011111100011 "
b11010011001011 D
b11111011011011 d
b11111100011 r
#62
b11111110000000110100011111110011 "
b11111001010110 D
b11111111011100 d
b11111110011 r
#63
b11111110000111110100110000000000 "
b11111111111111 D
b11111111111111 d
b110000000000 r
#64
b11111110001011110111001011010101 "
b11001011010101 r
#65
b11111110100101000101111111010100 "
b1111111010100 r
#66
b11111110111011010110010101011010 "
b11111000111111 D
b11111000111111 d
b10010101011010 r
#67
b11111111001101110100101100000000 "
b11010010001100 D
b11010010001100 d
b101100000000 r
#68
b11111111101101100101010000001110 "
b11000010110101 D
b11000010110101 d
b1010000001110 r
#69
b0 "
b10101010101000 D
b10101010101000 d
b0 r
#70
b1011001111010 D
b1011001111010 d
#71
b11111111001 D
b11111111001 d
#72
b0 D
b0 d
#73
b11111111100110001010010111100000 "
b10010111100000 r
#74
b11111111010001011000110110100000 "
b110110100000 r
#75
b11111110100011011101100000001000 "
b1100000001000 r
#76
b11111110010101100111110001100010 "
b100010101111 D
b100010101111 d
b11110001100010 r
#77
b11111110001100101010010100001100 "
b1100000000110 D
b1100000000110 d
b10010100001100 r
#78
b11111101110111010100110001110000 "
b10000100010000 D
b10000100010000 d
b110001110000 r
#79
b11111101110010111100100011010001 "
b10110010111101 D
b10110010111101 d
b100011010001 r
#80
b11111101110010011000100011011010 "
b11100110010101 D
b11100110010101 d
b100011011010 r
#81
b11111101110001110100100011100011 "
b11110000100101 D
b11110000100101 d
b100011100011 r
#82
b11111101110101001010010110111110 "
b11111111111111 D
b11111111111111 d
b10010110111110 r
#83
b11111110001010001100110101111011 "
b110101111011 r
#84
b11111110010010101011000000101011 "
b11000000101011 r
#85
b11111110100000000010000100000000 "
b10000100000000 r
#86
b11111111001101001111100100000000 "
b11011101010101 D
b11011101010101 d
b11100100000000 r
#87
b11111111101110000000001001101110 "
b11100010001010 D
b11100010001010 d
b1001101110 r
#88
b0 "
b10011101101011 D
b10011101101011 d
b0 r
#89
b10000100010000 D
b10000000010000 d
#90
b1001010011000 D
b1001010011000 d
#91
b1011010010 D
b1011010010 d
#92
b11111111111111011011100111000000 "
b10010 d
b11100111000000 r
#93
b11111111101011111100001001011100 "
b0 D
b0 d
b1001011100 r
#94
b11111111010010100010101100011000 "
b10101100011000 r
#95
b11111110110100100001001011110100 "
b1001011110100 r
#96
b11111110011010000010110010110010 "
b110011010110 D
b110111010110 d
b10110010110010 r
#97
b11111101111101001010101111101010 "
b110111010110 D
b10101111101010 r
#98
b11111101110111011100101011101111 "
b1011100101010 D
b1011100101010 d
b101011101111 r
#99
b11111101101110110100100100010011 "
b10010000000001 D
b10010000000001 d
b100100010011 r
#100
b11111101101111000100100100001111 "
b11000111101110 D
b11000111101110 d
b100100001111 r
#101
b11111101101111011000100100001010 "
b11010101110001 D
b11010101110001 d
b100100001010 r
#102
b11111101101111101100100100000101 "
b11111100000000 D
b11111100000000 d
b100100000101 r
#103
b11111110000011011110000111001010 "
b11111111111111 D
b11111111111111 d
b10000111001010 r
#104
b11111110000001001000110101001010 "
b110101001010 r
#105
b11111110100111111000111001110000 "
b111001110000 r
#106
b11111110111000100011101001111011 "
b11110110111010 D
b11110110111010 d
b11101001111011 r
#107
b11111111010111000001101110011000 "
b11101111001000 D
b11101111001000 d
b1101110011000 r
#108
b11111111111001110101010000111101 "
b10111111011110 D
b10111111011110 d
b1010000111101 r
#109
b0 "
b10100101111010 D
b10100101111010 d
b0 r
#110
b1010011110011 D
b1010011110011 d
#111
b11001000011 D
b11001000011 d
#112
b0 D
b0 d
#113
b11111111100010101111100110011010 "
b11100110011010 r
#114
b11111111001110101100010101010000 "
b10101010000 r
#115
b11111110110100001101111001110000 "
b1111001110000 r
#116
b11111110011000001001000111001000 "
b101011001000 D
b101011001000 d
b1000111001000 r
#117
b11111110010001110110000110101111 "
b1100101110001 D
b1100101110001 d
b10000110101111 r
#118
b11111110000000000000101110111011 "
b10001010010100 D
b10001010010100 d
b101110111011 r
#119
b11111101111110110100100000010011 "
b10110111110000 D
b10110111110000 d
b100000010011 r
#120
b11111110000000010100011111111011 "
b11101001101101 D
b11101001101101 d
b11111111011 r
#121
b11111110000001110100011111100011 "
b11110011001011 D
b11110011001011 d
b11111100011 r
#122
b11111110000111101110011011010100 "
b11111111111111 D
b11111111111111 d
b10011011010100 r
#123
b11111110000101011001010001111000 "
b1010001111000 r
#124
b11111110001110110011001101100000 "
b11001101100000 r
#125
b11111110100110111011100100001101 "
b11111110001011 D
b11111110001011 d
b11100100001101 r
#126
b11111110110011100011110110001100 "
b11111110100010 D
b11011010100010 d
b11110110001100 r
#127
b11111111011010001101001110010100 "
b11011110110011 D
b11001110010011 d
b1001110010100 r
#128
b11111111110110000111001000110010 "
b11011111010111 D
b10011101010111 d
b11001000110010 r
#129
b0 "
b11111011001101 D
b1111010001101 d
b0 r
#130
b1111011111100 D
b1111011111100 d
#131
b1000011111110 D
b1000011111110 d
#132
b11110110 D
b11110110 d
#133
b11000000001000100000110000 "
b0 D
b0 d
b100000110000 r
#134
b11111111101111100010011110000100 "
b10011110000100 r
#135
b11111111011001100000010001101100 "
b10000000 d
b10001101100 r
#136
b11111111001101001101101010000000 "
b10101111 D
b10101111 d
b1101010000000 r
#137
b11111110111110100101100011001100 "
b111101101100 D
b111101101100 d
b1100011001100 r
#138
b11111110101111001011010011010000 "
b1110011100111 D
b1110011100111 d
b11010011010000 r
#139
b11111110101110111101010101111101 "
b10010101011011 D
b10010101011011 d
b1010101111101 r
#140
b11111110101101101000010100100110 "
b11001011001110 D
b11001011001110 d
b10100100110 r
#141
b11111110110000110000010011110100 "
b11011001000110 D
b11011001000110 d
b10011110100 r
#142
b11111110110100000000010011000000 "
b11111101010110 D
b11111101010110 d
b10011000000 r
#143
b11111110110111110000111101100010 "
b11111111111111 D
b11111111111111 d
b111101100010 r
#144
b11111110111011000111100111011110 "
b11100111011110 r
#145
b11111111000111101111100101111111 "
b11100101111111 r
#146
b11111111001101101100000001011000 "
b11110100101111 D
b11110100101111 d
b1011000 r
#147
b11111111011100111101111011001111 "
b11101100100101 D
b11101100100101 d
b1111011001111 r
#148
b11111111100101110001100101001101 "
b10111010000110 D
b10111010000110 d
b1100101001101 r
#149
b11111111110010011001101011110110 "
b10100000101011 D
b10100000101011 d
b1101011110110 r
#150
b11111111111111001111101101110000 "
b1101110000111 D
b1101110000111 d
b11101101110000 r
#151
b0 "
b10001000010 D
b10001000010 d
b0 r
#152
b0 D
b0 d
#154
b11111111111111101100101111010100 "
b101111010100 r
#155
b11111111111001101111100000001100 "
b11100000001100 r
#156
b11111111110110011000110001001010 "
b10010101100 D
b10010101100 d
b110001001010 r
#157
b11111111110110001111100101100111 "
b1101100010101 D
b1101100010101 d
b11100101100111 r
#158
b11111111110110100000111101011010 "
b10100000000110 D
b10100000000110 d
b111101011010 r
#159
b11111111111001111100101101111010 "
b10111011011101 D
b10111011011101 d
b101101111010 r
#160
b11111111111101110001001001001000 "
b11101101001010 D
b11101101001010 d
b1001001001000 r
#161
b10110011111111010011 "
b11110110001010 D
b11110110001010 d
b11111111010011 r
#162
b111110111111110000010 "
b11111111111111 D
b11111111111111 d
b11111110000010 r
#163
b1101000111111100101110 "
b11111100101110 r
#164
b10001100110101101000100 "
b10101101000100 r
#165
b10101111111011010011010 "
b11111111111101 D
b11111101111111 d
b11011010011010 r
#166
b10101011001011111101010 "
b11111101011111 D
b11111101011111 d
b1011111101010 r
#167
b10101111001000110000000 "
b11011011010111 D
b11011011010111 d
b1000110000000 r
#168
b10001010000011000111000 "
b11001011110010 D
b11011011110010 d
b11000111000 r
#169
b11000001101101010001 "
b10010011110010 D
b10010011110010 d
b1101101010001 r
#170
b0 "
b1110100100100 D
b1111101100100 d
b0 r
#171
b111101100100 D
b111101100100 d
#172
b0 D
b0 d
#174
b101101111100010101000 "
b11100010101000 r
#175
b100011100001100111101001 "
b1100111101001 r
#176
b111000100100001011101100 "
b110100011 D
b110100011 d
b1011101100 r
#177
b1000111001100111010001100 "
b1000101011100 D
b1000101011100 d
b111010001100 r
#178
b1100000000011011110001110 "
b1111001111000 D
b1111001111000 d
b11011110001110 r
#179
b1101010010000000100010000 "
b10011010000110 D
b10011010000110 d
b100010000 r
#180
b1110101011011100010101001 "
b11001111011101 D
b11001111011101 d
b11100010101001 r
#181
b1111100011111100000111000 "
b11011101111101 D
b11011101111101 d
b11100000111000 r
#182
b10000011101011011111000101 "
b11111111111111 D
b11111111111111 d
b11011111000101 r
#183
b10001000111010010010011111 "
b10010010011111 r
#184
b1111010110101111100000100 "
b1111100000100 r
#185
b1111001101101001010010100 "
b1001010010100 r
#186
b1011101011100110000010100 "
b11110010001111 D
b11110010001111 d
b110000010100 r
#187
b1001101001100111101011110 "
b11101000010100 D
b11101000010100 d
b111101011110 r
#188
b101001110110101100000110 "
b10110110011100 D
b10110110011100 d
b10101100000110 r
#189
b0 "
b10001010101000 D
b10001010101000 d
b0 r
#190
b1100101111111 D
b1100101111111 d
#191
b101001010001 D
b101001010001 d
#192
b0 D
b0 d
#193
b110010001100000001100 "
b1100000001100 r
#194
b110011110100100111110 "
b10100100111110 r
#195
b111110101010110001010110 "
b10110001010110 r
#196
b1110010111110010110010110 "
b11010101011 D
b11010101011 d
b10010110010110 r
#197
b10011000001010001001001011 "
b1010010100110 D
b1010010100110 d
b10001001001011 r
#198
b11010011010110101010101000 "
b10110110000010 D
b10100110000010 d
b10101010101000 r
#199
b11100111011100011101111110 "
b11100110001010 D
b11000000001010 d
b11101111110 r
#200
b100010101110011000001110100 "
b11010000011111 D
b11010000011111 d
b11000001110100 r
#201
b100011111011110111000001000 "
b11111000111101 D
b11111000111101 d
b10111000001000 r
#202
b100101000101010110101110101 "
b11111111111111 D
b11111111111111 d
b10110101110101 r
#203
b100110001111110110011100000 "
b10110011100000 r
#204
b100101010000101110011101101 "
b1110011101101 r
#205
b100100111000001111010100100 "
b1111010100100 r
#206
b11101101010111000000010000 "
b11111010001101 D
b11111010001101 d
b11000000010000 r
#207
b10111010010110111001110101 "
b11010100101110 D
b11010110101110 d
b10111001110101 r
#208
b10001101010010001101100000 "
b11000110011110 D
b11000110011110 d
b10001101100000 r
#209
b111010000111110001001110 "
b10101110110111 D
b10101110110111 d
b11110001001110 r
#210
b0 "
b1011110110110 D
b1011110110110 d
b0 r
#211
b110101001010 D
b110101001010 d
#212
b0 D
b0 d
#214
b100000100110110101011010000 "
b10101011010000 r
#215
b101101000100000111011001 "
b111011001 r
#216
b10001100011010111000010010 "
b1100010000 D
b1100010000 d
b10111000010010 r
#217
b100100001111010010001001110 "
b1001011001001 D
b1001011001001 d
b10010001001110 r
#218
b101010111111010110111100011 "
b1111111110101 D
b1111111110101 d
b10110111100011 r
#219
b101111101111000101101101000 "
b10011111010011 D
b10011111010011 d
b101101101000 r
#220
b111001111111001010010100010 "
b11100010111101 D
b11100010111101 d
b1010010100010 r
#221
b111101001010110000101101010 "
b11011110111010 D
b11011110111010 d
b10000101101010 r
#222
b111110100010110000010111010 "
b11111111111111 D
b11111111111111 d
b10000010111010 r
#223
b111111111011110000000001000 "
b10000000001000 r
#224
b111111111100101101000111100 "
b1101000111100 r
#225
b110111100011101100001110000 "
b1100001110000 r
#226
b110100101101000101001101101 "
b11011111000000 D
b11011111000000 d
b101001101101 r
#227
b101111011010010000100011000 "
b11100100010010 D
b11100100010010 d
b10000100011000 r
#228
b11010010100001101110111000 "
b10110000111010 D
b10110000111010 d
b1101110111000 r
#229
b1111000000000000010000000 "
b10000101000011 D
b10000101000011 d
b10000000 r
#230
b0 "
b1001111100010 D
b1001111100010 d
b0 r
#231
b100001100110 D
b100001100110 d
#232
b0 D
b0 d
#234
b11110001111000100111100 "
b11000100111100 r
#235
b11110111011000100100010 "
b11000100100010 r
#236
b11000001001101001100100010 "
b110010100111 D
b110010100111 d
b1001100100010 r
#237
b101010000100001001101101001 "
b1111011100111 D
b1111011100111 d
b1001101101001 r
#238
b111011000000000110000000000 "
b1011001000110 D
b11011001000110 d
b110000000000 r
#239
b1001101100100111100100100000 "
b11101100011111 D
b11101100011111 d
b11100100100000 r
#240
b1001101010110111101100110000 "
b11000101011111 D
b11010111011111 d
b11101100110000 r
#241
b1011010011010001001011001011 "
b11010011101001 D
b11111011101001 d
b1001011001011 r
#242
b1011011111101001001000000101 "
b11111010100110 D
b11111011100110 d
b1001000000101 r
#243
b1011101100000101000100111110 "
b11111111111111 D
b11111111111111 d
b1000100111110 r
#244
b1011111000100001000001110111 "
b1000001110111 r
#245
b1010100011111101010011010110 "
b1010011010110 r
#246
b1010111101000010100011011000 "
b11111000101001 D
b11111000101001 d
b10100011011000 r
#247
b1000100111111101101011100100 "
b11010010010110 D
b11010010010110 d
b1101011100100 r
#248
b110100111111100101000110100 "
b11000001100101 D
b11000001100101 d
b101000110100 r
#249
b11111111101001110111101110 "
b10101001000011 D
b10101001000011 d
b1110111101110 r
#250
b1101100011101100001110100 "
b1010111111000 D
b1010111111000 d
b1100001110100 r
#251
b0 "
b11101111101 D
b11101111101 d
b0 r
#252
b0 D
b0 d
#256
b10110010010101100111101010 "
b100101010101 D
b100101010101 d
b1100111101010 r
#257
b101000010110001011111100001 "
b1100001111111 D
b1100001111111 d
b1011111100001 r
#258
b1001110111001011000101101000 "
b10000110011011 D
b10000110011011 d
b11000101101000 r
#259
b1011011101010000000100100000 "
b10110100110000 D
b10110100110000 d
b100100000 r
#260
b1100011101111111100001110100 "
b11100111010000 D
b11100111010000 d
b11100001110100 r
#261
b1110111100010001110110101011 "
b11110000011001 D
b11110000011001 d
b1110110101011 r
#262
b1111011111010100001000001010 "
b11111111111111 D
b11111111111111 d
b1000001010 r
#263
b1111101100011000000100111001 "
b100111001 r
#264
b1111111001011100000001101000 "
b1101000 r
#265
b1111101001010000000011011110 "
b11111111110001 D
b11111111110001 d
b11011110 r
#266
b1101011001010111000011100001 "
b11011100100101 D
b11011100100101 d
b11000011100001 r
#267
b1100011111111010100101011000 "
b11100001011001 D
b11100001011001 d
b10100101011000 r
#268
b1011000101111100010000010000 "
b10011100100100 D
b10011100100100 d
b10000010000 r
#269
b101110011010010100010110000 "
b1111110111000 D
b1111110111000 d
b10100010110000 r
#270
b1111110111110010001101010 "
b1111110110100 D
b1001000100100 d
b10010001101010 r
#271
b0 "
b1001001110101 D
b1001110101 d
b0 r
#272
b1001010001 D
b1000010001 d
#273
b0 D
b0 d
#275
b100100010011000000000 "
b10011000000000 r
#276
b10101011111010010110001110 "
b1001101000 D
b111001101000 d
b10010110001110 r
#277
b111000110110110101110101110 "
b111001101001 D
b1111011101001 d
b10101110101110 r
#278
b1001110110101110010100110110 "
b1011111010001 D
b1011111010001 d
b10010100110110 r
#279
b1101011001010000011000100010 "
b10010010000011 D
b10010010000011 d
b11000100010 r
#280
b10001010100101110100011101010 "
b11001001011000 D
b11001001011000 d
b10100011101010 r
#281
b10010010001001000000011110101 "
b11010111000000 D
b11010111000000 d
b11110101 r
#282
b10011100100010111000110111001 "
b11111100010000 D
b11111100010000 d
b11000110111001 r
#283
b10011110001010011000011101010 "
b11111111111111 D
b11111111111111 d
b11000011101010 r
#284
b10011111110001011000000011100 "
b11000000011100 r
#285
b10100001000100010100111100000 "
b10100111100000 r
#286
b10001100011111000101011111111 "
b11110110000101 D
b11110110000101 d
b101011111111 r
#287
b10010000111011101110010000101 "
b11101110001110 D
b11101110001110 d
b1110010000101 r
#288
b1100101001110011100111000001 "
b10111101010110 D
b10111101010110 d
b11100111000001 r
#289
b1010011000100111000111000000 "
b10100011010101 D
b10100011010101 d
b11000111000000 r
#290
b110000000111101001111100000 "
b1010000111110 D
b1010000111110 d
b1001111100000 r
#291
b110000110100001111001011 "
b10101100111 D
b10101100111 d
b1111001011 r
#292
b0 "
b0 D
b0 d
b0 r
#296
b101000001111110111000011100 "
b101101101000 D
b101101101000 d
b10111000011100 r
#297
b1000010111110011111011110000 "
b1101000111110 D
b1101000111110 d
b11111011110000 r
#298
b1100111010011110111010110001 "
b10001101000100 D
b10001101000100 d
b10111010110001 r
#299
b10001111101110100010111100100 "
b10111000111000 D
b10111000111000 d
b10111100100 r
#300
b10011011010100100110010010000 "
b11101010111001 D
b11101010111001 d
b110010010000 r
#301
b10110111101111111010101001110 "
b11110100011101 D
b11110100011101 d
b11010101001110 r
#302
b10111011101100110001000100101 "
b11111111111111 D
b11111111111111 d
b10001000100101 r
#303
b10111101001011110000101100111 "
b10000101100111 r
#304
b10111110101001110000010101011 "
b10000010101011 r
#305
b10111000101011101101011011010 "
b11111110000110 D
b11111110000110 d
b1101011011010 r
#306
b10110011110101110111110100110 "
b11111111110011 D
b11011001110011 d
b10111110100110 r
#307
b10010000010001111011001011010 "
b11011101110111 D
b11001101110111 d
b11011001011010 r
#308
b1111101101001010101110010000 "
b11011111110101 D
b10011111110101 d
b10101110010000 r
#309
b111110110110101110010110001 "
b10010111111100 D
b11111111111100 d
b1110010110001 r
#310
b10001011100111000111100000 "
b1111001101101 D
b1111001101100 d
b11000111100000 r
#311
b0 "
b1000001111011 D
b1000001111001 d
b0 r
#312
b111010 D
b111010 d
#313
b0 D
b0 d
#315
b100101000000100011101100110 "
b11101100110 r
#316
b1010100101111001001101110011 "
b1001101110011 r
#317
b1110010111011111111011100000 "
b1000000101011 D
b1000000101011 d
b11111011100000 r
#318
b10011000000110101110001101000 "
b1110110000111 D
b1110110000111 d
b1110001101000 r
#319
b11000010100100110001010010000 "
b10010111010110 D
b10010111010110 d
b10001010010000 r
#320
b11001010101101011100101000000 "
b11001100111110 D
b11001100111110 d
b11100101000000 r
#321
b11010101110111101010100001111 "
b11011010010110 D
b11011010010110 d
b1010100001111 r
#322
b11010111000111101010001101111 "
b11111110010111 D
b11111110010111 d
b1010001101111 r
#323
b11011000010110101001111010001 "
b11111111111111 D
b11111111111111 d
b1001111010001 r
#324
b11010111011100101010001010101 "
b1010001010101 r
#325
b10111001101010111110110010000 "
b11110110010000 r
#326
b10110000001111110100000101011 "
b11110100001010 D
b11110100001010 d
b10100000101011 r
#327
b10000010000010011100000000110 "
b11101010111101 D
b11101010111101 d
b11100000000110 r
#328
b1101000011110100000100001100 "
b10111001001111 D
b10111001001111 d
b100001100 r
#329
b111000111101110100110001001 "
b10001110001011 D
b10001110001011 d
b10100110001001 r
#330
b100100110101111111010 "
b1101011001111 D
b1101011001111 d
b10101111111010 r
#331
b0 "
b101110011001 D
b101110011001 d
b0 r
#332
b0 D
b0 d
#334
b1000001110000010000100 "
b10000010000100 r
#335
b1100011101100110001000 "
b1100110001000 r
#336
b111010001110111100111010001 "
b10101100111 D
b10101100111 d
b11100111010001 r
#337
b1101010100101000110011111000 "
b1101110011110 D
b1101110011110 d
b110011111000 r
#338
b10001001101100110010110101101 "
b10100010110111 D
b10100010110111 d
b10010110101101 r
#339
b10111011010101000000100110101 "
b10111101111101 D
b10111101111101 d
b100110101 r
#340
b11001000001101000110110010010 "
b11101110011001 D
b11101110011001 d
b110110010010 r
#341
b11101010010110111001000101000 "
b11111110001100 D
b11110110001101 d
b11001000101000 r
#342
b11101100101100000100110100110 "
b11111111111111 D
b11111111111111 d
b100110100110 r
#343
b11101101100101000100100110100 "
b100100110100 r
#344
b11101110011101000100011000100 "
b100011000100 r
#345
b11100011101101010011000101101 "
b10011000101101 r
#346
b11011100100000111011101010000 "
b11111110101101 D
b11111110101100 d
b11011101010000 r
#347
b10101110011100100100100101100 "
b11010110101111 D
b11011110101101 d
b100100101100 r
#348
b10000110010010000000110011000 "
b11001000101110 D
b11011001111110 d
b110011000 r
#349
b1100101010001010010011011101 "
b10010001110100 D
b10010001110100 d
b10010011011101 r
#350
b101100001000011011110001100 "
b1110010110001 D
b1110010110001 d
b11011110001100 r
#351
b0 "
b111010010010 D
b111010010010 d
b0 r
#352
b0 D
b0 d
#355
b110001001001100000000 "
b1001100000000 r
#356
b10100111010011000010011001 "
b111011110 D
b111011110 d
b11000010011001 r
#357
b1101011000101011110010111010 "
b1000110101000 D
b1000110101000 d
b11110010111010 r
#358
b10011101101110010010001111100 "
b1111100010111 D
b1111100010111 d
b10010001111100 r
#359
b10111001000100111000101000110 "
b10011100001011 D
b10011100001011 d
b11000101000110 r
#360
b11101000111001101011101010101 "
b11100000110000 D
b11100000110000 d
b1011101010101 r
#361
b11110000101100000110110111010 "
b11011100111110 D
b11011100111110 d
b110110111010 r
#362
b11111010101100000001010100110 "
b11111111111111 D
b11111111111111 d
b1010100110 r
#363
b11111011001010100001001101001 "
b1001101001 r
#364
b11111011100111100001000101111 "
b1000101111 r
#365
b11111000011110000101111000110 "
b101111000110 r
#366
b11010011110001110110010110011 "
b11110000101110 D
b11110000101110 d
b10110010110011 r
#367
b11000110001110110100100010100 "
b11100111100100 D
b11100111100100 d
b10100100010100 r
#368
b10010000000110010010000001010 "
b10110100110110 D
b10110100110110 d
b10010000001010 r
#369
b1110000100101001011110100100 "
b10001000111101 D
b10001000111101 d
b1011110100100 r
#370
b111001100101011111101001100 "
b1100011101111 D
b1100011101111 d
b11111101001100 r
#371
b0 "
b100110101011 D
b100110101011 d
b0 r
#372
b0 D
b0 d
#375
b1001001000000101100010010 "
b101100010010 r
#376
b1000111100101001110011101100 "
b11100100010 D
b11100100010 d
b1110011101100 r
#377
b1111100010010101011010100010 "
b1011100001100 D
b1010100001110 d
b1011010100010 r
#378
b10011100011110001110101000100 "
b11110111111100 D
b10100111110100 d
b1110101000100 r
#379
b11100001001001010110101110111 "
b11100111111010 D
b11000101111010 d
b10110101110111 r
#380
b11011101101110110001000101011 "
b11010001101110 D
b11010001101110 d
b10001000101011 r
#381
b11111111111010000000000001010 "
b11111001101101 D
b11111001101100 d
b1010 r
#382
b11111111111101000000000000100 "
b11111011111111 D
b11111111111111 d
b100 r
#383
b11111111111110100000000000001 "
b11111111111111 D
b1 r
#385
b11110001010010000111010110000 "
b111010110000 r
#386
b11100110011011011111111000000 "
b11111001011001 D
b11111011011001 d
b11111111000000 r
#387
b10110011100001010101011001000 "
b11010011110001 D
b11010011110001 d
b10101011001000 r
#388
b10000111111010110000110100011 "
b11000100101000 D
b11000100101000 d
b10000110100011 r
#389
b1100011101000001110110100011 "
b10101101000011 D
b10101101000011 d
b1110110100011 r
#390
b100101100011010111101101000 "
b1011100001010 D
b1011100001010 d
b10111101101000 r
#391
b0 "
b110010111101 D
b110010111101 d
b0 r
#392
b0 D
b0 d
#395
b1000000000010001000000000 "
b10001000000000 r
#396
b11101110101011100011001011 "
b100000011000 D
b100000011000 d
b11100011001011 r
#397
b1010100100111001011010111100 "
b1001101110010 D
b1001101110010 d
b1011010111100 r
#398
b10101001001101100100011010010 "
b10000010010100 D
b10000010010100 d
b100011010010 r
#399
b11000001110100100001110001000 "
b10110001000101 D
b10110001000101 d
b1110001000 r
#400
b11001110111101111001001111110 "
b11100100101110 D
b11100100101110 d
b11001001111110 r
#401
b11110101001010000010011010001 "
b11011111010111 D
b11011111010111 d
b10011010001 r
#402
b11111100000011100000111110111 "
b11111111111111 D
b11111111111111 d
b111110111 r
#403
b11111011100111100001000101111 "
b1000101111 r
#404
b11111011001010100001001101001 "
b1001101001 r
#405
b11110100010101100110111000000 "
b110111000000 r
#406
b11001110111000001111011011110 "
b11011110101010 D
b11011110101010 d
b1111011011110 r
#407
b11000000001000101110011000000 "
b11100100010000 D
b11100100010000 d
b1110011000000 r
#408
b10101000001110100100101011110 "
b10011111101011 D
b10011111101011 d
b100101011110 r
#409
b1011001100110100110000100010 "
b10000010010111 D
b10000010010111 d
b110000100010 r
#410
b110001000100011111010101100 "
b1001101101000 D
b1001101101000 d
b11111010101100 r
#411
b0 "
b1110110011 D
b1110110011 d
b0 r
#412
b1110000000 D
b10 d
#413
b0 D
b0 d
#415
b11110111000111111101011000 "
b10 D
b10 d
b11111101011000 r
#416
b11110110110000111001000101 "
b110100011010 D
b110100011010 d
b111001000101 r
#417
b1001001101011101000000101010 "
b110100011110 D
b1110110011110 d
b1000000101010 r
#418
b1111011100010001101000111101 "
b1011010101111 D
b1011110101111 d
b1101000111101 r
#419
b10100111100101100001000011010 "
b11101110000101 D
b11101110000101 d
b1000011010 r
#420
b11010111101010111111011100000 "
b11000110000101 D
b11010110101101 d
b11111011100000 r
#421
b11010001110111110111010011000 "
b11010100101011 D
b11010100101011 d
b10111010011000 r
#422
b11101111010011100100001010111 "
b11111010101101 D
b11111010101101 d
b100001010111 r
#423
b11101110011101000100011000100 "
b11111111111111 D
b11111111111111 d
b100011000100 r
#424
b11101101100101000100100110100 "
b100100110100 r
#425
b11101100101100000100110100110 "
b100110100110 r
#426
b11001100101100100010101111010 "
b11110111100111 D
b11110111100111 d
b10101111010 r
#427
b11010000110100011111100101001 "
b11010000010010 D
b11010000010010 d
b11111100101001 r
#428
b10010001100101010001011011001 "
b11000000100000 D
b11000000100000 d
b10001011011001 r
#429
b1110110110010100100100001011 "
b10100111111110 D
b10100111111110 d
b100100001011 r
#430
b1000101010110000100001010110 "
b1010101111111 D
b1010101111111 d
b100001010110 r
#431
b1100110110110011000110000 "
b11011000011 D
b11011000011 d
b10011000110000 r
#432
b0 "
b0 D
b0 d
b0 r
#436
b10111000000110100011100 "
b100111110111 D
b100111110111 d
b110100011100 r
#437
b101110100100110100011110110 "
b1100100100000 D
b1100100100000 d
b10100011110110 r
#438
b1001111010100011001011111000 "
b10001000100011 D
b10001000100011 d
b11001011111000 r
#439
b10010111011010001110100000001 "
b10110101110101 D
b10110101110101 d
b1110100000001 r
#440
b10101011101000110110111000100 "
b11101000100010 D
b11101000100010 d
b10110111000100 r
#441
b10110111001111100000000010000 "
b11110010010110 D
b11110010010110 d
b10000 r
#442
b11010110111001110011000110001 "
b11111111111111 D
b11111111111111 d
b10011000110001 r
#443
b11011001100100101001100110101 "
b1001100110101 r
#444
b11011000010110101001111010001 "
b1001111010001 r
#445
b11010111000111101010001101111 "
b11111111010111 D
b11111111010111 d
b1010001101111 r
#446
b11001111011100100110111100011 "
b11011100000101 D
b11011100000101 d
b110111100011 r
#447
b11001110010001110110100110000 "
b11001110100000 D
b11001110100000 d
b10110100110000 r
#448
b10101011111111001101100011100 "
b10011110101001 D
b10011000101001 d
b1101100011100 r
#449
b10011101100011011100100000111 "
b11111100110100 D
b1111100110101 d
b11100100000111 r
#450
b10001000011101010000001000000 "
b1111110111110 D
b1000110111110 d
b10000001000000 r
#451
b1000101001001101101001111010 "
b1000111111110 D
b111111110 d
b1101001111010 r
#452
b10101110110011011100110101 "
b101110000 D
b101110000 d
b11011100110101 r
#453
b0 "
b0 D
b0 d
b0 r
#455
b1000100000 D
b1000100000 d
#456
b1000100100 D
b111100100100 d
#457
b1000000000000 "
b111100000100 D
b1111101000100 d
b1000000000000 r
#458
b11111011110110101110000011 "
b1110001000010 D
b1110001000010 d
b10101110000011 r
#459
b1001101001000000100000010111 "
b10010100000001 D
b10010100000001 d
b100000010111 r
#460
b1100111110001101100010001111 "
b11001010000110 D
b11001010000110 d
b1100010001111 r
#461
b10001001011100000110110111001 "
b11011000011000 D
b11011000011000 d
b110110111001 r
#462
b10101110101011100100011011111 "
b11111101001000 D
b11111101001000 d
b100011011111 r
#463
b10110100011001100110100100110 "
b11111111111111 D
b11111111111111 d
b110100100110 r
#464
b10111101001011110000101100111 "
b10000101100111 r
#465
b10111011101100110001000100101 "
b10001000100101 r
#466
b10111010001101110001011100011 "
b11110110000001 D
b11110110000001 d
b10001011100011 r
#467
b10110111101011011001000110111 "
b11101101101010 D
b11101101101010 d
b11001000110111 r
#468
b10110110100001001100100000111 "
b10111011100000 D
b10111011100000 d
b1100100000111 r
#469
b10011011111110101111101010000 "
b10100001111100 D
b10100001111100 d
b1111101010000 r
#470
b10011101110101110000110000000 "
b1101111100011 D
b1101111100011 d
b10000110000000 r
#471
b1101011111000000101100100100 "
b10011110000 D
b10011110000 d
b101100100100 r
#472
b1010110010100100010001011111 "
b0 D
b0 d
b10001011111 r
#473
b101111111111000110111101110 "
b110111101110 r
#474
b100010001010001010110110 "
b10001010110110 r
#475
b0 "
b0 r
#476
b10000001100 D
b10000001100 d
#477
b1101010001101 D
b1101010001101 d
#478
b100101010110011100000000 "
b10001110100010 D
b10001110100010 d
b10011100000000 r
#479
b100111010001001110110100000 "
b10111010011010 D
b10111010011010 d
b1110110100000 r
#480
b1001000111011000111000111100 "
b11101100000000 D
b11101100000000 d
b111000111100 r
#481
b1011101111001000111111100011 "
b11110101000000 D
b11110101000000 d
b111111100011 r
#482
b1111111011011100000010111001 "
b11111111111111 D
b11111111111111 d
b10111001 r
#483
b10000111010111001000111100000 "
b1000111100000 r
#484
b10011100010110001110011000010 "
b1110011000010 r
#485
b10011100100010111000110111001 "
b11111100110111 D
b11111100110111 d
b11000110111001 r
#486
b10011010111011111001010000111 "
b11111100111111 D
b11011000111111 d
b11001010000111 r
#487
b10011001010011111001101010111 "
b11011011111111 D
b11001011111111 d
b11001101010111 r
#488
b10010001010100000111001101100 "
b11001011111101 D
b11011011111100 d
b111001101100 r
#489
b10001011001111011110011001010 "
b10010110111101 D
b11110110111101 d
b11110011001010 r
#490
b1101100110000011110101101110 "
b1111110110110 D
b1111110110110 d
b11110101101110 r
#491
b1011100100000011010100001011 "
b111110110110 D
b111110110110 d
b11010100001011 r
#492
b111111001101011001100111000 "
b0 D
b0 d
b11001100111000 r
#493
b1010101000110000110110010 "
b10000110110010 r
#494
b0 "
b0 r
#496
b1001101000 D
b1001101000 d
#497
b1000010111001 D
b1000010111001 d
#498
b1000101100010011101000000 "
b1111000110100 D
b1111000110100 d
b10011101000000 r
#499
b110111011111010001100100100 "
b10011001100000 D
b10011001100000 d
b10001100100100 r
#500
b1001001100010010110110001100 "
b11001110010110 D
b11001110010110 d
b10110110001100 r
#501
b1011111000101110011001000010 "
b11011010010010 D
b11011010010010 d
b10011001000010 r
#502
b1110110101100010111110111000 "
b11111111100000 D
b11111111100000 d
b10111110111000 r
#503
b1111001101010110000011011000 "
b11111111111111 D
b11111111111111 d
b10000011011000 r
#504
b1111101100011000000100111001 "
b100111001 r
#505
b1111011111010100001000001010 "
b1000001010 r
#506
b1111010010010000001011011011 "
b11110010100101 D
b11110010100101 d
b1011011011 r
#507
b1110111101010010111110110100 "
b11101001011110 D
b11101001011110 d
b10111110110100 r
#508
b1110110000001000101101110100 "
b10110111000010 D
b10110111000010 d
b101101110100 r
#509
b1100011011100101100111111000 "
b10001011111000 D
b10001011111000 d
b1100111111000 r
#510
b1011100000110110101101101101 "
b1101000000101 D
b1101000000101 d
b10101101101101 r
#511
b1000010101011001011001000000 "
b101011001011 D
b101011001011 d
b1011001000000 r
#512
b110011111010100011111100011 "
b0 D
b0 d
b11111100011 r
#513
b11011100011110110110110110 "
b10110110110110 r
#514
b0 "
b0 r
#516
b11000001111 D
b11000001111 d
#517
b1010000100101 D
b1010000100101 d
#518
b11101100100010011010100 "
b10100100110110 D
b10100100110110 d
b10011010100 r
#519
b11111001000010110000110 "
b10111111010010 D
b10111111010010 d
b10110000110 r
#520
b11010000011011100000011000 "
b11111111001011 D
b11101111001011 d
b11100000011000 r
#521
b101101111010110011100010010 "
b11111111101010 D
b11110110101011 d
b10011100010010 r
#522
b111001110100010110110111011 "
b11111111111111 D
b11111111111111 d
b10110110111011 r
#523
b1001100011010111011000000010 "
b11011000000010 r
#524
b1001111110101110000001001000 "
b10000001001000 r
#525
b1011011111010111111000100011 "
b11111000100011 r
#526
b1011010011010001001011001011 "
b11111011101100 D
b11111111101100 d
b1001011001011 r
#527
b1011000110111101001110010000 "
b11010101101001 D
b11011101101001 d
b1001110010000 r
#528
b1010111010101101010001010100 "
b11001000001000 D
b11011000001000 d
b1010001010100 r
#529
b1010001100101101000010011000 "
b10010000001111 D
b10010000001111 d
b1000010011000 r
#530
b1001100111100100101000100110 "
b1110000100110 D
b1110000100110 d
b101000100110 r
#531
b111011001110100010110110000 "
b110111011010 D
b110111011010 d
b10110110000 r
#532
b101100100001001100111001000 "
b0 D
b0 d
b1100111001000 r
#533
b100000100001010000111011110 "
b10000111011110 r
#534
b1101011000110110010101000 "
b10110010101000 r
#535
b0 "
b0 r
#536
b1011101111 D
b1011101111 d
#537
b1001000011100 D
b1001000011100 d
#538
b1111110010100 D
b1111110010100 d
#539
b110110100000010000100100 "
b10011101111101 D
b10011101111101 d
b10000100100 r
#540
b110101011110010111111100 "
b11100010000000 D
b11100010000000 d
b10010111111100 r
#541
b10101100000110011111011100 "
b11011110001101 D
b11011110001101 d
b10011111011100 r
#542
b101010111111001110101001100 "
b11111111111111 D
b11111111111111 d
b1110101001100 r
#543
b110000110010011110101111000 "
b11110101111000 r
#544
b111011110011100000100011000 "
b100011000 r
#545
b111100100001111111110100000 "
b11111110100000 r
#546
b111101001010110000101101010 "
b11011111100001 D
b11011111100001 d
b10000101101010 r
#547
b111011110011010001000011001 "
b11100110010101 D
b11100110010101 d
b10001000011001 r
#548
b111010011100110001011000110 "
b10110010010000 D
b10110010010000 d
b10001011000110 r
#549
b110111111010011100000101111 "
b10000101111100 D
b10000101111100 d
b11100000101111 r
#550
b101110011111011001101010110 "
b1100001011011 D
b1100001011011 d
b11001101010110 r
#551
b101010011101110011001010011 "
b100010111010 D
b100010111010 d
b10011001010011 r
#552
b100100100001001110001001101 "
b0 D
b0 d
b1110001001101 r
#553
b10110101100011001101111100 "
b11001101111100 r
#554
b1010111001110111111001011 "
b10111111001011 r
#555
b0 "
b0 r
#556
b110000011000 D
b110000011000 d
#557
b1110111011010 D
b1010111010010 d
#558
b11010111010110 D
b10101111010110 d
#559
b10000101010001001100000 "
b11101011100110 D
b11101011100110 d
b10001001100000 r
#560
b1100011000101111011000111 "
b11010011100110 D
b11010011100110 d
b1111011000111 r
#561
b10100101001110101001001000 "
b11111011111100 D
b11111011111100 d
b10101001001000 r
#562
b11001001000010110000110111 "
b11111001111111 D
b11111111111101 d
b10110000110111 r
#563
b100010110111110010000010110 "
b11111111111111 D
b11111111111111 d
b10010000010110 r
#564
b100001001000000010010100000 "
b10010100000 r
#565
b100101000101010110101110101 "
b10110101110101 r
#566
b100011111011110111000001000 "
b11111000110100 D
b11111000110100 d
b10111000001000 r
#567
b100010110010110111010011010 "
b11010010000111 D
b11010010000111 d
b10111010011010 r
#568
b100001101010110111100101010 "
b11000011001001 D
b11000011001001 d
b10111100101010 r
#569
b11100011111001111101110000 "
b10101010110101 D
b10101010110101 d
b1111101110000 r
#570
b11100010010010110110001001 "
b1011010010001 D
b1011010010001 d
b10110110001001 r
#571
b10101001011011111011101101 "
b11111101111 D
b11111101111 d
b11111011101101 r
#572
b1111011000010001011100111 "
b0 D
b0 d
b10001011100111 r
#573
b1010100111110111001111110 "
b10111001111110 r
#574
b11110000010000111010001 "
b10000111010001 r
#575
b0 "
b0 r
#576
b100010100110 D
b100010100110 d
#577
b1001111101110 D
b1001111101110 d
#578
b10000100000000 D
b10000100000000 d
#579
b100001001100100100101010 "
b10110010011000 D
b10110010011000 d
b100100101010 r
#580
b111001111001100011100010 "
b11100110001010 D
b11100110001010 d
b1100011100010 r
#581
b1101011110001000010011111 "
b11110001000010 D
b11110001000010 d
b1000010011111 r
#582
b1110101100110100110010011 "
b11111111111111 D
b11111111111111 d
b10100110010011 r
#583
b1111000100110111111101000 "
b10111111101000 r
#584
b10000111001001011001101111 "
b1011001101111 r
#585
b10000011101011011111000101 "
b11011111000101 r
#586
b1111100011111100000111000 "
b11011101110111 D
b11011101110111 d
b11100000111000 r
#587
b1110101011011100010101001 "
b11100001101110 D
b11100001101110 d
b11100010101001 r
#588
b1101011100101000110011000 "
b10011110001011 D
b10011110001011 d
b1000110011000 r
#589
b1010101001010000001110000 "
b10000001001000 D
b10000001001000 d
b10000001110000 r
#590
b1001001111001011101111100 "
b1001010100001 D
b1001010100001 d
b1011101111100 r
#591
b111100001111110111100011 "
b1011010111 D
b1011010111 d
b11110111100011 r
#592
b11101010001011111010001 "
b1011010000 D
b11 d
b1011111010001 r
#593
b1001101000011111011100 "
b0 D
b0 d
b11111011100 r
#594
b0 "
b0 r
#596
b110111110100 D
b110111110100 d
#597
b1111111110100 D
b1111111110100 d
#598
b1011101100100 D
b1011101100100 d
#599
b101100111000111011000 "
b10010000110001 D
b10010001110001 d
b11000111011000 r
#600
b100110100101101100000 "
b11000111011110 D
b11000111011110 d
b101101100000 r
#601
b1011000100100011101010 "
b11010110001101 D
b11010110001101 d
b100011101010 r
#602
b1100010110000111010000 "
b11111011001010 D
b11111011001010 d
b10000111010000 r
#603
b1100111001100101010001 "
b11111111111111 D
b11111111111111 d
b1100101010001 r
#604
b1011110010111111101100 "
b10111111101100 r
#605
b110111000110010001110 "
b110010001110 r
#606
b10110011111111010011 "
b11110110100011 D
b11110110100011 d
b11111111010011 r
#607
b11111111111101110000000000100100 "
b11101110111110 D
b11101110111110 d
b100100 r
#608
b11111111111000111000000001110010 "
b10111111010111 D
b10111111010111 d
b1110010 r
#609
b11111111110100000100011101110110 "
b10100101100000 D
b10100101100000 d
b11101110110 r
#610
b11111111101111010100101001101110 "
b1010011110001 D
b1010011110001 d
b101001101110 r
#611
b11111111101101100001000100101011 "
b11000011110 D
b11000011110 d
b1000100101011 r
#612
b11111111101001001010001010100110 "
b0 D
b0 d
b10001010100110 r
#613
b11111111101101011001011000010000 "
b1011000010000 r
#614
b11111111101110101001010001100101 "
b1010001100101 r
#615
b11111111110100101000010001000000 "
b10001000000 r
#616
b11111111111110000000001100011010 "
b101011000000 D
b101011000000 d
b1100011010 r
#617
b0 "
b1100110001101 D
b1100110001101 d
b0 r
#618
b10001010110001 D
b10001010110001 d
#619
b10111000010001 D
b10111000010001 d
#620
b11101010000101 D
b11101010000101 d
#621
b11111111110010100011011100010100 "
b11110010111100 D
b11110010111100 d
b11011100010100 r
#622
b11111111100111111100000101110010 "
b11111111111111 D
b11111111111111 d
b101110010 r
#623
b11111111010000011011000111111010 "
b11000111111010 r
#624
b11111111000111010011110111110010 "
b11110111110010 r
#625
b11111111000000011100100001000000 "
b11111110001010 D
b11111110001010 d
b100001000000 r
#626
b11111110110010001000100010011000 "
b11011110100110 D
b11011010100110 d
b100010011000 r
#627
b11111110101101101000010100100110 "
b11011110101100 D
b11001110101100 d
b10100100110 r
#628
b11111110101010100100010101010111 "
b11011111100110 D
b10011001000110 d
b10101010111 r
#629
b11111110100111101000010110000110 "
b11111011100110 D
b1111010100110 d
b10110000110 r
#630
b11111110101000000000111000001000 "
b1111011110000 D
b1001011110000 d
b111000001000 r
#631
b11111110101000001000100001100000 "
b1000011110011 D
b1000011110011 d
b100001100000 r
#632
b11111110110111110100111100011000 "
b11110011 D
b11110011 d
b111100011000 r
#633
b11111110111111111101001010110110 "
b0 D
b0 d
b1001010110110 r
#634
b11111111011110110111010101000010 "
b11010101000010 r
#635
b11111111110110000001011111100101 "
b1001010 D
b1001000 d
b1011111100101 r
#636
b0 "
b1001011 D
b1001011 d
b0 r
#637
b111110000100 D
b111110000100 d
#638
b1110011001110 D
b1110011001110 d
#639
b10010101011011 D
b10010101011011 d
#640
b11111111101100100111000011000000 "
b11001011110010 D
b11001011110010 d
b11000011000000 r
#641
b11111111010001001111011001010110 "
b11011000111001 D
b11011000111001 d
b11011001010110 r
#642
b11111110111111011011011010000001 "
b11111101111010 D
b11111101111010 d
b11011010000001 r
#643
b11111110101000111110100111011010 "
b11111111111111 D
b11111111111111 d
b10100111011010 r
#644
b11111110001111110001100100101000 "
b1100100101000 r
#645
b11111110001001101110011001010011 "
b10011001010011 r
#646
b11111110000001110100011111100011 "
b11110100100100 D
b11110100100100 d
b11111100011 r
#647
b11111110000000010100011111111011 "
b11101100001100 D
b11101100001100 d
b11111111011 r
#648
b11111101111110110100100000010011 "
b10111010101101 D
b10111010101101 d
b100000010011 r
#649
b11111101111110010100000110011110 "
b10100000011110 D
b10100000011110 d
b110011110 r
#650
b11111110001111100000001000010010 "
b1101100111110 D
b1101100111110 d
b1000010010 r
#651
b11111110010100011110011110001111 "
b10000101010 D
b10000101010 d
b10011110001111 r
#652
b11111110101111111011111001110100 "
b0 D
b0 d
b11111001110100 r
#653
b11111110111111011110111101001000 "
b10111101001000 r
#654
b11111111011100000011110001101000 "
b11110001101000 r
#655
b11111111111110010111001101110101 "
b11001101110101 r
#656
b0 "
b10011001100 D
b10011001100 d
b0 r
#657
b1101100001101 D
b1101100001101 d
#658
b10100000100100 D
b10100000100100 d
#659
b11111111111110111011101110111100 "
b10111100100001 D
b10111100100001 d
b11101110111100 r
#660
b11111111111110111010010010110100 "
b11101100110010 D
b11101100110010 d
b10010010110100 r
#661
b11111111011101011100100110001110 "
b11110101110000 D
b11110101110000 d
b100110001110 r
#662
b11111110111111010110001101001100 "
b11111111111111 D
b11111111111111 d
b10001101001100 r
#663
b11111110101011110101111010101010 "
b1111010101010 r
#664
b11111110001101100100011011001110 "
b11011001110 r
#665
b11111110000101011111110001011100 "
b11111100110011 d
b11110001011100 r
#666
b11111101110000110100101001101000 "
b11111111110111 D
b11111111110111 d
b101001101000 r
#667
b11111101101111000100100100001111 "
b11010111110110 D
b11010111110110 d
b100100001111 r
#668
b11111101101110110100100100010011 "
b11001011111001 D
b11011011111001 d
b100100010011 r
#669
b11111101101110100100100100010111 "
b10010011110000 D
b10010011110000 d
b100100010111 r
#670
b11111101110100101111101101010110 "
b1110100001010 D
b1111100011010 d
b11101101010110 r
#671
b11111101111010100100110001110001 "
b111100011001 D
b111100011001 d
b110001110001 r
#672
b11111110010110100101111100000100 "
b0 D
b0 d
b1111100000100 r
#673
b11111110100100110011001010110000 "
b11001010110000 r
#674
b11111111000001101011001110111000 "
b11001110111000 r
#675
b11111111110110100011100111111110 "
b11100111111110 r
#676
b0 "
b110110100 D
b110110100 d
b0 r
#677
b1000100011010 D
b1000100011010 d
#678
b1111010001000 D
b1111010001000 d
#679
b10011010010111 D
b10011010010111 d
#680
b11111111110101001100001101101000 "
b11001111001001 D
b11001111001001 d
b1101101000 r
#681
b11111111110101001101001001001010 "
b11011011101001 D
b11011011101001 d
b1001001001010 r
#682
b11111111000010110111110100000000 "
b11111111011101 D
b11111111011101 d
b11110100000000 r
#683
b11111110100101101111110110100100 "
b11111111111111 D
b11111111111111 d
b11110110100100 r
#684
b11111110010111010011010001011100 "
b11010001011100 r
#685
b11111101111011101011010001100010 "
b11010001100010 r
#686
b11111101110110111010100101100100 "
b11110010001011 D
b11110010001011 d
b10100101100100 r
#687
b11111101110010011000100011011010 "
b11101000110011 D
b11101000110011 d
b100011011010 r
#688
b11111101110010111100100011010001 "
b10110101101100 D
b10110101101100 d
b100011010001 r
#689
b11111101110011100000100011001000 "
b10001010101011 D
b10001010101011 d
b100011001000 r
#690
b11111101110110000100100100111000 "
b1100110101101 D
b1100110101101 d
b100100111000 r
#691
b11111110001010100111001000110010 "
b101001001001 D
b101001001001 d
b11001000110010 r
#692
b11111110010010011001001100010000 "
b0 D
b0 d
b1001100010000 r
#693
b11111110110000011011100011100000 "
b11100011100000 r
#694
b11111111000001111001011001010000 "
b1011001010000 r
#695
b11111111100000010011101011110100 "
b11101011110100 r
#696
b0 "
b11011000010 D
b11011000010 d
b0 r
#697
b1010010101111 D
b1010010101111 d
#698
b10110110100101 D
b10100110100101 d
#699
b11100110011100 D
b11000000011101 d
#700
b11111111111100110100110110000000 "
b11010000111110 D
b11010000110010 d
b110110000000 r
#701
b11111111011100110110011011110110 "
b11111000111011 D
b11111000111011 d
b10011011110110 r
#702
b11111111000001101010110110110000 "
b11111111111111 D
b11111111111111 d
b10110110110000 r
#703
b11111110110001111001000011001010 "
b1000011001010 r
#704
b11111110001111110011011111110100 "
b11011111110100 r
#705
b11111110010010111011000110000111 "
b11000110000111 r
#706
b11111110000001110100011111100011 "
b11111010111111 D
b11111110111111 d
b11111100011 r
#707
b11111110000010110100011111010011 "
b11010100111100 D
b11010101111100 d
b11111010011 r
#708
b11111110000011111000011111000010 "
b11000101111001 D
b11000101111001 d
b11111000010 r
#709
b11111110000100111100011110110001 "
b10101110011101 D
b10101110011101 d
b11110110001 r
#710
b11111110001100111100101000100000 "
b1011110001001 D
b1011110001001 d
b101000100000 r
#711
b11111110010010100001000001110000 "
b110101000110 D
b110101000110 d
b1000001110000 r
#712
b11111110101010111011100101011100 "
b0 D
b0 d
b11100101011100 r
#713
b11111110111111101111000011001000 "
b11000011001000 r
#714
b11111111010001011000001001001000 "
b1001001000 r
#715
b11111111101101110110100001011110 "
b10100001011110 r
#716
b0 "
b1101111110 D
b1101111110 d
b0 r
#717
b1001100000011 D
b1001100000011 d
#718
b1111111001111 D
b1111111001111 d
#719
b10011111110011 D
b10011111110011 d
#720
b11111111111110100100100100100000 "
b11100011100101 D
b11100011100101 d
b100100100000 r
#721
b11111111110100011001000001000100 "
b11011110101011 D
b11011110101011 d
b1000001000100 r
#722
b11111111011100111010010100111000 "
b11111111111111 D
b11111111111111 d
b10010100111000 r
#723
b11111110111010011110011111100100 "
b10011111100100 r
#724
b11111110110000010011010101101111 "
b11010101101111 r
#725
b11111110101010101111111101001110 "
b11111101001110 r
#726
b11111110011100001011001111100010 "
b11011111010111 D
b11011111010111 d
b11001111100010 r
#727
b11111110011010000100011001011111 "
b11100100011011 D
b11100100011011 d
b11001011111 r
#728
b11111110011011010000011001001100 "
b10110000111111 D
b10110000111111 d
b11001001100 r
#729
b11111110011100100000011000111000 "
b10000101101010 D
b10000101101010 d
b11000111000 r
#730
b11111110011111111000101000010000 "
b1001111000100 D
b1001111000100 d
b101000010000 r
#731
b11111110101111011110000111100000 "
b100000100111 D
b100000100111 d
b10000111100000 r
#732
b11111110110101110110011001000000 "
b0 D
b0 d
b10011001000000 r
#733
b11111110111111011111100010000000 "
b11100010000000 r
#734
b11111111011101110000010000101100 "
b10000101100 r
#735
b11111111101101000010110000000000 "
b10110000000000 r
#736
b0 "
b110010011011 D
b110010011011 d
b0 r
#737
b1111010111111 D
b1011000111111 d
#738
b1011000111110 D
b11111100111110 d
#739
b11101101101001 D
b11101101101000 d
#740
b11111111111011101000000000010000 "
b11010111111001 D
b11010111111001 d
b10000 r
#741
b11111111111011100001001010011000 "
b11010011111001 D
b11111011111001 d
b1001010011000 r
#742
b11111111100111001100101110001100 "
b11111010000001 D
b11111111111101 d
b101110001100 r
#743
b11111111010110111011110000011001 "
b11111111111111 D
b11111111111111 d
b11110000011001 r
#744
b11111111001101100010010101110101 "
b10010101110101 r
#745
b11111110111001001111110001100110 "
b11110001100110 r
#746
b11111110111011110011011111100000 "
b11111000101000 D
b11111000101000 d
b11011111100000 r
#747
b11111110110010111000010011010010 "
b11010001010110 D
b11010001010110 d
b10011010010 r
#748
b11111110110100000100010010111111 "
b11000001011101 D
b11000001011101 d
b10010111111 r
#749
b11111110110101010100010010101011 "
b10101001011100 D
b10101001011100 d
b10010101011 r
#750
b11111110110110100000010010011000 "
b1011000001100 D
b1011000001100 d
b10010011000 r
#751
b11111111000000110011110111011111 "
b11110000001 D
b11110000001 d
b11110111011111 r
#752
b11111111000001110110010001110110 "
b0 D
b0 d
b10010001110110 r
#753
b11111111000001011000010000001110 "
b10000001110 r
#754
b11111111010000011000101101011100 "
b101101011100 r
#755
b11111111011101001010001011000111 "
b10001011000111 r
#756
b11111111101011010000110000100110 "
b100101010011 D
b100101010011 d
b110000100110 r
#757
b11111111110111100010000111101000 "
b1100001101010 D
b1100001101010 d
b10000111101000 r
#758
b0 "
b10000110010100 D
b10000110010100 d
b0 r
#759
b10110101001000 D
b10110101001000 d
#760
b11100111000100 D
b11100111000100 d
#761
b11110001011110 D
b11110001011110 d
#762
b110101010000011110100110111000 "
b11111111111111 D
b11111111111111 d
b10100110111000 r
#763
b11111111110100011011001001110000 "
b11001001110000 r
#764
b11111111101100000000101101111000 "
b101101111000 r
#765
b11111111011010000100110101111110 "
b11111111101000 D
b11111111101000 d
b110101111110 r
#766
b11111111010101101011000100011110 "
b11011100100101 D
b11011100100101 d
b11000100011110 r
#767
b11111111010011001010111100111100 "
b11100001000000 D
b11100001000000 d
b10111100111100 r
#768
b11111111001011111011110101110100 "
b10011011111000 D
b10011011111000 d
b11110101110100 r
#769
b11111111001100000000001101000000 "
b1111110001000 D
b1111110001000 d
b1101000000 r
#770
b11111111001101000000001100110000 "
b1111110000001 D
b1001000000001 d
b1100110000 r
#771
b11111111001110000100001100011111 "
b1000111000 D
b1000111001 d
b1100011111 r
#772
b11111111010000100011001100101110 "
b110000 d
b11001100101110 r
#773
b11111111011000110011101101010011 "
b0 D
b0 d
b11101101010011 r
#774
b11111111011100100000110110010011 "
b110110010011 r
#775
b11111111100001101000011100101111 "
b11100101111 r
#776
b11111111110000100111101000000000 "
b111001110011 D
b111001110010 d
b11101000000000 r
#777
b11111111111011000000110101000000 "
b1111111111011 d
b110101000000 r
#778
b0 "
b1011111101010 D
b1011111101010 d
b0 r
#779
b10010010001110 D
b10010010001110 d
#780
b11001001000100 D
b11001001000100 d
#781
b11010111001101 D
b11010111001101 d
#782
b111011110000101001111011111000 "
b11111100000001 D
b11111100000001 d
b1111011111000 r
#783
b11111111111010011010010110011110 "
b11111111111111 D
b11111111111111 d
b10010110011110 r
#784
b11111111110001100111110111011001 "
b11110111011001 r
#785
b11111111101100101100001110111011 "
b1110111011 r
#786
b11111111100110101101010011011001 "
b11110110001011 D
b11110110001011 d
b1010011011001 r
#787
b11111111100000010110000110100000 "
b11101110000000 D
b11101110000000 d
b10000110100000 r
#788
b11111111011111110101000010010100 "
b10111101100111 D
b10111101100111 d
b1000010010100 r
#789
b11111111011110101100001000010101 "
b10100011110010 D
b10100011110010 d
b1000010101 r
#790
b11111111011111100000001000001000 "
b1010001100001 D
b1010001100001 d
b1000001000 r
#791
b11111111100000010100000111111011 "
b10101111000 D
b10101111000 d
b111111011 r
#792
b11111111100001001101000100001100 "
b0 D
b0 d
b1000100001100 r
#793
b11111111100110000111100110001000 "
b11100110001000 r
#794
b11111111100110001110101000111100 "
b10101000111100 r
#795
b11111111101110100111000100010001 "
b11000100010001 r
#796
b11111111110010001110101100010000 "
b101100111111 D
b101100111111 d
b10101100010000 r
#797
b11111111111000010100010111000000 "
b1100111111111 D
b1100111111111 d
b10111000000 r
#798
b11111111111111000111110110011010 "
b10001100110001 D
b10001100110001 d
b11110110011010 r
#799
b11111111111111001001010100000101 "
b10111001110110 D
b10111001110110 d
b1010100000101 r
#800
b0 "
b11101010011110 D
b11101010011110 d
b0 r
#801
b11110100001100 D
b11110100001100 d
#802
b11111111111111 D
b11111111111111 d
#804
b11111111111011000000001010000000 "
b1010000000 r
#805
b11111111111011001001001001000000 "
b11111101101111 D
b11111101101111 d
b1001001000000 r
#806
b11111111111000001110101110100000 "
b11111101011101 D
b11011001011101 d
b10101110100000 r
#807
b11111111110100011100111011011100 "
b11011101010011 D
b11001101010011 d
b111011011100 r
#808
b11111111110000100011110011100100 "
b11011111111011 D
b10010111111011 d
b11110011100100 r
#809
b11111111101111110100111111111101 "
b10111111101011 D
b1111111101011 d
b111111111101 r
#810
b11111111101101101010010010001101 "
b1111001101001 D
b1111001101001 d
b10010010001101 r
#811
b11111111101110000000000100100000 "
b1000001110000 D
b1000001110000 d
b100100000 r
#812
b11111111101110100100000100010111 "
b110000 D
b110000 d
b100010111 r
#813
b11111111101111001000000100001110 "
b0 D
b0 d
b100001110 r
#814
b11111111110000010011101000100110 "
b11101000100110 r
#815
b11111111110001010001000111100011 "
b1000111100011 r
#816
b11111111110100101110110101111000 "
b100100 D
b100100 d
b10110101111000 r
#817
b11111111110110100011100110001000 "
b1000000110001 D
b1000000110001 d
b11100110001000 r
#818
b11111111111011011110011000010100 "
b1110101101000 D
b1110101101000 d
b10011000010100 r
#819
b11111111111110110100111010011000 "
b10010110111111 D
b10010110111111 d
b111010011000 r
#820
b0 "
b11001101001001 D
b11001101001001 d
b0 r
#821
b11011010000101 D
b11011010000101 d
#822
b11111110001011 D
b11111110001011 d
#823
b11111111111111 D
b11111111111111 d
#824
b11111111111101111011110000010000 "
b11110000010000 r
#825
b11111111111110000000110100000000 "
b110100000000 r
#826
b11111111111011101010100111000101 "
b11110100010010 D
b11110100010010 d
b10100111000101 r
#827
b11111111111010011001100001110000 "
b11101011001001 D
b11101011001001 d
b1100001110000 r
#828
b11111111111000111100101011101000 "
b10111000010111 D
b10111000010111 d
b101011101000 r
#829
b11111111110111011000010101110000 "
b10001101101101 D
b10001101101101 d
b10101110000 r
#830
b11111111110111011110111010101101 "
b1101010001100 D
b1101010001100 d
b10111010101101 r
#831
b11111111110111011100000010001001 "
b101110000011 D
b101110000011 d
b10001001 r
#832
b11111111110111110100000010000011 "
b0 D
b0 d
b10000011 r
#833
b11111111111000001000000001111110 "
b1111110 r
#834
b11111111111000100011100001000000 "
b11100001000000 r
#835
b11111111111001111100100011001110 "
b100011001110 r
#836
b11111111111010100011010111010111 "
b10101110101 D
b10101110101 d
b11010111010111 r
#837
b11111111111100001001100101011000 "
b1101110100010 D
b1101110100010 d
b1100101011000 r
#838
b11111111111101000101010011111100 "
b10100010010001 D
b10100010010001 d
b1010011111100 r
#839
b11111111111110100000100100111100 "
b10111101011100 D
b10111101011100 d
b100100111100 r
#840
b11111111111111111110011110101010 "
b11101110100110 D
b11101110100110 d
b10011110101010 r
#841
b0 "
b11110110101000 D
b11110110101000 d
b0 r
#842
b11111111111111 D
b11111111111111 d
#845
b11111111111110111101110100101010 "
b11111011111111 d
b1110100101010 r
#846
b11111111111110001110000101001100 "
b11111111111111 d
b10000101001100 r
#847
b11111111111101110111000010110000 "
b11011111111101 D
b11011111111101 d
b11000010110000 r
#848
b11111111111101010010101110100110 "
b11001001011101 D
b11011011011101 d
b10101110100110 r
#849
b11111111111101010101011000011110 "
b10010010001101 D
b10010011111101 d
b1011000011110 r
#850
b11111111111101000101010011101110 "
b1110011111101 D
b1110011111101 d
b1010011101110 r
#851
b11111111111101010100000000101011 "
b111010011010 D
b111010011010 d
b101011 r
#852
b11111111111101100000000000101000 "
b0 D
b0 d
b101000 r
#853
b11111111111101110000000000100100 "
b100100 r
#854
b11111111111110000010010101010010 "
b10010101010010 r
#855
b11111111111110001101110000011100 "
b1110000011100 r
#856
b11111111111110011101000100111011 "
b111001101 D
b111001101 d
b1000100111011 r
#857
b11111111111110111010011100110000 "
b1000111001110 D
b1000111001110 d
b10011100110000 r
#858
b11111111111111010001001100001110 "
b1111011010101 D
b1111011010101 d
b1001100001110 r
#859
b11111111111111100010000010101110 "
b10011100000010 D
b10011100000010 d
b10000010101110 r
#860
b11111111111111110101000010100001 "
b11100000110101 D
b11100000110101 d
b1000010100001 r
#861
b0 "
b11011101000110 D
b11011101000110 d
b0 r
#862
b11111111111111 D
b11111111111111 d
#866
b11111111111111111111101011000010 "
b11110000110011 D
b11110000110011 d
b11101011000010 r
#867
b1101110110010 "
b11100110110011 D
b11100110110011 d
b1101110110010 r
#868
b111100110011011 "
b10110100011100 D
b10110100011100 d
b11100110011011 r
#869
b1110110101001001 "
b10001000011000 D
b10001000011000 d
b10110101001001 r
#870
b11010000011110111 "
b1100011100111 D
b1100011100111 d
b10000011110111 r
#871
b11110101110000000 "
b100110100101 D
b100110100101 d
b10101110000000 r
#872
b100111111111110110 "
b0 D
b0 d
b11111111110110 r
#873
b101111111111110100 "
b11111111110100 r
#874
b110011111111110011 "
b11111111110011 r
#875
b111011000011000100 "
b11000011000100 r
#876
b110101101011000000 "
b11101101101 D
b11101101101 d
b1101011000000 r
#877
b110101100011000110 "
b1010100101001 D
b1010100101001 d
b1100011000110 r
#878
b101001000101011010 "
b10111100100001 D
b10101000100001 d
b1000101011010 r
#879
b100011110001011000 "
b11101010100111 D
b11000010100111 d
b11110001011000 r
#880
b10011000101111100 "
b11010011110111 D
b11010001110111 d
b11000101111100 r
#881
b0 "
b11111001110101 D
b11111001110101 d
b0 r
#882
b11111111111111 D
b11111111111111 d
#885
b10000010100000001001011000000 "
b1001011000000 r
#886
b11001000101100 "
b11111001011010 D
b11111101011010 d
b11001000101100 r
#887
b11100101111111010 "
b11010100000010 D
b11010100000010 d
b101111111010 r
#888
b110100001010101110 "
b11000100011101 D
b11000100011101 d
b1010101110 r
#889
b1000010001010110010 "
b10101100111000 D
b10101100111000 d
b10001010110010 r
#890
b1011110101010100011 "
b1011100001100 D
b1011100001100 d
b10101010100011 r
#891
b1100000011111010100 "
b110010101010 D
b110010101010 d
b11111010100 r
#892
b1101111111111100100 "
1B
b0 D
b0 d
b11111111100100 r
#893
0B
0C
0""
#896
b1111101110 D
b1111101110 d
#897
b1001101010001 D
b1001101010001 d
#898
b10000010000000 D
b10000010000000 d
#899
b10110001100000 D
b10110001100000 d
#900
b11100100110000 D
b11100100110000 d
#901
b11011111011111 D
b11011111011111 d
#902
b11111111111111 D
b11111111111111 d
#906
b11011110101110 D
b11011110101110 d
#907
b11100011110011 D
b11100011110011 d
#908
b10011111101011 D
b10011111101011 d
#909
b10000010011100 D
b10000010011100 d
#910
b1001100111011 D
b1001100111011 d
#911
b1110100001 D
b1110100001 d
#912
b100000000 D
b0 d
#913
b0 D
#916
b110100011111 D
b110100011111 d
#917
b1111111011111 d
#918
b1011011000010 D
b11011011000010 d
#919
b10101110011001 D
b11101110011001 d
#920
b11000110110010 D
b11010111110010 d
#921
b11010101010000 D
b11111111010000 d
#922
b11111011010001 D
b11111111010001 d
#923
b11111111111111 D
b11111111111111 d
#926
b11110111110110 D
b11110111110110 d
#927
b11010000110011 D
b11010000110011 d
#928
b11000000001101 D
b11000000001101 d
#929
b10100111000010 D
b10100111000010 d
#930
b1010101110001 D
b1010101110001 d
#931
b11011001101 D
b11011001101 d
#932
b0 D
b0 d
#936
b100111011101 D
b100111011101 d
#937
b1100100001100 D
b1100100001100 d
#938
b10001000000100 D
b10001000000100 d
#939
b10110101001000 D
b10110101001000 d
#940
b11100111111001 D
b11100111111001 d
#941
b11110010011001 D
b11110010011001 d
#942
b11111111111111 D
b11111111111111 d
#945
b11111111011000 D
b11111111011000 d
#946
b11011011110011 D
b11011011110011 d
#947
b11001111110110 D
b11001111110110 d
#948
b10011110111111 D
b10011010111111 d
#949
b1111110110101 D
b1111100110111 d
#950
b1111110010100 D
b1000110000101 d
#951
b1000110100101 D
b110100101 d
#952
b110100001 D
b110100001 d
#953
b0 D
b0 d
#955
b11001001 D
b11001001 d
#956
b11001101 D
b111011001101 d
#957
b111011000100 D
b1111011110100 d
#958
b1110000110100 D
b1110000110100 d
#959
b10010011001011 D
b10010011001011 d
#960
b11001010000011 D
b11001010000011 d
#961
b11011000000001 D
b11011000000001 d
#962
b11111100100110 D
b11111100100110 d
#963
b11111111111111 D
b11111111111111 d
#966
b11110101011111 D
b11110101011111 d
#967
b11101100111011 D
b11101100111011 d
#968
b10111011111010 D
b10111011111010 d
#969
b10100010001001 D
b10100010001001 d
#970
b1101111011010 D
b1101111011010 d
#971
b10011101100 D
b10011101100 d
#972
b0 D
b0 d
#976
b101111100010 D
b101111100010 d
#977
b1101001111011 D
b1101001111011 d
#978
b10001110011001 D
b10001110011001 d
#979
b10111010010001 D
b10111010010001 d
#980
b11101100010111 D
b11101100010111 d
#981
b11110100111010 D
b11110100111010 d
#982
b11111111111111 D
b11111111111111 d
#985
b11111110100100 D
b11111110100100 d
#986
b11111110111100 D
b11011000111100 d
#987
b11011011111100 D
b11001011110100 d
#988
b11011011011110 D
b10011111011110 d
#989
b10010101011110 D
b11110111011110 d
#990
b1111110110101 D
b1111110110100 d
#991
b111110110101 D
b111110110101 d
#992
b0 D
b0 d
#996
b1010101000 D
b1010101000 d
#997
b1000010101100 D
b1000010101100 d
#998
b1110111001110 D
b1110111001110 d
#999
b10011001000000 D
b10011001000000 d
#1000
b11001101111110 D
b11001101111110 d
#1001
b11011010110110 D
b11011010110110 d
#1002
b11111111111010 D
b11111111111010 d
#1003
b11111111111111 D
b11111111111111 d
#1006
b11110010111101 D
b11110010111101 d
#1007
b11101010010010 D
b11101010010010 d
#1008
b10110111111010 D
b10110111111010 d
#1009
b10001100101101 D
b10001100101101 d
#1010
b1101000100001 D
b1101000100001 d
#1011
b101100010011 D
b101100010011 d
#1012
b0 D
b0 d
#1016
b10111111101 D
b10111111101 d
#1017
b1101111111110 D
b1101111111110 d
#1018
b10100011101111 D
b10100011101111 d
#1019
b10111111010100 D
b10111111010100 d
#1020
b11101111000110 D
b11101111000110 d
#1021
b11111110101111 D
b11110110101111 d
#1022
b11111111111111 D
b11111111111111 d
#1026
b11111011011110 D
b11111111011110 d
#1027
b11010110010101 D
b11010110010101 d
#1028
b11001000001000 D
b11011000001000 d
#1029
b10010000100101 D
b10010001100101 d
#1030
b1110001000110 D
b1110001000110 d
#1031
b111000010011 D
b111000010011 d
#1032
b0 D
b0 d
#1036
b1011011101 D
b1011011101 d
#1037
b1001000100110 D
b1001000100110 d
#1038
b1111101110011 D
b1111101110011 d
#1039
b10011101010011 D
b10011101010011 d
#1040
b11100010001100 D
b11100010001100 d
#1041
b11011110001001 D
b11011110001001 d
#1042
b11111111111111 D
b11111111111111 d
#1046
b11110000100100 D
b11110000100100 d
#1047
b11100110011001 D
b11100110011001 d
#1048
b10110010011010 D
b10110010011010 d
#1049
b10000111000001 D
b10000111000001 d
#1050
b1100010000011 D
b1100010000011 d
#1051
b100100000111 D
b100100000111 d
#1052
b0 D
b0 d
#1056
b11111111001 D
b11111111001 d
#1057
b1011111110111 D
b1010110110111 d
#1058
b11111111111111 D
b10101001111111 d
#1059
b11101011111101 D
b11001011111101 d
#1060
b11010011011101 D
b11010011011101 d
#1061
b11111011111110 D
b11111011111110 d
#1062
b11111011111111 D
b11111111111110 d
#1063
b11111111111111 D
b11111111111111 d
#1066
b11111001001011 D
b11111001001011 d
#1067
b11010010111101 D
b11010010111101 d
#1068
b11000100001011 D
b11000100001011 d
#1069
b10101011111010 D
b10101011111010 d
#1070
b1011010000000 D
b1011010000000 d
#1071
b110000011110 D
b110000011110 d
#1072
b0 D
b0 d
#1076
b100001111111 D
b100001111111 d
#1077
b1001111101110 D
b1001111101110 d
#1078
b10000100011000 D
b10000100011000 d
#1079
b10110010100101 D
b10110010100101 d
#1080
b11100110000000 D
b11100110000000 d
#1081
b11110000100011 D
b11110000100011 d
#1082
b11111111111111 D
b11111111111111 d
#1086
b11011101100100 D
b11011101100100 d
#1087
b11100010011111 D
b11100010011111 d
#1088
b10011110011100 D
b10011110011100 d
#1089
b10000001000000 D
b10000001000000 d
#1090
b1001011000010 D
b1001011000010 d
#1091
b1011110010 D
b1011110010 d
#1092
b1010000000 D
b10 d
#1093
b0 D
b0 d
#1096
b110111001111 D
b110111001111 d
#1097
b1111111101111 d
#1098
b1011111101110 D
b1011111101110 d
#1099
b10101111001110 D
b11101111101110 d
#1100
b11000111100100 D
b11010111100100 d
#1101
b11010101010101 D
b11010101010101 d
#1102
b11111011100110 D
b11111011100110 d
#1103
b11111111111111 D
b11111111111111 d
#1106
b11110111010011 D
b11110111010011 d
#1107
b11101111001100 D
b11101111001100 d
#1108
b10111111101000 D
b10111111101000 d
#1109
b10100101110001 D
b10100101110001 d
#1110
b1010011110011 D
b1010011110011 d
#1111
b11001001000 D
b11001001000 d
#1112
b0 D
b0 d
#1116
b101001111001 D
b101001111001 d
#1117
b1100110100001 D
b1100110100001 d
#1118
b10001011010100 D
b10001011010100 d
#1119
b10110111000011 D
b10110111000011 d
#1120
b11101000100110 D
b11101000100110 d
#1121
b11110011010011 D
b11110011010011 d
#1122
b11111111111111 D
b11111111111111 d
#1125
b11111110011010 D
b11111110011010 d
#1126
b11011011001000 D
b11011011001000 d
#1127
b11001110111000 D
b11001110111000 d
#1128
b10011111011011 D
b10011001011011 d
#1129
b11111011010111 D
b1111011010111 d
#1130
b1111011011111 D
b1000100011111 d
#1131
b1000100011110 D
b100011110 d
#1132
b100011100 D
b100011100 d
#1133
b0 D
b0 d
#1135
b11111010 D
b11111000 d
#1136
b111011111010 d
#1137
b111101101001 D
b111101101001 d
#1138
b1110011000100 D
b1110011000100 d
#1139
b10010101110111 D
b10010101110111 d
#1140
b11001011010000 D
b11001011010000 d
#1141
b11011001100001 D
b11011001100001 d
#1142
b11111101001010 D
b11111101001010 d
#1143
b11111111111111 D
b11111111111111 d
#1146
b11110100110011 D
b11110100110011 d
#1147
b11101100001010 D
b11101100001010 d
#1148
b10111010010001 D
b10111010010001 d
#1149
b10100000010101 D
b10100000010101 d
#1150
b1101101011111 D
b1101101011111 d
#1151
b10000110101 D
b10000110101 d
#1152
b0 D
b0 d
#1156
b10011000011 D
b10011000011 d
#1157
b1101100001001 D
b1101100001001 d
#1158
b10100000011001 D
b10100000011001 d
#1159
b10111011101010 D
b10111011101010 d
#1160
b11101101010110 D
b11101101010110 d
#1161
b11110101101101 D
b11110101101101 d
#1162
b11111111111111 D
b11111111111111 d
#1165
b11111110010111 D
b11111100010111 d
#1166
b11111111110111 D
b11010111110111 d
#1167
b11011111111111 D
b11011110111111 d
#1168
b11011011111101 D
b11011011111101 d
#1169
b10010011111101 D
b11110111111101 d
#1170
b1111100111101 D
b1111100111101 d
#1171
b111100111000 D
b111100111000 d
#1172
b0 D
b0 d
#1176
b111010010 D
b111010010 d
#1177
b1000100100000 D
b1000100100000 d
#1178
b1111001110001 D
b1111001110001 d
#1179
b10011010010000 D
b10011010010000 d
#1180
b11001111001111 D
b11001111001111 d
#1181
b11011011001101 D
b11011011001101 d
#1182
b11111111101001 D
b11111111101001 d
#1183
b11111111111111 D
b11111111111111 d
#1186
b11110010001010 D
b11110010001010 d
#1187
b11101000110010 D
b11101000110010 d
#1188
b10110110100001 D
b10110110100001 d
#1189
b10001011011010 D
b10001011011010 d
#1190
b1100110110100 D
b1100110110100 d
#1191
b101001011111 D
b101001011111 d
#1192
b0 D
b0 d
#1196
b11010101100 D
b11010101100 d
#1197
b1010010101101 D
b1010010101101 d
#1198
b10100110101010 D
b10100110101010 d
#1199
b11000110011110 D
b11000000011110 d
#1200
b11010000000011 D
b11010000000011 d
#1201
b11111000000011 D
b11111000000011 d
#1202
b11111111111111 D
b11111111111111 d
#1206
b11111010111111 D
b11111110111111 d
#1207
b11010100110111 D
b11010110110111 d
#1208
b11000110000010 D
b11101110000010 d
#1209
b10101110110011 D
b10101110110011 d
#1210
b1011110001000 D
b1011110001000 d
#1211
b110101010110 D
b110101010110 d
#1212
b0 D
b0 d
#1216
b1100101100 D
b1100101100 d
#1217
b1001011110110 D
b1001011110110 d
#1218
b10000000010010 D
b10000000010010 d
#1219
b10011111001010 D
b10011111001010 d
#1220
b11100011010000 D
b11100011010000 d
#1221
b11011110111100 D
b11011110111100 d
#1222
b11111111111111 D
b11111111111111 d
#1226
b11011111010100 D
b11011111010100 d
#1227
b11100101001100 D
b11100101001100 d
#1228
b10110001110000 D
b10110001110000 d
#1229
b10000100110111 D
b10000100110111 d
#1230
b1001111111000 D
b1001111111000 d
#1231
b100001010111 D
b100001010111 d
#1232
b0 D
b0 d
#1236
b110010001100 D
b110010001100 d
#1237
b1111010101100 D
b1011000100000 d
#1238
b11011100110000 D
b10101100110000 d
#1239
b11101100011110 D
b11101100011110 d
#1240
b11000111011110 D
b11010111011110 d
#1241
b11111011101101 D
b11111011101101 d
#1242
b11111011111111 D
b11111111111101 d
#1243
b11111111111111 D
b11111111111111 d
#1246
b11111000000100 D
b11111000000100 d
#1247
b11010001111110 D
b11010001111110 d
#1248
b11000010100001 D
b11000010100001 d
#1249
b10101001110100 D
b10101001110100 d
#1250
b1011000001001 D
b1011000001001 d
#1251
b11110000010 D
b11110000010 d
#1252
b0 D
b0 d
#1256
b100101000111 D
b100101000111 d
#1257
b1100001100101 D
b1100001100101 d
#1258
b10000110100101 D
b10000110100101 d
#1259
b10110100101001 D
b10110100101001 d
#1260
b11100111011011 D
b11100111011011 d
#1261
b11110000100011 D
b11110000100011 d
#1262
b11111111111111 D
b11111111111111 d
#1265
b11111111100111 D
b11111111100111 d
#1266
b11011100110011 D
b11011100110011 d
#1267
b11100000111000 D
b11100000111000 d
#1268
b10011100001010 D
b10011100001010 d
#1269
b1111111000111 D
b1111111000111 d
#1270
b1001100101100 D
b1001000101100 d
#1271
b1001011010 D
b1001011010 d
#1272
b1001010000 D
b10 d
#1273
b0 D
b0 d
#1276
b111001010111 D
b111001010111 d
#1277
b1111111011111 d
#1278
b1011111001101 D
b11011111001101 d
#1279
b10010001001001 D
b11011001001001 d
#1280
b11001000100011 D
b11001001100011 d
#1281
b11010111011011 D
b11010111011011 d
#1282
b11111011111111 D
b11111011111111 d
#1283
b11111111111111 D
b11111111111111 d
#1286
b11110110011110 D
b11110110011110 d
#1287
b11101110100100 D
b11101110100100 d
#1288
b10111101100000 D
b10111101100000 d
#1289
b10100100000101 D
b10100100000101 d
#1290
b1010001110010 D
b1010001110010 d
#1291
b10110101101 D
b10110101101 d
#1292
b0 D
b0 d
#1296
b101100111010 D
b101100111010 d
#1297
b1101000000010 D
b1101000000010 d
#1298
b10001100011000 D
b10001100011000 d
#1299
b10111000110001 D
b10111000110001 d
#1300
b11101010011011 D
b11101010011011 d
#1301
b11110011100110 D
b11110011100110 d
#1302
b11111111111111 D
b11111111111111 d
#1305
b11111101010111 D
b11111101010111 d
#1306
b11011101001110 D
b11011001001110 d
#1307
b11011100110011 D
b11001100110011 d
#1308
b11011111110101 D
b10010111100111 d
#1309
b11010111101111 D
b1111100101111 d
#1310
b1111001101111 D
b1111001101111 d
#1311
b1000001111011 D
b1000001111011 d
#1312
b110011 D
b110011 d
#1313
b0 D
b0 d
#1316
b110011000000 d
#1317
b111111100111 D
b111111100111 d
#1318
b1110101010000 D
b1110101010000 d
#1319
b10010111000110 D
b10010111000110 d
#1320
b11001101001110 D
b11001101001110 d
#1321
b11011010001011 D
b11011010001011 d
#1322
b11111110000010 D
b11111110000010 d
#1323
b11111111111111 D
b11111111111111 d
#1326
b11110011101011 D
b11110011101011 d
#1327
b11101010001111 D
b11101010001111 d
#1328
b10111001010100 D
b10111001010100 d
#1329
b10001110011110 D
b10001110011110 d
#1330
b1101011001000 D
b1101011001000 d
#1331
b101110011101 D
b101110011101 d
#1332
b0 D
b0 d
#1336
b10101010011 D
b10101010011 d
#1337
b1101110100011 D
b1101110100011 d
#1338
b10100010011010 D
b10100010011010 d
#1339
b10111101010101 D
b10111101010101 d
#1340
b11101101111110 D
b11101101111110 d
#1341
b11110110010001 D
b11110110010001 d
#1342
b11111111111111 D
b11111111111111 d
#1345
b11111111111110 D
b11111100111111 d
#1346
b11111110111110 D
b11111110111110 d
#1347
b11011111111010 D
b11011111111010 d
#1348
b11001001011010 D
b11011011011010 d
#1349
b10010010111001 D
b11110010111001 d
#1350
b1110010111010 D
b1111010111010 d
#1351
b111010011011 D
b111010011011 d
#1352
b0 D
b0 d
#1356
b1000001010 D
b1000001010 d
#1357
b1000111000100 D
b1000111000100 d
#1358
b1111011101001 D
b1111011101001 d
#1359
b10011100011110 D
b10011100011110 d
#1360
b11100000011101 D
b11100000011101 d
#1361
b11011100101000 D
b11011100101000 d
#1362
b11111111111111 D
b11111111111111 d
#1366
b11110001100100 D
b11110001100100 d
#1367
b11100111100010 D
b11100111100010 d
#1368
b10110100000010 D
b10110100000010 d
#1369
b10001001101010 D
b10001001101010 d
#1370
b1100011011000 D
b1100011011000 d
#1371
b100110100100 D
b100110100100 d
#1372
b0 D
b0 d
#1376
b11100011101 D
b11100011101 d
#1377
b1010100110001 D
b1010100110001 d
#1378
b10111100111000 D
b10101000111000 d
#1379
b11101001110011 D
b11000001110011 d
#1380
b11010001111010 D
b11010001101011 d
#1381
b11111001111010 D
b11111000111010 d
#1382
b11111111111111 D
b11111111111111 d
#1386
b11110111111110 D
b11110111111100 d
#1387
b11010100000111 D
b11010101000111 d
#1388
b11000101111001 D
b11000101111001 d
#1389
b10101101001010 D
b10101101001010 d
#1390
b1011100011010 D
b1011100011010 d
#1391
b110011110001 D
b110011110001 d
#1392
b0 D
b0 d
#1396
b1111000011 D
b1111000011 d
#1397
b1001100111000 D
b1001100111000 d
#1398
b10000001111100 D
b10000001111100 d
#1399
b10110001001110 D
b10110001001110 d
#1400
b11100100100111 D
b11100100100111 d
#1401
b11011111010100 D
b11011111010100 d
#1402
b11111111111111 D
b11111111111111 d
#1406
b11011110110001 D
b11011110110001 d
#1407
b11100100010001 D
b11100100010001 d
#1408
b10110000000000 D
b10110000000000 d
#1409
b10000011000001 D
b10000011000001 d
#1410
b1001101100101 D
b1001101100101 d
#1411
b1111010000 D
b1111010000 d
#1412
b0 D
b0 d
#1416
b110100000010 D
b110100000010 d
#1417
b1111110100110 D
b1011110100110 d
#1418
b1011010100100 D
b11111011101100 d
#1419
b11101101111011 D
b11101101111001 d
#1420
b11010101111110 D
b11010101111110 d
#1421
b11010100111110 D
b11111110111110 d
#1422
b11111010100000 D
b11111111101100 d
#1423
b11111111111111 D
b11111111111111 d
#1426
b11110111110100 D
b11110111110100 d
#1427
b11010000011011 D
b11010000011011 d
#1428
b11000000000111 D
b11000000000111 d
#1429
b10100111110100 D
b10100111110100 d
#1430
b1010110010011 D
b1010110010011 d
#1431
b11011010100 D
b11011010100 d
#1432
b0 D
b0 d
#1436
b100111101101 D
b100111101101 d
#1437
b1100011100011 D
b1100011100011 d
#1438
b10001000010010 D
b10001000010010 d
#1439
b10110101101010 D
b10110101101010 d
#1440
b11101000001000 D
b11101000001000 d
#1441
b11110010011101 D
b11110010011101 d
#1442
b11111111111111 D
b11111111111111 d
#1445
b11111111010001 D
b11111111010001 d
#1446
b11011011100111 D
b11011011100111 d
#1447
b11001111111110 D
b11001111111110 d
#1448
b10011011010111 D
b10011011010111 d
#1449
b1111101001100 D
b1111101001100 d
#1450
b1111110010111 D
b1000110010111 d
#1451
b110011001 D
b110001011 d
#1452
b110001001 D
b1 d
#1453
b0 D
b0 d
#1455
b110111010 D
b110111010 d
#1456
b111111111010 d
#1457
b111011100100 D
b1111011101100 d
#1458
b1110001011110 D
b1110001011110 d
#1459
b10010011100111 D
b10010011100111 d
#1460
b11001010001011 D
b11001010001011 d
#1461
b11010111110010 D
b11010111110010 d
#1462
b11111101010000 D
b11111101010000 d
#1463
b11111111111111 D
b11111111111111 d
#1466
b11110101001110 D
b11110101001110 d
#1467
b11101101010110 D
b11101101010110 d
#1468
b10111011111010 D
b10111011111010 d
#1469
b10100001110111 D
b10100001110111 d
#1470
b1101111000001 D
b1101111000001 d
#1471
b10011011111 D
b10011011111 d
#1472
b0 D
b0 d
#1476
b101111111110 D
b101111111110 d
#1477
b1101010000011 D
b1101010000011 d
#1478
b10001110101100 D
b10001110101100 d
#1479
b10111011001011 D
b10111011001011 d
#1480
b11101100011010 D
b11101100011010 d
#1481
b11110100101000 D
b11110100101000 d
#1482
b11111111111111 D
b11111111111111 d
#1485
b11111100011101 D
b11111100011101 d
#1486
b11111100010101 D
b11011000010101 d
#1487
b11011011111000 D
b11001011101001 d
#1488
b11011011101011 D
b10011101101011 d
#1489
b11110111100111 D
b1110110100111 d
#1490
b1111111101110 D
b1111111101110 d
#1491
b111111001000 D
b111111001000 d
#1492
b0 D
b0 d
#1495
b1001000000 d
#1496
b1001100001 D
b1001100001 d
#1497
b1000010101100 D
b1000010101100 d
#1498
b1110111100110 D
b1110111100110 d
#1499
b10011001000110 D
b10011001000110 d
#1500
b11001110101001 D
b11001110101001 d
#1501
b11011011010100 D
b11011011010100 d
#1502
b11111110101101 D
b11111110101101 d
#1503
b11111111111111 D
b11111111111111 d
#1506
b11110011101010 D
b11110011101010 d
#1507
b11101010001110 D
b11101010001110 d
#1508
b10110111100110 D
b10110111100110 d
#1509
b10001100001111 D
b10001100001111 d
#1510
b1101000100011 D
b1101000100011 d
#1511
b101100011010 D
b101100011010 d
#1512
b0 D
b0 d
#1516
b11000011111 D
b11000011111 d
#1517
b1010001001100 D
b1010001001100 d
#1518
b10100010110111 D
b10100010110111 d
#1519
b10111110101101 D
b10111110101101 d
#1520
b11010100111000 D
b11010000111000 d
#1521
b11110111101111 D
b11110111101111 d
#1522
b11111111111111 D
b11111111111111 d
#1525
b11111110111111 d
#1526
b11111110101111 D
b11111110101111 d
#1527
b11010110001110 D
b11011110001110 d
#1528
b11001000011101 D
b11011000011101 d
#1529
b10010000010101 D
b10110000010101 d
#1530
b1110000100011 D
b1110011100011 d
#1531
b110111101100 D
b110111101100 d
#1532
b0 D
b0 d
#1536
b1011101001 D
b1011101001 d
#1537
b1001001011001 D
b1001001011001 d
#1538
b1111110000100 D
b1111110000100 d
#1539
b10011110100010 D
b10011110100010 d
#1540
b11100001111010 D
b11100001111010 d
#1541
b11011101101100 D
b11011101101100 d
#1542
b11111111111111 D
b11111111111111 d
#1546
b11110000011000 D
b11110000011000 d
#1547
b11100101101111 D
b11100101101111 d
#1548
b10110010011011 D
b10110010011011 d
#1549
b10000111001001 D
b10000111001001 d
#1550
b1100010000101 D
b1100010000101 d
#1551
b100100000101 D
b100100000101 d
#1552
b0 D
b0 d
#1556
b11111111011 D
b11111111011 d
#1557
b1011110001110 D
b1010110001110 d
#1558
b10111110001101 D
b10101010001111 d
#1559
b11101011101111 D
b11000011101111 d
#1560
b11010011111110 D
b11010011111110 d
#1561
b11111011011101 D
b11111011111101 d
#1562
b11111111111111 D
b11111111111111 d
#1566
b11111001011111 D
b11111011011111 d
#1567
b11010010000111 D
b11010011000111 d
#1568
b11000011001001 D
b11000011001001 d
#1569
b10101011011011 D
b10101011011011 d
#1570
b1011010000110 D
b1011010000110 d
#1571
b11111111110 D
b11111111110 d
#1572
b0 D
b0 d
#1576
b100010010001 D
b100010010001 d
#1577
b1001111111000 D
b1001111111000 d
#1578
b10000100010001 D
b10000100010001 d
#1579
b10110010101001 D
b10110010101001 d
#1580
b11100110001100 D
b11100110001100 d
#1581
b11011111110110 D
b11011111110110 d
#1582
b11111111111111 D
b11111111111111 d
#1586
b11011101011011 D
b11011101011011 d
#1587
b11100010001111 D
b11100010001111 d
#1588
b10011101111001 D
b10011101111001 d
#1589
b10000001000000 D
b10000001000000 d
#1590
b1001010010101 D
b1001010010101 d
#1591
b1011011001 D
b1011011001 d
#1592
b0 D
b0 d
#1596
b110110101000 D
b110110101000 d
#1597
b1111110101010 D
b1111110101010 d
#1598
b1011100111010 D
b11011100111010 d
#1599
b10010001011100 D
b10010011011100 d
#1600
b11000111101101 D
b11010111101101 d
#1601
b11010110001010 D
b11111111001100 d
#1602
b11111011001111 D
b11111111001111 d
#1603
b11111111111111 D
b11111111111111 d
#1606
b11110110100111 D
b11110110100111 d
#1607
b11101111011101 D
b11101111011101 d
#1608
b10111111000100 D
b10111111000100 d
#1609
b10100110010010 D
b10100110010010 d
#1610
b1010011011110 D
b1010011011110 d
#1611
b11000100101 D
b11000100101 d
#1612
b0 D
b0 d
#1616
b101010100010 D
b101010100010 d
#1617
b1100101101111 D
b1100101101111 d
#1618
b10001010101100 D
b10001010101100 d
#1619
b10110111111110 D
b10110111111110 d
#1620
b11101001101100 D
b11101001101100 d
#1621
b11110011100000 D
b11110011100000 d
#1622
b11111111111111 D
b11111111111111 d
#1625
b11111110100010 D
b11111110100010 d
#1626
b11011010110010 D
b11011010110010 d
#1627
b11001110011000 D
b11001110011000 d
#1628
b10011100101010 D
b10011000101010 d
#1629
b1111010011110 D
b1111010011110 d
#1630
b1111010111111 D
b1000100100111 d
#1631
b1000111110111 D
b111110111 d
#1632
b11110010 D
b10110010 d
#1633
b0 D
b0 d
#1635
b11101101 D
b11101100 d
#1636
b111111101101 d
#1637
b111110001001 D
b1111111001001 d
#1638
b1110011101011 D
b1110011101011 d
#1639
b10010101001001 D
b10010101001001 d
#1640
b11001011010010 D
b11001011010010 d
#1641
b11011001001111 D
b11011001001111 d
#1642
b11111101110000 D
b11111101110000 d
#1643
b11111111111111 D
b11111111111111 d
#1646
b11110100111000 D
b11110100111000 d
#1647
b11101100001000 D
b11101100001000 d
#1648
b10111010101110 D
b10111010101110 d
#1649
b10100000010000 D
b10100000010000 d
#1650
b1101101001011 D
b1101101001011 d
#1651
b10001001001 D
b10001001001 d
#1652
b0 D
b0 d
#1656
b10011011011 D
b10011011011 d
#1657
b1101100011100 D
b1101100011100 d
#1658
b10100000001101 D
b10100000001101 d
#1659
b10111100001011 D
b10111100001011 d
#1660
b11101101001101 D
b11101101001101 d
#1661
b11110101100101 D
b11110101100101 d
#1662
b11111111111111 D
b11111111111111 d
#1665
b11111100101101 D
b11111100101101 d
#1666
b11111100110001 D
b11011000010001 d
#1667
b11011010111111 D
b11001010111111 d
#1668
b11011011111110 D
b10011011111110 d
#1669
b10010011101000 D
b11110111101000 d
#1670
b1111101110111 D
b1111101110101 d
#1671
b111101010011 D
b111101010011 d
#1672
b0 D
b0 d
#1676
b110110101 D
b110110101 d
#1677
b1000100101111 D
b1000100101111 d
#1678
b1111001100101 D
b1111001100101 d
#1679
b10011011001011 D
b10011011001011 d
#1680
b11001111000010 D
b11001111000010 d
#1681
b11011011110111 D
b11011011110111 d
#1682
b11111111111111 D
b11111111111111 d
#1686
b11110010101000 D
b11110010101000 d
#1687
b11101000011101 D
b11101000011101 d
#1688
b10110101101000 D
b10110101101000 d
#1689
b10001010111000 D
b10001010111000 d
#1690
b1100110011101 D
b1100110011101 d
#1691
b101000110010 D
b101000110010 d
#1692
b0 D
b0 d
#1696
b11011000011 D
b11011000011 d
#1697
b1010010100010 D
b1010010100010 d
#1698
b10100110100101 D
b10100110100101 d
#1699
b11000100110011 D
b11000000110011 d
#1700
b11010000111110 D
b11010000111110 d
#1701
b11110111111111 D
b11110111111111 d
#1702
b11111111111111 D
b11111111111111 d
#1706
b11111110011011 D
b11111110011011 d
#1707
b11010110011110 D
b11010110011110 d
#1708
b11000110001101 D
b11101110101101 d
#1709
b10101110101000 D
b10101110101000 d
#1710
b1011110011000 D
b1011110011000 d
#1711
b110100101000 D
b110100101000 d
#1712
b0 D
b0 d
#1716
b1100011110 D
b1100011110 d
#1717
b1001011101001 D
b1001011101001 d
#1718
b10000000000001 D
b10000000000001 d
#1719
b10011111001011 D
b10011111001011 d
#1720
b11100011110101 D
b11100011110101 d
#1721
b11011110101111 D
b11011110101111 d
#1722
b11111111111111 D
b11111111111111 d
#1726
b11011111101011 D
b11011111101011 d
#1727
b11100101010001 D
b11100101010001 d
#1728
b10110001100010 D
b10110001100010 d
#1729
b10000100101010 D
b10000100101010 d
#1730
b1001111101100 D
b1001111101100 d
#1731
b100001100111 D
b100001100111 d
#1732
b0 D
b0 d
#1736
b110010000001 D
b110010000001 d
#1737
b1111010101000 D
b1011000101001 d
#1738
b11111011101101 D
b10101011100101 d
#1739
b11101011101101 D
b11001110111101 d
#1740
b11010100011101 D
b11010100011101 d
#1741
b11111101111111 D
b11111101111111 d
#1742
b11111111111111 D
b11111111111111 d
#1746
b11111001000100 D
b11111001000100 d
#1747
b11010001110110 D
b11010001110110 d
#1748
b11000010000111 D
b11000010000111 d
#1749
b10101000110101 D
b10101000110101 d
#1750
b1010111111000 D
b1010111111000 d
#1751
b11110010011 D
b11110010011 d
#1752
b0 D
b0 d
#1756
b100100110101 D
b100100110101 d
#1757
b1100001001111 D
b1100001001111 d
#1758
b10000110011110 D
b10000110011110 d
#1759
b10110100011101 D
b10110100011101 d
#1760
b11100111010111 D
b11100111010111 d
#1761
b11110000111111 D
b11110000111111 d
#1762
b11111111111111 D
b11111111111111 d
#1765
b11111111101101 D
b11111111101101 d
#1766
b11011101000010 D
b11011101000010 d
#1767
b11100001011111 D
b11100001011111 d
#1768
b10011100011010 D
b10011100011010 d
#1769
b1111110110101 D
b1111110110101 d
#1770
b1001000100000 D
b1001000100000 d
#1771
b1001011111 D
b1001011111 d
#1772
b1000000000 D
b11 d
#1773
b0 D
b0 d
#1776
b111001011110 D
b111001011110 d
#1777
b1111101011110 d
#1778
b1011110111110 D
b1011110111110 d
#1779
b10010001011110 D
b10010001011110 d
#1780
b11001000100011 D
b11001000100011 d
#1781
b11010111001000 D
b11010111001000 d
#1782
b11111011110110 D
b11111011110110 d
#1783
b11111111111111 D
b11111111111111 d
#1786
b11111000000110 D
b11111000000110 d
#1787
b11101110101100 D
b11101110101100 d
#1788
b10111100110101 D
b10111100110101 d
#1789
b10100011011000 D
b10100011011000 d
#1790
b1010001100110 D
b1010001100110 d
#1791
b10110100100 D
b10110100100 d
#1792
b0 D
b0 d
#1796
b101110000011 D
b101110000011 d
#1797
b1101000000000 D
b1101000000000 d
#1798
b10001100001110 D
b10001100001110 d
#1799
b10111000101111 D
b10111000101111 d
#1800
b11101010101111 D
b11101010101111 d
#1801
b11110101000001 D
b11110101000001 d
#1802
b11111111111111 D
b11111111111111 d
#1805
b11111110000100 D
b11111110000100 d
#1806
b11011010010101 D
b11011010010101 d
#1807
b11001101010011 D
b11001101010011 d
#1808
b10011110111000 D
b10010110111011 d
#1809
b11111110111111 D
b1111000010111 d
#1810
b1111001010111 D
b1000001010111 d
#1811
b1000001011011 D
b1011011 d
#1812
b1001011 D
b1001011 d
#1813
b0 D
b0 d
#1816
b111111001000 d
#1817
b111111111111 D
b111111111111 d
#1818
b1110101110000 D
b1110101110000 d
#1819
b10010110111100 D
b10010110111100 d
#1820
b11001100101111 D
b11001100101111 d
#1821
b11011010011011 D
b11011010011011 d
#1822
b11111110100000 D
b11111110100000 d
#1823
b11111111111111 D
b11111111111111 d
#1826
b11110011111011 D
b11110011111011 d
#1827
b11101010100111 D
b11101010100111 d
#1828
b10111000101111 D
b10111000101111 d
#1829
b10001110101010 D
b10001110101010 d
#1830
b1101011100101 D
b1101011100101 d
#1831
b101110010001 D
b101110010001 d
#1832
b0 D
b0 d
#1836
b10100111111 D
b10100111111 d
#1837
b1101110010011 D
b1101110010011 d
#1838
b10100001111110 D
b10100001111110 d
#1839
b10111101110100 D
b10111101110100 d
#1840
b11101110011011 D
b11101110011011 d
#1841
b11110101111110 D
b11110101111110 d
#1842
b11111111111111 D
b11111111111111 d
#1845
b11111111111000 D
b11111011111000 d
#1846
b11111111111100 D
b11010110110100 d
#1847
b11011110111110 D
b11011111111110 d
#1848
b11001001001110 D
b11011011101110 d
#1849
b10010010111111 D
b11110010111111 d
#1850
b1111010111101 D
b1111010111101 d
#1851
b111010110101 D
b111010110101 d
#1852
b0 D
b0 d
#1856
b111010111 D
b111010111 d
#1857
b1000110111001 D
b1000110111001 d
#1858
b1111011101100 D
b1111011101100 d
#1859
b10011100000000 D
b10011100000000 d
#1860
b11100000100100 D
b11100000100100 d
#1861
b11011100101111 D
b11011100101111 d
#1862
b11111111111111 D
b11111111111111 d
#1866
b11110001001100 D
b11110001001100 d
#1867
b11101000000111 D
b11101000000111 d
#1868
b10110100100001 D
b10110100100001 d
#1869
b10001000011001 D
b10001000011001 d
#1870
b1100100000110 D
b1100100000110 d
#1871
b100111000000 D
b100111000000 d
#1872
b0 D
b0 d
#1876
b11100110001 D
b11100110001 d
#1877
b1010100000111 D
b1010100000111 d
#1878
b10101100001010 D
b10101000001010 d
#1879
b11101001011011 D
b11000001011011 d
#1880
b11010001011010 D
b11010001011010 d
#1881
b11111001111011 D
b11111000101011 d
#1882
b11111111111111 D
b11111111111111 d
#1886
b11111001110110 D
b11111101110110 d
#1887
b11010101100111 D
b11010101100111 d
#1888
b11000101100011 D
b11101101100111 d
#1889
b10101100110111 D
b10101100110111 d
#1890
b1011100001110 D
b1011100001110 d
#1891
b110011000000 D
b110011000000 d
#1892
b0 D
b0 d
#1896
b1111010000 D
b1111010000 d
#1897
b1001101001111 D
b1001101001111 d
#1898
b10000001110010 D
b10000001110010 d
#1899
b10110001101101 D
b10110001101101 d
#1900
b11100100100110 D
b11100100100110 d
#1901
b11011110111100 D
b11011110111100 d
#1902
b11111111111111 D
b11111111111111 d
#1906
b11011110110000 D
b11011110110000 d
#1907
b11100011101110 D
b11100011101110 d
#1908
b10011111001011 D
b10011111001011 d
#1909
b10000010101000 D
b10000010101000 d
#1910
b1001101000111 D
b1001101000111 d
#1911
b1110010100 D
b1110010100 d
#1912
b0 D
b0 d
#1916
b110100101110 D
b110100101110 d
#1917
b1111111101111 D
b1011011100111 d
#1918
b1011011110111 D
b10111111110101 d
#1919
b11101101110111 D
b11101101110111 d
#1920
b11010101101110 D
b11010101101110 d
#1921
b11111100101110 D
b11111100101110 d
#1922
b11111111111110 D
b11111111111110 d
#1923
b11111111111111 D
b11111111111111 d
#1926
b11111000000011 D
b11111000000011 d
#1927
b11010000110011 D
b11010000110011 d
#1928
b11000000100011 D
b11000000100011 d
#1929
b10100111011000 D
b10100111011000 d
#1930
b1010110001100 D
b1010110001100 d
#1931
b11011100011 D
b11011100011 d
#1932
b0 D
b0 d
#1936
b100111011010 D
b100111011010 d
#1937
b1100011101111 D
b1100011101111 d
#1938
b10000111111000 D
b10000111111000 d
#1939
b10110101100010 D
b10110101100010 d
#1940
b11101000010011 D
b11101000010011 d
#1941
b11110010001100 D
b11110010001100 d
#1942
b11111111111111 D
b11111111111111 d
#1945
b11111111100100 D
b11111111100100 d
#1946
b11011011110010 D
b11011011110010 d
#1947
b11001111110101 D
b11001111110101 d
#1948
b10011011001000 D
b10011011001000 d
#1949
b1111101000000 D
b1111101000000 d
#1950
b1000110010101 D
b1000110010101 d
#1951
b110110001 D
b110110001 d
#1952
b110010000 D
b1 d
#1953
b0 D
b0 d
#1955
b101000010 D
b101000010 d
#1956
b111111001111 D
b111111001110 d
#1957
b1111011001111 D
b1111011001111 d
#1958
b1110001001111 D
b11110011011111 d
#1959
b10010011010001 D
b11011011011001 d
#1960
b11001010001101 D
b11001010001101 d
#1961
b11011000000010 D
b11011000000010 d
#1962
b11111100101110 D
b11111100101110 d
#1963
b11111111111111 D
b11111111111111 d
#1966
b11110101110110 D
b11110101110110 d
#1967
b11101101011100 D
b11101101011100 d
#1968
b10111100001001 D
b10111100001001 d
#1969
b10100010111100 D
b10100010111100 d
#1970
b1101111010001 D
b1101111010001 d
#1971
b10011101010 D
b10011101010 d
#1972
b0 D
b0 d
#1976
b10000110101 D
b10000110101 d
#1977
b1101010010100 D
b1101010010100 d
#1978
b10001110100000 D
b10001110100000 d
#1979
b10111010110110 D
b10111010110110 d
#1980
b11101011110010 D
b11101011110010 d
#1981
b11110100101011 D
b11110100101011 d
#1982
b11111111111111 D
b11111111111111 d
#1985
b11111100111111 D
b11111100111111 d
#1986
b11011100011101 D
b11011000011101 d
#1987
b11011011110111 D
b11001011110111 d
#1988
b11011111111100 D
b10010101111111 d
#1989
b11110111111100 D
b1110110111100 d
#1990
b1111111011111 D
b111111011111 d
#1991
b111111000011 D
b111111000011 d
#1992
b0 D
b0 d
#1995
b1000 D
b1000001000 d
#1996
b1000001000 D
b1001001001000 d
#1997
b1000001101100 D
b1000001101100 d
#1998
b1110111001011 D
b1110111001011 d
#1999
b10011001110000 D
b10011001110000 d
#2000
b11001110001000 D
b11001110001000 d
#2001
b11011010010110 D
b11011010010110 d
#2002
b11111111000001 D
b11111111000001 d
#2003
b11111111111111 D
b11111111111111 d
#2006
b11110010110101 D
b11110010110101 d
#2007
b11101001100101 D
b11101001100101 d
#2008
b10110111110010 D
b10110111110010 d
#2009
b10001101001111 D
b10001101001111 d
#2010
b1101000110110 D
b1101000110110 d
#2011
b101100001110 D
b101100001110 d
#2012
b0 D
b0 d
#2016
b11000000100 D
b11000000100 d
#2017
b1010000011010 D
b1010000011010 d
#2018
b10100100001101 D
b10100100001101 d
#2019
b10111111001011 D
b10111111001011 d
#2020
b11101111001000 D
b11101111001000 d
#2021
b11110111000010 D
b11110111000010 d
#2022
b11111111111111 D
b11111111111111 d
#2025
b11111111101111 D
b11111011000111 d
#2026
b11111111000111 D
b11111110000111 d
#2027
b11010111110111 D
b11010111110111 d
#2028
b11000111110111 D
b11010111111111 d
#2029
b11110000001110 D
b11110000001110 d
#2030
b1110001111110 D
b1110111111110 d
#2031
b110111110111 D
b110111110111 d
#2032
b0 D
b0 d
#2036
b1011010100 D
b1011010100 d
#2037
b1001001000011 D
b1001001000011 d
#2038
b1111110001001 D
b1111110001001 d
#2039
b10011110000111 D
b10011110000111 d
#2040
b11100001011001 D
b11100001011001 d
#2041
b11011101101010 D
b11011101101010 d
#2042
b11111111111111 D
b11111111111111 d
#2046
b11110001000001 D
b11110001000001 d
#2047
b11100110101101 D
b11100110101101 d
#2048
b10110011000001 D
b10110011000001 d
b111011101110011100111010010110 #"
1d"
1e"
#2049
b10000111000111 D
b10000111000111 d
b1001010001101111010000111111000100110001000100100101010100001011 #"
#2050
b1100001111011 D
b1100001111011 d
b1000100110010110110110110100010010010100101111111000100010010 #"
#2051
b100100011101 D
b100100011101 d
b1001001110000110000111000001110011111110100101011011100100111100 #"
#2052
b0 D
b0 d
b101101101111101010000000000111001100111111001000100000101101 #"
#2053
b1011111100100001101111010001110111001101101001011110111110011101 #"
#2054
b1011011000000100001011101101011111010110111001110101100011101011 #"
#2055
b1001000110011011010001011011001101010000101100111010100011001111 #"
#2056
b11110010111 D
b11110010111 d
b1111010111010100101111100010101001101000001010010001001111100111 #"
#2057
b1010101101110 D
b1010101101110 d
b1100101101001101110110010010101011100110000100010000100110100 #"
#2058
b10111101111101 D
b10101001111111 d
b101110001010111111100000001111001010100111000010010100100001000 #"
#2059
b11101011001101 D
b11000010001101 d
b110100010000001011100010011010011001010101011111000100001001010 #"
#2060
b11010011001001 D
b11010011001001 d
b10101101011110100010001011100111110100001001100001111011111100 #"
#2061
b11111011011011 D
b11111001011011 d
b1111101001000001110000001011010110011110110011111100100100110100 #"
#2062
b11111111111111 D
b11111111111111 d
b1110010000010100001010110101011111110100110111111101010001101110 #"
#2063
b1010101101101000100111000110000000000001010101011101111110110110 #"
#2064
b1111101000101111001101001100011001000011001100001011011101000110 #"
#2065
b1111000011010110000000000110100100110111011001110001011100010000 #"
#2066
b11111000110111 D
b11111010111111 d
b100000010101111000010000111010100111010011110011111111100011110 #"
#2067
b11010010001100 D
b11010011001100 d
b10101111100110000110100000110100011011010011011111010011111001 #"
#2068
b11000011110011 D
b11000011110011 d
b11101000101101011010100001100111100010011011110000111101011111 #"
#2069
b10101011010000 D
b10101011010000 d
b10101110001010110100111101011111000111000100110001011011101 #"
#2070
b1011010011110 D
b1011010011110 d
b1100101001110000010011011010011011101000000110000001101111010 #"
#2071
b11111111111 D
b11111111111 d
b1111001110101101010000010101000100001001011110011110111101100110 #"
#2072
b0 D
b0 d
b100001001101111110110011001000010010111000110111111000101111 #"
#2073
b1111110010010100010010111000101111110101010110111010101011100110 #"
#2074
b10000010111101101010000010100001011011101101111000111110110 #"
#2075
b10001001100001011001101010100000000101111000111110001110100000 #"
#2076
b100010011010 D
b100010011010 d
b1110100011010100011011100111100100001110010110000100010100011011 #"
#2077
b1001111111010 D
b1001111111010 d
b1000001000000001011010111101000010001001110011111001101001111 #"
#2078
b10000011100000 D
b10000011100000 d
b11010000010100111110111001001100110100010001110100111000110000 #"
#2079
b10110010101000 D
b10110010101000 d
b10100101110001111011100110111101101001110000110111111001111 #"
#2080
b11100101110101 D
b11100101110101 d
b111000110110101010010011111100000100110100001111110001000010011 #"
#2081
b11110000001100 D
b11110000001100 d
b1110101100100011010100011001110110001010000110101000011110011110 #"
#2082
b11111111111111 D
b11111111111111 d
b11000011100010000110111001110000010101110101010000010001001000 #"
#2083
b1101001101011101010001101111100010100100011000000010110011110010 #"
#2084
b1100000000011101011000001000101100001110000010101001100110101000 #"
#2085
b1111000010001000100001001000111001010011101000101011001001000101 #"
#2086
b11011101011001 D
b11011101011001 d
b111011011011111000110100011011101110010110111010110111100101 #"
#2087
b11100010001010 D
b11100010001010 d
b11100001000100011010010111110011000010011111010111110011110101 #"
#2088
b10011110010101 D
b10011110010101 d
b111001010101111010001000101110010000100111001100101000100101010 #"
#2089
b10000000110001 D
b10000000110001 d
b100101011110000001001100100011100100010011110101100110101000110 #"
#2090
b1001011001000 D
b1001011001000 d
b11000011000001100110001010111101010000000110110001000000111100 #"
#2091
b1011111101 D
b1011111101 d
b1011100100111010010011101010000110111010110101110011011011001100 #"
#2092
b0 D
b0 d
b1111111100110001000111001100011011110110101000111000001110000100 #"
#2093
b1001111111010010100100001001110111011100010011000000010110101 #"
#2094
b1010110010111101001110010010001000100010110010000001001001101000 #"
#2095
b1011010110010000110010011101100000101110000111000110100100111101 #"
#2096
b110111010100 D
b110111010100 d
b1110001100100111100011010101110011011000010101010000001100110110 #"
#2097
b1111111110111 D
b1011110110111 d
b1100111111101000000001100010111000110100001110110001001111110011 #"
#2098
b1011111110111 D
b11111111110111 d
b1111010100001011100100010110101110101000000100111110010011011011 #"
#2099
b11101111110110 D
b11101111110110 d
b101001110001110110100110110100110001011100011010011111101101101 #"
#2100
b11010111111110 D
b11010111111110 d
b100000000001001111000000000010100001100110101010100001110000100 #"
#2101
b11010101111110 D
b11111111111110 d
b101000010100010110011110000101101011100010100000101111100111111 #"
#2102
b11111010111110 D
b1011001101000101110011110010010010011000001110001010111011011 #"
#2103
b11111111111111 D
b11111111111111 d
b101000111010000010101010111100101101111101011001010101110101010 #"
#2104
b1011000100001011110011100101001111101011110000101010111110100100 #"
#2105
b11111011110001001010111010111110100000000000010100101011011110 #"
#2106
b11110111001010 D
b11110111001010 d
b110000010111100000100100001101011011000000101001100010000111011 #"
#2107
b11010000000001 D
b11010000000001 d
b100011001001010001111101001010110000001001001010100111010111101 #"
#2108
b10111111100111 D
b10111111100111 d
b1000100001011100100000001100110010100101011001011110110101100000 #"
#2109
b10100110011000 D
b10100110011000 d
b100111001110000110001101001011001011001010111000111101010110 #"
#2110
b1010100000010 D
b1010100000010 d
b100111010111000100010111001100000011001010010000010110000101001 #"
#2111
b11001000001 D
b11001000001 d
b1101001010010111100000100111001000111000011011001100101011111 #"
#2112
b0 D
b0 d
b101110011001100100111010010100110011101011101111111011111000 #"
#2113
b10111111101001000101000001010100000110111001000110010110010110 #"
#2114
b111000010100010110011001110011100001001101100010110100000010000 #"
#2115
b1110100110111010011010000011010101111000111000000100001001110000 #"
#2116
b101010001000 D
b101010001000 d
b10001101000011000001001011001011101111100001011000101000011001 #"
#2117
b1100101100000 D
b1100101100000 d
b1011110100001110101001101101000110101011000110100111101000111000 #"
#2118
b10001010101101 D
b10001010101101 d
b1101110001001111010001011101111011111100110110111111111011001001 #"
#2119
b10110111111001 D
b10110111111001 d
b1100011100000110011110111101111100011110101000001001011111110111 #"
#2120
b11101001010100 D
b11101001010100 d
b1101000000111010011011011111101010110010101111100111000111 #"
#2121
b11110010100111 D
b11110010100111 d
b1111101100111100101110010011100100110100011010110001010011101111 #"
#2122
b11111111111111 D
b11111111111111 d
b10000011101111101101011010111011010000101000001111010001001111 #"
#2123
b1111010110001100100110000010000100000010111001000111011000011100 #"
#2124
b1001010111000011000000011101100010101011111110101010100 #"
#2125
b11111110100110 D
b11111110100110 d
b101100001000101110111100110011101000101001110100101011010001 #"
#2126
b11011010011111 D
b11011010011111 d
b1110001101001111000011111000010111111101000101111011000110010111 #"
#2127
b11001110110001 D
b11001110110001 d
b1011010100000100010010111111111111000101001100100010101010101110 #"
#2128
b10011001000111 D
b10011001000111 d
b1110011110011000100001011001101011011111111110100010001100011101 #"
#2129
b1111010110101 D
b1111010110101 d
b1110100101000001101000110000110111101000100000111111001011000000 #"
#2130
b1111110110010 D
b1000100110011 d
b1101010111100110110110111110010011100000110000011001111010001110 #"
#2131
b1000111111111 D
b11101111 d
b1011011010101010011000000100000000010110001000010000000110010001 #"
#2132
b11101111 D
b100111 d
b1111101000011100000111111100111100011011111010111000000101111110 #"
#2133
b0 D
b0 d
b1111001100111110111100100110110100101000011001100001011011110101 #"
#2134
b11111000000110111100000001000100100101000111110110111010101000 #"
#2135
b110000111 D
b110000111 d
b1100010011101010000101110010011010101110010110100110101100110 #"
#2136
b111111100111 D
b111111100111 d
b10101001111101101001010111011011000100000001111101010010011000 #"
#2137
b111101110110 D
b1111111110110 d
b1110000000111101011101110100011010100110010110101111000001011011 #"
#2138
b1110010110110 D
b1110010110110 d
b1010101101000100011110110000110111011100000010110100001110000100 #"
#2139
b10010101111100 D
b10010101111100 d
b1010000001101111101001101000010111100110011010001000010001100001 #"
#2140
b11001011001111 D
b11001011001111 d
b1010010001101000010010111000101001011000110000101011000100010001 #"
#2141
b11011001000010 D
b11011001000010 d
b10100111110001110100010101001000000011110010010000000011 #"
#2142
b11111101100101 D
b11111101100101 d
b1010011101001101000110101110101010011100110110011100100101011 #"
#2143
b11111111111111 D
b11111111111111 d
b111000110111010111101111011111100010011011001011110100101111011 #"
#2144
b11001001111010101011011101011110100011110011010001110011110000 #"
#2145
b110010100001110101100001001111001100110001011101000001111100 #"
#2146
b11110100111100 D
b11110100111100 d
b1101110010101010100001101001001101110011000111000110110000100000 #"
#2147
b11101100011110 D
b11101100011110 d
b10111110010001110000100000011110100001110000001011000000111 #"
#2148
b10111010101101 D
b10111010101101 d
b100010000000101001010111011101000110010011001000011001110001101 #"
#2149
b10100000110101 D
b10100000110101 d
b1000111010100000001101000001101100000001000011010110101111101 #"
#2150
b1101101010111 D
b1101101010111 d
b1011010001001001110011111110011010000001101001001001011110111110 #"
#2151
b10001010000 D
b10001010000 d
b1110101111100110011000101110010000111000101100111011010000111100 #"
#2152
b0 D
b0 d
b111111101100101111111110101111011001100110011100100000010000011 #"
#2153
b10111010111111011010101110001011100000001111100001111010111101 #"
#2154
b1101110110110010100000101000000001100111010001110110110000001011 #"
#2155
b1010000001101100101001001111001011101010110010001011010100111111 #"
#2156
b10010011000 D
b10010011000 d
b1000011011111001010101010011110011110011100100011111101110101011 #"
#2157
b1101011011101 D
b1101011011101 d
b1010000000011101000011100010110001100000011111000110100111110011 #"
#2158
b10001111101110 D
b10001111101110 d
b100010010111001100001101111001110000010010111000011100111101 #"
#2159
b10111011001101 D
b10111011001101 d
b110110001110000011101001000101000101111001101010110101001011 #"
#2160
b11101100110000 D
b11101100110000 d
b111110011111110110000110000110100101110000100000111000011111000 #"
#2161
b11110101101010 D
b11110101101010 d
b10000011111111100011000101001011001101101000111001000010100011 #"
#2162
b11111111111111 D
b11111111111111 d
b1001110100001100110000110010110110101000001100011110010101100 #"
#2163
b101001010110101101111010110111100100100001100011111101111001010 #"
#2164
b1011111000001101000010000010101011011100111001101001110010100101 #"
#2165
b11111100101100 D
b11111100101100 d
b1010001000100110111011111010111101001001000011100111001110001010 #"
#2166
b11111111111100 D
b11010111111100 d
b1110110101011110000100001000010000101100010001100000110001000101 #"
#2167
b11011111111110 D
b11001010100110 d
b10011000100010010101101111001011000101001100001100001110001 #"
#2168
b11011110111110 D
b10011100111110 d
b1111111100010000111100000001100100010101000110111101000000110 #"
#2169
b11110100111111 D
b1110100111111 d
b11101010110100100101010110111000001011101010011100011100011100 #"
#2170
b1111101111111 D
b1111101111111 d
b11010010011100110100111111110000100011000001011010001010 #"
#2171
b111101001111 D
b111101001111 d
b110100101001011111111011010111100110110011000001011001011000 #"
#2172
b0 D
b0 d
b1101101111101011001111110010101100000100001011010111001100101010 #"
#2173
b1110111111111010101100110000011000001000001110010110110100001111 #"
#2174
b100101001010111001000111101011000100010111111111011010010011110 #"
#2175
b1000000000 d
b11000011011000010000001011100100010000110111110001000101011 #"
#2176
b1000110000 D
b1000110000 d
b1111000100010000100101101000010000001100100011110101110100111111 #"
#2177
b1000100001110 D
b1000100001110 d
b1111110011000011001110010101110100100100110101101011001110100011 #"
#2178
b1111001100111 D
b1111001100111 d
b1111100111101100100000000001011100000100011011110001110010010111 #"
#2179
b10011010000000 D
b10011010000000 d
b100101111001111000000000111101000010010111110011110110100001 #"
#2180
b11001110111111 D
b11001110111111 d
b1011011110011100000100011111000001101100010011001111100010100 #"
#2181
b11011010110111 D
b11011010110111 d
b10010001000101110000011110110000100011000001101100101010001010 #"
#2182
b11111111111111 D
b11111111111111 d
b10100101000110010101101101011011100101101000110110110000110001 #"
#2183
b11000000111011001000000000011100011010101011011100010000110 #"
#2184
b1111000100101000111010000001010011100111101101100010111000000010 #"
#2185
b1101000001101011001100100110000011111011001010010011111010111110 #"
#2186
b11110010001001 D
b11110010001001 d
b1011101101000101010011110101011100100110101011111000111110110110 #"
#2187
b11100111100100 D
b11100111100100 d
b110110111011111000100001100101011000010100101010101000110011 #"
#2188
b10110100011110 D
b10110100011110 d
b1111110100011001111101000110001101000111110010111111100100101101 #"
#2189
b10001010111110 D
b10001010111110 d
b1111110010000011110011110011011101000010110010110110010110101010 #"
#2190
b1100111010000 D
b1100111010000 d
b101001001111111111000111111010111101000101101100100000100101000 #"
#2191
b101001011111 D
b101001011111 d
b1001000110111101010111100010010010000110101000000101101111110101 #"
#2192
b0 D
b0 d
b101011110010011110010101010100010011011101000011100110110 #"
#2193
b1011000010101100101011010101110011011101010001001100001101000001 #"
#2194
b1100101001101010111111000110000011110011000100011110011111001001 #"
#2195
b1001000010111100110011011101101001110001100011101011011100001010 #"
#2196
b11010011101 D
b11010011101 d
b11110011010100010010011110100001011001000010000100111110001111 #"
#2197
b1010010010101 D
b1010010010101 d
b1101000111001101110000011000101010100111011100110011010111001 #"
#2198
b10100101111110 D
b10100101111110 d
b1011001101001000001011100100111101001010101101001011111100001100 #"
#2199
b11000000001010 D
b11000000001010 d
b11110110111111110011011001110010000111101110011001110001010111 #"
#2200
b11010001000000 D
b11010001000000 d
b101100000100011011011011100010011100000010110001010100110011111 #"
#2201
b11110111101100 D
b11110111101100 d
b1001110011001100100110000110110001100101001011010001011110010110 #"
#2202
b11111111111111 D
b11111111111111 d
b1110011001111101011001110110111111101111011110111111100100010100 #"
#2203
b110111101110011010111001010001001000101011100111111111110100101 #"
#2204
b110000101001000110011100101101010011001010011111110101111111 #"
#2205
b11111110111111 d
b1100101111011001101110111010101110110101010001101010011010001 #"
#2206
b11111011101011 D
b11111111101010 d
b111100010100110111001101011100100101110010010101101100010000111 #"
#2207
b11010111011011 D
b11010111011011 d
b111100001010011000111110100000111110010001001100111111001100001 #"
#2208
b11000110011011 D
b11101111011011 d
b100011101001100111110000010111110100111110100110010110101010000 #"
#2209
b10101111010000 D
b10101111010000 d
b100110000101000110111000111010011010101000011101111010000100 #"
#2210
b1011110111111 D
b1011110111111 d
b1011111110000010100001001001100010111010101010000000001000100010 #"
#2211
b110101110110 D
b110101110110 d
b1011111101000101100100010110111100000100110111101100001111100110 #"
#2212
b0 D
b0 d
b1011100100100000010001110111111000111101001010100000001000101010 #"
#2213
b1011111100001011011011011111001001100011011100000011100000110 #"
#2214
b100000101110101111111100010001000111100001111111011011100111011 #"
#2215
b101011110110100111110011111000100010000000011110010110100011011 #"
#2216
b1100001100 D
b1100001100 d
b100111000111111010001101101011011001000011000110001011010000001 #"
#2217
b1001011000000 D
b1001011000000 d
b1111111000110101101110011111011000001010000100110011100100111 #"
#2218
b1111111011010 D
b1111111011010 d
b1111001010111101100111110010011010111100001100010011010001010111 #"
#2219
b10011111101101 D
b10011111101101 d
b1101110000011011010100011111100111101000100011111110100111101011 #"
#2220
b11100010111010 D
b11100010111010 d
b1110000010000011011100001100111000000001101101111001001001001000 #"
#2221
b11011110010000 D
b11011110010000 d
b1111000110110011011010000111001000011110000011101100110010111011 #"
#2222
b11111111111111 D
b11111111111111 d
b10001000000111000100110101101100010110111011011111111000100100 #"
#2223
b1011001011110000001110001000100001011011110111000100011110110 #"
#2224
b10011110001011000001111111001011110110001101100101010011100111 #"
#2225
b1011100101000001101001011001111011000010000111011111001110100 #"
#2226
b11011111100001 D
b11011111100001 d
b1001000101100010101011001001000000100100010011001110110000100 #"
#2227
b11100101000010 D
b11100101000010 d
b100101001101011110101011110011010101101001010010110000110110 #"
#2228
b10110001010010 D
b10110001010010 d
b11110010000100100010000101011111110111111001011110101011100 #"
#2229
b10000101000001 D
b10000101000001 d
b1101000111101000010000110001111001111111110101001010001001101 #"
#2230
b1001111110111 D
b1001111110111 d
b1111001111010110110001100011101011101110110111101001110000111011 #"
#2231
b100001000100 D
b100001000100 d
b1111100010100000000111101010111111011100111010010110111001011000 #"
#2232
b0 D
b0 d
b1101110100010001111000001100100111110110001110001110010011010010 #"
#2233
b1110111111111111001111101010010100001110010010101111010000110010 #"
#2234
b100010000011100110100001110000011100001101001101100100100100 #"
#2235
b1111100000001000110100011110000011001011011001100100001001100 #"
#2236
b110010000111 D
b110010000111 d
b11110101001000001011110110100111111101011000000101010001100000 #"
#2237
b1111010011111 D
b1011000011111 d
b11101001001001100110001111101010111001101000011001110001000101 #"
#2238
b10111100010111 D
b10101100010111 d
b110000000001001110100000000001100010011100111001010011101100111 #"
#2239
b11101100110111 D
b11000100110111 d
b1101001111111111001110001000111010010011110001000110111110110111 #"
#2240
b11010111111111 D
b11010111111111 d
b1011111000101100001010101000101111100100110111110100010111101001 #"
#2241
b11111011101101 D
b11111011101101 d
b1010011000111100000011110111010000000000011011111101110001011001 #"
#2242
b11111111111111 D
b11111111111111 d
b1110001001100101100011100110110001010010111011101000101011110110 #"
#2243
b1011110111110011011001100100000111100000101000001011110011000 #"
#2244
b100000011100001000001010001010000100101001001000000011000111011 #"
#2245
b1000000101010010010101111100011111100100100001011110010001100000 #"
#2246
b11111000110100 D
b11111010110100 d
b110011000010011001001111101110001011011111110101110010101100 #"
#2247
b11010010000000 D
b11010010000000 d
b1001000010101110001011011010110100100110100110001110010011100 #"
#2248
b11000010000111 D
b11000010000111 d
b1001100101111011011100100110110001110010111011111011111110100001 #"
#2249
b10101001001100 D
b10101001001100 d
b1000100010101010110011101110111100110001110000000010000001100100 #"
#2250
b1011000000110 D
b1011000000110 d
b1011000000001101010100010001101000000100010110111010010110110000 #"
#2251
b11110011111 D
b11110011111 d
b1110011000111101110010000101110110100011110111000111000111111101 #"
#2252
b0 D
b0 d
b11010101000101010111011100000100001100010101101100100111010101 #"
#2253
b1010111000011000001100111001110011110011010001101011000111001101 #"
#2254
b10111100100100101100111100000110011111100110100101110010110100 #"
#2255
b11011100101011000010000100000011110100101010010111110011001011 #"
#2256
b100100111001 D
b100100111001 d
b1011111010000111011110010111001110001111111110011100011011101110 #"
#2257
b1100001100000 D
b1100001100000 d
b1000101000001011000010010100100111001011001111111010111011101000 #"
#2258
b10000110001000 D
b10000110001000 d
b1001100011010010101010001110011000011111000000011010111111011010 #"
#2259
b10110100110010 D
b10110100110010 d
b1011101100001011111000011010110101011011111110000001110111010111 #"
#2260
b11100111000011 D
b11100111000011 d
b1011011101111110100101110101001001100100010011010011100100010 #"
#2261
b11110001000000 D
b11110001000000 d
b100010011110100110011010000011000110011110011000100111000111111 #"
#2262
b11111111111111 D
b11111111111111 d
b100111001000100010000101000111011101000110110100100001001000001 #"
#2263
b10011011000001011000010010110010101001000010110111011111110111 #"
#2264
b1110100100011110010101111111000010011110101100011000001011000111 #"
#2265
b11111111101001 D
b11111111101001 d
b1011100000000001111101111111101011001111010011000110111011100011 #"
#2266
b11011101000111 D
b11011101000111 d
b1001110110101000001010111010010011101101101110010101110100000000 #"
#2267
b11100001100110 D
b11100001100110 d
b1011011111010011101110011101111100110101000001011000001100000010 #"
#2268
b10011100010110 D
b10011100010110 d
b1111000100100111001001001111001100111101011100010010000100011001 #"
#2269
b1111110110101 D
b1111110110101 d
b101101000111110111011111111000110010111001101001100101010100 #"
#2270
b1001000110001 D
b1001000110001 d
b10101011011011011111101001011000001001000010000111010111110001 #"
#2271
b1001011000 D
b1001011000 d
b1011111110101001111000111001111100100010110001110010001100101 #"
#2272
b0 D
b0 d
b1010011011101111101100001011010111101011100011000000101011 #"
#2273
b1110001100101010110110001110101011010111101000000111100010100001 #"
#2274
b1101000011100101001000011111010000000101101000001001001000011111 #"
#2275
b1101001110010100011110100101111111110100101110011101010111010100 #"
#2276
b111000100001 D
b111000100001 d
b1110101110010001000001011011101000010011111100011101111011101100 #"
#2277
b111011100101 D
b1111111100101 d
b1110101100110001001000011010000000011000101110010001000010101010 #"
#2278
b1011111010110 D
b11011111010110 d
b1111000011000110011110010111110100000010001001110011110011001110 #"
#2279
b11011010100111 D
b11011010100101 d
b1110100101111001001010000100100000001010100110010001111110111100 #"
#2280
b11001000101011 D
b11011111101011 d
b1111110111111010111001111100101100100101010111100001010111110011 #"
#2281
b11010111001011 D
b11111111001111 d
b1110100110001010100001111101011011111011000011000110011011101001 #"
#2282
b11111100011111 D
b11111111011111 d
b1011110010111000110101000101000110011110111110101011000010101 #"
#2283
b11111111111111 D
b11111111111111 d
b11011111001110000111100100111011010101100000111110100101100 #"
#2284
b111001111111001011100111011000000000101001101011011001101111 #"
#2285
b1110001011111111001001110011010011010010110110101011011000011001 #"
#2286
b11110110100000 D
b11110110100000 d
b1101001110000111100010111110001111101111001110111110010100011100 #"
#2287
b11101101110110 D
b11101101110110 d
b1011001101110101110001111111110100001000111100111100000111011101 #"
#2288
b10111101111001 D
b10111101111001 d
b1100111110101101010001000011110100110101100101010000110000010011 #"
#2289
b10100100101000 D
b10100100101000 d
b1111001001101000100111001101111101100000000101000111010110011110 #"
#2290
b1010010001000 D
b1010010001000 d
b1000001000111011000000101101000110010001000000100101010010010 #"
#2291
b10110010001 D
b10110010001 d
b111111111000110010110111111010011100110101001110101110100111 #"
#2292
b0 D
b0 d
b10101011010011111010101110011011010100110001111100011110001010 #"
#2293
b1011001011100010010011010100111001000011000100000010110100110 #"
#2294
b1100101111000011011101100111011110110010010001001111011100110101 #"
#2295
b1010001000111000011110000101010011100111100011110011111110011010 #"
#2296
b101100011011 D
b101100011011 d
b1001100010110011010101111100111101000101110011011101010000100010 #"
#2297
b1100111101010 D
b1100111101010 d
b1101011001011110010100111010010001010000001101001011010100001011 #"
#2298
b10001100101101 D
b10001100101101 d
b1111110001010101100100001000011010011000110010000111110101001001 #"
#2299
b10111001010011 D
b10111001010011 d
b1000001011101101101001011110100000100001101000010000010011010000 #"
#2300
b11101010100101 D
b11101010100101 d
b100001110010000110111000011000100011011101010101101001110010100 #"
#2301
b11110011100100 D
b11110011100100 d
b101110010011011100011011001110110100000010100111000101001010010 #"
#2302
b11111111111111 D
b11111111111111 d
b1110111111101110110111001110100000000100011010001010010110010111 #"
#2303
b1011011101100000100001011101001100011000000100101110011100110111 #"
#2304
b1001010111100001000110000011100000101010101111111101100110001010 #"
#2305
b11111110001101 D
b11111110001101 d
b1001110001100000001110111101111101000100110011100011110001011001 #"
#2306
b11011001110111 D
b11011001110111 d
b11100100011010000101111110110001100011011101010010011001011 #"
#2307
b11001101010101 D
b11001101010101 d
b11010100001001111010101100011101100010110100101110011111011101 #"
#2308
b10010111110001 D
b10010111110001 d
b111110101111100001110000100101100100111101001111010000110000101 #"
#2309
b1111111000101 D
b1111001000101 d
b101100011101000001111110101010111010111011000001011100111110011 #"
#2310
b1111001011101 D
b1000001011101 d
b10000010000101011111101000011110101011000000110000111010001001 #"
#2311
b1000001111111 D
b111111 d
b1101111001001111100000100111000010101000111111110101110001111000 #"
#2312
b111011 D
b111011 d
b1010101010010010011110110111000111111100110011100101010100001000 #"
#2313
b0 D
b0 d
b1001111100000101100101001011111100011101001100100111101000011010 #"
#2314
b1110110101101111110111110010101101110100011011011011100101101011 #"
#2315
b1011010011100011010011111001001001101010010111110111011000000 #"
#2316
b1100110 D
b111111100100 d
b101000111100011000111010101001001010101011110110100111001001101 #"
#2317
b111111100111 D
b111111100111 d
b101100010010010010000001101110111101001001101010000111110101000 #"
#2318
b1110100110101 D
b1110100110101 d
b11010100001011011001100101010111011000000100110111101001010000 #"
#2319
b10010110111000 D
b10010110111000 d
b111100010000011101111101010011001111111001101110011000100110 #"
#2320
b11001100110001 D
b11001100110001 d
b1101100110110101001110100110110111010001001000011010100110011111 #"
#2321
b11011010111111 D
b11011010111111 d
b1100110000111111110001011010011000011100111100010110110010110011 #"
#2322
b11111111010100 D
b11111111010100 d
b1110111010001110101110000000010000010011000100100110111110001111 #"
#2323
b11111111111111 D
b11111111111111 d
b1111110000011101111100010100010101001010011000110011111001010011 #"
#2324
b10111010010101011010111111111100011100000010011100111111001111 #"
#2325
b10000111001011000001011011110100011101110110111111000101000010 #"
#2326
b11110011110011 D
b11110011110011 d
b10011001101100110100101011100011110000001110101101100000010100 #"
#2327
b11101010111001 D
b11101010111001 d
b10010101011110111110001111000000000001011111001111011100100101 #"
#2328
b10111001011110 D
b10111001011110 d
b1111110010101010111100000010101111110101111001000110100101110000 #"
#2329
b10001101111100 D
b10001101111100 d
b1100111100111110100110010100111111110001011001100100010101110 #"
#2330
b1101010100010 D
b1101010100010 d
b110100001101101010010111010011111000111001010000001111110101 #"
#2331
b101110101011 D
b101110101011 d
b100000001011101101101000000100000111101110000101011001000111 #"
#2332
b0 D
b0 d
b111010110111110011001011000011100010010000111010111111100110 #"
#2333
b1110100010100011011110001110000100001111111010010110100011100010 #"
#2334
b1010000001011110001100111111111111110101101101101010111010 #"
#2335
b1111111110011111111111110011001000110001010100110111100000100000 #"
#2336
b10101100010 D
b10101100010 d
b1101101110101011000001111011000011111101101100100101010001111 #"
#2337
b1101110100010 D
b1101110100010 d
b11100100100011001110100011100000011101100101100011101010100111 #"
#2338
b10100010011101 D
b10100010011101 d
b100111010101010101101101011011111100111111000111100100110001111 #"
#2339
b10111101100111 D
b10111101100111 d
b11000010010100011101101110110011011000110011100000110001111100 #"
#2340
b11101110011000 D
b11101110011000 d
b100100110010000011001000110010111001111001011001100110001111 #"
#2341
b11110110010111 D
b11110110010111 d
b1101010101111100110011101001000010111100111010010011001101100101 #"
#2342
b11111111111111 D
b11111111111111 d
b1100110000110101110011111000101100001011010101000010001100001000 #"
#2343
b1100011101011110000010001111010000100011111011010001000110010111 #"
#2344
b110000011001100100110111111101100000001010001101110101110011 #"
#2345
b11111110001011 D
b11111100001011 d
b100001101110101111010000010111100110010001000010101101001101010 #"
#2346
b11111110111000 D
b11010110111011 d
b110101111100100101011100111011000011001110100100001000101000011 #"
#2347
b11011111111010 D
b11001101111010 d
b110010011111101110110111111111110111001110010110100110111100010 #"
#2348
b11001001011111 D
b10011011011110 d
b10110000011111101110011100100010011110001110110011101010100000 #"
#2349
b10010010111111 D
b11110010111111 d
b1101010011110111111100001001100110001101100100010011100100010011 #"
#2350
b1111010111011 D
b1111010111011 d
b1011011111010001000100001011111011010010100101111100110110101100 #"
#2351
b111010100000 D
b111010100000 d
b1001111100110001100100001001011000011110110001110100101001000111 #"
#2352
b0 D
b0 d
b1100111011011100010111101101101001001101010100001010110000011000 #"
#2353
b11100100010100001010110110001101101000001011001100100011010000 #"
#2354
b101110110110000000110111101101100100110101000000101001101001011 #"
#2355
b111110111010101110111110010101011110100000011101000001011010010 #"
#2356
b111010111 D
b111010111 d
b100111010101000011000001010100110000000110111110110111000111100 #"
#2357
b1000110000011 D
b1000110000011 d
b1111110001111101101100010010110110010101111110010000110011000001 #"
#2358
b1111011100000 D
b1111011100000 d
b1011100011111011011001011001111110011001001110110111100111110100 #"
#2359
b10011100010111 D
b10011100010111 d
b1001101110011110101110110001011011110001111001010011000100111011 #"
#2360
b11100000110000 D
b11100000110000 d
b1010111000011011010011101011101101000000101010011110111010100100 #"
#2361
b11011100110111 D
b11011100110111 d
b1010011011110100010111010101001000000101010100110110100110 #"
#2362
b11111111110110 D
b11111111110110 d
b11100111110101100110000111010101010010010010110111111011101000 #"
#2363
b11111111111111 D
b11111111111111 d
b110110110010110010011011111011100000100001010110011011111001111 #"
#2364
b100011101100000011100000111110010110101000110100010000111110100 #"
#2365
b11000000101110001001111100100110100011010010110101100111100011 #"
#2366
b11110001010110 D
b11110001010110 d
b1101001000100001000110010110000110010010010100110001001001101100 #"
#2367
b11100111100111 D
b11100111100111 d
b1011001111000111111100000011110111100101100110010101010001000010 #"
#2368
b10110100000100 D
b10110100000100 d
b1011100001000101000001101001001011100110010111010010110000000011 #"
#2369
b10001001000110 D
b10001001000110 d
b1101110110000011110111100111010101011000000000111110011000001010 #"
#2370
b1100101011011 D
b1100101011011 d
b1001000011101110110001100010000001001000111101111011110 #"
#2371
b100111001100 D
b100111001100 d
b100010001010100110000000001010100101101011101001001110011111110 #"
#2372
b0 D
b0 d
b10010100000100101010101000110111011011101011011000001000010000 #"
#2373
b10110111000001011110100010011011001111101100001010001011100111 #"
#2374
b1111110011010011111101101100101010111011011010000011000010010111 #"
#2375
b1100101100011010011001100001110011100100111000010001110101011010 #"
#2376
b11100010101 D
b11100010101 d
b1110110101010010100111101011101011001011001110110111100011110000 #"
#2377
b1010011110101 D
b1010011110101 d
b1101011001010101010000110101100000100000110101111010001101010110 #"
#2378
b10101000000001 D
b10101000000001 d
b1111100101100000000101101000110011110000101011010110101000010011 #"
#2379
b11000001111010 D
b11000001111010 d
b1111011011000100101100011110010100001010111010111000111101010010 #"
#2380
b11010001010111 D
b11010001010111 d
b1111100101011111110001111111101111101010001111001111011110110001 #"
#2381
b11111000001111 D
b11111000001111 d
b1111111001110100100011110001011000001010001101011110010101110111 #"
#2382
b11111111111111 D
b11111111111111 d
b1111001110010111100010111100010111110010100110011100110110110111 #"
#2383
b1101000010010000001011001011110100011010001010000100011101010 #"
#2384
b100110011110010101101001111011101110010011001011111100101011 #"
#2385
b111101110010100110001111110011100100000100101101100101000011 #"
#2386
b11111010010101 D
b11111110010101 d
b1111101010010100000001111111001011001111101100001100110011000100 #"
#2387
b11010100110101 D
b11010100110100 d
b1101011000110100000000011111000011011111001011011001110000001011 #"
#2388
b11000100110011 D
b11101100110001 d
b1100101100001010110110010001010111010000011101111001111001101010 #"
#2389
b10101100110011 D
b10101100110011 d
b1100000111011101011011011011000000011011000001110110011011110100 #"
#2390
b1011100011001 D
b1011100011001 d
b1100110010100001111100010100101100101111111100100110110011010000 #"
#2391
b110011100001 D
b110011100001 d
b101101010001011000011111011100101011100110100000011101110001 #"
#2392
b0 D
b0 d
b10101001101101101010000101000100101110101010101000110001010011 #"
#2393
b100001101101011110010010100111111101000100110001000011000110110 #"
#2394
b1100000000100000000011101010010111001100000111001000001101111 #"
#2395
b1111000111001111000111111110011010100100111000101100001110000010 #"
#2396
b1111011100 D
b1111011100 d
b1010100011111101001101011101011011000010100001111110110111011111 #"
#2397
b1001100110010 D
b1001100110010 d
b1001010110110001010000101000000011110001111010101011000000000110 #"
#2398
b10000010000001 D
b10000010000001 d
b1010100111100101001010110010000001001111010000001010001010110010 #"
#2399
b10110001000100 D
b10110001000100 d
b1101000011011011110011101011111101001111100000011011001000100111 #"
#2400
b11100100110001 D
b11100100110001 d
b100001010101010001111111101110001100010000011101110011011110101 #"
#2401
b11011111001111 D
b11011111001111 d
b100011011111011110101000000011100010001010001011101100010010010 #"
#2402
b11111111111111 D
b11111111111111 d
b101100001111001001010000101000111011000101101111000001100111000 #"
#2403
b110000000000101111000001111110000100000011101010011110001010 #"
#2404
b1100001001101111110011010110001010110001011110101011000011101011 #"
#2405
b1001001000010101100100011000110011001010000110111101101110111000 #"
#2406
b11011111100010 D
b11011111100010 d
b111000101101101001110100100001000110001010011001001101110100010 #"
#2407
b11100011111010 D
b11100011111010 d
b1101000111111001101000110100111101100100101110100011110101100101 #"
#2408
b10110000010101 D
b10110000010101 d
b1111101101000001000010010100011101110101100010000101101000011100 #"
#2409
b10000010110010 D
b10000010110010 d
b101010000001101110101001101111001000101000011101100100110101011 #"
#2410
b1001101100111 D
b1001101100111 d
b101111000010010100001100101011011110110000111111001100110000001 #"
#2411
b1110110000 D
b1110110000 d
b11001001111110110110100101000110110101010101111111101001111110 #"
#2412
b0 D
b0 d
b1111011110011011000001100101110110011010100010011101111010101000 #"
#2413
b1010000001101010100000111011011011001011100101000100101010010001 #"
#2414
b1000101001100010101101011111011111111110111010101001000111110110 #"
#2415
b1011001000101010000101000000000001000100010011000101000010001000 #"
#2416
b110100001100 D
b110100001100 d
b1110010011111000000111100111111101110010010000001100100011110000 #"
#2417
b1111110110011 D
b1011010110011 d
b10101001000000010111011111011101010001100110110111101110100100 #"
#2418
b11111110110011 D
b10101110110011 d
b11111100011010100110000111000100100010100001011111011001011000 #"
#2419
b11101110110010 D
b11001110110010 d
b1111110111001010111000111110100001101101101110101111110111001011 #"
#2420
b11010110110000 D
b11010110110000 d
b1111111111111000110010010101100011001010111111111001111000101011 #"
#2421
b11111110110110 D
b11111110110110 d
b1110101010011010110100001111111111001001011101011111101011010010 #"
#2422
b11111111111111 D
b11111111111110 d
b1011000101011011011000111010011011110000010111111100011111010001 #"
#2423
b11111111111111 d
b1100010000110001110011100101011000100010110111010001110111100011 #"
#2424
b1110001000100101111101000101000000110111001010000011111100010101 #"
#2425
b1111110111100110110101110110001001001100001011110011111010111110 #"
#2426
b11110111110111 D
b11111111110111 d
b1011101010100000010010001111000011100100101100111000110011111 #"
#2427
b11101111111011 D
b11101111111011 d
b10101001110001100111101110011100001110001011011000011001110100 #"
#2428
b11000001001000 D
b11000001001000 d
b101010110011011101000010011000001000101110110010010000111011 #"
#2429
b10101000010001 D
b10101000010001 d
b1011000100101110011010010011101110010000110111011011011011 #"
#2430
b1010110011000 D
b1010110011000 d
b1101101111000001110111111100011001101110000010001110000110000000 #"
#2431
b11011010010 D
b11011010010 d
b101010010110100000110111001000000000101000011000011000110010 #"
#2432
b0 D
b0 d
b1110101001011010111000101011110100010001111101111110111001100000 #"
#2433
b1111001010111110010101001100001000101000011110011010001011 #"
#2434
b1111000100010010111110101111110000001011000010100101010011011100 #"
#2435
b1110100001110110001011110010011000001010000100100110100000100110 #"
#2436
b100110110000 D
b100110110000 d
b1111011110111100101011011001010000111000001011111101111010010000 #"
#2437
b1100011011111 D
b1100011011111 d
b10001100101110001111001010000011010111011001111010011111100 #"
#2438
b10001000000001 D
b10001000000001 d
b111000000001011010011001010101000100010100011111010110111000 #"
#2439
b10110101101110 D
b10110101101110 d
b100100111101101001100101101011100000110001110010001110101010101 #"
#2440
b11101000100011 D
b11101000100011 d
b10100110110111101111110110111000000101111001000101111011000100 #"
#2441
b11110010001110 D
b11110010001110 d
b111111011111110110000111000111001001101011000010000001000011 #"
#2442
b11111111111111 D
b11111111111111 d
b11011110000000101000001111010100011110100101111101001110 #"
#2443
b1011000110010001100110001000100111101110010110000110110110001011 #"
#2444
b1101001111000000011001111001110100110000100110010111000111100011 #"
#2445
b11111111001110 D
b11111111001110 d
b1100111111110111010001011010111111100010110010100110000100000010 #"
#2446
b11011100000001 D
b11011100000001 d
b10110101101001101011111001110101011110111010011001011001110110 #"
#2447
b11001111101011 D
b11001111101011 d
b1001100000111001100000011001011110010010101010000110111110111010 #"
#2448
b10011010111010 D
b10011010111010 d
b110101000101010011111010001000111110011000110000111010100101101 #"
#2449
b1111100101001 D
b1111100101001 d
b101000010010111011101111100101111001111100111001010011100100000 #"
#2450
b1000110110011 D
b1000110110011 d
b1111110110101100110111001000110110010100110000011111101001110010 #"
#2451
b110101111 D
b110101111 d
b1101010000100101001111000111111011000101100111010100010101111010 #"
#2452
b110000000 D
b10 d
b1000110011111000000111001101011100000111100000011111111111111100 #"
#2453
b0 D
b0 d
b1101000001110010100100000101111101001100100110001110110010001001 #"
#2454
b1110010101100101011110011110010001101001010100001101000001001011 #"
#2455
b100111110 D
b100111110 d
b111001010111010101101111011011101110111000100010110000011100100 #"
#2456
b111100111110 D
b111100111110 d
b101001010111010111110000111001100001111001100010001010010001010 #"
#2457
b1111101110010 D
b1111101110010 d
b1000111001011000110100101001000111011110111011111110011000111111 #"
#2458
b1110001100110 D
b11110101100110 d
b10011010111111110010100101010010001011101111110001111100110101 #"
#2459
b10010100000110 D
b10010101110110 d
b1110001101101000000111110011001010100101000001010100000100101001 #"
#2460
b11001001110101 D
b11011001111101 d
b1011100101110010100000011111001011010000100101010111111100111010 #"
#2461
b11011000011101 D
b11111000011101 d
b1000110111001001001101111101000100101000000111111100100101000001 #"
#2462
b11111100111011 D
b11111101111011 d
b1111011011001010001010000000011001011110100000101110000010110000 #"
#2463
b11111111111111 D
b11111111111111 d
b1010001100001101010010110011001100110011100001111010011010000 #"
#2464
b110111010000110110011110110111101001001011110010000110110010010 #"
#2465
b110100100000111110010000100111011011010111000001110101011100010 #"
#2466
b11110101101101 D
b11110101101101 d
b101111001010110110100001110111111000100011111001110011010011101 #"
#2467
b11101101011111 D
b11101101011111 d
b11110010111111000011000110010011000101001010000001001111001 #"
#2468
b10111011111000 D
b10111011111000 d
b1100100010101101101111010101011010111111100101010000000110111000 #"
#2469
b10100001111100 D
b10100001111100 d
b1100111010011110010101111111011111110011000001001001000010001101 #"
#2470
b1101111010110 D
b1101111010110 d
b1011001001100011010000011011110100110111101010010111010010011110 #"
#2471
b10011101010 D
b10011101010 d
b10001110010010010111110111011000101110001111101001000101111010 #"
#2472
b0 D
b0 d
b1100011110110111011111001001001011000101110001011011001110001 #"
#2473
b110001010010011111010111000100011100101101000111011010010101011 #"
#2474
b11000010100000000100001111101111111110000000100110011110011100 #"
#2475
b100000110000111100010100010101010110101011011010111101000000000 #"
#2476
b10000000111 D
b10000000111 d
b1101001000011010100101001101001011000101110000111011011011010010 #"
#2477
b1101001110011 D
b1101001110011 d
b1011001000101100101011011101111101011101101101101010011000010 #"
#2478
b10001110100011 D
b10001110100011 d
b1100001011010011010011010110011011101101010101011110101111101111 #"
#2479
b10111001111110 D
b10111001111110 d
b1001100010000010101010000001100100000011011000110110011101000 #"
#2480
b11101100001000 D
b11101100001000 d
b1111100100100001110100011111100100000100010010100001001001001010 #"
#2481
b11110100111001 D
b11110100111001 d
b10100011100011111011100110101011110011000100110001110001101111 #"
#2482
b11111111111111 D
b11111111111111 d
b10101011101000001101000111000001110111100100100101000110100 #"
#2483
b1011001111001110000100000001111100000000000001001010000100011 #"
#2484
b101110001100100011110010011100000111110011000101000101010101 #"
#2485
b11111101110111 D
b11111101110111 d
b1010111000100010010101011001111101001011111010000100100001111 #"
#2486
b11011001010100 D
b11011001010100 d
b10001010001011010010100000011111110001000100010001100001001110 #"
#2487
b11001011111110 D
b11001011111110 d
b101111101011101000010011001011011011111100001110101011001001 #"
#2488
b10011111101101 D
b10010101101111 d
b1101111101111010110101100111001001011110001001101101011010 #"
#2489
b11110111111110 D
b1110110111111 d
b1110011111110000011001111011000111011010100101111001010011000010 #"
#2490
b1111111111111 D
b111111110111 d
b1101111110001110101100010111000011101110100000110000011010101110 #"
#2491
b111111100011 D
b111111100011 d
b1101000001111110100000001010111000010100101110111011001111010000 #"
#2492
b0 D
b0 d
b1111111111100010111010101001100000101011101110010100011101110011 #"
#2493
b10101010011101100000111100100000010101111010010001111000101011 #"
#2494
b1111011000001001100110110101110101100100111100101111010111010111 #"
#2495
b1000011101 D
b1000011100 d
b100001010001001100000001010110110110010101010010110011111100100 #"
#2496
b1000011101 d
b1111101001110101000011000110010110111110000010001000001110010 #"
#2497
b1000001100010 D
b1000001100010 d
b1101011110100011010101101101011010001110101001001011001001000001 #"
#2498
b1110111001101 D
b1110111001101 d
b1011001100001111000100100111101011010111111101100011001111010000 #"
#2499
b10011001000001 D
b10011001000001 d
b1001111111110111110011101011000000001000110010010011001111110010 #"
#2500
b11001101011010 D
b11001101011010 d
b1100110001010111111101110001110100111111110011010010001101011000 #"
#2501
b11011011000010 D
b11011011000010 d
b1001001011101001011101110001101010101101000011101100001111010 #"
#2502
b11111111011011 D
b11111111011011 d
b101001101000101011010110101000100101011101000101011110110010010 #"
#2503
b11111111111111 D
b11111111111111 d
b101110001100000010110000100011011101011100001000110001111001011 #"
#2504
b100000110100000111110011100001110010100101010100010110000111110 #"
#2505
b1111111101111110011110011110101110000110110100010111010111001010 #"
#2506
b11110011000011 D
b11110011000011 d
b1010000101000001010011011011001010101001011101111100011010101110 #"
#2507
b11101010101010 D
b11101010101010 d
b1000110101010001010101010100101111011000101000100110110100111011 #"
#2508
b10110111101000 D
b10110111101000 d
b1001101101001011000011110001101101001010101111001001100001001101 #"
#2509
b10001100110010 D
b10001100110010 d
b10001100010011110001110101101001111001100100011110110111101101 #"
#2510
b1101001000110 D
b1101001000110 d
b10111011011010011000100001100101011010000111100100110011101110 #"
#2511
b101100001001 D
b101100001001 d
b110010100001111110011100100100100110110110100000001100000 #"
#2512
b0 D
b0 d
b101011010100000100111111110110010111111100000110110101111111001 #"
#2513
b1100100010000011000001100111010001011101101100111010011011111 #"
#2514
b1100111011010100111001111011000010011100001111000001011000100010 #"
#2515
b1000100110010110111110001101001110111001011000001111111000000001 #"
#2516
b10111101100 D
b10111101100 d
b1001110000001100011011010100001100011111110010101101110000111011 #"
#2517
b1101111110101 D
b1101111110101 d
b1011101110110110000011101001000001000110111111111101101011101011 #"
#2518
b10100011111101 D
b10100011111101 d
b1100110001000110110001101101011110011001110001111001101010 #"
#2519
b10111110111011 D
b10111110111011 d
b11100000011111010011010101110100100111010000111010000011111010 #"
#2520
b11101111001111 D
b11101111001111 d
b100110100001100010111001010101011110000010111011100011011011001 #"
#2521
b11110111010101 D
b11110111010101 d
b10011110100001010110010011101111000011110100110100101110100010 #"
#2522
b11111111111111 D
b11111111111111 d
b1110101100101101100000001000011110100110111101011111010010100111 #"
#2523
b1100011010110011001001000010110111001001000010100110111101011110 #"
#2524
b1010001011000010010110111001110011110100010001000110001111100000 #"
#2525
b11111111100001 D
b11111011100011 d
b1100110011010001100010001100111000100000101011011001001011101010 #"
#2526
b11111111100011 D
b11010101100011 d
b1101011000110110100011000110110000111011000001111011010000100101 #"
#2527
b11011101100011 D
b11011101100011 d
b101110111011100110100001101100100110100000100101111011000011 #"
#2528
b11011000110011 D
b11011000110011 d
b1110010011011010111011000100000001010010101101111010110100011 #"
#2529
b11110000111010 D
b11110000111010 d
b1000101110001101101100110111111111100111101010100111111010110 #"
#2530
b1111000111110 D
b1111000111110 d
b1111101000001111110110001010100011100001001011110111000101011101 #"
#2531
b111000111110 D
b111000111110 d
b1110111010101011011010001111101111100101001100101101101010100110 #"
#2532
b0 D
b0 d
b1110001100101010100010100100011011111110111010110010010010110010 #"
#2533
b1110010100101111100111110100101011111111100010001001101000010100 #"
#2534
b1110011011101000111110100001111000000010000110011010111100110101 #"
#2535
b1110100100001101010000111000000000000111010010101001000101111010 #"
#2536
b1011010001 D
b1011010001 d
b1110011010000100101110110011011000000000101101100010111001000000 #"
#2537
b1001000101010 D
b1001000101010 d
b1110000010111101001110011010010000010001110010111100011101111001 #"
#2538
b1111101000100 D
b1111101000100 d
b1110100000001010010001011000010000101011000110101010010111011101 #"
#2539
b10011101100111 D
b10011101100111 d
b1111010101111101100100100101110000010001101011011011101110100101 #"
#2540
b11100010100100 D
b11100010100100 d
b1111110111001001001011011111000110000011100101011001101101011 #"
#2541
b11011101000010 D
b11011101000010 d
b1010111000011111010000100000111111000000001000011101001000110 #"
#2542
b11111111111111 D
b11111111111111 d
b1001011001001001010001000101011101000010111110011111101111001 #"
#2543
b1111101101001101010000000000111111001010100011010000111000110101 #"
#2544
b1011110011001001111010101110100111100110010011101011101000111101 #"
#2545
b1011110011010100000000001011110100000100111001100101010100111000 #"
#2546
b11110000101011 D
b11110000101011 d
b1010101011101000010111101100001100110111101010010001100100000011 #"
#2547
b11100110011010 D
b11100110011010 d
b1000010100010101110101111000110100001110101100011010110010010000 #"
#2548
b10110010111010 D
b10110010111010 d
b1100111000111111110111000100001010001001100101111100000000100 #"
#2549
b10000110111110 D
b10000110111110 d
b101000011000100011101011100101000101011011110110110001100111101 #"
#2550
b1100010101111 D
b1100010101111 d
b100011011111011110001101111110011100010010011011110100101001100 #"
#2551
b100100001110 D
b100100001110 d
b1101011100001010000111010000110110001110000111001111100010001 #"
#2552
b0 D
b0 d
b1101111111101111000001010001011110110101100011001000101111001110 #"
#2553
b1001001101011000110100101010110111100000101000110001011011110100 #"
#2554
b1001011011000000111010101011100100101110110001100000001101010110 #"
#2555
b1100100000010101110001100111100001100001011101111111111101000110 #"
#2556
b11111110100 D
b11111110100 d
b111011101000110111101011100010001100011101001011100100101111 #"
#2557
b1010110101010 D
b1010110101010 d
b101001110101100100110011011011101000111000011001010011100001000 #"
#2558
b10101101101000 D
b10101001101000 d
b111010111111101101001110000101111111010101110000011111100100 #"
#2559
b11101010111101 D
b11000010111101 d
b100110000011001010001010111110100000010100111010011000101001011 #"
#2560
b11010010101100 D
b11010010101101 d
b10011110100011011110110010010110 #"
#2561
b11111011101110 D
b11111001101110 d
b1011001111100101111111000100101110111110100100110010111001001001 #"
#2562
b11111111111111 D
b11111111111111 d
b1000111101001000011011111101101000000111110000011000110001101010 #"
#2563
b1010110001010100101011100000101001000111000010100100011010100000 #"
#2564
b1111000100010110101000000100100110001100011101010100000001110001 #"
#2565
b11011111101011101111110000111101100001011101101111010101111111 #"
#2566
b11111011001110 D
b11111011001100 d
b110100100111110010111100010100100101110110001000101011011011101 #"
#2567
b11010011110111 D
b11010011110111 d
b110110010100110010111010000010111100000101000010110011100010111 #"
#2568
b11000011110011 D
b11101011110011 d
b10000000010000111001011111100010110101100010111110110011101011 #"
#2569
b10101011100001 D
b10101011100001 d
b1110010100011110000011010000010110110001110000110110100010111000 #"
#2570
b1011010010010 D
b1011010010010 d
b1011100100000100011011110110011011100010010011010011001010110110 #"
#2571
b11111111111 D
b11111111111 d
b1010111100111101000111101001101000101011011111001100100101110100 #"
#2572
b0 D
b0 d
b1110011000110110101110100110110101010001001100010011111001111010 #"
#2573
b10101111000001100101101110101011101001011010100110110100100 #"
#2574
b101010100010110000100010001101100110111101001100101101100000110 #"
#2575
b100001100101100011110010010010000000100111001101011110011111010 #"
#2576
b100010001010 D
b100010001010 d
b100001100110101100111000110011011100110010011100011110110010100 #"
#2577
b1001111100111 D
b1001111100111 d
b10010110011011101110111000111001010100010111101101100001110 #"
#2578
b10000100010001 D
b10000100010001 d
b1110110100110111111000111110111111101000010111100111111001111010 #"
#2579
b10110011000000 D
b10110011000000 d
b1110101000111100000111001000111111111000000000110000001100000011 #"
#2580
b11100101011111 D
b11100101011111 d
b1110000001000111011100001101101100110000011100011000110000101101 #"
#2581
b11110000010001 D
b11110000010001 d
b101010000010101110001010110000010001101011010100110101100001 #"
#2582
b11111111111111 D
b11111111111111 d
b1011111110100011000000010110000101011000110000110110010001010 #"
#2583
b1111101000011001110010001011100010001110011000111010010010110 #"
#2584
b1100101111011110110110010000000000000101101100101010010011011 #"
#2585
b1011011110010011001111011101100000111010010110001110101000110 #"
#2586
b11011101100000 D
b11011101100000 d
b1100100010111010010010000110100000010000110001100100001101000 #"
#2587
b11100010100110 D
b11100010100110 d
b1101011010000110000010100011011111111100010010101011101010000 #"
#2588
b10011110011011 D
b10011110011011 d
b1110011010101011010011101111111111110111010101000101110100011 #"
#2589
b10000001101011 D
b10000001101011 d
b1000101010011111111000110001011100101001100111001010011111001 #"
#2590
b1001100101001 D
b1001100101001 d
b10111110000101010011110110111100001001100000111010000101010 #"
#2591
b1100000100 D
b1100000100 d
b1110111010001101001101110111001111111100111101001101010100001111 #"
#2592
b0 D
b0 d
b1110001101100100101100111110000000001010010101101111101011000011 #"
#2593
b1111010001000011101111101111000100100110100000011100110101110000 #"
#2594
b10100111001000101011110001010000111011000010001110001011100110 #"
#2595
b11001100101110010001101000011000100000101011010101110010000000 #"
#2596
b110110100110 D
b110110100110 d
b101110100111110000011000101010111110100010001000001001010001000 #"
#2597
b1111110101110 D
b1011100101110 d
b11100101001100010110100111101011001001000010011110110110111101 #"
#2598
b1011111111011 D
b10101111111010 d
b1010011010011000000110001101010100110111101000100110100010011 #"
#2599
b10101111111111 D
b11101111111111 d
b1101100001011101101111001000000011000011110101100010101100000001 #"
#2600
b11010111001101 D
b11010111001101 d
b1011001011110100001000111000000011110000010111010110100011101000 #"
#2601
b11111111011111 D
b11111111011111 d
b1100011111100000100111111110101100100111010000110001000110100110 #"
#2602
b11111011111111 D
b11111111111111 d
b1111110011001110001011000111000101011110011001100011110101010000 #"
#2603
b11111111111111 D
b100010001001001010111110001110101000111000000001000010100011100 #"
#2604
b110001111110100001101100000101000011111110010101111001110000000 #"
#2605
b111011001101001101000101000111110111001011000100010101011111101 #"
#2606
b11110110111101 D
b11110110111101 d
b11000100101100100100010101000010011100001111011000101100000010 #"
#2607
b11101111110101 D
b11101111110101 d
b1110011011101111100010101100100010001011101101010101100010001101 #"
#2608
b10111111001100 D
b10111111001100 d
b1010100101011110011110101010011010111111100001010110001010010100 #"
#2609
b10100101101000 D
b10100101101000 d
b1001110001110111001001010111101000010001010110101110110000101101 #"
#2610
b1010100100101 D
b1010100100101 d
b1101000100100001110100000111101101011010001000110010010010011011 #"
#2611
b11001001110 D
b11001001110 d
b1100100000000010010110111101101010010100101011010100101100101 #"
#2612
b0 D
b0 d
b110010010110001110111000011110101001010101111110100010010000000 #"
#2613
b111001010101111101111011101000111011000100111100000011111100101 #"
#2614
b101111010111110010111001000100010101001011101110010000000101101 #"
#2615
b10000000001001011100110110000110110100000110000100111100 #"
#2616
b101010010011 D
b101010010011 d
b1011111001011110111010010110100110010100101010110100011010101110 #"
#2617
b1100101101001 D
b1100101101001 d
b1010001110011111100100011010011111101011100001001010101101010110 #"
#2618
b10001010000000 D
b10001010000000 d
b1010110010111011101100011101100000101011101000001011111010011011 #"
#2619
b10110111010010 D
b10110111010010 d
b1110110110100011100100101010010101010101100111111110100000010101 #"
#2620
b11101001111010 D
b11101001111010 d
b11001110101000100010101000100000111111110011001111010101000000 #"
#2621
b11110011000011 D
b11110011000011 d
b110000000001000110100000110101000001000110001011110011110010100 #"
#2622
b11111111111111 D
b11111111111111 d
b100110011110000111111011100100011010111111110001011001111011011 #"
#2623
b10100001011100001111010011101010001110101000001010111001110101 #"
#2624
b1110000010110001010111100111010110110111110000010001000001110010 #"
#2625
b11111110100010 D
b11111110100010 d
b1011110101110110010110111101001110110010101011001010001100110100 #"
#2626
b11011011010000 D
b11011011010000 d
b1011111011111010000100100110011100011001111100111000000000000000 #"
#2627
b11001110100111 D
b11001110100111 d
b1101010101100011100111110011111100010101111010011010100111111110 #"
#2628
b10011001000001 D
b10011001000001 d
b11100101001111100100000101011101110010111011000010101 #"
#2629
b1111010101100 D
b1111010101100 d
b10111110000010110011101011100100010100101111011000010011011110 #"
#2630
b1000100001010 D
b1000100001010 d
b10000001110001110000010100011011101110100000010110111001011001 #"
#2631
b100110001 D
b100110011 d
b1100000010000001110001001011111011010100101111101001111001001 #"
#2632
b100010000 D
b1 d
b1111110010000001110010011100001111001001011110000001010011110001 #"
#2633
b0 D
b0 d
b1111010000010100001000001001011111011011111100010000101011101111 #"
#2634
b1101110101110100101100001000110011110001000011110100001001111101 #"
#2635
b11011110 D
b11011110 d
b1110101000111010101101101101010111101001011111100101010010001100 #"
#2636
b101011011110 D
b111111011110 d
b1111010001110101011000110001110000000111110011011111110011000110 #"
#2637
b1111101100110 D
b1111111100110 d
b1110100110000011001000010000000011011111111111100000110000101101 #"
#2638
b1110011100100 D
b1110111100100 d
b1111101010100101011001111100001100001110111101010010110001111001 #"
#2639
b10010101010110 D
b10010101010110 d
b11100100010001111001010010101100000110100010110110110000000010 #"
#2640
b11001011000100 D
b11001011000100 d
b11011011110010000010100010000000100010010100101011101001111 #"
#2641
b11011000111000 D
b11011000111000 d
b1110110011110000001100011110101100100000011011000011010111010000 #"
#2642
b11111101101010 D
b11111101101010 d
b11110100101101101110000101101011101101010101101111000001011100 #"
#2643
b11111111111111 D
b11111111111111 d
b1110100110111010010001000001110011101011101101101010110100000101 #"
#2644
b10110111100101111110000011001111000101110000101000111001010110 #"
#2645
b1011111001111000001001100100001110110101011011000100011100111101 #"
#2646
b11110101001000 D
b11110101001000 d
b1100111101011111001011110101000111111110000000101011010110000000 #"
#2647
b11101100001000 D
b11101100001000 d
b1001110101101100011011011110101011100101101001001000101101110010 #"
#2648
b10111010001111 D
b10111010001111 d
b1110011100001001000001110101011001011000101110010100011110011110 #"
#2649
b10100001000101 D
b10100001000101 d
b1101110001101110000111011110110000101110001111011010111100000111 #"
#2650
b1101101000101 D
b1101101000101 d
b100110110011101101001101111000100110111101010011110110011111010 #"
#2651
b10001110000 D
b10001110000 d
b11000101100010010001100101011111110011000001011101111011101101 #"
#2652
b0 D
b0 d
b11011101010010100110100111000010111111100101000000111011011111 #"
#2653
b1111100001100111011100011010100110011000101000110000010101011101 #"
#2654
b1010000110101010001101000010011111000100011111010100010001001111 #"
#2655
b1001011011110111000011000110111111011010111000100100011110100011 #"
#2656
b10001110101 D
b10001110101 d
b1001000101111000001101011111100101001001011110010101110101000100 #"
#2657
b1101011001001 D
b1101011001001 d
b1110101110011110000000010001000101100110011100001100110110010110 #"
#2658
b10001111011101 D
b10001111011101 d
b100100110100101011001100001101011110100001110100101010110000 #"
#2659
b10111100001100 D
b10111100001100 d
b111001000111000110000010011000000101000000111100111000010001001 #"
#2660
b11101100111100 D
b11101100111100 d
b100011010001100101010111100110011010000100101011000000001110111 #"
#2661
b11110101111000 D
b11110101111000 d
b1110010011001001011011111000110100101000000110000100010000001 #"
#2662
b11111111111111 D
b11111111111111 d
b1101100101000000011010001111011010001011101111011111011111110010 #"
#2663
b111000110100110001100000110010011011110111011110100101000000110 #"
#2664
b1010110101000011111011011100100000001111001100011111101111001111 #"
#2665
b11111100111000 D
b11111100111000 d
b1000110101000100011011010111110001110111000100011010010100110011 #"
#2666
b11010111111111 D
b11010111111111 d
b1101010011011000110111101000001101001010100001010110001101011 #"
#2667
b11011110010111 D
b11001010010111 d
b10111110001101111010110011011001001100100110000101001010101001 #"
#2668
b11011011111111 D
b10010011101111 d
b111001100001000111100010001111000000111100000100101000011110011 #"
#2669
b11110111101111 D
b1110101101111 d
b10101111011011111100101100101011000101100111000101001000110101 #"
#2670
b1111101000111 D
b111101000111 d
b1001010010110000100100001010010100110000100000001011010011 #"
#2671
b111101000110 D
b111101000110 d
b1010111101100111110100011010111111001111100110100001100100110011 #"
#2672
b0 D
b0 d
b1001010111010100010011001100100111110011000110000100011001001000 #"
#2673
b1011001011000011001000111011000001000111101010110110010011101011 #"
#2674
b1101001010010101001011100100011101011110111010111110110101001010 #"
#2675
b10 D
b110101000 d
b1010010101111110000001101010101111111110010101011001101101000000 #"
#2676
b110101010 D
b1000110101010 d
b10110000111110110001010011110000110000100110101110010000010111 #"
#2677
b1000100001000 D
b1000100001000 d
b100111001101111011010110011101111101110010101100101000000010010 #"
#2678
b1111001011101 D
b1111001011101 d
b1111111100100001111001111100111011010100011110100010111110101111 #"
#2679
b10011010001100 D
b10011010001100 d
b1111000000011111001100010111111011001001101010100111000100001001 #"
#2680
b11001111101110 D
b11001111101110 d
b1101011001000111011000101111000100000101111001000100001101100110 #"
#2681
b11011011000110 D
b11011011000110 d
b1011011000010001100000110001000000000110001110101100111010010110 #"
#2682
b11111111111001 D
b11111111111001 d
b1111000111111111100011001011111101000100010100100000000001111000 #"
#2683
b11111111111111 D
b11111111111111 d
b1111101110011010000001011000001100011010111011011000000011011110 #"
#2684
b100001000100111001101011001100111000001100001100011101100000 #"
#2685
b1011110001001000111001101001000001010000100010100111001111111 #"
#2686
b11110010001001 D
b11110010001001 d
b1010110011110101101001100000001011110111100011101011011100101010 #"
#2687
b11101000111000 D
b11101000111000 d
b1111110000110011101100010010011100001000101000101101101001011101 #"
#2688
b10110110000011 D
b10110110000011 d
b1010110100101000111010100010000010001111101111110111001100001 #"
#2689
b10001010011101 D
b10001010011101 d
b1111010101101010100101010000011100000000100110111110101100000001 #"
#2690
b1100110001001 D
b1100110001001 d
b1000011000000111010111011011100001100000101011010011011100101 #"
#2691
b101001001111 D
b101001001111 d
b1111110100111100110001011100111111101110010000011010110010101111 #"
#2692
b0 D
b0 d
b1111010101001010111011001101100000001000101111001000000011101110 #"
#2693
b1101010110001110111100111101100000001110001011101100100010010110 #"
#2694
b1110100010101100011100101011011000011100100101100011000111010111 #"
#2695
b1000011001101000101001010001001100001011110010000001100000 #"
#2696
b11010110001 D
b11010110001 d
b1110111011001111001001111111000110111001001110110001110000100 #"
#2697
b1010010000100 D
b1010010000100 d
b11101111001111000100000000111000100010110111010111101010011010 #"
#2698
b10100110011100 D
b10100110011100 d
b100111010100011100101111001100111110000011000000110100110110100 #"
#2699
b11000000001110 D
b11000000001110 d
b1010101100101011001111001010111001001011110000101111011110011 #"
#2700
b11101111111011 D
b11101111111011 d
b111100000011000000111001011000000001011001010110111 #"
#2701
b11111100000110 D
b11111000000110 d
b1110111000001100101111111100111100011001011100100000000010100 #"
#2702
b11111111111111 D
b11111111111111 d
b1100000011100110001000000100011100100010100001111110011101001010 #"
#2703
b1000101011000100101001110101110010011100100110000010000101000011 #"
#2704
b1101100000111110100011001100001110010010000000011111111101110 #"
#2705
b11111010011111 d
b100110111010110000000100011110001000100010011010010110001100011 #"
#2706
b11111111111101 D
b11111111111101 d
b111010110011011010011011000101011111110111010110101011000111001 #"
#2707
b11010111111101 D
b11010111111101 d
b101111110010100001010101001101011001011100100111110110110111010 #"
#2708
b11001111111101 D
b11101111111101 d
b100001100011111100100110000010011010100010111001010000100101 #"
#2709
b10101111011100 D
b10101111011100 d
b1100110110000001000000100110001110110101010101110101111110010111 #"
#2710
b1011110111100 D
b1011110111100 d
b1010000111101110001110111100011111110110001000010001101011101110 #"
#2711
b110101110010 D
b110101110010 d
b1010101111110010111011111111111001000101000011001000110111001011 #"
#2712
b0 D
b0 d
b10010111111011101110011111001110101100001111000010001011011 #"
#2713
b10111000000110000101010011110001100100101101111010000001101100 #"
#2714
b1000111010010010000100010010101100110001010011011000110000100010 #"
#2715
b110110111101001010001010101010011001010000111000110100010000111 #"
#2716
b1100011011 D
b1100011011 d
b11110110001111000100001000111110110001011110101011110110110101 #"
#2717
b1001010111000 D
b1001010111000 d
b1111001111111111001001101000100110000100000011110101100101001001 #"
#2718
b1111111111101 D
b1111111111101 d
b1010011110000111010111011110000111011000101101101001100101110001 #"
#2719
b10011111010000 D
b10011111010000 d
b1011100100000101001010010100010100010001010000111000101010000111 #"
#2720
b11100011001010 D
b11100011001010 d
b1011110101010101111001110000000101100010000011011011111001001110 #"
#2721
b11011111100011 D
b11011111100011 d
b10111100100100100010100000101001001111100000001111000101111100 #"
#2722
b11111111111111 D
b11111111111111 d
b101011000011001011010010101010001001111010000001101001010110100 #"
#2723
b110101001001110000110111101001111110001111010001110000110111100 #"
#2724
b101011100000001101001100100111011000010100010001110011011111010 #"
#2725
b111000110001000001010110010010100100111000111111100010100110 #"
#2726
b11110000001010 D
b11110000001010 d
b1110011111111100110111011111110010111001100000110010011110001011 #"
#2727
b11100100110110 D
b11100100110110 d
b1011110010010011101000010111000111101000100101111000100000101101 #"
#2728
b10110001000100 D
b10110001000100 d
b1101010110010010111101011010011000101110101010100011010011100101 #"
#2729
b10000101100000 D
b10000101100000 d
b1111010010101111011101000100010000101011100110011101010101101101 #"
#2730
b1001111011000 D
b1001111011000 d
b11001101011101110000010110000000101111111100010010000011101011 #"
#2731
b100001011001 D
b100001011001 d
b11111000100000100110110011101100011011000000111111011111101111 #"
#2732
b0 D
b0 d
b11010011110100011010100010101011010000011101101111110010011100 #"
#2733
b10100111001100101010001000001011011111001011100001010001110001 #"
#2734
b10101101011011111111111110111001111101100100100000100100100 #"
#2735
b1111000010001101101100000101111111100100000100010110110000010000 #"
#2736
b110001111011 D
b110001111011 d
b1111011001100010001011100101101011101110010011000011101010111001 #"
#2737
b1011001000011 D
b1011001000011 d
b1111100101101001100101101110010100000101001111010101100101010100 #"
#2738
b10111100110001 D
b10101100110011 d
b110001101000010011011010100011110010100110011111011001110110 #"
#2739
b11101100110101 D
b11000100110101 d
b110001010010100101100100000001010001101011001011111000000 #"
#2740
b11010111111111 D
b11010011111011 d
b11010100000101111000111001011101010001111001101010100111010 #"
#2741
b11111011111011 D
b11111010111011 d
b100100111011011001110010110100001010111011001100101011111011 #"
#2742
b11111111111111 D
b11111111111111 d
b11010100000100110110110101011110000101011100101010111000001 #"
#2743
b10100110101010001101001011011100100000110110000100100100010010 #"
#2744
b1001010101100010100000000100111001011001110110101111011111010 #"
#2745
b11010011100100100001111001010111100100111000011010111110111010 #"
#2746
b11111000011110 D
b11111010011110 d
b1100101011111011000011100010111011011010001101111100001100 #"
#2747
b11010010001100 D
b11010010001100 d
b1101001000111110110011111101100011001111101100010110000110010000 #"
#2748
b11000010000011 D
b11000010000011 d
b1101101011111100100000001000011111011011101011101001000000111000 #"
#2749
b10101001010000 D
b10101001010000 d
b1011101110101011011001000001010000101101011101010101010010000111 #"
#2750
b1010111011111 D
b1010111011111 d
b1011010010111100010011100010100111000101001010101000001000110001 #"
#2751
b11101111011 D
b11101111011 d
b10001001111010011010101110001001011000000000100010010101000101 #"
#2752
b0 D
b0 d
b100011110111010111110010110111111100110010111010010110000000011 #"
#2753
b100110000110110010011101001101011100101100110101101100101001111 #"
#2754
b10110111011111101001101011011010010010010011111110111011100000 #"
#2755
b1100111111001111001000110000010010100011010011000000000101100100 #"
#2756
b100101011000 D
b100101011000 d
b1011100010100000000110001101011010110101000110011011000010001111 #"
#2757
b1100001101011 D
b1100001101011 d
b1001001001101001101101011000011100000100001010110110010111110100 #"
#2758
b10000101111000 D
b10000101111000 d
b1100011000001001110111111000110101010010010010110010000000100110 #"
#2759
b10110100011000 D
b10110100011000 d
b1111110101100101000010111010100101001000000101010010100011000010 #"
#2760
b11100110100101 D
b11100110100101 d
b101000111100101000010111101010001000000101010011010100101000111 #"
#2761
b11110000111111 D
b11110000111111 d
b110010001100001111000111001111111110001111000111010101001111100 #"
#2762
b11111111111111 D
b11111111111111 d
b100011100000011010001110011100010011001001110110111101100001010 #"
#2763
b1110000001010110111101001110010101111110000110110101000111 #"
#2764
b1011000101010111111011010100010110000000111000000111001100100001 #"
#2765
b101101100110000010001101001101000110000000111010000000011011111 #"
#2766
b11011101001101 D
b11011101001101 d
b1010001001010000100001010001110100100110101000011001000111010100 #"
#2767
b11100001101001 D
b11100001101001 d
b1011001101101111010010000011010000000110001100110111100100110101 #"
#2768
b10011100011100 D
b10011100011100 d
b11000100100011111101101001111101001101010100011001101010100100 #"
#2769
b1111110010010 D
b1111110010010 d
b110000011001111011100110111001100011110110001001111000011100100 #"
#2770
b1001000111010 D
b1001000111010 d
b100100000101110010010111110100011010010100110001101010010010100 #"
#2771
b1001011110 D
b1001011110 d
b10101100001010010101110100001110001101100100000111110010000001 #"
#2772
b0 D
b0 d
b1101001111100000000110001000100010011110001110110111110101100110 #"
#2773
b1001101100000001011000011011111010111001110011000110001111101111 #"
#2774
b1001010000011010110110101100101000011001110100011110110000100111 #"
#2775
b1011110010001011000111000001010000110010001000101100101101101001 #"
#2776
b111001001110 D
b111001001110 d
b1111001111100110011001000010001001100000001010001100000011001001 #"
#2777
b1111111011111 D
b1011110011111 d
b11100010100010001111010110111000100011111011100100001001010001 #"
#2778
b1011110011111 D
b11011111011111 d
b11001111001010001011110001001000001011010101000001001100000000 #"
#2779
b11011001110111 D
b11011001110111 d
b10101010000100000000011000000110111100111001110010110000011100 #"
#2780
b11001001110100 D
b11011011110100 d
b1111011011001101111111001000010110111001111001100001100101100101 #"
#2781
b11010111010001 D
b11011111010001 d
b1100111101101011001101010101011011011000110011110010110111100000 #"
#2782
b11111100100010 D
b11111111101110 d
b1011000101010110101000011010001011100111111000110100000000001101 #"
#2783
b11111111111111 D
b11111111111111 d
b1100011011011101101000101100010100011101100101100101100001010011 #"
#2784
b1110010010001010010010111110001000011111101101100101100101111011 #"
#2785
b1100000000000100001110000110001010101000111011010011101 #"
#2786
b11110110111011 D
b11110110111011 d
b1111110101111110001001110000001011111111110101110000000110111101 #"
#2787
b11101110001111 D
b11101110001111 d
b1011101011011111100110011000100001111111010000000000111001110 #"
#2788
b10111101010111 D
b10111101010111 d
b1111000101001000011011111001001011100010010000111101111100001100 #"
#2789
b10100011110111 D
b10100011110111 d
b1111011111110011100101101000001000000111101110001110100111100000 #"
#2790
b1010001111111 D
b1010001111111 d
b1111001011110010110011100010101111111000111001101101011011101010 #"
#2791
b10110110101 D
b10110110101 d
b1110011000011000101010001101100011111110001010110100110101010000 #"
#2792
b0 D
b0 d
b1101010100110110001000000111110101111001010010101000111111 #"
#2793
b1101101010100001001100000100010000000001011111100001110100111011 #"
#2794
b1101100110010010110100000100000011110000001110111111010110101011 #"
#2795
b1101111000110100001101110000011100011101110111000110110001010100 #"
#2796
b101100111110 D
b101100111110 d
b1101000101101010001000100101001000011100000010100101000101001011 #"
#2797
b1100111110110 D
b1100111110110 d
b1111100000101110000101011001001010011000110100111111000001 #"
#2798
b10001100000011 D
b10001100000011 d
b1000101110001011101001101010100010011000101001011010110101100 #"
#2799
b10111000101100 D
b10111000101100 d
b11001111000000101100011101101100011100111100001001011100101011 #"
#2800
b11101010111000 D
b11101010111000 d
b10011001001010111010100000000111010001001000010110111111100011 #"
#2801
b11110100001011 D
b11110100001011 d
b1111000011101111010111010000001111001111111010110001010001010110 #"
#2802
b11111111111111 D
b11111111111111 d
b1100101011110101010010101110110011011000000100010100000001001010 #"
#2803
b1111010111101001010110111111100001110011110000100001111110111011 #"
#2804
b1010111000011101101111100010000001010101011110101111100011010100 #"
#2805
b11111101100101 D
b11111101100101 d
b1110100101100100000100010010000101001101010010100100111001101100 #"
#2806
b11011001100101 D
b11011001100101 d
b1001010010000010001100101011101110100011011000111110000010011 #"
#2807
b11001110000101 D
b11001110000101 d
b110000011111011100001001100101000011101001100010100101101010010 #"
#2808
b10010111111111 D
b10010111111111 d
b101010101101101011011011001101111111100110011011010110100011010 #"
#2809
b1111101011110 D
b1111001011110 d
b10000110110000010000111010111010101000111111110011010111101111 #"
#2810
b1111001110010 D
b1000001110010 d
b1101111101111011000101011101101010101011000000010011101101001011 #"
#2811
b1110000 D
b1110010 d
b1010011100010111011000101100101011010111011000000100001100101010 #"
#2812
b110000 d
b1000001010000010100110001010000100100111101001110011110100000010 #"
#2813
b0 D
b0 d
b1100101011110101011101000111000101100010110100101001001100001010 #"
#2814
b1110010101100000110101110101011000111010001110001000101111000011 #"
#2815
b110001110100000101010110011000110001100111010110111001010001101 #"
#2816
b111011010010 D
b111111010010 d
b110101000011110111001111100100000101010101111111101100110001010 #"
#2817
b111111010010 D
b1111111010010 d
b100100010011110111011000100010110110000011101111010000001100011 #"
#2818
b1110100011001 D
b1110100011001 d
b10001110001101101001001011110110110010001011010000011001101001 #"
#2819
b10010110100110 D
b11010110100110 d
b1010001101100100011100001111001110100000010101100111000111000011 #"
#2820
b11001100100110 D
b11001100100110 d
b1011110001101111100001100011011100011011101010110100101001011001 #"
#2821
b11011001111010 D
b11011001111010 d
b111110100010010100110100100011100100001101000100101000001111001 #"
#2822
b11111101111010 D
b11111101111010 d
b1110101010011110101000000110011000110001111011010001010111 #"
#2823
b11111111111111 D
b11111111111111 d
b10100110100001110000101110010001010000001101010000101001101010 #"
#2824
b110011101001100110001110101110101000101110011011000001110011110 #"
#2825
b101110111000111110010010110101111100111100011110010100000000010 #"
#2826
b11110011101101 D
b11110011101101 d
b11010000111011110101001101110110110010010001011001001111010111 #"
#2827
b11101011010100 D
b11101011010100 d
b1110100110100010011011000110000011001000011000101000001000111010 #"
#2828
b10111001101001 D
b10111001101001 d
b1101010100101100011001101000010011010100110010010010010111011101 #"
#2829
b10001110111101 D
b10001110111101 d
b1010000110001001110110010101010100100111011000001000110101010100 #"
#2830
b1101011010110 D
b1101011010110 d
b1110111110111010001111011101110100110010001000111000110001110000 #"
#2831
b101111000101 D
b101111000101 d
b110110010111111000000111100001100000000100101010111011100010 #"
#2832
b0 D
b0 d
b11000001010011011010001000011100110101100101100110100111101111 #"
#2833
b100110010001010000001010000110000001000111101011001010100001111 #"
#2834
b10110001110111101001101010000011101111001111010011111110000101 #"
#2835
b1110100000001001101100100011111010010110110101011100100111001 #"
#2836
b10100111000 D
b10100111000 d
b1111000110000001011101011101010100000000101001100111100100000101 #"
#2837
b1101110100001 D
b1101110100001 d
b1111100100000110010110101010000111011010101100010001101101111000 #"
#2838
b10100010001010 D
b10100010001010 d
b1110100001101000110010010001000000110011110111101000110111101100 #"
#2839
b10111100111110 D
b10111100111110 d
b1011001110101001100000011000011111011000010101011010011010011 #"
#2840
b11101110010001 D
b11101110010001 d
b1000000101000001011110101100100101010111100111000101000110 #"
#2841
b11110110000100 D
b11110110000100 d
b1011010000110010111011111010100001010100110100001100110001010 #"
#2842
b11111111111111 D
b11111111111111 d
b111100111000010111111100001000000010001010000000000111101101 #"
#2843
b1010011001111010101000011100100011000101110000100000011001101 #"
#2844
b1010001101111010000110010110000010011111100101000011001111000 #"
#2845
b11111100010011 D
b11111100010011 d
b10110001101100101001101111111111110100101110100001101111110110 #"
#2846
b11111111010101 D
b11010111010111 d
b10111100011010110000111111000100000101101000001110101010010100 #"
#2847
b11011111111101 D
b11001001101101 d
b1110011010100111010111110101011010111100111111101110101111110 #"
#2848
b11011011101111 D
b10011010101111 d
b1111110101100100011101100000011011010111101011100001001101001011 #"
#2849
b11110010101110 D
b1110010101110 d
b1110100000001001111011100010101011100100010110101011000110011111 #"
#2850
b1111010111111 D
b1111010111110 d
b1101010100100101011000000110100100001001000001110010011111101111 #"
#2851
b111010110001 D
b111010110001 d
b1111010010110111100010010001001000110010111010100000110110001110 #"
#2852
b0 D
b0 d
b111011011001101010111011000000111101011100000011110100100101 #"
#2853
b100100000101101000110110110000000110101000001100011011100111001 #"
#2854
b110001001010111000001000000010111101101101110001000000001001100 #"
#2855
b110000000 d
b100011111111110010111110000010011001111010010111010101000000111 #"
#2856
b110001011 D
b110001011 d
b1011011100001011010101110110110011110101100100101011100010111 #"
#2857
b1000101010001 D
b1000101010001 d
b1101100100111111011110111110001110101001000010100011101100110010 #"
#2858
b1111011111110 D
b1111011111110 d
b1011000110111100110110100011101011101000110110001110010101101101 #"
#2859
b10011101001100 D
b10011101001100 d
b1011101100001011010110100011011100110011110010110000001110110010 #"
#2860
b11100000100000 D
b11100000100000 d
b1110100100001110111001011001100001001100100010001011101100110100 #"
#2861
b11011100100001 D
b11011100100001 d
b100010011110100101101000000000101011011111110000100101010110011 #"
#2862
b11111111111111 D
b11111111111111 d
b110011100101011110001111111010000011111000000000011001110110010 #"
#2863
b111010111110110011111110011111011001011010000111100000011111111 #"
#2864
b100000101111001001010101011010010001111111110001100110000101010 #"
#2865
b1101110001001111110000110001100110010010101100001110011111100100 #"
#2866
b11110001101101 D
b11110001101101 d
b1101000011011101110001110010111110011111100110010100101000001111 #"
#2867
b11101000000010 D
b11101000000010 d
b111100011011111001000110011001000101111010110101100100011001000 #"
#2868
b10110100101111 D
b10110100101111 d
b1100101010111101010000111011010100001100010101001011010011101000 #"
#2869
b10001001011011 D
b10001001011011 d
b1100111000001001111110011001110100011110111011001000110011111 #"
#2870
b1100100100110 D
b1100100100110 d
b100111111110010000111011010110100000100010110100100011010010100 #"
#2871
b100111000101 D
b100111000101 d
b111011101010101100100010111010000110001110000011001001001000111 #"
#2872
b0 D
b0 d
b110011010000011110101111001100101110010111011110001000110001010 #"
#2873
b1110110111101001011101010111110110100100110100110111001100101010 #"
#2874
b1111001100111101011011111010010110001011011111110111010110001010 #"
#2875
b111111010101110011101100101001111100100100001011010110100111111 #"
#2876
b11100101011 D
b11100101011 d
b1011111100100000100010011000100000100101001001010101010010100100 #"
#2877
b1010100011101 D
b1010100011101 d
b1110100001000001011101100100001100111100000101000110011100000011 #"
#2878
b10101000000101 D
b10101000000101 d
b1110110011100000011011011001101010010111011110010101101010100 #"
#2879
b11000001110001 D
b11000001110001 d
b101100111000011101001001100011100000000011100001001011110111110 #"
#2880
b11010001000111 D
b11010001000111 d
b100000111010011110101010111010011100100110111110100010111101011 #"
#2881
b11110111111000 D
b11110111111001 d
b10110000000000100000010001001110010011101111101000100000010100 #"
#2882
b11111111111111 D
b11111111111111 d
b1110101011110010000001001001011111001000101001001001110010001110 #"
#2883
b1100010110110100011000100111011110111001101000001111011010110000 #"
#2884
b1100001010111000001100110011010111111101010111111011011111001110 #"
#2885
b11111101111111 d
b1110000011111110010011101011110000011001011011110001010110000111 #"
#2886
b11111101110110 D
b11111101110110 d
b1111011101111100101001100110111000011100001101011101000100010011 #"
#2887
b11010101000110 D
b11010101000110 d
b1000000000001010011000011111000001110010010100011001010110010 #"
#2888
b11101101100010 D
b11101101100010 d
b10001011101110110011100001010011110110001110001010001101010000 #"
#2889
b10101101100000 D
b11101101100000 d
b11101100000010001101100010011011100111010011000000111111100 #"
#2890
b1011100100001 D
b1011101100001 d
b110000101001000101010110011011101110110111100000101100111001 #"
#2891
b110011010011 D
b110011010011 d
b1110010111000010011111010010000111001111111110010011100010001010 #"
#2892
b0 D
b0 d
b1111100001101111010100110010100111111110111111001100101010111001 #"
#2893
b1111011010110010011000111011111011010101101001000101101100100011 #"
#2894
b1110110111010011000111011001011100000100100010000111111010111101 #"
#2895
b1101010101011011101011000001001100111010001110111011001001001010 #"
#2896
b100000000100 D
b100000000100 d
b1101100001110100101010111110000011110110001101011110000101010101 #"
#2897
b1001101001100 D
b1001101001100 d
b1110100110100001011000011010100000001011011111010010101101111101 #"
#2898
b10000001100000 D
b10000001100000 d
b1101110111111001001011010000100000010110111011011010001100101110 #"
#2899
b10110001011011 D
b10110001011011 d
b111001001101100010110101110000011110000100000110111101010111 #"
#2900
b11100100111000 D
b11100100111000 d
b1111101111101100011000010110100000001101101110111100110010110 #"
#2901
b11011111011011 D
b11011111011011 d
b10001111100100101111111101110011101000100100010000100101001010 #"
#2902
b11111111111111 D
b11111111111111 d
b110101000010100111110111001110111100001011111000100011000100 #"
#2903
b1110000000111000001001001010011111000001010000100111101000110111 #"
#2904
b1011000111000000101100011011111111001000011000110100011011101011 #"
#2905
b1010100001001001100000101001011100010000000011110100110001110000 #"
#2906
b11011110110110 D
b11011110110110 d
b1011111010001010000011110001101000111100001111110011100110111111 #"
#2907
b11100100010010 D
b11100100010010 d
b1110100000011110110100011101111001001100011011011000010011011100 #"
#2908
b10011111100101 D
b10011111100101 d
b100011011100001100110100001110000111101001010111101010101111101 #"
#2909
b10000010011011 D
b10000010011011 d
b100000010111010101010111011111000000100110111100000100010100010 #"
#2910
b1001101011011 D
b1001101011011 d
b100000001111110110000011111110010111010101001100111010010110100 #"
#2911
b1110101011 D
b1110101011 d
b1111011001111010110010110100101110011010101000101100011110101011 #"
#2912
b0 D
b0 d
b1011100010110010101100001100010010100111110100011111101111101011 #"
#2913
b1000011110101100011110110000000111110010001000101110011001111100 #"
#2914
b1000011101010111100011000100010100101110010010110011010110111000 #"
#2915
b1110011010000100011010000010100101110110101011001001010000010110 #"
#2916
b110100010101 D
b110100010101 d
b1111001111010111110110000010010001010011001010100111011110111101 #"
#2917
b1111110110000 D
b1011010110000 d
b1001000010001110010011001010110001000101011101010011110100100110 #"
#2918
b11111111111100 D
b10101101101100 d
b1100110000010100110000110101011101111011110101010000110111010 #"
#2919
b11101101101111 D
b11000101101111 d
b110001100110100000101100101010101100101001011011111010010101101 #"
#2920
b11010101111111 D
b11010100111111 d
b1010011111011011111010100000011111100000010110000101001011100010 #"
#2921
b11111110111111 D
b11111110111111 d
b1100001000111111100010101101100010000111101110000110111111101101 #"
#2922
b11111111111111 D
b11111111111111 d
b100110010110110111100101111001001001010101101001110001010101101 #"
#2923
b1110010111000101111011011010111101010100111100001111111000100010 #"
#2924
b1100001100101100000101001010100101011001000010011100010110010010 #"
#2925
b110111101000011100011011000000001110001100011011101000110010111 #"
#2926
b11111000001100 D
b11111001001100 d
b11010110010101111001100000000111110011000101001110100100101110 #"
#2927
b11010001000001 D
b11010001000001 d
b100111101010100001110010001110011011101010001000111100111110010 #"
#2928
b11000001000110 D
b11000001000110 d
b1111111010100010011000101000011110100010011011010000111001101000 #"
#2929
b10101000001100 D
b10101000001100 d
b1011100100111110110011110001011111010001100110111010111111010110 #"
#2930
b1010110010100 D
b1010110010100 d
b1010110101111111001000010101111111101000101101111110010000110110 #"
#2931
b11011011000 D
b11011011000 d
b1110011111101111111010011001111010111000001111110100000100110111 #"
#2932
b0 D
b0 d
b1011100110010000100110001001000111110011000001100001011001 #"
#2933
b1111001001000100001011010011011101011000010100111001111011100010 #"
#2934
b100010010111100000110001111110000100110101100001110101111001111 #"
#2935
b10111110010101010110101101011011111011001001111100011101010011 #"
#2936
b100111011100 D
b100111011100 d
b111011010111001101000100010011100111101101001011010101000111 #"
#2937
b1100011010011 D
b1100011010011 d
b1111100111111000101011100011010011100011010101110011011000101000 #"
#2938
b10001000001111 D
b10001000001111 d
b1101011010111001101100010011110011100101101001000011101110111011 #"
#2939
b10110101110101 D
b10110101110101 d
b1101101110111001101101001100000100100011000001011001010101001010 #"
#2940
b11101000000001 D
b11101000000001 d
b1110100100001100100101000111010000001101100010011000111000100011 #"
#2941
b11110010000101 D
b11110010000101 d
b1111011010000111011110011101000001000010011000100110000001101011 #"
#2942
b11111111111111 D
b11111111111111 d
b1100110001111001111000101111010100010011100111100110101010100 #"
#2943
b1100111100010110110000100000100100110110000001111111001110 #"
#2944
b111011101111011010010111101100001100100011110101110101000000 #"
#2945
b11111110101100 D
b11111110101100 d
b1111100111100100110010001010100100100010000110101110001011000001 #"
#2946
b11011011101001 D
b11011011101001 d
b1011110100001101000100110101000001111100000110011010101011000 #"
#2947
b11100000000110 D
b11100000000110 d
b1000000000101001001000100110000001000001110100001100100010110 #"
#2948
b10011011010010 D
b10011011010010 d
b10010000010100100110001001101000000100001011010011111001110010 #"
#2949
b1111101011001 D
b1111101011001 d
b1111001011010110000011001101000011100110110010111101011011010100 #"
#2950
b1000110011001 D
b1000110011001 d
b1111111100101101110010011010111111110000100011000011101010101000 #"
#2951
b110010110 D
b110010110 d
b1100010101001011111001111110000100001011101010100100101010100101 #"
#2952
b100000000 D
b0 d
b1110000000011110110110001110100000100010101000110111000010110110 #"
#2953
b0 D
b1111101100111100010001001001110101011000101001100110001100000101 #"
#2954
b1001010100010011101011001000100101100010001001000000010000000 #"
#2955
b101010100 D
b101010100 d
b101110111011000001110101100100101001001000011010100100011011111 #"
#2956
b110101110110 D
b111110110100 d
b100000111110001101010011000001111011100111001011101110011011001 #"
#2957
b1111010101011 D
b1111011101010 d
b11011111010111101111100001110100111111101111100110010000010100 #"
#2958
b11110011001111 D
b11110011001111 d
b1110110001011101000100111000101110110101000001100010011110101100 #"
#2959
b10010011011111 D
b11011011111111 d
b1001010000000101111011000001100110000010101001100010001111111110 #"
#2960
b11001001111110 D
b11011111111110 d
b1000001100000001110100010101010100101110000011110101001001000111 #"
#2961
b11010111111111 D
b11011111111111 d
b1111001001110011000000010011000101000101111001010111101111000100 #"
#2962
b11111100101101 D
b11111111101101 d
b1111011101101000010001101101100101110000010010100111010000100000 #"
#2963
b11111111111111 D
b11111111111111 d
b101111111100010010001011001011001100000011111000011010001111010 #"
#2964
b111100100000101001100011011100111110011100100011111011001101000 #"
#2965
b101111110010001110101101111100111101010110010001010010100010111 #"
#2966
b11110101101000 D
b11110101101000 d
b10001001001101111010111000011001100111010001100110110010000111 #"
#2967
b11101101001101 D
b11101101001101 d
b1101000100111111111100011101011111100000001111111011110000110110 #"
#2968
b10111101000001 D
b10111101000001 d
b1000000010011010111100110111101111001100110011101101010001011100 #"
#2969
b10100010010111 D
b10100010010111 d
b1010000011010101010010011101100111000101100110110101100111011 #"
#2970
b1101111101110 D
b1101111101110 d
b100101110110110111011010101101010000001101000010010001010111101 #"
#2971
b10100010010 D
b10100010010 d
b1110111000101010111000001110100001100000001000010010110000100111 #"
#2972
b0 D
b0 d
b1011101111111010110010110100000000110010011000111101101010010110 #"
#2973
b1111101000001100111010001101110111110100001110000111000001100101 #"
#2974
b10001101010101011111111001100001110011000111011110000000111000 #"
#2975
b1111001101011100110000011100100011001100110001101100000110110100 #"
#2976
b101111010100 D
b101111010100 d
b1100110110000110011111001111010110100011110011010110001111101000 #"
#2977
b1101001001111 D
b1101001001111 d
b1000111001000110001111000101001000010011011000111010110111000010 #"
#2978
b10001101101011 D
b10001101101011 d
b1110101100010110001111101010010101010011100111000010011111010001 #"
#2979
b10111001111101 D
b10111001111101 d
b1111111101010111110000100100111001001000000011100111010001111001 #"
#2980
b11101011100001 D
b11101011100001 d
b101101110010110100110011111001001011000110000100011011110100000 #"
#2981
b11110100100010 D
b11110100100010 d
b101111110010000100011100110111111100110011010001010010010101111 #"
#2982
b11111111111111 D
b11111111111111 d
b101010010111010010011111101010111011100000011000000011100101000 #"
#2983
b1111111000010111101000001110010100110010110110111101111100010 #"
#2984
b1101010110000010001001110110101011000100000010000000000000101101 #"
#2985
b11111101001001 D
b11111101001001 d
b1110011101100011100111000100001011010101110010111100000111000001 #"
#2986
b11011001000010 D
b11011001000010 d
b1100000111111001001111111010111100100101001000000111001101001110 #"
#2987
b11001100011101 D
b11001100011101 d
b110011000001100000110011111000101000011000101001110101000010 #"
#2988
b10010101111100 D
b10010101111100 d
b10111100100010010001100111000011011111010110000011000101010 #"
#2989
b1110110111101 D
b1110110111101 d
b100100101010100110111010000110100010110001000100010101001011010 #"
#2990
b1111111010101 D
b111111010101 d
b10101000011000010011110100011011100000110000010011010100111001 #"
#2991
b111111010101 D
b1100010101 d
b1011010111110001100010110000111101000100000010101111011010010 #"
#2992
b0 D
b0 d
b1100001100111001011100110001111011111111110100111100100000010 #"
#2993
b1110100100000010001110010111001011011000101100001101001010110101 #"
#2994
b1110010110010010000001111000011111101000101010011111110010010 #"
#2995
b110011010 D
b110011010 d
b1111010011110110011101011111000111101000101010001011000100101011 #"
#2996
b110111110 D
b1000111111110 d
b1111111110110101100110100001010111101100010101010110001111010101 #"
#2997
b1000001111110 D
b1110011111110 d
b101001110011101101010011100100000010111001000101100111010101 #"
#2998
b1110111010010 D
b1110111010010 d
b1101111100001111101001000000110111010000101000001000111010101110 #"
#2999
b10011000110001 D
b10011000110001 d
b10011000011100101100110100000110100011011001100010010000101 #"
#3000
b11001101101110 D
b11001101101110 d
b1111110010111111001011111011110111101010110010100011101001010010 #"
#3001
b11011010000100 D
b11011010000100 d
b11100011111000110010110000010100011110101000001001001111010110 #"
#3002
b11111111010010 D
b11111111010010 d
b10001110110000011111001000000011111100110111000010000111011010 #"
#3003
b11111111111111 D
b11111111111111 d
b100001011110000100000011100001010101011000110100010111110011100 #"
#3004
b1101110010111101011000010101000011101111100001011010100110111101 #"
#3005
b1011001000101111101011001001001111000111000010000000010110001 #"
#3006
b11110011001000 D
b11110011001000 d
b1101101001011010001000001110001110111110101101011001000001111101 #"
#3007
b11101010000000 D
b11101010000000 d
b1101000000010111001111101110011100000110111000011001000110100100 #"
#3008
b10111000010000 D
b10111000010000 d
b1111010001100110011011000101101000110011101011101111111011111010 #"
#3009
b10001100101011 D
b10001100101011 d
b1110010110101101111011110111110001000111000011110110101111101111 #"
#3010
b1101001000010 D
b1101001000010 d
b1011000101000111100100100001110000011001010001101010001011001110 #"
#3011
b101100011011 D
b101100011011 d
b1111011000110001110010010101010011001011001010101001000101101110 #"
#3012
b0 D
b0 d
b111011110100010000001101010110110100101011001100111001100110010 #"
#3013
b1011100110110100110110000001001110000001001000101001011000000110 #"
#3014
b1001111101000011010010101000001111011000000101100000100101010000 #"
#3015
b1100000100001101111100001011010010100000000000010010101000100011 #"
#3016
b10111110011 D
b10111110011 d
b100111011110100101001010010110111101011110000101100110011001010 #"
#3017
b1010000001010 D
b1010000001010 d
b1010111000110000010000111001101101101111101011000100000001111110 #"
#3018
b10100011100011 D
b10100011100011 d
b1110100110011000010110111000000010010011000001101100111110111000 #"
#3019
b10111110110010 D
b10111110110010 d
b1010111101011101101000111010100101011100010100000111101101000101 #"
#3020
b11101111001000 D
b11101111001000 d
b1011111111110101110111000111111100001100110101000001101011001001 #"
#3021
b11110111001110 D
b11110111001110 d
b111000001100000001001011110000001100100100101010011110011010111 #"
#3022
b11111111111111 D
b11111111111111 d
b101011110100011000000011110110101000000100110001000001111110 #"
#3023
b1001001000001111000011111011111100100000101111100011100001010100 #"
#3024
b1110011011000010111100110111011011000010101010001000010001001 #"
#3025
b11111111011110 D
b11111011011110 d
b100101001101110111111001111101000101110000110110000111010101101 #"
#3026
b11111111011001 D
b11010110011011 d
b101001101000001111000011111001000100010110010001010101111010100 #"
#3027
b11011110111011 D
b11001100111011 d
b1110110000000110100111100011010110111011100010010010001010011111 #"
#3028
b11011000101111 D
b10011000101111 d
b11001111010010000001011111110110101000111001101111100001 #"
#3029
b11110001111111 D
b11110001111110 d
b100011011000101011110101110000010111010110110000100011100111111 #"
#3030
b1111001111111 D
b1111001111111 d
b1100111100111110110100110101010101010000000110100001100000110010 #"
#3031
b111000110001 D
b111000110001 d
b1011010100010000011011000010011100100010011111000101001110110110 #"
#3032
b0 D
b0 d
b1000110101010000011110010001000010000100111001101011011010110011 #"
#3033
b1100011110111011001111100100110111000010011111011111001101110010 #"
#3034
b1111000100100011110110010010011111101110010110101010110111010101 #"
#3035
b111101110111011001011101101101010011101000101001001010101000 #"
#3036
b1010100100 D
b1010100100 d
b11111111100010011001111001000000001110000010011110001010110110 #"
#3037
b1001000000001 D
b1001000000001 d
b10110010100010100111110001101010100100011000010010010000101010 #"
#3038
b1111101011111 D
b1111101011111 d
b1100111100011101010100001110010000010101110100111010001101110101 #"
#3039
b10011101100001 D
b10011101100001 d
b1010011011110100101100000010110001010000111000000111011001101 #"
#3040
b11100001010110 D
b11100001010110 d
b1000111001001010110000101111110000100110100001111011101101101011 #"
#3041
b11011101101001 D
b11011101101001 d
b1111101011010000011000101000011111101101001101101011001110110100 #"
#3042
b11111111111111 D
b11111111111111 d
b1100101111101011110110101001011000110100010001110011111100000111 #"
#3043
b1110111111000000001010000100010100010001001110001111101101111000 #"
#3044
b1011100101011000111101111001000001110010110001011101111001010 #"
#3045
b1101110110011110001100011000100000000101111000001110000111001110 #"
#3046
b11110000010011 D
b11110000010011 d
b1111101111101000100101100010001000001011011101101101000010111111 #"
#3047
b11100110011011 D
b11100110011011 d
b1101101011010010100100110011110101010111011001110100101110 #"
#3048
b10110010111101 D
b10110010111101 d
b1111011110110001101101000101101000010010111000110010110010011110 #"
#3049
b10000111111100 D
b10000111111100 d
b110001010010011101111010111000001001011110101111010010110011 #"
#3050
b1100011000010 D
b1100011000010 d
b1110011010110010010000000001101011011101000000100110100001000111 #"
#3051
b100100010110 D
b100100010110 d
b1111101010001111110000000011110011111000111001001110110101101011 #"
#3052
b0 D
b0 d
b1100010111010010000101111011001011100010011011100001111000111011 #"
#3053
b1101010000011000101010000100000100011011010011010111001101100000 #"
#3054
b1011111101010000000011010101111000111010011110100100000110010011 #"
#3055
b111100101010011010100011010100110111011001111011110110111011 #"
#3056
b11111101010 D
b11111101010 d
b10111010000011100101011010101000011001100011101001000111101 #"
#3057
b1010101111111 D
b1010101111111 d
b101010010011000010101100101100100000001010100101111100110011100 #"
#3058
b10101010001000 D
b10101010001000 d
b1101111101011001111000111001111110100111000011110110100001101 #"
#3059
b11000011000111 D
b11000011000111 d
b111101100110011100100011111010111101101010010001100100110100010 #"
#3060
b11010010100100 D
b11010010100100 d
b1101010010100000110001101000101011110100001001101001011001100110 #"
#3061
b11111011010101 D
b11111001010101 d
b1001011101111110000101100111010011001010101011101001010111100001 #"
#3062
b11111111111111 D
b11111111111111 d
b1010001110101000101000001010001001010100111000100010110000100000 #"
#3063
b1110011010010110100001000100100101011100110000001111100000110011 #"
#3064
b101000101011110110000001111101101000001010001111100010100110 #"
#3065
b110111001100101011111001011010101010000101100011011000000100010 #"
#3066
b11111011100100 D
b11111011100100 d
b100100111111011000001111100111111010110111010000000101110001010 #"
#3067
b11010011100110 D
b11010011100110 d
b100000011011110100010011000111011001101101001101100111110010100 #"
#3068
b11000011000010 D
b11101111000010 d
b1111010010001111000110101011111011001100111110111001001101010011 #"
#3069
b10101100010000 D
b10101100010000 d
b110110001111001010110010110111111111110100101011100100101100000 #"
#3070
b1011011000010 D
b1011011000010 d
b101000011000100110011010010010100011010111111100111110111110110 #"
#3071
b110000111010 D
b110000111010 d
b110101110010000111110001001011100111101010011110110111110110001 #"
1c"
#3072
b0 D
b0 d
b10111010000011100101011010101000011001100011101001000111101 #"
0c"
0d"
#3076
b100010000010 D
b100010000010 d
#3077
b1001111101100 D
b1001111101100 d
#3078
b10000011011101 D
b10000011011101 d
#3079
b10110001101101 D
b10110001101101 d
#3080
b11100110010001 D
b11100110010001 d
#3081
b11110000001001 D
b11110000001001 d
#3082
b11111111111111 D
b11111111111111 d
#3086
b11011110001001 D
b11011110001001 d
#3087
b11100010110001 D
b11100010110001 d
#3088
b10011110111101 D
b10011110111101 d
#3089
b10000001010101 D
b10000001010101 d
#3090
b1001011011100 D
b1001011011100 d
#3091
b1011110100 D
b1011110100 d
#3092
b0 D
b0 d
#3096
b110110011000 D
b110110011000 d
#3097
b1111110110101 D
b1011100110101 d
#3098
b11111111111111 D
b10101111111111 d
#3099
b11101111111111 D
b11001111111111 d
#3100
b11010111111000 D
b11010111111000 d
#3101
b11111111101000 D
b11111111101000 d
#3102
b11111111111111 D
b11111111111110 d
#3103
b11111111111111 d
#3106
b11110110110001 D
b11110110110001 d
#3107
b11101111001010 D
b11101111001010 d
#3108
b10111110100111 D
b10111110100111 d
#3109
b10100110001101 D
b10100110001101 d
#3110
b1010100000000 D
b1010100000000 d
#3111
b11000011101 D
b11000011101 d
#3112
b0 D
b0 d
#3116
b101010010010 D
b101010010010 d
#3117
b1100101101011 D
b1100101101011 d
#3118
b10001010001110 D
b10001010001110 d
#3119
b10110111010111 D
b10110111010111 d
#3120
b11101000111011 D
b11101000111011 d
#3121
b11110001111100 D
b11110001111100 d
#3122
b11111111111111 D
b11111111111111 d
#3125
b11111101101001 D
b11111101101001 d
#3126
b11011011100101 D
b11011011100101 d
#3127
b11001111011110 D
b11001111011110 d
#3128
b10011001000101 D
b10011001000101 d
#3129
b1111011010001 D
b1111011010001 d
#3130
b1000101011001 D
b1000101011001 d
#3131
b100100110 D
b100100110 d
#3132
b100000000 D
b10 d
#3133
b0 D
b0 d
#3135
b110101000 D
b110101000 d
#3136
b111110101011 D
b111110101011 d
#3137
b111101100111 D
b1111111100111 d
#3138
b1110011000100 D
b1110011000100 d
#3139
b10010101101010 D
b10010101101010 d
#3140
b11001010110110 D
b11011010111110 d
#3141
b11011000101110 D
b11011001101110 d
#3142
b11111101110101 D
b11111101110101 d
#3143
b11111111111111 D
b11111111111111 d
#3146
b11110100101000 D
b11110100101000 d
#3147
b11101101000001 D
b11101101000001 d
#3148
b10111011001111 D
b10111011001111 d
#3149
b10100000001111 D
b10100000001111 d
#3150
b1101101100011 D
b1101101100011 d
#3151
b10001100010 D
b10001100010 d
#3152
b0 D
b0 d
#3156
b10010110001 D
b10010110001 d
#3157
b1101100010011 D
b1101100010011 d
#3158
b10100000101101 D
b10100000101101 d
#3159
b10111011110011 D
b10111011110011 d
#3160
b11101101000111 D
b11101101000111 d
#3161
b11110110000000 D
b11110110000000 d
#3162
b11111111111111 D
b11111111111111 d
#3165
b11111100101101 D
b11111100101101 d
#3166
b11010111101001 D
b11010111101001 d
#3167
b11001110101011 D
b11001010101011 d
#3168
b10011110000111 D
b10010100000111 d
#3169
b11110100110111 D
b1110100110111 d
#3170
b1111101111111 D
b111101111111 d
#3171
b111101001011 D
b111100001011 d
#3172
b0 D
b0 d
#3175
b1111110 D
b111111100 d
#3176
b111111111 D
b1000111111111 d
#3177
b1000011111010 D
b1110011111010 d
#3178
b1111001101110 D
b1111001101110 d
#3179
b10011010100110 D
b10011010100110 d
#3180
b11001110111110 D
b11001110111110 d
#3181
b11011011111000 D
b11011011111000 d
#3182
b11111111100000 D
b11111111100000 d
#3183
b11111111111111 D
b11111111111111 d
#3186
b11110010011000 D
b11110010011000 d
#3187
b11101000110010 D
b11101000110010 d
#3188
b10110110001111 D
b10110110001111 d
#3189
b10001011101100 D
b10001011101100 d
#3190
b1100111010000 D
b1100111010000 d
#3191
b101010000100 D
b101010000100 d
#3192
b0 D
b0 d
#3196
b11010001010 D
b11010001010 d
#3197
b1010001011000 D
b1010001011000 d
#3198
b10100101110111 D
b10100101110111 d
#3199
b11000000000011 D
b11000000000011 d
#3200
b11010000100000 D
b11010000100000 d
#3201
b11110111011100 D
b11110111011100 d
#3202
b11111111111111 D
b11111111111111 d
#3205
b11111111000011 D
b11111011000011 d
#3206
b11111111101011 D
b11011100101011 d
#3207
b11010110101101 D
b11010110101101 d
#3208
b11101110111100 D
b11101110111100 d
#3209
b11111110111100 d
#3210
b1011110111110 D
b1011110111100 d
#3211
b110101101111 D
b110101101111 d
#3212
b0 D
b0 d
#3216
b1100001100 D
b1100001100 d
#3217
b1001011011100 D
b1001011011100 d
#3218
b1111111010010 D
b1111111010010 d
#3219
b10011111100010 D
b10011111100010 d
#3220
b11100011101010 D
b11100011101010 d
#3221
b11011101111111 D
b11011101111111 d
#3222
b11111111111111 D
b11111111111111 d
#3226
b11011111100111 D
b11011111100111 d
#3227
b11100101011100 D
b11100101011100 d
#3228
b10110001110011 D
b10110001110011 d
#3229
b10000101010010 D
b10000101010010 d
#3230
b1001111110110 D
b1001111110110 d
#3231
b100001110110 D
b100001110110 d
#3232
b0 D
b0 d
#3236
b110001100001 D
b110001100001 d
#3237
b1011000000001 D
b1011000000001 d
#3238
b10101011110001 D
b10101011110001 d
#3239
b11101110110110 D
b11000100110111 d
#3240
b11010111010001 D
b11010011010011 d
#3241
b11111011111111 D
b11111001111111 d
#3242
b11111111111111 D
b11111111111111 d
#3246
b11111001111111 D
b11111001111111 d
#3247
b11010001111111 D
b11010011111111 d
#3248
b11000010111100 D
b11000010111100 d
#3249
b10101001110010 D
b10101001110010 d
#3250
b1011001011011 D
b1011001011011 d
#3251
b11111001111 D
b11111001111 d
#3252
b0 D
b0 d
#3256
b100011110100 D
b100011110100 d
#3257
b1100000101100 D
b1100000101100 d
#3258
b10000101110100 D
b10000101110100 d
#3259
b10110010101001 D
b10110010101001 d
#3260
b11100100111011 D
b11100100111011 d
#3261
b11110000010101 D
b11110000010101 d
#3262
b11111111111111 D
b11111111111111 d
#3265
b11111111100100 D
b11111111100100 d
#3266
b11011100110101 D
b11011100110101 d
#3267
b11100001110100 D
b11100001110100 d
#3268
b10011100110110 D
b10011100110110 d
#3269
b1111111011110 D
b1111111011110 d
#3270
b1001001000001 D
b1001001000001 d
#3271
b1001001101 D
b1001001101 d
#3272
b0 D
b0 d
#3276
b111000000100 D
b111000000100 d
#3277
b1111110101110 D
b1011110101110 d
#3278
b11011110101110 D
b10011111111110 d
#3279
b11011001010111 D
b11011001010111 d
#3280
b11001011010111 D
b11011111010111 d
#3281
b11111111000101 D
b11111111000101 d
#3282
b11111101111110 D
b11111111111100 d
#3283
b11111111111111 D
b11111111111111 d
#3286
b11110110100011 D
b11110110100011 d
#3287
b11101110110010 D
b11101110110010 d
#3288
b10111101110101 D
b10111101110101 d
#3289
b10100100110000 D
b10100100110000 d
#3290
b1010010010110 D
b1010010010110 d
#3291
b10110101101 D
b10110101101 d
#3292
b0 D
b0 d
#3296
b101100101100 D
b101100101100 d
#3297
b1100111001101 D
b1100111001101 d
#3298
b10001011101111 D
b10001011101111 d
#3299
b10111000100010 D
b10111000100010 d
#3300
b11101010011000 D
b11101010011000 d
#3301
b11110100010101 D
b11110100010101 d
#3302
b11111111111111 D
b11111111111111 d
#3305
b11111110010010 D
b11111110010010 d
#3306
b11011010010101 D
b11011010010101 d
#3307
b11001101100101 D
b11001101100101 d
#3308
b10011000010100 D
b10011000010100 d
#3309
b1111001100000 D
b1111001100000 d
#3310
b1000010000000 D
b1000010000000 d
#3311
b10000010 D
b10000010 d
#3312
b10000000 D
b10 d
#3313
b0 D
b0 d
#3316
b111111110011 D
b111111110010 d
#3317
b1111111110011 d
#3318
b1110101010110 D
b11110111010110 d
#3319
b10010110010111 D
b10010110010111 d
#3320
b11001100111001 D
b11001100111001 d
#3321
b11011010100100 D
b11011010100100 d
#3322
b11111101111010 D
b11111101111010 d
#3323
b11111111111111 D
b11111111111111 d
#3326
b11110100000010 D
b11110100000010 d
#3327
b11101010111110 D
b11101010111110 d
#3328
b10111001111001 D
b10111001111001 d
#3329
b10001111000100 D
b10001111000100 d
#3330
b1101011011101 D
b1101011011101 d
#3331
b101111001101 D
b101111001101 d
#3332
b0 D
b0 d
#3336
b10011101110 D
b10011101110 d
#3337
b1101110010101 D
b1101110010101 d
#3338
b10100010000111 D
b10100010000111 d
#3339
b10111101100000 D
b10111101100000 d
#3340
b11101110000011 D
b11101110000011 d
#3341
b11110110000111 D
b11110110000111 d
#3342
b11111111111111 D
b11111111111111 d
#3345
b11111100000101 D
b11111100000101 d
#3346
b11010110110000 D
b11010110110000 d
#3347
b11011111101110 D
b11001001101110 d
#3348
b11011011101111 D
b10010010100111 d
#3349
b11110011111101 D
b1110011111101 d
#3350
b1111011011111 D
b111011011111 d
#3351
b111011011110 D
b111011011110 d
#3352
b0 D
b0 d
#3355
b101001000 d
#3356
b101111111 D
b1000101111111 d
#3357
b1000101110011 D
b1000101110011 d
#3358
b1111010001110 D
b1111010001110 d
#3359
b10011011111011 D
b10011011111011 d
#3360
b11100000011010 D
b11100000011010 d
#3361
b11011100000100 D
b11011100000100 d
#3362
b11111111111111 D
b11111111111111 d
#3366
b11110001111101 D
b11110001111101 d
#3367
b11100111011100 D
b11100111011100 d
#3368
b10110100010110 D
b10110100010110 d
#3369
b10001000111101 D
b10001000111101 d
#3370
b1100101010001 D
b1100101010001 d
#3371
b100111010011 D
b100111010011 d
#3372
b0 D
b0 d
#3376
b11100100011 D
b11100100011 d
#3377
b1010100001101 D
b1010100001101 d
#3378
b10101000010011 D
b10101000010011 d
#3379
b11000001001001 D
b11000001001001 d
#3380
b11010001010110 D
b11010001010110 d
#3381
b11111000100001 D
b11111000100001 d
#3382
b11111111111111 D
b11111111111111 d
#3385
b11111111111110 D
b11111001111111 d
#3386
b11111011111110 D
b11011011111110 d
#3387
b11010111111111 D
b11010111111110 d
#3388
b11001101111111 D
b11101101111101 d
#3389
b10101101101011 D
b11101101101011 d
#3390
b1011101001001 D
b1011101001001 d
#3391
b110011100101 D
b110011100101 d
#3392
b0 D
b0 d
#3396
b1110110110 D
b1110110110 d
#3397
b1001100000111 D
b1001100000111 d
#3398
b10000001010111 D
b10000001010111 d
#3399
b10110001000000 D
b10110001000000 d
#3400
b11100100000111 D
b11100100000111 d
#3401
b11011111000100 D
b11011111000100 d
#3402
b11111111111111 D
b11111111111111 d
#3406
b11011110011100 D
b11011110011100 d
#3407
b11100011110000 D
b11100011110000 d
#3408
b10011111110001 D
b10011111110001 d
#3409
b10000011011001 D
b10000011011001 d
#3410
b1001101100100 D
b1001101100100 d
#3411
b1111000010 D
b1111000010 d
#3412
b0 D
b0 d
#3415
b1011000 D
b1011000 d
#3416
b110011010110 D
b110011010110 d
#3417
b1011001111010 D
b1011001111010 d
#3418
b10111101011111 D
b10101101011111 d
#3419
b11101101110010 D
b11000101110011 d
#3420
b11010101110010 D
b11010100110010 d
#3421
b11111110110010 D
b11111110110010 d
#3422
b11111111111111 D
b11111111111111 d
#3426
b11110111111011 D
b11110111111011 d
#3427
b11010001011010 D
b11010001011010 d
#3428
b11000000010001 D
b11000000010001 d
#3429
b10100111100111 D
b10100111100111 d
#3430
b1010110011100 D
b1010110011100 d
#3431
b11011110011 D
b11011110011 d
#3432
b0 D
b0 d
#3436
b101000011011 D
b101000011011 d
#3437
b1100100000101 D
b1100100000101 d
#3438
b10000111100101 D
b10000111100101 d
#3439
b10110101001101 D
b10110101001101 d
#3440
b11101000111010 D
b11101000111010 d
#3441
b11110010010011 D
b11110010010011 d
#3442
b11111111111111 D
b11111111111111 d
#3445
b11111111010001 D
b11111111010001 d
#3446
b11011011101111 D
b11011011101111 d
#3447
b11100000100111 D
b11100000100111 d
#3448
b10011011010001 D
b10011011010001 d
#3449
b1111100110010 D
b1111100110010 d
#3450
b1000110100101 D
b1000110100101 d
#3451
b111011100 D
b111011100 d
#3452
b0 D
b0 d
#3455
b100101110 D
b100101110 d
#3456
b111111111110 D
b111011110110 d
#3457
b1111011010110 D
b1111001010110 d
#3458
b1110011110110 D
b11110011110110 d
#3459
b11011010110110 D
b11011010110110 d
#3460
b11001011111111 D
b11011111111101 d
#3461
b11010111111111 D
b11011111111111 d
#3462
b11111100101110 D
b11111111111110 d
#3463
b11111111111111 D
b11111111111111 d
#3466
b11110101101011 D
b11110101101011 d
#3467
b11101101100001 D
b11101101100001 d
#3468
b10111100011101 D
b10111100011101 d
#3469
b10100010100101 D
b10100010100101 d
#3470
b1101111001100 D
b1101111001100 d
#3471
b10100001010 D
b10100001010 d
#3472
b0 D
b0 d
#3476
b101111101111 D
b101111101111 d
#3477
b1101010000101 D
b1101010000101 d
#3478
b10001101101011 D
b10001101101011 d
#3479
b10111010001010 D
b10111010001010 d
#3480
b11101011111100 D
b11101011111100 d
#3481
b11110100111100 D
b11110100111100 d
#3482
b11111111111111 D
b11111111111111 d
#3485
b11111101011110 D
b11111101011110 d
#3486
b11011000111110 D
b11011000111110 d
#3487
b11001100001010 D
b11001100001010 d
#3488
b10010101011100 D
b10010101011100 d
#3489
b1110111001001 D
b1110111001001 d
#3490
b1110110000001 D
b1000000000001 d
#3491
b0 D
b1 d
#3492
b0 d
#3495
b1001011100 D
b1001011100 d
#3496
b1001001011110 D
b1001011011110 d
#3497
b1000010011010 D
b1110111011010 d
#3498
b1110111010011 D
b1110111010011 d
#3499
b10011001010000 D
b10011001010000 d
#3500
b11001110001001 D
b11001110001001 d
#3501
b11011010110010 D
b11011010110010 d
#3502
b11111110111101 D
b11111110111101 d
#3503
b11111111111111 D
b11111111111111 d
#3506
b11110011000000 D
b11110011000000 d
#3507
b11101001111011 D
b11101001111011 d
#3508
b10110111100000 D
b10110111100000 d
#3509
b10001100111010 D
b10001100111010 d
#3510
b1101001001010 D
b1101001001010 d
#3511
b101100011101 D
b101100011101 d
#3512
b0 D
b0 d
#3516
b10111001110 D
b10111001110 d
#3517
b1101111111100 D
b1101111111100 d
#3518
b10100011111011 D
b10100011111011 d
#3519
b10111110011101 D
b10111110011101 d
#3520
b11101110101111 D
b11101110101111 d
#3521
b11110110100110 D
b11110110100110 d
#3522
b11111111111111 D
b11111111111111 d
#3525
b11111101100001 D
b11111101100001 d
#3526
b11111111101010 D
b11010111101011 d
#3527
b11010111101000 D
b11000111101010 d
#3528
b11010111111101 D
b10010100111101 d
#3529
b11110000111101 D
b1110000111101 d
#3530
b1111000111001 D
b1111000111001 d
#3531
b111000000000 D
b111000000000 d
#3532
b0 D
b0 d
#3535
b11000000 d
#3536
b1011011111 D
b1011011111 d
#3537
b1001000111001 D
b1001000111001 d
#3538
b1111101001111 D
b1111101001111 d
#3539
b10011101111110 D
b10011101111110 d
#3540
b11100001101001 D
b11100001101001 d
#3541
b11011110000011 D
b11011110000011 d
#3542
b11111111111111 D
b11111111111111 d
#3546
b11110000010111 D
b11110000010111 d
#3547
b11100101111100 D
b11100101111100 d
#3548
b10110010101111 D
b10110010101111 d
#3549
b10000111100011 D
b10000111100011 d
#3550
b1100001100110 D
b1100001100110 d
#3551
b100100100001 D
b100100100001 d
#3552
b0 D
b0 d
#3556
b11111100011 D
b11111100011 d
#3557
b1010110100000 D
b1010110100000 d
#3558
b10101001101010 D
b10101001101010 d
#3559
b11000011001100 D
b11000011001100 d
#3560
b11010010110111 D
b11010010110111 d
#3561
b11111010111100 D
b11111000111100 d
#3562
b11111111111111 D
b11111111111111 d
#3566
b11111011111100 D
b11111011111100 d
#3567
b11010011111100 D
b11010011111100 d
#3568
b11101011111100 D
b11101011111100 d
#3569
b10101011110100 D
b10101011110100 d
#3570
b1011011000000 D
b1011011000000 d
#3571
b110000101001 D
b110000101001 d
#3572
b0 D
b0 d
#3576
b100001000101 D
b100001000101 d
#3577
b1001110110111 D
b1001110110111 d
#3578
b10000010111001 D
b10000010111001 d
#3579
b10110010100000 D
b10110010100000 d
#3580
b11100101100101 D
b11100101100101 d
#3581
b11110000000001 D
b11110000000001 d
#3582
b11111111111111 D
b11111111111111 d
#3586
b11011110000110 D
b11011110000110 d
#3587
b11100011001111 D
b11100011001111 d
#3588
b10011110011011 D
b10011110011011 d
#3589
b10000000110100 D
b10000000110100 d
#3590
b1001011111011 D
b1001011111011 d
#3591
b1101000000 D
b1101000000 d
#3592
b0 D
b0 d
#3596
b110111000010 D
b110111000010 d
#3597
b1111110000100 D
b1011100000100 d
#3598
b11111111000001 D
b10101111000001 d
#3599
b11101111111101 D
b11000110111101 d
#3600
b11010111111100 D
b11010101111100 d
#3601
b11111101101100 D
b11111101101100 d
#3602
b11111111111111 D
b11111111111110 d
#3603
b11111111111111 d
#3606
b11110111011111 D
b11111111011111 d
#3607
b11101111100101 D
b11101111100101 d
#3608
b10111111010100 D
b10111111010100 d
#3609
b10100101111011 D
b10100101111011 d
#3610
b1010100001110 D
b1010100001110 d
#3611
b11010000100 D
b11010000100 d
#3612
b0 D
b0 d
#3616
b101001110110 D
b101001110110 d
#3617
b1100101111011 D
b1100101111011 d
#3618
b10001010010100 D
b10001010010100 d
#3619
b10110111001010 D
b10110111001010 d
#3620
b11101001011111 D
b11101001011111 d
#3621
b11110011000110 D
b11110011000110 d
#3622
b11111111111111 D
b11111111111111 d
#3625
b11111110010011 D
b11111110010011 d
#3626
b11011011011011 D
b11011011011011 d
#3627
b11001111001011 D
b11001111001011 d
#3628
b10011001110100 D
b10011001110100 d
#3629
b1111011101101 D
b1111011101101 d
#3630
b1000101011000 D
b1000101011000 d
#3631
b100110011 D
b100110011 d
#3632
b100000000 D
b0 d
#3633
b0 D
#3635
b111011111 D
b111011111 d
#3636
b111111011111 D
b111110011111 d
#3637
b111100011111 D
b1111110011101 d
#3638
b1110010101111 D
b11110110101111 d
#3639
b10010101000110 D
b10010101000110 d
#3640
b11001010011101 D
b11011010011101 d
#3641
b11011000101101 D
b11011101101101 d
#3642
b11111101000011 D
b11111111000011 d
#3643
b11111111111111 D
b11111111111111 d
#3646
b11110100011110 D
b11110100011110 d
#3647
b11101100110100 D
b11101100110100 d
#3648
b10111010101001 D
b10111010101001 d
#3649
b10100000110000 D
b10100000110000 d
#3650
b1101110000111 D
b1101110000111 d
#3651
b10001100000 D
b10001100000 d
#3652
b0 D
b0 d
#3656
b10010010101 D
b10010010101 d
#3657
b1101100011111 D
b1101100011111 d
#3658
b10100000111001 D
b10100000111001 d
#3659
b10111001111110 D
b10111001111110 d
#3660
b11101101011110 D
b11101101011110 d
#3661
b11110111100101 D
b11110111100101 d
#3662
b11111111111111 D
b11111111111111 d
#3665
b11111101000010 D
b11111101000010 d
#3666
b11010111111100 D
b11010111111100 d
#3667
b11001110000111 D
b11001010000111 d
#3668
b10010011111111 D
b10010011111111 d
#3669
b1110111000110 D
b1110101000111 d
#3670
b111101000010 D
b111101000010 d
#3671
b1100000010 d
#3672
b0 D
b0 d
#3675
b1001001101 D
b1001001100 d
#3676
b1001011101 D
b1001101011101 d
#3677
b1000100011100 D
b1111101011100 d
#3678
b1111001011101 D
b1111001011101 d
#3679
b10011001110001 D
b10011001110001 d
#3680
b11001111001101 D
b11001111001101 d
#3681
b11011011010000 D
b11011011010000 d
#3682
b11111111110111 D
b11111111110111 d
#3683
b11111111111111 D
b11111111111111 d
#3686
b11110001111001 D
b11110001111001 d
#3687
b11101001010010 D
b11101001010010 d
#3688
b10110110101010 D
b10110110101010 d
#3689
b10001010110010 D
b10001010110010 d
#3690
b1100111000100 D
b1100111000100 d
#3691
b101010001111 D
b101010001111 d
#3692
b0 D
b0 d
#3696
b11001110110 D
b11001110110 d
#3697
b1010001110011 D
b1010001110011 d
#3698
b10100101101011 D
b10100101101011 d
#3699
b11000000010010 D
b11000000010010 d
#3700
b11010000000100 D
b11010000000100 d
#3701
b11110111000101 D
b11110111000101 d
#3702
b11111111111111 D
b11111111111111 d
#3705
b11111110101101 D
b11111010101101 d
#3706
b11111110111101 D
b11010100110101 d
#3707
b11010110110111 D
b11000110110111 d
#3708
b11001111101111 D
b11101111101111 d
#3709
b10101111111101 D
b11111111111100 d
#3710
b1011110111111 D
b1111111111111 d
#3711
b110101111011 D
b110101111011 d
#3712
b0 D
b0 d
#3716
b1011011111 D
b1011011111 d
#3717
b1001010011001 D
b1001010011001 d
#3718
b1111111000101 D
b1111111000101 d
#3719
b10011110111010 D
b10011110111010 d
#3720
b11100011000000 D
b11100011000000 d
#3721
b11011110010100 D
b11011110010100 d
#3722
b11111111111111 D
b11111111111111 d
#3726
b11011111111111 D
b11011111111111 d
#3727
b11100101110101 D
b11100101110101 d
#3728
b10110001101011 D
b10110001101011 d
#3729
b10000101011010 D
b10000101011010 d
#3730
b1100000011011 D
b1100000011011 d
#3731
b100010001011 D
b100010001011 d
#3732
b0 D
b0 d
#3736
b110001011010 D
b110001011010 d
#3737
b1011000101110 D
b1011000101110 d
#3738
b10101011100011 D
b10101011100011 d
#3739
b11000011111101 D
b11000011111101 d
#3740
b11010011010001 D
b11010011010001 d
#3741
b11111011011010 D
b11111010011011 d
#3742
b11111111111111 D
b11111111111111 d
#3746
b11111011011111 D
b11111011011111 d
#3747
b11010010010111 D
b11010010010111 d
#3748
b11000010010101 D
b11101010010101 d
#3749
b10101010001010 D
b10101010001010 d
#3750
b1011000111110 D
b1011000111110 d
#3751
b11110011100 D
b11110011100 d
#3752
b0 D
b0 d
#3756
b100100001000 D
b100100001000 d
#3757
b1100001100001 D
b1100001100001 d
#3758
b10000101010001 D
b10000101010001 d
#3759
b10110011011111 D
b10110011011111 d
#3760
b11100110011000 D
b11100110011000 d
#3761
b11110000110010 D
b11110000110010 d
#3762
b11111111111111 D
b11111111111111 d
#3765
b11111111111100 D
b11111111111100 d
#3766
b11011101011101 D
b11011101011101 d
#3767
b11100001011100 D
b11100001011100 d
#3768
b10011100110011 D
b10011100110011 d
#3769
b1111111111001 D
b1111111111001 d
#3770
b1001001100101 D
b1001001100101 d
#3771
b1001111001 D
b1001111001 d
#3772
b0 D
b0 d
#3776
b110111101101 D
b110111101101 d
#3777
b1111111100100 D
b1011110000101 d
#3778
b11011111001111 D
b10010101001111 d
#3779
b11011001011111 D
b11001000011111 d
#3780
b11001011011111 D
b11011111011110 d
#3781
b11111111011111 D
b11111111011111 d
#3782
b11111111111111 D
b11111111111111 d
#3786
b11110110011100 D
b11110110011100 d
#3787
b11101110100101 D
b11101110100101 d
#3788
b10111110011001 D
b10111110011001 d
#3789
b10100100100000 D
b10100100100000 d
#3790
b1010001101011 D
b1010001101011 d
#3791
b10110101111 D
b10110101111 d
#3792
b0 D
b0 d
#3796
b101100000010 D
b101100000010 d
#3797
b1100111101100 D
b1100111101100 d
#3798
b10001011111011 D
b10001011111011 d
#3799
b10111000101011 D
b10111000101011 d
#3800
b11101010010101 D
b11101010010101 d
#3801
b11110011100010 D
b11110011100010 d
#3802
b11111111111111 D
b11111111111111 d
#3805
b11111110010010 D
b11111110010010 d
#3806
b11011001100110 D
b11011001100110 d
#3807
b11001101110001 D
b11001101110001 d
#3808
b10011000010010 D
b10011000010010 d
#3809
b1111001010101 D
b1111001010101 d
#3810
b1000010010011 D
b1000010010011 d
#3811
b1101101 D
b1101101 d
#3812
b0 D
b1 d
#3813
b0 d
#3816
b111111111010 D
b111111111010 d
#3817
b1111111111010 D
b1111111111010 d
#3818
b1110100111101 D
b11110110111101 d
#3819
b10010110110100 D
b11011110111100 d
#3820
b11001100011110 D
b11001100011110 d
#3821
b11011010000001 D
b11111010000001 d
#3822
b11111110000101 D
b11111110000101 d
#3823
b11111111111111 D
b11111111111111 d
#3826
b11110011101000 D
b11110011101000 d
#3827
b11101011001010 D
b11101011001010 d
#3828
b10111001100100 D
b10111001100100 d
#3829
b10001110101011 D
b10001110101011 d
#3830
b1101011000011 D
b1101011000011 d
#3831
b101111000001 D
b101111000001 d
#3832
b0 D
b0 d
#3836
b10101001000 D
b10101001000 d
#3837
b1101101101100 D
b1101101101100 d
#3838
b10100001111001 D
b10100001111001 d
#3839
b10111100111000 D
b10111100111000 d
#3840
b11101101101000 D
b11101101101000 d
#3841
b11110110100011 D
b11110110100011 d
#3842
b11111111111111 D
b11111111111111 d
#3845
b11111011101110 D
b11111011101110 d
#3846
b11010110110110 D
b11010110110110 d
#3847
b11001101111110 D
b11001001111110 d
#3848
b10011011001010 D
b10010011001010 d
#3849
b11110011001010 D
b1110011001010 d
#3850
b1111011001110 D
b111011000110 d
#3851
b111011000100 D
b111010000100 d
#3852
b0 D
b0 d
#3855
b1100000 D
b101100000 d
#3856
b101100000 D
b1000101100000 d
#3857
b1000110000111 D
b1000110000111 d
#3858
b1111011111010 D
b1111011111010 d
#3859
b10011100000111 D
b10011100000111 d
#3860
b11001111110011 D
b11001111110011 d
#3861
b11011100010111 D
b11011100010111 d
#3862
b11111111111111 D
b11111111111111 d
#3866
b11110001100101 D
b11110001100101 d
#3867
b11100111110001 D
b11100111110001 d
#3868
b10110100001101 D
b10110100001101 d
#3869
b10001001110010 D
b10001001110010 d
#3870
b1100100101000 D
b1100100101000 d
#3871
b100111101111 D
b100111101111 d
#3872
b0 D
b0 d
#3876
b11100001010 D
b11100001010 d
#3877
b1010100000011 D
b1010100000011 d
#3878
b10100111101110 D
b10100111101110 d
#3879
b11000001010101 D
b11000001010101 d
#3880
b11010001010011 D
b11010001010011 d
#3881
b11111000001011 D
b11111000001011 d
#3882
b11111111111111 D
b11111111111111 d
#3885
b11111111001111 D
b11111010001111 d
#3886
b11111110101111 D
b11010100101111 d
#3887
b11010101111011 D
b11010101111011 d
#3888
b11101101111011 D
b11101101111010 d
#3889
b10101101111111 D
b11101101111111 d
#3890
b1011101101111 D
b1111101101111 d
#3891
b110100001100 D
b110100001100 d
#3892
b0 D
b0 d
#3896
b1101101101 D
b1101101101 d
#3897
b1001100010000 D
b1001100010000 d
#3898
b10000000010100 D
b10000000010100 d
#3899
b10110000011001 D
b10110000011001 d
#3900
b11100100001101 D
b11100100001101 d
#3901
b11011111010100 D
b11011111010100 d
#3902
b11111111111111 D
b11111111111111 d
#3906
b11011111001110 D
b11011111001110 d
#3907
b11100100001111 D
b11100100001111 d
#3908
b10110000100000 D
b10110000100000 d
#3909
b10000011011010 D
b10000011011010 d
#3910
b1001110000000 D
b1001110000000 d
#3911
b100000000001 D
b100000000001 d
#3912
b0 D
b0 d
#3915
b11101 D
b11101 d
#3916
b110011100011 D
b110011100011 d
#3917
b1011001111010 D
b1011001111010 d
#3918
b10101101100000 D
b10101101100000 d
#3919
b11101101101001 D
b11000101101001 d
#3920
b11010101010011 D
b11010100010011 d
#3921
b11111110111011 D
b11111010111011 d
#3922
b11111111111111 D
b11111111111111 d
#3926
b11111000100100 D
b11111000100100 d
#3927
b11010000100001 D
b11111111100001 d
#3928
b10111111100001 D
b10111111100001 d
#3929
b10100111000100 D
b10100111000100 d
#3930
b1010111001000 D
b1010111001000 d
#3931
b11101000100 D
b11101000100 d
#3932
b0 D
b0 d
#3936
b100110110001 D
b100110110001 d
#3937
b1100010100011 D
b1100010100011 d
#3938
b10000111001001 D
b10000111001001 d
#3939
b10110101101010 D
b10110101101010 d
#3940
b11100111111100 D
b11100111111100 d
#3941
b11110001110001 D
b11110001110001 d
#3942
b11111111111111 D
b11111111111111 d
#3945
b11111111111110 D
b11111111111110 d
#3946
b11011100010011 D
b11011100010011 d
#3947
b11100000110101 D
b11100000110101 d
#3948
b10011011111110 D
b10011011111110 d
#3949
b1111110000100 D
b1111110000100 d
#3950
b1000111111010 D
b1000111111010 d
#3951
b1000010101 D
b1000010101 d
#3952
b0 D
b0 d
#3956
b111010101111 D
b111010101111 d
#3957
b1111111101111 D
b1011111100111 d
#3958
b11011111110111 D
b10011110110111 d
#3959
b10011010110101 D
b11011011111100 d
#3960
b11001001101011 D
b11011001111001 d
#3961
b11111110110011 D
b11111110110011 d
#3962
b11111101111110 D
b11111111111100 d
#3963
b11111111111111 D
b11111111111111 d
#3966
b11110101101010 D
b11110101101010 d
#3967
b11101101100110 D
b11101101100110 d
#3968
b10111101001010 D
b10111101001010 d
#3969
b10100011100011 D
b10100011100011 d
#3970
b1010000010001 D
b1010000010001 d
#3971
b10100100000 D
b10100100000 d
#3972
b0 D
b0 d
#3976
b101110101111 D
b101110101111 d
#3977
b1101001000011 D
b1101001000011 d
#3978
b10001101001100 D
b10001101001100 d
#3979
b10111001110010 D
b10111001110010 d
#3980
b11101010110100 D
b11101010110100 d
#3981
b11110100001100 D
b11110100001100 d
#3982
b11111111111111 D
b11111111111111 d
#3985
b11111100111111 D
b11111100111111 d
#3986
b11011001001111 D
b11011001001111 d
#3987
b11001100111100 D
b11001100111100 d
#3988
b10010110110000 D
b10010110110000 d
#3989
b1110111101100 D
b1110111101100 d
#3990
b111111110001 D
b111111110001 d
#3991
b111111000000 D
b1 d
#3992
b0 D
b0 d
#3995
b10000010 D
b10000010 d
#3996
b1000010111010 D
b1000010111010 d
#3997
b1100000111010 D
b1110110111010 d
#3998
b1110110010011 D
b11110111010011 d
#3999
b10010111100011 D
b10010111100011 d
#4000
b11001101011001 D
b11001101011001 d
#4001
b11011010000100 D
b11011010000100 d
#4002
b11111110110100 D
b11111110110100 d
#4003
b11111111111111 D
b11111111111111 d
#4006
b11110011101100 D
b11110011101100 d
#4007
b11101010011011 D
b11101010011011 d
#4008
b10111000100001 D
b10111000100001 d
#4009
b10001101101101 D
b10001101101101 d
#4010
b1101010010110 D
b1101010010110 d
#4011
b101101110111 D
b101101110111 d
#4012
b0 D
b0 d
#4016
b10101101001 D
b10101101001 d
#4017
b1101111010111 D
b1101111010111 d
#4018
b10100011000110 D
b10100011000110 d
#4019
b10111101111000 D
b10111101111000 d
#4020
b11101110111001 D
b11101110111001 d
#4021
b11110111000111 D
b11110111000111 d
#4022
b11111111111111 D
b11111111111111 d
#4025
b11111100001110 D
b11111100001110 d
#4026
b11010110011010 D
b11010110011010 d
#4027
b11010111111001 D
b11000111111011 d
#4028
b11010111111100 D
b10010000110101 d
#4029
b11010001111111 D
b1110001111111 d
#4030
b1111001011011 D
b111001011011 d
#4031
b111001001000 D
b111001001000 d
#4032
b0 D
b0 d
#4035
b100100 D
b1010100100 d
#4036
b1010100100 D
b1001010100100 d
#4037
b1001000100111 D
b1001000100111 d
#4038
b1111101010010 D
b1111101010010 d
#4039
b10011101011100 D
b10011101011100 d
#4040
b11100001001110 D
b11100001001110 d
#4041
b11011101001011 D
b11011101001011 d
#4042
b11111111111111 D
b11111111111111 d
#4046
b11110000001001 D
b11110000001001 d
#4047
b11100110001100 D
b11100110001100 d
#4048
b10110011111011 D
b10110011111011 d
#4049
b10000111100001 D
b10000111100001 d
#4050
b1100011010000 D
b1100011010000 d
#4051
b100101010001 D
b100101010001 d
#4052
b0 D
b0 d
#4056
b11111000111 D
b11111000111 d
#4057
b1010101011001 D
b1010101011001 d
#4058
b10101001011101 D
b10101001011101 d
#4059
b11000001111110 D
b11000001111110 d
#4060
b11010001101111 D
b11010001101111 d
#4061
b11111010001101 D
b11111010001101 d
#4062
b11111111111111 D
b11111111111111 d
#4065
b11111001111111 d
#4066
b11111011101111 D
b11111011101111 d
#4067
b11010111101110 D
b11010111101110 d
#4068
b11000101001100 D
b11000111001100 d
#4069
b10101011110111 D
b10101011110111 d
#4070
b1011011010110 D
b1011011010110 d
#4071
b110001001101 D
b110001001101 d
#4072
b0 D
b0 d
#4076
b100010000110 D
b100010000110 d
#4077
b1001110001011 D
b1001110001011 d
#4078
b10000011010100 D
b10000011010100 d
#4079
b10110010011011 D
b10110010011011 d
#4080
b11100110000100 D
b11100110000100 d
#4081
b11110000001100 D
b11110000001100 d
#4082
b11111111111111 D
b11111111111111 d
#4086
b11011101010100 D
b11011101010100 d
#4087
b11100010101101 D
b11100010101101 d
#4088
b10011110011100 D
b10011110011100 d
#4089
b10000001011101 D
b10000001011101 d
#4090
b1001011111000 D
b1001011111000 d
#4091
b1100000010 D
b1100000010 d
#4092
b0 D
b0 d
