$date
        2026-Jan-27 11:18:01
$end
$version
        Vivado v2024.2 (64-bit)
$end
$timescale
        1ps
$end
$scope module dut $end
$var reg 32 " design_1_i/adc_interface_0_m_axis_tdata [31:0] $end
$var reg 1 B design_1_i/adc_interface_0_m_axis_tlast $end
$var reg 1 C design_1_i/adc_interface_0_m_axis_tvalid $end
$var reg 16 D design_1_i/adc_interface_0_adc_signed_debug [15:0] $end
$var reg 16 T design_1_i/adc_interface_0_win_coeff_out [15:0] $end
$var reg 14 d design_1_i/adc_data [13:0] $end
$var reg 14 r design_1_i/adc_interface_0_adc_data_original [13:0] $end
$var reg 1 "" design_1_i/adc_interface_0_adc_data_original_valid $end
$var reg 1 #" _TRIGGER $end
$var reg 1 $" _WINDOW $end
$var reg 1 %" _GAP $end
$upscope $end
$enddefinitions $end
#0
$dumpvars
b10000110000001 "
0B
0C
b1110000101111111 D
b11100 T
b10000101111111 d
b10000110000001 r
0""
0#"
1$"
0%"
$end
#1
b1110000111001001 D
b10000111001001 d
#2
b1110000110111001 D
b10000110111001 d
#3
b1110000101101010 D
b10000101101010 d
#4
b1110000011001111 D
b10000011001111 d
#5
b1110000000101110 D
b10000000101110 d
#6
b1111101111001 D
b1111101111001 d
#7
b1111011011000 D
b1111011011000 d
#8
b1111000010001 D
b1111000010001 d
#9
b1110111011110 D
b1110111011110 d
#10
b1111000001111 D
b1111000001111 d
#11
b1111001001001 D
b1111001001001 d
#12
b1111011101101 D
b1111011101101 d
#13
b1111111000011 D
b1111111000011 d
#14
b1110000001110001 D
b10000001110001 d
#15
b1110000011110011 D
b10000011110011 d
#16
b1110000101110001 D
b10000101110001 d
#17
b1110000111010001 D
b10000111010001 d
#18
b1110000110111001 D
b10000110111001 d
#19
b1110000100010000 D
b10000100110000 d
#20
b1110000110011100 D
b10000010011100 d
#21
b1101111110110100 D
b1111110111100 d
#22
b1111111110111 D
b1111111110111 d
#23
b1111011110011 D
b1111011110011 d
#24
b1111111010011 D
b1111111010011 d
#25
b1110111010011 D
b1110111010011 d
#26
b1110111011011 D
#27
b1111010001101 D
b1111010001001 d
#28
b1111010000100 D
b1111010000100 d
#29
b1111100101101 D
b1111100101101 d
#30
b1111111011101 D
b1111111011101 d
#31
b1110000010100010 D
b10000010100010 d
#32
b1110000101010110 D
b10000101010110 d
#33
b1110000110100010 D
b10000110100010 d
#34
b1110000110011011 D
b10000110011011 d
#35
b1110000101011000 D
b10000101011000 d
#36
b1110000101010110 D
b10000101010110 d
#37
b1110000000011111 D
b10000000011111 d
#38
b1111111011000 D
b1111111011000 d
#39
b1111010011010 D
b1111010011010 d
#40
b1110111110000 D
b1110111110000 d
#41
b1110101111011 D
b1110101111011 d
#42
b1110101011111 D
b1110101011111 d
#43
b1111001111101 D
b1111001111101 d
#44
b1111011010111 D
b1111011010111 d
#45
b1111101110110 D
b1111101110110 d
#46
b1110000000110011 D
b10000000110011 d
#47
b1110000001110010 D
b10000001110010 d
#48
b1110000101010000 D
b10000101010000 d
#49
b1110000100101110 D
b10000100101110 d
#50
b1110000110100111 D
b10000110100111 d
#51
b1110000100110000 D
b10000100110000 d
#52
b1110000010101110 D
b10000010101110 d
#53
b1111110111101 D
b1111110111101 d
#54
b1111011101010 D
b1111011101010 d
#55
b1111000101101 D
b1111000101111 d
#56
b1111111101010 D
b1111111101111 d
#57
b1110111111110 D
b1110110111110 d
#58
b1110111111111 D
b1110111111111 d
#59
b1111111100111 D
b1111111100111 d
#60
b1111011100100 D
b1111011100100 d
#61
b1111111100110 D
b1111111100110 d
#62
b1111111000110 D
b1111111000110 d
#63
b1110000001110000 D
b10000001110000 d
#64
b1110000100010110 D
b10000100010110 d
#65
b1110000110011001 D
b10000110011001 d
#66
b1110000101000111 D
b10000101000111 d
#67
b1110000100101101 D
b10000100101101 d
#68
b1110000010110111 D
b10000010110111 d
#69
b1110000000101110 D
b10000000101110 d
#70
b1111110001100 D
b1111110001100 d
#71
b1111010110001 D
b1111010110001 d
#72
b1111000110000 D
b1111000110000 d
#73
b1110110111101 D
b1110110111101 d
#74
b1110111101011 D
b1110111101011 d
#75
b1111001000111 D
b1111001000111 d
#76
b1111010100101 D
b1111010100101 d
#77
b1111110001000 D
b1111110001000 d
#78
b1111111011111 D
b1111111011111 d
#79
b1110000010110101 D
b10000010110101 d
#80
b1110000101001010 D
b10000101001010 d
#81
b1110000110100011 D
b10000110100011 d
#82
b1110000110001010 D
b10000110001010 d
#83
b1110000100100110 D
b10000100100110 d
#84
b1110000010011001 D
b10000010011001 d
#85
b1111111001001 D
b1111111001001 d
#86
b1111100011101 D
b1111100011101 d
#87
b1111001100110 D
b1111001100110 d
#88
b1111000000100 D
b1111000000100 d
#89
b1110110110101 D
b1110110110101 d
#90
b1110111101110 D
b1110111101110 d
#91
b1111001101010 D
b1111001101010 d
#92
b1111100110010 D
b1111100111010 d
#93
b1111111110110 D
b1111111110110 d
#94
b11111111101110 D
b11111111100100 d
#95
b1110000111011011 D
b10000111011011 d
#96
b1110000111011100 D
b10000111011100 d
#97
b1110000111011000 D
b10000111011000 d
#98
b1110000111001001 D
b10000111001000 d
#99
b1110000110001101 D
b10000110001001 d
#100
b1110000100001100 D
b10000100001100 d
#101
b1110000001101001 D
b10000001101001 d
#102
b1110000000011100 D
b10000000011100 d
#103
b1111010000100 D
b1111010000100 d
#104
b1111010000011 D
b1111010000011 d
#105
b1110110000000 D
b1110110000000 d
#106
b1110110110010 D
b1110110110010 d
#107
b1111000001111 D
b1111000001111 d
#108
b1111010111001 D
b1111010111001 d
#109
b1111110010000 D
b1111110010000 d
#110
b1111111111010 D
b1111111111010 d
#111
b1110000100000010 D
b10000100000010 d
#112
b1110000010101001 D
b10000010101001 d
#113
b1110000110001010 D
b10000110001010 d
#114
b1110000101011010 D
b10000101011010 d
#115
b1110000101100110 D
b10000101100110 d
#116
b1110000011100001 D
b10000011100001 d
#117
b1110000001011001 D
b10000001011001 d
#118
b1111101011100 D
b1111101011100 d
#119
b1111010011100 D
b1111010011100 d
#120
b1111000101011 D
b1111000101011 d
#121
b1110111001001 D
b1110111001001 d
#122
b1111000001110 D
b1111000001110 d
#123
b1111001110011 D
b1111001110011 d
#124
b1111101001001 D
b1111101001001 d
#125
b1110000000000100 D
b10000000000100 d
#126
b1110000010111100 D
b10000010111100 d
#127
b1110000101100100 D
b10000101110100 d
#128
b1110000110101101 D
b10000110101101 d
#129
b1110000111101111 D
b10000101101111 d
#130
b1110000111111111 D
b10000111111111 d
#131
b1110000110110011 D
b10000110110011 d
#132
b1110000110111111 D
b10000110111111 d
#133
b1110000010111100 D
b10000010111100 d
#134
b1111111010010 D
b1111111010010 d
#135
b1111100010101 D
b1111100010101 d
#136
b1111010000010 D
b1111010000010 d
#137
b1110111100011 D
b1110111100011 d
#138
b1111000111100 D
b1111000111100 d
#139
b1111000110000 D
b1111000110000 d
#140
b1111011011001 D
b1111011011001 d
#141
b1111110000100 D
b1111110000100 d
#142
b1110000000000100 D
b10000000000100 d
#143
b1110000011011001 D
b10000011011001 d
#144
b1110000101100000 D
b10000101100000 d
#145
b1110000110101101 D
b10000110101101 d
#146
b1110000110111110 D
b10000110111110 d
#147
b1110000110000011 D
b10000110000011 d
#148
b1110000011001111 D
b10000011001111 d
#149
b1110000000010001 D
b10000000010001 d
#150
b1111011111110 D
b1111011111110 d
#151
b1111001010010 D
b1111001010010 d
#152
b1110111011101 D
b1110111011101 d
#153
b1110111110011 D
b1110111110011 d
#154
b1111000001111 D
b1111000001111 d
#155
b1111000110100 D
b1111000110100 d
#156
b1111011111000 D
b1111011111000 d
#157
b1111110111001 D
b1111110111001 d
#158
b1110000001110101 D
b10000001110101 d
#159
b1110000100001110 D
b10000100001110 d
#160
b1110000110010111 D
b10000110010111 d
#161
b1110000111000111 D
b10000111000111 d
#162
b1110000110010111 D
b10000110010111 d
#163
b1110000100010000 D
b10000100010011 d
#164
b1110000101110111 D
b10000101110111 d
#165
b1111111111110111 D
b11111111110111 d
#166
b1111111110111 D
b1111111110111 d
#167
b1111011110011 D
b1111011110011 d
#168
b1111111011110 D
b1111111011110 d
#169
b1110111011110 D
b1110111001110 d
#170
b1110111111101 D
b1110111110101 d
#171
b1110111111100 D
b1110111111100 d
#172
b1111001110101 D
b1111001110101 d
#173
b1111100110011 D
b1111100110011 d
#174
b1111111111111 D
b1111111111111 d
#175
b1110000010001101 D
b10000010001101 d
#176
b1110000100010010 D
b10000100010010 d
#177
b1110000110001100 D
b10000110001100 d
#178
b1110000110100011 D
b10000110100011 d
#179
b1110000101000001 D
b10000101000001 d
#180
b1110000010110111 D
b10000010110111 d
#181
b1110000000011110 D
b10000000011110 d
#182
b1111101000101 D
b1111101000101 d
#183
b1111001111011 D
b1111001111011 d
#184
b1111000010011 D
b1111000010011 d
#185
b1110110110111 D
b1110110110111 d
#186
b1110111010000 D
b1110111010000 d
#187
b1111000110010 D
b1111000110010 d
#188
b1111011001111 D
b1111011001111 d
#189
b1111110000011 D
b1111110000011 d
#190
b1110000000110001 D
b10000000110001 d
#191
b1110000011011010 D
b10000011011010 d
#192
b1110000101010101 D
b10000101010101 d
#193
b1110000110011110 D
b10000110011110 d
#194
b1110000101110111 D
b10000101110111 d
#195
b1110000100001101 D
b10000100001101 d
#196
b1110000001100011 D
b10000001100011 d
#197
b1111110100011 D
b1111110100011 d
#198
b1111011111011 D
b1111011111011 d
#199
b1111001111101 D
b1111001111111 d
#200
b1111111010101 D
b1111111011101 d
#201
b1110111011111 D
b1110111011111 d
#202
b1111111001110 D
b1111111001110 d
#203
b1111010000100 D
b1111010000100 d
#204
b1111110101100 D
b1111110101100 d
#205
b1111111101000 D
b1111111101000 d
#206
b1111111100000 D
b1111111100000 d
#207
b1110000010100011 D
b10000010100011 d
#208
b1110000100110110 D
b10000100110110 d
#209
b1110000101111110 D
b10000101111110 d
#210
b1110000110001101 D
b10000110001101 d
#211
b1110000100111010 D
b10000100111010 d
#212
b1110000010111001 D
b10000010111001 d
#213
b1110000000010111 D
b10000000010111 d
#214
b1111101101000 D
b1111101101000 d
#215
b1111011000010 D
b1111011000010 d
#216
b1111000111000 D
b1111000111000 d
#217
b1110111000011 D
b1110111000011 d
#218
b1110111100110 D
b1110111100110 d
#219
b1111001010101 D
b1111001010101 d
#220
b1111011011001 D
b1111011011001 d
#221
b1111110100100 D
b1111110100100 d
#222
b1110000001100001 D
b10000001100001 d
#223
b1110000011111100 D
b10000011111100 d
#224
b1110000101110011 D
b10000101110011 d
#225
b1110000110101100 D
b10000110101100 d
#226
b1110000110101110 D
b10000110101110 d
#227
b1110000101011001 D
b10000101011001 d
#228
b1110000010111100 D
b10000010111100 d
#229
b1110000000010101 D
b10000000010101 d
#230
b1111100110100 D
b1111100110100 d
#231
b1111001111010 D
b1111001111010 d
#232
b1111000000111 D
b1111000000111 d
#233
b1110111110100 D
b1110111110100 d
#234
b1111000111001 D
b1111000111001 d
#235
b1111010110111 D
b1111010111111 d
#236
b1111111100111 D
b1111101100111 d
#237
b1111111111011 D
b1111111111011 d
#238
b11111111111011 d
#239
b1110000111011111 D
b10000111011111 d
#240
b1110000111111111 D
#241
b1110000111110010 D
b10000111110010 d
#242
b1110000111101010 D
b10000111100010 d
#243
b1110000110011010 D
b10000110011010 d
#244
b1110000100100001 D
b10000100100001 d
#245
b1110000001100010 D
b10000001100010 d
#246
b1111110010011 D
b1111110010011 d
#247
b1111011101010 D
b1111011101010 d
#248
b1111001110001 D
b1111001110001 d
#249
b1111000001101 D
b1111000001101 d
#250
b1111000010010 D
b1111000010010 d
#251
b1111001110100 D
b1111001110100 d
#252
b1111100011101 D
b1111100011101 d
#253
b1111111000110 D
b1111111000110 d
#254
b1110000001100111 D
b10000001100111 d
#255
b1110000100000100 D
b10000100000100 d
#256
b1110000110100101 D
b10000110100101 d
#257
b1110000111110011 D
b10000111110011 d
#258
b1110000111010110 D
b10000111010110 d
#259
b1110000101101101 D
b10000101101101 d
#260
b1110000011011001 D
b10000011011001 d
#261
b1110000000010111 D
b10000000010111 d
#262
b1111101100100 D
b1111101100100 d
#263
b1111010111100 D
b1111010111100 d
#264
b1111000101001 D
b1111000101001 d
#265
b1111000011000 D
b1111000011000 d
#266
b1111000110100 D
b1111000110100 d
#267
b1111010011111 D
b1111010011111 d
#268
b1111101010000 D
b1111101010000 d
#269
b1111111111100 D
b1111111111100 d
#270
b1110001010101000 D
b10000010111000 d
#271
b1110000111100001 D
b10000101101001 d
#272
b1110000111011101 D
b10000110011101 d
#273
b1110000111111101 D
b10000111111101 d
#274
b1110000111101101 D
b10000111101101 d
#275
b1110000110101100 D
b10000110101100 d
#276
b1110000101101110 D
b10000101101110 d
#277
b1110000001101110 D
b10000001101110 d
#278
b1111110111000 D
b1111110111000 d
#279
b1111011110010 D
b1111011110010 d
#280
b1111001101010 D
b1111001101010 d
#281
b1110111110011 D
b1110111110011 d
#282
b1110111100011 D
b1110111100011 d
#283
b1111000101011 D
b1111000101011 d
#284
b1111011100101 D
b1111011100101 d
#285
b1111110110110 D
b1111110110110 d
#286
b1110000000110011 D
b10000000110011 d
#287
b1110000010110111 D
b10000010110111 d
#288
b1110000101100110 D
b10000101100110 d
#289
b1110000110111001 D
b10000110111001 d
#290
b1110000111001101 D
b10000111001101 d
#291
b1110000101100010 D
b10000101100010 d
#292
b1110000010101110 D
b10000010101110 d
#293
b1110000000000101 D
b10000000000101 d
#294
b1111101010010 D
b1111101010010 d
#295
b1111010100011 D
b1111010100011 d
#296
b1111000011110 D
b1111000011110 d
#297
b1110111101001 D
b1110111101001 d
#298
b1110111110000 D
b1110111110000 d
#299
b1111001100110 D
b1111001100110 d
#300
b1111100000010 D
b1111100000010 d
#301
b1111111001011 D
b1111111001011 d
#302
b1110000001111001 D
b10000001111001 d
#303
b1110000100001100 D
b10000100001100 d
#304
b1110000110010011 D
b10000110010011 d
#305
b1110000110101100 D
b10000110101100 d
#306
b1110000101110011 D
b10000101111111 d
#307
b1110000100110101 D
b10000100110111 d
#308
b1110000101111111 D
b10000101111111 d
#309
b1110110101111010 D
b10111101111010 d
#310
b1111111110111 D
b1111111110111 d
#311
b1111011110111 D
b1111011110111 d
#312
b1111111011111 D
b1111111011100 d
#313
b1110111011111 D
b1110111011111 d
#314
b1110110111101 D
b1110110111101 d
#315
b1111000000110 D
b1111000000110 d
#316
b1111010100110 D
b1111010100110 d
#317
b1111101001001 D
b1111101001001 d
#318
b1111111100100 D
b1111111100100 d
#319
b1110000011010101 D
b10000011010101 d
#320
b1110000101010100 D
b10000101010100 d
#321
b1110000110011001 D
b10000110011001 d
#322
b1110000110011010 D
b10000110011010 d
#323
b1110000101101000 D
b10000101101000 d
#324
b1110000011011000 D
b10000011011000 d
#325
b1111111111001 D
b1111111111001 d
#326
b1111101000001 D
b1111101000001 d
#327
b1111010011011 D
b1111010011011 d
#328
b1111000010110 D
b1111000010110 d
#329
b1110111001100 D
b1110111001100 d
#330
b1110111100111 D
b1110111100111 d
#331
b1111001000011 D
b1111001000011 d
#332
b1111011110110 D
b1111011110110 d
#333
b1111110101011 D
b1111110101011 d
#334
b1110000001010110 D
b10000001010110 d
#335
b1110000100001110 D
b10000100001110 d
#336
b1110000101111011 D
b10000101111011 d
#337
b1110000110110010 D
b10000110110010 d
#338
b1110000110101000 D
b10000110101000 d
#339
b1110000100000101 D
b10000100000101 d
#340
b1110000001101010 D
b10000001101010 d
#341
b1111110100010 D
b1111110100010 d
#342
b1111100101001 D
b1111100101011 d
#343
b1111110001011 D
b1111110001011 d
#344
b1111010001111 D
b1111010001111 d
#345
b1111111001111 D
b1111111001111 d
#346
b1110111001111 D
b1110111001111 d
#347
b1111010011101 D
b1111010011101 d
#348
b1111111011101 D
b1111111001101 d
#349
b1111101011000 D
b1111101011000 d
#350
b1110000000101110 D
b10000000101110 d
#351
b1110000010111011 D
b10000010111011 d
#352
b1110000101001001 D
b10000101001001 d
#353
b1110000111000000 D
b10000111000000 d
#354
b1110000111001010 D
b10000111001010 d
#355
b1110000101110101 D
b10000101110101 d
#356
b1110000011110000 D
b10000011110000 d
#357
b1110000001100100 D
b10000001100100 d
#358
b1111110011000 D
b1111110011000 d
#359
b1111011001101 D
b1111011001101 d
#360
b1111000111111 D
b1111000111111 d
#361
b1111000001011 D
b1111000001011 d
#362
b1110111101111 D
b1110111101111 d
#363
b1111001101010 D
b1111001101010 d
#364
b1111100000100 D
b1111100000100 d
#365
b1111110111001 D
b1111110111001 d
#366
b1110000010001101 D
b10000010001101 d
#367
b1110000100100001 D
b10000100100001 d
#368
b1110000110100000 D
b10000110100000 d
#369
b1110000111100100 D
b10000111100100 d
#370
b1110000111010111 D
b10000111010111 d
#371
b1110000101110011 D
b10000101110011 d
#372
b1110000010110010 D
b10000010110010 d
#373
b1111111100111 D
b1111111100111 d
#374
b1111100111101 D
b1111100111101 d
#375
b1111010100000 D
b1111010100000 d
#376
b1111000100001 D
b1111000100001 d
#377
b1111000000011 D
b1111000100011 d
#378
b1111000110011 D
b1111000110011 d
#379
b1111010111111 D
b1111010111111 d
#380
b1111111101111 D
b1111111101111 d
#381
b11111101110111 D
b11111101110111 d
#382
b1110000011110111 D
b10000011110111 d
#383
b1110000111110111 D
b10000111110111 d
#384
b1110000111110011 D
b10000111110011 d
#385
b1110000111001110 D
b10000111000000 d
#386
b1110000111101110 D
b10000111101110 d
#387
b1110000110110011 D
b10000110110011 d
#388
b1110000100110101 D
b10000100110101 d
#389
b1110000010000100 D
b10000010000100 d
#390
b1111110111010 D
b1111110111010 d
#391
b1111100000110 D
b1111100000110 d
#392
b1111001110011 D
b1111001110011 d
#393
b1111000110011 D
b1111000110011 d
#394
b1111000100110 D
b1111000100110 d
#395
b1111001011001 D
b1111001011001 d
#396
b1111011010101 D
b1111011010101 d
#397
b1111110110010 D
b1111110110010 d
#398
b1110000001110111 D
b10000001110111 d
#399
b1110000100100111 D
b10000100100111 d
#400
b1110000110101110 D
b10000110101110 d
#401
b1110000111011000 D
b10000111011000 d
#402
b1110000111010110 D
b10000111010110 d
#403
b1110000101110110 D
b10000101110110 d
#404
b1110000011110100 D
b10000011110100 d
#405
b1110000000110101 D
b10000000110101 d
#406
b1111101010010 D
b1111101010010 d
#407
b1111010100011 D
b1111010100011 d
#408
b1111000101100 D
b1111000101100 d
#409
b1111000000001 D
b1111000000001 d
#410
b1111000110010 D
b1111000110010 d
#411
b1111010010101 D
b1111010010101 d
#412
b1111100111011 D
b1111100111011 d
#413
b1110001000110111 D
b10000000110111 d
#414
b1110000011011001 D
b10000011011111 d
#415
b1110000111111111 D
b10000101111111 d
#416
b1110000111101110 D
b10000111101110 d
#417
b1110000111111010 D
b10000111111010 d
#418
b1110000111110111 D
b10000111110111 d
#419
b10000111010101 d
#420
b1110000101110011 D
b10000101110010 d
#421
b1110000001100001 D
b10000001100001 d
#422
b1111110100001 D
b1111110100001 d
#423
b1111011111011 D
b1111011111011 d
#424
b1111001110000 D
b1111001110000 d
#425
b1111000001100 D
b1111000001100 d
#426
b1111000001010 D
b1111000001010 d
#427
b1111001101000 D
b1111001101000 d
#428
b1111011100010 D
b1111011100010 d
#429
b1111110011011 D
b1111110011011 d
#430
b1110000001011001 D
b10000001011001 d
#431
b1110000011111100 D
b10000011111100 d
#432
b1110000101111001 D
b10000101111001 d
#433
b1110000110100111 D
b10000110100111 d
#434
b1110000110010100 D
b10000110010100 d
#435
b1110000101011001 D
b10000101011001 d
#436
b1110000011001101 D
b10000011001101 d
#437
b1111111111110 D
b1111111111110 d
#438
b1111101000011 D
b1111101000011 d
#439
b1111010010100 D
b1111010010100 d
#440
b1110111110100 D
b1110111110100 d
#441
b1110111101010 D
b1110111101010 d
#442
b1111000000001 D
b1111000000001 d
#443
b1111001010100 D
b1111001010100 d
#444
b1111100011001 D
b1111100011001 d
#445
b1111111001110 D
b1111111001110 d
#446
b1110000001110100 D
b10000001110100 d
#447
b1110000100111010 D
b10000100111010 d
#448
b1110000110010011 D
b10000110010011 d
#449
b1110000110111010 D
b10000110111010 d
#450
b1110000110110100 D
b10000110111110 d
#451
b1110000110010000 D
b10000100010100 d
#452
b1110000101110101 D
b10000101110101 d
#453
b1110111111100101 D
b10111111100101 d
#454
b1111111100101 D
b1111111100101 d
#455
b1111011011100 D
b1111011011100 d
#456
b1111011101100 D
b1111011101100 d
#457
b1110111011110 D
b1110111010110 d
#458
b1110111011110 d
#459
b1111000101011 D
b1111000101011 d
#460
b1111010111010 D
b1111010111010 d
#461
b1111101100111 D
b1111101100111 d
#462
b1110000000110001 D
b10000000110001 d
#463
b1110000011100000 D
b10000011100000 d
#464
b1110000101101101 D
b10000101101101 d
#465
b1110000111000001 D
b10000111000001 d
#466
b1110000110110101 D
b10000110110101 d
#467
b1110000101101010 D
b10000101101010 d
#468
b1110000011100110 D
b10000011100110 d
#469
b1110000000100001 D
b10000000100001 d
#470
b1111100110101 D
b1111100110101 d
#471
b1111010010111 D
b1111010010111 d
#472
b1111000101100 D
b1111000101100 d
#473
b1111000000011 D
b1111000000011 d
#474
b1111000010100 D
b1111000010100 d
#475
b1111001100000 D
b1111001100000 d
#476
b1111011100011 D
b1111011100011 d
#477
b1111110111100 D
b1111110111100 d
#478
b1110000010010001 D
b10000010010001 d
#479
b1110000101000001 D
b10000101000001 d
#480
b1110000110111010 D
b10000110111010 d
#481
b1110000110110110 D
b10000110110110 d
#482
b1110000110100111 D
b10000110100111 d
#483
b1110000101011110 D
b10000101011110 d
#484
b1110000010101110 D
b10000010101110 d
#485
b1111111111110 D
b1111111111110 d
#486
b1111110110111 D
b1111100111111 d
#487
b1111110110101 D
b1111110110101 d
#488
b1111010011100 D
b1111010011100 d
#489
b1111000001101 D
b1111000001101 d
#490
b1111001000101 D
b1111001000101 d
#491
b1111011011101 D
b1111011011101 d
#492
b1111011011110 D
b1111111011100 d
#493
b1111110001010 D
b1111110001010 d
#494
b1110000001001011 D
b10000001001011 d
#495
b1110000100010000 D
b10000100010000 d
#496
b1110000110101101 D
b10000110101101 d
#497
b1110000111110001 D
b10000111110001 d
#498
b1110000111011110 D
b10000111011110 d
#499
b1110000110011111 D
b10000110011111 d
#500
b1110000100101011 D
b10000100101011 d
#501
b1110000001111101 D
b10000001111101 d
#502
b1111110101110 D
b1111110101110 d
#503
b1111011101101 D
b1111011101101 d
#504
b1111001110011 D
b1111001110011 d
#505
b1111000111111 D
b1111000111111 d
#506
b1111001001101 D
b1111001001101 d
#507
b1111010110101 D
b1111010110101 d
#508
b1111101001110 D
b1111101001110 d
#509
b1111111100001 D
b1111111100001 d
#510
b1110000011000000 D
b10000011000000 d
#511
b1110000101010101 D
b10000101010101 d
#512
b1110000111001111 D
b10000111001111 d
#513
b1110001000001110 D
b10001000001110 d
#514
b1110000111110000 D
b10000111110000 d
#515
b1110000110000110 D
b10000110000110 d
#516
b1110000011101100 D
b10000011101100 d
#517
b1110000000100111 D
b10000000100111 d
#518
b1111101100010 D
b1111101100010 d
#519
b1111011100000 D
b1111011100000 d
#520
b1111001110101 D
b1111001110101 d
#521
b1111001101100 D
b1111001111101 d
#522
b1111001010100 D
b1111001011100 d
#523
b1111011010100 D
b1111011010100 d
#524
b1111111000100 D
b1111111000100 d
#525
b1111111010100 D
b1111111010100 d
#526
b1110000101010100 D
b10000101010100 d
#527
b1110000110011111 D
b10000110001100 d
#528
b1110000111011111 D
b10000111011111 d
#529
b1110000111111100 D
b10000111111100 d
#530
b1110001000001100 D
b10001000001100 d
#531
b1110000111001000 D
b10000111001000 d
#532
b1110000101001010 D
b10000101001010 d
#533
b1110000010010011 D
b10000010010011 d
#534
b1111110111011 D
b1111110111011 d
#535
b1111100010001 D
b1111100010001 d
#536
b1111010010100 D
b1111010010100 d
#537
b1111000011101 D
b1111000011101 d
#538
b1111000110000 D
b1111000110000 d
#539
b1111010000001 D
b1111010000001 d
#540
b1111011110001 D
b1111011110001 d
#541
b1111111010011 D
b1111111010011 d
#542
b1110000010101001 D
b10000010101001 d
#543
b1110000100100011 D
b10000100100011 d
#544
b1110000110111010 D
b10000110111010 d
#545
b1110000111111101 D
b10000111111101 d
#546
b1110000111011011 D
b10000111011011 d
#547
b1110000101110110 D
b10000101110110 d
#548
b1110000011001011 D
b10000011001011 d
#549
b1110000000010001 D
b10000000010001 d
#550
b1111100100110 D
b1111100100110 d
#551
b1111010010111 D
b1111010010111 d
#552
b1111000010001 D
b1111000010001 d
#553
b1111000101111 D
b1111000101111 d
#554
b1111001010000 D
b1111001010000 d
#555
b1111010101010 D
b1111010101010 d
#556
b1111101110100 D
b1111101110110 d
#557
b1110111100010101 D
b10001100010101 d
#558
b1110000010111111 D
b10000010111111 d
#559
b1110000111111110 D
b10000111111110 d
#560
b1110000111100110 D
b10000111100110 d
#561
b1110000111011100 D
b10000111011100 d
#562
b1110000111011101 D
b10000111011101 d
#563
b1110000111010101 D
b10000111010101 d
#564
b1110000101010100 D
b10000101010100 d
#565
b1110000001110100 D
b10000001110100 d
#566
b1111111001111 D
b1111111001111 d
#567
b1111100001111 D
b1111100001111 d
#568
b1111001100110 D
b1111001100110 d
#569
b1111000010110 D
b1111000010110 d
#570
b1111000010111 D
b1111000010111 d
#571
b1111001000010 D
b1111001000010 d
#572
b1111011000000 D
b1111011000000 d
#573
b1111110001011 D
b1111110001011 d
#574
b1110000001011010 D
b10000001011010 d
#575
b1110000100011000 D
b10000100011000 d
#576
b1110000110000011 D
b10000110000011 d
#577
b1110000110111010 D
b10000110111010 d
#578
b1110000111000010 D
b10000111000010 d
#579
b1110000101010111 D
b10000101010111 d
#580
b1110000011011100 D
b10000011011100 d
#581
b1110000000001010 D
b10000000001010 d
#582
b1111100111110 D
b1111100111110 d
#583
b1111010010111 D
b1111010010111 d
#584
b1111000011111 D
b1111000011111 d
#585
b1110111101100 D
b1110111101100 d
#586
b1111000011101 D
b1111000011101 d
#587
b1111010000001 D
b1111010000001 d
#588
b1111100100110 D
b1111100100110 d
#589
b1111111111000 D
b1111111111000 d
#590
b1110000010110101 D
b10000010110101 d
#591
b1110000100111010 D
b10000100111010 d
#592
b1110000110101011 D
b10000110101011 d
#593
b1110000111111010 D
b10000111111011 d
#594
b1110000111110010 D
b10000110111010 d
#595
b1110000110101100 D
b10000110101100 d
#596
b1110000101111101 D
b10000101111101 d
#597
b1110000001111101 D
b10000001111101 d
#598
b1111110100011 D
b1111110100011 d
#599
b1111110000111 D
b1111110000001 d
#600
b1111010010110 D
b1111010010110 d
#601
b1111000100010 D
b1111000100010 d
#602
b1111000001011 D
b1111000001011 d
#603
b1111001000000 D
b1111001000000 d
#604
b1111010110110 D
b1111010110110 d
#605
b1111110000001 D
b1111110000001 d
#606
b1110000001000101 D
b10000001000101 d
#607
b1110000011111110 D
b10000011111110 d
#608
b1110000110001001 D
b10000110001001 d
#609
b1110000111011010 D
b10000111011010 d
#610
b1110000111011100 D
b10000111011100 d
#611
b1110000110011010 D
b10000110011010 d
#612
b1110000100000010 D
b10000100000010 d
#613
b1110000001001111 D
b10000001001111 d
#614
b1111101111100 D
b1111101111100 d
#615
b1111011001111 D
b1111011001111 d
#616
b1111001001010 D
b1111001001010 d
#617
b1111000011111 D
b1111000011111 d
#618
b1111000101000 D
b1111000101000 d
#619
b1111010000100 D
b1111010000100 d
#620
b1111101000010 D
b1111101000010 d
#621
b1110000000011100 D
b10000000011100 d
#622
b1110000011011101 D
b10000011011101 d
#623
b1110000101100111 D
b10000101100111 d
#624
b1110000111101010 D
b10000111101010 d
#625
b1110001000000101 D
b10001000000101 d
#626
b1110000111011101 D
b10000111011101 d
#627
b1110000101101010 D
b10000101101010 d
#628
b1110000011101101 D
b10000011101111 d
#629
b1101111111111111 D
b1111111111111 d
#630
b1111111111111 D
#631
b1111110110111 D
b1111110110111 d
#632
b1111011010111 D
b1111011010110 d
#633
b1111001100111 D
b1111001100111 d
#634
b1111001111111 D
b1111001010111 d
#635
b1111011111011 D
b1111011111000 d
#636
b1111011110011 D
b1111011110011 d
#637
b1111110101101 D
b1111110101101 d
#638
b1110000010000101 D
b10000010000101 d
#639
b1110000100011110 D
b10000100011110 d
#640
b1110000110110001 D
b10000110110001 d
#641
b1110000111111111 D
b10000111111111 d
#642
b1110001000000011 D
b10001000000011 d
#643
b1110000110110011 D
b10000110110011 d
#644
b1110000101000101 D
b10000101000101 d
#645
b1110000010010001 D
b10000010010001 d
#646
b1111111000000 D
b1111111000000 d
#647
b1111100010001 D
b1111100010001 d
#648
b1111001111101 D
b1111001111101 d
#649
b1111000111011 D
b1111000111011 d
#650
b1111001101110 D
b1111001101110 d
#651
b1111010101011 D
b1111010101011 d
#652
b1111100110111 D
b1111100110111 d
#653
b1110000000000111 D
b10000000000111 d
#654
b1110000011010001 D
b10000011010001 d
#655
b1110000110100000 D
b10000110100000 d
#656
b1110001000000111 D
b10001000000111 d
#657
b1110001000100100 D
b10001000100100 d
#658
b1110001000000110 D
b10001000000110 d
#659
b1110000110010011 D
b10000110010011 d
#660
b1110000011101110 D
b10000011101110 d
#661
b1110000000101111 D
b10000000101111 d
#662
b1111101111100 D
b1111101111100 d
#663
b1111011100011 D
b1111011110011 d
#664
b1111000110001 D
b1111000110011 d
#665
b1111001110000 D
b1111001110001 d
#666
b1111011011110 D
b1111011011110 d
#667
b1111011111111 D
b1111011111111 d
#668
b1111111111101 D
b1111111111101 d
#669
b1111110100101 D
b1111110100001 d
#670
b1110000001110101 D
b10000101110101 d
#671
b1110000110101011 D
b10000110101010 d
#672
b1110000111110011 D
b10000111110011 d
#673
b1110000111110101 D
b10000111110101 d
#674
b1110001000000000 D
b10001000000000 d
#675
b1110000111010000 D
b10000111010000 d
#676
b1110000101000110 D
b10000101000110 d
#677
b1110000010001011 D
b10000010001011 d
#678
b1111111001100 D
b1111111001100 d
#679
b1111100001001 D
b1111100001001 d
#680
b1111010000011 D
b1111010000011 d
#681
b1111001001011 D
b1111001001011 d
#683
b1111010011111 D
b1111010011111 d
#684
b1111100011001 D
b1111100011001 d
#685
b1111110111011 D
b1111110111011 d
#686
b1110000010010001 D
b10000010010001 d
#687
b1110000101011110 D
b10000101011110 d
#688
b1110000111100000 D
b10000111100000 d
#689
b1110001000000001 D
b10001000000001 d
#690
b1110000111111001 D
b10000111111001 d
#691
b1110000110110111 D
b10000110110111 d
#692
b1110000011110011 D
b10000011110011 d
#693
b1110000000110101 D
b10000000110101 d
#694
b1111101010000 D
b1111101010000 d
#695
b1111010011101 D
b1111010011101 d
#696
b1111000101110 D
b1111000101110 d
#697
b1111000010101 D
b1111000010101 d
#698
b1111000101100 D
b1111000101100 d
#699
b1111010100111 D
b1111010100111 d
#700
b1111101100000 D
b1111101100111 d
#701
b1111111111011 D
b1111111111011 d
#702
b1111111111111011 D
b11111111111011 d
#703
b1110000111100111 D
b10000111100111 d
#704
b1110000111101111 D
b10000111101111 d
#705
b1110000111111111 D
b10000111101101 d
#706
b1110000111011110 D
b10000111011110 d
#707
b1110000110011111 D
b10000110011100 d
#708
b1110000100011011 D
b10000100011011 d
#709
b1110000010000110 D
b10000010000110 d
#710
b1111110101100 D
b1111110101100 d
#711
b1111011101011 D
b1111011101011 d
#712
b1111001101010 D
b1111001101010 d
#713
b1111000000011 D
b1111000000011 d
#714
b1111000010010 D
b1111000010010 d
#715
b1111001110011 D
b1111001110011 d
#716
b1111011111011 D
b1111011111011 d
#717
b1111110101000 D
b1111110101000 d
#718
b1110000001011101 D
b10000001011101 d
#719
b1110000011110011 D
b10000011110011 d
#720
b1110000110010000 D
b10000110010000 d
#721
b1110000111000100 D
b10000111000100 d
#722
b1110000110111110 D
b10000110111110 d
#723
b1110000101010100 D
b10000101010100 d
#724
b1110000011011011 D
b10000011011011 d
#725
b1110000000110100 D
b10000000110100 d
#726
b1111101110001 D
b1111101110001 d
#727
b1111011000000 D
b1111011000000 d
#728
b1111000101101 D
b1111000101101 d
#729
b1111000001011 D
b1111000001011 d
#730
b1111001010000 D
b1111001010000 d
#731
b1111010100001 D
b1111010100001 d
#732
b1111101010100 D
b1111101010100 d
#733
b1110000000000010 D
b10000000000010 d
#734
b1110000001101110 D
b10000001101110 d
#735
b1110000100111111 D
b10000100111111 d
#736
b1110000111110100 D
b10000111111111 d
#737
b1110000111111101 D
b10000111111101 d
#738
b1110000111111011 D
b10000111111011 d
#739
b1110000111110110 D
b10000111110110 d
#741
b1110111111110010 D
b10111111110000 d
#742
b1111111110010 D
b1111111110010 d
#743
b1111101100101 D
b1111101100101 d
#744
b1111001111010 D
b1111001111010 d
#745
b1111000110111 D
b1111000110111 d
#746
b1111000111011 D
b1111000111011 d
#747
b1111010000110 D
b1111010000110 d
#748
b1111011111001 D
b1111011111001 d
#749
b1111110110110 D
b1111110110110 d
#750
b1110000001111101 D
b10000001111101 d
#751
b1110000100101000 D
b10000100101000 d
#752
b1110000111001000 D
b10000111001000 d
#753
b1110001000011111 D
b10001000011111 d
#754
b1110001000001100 D
b10001000001100 d
#755
b1110000110111011 D
b10000110111011 d
#756
b1110000100101001 D
b10000100101001 d
#757
b1110000001011110 D
b10000001011110 d
#758
b1111110100010 D
b1111110100010 d
#759
b1111011111110 D
b1111011111110 d
#760
b1111001110110 D
b1111001110110 d
#761
b1111001010110 D
b1111001010110 d
#762
b1111001110111 D
b1111001110111 d
#763
b1111011111011 D
b1111011111011 d
#764
b1111101011111 D
b1111101011111 d
#765
b1110000000100001 D
b10000000100001 d
#766
b1110000011111011 D
b10000011111011 d
#767
b1110000110011000 D
b10000110011000 d
#768
b1110001000001101 D
b10001000001101 d
#769
b1110001001000000 D
b10001001000000 d
#770
b1110001000011000 D
b10001000011000 d
#771
b1110001110010101 D
b10000110010101 d
#772
b1110000111110111 D
b10000011110111 d
#773
b1110000011111111 D
b10000000111111 d
#774
b1110111101101101 D
b11111101101101 d
#775
b1111111101111 D
b1111111101111 d
#776
b1111011101111 D
b1111011101111 d
#777
b1111011111011 D
b1111011101011 d
#778
b1111010011111 D
b1111010011011 d
#779
b1111010111100 D
b1111010111100 d
#780
b1111100011001 D
b1111100011001 d
#781
b1111111010001 D
b1111111010001 d
#782
b1110000010000100 D
b10000010000100 d
#783
b1110000101101000 D
b10000101101000 d
#784
b1110000111100001 D
b10000111100001 d
#785
b1110001000111001 D
b10001000111001 d
#786
b1110001001000110 D
b10001001000110 d
#787
b1110000111101111 D
b10000111101111 d
#788
b1110000100111110 D
b10000100111110 d
#789
b1110000010100000 D
b10000010100000 d
#790
b1111111011011 D
b1111111011011 d
#791
b1111100100001 D
b1111100100001 d
#792
b1111010100011 D
b1111010100011 d
#793
b1111001001111 D
b1111001001111 d
#794
b1111010000011 D
b1111010000011 d
#795
b1111011001010 D
b1111011001010 d
#796
b1111101100111 D
b1111101100111 d
#797
b1110000000011111 D
b10000000011111 d
#798
b1110000011101101 D
b10000011101101 d
#799
b1110000101110001 D
b10000101110001 d
#800
b1110000111110001 D
b10000111110001 d
#801
b1110001000110001 D
b10001000110001 d
#802
b1110001000001100 D
b10001000001100 d
#803
b1110000101110100 D
b10000101110100 d
#804
b1110000011010101 D
b10000011010101 d
#805
b1110000001000001 D
b10000001000001 d
#806
b1111101111101 D
b1111101111101 d
#807
b1111010111100 D
b1111010111101 d
#808
b1111011110001 D
b1111001111101 d
#809
b1111001111101 D
b1111000111101 d
#810
b1111001111101 d
#811
b1111101101111 D
b1111101101111 d
#812
b1111110011111 D
b1111110011111 d
#813
b1111110011101 D
b1111110011101 d
#814
b1110000001111001 D
b10000101111001 d
#815
b1110000100001011 D
b10000110001011 d
#816
b1110000110010100 D
b10000110010100 d
#817
b1110001000010101 D
b10001000010101 d
#818
b1110000111100000 D
b10000111100000 d
#819
b1110000110000000 D
b10000110000000 d
#820
b1110000100010010 D
b10000100010010 d
#821
b1110000010000010 D
b10000010000010 d
#822
b1111110110100 D
b1111110110100 d
#823
b1111100001000 D
b1111100001000 d
#824
b1111001101111 D
b1111001101111 d
#825
b1111000110010 D
b1111000110010 d
#826
b1111000110100 D
b1111000110100 d
#827
b1111010000110 D
b1111010000110 d
#828
b1111100100110 D
b1111100100110 d
#829
b1111111001111 D
b1111111001111 d
#830
b1110000010100011 D
b10000010100011 d
#831
b1110000101001111 D
b10000101001111 d
#832
b1110000111001000 D
b10000111001000 d
#833
b1110001000010101 D
b10001000010101 d
#834
b1110000111101000 D
b10000111101000 d
#835
b1110000101100001 D
b10000101100001 d
#836
b1110000011011000 D
b10000011011000 d
#837
b1111111111111 D
b1111111111111 d
#838
b1111101010111 D
b1111101010111 d
#839
b1111010111111 D
b1111010111111 d
#840
b1111000101101 D
b1111000101101 d
#841
b1111000100010 D
b1111000100010 d
#842
b1111000110101 D
b1111000110101 d
#843
b1111010101100 D
b1111010111101 d
#844
b1111111111110 D
b1111101111110 d
#845
b1111111101111110 D
b11111101111110 d
#846
b1110000011111111 D
b10000011111111 d
#847
b1110000111011111 D
b10000111011111 d
#849
b1110000111010111 D
b10000111010110 d
#850
b1110000111110111 D
b10000111100111 d
#851
b1110000110110111 D
b10000110110111 d
#852
b1110000100101110 D
b10000100101110 d
#853
b1110000010000011 D
b10000010000011 d
#854
b1111110100110 D
b1111110100110 d
#855
b1111011111000 D
b1111011111000 d
#856
b1111001110000 D
b1111001110000 d
#857
b1111000011110 D
b1111000011110 d
#858
b1111000110001 D
b1111000110001 d
#859
b1111001101111 D
b1111001101111 d
#860
b1111011110111 D
b1111011110111 d
#861
b1111111000000 D
b1111111000000 d
#862
b1110000001101101 D
b10000001101101 d
#863
b1110000100010100 D
b10000100010100 d
#864
b1110000110111100 D
b10000110111100 d
#865
b1110000111111010 D
b10000111111010 d
#866
b1110000111101100 D
b10000111101100 d
#867
b1110000110001000 D
b10000110001000 d
#868
b1110000011100111 D
b10000011100111 d
#869
b1110000000101001 D
b10000000101001 d
#870
b1111101011111 D
b1111101011111 d
#871
b1111011000111 D
b1111011000111 d
#872
b1111001010101 D
b1111001010101 d
#873
b1111000010101 D
b1111000010101 d
#874
b1111001001001 D
b1111001001001 d
#875
b1111011100101 D
b1111011100101 d
#876
b1111101011110 D
b1111101011110 d
#877
b1110000000011111 D
b10000000011111 d
#878
b1110000011101111 D
b10000011101111 d
#879
b1110000110110100 D
b10000110111111 d
#880
b1110000111111100 D
b10000111111100 d
#881
b1110001111111110 D
b10001111111110 d
#882
b1110001111011110 D
b10001111011110 d
#883
b1110000111101111 D
b10000111101111 d
#885
b1110000010100101 D
b10111111100101 d
#886
b1111111110100 D
b1111111110100 d
#887
b1111101000100 D
b1111101000100 d
#888
b1111010011001 D
b1111010011001 d
#889
b1111001000100 D
b1111001000100 d
#890
b1111001001110 D
b1111001001110 d
#891
b1111010100101 D
b1111010100101 d
#892
b1111100100110 D
b1111100100110 d
#893
b1111111100010 D
b1111111100010 d
#894
b1110000010101010 D
b10000010101010 d
#895
b1110000101001001 D
b10000101001001 d
#896
b1110000111000010 D
b10000111000010 d
#897
b1110001000010110 D
b10001000010110 d
#898
b1110001000011010 D
b10001000011010 d
#899
b1110000111011111 D
b10000111011111 d
#900
b1110000100111010 D
b10000100111010 d
#901
b1110000001110000 D
b10000001110000 d
#902
b1111110101011 D
b1111110101011 d
#903
b1111100010111 D
b1111100010111 d
#904
b1111010000011 D
b1111010000011 d
#905
b1111001101110 D
b1111001101110 d
#906
b1111010010100 D
b1111010010100 d
#907
b1111011001110 D
b1111011001110 d
#908
b1111101110110 D
b1111101110110 d
#909
b1110000001000010 D
b10000001000010 d
#910
b1110000100000101 D
b10000100000101 d
#911
b1110000110111000 D
b10000110111000 d
#912
b1110001000011000 D
b10001000011000 d
#913
b1110001001011011 D
b10001001011011 d
#914
b1110001000010101 D
b10001000010111 d
#915
b1110001101111000 D
b10001101111101 d
#916
b1110000111110110 D
b10000111111110 d
#917
b1110000011110111 D
b10000011110111 d
#918
b1110111100110101 D
b10111100110101 d
#919
b1111111101110 D
b1111111101110 d
#920
b1111011100011 D
b1111011100011 d
#921
b1111011001110 D
b1111011000010 d
#922
b1111001011100 D
b1111001011100 d
#923
b1111010100010 D
b1111010100010 d
#924
b1111100101010 D
b1111100101010 d
#925
b1111110111110 D
b1111110111110 d
#926
b1110000010100010 D
b10000010100010 d
#927
b1110000101011001 D
b10000101011001 d
#928
b1110000111101001 D
b10000111101001 d
#929
b1110001000101000 D
b10001000101000 d
#930
b1110001000011100 D
b10001000011100 d
#931
b1110000111011111 D
b10000111011111 d
#932
b1110000101011001 D
b10000101011001 d
#933
b1110000010010011 D
b10000010010011 d
#934
b1111111001101 D
b1111111001101 d
#935
b1111100010010 D
b1111100010010 d
#936
b1111010001010 D
b1111010001010 d
#937
b1111001010101 D
b1111001010101 d
#938
b1111001111000 D
b1111001111000 d
#939
b1111011010000 D
b1111011010000 d
#940
b1111101001110 D
b1111101001110 d
#941
b1110000000100111 D
b10000000100111 d
#942
b1110000011110000 D
b10000011110000 d
#943
b1110000101101111 D
b10000101101111 d
#944
b1110000111011111 D
b10000111011111 d
#945
b1110001000011001 D
b10001000011001 d
#946
b1110000111110111 D
b10000111110111 d
#947
b1110000101111111 D
b10000101111111 d
#948
b1110000011001010 D
b10000011001010 d
#949
b1111111111000 D
b1111111111000 d
#950
b1111101101001 D
b1111101111001 d
#951
b1111110010001 D
b1111010011001 d
#952
b1111010110011 D
b1111000110011 d
#953
b1111000111011 D
b1111000111011 d
#954
b1111010101011 D
b1111010101011 d
#955
b1111011011111 D
b1111011011111 d
#956
b1111111011101 D
b1111111011101 d
#957
b1111101111010 D
b1111101111010 d
#958
b1110000000100110 D
b10000000100110 d
#959
b1110000011011101 D
b10000011011101 d
#960
b1110000110011010 D
b10000110011010 d
#961
b1110001000001010 D
b10001000001010 d
#962
b1110001000010111 D
b10001000010111 d
#963
b1110000110100011 D
b10000110100011 d
#964
b1110000100000111 D
b10000100000111 d
#965
b1110000001001011 D
b10000001001011 d
#966
b1111110000000 D
b1111110000000 d
#967
b1111011100010 D
b1111011100010 d
#968
b1111001010010 D
b1111001010010 d
#969
b1111000100110 D
b1111000100110 d
#970
b1111000100010 D
b1111000100010 d
#971
b1111010000111 D
b1111010000111 d
#972
b1111100111101 D
b1111100111101 d
#973
b1111111011001 D
b1111111011001 d
#974
b1110000010000010 D
b10000010000010 d
#975
b1110000101001000 D
b10000101001000 d
#976
b1110000110110100 D
b10000110110100 d
#977
b1110000111011101 D
b10000111011101 d
#978
b1110000111001111 D
b10000111001111 d
#979
b1110000101101010 D
b10000101101010 d
#980
b1110000011010000 D
b10000011010000 d
#981
b1111111101000 D
b1111111101000 d
#982
b1111100100110 D
b1111100100110 d
#983
b1111010010110 D
b1111010010110 d
#984
b1111000100000 D
b1111000100000 d
#985
b1111000000101 D
b1111000000101 d
#986
b1111001001001 D
b1111001001001 d
#987
b1111010111001 D
b1111010111001 d
#988
b1111111111101 D
b1111111111101 d
#989
b11111101100110 D
b11111101100100 d
#990
b1110000010111111 D
b10000010111111 d
#991
b1110000111111111 D
b10000111111011 d
#992
b10000111111100 d
#993
b10000111101111 d
#994
b1110000111111011 D
b10000111111011 d
#995
b1110000111000110 D
b10000111000110 d
#996
b1110000100101010 D
b10000100101010 d
#997
b1110000001101000 D
b10000001101000 d
#998
b1111110101101 D
b1111110101101 d
#999
b1111011011110 D
b1111011011110 d
#1000
b1111001010011 D
b1111001010011 d
#1001
b1111000010110 D
b1111000010110 d
#1003
b1111001111010 D
b1111001111010 d
#1004
b1111100001101 D
b1111100001101 d
#1005
b1111111001001 D
b1111111001001 d
#1006
b1110000010101000 D
b10000010101000 d
#1007
b1110000100101010 D
b10000100101010 d
#1008
b1110000111000100 D
b10000111000100 d
#1009
b1110001000001110 D
b10001000001110 d
#1010
b1110000111110100 D
b10000111110100 d
#1011
b1110000101110110 D
b10000101110110 d
#1012
b1110000011101011 D
b10000011101011 d
#1013
b1110000000110111 D
b10000000110111 d
#1014
b1111101111101 D
b1111101111101 d
#1015
b1111011010001 D
b1111011010001 d
#1016
b1111001010110 D
b1111001010110 d
#1017
b1111000101011 D
b1111000101011 d
#1018
b1111001011010 D
b1111001011010 d
#1019
b1111011000001 D
b1111011000001 d
#1020
b1111101110111 D
b1111101110111 d
#1021
b1110001001000111 D
b10000001100111 d
#1022
b1110000011110010 D
b10000011110111 d
#1023
b1110000111111111 D
b10000101111111 d
#1024
b1110001101111111 D
b10001101111111 d
#1025
b1110001000111011 D
b10001000111011 d
#1026
b1110001111111010 D
b10001111111010 d
#1027
b1110000111111100 D
b10000111111100 d
#1028
b1110000111100110 D
b10000111100110 d
#1029
b1110000011000110 D
b11011 T
b10110011000110 d
#1030
b1111111110110 D
b1111111110110 d
#1031
b1111101000011 D
b1111101000011 d
#1032
b1111011001010 D
b11010 T
b1111011001010 d
#1033
b1111001111100 D
b1111001111100 d
#1034
b1111010000001 D
b11001 T
b1111010000001 d
#1035
b1111010011010 D
b11000 T
b1111010011010 d
#1036
b1111100101110 D
b10111 T
b1111100101110 d
#1037
b1111111110101 D
b1111111110101 d
#1038
b1110000010101001 D
b10110 T
b10000010101001 d
#1039
b1110000101001011 D
b10101 T
b10000101001011 d
#1040
b1110000111100101 D
b10100 T
b10000111100101 d
#1041
b1110001001000000 D
b10010 T
b10001001000000 d
#1042
b1110001000111000 D
b10001000111000 d
#1043
b1110000111011001 D
b10001 T
b10000111011001 d
#1044
b1110000100100011 D
b10000 T
b10000100100011 d
#1045
b1110000001110100 D
b1111 T
b10000001110100 d
#1046
b1111110111100 D
b1101 T
b1111110111100 d
#1047
b1111100101110 D
b1100 T
b1111100101110 d
#1048
b1111010100000 D
b1010 T
b1111010100000 d
#1049
b1111001001110 D
b1000 T
b1111001001110 d
#1050
b1111001100111 D
b111 T
b1111001100111 d
#1051
b1111011011110 D
b101 T
b1111011011110 d
#1052
b1111110001010 D
b11 T
b1111110001010 d
#1053
b1110000001011011 D
b1 T
b10000001011011 d
#1054
b1110000100000111 D
b1111111111111111 T
b10000100000111 d
#1055
b1110000110001010 D
b1111111111111101 T
b10000110001010 d
#1056
b1110001000000000 D
b1111111111111011 T
b10001000000000 d
#1057
b1110001000101000 D
b1111111111111000 T
b10001000101000 d
#1058
b1110001000111011 D
b1111111111110011 T
b10001000111011 d
#1059
b1110001110011111 D
b1111111111101110 T
b10001110011111 d
#1060
b1110000111101101 D
b1111111111101011 T
b10000111101101 d
#1061
b1110000011101100 D
b1111111111101000 T
b10000011101100 d
#1062
b1110111101011100 D
b1111111111100101 T
b10111101011100 d
#1063
b1111101010100 D
b1111111111100010 T
b1111101010100 d
#1064
b1111010111011 D
b1111111111011111 T
b1111011111011 d
#1065
b1111001010010 D
b1111111111011100 T
b1111001010010 d
#1066
b1111001000000 D
b1111111111011000 T
b1111001000000 d
#1067
b1111010001111 D
b1111111111010101 T
b1111010001111 d
#1068
b1111100011000 D
b1111111111010001 T
b1111100011000 d
#1069
b1111111010000 D
b1111111111001110 T
b1111111010000 d
#1070
b1110000001101110 D
b1111111111001010 T
b10000001101110 d
#1071
b1110000100011000 D
b1111111111000110 T
b10000100011000 d
#1072
b1110000110110101 D
b1111111111000010 T
b10000110110101 d
#1073
b1110001000010101 D
b1111111110111110 T
b10001000010101 d
#1074
b1110000111111010 D
b1111111110111001 T
b10000111111010 d
#1075
b1110000111000100 D
b1111111110110101 T
b10000111000100 d
#1076
b1110000100100111 D
b1111111110110001 T
b10000100100111 d
#1077
b1110000001010000 D
b1111111110101100 T
b10000001010000 d
#1078
b1111110010101 D
b1111111110100101 T
b1111110010101 d
#1079
b1111100000110 D
b1111111110100111 T
b1111100000110 d
#1080
b1111001011001 D
b1111111110100010 T
b1111001011001 d
#1081
b1111000110011 D
b1111111110011101 T
b1111000110011 d
#1082
b1111000111011 D
b1111111110011000 T
b1111000111011 d
#1083
b1111010001111 D
b1111111110010011 T
b1111010001111 d
#1084
b1111100111111 D
b1111111110001110 T
b1111100111111 d
#1085
b1111111110011 D
b1111111110001000 T
b1111111110011 d
#1086
b1110000011001100 D
b1111111110000010 T
b10000011001100 d
#1087
b1110000110010110 D
b1111111101111101 T
b10000110010110 d
#1088
b1110000111111001 D
b1111111101110111 T
b10000111111001 d
#1089
b1110000111111000 D
b1111111101110001 T
b10000111111000 d
#1090
b1110000110110111 D
b1111111101100100 T
b10000110110111 d
#1091
b1110000101011111 D
b1111111101011101 T
b10000101011111 d
#1092
b1110000011001001 D
b1111111101010111 T
b10000011001001 d
#1093
b1111111000011 D
b1111111101010000 T
b1111111000011 d
#1094
b1111100100010 D
b1111111101001001 T
b1111100100011 d
#1095
b1111110100010 D
b1111111101000010 T
b1111110100010 d
#1096
b1111010101010 D
b1111111100110011 T
b1111010101010 d
#1097
b1111000101010 D
b1111111100101100 T
b1111000101010 d
#1098
b1111001001010 D
b1111111100100100 T
b1111001001010 d
#1099
b1111011001110 D
b1111111100011100 T
b1111011001110 d
#1100
b1111111001111 D
b1111111100010100 T
b1111111001110 d
#1101
b1111110000111 D
b1111111100001100 T
b1111110000111 d
#1102
b1110000001010100 D
b1111111100000011 T
b10000001010100 d
#1103
b1110000011101110 D
b1111111011111011 T
b10000011101110 d
#1104
b1110000101101010 D
b1111111011110010 T
b10000101101010 d
#1105
b1110000111000011 D
b1111111011101001 T
b10000111000011 d
#1106
b1110000111011100 D
b1111111011100000 T
b10000111011100 d
#1107
b1110000110010001 D
b1111111011010111 T
b10000110010001 d
#1108
b1110000011110110 D
b1111111011001101 T
b10000011110110 d
#1109
b1110000000110101 D
b1111111011000100 T
b10000000110101 d
#1110
b1111101110011 D
b1111111010111010 T
b1111101110011 d
#1111
b1111011001101 D
b1111111010110000 T
b1111011001101 d
#1112
b1111000110000 D
b1111111010100110 T
b1111000110000 d
#1113
b1110111101101 D
b1111111010011100 T
b1110111101101 d
#1114
b1111000101001 D
b1111000101001 d
#1115
b1111010000110 D
b1111111010010001 T
b1111010000110 d
#1116
b1111100000101 D
b1111111010000110 T
b1111100000101 d
#1117
b1111110111100 D
b1111111001111100 T
b1111110111100 d
#1118
b1110000010010110 D
b1111111001110001 T
b10000010010110 d
#1119
b1110000100011010 D
b1111111001100101 T
b10000100011010 d
#1120
b1110000110100011 D
b1111111001011010 T
b10000110100011 d
#1121
b1110000111011111 D
b1111111001001110 T
b10000111011111 d
#1122
b1110000111010100 D
b1111111001000011 T
b10000111010100 d
#1123
b1110000101010010 D
b1111111000110111 T
b10000101010010 d
#1124
b1110000010101010 D
b1111111000101010 T
b10000010101010 d
#1125
b1111111110001 D
b1111111000011110 T
b1111111110001 d
#1126
b1111100110011 D
b1111111000010010 T
b1111100110011 d
#1127
b1111010010110 D
b1111111000000101 T
b1111010010110 d
#1128
b1111000101000 D
b1111110111111000 T
b1111000101000 d
#1129
b1111000110100 D
b1111110111101011 T
b1111000110100 d
#1130
b1111001010111 D
b1111110111011110 T
b1111001010111 d
#1131
b1111011100111 D
b1111110111010000 T
b1111010100111 d
#1132
b1111111100111 D
b1111110111000011 T
b1111111100111 d
#1133
b1111101101011 D
b1111110110110101 T
b1111101100011 d
#1134
b1110000011111001 D
b1111110110100111 T
b10000011111001 d
#1135
b1110000111100001 D
b1111110110011001 T
b10000111100001 d
#1136
b1110000111001111 D
b1111110110001010 T
b10000111000001 d
#1137
b1110000111011111 D
b1111110101111100 T
b10000111011111 d
#1138
b1110000111111000 D
b1111110101101101 T
b10000111111000 d
#1139
b1110000110110001 D
b1111110101011110 T
b10000110110001 d
#1140
b1110000100110011 D
b1111110101001111 T
b10000100110011 d
#1141
b1110000001100011 D
b1111110101000000 T
b10000001100011 d
#1142
b1111110100101 D
b1111110100110000 T
b1111110100101 d
#1143
b1111011100111 D
b1111110100100001 T
b1111011100111 d
#1144
b1111001011101 D
b1111110100010001 T
b1111001011101 d
#1145
b1111000101110 D
b1111110100000001 T
b1111000101110 d
#1146
b1111000110100 D
b1111110011110001 T
b1111000110100 d
#1147
b1111010000001 D
b1111110011100001 T
b1111010000001 d
#1148
b1111100011111 D
b1111110011010000 T
b1111100011111 d
#1149
b1111111000000 D
b1111111000000 d
#1150
b1110000010010100 D
b1111110011000000 T
b10000010010100 d
#1151
b1110000101000101 D
b1111110010101111 T
b10000101000101 d
#1152
b1110000110111101 D
b1111110010011110 T
b10000110111101 d
#1153
b1110000111110010 D
b1111110010001101 T
b10000111110010 d
#1154
b1110000110111010 D
b1111110001111011 T
b10000110111010 d
#1155
b1110000101111101 D
b1111110001101010 T
b10000101111101 d
#1156
b1110000011111110 D
b1111110001011000 T
b10000011111110 d
#1157
b1110000000011101 D
b1111110001000111 T
b10000000011101 d
#1158
b1111101011110 D
b1111110000110101 T
b1111101011110 d
#1159
b1111010111001 D
b1111110000100011 T
b1111010111001 d
#1160
b1111001001100 D
b1111110000010001 T
b1111001001100 d
#1161
b1111000111001 D
b1111101111111110 T
b1111000111001 d
#1162
b1111001111000 D
b1111101111101100 T
b1111001111000 d
#1163
b1111011010011 D
b1111101111011010 T
b1111011010011 d
#1164
b1111101110110 D
b1111101111000111 T
b1111101110110 d
#1165
b1110001100110010 D
b1111101110110100 T
b10001000110110 d
#1166
b1110000100111011 D
b1111101110100001 T
b10000100111011 d
#1167
b1110000110011111 D
b1111101110001110 T
b10000110011111 d
#1168
b1110000111111101 D
b1111101101111011 T
b10000111111101 d
#1169
b1110001111111001 D
b1111101101101000 T
b10001111111001 d
#1170
b1110001111001001 D
b1111101101010101 T
b10001111001001 d
#1171
b1110000111001011 D
b1111101101000001 T
b10000111001011 d
#1172
b1110000101001011 D
b1111101100101110 T
b10000111000011 d
#1173
b1110000010111001 D
b1111101100011010 T
b10000010111001 d
#1174
b1111111100010 D
b1111101100000111 T
b1111111100010 d
#1175
b1111100011001 D
b1111101011110011 T
b1111100011001 d
#1176
b1111010010011 D
b1111101011011111 T
b1111010010011 d
#1177
b1111001000011 D
b1111101011001100 T
b1111001000011 d
#1178
b1111001000100 D
b1111101010111000 T
b1111001000100 d
#1179
b1111010011110 D
b1111101010100100 T
b1111010011110 d
#1180
b1111100001101 D
b1111101010010000 T
b1111100001101 d
#1181
b1111111011111 D
b1111101001111100 T
b1111111011111 d
#1182
b1110000010001010 D
b1111101001101000 T
b10000010001010 d
#1183
b1110000100101100 D
b1111101001010100 T
b10000100101100 d
#1184
b1110000111001100 D
b1111101001000000 T
b10000111001100 d
#1185
b1110001000010000 D
b1111101001101100 T
b10001000010000 d
#1186
b1110000111110000 D
b1111101000101100 T
b10000111110000 d
#1187
b1110000110010100 D
b1111101000011000 T
b10000110010100 d
#1188
b1110000011111100 D
b1111101000000100 T
b10000011111100 d
#1189
b1110000000111110 D
b1111100111011100 T
b10000000111110 d
#1190
b1111101100110 D
b1111100111001000 T
b1111101100110 d
#1191
b1111011010110 D
b1111100110110100 T
b1111011010110 d
#1192
b1111001100111 D
b1111100110100001 T
b1111001100111 d
#1193
b1111001011100 D
b1111100110001101 T
b1111001011100 d
#1194
b1111001110111 D
b1111100101111001 T
b1111001110111 d
#1195
b1111011001110 D
b1111100101100101 T
b1111011001110 d
#1196
b1111101100110 D
b1111100101010010 T
b1111101100110 d
#1197
b1110000000010011 D
b1111100100111111 T
b10000000010011 d
#1198
b1110000011000111 D
b1111100100101011 T
b10000011000111 d
#1199
b1110000101111000 D
b1111100100011000 T
b10000101111000 d
#1200
b1110000111010000 D
b1111100100000101 T
b10000111110000 d
#1201
b1110000111010011 D
b1111100011110010 T
b10000111010011 d
#1202
b1110000111110111 D
b1111100011011111 T
b10000111110111 d
#1203
b1110000111111111 D
b1111100011001101 T
b10000111111111 d
#1204
b1110000111011011 D
b1111100010111010 T
b10000111011011 d
#1205
b1110111111011101 D
b1111100010101000 T
b10111111011101 d
#1206
b1111111011101 D
b1111100010010110 T
b1111111011101 d
#1207
b1111110011010 D
b1111100010000100 T
b1111110011010 d
#1208
b1111011011011 D
b1111100001110010 T
b1111011011010 d
#1209
b1111001010011 D
b1111100001100000 T
b1111001010011 d
#1210
b1111000101100 D
b1111100001001111 T
b1111000101100 d
#1211
b1111001010000 D
b1111100000111110 T
b1111001010000 d
#1212
b1111011100010 D
b1111100000101101 T
b1111011100010 d
#1213
b1111110000000 D
b1111100000011101 T
b1111110000000 d
#1214
b1110000000110001 D
b1111100000001101 T
b10000000110001 d
#1215
b1110000100000100 D
b1111011111111101 T
b10000100000100 d
#1216
b1110000110010000 D
b1111011111101101 T
b10000110010000 d
#1217
b1110000111100010 D
b1111011111011110 T
b10000111100010 d
#1218
b1110000111110000 D
b1111011111001111 T
b10000111110000 d
#1219
b1110000101101011 D
b1111011110110010 T
b10000101101011 d
#1220
b1110000010110101 D
b1111011110100100 T
b10000010110101 d
#1221
b1111111101101 D
b1111011110000100 T
b1111111101101 d
#1222
b1111101101101 D
b1111011110010110 T
b1111101101101 d
#1223
b1111010110101 D
b1111011110001001 T
b1111010110101 d
#1224
b1111000100110 D
b1111011101111100 T
b1111000100110 d
#1225
b1110111101111 D
b1111011101110000 T
b1110111101111 d
#1226
b1111000011111 D
b1111011101100100 T
b1111000011111 d
#1227
b1111001100001 D
b1111011101011000 T
b1111001100001 d
#1228
b1111100001000 D
b1111011101001101 T
b1111100001000 d
#1229
b1111111001101 D
b1111011101000010 T
b1111111001101 d
#1230
b1110000001110110 D
b1111011100111000 T
b10000001110110 d
#1231
b1110000100101101 D
b1111011100101111 T
b10000100101101 d
#1232
b1110000110110011 D
b1111011100100110 T
b10000110110011 d
#1233
b1110000111010001 D
b1111011100011101 T
b10000111010001 d
#1234
b1110000110010110 D
b1111011100010101 T
b10000110010110 d
#1235
b1110000100010000 D
b1111011100000111 T
b10000100010000 d
#1236
b1110000001110110 D
b1111011100000000 T
b10000001110110 d
#1237
b1111110110010 D
b1111011011111010 T
b1111110110110 d
#1238
b1111111110010 D
b1111011011110101 T
b1111111110010 d
#1239
b1111011111010 D
b1111011011110001 T
b1111011111010 d
#1240
b1111111111110 D
b1111011011101101 T
b1111111111110 d
#1241
b1110111111110 D
b1111011011101010 T
b1110111111110 d
#1242
b1111111100111 D
b1111011011100111 T
b1111111100111 d
#1243
b1111011100011 D
b1111011011100101 T
b1111011000011 d
#1244
b1111010100011 D
b1111011011100100 T
b1111010100011 d
#1245
b1111101000100 D
b1111101000100 d
#1246
b1110000000001110 D
b10000000001110 d
#1247
b1110000010110100 D
b1111011011100101 T
b10000010110100 d
#1248
b1110000101001011 D
b1111011011100111 T
b10000101001011 d
#1249
b1110000110100110 D
b1111011011101001 T
b10000110100110 d
#1250
b1110000101111110 D
b1111011011101101 T
b10000101111110 d
#1251
b1110000101011101 D
b1111011011110001 T
b10000101011101 d
#1252
b1110000011001011 D
b1111011011110110 T
b10000011001011 d
#1253
b1110000000101000 D
b1111011011111011 T
b10000000101000 d
#1254
b1111110000010 D
b1111011100000010 T
b1111110000010 d
#1255
b1111010110101 D
b1111011100001010 T
b1111010110101 d
#1256
b1111000101010 D
b1111011100010010 T
b1111000101010 d
#1257
b1111000000001 D
b1111000000001 d
#1258
b1111000000100 D
b1111011100011011 T
b1111000000100 d
#1259
b1111001010011 D
b1111011100100110 T
b1111001010011 d
#1260
b1111100000011 D
b1111011100110001 T
b1111100000011 d
#1261
b1111110101111 D
b1111011100111101 T
b1111110101111 d
#1262
b1110000001011011 D
b1111011101001010 T
b10000001011011 d
#1263
b1110000100001011 D
b1111011101011000 T
b10000100001011 d
#1264
b1110000110010011 D
b1111011101100111 T
b10000110010011 d
#1265
b1110000111000101 D
b1111011101110111 T
b10000111000101 d
#1266
b1110000110110110 D
b1111011110001000 T
b10000110110110 d
#1267
b1110000101001011 D
b1111011110011010 T
b10000101001011 d
#1268
b1110000010100000 D
b1111011110101101 T
b10000010100000 d
#1269
b1111111010111 D
b1111011111000001 T
b1111111010111 d
#1270
b1111100010000 D
b1111011111010111 T
b1111100010000 d
#1271
b1111010001010 D
b1111011111101101 T
b1111010001010 d
#1272
b1111000011010 D
b1111100000000101 T
b1111000011010 d
#1273
b1111000010000 D
b1111100000011101 T
#1274
b1111001000000 D
b1111100000110111 T
b1111001000000 d
#1275
b1111011101111 D
b1111100001010010 T
b1111011101111 d
#1276
b1111010101111 D
b1111100001101110 T
b1111110101111 d
#1277
b1111101010000 D
b1111100010001011 T
b1111101010000 d
#1278
b1110000011101011 D
b1111100010101010 T
b10000011101011 d
#1279
b1110000111101100 D
b1111100011001001 T
b10000111101100 d
#1280
b1110000111101101 D
b1111100011101010 T
#1281
b1110000111001101 D
b1111100100110000 T
b10000111001101 d
#1282
b1110000111101000 D
b1111100101010101 T
b10000111101000 d
#1283
b1110000110100000 D
b1111100101111011 T
b10000110100000 d
#1284
b1110000100011001 D
b1111100111001010 T
b10000100011001 d
#1285
b1110000001101111 D
b1111100111110100 T
b10000001101111 d
#1286
b1111110011010 D
b1111101000100000 T
b1111110011010 d
#1287
b1111011110010 D
b1111101001001100 T
b1111011110010 d
#1288
b1111001100010 D
b1111101010101001 T
b1111001100010 d
#1289
b1111000111101 D
b1111101011011010 T
b1111000111101 d
#1290
b1111001010001 D
b1111101100001100 T
b1111001010001 d
#1291
b1111010010110 D
b1111101101000000 T
b1111010010110 d
#1292
b1111100100100 D
b1111101101110101 T
b1111100100100 d
#1293
b1111111011111 D
b1111111011111 d
#1294
b1110000010001111 D
b1111101110101011 T
b10000010001111 d
#1295
b1110000101001011 D
b1111101111100011 T
b10000101001011 d
#1296
b1110000110110001 D
b1111110000011100 T
b10000110110001 d
#1297
b1110000111111010 D
b1111110001010111 T
b10000111111010 d
#1298
b1110001000001101 D
b1111110010010011 T
b10001000001101 d
#1299
b1110000110101010 D
b1111110011010001 T
b10000110101010 d
#1300
b1110000011110011 D
b1111110100010000 T
b10000011110011 d
#1301
b1110000000101111 D
b1111110101010001 T
b10000000101111 d
#1302
b1111101110100 D
b1111110110010011 T
b1111101110100 d
#1303
b1111011011101 D
b1111110111010111 T
b1111011011101 d
#1304
b1111001100101 D
b1111111000011100 T
b1111001100101 d
#1305
b1111000010101 D
b1111111010101011 T
b1111000010101 d
#1306
b1111001010010 D
b1111111011110101 T
b1111001010010 d
#1307
b1111011000000 D
b1111111101000001 T
b1111011000000 d
#1308
b1111101100101 D
b1111111111011100 T
b1111101100101 d
#1309
b1111111101111111 D
b101101 T
b10001100111111 d
#1310
b1110000011111110 D
b1111110 T
b10000011111110 d
#1311
b1110000111111111 D
b11010010 T
b10000111111111 d
#1312
b1110000111011111 D
b100100111 T
b10000111011111 d
#1313
b1110000111111111 D
b101111110 T
b10000111111111 d
#1314
b111010110 T
#1315
b1110000111001111 D
b1010001100 T
b10000111001111 d
#1316
b1110000101000101 D
b1011101001 T
b10000101000101 d
#1317
b1110000001110110 D
b1101001000 T
b10000001110110 d
#1318
b1111110110011 D
b1110101000 T
b1111110110011 d
#1319
b1111011111100 D
b10000001010 T
b1111011111100 d
#1320
b1111001101000 D
b10001101110 T
b1111001101000 d
#1321
b1111000011101 D
b10011010100 T
b1111000011101 d
#1322
b1111000100010 D
b10100111011 T
b1111000100010 d
#1323
b1111010001010 D
b10110100011 T
b1111010001010 d
#1324
b1111100000111 D
b11000001110 T
b1111100000111 d
#1325
b1111110101000 D
b11001111010 T
b1111110101000 d
#1326
b1110000010000001 D
b11011101000 T
b10000010000001 d
#1327
b1110000100100100 D
b11101010111 T
b10000100100100 d
#1328
b1110000110111000 D
b11111011011 T
b10000110111000 d
#1329
b1110000111001111 D
b11111001000 T
b10000111001111 d
#1330
b1110000111001101 D
b100000111011 T
b10000111001101 d
#1331
b1110000101111100 D
b100010101111 T
b10000101111100 d
#1332
b1110000011010010 D
b100100100110 T
b10000011010010 d
#1333
b1110000000000101 D
b100110011101 T
b10000000000101 d
#1334
b1111101010000 D
b101000010111 T
b1111101010000 d
#1335
b1111010110111 D
b101010010010 T
b1111010110111 d
#1336
b1111000101011 D
b101100001110 T
b1111000101011 d
#1337
b1110111101110 D
b101110001101 T
b1110111101110 d
#1338
b1111000101000 D
b110000001101 T
b1111000101000 d
#1339
b1111010011011 D
b110010001111 T
b1111010011011 d
#1340
b1111100100011 D
b110100010010 T
b1111100100011 d
#1341
b1111111100111 D
b110110010111 T
b1111111100111 d
#1342
b1110000010111111 D
b111000011101 T
b10000010111111 d
#1343
b1110000100111010 D
b111010100101 T
b10000100111010 d
#1344
b1110000110111101 D
b111100101111 T
b10000110111111 d
#1345
b1110000111011110 D
b111110111011 T
b10000111011111 d
#1346
b1110000111011111 D
b1000001001000 T
b10000110011111 d
#1347
b1110000110111011 D
b1000011010110 T
b10000110111011 d
#1348
b1110000101111100 D
b1000101100110 T
b10000101111100 d
#1349
b1110000001110100 D
b1000111111000 T
b10000001110100 d
#1350
b1111111001111 D
b1001010001011 T
b1111111001110 d
#1351
b1111011011111 D
b1001100100000 T
b1111011011111 d
#1352
b1111001101111 D
b1001110110111 T
b1111001101111 d
#1353
b1110111010110 D
b1010001001111 T
b1110111010110 d
#1354
b1110111011011 D
b1010011101000 T
b1110111011011 d
#1355
b1110111100101 D
b1010110000011 T
b1110111100101 d
#1356
b1111010010011 D
b1011000100000 T
b1111010010011 d
#1357
b1111101111011 D
b1011010111110 T
b1111101111011 d
#1358
b1110000001001111 D
b1011101011101 T
b10000001001111 d
#1359
b1110000011111001 D
b1011111111110 T
b10000011111001 d
#1360
b1110000110000111 D
b1100010100001 T
b10000110000111 d
#1361
b1110000110101101 D
b1100101000101 T
b10000110101101 d
#1362
b1110000110011010 D
b1100111101010 T
b10000110011010 d
#1363
b1110000101010111 D
b1101010010001 T
b10000101010111 d
#1364
b1110000011100100 D
b1101110110001 T
b10000011100100 d
#1365
b1110000000010001 D
b1101100111001 T
b10000000010001 d
#1366
b1111100011010 D
b1101111100010 T
b1111100011010 d
#1367
b1111010001001 D
b1110010001101 T
b1111010001001 d
#1368
b1111000010010 D
b1110100111010 T
b1111000010010 d
#1369
b1110111111010 D
b1110111100111 T
b1110111111010 d
#1370
b1111000000000 D
b1111010010110 T
b1111000000000 d
#1371
b1111001001100 D
b1111101000110 T
b1111001001100 d
#1372
b1111100001101 D
b1111111111000 T
b1111100001101 d
#1373
b1111111100101 D
b10000010101010 T
b1111111100101 d
#1374
b1110000010000101 D
b10000101011110 T
b10000010000101 d
#1375
b1110000100010010 D
b10001000010011 T
b10000100010010 d
#1376
b1110000110100001 D
b10001011001010 T
b10000110100001 d
#1377
b1110000110101101 D
b10001110000001 T
b10000110101101 d
#1378
b1110000110000101 D
b10010000111010 T
b10000110000101 d
#1379
b1110000100001111 D
b10010011110100 T
b10000100001111 d
#1380
b1110000001100111 D
b10010110101111 T
b10000001101111 d
#1381
b1111111111111111 D
b10011001101011 T
b1111110101111 d
#1382
b1111111111011 D
b10011100101000 T
b1111111111011 d
#1383
b1111011110101 D
b10011111100110 T
b1111011110101 d
#1384
b1111111111101 D
b10100010100110 T
b1111111111101 d
#1385
b1110111101111 D
b10100101100110 T
b1110111101111 d
#1386
b1110111100111 D
b10101000100111 T
b1111111100111 d
#1387
b1111010100011 D
b10101011101001 T
b1111010100011 d
#1388
b1111010110011 D
b10101110101100 T
b1111010110011 d
#1389
b1111101001100 D
b10110001110000 T
b1111101001100 d
#1390
b1110000000010000 D
b10110100110101 T
b10000000010000 d
#1391
b1110000011001100 D
b10110111111011 T
b10000011001100 d
#1392
b1110000101101010 D
b10111011000010 T
b10000101101010 d
#1393
b1110000111000100 D
b10111110001001 T
b10000111000100 d
#1394
b1110000111000110 D
b11000001010001 T
b10000111000110 d
#1395
b1110000101100100 D
b11000100011010 T
b10000101100100 d
#1396
b1110000011011101 D
b11000111100100 T
b10000011011101 d
#1397
b1110000000110111 D
b11001010101110 T
b10000000110111 d
#1398
b1111101101100 D
b11001101111001 T
b1111101101100 d
#1399
b1111010011011 D
b11010001000100 T
b1111010011011 d
#1400
b1111000011101 D
b11010101000100 T
b1111000011101 d
#1401
b1110111100110 D
b11010100010001 T
b1110111100110 d
#1402
b1111000010001 D
b11010111011101 T
b1111000010001 d
#1403
b1111001101100 D
b11011010101011 T
b1111001101100 d
#1404
b1111100001101 D
b11011101111001 T
b1111100001101 d
#1405
b1111111000111 D
b11100001000111 T
b1111111000111 d
#1406
b1110000010000000 D
b11100100010110 T
b10000010000000 d
#1407
b1110000100110100 D
b11100111100101 T
b10000100110100 d
#1408
b1110000110100000 D
b11101010110100 T
b10000110100000 d
#1409
b1110000111010110 D
b11101110000100 T
b10000111010110 d
#1410
b1110000110110011 D
b11110001010100 T
b10000110110011 d
#1411
b1110000101000101 D
b11110100100101 T
b10000101000101 d
#1412
b1110000010111100 D
b11110111110110 T
b10000010111100 d
#1413
b1111111101100 D
b11111011000111 T
b1111111101100 d
#1414
b1111100100001 D
b11111110011000 T
b1111100100001 d
#1415
b1111010101010 D
b100000001101001 T
b1111010101011 d
#1416
b1111000111000 D
b100000100111011 T
b1111000111010 d
#1417
b1111000011001 D
b100001000001100 T
b1111000011001 d
#1418
b1111001111011 D
b100001011011110 T
b1111001111011 d
#1419
b1111011111111 D
b100001110110000 T
b1111011111111 d
#1420
b1111111111110 D
b100010010000001 T
b1111111111110 d
#1421
b1111101111110 D
b100010101010011 T
b1111101111110 d
#1422
b1110000011101111 D
b100011000100100 T
b10000011101111 d
#1423
b1110000011001100 D
b100011011110110 T
b10000011001100 d
#1424
b1110000110011011 D
b100011111000111 T
b10000110011011 d
#1425
b1110000111110010 D
b100100010011000 T
b10000111110010 d
#1426
b1110000111101011 D
b100100101101001 T
b10000111101011 d
#1427
b1110000110011110 D
b100101000111010 T
b10000110011110 d
#1428
b1110000100100111 D
b100101100001010 T
b10000100100111 d
#1429
b1110000001100110 D
b100101111011010 T
b10000001100110 d
#1430
b1111110010110 D
b100110010101001 T
b1111110010110 d
#1431
b1111100000010 D
b100110101111001 T
b1111100000010 d
#1432
b1111001111111 D
b100111001000111 T
b1111001111111 d
#1433
b1111001010111 D
b100111100010110 T
b1111001010111 d
#1434
b1111001000010 D
b100111111100100 T
b1111001000010 d
#1435
b1111010010101 D
b101000010110001 T
b1111010010101 d
#1436
b1111101000000 D
b1111101000000 d
#1437
b1111110011111 D
b101000101111101 T
b1111110011111 d
#1438
b1110000010010000 D
b101001001001001 T
b10000010010000 d
#1439
b1110000110000110 D
b101001100010101 T
b10000110000110 d
#1440
b1110000111011011 D
b101001111100000 T
b10000111011011 d
#1441
b1110000111111101 D
b101010010101010 T
b10000111111101 d
#1442
b1110000111100111 D
b101010101110011 T
b10000111100111 d
#1443
b1110000110000011 D
b101011000111011 T
b10000110000011 d
#1444
b1110000011110001 D
b101011100000011 T
b10000011110001 d
#1445
b1110000000101100 D
b101011111001001 T
b10000000101100 d
#1446
b1111101110100 D
b101100010001111 T
b1111101110100 d
#1447
b1111011010100 D
b101100101010100 T
b1111011010100 d
#1448
b1111001001111 D
b101101000011000 T
b1111001001111 d
#1449
b1111000111001 D
b101101011011011 T
b1111000111001 d
#1450
b1111001111100 D
b101101110011101 T
b1111001111100 d
#1451
b1111011100111 D
b101110001011101 T
b1111011110111 d
#1452
b1111110101010 D
b101110100011101 T
b1111110101111 d
#1453
b1111111111001011 D
b101110111011011 T
b11111111001011 d
#1454
b1110000101011011 D
b101111010011001 T
b10000101011011 d
#1455
b1110000110011111 D
b101111101010101 T
b10000110011111 d
#1456
b1110001110011110 D
b110000000001111 T
b10001110011110 d
#1457
b1110001000001111 D
b110000011001001 T
b10001000001111 d
#1458
b1110001010001111 D
b110000110000001 T
b10001010001111 d
#1459
b1110000110110011 D
b110001000110111 T
b10000110110011 d
#1460
b1110000101000000 D
b110001011101101 T
b10000101000000 d
#1461
b1110000010101001 D
b110001110100000 T
b10000010101001 d
#1462
b1111111101110 D
b110010001010011 T
b1111111101110 d
#1463
b1111100011110 D
b110010100000100 T
b1111100011110 d
#1464
b1111001011100 D
b110010110110011 T
b1111001011100 d
#1465
b1111000101101 D
b110011001100001 T
b1111000101101 d
#1466
b1111000111011 D
b110011110110111 T
b1111000111011 d
#1467
b1111010000111 D
b110100001100000 T
b1111010000111 d
#1468
b1111011111100 D
b110100100000111 T
b1111011111100 d
#1469
b1111110100001 D
b110100110101100 T
b1111110100001 d
#1470
b1110000001010010 D
b110101001010000 T
b10000001010010 d
#1471
b1110000011011110 D
b110101011110001 T
b10000011011110 d
#1472
b1110000110001000 D
b10000110001000 d
#1473
b1110000111101000 D
b110101110010001 T
b10000111101000 d
#1474
b1110000111000011 D
b110110000101111 T
b10000111000011 d
#1475
b1110000101001001 D
b110110011001011 T
b10000101001001 d
#1476
b1110000010111111 D
b110110101100101 T
b10000010111111 d
#1477
b1111111110011 D
b110110111111101 T
b1111111110011 d
#1478
b1111101001101 D
b110111010010011 T
b1111101001101 d
#1479
b1111010101000 D
b110111100100111 T
b1111010101000 d
#1480
b1111000100101 D
b110111110111001 T
b1111000100101 d
#1481
b1111000000101 D
b111000001001001 T
b1111000000101 d
#1482
b1111000110010 D
b111000101100010 T
b1111000110010 d
#1483
b1111010011011 D
b111000111101100 T
b1111010011011 d
#1484
b1111101010100 D
b111001001110011 T
b1111101010100 d
#1485
b1110000000001100 D
b111001011111000 T
b10000000001100 d
#1486
b1110000001110010 D
b111001101111011 T
b10000001110010 d
#1487
b1110000100110011 D
b111001111111011 T
b10000100110011 d
#1488
b1110000101111111 D
b111010001111001 T
b10000101111111 d
#1489
b1110000111111101 D
b111010011110101 T
b10000110111101 d
#1490
b1110000110111101 D
b111010101101111 T
#1491
b1110000110001101 D
b111010111100110 T
b10000110001101 d
#1492
b1110000101011101 D
b111011001011010 T
b10000101011101 d
#1493
b1110000001010100 D
b111011011001100 T
b10110001010000 d
#1494
b1111110110110 D
b111011100111100 T
b1111110110110 d
#1495
b1111011110001 D
b111011110101001 T
b1111011110001 d
#1496
b1111000111111 D
b111100000010100 T
b1111000111111 d
#1497
b1110111110110 D
b111100001111100 T
b1110111110110 d
#1498
b1111000010100 D
b111100011100010 T
b1111000010100 d
#1499
b1111001100100 D
b111100101000101 T
b1111001100100 d
#1500
b1111011100010 D
b111100110100101 T
b1111011100010 d
#1501
b1111101111100 D
b111101000000011 T
b1111101111100 d
#1502
b1110000000100001 D
b111101001011110 T
b10000000100001 d
#1503
b1110000011100111 D
b111101010110111 T
b10000011100111 d
#1504
b1110000101110101 D
b111101100001101 T
b10000101110101 d
#1505
b1110000111000001 D
b111101101100000 T
b10000111000001 d
#1506
b1110000110100101 D
b111101110110001 T
b10000110100101 d
#1507
b1110000101010000 D
b111101110111101 T
b10000101010000 d
#1508
b1110000010100111 D
b111101111111110 T
b10000010100111 d
#1509
b1111111111101 D
b111110001001001 T
b1111111111101 d
#1510
b1111101000000 D
b111110010010010 T
b1111101000000 d
#1511
b1111010010001 D
b111110011010111 T
b1111010010001 d
#1512
b1111000010010 D
b111110100011010 T
b1111000010010 d
#1513
b1110111101000 D
b111110101011010 T
b1110111101000 d
#1514
b1111000001001 D
b111110110010111 T
b1111000001001 d
#1515
b1111001100101 D
b111110111010001 T
b1111001100101 d
#1516
b1111011110110 D
b111111000001001 T
b1111011110110 d
#1517
b1111111011011 D
b111111000111101 T
b1111111011011 d
#1518
b1110000010100111 D
b111111001101111 T
b10000010100111 d
#1519
b1110000101001101 D
b111111010011110 T
b10000101001101 d
#1520
b1110000110110111 D
b111111011001010 T
b10000110110111 d
#1521
b1110000111011001 D
b111111011110011 T
b10000111011001 d
#1522
b1110000110011000 D
b111111100011001 T
b10000110011000 d
#1523
b1110000100011001 D
b111111100111100 T
b10000100011001 d
#1524
b1110000110011111 D
b111111101011101 T
b10000110011111 d
#1525
b1111111110001111 D
b111111101111010 T
b11111110001110 d
#1526
b1111110111101 D
b111111110010101 T
b1111110111101 d
#1527
b1111101101111 D
b111111110101100 T
b1111101101111 d
#1528
b1111111111111 D
b111111111000001 T
b1111111111111 d
#1529
b1110111011111 D
b111111111010011 T
b1110111011111 d
#1530
b1110111100000 D
b111111111100001 T
b1110111100000 d
#1531
b1111001010000 D
b111111111101101 T
b1111001010000 d
#1532
b1111011101011 D
b111111111110110 T
b1111011101011 d
#1533
b1111110011000 D
b111111111111100 T
b1111110011000 d
#1534
b1110000001001100 D
b111111111111111 T
b10000001001100 d
#1535
b1110000011111111 D
b10000011111111 d
#1536
b1110000110010100 D
b111111111111100 T
b10000110010100 d
#1537
b1110000111000001 D
b111111111110110 T
b10000111000001 d
#1538
b1110000111001100 D
b111111111101101 T
b10000111001100 d
#1539
b1110000101111011 D
b111111111100001 T
b10000101111011 d
#1540
b1110000100000010 D
b111111111010011 T
b10000100000010 d
#1541
b1110000001000110 D
b111111111000001 T
b10000001000110 d
#1542
b1111110001001 D
b111111110101100 T
b1111110001001 d
#1543
b1111011100101 D
b111111110001100 T
b1111011100101 d
#1544
b1111001000001 D
b111111110010101 T
b1111001000001 d
#1545
b1111000011011 D
b111111101111010 T
b1111000011011 d
#1546
b1111001010001 D
b111111101011101 T
b1111001010001 d
#1547
b1111010101100 D
b111111100111100 T
b1111010101100 d
#1548
b1111101010010 D
b111111100011001 T
b1111101010010 d
#1549
b1111111111111 D
b111111011110011 T
b1111111111111 d
#1550
b1110000010101111 D
b111111011001010 T
b10000010101111 d
#1551
b1110000101101010 D
b111111010011110 T
b10000101101010 d
#1552
b1110000111011110 D
b111111001101111 T
b10000111011110 d
#1553
b1110001000010010 D
b111111000111101 T
b10001000010010 d
#1554
b1110001000000100 D
b111111000001001 T
b10001000000100 d
#1555
b1110000110011011 D
b111110111010001 T
b10000110011011 d
#1556
b1110000011010000 D
b111110110010111 T
b10000011010000 d
#1557
b1110000000001011 D
b111110101011010 T
b10000000001011 d
#1558
b1111101011000 D
b111110100011010 T
b1111101011011 d
#1559
b1111111011010 D
b111110011010111 T
b1111011011010 d
#1560
b1111011011110 D
b111110010010010 T
b1111001011110 d
#1561
b1111001111110 D
b111110001001001 T
b1111001111110 d
#1562
b1111001111011 D
b111101111111110 T
b1111001111011 d
#1563
b1111011111111 D
b111101101100000 T
b1111011111111 d
#1564
b1111111111101 D
b111101100001101 T
b1111111111101 d
#1565
b1111110001101 D
b111101010110111 T
b1111110001101 d
#1566
b1110000001111001 D
b111101001011110 T
b10000001111001 d
#1567
b1110000100101110 D
b111101000000011 T
b10000100101110 d
#1568
b1110000110100111 D
b111100110100101 T
b10000110100111 d
#1569
b1110001000000010 D
b111100101000101 T
b10001000000010 d
#1570
b1110001000011000 D
b111100011100010 T
b10001000011000 d
#1571
b1110000110110000 D
b111100001111100 T
b10000110110000 d
#1572
b1110000100100000 D
b111100000010100 T
b10000100100000 d
#1573
b1110000010000011 D
b111011110101001 T
b10000010000011 d
#1574
b1111111001010 D
b111011100111100 T
b1111111001010 d
#1575
b1111011111110 D
b111011011001100 T
b1111011111110 d
#1576
b1111001011111 D
b111011001011010 T
b1111001011111 d
#1577
b1111001000111 D
b111010111100110 T
b1111001000111 d
#1578
b1111001010010 D
b111010101101111 T
b1111001010010 d
#1579
b1111010111001 D
b1111010111001 d
#1580
b1111101000110 D
b111010011110101 T
b1111101000110 d
#1581
b1111111111100 D
b111010001111001 T
b1111111111100 d
#1582
b1110000010111111 D
b111001111111011 T
b10000010111111 d
#1583
b1110000101100000 D
b111001101111011 T
b10000101100000 d
#1584
b1110000111011010 D
b111001011111000 T
b10000111011010 d
#1585
b1110001000010000 D
b111001001110011 T
b10001000010000 d
#1586
b1110000111100101 D
b111000111101100 T
b10000111100101 d
#1587
b1110000110001001 D
b111000101100010 T
b10000110001001 d
#1588
b1110000011100000 D
b111000011010111 T
b10000011100000 d
#1589
b1110000000011011 D
b111000001001001 T
b10000000011011 d
#1590
b1111101001010 D
b110111110111001 T
b1111101001010 d
#1591
b1111010110001 D
b110111100100111 T
b1111010110001 d
#1592
b1111000100100 D
b110111010010011 T
b1111000100100 d
#1593
b1111000100101 D
b110110111111101 T
b1111000100101 d
#1594
b1111001111001 D
b110110001000101 T
b1111001111001 d
#1595
b1111011010010 D
b110110000101111 T
b1111011011011 d
#1596
b1111111111011 D
b110101110010001 T
b1111101111011 d
#1597
b11111101111111 D
b110101011110001 T
b11111101111011 d
#1598
b1110000011011111 D
b110101001010000 T
b10000011011111 d
#1599
b1110000111011011 D
b110100110101100 T
b10000111011011 d
#1600
b1110000111100101 D
b110100100000111 T
b10000111100101 d
#1601
b1110000111100111 D
b110100001100000 T
b10000111100100 d
#1602
b1110000111011111 D
b110011110110111 T
b10000111010111 d
#1603
b1110000110011100 D
b110011100001101 T
b10000110011100 d
#1604
b1110000100111010 D
b110011001100001 T
b10000100111010 d
#1605
b1110000001111001 D
b110010110110011 T
b10000001111001 d
#1606
b1111110001010 D
b110010100000100 T
b1111110001010 d
#1607
b1111011011100 D
b110010001010011 T
b1111011011100 d
#1608
b1111001010001 D
b110001110100000 T
b1111001010001 d
#1609
b1111000000100 D
b110001011101101 T
b1111000000100 d
#1610
b1111000011101 D
b110000110000001 T
b1111000011101 d
#1611
b1111001101101 D
b110000011001001 T
b1111001101101 d
#1612
b1111011111010 D
b110000000001111 T
b1111011111010 d
#1613
b1111110110011 D
b101111101010101 T
b1111110110011 d
#1614
b1110000001111011 D
b101111010011001 T
b10000001111011 d
#1615
b1110000100110010 D
b10000100110010 d
#1616
b1110000110101000 D
b101110111011011 T
b10000110101000 d
#1617
b1110000111001111 D
b101110100011101 T
b10000111001111 d
#1618
b1110000110110011 D
b101110001011101 T
b10000110110011 d
#1619
b1110000101011010 D
b101101110011101 T
b10000101011010 d
#1620
b1110000010011011 D
b101101011011011 T
b10000010011011 d
#1621
b1111111001101 D
b101101000011000 T
b1111111001101 d
#1622
b1111011011111 D
b101100101010100 T
b1111011011111 d
#1623
b1111001110110 D
b101100010001111 T
b1111001110110 d
#1624
b1111000011100 D
b101011111001001 T
b1111000011100 d
#1625
b1111000001010 D
b101011100000011 T
b1111000001010 d
#1626
b1111001001111 D
b101011000111011 T
b1111001001111 d
#1627
b1111010111011 D
b101010101110011 T
b1111010111011 d
#1628
b1111100111010 D
b101010010101010 T
b1111100111010 d
#1629
b1110001000001001 D
b101001111100000 T
b10000000101001 d
#1630
b1110000010100011 D
b101001100010101 T
b10000010100011 d
#1631
b1110000101101011 D
b101001001001001 T
b10000101101011 d
#1632
b1110000111101011 D
b101000101111101 T
b10000110101011 d
#1633
b1110000111101111 D
b101000010110001 T
b10000111101111 d
#1634
b1110000111000111 D
b100111111100100 T
b10000111000111 d
#1635
b1110000110001111 D
b100111001000111 T
b10000110001111 d
#1636
b1110000101101110 D
b100110101111001 T
b10000101001110 d
#1637
b1110000001101010 D
b100110010101001 T
b10000001101010 d
#1638
b1111110100001 D
b100101111011010 T
b1111111100001 d
#1639
b1111011100101 D
b100101100001010 T
b1111011100101 d
#1640
b1111001010001 D
b100101000111010 T
b1111001010001 d
#1641
b1111000001101 D
b100100101101001 T
b1111000001101 d
#1642
b1111000001010 D
b100011111000111 T
b1111000001010 d
#1643
b1111001011101 D
b100011011110110 T
b1111001011101 d
#1644
b1111011100010 D
b100011000100100 T
b1111011100010 d
#1645
b1111110010101 D
b100010101010011 T
b1111110010101 d
#1646
b1110000001010011 D
b100010010000001 T
b10000001010011 d
#1647
b1110000011111111 D
b100001110110000 T
b10000011111111 d
#1648
b1110000110011001 D
b100001011011110 T
b10000110011001 d
#1649
b1110000111011000 D
b100001000001100 T
b10000111011000 d
#1650
b1110000110111110 D
b100000100101000 T
b10000110111110 d
#1651
b1110000101101111 D
b100000100111011 T
b10000101101111 d
#1652
b1110000011100010 D
b100000001101001 T
b10000011100010 d
#1653
b1110000000010100 D
b11111110011000 T
b10000000010100 d
#1654
b1111101001111 D
b11111011000111 T
b1111101001111 d
#1655
b1111010100100 D
b11110111110110 T
b1111010100100 d
#1656
b1111000100111 D
b11110100100101 T
b1111000100111 d
#1657
b1111000010111 D
b11110001010100 T
b1111000010111 d
#1658
b1111000111101 D
b11101110000100 T
b1111000111101 d
#1659
b1111010010100 D
b11101010110100 T
b1111010010100 d
#1660
b1111101001111 D
b11100111100101 T
b1111101001111 d
#1661
b1111111110111 D
b11100100010110 T
b1111111110111 d
#1662
b1110000010111011 D
b11100001000111 T
b10000010111011 d
#1663
b1110000101011101 D
b11011101111001 T
b10000101011101 d
#1664
b1110000111001001 D
b11011010101011 T
b10000111001001 d
#1665
b1110000111101100 D
b11010111011101 T
b10000111101100 d
#1666
b1110000111100110 D
b11010100010001 T
b10000111100110 d
#1667
b1110000110110111 D
b11010001000100 T
b10000100110111 d
#1668
b11001101111001 T
b10000110110111 d
#1669
b1110111111010101 D
b11001010101110 T
b10111111010101 d
#1670
b1111111011111 D
b11000111100100 T
b1111111011111 d
#1671
b1111110011111 D
b11000100011010 T
b1111110011111 d
#1672
b1111010011110 D
b11000001010001 T
b1111010011110 d
#1673
b1111000101111 D
b10111110001001 T
b1111000101110 d
#1674
b1111000110111 D
b10111011000010 T
b1111010110111 d
#1675
b1111010000111 D
b10110100110101 T
b1111010000111 d
#1676
b1111100010010 D
b10110001110000 T
b1111100010010 d
#1677
b1111110100100 D
b10101110101100 T
b1111110100100 d
#1678
b1110000001101001 D
b10101011101001 T
b10000001101001 d
#1679
b1110000100001101 D
b10101000100111 T
b10000100001101 d
#1680
b1110000110100110 D
b10100101100110 T
b10000110100110 d
#1681
b1110000111011111 D
b10100010100110 T
b10000111011111 d
#1682
b1110000111101111 D
b10011111100110 T
b10000111101111 d
#1683
b1110000110110010 D
b10011001101011 T
b10000110110010 d
#1684
b1110000100010001 D
b10010110101111 T
b10000100010001 d
#1685
b1110000001011110 D
b10010011110100 T
b10000001011110 d
#1686
b1111110100010 D
b10010000111010 T
b1111110100010 d
#1687
b1111011101110 D
b1111011101110 d
#1688
b1111001101001 D
b10001110000001 T
b1111001101001 d
#1689
b1111000101100 D
b10001011001010 T
b1111000101100 d
#1690
b1111001010010 D
b10001000010011 T
b1111001010010 d
#1691
b1111011000101 D
b10000101011110 T
b1111011000101 d
#1692
b1111100111111 D
b10000010101010 T
b1111100111111 d
#1693
b1111111110000 D
b1111111111000 T
b1111111110000 d
#1694
b1110000010111101 D
b1111101000110 T
b10000010111101 d
#1695
b1110000101101000 D
b1111010010110 T
b10000101101000 d
#1696
b1110000111100110 D
b1110111100111 T
b10000111100110 d
#1697
b1110001000100110 D
b1110100111010 T
b10001000100110 d
#1698
b1110000111100111 D
b1110010001101 T
b10000111100111 d
#1699
b1110000101100011 D
b1101100111001 T
b10000101100011 d
#1700
b1110000010111111 D
b1101010010001 T
b10000010111111 d
#1701
b1111111101111 D
b1100111101010 T
b1111111101111 d
#1702
b1111100110000 D
b1100101000101 T
b1111100111111 d
#1703
b1111110111110 D
b1100010100001 T
b1111110111110 d
#1704
b1111010011111 D
b1011111111110 T
b1111010011111 d
#1705
b1111000111101 D
b1011101011101 T
b1111000111101 d
#1706
b1111010111011 D
b1011010111110 T
b1111010111011 d
#1707
b1111110010011 D
b1011000100000 T
b1111110010011 d
#1708
b1111110111001 D
b1010110000011 T
b1111110011001 d
#1709
b1111110111000 D
b1010011101000 T
b1111110111000 d
#1710
b1110000001011101 D
b1010001001111 T
b10000001011101 d
#1711
b1110000011111111 D
b1001110110111 T
b10000011111111 d
#1712
b1110000110011001 D
b1001100100000 T
b10000110011001 d
#1713
b1110000111111010 D
b1001010001011 T
b10000111111010 d
#1714
b1110000111111001 D
b1000111111000 T
b10000111111001 d
#1715
b1110000110101001 D
b1000101100110 T
b10000110101001 d
#1716
b1110000100100110 D
b1000001001000 T
b10000100100110 d
#1717
b1110000001011001 D
b111110111011 T
b10000001011001 d
#1718
b1111110011010 D
b111100101111 T
b1111110011010 d
#1719
b1111100011011 D
b111010100101 T
b1111100011011 d
#1720
b1111010000001 D
b111000011101 T
b1111010000001 d
#1721
b1111001011010 D
b110110010111 T
b1111001011010 d
#1722
b1111000110100 D
b1111000110100 d
#1723
b1111010010100 D
b110100010010 T
b1111010010100 d
#1724
b1111101001010 D
b110010001111 T
b1111101001010 d
#1725
b1111111101101 D
b110000001101 T
b1111111101101 d
#1726
b1110000010011011 D
b101110001101 T
b10000010011011 d
#1727
b1110000100110110 D
b101100001110 T
b10000100110110 d
#1728
b1110000110110110 D
b101010010010 T
b10000110110110 d
#1729
b1110000111110111 D
b101000010111 T
b10000111110111 d
#1730
b1110000111011101 D
b100110011101 T
b10000111011101 d
#1731
b1110000101101001 D
b100100100110 T
b10000101101001 d
#1732
b1110000011000111 D
b100010101111 T
b10000011000111 d
#1733
b1110000000000000 D
b100000111011 T
b10000000000000 d
#1734
b1111100110110 D
b11111001000 T
b1111100110110 d
#1735
b1111010100110 D
b11101010111 T
b1111010100110 d
#1736
b1111000011110 D
b11011101000 T
b1111000011110 d
#1737
b1111111100001 D
b11001111010 T
b1110111110111 d
#1738
b1111100100111 D
b11000001110 T
b1111000100111 d
#1739
b1111011100111 D
b10110100011 T
b1111011100111 d
#1740
b1111111101011 D
b10100111011 T
b1111111101011 d
#1741
b1111101101011 D
b10011010100 T
b11111101101010 d
#1742
b1110000011110111 D
b10001101110 T
b10000011110111 d
#1743
b1110000111011111 D
b10000001010 T
b10000111010101 d
#1744
b1110000111101011 D
b1110101000 T
b10000111101011 d
#1745
b1110000111101111 D
b1101001000 T
b10000111101001 d
#1746
b1011101001 T
b10000111101111 d
#1747
b1110000110011100 D
b1010001100 T
b10000110011100 d
#1748
b1110000011111111 D
b1000110000 T
b10000011111111 d
#1749
b1110000001011010 D
b111010110 T
b10000001011010 d
#1750
b1111110001010 D
b101111110 T
b1111110001010 d
#1751
b1111011000011 D
b100100111 T
b1111011000011 d
#1752
b1111000111001 D
b11010010 T
b1111000111001 d
#1753
b1110111010111 D
b1111110 T
b1110111010111 d
#1754
b1110110101000 D
b101101 T
b1110110101000 d
#1755
b1111000110011 D
b1111111111011100 T
b1111000110011 d
#1756
b1111011000011 D
b1111111110001110 T
b1111011000011 d
#1757
b1111110101100 D
b1111111101000001 T
b1111110101100 d
#1758
b1110000001011100 D
b1111111001100001 T
b10000001011100 d
#1759
b1110000011100001 D
b1111111011110101 T
b10000011100001 d
#1760
b1110000110010101 D
b1111111010101011 T
b10000110010101 d
#1761
b1110000111001001 D
b1111111001100011 T
b10000111001001 d
#1762
b1110000110111001 D
b1111111000011100 T
b10000110111001 d
#1763
b1110000101001010 D
b1111110111010111 T
b10000101001010 d
#1764
b1110000010010101 D
b1111110110010011 T
b10000010010101 d
#1765
b1111111100110 D
b1111110101010001 T
b1111111100110 d
#1766
b1111100111110 D
b1111110100010000 T
b1111100111110 d
#1767
b1111010100011 D
b1111110011010001 T
b1111010100011 d
#1768
b1111000011010 D
b1111110010010011 T
b1111000011010 d
#1769
b1110111011011 D
b1111110001010111 T
b1110111011011 d
#1770
b1111000000000 D
b1111110000011100 T
b1111000000000 d
#1771
b1111010001110 D
b1111101111100011 T
b1111010001110 d
#1772
b1111100100001 D
b1111101110101011 T
b1111100100001 d
#1773
b1111111110010 D
b1111101101110101 T
b1111111110011 d
#1774
b1110111110010111 D
b1111101101000000 T
b10001110010111 d
#1775
b1110000110111111 D
b1111101100001100 T
b10000110111111 d
#1776
b1111101011011010 T
#1777
b1110000111101010 D
b1111101010101001 T
b10000111101010 d
#1778
b1110000111011011 D
b1111101001001100 T
b10000111011011 d
#1779
b1110000110011001 D
b1111101000100000 T
b10000110011001 d
#1780
b1110000101010111 D
b1111100111110100 T
b10000101010000 d
#1781
b1110000001000111 D
b1111100111001010 T
b10000001000111 d
#1782
b1111110100000 D
b1111100110100010 T
b1111110100000 d
#1783
b1111100000110 D
b1111100101111011 T
b1111100000110 d
#1784
b1111001101001 D
b1111100101010101 T
b1111001101001 d
#1785
b1110111111000 D
b1111100100110000 T
b1110111111000 d
#1786
b1110111110001 D
b1111100100001101 T
b1110111110001 d
#1787
b1111001000000 D
b1111100011101010 T
b1111001000000 d
#1788
b1111011100110 D
b1111100011001001 T
b1111011100110 d
#1789
b1111110011111 D
b1111100010101010 T
b1111110011111 d
#1790
b1110000001110001 D
b1111100010001011 T
b10000001110001 d
#1791
b1110000100001001 D
b1111100001101110 T
b10000100001001 d
#1792
b1110000101101110 D
b1111100001010010 T
b10000101101110 d
#1793
b1110000110111101 D
b1111100000110111 T
b10000110111101 d
#1794
b1110000110111110 D
b1111100000011101 T
b10000110111110 d
#1795
b1110000101011010 D
b1111100000000101 T
b10000101011010 d
#1796
b1110000011001001 D
b1111011111101101 T
b10000011001001 d
#1797
b1110000000000101 D
b1111011111010111 T
b10000000000101 d
#1798
b1111101011111 D
b1111011111000001 T
b1111101011111 d
#1799
b1111100111000 D
b1111011110101101 T
b1111100111000 d
#1800
b1111001000001 D
b1111011110011010 T
b1111001000001 d
#1801
b1111000111110 D
b1111011110001000 T
b1111000111110 d
#1802
b1110111111111 D
b1111011101110111 T
b1110111111111 d
#1803
b1111010000000 D
b1111011101100111 T
b1111010000000 d
#1804
b1111101010001 D
b1111011101011000 T
b1111101010001 d
#1805
b1111111001000 D
b1111011101001010 T
b1111111001000 d
#1806
b1110000011110001 D
b1111011100111101 T
b10000011110001 d
#1807
b1110000100010001 D
b1111011100110001 T
b10000100010001 d
#1808
b1110000110110111 D
b1111011100100110 T
b10000110110111 d
#1809
b1110000111100111 D
b1111011100011011 T
b10000111110111 d
#1810
b1110000110011010 D
b1111011100010010 T
b10000110011111 d
#1811
b1110000110011110 D
b1111011100001010 T
b10000100011110 d
#1812
b1110000110111111 D
b1111011100000010 T
b10000110111111 d
#1813
b1110111111100011 D
b1111011011111011 T
b10111111100011 d
#1814
b1111111111110 D
b1111011011110110 T
b1111111111110 d
#1815
b1111110111110 D
b1111011011110001 T
b1111110111110 d
#1816
b1111010110000 D
b1111011011101101 T
b1111010100000 d
#1817
b1111000110000 D
b1111011011100111 T
b1111000110000 d
#1818
b1111000100001 D
b1111011011100101 T
b1111000100001 d
#1819
b1111001101010 D
b1111011011100100 T
b1111001101010 d
#1820
b1111011101111 D
b1111011101111 d
#1821
b1111110101100 D
b1111110101100 d
#1822
b1110000010000100 D
b1111011011100101 T
b10000010000100 d
#1823
b1110000100010110 D
b1111011011100111 T
b10000100010110 d
#1824
b1110000110110100 D
b1111011011101010 T
b10000110110100 d
#1825
b1110001000001101 D
b1111011011101101 T
b10001000001101 d
#1826
b1110000111101111 D
b1111011011110001 T
b10000111101111 d
#1827
b1110000110101000 D
b1111011011110101 T
b10000110101000 d
#1828
b1110000010101010 D
b1111011011111010 T
b10000010101010 d
#1829
b1110000000010001 D
b1111011111010010 T
b10000000010001 d
#1830
b1111100100010 D
b1111011100000000 T
b1111100100010 d
#1831
b1111011010110 D
b1111011100000111 T
b1111011010110 d
#1832
b1111000110111 D
b1111011100001101 T
b1111000110111 d
#1833
b1111001101100 D
b1111011100010101 T
b1111001101100 d
#1834
b1111001111010 D
b1111011100011101 T
b1111001111010 d
#1835
b1111010010000 D
b1111011100100110 T
b1111010010000 d
#1836
b1111101110100 D
b1111011100101111 T
b1111101110100 d
#1837
b1110000000001101 D
b1111011100111000 T
b10000000001101 d
#1838
b1110000011000111 D
b1111011101000010 T
b10000011000111 d
#1839
b1110000100111110 D
b1111011101001101 T
b10000100111110 d
#1840
b1110000111001010 D
b1111011101011000 T
b10000111001010 d
#1841
b1110000111110000 D
b1111011101100100 T
b10000111110000 d
#1842
b1110000110101010 D
b1111011101110000 T
b10000110101010 d
#1843
b1110000101001010 D
b1111011101111100 T
b10000101001010 d
#1844
b1110000010100010 D
b1111011110001001 T
b10000010100010 d
#1845
b1111111101111 D
b1111011110010110 T
b1111111101111 d
#1846
b1111110110111 D
b1111011110100100 T
b1111100111111 d
#1847
b1111011110110010 T
b1111110110111 d
#1848
b1111010011101 D
b1111011111000000 T
b1111010011101 d
#1849
b1111000111110 D
b1111011111001111 T
b1111000111110 d
#1850
b1111001111010 D
b1111011111011110 T
b1111001111010 d
#1851
b1111011011111 D
b1111011111101101 T
b1111011011111 d
#1852
b1111011111111101 T
#1853
b1111110100100 D
b1111100000001101 T
b1111110100100 d
#1854
b1110000001001100 D
b1111100000011101 T
b10000001001100 d
#1855
b1110000011011101 D
b1111100000101101 T
b10000011011101 d
#1856
b1110000101110110 D
b1111100000111110 T
b10000101110110 d
#1857
b1110000111001101 D
b1111100001001111 T
b10000111001101 d
#1858
b1110000111100011 D
b1111100001100000 T
b10000111100011 d
#1859
b1110000110001011 D
b1111100010000100 T
b10000110001011 d
#1860
b1110000011110100 D
b1111100010010110 T
b10000011110100 d
#1861
b1110000001010101 D
b1111100010101000 T
b10000001010101 d
#1862
b1111101110011 D
b1111100010111010 T
b1111101110011 d
#1863
b1111010101101 D
b1111100011001101 T
b1111010101101 d
#1864
b1111011100101 D
b1111100011011111 T
b1111011100101 d
#1865
b1110111100000 D
b1111100011111111 T
b1110111100000 d
#1866
b1111001001101 D
b1111100011110010 T
b1111001001101 d
#1867
b1111000110100 D
b1111100100000101 T
b1111000110100 d
#1868
b1111011000101 D
b1111100100011000 T
b1111011000101 d
#1869
b1111101100101 D
b1111100100101011 T
b1111101100101 d
#1870
b1110000001111100 D
b1111100100111111 T
b10000001111100 d
#1871
b1110000101011000 D
b1111100101010010 T
b10000101011000 d
#1872
b1110000110111001 D
b1111100101100101 T
b10000110111001 d
#1873
b1110000111011011 D
b1111100101111001 T
b10000111011011 d
#1874
b1110000110110111 D
b1111100110001101 T
b10000110110111 d
#1875
b1110000010011011 D
b1111100110100001 T
b10000010011011 d
#1876
b1110000010111001 D
b1111100110110100 T
b10000010111001 d
#1877
b1111101101011 D
b1111100111001000 T
b1111101101011 d
#1878
b1111101000100 D
b1111100111011100 T
b1111101000100 d
#1879
b1111010011100 D
b1111100111110000 T
b1111010011100 d
#1880
b1111000110001 D
b1111101000000100 T
b1111000110001 d
#1881
b1111111111011 D
b1111101000011000 T
b1111111111011 d
#1882
b1111111111111 D
b1111101000101100 T
b1111100111111 d
#1883
b1111010111111 D
b1111101001000000 T
b1111010111111 d
#1884
b1111111011011 D
b1111101001010100 T
b1111111011011 d
#1885
b1111101011001 D
b1111101001101000 T
b1111101011001 d
#1886
b1110000010111011 D
b1111101001111100 T
b10000010111011 d
#1887
b1110000110111111 D
b1111101010010000 T
b10000110111111 d
#1888
b1110000110101111 D
b1111101010100100 T
b10000110101111 d
#1889
b1110000110010010 D
b1111101010111000 T
b10000110010010 d
#1890
b1110000101101010 D
b1111101011001100 T
b10000101101010 d
#1891
b1110000101010100 D
b1111101011011111 T
b10000101010100 d
#1892
b1110000010000011 D
b1111101011110011 T
b10000010000011 d
#1893
b1110000000000001 D
b1111101100000111 T
b10000000000001 d
#1894
b1111100101110 D
b1111101100011010 T
b1111100101110 d
#1895
b1111011000101 D
b1111101100101110 T
b1111011000101 d
#1896
b1111000110011 D
b1111101101000001 T
b1111000110011 d
#1897
b1111001001010 D
b1111101101010101 T
b1111001001010 d
#1898
b1111000001100 D
b1111101101101000 T
b1111000001100 d
#1899
b1111001101001 D
b1111101101111011 T
b1111001101001 d
#1900
b1111100000000 D
b1111101110001110 T
b1111100000000 d
#1901
b1111110010110 D
b1111101110101110 T
b1111110010110 d
#1902
b1110000001100010 D
b1111101110100001 T
b10000001100010 d
#1903
b1110000011110100 D
b1111101110110100 T
b10000011110100 d
#1904
b1110000101101011 D
b1111101111000111 T
b10000101101011 d
#1905
b1110000110100000 D
b1111101111011010 T
b10000110100000 d
#1906
b1110000110001111 D
b1111101111101100 T
b10000110001111 d
#1907
b1110000100100000 D
b1111101111111110 T
b10000100100000 d
#1908
b1110000001111110 D
b1111110000010001 T
b10000001111110 d
#1909
b1111111010101 D
b1111110000100011 T
b1111111010101 d
#1910
b1111100001011 D
b1111110000110101 T
b1111100001011 d
#1911
b1111001010011 D
b1111110001000111 T
b1111001010011 d
#1912
b1110111010111 D
b1111110001011000 T
b1110111010111 d
#1913
b1110111000110 D
b1111110001101010 T
b1110111000110 d
#1914
b1110111111110 D
b1111110001111011 T
b1110111111110 d
#1915
b1111001111010 D
b1111110010001101 T
b1111001111010 d
#1916
b1111100111001 D
b1111110010011110 T
b1111100111011 d
#1917
b1111111010110 D
b1111110010101111 T
b1111111011111 d
#1918
b1111111111011111 D
b1111110011000000 T
b11111111011111 d
#1919
b1110000110111011 D
b1111110011010000 T
b10000110111011 d
#1920
b1111110011100001 T
#1921
b1110000110101111 D
b1111110011110001 T
b10000110101111 d
#1922
b1110000111101111 D
b1111110100000001 T
b10000111101111 d
#1923
b1110000111101011 D
b1111110100010001 T
b10000111100011 d
#1924
b1110000011011001 D
b1111110100100001 T
b10000011011001 d
#1925
b1110000001000011 D
b1111110100110000 T
b10000001000011 d
#1926
b1111101110001 D
b1111110101000000 T
b1111101110001 d
#1927
b1111010111000 D
b1111110101001111 T
b1111010111000 d
#1928
b1111000111100 D
b1111110101011110 T
b1111000111100 d
#1929
b1110111010011 D
b1111110101101101 T
b1110111010011 d
#1930
b1111000000001 D
b1111110101111100 T
b1111000000001 d
#1931
b1111001001100 D
b1111110110001010 T
b1111001001100 d
#1932
b1111011001010 D
b1111110110011001 T
b1111011001010 d
#1933
b1111110100110 D
b1111110110100111 T
b1111110100110 d
#1934
b1110000001001000 D
b1111110110110101 T
b10000001001000 d
#1935
b1110000011100110 D
b1111110111000011 T
b10000011100110 d
#1936
b1110000101111110 D
b1111110111010000 T
b10000101111110 d
#1937
b1110000111001101 D
b10000111001101 d
#1938
b1110000110111010 D
b1111110111011110 T
b10000110111010 d
#1939
b1110000101001011 D
b1111110111101011 T
b10000101001011 d
#1940
b1110000010101100 D
b1111110111111000 T
b10000010101100 d
#1941
b1111111111110 D
b1111111000000101 T
b1111111111110 d
#1942
b1111100110111 D
b1111111000010010 T
b1111100110111 d
#1943
b1111010100001 D
b1111111000011110 T
b1111010100001 d
#1944
b1111000110000 D
b1111111000101010 T
b1111000110000 d
#1945
b1110111011001 D
b1111111000110111 T
b1110111011001 d
#1946
b1111000010100 D
b1111111001000011 T
b1111000010100 d
#1947
b1111010001111 D
b1111111001001110 T
b1111010001111 d
#1948
b1111100011100 D
b1111111001011010 T
b1111100011100 d
#1949
b1111111100001 D
b1111111001100101 T
b1111111100001 d
#1950
b1110000010000111 D
b1111111001110001 T
b10000010000111 d
#1951
b1110000101001101 D
b1111111001111100 T
b10000101001101 d
#1952
b1110000110101110 D
b1111111010000110 T
b10000110101111 d
#1953
b1110000110111011 D
b1111111010010001 T
b10000110111111 d
#1954
b1110000110111111 D
b1111111010011100 T
#1955
b1110000110011100 D
b1111111010100110 T
b10000110011100 d
#1956
b1110000101011010 D
b1111111010110000 T
b10000101011010 d
#1957
b1110000001001010 D
b1111111010111010 T
b10000001001010 d
#1958
b1111111110001 D
b1111111011000100 T
b1111111110001 d
#1959
b1111011110101 D
b1111111011001101 T
b1111011110101 d
#1960
b1111001010101 D
b1111111011010111 T
b1111011010101 d
#1961
b1110111110101 D
b1111111011100000 T
b1110111110101 d
#1962
b1110111100100 D
b1111111011101001 T
b1110111100100 d
#1963
b1111001000011 D
b1111111011110010 T
b1111001000011 d
#1964
b1111011010011 D
b1111111011111011 T
b1111011010011 d
#1965
b1111101111001 D
b1111111100000011 T
b1111101111001 d
#1966
b1110000000110101 D
b1111111100001100 T
b10000000110101 d
#1967
b1110000011111100 D
b1111111100010100 T
b10000011111100 d
#1968
b1110000101110000 D
b1111111100011100 T
b10000101110000 d
#1969
b1110000111001001 D
b1111111100100100 T
b10000111001001 d
#1970
b1110000111000010 D
b1111111100110011 T
b10000111000010 d
#1971
b1110000110001000 D
b1111111100111011 T
b10000110001000 d
#1972
b1110000100000011 D
b1111111101001010 T
b10000100000011 d
#1973
b1110000000010100 D
b1111111101001001 T
b10000000010100 d
#1974
b1111101001010 D
b1111111101010000 T
b1111101001010 d
#1975
b1111010101100 D
b1111111101010111 T
b1111010101100 d
#1976
b1111000110000 D
b1111111101011101 T
b1111000110000 d
#1977
b1110111111101 D
b1111111101100100 T
b1110111111101 d
#1978
b1111000100001 D
b1111111101101010 T
b1111000100001 d
#1979
b1111001100011 D
b1111111101110001 T
b1111001100011 d
#1980
b1111100011000 D
b1111111101110111 T
b1111100011000 d
#1981
b1111111001010 D
b1111111101111101 T
b1111111001010 d
#1982
b1110000010100000 D
b1111111110000010 T
b10000010100000 d
#1983
b1110000101101000 D
b1111111110001000 T
b10000101101000 d
#1984
b1110000110110000 D
b1111111110001110 T
b10000110110000 d
#1985
b1110000111001101 D
b1111111110010011 T
b10000111001101 d
#1986
b1110000110110101 D
b1111111110011000 T
b10000110110101 d
#1987
b1110000100111000 D
b1111111110011101 T
b10000100111000 d
#1988
b1110000010100001 D
b1111111110100010 T
b10000010110001 d
#1989
b1101111111100001 D
b1111111110100111 T
b1111111100001 d
#1990
b1111111101001 D
b1111111110101100 T
b1111111101001 d
#1991
b1111011101011 D
b1111111110110001 T
b1111011101011 d
#1992
b1111001110010 D
b1111111110110101 T
b1111001110010 d
#1993
b1111111011111 D
b1111111110111001 T
b1111111011111 d
#1994
b1110111011111 D
b1111111110111110 T
b1110111011111 d
#1995
b1111010101111 D
b1111111111000010 T
b1111010101101 d
#1996
b1111010111111 D
b1111111111000110 T
b1111010111111 d
#1997
b1111110001011 D
b1111111111001010 T
b1111110001011 d
#1998
b1110000001010110 D
b1111111111001110 T
b10000001010110 d
#1999
b1110000011011110 D
b1111111111010001 T
b10000011011110 d
#2000
b1110000101111010 D
b1111111111010101 T
b10000101111010 d
#2001
b1110000110111010 D
b1111111111011000 T
b10000110111010 d
#2002
b1110000110100111 D
b1111111111011100 T
b10000110100111 d
#2003
b1110000101011010 D
b1111111111011111 T
b10000101011010 d
#2004
b1110000011010101 D
b1111111111100010 T
b10000011010101 d
#2005
b1110000000001001 D
b1111111111100101 T
b10000000001001 d
#2006
b1111101001100 D
b1111111111101000 T
b1111101001100 d
#2007
b1111010001100 D
b1111111111101011 T
b1111010001100 d
#2008
b1111000101010 D
b1111000101010 d
#2009
b1111000000011 D
b1111111111110001 T
b1111000000011 d
#2010
b1111000010001 D
b1111111111110011 T
b1111000010001 d
#2011
b1111001110101 D
b1111111111110110 T
b1111001110101 d
#2012
b1111011111001 D
b1111111111111000 T
b1111011111001 d
#2013
b1111111001101 D
b1111111111111011 T
b1111111001101 d
#2014
b1110000001110110 D
b1111111111111101 T
b10000001110110 d
#2015
b1110000011110010 D
b1111111111111111 T
b10000011110010 d
#2016
b1110000101100101 D
b1 T
b10000101100101 d
#2017
b1110000110011101 D
b11 T
b10000110011101 d
#2018
b1110000110000111 D
b101 T
b10000110000111 d
#2019
b1110000100010010 D
b111 T
b10000100010010 d
#2020
b1110000001001111 D
b1000 T
b10000001001111 d
#2021
b1111101110101 D
b1010 T
b1111101110101 d
#2022
b1111011011001 D
b1100 T
b1111011011001 d
#2023
b1111000000101 D
b1101 T
b1111000000101 d
#2024
b1111111110011 D
b1111 T
b1111111110111 d
#2025
b1110111110110 D
b10000 T
b1110111110111 d
#2026
b1110111111110 D
b10001 T
b1110111111110 d
#2027
b1111111111111 D
b10010 T
b1111111111111 d
#2028
b1111101111111 D
b10100 T
b1111101111111 d
#2029
b1111111111111 D
b10101 T
b1111111111111 d
#2030
b1111111111100 D
b10110 T
b1111111111100 d
#2031
b1110000010110100 D
b10111 T
b10000010110100 d
#2032
b1110000101001000 D
b10000101001000 d
#2033
b1110000110010111 D
b11000 T
b10000110010111 d
#2034
b1110000110011010 D
b11001 T
b10000110011010 d
#2035
b1110000101000001 D
b11010 T
b10000101000001 d
#2036
b1110000011010001 D
b10000011010001 d
#2037
b1110000000101001 D
b11011 T
b10000000101001 d
#2038
b1111100101010 D
b1111100101010 d
#2039
b1111001100111 D
b1111001100111 d
#2040
b1111000000100 D
b11100 T
b1111000000100 d
#2041
b1110110101100 D
b1110110101100 d
#2042
b1110110110111 D
b1110110110111 d
#2043
b1111000011011 D
b1111000011011 d
#2044
b1111010101101 D
b1111010101101 d
#2045
b1111110001011 D
b1111110001011 d
#2046
b1110000001100100 D
b10000001100100 d
#2047
b1110000011111101 D
b10000011111101 d
#2048
b1111110001011 "
1C
b1110000101011010 D
b10000101011010 d
b1111110001011 r
1""
1#"
#2049
b1110000110001011 D
b10000110001011 d
#2050
b1110000101110101 D
b10000101110101 d
#2051
b10000001100100 "
b1110000100001000 D
b10000100001000 d
b10000001100100 r
#2052
b10001000111010 "
b1110000001111100 D
b10000001111100 d
b10001000111010 r
#2053
b10000111111000 "
b1111110100111 D
b1111110100111 d
b10000111111000 r
#2054
b10000101100100 "
b1111011010000 D
b1111011010000 d
b10000101100100 r
#2055
b10000011000110 "
b1111001000001 D
b1111001000001 d
b10000011000110 r
#2056
b1111111110110 "
b1110111001111 D
b1110111001111 d
b1111111110110 r
#2057
b1111101000011 "
b1110110101011 D
b1110110101011 d
b1111101000011 r
#2058
b1111011001010 "
b1111000001110 D
b1111000001110 d
b1111011001010 r
#2059
b1111001111100 "
b1111001101101 D
b1111001101111 d
b1111001111100 r
#2060
b1111010000001 "
b1111100111001 D
b1111100111101 d
b1111010000001 r
#2061
b1111010011010 "
b1111111011101 D
b1111111011101 d
b1111010011010 r
#2062
b1111100101110 "
b1111111111011111 D
b11111111011111 d
b1111100101110 r
#2063
b1111111110101 "
b1110000110011111 D
b10000110011111 d
b1111111110101 r
#2064
b10000010101001 "
b1110000101101101 D
b10000101101101 d
b10000010101001 r
#2065
b10000101001011 "
b1110000101111111 D
b10000101111111 d
b10000101001011 r
#2066
b10000111100101 "
b10000111100101 r
#2067
b10001001000000 "
b1110000101101100 D
b10000111101100 d
b10001001000000 r
#2068
b10001000111000 "
b1110000011010000 D
b10000011010000 d
b10001000111000 r
#2069
b10000111011001 "
b1110000000000101 D
b10000000000101 d
b10000111011001 r
#2070
b10000100100011 "
b1111101100001 D
b1111101100001 d
b10000100100011 r
#2071
b10000001110100 "
b1111010101001 D
b1111010101001 d
b10000001110100 r
#2072
b1111110111100 "
b1111000100100 D
b1111000100100 d
b1111110111100 r
#2073
b1111100101110 "
b1110111100100 D
b1110111100100 d
b1111100101110 r
#2074
b1111010100000 "
b1110111011110 D
b1110111011110 d
b1111010100000 r
#2075
b1111001001110 "
b1111000100101 D
b1111000100101 d
b1111001001110 r
#2076
b1111001100111 "
b1111010110010 D
b1111010110010 d
b1111001100111 r
#2077
b1111011011110 "
b1111101110101 D
b1111101110101 d
b1111011011110 r
#2078
b1111110001010 "
b1110000001001011 D
b10000001001011 d
b1111110001010 r
#2079
b10000001011011 "
b1110000011100011 D
b10000011100011 d
b10000001011011 r
#2080
b10000100000111 "
b1110000101101110 D
b10000101101110 d
b10000100000111 r
#2081
b10000110001010 "
b1110000110011111 D
b10000110011111 d
b10000110001010 r
#2082
b10001000000000 "
b1110000110001101 D
b10000110001101 d
b10001000000000 r
#2083
b10001000101000 "
b1110000100111101 D
b10000100111101 d
b10001000101000 r
#2084
b1110000010111100 D
b10000010111100 d
#2085
b10001000111011 "
b1111111100011 D
b1111111100011 d
b10001000111011 r
#2086
b10001000011011 "
b1111100101100 D
b1111100101100 d
b10001000011011 r
#2087
b10000110001101 "
b1111010000011 D
b1111010000011 d
b10000110001101 r
#2088
b10000011100000 "
b1111000011100 D
b1111000011100 d
b10000011100000 r
#2089
b10000000001100 "
b1110111110010 D
b1110111110010 d
b10000000001100 r
#2090
b1111101010100 "
b1111000100011 D
b1111000100011 d
b1111101010100 r
#2091
b1111010111011 "
b1111010000110 D
b1111010000110 d
b1111010111011 r
#2092
b1111001010010 "
b1111100101100 D
b1111100101100 d
b1111001010010 r
#2093
b1111001000000 "
b1111111111001 D
b1111111111001 d
b1111001000000 r
#2094
b1111010001111 "
b1110000010111000 D
b10000010111000 d
b1111010001111 r
#2095
b1111100011000 "
b1110000101101110 D
b10000101111110 d
b1111100011000 r
#2096
b1111111010000 "
b1110000110101100 D
b10000110101110 d
b1111111010000 r
#2097
b10000001101110 "
b1110000111111111 D
b10000111111111 d
b10000001101110 r
#2098
b10000100011000 "
b1110000111011111 D
b10000111011111 d
b10000100011000 r
#2099
b10000110110101 "
b1110000110110011 D
b10000110110011 d
b10000110110101 r
#2100
b10001000010101 "
b1110000110100011 D
b10000110100011 d
b10001000010101 r
#2101
b10000111111010 "
b1110110110000101 D
b10111110000100 d
b10000111111010 r
#2102
b10000111000100 "
b1111111100101 D
b1111111100101 d
b10000111000100 r
#2103
b10000100100111 "
b1111011110011 D
b1111011110001 d
b10000100100111 r
#2104
b10000001010000 "
b1111001010011 D
b1111001010011 d
b10000001010000 r
#2105
b1111110010101 "
b1111000010101 D
b1111000010101 d
b1111110010101 r
#2106
b1111100000110 "
b1111000010110 D
b1111000010110 d
b1111100000110 r
#2107
b1111001011001 "
b1111001011001 D
b1111001011001 d
b1111001011001 r
#2108
b1111000110011 "
b1111011100101 D
b1111011100101 d
b1111000110011 r
#2109
b1111000111011 "
b1111110010111 D
b1111110010111 d
b1111000111011 r
#2110
b1111010001111 "
b1110000001010110 D
b10000001010110 d
b1111010001111 r
#2111
b1111100111111 "
b1110000100001111 D
b10000100001111 d
b1111100111111 r
#2112
b1111111110011 "
b1110000110010110 D
b10000110010110 d
b1111111110011 r
#2113
b10000011001100 "
b1110000111001111 D
b10000111001111 d
b10000011001100 r
#2114
b10000110010110 "
b1110000110111010 D
b10000110111010 d
b10000110010110 r
#2115
b10000111111001 "
b1110000101011100 D
b10000101011100 d
b10000111111001 r
#2116
b10000111111000 "
b1110000011011100 D
b10000011011100 d
b10000111111000 r
#2117
b10000110111111 "
b1110000000100001 D
b10000000100001 d
b10000110111111 r
#2118
b10000110110111 "
b1111101001010 D
b1111101001010 d
b10000110110111 r
#2119
b10000101011111 "
b1111010010101 D
b1111010010101 d
b10000101011111 r
#2120
b10000011001001 "
b1111000010010 D
b1111000010010 d
b10000011001001 r
#2121
b1111111000011 "
b1110111110010 D
b1110111110010 d
b1111111000011 r
#2122
b1111100100010 "
b1111001011001 D
b1111001011001 d
b1111100100010 r
#2123
b1111010100010 "
b1111010001100 D
b1111010001100 d
b1111010100010 r
#2124
b1111100000111 D
b1111100000111 d
#2125
b1111000101010 "
b1111111101010 D
b1111111101010 d
b1111000101010 r
#2126
b1111000001000 "
b1110000011000011 D
b10000011000011 d
b1111000001000 r
#2127
b1111001001010 "
b1110000101001010 D
b10000101001010 d
b1111001001010 r
#2128
b1111011001110 "
b1110000110101001 D
b10000110101001 d
b1111011001110 r
#2129
b1111110000111 "
b1110000111001001 D
b10000111001001 d
b1111110000111 r
#2130
b10000001010100 "
b1110000110100000 D
b10000110100000 d
b10000001010100 r
#2131
b10000011101110 "
b1110000100111000 D
b10000100111000 d
b10000011101110 r
#2132
b10000101101010 "
b1110000110010001 D
b10000110011001 d
b10000101101010 r
#2133
b10000111000011 "
b1111111111001111 D
b1111111001101 d
b10000111000011 r
#2134
b10000111011100 "
b1111111001110 D
b1111111001110 d
b10000111011100 r
#2135
b10000110010001 "
b1111101100000 D
b1111101100000 d
b10000110010001 r
#2136
b10000011110110 "
b1111001101000 D
b1111001101000 d
b10000011110110 r
#2137
b10000000110101 "
b1111000001101 D
b1111000001101 d
b10000000110101 r
#2138
b1111101110011 "
b1111000110101 D
b1111000000101 d
b1111101110011 r
#2139
b1111011001101 "
b1111010110011 D
b1111010110001 d
b1111011001101 r
#2140
b1111000110000 "
b1111010110011 d
b1111000110000 r
#2141
b1110111101101 "
b1111101101110 D
b1111101101110 d
b1110111101101 r
#2142
b1111000101001 "
b1110000001000100 D
b10000001000100 d
b1111000101001 r
#2143
b1111010000110 "
b1110000011011001 D
b10000011011001 d
b1111010000110 r
#2144
b1111100000101 "
b1110000101011011 D
b10000101011011 d
b1111100000101 r
#2145
b1111110111100 "
b1110000110011110 D
b10000110011110 d
b1111110111100 r
#2146
b10000010010110 "
b1110000111001000 D
b10000111001000 d
b10000010010110 r
#2147
b10000100011010 "
b1110000101101111 D
b10000101101111 d
b10000100011010 r
#2148
b10000110100011 "
b1110000011000010 D
b10000011000010 d
b10000110100011 r
#2149
b10000111011111 "
b1110000000010100 D
b10000000010100 d
b10000111011111 r
#2150
b10000111010100 "
b1111101100101 D
b1111101100101 d
b10000111010100 r
#2151
b10000101010010 "
b1111010100100 D
b1111010100100 d
b10000101010010 r
#2152
b10000010101010 "
b1111000010100 D
b1111000010100 d
b10000010101010 r
#2153
b1111111110001 "
b1110111100101 D
b1110111100101 d
b1111111110001 r
#2154
b1111100110011 "
b1110111111100 D
b1110111111100 d
b1111100110011 r
#2155
b1111010010110 "
b1111001100010 D
b1111001100010 d
b1111010010110 r
#2156
b1111000101000 "
b1111011111000 D
b1111011111000 d
b1111000101000 r
#2157
b1111000010100 "
b1111110111111 D
b1111110111111 d
b1111000010100 r
#2158
b1111001000111 "
b1110000010000110 D
b10000010000110 d
b1111001000111 r
#2159
b1111010100101 "
b1110000100010000 D
b10000100010000 d
b1111010100101 r
#2160
b1111101100011 "
b1110000101111101 D
b10000101111101 d
b1111101100011 r
#2161
b10000000111001 "
b1110000110110010 D
b10000110110010 d
b10000000111001 r
#2162
b10000011100000 "
b1110000101111000 D
b10000101111000 d
b10000011100000 r
#2163
b10000110000001 "
b1110000100001111 D
b10000100001111 d
b10000110000001 r
#2164
b10000111011111 "
b1110000001101101 D
b10000001101101 d
b10000111011111 r
#2165
b10000111111000 "
b1111110101111 D
b1111110101111 d
b10000111111000 r
#2166
b10000110110001 "
b1111011101000 D
b1111011101000 d
b10000110110001 r
#2167
b10000100110011 "
b1111001101111 D
b1111001101111 d
b10000100110011 r
#2168
b10000001100011 "
b1111111101110 D
b1111111101111 d
b10000001100011 r
#2169
b1111110100101 "
b1110111011111 D
b1110111011111 d
b1111110100101 r
#2170
b1111011100111 "
b1111111010101 D
b1111111010101 d
b1111011100111 r
#2171
b1111001011101 "
b1111010010101 D
b1111010010101 d
b1111001011101 r
#2172
b1111000101110 "
b1111110111111 D
b1111110111111 d
b1111000101110 r
#2173
b1111000110100 "
b1111111111111 D
b1111111111111 d
b1111000110100 r
#2174
b1111010000001 "
b1111111110110 D
b1111111110110 d
b1111010000001 r
#2175
b1111100011111 "
b1110000010101011 D
b10000010101011 d
b1111100011111 r
#2176
b1111111000000 "
b1110000101011100 D
b10000101011100 d
b1111111000000 r
#2177
b10000010010100 "
b1110000110001101 D
b10000110001101 d
b10000010010100 r
#2178
b10000101000101 "
b1110000110001110 D
b10000110001110 d
b10000101000101 r
#2179
b10000110111101 "
b1110000101001110 D
b10000101001110 d
b10000110111101 r
#2180
b10000111110010 "
b1110000011000000 D
b10000011000000 d
b10000111110010 r
#2181
b10000110111010 "
b1110000000010011 D
b10000000010011 d
b10000110111010 r
#2182
b10000101111101 "
b1111101010000 D
b1111101010000 d
b10000101111101 r
#2183
b10000011111110 "
b1111010011100 D
b1111010011100 d
b10000011111110 r
#2184
b10000000011101 "
b1111000100111 D
b1111000100111 d
b10000000011101 r
#2185
b1111101011110 "
b1110111010001 D
b1110111010001 d
b1111101011110 r
#2186
b1111010111001 "
b1110111011101 D
b1110111011101 d
b1111010111001 r
#2187
b1111001001100 "
b1111001000000 D
b1111001000000 d
b1111001001100 r
#2188
b1111000111001 "
b1111011101001 D
b1111011101001 d
b1111000111001 r
#2189
b1111001111000 "
b1111110100010 D
b1111110100010 d
b1111001111000 r
#2190
b1111011010011 "
b1110000001001001 D
b10000001001001 d
b1111011010011 r
#2191
b1111101110110 "
b1110000011110011 D
b10000011110011 d
b1111101110110 r
#2192
b10000000110010 "
b1110000110000000 D
b10000110000000 d
b10000000110010 r
#2193
b10000100001011 "
b1110000110100101 D
b10000110100101 d
b10000100001011 r
#2194
b10000110010101 "
b1110000110001110 D
b10000110001110 d
b10000110010101 r
#2195
b10000111111001 "
b1110000100100001 D
b10000100100001 d
b10000111111001 r
#2196
b10001000001001 "
b1110000010000000 D
b10000010000000 d
b10001000001001 r
#2197
b10000111001001 "
b1111111000101 D
b1111111000101 d
b10000111001001 r
#2198
b10000101000011 "
b1111011110010 D
b1111011110010 d
b10000101000011 r
#2199
b10000010111001 "
b1111001100111 D
b1111001100111 d
b10000010111001 r
#2200
b1111111100010 "
b1110111111011 D
b1110111111011 d
b1111111100010 r
#2201
b1111100011001 "
b1110111101001 D
b1110111101001 d
b1111100011001 r
#2202
b1111010010011 "
b1111000011000 D
b1111000111000 d
b1111010010011 r
#2203
b1111001000011 "
b1111010011101 D
b1111010011101 d
b1111001000011 r
#2204
b1111001000100 "
b1111110111001 D
b1111100111101 d
b1111001000100 r
#2205
b1111010011110 "
b1111111101011 D
b1111111101011 d
b1111010011110 r
#2206
b1111100001101 "
b11111111100111 D
b11111111100110 d
b1111100001101 r
#2207
b1111111011111 "
b1110000111101101 D
b10000111100101 d
b1111111011111 r
#2208
b10000010001010 "
b1110000111001100 D
b10000111001100 d
b10000010001010 r
#2209
b10000100101100 "
b1110000111001111 D
b10000100101100 r
#2210
b10000111001100 "
b10000111000011 d
b10000111001100 r
#2211
b10001000010000 "
b1110000101101110 D
b10000101101110 d
b10001000010000 r
#2212
b10000111110000 "
b1110000011100111 D
b10000011100111 d
b10000111110000 r
#2213
b10000110010100 "
b1110000001000001 D
b10000001000001 d
b10000110010100 r
#2214
b10000011111100 "
b1111110001011 D
b1111110001011 d
b10000011111100 r
#2215
b10000010111110 "
b1111011011111 D
b1111011011111 d
b10000010111110 r
#2216
b10000000111110 "
b1111001010110 D
b1111001010110 d
b10000000111110 r
#2217
b1111101100110 "
b1110111110101 D
b1110111110101 d
b1111101100110 r
#2218
b1111011010110 "
b1110111111111 D
b1110111111111 d
b1111011010110 r
#2219
b1111001100111 "
b1111001010101 D
b1111001010101 d
b1111001100111 r
#2220
b1111001011100 "
b1111100001110 D
b1111100001110 d
b1111001011100 r
#2221
b1111001110111 "
b1111110101001 D
b1111110101001 d
b1111001110111 r
#2222
b1111011001110 "
b1110000001010100 D
b10000001010100 d
b1111011001110 r
#2223
b1111101100110 "
b1110000100001101 D
b10000100001101 d
b1111101100110 r
#2224
b10000000010011 "
b1110000110100111 D
b10000110100111 d
b10000000010011 r
#2225
b10000011000111 "
b1110000111011111 D
b10000111011111 d
b10000011000111 r
#2226
b10000101111000 "
b1110000110111110 D
b10000110111110 d
b10000101111000 r
#2227
b10000111010000 "
b1110000101010010 D
b10000101010010 d
b10000111010000 r
#2228
b10000111010011 "
b1110000011010100 D
b10000011010100 d
b10000111010011 r
#2229
b10000111110111 "
b1110000000001000 D
b10000000001000 d
b10000111110111 r
#2230
b10000101001010 "
b1111100111111 D
b1111100111111 d
b10000101001010 r
#2231
b10000010010001 "
b1111010100101 D
b1111010100101 d
b10000010010001 r
#2232
b1111111011101 "
b1111000010100 D
b1111000010100 d
b1111111011101 r
#2233
b1111100010010 "
b1111000000000 D
b1111000000000 d
b1111100010010 r
#2234
b1111010011010 "
b1111001001010 D
b1111001001010 d
b1111010011010 r
#2235
b1111001010011 "
b1111011000000 D
b1111011000000 d
b1111001010011 r
#2236
b1111000101100 "
b1111101101111 D
b1111101101111 d
b1111000101100 r
#2237
b1111001010000 "
b1110000000101101 D
b10000000101101 d
b1111001010000 r
#2238
b1111011100010 "
b1110000011110000 D
b10000011110001 d
b1111011100010 r
#2239
b1111110000000 "
b1110000101110011 D
b10000101110011 d
b1111110000000 r
#2240
b10000000110001 "
b1110000111110111 D
b10000111110111 d
b10000000110001 r
#2241
b10000100000100 "
b10000100000100 r
#2242
b10000110010000 "
b1110000111111011 D
b10000111111011 d
b10000110010000 r
#2243
b10000111100010 "
b1110000110111001 D
b10000110111001 d
b10000111100010 r
#2244
b10000111110000 "
b1110000101101101 D
b10000101101101 d
b10000111110000 r
#2245
b10000111111011 "
b1110000001101101 D
b10000001101101 d
b10000111111011 r
#2246
b10000101101011 "
b1111111000001 D
b1111111000001 d
b10000101101011 r
#2247
b10000010110101 "
b1111100010010 D
b1111100010010 d
b10000010110101 r
#2248
b1111111101101 "
b1111001111111 D
b1111001111111 d
b1111111101101 r
#2249
b1111101101101 "
b1111000110111 D
b1111000110111 d
b1111101101101 r
#2250
b1111010110101 "
b1111001001000 D
b1111001001000 d
b1111010110101 r
#2251
b1111000100110 "
b1111001110111 D
b1111001110111 d
b1111000100110 r
#2252
b1110111101111 "
b1111100000001 D
b1111100000001 d
b1110111101111 r
#2253
b1111000011111 "
b1111111011100 D
b1111111011100 d
b1111000011111 r
#2254
b1111001100001 "
b1110000010001010 D
b10000010001010 d
b1111001100001 r
#2255
b1111100001000 "
b1110000100011110 D
b10000100011110 d
b1111100001000 r
#2256
b1111111001101 "
b1110000110010000 D
b10000110010000 d
b1111111001101 r
#2257
b10000001110110 "
b1110000111100100 D
b10000111100100 d
b10000001110110 r
#2258
b10000100101101 "
b1110000111011111 D
b10000111011111 d
b10000100101101 r
#2259
b10000110110011 "
b1110000110000100 D
b10000110000100 d
b10000110110011 r
#2260
b10000111010001 "
b1110000011101000 D
b10000011101000 d
b10000111010001 r
#2261
b10000110010111 "
b1110000001000000 D
b10000001000000 d
b10000110010111 r
#2262
b10000110010110 "
b1111101100001 D
b1111101100001 d
b10000110010110 r
#2263
b10000100010000 "
b1111010111101 D
b1111010111101 d
b10000100010000 r
#2264
b10000001110110 "
b1111001000110 D
b1111001000110 d
b10000001110110 r
#2265
b1111110110010 "
b1110111110101 D
b1110111110101 d
b1111110110010 r
#2266
b1111011110000 "
b1111000100000 D
b1111000100000 d
b1111011110000 r
#2267
b1111001101010 "
b1111010100011 D
b1111010100011 d
b1111001101010 r
#2268
b1110111111100 "
b1111101000011 D
b1111101000011 d
b1110111111100 r
#2269
b1110111100110 "
b1110000000000011 D
b10000000000011 d
b1110111100110 r
#2270
b1111001000011 "
b1110000011000001 D
b10000011000001 d
b1111001000011 r
#2271
b1111010100011 "
b1110000101011101 D
b10000101011101 d
b1111010100011 r
#2272
b1111101000100 "
b1110000111011010 D
b10000111011010 d
b1111101000100 r
#2273
b10000000001110 "
b1110000111101000 D
b10000111101000 d
b10000000001110 r
#2274
b10000010110100 "
b1110000110111100 D
b10000110111100 d
b10000010110100 r
#2275
b10000101001011 "
b1110000100111100 D
b10000100111100 d
b10000101001011 r
#2276
b10000110100110 "
b1110000110111101 D
b10000110111101 d
b10000110100110 r
#2277
b10000101111110 "
b1111111111100001 D
b11111111100001 d
b10000101111110 r
#2278
b10000101011101 "
b1111111101010 D
b1111111101010 d
b10000101011101 r
#2279
b10000011001011 "
b1111011101010 D
b1111011101010 d
b10000011001011 r
#2280
b10000000101000 "
b1111001001001 D
b1111001001001 d
b10000000101000 r
#2281
b1111110000010 "
b1111011011001 D
b1111111000001 d
b1111110000010 r
#2282
b1111010110101 "
b1110111111001 D
b1110111111001 d
b1111010110101 r
#2283
b1111000101010 "
b1111001000100 D
b1111001000100 d
b1111000101010 r
#2284
b1111000000001 "
b1111011010001 D
b1111011010001 d
b1111000000001 r
#2285
b1111000000100 "
b1111101101000 D
b1111101101000 d
b1111000000100 r
#2286
b1111001010011 "
b1110000000110101 D
b10000000110101 d
b1111001010011 r
#2287
b1111100000011 "
b1110000011110100 D
b10000011110100 d
b1111100000011 r
#2288
b1111110101111 "
b1110000101111010 D
b10000101111010 d
b1111110101111 r
#2289
b10000001011011 "
b1110000110011000 D
b10000110011000 d
b10000001011011 r
#2290
b10000100001011 "
b1110000101111100 D
b10000101111100 d
b10000100001011 r
#2291
b10000110010011 "
b1110000100001001 D
b10000100001001 d
b10000110010011 r
#2292
b10000111000101 "
b1110000010110001 D
b10000010110001 d
b10000111000101 r
#2293
b10000110110110 "
b1110000000001001 D
b10000000001001 d
b10000110110110 r
#2294
b10000101001011 "
b1111101011100 D
b1111101011100 d
b10000101001011 r
#2295
b10000010100000 "
b1111010110111 D
b1111010110111 d
b10000010100000 r
#2296
b1111111010111 "
b1111000100101 D
b1111000100101 d
b1111111010111 r
#2297
b1111100010000 "
b1110111101000 D
b1110111101000 d
b1111100010000 r
#2298
b1111010001010 "
b1111000011110 D
b1111000011110 d
b1111010001010 r
#2299
b1111000011010 "
b1111001010011 D
b1111001010011 d
b1111000011010 r
#2300
b1111000000000 "
b1111011100000 D
b1111011100000 d
b1111000000000 r
#2301
b1111001000000 "
b1111110100111 D
b1111110100111 d
b1111001000000 r
#2302
b1111010101111 "
b1110000001110101 D
b10000001110101 d
b1111010101111 r
#2303
b1111101010000 "
b1110000100011101 D
b10000100011101 d
b1111101010000 r
#2304
b10000000101011 "
b1110000101110001 D
b10000101110001 d
b10000000101011 r
#2305
b10000011101000 "
b1110000110101001 D
b10000110101001 d
b10000011101000 r
#2306
b10000101101100 "
b1110000110001101 D
b10000110001101 d
b10000101101100 r
#2307
b10000111101101 "
b1110000100010111 D
b10000100010111 d
b10000111101101 r
#2308
b10000111001101 "
b1110000001111011 D
b10000001111011 d
b10000111001101 r
#2309
b10000111101000 "
b1111111001110 D
b1111111101110 d
b10000111101000 r
#2310
b10000110100000 "
b1111011111111 D
b1111011111111 d
b10000110100000 r
#2311
b10000110111001 "
b1111001110010 D
b1111001111111 d
b10000110111001 r
#2312
b10000100011001 "
b1111111110110 D
b1111111110110 d
b10000100011001 r
#2313
b10000001101111 "
b1110111110110 D
b1110111110110 d
b10000001101111 r
#2314
b1111110011010 "
b1111111111110 D
b1111111111110 d
b1111110011010 r
#2315
b1111011110010 "
b1111010111111 D
b1111010111111 d
b1111011110010 r
#2316
b1111111011101 D
b1111111011101 d
#2317
b1111001100010 "
b1111101010000 D
b1111101010000 d
b1111001100010 r
#2318
b1111000111101 "
b1110000001101000 D
b10000011100000 d
b1111000111101 r
#2319
b1111001010001 "
b1110000011101000 D
b10000011101000 d
b1111001010001 r
#2320
b1111010010110 "
b1110000101100110 D
b10000101100110 d
b1111010010110 r
#2321
b1111100100100 "
b1110000110100011 D
b10000110100011 d
b1111100100100 r
#2322
b1111111011111 "
b1110000110011110 D
b10000110011110 d
b1111111011111 r
#2323
b10000010001111 "
b1110000101111010 D
b10000101111010 d
b10000010001111 r
#2324
b10000101001011 "
b1110000011110001 D
b10000011110001 d
b10000101001011 r
#2325
b10000110110001 "
b1110000000110001 D
b10000000110001 d
b10000110110001 r
#2326
b10000111111010 "
b1111101011001 D
b1111101011001 d
b10000111111010 r
#2327
b10001000001101 "
b1111010100111 D
b1111010100111 d
b10001000001101 r
#2328
b10000110101010 "
b1111000101000 D
b1111000101000 d
b10000110101010 r
#2329
b10000011110011 "
b1111000000000 D
b1111000000000 d
b10000011110011 r
#2330
b10000000101111 "
b1111000011111 D
b1111000011111 d
b10000000101111 r
#2331
b1111101110100 "
b1111010010011 D
b1111010010011 d
b1111101110100 r
#2332
b1111011011101 "
b1111100010111 D
b1111100010111 d
b1111011011101 r
#2333
b1111001100101 "
b1111110111001 D
b1111110111001 d
b1111001100101 r
#2334
b1111000110101 "
b1110000010010010 D
b10000010010010 d
b1111000110101 r
#2335
b1111000010101 "
b1110000101001110 D
b10000101001110 d
b1111000010101 r
#2336
b1111001010010 "
b1110000111000011 D
b10000111000011 d
b1111001010010 r
#2337
b1111011010010 "
b1110000111010101 D
b10000111010101 d
b1111011010010 r
#2338
b1111011000000 "
b1110000110100000 D
b10000110100000 d
b1111011000000 r
#2339
b1111101100101 "
b1110000101010001 D
b10000101010001 d
b1111101100101 r
#2340
b10000000111110 "
b1110000010111110 D
b10000010111110 d
b10000000111110 r
#2341
b10000011110100 "
b1110000000000100 D
b10000000000100 d
b10000011110100 r
#2342
b10000110001111 "
b1111101011101 D
b1111101011101 d
b10000110001111 r
#2343
b10000111011111 "
b1111010101010 D
b1111010101010 d
b10000111011111 r
#2344
b10000111110110 "
b1111000110101 D
b1111000110101 d
b10000111110110 r
#2345
b10000111001111 "
b1111000100110 D
b1111000100110 d
b10000111001111 r
#2346
b1111001100011 D
b1111001100011 d
#2347
b10000101000101 "
b1111011100001 D
b1111011100011 d
b10000101000101 r
#2348
b10000001110110 "
b1111111111101 D
b1111111111101 d
b10000001110110 r
#2349
b1111110110011 "
b11111110011101 D
b11111110011101 d
b1111110110011 r
#2350
b1111011111100 "
b1110000101010111 D
b10000101010111 d
b1111011111100 r
#2351
b1111001101000 "
b1110000110010111 D
b10000110010111 d
b1111001101000 r
#2352
b1111000011101 "
b1110000111011111 D
b10000111011110 d
b1111000011101 r
#2353
b1111000100010 "
b1110000111111101 D
b10000111111101 d
b1111000100010 r
#2354
b1111010001010 "
b1110001000001001 D
b10001000001001 d
b1111010001010 r
#2355
b1111100000111 "
b1110000110110011 D
b10000110110011 d
b1111100000111 r
#2356
b1111110101000 "
b1110000101000000 D
b10000101000000 d
b1111110101000 r
#2357
b10000010000001 "
b1110000010010011 D
b10000010010011 d
b10000010000001 r
#2358
b10000100100100 "
b1111111011010 D
b1111111011010 d
b10000100100100 r
#2359
b10000110111000 "
b1111100001101 D
b1111100001101 d
b10000110111000 r
#2360
b10000111001111 "
b1111001100010 D
b1111001100010 d
b10000111001111 r
#2361
b10000111001101 "
b1111000110110 D
b1111000110110 d
b10000111001101 r
#2362
b10000101111100 "
b1111001100000 D
b1111001100000 d
b10000101111100 r
#2363
b10000011010010 "
b1111010100010 D
b1111010100010 d
b10000011010010 r
#2364
b10000000000101 "
b1111100110110 D
b1111100110110 d
b10000000000101 r
#2365
b1111101010000 "
b1111111101101 D
b1111111101101 d
b1111101010000 r
#2366
b1111010110111 "
b1110000010111000 D
b10000010111000 d
b1111010110111 r
#2367
b1111000101011 "
b1110000101011010 D
b10000101011010 d
b1111000101011 r
#2368
b1110111101110 "
b1110000111111110 D
b10000111111110 d
b1110111101110 r
#2369
b1111000101000 "
b1110001000011110 D
b10001000011110 d
b1111000101000 r
#2370
b1111010011011 "
b1110000111100011 D
b10000111100011 d
b1111010011011 r
#2371
b1111100100011 "
b1110000101100111 D
b10000101100111 d
b1111100100011 r
#2372
b1111111100111 "
b1110000011111001 D
b10000011111001 d
b1111111100111 r
#2373
b10000010111111 "
b1110000001001110 D
b10000001001110 d
b10000010111111 r
#2374
b10000100111010 "
b1111110000101 D
b1111110000101 d
b10000100111010 r
#2375
b10000110011101 "
b1111011000110 D
b1111011000110 d
b10000110011101 r
#2376
b10000111011110 "
b1111001010010 D
b1111001010010 d
b10000111011110 r
#2377
b10000110011011 "
b1111000101000 D
b1111000101000 d
b10000110011011 r
#2378
b10000100101000 "
b1111010001001 D
b1111010001001 d
b10000100101000 r
#2379
b10000001110100 "
b1111011101100 D
b1111011101100 d
b10000001110100 r
#2380
b1111110001110 "
b1111110000111 D
b1111110000111 d
b1111110001110 r
#2381
b1111011011111 "
b1110001001000001 D
b10000001000011 d
b1111011011111 r
#2382
b1111001101111 "
b1110000011101100 D
b10000011101101 d
b1111001101111 r
#2383
b1110111010110 "
b1110000110101110 D
b10000110101110 d
b1110111010110 r
#2384
b1110111011011 "
b1110000111111110 D
b10000111111110 d
b1110111011011 r
#2385
b1110111100101 "
b1110000111110111 D
b10000111110111 d
b1110111100101 r
#2386
b1111010010011 "
b1111010010011 r
#2387
b1111101111011 "
b1110000111111111 D
b10000111111111 d
b1111101111011 r
#2388
b10000001001111 "
b1110000110111111 D
b10000110111110 d
b10000001001111 r
#2389
b10000011111001 "
b1110000010011011 D
b10000010011011 d
b10000011111001 r
#2390
b10000110000111 "
b1111111110001 D
b1111111110001 d
b10000110000111 r
#2391
b10000110101101 "
b1111100100001 D
b1111100100001 d
b10000110101101 r
#2392
b10000110011010 "
b1111001110100 D
b1111001110100 d
b10000110011010 r
#2393
b10000101010111 "
b1111000101111 D
b1111000101111 d
b10000101010111 r
#2394
b10000011100100 "
b1111000011101 D
b1111000011101 d
b10000011100100 r
#2395
b10000000010001 "
b1111010001000 D
b1111010001000 d
b10000000010001 r
#2396
b1111100011010 "
b1111100001101 D
b1111100001101 d
b1111100011010 r
#2397
b1111010001001 "
b1111110110011 D
b1111110110011 d
b1111010001001 r
#2398
b1111000010010 "
b1110000010010000 D
b10000010010000 d
b1111000010010 r
#2399
b1110111111010 "
b1110000100101111 D
b10000100101111 d
b1110111111010 r
#2400
b1111000000000 "
b1110000111000000 D
b10000111000000 d
b1111000000000 r
#2401
b1111001001100 "
b1110000111101011 D
b10000111101011 d
b1111001001100 r
#2402
b1111100001101 "
b1110000111010100 D
b10000111010100 d
b1111100001101 r
#2403
b1111111100101 "
b1110000110001100 D
b10000110001100 d
b1111111100101 r
#2404
b10000010000101 "
b1110000011011001 D
b10000011011001 d
b10000010000101 r
#2405
b10000100010010 "
b1110000000010010 D
b10000000010010 d
b10000100010010 r
#2406
b10000110100001 "
b1111101010110 D
b1111101010110 d
b10000110100001 r
#2407
b10000110101101 "
b1111010110111 D
b1111010110111 d
b10000110101101 r
#2408
b10000110000101 "
b1111000110101 D
b1111000110101 d
b10000110000101 r
#2409
b10000100001111 "
b1110111111101 D
b1110111111101 d
b10000100001111 r
#2410
b10000001100111 "
b1111000111111 D
b1111000111111 d
b10000001100111 r
#2411
b1111110111010 "
b1111010110010 D
b1111010110010 d
b1111110111010 r
#2412
b1111011110001 "
b1111101000111 D
b1111101000111 d
b1111011110001 r
#2413
b1111001010101 "
b1111111110101 D
b1111111110101 d
b1111001010101 r
#2414
b1110111101100 "
b1110000011000011 D
b10000011000011 d
b1110111101100 r
#2415
b1110111100111 "
b1110000101110100 D
b10000101110100 d
b1110111100111 r
#2416
b1111000100011 "
b1110000111001101 D
b10000111001101 d
b1111000100011 r
#2417
b1111010110011 "
b1110000111110001 D
b10000111110001 d
b1111010110011 r
#2418
b1111101001100 "
b1110000110111001 D
b10000110111001 d
b1111101001100 r
#2419
b10000000010000 "
b1110000110100111 D
b10000100101111 d
b10000000010000 r
#2420
b10000011001100 "
b1110000101110111 D
b10000101110111 d
b10000011001100 r
#2421
b10000101101010 "
b1110111101110010 D
b10111101110010 d
b10000101101010 r
#2422
b10000111000100 "
b1111111000101 D
b1111111000101 d
b10000111000100 r
#2423
b10000111000110 "
b1111101111101 D
b1111101111101 d
b10000111000110 r
#2424
b10000101100100 "
b1111001111101 D
b1111001111101 d
b10000101100100 r
#2425
b10000011011101 "
b1111000101001 D
b1111000100000 d
b10000011011101 r
#2426
b10000000110111 "
b1111000001001 D
b1111000001001 d
b10000000110111 r
#2427
b1111101101100 "
b1111001010010 D
b1111001010010 d
b1111101101100 r
#2428
b1111010011011 "
b1111011111111 D
b1111011111111 d
b1111010011011 r
#2429
b1111000011101 "
b1111110010100 D
b1111110010100 d
b1111000011101 r
#2430
b1110111100110 "
b1110000000100011 D
b10000000100011 d
b1110111100110 r
#2431
b1111000010001 "
b1110000011101001 D
b10000011101001 d
b1111000010001 r
#2432
b1111001101100 "
b1110000110000011 D
b10000110000011 d
b1111001101100 r
#2433
b1111100001101 "
b1110000110111101 D
b10000110111101 d
b1111100001101 r
#2434
b1111111000111 "
b1110000111010111 D
b10000111010111 d
b1111111000111 r
#2435
b10000010000000 "
b1110000110001001 D
b10000110001001 d
b10000010000000 r
#2436
b10000100110100 "
b1110000011010010 D
b10000011010010 d
b10000100110100 r
#2437
b10000110100000 "
b1110000000101110 D
b10000000101110 d
b10000110100000 r
#2438
b10000111010110 "
b1111101011110 D
b1111101011110 d
b10000111010110 r
#2439
b10000110110011 "
b1111010101100 D
b1111010101100 d
b10000110110011 r
#2440
b10000101000101 "
b1111000110000 D
b1111000110000 d
b10000101000101 r
#2441
b10000010111100 "
b1110111101111 D
b1110111101111 d
b10000010111100 r
#2442
b1111111101100 "
b1111000001110 D
b1111000001110 d
b1111111101100 r
#2443
b1111100100001 "
b1111010000010 D
b1111010000010 d
b1111100100001 r
#2444
b1111010101010 "
b1111100101011 D
b1111100101011 d
b1111010101010 r
#2445
b1111000011000 "
b1111111101111 D
b1111111101111 d
b1111000011000 r
#2446
b1111000011001 "
b1110000010111101 D
b10000010111101 d
b1111000011001 r
#2447
b1111001101011 "
b1110000101011010 D
b10000101011010 d
b1111001101011 r
#2448
b1111011011110 "
b1110000110111110 D
b10000110111110 d
b1111011011110 r
#2449
b1111101111110 "
b1110000111100101 D
b10000111100101 d
b1111101111110 r
#2450
b10000000101111 "
b1110000110101110 D
b10000110101110 d
b10000000101111 r
#2451
b10000011001100 "
b1110000100111111 D
b10000100111111 d
b10000011001100 r
#2452
b10000110011011 "
b1110000010001111 D
b10000010001111 d
b10000110011011 r
#2453
b10000111110010 "
b1111111011010 D
b1111111011111 d
b10000111110010 r
#2454
b10000111101011 "
b1111110010110 D
b1111100011110 d
b10000111101011 r
#2455
b10000110011110 "
b1111110011110 D
b1111110011110 d
b10000110011110 r
#2456
b10000100100111 "
b1111010011111 D
b1111010011111 d
b10000100100111 r
#2457
b10000001100110 "
b1111000011111 D
b1111000011111 d
b10000001100110 r
#2458
b1111110010110 "
b1111001101111 D
b1111001101111 d
b1111110010110 r
#2459
b1111100000010 "
b1111011101110 D
b1111011101110 d
b1111100000010 r
#2460
b1111001111111 "
b1111011101010 D
b1111111101000 d
b1111001111111 r
#2461
b1111001010111 "
b1111110010111 D
b1111110010111 d
b1111001010111 r
#2462
b1111001000010 "
b1110000001110101 D
b10000001110101 d
b1111001000010 r
#2463
b1111010010101 "
b1110000100001000 D
b10000100001000 d
b1111010010101 r
#2464
b1111101000000 "
b1110000110010010 D
b10000110010010 d
b1111101000000 r
#2465
b1111110011111 "
b1110001000000111 D
b10001000000111 d
b1111110011111 r
#2466
b10000010010000 "
b1110001000000000 D
b10001000000000 d
b10000010010000 r
#2467
b10000110000110 "
b1110000110101110 D
b10000110101110 d
b10000110000110 r
#2468
b10000111011011 "
b1110000100010101 D
b10000100010101 d
b10000111011011 r
#2469
b10000111111101 "
b1110000001011011 D
b10000001011011 d
b10000111111101 r
#2470
b10000111100111 "
b1111110111000 D
b1111110111000 d
b10000111100111 r
#2471
b10000110000011 "
b1111100000101 D
b1111100000101 d
b10000110000011 r
#2472
b10000011110001 "
b1111001101010 D
b1111001101010 d
b10000011110001 r
#2473
b10000000101100 "
b1111000111000 D
b1111000111000 d
b10000000101100 r
#2474
b1111101110100 "
b1111000111010 D
b1111000111010 d
b1111101110100 r
#2475
b1111011010100 "
b1111010001111 D
b1111010001111 d
b1111011010100 r
#2476
b1111001001111 "
b1111101100011 D
b1111101100011 d
b1111001001111 r
#2477
b1111000111001 "
b1110000000101001 D
b10000000101001 d
b1111000111001 r
#2478
b1111001111100 "
b1110000011011010 D
b10000011011010 d
b1111001111100 r
#2479
b1111011100111 "
b1110000101101010 D
b10000101101010 d
b1111011100111 r
#2480
b1111110001000 "
b1110000111011010 D
b10000111011010 d
b1111110001000 r
#2481
b10000001001011 "
b1110001000100010 D
b10001000100010 d
b10000001001011 r
#2482
b10000100011001 "
b1110001000010100 D
b10001000010100 d
b10000100011001 r
#2483
b10000110011110 "
b1110000110001111 D
b10000110001111 d
b10000110011110 r
#2484
b10001000000110 "
b1110000011100011 D
b10000011100011 d
b10001000000110 r
#2485
b10001000001111 "
b1110000000001101 D
b10000000001101 d
b10001000001111 r
#2486
b10000110110011 "
b1111101011111 D
b1111101011111 d
b10000110110011 r
#2487
b10000101000000 "
b1111010111011 D
b1111010111011 d
b10000101000000 r
#2488
b10000010101001 "
b1111001101111 D
b1111001101111 d
b10000010101001 r
#2489
b1111111101110 "
b1111001100010 D
b1111001100011 d
b1111111101110 r
#2490
b1111100011110 "
b1111001101101 D
b1111001101111 d
b1111100011110 r
#2491
b1111001011100 "
b1111011111111 D
b1111011111111 d
b1111001011100 r
#2492
b1111000101101 "
b1111111110111 D
b1111111110111 d
b1111000101101 r
#2493
b1111000111111 "
b1111111001111 D
b1111111000111 d
b1111000111111 r
#2494
b1111000111011 "
b1110000111001101 D
b10000111001101 d
b1111000111011 r
#2495
b1111010000111 "
b1110000111111111 D
b10000111011100 d
b1111010000111 r
#2496
b1111011111100 "
b1110000110111111 D
b10000110111111 d
b1111011111100 r
#2497
b1111110100001 "
b1110001000101001 D
b10001000101001 d
b1111110100001 r
#2498
b10000001010010 "
b1110001000100110 D
b10001000100110 d
b10000001010010 r
#2499
b10000011011110 "
b1110000111001111 D
b10000111001111 d
b10000011011110 r
#2500
b10000110001000 "
b1110000101000000 D
b10000101000000 d
b10000110001000 r
#2501
b10000111101000 "
b1110000010010111 D
b10000010010111 d
b10000111101000 r
#2502
b10000111000011 "
b1111111011111 D
b1111111011111 d
b10000111000011 r
#2503
b10000101001001 "
b1111100110101 D
b1111100110101 d
b10000101001001 r
#2504
b10000010111111 "
b1111010100100 D
b1111010100100 d
b10000010111111 r
#2505
b1111111110011 "
b1111000111010 D
b1111000111010 d
b1111111110011 r
#2506
b1111101001101 "
b1111001100001 D
b1111001100001 d
b1111101001101 r
#2507
b1111010101000 "
b1111010111110 D
b1111010111110 d
b1111010101000 r
#2508
b1111000100101 "
b1111100111111 D
b1111100111111 d
b1111000100101 r
#2509
b1111000000101 "
b1111111111000 D
b1111111111000 d
b1111000000101 r
#2510
b1111000110111 "
b1110000011011110 D
b10000011011110 d
b1111000110111 r
#2511
b1111000110010 "
b1110000101101100 D
b10000101101100 d
b1111000110010 r
#2512
b1111010011011 "
b1110000111110011 D
b10000111110011 d
b1111010011011 r
#2513
b1111101010100 "
b1110001000100110 D
b10001000100110 d
b1111101010100 r
#2514
b10000000001100 "
b1110001000000100 D
b10001000000100 d
b10000000001100 r
#2515
b10000001110010 "
b1110000110101010 D
b10000110101010 d
b10000001110010 r
#2516
b10000100010011 "
b1110000011110010 D
b10000011110010 d
b10000100010011 r
#2517
b10000101101101 "
b1110000000100010 D
b10000000100010 d
b10000101101101 r
#2518
b10000110110101 "
b1111110001010 D
b1111110001010 d
b10000110110101 r
#2519
b10000110001001 "
b1111011100011 D
b1111011100011 d
b10000110001001 r
#2520
b10000100001101 "
b1111001010101 D
b1111001010101 d
b10000100001101 r
#2521
b10000001010000 "
b1111000010101 D
b1111000010101 d
b10000001010000 r
#2522
b1111110110110 "
b1111001010110 D
b1111001010110 d
b1111110110110 r
#2523
b1111011110001 "
b1111011100111 D
b1111011100111 d
b1111011110001 r
#2524
b1111000111111 "
b1111110001110 D
b1111110101110 d
b1111000111111 r
#2525
b1110111110110 "
b1110101101101011 D
b10001001101111 d
b1110111110110 r
#2526
b1111000010100 "
b1110000100111011 D
b10000100111011 d
b1111000010100 r
#2527
b1111001100100 "
b1110000110011111 D
b10000110011111 d
b1111001100100 r
#2528
b1111011100010 "
b1110000111110111 D
b10000111110111 d
b1111011100010 r
#2529
b1111101111100 "
b1110000111110110 D
b10000111110100 d
b1111101111100 r
#2530
b10000000100001 "
b1110001111001011 D
b10001111001010 d
b10000000100001 r
#2531
b10000011100111 "
b1110000111001111 D
b10000111000011 d
b10000011100111 r
#2532
b10000101110101 "
b1110000101111110 D
b10000101111100 d
b10000101110101 r
#2533
b10000111000001 "
b1110000001110110 D
b10000001110110 d
b10000111000001 r
#2534
b10000110100101 "
b1111111000101 D
b1111111000101 d
b10000110100101 r
#2535
b10000101010000 "
b1111100010101 D
b1111100010101 d
b10000101010000 r
#2536
b10000010100111 "
b1111001110110 D
b1111001110110 d
b10000010100111 r
#2537
b1111111111101 "
b1111001000110 D
b1111001000110 d
b1111111111101 r
#2538
b1111101000000 "
b1111001000010 D
b1111001000010 d
b1111101000000 r
#2539
b1111010010001 "
b1111010000100 D
b1111010000100 d
b1111010010001 r
#2540
b1111000010010 "
b1111100100111 D
b1111100100111 d
b1111000010010 r
#2541
b1110111101000 "
b1111110111101 D
b1111110111101 d
b1110111101000 r
#2542
b1111000001001 "
b1110000001110110 D
b10000001110110 d
b1111000001001 r
#2543
b1111001100101 "
b1110000100101010 D
b10000100101010 d
b1111001100101 r
#2544
b1111011110110 "
b1110000110010100 D
b10000110010100 d
b1111011110110 r
#2545
b1111111011011 "
b1110000111100000 D
b10000111100000 d
b1111111011011 r
#2546
b10000010100111 "
b1110000110110100 D
b10000110110100 d
b10000010100111 r
#2547
b10000101001101 "
b1110000101010101 D
b10000101010101 d
b10000101001101 r
#2548
b10000110110111 "
b1110000011001101 D
b10000011001101 d
b10000110110111 r
#2549
b10000111011001 "
b1110000000010011 D
b10000000010011 d
b10000111011001 r
#2550
b10000110011000 "
b1111100101110 D
b1111100101110 d
b10000110011000 r
#2551
b10000100011001 "
b1111011001001 D
b1111011001001 d
b10000100011001 r
#2552
b10000010001110 "
b1111001010001 D
b1111001010001 d
b10000010001110 r
#2553
b1111110110101 "
b1111000000000 D
b1111000000000 d
b1111110110101 r
#2554
b1111100001001 "
b1111000111011 D
b1111000111011 d
b1111100001001 r
#2555
b1111001101111 "
b1111010010101 D
b1111010010101 d
b1111001101111 r
#2556
b1110111011111 "
b1111100011110 D
b1111100011110 d
b1110111011111 r
#2557
b1110111100000 "
b1111111011101 D
b1111111011101 d
b1110111100000 r
#2558
b1111001010000 "
b1110000010000001 D
b10000010000001 d
b1111001010000 r
#2559
b1111011101011 "
b1110000101011011 D
b10000101011011 d
b1111011101011 r
#2560
b1111110011000 "
b1110000110111000 D
b10000110111010 d
b1111110011000 r
#2561
b10000001001100 "
b1110000111111111 D
b10000111111111 d
b10000001001100 r
#2562
b10000011111111 "
b1110000110111011 D
b10000110111111 d
b10000011111111 r
#2563
b10000110010100 "
b1110000110111111 D
b10000110010100 r
#2564
b10000111000001 "
b1110000101111111 D
b10000101111111 d
b10000111000001 r
#2565
b10000111001100 "
b1110111101101111 D
b10111101101111 d
b10000111001100 r
#2566
b10000101111011 "
b1111111101111 D
b1111111001101 d
b10000101111011 r
#2567
b10000100000010 "
b1111011101011 D
b1111011101011 d
b10000100000010 r
#2568
b10000001000110 "
b1111011100111 D
b1111011100001 d
b10000001000110 r
#2569
b1111110001001 "
b1110111100111 D
b1110111100111 d
b1111110001001 r
#2570
b1111011100101 "
b1110111110011 D
b1110111110011 d
b1111011100101 r
#2571
b1111001000001 "
b1111001010111 D
b1111001010111 d
b1111001000001 r
#2572
b1111000011011 "
b1111011101111 D
b1111011101111 d
b1111000011011 r
#2573
b1111001010001 "
b1111110111110 D
b1111110111110 d
b1111001010001 r
#2574
b1111010101100 "
b1110000001111110 D
b10000001111110 d
b1111010101100 r
#2575
b1111101010010 "
b1110000100101011 D
b10000100101011 d
b1111101010010 r
#2576
b1111111111111 "
b1110000110110001 D
b10000110110001 d
b1111111111111 r
#2577
b10000010101111 "
b1110000111100101 D
b10000111100101 d
b10000010101111 r
#2578
b10000101101010 "
b1110000111001101 D
b10000111001101 d
b10000101101010 r
#2579
b10000111011110 "
b1110000101101101 D
b10000101101101 d
b10000111011110 r
#2580
b10001000010010 "
b1110000011010110 D
b10000011010110 d
b10001000010010 r
#2581
b10001000000100 "
b1110000000010111 D
b10000000010111 d
b10001000000100 r
#2582
b10000110011011 "
b1111101100011 D
b1111101100011 d
b10000110011011 r
#2583
b10000011010000 "
b1111010110100 D
b1111010110100 d
b10000011010000 r
#2584
b10000000001011 "
b1111001000010 D
b1111001000010 d
b10000000001011 r
#2585
b1111101011000 "
b1111001000000 D
b1111001000000 d
b1111101011000 r
#2586
b1111011001010 "
b1111001011111 D
b1111001011111 d
b1111011001010 r
#2587
b1111001011110 "
b1111010111011 D
b1111010111011 d
b1111001011110 r
#2588
b1111000111000 "
b1111101010110 D
b1111101010110 d
b1111000111000 r
#2589
b1111001111011 "
b1110000000001010 D
b10000000001010 d
b1111001111011 r
#2590
b1110000010110010 D
b10000010110010 d
#2591
b1111011110101 "
b1110000101011010 D
b10000101011010 d
b1111011110101 r
#2592
b1111110001101 "
b1110000111110100 D
b10000111110100 d
b1111110001101 r
#2593
b10000001111001 "
b1110001000010110 D
b10001000010110 d
b10000001111001 r
#2594
b10000100101110 "
b1110000111010100 D
b10000111010100 d
b10000100101110 r
#2595
b10000110100111 "
b1110000101010000 D
b10000101010000 d
b10000110100111 r
#2596
b10001000000010 "
b1110000010101111 D
b10000010111111 d
b10001000000010 r
#2597
b10001000011000 "
b101111111111111 D
b1111111111111 d
b10001000011000 r
#2598
b10000110110000 "
b1111111111111 D
b1111101111111 d
b10000110110000 r
#2599
b10000100100000 "
b1111111100110 D
b1111111100110 d
b10000100100000 r
#2600
b10000010000011 "
b1111011110111 D
b1111011110111 d
b10000010000011 r
#2601
b1111111001010 "
b1111001110111 D
b1111001110111 d
b1111111001010 r
#2602
b1111011111110 "
b1111001111111 D
b1111001111111 d
b1111011111110 r
#2603
b1111001011111 "
b1111101111100 D
b1111101111100 d
b1111001011111 r
#2604
b1111001000111 "
b1111111011100 D
b1111111011100 d
b1111001000111 r
#2605
b1111001010010 "
b1111111001110 D
b1111111001110 d
b1111001010010 r
#2606
b1111010111001 "
b1110000010001100 D
b10000010001100 d
b1111010111001 r
#2607
b1111101000110 "
b1110000101000000 D
b10000101000000 d
b1111101000110 r
#2608
b1111111111100 "
b1110000111101001 D
b10000111101001 d
b1111111111100 r
#2609
b10000010111111 "
b1110001000101100 D
b10001000101100 d
b10000010111111 r
#2610
b10000101100000 "
b1110001000101110 D
b10001000101110 d
b10000101100000 r
#2611
b10000111011010 "
b1110000111001001 D
b10000111001001 d
b10000111011010 r
#2612
b10001000010000 "
b1110000100111100 D
b10000100111100 d
b10001000010000 r
#2613
b10000111100101 "
b1110000010001011 D
b10000010001011 d
b10000111100101 r
#2614
b10000110001001 "
b1111111000111 D
b1111111000111 d
b10000110001001 r
#2615
b10000011100000 "
b1111100101000 D
b1111100101000 d
b10000011100000 r
#2616
b10000000011011 "
b1111010100101 D
b1111010100101 d
b10000000011011 r
#2617
b1111101001010 "
b1111001011011 D
b1111001011011 d
b1111101001010 r
#2618
b1111010110001 "
b1111001100000 D
b1111001100000 d
b1111010110001 r
#2619
b1111000100100 "
b1111011111100 D
b1111011111100 d
b1111000100100 r
#2620
b1111000100101 "
b1111110001001 D
b1111110001001 d
b1111000100101 r
#2621
b1111001111101 "
b1110000000110001 D
b10000000110001 d
b1111001111101 r
#2622
b1111001011001 "
b1110000011111111 D
b10000011111111 d
b1111001011001 r
#2623
b1111011000010 "
b1110000110100010 D
b10000110100010 d
b1111011000010 r
#2624
b1111101111011 "
b1110001000010101 D
b10001000010101 d
b1111101111011 r
#2625
b10000000010110 "
b1110001000111010 D
b10001000111010 d
b10000000010110 r
#2626
b10000011011011 "
b1110001000011010 D
b10001000011010 d
b10000011011011 r
#2627
b10000110000001 "
b1110000110100110 D
b10000110100110 d
b10000110000001 r
#2628
b10000111100100 "
b1110000011111111 D
b10000011111111 d
b10000111100100 r
#2629
b10000111010111 "
b1110000000111100 D
b10000000111100 d
b10000111010111 r
#2630
b10000110011100 "
b1111101101110 D
b1111101101110 d
b10000110011100 r
#2631
b10000100111010 "
b1111011011110 D
b1111011111110 d
b10000100111010 r
#2632
b10000001111001 "
b1111001111110 D
b1111001111110 d
b10000001111001 r
#2633
b1111110001010 "
b1111001110010 D
b1111001110110 d
b1111110001010 r
#2634
b1111011011100 "
b1111011111011 D
b1111010111011 d
b1111011011100 r
#2635
b1111001010001 "
b1111110111111 D
b1111110111111 d
b1111001010001 r
#2636
b1111000000100 "
b1111111011111 D
b1111111011111 d
b1111000000100 r
#2637
b1111000011101 "
b1111111000111 D
b11111111000111 d
b1111000011101 r
#2638
b1110000110101110 D
b10000110001110 d
#2639
b1111001101101 "
b1110000110111010 D
b10000110101010 d
b1111001101101 r
#2640
b1111011111010 "
b1110000110111000 D
b10000110111000 d
b1111011111010 r
#2641
b1111110110011 "
b1110001000110001 D
b10001000110001 d
b1111110110011 r
#2642
b10000001111011 "
b1110001000101100 D
b10001000101100 d
b10000001111011 r
#2643
b10000100110010 "
b1110000111011010 D
b10000111011010 d
b10000100110010 r
#2644
b10000110101000 "
b1110000101011010 D
b10000101011010 d
b10000110101000 r
#2645
b10000111001111 "
b1110000010010111 D
b10000010010111 d
b10000111001111 r
#2646
b10000110110011 "
b1111111010101 D
b1111111010101 d
b10000110110011 r
#2647
b10000101011010 "
b1111100010010 D
b1111100010010 d
b10000101011010 r
#2648
b10000010011011 "
b1111010000010 D
b1111010000010 d
b10000010011011 r
#2649
b1111111001101 "
b1111001100000 D
b1111001100000 d
b1111111001101 r
#2650
b1111011011111 "
b1111001010101 D
b1111001010101 d
b1111011011111 r
#2651
b1111001110110 "
b1111010100110 D
b1111010100110 d
b1111001110110 r
#2652
b1111000011100 "
b1111101000101 D
b1111101000101 d
b1111000011100 r
#2653
b1111000001010 "
b1111111111111 D
b1111111111111 d
b1111000001010 r
#2654
b1111001001111 "
b1110000011010011 D
b10000011010011 d
b1111001001111 r
#2655
b1111010111011 "
b1110000101100010 D
b10000101100010 d
b1111010111011 r
#2656
b1111100111010 "
b1110000111010111 D
b10000111010111 d
b1111100111010 r
#2657
b10000000001001 "
b1110001000010101 D
b10001000010101 d
b10000000001001 r
#2658
b10000010100011 "
b1110000111111101 D
b10000111111101 d
b10000010100011 r
#2659
b10000101001011 "
b1110000110001010 D
b10000110001010 d
b10000101001011 r
#2660
b10000110101011 "
b1110000011010110 D
b10000011010110 d
b10000110101011 r
#2661
b10000111000110 "
b1110000000011011 D
b10000000011011 d
b10000111000110 r
#2662
b10000110000111 "
b1111101000110 D
b1111101000110 d
b10000110000111 r
#2663
b10000110000011 "
b1111010111010 D
b1111010111010 d
b10000110000011 r
#2664
b10000100001100 "
b1111001000001 D
b1111001000001 d
b10000100001100 r
#2665
b10000001101010 "
b1111000101111 D
b1111000101111 d
b10000001101010 r
#2666
b1111110100001 "
b1111001010101 D
b1111001010101 d
b1111110100001 r
#2667
b1111011100101 "
b1111011011001 D
b1111011011001 d
b1111011100101 r
#2668
b1111001010001 "
b1111110000001 D
b1111110010001 d
b1111001010001 r
#2669
b1111000001101 "
b1111111110110011 D
b10101100110011 d
b1111000001101 r
#2670
b1111000001111 "
b1110000011111010 D
b10000011111010 d
b1111000001111 r
#2671
b1111000001010 "
b1110000111111001 D
b10000111111001 d
b1111000001010 r
#2672
b1111001011101 "
b1110000111110111 D
b10000111110111 d
b1111001011101 r
#2673
b1111011100010 "
b1110000111100111 D
b10000111100111 d
b1111011100010 r
#2674
b1111110010101 "
b1110001010010111 D
b10001110010110 d
b1111110010101 r
#2675
b10000001010011 "
b1110000110100111 D
b10000110100111 d
b10000001010011 r
#2676
b10000011111111 "
b1110000100000010 D
b10000100000010 d
b10000011111111 r
#2677
b10000110011001 "
b1110000001101101 D
b10000001101101 d
b10000110011001 r
#2678
b10000111011000 "
b1111110110010 D
b1111110110010 d
b10000111011000 r
#2679
b10000110111110 "
b1111100001101 D
b1111100001101 d
b10000110111110 r
#2680
b10000101101111 "
b1111010000000 D
b1111010000000 d
b10000101101111 r
#2681
b10000011100010 "
b1111000001010 D
b1111000001010 d
b10000011100010 r
#2682
b10000000010100 "
b1111000010101 D
b1111000010101 d
b10000000010100 r
#2683
b1111101001111 "
b1111001110001 D
b1111001110001 d
b1111101001111 r
#2684
b1111010100100 "
b1111011101001 D
b1111011101001 d
b1111010100100 r
#2685
b1111000100111 "
b1111111000000 D
b1111111000000 d
b1111000100111 r
#2686
b1111000010111 "
b1110000001110100 D
b10000001110100 d
b1111000010111 r
#2687
b1111000111101 "
b1110000100001111 D
b10000100001111 d
b1111000111101 r
#2688
b1111010010100 "
b1110000110011100 D
b10000110011100 d
b1111010010100 r
#2689
b1111101001111 "
b1110000111100111 D
b10000111100111 d
b1111101001111 r
#2690
b1111111110111 "
b1110000110011111 D
b10000110011111 d
b1111111110111 r
#2691
b10000010111011 "
b1110000100100011 D
b10000100100011 d
b10000010111011 r
#2692
b10000101011101 "
b1110000010010110 D
b10000010010110 d
b10000101011101 r
#2693
b10000111001001 "
b1110000000001001 D
b10000000001001 d
b10000111001001 r
#2694
b10000111101100 "
b1111101000010 D
b1111101000010 d
b10000111101100 r
#2695
b10000111000110 "
b1111010000001 D
b1111010000001 d
b10000111000110 r
#2696
b10000100110111 "
b1111000010001 D
b1111000010001 d
b10000100110111 r
#2697
b10000010010000 "
b1110111111011 D
b1110111111011 d
b10000010010000 r
#2698
b1111111010101 "
b1111001000000 D
b1111001000000 d
b1111111010101 r
#2699
b1111100011011 "
b1111010100110 D
b1111010100110 d
b1111100011011 r
#2700
b1111010011100 "
b1111101001010 D
b1111101001010 d
b1111010011100 r
#2701
b1111000101110 "
b1110000000011101 D
b10000000011101 d
b1111000101110 r
#2702
b1111000110111 "
b1110000011001000 D
b10000011001000 d
b1111000110111 r
#2703
b1111010110111 "
b1110000101100000 D
b10000101100000 d
b1111010110111 r
#2704
b1111010000111 "
b1110000111111000 D
b10000111111000 d
b1111010000111 r
#2705
b1111100010010 "
b1110000111010011 D
b10000111011011 d
b1111100010010 r
#2706
b1111110100100 "
b1110000111110111 D
b10000111110111 d
b1111110100100 r
#2707
b10000001101001 "
b1110000110110110 D
b10000110110110 d
b10000001101001 r
#2708
b10000100001101 "
b1110000101110111 D
b10000101110111 d
b10000100001101 r
#2709
b10000110100110 "
b1110000001100011 D
b10000001100011 d
b10000110100110 r
#2710
b10000111011111 "
b1111110111110 D
b1111111111100 d
b10000111011111 r
#2711
b10000111101111 "
b1111011111111 D
b1111011110111 d
b10000111101111 r
#2712
b10000110111111 "
b1111001101011 D
b1111001101011 d
b10000110111111 r
#2713
b10000110110010 "
b1111000110000 D
b1111000110000 d
b10000110110010 r
#2714
b10000100010001 "
b1111000010111 D
b1111000010111 d
b10000100010001 r
#2715
b10000001011110 "
b1111001010101 D
b1111001010101 d
b10000001011110 r
#2716
b1111110100010 "
b1111100000010 D
b1111100000010 d
b1111110100010 r
#2717
b1111011101110 "
b1111110110001 D
b1111110110001 d
b1111011101110 r
#2718
b1111001101001 "
b1110000001111101 D
b10000001111101 d
b1111001101001 r
#2719
b1111000101100 "
b1110000100010100 D
b10000100010100 d
b1111000101100 r
#2720
b1111001010010 "
b1110000110011101 D
b10000110011101 d
b1111001010010 r
#2721
b1111011000101 "
b1110000111111010 D
b10000111111010 d
b1111011000101 r
#2722
b1111100111111 "
b1110000111101100 D
b10000111101100 d
b1111100111111 r
#2723
b1111111110000 "
b1110000110100001 D
b10000110100001 d
b1111111110000 r
#2724
b10000010111101 "
b1110000100001110 D
b10000100001110 d
b10000010111101 r
#2725
b10000101101000 "
b1110000000110110 D
b10000000110110 d
b10000101101000 r
#2726
b10000111100110 "
b1111101100001 D
b1111101100001 d
b10000111100110 r
#2727
b10001000100110 "
b1111011001110 D
b1111011001110 d
b10001000100110 r
#2728
b10000111100111 "
b1111001011111 D
b1111001011111 d
b10000111100111 r
#2729
b1111000111000 D
b1111000111000 d
#2730
b10000101100011 "
b1111001001010 D
b1111001001010 d
b10000101100011 r
#2731
b10000010111111 "
b1111010101001 D
b1111010101001 d
b10000010111111 r
#2732
b1111111101111 "
b1111101011001 D
b1111101011001 d
b1111111101111 r
#2733
b1111100110000 "
b1110000000101101 D
b10000000101101 d
b1111100110000 r
#2734
b1111010011110 "
b1110000011111111 D
b10000011111111 d
b1111010011110 r
#2735
b1111000011101 "
b1110000110011100 D
b10000110011100 d
b1111000011101 r
#2736
b1111000111001 "
b1110000111101001 D
b10000111101001 d
b1111000111001 r
#2737
b1111010000011 "
b1110001000000010 D
b10001000000010 d
b1111010000011 r
#2738
b1111100010001 "
b1110000111100101 D
b10000111100101 d
b1111100010001 r
#2739
b1111110111000 "
b1110000101101011 D
b10000101101011 d
b1111110111000 r
#2740
b10000001011101 "
b1110000111100111 D
b10000011101111 d
b10000001011101 r
#2741
b10000011111111 "
b1111111111111111 D
b1111111111111 d
b10000011111111 r
#2742
b10000110011001 "
b1111111111111 D
b10000110011001 r
#2743
b10000111111010 "
b1111110111111 D
b1111110111111 d
b10000111111010 r
#2744
b10000111111001 "
b1111011011111 D
b1111011011111 d
b10000111111001 r
#2745
b10000110101001 "
b1111001010111 D
b1111001010111 d
b10000110101001 r
#2746
b10000110101111 "
b1111011010111 D
b1111011010111 d
b10000110101111 r
#2747
b10000100100110 "
b1111010010110 D
b1111110010110 d
b10000100100110 r
#2748
b10000001011001 "
b1111100000011 D
b1111100000011 d
b10000001011001 r
#2749
b1111110011010 "
b1111111001000 D
b1111111001000 d
b1111110011010 r
#2750
b1111100011011 "
b1110000010011011 D
b10000010011011 d
b1111100011011 r
#2751
b1111010000001 "
b1110000101001010 D
b10000101001010 d
b1111010000001 r
#2752
b1111001011010 "
b1110000111000111 D
b10000111000111 d
b1111001011010 r
#2753
b1111000110100 "
b1110001000011010 D
b10001000011010 d
b1111000110100 r
#2754
b1111010010100 "
b1110001000010101 D
b10001000010101 d
b1111010010100 r
#2755
b1111101001010 "
b1110000110101000 D
b10000110101000 d
b1111101001010 r
#2756
b1111111101101 "
b1110000100101100 D
b10000100101100 d
b1111111101101 r
#2757
b10000010011011 "
b1110000001111010 D
b10000001111010 d
b10000010011011 r
#2758
b10000100110110 "
b1111110110011 D
b1111110110011 d
b10000100110110 r
#2759
b10000110110110 "
b1111100001000 D
b1111100001000 d
b10000110110110 r
#2760
b10000111110111 "
b1111010000111 D
b1111010000111 d
b10000111110111 r
#2761
b10000111011101 "
b1111001011001 D
b1111001011001 d
b10000111011101 r
#2762
b10000101101001 "
b1111001110110 D
b1111001110110 d
b10000101101001 r
#2763
b10000011000111 "
b1111010111000 D
b1111010111000 d
b10000011000111 r
#2764
b10000000000000 "
b1111101001011 D
b1111101001011 d
b10000000000000 r
#2765
b1111100110110 "
b1110000000110010 D
b10000000110010 d
b1111100110110 r
#2766
b1111010100110 "
b1110000100000000 D
b10000100000000 d
b1111010100110 r
#2767
b1111000011110 "
b1110000110011110 D
b10000110011110 d
b1111000011110 r
#2768
b1110111100001 "
b1110000111101010 D
b10000111101010 d
b1110111100001 r
#2769
b1111000100111 "
b1110001000001010 D
b10001000001010 d
b1111000100111 r
#2770
b1111011000001 "
b1111011000001 r
#2771
b1111101101010 "
b1110000110010010 D
b10000110010010 d
b1111101101010 r
#2772
b10000000110011 "
b1110000011011101 D
b10000011011101 d
b10000000110011 r
#2773
b10000011010101 "
b1110000000000100 D
b10000000000100 d
b10000011010101 r
#2774
b10000101101011 "
b1111101000101 D
b1111101000101 d
b10000101101011 r
#2775
b10000111101001 "
b1111010101010 D
b1111010101111 d
b10000111101001 r
#2776
b10000111101111 "
b1111001111011 D
b1111001111011 d
b10000111101111 r
#2777
b10000110011100 "
b1111001010011 D
b1111001011011 d
b10000110011100 r
#2778
b10000011111111 "
b1111011010011 D
b1111011010011 d
b10000011111111 r
#2779
b10000001011010 "
b1111110010111 D
b1111110010111 d
b10000001011010 r
#2780
b1111110001010 "
b1111110011111 D
b1111110011111 d
b1111110001010 r
#2781
b1111011000011 "
b1111110011110 D
b1111110011100 d
b1111011000011 r
#2782
b1111000111001 "
b1110000011001110 D
b10000111001110 d
b1111000111001 r
#2783
b1110111010111 "
b1110000101000101 D
b10000111000101 d
b1110111010111 r
#2784
b1110110101000 "
b1110000111000010 D
b10000111000010 d
b1110110101000 r
#2785
b1111000110011 "
b1110000111100011 D
b10000111100011 d
b1111000110011 r
#2786
b1111011000011 "
b1110000111101000 D
b10000111101000 d
b1111011000011 r
#2787
b1111110101100 "
b1110000110101010 D
b10000110101010 d
b1111110101100 r
#2788
b10000001011100 "
b1110000100101001 D
b10000100101001 d
b10000001011100 r
#2789
b10000011100001 "
b1110000001110010 D
b10000001110010 d
b10000011100001 r
#2790
b10000110010101 "
b1111110001011 D
b1111110001011 d
b10000110010101 r
#2791
b10000111001001 "
b1111011101110 D
b1111011101110 d
b10000111001001 r
#2792
b10000110111001 "
b1111001101000 D
b1111001101000 d
b10000110111001 r
#2793
b10000101001010 "
b1111000101011 D
b1111000101011 d
b10000101001010 r
#2794
b10000010010101 "
b1111000111001 D
b1111000111001 d
b10000010010101 r
#2795
b1111111100110 "
b1111010101001 D
b1111010101001 d
b1111111100110 r
#2796
b1111100111110 "
b1111100011000 D
b1111100011000 d
b1111100111110 r
#2797
b1111010100011 "
b1111111000100 D
b1111111000100 d
b1111010100011 r
#2798
b1111000011010 "
b1110000010101100 D
b10000010101100 d
b1111000011010 r
#2799
b1110111011011 "
b1110000101100001 D
b10000101100001 d
b1110111011011 r
#2800
b1111000000000 "
b1110000110110000 D
b10000110110000 d
b1111000000000 r
#2801
b1111010001110 "
b1110000111100001 D
b10000111100001 d
b1111010001110 r
#2802
b1111100100001 "
b1110000111010001 D
b10000111010001 d
b1111100100001 r
#2803
b1111111010010 "
b1110000101011101 D
b10000101011101 d
b1111111010010 r
#2804
b10000010000111 "
b1110000011000000 D
b10000011000000 d
b10000010000111 r
#2805
b10000100111101 "
b1111111001101 D
b1111111001101 d
b10000100111101 r
#2806
b10000110101010 "
b1111100010011 D
b1111100010011 d
b10000110101010 r
#2807
b10000111101010 "
b1111001111110 D
b1111001111110 d
b10000111101010 r
#2808
b10000111001010 "
b1111000010001 D
b1111000010001 d
b10000111001010 r
#2809
b10000110011001 "
b1110111101011 D
b1110111101011 d
b10000110011001 r
#2810
b10000100010000 "
b1111000100010 D
b1111000100010 d
b10000100010000 r
#2811
b10000001000111 "
b1111010101001 D
b1111010101011 d
b10000001000111 r
#2812
b1111110100000 "
b1111101000101 D
b1111101001101 d
b1111110100000 r
#2813
b1111100000110 "
b1111111101011101 D
b11111101011101 d
b1111100000110 r
#2814
b1111001101001 "
b1110000011011101 D
b10000011011101 d
b1111001101001 r
#2815
b1110111111000 "
b1110000111111001 D
b10000111111001 d
b1110111111000 r
#2816
b1110111110001 "
b1110111110001 r
#2817
b1111001000000 "
b1110000110111000 D
b10000110111000 d
b1111001000000 r
#2818
b1111011100110 "
b1110000111111110 D
b10000111110000 d
b1111011100110 r
#2819
b1111110011111 "
b1110000101111110 D
b10000111111110 d
b1111110011111 r
#2820
b10000001110001 "
b1110000011111010 D
b10000011111010 d
b10000001110001 r
#2821
b10000100001001 "
b1110000001001111 D
b10000001001111 d
b10000100001001 r
#2822
b10000101101110 "
b1111101110110 D
b1111101110110 d
b10000101101110 r
#2823
b10000110111101 "
b1111010100111 D
b1111010100111 d
b10000110111101 r
#2824
b10000110111111 "
b1111000001000 D
b1111000001000 d
b10000110111111 r
#2825
b10000110111110 "
b1110111111101 D
b1110111111101 d
b10000110111110 r
#2826
b10000101011010 "
b1110111000100 D
b1110111000100 d
b10000101011010 r
#2827
b10000011001001 "
b1111001001100 D
b1111001001100 d
b10000011001001 r
#2828
b10000000000101 "
b1111011101010 D
b1111011101010 d
b10000000000101 r
#2829
b1111101011111 "
b1111110001101 D
b1111110001101 d
b1111101011111 r
#2830
b1111100111000 "
b1110000001010010 D
b10000001010010 d
b1111100111000 r
#2831
b1111001000001 "
b1110000011101000 D
b10000011101000 d
b1111001000001 r
#2832
b1111000111110 "
b1110000110000111 D
b10000110000111 d
b1111000111110 r
#2833
b1110111111111 "
b1110000110101000 D
b10000110101000 d
b1110111111111 r
#2834
b1111010000000 "
b1110000110011000 D
b10000110011000 d
b1111010000000 r
#2835
b1111101010001 "
b1110000101001100 D
b10000101001100 d
b1111101010001 r
#2836
b1111111001000 "
b1110000010110001 D
b10000010110001 d
b1111111001000 r
#2837
b10000011110001 "
b1111111110011 D
b1111111110011 d
b10000011110001 r
#2838
b10000100010001 "
b1111100110110 D
b1111100110110 d
b10000100010001 r
#2839
b10000110110111 "
b1111010010010 D
b1111010010010 d
b10000110110111 r
#2840
b10000111000111 "
b1111000110110 D
b1111000110110 d
b10000111000111 r
#2841
b10000110011000 "
b1111000001110 D
b1111000001110 d
b10000110011000 r
#2842
b10000100011110 "
b1111000100000 D
b1111000100000 d
b10000100011110 r
#2843
b10000010100011 "
b1111010011010 D
b1111010011010 d
b10000010100011 r
#2844
b1111111100010 "
b1111100110111 D
b1111100110111 d
b1111111100010 r
#2845
b1111100111110 "
b1111111110010 D
b1111111110010 d
b1111100111110 r
#2846
b1111010100000 "
b1110001010101001 D
b10000010101011 d
b1111010100000 r
#2847
b1111010110000 "
b1110000101100100 D
b10000101101101 d
b1111010110000 r
#2848
b1111000110000 "
b1110000111110000 D
b10000111110100 d
b1111000110000 r
#2849
b1111000100001 "
b1110000111110011 D
b10000111110011 d
b1111000100001 r
#2850
b1111001101010 "
b1110000111101011 D
b10000111101011 d
b1111001101010 r
#2851
b1111011101111 "
b1110000110101111 D
b10000110101111 d
b1111011101111 r
#2852
b1111110101100 "
b1110000101110111 D
b10000101110111 d
b1111110101100 r
#2853
b10000010000100 "
b1110000001110101 D
b10110101110101 d
b10000010000100 r
#2854
b10000100010110 "
b1111110100111 D
b1111110100111 d
b10000100010110 r
#2855
b10000110110100 "
b1111011111010 D
b1111011111010 d
b10000110110100 r
#2856
b10001000001101 "
b1111001101100 D
b1111001101100 d
b10001000001101 r
#2857
b10000111101111 "
b1111000010110 D
b1111000010110 d
b10000111101111 r
#2858
b10000110101000 "
b1111000110011 D
b1111000110011 d
b10000110101000 r
#2859
b10000010101010 "
b1111001110111 D
b1111001110111 d
b10000010101010 r
#2860
b10000000010001 "
b1111011100100 D
b1111011100100 d
b10000000010001 r
#2861
b1111100100010 "
b1111110100001 D
b1111110100001 d
b1111100100010 r
#2862
b1111011010110 "
b1110000001111001 D
b10000001111001 d
b1111011010110 r
#2863
b1111000110111 "
b1110000100110000 D
b10000100110000 d
b1111000110111 r
#2864
b1111001101100 "
b1110000110111110 D
b10000110111110 d
b1111001101100 r
#2865
b1111001111010 "
b1110000111111100 D
b10000111111100 d
b1111001111010 r
#2866
b1111010010000 "
b1110000111100111 D
b10000111100111 d
b1111010010000 r
#2867
b1111101110100 "
b1110000101111100 D
b10000101111100 d
b1111101110100 r
#2868
b10000000001101 "
b1110000011101111 D
b10000011101111 d
b10000000001101 r
#2869
b10000011000111 "
b1110000001000001 D
b10000001000001 d
b10000011000111 r
#2870
b10000100111110 "
b1111110000101 D
b1111110000101 d
b10000100111110 r
#2871
b10000111001010 "
b1111011011001 D
b1111011011001 d
b10000111001010 r
#2872
b10000111110000 "
b1111001001100 D
b1111001001100 d
b10000111110000 r
#2873
b10000110101010 "
b1111000111100 D
b1111000111100 d
b10000110101010 r
#2874
b10000101001010 "
b1111010000000 D
b1111010000000 d
b10000101001010 r
#2875
b10000010100010 "
b1111011101001 D
b1111011101001 d
b10000010100010 r
#2876
b1111111101111 "
b1111101111010 D
b1111101111010 d
b1111111101111 r
#2877
b1111100110010 "
b1110000000100011 D
b10000000100011 d
b1111100110010 r
#2878
b1111010000101 "
b1110000011011101 D
b10000011011101 d
b1111010000101 r
#2879
b1111000011100 "
b1110000110001001 D
b10000110001001 d
b1111000011100 r
#2880
b1111000100010 "
b1110001000000001 D
b10001000000001 d
b1111000100010 r
#2881
b1111001011010 "
b1110001000010100 D
b10001000010100 d
b1111001011010 r
#2882
b1111011011111 "
b1110001111100001 D
b10000111100001 d
b1111011011111 r
#2883
b1111110100100 "
b1110000101111000 D
b10000101111001 d
b1111110100100 r
#2884
b10000001001100 "
b1110000111110000 D
b10000110111000 d
b10000001001100 r
#2885
b10000011011101 "
b1111111111111000 D
b11111111111000 d
b10000011011101 r
#2886
b10000101110110 "
b1111111101100 D
b1111111101100 d
b10000101110110 r
#2887
b10000111001101 "
b1111111111110 D
b1111111111110 d
b10000111001101 r
#2888
b10000111100011 "
b1111011111110 D
b1111011111110 d
b10000111100011 r
#2889
b10000110101011 "
b1111001011100 D
b1111001011100 d
b10000110101011 r
#2890
b10000110001011 "
b1111001010111 D
b1111011010100 d
b10000110001011 r
#2891
b10000011110100 "
b1111010000111 D
b1111010000111 d
b10000011110100 r
#2892
b10000001010101 "
b1111100001000 D
b1111100001000 d
b10000001010101 r
#2893
b1111101110011 "
b1111110111001 D
b1111110111001 d
b1111101110011 r
#2894
b1111010101101 "
b1110000010001100 D
b10000010001100 d
b1111010101101 r
#2895
b1111011100101 "
b1110000101000110 D
b10000101000110 d
b1111011100101 r
#2896
b1110111100000 "
b1110000111010111 D
b10000111010111 d
b1110111100000 r
#2897
b1111001001101 "
b1110000111111001 D
b10000111111001 d
b1111001001101 r
#2898
b1111000110100 "
b1110001000000010 D
b10001000000010 d
b1111000110100 r
#2899
b1111011000101 "
b1110000110110011 D
b10000110110011 d
b1111011000101 r
#2900
b1111101100101 "
b1110000100101100 D
b10000100101100 d
b1111101100101 r
#2901
b10000001111100 "
b1110000001000100 D
b10000001000100 d
b10000001111100 r
#2902
b10000101011000 "
b1111101111111 D
b1111101111111 d
b10000101011000 r
#2903
b10000110111001 "
b1111011100101 D
b1111011100101 d
b10000110111001 r
#2904
b10000111011011 "
b1111001011101 D
b1111001011101 d
b10000111011011 r
#2905
b10000110110111 "
b1111000101011 D
b1111000101011 d
b10000110110111 r
#2906
b10000010011011 "
b1111000110010 D
b1111000110010 d
b10000010011011 r
#2907
b10000010111001 "
b1111010101110 D
b1111010101110 d
b10000010111001 r
#2908
b1111101101011 "
b1111100111111 D
b1111100111111 d
b1111101101011 r
#2909
b1111101000100 "
b1111111100001 D
b1111111100001 d
b1111101000100 r
#2910
b1111010011100 "
b1110000010111010 D
b10000010111010 d
b1111010011100 r
#2911
b1111000110001 "
b1110000101011101 D
b10000101011101 d
b1111000110001 r
#2912
b1110111111011 "
b1110000111010101 D
b10000111010101 d
b1110111111011 r
#2913
b1111000111100 "
b1110000111111101 D
b10000111111101 d
b1111000111100 r
#2914
b1111010010011 "
b1110000110111010 D
b10000110111010 d
b1111010010011 r
#2915
b1111101011001 "
b1110000101000001 D
b10000101000001 d
b1111101011001 r
#2916
b10000000000010 "
b1110000010011110 D
b10000010011110 d
b10000000000010 r
#2917
b10000010111011 "
b1111111001010 D
b1111111001010 d
b10000010111011 r
#2918
b10000100101111 "
b1111100010111 D
b1111100010111 d
b10000100101111 r
#2919
b10000110010010 "
b1111110011100 D
b1111010011111 d
b10000110010010 r
#2920
b10000101101010 "
b1111010101100 D
b1111000101100 d
b10000101101010 r
#2921
b10000101010100 "
b1111000111110 D
b1111000111110 d
b10000101010100 r
#2922
b10000010000011 "
b1111001011111 D
b1111001011111 d
b10000010000011 r
#2923
b10000000000001 "
b1111011001001 D
b1111011001001 d
b10000000000001 r
#2924
b1111100101110 "
b1111111000111 D
b1111111000111 d
b1111100101110 r
#2925
b1111011000101 "
b1111110000111 D
b1111110000111 d
b1111011000101 r
#2926
b1111000110011 "
b1110000000110001 D
b10000000110001 d
b1111000110011 r
#2927
b1111001001010 "
b1110000011001111 D
b10000011001111 d
b1111001001010 r
#2928
b1111000001100 "
b1110000101101001 D
b10000101101001 d
b1111000001100 r
#2929
b1111001101001 "
b1110000111010110 D
b10000111010110 d
b1111001101001 r
#2930
b1111100000000 "
b1110000111001101 D
b10000111001101 d
b1111100000000 r
#2931
b1111110010110 "
b1110000101100010 D
b10000101100010 d
b1111110010110 r
#2932
b10000001100010 "
b1110000011011000 D
b10000011011000 d
b10000001100010 r
#2933
b10000011110100 "
b1110000000101011 D
b10000000101011 d
b10000011110100 r
#2934
b10000101101011 "
b1111101001111 D
b1111101001111 d
b10000101101011 r
#2935
b10000110100000 "
b1111010001101 D
b1111010001101 d
b10000110100000 r
#2936
b10000110001111 "
b1111000101011 D
b1111000101011 d
b10000110001111 r
#2937
b10000100100000 "
b1110111101001 D
b1110111101001 d
b10000100100000 r
#2938
b10000001111110 "
b1110111110011 D
b1110111110011 d
b10000001111110 r
#2939
b1111111010101 "
b1111001010100 D
b1111001010100 d
b1111111010101 r
#2940
b1111100001011 "
b1111011111001 D
b1111011111001 d
b1111100001011 r
#2941
b1111001010011 "
b1111110111110 D
b1111110111110 d
b1111001010011 r
#2942
b1110111010111 "
b1110000001110001 D
b10000001110001 d
b1110111010111 r
#2943
b1110111000110 "
b1110000100010110 D
b10000100010110 d
b1110111000110 r
#2944
b1110111111110 "
b1110000110100101 D
b10000110100101 d
b1110111111110 r
#2945
b1111001111010 "
b1110000110110000 D
b10000110110000 d
b1111001111010 r
#2946
b1111100011001 "
b1110000110001101 D
b10000110001101 d
b1111100011001 r
#2947
b1111111010110 "
b1110000100010000 D
b10000100010000 d
b1111111010110 r
#2948
b10000010011011 "
b1110000001111001 D
b10000001111001 d
b10000010011011 r
#2949
b10000100111011 "
b1111110110001 D
b1111110110001 d
b10000100111011 r
#2950
b10000110100011 "
b1111011111011 D
b1111011111011 d
b10000110100011 r
#2951
b10000110101110 "
b1111001000100 D
b1111001000100 d
b10000110101110 r
#2952
b10000101100011 "
b1110111011010 D
b1110111011010 d
b10000101100011 r
#2953
b10000011011001 "
b1110111011110 D
b1110111011110 d
b10000011011001 r
#2954
b10000001000011 "
b1111000011011 D
b1111000011011 d
b10000001000011 r
#2955
b1111101110001 "
b1111010110001 D
b1111010111011 d
b1111101110001 r
#2956
b1111010111000 "
b1111110100011 D
b1111100100011 d
b1111010111000 r
#2957
b1111000111100 "
b1111111111110 D
b1111111111110 d
b1111000111100 r
#2958
b1110111010011 "
b1111111011110 D
b1111111011110 d
b1110111010011 r
#2959
b1111000000001 "
b1110000111100011 D
b10000111100011 d
b1111000000001 r
#2960
b1111001001100 "
b1110000111100101 D
b10000111100101 d
b1111001001100 r
#2961
b1111011001010 "
b1110000111001101 D
b10000111000101 d
b1111011001010 r
#2962
b1111110100110 "
b1110000111001000 D
b10000111001000 d
b1111110100110 r
#2963
b10000001001000 "
b1110000101001001 D
b10000101001001 d
b10000001001000 r
#2964
b10000011100110 "
b1110000011010110 D
b10000011010110 d
b10000011100110 r
#2965
b10000101111110 "
b1110000000010001 D
b10000000010001 d
b10000101111110 r
#2966
b10000111001101 "
b1111101001001 D
b1111101001001 d
b10000111001101 r
#2967
b10000110111010 "
b1111010100101 D
b1111010100101 d
b10000110111010 r
#2968
b10000101001011 "
b1111000100010 D
b1111000100010 d
b10000101001011 r
#2969
b10000010101100 "
b1110110111100 D
b1110110111100 d
b10000010101100 r
#2970
b1111111111110 "
b1110111011100 D
b1110111011100 d
b1111111111110 r
#2971
b1111100110111 "
b1111000111110 D
b1111000111110 d
b1111100110111 r
#2972
b1111010100001 "
b1111011001011 D
b1111011001011 d
b1111010100001 r
#2973
b1111000110000 "
b1111101111001 D
b1111101111001 d
b1111000110000 r
#2974
b1110111011001 "
b1110000001010110 D
b10000001010110 d
b1110111011001 r
#2975
b1111000010100 "
b1110000011111011 D
b10000011111011 d
b1111000010100 r
#2976
b1111010001111 "
b1110000101101101 D
b10000101101101 d
b1111010001111 r
#2977
b1111100011100 "
b1110000110110101 D
b10000110110101 d
b1111100011100 r
#2978
b1111111100001 "
b1110000110100010 D
b10000110100010 d
b1111111100001 r
#2979
b10000010000111 "
b1110000100101101 D
b10000100101101 d
b10000010000111 r
#2980
b10000101001101 "
b1110000010010101 D
b10000010010101 d
b10000101001101 r
#2981
b10000110101110 "
b1111110110001 D
b1111110110001 d
b10000110101110 r
#2982
b10000110111011 "
b1111100000111 D
b1111100000111 d
b10000110111011 r
#2983
b10000110011100 "
b1111001110111 D
b1111001110111 d
b10000110011100 r
#2984
b10000100010000 "
b1111000000101 D
b1111000000101 d
b10000100010000 r
#2985
b10000001001010 "
b1110111101111 D
b1110111101111 d
b10000001001010 r
#2986
b1111110100001 "
b1111000010111 D
b1111000010111 d
b1111110100001 r
#2987
b1111011110001 "
b1111001111011 D
b1111001111011 d
b1111011110001 r
#2988
b1111001010101 "
b1111101010000 D
b1111101010000 d
b1111001010101 r
#2989
b1110111110101 "
b1110001000000001 D
b10000000000001 d
b1110111110101 r
#2990
b1110111100100 "
b1110000010110111 D
b10000010110111 d
b1110111100100 r
#2991
b1111001000011 "
b1110000111111010 D
b10000101111111 d
b1111001000011 r
#2992
b1111011010011 "
b1110000111101111 D
b10000111101111 d
b1111011010011 r
#2993
b1111101111001 "
b1110000110111111 D
b10000110111111 d
b1111101111001 r
#2994
b10000000110101 "
b1110000111111111 D
b10000111111111 d
b10000000110101 r
#2995
b10000011111100 "
b1110000111111011 D
b10000111111011 d
b10000011111100 r
#2996
b10000101110000 "
b1110000011110101 D
b10000011110101 d
b10000101110000 r
#2997
b10000111001001 "
b1110000000110101 D
b10000000110101 d
b10000111001001 r
#2998
b10000111001011 "
b1111110000000 D
b1111110000000 d
b10000111001011 r
#2999
b10000111000010 "
b1111011011111 D
b1111011011111 d
b10000111000010 r
#3000
b10000110001000 "
b1111001000111 D
b1111001000111 d
b10000110001000 r
#3001
b10000110000011 "
b1110111111101 D
b1110111111101 d
b10000110000011 r
#3002
b10000100000011 "
b1111000010001 D
b1111000010001 d
b10000100000011 r
#3003
b10000000010100 "
b1111001010100 D
b1111001010100 d
b10000000010100 r
#3004
b1111101001010 "
b1111011011010 D
b1111011011010 d
b1111101001010 r
#3005
b1111010101100 "
b1111110010110 D
b1111110010110 d
b1111010101100 r
#3006
b1111000110000 "
b1110000001101100 D
b10000001101100 d
b1111000110000 r
#3007
b1110111111101 "
b1110000100001011 D
b10000100001011 d
b1110111111101 r
#3008
b1111000100001 "
b1110000110010011 D
b10000110010011 d
b1111000100001 r
#3009
b1111001100011 "
b1110000110111110 D
b10000110111110 d
b1111001100011 r
#3010
b1111100011000 "
b1110000110110000 D
b10000110110000 d
b1111100011000 r
#3011
b1111111001010 "
b1110000101011001 D
b10000101011001 d
b1111111001010 r
#3012
b10000010100000 "
b1110000011000101 D
b10000011000101 d
b10000010100000 r
#3013
b10000101101000 "
b1110000000011111 D
b10000000011111 d
b10000101101000 r
#3014
b10000110110000 "
b1111100111001 D
b1111100111001 d
b10000110110000 r
#3015
b10000111001101 "
b1111010100110 D
b1111010100110 d
b10000111001101 r
#3016
b10000110110101 "
b1111000100100 D
b1111000100100 d
b10000110110101 r
#3017
b10000100111000 "
b1110111101100 D
b1110111101100 d
b10000100111000 r
#3018
b10000010100001 "
b1111000111010 D
b1111000111010 d
b10000010100001 r
#3019
b1111111000000 "
b1111010100110 D
b1111010100110 d
b1111111000000 r
#3020
b1111011101001 "
b1111100100111 D
b1111100100111 d
b1111011101001 r
#3021
b1111001100010 "
b1111111111110 D
b1111111111110 d
b1111001100010 r
#3022
b1111000010000 "
b1110000011001101 D
b10000011001101 d
b1111000010000 r
#3023
b1110111011111 "
b1110000101011000 D
b10000101011000 d
b1110111011111 r
#3024
b1111000101101 "
b1110000110111010 D
b10000110111010 d
b1111000101101 r
#3025
b1111010111111 "
b1110000111011101 D
b10000111111101 d
b1111010111111 r
#3026
b1111110001011 "
b1110000110010110 D
b10000110010111 d
b1111110001011 r
#3027
b10000001010110 "
b1110000100011100 D
b10000100011110 d
b10000001010110 r
#3028
b10000011011110 "
b1110000101111101 D
b10000101111101 d
b10000011011110 r
#3029
b10000101111010 "
b1110111101111101 D
b10111101111101 d
b10000101111010 r
#3030
b10000110111010 "
b1111111111010 D
b1111111111010 d
b10000110111010 r
#3031
b10000110100111 "
b1111011111111 D
b1111011111111 d
b10000110100111 r
#3032
b10000101011010 "
b1111011011111 D
b1111111011111 d
b10000101011010 r
#3033
b10000011010101 "
b1110111111101 D
b1110111110101 d
b10000011010101 r
#3034
b10000000001001 "
b1110111111100 D
b1110111111100 d
b10000000001001 r
#3035
b1111101001100 "
b1111001011000 D
b1111001011000 d
b1111101001100 r
#3036
b1111010001100 "
b1111011011110 D
b1111011011110 d
b1111010001100 r
#3037
b1111000101010 "
b1111110011000 D
b1111110011000 d
b1111000101010 r
#3038
b1111000101011 "
b1110000000111011 D
b10000000111011 d
b1111000101011 r
#3039
b1111000000011 "
b1110000011100011 D
b10000011100011 d
b1111000000011 r
#3040
b1111000010001 "
b1110000101110100 D
b10000101110100 d
b1111000010001 r
#3041
b1111001110101 "
b1110000111010010 D
b10000111010010 d
b1111001110101 r
#3042
b1111011111001 "
b1110000110110100 D
b10000110110100 d
b1111011111001 r
#3043
b1111111001101 "
b1110000101010111 D
b10000101010111 d
b1111111001101 r
#3044
b10000001110110 "
b1110000011001111 D
b10000011001111 d
b10000001110110 r
#3045
b10000011110010 "
b1110000000010101 D
b10000000010101 d
b10000011110010 r
#3046
b10000101100101 "
b1111101010001 D
b1111101010001 d
b10000101100101 r
#3047
b10000110011101 "
b1111010010010 D
b1111010010010 d
b10000110011101 r
#3048
b10000110000111 "
b1111000000111 D
b1111000000111 d
b10000110000111 r
#3049
b10000100010010 "
b1110111110111 D
b1110111110111 d
b10000100010010 r
#3050
b10000001001111 "
b1111000010010 D
b1111000010010 d
b10000001001111 r
#3051
b1111101110101 "
b1111001101111 D
b1111001101111 d
b1111101110101 r
#3052
b1111011011001 "
b1111100010111 D
b1111100010111 d
b1111011011001 r
#3053
b1111000000101 "
b1111111010101 D
b1111111010101 d
b1111000000101 r
#3054
b1110111110011 "
b1110000010001100 D
b10000010001100 d
b1110111110011 r
#3055
b1110111110110 "
b1110000100101110 D
b10000100101110 d
b1110111110110 r
#3056
b1110111101110 "
b1110000110010000 D
b10000110010000 d
b1110111101110 r
#3057
b1111001111011 "
b1110000110111000 D
b10000110111000 d
b1111001111011 r
#3058
b1111100011111 "
b1110000101100001 D
b10000101100001 d
b1111100011111 r
#3059
b1111111111100 "
b1110000011110000 D
b10000011110000 d
b1111111111100 r
#3060
b10000010110100 "
b1110000001010100 D
b10000001010100 d
b10000010110100 r
#3061
b10000101001000 "
b1111110010000 D
b1111110010000 d
b10000101001000 r
#3062
b10000110010111 "
b1111111010110 D
b1111011010110 d
b10000110010111 r
#3063
b10000110011010 "
b1111011001111 D
b1111001001111 d
b10000110011010 r
#3064
b10000101000001 "
b1111111011111 D
b1111111011111 d
b10000101000001 r
#3065
b10000011010001 "
b1110111010011 D
b1110111010011 d
b10000011010001 r
#3066
b10000000101001 "
b1111111011010 D
b1111111011010 d
b10000000101001 r
#3067
b1111100101010 "
b1111010011010 D
b1111010011010 d
b1111100101010 r
#3068
b1111001100111 "
b1111110110010 D
b1111110010010 d
b1111001100111 r
#3069
b1111000000100 "
b1111111110101 D
b1111111110000 d
b1111000000100 r
#3070
b1110110101100 "
b1111111100101 D
b1111111100101 d
b1110110101100 r
#3071
b1110110110111 "
1B
b1110000010110101 D
b10000010110101 d
b1110110110111 r
#3072
0B
0C
b1110000101011000 D
b10000101011000 d
0""
#3073
b1110000101111110 D
b10000101111110 d
#3074
b1110000101010110 D
b10000101010110 d
#3075
b1110000100000100 D
b10000100000100 d
#3076
b1110000001111111 D
b10000001111111 d
#3077
b1111111100001 D
b1111111100001 d
#3078
b1111100010101 D
b1111100010101 d
#3079
b1111001111011 D
b1111001111011 d
#3080
b1110111101011 D
b1110111101011 d
#3081
b1110110101111 D
b1110110101111 d
#3082
b1110111000010 D
b1110111000010 d
#3083
b1111000110110 D
b1111000110110 d
#3084
b1111011000101 D
b1111011000101 d
#3085
b1111101011111 D
b1111101011111 d
#3086
b1110000000011000 D
b10000000011000 d
#3087
b1110000011010111 D
b10000011010111 d
#3088
b1110000101010110 D
b10000101010110 d
#3089
b1110000110001000 D
b10000110001000 d
#3090
b1110000101001001 D
b10000101001001 d
#3091
b1110000011011001 D
b10000011011001 d
#3092
b1110000001000011 D
b10000001000011 d
#3093
b1111101010001 D
b1111101010001 d
#3094
b1111010011101 D
b1111010011101 d
#3095
b1111000000111 D
b1111000000111 d
#3096
b1110110011111 D
b1110110011111 d
#3097
b1110110010011 D
b1110110010011 d
#3098
b1110111110001 D
b1110111110011 d
#3099
b1111111100111 D
b1111101100111 d
#3100
b1111101100111 D
#3101
b1111111000011 D
b1111111000011 d
#3102
b1111111000000 D
b1111111000000 d
#3103
b1110000001111111 D
b10000101111111 d
#3104
b1110000110100111 D
b10000110100001 d
#3105
b1110000111000110 D
b10000111000110 d
#3106
b1110000101100101 D
b10000101100101 d
#3107
b1110000011111110 D
b10000011111110 d
#3108
b1110000010010001 D
b10000010010001 d
#3109
b1111111001111 D
b1111111001111 d
#3110
b1111100001010 D
b1111100001010 d
#3111
b1111001100100 D
b1111001100100 d
#3112
b1110111010101 D
b1110111010101 d
#3113
b1110110011010 D
b1110110011010 d
#3114
b1110111001001 D
b1110111001001 d
#3115
b1111000010000 D
b1111000010000 d
#3116
b1111010111111 D
b1111010111111 d
#3117
b1111101100010 D
b1111101100010 d
#3118
b1110000000011010 D
b10000000011010 d
#3119
b1110000011010111 D
b10000011010111 d
#3120
b1110000101100100 D
b10000101100100 d
#3121
b1110000110000101 D
b10000110000101 d
#3122
b1110000101011110 D
b10000101011110 d
#3123
b1110000011111001 D
b10000011111001 d
#3124
b1110000001011100 D
b10000001011100 d
#3125
b1111110111111 D
b1111110111111 d
#3126
b1111011101011 D
b1111011101011 d
#3127
b1111001010010 D
b1111001010010 d
#3128
b1110111101111 D
b1110111101111 d
#3129
b1110111000001 D
b1110111000001 d
#3130
b1111000001001 D
b1111000001001 d
#3131
b1111001110110 D
b1111001110110 d
#3132
b1111100010111 D
b1111100110111 d
#3133
b1111111100010 D
b1111111110011 d
#3134
b1110111111111010 D
b10001101111010 d
#3135
b1110000101111111 D
b10000101111111 d
#3136
b1110000110110101 D
b10000110110101 d
#3137
b1110000111011101 D
b10000111011101 d
#3138
b1110000111001101 D
b10000111001101 d
#3139
b1110000111011111 D
b10000111000101 d
#3140
b1110000011011010 D
b10000011011010 d
#3141
b1110000000101000 D
b10000000101000 d
#3142
b1111101110101 D
b1111101110101 d
#3143
b1111010111010 D
b1111010111010 d
#3144
b1111000110100 D
b1111000110100 d
#3145
b1110111011010 D
b1110111011010 d
#3146
b1110111011011 D
b1110111011011 d
#3147
b1111001001100 D
b1111001001100 d
#3148
b1111010110100 D
b1111010110100 d
#3149
b1111110000111 D
b1111110000111 d
#3150
b1110000001001001 D
b10000001001001 d
#3151
b1110000011010111 D
b10000011010111 d
#3152
b1110000110000110 D
b10000110000110 d
#3153
b1110000111100010 D
b10000111100010 d
#3154
b1110000110101010 D
b10000110101010 d
#3155
b1110000101000101 D
b10000101000101 d
#3156
b1110000010101000 D
b10000010101000 d
#3157
b1111111100101 D
b1111111100101 d
#3158
b1111100110100 D
b1111100110100 d
#3159
b1111010010011 D
b1111010010011 d
#3160
b1111000010000 D
b1111000010000 d
#3161
b1110111001010 D
b1110111001010 d
#3162
b1110111111101 D
b1110111111101 d
#3163
b1111010000110 D
b1111010000110 d
#3164
b1111100101101 D
b1111100101101 d
#3165
b1111111000011 D
b1111111000011 d
#3166
b1110000001111010 D
b10000001111010 d
#3167
b1110000100100111 D
b10000100100111 d
#3168
b1110000110101010 D
b10000110101010 d
#3169
b1110000110101001 D
b10000110101011 d
#3170
b1110000111101110 D
b10000101101111 d
#3171
b1110000111101111 D
b10000111101111 d
#3172
b1110000011111111 D
b10000011111111 d
#3173
b1110111101111111 D
b10111101111111 d
#3174
b1111111101111 D
b1111111101111 d
#3175
b1111011111001 D
b1111011001001 d
#3176
b1111000110000 D
b1111000110000 d
#3177
b1110111001111 D
b1110111001111 d
#3178
b1110111010011 D
b1110111010011 d
#3179
b1111000010101 D
b1111000010101 d
#3180
b1111010110101 D
b1111010110101 d
#3181
b1111101100101 D
b1111101100101 d
#3182
b1110000000000101 D
b10000000000101 d
#3183
b1110000010111001 D
b10000010111001 d
#3184
b1110000101101010 D
b10000101101010 d
#3185
b1110000110011011 D
b10000110011011 d
#3186
b1110000110010100 D
b10000110010100 d
#3187
b1110000100011011 D
b10000100011011 d
#3188
b1110000001111011 D
b10000001111011 d
#3189
b1111110110100 D
b1111110110100 d
#3190
b1111100000001 D
b1111100000001 d
#3191
b1111001110111 D
b1111001110111 d
#3192
b1110111010010 D
b1110111010010 d
#3193
b1110110011101 D
b1110110011101 d
#3194
b1110111011100 D
b1110111011100 d
#3195
b1111000111101 D
b1111000111101 d
#3196
b1111011100001 D
b1111011100001 d
#3197
b1111110011011 D
b1111110011011 d
#3198
b1110000001010010 D
b10000001010010 d
#3199
b1110000011101111 D
b10000011101111 d
#3200
b1110000101010011 D
b10000101010011 d
#3201
b1110000110000000 D
b10000110000000 d
#3202
b1110000101001011 D
b10000101001011 d
#3203
b1110000010111101 D
b10000010111101 d
#3204
b1110000000100111 D
b10000000100111 d
#3205
b1111101111100 D
b1111101111111 d
#3206
b1111111011111 D
b1111110011111 d
#3207
b1111010011011 D
b1111010011011 d
#3208
b1111110110111 D
b1111110110111 d
#3209
b1110110110110 D
b1110110110110 d
#3210
b1110111110010 D
b1110111110010 d
#3211
b1110111101011 D
b1111111101010 d
#3212
b1111001101101 D
b1111101101001 d
#3213
b1111100011101 D
b1111111011101 d
#3214
b1111111110100 D
b1111111110100 d
#3215
b1110000001111000 D
b10000001111000 d
#3216
b1110000100000010 D
b10000100000010 d
#3217
b1110000101011110 D
b10000101011110 d
#3218
b1110000101101001 D
b10000101101001 d
#3219
b1110000100100010 D
b10000100100010 d
#3220
b1110000010000011 D
b10000010000011 d
#3221
b1111110111110 D
b1111110111110 d
#3222
b1111011101111 D
b1111011101111 d
#3223
b1111000111111 D
b1111000111111 d
#3224
b1110111010010 D
b1110111010010 d
#3225
b1110101100110 D
b1110101100110 d
#3226
b1110101111001 D
b1110101111001 d
#3227
b1110111010000 D
b1110111010000 d
#3228
b1111001111010 D
b1111001111010 d
#3229
b1111101100111 D
b1111101100111 d
#3230
b1110000000011111 D
b10000000011111 d
#3231
b1110000011101100 D
b10000011101100 d
#3232
b1110000101001001 D
b10000101001001 d
#3233
b1110000101010110 D
b10000101010110 d
#3234
b1110000100111010 D
b10000100111010 d
#3235
b1110000011010101 D
b10000011010101 d
#3236
b1110000000100110 D
b10000000100110 d
#3237
b1111101000010 D
b1111101000010 d
#3238
b1111010101000 D
b1111010101000 d
#3239
b1111000101000 D
b1111000101000 d
#3240
b1111110101010 D
b1110110101010 d
#3241
b1110110110001 D
b1110110111011 d
#3242
b1110111110101 D
b1110111110101 d
#3243
b1111111110111 D
b1111111110111 d
#3244
b1111101110111 D
b1111101110111 d
#3245
b1111111111110 D
b1111111111110 d
#3246
b1111111011110 D
b1111111011110 d
#3247
b1110000110011001 D
b10000110011001 d
#3248
b1110000101001001 D
b10000101001001 d
#3249
b1110000101011000 D
b10000101011000 d
#3250
b1110000110000000 D
b10000110000000 d
#3251
b1110000100111001 D
b10000100111001 d
#3252
b1110000010010100 D
b10000010010100 d
#3253
b1111111100001 D
b1111111100001 d
#3254
b1111100100001 D
b1111100100001 d
#3255
b1111010001011 D
b1111010001011 d
#3256
b1111000010010 D
b1111000010010 d
#3257
b1110110110100 D
b1110110110100 d
#3258
b1110111000111 D
b1110111000111 d
#3259
b1111000111011 D
b1111000111011 d
#3260
b1111011010000 D
b1111011010000 d
#3261
b1111110001101 D
b1111110001101 d
#3262
b1110000000110111 D
b10000000110111 d
#3263
b1110000011011101 D
b10000011011101 d
#3264
b1110000110000010 D
b10000110000010 d
#3265
b1110000110101110 D
b10000110101110 d
#3266
b1110000101111111 D
b10000101111111 d
#3267
b1110000100010110 D
b10000100010110 d
#3268
b1110000001111111 D
b10000001111111 d
#3269
b1111110101001 D
b1111110101001 d
#3270
b1111011100110 D
b1111011100110 d
#3271
b1111001010001 D
b1111001010001 d
#3272
b1111000000111 D
b1111000000111 d
#3273
b1110111010000 D
b1110111010000 d
#3274
b1110111111000 D
b1110111111000 d
#3275
b1111010000111 D
b1111010100111 d
#3276
b1111100101001 D
b1111100101011 d
#3277
b1110111100100101 D
b10001100101101 d
#3278
b1110000010101101 D
b10000010101101 d
#3279
b1110000111111101 D
b10000111111101 d
#3280
b1110000111011111 D
b10000111011111 d
#3281
b1110000110111011 D
b10000110111011 d
#3282
b1110000111011111 D
b10000111011111 d
#3283
b10000111010111 d
#3284
b1110000011101100 D
b10000011101100 d
#3285
b1110000000110100 D
b10000000110100 d
#3286
b1111101011101 D
b1111101011101 d
#3287
b1111011001011 D
b1111011001011 d
#3288
b1111000111000 D
b1111000111000 d
#3289
b1110111110111 D
b1110111110111 d
#3290
b1110111110000 D
b1110111110000 d
#3291
b1111001010001 D
b1111001010001 d
#3292
b1111100000011 D
b1111100000011 d
#3293
b1111110101010 D
b1111110101010 d
#3294
b1110000001010011 D
b10000001010011 d
#3295
b1110000011100100 D
b10000011100100 d
#3296
b1110000101110100 D
b10000101110100 d
#3297
b1110000110011001 D
b10000110011001 d
#3298
b1110000101111100 D
b10000101111100 d
#3299
b1110000100111001 D
b10000100111001 d
#3300
b1110000010110100 D
b10000010110100 d
#3301
b1111111100010 D
b1111111100010 d
#3302
b1111100000100 D
b1111100000100 d
#3303
b1111010000100 D
b1111010000100 d
#3304
b1111000110000 D
b1111000110000 d
#3305
b1110111001101 D
b1110111001101 d
#3306
b1111000001001 D
b1111000001001 d
#3307
b1111010011101 D
b1111010011101 d
#3308
b1111100010111 D
b1111100010111 d
#3309
b1111110111100 D
b1111110111100 d
#3310
b1110000010100010 D
b10000010100010 d
#3311
b1110000100101111 D
b10000100101111 d
#3312
b1110000110110010 D
b10000110110111 d
#3313
b1110000111010011 D
b10000111010011 d
#3314
b1110000111111011 D
b10000101111011 d
#3315
b1110000111111110 D
b10000111111110 d
#3316
b1110000011110110 D
b10000011110110 d
#3317
b1110111101110111 D
b10111101110111 d
#3318
b1111101110111 D
b1111101110111 d
#3319
b1111010110110 D
b1111010110110 d
#3320
b1111000100110 D
b1111011100110 d
#3321
b1110111001010 D
b1110111001010 d
#3323
b1111000000111 D
b1111000000111 d
#3324
b1111010100001 D
b1111010100001 d
#3325
b1111101111111 D
b1111101111111 d
#3326
b1110000000100100 D
b10000000100100 d
#3327
b1110000011000101 D
b10000011000101 d
#3328
b1110000101101011 D
b10000101101011 d
#3329
b1110000110011111 D
b10000110011111 d
#3330
b1110000110001000 D
b10000110001000 d
#3331
b1110000100010100 D
b10000100010100 d
#3332
b1110000001110011 D
b10000001110011 d
#3333
b1111111000000 D
b1111111000000 d
#3334
b1111100000010 D
b1111100000010 d
#3335
b1111001011010 D
b1111001011010 d
#3336
b1110111010011 D
b1110111010011 d
#3337
b1110110001001 D
b1110110001001 d
#3338
b1110111001000 D
b1110111001000 d
#3339
b1111001000011 D
b1111001000011 d
#3340
b1111011010110 D
b1111011010110 d
#3341
b1111110011100 D
b1111110011100 d
#3342
b1110000000110111 D
b10000000110111 d
#3343
b1110000011101101 D
b10000011101101 d
#3344
b1110000101101100 D
b10000101101100 d
#3345
b1110000110001111 D
b10000110001111 d
#3346
b1110000101110001 D
b10000101110001 d
#3347
b1110000011001110 D
b10000011101110 d
#3348
b1110000000011110 D
b10000000011110 d
#3349
b1101111101110110 D
b1111101011110 d
#3350
b1111111101110 D
b1111111101110 d
#3351
b1111010111111 D
b1111010111111 d
#3352
b1111110111111 D
b1111110111111 d
#3353
b1110110101111 D
b1110110101111 d
#3354
b1110111111011 D
b1110111111011 d
#3355
b1110111111010 D
b1110111111010 d
#3356
b1111001101001 D
b1111001101001 d
#3357
b1111100100010 D
b1111100100010 d
#3358
b1111111101001 D
b1111111101001 d
#3359
b1110000010110110 D
b10000010110110 d
#3360
b1110000101011000 D
b10000101011000 d
#3361
b1110000110011011 D
b10000110011011 d
#3362
b1110000101110001 D
b10000101110001 d
#3363
b1110000100100011 D
b10000100100011 d
#3364
b1110000001101111 D
b10000001101111 d
#3365
b1111111001001 D
b1111111001001 d
#3366
b1111100010110 D
b1111100010110 d
#3367
b1111001111000 D
b1111001111000 d
#3368
b1110111100111 D
b1110111100111 d
#3369
b1110110101011 D
b1110110101011 d
#3370
b1110111001000 D
b1110111001000 d
#3371
b1111000100011 D
b1111000100011 d
#3372
b1111011101010 D
b1111011101010 d
#3373
b1111110100101 D
b1111110100101 d
#3374
b1110000001010111 D
b10000001010111 d
#3375
b1110000011011110 D
b10000011011110 d
#3376
b1110000101010001 D
b10000101010001 d
#3377
b1110000110011011 D
b10000110011011 d
#3378
b1110000101110101 D
b10000101110101 d
#3379
b1110000100000111 D
b10000100000111 d
#3380
b1110000001111000 D
b10000001111000 d
#3381
b1111101111100 D
b1111101111100 d
#3382
b1111011000110 D
b1111011000110 d
#3383
b1111001000011 D
b1111001000011 d
#3384
b1111111110110 D
b1111111110111 d
#3385
b1110111110110 D
b1110111110110 d
#3386
b1111111100111 D
b1111111100111 d
#3387
b1111010010111 D
b1111010010111 d
#3388
b1111111001111 D
b1111111001110 d
#3389
b1111101001001 D
b1111101001001 d
#3390
b1110000010011111 D
b10000010001111 d
#3391
b1110000010111001 D
b10000011111001 d
#3392
b1110000101100001 D
b10000101100001 d
#3393
b1110000110111011 D
b10000110111011 d
#3394
b1110000110110100 D
b10000110110100 d
#3395
b1110000101011110 D
b10000101011110 d
#3396
b1110000011101011 D
b10000011101011 d
#3397
b1110000000010001 D
b10000000010001 d
#3398
b1111101011001 D
b1111101011001 d
#3399
b1111010111011 D
b1111010111011 d
#3400
b1111000110010 D
b1111000110010 d
#3401
b1110111100011 D
b1110111100011 d
#3402
b1111000010010 D
b1111000010010 d
#3403
b1111001110101 D
b1111001110101 d
#3404
b1111100000100 D
b1111100000100 d
#3405
b1111111001000 D
b1111111001000 d
#3406
b1110000010000010 D
b10000010000010 d
#3407
b1110000100101100 D
b10000100101100 d
#3408
b1110000111000011 D
b10000111000011 d
#3409
b1110000111011100 D
b10000111011100 d
#3410
b1110000111000111 D
b10000111000111 d
#3411
b1110000101011010 D
b10000101011010 d
#3412
b1110000010001011 D
b10000010001011 d
#3413
b1110000000000000 D
b10000000000000 d
#3414
b1111101010010 D
b1111101010010 d
#3415
b1111010101101 D
b1111010101101 d
#3416
b1111001000101 D
b1111001000101 d
#3417
b1111000101101 D
b1111000101101 d
#3418
b1111001100100 D
b1111001100100 d
#3419
b1111011110110 D
b1111011110110 d
#3420
b1111110110000 D
b1111110110110 d
#3421
b1111111111011111 D
b11111111011110 d
#3422
b1110000101001111 D
b10000101001111 d
#3423
b1110000101110111 D
b10000101110111 d
#3424
b1110000111110111 D
b10000111110111 d
#3425
b1110000111110011 D
b10000111110011 d
#3426
b1110000111110001 D
b10000111110001 d
#3427
b1110000110110100 D
b10000110110000 d
#3428
b1110000100000100 D
b10000100000100 d
#3429
b1110000001000111 D
b10000001000111 d
#3430
b1111110000011 D
b1111110000011 d
#3431
b1111011100010 D
b1111011100010 d
#3432
b1111001001110 D
b1111001001110 d
#3433
b1111000001111 D
b1111000001111 d
#3434
b1111000100010 D
b1111000100010 d
#3435
b1111010000001 D
b1111010000001 d
#3436
b1111100001010 D
b1111100001010 d
#3437
b1111111011010 D
b1111111011010 d
#3438
b1110000010001000 D
b10000010001000 d
#3439
b1110000100011101 D
b10000100011101 d
#3440
b1110000110101101 D
b10000110101101 d
#3441
b1110000111100011 D
b10000111100011 d
#3442
b1110000111001111 D
b10000111001111 d
#3443
b1110000101101100 D
b10000101101100 d
#3444
b1110000010111000 D
b10000010111000 d
#3445
b1111111001111 D
b1111111001111 d
#3446
b1111100001001 D
b1111100001001 d
#3447
b1111010001111 D
b1111010001111 d
#3448
b1111000010001 D
b1111000010001 d
#3449
b1110111101110 D
b1110111101110 d
#3450
b1111000111000 D
b1111000111000 d
#3451
b1111010001011 D
b1111010001011 d
#3452
b1111100111010 D
b1111100111010 d
#3453
b1110000000000011 D
b10000000000011 d
#3454
b1110000010111010 D
b10000010111010 d
#3455
b1110000101100111 D
b10000101110111 d
#3456
b1110000110111111 D
b10000110111111 d
#3457
b1110000111110111 D
b10000111111111 d
#3458
b1110000111001110 D
b10000111001110 d
#3459
b1110000111111111 D
b10000111111111 d
#3460
b1110000011111111 D
b10000011111111 d
#3461
b1110110101011010 D
b10111101001010 d
#3462
b1111101110110 D
b1111101110110 d
#3463
b1111011000001 D
b1111011000001 d
#3464
b1111001000010 D
b1111001000010 d
#3465
b1111000000001 D
b1111000000001 d
#3466
b1110111111010 D
b1110111111010 d
#3467
b1111001000000 D
b1111001000000 d
#3468
b1111011001001 D
b1111011001001 d
#3469
b1111101111110 D
b1111101111110 d
#3470
b1110000001010011 D
b10000001010011 d
#3471
b1110000011111001 D
b10000011111001 d
#3472
b1110000101111010 D
b10000101111010 d
#3473
b1110000110101110 D
b10000110101110 d
#3474
b1110000110010100 D
b10000110010100 d
#3475
b1110000100111111 D
b10000100111111 d
#3476
b1110000010101001 D
b10000010101001 d
#3477
b1111111101000 D
b1111111101000 d
#3478
b1111100000010 D
b1111100000010 d
#3479
b1111001010001 D
b1111001010001 d
#3480
b1111000000100 D
b1111000000100 d
#3481
b1110111100111 D
b1110111100111 d
#3482
b1111000010111 D
b1111000010111 d
#3483
b1111001110010 D
b1111001110010 d
#3484
b1111011011111 D
b1111011011111 d
#3485
b1111111010000 D
b1111111010000 d
#3486
b1110000010100001 D
b10000010100001 d
#3487
b1110000100110011 D
b10000100110011 d
#3488
b1110000110100010 D
b10000110100010 d
#3489
b1110000110111001 D
b10000110111001 d
#3490
b1110000101010101 D
b10000101110101 d
#3491
b1110000011100110 D
b10000011110111 d
#3492
b1101111111110111 D
b1111111110111 d
#3493
b1111111110101 D
b1111101110101 d
#3494
b1111101110101 D
#3495
b1111001111101 D
b1111001111101 d
#3496
b1111011101101 D
b1111011101101 d
#3497
b1110111010111 D
b1110111010111 d
#3499
b1111000001001 D
b1111010001001 d
#3500
b1111010100110 D
b1111010100110 d
#3501
b1111101100101 D
b1111101100101 d
#3502
b1110000000100000 D
b10000000100000 d
#3503
b1110000011101111 D
b10000011101111 d
#3504
b1110000101010111 D
b10000101010111 d
#3505
b1110000110100101 D
b10000110100101 d
#3506
b1110000110001100 D
b10000110001100 d
#3507
b1110000101001001 D
b10000101001001 d
#3508
b1110000011001100 D
b10000011001100 d
#3509
b1111111111010 D
b1111111111010 d
#3510
b1111101000010 D
b1111101000010 d
#3511
b1111010100000 D
b1111010100000 d
#3512
b1111000100100 D
b1111000100100 d
#3513
b1110111100111 D
b1110111100111 d
#3514
b1111000010110 D
b1111000010110 d
#3515
b1111001101110 D
b1111001101110 d
#3516
b1111100001101 D
b1111100001101 d
#3517
b1111111001011 D
b1111111001011 d
#3518
b1110000001110101 D
b10000001110101 d
#3519
b1110000101001010 D
b10000101001010 d
#3520
b1110000110110000 D
b10000110110000 d
#3521
b1110000110101110 D
b10000110101110 d
#3522
b1110000110011111 D
b10000110011111 d
#3523
b1110000100101001 D
b10000100101001 d
#3524
b1110000001111110 D
b10000001111110 d
#3525
b1111110110100 D
b1111110110100 d
#3526
b1111100000111 D
b1111100100111 d
#3527
b1111001111011 D
b1111001111111 d
#3528
b1111000110111 D
b1111000111111 d
#3529
b1111111111111 D
b1111111111111 d
#3530
b1111111111101 D
b1111111111101 d
#3531
b1111011111100 D
b1111011111100 d
#3532
b1111111110100 D
b1111111110100 d
#3533
b1111110000100 D
b1111110000100 d
#3534
b1110000001011101 D
b10000001011101 d
#3535
b1110000100011110 D
b10000100011110 d
#3536
b1110000110110001 D
b10000110110001 d
#3537
b1110000111101100 D
b10000111101100 d
#3538
b1110000111111001 D
b10000111111001 d
#3539
b1110000110001011 D
b10000110001011 d
#3540
b1110000100000101 D
b10000100000101 d
#3541
b1110000001100011 D
b10000001100011 d
#3542
b1111101011101 D
b1111101011101 d
#3543
b1111011100000 D
b1111011100000 d
#3544
b1111001111000 D
b1111001111000 d
#3545
b1111001010000 D
b1111001010000 d
#3546
b1111001111011 D
b1111001111011 d
#3547
b1111010101011 D
b1111010101011 d
#3548
b1111101000101 D
b1111101000101 d
#3549
b1110000000000000 D
b10000000000000 d
#3550
b1110000011011000 D
b10000011011000 d
#3551
b1110000110011011 D
b10000110011011 d
#3552
b1110001000001100 D
b10001000001100 d
#3553
b1110001000011000 D
b10001000011000 d
#3554
b1110000111110010 D
b10000111110010 d
#3555
b1110000110110001 D
b10000110110001 d
#3556
b1110000111011000 D
b10000111011000 d
#3557
b1110000000001011 D
b10000000001011 d
#3558
b1111111001010 D
b1111111001010 d
#3559
b1111010001111 D
b1111010001111 d
#3560
b1111001100111 D
b1111001100111 d
#3561
b1111001000101 D
b1111001000101 d
#3562
b1111001101101 D
b1111001101101 d
#3563
b1111100110111 D
b1111100111111 d
#3564
b1111111110111 D
b1111111110111 d
#3565
b1111111111111011 D
b11111111111011 d
#3566
b1110000101011111 D
b10000101011111 d
#3567
b1110000110110111 D
b10000110110111 d
#3568
b1110000110111101 D
b10000110110001 d
#3569
b1110001000001110 D
b10001000001110 d
#3570
b1110001001111001 D
b10001011110001 d
#3571
b1110000111111000 D
b10000111111000 d
#3572
b1110000110011001 D
b10000110011001 d
#3573
b1110000011001111 D
b10000011001111 d
#3574
b1111111100010 D
b1111111100010 d
#3575
b1111100011111 D
b1111100011111 d
#3576
b1111001110010 D
b1111001110010 d
#3577
b1111001001001 D
b1111001001001 d
#3578
b1111001110101 D
b1111001110101 d
#3579
b1111011000010 D
b1111011000010 d
#3580
b1111101010000 D
b1111101010000 d
#3581
b1110000000101001 D
b10000000101001 d
#3582
b1110000011100110 D
b10000011100110 d
#3583
b1110000101101001 D
b10000101101001 d
#3584
b1110000111110000 D
b10000111110000 d
#3585
b1110000110001101 D
b10000110001101 d
#3586
b1110000111111100 D
b10000111111100 d
#3587
b1110000101110000 D
b10000101110000 d
#3588
b1110000100000010 D
b10000100000010 d
#3589
b1110000001011100 D
b10000001011100 d
#3590
b1111111010010 D
b1111111010010 d
#3591
b1111011101111 D
b1111011101111 d
#3592
b1111011001000 D
b1111011001000 d
#3593
b1111010010001 D
b1111010010001 d
#3594
b1111010110110 D
b1111010110110 d
#3595
b1111011101010 D
b1111011101010 d
#3596
b1111110001000 D
b1111110001000 d
#3597
b1110001001000010 D
b10000001000010 d
#3598
b1110000011100111 D
b10000011100111 d
#3599
b1110000101111110 D
b10000101111111 d
#3600
b1110000111111111 D
b10000111111111 d
#3601
b1110001111111001 D
b10001111111001 d
#3602
b1110001111011101 D
b10001111011101 d
#3603
b1110000111101101 D
b10000111101101 d
#3604
b1110000110101101 D
b10000110101101 d
#3605
b1110000010001001 D
b10100010001001 d
#3606
b1111111011100 D
b1111111011100 d
#3607
b1111100001101 D
b1111100001101 d
#3608
b1111001100101 D
b1111001100101 d
#3609
b1111000011100 D
b1111000011100 d
#3610
b1111000011110 D
b1111000011110 d
#3611
b1111010000000 D
b1111010000000 d
#3612
b1111100000011 D
b1111100000011 d
#3613
b1111110101001 D
b1111110101001 d
#3614
b1110000010001111 D
b10000010001111 d
#3615
b1110000100110101 D
b10000100110101 d
#3616
b1110000111011111 D
b10000111011111 d
#3617
b1110001000000110 D
b10001000000110 d
#3618
b1110000110111111 D
b10000110111111 d
#3619
b1110000101010001 D
b10000101010001 d
#3620
b1110000011010000 D
b10000011010000 d
#3621
b1110000010011011 D
b10000010011011 d
#3622
b1111101010001 D
b1111101010001 d
#3623
b1111100010110 D
b1111100010110 d
#3624
b1110111110010 D
b1110111110010 d
#3625
b1110111001111 D
b1110111001111 d
#3626
b1110110110111 D
b1110110110111 d
#3627
b1111000001100 D
b1111000001100 d
#3628
b1111101011010 D
b1111101011010 d
#3629
b1110000001110101 D
b10000001110101 d
#3630
b1110000011100001 D
b10000011100001 d
#3631
b1110000110010100 D
b10000110010100 d
#3632
b1110000011101111 D
b10000011101111 d
#3633
b1110001000010110 D
b10001000110110 d
#3634
b1110001100011001 D
b10000100011111 d
#3635
b1110000101110000 D
b10000101111001 d
#3636
b1110000111100011 D
b10000111100011 d
#3637
b1110111110000011 D
b11111111000011 d
#3638
b1111111011011 D
b1111111011010 d
#3639
b1111101101111 D
b1111101101111 d
#3640
b1111111111101 D
b1111111111101 d
#3641
b1110111111101 D
b1110111111101 d
#3642
b1111001000101 D
b1111001000101 d
#3643
b1111001101000 D
b1111001101000 d
#3644
b1111011111110 D
b1111011111110 d
#3645
b1111110110101 D
b1111110110101 d
#3646
b1110000001010010 D
b10000001010010 d
#3647
b1110000100001100 D
b10000100001100 d
#3648
b1110000110101001 D
b10000110101001 d
#3649
b1110000110110000 D
b10000110110000 d
#3650
b1110001000010100 D
b10001000010100 d
#3651
b1110000100110110 D
b10000100110110 d
#3652
b1110000011001000 D
b10000011001000 d
#3653
b1111111111111 D
b1111111111111 d
#3654
b1111101101011 D
b1111101101011 d
#3655
b1111011110001 D
b1111011110001 d
#3656
b1111010011101 D
b1111010011101 d
#3657
b1111010000010 D
b1111010000010 d
#3658
b1111001011101 D
b1111001011101 d
#3659
b1111011011111 D
b1111011011111 d
#3660
b1111101000000 D
b1111101000000 d
#3661
b1110000000100100 D
b10000000100100 d
#3662
b1110000010011001 D
b10000010011001 d
#3663
b1110000101011101 D
b10000101011101 d
#3664
b1110000111111010 D
b10000111111010 d
#3665
b1110001000011001 D
b10001000011001 d
#3666
b1110000111010011 D
b10000111010011 d
#3667
b1110000101011110 D
b10000101011110 d
#3668
b1110000010100001 D
b10000010100001 d
#3669
b1111111111101 D
b1111111111101 d
#3670
b1111100111010 D
b1111100111111 d
#3671
b1111110111110 D
b1111110111110 d
#3672
b1111011111111 D
b1111011111111 d
#3673
b1111001010111 D
b1111001010111 d
#3674
b1111011010010 D
b1111011010010 d
#3675
b1111110011011 D
b1111110011010 d
#3676
b1111110111101 D
b1111110101101 d
#3677
b1111110110101 D
b1111110110101 d
#3678
b1110000010011001 D
b10000010011001 d
#3679
b1110000100111010 D
b10000100111010 d
#3680
b1110000110111111 D
b10000110111111 d
#3681
b1110001000101010 D
b10001000101010 d
#3682
b1110001000100111 D
b10001000100111 d
#3683
b1110000111000110 D
b10000111000110 d
#3684
b1110000100110110 D
b10000100110110 d
#3685
b1110000010000010 D
b10000010000010 d
#3686
b1111110110101 D
b1111110110101 d
#3687
b1111100001000 D
b1111100001000 d
#3688
b1111001110011 D
b1111001110011 d
#3689
b1111001100010 D
b1111001100010 d
#3690
b1111001111010 D
b1111001111010 d
#3691
b1111011000000 D
b1111011000000 d
#3692
b1111101100000 D
b1111101100000 d
#3693
b1110000000011111 D
b10000000011111 d
#3694
b1110000011111011 D
b10000011111011 d
#3695
b1110000110011100 D
b10000110011100 d
#3696
b1110001000001111 D
b10001000001111 d
#3697
b1110001000110110 D
b10001000110110 d
#3698
b1110001000100011 D
b10001000100011 d
#3699
b1110000110010001 D
b10000110010001 d
#3700
b1110000011101110 D
b10000011101110 d
#3701
b1110000000100100 D
b10000000100100 d
#3702
b1111101110001 D
b1111101110001 d
#3703
b1111010110110 D
b1111010110110 d
#3704
b1111001100110 D
b1111001100110 d
#3705
b1111001001101 D
b1111001101101 d
#3706
b1111010110010 D
b1111010111111 d
#3707
b1111110111011 D
b1111100111011 d
#3708
b1111111111111 D
b1111111111111 d
#3709
b1111111010111 D
b11111111010111 d
#3710
b1110000010101011 D
b10000010101000 d
#3711
b1110000111010111 D
b10000111010111 d
#3712
b1110000111011010 D
b10000111010010 d
#3713
b1110001000101011 D
b10001000101010 d
#3714
b1110001000111011 D
b10001000111011 d
#3715
b1110000111101010 D
b10000111101010 d
#3716
b1110000101000010 D
b10000101000010 d
#3717
b1110000010101000 D
b10000010101000 d
#3718
b1111111100100 D
b1111111100100 d
#3719
b1111100101110 D
b1111100101110 d
#3720
b1111010110000 D
b1111010110000 d
#3721
b1111001100101 D
b1111001100101 d
#3722
b1111001101000 D
b1111001101000 d
#3723
b1111011011011 D
b1111011011011 d
#3724
b1111110000111 D
b1111110000111 d
#3725
b1110000000001111 D
b10000000001111 d
#3726
b1110000011010010 D
b10000011010010 d
#3727
b1110000110001100 D
b10000110001100 d
#3728
b1110001000001000 D
b10001000001000 d
#3729
b1110001000101001 D
b10001000101001 d
#3730
b1110001000010100 D
b10001000010100 d
#3731
b1110000111000111 D
b10000111000111 d
#3732
b1110000100100110 D
b10000100100110 d
#3733
b1110000001001000 D
b10000001001000 d
#3734
b1111110000100 D
b1111110000100 d
#3735
b1111011100010 D
b1111011100010 d
#3736
b1111010001010 D
b1111010001010 d
#3737
b1111001110000 D
b1111001110000 d
#3738
b1111010101010 D
b1111010101010 d
#3739
b1111100001111 D
b1111100001111 d
#3740
b1111110101101 D
b1111110101101 d
#3741
b1110001001101011 D
b10000001101011 d
#3742
b1110000100111110 D
b10000100111111 d
#3743
b1110000111110111 D
b10000111111111 d
#3744
b1110001111111111 D
b10001111111111 d
#3745
b1110001000111111 D
b10001000111111 d
#3746
b1110001111011111 D
b10001111011111 d
#3747
b1110000111101101 D
b10000111101101 d
#3748
b1110000101101101 D
b10000101101101 d
#3749
b1110000010011011 D
b10000010011011 d
#3750
b1111111100100 D
b1111111100100 d
#3751
b1111101001001 D
b1111101001001 d
#3752
b1111010100010 D
b1111010100010 d
#3753
b1111001100000 D
b1111001100000 d
#3754
b1111001101001 D
b1111001101001 d
#3755
b1111011000000 D
b1111011000000 d
#3756
b1111101010111 D
b1111101010111 d
#3757
b1110000000011010 D
b10000000011010 d
#3758
b1110000011001001 D
b10000011001001 d
#3759
b1110000101000001 D
b10000101000001 d
#3760
b1110000111000111 D
b10000111000111 d
#3761
b1110000111100011 D
b10000111100011 d
#3762
b1110000111011101 D
b10000111011101 d
#3763
b1110000111000011 D
b10000111000011 d
#3764
b1110000100101010 D
b10000100101010 d
#3765
b1110000001100010 D
b10000001100010 d
#3766
b1111110011100 D
b1111110011100 d
#3767
b1111011101100 D
b1111011101100 d
#3768
b1111001111000 D
b1111001111000 d
#3769
b1111001101000 D
b1111001101000 d
#3770
b1111010011000 D
b1111010011000 d
#3771
b1111011110011 D
b1111011110011 d
#3772
b1111110001000 D
b1111110001000 d
#3773
b1110000001001010 D
b10000001001010 d
#3774
b1110000100001110 D
b10000100001110 d
#3775
b1110000110110110 D
b10000110110110 d
#3776
b1110001000101001 D
b10001000101001 d
#3777
b1110001001100101 D
b10001001100101 d
#3778
b1110001111101011 D
b10001111101111 d
#3779
b1110000111100011 D
b10000101101011 d
#3780
b1110000111101111 D
b10000111101111 d
#3781
b1110000010101111 D
b10000010101111 d
#3782
b1110111101010100 D
b10111101010100 d
#3783
b1111101011100 D
b1111101010000 d
#3784
b1111011101110 D
b1111011101110 d
#3785
b1111001001100 D
b1111001001100 d
#3786
b1111001010110 D
b1111001010110 d
#3787
b1111011000100 D
b1111011000100 d
#3788
b1111101000000 D
b1111101000000 d
#3789
b1111111011110 D
b1111111011110 d
#3790
b1110000010110110 D
b10000010110110 d
#3791
b1110000101001100 D
b10000101001100 d
#3792
b1110000111011111 D
b10000111011111 d
#3793
b1110001000101111 D
b10001000101111 d
#3794
b1110001000000101 D
b10001000000101 d
#3795
b1110000110010000 D
b10000110010000 d
#3796
b1110000100011011 D
b10000100011011 d
#3797
b1110000001110010 D
b10000001110010 d
#3798
b1111110110001 D
b1111110110001 d
#3799
b1111011110001 D
b1111011110001 d
#3800
b1111001100011 D
b1111001100011 d
#3801
b1111001001111 D
b1111001001111 d
#3802
b1111010010110 D
b1111010010110 d
#3803
b1111011101010 D
b1111011101010 d
#3804
b1111101110100 D
b1111101110100 d
#3805
b1110000000110001 D
b10000000110001 d
#3806
b1110000011111000 D
b10000011111000 d
#3807
b1110000110010101 D
b10000110010101 d
#3808
b1110001000001000 D
b10001000001000 d
#3809
b1110001000111010 D
b10001000111010 d
#3810
b1110000111100000 D
b10000111100000 d
#3811
b1110000110001010 D
b10000110001010 d
#3812
b1110000011001111 D
b10000011001111 d
#3813
b1110000000010100 D
b10000000010111 d
#3814
b1101111101010010 D
b1111101010110 d
#3815
b1111111110110 D
b1111110110110 d
#3816
b1111011110110 D
b1111011110110 d
#3817
b1111001010101 D
b1111001010101 d
#3818
b1111011011111 D
b1111011011111 d
#3819
b1111110101011 D
b1111110101011 d
#3820
b1111111101111 D
b1111111101010 d
#3821
b1111111101101 D
b1111111101101 d
#3822
b1110000010100010 D
b10000010100010 d
#3823
b1110000101001000 D
b10000101001000 d
#3824
b1110000111001011 D
b10000111001011 d
#3825
b1110001000000010 D
b10001000000010 d
#3826
b1110001000101011 D
b10001000101011 d
#3827
b1110000110111111 D
b10000110111111 d
#3828
b1110000100100100 D
b10000100100100 d
#3829
b1110000010001010 D
b10000010001010 d
#3830
b1111110111001 D
b1111110111001 d
#3831
b1111011111010 D
b1111011111010 d
#3832
b1111010001010 D
b1111010001010 d
#3833
b1111001100101 D
b1111001100101 d
#3834
b1111001101101 D
b1111001101101 d
#3835
b1111011100001 D
b1111011100001 d
#3836
b1111110001011 D
b1111110001011 d
#3837
b1110000000100000 D
b10000000100000 d
#3838
b1110000011001100 D
b10000011001100 d
#3839
b1110000110001101 D
b10000110001101 d
#3840
b1110001000010100 D
b10001000010100 d
#3841
b1110001000110001 D
b10001000110001 d
#3842
b1110001000001111 D
b10001000001111 d
#3843
b1110000110001100 D
b10000110001100 d
#3844
b1110000011110001 D
b10000011110001 d
#3845
b1110000000100000 D
b10000000100000 d
#3846
b1111100111000 D
b1111100111000 d
#3847
b1111010100111 D
b1111010100111 d
#3848
b1111001010011 D
b1111001110011 d
#3849
b1111001000111 D
b1111001010111 d
#3850
b1111010011010 D
b1111010011111 d
#3851
b1111110011111 D
b1111110011111 d
#3852
b1111110111111 D
b1111110111111 d
#3853
b1111110111110 D
b1111110111100 d
#3854
b1110000101111111 D
b10000101111110 d
#3855
b1110000111101101 D
b10000111101101 d
#3856
b1110000111001100 D
b10000111001100 d
#3857
b1110001000111100 D
b10001000111100 d
#3858
b1110001000111000 D
b10001000111000 d
#3859
b1110000111010100 D
b10000111010100 d
#3860
b1110000100110011 D
b10000100110011 d
#3861
b1110000001101110 D
b10000001101110 d
#3862
b1111110100011 D
b1111110100011 d
#3863
b1111100000000 D
b1111100000000 d
#3864
b1111001011111 D
b1111001011111 d
#3865
b1111000100101 D
b1111000100101 d
#3866
b1111001001110 D
b1111001001110 d
#3867
b1111011000000 D
b1111011000000 d
#3868
b1111101100111 D
b1111101100111 d
#3869
b1110000000001100 D
b10000000001100 d
#3870
b1110000011000110 D
b10000011000110 d
#3871
b1110000101110101 D
b10000101110101 d
#3872
b1110000111111011 D
b10000111111011 d
#3873
b1110001000111000 D
b10001000111000 d
#3874
b1110001000001111 D
b10001000001111 d
#3875
b1110000110010111 D
b10000110010111 d
#3876
b1110000011000010 D
b10000011000010 d
#3877
b1110000000010010 D
b10000000010010 d
#3878
b1111101110011 D
b1111101110011 d
#3879
b1111011001111 D
b1111011001111 d
#3880
b1111001011110 D
b1111001011110 d
#3881
b1111001000101 D
b1111001000101 d
#3882
b1111001101110 D
b1111001101110 d
#3883
b1111011101100 D
b1111011101100 d
#3884
b1111110110111 D
b1111110110111 d
#3885
b1110101101010101 D
b10001101010111 d
#3886
b1110000100010111 D
b10000100010111 d
#3887
b1110000110111011 D
b10000110111011 d
#3888
b1110001110111110 D
b10001110111110 d
#3889
b1110001000111111 D
b10001000011110 d
#3890
b1110001111100111 D
b10001111100101 d
#3891
b1110000111101110 D
b10000111100110 d
#3892
b1110000101011010 D
b10000111011010 d
#3893
b1110000010111000 D
b10000010111000 d
#3894
b1111111111111 D
b1111111111111 d
#3895
b1111101000101 D
b1111101000101 d
#3896
b1111010000111 D
b1111010000111 d
#3897
b1111000100010 D
b1111000100010 d
#3898
b1111001010100 D
b1111001010100 d
#3899
b1111010111110 D
b1111010111110 d
#3900
b1111100110000 D
b1111100110000 d
#3901
b1111111111010 D
b1111111111010 d
#3902
b1110000011001011 D
b10000011001011 d
#3903
b1110000101100110 D
b10000101100110 d
#3904
b1110000111101101 D
b10000111101101 d
#3905
b1110001000110010 D
b10001000110010 d
#3906
b1110001000101010 D
b10001000101010 d
#3907
b1110000111010011 D
b10000111010011 d
#3908
b1110000100000010 D
b10000100000010 d
#3909
b1110000000110011 D
b10000000110011 d
#3910
b1111101101111 D
b1111101101111 d
#3911
b1111100000010 D
b1111100000010 d
#3912
b1111010010000 D
b1111010010000 d
#3913
b1111001100011 D
b1111001100011 d
#3914
b1111010001111 D
b1111010001111 d
#3915
b1111100000100 D
b1111100000100 d
#3916
b1111110101110 D
b1111110101110 d
#3917
b1110000010000010 D
b10000010000010 d
#3918
b1110000100101101 D
b10000100101101 d
#3919
b1110000111010100 D
b10000111010100 d
#3920
b1110001000111010 D
b10001000111010 d
#3921
b1110001000110001 D
b10001000111011 d
#3922
b1110001000110011 D
b10001000110011 d
#3923
b1110001101111110 D
b10001101111110 d
#3924
b1110000111111110 D
b10000111111110 d
#3925
b1110000011100001 D
b10000011100001 d
#3926
b1110110101101100 D
b10111101101100 d
#3927
b1111111101100 D
b1111111101100 d
#3928
b1111011011101 D
b1111011011100 d
#3929
b1111010010101 D
b1111010010101 d
#3930
b1111010000000 D
b1111010000000 d
#3931
b1111011001111 D
b1111011001111 d
#3932
b1111101111101 D
b1111101111101 d
#3933
b1110000000101001 D
b10000000101001 d
#3934
b1110000011101010 D
b10000011101010 d
#3935
b1110000110000000 D
b10000110000000 d
#3936
b1110001000000010 D
b10001000000010 d
#3937
b1110001001001111 D
b10001001001111 d
#3938
b1110001001010101 D
b10001001010101 d
#3939
b1110000111100111 D
b10000111100111 d
#3940
b1110000101010010 D
b10000101010010 d
#3941
b1110000001111010 D
b10000001111010 d
#3942
b1111110101110 D
b1111110101110 d
#3943
b1111100001101 D
b1111100001101 d
#3944
b1111010111011 D
b1111010111011 d
#3945
b1111010001010 D
b1111010001010 d
#3946
b1111010011011 D
b1111010011011 d
#3947
b1111100000010 D
b1111100000010 d
#3948
b1111111000100 D
b1111111000100 d
#3949
b1110000001101011 D
b10000001101011 d
#3950
b1110000100100011 D
b10000100100011 d
#3951
b1110000111000001 D
b10000111000001 d
#3952
b1110001000100101 D
b10001000100101 d
#3953
b1110001001011010 D
b10001001011010 d
#3954
b1110001000010101 D
b10001000010101 d
#3955
b1110000110001000 D
b10000110001000 d
#3956
b1110000011010110 D
b10000011010110 d
#3957
b1110000000010110 D
b10000000010110 d
#3958
b1111111101011111 D
b1111101011111 d
#3959
b1111111011111 D
b1111111011111 d
#3960
b1111011011111 D
b1111011011111 d
#3961
b1111010011011 D
b1111010011011 d
#3962
b1111010111011 D
b1111010111010 d
#3963
b1111110111001 D
b1111110111001 d
#3964
b1111111111001 D
b1111111111001 d
#3965
b1111111110010 D
b1111111110010 d
#3966
b1110000010111101 D
b10000010111101 d
#3967
b1110000101100110 D
b10000101100110 d
#3968
b1110000111000010 D
b10000111000010 d
#3969
b1110001000010011 D
b10001000010011 d
#3970
b1110001000011010 D
b10001000011010 d
#3971
b1110000111001010 D
b10000111001010 d
#3972
b1110000100001101 D
b10000100001101 d
#3973
b1110000010001000 D
b10000010001000 d
#3974
b1111110110100 D
b1111110110100 d
#3975
b1111100010010 D
b1111100010010 d
#3976
b1111001110111 D
b1111001110111 d
#3977
b1111001001111 D
b1111001001111 d
#3979
b1111010101011 D
b1111010101011 d
#3980
b1111101100010 D
b1111101100010 d
#3981
b1110000000110001 D
b10000000110001 d
#3982
b1110000011110011 D
b10000011110011 d
#3983
b1110000101011000 D
b10000101011000 d
#3984
b1110000111101001 D
b10000111101001 d
#3985
b1110001000100011 D
b10001000100011 d
#3986
b1110000111110110 D
b10000111110110 d
#3987
b1110000110000010 D
b10000110000010 d
#3988
b1110000010110001 D
b10000010110001 d
#3989
b1111111100110 D
b1111111100110 d
#3990
b1111100101000 D
b1111100101000 d
#3991
b1111010000101 D
b1111010100101 d
#3992
b1111001000001 D
b1111001000001 d
#3993
b1111001000111 D
b1111001000111 d
#3994
b1111011000111 D
b1111010000111 d
#3995
b1111011110111 D
b1111011110111 d
#3996
b1111111110101 D
b1111111110101 d
#3997
b1111111110100 D
b1111111010100 d
#3998
b1110000101111111 D
b10000101110100 d
#3999
b1110000110101111 D
b10000110101111 d
#4000
b1110000111110001 D
b10000111110001 d
#4001
b1110000111110011 D
b10000111110011 d
#4002
b1110000111011011 D
b10000111011011 d
#4003
b1110000110100010 D
b10000110100010 d
#4004
b1110000100100110 D
b10000100100110 d
#4005
b1110000001010101 D
b10000001010101 d
#4006
b1111110001111 D
b1111110001111 d
#4007
b1111011010001 D
b1111011010001 d
#4008
b1111001011011 D
b1111001011011 d
#4009
b1111000110010 D
b1111000110010 d
#4010
b1111000111110 D
b1111000111110 d
#4011
b1111010011001 D
b1111010011001 d
#4012
b1111101001001 D
b1111101001001 d
#4013
b1111111100010 D
b1111111100010 d
#4014
b1110000010101101 D
b10000010101101 d
#4015
b1110000101010010 D
b10000101010010 d
#4016
b1110000110110000 D
b10000110110000 d
#4017
b1110000111101010 D
b10000111101010 d
#4019
b1110000110000110 D
b10000110000110 d
#4020
b1110000011010000 D
b10000011010000 d
#4021
b1111111111011 D
b1111111111011 d
#4022
b1111100111101 D
b1111100111101 d
#4023
b1111011000000 D
b1111011000000 d
#4024
b1111000110010 D
b1111000110010 d
#4025
b1111000011101 D
b1111000011101 d
#4026
b1111001001111 D
b1111001001111 d
#4027
b1111011011110 D
b1111011011110 d
#4028
b1111101111110 D
b1111101111110 d
#4029
b1111111101110111 D
b10101101111111 d
#4030
b1110000011101111 D
b10000011101111 d
#4031
b1110000111101111 D
b10000111101111 d
#4032
b1110001110101001 D
b10001110101001 d
#4033
b1110001111111011 D
b10001111111001 d
#4034
b1110000111111110 D
b10000111111110 d
#4035
b1110000110111111 D
b10000110110110 d
#4036
b1110000100111011 D
b10000101111011 d
#4037
b1110000001111001 D
b10000001111001 d
#4038
b1111110011110 D
b1111110011110 d
#4039
b1111011110001 D
b1111011110001 d
#4040
b1111001101111 D
b1111001101111 d
#4041
b1111001100100 D
b1111001100100 d
#4042
b1111001101111 D
b1111001101111 d
#4043
b1111010100110 D
b1111010100110 d
#4044
b1111100011000 D
b1111100011000 d
#4045
b1110000000000001 D
b10000000000001 d
#4046
b1110000011010100 D
b10000011010100 d
#4047
b1110000101110011 D
b10000101110011 d
#4048
b1110000111101000 D
b10000111101000 d
#4049
b1110001000011010 D
b10001000011010 d
#4050
b1110000111111100 D
b10000111111100 d
#4051
b1110000110010000 D
b10000110010000 d
#4052
b1110000100001011 D
b10000100001011 d
#4053
b1110000001101111 D
b10000001101111 d
#4054
b1111110011010 D
b1111110011010 d
#4055
b1111011000101 D
b1111011000101 d
#4056
b1111001111101 D
b1111001111101 d
#4057
b1111001011111 D
b1111001011111 d
#4058
b1111010000110 D
b1111010000110 d
#4059
b1111100000100 D
b1111100000100 d
#4060
b1111110110010 D
b1111110110010 d
#4061
b1110000001011101 D
b10000001011101 d
#4062
b1110000100100110 D
b10000100100110 d
#4063
b1110000110111000 D
b10000110111010 d
#4064
b1110001100110101 D
b10001000111101 d
#4065
b1110001000110111 D
b10001000110111 d
#4066
b1110001111111111 D
b10001111111111 d
#4067
b1110000111111111 D
b10000111111111 d
#4068
b1110000111111110 D
b10000111111110 d
#4069
b1110110110101110 D
b10111111101110 d
#4070
b1111111011110 D
b1111111011110 d
#4071
b1111101001011 D
b1111101001011 d
#4072
b1111010100100 D
b1111010100100 d
#4073
b1111001011010 D
b1111001011010 d
#4074
b1111001100001 D
b1111001100001 d
#4075
b1111011000011 D
b1111011000011 d
#4076
b1111101010010 D
b1111101010010 d
#4077
b1111111101101 D
b1111111101101 d
#4078
b1110000011001100 D
b10000011001100 d
#4079
b1110000101111011 D
b10000101111011 d
#4080
b1110001000000010 D
b10001000000010 d
#4081
b1110001001000000 D
b10001001000000 d
#4082
b1110001000001111 D
b10001000001111 d
#4083
b1110000110111000 D
b10000110111000 d
#4084
b1110000100011101 D
b10000100011101 d
#4085
b1110000001010100 D
b10000001010100 d
#4086
b1111110010101 D
b1111110010101 d
#4087
b1111100001110 D
b1111100001110 d
#4088
b1111001111000 D
b1111001111000 d
#4089
b1111000110011 D
b1111000110011 d
#4090
b1111001101000 D
b1111001101000 d
#4091
b1111011101000 D
b1111011101000 d
#4092
b1111110001100 D
b1111110001100 d
#4093
b1110000001100010 D
b10000001100010 d
#4094
b1110000100010101 D
b10000100010101 d
#4095
b1110000110100010 D
b10000110100010 d
