Sample in Buffer,Sample in Window,TRIGGER,design_1_i/adc_interface_0_m_axis_tdata[31:0],design_1_i/adc_interface_0_m_axis_tlast,design_1_i/adc_interface_0_m_axis_tvalid,design_1_i/adc_interface_0_adc_signed_debug[15:0],design_1_i/adc_interface_0_win_coeff_out[15:0],design_1_i/adc_data[13:0],design_1_i/adc_interface_0_adc_data_original[13:0],design_1_i/adc_interface_0_adc_data_original_valid
Radix - UNSIGNED,UNSIGNED,UNSIGNED,SIGNED,HEX,HEX,HEX,HEX,UNSIGNED,UNSIGNED,HEX
0,0,0,8270,0,0,1ec9,001b,7881,8270,0
1,1,0,8270,0,0,1e24,001b,7716,8270,0
2,2,0,8270,0,0,1e7b,001a,7803,8270,0
3,3,0,8270,0,0,1f36,001a,7990,8270,0
4,4,0,8270,0,0,e032,0019,8242,8270,0
5,5,0,8270,0,0,e13b,0018,8507,8270,0
6,6,0,8270,0,0,e1c5,0018,8645,8270,0
7,7,0,8270,0,0,e1d5,0017,8661,8270,0
8,8,0,8270,0,0,e133,0016,8499,8270,0
9,9,0,8270,0,0,e024,0016,8228,8270,0
10,10,0,8270,0,0,1eff,0015,7935,8270,0
11,11,0,8270,0,0,1e3a,0014,7738,8270,0
12,12,0,8270,0,0,1e2b,0012,7723,8270,0
13,13,0,8270,0,0,1ecd,0011,7885,8270,0
14,14,0,8270,0,0,1fca,0010,8138,8270,0
15,15,0,8270,0,0,e0de,000f,8414,8270,0
16,16,0,8270,0,0,e17a,000d,8570,8270,0
17,17,0,8270,0,0,e1ac,000c,8620,8270,0
18,18,0,8270,0,0,e150,000a,8528,8270,0
19,19,0,8270,0,0,e067,0008,8295,8270,0
20,20,0,8270,0,0,1f47,0007,8039,8270,0
21,21,0,8270,0,0,1e79,0005,7803,8270,0
22,22,0,8270,0,0,1e3a,0003,7739,8270,0
23,23,0,8270,0,0,1e7e,0001,7806,8270,0
24,24,0,8270,0,0,1f65,ffff,8037,8270,0
25,25,0,8270,0,0,ff43,fffd,16195,8270,0
26,26,0,8270,0,0,e173,fffb,8563,8270,0
27,27,0,8270,0,0,e1bb,fff8,8635,8270,0
28,28,0,8270,0,0,e1ab,fff6,8619,8270,0
29,29,0,8270,0,0,e1cb,fff3,8643,8270,0
30,30,0,8270,0,0,e0cb,fff1,8395,8270,0
31,31,0,8270,0,0,1fa5,ffee,8101,8270,0
32,32,0,8270,0,0,1e8c,ffeb,7820,8270,0
33,33,0,8270,0,0,1e03,ffe8,7683,8270,0
34,34,0,8270,0,0,1e1c,ffe5,7708,8270,0
35,35,0,8270,0,0,1ee2,ffe2,7906,8270,0
36,36,0,8270,0,0,1fea,ffdf,8170,8270,0
37,37,0,8270,0,0,e0f1,ffdc,8433,8270,0
38,38,0,8270,0,0,e189,ffd8,8585,8270,0
39,39,0,8270,0,0,e188,ffd5,8584,8270,0
40,40,0,8270,0,0,e0d9,ffd1,8409,8270,0
41,41,0,8270,0,0,1fe8,ffce,8168,8270,0
42,42,0,8270,0,0,1eec,ffce,7916,8270,0
43,43,0,8270,0,0,1e20,ffca,7712,8270,0
44,44,0,8270,0,0,1de2,ffc6,7650,8270,0
45,45,0,8270,0,0,1e74,ffc2,7796,8270,0
46,46,0,8270,0,0,1f78,ffbe,8056,8270,0
47,47,0,8270,0,0,e085,ffb9,8325,8270,0
48,48,0,8270,0,0,e13e,ffb5,8510,8270,0
49,49,0,8270,0,0,e1aa,ffb1,8618,8270,0
50,50,0,8270,0,0,e146,ffac,8518,8270,0
51,51,0,8270,0,0,e057,ffa7,8279,8270,0
52,52,0,8270,0,0,1f5f,ffa2,8031,8270,0
53,53,0,8270,0,0,1e6b,ff9d,7787,8270,0
54,54,0,8270,0,0,1df3,ff98,7667,8270,0
55,55,0,8270,0,0,1e2c,ff93,7724,8270,0
56,56,0,8270,0,0,1f0b,ff8e,7979,8270,0
57,57,0,8270,0,0,e21b,ff88,8219,8270,0
58,58,0,8270,0,0,e111,ff82,8475,8270,0
59,59,0,8270,0,0,e19b,ff7d,8603,8270,0
60,60,0,8270,0,0,e18f,ff77,8591,8270,0
61,61,0,8270,0,0,e1cd,ff71,8653,8270,0
62,62,0,8270,0,0,effc,ff6a,12284,8270,0
63,63,0,8270,0,0,1fb9,ff64,8120,8270,0
64,64,0,8270,0,0,1ef7,ff5d,8177,8270,0
65,65,0,8270,0,0,1df6,ff57,7670,8270,0
66,66,0,8270,0,0,1e02,ff50,7682,8270,0
67,67,0,8270,0,0,1ea3,ff49,7843,8270,0
68,68,0,8270,0,0,1fb3,ff42,8115,8270,0
69,69,0,8270,0,0,e0ee,ff3b,8430,8270,0
70,70,0,8270,0,0,e19c,ff33,8604,8270,0
71,71,0,8270,0,0,e184,ff2c,8580,8270,0
72,72,0,8270,0,0,e0ff,ff24,8447,8270,0
73,73,0,8270,0,0,e035,ff1c,8245,8270,0
74,74,0,8270,0,0,1f15,ff14,7957,8270,0
75,75,0,8270,0,0,1e45,ff0c,7749,8270,0
76,76,0,8270,0,0,1df3,ff03,7667,8270,0
77,77,0,8270,0,0,1e5f,fefb,7775,8270,0
78,78,0,8270,0,0,1f62,fefb,8034,8270,0
79,79,0,8270,0,0,e08f,fef2,8335,8270,0
80,80,0,8270,0,0,e168,fee9,8552,8270,0
81,81,0,8270,0,0,e1b8,fee0,8632,8270,0
82,82,0,8270,0,0,e174,fed7,8564,8270,0
83,83,0,8270,0,0,e0a1,fecd,8353,8270,0
84,84,0,8270,0,0,1f7f,fec4,8063,8270,0
85,85,0,8270,0,0,1e7d,feba,7805,8270,0
86,86,0,8270,0,0,1dfc,feb0,7676,8270,0
87,87,0,8270,0,0,1e4c,fea6,7756,8270,0
88,88,0,8270,0,0,1f39,fe9c,7993,8270,0
89,89,0,8270,0,0,e011,fe91,8209,8270,0
90,90,0,8270,0,0,e11a,fe86,8474,8270,0
91,91,0,8270,0,0,e1be,fe7c,8638,8270,0
92,92,0,8270,0,0,e19e,fe71,8606,8270,0
93,93,0,8270,0,0,e0f2,fe65,8446,8270,0
94,94,0,8270,0,0,dfff,fe4e,8174,8270,0
95,95,0,8270,0,0,1fff,fe43,8191,8270,0
96,96,0,8270,0,0,1eef,fe37,7919,8270,0
97,97,0,8270,0,0,1e2d,fe2a,7725,8270,0
98,98,0,8270,0,0,1ecf,fe1e,7887,8270,0
99,99,0,8270,0,0,1fe7,fe12,8167,8270,0
100,100,0,8270,0,0,1fe7,fe05,8167,8270,0
101,101,0,8270,0,0,e0d0,fdf8,8400,8270,0
102,102,0,8270,0,0,e192,fdeb,8594,8270,0
103,103,0,8270,0,0,e1ee,fdde,8686,8270,0
104,104,0,8270,0,0,e140,fdd0,8512,8270,0
105,105,0,8270,0,0,e05b,fdc3,8283,8270,0
106,106,0,8270,0,0,1f43,fdb5,8003,8270,0
107,107,0,8270,0,0,1e6e,fda7,7790,8270,0
108,108,0,8270,0,0,1e32,fd99,7730,8270,0
109,109,0,8270,0,0,1e8b,fd8a,7819,8270,0
110,110,0,8270,0,0,1f58,fd7c,8024,8270,0
111,111,0,8270,0,0,e084,fd6d,8324,8270,0
112,112,0,8270,0,0,e172,fd5e,8562,8270,0
113,113,0,8270,0,0,e1dc,fd5e,8668,8270,0
114,114,0,8270,0,0,e1a4,fd4f,8612,8270,0
115,115,0,8270,0,0,e0cd,fd40,8397,8270,0
116,116,0,8270,0,0,1fc5,fd30,8133,8270,0
117,117,0,8270,0,0,1ec2,fd21,7874,8270,0
118,118,0,8270,0,0,1e3d,fd11,7741,8270,0
119,119,0,8270,0,0,1e3e,fd01,7742,8270,0
120,120,0,8270,0,0,1f0d,fcf1,7949,8270,0
121,121,0,8270,0,0,e01c,fce1,8220,8270,0
122,122,0,8270,0,0,e12b,fcd0,8491,8270,0
123,123,0,8270,0,0,e1c4,fcc0,8644,8270,0
124,124,0,8270,0,0,e1e4,fcaf,8676,8270,0
125,125,0,8270,0,0,e115,fc8d,8469,8270,0
126,126,0,8270,0,0,e022,fc7b,8226,8270,0
127,127,0,8270,0,0,1f60,fc6a,8032,8270,0
128,128,0,8270,0,0,1ea7,fc58,7847,8270,0
129,129,0,8270,0,0,1e6e,fc47,7791,8270,0
130,130,0,8270,0,0,1e9e,fc35,7838,8270,0
131,131,0,8270,0,0,1fbd,fc23,8125,8270,0
132,132,0,8270,0,0,1fa9,fc11,16361,8270,0
133,133,0,8270,0,0,e1ff,fbfe,8667,8270,0
134,134,0,8270,0,0,e1f7,fbec,8695,8270,0
135,135,0,8270,0,0,e1d6,fbda,8660,8270,0
136,136,0,8270,0,0,e1c6,fbc7,8646,8270,0
137,137,0,8270,0,0,e077,fbb4,8311,8270,0
138,138,0,8270,0,0,1f6b,fba1,8043,8270,0
139,139,0,8270,0,0,1e8c,fb8e,7820,8270,0
140,140,0,8270,0,0,1e29,fb7b,7721,8270,0
141,141,0,8270,0,0,1e79,fb68,7801,8270,0
142,142,0,8270,0,0,1f60,fb41,8032,8270,0
143,143,0,8270,0,0,e070,fb2e,8304,8270,0
144,144,0,8270,0,0,e15e,fb1a,8542,8270,0
145,145,0,8270,0,0,e1c3,fb07,8643,8270,0
146,146,0,8270,0,0,e19b,faf3,8603,8270,0
147,147,0,8270,0,0,e0db,fadf,8411,8270,0
148,148,0,8270,0,0,1fc1,facc,8129,8270,0
149,149,0,8270,0,0,1ed0,facc,7888,8270,0
150,150,0,8270,0,0,1e2f,fab8,7727,8270,0
151,151,0,8270,0,0,1e34,faa4,7732,8270,0
152,152,0,8270,0,0,1ee2,fa90,7906,8270,0
153,153,0,8270,0,0,1fe3,fa7c,8163,8270,0
154,154,0,8270,0,0,e0f7,fa68,8439,8270,0
155,155,0,8270,0,0,e1c2,fa54,8642,8270,0
156,156,0,8270,0,0,e1c0,fa40,8640,8270,0
157,157,0,8270,0,0,e148,fa2c,8520,8270,0
158,158,0,8270,0,0,e03d,fa18,8253,8270,0
159,159,0,8270,0,0,1f0b,fa04,7947,8270,0
160,160,0,8270,0,0,1e3e,f9f0,7742,8270,0
161,161,0,8270,0,0,1e2e,f9dc,7726,8270,0
162,162,0,8270,0,0,1e86,f9c8,7814,8270,0
163,163,0,8270,0,0,1f7b,f9b4,8059,8270,0
164,164,0,8270,0,0,e275,f9a1,8311,8270,0
165,165,0,8270,0,0,e175,f98d,8565,8270,0
166,166,0,8270,0,0,e1ed,f979,8685,8270,0
167,167,0,8270,0,0,e1fd,f965,8701,8270,0
168,168,0,8270,0,0,e1fd,f952,8701,8270,0
169,169,0,8270,0,0,efac,f93f,12172,8270,0
170,170,0,8270,0,0,1f6e,f92b,8044,8270,0
171,171,0,8270,0,0,1edf,f918,8154,8270,0
172,172,0,8270,0,0,1def,f905,7663,8270,0
173,173,0,8270,0,0,1e4d,f8f2,7757,8270,0
174,174,0,8270,0,0,1f24,f8df,7972,8270,0
175,175,0,8270,0,0,e022,f8cd,8226,8270,0
176,176,0,8270,0,0,e11c,f8ba,8476,8270,0
177,177,0,8270,0,0,e1b3,f8a8,8627,8270,0
178,178,0,8270,0,0,e1a2,f896,8610,8270,0
179,179,0,8270,0,0,e0c3,f884,8387,8270,0
180,180,0,8270,0,0,1fc5,f872,8133,8270,0
181,181,0,8270,0,0,1ecd,f860,7885,8270,0
182,182,0,8270,0,0,1e20,f84f,7712,8270,0
183,183,0,8270,0,0,1e13,f83e,7699,8270,0
184,184,0,8270,0,0,1ecd,f82d,7885,8270,0
185,185,0,8270,0,0,1fce,f82d,8142,8270,0
186,186,0,8270,0,0,e0ae,f81d,8366,8270,0
187,187,0,8270,0,0,e174,f80d,8564,8270,0
188,188,0,8270,0,0,e1d6,f7fd,8662,8270,0
189,189,0,8270,0,0,e145,f7de,8517,8270,0
190,190,0,8270,0,0,e03f,f7cf,8255,8270,0
191,191,0,8270,0,0,1f17,f7c0,7959,8270,0
192,192,0,8270,0,0,1e34,f7b2,7732,8270,0
193,193,0,8270,0,0,1df4,f7a4,7668,8270,0
194,194,0,8270,0,0,1e66,f796,7782,8270,0
195,195,0,8270,0,0,1f48,f789,8008,8270,0
196,196,0,8270,0,0,e066,f77c,8294,8270,0
197,197,0,8270,0,0,e15d,f770,8541,8270,0
198,198,0,8270,0,0,e1a8,f764,8616,8270,0
199,199,0,8270,0,0,e168,f758,8552,8270,0
200,200,0,8270,0,0,e0b5,f74d,8373,8270,0
201,201,0,8270,0,0,dff5,f742,8021,8270,0
202,202,0,8270,0,0,1f6d,f738,8045,8270,0
203,203,0,8270,0,0,1ffb,f72f,8187,8270,0
204,204,0,8270,0,0,1ffb,f726,8187,8270,0
205,205,0,8270,0,0,1f2b,f71d,7979,8270,0
206,206,0,8270,0,0,1feb,f715,8139,8270,0
207,207,0,8270,0,0,1feb,f70d,8171,8270,0
208,208,0,8270,0,0,e0fb,f707,8443,8270,0
209,209,0,8270,0,0,e1b0,f700,8624,8270,0
210,210,0,8270,0,0,e1c1,f6fa,8641,8270,0
211,211,0,8270,0,0,e0ed,f6f5,8429,8270,0
212,212,0,8270,0,0,1fe0,f6f1,8160,8270,0
213,213,0,8270,0,0,1ed3,f6ed,7891,8270,0
214,214,0,8270,0,0,1e28,f6ea,7720,8270,0
215,215,0,8270,0,0,1e00,f6e7,7680,8270,0
216,216,0,8270,0,0,1eae,f6e5,7854,8270,0
217,217,0,8270,0,0,1fa1,f6e4,8097,8270,0
218,218,0,8270,0,0,e0ad,f6e4,8365,8270,0
219,219,0,8270,0,0,e185,f6e4,8581,8270,0
220,220,0,8270,0,0,e1a1,f6e4,8609,8270,0
221,221,0,8270,0,0,e144,f6e5,8516,8270,0
222,222,0,8270,0,0,e072,f6e7,8306,8270,0
223,223,0,8270,0,0,1f2f,f6e9,7983,8270,0
224,224,0,8270,0,0,1e5b,f6ed,7771,8270,0
225,225,0,8270,0,0,1e1e,f6f1,7710,8270,0
226,226,0,8270,0,0,1e44,f6f6,7748,8270,0
227,227,0,8270,0,0,1f45,f6fb,8005,8270,0
228,228,0,8270,0,0,e062,f702,8290,8270,0
229,229,0,8270,0,0,e145,f70a,8517,8270,0
230,230,0,8270,0,0,e1c5,f712,8645,8270,0
231,231,0,8270,0,0,e174,f71b,8564,8270,0
232,232,0,8270,0,0,e0b5,f726,8373,8270,0
233,233,0,8270,0,0,1fc5,f731,8133,8270,0
234,234,0,8270,0,0,1eb1,f73d,7857,8270,0
235,235,0,8270,0,0,1e18,f74a,7736,8270,0
236,236,0,8270,0,0,1e30,f758,7728,8270,0
237,237,0,8270,0,0,1ef2,f767,7922,8270,0
238,238,0,8270,0,0,feda,f777,16090,8270,0
239,239,0,8270,0,0,e11a,f788,8474,8270,0
240,240,0,8270,0,0,e197,f79a,8599,8270,0
241,241,0,8270,0,0,e1b5,f7ad,8629,8270,0
242,242,0,8270,0,0,e1bf,f7c1,8636,8270,0
243,243,0,8270,0,0,e10f,f7d7,8463,8270,0
244,244,0,8270,0,0,e011,f7ed,8209,8270,0
245,245,0,8270,0,0,1f11,f805,7953,8270,0
246,246,0,8270,0,0,1e27,f81d,7719,8270,0
247,247,0,8270,0,0,1e3a,f837,7738,8270,0
248,248,0,8270,0,0,1ea8,f852,7848,8270,0
249,249,0,8270,0,0,1f83,f86e,8067,8270,0
250,250,0,8270,0,0,e0b5,f88b,8373,8270,0
251,251,0,8270,0,0,e171,f8aa,8561,8270,0
252,252,0,8270,0,0,e1c0,f8c9,8640,8270,0
253,253,0,8270,0,0,e160,f8ea,8544,8270,0
254,254,0,8270,0,0,e063,f90d,8291,8270,0
255,255,0,8270,0,0,1f88,f930,8072,8270,0
256,256,0,8270,0,0,1e9f,f955,7839,8270,0
257,257,0,8270,0,0,1e21,f955,7713,8270,0
258,258,0,8270,0,0,1e59,f97b,7769,8270,0
259,259,0,8270,0,0,1f3b,f9a2,7995,8270,0
260,260,0,8270,0,0,e04c,f9ca,8268,8270,0
261,261,0,8270,0,0,e141,f9f4,8513,8270,0
262,262,0,8270,0,0,e1ae,fa20,8622,8270,0
263,263,0,8270,0,0,e180,fa4c,8576,8270,0
264,264,0,8270,0,0,e0fc,fa7a,8444,8270,0
265,265,0,8270,0,0,1ffc,faa9,8188,8270,0
266,266,0,8270,0,0,1ee1,fada,7905,8270,0
267,267,0,8270,0,0,1e20,fb40,7712,8270,0
268,268,0,8270,0,0,1e19,fbab,7705,8270,0
269,269,0,8270,0,0,1ef0,fbe3,7920,8270,0
270,270,0,8270,0,0,e003,fc1c,8195,8270,0
271,271,0,8270,0,0,e0f5,fc57,8439,8270,0
272,272,0,8270,0,0,e17e,fc93,8575,8270,0
273,273,0,8270,0,0,e1b7,fcd1,8639,8270,0
274,274,0,8270,0,0,e1f3,fd10,8691,8270,0
275,275,0,8270,0,0,e15d,fd51,8541,8270,0
276,276,0,8270,0,0,ef5f,fd93,12127,8270,0
277,277,0,8270,0,0,1f5f,fdd7,8031,8270,0
278,278,0,8270,0,0,1e5d,fe1c,7773,8270,0
279,279,0,8270,0,0,1e9c,fe63,7824,8270,0
280,280,0,8270,0,0,1e8c,feab,7820,8270,0
281,281,0,8270,0,0,1f70,fef5,8048,8270,0
282,282,0,8270,0,0,e090,ff41,8336,8270,0
283,283,0,8270,0,0,e194,ff8e,8596,8270,0
284,284,0,8270,0,0,e1d2,ffdc,8658,8270,0
285,285,0,8270,0,0,e175,002d,8565,8270,0
286,286,0,8270,0,0,e0b9,007e,8377,8270,0
287,287,0,8270,0,0,1f8f,00d2,8079,8270,0
288,288,0,8270,0,0,1e8c,0127,7820,8270,0
289,289,0,8270,0,0,1e3e,017e,7742,8270,0
290,290,0,8270,0,0,1e37,01d6,7735,8270,0
291,291,0,8270,0,0,1ef3,0230,7923,8270,0
292,292,0,8270,0,0,e012,0294,8210,8270,0
293,293,0,8270,0,0,e11f,028c,8479,8270,0
294,294,0,8270,0,0,e1c6,02e9,8646,8270,0
295,295,0,8270,0,0,e1bc,0348,8636,8270,0
296,296,0,8270,0,0,e0de,03a8,8414,8270,0
297,297,0,8270,0,0,e010,040a,8208,8270,0
298,298,0,8270,0,0,1f05,046e,7941,8270,0
299,299,0,8270,0,0,1e09,04d4,7689,8270,0
300,300,0,8270,0,0,1e03,053b,7683,8270,0
301,301,0,8270,0,0,1eb2,05a3,7858,8270,0
302,302,0,8270,0,0,1fa9,060e,8105,8270,0
303,303,0,8270,0,0,e0da,067a,8410,8270,0
304,304,0,8270,0,0,e1a6,06e8,8614,8270,0
305,305,0,8270,0,0,e1c6,0757,8646,8270,0
306,306,0,8270,0,0,e11f,07c8,8479,8270,0
307,307,0,8270,0,0,e021,083b,8243,8270,0
308,308,0,8270,0,0,1f3b,08af,7995,8270,0
309,309,0,8270,0,0,1f5b,0926,8027,8270,0
310,310,0,8270,0,0,1e5e,099d,7774,8270,0
311,311,0,8270,0,0,1e4d,0a17,7757,8270,0
312,312,0,8270,0,0,1f7d,0a92,8061,8270,0
313,313,0,8270,0,0,1f3c,0b0e,8060,8270,0
314,314,0,8270,0,0,e164,0b8d,8548,8270,0
315,315,0,8270,0,0,e1e7,0c0d,8676,8270,0
316,316,0,8270,0,0,e1d7,0c8f,8663,8270,0
317,317,0,8270,0,0,e17e,0d12,8574,8270,0
318,318,0,8270,0,0,e090,0d97,8336,8270,0
319,319,0,8270,0,0,1f9a,0e1d,8090,8270,0
320,320,0,8270,0,0,1ead,0ea5,7853,8270,0
321,321,0,8270,0,0,1e10,0f2f,7696,8270,0
322,322,0,8270,0,0,1e25,0fbb,7717,8270,0
323,323,0,8270,0,0,1ed5,1048,7893,8270,0
324,324,0,8270,0,0,1ff5,10d6,8181,8270,0
325,325,0,8270,0,0,e11e,1166,8478,8270,0
326,326,0,8270,0,0,e1aa,11f8,8618,8270,0
327,327,0,8270,0,0,e18d,128b,8589,8270,0
328,328,0,8270,0,0,e0e8,12ab,8424,8270,0
329,329,0,8270,0,0,1fe2,1320,8162,8270,0
330,330,0,8270,0,0,1ef8,13b7,7928,8270,0
331,331,0,8270,0,0,1e47,144f,7751,8270,0
332,332,0,8270,0,0,1dfb,14e8,7675,8270,0
333,333,0,8270,0,0,1e6f,1583,7791,8270,0
334,334,0,8270,0,0,1fa0,1620,8096,8270,0
335,335,0,8270,0,0,e09b,16be,8347,8270,0
336,336,0,8270,0,0,e17d,175d,8573,8270,0
337,337,0,8270,0,0,e1c1,17fe,8641,8270,0
338,338,0,8270,0,0,e13d,18a1,8509,8270,0
339,339,0,8270,0,0,e066,1945,8294,8270,0
340,340,0,8270,0,0,1f45,19ea,8005,8270,0
341,341,0,8270,0,0,1e5b,1a91,7771,8270,0
342,342,0,8270,0,0,1e1d,1b39,7709,8270,0
343,343,0,8270,0,0,1e57,1be2,7767,8270,0
344,344,0,8270,0,0,1f3f,1d3a,7999,8270,0
345,345,0,8270,0,0,ff7f,1de7,16255,8270,0
346,346,0,8270,0,0,e17d,1e96,8573,8270,0
347,347,0,8270,0,0,e1b9,1f46,8633,8270,0
348,348,0,8270,0,0,e19a,1ff8,8602,8270,0
349,349,0,8270,0,0,e1ca,20aa,8650,8270,0
350,350,0,8270,0,0,e0c0,215e,10432,8270,0
351,351,0,8270,0,0,1fa7,2213,8103,8270,0
352,352,0,8270,0,0,1eba,22ca,7866,8270,0
353,353,0,8270,0,0,1e17,2381,7703,8270,0
354,354,0,8270,0,0,1e15,243a,7701,8270,0
355,355,0,8270,0,0,1ed0,24f4,7888,8270,0
356,356,0,8270,0,0,1fea,25af,8170,8270,0
357,357,0,8270,0,0,e0d5,266b,8405,8270,0
358,358,0,8270,0,0,e194,2728,8596,8270,0
359,359,0,8270,0,0,e1c5,27e6,8645,8270,0
360,360,0,8270,0,0,e10a,28a6,8458,8270,0
361,361,0,8270,0,0,e01a,2a27,8218,8270,0
362,362,0,8270,0,0,1efb,2ae9,7931,8270,0
363,363,0,8270,0,0,1e35,2bac,7733,8270,0
364,364,0,8270,0,0,1e17,2bac,7703,8270,0
365,365,0,8270,0,0,1e74,2c70,7796,8270,0
366,366,0,8270,0,0,1f5d,2d35,8029,8270,0
367,367,0,8270,0,0,e088,2dfb,8328,8270,0
368,368,0,8270,0,0,e167,2ec2,8551,8270,0
369,369,0,8270,0,0,e1aa,2f89,8618,8270,0
370,370,0,8270,0,0,e155,3051,8533,8270,0
371,371,0,8270,0,0,e088,311a,8328,8270,0
372,372,0,8270,0,0,1f8a,31e4,8074,8270,0
373,373,0,8270,0,0,1e70,32ae,7792,8270,0
374,374,0,8270,0,0,1dfc,3379,7676,8270,0
375,375,0,8270,0,0,1e4f,3444,7759,8270,0
376,376,0,8270,0,0,1f09,3511,7945,8270,0
377,377,0,8270,0,0,e01d,35dd,8221,8270,0
378,378,0,8270,0,0,e119,36ab,8473,8270,0
379,379,0,8270,0,0,e1c9,3779,8665,8270,0
380,380,0,8270,0,0,e1a4,3847,8621,8270,0
381,381,0,8270,0,0,e1be,3916,8638,8270,0
382,382,0,8270,0,0,efba,39e5,16314,8270,0
383,383,0,8270,0,0,1ffd,3ab4,8189,8270,0
384,384,0,8270,0,0,1ed9,3b84,7897,8270,0
385,385,0,8270,0,0,1e54,3c54,7764,8270,0
386,386,0,8270,0,0,1ed5,3df6,7892,8270,0
387,387,0,8270,0,0,1ed5,3ec7,7889,8270,0
388,388,0,8270,0,0,1f94,3f98,8084,8270,0
389,389,0,8270,0,0,e0de,4069,8414,8270,0
390,390,0,8270,0,0,e1ad,413b,8621,8270,0
391,391,0,8270,0,0,e1c4,420c,8644,8270,0
392,392,0,8270,0,0,e14a,42de,8522,8270,0
393,393,0,8270,0,0,e029,43b0,8233,8270,0
394,394,0,8270,0,0,1f03,4481,7939,8270,0
395,395,0,8270,0,0,1e7f,4553,7807,8270,0
396,396,0,8270,0,0,1e20,4624,7712,8270,0
397,397,0,8270,0,0,1e4f,46f6,7759,8270,0
398,398,0,8270,0,0,1f5d,47c7,8029,8270,0
399,399,0,8270,0,0,e091,4898,8337,8270,0
400,400,0,8270,0,0,e15f,4898,8543,8270,0
401,401,0,8270,0,0,e1c8,4969,8648,8270,0
402,402,0,8270,0,0,e161,4a3a,8545,8270,0
403,403,0,8270,0,0,e080,4b0a,8320,8270,0
404,404,0,8270,0,0,1f86,4bda,8070,8270,0
405,405,0,8270,0,0,1ea3,4ca9,7843,8270,0
406,406,0,8270,0,0,1e12,4d79,7698,8270,0
407,407,0,8270,0,0,1e3e,4f16,7742,8270,0
408,408,0,8270,0,0,1f28,4fe4,7976,8270,0
409,409,0,8270,0,0,e006,50b1,8198,8270,0
410,410,0,8270,0,0,e0f8,517d,8440,8270,0
411,411,0,8270,0,0,e19a,5249,8602,8270,0
412,412,0,8270,0,0,e1a0,5315,8608,8270,0
413,413,0,8270,0,0,e0f6,53e0,8438,8270,0
414,414,0,8270,0,0,1ff3,54aa,8179,8270,0
415,415,0,8270,0,0,1ef5,5573,7927,8270,0
416,416,0,8270,0,0,1eab,563b,7727,8270,0
417,417,0,8270,0,0,1e3e,5703,7742,8270,0
418,418,0,8270,0,0,1e96,57c9,7830,8270,0
419,419,0,8270,0,0,1f9e,588f,8094,8270,0
420,420,0,8270,0,0,1f8e,5954,8078,8270,0
421,421,0,8270,0,0,e1b8,5a18,8632,8270,0
422,422,0,8270,0,0,e1cc,5adb,8648,8270,0
423,423,0,8270,0,0,e1d4,5b9d,8660,8270,0
424,424,0,8270,0,0,e121,5c5d,8481,8270,0
425,425,0,8270,0,0,e056,5d1d,8278,8270,0
426,426,0,8270,0,0,1f5e,5ddb,8030,8270,0
427,427,0,8270,0,0,1e64,5e99,7780,8270,0
428,428,0,8270,0,0,1e13,5f55,7699,8270,0
429,429,0,8270,0,0,1e55,600f,7765,8270,0
430,430,0,8270,0,0,1f45,60c9,8005,8270,0
431,431,0,8270,0,0,e06b,6181,8299,8270,0
432,432,0,8270,0,0,e138,6237,8504,8270,0
433,433,0,8270,0,0,e1b6,62ed,8630,8270,0
434,434,0,8270,0,0,e197,63a0,8599,8270,0
435,435,0,8270,0,0,e0b6,63a0,8374,8270,0
436,436,0,8270,0,0,1fa9,6453,8105,8270,0
437,437,0,8270,0,0,1e9e,6504,7838,8270,0
438,438,0,8270,0,0,1e1d,65b3,7709,8270,0
439,439,0,8270,0,0,1e3e,6661,7742,8270,0
440,440,0,8270,0,0,1f12,670d,7954,8270,0
441,441,0,8270,0,0,1ffe,67b7,8190,8270,0
442,442,0,8270,0,0,e0f9,6860,8441,8270,0
443,443,0,8270,0,0,e19e,6907,8606,8270,0
444,444,0,8270,0,0,e1ab,69ac,8619,8270,0
445,445,0,8270,0,0,e117,6a50,8471,8270,0
446,446,0,8270,0,0,e025,6af1,8229,8270,0
447,447,0,8270,0,0,1f09,6b91,7945,8270,0
448,448,0,8270,0,0,1e2b,6c2f,7723,8270,0
449,449,0,8270,0,0,1e19,6d65,7705,8270,0
450,450,0,8270,0,0,1e9b,6dfd,7835,8270,0
451,451,0,8270,0,0,1f8f,6e93,8095,8270,0
452,452,0,8270,0,0,ffaf,6f27,9135,8270,0
453,453,0,8270,0,0,e1ff,6fb9,8703,8270,0
454,454,0,8270,0,0,e1ff,7049,8703,8270,0
455,455,0,8270,0,0,e1f5,70d7,8693,8270,0
456,456,0,8270,0,0,e16f,7162,8559,8270,0
457,457,0,8270,0,0,e06e,71ec,8302,8270,0
458,458,0,8270,0,0,1f52,7273,8018,8270,0
459,459,0,8270,0,0,1e7d,72f8,7805,8270,0
460,460,0,8270,0,0,1e05,737b,7685,8270,0
461,461,0,8270,0,0,1e57,73fb,7767,8270,0
462,462,0,8270,0,0,1f22,7479,7970,8270,0
463,463,0,8270,0,0,e029,74f5,8233,8270,0
464,464,0,8270,0,0,e147,756f,8519,8270,0
465,465,0,8270,0,0,e1c7,75e6,8647,8270,0
466,466,0,8270,0,0,e19b,765a,8603,8270,0
467,467,0,8270,0,0,e0da,773c,8410,8270,0
468,468,0,8270,0,0,1fd4,77a9,8148,8270,0
469,469,0,8270,0,0,1eb0,7814,7856,8270,0
470,470,0,8270,0,0,1e02,787c,7682,8270,0
471,471,0,8270,0,0,1e25,787c,7717,8270,0
472,472,0,8270,0,0,1ec7,78e2,7879,8270,0
473,473,0,8270,0,0,1fe1,7945,8161,8270,0
474,474,0,8270,0,0,e0eb,79a5,8427,8270,0
475,475,0,8270,0,0,e19e,7a03,8606,8270,0
476,476,0,8270,0,0,e1b3,7a5e,8627,8270,0
477,477,0,8270,0,0,e131,7ab7,8497,8270,0
478,478,0,8270,0,0,e018,7b0d,8216,8270,0
479,479,0,8270,0,0,1f17,7b60,7959,8270,0
480,480,0,8270,0,0,1e62,7bb1,7778,8270,0
481,481,0,8270,0,0,1e15,7bfe,7701,8270,0
482,482,0,8270,0,0,1e63,7c49,7779,8270,0
483,483,0,8270,0,0,1f7b,7c92,8059,8270,0
484,484,0,8270,0,0,e08c,7cd7,8332,8270,0
485,485,0,8270,0,0,e167,7d1a,8551,8270,0
486,486,0,8270,0,0,e1ba,7d5a,8635,8270,0
487,487,0,8270,0,0,e17e,7d97,8574,8270,0
488,488,0,8270,0,0,e1ee,7dd1,8622,8270,0
489,489,0,8270,0,0,e08c,7e09,13516,8270,0
490,490,0,8270,0,0,1f77,7e3d,8055,8270,0
491,491,0,8270,0,0,1e84,7e6f,7812,8270,0
492,492,0,8270,0,0,1e2c,7e9e,7724,8270,0
493,493,0,8270,0,0,1f2a,7eca,7976,8270,0
494,494,0,8270,0,0,1f12,7ef3,7954,8270,0
495,495,0,8270,0,0,e030,7f19,8240,8270,0
496,496,0,8270,0,0,e126,7f3c,8486,8270,0
497,497,0,8270,0,0,e1a2,7f5d,8610,8270,0
498,498,0,8270,0,0,e195,7f95,8597,8270,0
499,499,0,8270,0,0,e0dd,7fac,8413,8270,0
500,500,0,8270,0,0,1ffa,7fc1,8186,8270,0
501,501,0,8270,0,0,1ed7,7fd3,7895,8270,0
502,502,0,8270,0,0,1e28,7fe1,7720,8270,0
503,503,0,8270,0,0,1e0e,7fed,7694,8270,0
504,504,0,8270,0,0,1e92,7ff6,7826,8270,0
505,505,0,8270,0,0,1f9b,7ffc,8091,8270,0
506,506,0,8270,0,0,e0d3,7fff,8403,8270,0
507,507,0,8270,0,0,e1a0,7fff,8608,8270,0
508,508,0,8270,0,0,e1ac,7fff,8620,8270,0
509,509,0,8270,0,0,e11d,7ffc,8477,8270,0
510,510,0,8270,0,0,e055,7fed,8277,8270,0
511,511,0,8270,0,0,1f31,7fe1,7985,8270,0
512,512,0,8270,0,0,1e4b,7fd3,7755,8270,0
513,513,0,8270,0,0,1e01,7fc1,7681,8270,0
514,514,0,8270,0,0,1e74,7fac,7796,8270,0
515,515,0,8270,0,0,1f43,7f95,8003,8270,0
516,516,0,8270,0,0,e03f,7f7a,8255,8270,0
517,517,0,8270,0,0,e13d,7f5d,8509,8270,0
518,518,0,8270,0,0,e1a4,7f19,8612,8270,0
519,519,0,8270,0,0,e179,7ef3,8569,8270,0
520,520,0,8270,0,0,e0aa,7eca,8362,8270,0
521,521,0,8270,0,0,1f76,7e9e,8054,8270,0
522,522,0,8270,0,0,1ebd,7e6f,7871,8270,0
523,523,0,8270,0,0,1ffe,7e3d,8191,8270,0
524,524,0,8270,0,0,1dfa,7e09,7678,8270,0
525,525,0,8270,0,0,1ffa,7dd1,8186,8270,0
526,526,0,8270,0,0,1ffe,7d97,8190,8270,0
527,527,0,8270,0,0,3ffe,7d5a,16382,8270,0
528,528,0,8270,0,0,e1ff,7d1a,8700,8270,0
529,529,0,8270,0,0,e1cb,7cd7,8643,8270,0
530,530,0,8270,0,0,e159,7c92,8665,8270,0
531,531,0,8270,0,0,e0c0,7c49,8384,8270,0
532,532,0,8270,0,0,1ffc,7bfe,8188,8270,0
533,533,0,8270,0,0,1ece,7bb1,7886,8270,0
534,534,0,8270,0,0,1e2b,7b60,7723,8270,0
535,535,0,8270,0,0,1e10,7b0d,7696,8270,0
536,536,0,8270,0,0,1ea8,7ab7,7848,8270,0
537,537,0,8270,0,0,1fb1,7a5e,8113,8270,0
538,538,0,8270,0,0,e0ab,7a03,8363,8270,0
539,539,0,8270,0,0,e1a8,79a5,8616,8270,0
540,540,0,8270,0,0,e1aa,7945,8618,8270,0
541,541,0,8270,0,0,e121,78e2,8481,8270,0
542,542,0,8270,0,0,e094,787e,8340,8270,0
543,543,0,8270,0,0,1f5e,787c,8030,8270,0
544,544,0,8270,0,0,1e83,7814,7811,8270,0
545,545,0,8270,0,0,1e2b,77a9,7723,8270,0
546,546,0,8270,0,0,1e45,773c,7749,8270,0
547,547,0,8270,0,0,1f4e,76cc,8014,8270,0
548,548,0,8270,0,0,e051,765a,8273,8270,0
549,549,0,8270,0,0,e134,75e6,8500,8270,0
550,550,0,8270,0,0,e1ef,756f,8687,8270,0
551,551,0,8270,0,0,e1a2,74f5,8610,8270,0
552,552,0,8270,0,0,e0b7,7479,8375,8270,0
553,553,0,8270,0,0,1fc9,73fb,8137,8270,0
554,554,0,8270,0,0,1ed2,737b,7890,8270,0
555,555,0,8270,0,0,1e52,72f8,7762,8270,0
556,556,0,8270,0,0,1e59,7273,7769,8270,0
557,557,0,8270,0,0,1edf,71ec,7903,8270,0
558,558,0,8270,0,0,1fe8,7162,8187,8270,0
559,559,0,8270,0,0,fffb,70d7,11067,8270,0
560,560,0,8270,0,0,e1bb,7049,8635,8270,0
561,561,0,8270,0,0,e1fc,6fb9,8700,8270,0
562,562,0,8270,0,0,e1ec,6f27,8684,8270,0
563,563,0,8270,0,0,e14d,6e93,8525,8270,0
564,564,0,8270,0,0,e00d,6dfd,8205,8270,0
565,565,0,8270,0,0,1f10,6d65,8016,8270,0
566,566,0,8270,0,0,1e6a,6ccb,7786,8270,0
567,567,0,8270,0,0,1e31,6c2f,7729,8270,0
568,568,0,8270,0,0,1e9a,6b91,7834,8270,0
569,569,0,8270,0,0,1f8a,6af1,8074,8270,0
570,570,0,8270,0,0,e09d,6a50,8349,8270,0
571,571,0,8270,0,0,e17b,69ac,8571,8270,0
572,572,0,8270,0,0,e1ab,6907,8619,8270,0
573,573,0,8270,0,0,e174,6860,8564,8270,0
574,574,0,8270,0,0,e06c,67b7,8300,8270,0
575,575,0,8270,0,0,1f4d,670d,8013,8270,0
576,576,0,8270,0,0,1e7e,6661,7806,8270,0
577,577,0,8270,0,0,1e24,65b3,7716,8270,0
578,578,0,8270,0,0,1e4e,6597,7758,8270,0
579,579,0,8270,0,0,1efc,6504,7932,8270,0
580,580,0,8270,0,0,e024,6453,8228,8270,0
581,581,0,8270,0,0,e154,63a0,8532,8270,0
582,582,0,8270,0,0,e1b3,62ed,8627,8270,0
583,583,0,8270,0,0,e19c,6237,8604,8270,0
584,584,0,8270,0,0,e0f6,6181,8438,8270,0
585,585,0,8270,0,0,1fda,60c9,8154,8270,0
586,586,0,8270,0,0,1ee9,600f,7913,8270,0
587,587,0,8270,0,0,1e39,5f55,7737,8270,0
588,588,0,8270,0,0,1e1c,5e99,7708,8270,0
589,589,0,8270,0,0,1ec6,5ddb,7878,8270,0
590,590,0,8270,0,0,1fc2,5d1d,8130,8270,0
591,591,0,8270,0,0,e0d3,5c5d,8403,8270,0
592,592,0,8270,0,0,e1be,5b9d,8638,8270,0
593,593,0,8270,0,0,e1cb,5adb,8683,8270,0
594,594,0,8270,0,0,e126,5a18,8495,8270,0
595,595,0,8270,0,0,e17b,5954,8575,8270,0
596,596,0,8270,0,0,ff5f,588f,16219,8270,0
597,597,0,8270,0,0,1f6e,57c9,8046,8270,0
598,598,0,8270,0,0,1e69,5703,7785,8270,0
599,599,0,8270,0,0,1eab,563b,7851,8270,0
600,600,0,8270,0,0,1f83,54aa,8067,8270,0
601,601,0,8270,0,0,1f81,53e0,8065,8270,0
602,602,0,8270,0,0,e07e,5315,8318,8270,0
603,603,0,8270,0,0,e177,5249,8567,8270,0
604,604,0,8270,0,0,e1ef,517d,8687,8270,0
605,605,0,8270,0,0,e16e,50b1,8558,8270,0
606,606,0,8270,0,0,e094,4fe4,8340,8270,0
607,607,0,8270,0,0,1fa1,4f16,8097,8270,0
608,608,0,8270,0,0,1ec8,4e47,7880,8270,0
609,609,0,8270,0,0,1e1f,4d79,7711,8270,0
610,610,0,8270,0,0,1e15,4ca9,7701,8270,0
611,611,0,8270,0,0,1eef,4bda,7919,8270,0
612,612,0,8270,0,0,e00a,4b0a,8202,8270,0
613,613,0,8270,0,0,e0f7,4a3a,8439,8270,0
614,614,0,8270,0,0,e1bd,4b3a,8637,8270,0
615,615,0,8270,0,0,e1d4,4969,8660,8270,0
616,616,0,8270,0,0,e10f,4898,8463,8270,0
617,617,0,8270,0,0,1ff6,47c7,8182,8270,0
618,618,0,8270,0,0,1ed9,46f6,7897,8270,0
619,619,0,8270,0,0,1e3b,4624,7739,8270,0
620,620,0,8270,0,0,1e26,4553,7718,8270,0
621,621,0,8270,0,0,1ea4,4481,7844,8270,0
622,622,0,8270,0,0,1f9e,43b0,8094,8270,0
623,623,0,8270,0,0,e0bf,42de,8383,8270,0
624,624,0,8270,0,0,e19e,420c,8606,8270,0
625,625,0,8270,0,0,e1d2,413b,8658,8270,0
626,626,0,8270,0,0,e13d,4069,8509,8270,0
627,627,0,8270,0,0,e051,3f98,8273,8270,0
628,628,0,8270,0,0,1f2d,3ec7,7981,8270,0
629,629,0,8270,0,0,1e6a,3df6,7787,8270,0
630,630,0,8270,0,0,1e1e,3d25,7710,8270,0
631,631,0,8270,0,0,1e7a,3c54,7806,8270,0
632,632,0,8270,0,0,1f6a,3b84,8042,8270,0
633,633,0,8270,0,0,3f47,3ab4,16198,8270,0
634,634,0,8270,0,0,e17d,39e5,8573,8270,0
635,635,0,8270,0,0,e1fc,3916,8700,8270,0
636,636,0,8270,0,0,e1d6,3847,8660,8270,0
637,637,0,8270,0,0,e196,3779,8594,8270,0
638,638,0,8270,0,0,e094,36ab,8340,8270,0
639,639,0,8270,0,0,1f7a,35dd,8058,8270,0
640,640,0,8270,0,0,1e98,3511,7832,8270,0
641,641,0,8270,0,0,1e28,3444,7720,8270,0
642,642,0,8270,0,0,1e25,3379,7717,8270,0
643,643,0,8270,0,0,1ec7,32ae,7879,8270,0
644,644,0,8270,0,0,1fd1,31e4,8145,8270,0
645,645,0,8270,0,0,e0f7,311a,8439,8270,0
646,646,0,8270,0,0,e1a0,3051,8608,8270,0
647,647,0,8270,0,0,e1a9,2f89,8617,8270,0
648,648,0,8270,0,0,e10e,2dfb,8462,8270,0
649,649,0,8270,0,0,1ff9,2d35,8185,8270,0
650,650,0,8270,0,0,1ef0,2d35,7920,8270,0
651,651,0,8270,0,0,1e3e,2c70,7742,8270,0
652,652,0,8270,0,0,1e14,2bac,7700,8270,0
653,653,0,8270,0,0,1e9e,2ae9,7838,8270,0
654,654,0,8270,0,0,1f98,2a27,8088,8270,0
655,655,0,8270,0,0,e092,2966,8338,8270,0
656,656,0,8270,0,0,e178,28a6,8568,8270,0
657,657,0,8270,0,0,e1be,27e6,8638,8270,0
658,658,0,8270,0,0,e132,266b,8498,8270,0
659,659,0,8270,0,0,e05a,24f4,8282,8270,0
660,660,0,8270,0,0,1f4d,243a,8013,8270,0
661,661,0,8270,0,0,1e59,2381,7769,8270,0
662,662,0,8270,0,0,1e02,22ca,7682,8270,0
663,663,0,8270,0,0,1e3a,2213,7738,8270,0
664,664,0,8270,0,0,1f44,215e,8004,8270,0
665,665,0,8270,0,0,e25f,20aa,8287,8270,0
666,666,0,8270,0,0,e116,1ff8,8479,8270,0
667,667,0,8270,0,0,e19e,1f46,8606,8270,0
668,668,0,8270,0,0,e19e,1e96,8606,8270,0
669,669,0,8270,0,0,e1d7,1de7,8663,8270,0
670,670,0,8270,0,0,eff5,1d3a,12245,8270,0
671,671,0,8270,0,0,1fbf,1c8d,8127,8270,0
672,672,0,8270,0,0,1ebb,1be2,7866,8270,0
673,673,0,8270,0,0,1e0b,1b39,7689,8270,0
674,674,0,8270,0,0,1e03,1a91,7683,8270,0
675,675,0,8270,0,0,1ebd,19ea,7869,8270,0
676,676,0,8270,0,0,1fb6,1945,8118,8270,0
677,677,0,8270,0,0,e0e1,18a1,8417,8270,0
678,678,0,8270,0,0,e195,17fe,8597,8270,0
679,679,0,8270,0,0,e1a8,175d,8616,8270,0
680,680,0,8270,0,0,e0f2,16be,8434,8270,0
681,681,0,8270,0,0,e025,1620,8229,8270,0
682,682,0,8270,0,0,1f33,1583,7987,8270,0
683,683,0,8270,0,0,1e3e,14e8,7742,8270,0
684,684,0,8270,0,0,1e0b,144f,7691,8270,0
685,685,0,8270,0,0,1e5e,13b7,7774,8270,0
686,686,0,8270,0,0,1f63,13b7,8035,8270,0
687,687,0,8270,0,0,e07b,1320,8315,8270,0
688,688,0,8270,0,0,e146,128b,8518,8270,0
689,689,0,8270,0,0,e1cf,11f8,8655,8270,0
690,690,0,8270,0,0,e19f,1166,8607,8270,0
691,691,0,8270,0,0,e07f,1048,8319,8270,0
692,692,0,8270,0,0,1f6c,0fbb,8044,8270,0
693,693,0,8270,0,0,1e9e,0f2f,7838,8270,0
694,694,0,8270,0,0,1e12,0ea5,7698,8270,0
695,695,0,8270,0,0,1e4e,0e1d,7758,8270,0
696,696,0,8270,0,0,1f15,0d97,7957,8270,0
697,697,0,8270,0,0,e031,0d12,8241,8270,0
698,698,0,8270,0,0,e139,0c8f,8505,8270,0
699,699,0,8270,0,0,e1cb,0c0d,8651,8270,0
700,700,0,8270,0,0,e1a8,0b8d,8616,8270,0
701,701,0,8270,0,0,e123,0b0e,8483,8270,0
702,702,0,8270,0,0,dfef,0a92,8175,8270,0
703,703,0,8270,0,0,1fef,0a17,8175,8270,0
704,704,0,8270,0,0,1ecd,099d,7885,8270,0
705,705,0,8270,0,0,1e7e,0926,7806,8270,0
706,706,0,8270,0,0,1efe,08af,7934,8270,0
707,707,0,8270,0,0,1fe6,083b,8166,8270,0
708,708,0,8270,0,0,1fe4,07c8,8164,8270,0
709,709,0,8270,0,0,e1ca,0757,8650,8270,0
710,710,0,8270,0,0,e1c0,06e8,8640,8270,0
711,711,0,8270,0,0,e21e,067a,8734,8270,0
712,712,0,8270,0,0,e103,060e,8451,8270,0
713,713,0,8270,0,0,e051,05a3,8273,8270,0
714,714,0,8270,0,0,1f56,053b,8022,8270,0
715,715,0,8270,0,0,1e2c,04d4,7724,8270,0
716,716,0,8270,0,0,1e57,046e,7767,8270,0
717,717,0,8270,0,0,1e57,040a,7767,8270,0
718,718,0,8270,0,0,1f8a,03a8,8074,8270,0
719,719,0,8270,0,0,e053,0348,8275,8270,0
720,720,0,8270,0,0,e17b,02e9,8571,8270,0
721,721,0,8270,0,0,e1d9,02cd,8665,8270,0
722,722,0,8270,0,0,e1a8,028c,8616,8270,0
723,723,0,8270,0,0,e0ef,0230,8431,8270,0
724,724,0,8270,0,0,1ff1,01d6,8177,8270,0
725,725,0,8270,0,0,1ecf,017e,7887,8270,0
726,726,0,8270,0,0,1e4b,0127,7755,8270,0
727,727,0,8270,0,0,1e5b,00d2,7771,8270,0
728,728,0,8270,0,0,1f15,007e,7957,8270,0
729,729,0,8270,0,0,e00f,002d,8207,8270,0
730,730,0,8270,0,0,e133,ffdc,8499,8270,0
731,731,0,8270,0,0,e1f8,ff8e,8696,8270,0
732,732,0,8270,0,0,e1ec,ff41,8684,8270,0
733,733,0,8270,0,0,e11c,fef5,8476,8270,0
734,734,0,8270,0,0,e018,feab,8216,8270,0
735,735,0,8270,0,0,1f1d,fe63,7965,8270,0
736,736,0,8270,0,0,1e80,fe1c,7808,8270,0
737,737,0,8270,0,0,1fe8,fdd7,7656,8270,0
738,738,0,8270,0,0,1fea,fd93,7914,8270,0
739,739,0,8270,0,0,1ffe,fd51,8190,8270,0
740,740,0,8270,0,0,3ff7,fd10,16343,8270,0
741,741,0,8270,0,0,e1ff,fcd1,8703,8270,0
742,742,0,8270,0,0,e3b8,fc93,9144,8270,0
743,743,0,8270,0,0,e24b,fc57,9024,8270,0
744,744,0,8270,0,0,e1eb,fc1c,8683,8270,0
745,745,0,8270,0,0,e0ca,fbe3,8394,8270,0
746,746,0,8270,0,0,1fa7,fbab,8103,8270,0
747,747,0,8270,0,0,1e82,fb75,7810,8270,0
748,748,0,8270,0,0,1e39,fb40,7737,8270,0
749,749,0,8270,0,0,1e65,fb0c,7781,8270,0
750,750,0,8270,0,0,1f46,fada,8006,8270,0
751,751,0,8270,0,0,e072,faa9,8306,8270,0
752,752,0,8270,0,0,e165,fa7a,8549,8270,0
753,753,0,8270,0,0,e1ed,fa4c,8685,8270,0
754,754,0,8270,0,0,e1a3,fa20,8611,8270,0
755,755,0,8270,0,0,e0dc,f9f4,8412,8270,0
756,756,0,8270,0,0,1fdf,f9ca,8159,8270,0
757,757,0,8270,0,0,1ee2,f9ea,7906,8270,0
758,758,0,8270,0,0,1e32,f9a2,7730,8270,0
759,759,0,8270,0,0,1e32,f97b,7730,8270,0
760,760,0,8270,0,0,1eee,f930,7918,8270,0
761,761,0,8270,0,0,1ff8,f90d,8184,8270,0
762,762,0,8270,0,0,e11a,f8ea,8474,8270,0
763,763,0,8270,0,0,e1c0,f8c9,8640,8270,0
764,764,0,8270,0,0,e1d4,f8aa,8660,8270,0
765,765,0,8270,0,0,e10e,f88b,8462,8270,0
766,766,0,8270,0,0,e023,f86e,8227,8270,0
767,767,0,8270,0,0,1f25,f852,7973,8270,0
768,768,0,8270,0,0,1e66,f837,7782,8270,0
769,769,0,8270,0,0,1e36,f81d,7734,8270,0
770,770,0,8270,0,0,1e8e,f7ed,7822,8270,0
771,771,0,8270,0,0,1f7e,f7d7,8062,8270,0
772,772,0,8270,0,0,e2aa,f7c1,8362,8270,0
773,773,0,8270,0,0,e228,f7ad,8746,8270,0
774,774,0,8270,0,0,e387,f79a,9103,8270,0
775,775,0,8270,0,0,e19f,f788,8607,8270,0
776,776,0,8270,0,0,e1bc,f777,8636,8270,0
777,777,0,8270,0,0,ed3c,f767,12092,8270,0
778,778,0,8270,0,0,1f47,f758,8007,8270,0
779,779,0,8270,0,0,1e47,f74a,7751,8270,0
780,780,0,8270,0,0,1e4e,f73d,7750,8270,0
781,781,0,8270,0,0,1e6d,f731,7789,8270,0
782,782,0,8270,0,0,1f07,f726,7943,8270,0
783,783,0,8270,0,0,e045,f71b,8261,8270,0
784,784,0,8270,0,0,e142,f712,8514,8270,0
785,785,0,8270,0,0,e115,f70a,8469,8270,0
786,786,0,8270,0,0,e1da,f702,8666,8270,0
787,787,0,8270,0,0,e0a1,f6fb,8353,8270,0
788,788,0,8270,0,0,e018,f6f6,8216,8270,0
789,789,0,8270,0,0,1ec7,f6f1,7879,8270,0
790,790,0,8270,0,0,1e61,f6ed,7777,8270,0
791,791,0,8270,0,0,1e46,f6e9,7750,8270,0
792,792,0,8270,0,0,1eae,f6e7,7854,8270,0
793,793,0,8270,0,0,1fa4,f6e7,8100,8270,0
794,794,0,8270,0,0,e0d8,f6e5,8408,8270,0
795,795,0,8270,0,0,e19e,f6e4,8606,8270,0
796,796,0,8270,0,0,e1e7,f6e4,8679,8270,0
797,797,0,8270,0,0,e15e,f6e4,8542,8270,0
798,798,0,8270,0,0,e03f,f6e5,8255,8270,0
799,799,0,8270,0,0,1f10,f6e7,7952,8270,0
800,800,0,8270,0,0,1e4d,f6ea,7757,8270,0
801,801,0,8270,0,0,1dbb,f6ed,7611,8270,0
802,802,0,8270,0,0,1e6d,f6f1,7789,8270,0
803,803,0,8270,0,0,1ed7,f6f5,7895,8270,0
804,804,0,8270,0,0,e088,f6fa,8328,8270,0
805,805,0,8270,0,0,e158,f700,8536,8270,0
806,806,0,8270,0,0,e1fa,f707,8698,8270,0
807,807,0,8270,0,0,e190,f70d,8592,8270,0
808,808,0,8270,0,0,e0c3,f715,8387,8270,0
809,809,0,8270,0,0,1ff2,f71d,8179,8270,0
810,810,0,8270,0,0,1fb2,f726,8114,8270,0
811,811,0,8270,0,0,1eb6,f72f,7862,8270,0
812,812,0,8270,0,0,1e3f,f738,7743,8270,0
813,813,0,8270,0,0,1eff,f742,7935,8270,0
814,814,0,8270,0,0,1ff5,f74d,8181,8270,0
815,815,0,8270,0,0,1ff4,f758,8180,8270,0
816,816,0,8270,0,0,e14d,f764,8645,8270,0
817,817,0,8270,0,0,e1ce,f770,8654,8270,0
818,818,0,8270,0,0,e1cd,f77c,8653,8270,0
819,819,0,8270,0,0,e107,f789,8455,8270,0
820,820,0,8270,0,0,1feb,f796,8171,8270,0
821,821,0,8270,0,0,1ee4,f7a4,7908,8270,0
822,822,0,8270,0,0,1e24,f7b2,7716,8270,0
823,823,0,8270,0,0,1e2d,f7c0,7725,8270,0
824,824,0,8270,0,0,1ec8,f7cf,7880,8270,0
825,825,0,8270,0,0,1fd3,f7de,8147,8270,0
826,826,0,8270,0,0,e0f0,f7ed,8432,8270,0
827,827,0,8270,0,0,e19a,f7fd,8602,8270,0
828,828,0,8270,0,0,e1d5,f80d,8661,8270,0
829,829,0,8270,0,0,e16d,f80d,8557,8270,0
830,830,0,8270,0,0,e05c,f81d,8284,8270,0
831,831,0,8270,0,0,1f50,f82d,8016,8270,0
832,832,0,8270,0,0,1ea5,f83e,7845,8270,0
833,833,0,8270,0,0,1e43,f84f,7747,8270,0
834,834,0,8270,0,0,1e72,f860,7794,8270,0
835,835,0,8270,0,0,1f61,f872,8033,8270,0
836,836,0,8270,0,0,e073,f884,8307,8270,0
837,837,0,8270,0,0,e169,f896,8553,8270,0
838,838,0,8270,0,0,e1d2,f8a8,8658,8270,0
839,839,0,8270,0,0,e1a6,f8ba,8614,8270,0
840,840,0,8270,0,0,e0d3,f8cd,8403,8270,0
841,841,0,8270,0,0,1fc0,f8df,8128,8270,0
842,842,0,8270,0,0,1ed1,f8f2,7889,8270,0
843,843,0,8270,0,0,1e42,f905,7746,8270,0
844,844,0,8270,0,0,1e55,f918,7767,8270,0
845,845,0,8270,0,0,1f18,f92b,7965,8270,0
846,846,0,8270,0,0,ff1a,f93f,16154,8270,0
847,847,0,8270,0,0,e12b,f952,8491,8270,0
848,848,0,8270,0,0,e1ff,f965,8703,8270,0
849,849,0,8270,0,0,e1df,f979,8671,8270,0
850,850,0,8270,0,0,e1f3,f98d,8659,8270,0
851,851,0,8270,0,0,e137,f9a1,8498,8270,0
852,852,0,8270,0,0,e035,f9b4,8245,8270,0
853,853,0,8270,0,0,1f2b,f9c8,7979,8270,0
854,854,0,8270,0,0,1e73,f9dc,7795,8270,0
855,855,0,8270,0,0,1e45,f9f0,7749,8270,0
856,856,0,8270,0,0,1ebd,fa04,7869,8270,0
857,857,0,8270,0,0,1fd0,fa18,8144,8270,0
858,858,0,8270,0,0,e0ee,fa2c,8430,8270,0
859,859,0,8270,0,0,e1b8,fa40,8632,8270,0
860,860,0,8270,0,0,e205,fa54,8709,8270,0
861,861,0,8270,0,0,e1a8,fa68,8616,8270,0
862,862,0,8270,0,0,e0a3,fa7c,8355,8270,0
863,863,0,8270,0,0,1f82,fa90,8066,8270,0
864,864,0,8270,0,0,1ead,faa4,7853,8270,0
865,865,0,8270,0,0,1e6e,faa4,7790,8270,0
866,866,0,8270,0,0,1eaa,fab8,7850,8270,0
867,867,0,8270,0,0,1f60,facc,8032,8270,0
868,868,0,8270,0,0,e074,fadf,8308,8270,0
869,869,0,8270,0,0,e151,faf3,8529,8270,0
870,870,0,8270,0,0,e1e7,fb07,8679,8270,0
871,871,0,8270,0,0,e1f6,fb1a,8694,8270,0
872,872,0,8270,0,0,e138,fb2e,8504,8270,0
873,873,0,8270,0,0,e00a,fb41,8202,8270,0
874,874,0,8270,0,0,1ef1,fb55,7921,8270,0
875,875,0,8270,0,0,1e4f,fb68,7759,8270,0
876,876,0,8270,0,0,1e6f,fb7b,7791,8270,0
877,877,0,8270,0,0,1f01,fb8e,7937,8270,0
878,878,0,8270,0,0,e02c,fba1,8236,8270,0
879,879,0,8270,0,0,e137,fbb4,8503,8270,0
880,880,0,8270,0,0,e1fc,fbc7,8703,8270,0
881,881,0,8270,0,0,e39c,fbda,8988,8270,0
882,882,0,8270,0,0,e35f,fbec,9055,8270,0
883,883,0,8270,0,0,e15f,fbfe,8543,8270,0
884,884,0,8270,0,0,ef5d,fc11,12125,8270,0
885,885,0,8270,0,0,1f7c,fc23,8060,8270,0
886,886,0,8270,0,0,1e7c,fc35,7804,8270,0
887,887,0,8270,0,0,1ecf,fc47,7876,8270,0
888,888,0,8270,0,0,1edf,fc58,7903,8270,0
889,889,0,8270,0,0,1f99,fc6a,8089,8270,0
890,890,0,8270,0,0,e094,fc7b,8340,8270,0
891,891,0,8270,0,0,e19e,fc8d,8606,8270,0
892,892,0,8270,0,0,e1ff,fc9e,8703,8270,0
893,893,0,8270,0,0,e1b5,fcaf,8629,8270,0
894,894,0,8270,0,0,e0b9,fcc0,8377,8270,0
895,895,0,8270,0,0,1f94,fcd0,8084,8270,0
896,896,0,8270,0,0,1ebc,fce1,7868,8270,0
897,897,0,8270,0,0,1e3f,fcf1,7743,8270,0
898,898,0,8270,0,0,1e70,fd01,7792,8270,0
899,899,0,8270,0,0,1f44,fd11,8004,8270,0
900,900,0,8270,0,0,e044,fd31,8260,8270,0
901,901,0,8270,0,0,e153,fd21,8531,8270,0
902,902,0,8270,0,0,e1ef,fd30,8687,8270,0
903,903,0,8270,0,0,e1da,fd40,8666,8270,0
904,904,0,8270,0,0,e116,fd4f,8470,8270,0
905,905,0,8270,0,0,1ff8,fd5e,8184,8270,0
906,906,0,8270,0,0,1ef6,fd6d,7926,8270,0
907,907,0,8270,0,0,1e60,fd7c,7776,8270,0
908,908,0,8270,0,0,1e28,fd8a,7720,8270,0
909,909,0,8270,0,0,1ecb,fd99,7883,8270,0
910,910,0,8270,0,0,1fc8,fda7,8136,8270,0
911,911,0,8270,0,0,e0e2,fdb5,8418,8270,0
912,912,0,8270,0,0,e1c1,fdc3,8641,8270,0
913,913,0,8270,0,0,e1d6,fdd0,8662,8270,0
914,914,0,8270,0,0,e156,fdde,8534,8270,0
915,915,0,8270,0,0,e072,fdeb,8306,8270,0
916,916,0,8270,0,0,1f3d,fdf8,7999,8270,0
917,917,0,8270,0,0,1f7f,fe05,8063,8270,0
918,918,0,8270,0,0,1e7f,fe12,7743,8270,0
919,919,0,8270,0,0,1e7c,fe1e,7804,8270,0
920,920,0,8270,0,0,1f78,fe2a,8056,8270,0
921,921,0,8270,0,0,1f78,fe37,8056,8270,0
922,922,0,8270,0,0,e0dd,fe43,8653,8270,0
923,923,0,8270,0,0,e1de,fe4e,8664,8270,0
924,924,0,8270,0,0,e1de,fe5a,8662,8270,0
925,925,0,8270,0,0,e19d,fe65,8605,8270,0
926,926,0,8270,0,0,e0d2,fe71,8402,8270,0
927,927,0,8270,0,0,1fad,fe7c,8109,8270,0
928,928,0,8270,0,0,1e8e,fe86,7822,8270,0
929,929,0,8270,0,0,1e15,fe91,7701,8270,0
930,930,0,8270,0,0,1e6b,fe9c,7787,8270,0
931,931,0,8270,0,0,1f3e,fea6,7998,8270,0
932,932,0,8270,0,0,e045,feb0,8261,8270,0
933,933,0,8270,0,0,e13c,feba,8508,8270,0
934,934,0,8270,0,0,e1c6,fec4,8646,8270,0
935,935,0,8270,0,0,e1c8,fecd,8648,8270,0
936,936,0,8270,0,0,e11d,fecd,8477,8270,0
937,937,0,8270,0,0,e012,fed7,8210,8270,0
938,938,0,8270,0,0,1efe,fee0,7934,8270,0
939,939,0,8270,0,0,1e50,fee9,7760,8270,0
940,940,0,8270,0,0,1e25,fef2,7717,8270,0
941,941,0,8270,0,0,1ebf,fefb,7871,8270,0
942,942,0,8270,0,0,1f8d,ff03,8077,8270,0
943,943,0,8270,0,0,e090,ff0c,8336,8270,0
944,944,0,8270,0,0,e195,ff14,8597,8270,0
945,945,0,8270,0,0,e1f8,ff1c,8696,8270,0
946,946,0,8270,0,0,e15f,ff24,8543,8270,0
947,947,0,8270,0,0,e058,ff2c,8280,8270,0
948,948,0,8270,0,0,1f5b,ff33,8027,8270,0
949,949,0,8270,0,0,1e75,ff3b,7797,8270,0
950,950,0,8270,0,0,1e18,ff42,7704,8270,0
951,951,0,8270,0,0,1e78,ff49,7800,8270,0
952,952,0,8270,0,0,1f69,ff50,8057,8270,0
953,953,0,8270,0,0,ff5d,ff57,11101,8270,0
954,954,0,8270,0,0,e15c,ff5d,8540,8270,0
955,955,0,8270,0,0,e1dd,ff64,8669,8270,0
956,956,0,8270,0,0,e1cf,ff6a,8655,8270,0
957,957,0,8270,0,0,e1df,ff71,8671,8270,0
958,958,0,8270,0,0,ecdb,ff77,12251,8270,0
959,959,0,8270,0,0,1fcf,ff7d,8131,8270,0
960,960,0,8270,0,0,1ecf,ff82,7887,8270,0
961,961,0,8270,0,0,1e23,ff88,7715,8270,0
962,962,0,8270,0,0,1e40,ff8e,7744,8270,0
963,963,0,8270,0,0,1f07,ff93,7943,8270,0
964,964,0,8270,0,0,1fef,ff98,8175,8270,0
965,965,0,8270,0,0,e0f7,ff9d,8439,8270,0
966,966,0,8270,0,0,e1c7,ffa2,8647,8270,0
967,967,0,8270,0,0,e1da,ffac,8666,8270,0
968,968,0,8270,0,0,e128,ffb1,8488,8270,0
969,969,0,8270,0,0,e026,ffb5,8230,8270,0
970,970,0,8270,0,0,1f0f,ffb9,7951,8270,0
971,971,0,8270,0,0,1e60,ffbe,7776,8270,0
972,972,0,8270,0,0,1e2e,ffbe,7726,8270,0
973,973,0,8270,0,0,1e8d,ffc2,7821,8270,0
974,974,0,8270,0,0,1f9b,ffc6,8091,8270,0
975,975,0,8270,0,0,e0a8,ffca,8360,8270,0
976,976,0,8270,0,0,e174,ffce,8564,8270,0
977,977,0,8270,0,0,e1ca,ffd1,8650,8270,0
978,978,0,8270,0,0,e166,ffd5,8550,8270,0
979,979,0,8270,0,0,e09c,ffd8,8348,8270,0
980,980,0,8270,0,0,1f79,ffdc,8057,8270,0
981,981,0,8270,0,0,1e9f,ffdf,7839,8270,0
982,982,0,8270,0,0,1e48,ffe2,7752,8270,0
983,983,0,8270,0,0,1e55,ffe5,7765,8270,0
984,984,0,8270,0,0,1f1d,ffe8,7965,8270,0
985,985,0,8270,0,0,e039,ffeb,8249,8270,0
986,986,0,8270,0,0,e152,ffee,8530,8270,0
987,987,0,8270,0,0,e1e2,fff1,8674,8270,0
988,988,0,8270,0,0,e1e4,fff3,8678,8270,0
989,989,0,8270,0,0,e1ef,fff6,8687,8270,0
990,990,0,8270,0,0,ffef,fff8,16367,8270,0
991,991,0,8270,0,0,1fff,fffb,8191,8270,0
992,992,0,8270,0,0,1ee7,fffd,7911,8270,0
993,993,0,8270,0,0,1e7f,ffff,7807,8270,0
994,994,0,8270,0,0,1edf,0003,7903,8270,0
995,995,0,8270,0,0,1eed,0005,8173,8270,0
996,996,0,8270,0,0,1fe2,0007,8162,8270,0
997,997,0,8270,0,0,e10b,0008,8459,8270,0
998,998,0,8270,0,0,e1ba,000a,8634,8270,0
999,999,0,8270,0,0,e1cd,000c,8653,8270,0
1000,1000,0,8270,0,0,e15b,000d,8539,8270,0
1001,1001,0,8270,0,0,e073,000f,8307,8270,0
1002,1002,0,8270,0,0,1f46,0010,8006,8270,0
1003,1003,0,8270,0,0,1e66,0011,7782,8270,0
1004,1004,0,8270,0,0,1e46,0012,7750,8270,0
1005,1005,0,8270,0,0,1e90,0014,7824,8270,0
1006,1006,0,8270,0,0,1f7a,0015,8058,8270,0
1007,1007,0,8270,0,0,e08e,0016,8334,8270,0
1008,1008,0,8270,0,0,e1a4,0016,8612,8270,0
1009,1009,0,8270,0,0,e1f6,0017,8694,8270,0
1010,1010,0,8270,0,0,e1b4,0017,8628,8270,0
1011,1011,0,8270,0,0,e0df,0018,8415,8270,0
1012,1012,0,8270,0,0,1fd1,0019,8145,8270,0
1013,1013,0,8270,0,0,1ec3,001a,7875,8270,0
1014,1014,0,8270,0,0,1e2a,001a,7722,8270,0
1015,1015,0,8270,0,0,1e6d,001b,7789,8270,0
1016,1016,0,8270,0,0,1f1a,001b,7962,8270,0
1017,1017,0,8270,0,0,e015,001b,8213,8270,0
1018,1018,0,8270,0,0,e14a,001c,8522,8270,0
1019,1019,0,8270,0,0,e1f1,001c,8689,8270,0
1020,1020,0,8270,0,0,e1dd,001c,8669,8270,0
1021,1021,0,8270,0,0,e11e,001c,8478,8270,0
1022,1022,0,8270,0,0,e00b,001c,8203,8270,0
1023,1023,0,8270,0,0,1f10,001c,7963,8270,0
1024,1024,0,8270,0,0,1f7c,001c,8060,8270,0
1025,1025,0,8270,0,0,1e7d,001c,7805,8270,0
1026,1026,0,8270,0,0,1ef9,001c,7929,8270,0
1027,1027,0,8270,0,0,1ff7,001b,8183,8270,0
1028,1028,0,8270,0,0,1fe7,001b,8167,8270,0
1029,1029,0,8270,0,0,e1df,001b,8671,8270,0
1030,1030,0,8270,0,0,e1de,001a,8670,8270,0
1031,1031,0,8270,0,0,e218,001a,8856,8270,0
1032,1032,0,8270,0,0,e18b,0019,8587,8270,0
1033,1033,0,8270,0,0,e08c,0018,8332,8270,0
1034,1034,0,8270,0,0,1f7b,0017,8059,8270,0
1035,1035,0,8270,0,0,1ebe,0017,7870,8270,0
1036,1036,0,8270,0,0,1e5a,0016,7770,8270,0
1037,1037,0,8270,0,0,1ea3,0015,7843,8270,0
1038,1038,0,8270,0,0,1f92,0014,8082,8270,0
1039,1039,0,8270,0,0,e099,0012,8345,8270,0
1040,1040,0,8270,0,0,e181,0011,8577,8270,0
1041,1041,0,8270,0,0,e207,0010,8711,8270,0
1042,1042,0,8270,0,0,e1f1,000f,8689,8270,0
1043,1043,0,8270,0,0,e0fe,000d,8446,8270,0
1044,1044,0,8270,0,0,1fb5,000d,8117,8270,0
1045,1045,0,8270,0,0,1ed1,000c,7889,8270,0
1046,1046,0,8270,0,0,1e68,000a,7784,8270,0
1047,1047,0,8270,0,0,1e70,0008,7792,8270,0
1048,1048,0,8270,0,0,1f2c,0007,7980,8270,0
1049,1049,0,8270,0,0,e03a,0005,8250,8270,0
1050,1050,0,8270,0,0,e12a,0003,8490,8270,0
1051,1051,0,8270,0,0,e1d0,0001,8656,8270,0
1052,1052,0,8270,0,0,e1d5,fffd,8661,8270,0
1053,1053,0,8270,0,0,e13c,fffb,8508,8270,0
1054,1054,0,8270,0,0,e055,fff8,8277,8270,0
1055,1055,0,8270,0,0,1f1a,fff6,7962,8270,0
1056,1056,0,8270,0,0,1e5c,fff3,7772,8270,0
1057,1057,0,8270,0,0,1e67,fff1,7783,8270,0
1058,1058,0,8270,0,0,1ec7,ffee,7879,8270,0
1059,1059,0,8270,0,0,1fb2,ffeb,8115,8270,0
1060,1060,0,8270,0,0,fffe,ffe8,9214,8270,0
1061,1061,0,8270,0,0,e1fc,ffe5,8636,8270,0
1062,1062,0,8270,0,0,e1fe,ffe2,8702,8270,0
1063,1063,0,8270,0,0,e1de,ffdf,8670,8270,0
1064,1064,0,8270,0,0,e15e,ffd8,8542,8270,0
1065,1065,0,8270,0,0,ed4e,ffd5,12110,8270,0
1066,1066,0,8270,0,0,1f5d,ffd1,8029,8270,0
1067,1067,0,8270,0,0,1eac,ffce,7916,8270,0
1068,1068,0,8270,0,0,1e4d,ffca,7757,8270,0
1069,1069,0,8270,0,0,1e61,ffc6,7777,8270,0
1070,1070,0,8270,0,0,1f58,ffc2,8024,8270,0
1071,1071,0,8270,0,0,e04f,ffbe,8271,8270,0
1072,1072,0,8270,0,0,e159,ffb9,8537,8270,0
1073,1073,0,8270,0,0,e1f6,ffb5,8694,8270,0
1074,1074,0,8270,0,0,e1cb,ffb1,8651,8270,0
1075,1075,0,8270,0,0,e0e9,ffac,8425,8270,0
1076,1076,0,8270,0,0,1fd6,ffa7,8150,8270,0
1077,1077,0,8270,0,0,1ee3,ffa2,7907,8270,0
1078,1078,0,8270,0,0,1e41,ff9d,7745,8270,0
1079,1079,0,8270,0,0,1e47,ff9d,7751,8270,0
1080,1080,0,8270,0,0,1eda,ff98,7898,8270,0
1081,1081,0,8270,0,0,1fda,ff93,8154,8270,0
1082,1082,0,8270,0,0,e105,ff8e,8453,8270,0
1083,1083,0,8270,0,0,e1c0,ff88,8640,8270,0
1084,1084,0,8270,0,0,e1d5,ff82,8661,8270,0
1085,1085,0,8270,0,0,e12f,ff7d,8495,8270,0
1086,1086,0,8270,0,0,e03a,ff77,8250,8270,0
1087,1087,0,8270,0,0,1f1a,ff71,7962,8270,0
1088,1088,0,8270,0,0,1e62,ff6a,7778,8270,0
1089,1089,0,8270,0,0,1e20,ff64,7712,8270,0
1090,1090,0,8270,0,0,1ea7,ff57,7847,8270,0
1091,1091,0,8270,0,0,1f8c,ff50,8076,8270,0
1092,1092,0,8270,0,0,e08f,ff49,8335,8270,0
1093,1093,0,8270,0,0,e149,ff42,8521,8270,0
1094,1094,0,8270,0,0,e1cc,ff3b,8652,8270,0
1095,1095,0,8270,0,0,e185,ff33,8581,8270,0
1096,1096,0,8270,0,0,e1a1,ff2c,8357,8270,0
1097,1097,0,8270,0,0,faed,ff24,16101,8270,0
1098,1098,0,8270,0,0,1f7e,ff1c,8062,8270,0
1099,1099,0,8270,0,0,1e7a,ff14,7802,8270,0
1100,1100,0,8270,0,0,1e7f,ff0c,7807,8270,0
1101,1101,0,8270,0,0,1f5f,ff03,8015,8270,0
1102,1102,0,8270,0,0,1f1a,fefb,7962,8270,0
1103,1103,0,8270,0,0,e010,fef2,8208,8270,0
1104,1104,0,8270,0,0,e120,fee9,8480,8270,0
1105,1105,0,8270,0,0,e1d1,fee0,8657,8270,0
1106,1106,0,8270,0,0,e1aa,fed7,8618,8270,0
1107,1107,0,8270,0,0,e0d0,fecd,8400,8270,0
1108,1108,0,8270,0,0,1fe5,fec4,8165,8270,0
1109,1109,0,8270,0,0,1ede,feba,7902,8270,0
1110,1110,0,8270,0,0,1e2e,feb0,7726,8270,0
1111,1111,0,8270,0,0,1dfb,fea6,7675,8270,0
1112,1112,0,8270,0,0,1eb8,fe9c,7864,8270,0
1113,1113,0,8270,0,0,1fc6,fe91,8134,8270,0
1114,1114,0,8270,0,0,e0dd,fe86,8413,8270,0
1115,1115,0,8270,0,0,e19e,fea6,8606,8270,0
1116,1116,0,8270,0,0,e1ce,fe71,8654,8270,0
1117,1117,0,8270,0,0,e144,fe65,8516,8270,0
1118,1118,0,8270,0,0,e032,fe5a,8242,8270,0
1119,1119,0,8270,0,0,1f2b,fe4e,7979,8270,0
1120,1120,0,8270,0,0,1e62,fe43,7778,8270,0
1121,1121,0,8270,0,0,1e22,fe37,7714,8270,0
1122,1122,0,8270,0,0,1e7c,fe1e,7804,8270,0
1123,1123,0,8270,0,0,1f4e,fe12,8014,8270,0
1124,1124,0,8270,0,0,e07d,fe05,8317,8270,0
1125,1125,0,8270,0,0,e15c,fdf8,8540,8270,0
1126,1126,0,8270,0,0,e1bc,fdeb,8636,8270,0
1127,1127,0,8270,0,0,e191,fdde,8593,8270,0
1128,1128,0,8270,0,0,e0d3,fdc3,8403,8270,0
1129,1129,0,8270,0,0,1f95,fdb5,8085,8270,0
1130,1130,0,8270,0,0,1e9f,fda7,7839,8270,0
1131,1131,0,8270,0,0,1e35,fd99,7743,8270,0
1132,1132,0,8270,0,0,1e7f,fd8a,7807,8270,0
1133,1133,0,8270,0,0,1f7e,fd7c,8062,8270,0
1134,1134,0,8270,0,0,3f36,fd6d,16166,8270,0
1135,1135,0,8270,0,0,e116,fd5e,8470,8270,0
1136,1136,0,8270,0,0,e1df,fd4f,8671,8270,0
1137,1137,0,8270,0,0,e1cf,fd40,8655,8270,0
1138,1138,0,8270,0,0,e1cd,fd30,8645,8270,0
1139,1139,0,8270,0,0,e11d,fd21,8477,8270,0
1140,1140,0,8270,0,0,e00f,fd11,8207,8270,0
1141,1141,0,8270,0,0,1ef7,fd01,7927,8270,0
1142,1142,0,8270,0,0,1e2a,fcf1,7722,8270,0
1143,1143,0,8270,0,0,1e48,fce1,7752,8270,0
1144,1144,0,8270,0,0,1ed1,fcd0,7889,8270,0
1145,1145,0,8270,0,0,1fd1,fcc0,8145,8270,0
1146,1146,0,8270,0,0,e0ee,fcaf,8430,8270,0
1147,1147,0,8270,0,0,e1ad,fc9e,8621,8270,0
1148,1148,0,8270,0,0,e1d5,fc8d,8661,8270,0
1149,1149,0,8270,0,0,e176,fc7b,8566,8270,0
1150,1150,0,8270,0,0,e070,fc6a,8304,8270,0
1151,1151,0,8270,0,0,1f63,fc4a,8035,8270,0
1152,1152,0,8270,0,0,1e91,fc58,7825,8270,0
1153,1153,0,8270,0,0,1e24,fc47,7716,8270,0
1154,1154,0,8270,0,0,1e84,fc35,7812,8270,0
1155,1155,0,8270,0,0,1f8b,fc23,8075,8270,0
1156,1156,0,8270,0,0,e06a,fc11,8298,8270,0
1157,1157,0,8270,0,0,e16e,fbfe,8558,8270,0
1158,1158,0,8270,0,0,e1f7,fbec,8695,8270,0
1159,1159,0,8270,0,0,e1b0,fbda,8624,8270,0
1160,1160,0,8270,0,0,e0ea,fbc7,8426,8270,0
1161,1161,0,8270,0,0,1fe8,fbb4,8168,8270,0
1162,1162,0,8270,0,0,1ef6,fba1,7926,8270,0
1163,1163,0,8270,0,0,1e6e,fb8e,7790,8270,0
1164,1164,0,8270,0,0,1e65,fb7b,7781,8270,0
1165,1165,0,8270,0,0,1f13,fb68,7955,8270,0
1166,1166,0,8270,0,0,e234,fb55,8247,8270,0
1167,1167,0,8270,0,0,e13f,fb41,8511,8270,0
1168,1168,0,8270,0,0,e1f7,fb2e,8703,8270,0
1169,1169,0,8270,0,0,e3d6,fb1a,9174,8270,0
1170,1170,0,8270,0,0,e376,fb07,9078,8270,0
1171,1171,0,8270,0,0,e177,faf3,8567,8270,0
1172,1172,0,8270,0,0,ef61,fadf,16225,8270,0
1173,1173,0,8270,0,0,1f4d,facc,8001,8270,0
1174,1174,0,8270,0,0,1e7e,fab8,7806,8270,0
1175,1175,0,8270,0,0,1e49,faa4,7753,8270,0
1176,1176,0,8270,0,0,1ebe,fa90,7870,8270,0
1177,1177,0,8270,0,0,1fdb,fa7c,8155,8270,0
1178,1178,0,8270,0,0,e102,fa68,8450,8270,0
1179,1179,0,8270,0,0,e1bd,fa54,8637,8270,0
1180,1180,0,8270,0,0,e1f4,fa40,8692,8270,0
1181,1181,0,8270,0,0,e18e,fa2c,8590,8270,0
1182,1182,0,8270,0,0,e0c2,fa18,8386,8270,0
1183,1183,0,8270,0,0,1fae,fa04,8110,8270,0
1184,1184,0,8270,0,0,1ec7,f9f0,7879,8270,0
1185,1185,0,8270,0,0,1e3c,f9dc,7740,8270,0
1186,1186,0,8270,0,0,1e84,f9c8,7812,8270,0
1187,1187,0,8270,0,0,1f54,f9c8,8020,8270,0
1188,1188,0,8270,0,0,e085,f9b4,8325,8270,0
1189,1189,0,8270,0,0,e153,f9a1,8531,8270,0
1190,1190,0,8270,0,0,e1e5,f98d,8677,8270,0
1191,1191,0,8270,0,0,e1e8,f979,8680,8270,0
1192,1192,0,8270,0,0,e11b,f965,8475,8270,0
1193,1193,0,8270,0,0,e017,f952,8215,8270,0
1194,1194,0,8270,0,0,1f0d,f93f,7949,8270,0
1195,1195,0,8270,0,0,1e4e,f92b,7758,8270,0
1196,1196,0,8270,0,0,1e55,f918,7765,8270,0
1197,1197,0,8270,0,0,1f3b,f905,7995,8270,0
1198,1198,0,8270,0,0,e03a,f8f2,8250,8270,0
1199,1199,0,8270,0,0,e144,f8df,8516,8270,0
1200,1200,0,8270,0,0,e1c5,f8cd,8645,8270,0
1201,1201,0,8270,0,0,e1e5,f8ba,8677,8270,0
1202,1202,0,8270,0,0,e17c,f8a8,8573,8270,0
1203,1203,0,8270,0,0,e174,f896,8316,8270,0
1204,1204,0,8270,0,0,ff7d,f884,8052,8270,0
1205,1205,0,8270,0,0,1f7d,f872,8061,8270,0
1206,1206,0,8270,0,0,1e7b,f860,7803,8270,0
1207,1207,0,8270,0,0,1ebb,f84f,7867,8270,0
1208,1208,0,8270,0,0,1fe7,f83e,8166,8270,0
1209,1209,0,8270,0,0,1f65,f82d,8037,8270,0
1210,1210,0,8270,0,0,e09d,f81d,8349,8270,0
1211,1211,0,8270,0,0,e179,f80d,8569,8270,0
1212,1212,0,8270,0,0,e1d3,f7fd,8659,8270,0
1213,1213,0,8270,0,0,e1a3,f7ed,8611,8270,0
1214,1214,0,8270,0,0,e0bc,f7de,8380,8270,0
1215,1215,0,8270,0,0,1f89,f7cf,8073,8270,0
1216,1216,0,8270,0,0,1e9a,f7c0,7834,8270,0
1217,1217,0,8270,0,0,1e34,f7b2,7732,8270,0
1218,1218,0,8270,0,0,1e6a,f7a4,7786,8270,0
1219,1219,0,8270,0,0,1f09,f796,7945,8270,0
1220,1220,0,8270,0,0,e011,f789,8209,8270,0
1221,1221,0,8270,0,0,e131,f77c,8497,8270,0
1222,1222,0,8270,0,0,e1d1,f770,8657,8270,0
1223,1223,0,8270,0,0,e19e,f770,8606,8270,0
1224,1224,0,8270,0,0,e0f5,f764,8437,8270,0
1225,1225,0,8270,0,0,1ff6,f758,8182,8270,0
1226,1226,0,8270,0,0,1ed1,f74d,7889,8270,0
1227,1227,0,8270,0,0,1e23,f742,7715,8270,0
1228,1228,0,8270,0,0,1e1b,f738,7707,8270,0
1229,1229,0,8270,0,0,1eb7,f72f,7863,8270,0
1230,1230,0,8270,0,0,1fa2,f726,8098,8270,0
1231,1231,0,8270,0,0,e0c7,f71d,8391,8270,0
1232,1232,0,8270,0,0,e19e,f715,8606,8270,0
1233,1233,0,8270,0,0,e1b1,f70d,8625,8270,0
1234,1234,0,8270,0,0,e11f,f707,8479,8270,0
1235,1235,0,8270,0,0,e05a,f700,8282,8270,0
1236,1236,0,8270,0,0,1f32,f6fa,7986,8270,0
1237,1237,0,8270,0,0,1e61,f6f5,7777,8270,0
1238,1238,0,8270,0,0,1e26,f6f1,7719,8270,0
1239,1239,0,8270,0,0,1e57,f6ed,7767,8270,0
1240,1240,0,8270,0,0,1f55,f6ea,8021,8270,0
1241,1241,0,8270,0,0,ff53,f6e5,16211,8270,0
1242,1242,0,8270,0,0,e157,f6e4,8535,8270,0
1243,1243,0,8270,0,0,e1fe,f6e4,8702,8270,0
1244,1244,0,8270,0,0,e1ee,f6e4,8686,8270,0
1245,1245,0,8270,0,0,e18e,f6e5,8580,8270,0
1246,1246,0,8270,0,0,e09e,f6e7,8350,8270,0
1247,1247,0,8270,0,0,1f9a,f6e9,8090,8270,0
1248,1248,0,8270,0,0,1e92,f6ed,7826,8270,0
1249,1249,0,8270,0,0,1e1f,f6f1,7711,8270,0
1250,1250,0,8270,0,0,1e3b,f6f6,7739,8270,0
1251,1251,0,8270,0,0,1eef,f6fb,7919,8270,0
1252,1252,0,8270,0,0,e007,f702,8199,8270,0
1253,1253,0,8270,0,0,e10c,f70a,8460,8270,0
1254,1254,0,8270,0,0,e1a1,f712,8609,8270,0
1255,1255,0,8270,0,0,e1b6,f71b,8630,8270,0
1256,1256,0,8270,0,0,e110,f726,8464,8270,0
1257,1257,0,8270,0,0,e00c,f73d,8204,8270,0
1258,1258,0,8270,0,0,1f21,f74a,7969,8270,0
1259,1259,0,8270,0,0,1e4f,f74a,7759,8270,0
1260,1260,0,8270,0,0,1e25,f758,7717,8270,0
1261,1261,0,8270,0,0,1e88,f767,7816,8270,0
1262,1262,0,8270,0,0,1f6f,f777,8047,8270,0
1263,1263,0,8270,0,0,e0a8,f788,8360,8270,0
1264,1264,0,8270,0,0,e17f,f79a,8575,8270,0
1265,1265,0,8270,0,0,e1c4,f7ad,8644,8270,0
1266,1266,0,8270,0,0,e169,f7c1,8553,8270,0
1267,1267,0,8270,0,0,e075,f7d7,8309,8270,0
1268,1268,0,8270,0,0,1f5f,f7ed,8031,8270,0
1269,1269,0,8270,0,0,1e80,f805,7808,8270,0
1270,1270,0,8270,0,0,1e36,f81d,7734,8270,0
1271,1271,0,8270,0,0,1e7c,f837,7804,8270,0
1272,1272,0,8270,0,0,1f4d,f852,8013,8270,0
1273,1273,0,8270,0,0,e255,f86e,8277,8270,0
1274,1274,0,8270,0,0,e139,f88b,8509,8270,0
1275,1275,0,8270,0,0,e1b8,f8aa,8633,8270,0
1276,1276,0,8270,0,0,e1b8,f8c9,8632,8270,0
1277,1277,0,8270,0,0,e1fd,f8ea,8701,8270,0
1278,1278,0,8270,0,0,efe5,f930,12261,8270,0
1279,1279,0,8270,0,0,1fca,f955,8138,8270,0
1280,1280,0,8270,0,0,1eca,f97b,7882,8270,0
1281,1281,0,8270,0,0,1e75,f9a2,7797,8270,0
1282,1282,0,8270,0,0,1e44,f9ca,7748,8270,0
1283,1283,0,8270,0,0,1f0a,f9f4,7946,8270,0
1284,1284,0,8270,0,0,e008,fa20,8200,8270,0
1285,1285,0,8270,0,0,e108,fa4c,8456,8270,0
1286,1286,0,8270,0,0,e1d1,fa7a,8657,8270,0
1287,1287,0,8270,0,0,e1cc,faa9,8652,8270,0
1288,1288,0,8270,0,0,e137,fada,8503,8270,0
1289,1289,0,8270,0,0,e052,fb0c,8274,8270,0
1290,1290,0,8270,0,0,1f2c,fb40,7980,8270,0
1291,1291,0,8270,0,0,1e63,fb75,7779,8270,0
1292,1292,0,8270,0,0,1e66,fbab,7782,8270,0
1293,1293,0,8270,0,0,1eb9,fbe3,7865,8270,0
1294,1294,0,8270,0,0,1f87,fae3,8071,8270,0
1295,1295,0,8270,0,0,e0a2,fc1c,8354,8270,0
1296,1296,0,8270,0,0,e190,fc57,8592,8270,0
1297,1297,0,8270,0,0,e20a,fc93,8714,8270,0
1298,1298,0,8270,0,0,e1ac,fcd1,8620,8270,0
1299,1299,0,8270,0,0,e0af,fd10,8367,8270,0
1300,1300,0,8270,0,0,1f99,fd51,8089,8270,0
1301,1301,0,8270,0,0,1e9c,fd93,7836,8270,0
1302,1302,0,8270,0,0,1e4d,fdd7,7757,8270,0
1303,1303,0,8270,0,0,1e83,fe1c,7811,8270,0
1304,1304,0,8270,0,0,1f44,fe63,8004,8270,0
1305,1305,0,8270,0,0,e043,feab,8259,8270,0
1306,1306,0,8270,0,0,e14a,fef5,8522,8270,0
1307,1307,0,8270,0,0,e1eb,ff41,8683,8270,0
1308,1308,0,8270,0,0,e1d8,ffdc,8664,8270,0
1309,1309,0,8270,0,0,e12d,002d,8493,8270,0
1310,1310,0,8270,0,0,e028,007e,8237,8270,0
1311,1311,0,8270,0,0,fccb,00d2,7368,8270,0
1312,1312,0,8270,0,0,1ef3,0127,7923,8270,0
1313,1313,0,8270,0,0,1e73,017e,7795,8270,0
1314,1314,0,8270,0,0,1ef9,01d6,7929,8270,0
1315,1315,0,8270,0,0,1fdf,0230,8159,8270,0
1316,1316,0,8270,0,0,1fcf,028c,8143,8270,0
1317,1317,0,8270,0,0,e0f6,02e9,8438,8270,0
1318,1318,0,8270,0,0,e1c8,0348,8648,8270,0
1319,1319,0,8270,0,0,e211,03a8,8721,8270,0
1320,1320,0,8270,0,0,e16c,040a,8556,8270,0
1321,1321,0,8270,0,0,e040,046e,8256,8270,0
1322,1322,0,8270,0,0,1f59,04d4,8025,8270,0
1323,1323,0,8270,0,0,1e75,053b,7797,8270,0
1324,1324,0,8270,0,0,1e3b,05a3,7739,8270,0
1325,1325,0,8270,0,0,1ea6,060e,7846,8270,0
1326,1326,0,8270,0,0,1f89,067a,8073,8270,0
1327,1327,0,8270,0,0,e082,06e8,8322,8270,0
1328,1328,0,8270,0,0,e178,0757,8568,8270,0
1329,1329,0,8270,0,0,e1e9,07c8,8681,8270,0
1330,1330,0,8270,0,0,e196,07e8,8598,8270,0
1331,1331,0,8270,0,0,e09a,083b,8346,8270,0
1332,1332,0,8270,0,0,1f5c,08af,8028,8270,0
1333,1333,0,8270,0,0,1e93,0926,7827,8270,0
1334,1334,0,8270,0,0,1e3a,099d,7738,8270,0
1335,1335,0,8270,0,0,1e68,0a17,7784,8270,0
1336,1336,0,8270,0,0,1f1f,0a92,7967,8270,0
1337,1337,0,8270,0,0,e029,0b0e,8233,8270,0
1338,1338,0,8270,0,0,e13a,0b8d,8506,8270,0
1339,1339,0,8270,0,0,e1c7,0c0d,8647,8270,0
1340,1340,0,8270,0,0,e1d6,0c8f,8662,8270,0
1341,1341,0,8270,0,0,e12f,0d12,8495,8270,0
1342,1342,0,8270,0,0,e015,0d97,8213,8270,0
1343,1343,0,8270,0,0,1ef5,0e1d,7925,8270,0
1344,1344,0,8270,0,0,1e59,0ea5,7769,8270,0
1345,1345,0,8270,0,0,1e3e,0f2f,7743,8270,0
1346,1346,0,8270,0,0,1ef4,0fbb,7934,8270,0
1347,1347,0,8270,0,0,1fc4,1048,8132,8270,0
1348,1348,0,8270,0,0,bfd7,10d6,16343,8270,0
1349,1349,0,8270,0,0,e1f3,1166,8691,8270,0
1350,1350,0,8270,0,0,e1ef,11f8,8687,8270,0
1351,1351,0,8270,0,0,e1ff,128b,8703,8270,0
1352,1352,0,8270,0,0,e17b,1320,8571,8270,0
1353,1353,0,8270,0,0,e096,13b7,8342,8270,0
1354,1354,0,8270,0,0,1f4d,144f,8013,8270,0
1355,1355,0,8270,0,0,1e5e,14e8,7774,8270,0
1356,1356,0,8270,0,0,1e27,1583,7719,8270,0
1357,1357,0,8270,0,0,1e8e,1620,7822,8270,0
1358,1358,0,8270,0,0,1f6a,16be,8042,8270,0
1359,1359,0,8270,0,0,e074,175d,8308,8270,0
1360,1360,0,8270,0,0,e159,17fe,8537,8270,0
1361,1361,0,8270,0,0,e1c2,18a1,8642,8270,0
1362,1362,0,8270,0,0,e190,1945,8592,8270,0
1363,1363,0,8270,0,0,e0c6,19ea,8390,8270,0
1364,1364,0,8270,0,0,1fd7,1a91,8151,8270,0
1365,1365,0,8270,0,0,1ec7,1bb9,7879,8270,0
1366,1366,0,8270,0,0,1e0e,1b39,7694,8270,0
1367,1367,0,8270,0,0,1e26,1be2,7718,8270,0
1368,1368,0,8270,0,0,1eea,1c8d,7914,8270,0
1369,1369,0,8270,0,0,1fe9,1d3a,8169,8270,0
1370,1370,0,8270,0,0,e0d5,1de7,8405,8270,0
1371,1371,0,8270,0,0,e1b5,1e96,8629,8270,0
1372,1372,0,8270,0,0,e1e3,1f46,8675,8270,0
1373,1373,0,8270,0,0,e135,1ff8,8501,8270,0
1374,1374,0,8270,0,0,e01e,20aa,8222,8270,0
1375,1375,0,8270,0,0,1f10,215e,7952,8270,0
1376,1376,0,8270,0,0,1e6a,2213,7786,8270,0
1377,1377,0,8270,0,0,1e23,22ca,7715,8270,0
1378,1378,0,8270,0,0,1e9e,2381,7838,8270,0
1379,1379,0,8270,0,0,1f9c,243a,8092,8270,0
1380,1380,0,8270,0,0,e29a,24f4,8346,8270,0
1381,1381,0,8270,0,0,e169,25af,8571,8270,0
1382,1382,0,8270,0,0,e1e4,266b,8685,8270,0
1383,1383,0,8270,0,0,e1f5,2728,8565,8270,0
1384,1384,0,8270,0,0,e17f,27e6,8575,8270,0
1385,1385,0,8270,0,0,ef6f,28a6,12143,8270,0
1386,1386,0,8270,0,0,1f75,2966,8181,8270,0
1387,1387,0,8270,0,0,1e9e,2a27,7828,8270,0
1388,1388,0,8270,0,0,1e7a,2ae9,7786,8270,0
1389,1389,0,8270,0,0,1e70,2bac,7792,8270,0
1390,1390,0,8270,0,0,1f33,2c70,7987,8270,0
1391,1391,0,8270,0,0,e03b,2d35,8251,8270,0
1392,1392,0,8270,0,0,e126,2dfb,8486,8270,0
1393,1393,0,8270,0,0,e1b2,2ec2,8626,8270,0
1394,1394,0,8270,0,0,e1a8,2f89,8616,8270,0
1395,1395,0,8270,0,0,e0e5,3051,8421,8270,0
1396,1396,0,8270,0,0,1fbc,311a,8124,8270,0
1397,1397,0,8270,0,0,1ebb,31e4,7867,8270,0
1398,1398,0,8270,0,0,1e31,32ae,7729,8270,0
1399,1399,0,8270,0,0,1e29,3379,7721,8270,0
1400,1400,0,8270,0,0,1ee8,3444,7912,8270,0
1401,1401,0,8270,0,0,1fd2,3540,8146,8270,0
1402,1402,0,8270,0,0,e0da,3511,8410,8270,0
1403,1403,0,8270,0,0,e196,35dd,8598,8270,0
1404,1404,0,8270,0,0,e1cd,36ab,8653,8270,0
1405,1405,0,8270,0,0,e14a,3779,8522,8270,0
1406,1406,0,8270,0,0,e038,3847,8248,8270,0
1407,1407,0,8270,0,0,1f26,3916,7974,8270,0
1408,1408,0,8270,0,0,1e55,39e5,7765,8270,0
1409,1409,0,8270,0,0,1e11,3ab4,7697,8270,0
1410,1410,0,8270,0,0,1e81,3b84,7809,8270,0
1411,1411,0,8270,0,0,1f55,3c54,8021,8270,0
1412,1412,0,8270,0,0,e06f,3d25,8303,8270,0
1413,1413,0,8270,0,0,e16c,3df6,8556,8270,0
1414,1414,0,8270,0,0,e1c6,3ec7,8646,8270,0
1415,1415,0,8270,0,0,e16a,3f98,8554,8270,0
1416,1416,0,8270,0,0,e09c,4069,8380,8270,0
1417,1417,0,8270,0,0,1f93,413b,8095,8270,0
1418,1418,0,8270,0,0,1fb2,420c,8115,8270,0
1419,1419,0,8270,0,0,1eb2,42de,7858,8270,0
1420,1420,0,8270,0,0,1e3a,43b0,7738,8270,0
1421,1421,0,8270,0,0,1f3a,4481,7994,8270,0
1422,1422,0,8270,0,0,bf16,4553,16150,8270,0
1423,1423,0,8270,0,0,e11e,4624,8470,8270,0
1424,1424,0,8270,0,0,e1af,46f6,8618,8270,0
1425,1425,0,8270,0,0,e1b7,47c7,8631,8270,0
1426,1426,0,8270,0,0,e1b6,4898,8630,8270,0
1427,1427,0,8270,0,0,e110,4969,8464,8270,0
1428,1428,0,8270,0,0,e005,4b0a,8197,8270,0
1429,1429,0,8270,0,0,1ed8,4bda,7896,8270,0
1430,1430,0,8270,0,0,1e2c,4ca9,7724,8270,0
1431,1431,0,8270,0,0,1e3d,4d79,7741,8270,0
1432,1432,0,8270,0,0,1ec0,4e47,7872,8270,0
1433,1433,0,8270,0,0,1fbc,4f16,8124,8270,0
1434,1434,0,8270,0,0,e0ea,4fe4,8426,8270,0
1435,1435,0,8270,0,0,e1a8,50b1,8616,8270,0
1436,1436,0,8270,0,0,e1bf,517d,8639,8270,0
1437,1437,0,8270,0,0,e155,527d,8533,8270,0
1438,1438,0,8270,0,0,e06a,5249,8298,8270,0
1439,1439,0,8270,0,0,1f55,5315,8021,8270,0
1440,1440,0,8270,0,0,1e5f,53e0,7775,8270,0
1441,1441,0,8270,0,0,1e02,54aa,7682,8270,0
1442,1442,0,8270,0,0,1e72,5573,7794,8270,0
1443,1443,0,8270,0,0,1f70,563b,8048,8270,0
1444,1444,0,8270,0,0,e07f,5703,8319,8270,0
1445,1445,0,8270,0,0,e169,57c9,8553,8270,0
1446,1446,0,8270,0,0,e1e8,588f,8680,8270,0
1447,1447,0,8270,0,0,e1a3,5954,8611,8270,0
1448,1448,0,8270,0,0,e0ad,5a18,8365,8270,0
1449,1449,0,8270,0,0,1fb2,5adb,8114,8270,0
1450,1450,0,8270,0,0,1ed0,5b9d,7888,8270,0
1451,1451,0,8270,0,0,1e1f,5c5d,7711,8270,0
1452,1452,0,8270,0,0,1e42,5d1d,7746,8270,0
1453,1453,0,8270,0,0,1f05,5ddb,7943,8270,0
1454,1454,0,8270,0,0,ff07,5e99,8967,8270,0
1455,1455,0,8270,0,0,e127,5f55,8487,8270,0
1456,1456,0,8270,0,0,e1e3,600f,8675,8270,0
1457,1457,0,8270,0,0,e1c2,60c9,8642,8270,0
1458,1458,0,8270,0,0,e1ee,6181,8686,8270,0
1459,1459,0,8270,0,0,e12e,62ed,8494,8270,0
1460,1460,0,8270,0,0,e01d,63a0,11289,8270,0
1461,1461,0,8270,0,0,1f1f,6453,7967,8270,0
1462,1462,0,8270,0,0,1e60,6504,7776,8270,0
1463,1463,0,8270,0,0,1e2d,65b3,7725,8270,0
1464,1464,0,8270,0,0,1e9f,6661,7839,8270,0
1465,1465,0,8270,0,0,1f98,670d,8088,8270,0
1466,1466,0,8270,0,0,e083,67b7,8323,8270,0
1467,1467,0,8270,0,0,e1ac,6860,8620,8270,0
1468,1468,0,8270,0,0,e1ef,6907,8687,8270,0
1469,1469,0,8270,0,0,e17b,69ac,8571,8270,0
1470,1470,0,8270,0,0,e080,6a50,8320,8270,0
1471,1471,0,8270,0,0,1f46,6af1,8006,8270,0
1472,1472,0,8270,0,0,1e8b,6b91,7819,8270,0
1473,1473,0,8270,0,0,1e41,6bb1,7745,8270,0
1474,1474,0,8270,0,0,1e66,6c2f,7782,8270,0
1475,1475,0,8270,0,0,1f2b,6ccb,7979,8270,0
1476,1476,0,8270,0,0,e03c,6d65,8252,8270,0
1477,1477,0,8270,0,0,e153,6dfd,8531,8270,0
1478,1478,0,8270,0,0,e1df,6e93,8671,8270,0
1479,1479,0,8270,0,0,e1b0,6f27,8624,8270,0
1480,1480,0,8270,0,0,e0f1,6fb9,8433,8270,0
1481,1481,0,8270,0,0,1fd5,7049,8149,8270,0
1482,1482,0,8270,0,0,1ec4,70d7,7876,8270,0
1483,1483,0,8270,0,0,1e4d,7162,7757,8270,0
1484,1484,0,8270,0,0,1e5b,71ec,7771,8270,0
1485,1485,0,8270,0,0,1ecc,7273,7884,8270,0
1486,1486,0,8270,0,0,1fe1,72f8,8161,8270,0
1487,1487,0,8270,0,0,e2fe,737b,8446,8270,0
1488,1488,0,8270,0,0,e1b1,73fb,8627,8270,0
1489,1489,0,8270,0,0,e1fa,7479,8699,8270,0
1490,1490,0,8270,0,0,e1fb,74f5,8507,8270,0
1491,1491,0,8270,0,0,e139,756f,8505,8270,0
1492,1492,0,8270,0,0,ff39,75e6,16185,8270,0
1493,1493,0,8270,0,0,1f71,765a,8049,8270,0
1494,1494,0,8270,0,0,1e65,76cc,7781,8270,0
1495,1495,0,8270,0,0,1eae,773c,7844,8270,0
1496,1496,0,8270,0,0,1e8a,77a9,7882,8270,0
1497,1497,0,8270,0,0,1f7f,7814,8063,8270,0
1498,1498,0,8270,0,0,e092,787c,8338,8270,0
1499,1499,0,8270,0,0,e164,78e2,8548,8270,0
1500,1500,0,8270,0,0,e1d5,7945,8661,8270,0
1501,1501,0,8270,0,0,e18e,79a5,8590,8270,0
1502,1502,0,8270,0,0,e08e,7a03,8334,8270,0
1503,1503,0,8270,0,0,1f84,7a5e,8068,8270,0
1504,1504,0,8270,0,0,1e9a,7ab7,7834,8270,0
1505,1505,0,8270,0,0,1e27,7b0d,7719,8270,0
1506,1506,0,8270,0,0,1e3a,7b60,7738,8270,0
1507,1507,0,8270,0,0,1f0d,7bb1,7949,8270,0
1508,1508,0,8270,0,0,e037,7bfe,8247,8270,0
1509,1509,0,8270,0,0,e13b,7bfe,8507,8270,0
1510,1510,0,8270,0,0,e1bc,7c49,8636,8270,0
1511,1511,0,8270,0,0,e1b5,7c92,8629,8270,0
1512,1512,0,8270,0,0,e0e8,7cd7,8424,8270,0
1513,1513,0,8270,0,0,1fe7,7d1a,8167,8270,0
1514,1514,0,8270,0,0,1ee0,7d5a,7904,8270,0
1515,1515,0,8270,0,0,1e19,7d97,7705,8270,0
1516,1516,0,8270,0,0,1e2c,7dd1,7724,8270,0
1517,1517,0,8270,0,0,1ed6,7e09,7894,8270,0
1518,1518,0,8270,0,0,1fba,7e3d,8122,8270,0
1519,1519,0,8270,0,0,e0e5,7e6f,8421,8270,0
1520,1520,0,8270,0,0,e19e,7e9e,8606,8270,0
1521,1521,0,8270,0,0,e1b7,7eca,8631,8270,0
1522,1522,0,8270,0,0,e156,7ef3,8534,8270,0
1523,1523,0,8270,0,0,e03e,7f19,8254,8270,0
1524,1524,0,8270,0,0,1f31,7f3c,7999,8270,0
1525,1525,0,8270,0,0,1f7f,7f5d,8063,8270,0
1526,1526,0,8270,0,0,1e5f,7f7a,7711,8270,0
1527,1527,0,8270,0,0,1e6e,7f95,7790,8270,0
1528,1528,0,8270,0,0,1f7c,7fc1,8060,8270,0
1529,1529,0,8270,0,0,1f79,7fe1,8056,8270,0
1530,1530,0,8270,0,0,e16f,7fed,8557,8270,0
1531,1531,0,8270,0,0,e1de,7ff6,8670,8270,0
1532,1532,0,8270,0,0,e1c5,7ffc,8644,8270,0
1533,1533,0,8270,0,0,e181,7fff,8577,8270,0
1534,1534,0,8270,0,0,e0a7,7fff,8359,8270,0
1535,1535,0,8270,0,0,1fab,7ffc,8107,8270,0
1536,1536,0,8270,0,0,1ea8,7ff6,7848,8270,0
1537,1537,0,8270,0,0,1e17,7fed,7703,8270,0
1538,1538,0,8270,0,0,1e36,7fe1,7734,8270,0
1539,1539,0,8270,0,0,1f28,7fd3,7976,8270,0
1540,1540,0,8270,0,0,e02e,7fc1,8238,8270,0
1541,1541,0,8270,0,0,e127,7fac,8487,8270,0
1542,1542,0,8270,0,0,e1b7,7f95,8631,8270,0
1543,1543,0,8270,0,0,e1b5,7f7a,8629,8270,0
1544,1544,0,8270,0,0,e0f0,7f5e,8432,8270,0
1545,1545,0,8270,0,0,1fd8,7f7d,8152,8270,0
1546,1546,0,8270,0,0,1ed4,7f3c,7892,8270,0
1547,1547,0,8270,0,0,1e37,7f19,7735,8270,0
1548,1548,0,8270,0,0,1e34,7eca,7732,8270,0
1549,1549,0,8270,0,0,1ea6,7e9e,7846,8270,0
1550,1550,0,8270,0,0,1fb5,7e6f,8117,8270,0
1551,1551,0,8270,0,0,e0d1,7e3d,8401,8270,0
1552,1552,0,8270,0,0,e194,7e09,8596,8270,0
1553,1553,0,8270,0,0,e1cc,7dd1,8652,8270,0
1554,1554,0,8270,0,0,e14a,7d97,8522,8270,0
1555,1555,0,8270,0,0,e079,7d5a,8313,8270,0
1556,1556,0,8270,0,0,1f54,7d1a,8020,8270,0
1557,1557,0,8270,0,0,1e55,7cd7,7765,8270,0
1558,1558,0,8270,0,0,1e3c,7c92,7740,8270,0
1559,1559,0,8270,0,0,1e81,7c49,7841,8270,0
1560,1560,0,8270,0,0,1f4f,7bfe,8015,8270,0
1561,1561,0,8270,0,0,ff53,7bb1,9055,8270,0
1562,1562,0,8270,0,0,e15e,7b60,8542,8270,0
1563,1563,0,8270,0,0,e1dd,7b0d,8669,8270,0
1564,1564,0,8270,0,0,e1df,7ab7,8671,8270,0
1565,1565,0,8270,0,0,e1df,7a5e,8671,8270,0
1566,1566,0,8270,0,0,edda,7a03,12234,8270,0
1567,1567,0,8270,0,0,1fbf,79a5,8123,8270,0
1568,1568,0,8270,0,0,1ebe,7945,7870,8270,0
1569,1569,0,8270,0,0,1e27,78e2,7719,8270,0
1570,1570,0,8270,0,0,1e4a,787c,7754,8270,0
1571,1571,0,8270,0,0,1ef4,7814,7924,8270,0
1572,1572,0,8270,0,0,1ff9,77a9,8185,8270,0
1573,1573,0,8270,0,0,e105,773c,8453,8270,0
1574,1574,0,8270,0,0,e1b6,76cc,8630,8270,0
1575,1575,0,8270,0,0,e1bf,765a,8639,8270,0
1576,1576,0,8270,0,0,e118,756f,8472,8270,0
1577,1577,0,8270,0,0,e01b,7479,8219,8270,0
1578,1578,0,8270,0,0,1f03,73fb,7939,8270,0
1579,1579,0,8270,0,0,1e3e,737b,7742,8270,0
1580,1580,0,8270,0,0,1dfb,72fa,7675,8270,0
1581,1581,0,8270,0,0,1eb0,72f8,7856,8270,0
1582,1582,0,8270,0,0,1fa4,7273,8100,8270,0
1583,1583,0,8270,0,0,e094,71ec,8340,8270,0
1584,1584,0,8270,0,0,e16c,7162,8556,8270,0
1585,1585,0,8270,0,0,e1ce,70d7,8654,8270,0
1586,1586,0,8270,0,0,e176,7049,8566,8270,0
1587,1587,0,8270,0,0,e097,6fb9,8343,8270,0
1588,1588,0,8270,0,0,1f71,6f27,8049,8270,0
1589,1589,0,8270,0,0,1e92,6e93,7826,8270,0
1590,1590,0,8270,0,0,1e03,6dfd,7683,8270,0
1591,1591,0,8270,0,0,1e32,6d65,7730,8270,0
1592,1592,0,8270,0,0,1f35,6ccb,7989,8270,0
1593,1593,0,8270,0,0,e041,6c2f,8257,8270,0
1594,1594,0,8270,0,0,e141,6b91,8513,8270,0
1595,1595,0,8270,0,0,e1c1,6af1,8641,8270,0
1596,1596,0,8270,0,0,e1bd,6a50,8637,8270,0
1597,1597,0,8270,0,0,e1b0,6907,8637,8270,0
1598,1598,0,8270,0,0,ffb7,6860,16311,8270,0
1599,1599,0,8270,0,0,1faf,67b7,8111,8270,0
1600,1600,0,8270,0,0,1e9e,670d,7838,8270,0
1601,1601,0,8270,0,0,1e37,6661,7735,8270,0
1602,1602,0,8270,0,0,1ef5,65b3,7925,8270,0
1603,1603,0,8270,0,0,1fdd,6504,8149,8270,0
1604,1604,0,8270,0,0,1fec,6453,8172,8270,0
1605,1605,0,8270,0,0,e0ed,63a0,8429,8270,0
1606,1606,0,8270,0,0,e198,62ed,8600,8270,0
1607,1607,0,8270,0,0,e1be,6237,8638,8270,0
1608,1608,0,8270,0,0,e13b,6181,8507,8270,0
1609,1609,0,8270,0,0,e04b,60c9,8267,8270,0
1610,1610,0,8270,0,0,1f2b,600f,7979,8270,0
1611,1611,0,8270,0,0,1e53,5f55,7763,8270,0
1612,1612,0,8270,0,0,1e19,5e99,7705,8270,0
1613,1613,0,8270,0,0,1e74,5ddb,7796,8270,0
1614,1614,0,8270,0,0,1f82,5d1d,8066,8270,0
1615,1615,0,8270,0,0,e0b1,5c5d,8369,8270,0
1616,1616,0,8270,0,0,e155,5fdd,8533,8270,0
1617,1617,0,8270,0,0,e1ab,5b9d,8619,8270,0
1618,1618,0,8270,0,0,e189,5adb,8585,8270,0
1619,1619,0,8270,0,0,e0bb,5954,8379,8270,0
1620,1620,0,8270,0,0,1fb1,588f,8113,8270,0
1621,1621,0,8270,0,0,1e87,57c9,7815,8270,0
1622,1622,0,8270,0,0,1e01,5703,7681,8270,0
1623,1623,0,8270,0,0,1e5e,563b,7774,8270,0
1624,1624,0,8270,0,0,1f1c,5573,7964,8270,0
1625,1625,0,8270,0,0,e032,54aa,8242,8270,0
1626,1626,0,8270,0,0,e12d,53e0,8493,8270,0
1627,1627,0,8270,0,0,e1b5,5315,8629,8270,0
1628,1628,0,8270,0,0,e1b8,5249,8632,8270,0
1629,1629,0,8270,0,0,e10e,50b1,8462,8270,0
1630,1630,0,8270,0,0,1fff,4fe4,8191,8270,0
1631,1631,0,8270,0,0,1eef,4f16,7919,8270,0
1632,1632,0,8270,0,0,1e27,4e47,7719,8270,0
1633,1633,0,8270,0,0,1e32,4d79,7735,8270,0
1634,1634,0,8270,0,0,1ebb,4ca9,7867,8270,0
1635,1635,0,8270,0,0,1ffd,4bda,8189,8270,0
1636,1636,0,8270,0,0,ffe5,4b0a,16357,8270,0
1637,1637,0,8270,0,0,e1ef,4a3a,8687,8270,0
1638,1638,0,8270,0,0,e1bf,4969,8622,8270,0
1639,1639,0,8270,0,0,e1b3,4898,8627,8270,0
1640,1640,0,8270,0,0,e132,47c7,8562,8270,0
1641,1641,0,8270,0,0,e06a,46f6,8298,8270,0
1642,1642,0,8270,0,0,1f61,4624,8033,8270,0
1643,1643,0,8270,0,0,1e63,4553,7779,8270,0
1644,1644,0,8270,0,0,1e1c,4481,7708,8270,0
1645,1645,0,8270,0,0,1e98,43b0,7832,8270,0
1646,1646,0,8270,0,0,1f5e,42de,8030,8270,0
1647,1647,0,8270,0,0,e069,420c,8297,8270,0
1648,1648,0,8270,0,0,e165,413b,8549,8270,0
1649,1649,0,8270,0,0,e1bc,4069,8636,8270,0
1650,1650,0,8270,0,0,e182,3f98,8578,8270,0
1651,1651,0,8270,0,0,e0c6,3ec7,8390,8270,0
1652,1652,0,8270,0,0,1f9e,3de7,8094,8270,0
1653,1653,0,8270,0,0,1eb9,3df6,7865,8270,0
1654,1654,0,8270,0,0,1e15,3d25,7701,8270,0
1655,1655,0,8270,0,0,1e3f,3b84,7743,8270,0
1656,1656,0,8270,0,0,1f21,3b84,7969,8270,0
1657,1657,0,8270,0,0,e017,3ab4,8215,8270,0
1658,1658,0,8270,0,0,e0fb,39e5,8443,8270,0
1659,1659,0,8270,0,0,e1b7,3916,8631,8270,0
1660,1660,0,8270,0,0,e1ac,3847,8620,8270,0
1661,1661,0,8270,0,0,e109,3779,8457,8270,0
1662,1662,0,8270,0,0,e02e,36ab,8238,8270,0
1663,1663,0,8270,0,0,1f15,35dd,7957,8270,0
1664,1664,0,8270,0,0,1e42,3511,7746,8270,0
1665,1665,0,8270,0,0,1e20,3444,7712,8270,0
1666,1666,0,8270,0,0,1ea9,3379,7849,8270,0
1667,1667,0,8270,0,0,1fb5,32ae,8117,8270,0
1668,1668,0,8270,0,0,efda,31e4,9183,8270,0
1669,1669,0,8270,0,0,e1da,311a,8602,8270,0
1670,1670,0,8270,0,0,e1fb,3051,8699,8270,0
1671,1671,0,8270,0,0,e1fb,2f89,8699,8270,0
1672,1672,0,8270,0,0,e179,2ec2,8569,8270,0
1673,1673,0,8270,0,0,ef65,2dfb,16229,8270,0
1674,1674,0,8270,0,0,1f65,2d35,8037,8270,0
1675,1675,0,8270,0,0,1e9a,2c70,7826,8270,0
1676,1676,0,8270,0,0,1e1a,2bac,7770,8270,0
1677,1677,0,8270,0,0,1e52,2ae9,7762,8270,0
1678,1678,0,8270,0,0,1f46,2a27,8006,8270,0
1679,1679,0,8270,0,0,e06a,2966,8298,8270,0
1680,1680,0,8270,0,0,e138,28a6,8504,8270,0
1681,1681,0,8270,0,0,e1cc,27e6,8652,8270,0
1682,1682,0,8270,0,0,e19b,2728,8603,8270,0
1683,1683,0,8270,0,0,e0ce,266b,8398,8270,0
1684,1684,0,8270,0,0,1fbe,25af,8126,8270,0
1685,1685,0,8270,0,0,1ebf,24f4,7871,8270,0
1686,1686,0,8270,0,0,1e36,243a,7734,8270,0
1687,1687,0,8270,0,0,1e40,22c9,7744,8270,0
1688,1688,0,8270,0,0,1ec9,22ca,7881,8270,0
1689,1689,0,8270,0,0,1fdb,2213,8155,8270,0
1690,1690,0,8270,0,0,e110,215e,8464,8270,0
1691,1691,0,8270,0,0,e1a6,20aa,8614,8270,0
1692,1692,0,8270,0,0,e1c1,1ff8,8641,8270,0
1693,1693,0,8270,0,0,e11e,1f46,8478,8270,0
1694,1694,0,8270,0,0,e038,1e96,8248,8270,0
1695,1695,0,8270,0,0,1f30,1de7,7984,8270,0
1696,1696,0,8270,0,0,1e42,1d3a,7746,8270,0
1697,1697,0,8270,0,0,1e32,1c8d,7730,8270,0
1698,1698,0,8270,0,0,1e8b,1be2,7819,8270,0
1699,1699,0,8270,0,0,1f72,1b39,8050,8270,0
1700,1700,0,8270,0,0,e09a,1a91,8346,8270,0
1701,1701,0,8270,0,0,e180,19ea,8576,8270,0
1702,1702,0,8270,0,0,e1d1,1945,8657,8270,0
1703,1703,0,8270,0,0,e17a,18a1,8571,8270,0
1704,1704,0,8270,0,0,e1b7,17fe,8639,8270,0
1705,1705,0,8270,0,0,ffef,175d,8175,8270,0
1706,1706,0,8270,0,0,1f7f,16be,8063,8270,0
1707,1707,0,8270,0,0,1e7f,1620,7807,8270,0
1708,1708,0,8270,0,0,1e4f,14e8,7759,8270,0
1709,1709,0,8270,0,0,1f73,144f,8018,8270,0
1710,1710,0,8270,0,0,1f31,13b7,7985,8270,0
1711,1711,0,8270,0,0,e02f,1320,8239,8270,0
1712,1712,0,8270,0,0,e143,128b,8515,8270,0
1713,1713,0,8270,0,0,e1bc,11f8,8636,8270,0
1714,1714,0,8270,0,0,e19d,1166,8605,8270,0
1715,1715,0,8270,0,0,e0dd,10d6,8413,8270,0
1716,1716,0,8270,0,0,1fe3,1048,8163,8270,0
1717,1717,0,8270,0,0,1ed5,0fbb,7893,8270,0
1718,1718,0,8270,0,0,1e21,0f2f,7713,8270,0
1719,1719,0,8270,0,0,1e20,0ea5,7712,8270,0
1720,1720,0,8270,0,0,1ed6,0e1d,7894,8270,0
1721,1721,0,8270,0,0,1fbe,0d97,8126,8270,0
1722,1722,0,8270,0,0,e0c7,0d12,8391,8270,0
1723,1723,0,8270,0,0,e1b0,0c8f,8624,8270,0
1724,1724,0,8270,0,0,e1d9,0c8f,8665,8270,0
1725,1725,0,8270,0,0,e136,0c0d,8502,8270,0
1726,1726,0,8270,0,0,e03b,0b8d,8251,8270,0
1727,1727,0,8270,0,0,1f23,0b0e,7971,8270,0
1728,1728,0,8270,0,0,1e4e,0a92,7758,8270,0
1729,1729,0,8270,0,0,1e31,0a17,7729,8270,0
1730,1730,0,8270,0,0,1e73,099d,7795,8270,0
1731,1731,0,8270,0,0,1f68,0926,8040,8270,0
1732,1732,0,8270,0,0,e06f,08af,8303,8270,0
1733,1733,0,8270,0,0,e18b,083b,8587,8270,0
1734,1734,0,8270,0,0,e1a0,07c8,8608,8270,0
1735,1735,0,8270,0,0,e18c,0757,8588,8270,0
1736,1736,0,8270,0,0,e0b7,06e8,8375,8270,0
1737,1737,0,8270,0,0,1f85,067a,8069,8270,0
1738,1738,0,8270,0,0,1e7a,060e,7802,8270,0
1739,1739,0,8270,0,0,1e37,05a3,7743,8270,0
1740,1740,0,8270,0,0,1e52,053b,7767,8270,0
1741,1741,0,8270,0,0,1f59,04d4,8025,8270,0
1742,1742,0,8270,0,0,3f1b,046e,16153,8270,0
1743,1743,0,8270,0,0,e11e,040a,8478,8270,0
1744,1744,0,8270,0,0,e1df,03a8,8671,8270,0
1745,1745,0,8270,0,0,e1df,0348,8649,8270,0
1746,1746,0,8270,0,0,e1f7,02e9,8695,8270,0
1747,1747,0,8270,0,0,e0f0,028c,8432,8270,0
1748,1748,0,8270,0,0,1fe9,0230,8169,8270,0
1749,1749,0,8270,0,0,1ef9,01d6,7929,8270,0
1750,1750,0,8270,0,0,1e40,017e,7744,8270,0
1751,1751,0,8270,0,0,1e3a,0127,7738,8270,0
1752,1752,0,8270,0,0,1eb4,00d2,7860,8270,0
1753,1753,0,8270,0,0,1fae,007e,8110,8270,0
1754,1754,0,8270,0,0,e0c1,002d,8385,8270,0
1755,1755,0,8270,0,0,e16b,ffdc,8555,8270,0
1756,1756,0,8270,0,0,e1ca,ff8e,8650,8270,0
1757,1757,0,8270,0,0,e161,ff41,8545,8270,0
1758,1758,0,8270,0,0,e05c,fef5,8284,8270,0
1759,1759,0,8270,0,0,1f51,feab,8017,8270,0
1760,1760,0,8270,0,0,1e8c,feab,7820,8270,0
1761,1761,0,8270,0,0,1e10,fe63,7696,8270,0
1762,1762,0,8270,0,0,1e61,fe1c,7777,8270,0
1763,1763,0,8270,0,0,1f38,fdd7,7992,8270,0
1764,1764,0,8270,0,0,e062,fd93,8290,8270,0
1765,1765,0,8270,0,0,e166,fd51,8550,8270,0
1766,1766,0,8270,0,0,e1c9,fd10,8649,8270,0
1767,1767,0,8270,0,0,e187,fcd1,8583,8270,0
1768,1768,0,8270,0,0,e0dc,fc93,8412,8270,0
1769,1769,0,8270,0,0,1fbf,fc57,8127,8270,0
1770,1770,0,8270,0,0,1eb0,fc1c,7856,8270,0
1771,1771,0,8270,0,0,1e30,fbe3,7728,8270,0
1772,1772,0,8270,0,0,1e3a,fbab,7738,8270,0
1773,1773,0,8270,0,0,1ee7,fb75,7911,8270,0
1774,1774,0,8270,0,0,1fee,fb40,8174,8270,0
1775,1775,0,8270,0,0,ef31,fb0c,9023,8270,0
1776,1776,0,8270,0,0,e1bb,fada,8635,8270,0
1777,1777,0,8270,0,0,e1ee,faa9,8686,8270,0
1778,1778,0,8270,0,0,e1e5,fa7a,8677,8270,0
1779,1779,0,8270,0,0,e127,fa4c,8487,8270,0
1780,1780,0,8270,0,0,e826,fa20,11494,8270,0
1781,1781,0,8270,0,0,1ef1,f9f4,7921,8270,0
1782,1782,0,8270,0,0,1e5e,f9ca,7762,8270,0
1783,1783,0,8270,0,0,1e3d,f9a2,7741,8270,0
1784,1784,0,8270,0,0,1eae,f97b,7854,8270,0
1785,1785,0,8270,0,0,1f95,f955,8085,8270,0
1786,1786,0,8270,0,0,e07f,f930,8319,8270,0
1787,1787,0,8270,0,0,e16a,f90d,8554,8270,0
1788,1788,0,8270,0,0,e1c1,f8ea,8641,8270,0
1789,1789,0,8270,0,0,e163,f8c9,8547,8270,0
1790,1790,0,8270,0,0,e094,f8aa,8340,8270,0
1791,1791,0,8270,0,0,1f72,f88b,8050,8270,0
1792,1792,0,8270,0,0,1e74,f86e,7796,8270,0
1793,1793,0,8270,0,0,1e07,f852,7687,8270,0
1794,1794,0,8270,0,0,1e42,f837,7746,8270,0
1795,1795,0,8270,0,0,1f28,f837,7976,8270,0
1796,1796,0,8270,0,0,e046,f81d,8262,8270,0
1797,1797,0,8270,0,0,e12e,f805,8494,8270,0
1798,1798,0,8270,0,0,e1ce,f7ed,8654,8270,0
1799,1799,0,8270,0,0,e1c5,f7d7,8645,8270,0
1800,1800,0,8270,0,0,e0c8,f7c1,8392,8270,0
1801,1801,0,8270,0,0,1fd7,f7ad,8151,8270,0
1802,1802,0,8270,0,0,1ee7,f79a,7911,8270,0
1803,1803,0,8270,0,0,1e19,f788,7705,8270,0
1804,1804,0,8270,0,0,1e16,f777,7702,8270,0
1805,1805,0,8270,0,0,1ede,f767,7902,8270,0
1806,1806,0,8270,0,0,1ff1,f758,8177,8270,0
1807,1807,0,8270,0,0,e0fc,f74a,8444,8270,0
1808,1808,0,8270,0,0,e184,f73d,8580,8270,0
1809,1809,0,8270,0,0,e1b7,f731,8631,8270,0
1810,1810,0,8270,0,0,e139,f726,8505,8270,0
1811,1811,0,8270,0,0,e079,f71b,8313,8270,0
1812,1812,0,8270,0,0,ff5f,f712,7945,8270,0
1813,1813,0,8270,0,0,1f7f,f70a,8062,8270,0
1814,1814,0,8270,0,0,1e77,f702,7799,8270,0
1815,1815,0,8270,0,0,1e7f,f6fb,7807,8270,0
1816,1816,0,8270,0,0,1f7f,f6f6,8063,8270,0
1817,1817,0,8270,0,0,1f78,f6f1,8056,8270,0
1818,1818,0,8270,0,0,e09d,f6ed,8413,8270,0
1819,1819,0,8270,0,0,e159,f6e9,8537,8270,0
1820,1820,0,8270,0,0,e1b5,f6e7,8629,8270,0
1821,1821,0,8270,0,0,e185,f6e5,8581,8270,0
1822,1822,0,8270,0,0,e087,f6e4,8327,8270,0
1823,1823,0,8270,0,0,1f86,f6e4,8070,8270,0
1824,1824,0,8270,0,0,1e95,f6e4,7829,8270,0
1825,1825,0,8270,0,0,1e0e,f6e5,7694,8270,0
1826,1826,0,8270,0,0,1e4c,f6e7,7756,8270,0
1827,1827,0,8270,0,0,1f17,f6ea,7959,8270,0
1828,1828,0,8270,0,0,e02e,f6ed,8238,8270,0
1829,1829,0,8270,0,0,e13d,f6f1,8509,8270,0
1830,1830,0,8270,0,0,e1bf,f6f5,8639,8270,0
1831,1831,0,8270,0,0,e1a8,f6f5,8616,8270,0
1832,1832,0,8270,0,0,e105,f700,8453,8270,0
1833,1833,0,8270,0,0,1fef,f707,8175,8270,0
1834,1834,0,8270,0,0,1edc,f70d,7900,8270,0
1835,1835,0,8270,0,0,1e2f,f715,7727,8270,0
1836,1836,0,8270,0,0,1e29,f71d,7721,8270,0
1837,1837,0,8270,0,0,1ec1,f72f,7873,8270,0
1838,1838,0,8270,0,0,1fce,f738,8142,8270,0
1839,1839,0,8270,0,0,e0e6,f742,8422,8270,0
1840,1840,0,8270,0,0,e1a4,f74d,8612,8270,0
1841,1841,0,8270,0,0,e1b8,f758,8632,8270,0
1842,1842,0,8270,0,0,e112,f764,8466,8270,0
1843,1843,0,8270,0,0,e043,f770,8259,8270,0
1844,1844,0,8270,0,0,1f4f,f77c,8015,8270,0
1845,1845,0,8270,0,0,1e71,f789,7793,8270,0
1846,1846,0,8270,0,0,1e22,f796,7731,8270,0
1847,1847,0,8270,0,0,1e5b,f7a4,7771,8270,0
1848,1848,0,8270,0,0,1f73,f7b2,8059,8270,0
1849,1849,0,8270,0,0,3f7f,f7c0,16239,8270,0
1850,1850,0,8270,0,0,e17f,f7cf,8575,8270,0
1851,1851,0,8270,0,0,e1dc,f7de,8668,8270,0
1852,1852,0,8270,0,0,e1fe,f7ed,8702,8270,0
1853,1853,0,8270,0,0,e1fe,f7fd,8702,8270,0
1854,1854,0,8270,0,0,e0aa,f80d,8362,8270,0
1855,1855,0,8270,0,0,1f9e,f81d,8094,8270,0
1856,1856,0,8270,0,0,1ea2,f82d,7842,8270,0
1857,1857,0,8270,0,0,1e1f,f83e,7711,8270,0
1858,1858,0,8270,0,0,1e45,f84f,7749,8270,0
1859,1859,0,8270,0,0,1eef,f860,7919,8270,0
1860,1860,0,8270,0,0,e007,f872,8199,8270,0
1861,1861,0,8270,0,0,e126,f884,8486,8270,0
1862,1862,0,8270,0,0,e1b5,f896,8629,8270,0
1863,1863,0,8270,0,0,e1a3,f8a8,8611,8270,0
1864,1864,0,8270,0,0,e102,f8ba,8450,8270,0
1865,1865,0,8270,0,0,1fe2,f8cd,8162,8270,0
1866,1866,0,8270,0,0,1ed8,f8df,7896,8270,0
1867,1867,0,8270,0,0,1df6,f8df,7670,8270,0
1868,1868,0,8270,0,0,1dfd,f8f2,7677,8270,0
1869,1869,0,8270,0,0,1eb4,f905,7860,8270,0
1870,1870,0,8270,0,0,1fa8,f918,8104,8270,0
1871,1871,0,8270,0,0,e0bb,f92b,8379,8270,0
1872,1872,0,8270,0,0,e195,f93f,8597,8270,0
1873,1873,0,8270,0,0,e1bf,f952,8639,8270,0
1874,1874,0,8270,0,0,e145,f965,8517,8270,0
1875,1875,0,8270,0,0,e083,f979,8323,8270,0
1876,1876,0,8270,0,0,1f60,f98d,8032,8270,0
1877,1877,0,8270,0,0,1e78,f9a1,7800,8270,0
1878,1878,0,8270,0,0,1e0b,f9b4,7691,8270,0
1879,1879,0,8270,0,0,1e4c,f9c8,7756,8270,0
1880,1880,0,8270,0,0,1f3e,f9dc,7998,8270,0
1881,1881,0,8270,0,0,e253,f9f0,8307,8270,0
1882,1882,0,8270,0,0,e138,fa04,8507,8270,0
1883,1883,0,8270,0,0,e1bf,fa18,8639,8270,0
1884,1884,0,8270,0,0,e1af,fa2c,8623,8270,0
1885,1885,0,8270,0,0,e1ef,fa40,8687,8270,0
1886,1886,0,8270,0,0,efca,fa54,12234,8270,0
1887,1887,0,8270,0,0,1fdd,fa68,8157,8270,0
1888,1888,0,8270,0,0,1edd,fa7c,7901,8270,0
1889,1889,0,8270,0,0,1e23,fa90,7712,8270,0
1890,1890,0,8270,0,0,1e53,faa4,7891,8270,0
1891,1891,0,8270,0,0,1ee2,fab8,7906,8270,0
1892,1892,0,8270,0,0,1fcd,facc,8141,8270,0
1893,1893,0,8270,0,0,e0e9,fadf,8425,8270,0
1894,1894,0,8270,0,0,e1a9,faf3,8617,8270,0
1895,1895,0,8270,0,0,e1a8,fb07,8616,8270,0
1896,1896,0,8270,0,0,e123,fb1a,8483,8270,0
1897,1897,0,8270,0,0,e01d,fb2e,8221,8270,0
1898,1898,0,8270,0,0,1f16,fb41,7958,8270,0
1899,1899,0,8270,0,0,1e67,fb55,7783,8270,0
1900,1900,0,8270,0,0,1e0a,fb68,7690,8270,0
1901,1901,0,8270,0,0,1e6a,fb7b,7786,8270,0
1902,1902,0,8270,0,0,1f61,fb5f,8033,8270,0
1903,1903,0,8270,0,0,e0a0,fb8e,8352,8270,0
1904,1904,0,8270,0,0,e17d,fba1,8573,8270,0
1905,1905,0,8270,0,0,e1bc,fbb4,8636,8270,0
1906,1906,0,8270,0,0,e170,fbc7,8560,8270,0
1907,1907,0,8270,0,0,e07d,fbda,8317,8270,0
1908,1908,0,8270,0,0,1f66,fbec,8038,8270,0
1909,1909,0,8270,0,0,1e86,fbfe,7814,8270,0
1910,1910,0,8270,0,0,1e15,fc11,7701,8270,0
1911,1911,0,8270,0,0,1e5f,fc23,7775,8270,0
1912,1912,0,8270,0,0,1f28,fc35,7976,8270,0
1913,1913,0,8270,0,0,e02c,fc47,8236,8270,0
1914,1914,0,8270,0,0,e144,fc58,8516,8270,0
1915,1915,0,8270,0,0,e1c6,fc6a,8646,8270,0
1916,1916,0,8270,0,0,e192,fc7b,8594,8270,0
1917,1917,0,8270,0,0,e0df,fc8d,8415,8270,0
1918,1918,0,8270,0,0,e003,fc9e,8211,8270,0
1919,1919,0,8270,0,0,dee3,fcaf,7907,8270,0
1920,1920,0,8270,0,0,1ee3,fcc0,7907,8270,0
1921,1921,0,8270,0,0,1e6f,fcd0,7791,8270,0
1922,1922,0,8270,0,0,1ebe,fce1,7870,8270,0
1923,1923,0,8270,0,0,1fff,fcf1,8190,8270,0
1924,1924,0,8270,0,0,1fc3,fd01,8131,8270,0
1925,1925,0,8270,0,0,e0ee,fd11,8430,8270,0
1926,1926,0,8270,0,0,e1a1,fd21,8673,8270,0
1927,1927,0,8270,0,0,e1c7,fd30,8647,8270,0
1928,1928,0,8270,0,0,e135,fd40,8501,8270,0
1929,1929,0,8270,0,0,e029,fd4f,8233,8270,0
1930,1930,0,8270,0,0,1f43,fd5e,8003,8270,0
1931,1931,0,8270,0,0,1e60,fd6d,7776,8270,0
1932,1932,0,8270,0,0,1e11,fd7c,7697,8270,0
1933,1933,0,8270,0,0,1e7f,fd8a,7807,8270,0
1934,1934,0,8270,0,0,1f63,fd99,8035,8270,0
1935,1935,0,8270,0,0,e093,fda7,8339,8270,0
1936,1936,0,8270,0,0,e17e,fdb5,8574,8270,0
1937,1937,0,8270,0,0,e1d4,fdc3,8660,8270,0
1938,1938,0,8270,0,0,e182,fdc3,8578,8270,0
1939,1939,0,8270,0,0,e092,fdd0,8338,8270,0
1940,1940,0,8270,0,0,1f89,fdde,8073,8270,0
1941,1941,0,8270,0,0,1eba,fdeb,7866,8270,0
1942,1942,0,8270,0,0,1e14,fdf8,7700,8270,0
1943,1943,0,8270,0,0,1e49,fe05,7753,8270,0
1944,1944,0,8270,0,0,1f03,fe12,7939,8270,0
1945,1945,0,8270,0,0,e02a,fe1e,8234,8270,0
1946,1946,0,8270,0,0,e149,fe2a,8521,8270,0
1947,1947,0,8270,0,0,e1d0,fe37,8656,8270,0
1948,1948,0,8270,0,0,e1ac,fe43,8620,8270,0
1949,1949,0,8270,0,0,e0e9,fe4e,8425,8270,0
1950,1950,0,8270,0,0,1fe0,fe5a,8160,8270,0
1951,1951,0,8270,0,0,1ee5,fe65,7909,8270,0
1952,1952,0,8270,0,0,1e3d,fe71,7741,8270,0
1953,1953,0,8270,0,0,1e20,fe7c,7712,8270,0
1954,1954,0,8270,0,0,1ee2,fe86,7906,8270,0
1955,1955,0,8270,0,0,1fae,fe91,8110,8270,0
1956,1956,0,8270,0,0,ffbc,fe9c,16316,8270,0
1957,1957,0,8270,0,0,e1bf,fea6,8639,8270,0
1958,1958,0,8270,0,0,e1df,feb0,8671,8270,0
1959,1959,0,8270,0,0,e1df,feba,8671,8270,0
1960,1960,0,8270,0,0,e171,fec4,8529,8270,0
1961,1961,0,8270,0,0,e070,fecd,8304,8270,0
1962,1962,0,8270,0,0,1f4e,fed7,8014,8270,0
1963,1963,0,8270,0,0,1e63,fee0,7779,8270,0
1964,1964,0,8270,0,0,1e0e,fee9,7694,8270,0
1965,1965,0,8270,0,0,1e71,fef2,7793,8270,0
1966,1966,0,8270,0,0,1f62,fefb,8034,8270,0
1967,1967,0,8270,0,0,e07c,ff03,8316,8270,0
1968,1968,0,8270,0,0,e155,ff0c,8533,8270,0
1969,1969,0,8270,0,0,e1b3,ff14,8627,8270,0
1970,1970,0,8270,0,0,e174,ff1c,8564,8270,0
1971,1971,0,8270,0,0,e0b8,ff24,8376,8270,0
1972,1972,0,8270,0,0,1f9a,ff2c,8090,8270,0
1973,1973,0,8270,0,0,1e9b,ff33,7835,8270,0
1974,1974,0,8270,0,0,1e0e,ff3b,7694,8270,0
1975,1975,0,8270,0,0,1e3a,ff42,7738,8270,0
1976,1976,0,8270,0,0,1efe,ff49,7934,8270,0
1977,1977,0,8270,0,0,e004,ff50,8196,8270,0
1978,1978,0,8270,0,0,e0fe,ff57,8446,8270,0
1979,1979,0,8270,0,0,e1ae,ff5d,8622,8270,0
1980,1980,0,8270,0,0,e1bd,ff64,8637,8270,0
1981,1981,0,8270,0,0,e109,ff6a,8457,8270,0
1982,1982,0,8270,0,0,e005,ff71,8197,8270,0
1983,1983,0,8270,0,0,1ef0,ff77,7920,8270,0
1984,1984,0,8270,0,0,1e50,ff7d,7760,8270,0
1985,1985,0,8270,0,0,1e35,ff82,7733,8270,0
1986,1986,0,8270,0,0,1e7d,ff88,7805,8270,0
1987,1987,0,8270,0,0,1f7b,ff8e,8059,8270,0
1988,1988,0,8270,0,0,e0a9,ff93,8361,8270,0
1989,1989,0,8270,0,0,e1a5,ff98,8613,8270,0
1990,1990,0,8270,0,0,e1ca,ff9d,8655,8270,0
1991,1991,0,8270,0,0,e1e7,ffa2,8559,8270,0
1992,1992,0,8270,0,0,e17f,ffa7,8575,8270,0
1993,1993,0,8270,0,0,ef7a,ffac,12154,8270,0
1994,1994,0,8270,0,0,1f57,ffb1,8023,8270,0
1995,1995,0,8270,0,0,1e6f,ffb5,7791,8270,0
1996,1996,0,8270,0,0,1e9e,ffb9,7836,8270,0
1997,1997,0,8270,0,0,1e8a,ffbe,7810,8270,0
1998,1998,0,8270,0,0,1f2a,ffc2,7978,8270,0
1999,1999,0,8270,0,0,e01e,ffc6,8222,8270,0
2000,2000,0,8270,0,0,e16c,ffca,8556,8270,0
2001,2001,0,8270,0,0,e1ec,ffce,8684,8270,0
2002,2002,0,8270,0,0,e1c3,ffd5,8643,8270,0
2003,2003,0,8270,0,0,e0e0,ffd8,8416,8270,0
2004,2004,0,8270,0,0,1faf,ffdc,8111,8270,0
2005,2005,0,8270,0,0,1eba,ffdf,7866,8270,0
2006,2006,0,8270,0,0,1e13,ffe2,7699,8270,0
2007,2007,0,8270,0,0,1e1e,ffe8,7710,8270,0
2008,2008,0,8270,0,0,1ee3,ffeb,7907,8270,0
2009,2009,0,8270,0,0,1fe0,ffee,8160,8270,0
2010,2010,0,8270,0,0,e0e9,ffee,8425,8270,0
2011,2011,0,8270,0,0,e197,fff1,8599,8270,0
2012,2012,0,8270,0,0,e1be,fff3,8638,8270,0
2013,2013,0,8270,0,0,e11e,fff6,8478,8270,0
2014,2014,0,8270,0,0,e022,fffb,8226,8270,0
2015,2015,0,8270,0,0,1f2f,fffd,7983,8270,0
2016,2016,0,8270,0,0,1e58,ffff,7768,8270,0
2017,2017,0,8270,0,0,1e0f,0001,7695,8270,0
2018,2018,0,8270,0,0,1e76,0003,7798,8270,0
2019,2019,0,8270,0,0,1f76,0005,8054,8270,0
2020,2020,0,8270,0,0,e073,0007,8307,8270,0
2021,2021,0,8270,0,0,e170,0008,8560,8270,0
2022,2022,0,8270,0,0,e1ca,000a,8650,8270,0
2023,2023,0,8270,0,0,e17a,000c,8570,8270,0
2024,2024,0,8270,0,0,e091,000d,8337,8270,0
2025,2025,0,8270,0,0,1f74,000f,8053,8270,0
2026,2026,0,8270,0,0,1fb4,0010,7860,8270,0
2027,2027,0,8270,0,0,1e9e,0011,7710,8270,0
2028,2028,0,8270,0,0,1e2a,0012,7722,8270,0
2029,2029,0,8270,0,0,1f2f,0015,7983,8270,0
2030,2030,0,8270,0,0,1f0f,0016,7951,8270,0
2031,2031,0,8270,0,0,e13b,0017,8505,8270,0
2032,2032,0,8270,0,0,e19a,0017,8602,8270,0
2033,2033,0,8270,0,0,e1a4,0018,8612,8270,0
2034,2034,0,8270,0,0,e1b9,0019,8633,8270,0
2035,2035,0,8270,0,0,e0f7,001a,8439,8270,0
2036,2036,0,8270,0,0,1feb,001a,8171,8270,0
2037,2037,0,8270,0,0,1ed1,001b,7889,8270,0
2038,2038,0,8270,0,0,1e26,001b,7718,8270,0
2039,2039,0,8270,0,0,1e21,001b,7713,8270,0
2040,2040,0,8270,0,0,1eb3,001c,7859,8270,0
2041,2041,0,8270,0,0,1fc1,001c,8129,8270,0
2042,2042,0,8270,0,0,e0dc,001c,8412,8270,0
2043,2043,0,8270,0,0,e18f,001c,8591,8270,0
2044,2044,0,8270,0,0,e1ad,001c,8621,8270,0
2045,2045,0,8270,0,0,e14b,001c,8523,8270,0
2046,2046,0,8270,0,0,e067,001c,8295,8270,0
2047,2047,0,8270,0,0,1f32,001c,7986,8270,0
2048,2048,1,8523,0,1,1e53,001c,7763,8523,1
2049,2049,0,8523,0,1,1e13,001c,7699,8523,1
2050,2050,0,8523,0,1,1e7b,001c,7803,8523,1
2051,2051,0,8295,0,1,1f5f,001c,8031,8295,1
2052,2052,0,7952,0,1,e074,001c,8308,7952,1
2053,2053,0,7804,0,1,e155,001c,8533,7804,1
2054,2054,0,7769,0,1,e1d0,001c,8656,7769,1
2055,2055,0,7920,0,1,e194,001c,8596,7920,1
2056,2056,0,8167,0,1,e0aa,001c,8362,8167,1
2057,2057,0,8413,0,1,1fa8,001c,8104,8413,1
2058,2058,0,8670,0,1,1eb9,001c,7865,8670,1
2059,2059,0,8728,0,1,1e11,001c,7697,8728,1
2060,2060,0,8587,0,1,1e4f,001c,7759,8587,1
2061,2061,0,8332,0,1,1eda,001c,7899,8332,1
2062,2062,0,8059,0,1,1ffc,001c,8190,8059,1
2063,2063,0,7870,0,1,fffd,001c,16381,7870,1
2064,2064,0,7770,0,1,e1ff,001c,8703,7770,1
2065,2065,0,7843,0,1,e1f7,001c,8695,7843,1
2066,2066,0,8082,0,1,e1b7,001c,8631,8082,1
2067,2067,0,8345,0,1,e10f,001c,8463,8345,1
2068,2068,0,8577,0,1,e00b,001c,11531,8577,1
2069,2069,0,8711,0,1,1f19,001c,7961,8711,1
2070,2070,0,8689,0,1,1e4d,001c,7757,8689,1
2071,2071,0,8446,0,1,1e1b,001c,7707,8446,1
2072,2072,0,8117,0,1,1eae,001c,7854,8117,1
2073,2073,0,7889,0,1,1f9e,001c,8094,7889,1
2074,2074,0,7784,0,1,e0be,001c,8382,7784,1
2075,2075,0,7792,0,1,e19d,001c,8605,7792,1
2076,2076,0,7980,0,1,e1d9,001c,8665,7980,1
2077,2077,0,8250,0,1,e166,001c,8550,8250,1
2078,2078,0,8490,0,1,e05b,001c,8283,8490,1
2079,2079,0,8656,0,1,1f73,001c,8051,8656,1
2080,2080,0,8661,0,1,1e95,001c,7829,8661,1
2081,2081,0,8661,0,1,1e19,001c,7705,8661,1
2082,2082,0,8508,0,1,1e6d,001c,7789,8508,1
2083,2083,0,8277,0,1,1f4b,001c,8011,8277,1
2084,2084,0,7962,0,1,e056,001c,8278,7962,1
2085,2085,0,7772,0,1,e14a,001c,8522,7772,1
2086,2086,0,7783,0,1,e1cc,001c,8652,7783,1
2087,2087,0,7879,0,1,e1a1,001c,8609,7879,1
2088,2088,0,8114,0,1,e0d6,001c,8406,8114,1
2089,2089,0,8412,0,1,1fdc,001c,8156,8412,1
2090,2090,0,8628,0,1,1eca,001c,7882,8628,1
2091,2091,0,8654,0,1,1e3a,001c,7738,8654,1
2092,2092,0,8670,0,1,1e3a,001c,7738,8670,1
2093,2093,0,8542,0,1,1efd,001c,7933,8542,1
2094,2094,0,8270,0,1,e003,001c,8195,8270,1
2095,2095,0,8029,0,1,e0f7,001c,8439,8029,1
2096,2096,0,7852,0,1,e1c7,001c,8647,7852,1
2097,2097,0,7757,0,1,e1dc,001c,8671,7757,1
2098,2098,0,7777,0,1,e114,001c,8476,7777,1
2099,2099,0,8024,0,1,e13d,001c,8509,8024,1
2100,2100,0,8271,0,1,ef3f,001c,12095,8271,1
2101,2101,0,8537,0,1,1f7f,001c,8063,8537,1
2102,2102,0,8694,0,1,1e75,001c,7797,8694,1
2103,2103,0,8651,0,1,1ebe,001c,7868,8651,1
2104,2104,0,8425,0,1,1f9e,001c,8090,8425,1
2105,2105,0,8150,0,1,1f8e,001c,8078,8150,1
2106,2106,0,7907,0,1,e0af,001c,8367,7907,1
2107,2107,0,7745,0,1,e184,001c,8580,7745,1
2108,2108,0,7751,0,1,e1c6,001c,8646,7751,1
2109,2109,0,7898,0,1,e165,001c,8549,7898,1
2110,2110,0,8154,0,1,e073,001c,8307,8154,1
2111,2111,0,8453,0,1,1f65,001c,8037,8453,1
2112,2112,0,8640,0,1,1e8f,001c,7823,8640,1
2113,2113,0,8661,0,1,1e3f,001c,7743,8661,1
2114,2114,0,8495,0,1,1e47,001c,7751,8495,1
2115,2115,0,8250,0,1,1f23,001c,7971,8250,1
2116,2116,0,7962,0,1,e04f,001c,8271,7962,1
2117,2117,0,7778,0,1,e12e,001c,8494,7778,1
2118,2118,0,7712,0,1,e1cb,001c,8651,7712,1
2119,2119,0,7847,0,1,e192,001c,8594,7847,1
2120,2120,0,7847,0,1,e0da,001c,8410,7847,1
2121,2121,0,8076,0,1,1ff1,001c,8177,8076,1
2122,2122,0,8335,0,1,1ee1,001c,7905,8335,1
2123,2123,0,8521,0,1,1e38,001c,7736,8521,1
2124,2124,0,8652,0,1,1e35,001c,7733,8652,1
2125,2125,0,8581,0,1,1eaf,001c,7855,8581,1
2126,2126,0,8353,0,1,1f9d,001c,8093,8353,1
2127,2127,0,8062,0,1,e0f7,001c,8439,8062,1
2128,2128,0,7802,0,1,e1b4,001c,8628,7802,1
2129,2129,0,7728,0,1,e1aa,001c,8618,7728,1
2130,2130,0,7759,0,1,e138,001c,8504,7759,1
2131,2131,0,7962,0,1,e02d,001c,8237,7962,1
2132,2132,0,8208,0,1,1f30,001c,7985,8208,1
2133,2133,0,8480,0,1,1f77,001c,7799,8480,1
2134,2134,0,8657,0,1,1fe7,001c,8167,8657,1
2135,2135,0,8618,0,1,1ff7,001c,8183,8618,1
2136,2136,0,8400,0,1,1f56,001c,8022,8400,1
2137,2137,0,8165,0,1,3f67,001c,16231,8165,1
2138,2138,0,7902,0,1,e167,001c,8551,7902,1
2139,2139,0,7726,0,1,e1e7,001c,8679,7726,1
2140,2140,0,7675,0,1,e1ce,001c,8646,7675,1
2141,2141,0,7864,0,1,e168,001c,8552,7864,1
2142,2142,0,8134,0,1,e08c,001c,8332,8134,1
2143,2143,0,8413,0,1,1f8e,001c,8078,8413,1
2144,2144,0,8606,0,1,1e84,001c,7812,8606,1
2145,2145,0,8670,0,1,1dfb,001c,7675,8670,1
2146,2146,0,8654,0,1,1e24,001c,7716,8654,1
2147,2147,0,8516,0,1,1eed,001c,7917,8516,1
2148,2148,0,8242,0,1,1ff8,001c,8184,8242,1
2149,2149,0,7979,0,1,e112,001c,8466,7979,1
2150,2150,0,7778,0,1,e1cd,001c,8653,7778,1
2151,2151,0,7714,0,1,e1aa,001c,8618,7714,1
2152,2152,0,7806,0,1,e0de,001c,8414,7806,1
2153,2153,0,7804,0,1,1fca,001c,8138,7804,1
2154,2154,0,8014,0,1,1edf,001c,7903,8014,1
2155,2155,0,8317,0,1,1e3b,001c,7739,8317,1
2156,2156,0,8540,0,1,1df6,001c,7670,8540,1
2157,2157,0,8636,0,1,1e77,001c,7799,8636,1
2158,2158,0,8593,0,1,1f90,001c,8080,8593,1
2159,2159,0,8403,0,1,e099,001c,8345,8403,1
2160,2160,0,8403,0,1,e173,001c,8563,8403,1
2161,2161,0,8085,0,1,e1ce,001c,8654,8085,1
2162,2162,0,7839,0,1,e139,001c,8505,7839,1
2163,2163,0,7717,0,1,e054,001c,8276,7717,1
2164,2164,0,7770,0,1,1f21,001c,7969,7770,1
2165,2165,0,7972,0,1,1e43,001c,7747,7972,1
2166,2166,0,8214,0,1,1e0e,001c,7694,8214,1
2167,2167,0,8470,0,1,1e56,001c,7766,8470,1
2168,2168,0,8651,0,1,1f1e,001c,7966,8651,1
2169,2169,0,8645,0,1,ef34,001c,9022,8645,1
2170,2170,0,8477,0,1,e17c,001c,8572,8477,1
2171,2171,0,8207,0,1,e1ff,001c,8703,8207,1
2172,2172,0,7927,0,1,e1ff,001c,8703,7927,1
2173,2173,0,7722,0,1,e17f,001c,8575,7722,1
2174,2174,0,7752,0,1,ef7f,001c,12159,7752,1
2175,2175,0,7889,0,1,1f7e,001c,8062,7889,1
2176,2176,0,8145,0,1,1eb1,001c,7857,8145,1
2177,2177,0,8430,0,1,1e22,001c,7714,8430,1
2178,2178,0,8621,0,1,1e30,001c,7728,8621,1
2179,2179,0,8661,0,1,1eda,001c,7898,8661,1
2180,2180,0,8566,0,1,1fe2,001c,8162,8566,1
2181,2181,0,8304,0,1,e0ed,001c,8429,8304,1
2182,2182,0,8035,0,1,e192,001c,8594,8035,1
2183,2183,0,7825,0,1,e1a8,001c,8616,7825,1
2184,2184,0,7716,0,1,e108,001c,8456,7716,1
2185,2185,0,7812,0,1,e00b,001c,8203,7812,1
2186,2186,0,8075,0,1,1eee,001c,7918,8075,1
2187,2187,0,8298,0,1,1e38,001c,7736,8298,1
2188,2188,0,8558,0,1,1e20,001c,7712,8558,1
2189,2189,0,8695,0,1,1e8a,001c,7818,8695,1
2190,2190,0,8624,0,1,1f82,001c,8066,8624,1
2191,2191,0,8426,0,1,e0a7,001c,8359,8426,1
2192,2192,0,8168,0,1,e194,001c,8596,8168,1
2193,2193,0,7926,0,1,e1c2,001c,8642,7926,1
2194,2194,0,7790,0,1,e172,001c,8562,7790,1
2195,2195,0,7781,0,1,e08f,001c,8335,7781,1
2196,2196,0,7955,0,1,1f7a,001c,8058,7955,1
2197,2197,0,8244,0,1,1e6f,001c,7791,8244,1
2198,2198,0,8511,0,1,1e18,001c,7704,8511,1
2199,2199,0,8660,0,1,1e60,001c,7776,8660,1
2200,2200,0,8706,0,1,1f44,001c,8004,8706,1
2201,2201,0,8566,0,1,e05b,001c,8283,8566,1
2202,2202,0,8289,0,1,e159,001c,8537,8289,1
2203,2203,0,8001,0,1,e1cd,001c,8653,8001,1
2204,2204,0,7806,0,1,e1a9,001c,8617,7806,1
2205,2205,0,7753,0,1,e1f0,001c,8441,7753,1
2206,2206,0,7870,0,1,ffd0,001c,8144,7870,1
2207,2207,0,8155,0,1,1fd7,001c,8151,8155,1
2208,2208,0,8450,0,1,1ed7,001c,7895,8450,1
2209,2209,0,8637,0,1,1e5f,001c,7775,8637,1
2210,2210,0,8692,0,1,1eff,001c,7903,8692,1
2211,2211,0,8590,0,1,1ff7,001c,8176,8590,1
2212,2212,0,8386,0,1,1fd7,001c,8151,8386,1
2213,2213,0,8110,0,1,e0f9,001c,8441,8110,1
2214,2214,0,7879,0,1,e1ae,001c,8622,7879,1
2215,2215,0,7740,0,1,e1a8,001c,8616,7740,1
2216,2216,0,7812,0,1,e127,001c,8487,7812,1
2217,2217,0,8020,0,1,e061,001c,8289,8020,1
2218,2218,0,8325,0,1,1f34,001c,7988,8325,1
2219,2219,0,8531,0,1,1e62,001c,7778,8531,1
2220,2220,0,8677,0,1,1e3c,001c,7740,8677,1
2221,2221,0,8680,0,1,1e92,001c,7826,8680,1
2222,2222,0,8475,0,1,1fa9,001c,8105,8475,1
2223,2223,0,8215,0,1,e0b7,001c,8375,8215,1
2224,2224,0,7949,0,1,e189,001c,8585,7949,1
2225,2225,0,7758,0,1,e207,001c,8711,7758,1
2226,2226,0,7765,0,1,e19e,001c,8606,7765,1
2227,2227,0,7995,0,1,e0b0,001c,8368,7995,1
2228,2228,0,8250,0,1,1fbd,001c,8125,8250,1
2229,2229,0,8516,0,1,1eba,001c,7866,8516,1
2230,2230,0,8645,0,1,1e4e,001c,7758,8645,1
2231,2231,0,8677,0,1,1e84,001c,7812,8677,1
2232,2232,0,8572,0,1,1f3a,001c,7994,8572,1
2233,2233,0,8308,0,1,e05b,001c,8283,8308,1
2234,2234,0,8013,0,1,e140,001c,8512,8013,1
2235,2235,0,7794,0,1,e1ca,001c,8650,7794,1
2236,2236,0,7739,0,1,e1d0,001c,8656,7739,1
2237,2237,0,7842,0,1,e125,001c,8485,7842,1
2238,2238,0,8037,0,1,1ffa,001c,8186,8037,1
2239,2239,0,8349,0,1,1f03,001c,7971,8349,1
2240,2240,0,8569,0,1,1e6c,001c,7791,8569,1
2241,2241,0,8659,0,1,1e70,001c,7804,8659,1
2242,2242,0,8611,0,1,1ef5,001c,7925,8611,1
2243,2243,0,8380,0,1,1fe5,001c,8165,8380,1
2244,2244,0,8073,0,1,1ffa,001c,8186,8073,1
2245,2245,0,7834,0,1,e1fa,001c,8698,7834,1
2246,2246,0,7732,0,1,e1f8,001c,8696,7732,1
2247,2247,0,7786,0,1,e1f1,001c,8688,7786,1
2248,2248,0,7945,0,1,e145,001c,8513,7945,1
2249,2249,0,8209,0,1,e065,001c,8293,8209,1
2250,2250,0,8497,0,1,1f52,001c,8018,8497,1
2251,2251,0,8657,0,1,1e83,001c,7811,8657,1
2252,2252,0,8606,0,1,1e3e,001c,7742,8606,1
2253,2253,0,8437,0,1,1e95,001c,7829,8437,1
2254,2254,0,8182,0,1,1f3b,001c,7995,8182,1
2255,2255,0,7889,0,1,e08f,001c,8335,7889,1
2256,2256,0,7715,0,1,e17f,001c,8575,7715,1
2257,2257,0,7707,0,1,e1d6,001c,8662,7707,1
2258,2258,0,7863,0,1,e1a6,001c,8614,7863,1
2259,2259,0,8098,0,1,e0c9,001c,8393,8098,1
2260,2260,0,8391,0,1,1f95,001c,8085,8391,1
2261,2261,0,8606,0,1,1e97,001c,7831,8606,1
2262,2262,0,8625,0,1,1e30,001c,7728,8625,1
2263,2263,0,8479,0,1,1e5c,001c,7772,8479,1
2264,2264,0,8282,0,1,1f0f,001c,7951,8282,1
2265,2265,0,7986,0,1,1ff7,001c,8183,7986,1
2266,2266,0,7777,0,1,e12b,001c,8491,7777,1
2267,2267,0,7686,0,1,e1ed,001c,8685,7686,1
2268,2268,0,7765,0,1,e1d6,001c,8662,7765,1
2269,2269,0,8021,0,1,e100,001c,8448,8021,1
2270,2270,0,8017,0,1,1ff2,001c,8178,8017,1
2271,2271,0,8275,0,1,1eed,001c,7917,8275,1
2272,2272,0,8534,0,1,1e22,001c,7714,8534,1
2273,2273,0,8682,0,1,1df7,001c,7671,8682,1
2274,2274,0,8580,0,1,1e83,001c,7811,8580,1
2275,2275,0,8350,0,1,1faa,001c,8106,8350,1
2276,2276,0,8090,0,1,ebb5,001c,8895,8090,1
2277,2277,0,7826,0,1,e1bd,001c,8637,7826,1
2278,2278,0,7711,0,1,e18f,001c,8591,7711,1
2279,2279,0,7739,0,1,e19f,001c,8607,7739,1
2280,2280,0,7919,0,1,e15f,001c,8543,7919,1
2281,2281,0,8199,0,1,ed5b,001c,12123,8199,1
2282,2282,0,8460,0,1,1f55,001c,8021,8460,1
2283,2283,0,8609,0,1,1e55,001c,7893,8609,1
2284,2284,0,8630,0,1,1dea,001c,7658,8630,1
2285,2285,0,8464,0,1,1e4d,001c,7757,8464,1
2286,2286,0,8476,0,1,1f4a,001c,8010,8476,1
2287,2287,0,8204,0,1,e030,001c,8240,8204,1
2288,2288,0,7969,0,1,e124,001c,8484,7969,1
2289,2289,0,7759,0,1,e1c5,001c,8645,7759,1
2290,2290,0,7717,0,1,e194,001c,8596,7717,1
2291,2291,0,7816,0,1,e0a5,001c,8357,7816,1
2292,2292,0,8047,0,1,1f93,001c,8083,8047,1
2293,2293,0,8360,0,1,1e98,001c,7832,8360,1
2294,2294,0,8575,0,1,1e14,001c,7700,8575,1
2295,2295,0,8644,0,1,1e0d,001c,7693,8644,1
2296,2296,0,8553,0,1,1eb0,001c,7856,8553,1
2297,2297,0,8309,0,1,1feb,001c,8171,8309,1
2298,2298,0,8031,0,1,e114,001c,8468,8031,1
2299,2299,0,7808,0,1,e1a2,001c,8610,7808,1
2300,2300,0,7734,0,1,e1a2,001c,8610,7734,1
2301,2301,0,7804,0,1,e0f6,001c,8438,7804,1
2302,2302,0,8013,0,1,e01e,001c,8222,8013,1
2303,2303,0,8277,0,1,1f0b,001c,7947,8277,1
2304,2304,0,8505,0,1,1e35,001c,7733,8505,1
2305,2305,0,8632,0,1,1df5,001c,7669,8632,1
2306,2306,0,8632,0,1,1e95,001c,7829,8632,1
2307,2307,0,8445,0,1,1f80,001c,8064,8445,1
2308,2308,0,8421,0,1,e082,001c,8322,8421,1
2309,2309,0,8130,0,1,e15a,001c,8538,8130,1
2310,2310,0,7882,0,1,e1af,001c,8623,7882,1
2311,2311,0,7733,0,1,e16a,001c,8554,7733,1
2312,2312,0,7748,0,1,e076,001c,8318,7748,1
2313,2313,0,7946,0,1,ff77,001c,8054,7946,1
2314,2314,0,8200,0,1,1f7f,001c,8063,8200,1
2315,2315,0,8456,0,1,1e7f,001c,7807,8456,1
2316,2316,0,8657,0,1,1e54,001c,7764,8657,1
2317,2317,0,8652,0,1,1f5c,001c,8028,8652,1
2318,2318,0,8503,0,1,1f1c,001c,7964,8503,1
2319,2319,0,8274,0,1,e027,001c,8487,8274,1
2320,2320,0,7980,0,1,e121,001c,8609,7980,1
2321,2321,0,7779,0,1,e1a3,001c,8611,7779,1
2322,2322,0,7782,0,1,e1ac,001c,8620,7782,1
2323,2323,0,7865,0,1,e0ef,001c,8431,7865,1
2324,2324,0,8071,0,1,1fc8,001c,8136,8071,1
2325,2325,0,8354,0,1,1ec7,001c,7879,8354,1
2326,2326,0,8592,0,1,1e42,001c,7746,8592,1
2327,2327,0,8714,0,1,1e1f,001c,7711,8714,1
2328,2328,0,8620,0,1,1eb9,001c,7865,8620,1
2329,2329,0,8367,0,1,1fc7,001c,8135,8367,1
2330,2330,0,8089,0,1,e0dc,001c,8412,8089,1
2331,2331,0,7836,0,1,e1c1,001c,8641,7836,1
2332,2332,0,7757,0,1,e1d6,001c,8662,7757,1
2333,2333,0,7811,0,1,e13a,001c,8506,7811,1
2334,2334,0,8004,0,1,e049,001c,8265,8004,1
2335,2335,0,8259,0,1,1f26,001c,7974,8259,1
2336,2336,0,8522,0,1,1e70,001c,7792,8522,1
2337,2337,0,8683,0,1,1e40,001c,7744,8683,1
2338,2338,0,8699,0,1,1e9c,001c,7836,8699,1
2339,2339,0,8664,0,1,1f6a,001c,8042,8664,1
2340,2340,0,8493,0,1,e08b,001c,8331,8493,1
2341,2341,0,8200,0,1,e168,001c,8552,8200,1
2342,2342,0,7923,0,1,e1c3,001c,8643,7923,1
2343,2343,0,7762,0,1,e18b,001c,8587,7762,1
2344,2344,0,7777,0,1,e0a5,001c,8357,7777,1
2345,2345,0,7896,0,1,1fa7,001c,8103,7896,1
2346,2346,0,8143,0,1,1e9a,001c,7834,8143,1
2347,2347,0,8438,0,1,1e2b,001c,7723,8438,1
2348,2348,0,8648,0,1,1e74,001c,7807,8648,1
2349,2349,0,8721,0,1,1f57,001c,7959,8721,1
2350,2350,0,8556,0,1,bf17,001c,16151,8556,1
2351,2351,0,8256,0,1,e135,001c,8501,8256,1
2352,2352,0,8025,0,1,e1f5,001c,8693,8025,1
2353,2353,0,7797,0,1,e1e3,001c,8675,7797,1
2354,2354,0,7739,0,1,e1c3,001c,8642,7739,1
2355,2355,0,7846,0,1,e107,001c,8451,7846,1
2356,2356,0,8073,0,1,e024,001c,8228,8073,1
2357,2357,0,8322,0,1,1f11,001c,7953,8322,1
2358,2358,0,8568,0,1,1e52,001c,7762,8568,1
2359,2359,0,8681,0,1,1e56,001c,7766,8681,1
2360,2360,0,8598,0,1,1ee1,001c,7905,8598,1
2361,2361,0,8346,0,1,1fc6,001c,8134,8346,1
2362,2362,0,8028,0,1,e0f3,001c,8435,8028,1
2363,2363,0,7827,0,1,e1b0,001c,8624,7827,1
2364,2364,0,7738,0,1,e1ff,001c,8703,7738,1
2365,2365,0,7784,0,1,e185,001c,8581,7784,1
2366,2366,0,7967,0,1,e06c,001c,8300,7967,1
2367,2367,0,8233,0,1,1f67,001c,8039,8233,1
2368,2368,0,8506,0,1,1ea4,001c,7844,8506,1
2369,2369,0,8647,0,1,1e3f,001c,7743,8647,1
2370,2370,0,8662,0,1,1e9c,001c,7836,8662,1
2371,2371,0,8495,0,1,1f63,001c,8035,8495,1
2372,2372,0,8213,0,1,e06e,001c,8302,8213,1
2373,2373,0,7925,0,1,e187,001c,8583,7925,1
2374,2374,0,7769,0,1,e202,001c,8706,7769,1
2375,2375,0,7742,0,1,e1ab,001c,8619,7742,1
2376,2376,0,7876,0,1,e0c6,001c,8390,7876,1
2377,2377,0,8132,0,1,1fd0,001c,8144,8132,1
2378,2378,0,8403,0,1,1eec,001c,7916,8403,1
2379,2379,0,8611,0,1,1e4b,001c,7755,8611,1
2380,2380,0,8653,0,1,1e4f,001c,7759,8653,1
2381,2381,0,8571,0,1,1f14,001c,7956,8571,1
2382,2382,0,8342,0,1,e211,001c,8209,8342,1
2383,2383,0,8013,0,1,e120,001c,8497,8013,1
2384,2384,0,7774,0,1,e1fd,001c,8701,7774,1
2385,2385,0,7719,0,1,e1df,001c,8671,7719,1
2386,2386,0,7822,0,1,e1ff,001c,8703,7822,1
2387,2387,0,8042,0,1,e12d,001c,8493,8042,1
2388,2388,0,8308,0,1,ff09,001c,16137,8308,1
2389,2389,0,8537,0,1,1f69,001c,8008,8537,1
2390,2390,0,8642,0,1,1e69,001c,7785,8642,1
2391,2391,0,8592,0,1,1e68,001c,7912,8592,1
2392,2392,0,8390,0,1,1ed0,001c,7888,8390,1
2393,2393,0,8151,0,1,1f98,001c,8088,8151,1
2394,2394,0,7879,0,1,e0c4,001c,8388,7879,1
2395,2395,0,7694,0,1,e1ae,001c,8622,7694,1
2396,2396,0,7718,0,1,e1df,001c,8671,7718,1
2397,2397,0,7914,0,1,e176,001c,8566,7914,1
2398,2398,0,8169,0,1,e079,001c,8313,8169,1
2399,2399,0,8405,0,1,1f6a,001c,8042,8405,1
2400,2400,0,8629,0,1,1e7f,001c,7807,8629,1
2401,2401,0,8675,0,1,1e04,001c,7684,8675,1
2402,2402,0,8501,0,1,1e7b,001c,7803,8501,1
2403,2403,0,8222,0,1,1f6e,001c,8046,8222,1
2404,2404,0,7952,0,1,e04d,001c,8269,7952,1
2405,2405,0,7786,0,1,e138,001c,8504,7786,1
2406,2406,0,7715,0,1,e1d8,001c,8664,7715,1
2407,2407,0,7838,0,1,e1b9,001c,8633,7838,1
2408,2408,0,8092,0,1,e0c8,001c,8392,8092,1
2409,2409,0,8346,0,1,1fc5,001c,8133,8346,1
2410,2410,0,8553,0,1,1ebd,001c,7869,8553,1
2411,2411,0,8644,0,1,1e3e,001c,7742,8644,1
2412,2412,0,8561,0,1,1e3c,001c,7740,8561,1
2413,2413,0,8303,0,1,1ede,001c,7902,8303,1
2414,2414,0,8049,0,1,1fe1,001c,8161,8049,1
2415,2415,0,7828,0,1,e0f4,001c,8436,7828,1
2416,2416,0,7722,0,1,e1a5,001c,8613,7722,1
2417,2417,0,7792,0,1,e1c0,001c,8640,7792,1
2418,2418,0,7987,0,1,e133,001c,8499,7987,1
2419,2419,0,8251,0,1,e02c,001c,8255,8251,1
2420,2420,0,8486,0,1,df25,001c,7981,8486,1
2421,2421,0,8626,0,1,1f35,001c,7989,8626,1
2422,2422,0,8616,0,1,1e37,001c,7735,8616,1
2423,2423,0,8421,0,1,1eb7,001c,7863,8421,1
2424,2424,0,8124,0,1,1fdf,001c,8159,8124,1
2425,2425,0,7867,0,1,1f5c,001c,8028,7867,1
2426,2426,0,7729,0,1,e079,001c,8569,7729,1
2427,2427,0,7721,0,1,e172,001c,8690,7721,1
2428,2428,0,7912,0,1,e1df,001c,8671,7912,1
2429,2429,0,8146,0,1,e170,001c,8560,8146,1
2430,2430,0,8410,0,1,e083,001c,8323,8410,1
2431,2431,0,8598,0,1,1f65,001c,8037,8598,1
2432,2432,0,8653,0,1,1e7a,001c,7802,8653,1
2433,2433,0,8522,0,1,1e46,001c,7750,8522,1
2434,2434,0,8248,0,1,1e56,001c,7766,8248,1
2435,2435,0,7974,0,1,1f05,001c,7941,7974,1
2436,2436,0,7765,0,1,e01d,001c,8221,7765,1
2437,2437,0,7697,0,1,e0eb,001c,8427,7697,1
2438,2438,0,7809,0,1,e1d6,001c,8662,7809,1
2439,2439,0,8021,0,1,e1d6,001c,8662,8021,1
2440,2440,0,8303,0,1,e0e0,001c,8416,8303,1
2441,2441,0,8556,0,1,1ff0,001c,8176,8556,1
2442,2442,0,8646,0,1,1ee9,001c,7913,8646,1
2443,2443,0,8554,0,1,1e40,001c,7744,8554,1
2444,2444,0,8348,0,1,1e3e,001c,7742,8348,1
2445,2445,0,8083,0,1,1ec2,001c,7874,8083,1
2446,2446,0,7840,0,1,1fc9,001c,8137,7840,1
2447,2447,0,7730,0,1,e0e0,001c,8416,7730,1
2448,2448,0,7736,0,1,e1a9,001c,8617,7736,1
2449,2449,0,7954,0,1,e1e2,001c,8674,7954,1
2450,2450,0,8214,0,1,e152,001c,8530,8214,1
2451,2451,0,8490,0,1,e076,001c,8310,8490,1
2452,2452,0,8631,0,1,1f72,001c,8050,8631,1
2453,2453,0,8630,0,1,1e97,001c,7831,8630,1
2454,2454,0,8464,0,1,1e1b,001c,7707,8464,1
2455,2455,0,8213,0,1,1e81,001c,7827,8213,1
2456,2456,0,8197,0,1,1feb,001c,8043,8197,1
2457,2457,0,7896,0,1,ff6f,001c,16239,7896,1
2458,2458,0,7724,0,1,e167,001c,8551,7724,1
2459,2459,0,7741,0,1,e1e7,001c,8679,7741,1
2460,2460,0,7872,0,1,e1ef,001c,8687,7872,1
2461,2461,0,8124,0,1,e1bf,001c,8622,8124,1
2462,2462,0,8426,0,1,e0b5,001c,8373,8426,1
2463,2463,0,8616,0,1,1f85,001c,8069,8616,1
2464,2464,0,8639,0,1,1e96,001c,7830,8639,1
2465,2465,0,8533,0,1,1e39,001c,7737,8533,1
2466,2466,0,8298,0,1,1e3c,001c,7740,8298,1
2467,2467,0,8021,0,1,1edf,001c,7903,8021,1
2468,2468,0,7775,0,1,1ffc,001c,8188,7775,1
2469,2469,0,7682,0,1,e0f9,001c,8441,7682,1
2470,2470,0,7794,0,1,e185,001c,8581,7794,1
2471,2471,0,8048,0,1,e208,001c,8712,8048,1
2472,2472,0,8319,0,1,e0b1,001c,8369,8319,1
2473,2473,0,8553,0,1,e036,001c,8246,8553,1
2474,2474,0,8680,0,1,1e83,001c,7811,8680,1
2475,2475,0,8611,0,1,1e1b,001c,7707,8611,1
2476,2476,0,8365,0,1,1ddb,001c,7643,8365,1
2477,2477,0,8114,0,1,1e7d,001c,7805,8114,1
2478,2478,0,7888,0,1,1fb6,001c,8118,7888,1
2479,2479,0,7711,0,1,e05d,001c,8285,7711,1
2480,2480,0,7746,0,1,e159,001c,8537,7746,1
2481,2481,0,7941,0,1,e182,001c,8578,7941,1
2482,2482,0,8199,0,1,e143,001c,8515,8199,1
2483,2483,0,8483,0,1,e086,001c,8326,8483,1
2484,2484,0,8642,0,1,1f67,001c,8039,8642,1
2485,2485,0,8642,0,1,1ea0,001c,7840,8642,1
2486,2486,0,8622,0,1,1e3f,001c,7743,8622,1
2487,2487,0,8494,0,1,1e7c,001c,7804,8494,1
2488,2488,0,8217,0,1,1f62,001c,8034,8217,1
2489,2489,0,7967,0,1,e064,001c,8292,7967,1
2490,2490,0,7776,0,1,e16d,001c,8557,7776,1
2491,2491,0,7725,0,1,e1d6,001c,8671,7725,1
2492,2492,0,7839,0,1,e1be,001c,8638,7839,1
2493,2493,0,8088,0,1,e1fa,001c,8698,8088,1
2494,2494,0,8323,0,1,efe9,001c,12265,8323,1
2495,2495,0,8620,0,1,1fd9,001c,8153,8620,1
2496,2496,0,8687,0,1,1edd,001c,7901,8687,1
2497,2497,0,8571,0,1,1e3f,001c,7709,8571,1
2498,2498,0,8320,0,1,1e3e,001c,7998,8320,1
2499,2499,0,8006,0,1,1f13,001c,7955,8006,1
2500,2500,0,7819,0,1,1ffe,001c,8190,7819,1
2501,2501,0,7745,0,1,e11f,001c,8479,7745,1
2502,2502,0,7782,0,1,e1ab,001c,8619,7782,1
2503,2503,0,7979,0,1,e1e4,001c,8676,7979,1
2504,2504,0,8252,0,1,e141,001c,8513,8252,1
2505,2505,0,8531,0,1,e044,001c,8260,8531,1
2506,2506,0,8671,0,1,1f09,001c,7945,8671,1
2507,2507,0,8624,0,1,1e7e,001c,7806,8624,1
2508,2508,0,8433,0,1,1e9a,001c,7834,8433,1
2509,2509,0,8149,0,1,1eb1,001c,7857,8149,1
2510,2510,0,7876,0,1,1feb,001c,8171,7876,1
2511,2511,0,7757,0,1,e08d,001c,8333,7757,1
2512,2512,0,7771,0,1,e197,001c,8599,7771,1
2513,2513,0,7884,0,1,e1ca,001c,8650,7884,1
2514,2514,0,8161,0,1,e194,001c,8596,8161,1
2515,2515,0,8446,0,1,e0a9,001c,8361,8446,1
2516,2516,0,8625,0,1,1f8d,001c,8077,8625,1
2517,2517,0,8666,0,1,1ec5,001c,7877,8666,1
2518,2518,0,8489,0,1,1e3b,001c,7739,8489,1
2519,2519,0,8249,0,1,1e80,001c,7808,8249,1
2520,2520,0,7984,0,1,1f57,001c,8023,7984,1
2521,2521,0,7777,0,1,e04a,001c,8266,7777,1
2522,2522,0,7716,0,1,e157,001c,8535,7716,1
2523,2523,0,7818,0,1,e1fd,001c,8701,7818,1
2524,2524,0,8063,0,1,e1ca,001c,8650,8063,1
2525,2525,0,8338,0,1,e0ff,001c,8447,8338,1
2526,2526,0,8548,0,1,1ffd,001c,8191,8548,1
2527,2527,0,8661,0,1,1ff8,001c,7933,8661,1
2528,2528,0,8590,0,1,1eff,001c,7807,8590,1
2529,2529,0,8334,0,1,1e6f,001c,7791,8334,1
2530,2530,0,8068,0,1,1eef,001c,7919,8068,1
2531,2531,0,7834,0,1,1eed,001c,7917,7834,1
2532,2532,0,7719,0,1,e11f,001c,8470,7719,1
2533,2533,0,7738,0,1,e19f,001c,8601,7738,1
2534,2534,0,7949,0,1,e19e,001c,8598,7949,1
2535,2535,0,8247,0,1,e1af,001c,8623,8247,1
2536,2536,0,8507,0,1,e162,001c,8546,8507,1
2537,2537,0,8636,0,1,e057,001c,8279,8636,1
2538,2538,0,8629,0,1,1f70,001c,8048,8629,1
2539,2539,0,8424,0,1,1e84,001c,7812,8424,1
2540,2540,0,8167,0,1,1e14,001c,7700,8167,1
2541,2541,0,7904,0,1,1e5b,001c,7771,7904,1
2542,2542,0,7705,0,1,1f52,001c,8018,7705,1
2543,2543,0,7724,0,1,e0c5,001c,8389,7724,1
2544,2544,0,7894,0,1,e18f,001c,8591,7894,1
2545,2545,0,8122,0,1,e214,001c,8724,8122,1
2546,2546,0,8421,0,1,e1ef,001c,8687,8421,1
2547,2547,0,8606,0,1,e009,001c,8201,8606,1
2548,2548,0,8631,0,1,e030,001c,8240,8631,1
2549,2549,0,8534,0,1,1e41,001c,7745,8534,1
2550,2550,0,8254,0,1,1ed3,001c,7891,8254,1
2551,2551,0,7969,0,1,1e83,001c,7811,7969,1
2552,2552,0,7775,0,1,1f57,001c,8023,7775,1
2553,2553,0,7694,0,1,e021,001c,8225,7694,1
2554,2554,0,7790,0,1,e14e,001c,8526,7790,1
2555,2555,0,7788,0,1,e1ce,001c,8654,7788,1
2556,2556,0,8060,0,1,e19e,001c,8606,8060,1
2557,2557,0,8056,0,1,e110,001c,8464,8056,1
2558,2558,0,8297,0,1,1fff,001c,8191,8297,1
2559,2559,0,8542,0,1,1ef7,001c,7927,8542,1
2560,2560,0,8644,0,1,1e32,001c,7730,8644,1
2561,2561,0,8577,0,1,1e35,001c,7733,8577,1
2562,2562,0,8359,0,1,1ef3,001c,7923,8359,1
2563,2563,0,8107,0,1,1fb7,001c,8119,8107,1
2564,2564,0,7848,0,1,ffef,001c,16367,7848,1
2565,2565,0,7703,0,1,e17f,001c,8575,7703,1
2566,2566,0,7734,0,1,e17f,001c,8575,7734,1
2567,2567,0,7976,0,1,e17b,001c,8571,7976,1
2568,2568,0,8238,0,1,e1c7,001c,8647,8238,1
2569,2569,0,8487,0,1,e08f,001c,10375,8487,1
2570,2570,0,8631,0,1,1f4f,001c,8015,8631,1
2571,2571,0,8629,0,1,1e79,001c,7801,8629,1
2572,2572,0,8432,0,1,1de2,001c,7650,8432,1
2573,2573,0,8152,0,1,1e9e,001c,7838,8152,1
2574,2574,0,7892,0,1,1f90,001c,8080,7892,1
2575,2575,0,7735,0,1,e02c,001c,8236,7735,1
2576,2576,0,7735,0,1,e144,001c,8516,7735,1
2577,2577,0,7732,0,1,e199,001c,8601,7732,1
2578,2578,0,7846,0,1,e18f,001c,8591,7846,1
2579,2579,0,8117,0,1,e09e,001c,8350,8117,1
2580,2580,0,8401,0,1,1f9c,001c,8092,8401,1
2581,2581,0,8596,0,1,1ebd,001c,7869,8596,1
2582,2582,0,8652,0,1,1e15,001c,7701,8652,1
2583,2583,0,8522,0,1,1e14,001c,7700,8522,1
2584,2584,0,8313,0,1,1ed7,001c,7895,8313,1
2585,2585,0,8020,0,1,1fe0,001c,8160,8020,1
2586,2586,0,7765,0,1,e0eb,001c,8427,7765,1
2587,2587,0,7740,0,1,e1b6,001c,8630,7740,1
2588,2588,0,7809,0,1,e1bd,001c,8637,7809,1
2589,2589,0,8015,0,1,e115,001c,8469,8015,1
2590,2590,0,8274,0,1,1ffc,001c,8188,8274,1
2591,2591,0,8524,0,1,1eed,001c,7917,8524,1
2592,2592,0,8657,0,1,1e27,001c,7719,8657,1
2593,2593,0,8607,0,1,1df4,001c,7668,8607,1
2594,2594,0,8394,0,1,1e5d,001c,7773,8394,1
2595,2595,0,8123,0,1,1f92,001c,8082,8123,1
2596,2596,0,7870,0,1,e098,001c,8344,7870,1
2597,2597,0,7719,0,1,e16a,001c,8554,7719,1
2598,2598,0,7754,0,1,e1e0,001c,8674,7754,1
2599,2599,0,7924,0,1,e1b9,001c,8505,7924,1
2600,2600,0,8185,0,1,e17d,001c,8573,8185,1
2601,2601,0,8453,0,1,ff4c,001c,16204,8453,1
2602,2602,0,8630,0,1,1f6d,001c,8045,8630,1
2603,2603,0,8639,0,1,1ffb,001c,8185,8639,1
2604,2604,0,8639,0,1,1dfa,001c,7674,8639,1
2605,2605,0,8472,0,1,1f4e,001c,8010,8472,1
2606,2606,0,8219,0,1,1f0e,001c,7950,8219,1
2607,2607,0,8219,0,1,e022,001c,8226,8219,1
2608,2608,0,7939,0,1,e145,001c,8517,7939,1
2609,2609,0,7742,0,1,e1c9,001c,8649,7742,1
2610,2610,0,7675,0,1,e1a2,001c,8610,7675,1
2611,2611,0,7856,0,1,e0dc,001c,8412,7856,1
2612,2612,0,8100,0,1,1fc6,001c,8134,8100,1
2613,2613,0,8340,0,1,1ea1,001c,7841,8340,1
2614,2614,0,8556,0,1,1e26,001c,7718,8556,1
2615,2615,0,8654,0,1,1e48,001c,7752,8654,1
2616,2616,0,8566,0,1,1ee3,001c,7907,8566,1
2617,2617,0,8343,0,1,1fe0,001c,8160,8343,1
2618,2618,0,8049,0,1,e0da,001c,8410,8049,1
2619,2619,0,7826,0,1,e1af,001c,8623,7826,1
2620,2620,0,7683,0,1,e1cd,001c,8653,7683,1
2621,2621,0,7730,0,1,e124,001c,8484,7730,1
2622,2622,0,7989,0,1,e022,001c,8226,7989,1
2623,2623,0,8257,0,1,1f24,001c,7972,8257,1
2624,2624,0,8513,0,1,1e59,001c,7769,8513,1
2625,2625,0,8641,0,1,1e29,001c,7721,8641,1
2626,2626,0,8637,0,1,1e83,001c,7811,8637,1
2627,2627,0,8637,0,1,1f7e,001c,8062,8637,1
2628,2628,0,8368,0,1,e09c,001c,8348,8368,1
2629,2629,0,8103,0,1,e18e,001c,8590,8103,1
2630,2630,0,7822,0,1,e1bf,001c,8639,7822,1
2631,2631,0,7698,0,1,e170,001c,8560,7698,1
2632,2632,0,7733,0,1,e097,001c,8343,7733,1
2633,2633,0,7893,0,1,1f75,001c,8055,7893,1
2634,2634,0,8172,0,1,1fbc,001c,7869,8172,1
2635,2635,0,8429,0,1,1ebf,001c,7743,8429,1
2636,2636,0,8600,0,1,1e7f,001c,7807,8600,1
2637,2637,0,8638,0,1,1f5f,001c,8031,8638,1
2638,2638,0,8507,0,1,1f2d,001c,7977,8507,1
2639,2639,0,8267,0,1,e127,001c,8487,8267,1
2640,2640,0,7979,0,1,e1f3,001c,8675,7979,1
2641,2641,0,7763,0,1,e1df,001c,8659,7763,1
2642,2642,0,7705,0,1,e1bf,001c,8639,7705,1
2643,2643,0,7796,0,1,e104,001c,8452,7796,1
2644,2644,0,8066,0,1,1ffa,001c,8186,8066,1
2645,2645,0,8369,0,1,1ed8,001c,7896,8369,1
2646,2646,0,8533,0,1,1e3e,001c,7742,8533,1
2647,2647,0,8619,0,1,1e67,001c,7783,8619,1
2648,2648,0,8585,0,1,1eeb,001c,7915,8585,1
2649,2649,0,8379,0,1,1fce,001c,8142,8379,1
2650,2650,0,8379,0,1,e0f1,001c,8433,8379,1
2651,2651,0,8113,0,1,e1ad,001c,8621,8113,1
2652,2652,0,7815,0,1,e1cb,001c,8651,7815,1
2653,2653,0,7681,0,1,e14a,001c,8522,7681,1
2654,2654,0,7774,0,1,e083,001c,8323,7774,1
2655,2655,0,7964,0,1,1f5e,001c,8030,7964,1
2656,2656,0,8242,0,1,1e7f,001c,7807,8242,1
2657,2657,0,8493,0,1,1e50,001c,7760,8493,1
2658,2658,0,8629,0,1,1ea3,001c,7843,8629,1
2659,2659,0,8632,0,1,1f90,001c,8080,8632,1
2660,2660,0,8638,0,1,e09c,001c,8348,8638,1
2661,2661,0,8462,0,1,e169,001c,8553,8462,1
2662,2662,0,8191,0,1,e1f1,001c,8689,8191,1
2663,2663,0,7919,0,1,e1b9,001c,8633,7919,1
2664,2664,0,7719,0,1,e0cb,001c,8395,7719,1
2665,2665,0,7698,0,1,1fba,001c,8122,7698,1
2666,2666,0,7865,0,1,1eaf,001c,7855,7865,1
2667,2667,0,8133,0,1,1dff,001c,7679,8133,1
2668,2668,0,8421,0,1,1e31,001c,7729,8421,1
2669,2669,0,8622,0,1,1f19,001c,7993,8622,1
2670,2670,0,8627,0,1,ef52,001c,9051,8627,1
2671,2671,0,8498,0,1,e172,001c,8498,8498,1
2672,2672,0,8298,0,1,e1b7,001c,8631,8298,1
2673,2673,0,8033,0,1,e1f7,001c,8695,8033,1
2674,2674,0,7779,0,1,e1ff,001c,8703,7779,1
2675,2675,0,7708,0,1,e13a,001c,8506,7708,1
2676,2676,0,7832,0,1,e01a,001c,11482,7832,1
2677,2677,0,8030,0,1,1efd,001c,7933,8030,1
2678,2678,0,8297,0,1,1e5e,001c,7774,8297,1
2679,2679,0,8549,0,1,1e48,001c,7752,8549,1
2680,2680,0,8636,0,1,1ed5,001c,7893,8636,1
2681,2681,0,8578,0,1,1fac,001c,8108,8578,1
2682,2682,0,8390,0,1,e0dd,001c,8413,8390,1
2683,2683,0,8094,0,1,e1ab,001c,8619,8094,1
2684,2684,0,7865,0,1,e1f0,001c,8688,7865,1
2685,2685,0,7710,0,1,e189,001c,8585,7710,1
2686,2686,0,7743,0,1,e074,001c,8308,7743,1
2687,2687,0,7969,0,1,1f5e,001c,8030,7969,1
2688,2688,0,8215,0,1,1e83,001c,7811,8215,1
2689,2689,0,8443,0,1,1e32,001c,7730,8443,1
2690,2690,0,8631,0,1,1e87,001c,7815,8631,1
2691,2691,0,8620,0,1,1f5b,001c,8027,8620,1
2692,2692,0,8457,0,1,e048,001c,8264,8457,1
2693,2693,0,8238,0,1,e150,001c,8528,8238,1
2694,2694,0,7957,0,1,e1d8,001c,8664,7957,1
2695,2695,0,7746,0,1,e1a6,001c,8614,7746,1
2696,2696,0,7712,0,1,e0ee,001c,8430,7712,1
2697,2697,0,7849,0,1,1fa9,001c,8105,7849,1
2698,2698,0,8085,0,1,1e9a,001c,7834,8085,1
2699,2699,0,8394,0,1,1e33,001c,7731,8394,1
2700,2700,0,8602,0,1,1e3c,001c,7740,8602,1
2701,2701,0,8683,0,1,1f07,001c,7943,8683,1
2702,2702,0,8536,0,1,1ff1,001c,8177,8536,1
2703,2703,0,8289,0,1,e0fb,001c,8443,8289,1
2704,2704,0,8037,0,1,e1cf,001c,8655,8037,1
2705,2705,0,7826,0,1,e1cc,001c,8652,7826,1
2706,2706,0,7706,0,1,e107,001c,8463,7706,1
2707,2707,0,7762,0,1,e10f,001c,8463,7762,1
2708,2708,0,8006,0,1,ff1f,001c,16143,8006,1
2709,2709,0,8298,0,1,1f36,001c,7990,8298,1
2710,2710,0,8504,0,1,1e36,001c,7734,8504,1
2711,2711,0,8652,0,1,1e7e,001c,7806,8652,1
2712,2712,0,8603,0,1,1f7f,001c,8062,8603,1
2713,2713,0,8398,0,1,1f7d,001c,8061,8398,1
2714,2714,0,8126,0,1,e08b,001c,8331,8126,1
2715,2715,0,7871,0,1,e169,001c,8553,7871,1
2716,2716,0,7734,0,1,e1d0,001c,8656,7734,1
2717,2717,0,7798,0,1,e17c,001c,8572,7798,1
2718,2718,0,7744,0,1,e081,001c,8321,7744,1
2719,2719,0,7881,0,1,1f3f,001c,7999,7881,1
2720,2720,0,8155,0,1,1e5f,001c,7775,8155,1
2721,2721,0,8464,0,1,1e0e,001c,7694,8464,1
2722,2722,0,8614,0,1,1e2d,001c,7725,8614,1
2723,2723,0,8641,0,1,1f1b,001c,7963,8641,1
2724,2724,0,8478,0,1,e039,001c,8249,8478,1
2725,2725,0,8248,0,1,e11c,001c,8476,8248,1
2726,2726,0,7984,0,1,e1ad,001c,8621,7984,1
2727,2727,0,7746,0,1,e191,001c,8593,7746,1
2728,2728,0,7730,0,1,e0bc,001c,8380,7730,1
2729,2729,0,7819,0,1,1fe1,001c,8161,7819,1
2730,2730,0,8050,0,1,1ec4,001c,7876,8050,1
2731,2731,0,8346,0,1,1e04,001c,7684,8346,1
2732,2732,0,8576,0,1,1e2d,001c,7725,8576,1
2733,2733,0,8657,0,1,1ed3,001c,7891,8657,1
2734,2734,0,8570,0,1,1fd6,001c,8150,8570,1
2735,2735,0,8359,0,1,e0e0,001c,8416,8359,1
2736,2736,0,8063,0,1,e192,001c,8594,8063,1
2737,2737,0,7806,0,1,e1ca,001c,8650,7806,1
2738,2738,0,7743,0,1,e135,001c,8501,7743,1
2739,2739,0,7695,0,1,e030,001c,8240,7695,1
2740,2740,0,7746,0,1,1f19,001c,7993,7746,1
2741,2741,0,7985,0,1,1e61,001c,7793,7985,1
2742,2742,0,8239,0,1,1e2e,001c,7727,8239,1
2743,2743,0,8515,0,1,1e9f,001c,7839,8515,1
2744,2744,0,8636,0,1,1ff7,001c,8183,8636,1
2745,2745,0,8605,0,1,1f77,001c,8054,8605,1
2746,2746,0,8413,0,1,e177,001c,8567,8413,1
2747,2747,0,8163,0,1,e1d7,001c,8663,8163,1
2748,2748,0,7893,0,1,e1d6,001c,8662,7893,1
2749,2749,0,7713,0,1,e186,001c,8582,7713,1
2750,2750,0,7712,0,1,e0b8,001c,8376,7712,1
2751,2751,0,7894,0,1,1f9f,001c,8095,7894,1
2752,2752,0,8126,0,1,1e94,001c,7828,8126,1
2753,2753,0,8391,0,1,1e05,001c,7685,8391,1
2754,2754,0,8624,0,1,1e38,001c,7736,8624,1
2755,2755,0,8665,0,1,1f19,001c,7961,8665,1
2756,2756,0,8502,0,1,e03c,001c,8252,8502,1
2757,2757,0,8251,0,1,e12b,001c,8491,8251,1
2758,2758,0,7971,0,1,e1b3,001c,8627,7971,1
2759,2759,0,7758,0,1,e1a7,001c,8615,7758,1
2760,2760,0,7729,0,1,e0e7,001c,8423,7729,1
2761,2761,0,7795,0,1,1fe4,001c,8164,7795,1
2762,2762,0,8040,0,1,1ee9,001c,7913,8040,1
2763,2763,0,8303,0,1,1e4f,001c,7759,8303,1
2764,2764,0,8587,0,1,1e2d,001c,7725,8587,1
2765,2765,0,8608,0,1,1eb7,001c,7863,8608,1
2766,2766,0,8588,0,1,1fbf,001c,8127,8588,1
2767,2767,0,8375,0,1,e0cc,001c,8396,8375,1
2768,2768,0,8069,0,1,e18c,001c,8588,8069,1
2769,2769,0,7802,0,1,e1b7,001c,8631,7802,1
2770,2770,0,7687,0,1,e15d,001c,8541,7687,1
2771,2771,0,7760,0,1,e089,001c,8329,7760,1
2772,2772,0,7945,0,1,1f31,001c,7985,7945,1
2773,2773,0,8218,0,1,1e6c,001c,7788,8218,1
2774,2774,0,8478,0,1,1e3b,001c,7739,8478,1
2775,2775,0,8649,0,1,1e89,001c,7817,8649,1
2776,2776,0,8631,0,1,1f4e,001c,8014,8631,1
2777,2777,0,8432,0,1,eb53,001c,8799,8432,1
2778,2778,0,8169,0,1,e156,001c,8535,8169,1
2779,2779,0,7929,0,1,e1d7,001c,8663,7929,1
2780,2780,0,7744,0,1,e1d3,001c,8659,7744,1
2781,2781,0,7738,0,1,e1bc,001c,8636,7738,1
2782,2782,0,7860,0,1,efbe,001c,12222,7860,1
2783,2783,0,8110,0,1,1fbe,001c,8126,8110,1
2784,2784,0,8385,0,1,1ea7,001c,7845,8385,1
2785,2785,0,8555,0,1,1e27,001c,7783,8555,1
2786,2786,0,8650,0,1,1e54,001c,7764,8650,1
2787,2787,0,8545,0,1,1f08,001c,7944,8545,1
2788,2788,0,8284,0,1,1fee,001c,8174,8284,1
2789,2789,0,8017,0,1,e108,001c,8456,8017,1
2790,2790,0,7820,0,1,e1b0,001c,8624,7820,1
2791,2791,0,7696,0,1,e1c9,001c,8649,7696,1
2792,2792,0,7777,0,1,e101,001c,8449,7777,1
2793,2793,0,7992,0,1,e006,001c,8198,7992,1
2794,2794,0,8290,0,1,1f14,001c,7956,8290,1
2795,2795,0,8550,0,1,1e3f,001c,7743,8550,1
2796,2796,0,8649,0,1,1dea,001c,7658,8649,1
2797,2797,0,8583,0,1,1f09,001c,7945,8583,1
2798,2798,0,8412,0,1,1ffc,001c,8188,8412,1
2799,2799,0,8127,0,1,e0d1,001c,8401,8127,1
2800,2800,0,7856,0,1,e1d4,001c,8660,7856,1
2801,2801,0,7728,0,1,e1d9,001c,8665,7728,1
2802,2802,0,7738,0,1,e16c,001c,8556,7738,1
2803,2803,0,7911,0,1,e095,001c,8341,7911,1
2804,2804,0,8174,0,1,1f9b,001c,8091,8174,1
2805,2805,0,8465,0,1,1e6b,001c,7787,8465,1
2806,2806,0,8618,0,1,1dde,001c,7646,8618,1
2807,2807,0,8644,0,1,1e2c,001c,7724,8644,1
2808,2808,0,8481,0,1,1f28,001c,7976,8481,1
2809,2809,0,8230,0,1,e05b,001c,8283,8230,1
2810,2810,0,7921,0,1,e153,001c,8531,7921,1
2811,2811,0,7762,0,1,e1d8,001c,8664,7762,1
2812,2812,0,7741,0,1,e1ad,001c,8621,7741,1
2813,2813,0,7854,0,1,e1e0,001c,8429,7854,1
2814,2814,0,8085,0,1,ffdc,001c,8076,8085,1
2815,2815,0,8319,0,1,1fbe,001c,8126,8319,1
2816,2816,0,8554,0,1,1ebb,001c,7867,8554,1
2817,2817,0,8641,0,1,1e31,001c,7729,8641,1
2818,2818,0,8547,0,1,1ef1,001c,7921,8547,1
2819,2819,0,8340,0,1,1fdc,001c,8156,8340,1
2820,2820,0,8050,0,1,1fdc,001c,8156,8050,1
2821,2821,0,7796,0,1,e10b,001c,8459,7796,1
2822,2822,0,7687,0,1,e1c0,001c,8640,7687,1
2823,2823,0,7746,0,1,e1be,001c,8638,7746,1
2824,2824,0,7976,0,1,e12d,001c,8493,7976,1
2825,2825,0,8262,0,1,e029,001c,8233,8262,1
2826,2826,0,8494,0,1,1f19,001c,7961,8494,1
2827,2827,0,8654,0,1,1e62,001c,7778,8654,1
2828,2828,0,8645,0,1,1e08,001c,7688,8645,1
2829,2829,0,8392,0,1,1e91,001c,7825,8392,1
2830,2830,0,8151,0,1,1fac,001c,8108,8151,1
2831,2831,0,7911,0,1,e087,001c,8327,7911,1
2832,2832,0,7705,0,1,e15b,001c,8539,7705,1
2833,2833,0,7702,0,1,e1de,001c,8670,7702,1
2834,2834,0,7902,0,1,e175,001c,8565,7902,1
2835,2835,0,8177,0,1,e096,001c,8342,8177,1
2836,2836,0,8444,0,1,1f82,001c,8066,8444,1
2837,2837,0,8580,0,1,1e8b,001c,7819,8580,1
2838,2838,0,8631,0,1,1e2a,001c,7722,8631,1
2839,2839,0,8505,0,1,1e58,001c,7768,8505,1
2840,2840,0,8265,0,1,1f12,001c,7954,8265,1
2841,2841,0,7998,0,1,e02e,001c,8238,7998,1
2842,2842,0,7761,0,1,e129,001c,8489,7761,1
2843,2843,0,7718,0,1,e1b8,001c,8632,7718,1
2844,2844,0,7807,0,1,e1b4,001c,8628,7807,1
2845,2845,0,8056,0,1,e0f0,001c,8432,8056,1
2846,2846,0,8349,0,1,1fd6,001c,8150,8349,1
2847,2847,0,8537,0,1,1eca,001c,7882,8537,1
2848,2848,0,8629,0,1,1e20,001c,7714,8629,1
2849,2849,0,8581,0,1,1e3e,001c,7742,8581,1
2850,2850,0,8327,0,1,1ed6,001c,7902,8327,1
2851,2851,0,8070,0,1,1ffc,001c,8188,8070,1
2852,2852,0,7829,0,1,1fbd,001c,16316,7829,1
2853,2853,0,7694,0,1,e1df,001c,8661,7694,1
2854,2854,0,7756,0,1,e1ef,001c,8687,7756,1
2855,2855,0,7959,0,1,e1ce,001c,8654,7959,1
2856,2856,0,8238,0,1,e133,001c,8563,8238,1
2857,2857,0,8509,0,1,e046,001c,8262,8509,1
2858,2858,0,8639,0,1,1f29,001c,7977,8639,1
2859,2859,0,8616,0,1,1e44,001c,7748,8616,1
2860,2860,0,8621,0,1,1e23,001c,7715,8621,1
2861,2861,0,8453,0,1,1e95,001c,7829,8453,1
2862,2862,0,8175,0,1,1f5d,001c,8029,8175,1
2863,2863,0,7900,0,1,e080,001c,8320,7900,1
2864,2864,0,7727,0,1,e165,001c,8549,7727,1
2865,2865,0,7721,0,1,e1cd,001c,8653,7721,1
2866,2866,0,7913,0,1,e190,001c,8592,7913,1
2867,2867,0,7873,0,1,e0a4,001c,8356,7873,1
2868,2868,0,8142,0,1,1fa2,001c,8098,8142,1
2869,2869,0,8422,0,1,1ea5,001c,7845,8422,1
2870,2870,0,8612,0,1,1e22,001c,7714,8612,1
2871,2871,0,8632,0,1,1e61,001c,7777,8632,1
2872,2872,0,8466,0,1,1f1c,001c,7964,8466,1
2873,2873,0,8259,0,1,1ff1,001c,8177,8259,1
2874,2874,0,8015,0,1,e0f8,001c,8440,8015,1
2875,2875,0,7793,0,1,e1a1,001c,8609,7793,1
2876,2876,0,7682,0,1,e1a0,001c,8608,7682,1
2877,2877,0,7771,0,1,e116,001c,8470,7771,1
2878,2878,0,8032,0,1,e003,001c,8195,8032,1
2879,2879,0,8319,0,1,1ee2,001c,7906,8319,1
2880,2880,0,8540,0,1,1e30,001c,7728,8540,1
2881,2881,0,8652,0,1,1e0f,001c,7695,8652,1
2882,2882,0,8574,0,1,1ea0,001c,7840,8574,1
2883,2883,0,8362,0,1,1fb6,001c,8118,8362,1
2884,2884,0,8094,0,1,e2a7,001c,8375,8094,1
2885,2885,0,7842,0,1,e163,001c,8551,7842,1
2886,2886,0,7711,0,1,e1ff,001c,8639,7711,1
2887,2887,0,7749,0,1,e1fe,001c,8702,7749,1
2888,2888,0,7919,0,1,e15f,001c,8543,7919,1
2889,2889,0,8199,0,1,e047,001c,8263,8199,1
2890,2890,0,8486,0,1,1f5a,001c,8024,8486,1
2891,2891,0,8629,0,1,1e7b,001c,7802,8629,1
2892,2892,0,8611,0,1,1e47,001c,7747,8611,1
2893,2893,0,8450,0,1,1e47,001c,7751,8450,1
2894,2894,0,8162,0,1,1f35,001c,7989,8162,1
2895,2895,0,7896,0,1,e04b,001c,8267,7896,1
2896,2896,0,7670,0,1,e134,001c,8500,7670,1
2897,2897,0,7677,0,1,e194,001c,8596,7677,1
2898,2898,0,7860,0,1,e182,001c,8578,7860,1
2899,2899,0,8104,0,1,e0c5,001c,8389,8104,1
2900,2900,0,8379,0,1,1fae,001c,8110,8379,1
2901,2901,0,8597,0,1,1e94,001c,7828,8597,1
2902,2902,0,8639,0,1,1e20,001c,7712,8639,1
2903,2903,0,8517,0,1,1e35,001c,7733,8517,1
2904,2904,0,8323,0,1,1ec9,001c,7881,8323,1
2905,2905,0,8032,0,1,1fca,001c,8138,8032,1
2906,2906,0,7800,0,1,e0f2,001c,8434,7800,1
2907,2907,0,7691,0,1,e1b0,001c,8624,7691,1
2908,2908,0,7756,0,1,e1a4,001c,8612,7756,1
2909,2909,0,7998,0,1,e104,001c,8452,7998,1
2910,2910,0,8275,0,1,e01d,001c,8221,8275,1
2911,2911,0,8504,0,1,1ef9,001c,7929,8504,1
2912,2912,0,8623,0,1,1e2f,001c,7727,8623,1
2913,2913,0,8623,0,1,1e16,001c,7702,8623,1
2914,2914,0,8386,0,1,1e87,001c,7815,8386,1
2915,2915,0,8136,0,1,1f6c,001c,8044,8136,1
2916,2916,0,7901,0,1,e090,001c,8336,7901,1
2917,2917,0,7712,0,1,e161,001c,8545,7712,1
2918,2918,0,7699,0,1,e1ab,001c,8619,7699,1
2919,2919,0,7906,0,1,e15e,001c,8574,7906,1
2920,2920,0,8141,0,1,e092,001c,8350,8141,1
2921,2921,0,8425,0,1,dfcb,001c,8010,8425,1
2922,2922,0,8617,0,1,1f6b,001c,8043,8617,1
2923,2923,0,8616,0,1,1ffa,001c,8186,8616,1
2924,2924,0,8483,0,1,1dfa,001c,8186,8483,1
2925,2925,0,8221,0,1,1f7a,001c,8058,8221,1
2926,2926,0,7958,0,1,1f3a,001c,7994,7958,1
2927,2927,0,7783,0,1,e025,001c,8481,7783,1
2928,2928,0,7690,0,1,e117,001c,8599,7690,1
2929,2929,0,7786,0,1,e1b0,001c,8624,7786,1
2930,2930,0,8033,0,1,e1a0,001c,8608,8033,1
2931,2931,0,8352,0,1,e0dc,001c,8412,8352,1
2932,2932,0,8573,0,1,1fb0,001c,8112,8573,1
2933,2933,0,8636,0,1,1ebd,001c,7869,8636,1
2934,2934,0,8560,0,1,1e0f,001c,7695,8560,1
2935,2935,0,8317,0,1,1dfd,001c,7677,8317,1
2936,2936,0,8038,0,1,1eae,001c,7854,8038,1
2937,2937,0,7814,0,1,1f8a,001c,8074,7814,1
2938,2938,0,7701,0,1,e0bb,001c,8379,7701,1
2939,2939,0,7775,0,1,e1a5,001c,8613,7775,1
2940,2940,0,7976,0,1,e1ba,001c,8634,7976,1
2941,2941,0,8236,0,1,e136,001c,8502,8236,1
2942,2942,0,8516,0,1,e041,001c,8257,8516,1
2943,2943,0,8646,0,1,1f0b,001c,7947,8646,1
2944,2944,0,8594,0,1,1e47,001c,7751,8594,1
2945,2945,0,8415,0,1,1dfc,001c,7676,8415,1
2946,2946,0,8195,0,1,1e75,001c,7797,8195,1
2947,2947,0,7906,0,1,1f85,001c,8069,7906,1
2948,2948,0,7745,0,1,e091,001c,8337,7745,1
2949,2949,0,7726,0,1,e14f,001c,8527,7726,1
2950,2950,0,7868,0,1,e1af,001c,8623,7868,1
2951,2951,0,8131,0,1,e188,001c,8584,8131,1
2952,2952,0,8430,0,1,e0ab,001c,8363,8430,1
2953,2953,0,8609,0,1,1f7c,001c,8060,8609,1
2954,2954,0,8647,0,1,1e88,001c,7816,8647,1
2955,2955,0,8501,0,1,1e16,001c,7702,8501,1
2956,2956,0,8233,0,1,1e42,001c,7762,8233,1
2957,2957,0,8003,0,1,1f3b,001c,7995,8003,1
2958,2958,0,7776,0,1,ff7b,001c,16251,7776,1
2959,2959,0,7697,0,1,e16b,001c,8555,7697,1
2960,2960,0,7807,0,1,e1b1,001c,8625,7807,1
2961,2961,0,8035,0,1,e1bf,001c,8639,8035,1
2962,2962,0,8339,0,1,e19e,001c,8606,8339,1
2963,2963,0,8574,0,1,e104,001c,8452,8574,1
2964,2964,0,8660,0,1,e004,001c,8196,8660,1
2965,2965,0,8578,0,1,1ebe,001c,7870,8578,1
2966,2966,0,8338,0,1,1e31,001c,7729,8338,1
2967,2967,0,8073,0,1,1e3b,001c,7739,8073,1
2968,2968,0,7866,0,1,1ec4,001c,7876,7866,1
2969,2969,0,7700,0,1,1fb6,001c,8118,7700,1
2970,2970,0,7753,0,1,e0e0,001c,8416,7753,1
2971,2971,0,7939,0,1,e18f,001c,8591,7939,1
2972,2972,0,8234,0,1,e1b2,001c,8626,8234,1
2973,2973,0,8521,0,1,e151,001c,8529,8521,1
2974,2974,0,8656,0,1,e057,001c,8279,8656,1
2975,2975,0,8620,0,1,1f49,001c,8009,8620,1
2976,2976,0,8425,0,1,1e65,001c,7781,8425,1
2977,2977,0,8160,0,1,1e15,001c,7701,8160,1
2978,2978,0,7909,0,1,1e60,001c,7776,7909,1
2979,2979,0,7741,0,1,1f4b,001c,8011,7741,1
2980,2980,0,7712,0,1,e092,001c,8338,7712,1
2981,2981,0,7874,0,1,e160,001c,8544,7874,1
2982,2982,0,8108,0,1,e1bf,001c,8639,8108,1
2983,2983,0,8380,0,1,e188,001c,8584,8380,1
2984,2984,0,8595,0,1,e0bc,001c,8380,8595,1
2985,2985,0,8655,0,1,1fad,001c,8109,8655,1
2986,2986,0,8529,0,1,1ebd,001c,7869,8529,1
2987,2987,0,8304,0,1,1e0e,001c,7694,8304,1
2988,2988,0,8014,0,1,1e3f,001c,7743,8014,1
2989,2989,0,7779,0,1,1ee1,001c,7905,7779,1
2990,2990,0,7694,0,1,e002,001c,8194,7694,1
2991,2991,0,7793,0,1,e11e,001c,8478,7793,1
2992,2992,0,8034,0,1,e18e,001c,8606,8034,1
2993,2993,0,8316,0,1,e182,001c,8578,8316,1
2994,2994,0,8533,0,1,e1c2,001c,8642,8533,1
2995,2995,0,8627,0,1,efcd,001c,12237,8627,1
2996,2996,0,8564,0,1,1fcf,001c,8141,8564,1
2997,2997,0,8376,0,1,1fe6,001c,8166,8376,1
2998,2998,0,8090,0,1,1dec,001c,7628,8090,1
2999,2999,0,7835,0,1,1dec,001c,7660,7835,1
3000,3000,0,7839,0,1,1f15,001c,8085,7839,1
3001,3001,0,7694,0,1,1f93,001c,8083,7694,1
3002,3002,0,7738,0,1,e04f,001c,8271,7738,1
3003,3003,0,7934,0,1,e1ea,001c,8682,7934,1
3004,3004,0,8196,0,1,e1fc,001c,8700,8196,1
3005,3005,0,8446,0,1,e106,001c,8454,8446,1
3006,3006,0,8622,0,1,e057,001c,8279,8622,1
3007,3007,0,8637,0,1,1f9e,001c,8094,8637,1
3008,3008,0,8457,0,1,1e8b,001c,7819,8457,1
3009,3009,0,8197,0,1,1ddb,001c,7643,8197,1
3010,3010,0,7920,0,1,1e43,001c,7747,7920,1
3011,3011,0,7760,0,1,1f8f,001c,8079,7760,1
3012,3012,0,7733,0,1,e03b,001c,8251,7733,1
3013,3013,0,7805,0,1,e0e7,001c,8423,7805,1
3014,3014,0,8059,0,1,e1c8,001c,8648,8059,1
3015,3015,0,8361,0,1,e1c6,001c,8646,8361,1
3016,3016,0,8581,0,1,e0b9,001c,8377,8581,1
3017,3017,0,8650,0,1,1f9a,001c,8090,8650,1
3018,3018,0,8551,0,1,1eb9,001c,7865,8551,1
3019,3019,0,8314,0,1,1e32,001c,7730,8314,1
3020,3020,0,8022,0,1,1df9,001c,7673,8022,1
3021,3021,0,7779,0,1,1eaa,001c,7850,7779,1
3022,3022,0,7708,0,1,e017,001c,8215,7708,1
3023,3023,0,7810,0,1,e0f9,001c,8441,7810,1
3024,3024,0,7978,0,1,e176,001c,8566,7978,1
3025,3025,0,8222,0,1,e1ad,001c,8621,8222,1
3026,3026,0,8556,0,1,e13d,001c,8509,8556,1
3027,3027,0,8684,0,1,e024,001c,8228,8684,1
3028,3028,0,8679,0,1,5ee7,001c,7911,8679,1
3029,3029,0,8643,0,1,1ef7,001c,7799,8643,1
3030,3030,0,8416,0,1,1e5d,001c,7773,8416,1
3031,3031,0,8111,0,1,1e7f,001c,7807,8111,1
3032,3032,0,7866,0,1,1f77,001c,8055,7866,1
3033,3033,0,7699,0,1,1f57,001c,8023,7699,1
3034,3034,0,7711,0,1,e08c,001c,8332,7711,1
3035,3035,0,7710,0,1,e17a,001c,8690,7710,1
3036,3036,0,7907,0,1,e1ba,001c,8634,7907,1
3037,3037,0,8160,0,1,e166,001c,8550,8160,1
3038,3038,0,8425,0,1,e07e,001c,8318,8425,1
3039,3039,0,8599,0,1,1f70,001c,8048,8599,1
3040,3040,0,8638,0,1,1e6e,001c,7790,8638,1
3041,3041,0,8478,0,1,1df2,001c,7666,8478,1
3042,3042,0,8230,0,1,1e53,001c,7763,8230,1
3043,3043,0,8226,0,1,1f1b,001c,7963,8226,1
3044,3044,0,7983,0,1,e017,001c,8215,7983,1
3045,3045,0,7768,0,1,e10d,001c,8461,7768,1
3046,3046,0,7695,0,1,e1b2,001c,8626,7695,1
3047,3047,0,7798,0,1,e1a3,001c,8611,7798,1
3048,3048,0,8054,0,1,e0e4,001c,8420,8054,1
3049,3049,0,8307,0,1,1fca,001c,8138,8307,1
3050,3050,0,8560,0,1,1eb7,001c,7863,8560,1
3051,3051,0,8650,0,1,1e16,001c,7702,8650,1
3052,3052,0,8570,0,1,1e20,001c,7712,8570,1
3053,3053,0,8337,0,1,1ec8,001c,7880,8337,1
3054,3054,0,8052,0,1,1fbd,001c,8125,8052,1
3055,3055,0,7828,0,1,e0d4,001c,8404,7828,1
3056,3056,0,7690,0,1,e196,001c,8598,7690,1
3057,3057,0,7722,0,1,e198,001c,8600,7722,1
3058,3058,0,7720,0,1,e107,001c,8455,7720,1
3059,3059,0,7951,0,1,e018,001c,8216,7951,1
3060,3060,0,8241,0,1,1f2b,001c,7979,8241,1
3061,3061,0,8474,0,1,1e6c,001c,7788,8474,1
3062,3062,0,8612,0,1,1e01,001c,7713,8612,1
3063,3063,0,8633,0,1,1e62,001c,7779,8633,1
3064,3064,0,8439,0,1,1f78,001c,8058,8439,1
3065,3065,0,8171,0,1,ff5d,001c,16217,8171,1
3066,3066,0,7889,0,1,e177,001c,8567,7889,1
3067,3067,0,7718,0,1,e1d6,001c,8662,7718,1
3068,3068,0,7713,0,1,e1d6,001c,8662,7713,1
3069,3069,0,7859,0,1,e1cf,001c,8654,7859,1
3070,3070,0,8129,0,1,e0cf,001c,8399,8129,1
3071,3071,0,8412,1,1,1f81,001c,8065,8412,1
3072,3072,0,8412,0,0,1e69,001c,7785,8412,0
3073,3073,0,8412,0,0,1e1f,001c,7711,8412,0
3074,3074,0,8412,0,0,1e24,001c,7716,8412,0
3075,3075,0,8412,0,0,1ee5,001c,7909,8412,0
3076,3076,0,8412,0,0,1ffd,001c,8189,8412,0
3077,3077,0,8412,0,0,e100,001c,8448,8412,0
3078,3078,0,8412,0,0,e196,001c,8598,8412,0
3079,3079,0,8412,0,0,e190,001c,8592,8412,0
3080,3080,0,8412,0,0,e0e2,001c,8418,8412,0
3081,3081,0,8412,0,0,1ffb,001c,8187,8412,0
3082,3082,0,8412,0,0,1ee9,001c,7913,8412,0
3083,3083,0,8412,0,0,1e23,001c,7715,8412,0
3084,3084,0,8412,0,0,1e35,001c,7733,8412,0
3085,3085,0,8412,0,0,1eba,001c,7866,8412,0
3086,3086,0,8412,0,0,1f9e,001c,8094,8412,0
3087,3087,0,8412,0,0,e09f,001c,8351,8412,0
3088,3088,0,8412,0,0,e188,001c,8584,8412,0
3089,3089,0,8412,0,0,e1bf,001c,8639,8412,0
3090,3090,0,8412,0,0,e124,001c,8484,8412,0
3091,3091,0,8412,0,0,e042,001c,8258,8412,0
3092,3092,0,8412,0,0,1f33,001c,7987,8412,0
3093,3093,0,8412,0,0,1e50,001c,7760,8412,0
3094,3094,0,8412,0,0,1e16,001c,7702,8412,0
3095,3095,0,8412,0,0,1e70,001c,7792,8412,0
3096,3096,0,8412,0,0,1f5e,001c,8030,8412,0
3097,3097,0,8412,0,0,e059,001c,8281,8412,0
3098,3098,0,8412,0,0,e118,001c,8472,8412,0
3099,3099,0,8412,0,0,e1a9,001c,8633,8412,0
3100,3100,0,8412,0,0,e1b7,001c,8639,8412,0
3101,3101,0,8412,0,0,e1b7,001c,8631,8412,0
3102,3102,0,8412,0,0,efab,001c,16299,8412,0
3103,3103,0,8412,0,0,1fbb,001c,8123,8412,0
3104,3104,0,8412,0,0,1ffb,001c,8187,8412,0
3105,3105,0,8412,0,0,1dff,001c,7675,8412,0
3106,3106,0,8412,0,0,1eef,001c,7919,8412,0
3107,3107,0,8412,0,0,1ed6,001c,7894,8412,0
3108,3108,0,8412,0,0,1fef,001c,8175,8412,0
3109,3109,0,8412,0,0,e115,001c,8469,8412,0
3110,3110,0,8412,0,0,e1a8,001c,8616,8412,0
3111,3111,0,8412,0,0,e1b0,001c,8624,8412,0
3112,3112,0,8412,0,0,e13a,001c,8506,8412,0
3113,3113,0,8412,0,0,e00d,001c,8205,8412,0
3114,3114,0,8412,0,0,1efb,001c,7931,8412,0
3115,3115,0,8412,0,0,1e48,001c,7752,8412,0
3116,3116,0,8412,0,0,1e05,001c,7685,8412,0
3117,3117,0,8412,0,0,1e90,001c,7824,8412,0
3118,3118,0,8412,0,0,1f84,001c,8068,8412,0
3119,3119,0,8412,0,0,e0a1,001c,8353,8412,0
3120,3120,0,8412,0,0,e17a,001c,8570,8412,0
3121,3121,0,8412,0,0,e1b9,001c,8633,8412,0
3122,3122,0,8412,0,0,e187,001c,8583,8412,0
3123,3123,0,8412,0,0,e09e,001c,8350,8412,0
3124,3124,0,8412,0,0,1f52,001c,8018,8412,0
3125,3125,0,8412,0,0,1e63,001c,7779,8412,0
3126,3126,0,8412,0,0,1e06,001c,7686,8412,0
3127,3127,0,8412,0,0,1e54,001c,7764,8412,0
3128,3128,0,8412,0,0,1f17,001c,7959,8412,0
3129,3129,0,8412,0,0,e00b,001c,8203,8412,0
3130,3130,0,8412,0,0,e137,001c,8503,8412,0
3131,3131,0,8412,0,0,e1cc,001c,8652,8412,0
3132,3132,0,8412,0,0,e182,001c,8578,8412,0
3133,3133,0,8412,0,0,e0cf,001c,8399,8412,0
3134,3134,0,8412,0,0,1fdd,001c,8159,8412,0
3135,3135,0,8412,0,0,1edf,001c,7903,8412,0
3136,3136,0,8412,0,0,1e93,001c,7711,8412,0
3137,3137,0,8412,0,0,1e1d,001c,7709,8412,0
3138,3138,0,8412,0,0,1ecd,001c,7885,8412,0
3139,3139,0,8412,0,0,1fcb,001c,8139,8412,0
3140,3140,0,8412,0,0,ffcb,001c,16331,8412,0
3141,3141,0,8412,0,0,e1df,001c,8671,8412,0
3142,3142,0,8412,0,0,e1df,001c,8671,8412,0
3143,3143,0,8412,0,0,e1d0,001c,8656,8412,0
3144,3144,0,8412,0,0,e137,001c,8503,8412,0
3145,3145,0,8412,0,0,e035,001c,8245,8412,0
3146,3146,0,8412,0,0,1f01,001c,7937,8412,0
3147,3147,0,8412,0,0,1e2e,001c,7726,8412,0
3148,3148,0,8412,0,0,1e0f,001c,7695,8412,0
3149,3149,0,8412,0,0,1e62,001c,7778,8412,0
3150,3150,0,8412,0,0,1f6d,001c,8045,8412,0
3151,3151,0,8412,0,0,e081,001c,8321,8412,0
3152,3152,0,8412,0,0,e14c,001c,8524,8412,0
3153,3153,0,8412,0,0,e1ba,001c,8634,8412,0
3154,3154,0,8412,0,0,e160,001c,8544,8412,0
3155,3155,0,8412,0,0,e081,001c,8321,8412,0
3156,3156,0,8412,0,0,1f83,001c,8067,8412,0
3157,3157,0,8412,0,0,1e8d,001c,7821,8412,0
3158,3158,0,8412,0,0,1e0a,001c,7690,8412,0
3159,3159,0,8412,0,0,1e3a,001c,7738,8412,0
3160,3160,0,8412,0,0,1f02,001c,7938,8412,0
3161,3161,0,8412,0,0,e01e,001c,8222,8412,0
3162,3162,0,8412,0,0,e118,001c,8472,8412,0
3163,3163,0,8412,0,0,e1ac,001c,8620,8412,0
3164,3164,0,8412,0,0,e1ae,001c,8622,8412,0
3165,3165,0,8412,0,0,e0d7,001c,8407,8412,0
3166,3166,0,8412,0,0,1fe2,001c,8162,8412,0
3167,3167,0,8412,0,0,1ee3,001c,7907,8412,0
3168,3168,0,8412,0,0,1e19,001c,7705,8412,0
3169,3169,0,8412,0,0,1e12,001c,7698,8412,0
3170,3170,0,8412,0,0,1eac,001c,7870,8412,0
3171,3171,0,8412,0,0,1fa5,001c,8109,8412,0
3172,3172,0,8412,0,0,fffd,001c,16381,8412,0
3173,3173,0,8412,0,0,e1df,001c,8671,8412,0
3174,3174,0,8412,0,0,e1a3,001c,8611,8412,0
3175,3175,0,8412,0,0,e1b1,001c,8625,8412,0
3176,3176,0,8412,0,0,e173,001c,8563,8412,0
3177,3177,0,8412,0,0,e042,001c,8258,8412,0
3178,3178,0,8412,0,0,1f3f,001c,7999,8412,0
3179,3179,0,8412,0,0,1e2d,001c,7725,8412,0
3180,3180,0,8412,0,0,1dee,001c,7662,8412,0
3181,3181,0,8412,0,0,1e51,001c,7761,8412,0
3182,3182,0,8412,0,0,1f5d,001c,8029,8412,0
3183,3183,0,8412,0,0,e06c,001c,8300,8412,0
3184,3184,0,8412,0,0,e133,001c,8499,8412,0
3185,3185,0,8412,0,0,e193,001c,8595,8412,0
3186,3186,0,8412,0,0,e15c,001c,8540,8412,0
3187,3187,0,8412,0,0,e083,001c,8323,8412,0
3188,3188,0,8412,0,0,1fa7,001c,8103,8412,0
3189,3189,0,8412,0,0,1ea0,001c,7840,8412,0
3190,3190,0,8412,0,0,1e06,001c,7686,8412,0
3191,3191,0,8412,0,0,1e0f,001c,7695,8412,0
3192,3192,0,8412,0,0,1ec5,001c,7877,8412,0
3193,3193,0,8412,0,0,1fef,001c,8175,8412,0
3194,3194,0,8412,0,0,e0f0,001c,8432,8412,0
3195,3195,0,8412,0,0,e17b,001c,8571,8412,0
3196,3196,0,8412,0,0,e180,001c,8576,8412,0
3197,3197,0,8412,0,0,e101,001c,8449,8412,0
3198,3198,0,8412,0,0,e009,001c,8201,8412,0
3199,3199,0,8412,0,0,1eda,001c,7898,8412,0
3200,3200,0,8412,0,0,1e36,001c,7734,8412,0
3201,3201,0,8412,0,0,1e24,001c,7716,8412,0
3202,3202,0,8412,0,0,1e48,001c,7752,8412,0
3203,3203,0,8412,0,0,1f60,001c,8032,8412,0
3204,3204,0,8412,0,0,e0a9,001c,8361,8412,0
3205,3205,0,8412,0,0,e192,001c,8626,8412,0
3206,3206,0,8412,0,0,e1b4,001c,8630,8412,0
3207,3207,0,8412,0,0,e172,001c,8566,8412,0
3208,3208,0,8412,0,0,e1ca,001c,8586,8412,0
3209,3209,0,8412,0,0,efaa,001c,16330,8412,0
3210,3210,0,8412,0,0,1f7b,001c,8042,8412,0
3211,3211,0,8412,0,0,1e5d,001c,7773,8412,0
3212,3212,0,8412,0,0,1e5f,001c,7775,8412,0
3213,3213,0,8412,0,0,1f5f,001c,8031,8412,0
3214,3214,0,8412,0,0,1f3a,001c,7994,8412,0
3215,3215,0,8412,0,0,e03c,001c,8252,8412,0
3216,3216,0,8412,0,0,e152,001c,8530,8412,0
3217,3217,0,8412,0,0,e1c9,001c,8649,8412,0
3218,3218,0,8412,0,0,e19e,001c,8606,8412,0
3219,3219,0,8412,0,0,e0b0,001c,8368,8412,0
3220,3220,0,8412,0,0,1fac,001c,8108,8412,0
3221,3221,0,8412,0,0,1ebe,001c,7870,8412,0
3222,3222,0,8412,0,0,1e2e,001c,7726,8412,0
3223,3223,0,8412,0,0,1e2c,001c,7724,8412,0
3224,3224,0,8412,0,0,1ee6,001c,7910,8412,0
3225,3225,0,8412,0,0,1ff7,001c,8183,8412,0
3226,3226,0,8412,0,0,e0ff,001c,8447,8412,0
3227,3227,0,8412,0,0,e1ad,001c,8621,8412,0
3228,3228,0,8412,0,0,e1b6,001c,8630,8412,0
3229,3229,0,8412,0,0,e11c,001c,8476,8412,0
3230,3230,0,8412,0,0,e026,001c,8230,8412,0
3231,3231,0,8412,0,0,1f38,001c,7992,8412,0
3232,3232,0,8412,0,0,1e4e,001c,7758,8412,0
3233,3233,0,8412,0,0,1df3,001c,7667,8412,0
3234,3234,0,8412,0,0,1e89,001c,7817,8412,0
3235,3235,0,8412,0,0,1fab,001c,8107,8412,0
3236,3236,0,8412,0,0,e0b4,001c,8372,8412,0
3237,3237,0,8412,0,0,e17d,001c,8573,8412,0
3238,3238,0,8412,0,0,e1de,001c,8670,8412,0
3239,3239,0,8412,0,0,e18b,001c,8587,8412,0
3240,3240,0,8412,0,0,e090,001c,8336,8412,0
3241,3241,0,8412,0,0,1f73,001c,8051,8412,0
3242,3242,0,8412,0,0,1ee1,001c,7923,8412,0
3243,3243,0,8412,0,0,1ea8,001c,7721,8412,0
3244,3244,0,8412,0,0,1e6b,001c,7787,8412,0
3245,3245,0,8412,0,0,1f6b,001c,8043,8412,0
3246,3246,0,8412,0,0,1f6a,001c,8042,8412,0
3247,3247,0,8412,0,0,e161,001c,8545,8412,0
3248,3248,0,8412,0,0,e1f5,001c,8693,8412,0
3249,3249,0,8412,0,0,e1fc,001c,8692,8412,0
3250,3250,0,8412,0,0,e1c8,001c,8648,8412,0
3251,3251,0,8412,0,0,e106,001c,8454,8412,0
3252,3252,0,8412,0,0,1ffa,001c,8186,8412,0
3253,3253,0,8412,0,0,1ef9,001c,7929,8412,0
3254,3254,0,8412,0,0,1e5a,001c,7770,8412,0
3255,3255,0,8412,0,0,1e3a,001c,7738,8412,0
3256,3256,0,8412,0,0,1ee6,001c,7910,8412,0
3257,3257,0,8412,0,0,1fed,001c,8173,8412,0
3258,3258,0,8412,0,0,e10d,001c,8461,8412,0
3259,3259,0,8412,0,0,e1d3,001c,8659,8412,0
3260,3260,0,8412,0,0,e1d0,001c,8656,8412,0
3261,3261,0,8412,0,0,e121,001c,8481,8412,0
3262,3262,0,8412,0,0,e070,001c,8304,8412,0
3263,3263,0,8412,0,0,1f75,001c,8053,8412,0
3264,3264,0,8412,0,0,1e86,001c,7814,8412,0
3265,3265,0,8412,0,0,1e3c,001c,7740,8412,0
3266,3266,0,8412,0,0,1e8f,001c,7823,8412,0
3267,3267,0,8412,0,0,1f8f,001c,8079,8412,0
3268,3268,0,8412,0,0,e0a0,001c,8352,8412,0
3269,3269,0,8412,0,0,e174,001c,8564,8412,0
3270,3270,0,8412,0,0,e1e3,001c,8675,8412,0
3271,3271,0,8412,0,0,e19d,001c,8605,8412,0
3272,3272,0,8412,0,0,e0b1,001c,8369,8412,0
3273,3273,0,8412,0,0,1fa5,001c,8101,8412,0
3274,3274,0,8412,0,0,1ec0,001c,7872,8412,0
3275,3275,0,8412,0,0,1e3d,001c,7741,8412,0
3276,3276,0,8412,0,0,1e72,001c,7794,8412,0
3277,3277,0,8412,0,0,1f2b,001c,7979,8412,0
3278,3278,0,8412,0,0,e33f,001c,8767,8412,0
3279,3279,0,8412,0,0,e11f,001c,8479,8412,0
3280,3280,0,8412,0,0,e1cd,001c,8653,8412,0
3281,3281,0,8412,0,0,e1cf,001c,8655,8412,0
3282,3282,0,8412,0,0,e1eb,001c,8683,8412,0
3283,3283,0,8412,0,0,e0ef,001c,8431,8412,0
3284,3284,0,8412,0,0,e80e,001c,12046,8412,0
3285,3285,0,8412,0,0,1f57,001c,8023,8412,0
3286,3286,0,8412,0,0,1e51,001c,7761,8412,0
3287,3287,0,8412,0,0,1e31,001c,7729,8412,0
3288,3288,0,8412,0,0,1eb8,001c,7864,8412,0
3289,3289,0,8412,0,0,1fad,001c,8109,8412,0
3290,3290,0,8412,0,0,e0e0,001c,8416,8412,0
3291,3291,0,8412,0,0,e19c,001c,8604,8412,0
3292,3292,0,8412,0,0,e1db,001c,8667,8412,0
3293,3293,0,8412,0,0,e16a,001c,8554,8412,0
3294,3294,0,8412,0,0,e066,001c,8294,8412,0
3295,3295,0,8412,0,0,1f63,001c,8035,8412,0
3296,3296,0,8412,0,0,1e78,001c,7800,8412,0
3297,3297,0,8412,0,0,1e2f,001c,7727,8412,0
3298,3298,0,8412,0,0,1e88,001c,7816,8412,0
3299,3299,0,8412,0,0,1f3f,001c,7999,8412,0
3300,3300,0,8412,0,0,e041,001c,8257,8412,0
3301,3301,0,8412,0,0,e155,001c,8533,8412,0
3302,3302,0,8412,0,0,e1d5,001c,8661,8412,0
3303,3303,0,8412,0,0,e1a8,001c,8616,8412,0
3304,3304,0,8412,0,0,e0c0,001c,8384,8412,0
3305,3305,0,8412,0,0,1fb3,001c,8115,8412,0
3306,3306,0,8412,0,0,1ecc,001c,7884,8412,0
3307,3307,0,8412,0,0,1e1c,001c,7708,8412,0
3308,3308,0,8412,0,0,1e1f,001c,7711,8412,0
3309,3309,0,8412,0,0,1ef1,001c,7921,8412,0
3310,3310,0,8412,0,0,1ff5,001c,8181,8412,0
3311,3311,0,8412,0,0,e0f0,001c,8432,8412,0
3312,3312,0,8412,0,0,e1c1,001c,8641,8412,0
3313,3313,0,8412,0,0,e1bf,001c,8639,8412,0
3314,3314,0,8412,0,0,e135,001c,8511,8412,0
3315,3315,0,8412,0,0,e11f,001c,8479,8412,0
3316,3316,0,8412,0,0,fcda,001c,16090,8412,0
3317,3317,0,8412,0,0,1ef9,001c,7929,8412,0
3318,3318,0,8412,0,0,1e75,001c,7797,8412,0
3319,3319,0,8412,0,0,1ea5,001c,7845,8412,0
3320,3320,0,8412,0,0,1ecf,001c,8128,8412,0
3321,3321,0,8412,0,0,1f7f,001c,8063,8412,0
3322,3322,0,8412,0,0,e09e,001c,8350,8412,0
3323,3323,0,8412,0,0,e166,001c,8550,8412,0
3324,3324,0,8412,0,0,e1c2,001c,8642,8412,0
3325,3325,0,8412,0,0,e16d,001c,8557,8412,0
3326,3326,0,8412,0,0,e07b,001c,8315,8412,0
3327,3327,0,8412,0,0,1f51,001c,8017,8412,0
3328,3328,0,8412,0,0,1e8d,001c,7821,8412,0
3329,3329,0,8412,0,0,1e15,001c,7701,8412,0
3330,3330,0,8412,0,0,1e37,001c,7735,8412,0
3331,3331,0,8412,0,0,1f3a,001c,7994,8412,0
3332,3332,0,8412,0,0,e032,001c,8242,8412,0
3333,3333,0,8412,0,0,e126,001c,8486,8412,0
3334,3334,0,8412,0,0,e1cd,001c,8653,8412,0
3335,3335,0,8412,0,0,e191,001c,8593,8412,0
3336,3336,0,8412,0,0,e0fb,001c,8443,8412,0
3337,3337,0,8412,0,0,1ffc,001c,8188,8412,0
3338,3338,0,8412,0,0,1e9b,001c,7835,8412,0
3339,3339,0,8412,0,0,1df8,001c,7672,8412,0
3340,3340,0,8412,0,0,1e2f,001c,7727,8412,0
3341,3341,0,8412,0,0,1ecb,001c,7883,8412,0
3342,3342,0,8412,0,0,1fb8,001c,8120,8412,0
3343,3343,0,8412,0,0,e0e9,001c,8425,8412,0
3344,3344,0,8412,0,0,e1a1,001c,8609,8412,0
3345,3345,0,8412,0,0,e1b2,001c,8626,8412,0
3346,3346,0,8412,0,0,e10c,001c,8460,8412,0
3347,3347,0,8412,0,0,e02e,001c,8238,8412,0
3348,3348,0,8412,0,0,1f16,001c,7990,8412,0
3349,3349,0,8412,0,0,1e2b,001c,7739,8412,0
3350,3350,0,8412,0,0,1ff2,001c,8187,8412,0
3351,3351,0,8412,0,0,1ff2,001c,8114,8412,0
3352,3352,0,8412,0,0,1f9a,001c,8090,8412,0
3353,3353,0,8412,0,0,ff8e,001c,16270,8412,0
3354,3354,0,8412,0,0,e1df,001c,8670,8412,0
3355,3355,0,8412,0,0,e1fd,001c,8669,8412,0
3356,3356,0,8412,0,0,e1fd,001c,8697,8412,0
3357,3357,0,8412,0,0,e166,001c,8550,8412,0
3358,3358,0,8412,0,0,e093,001c,8339,8412,0
3359,3359,0,8412,0,0,1f84,001c,8068,8412,0
3360,3360,0,8412,0,0,1e88,001c,7816,8412,0
3361,3361,0,8412,0,0,1e04,001c,7684,8412,0
3362,3362,0,8412,0,0,1e4d,001c,7757,8412,0
3363,3363,0,8412,0,0,1f14,001c,7956,8412,0
3364,3364,0,8412,0,0,e030,001c,8240,8412,0
3365,3365,0,8412,0,0,e125,001c,8485,8412,0
3366,3366,0,8412,0,0,e1c4,001c,8644,8412,0
3367,3367,0,8412,0,0,e1ad,001c,8621,8412,0
3368,3368,0,8412,0,0,e0f7,001c,8439,8412,0
3369,3369,0,8412,0,0,1fec,001c,8172,8412,0
3370,3370,0,8412,0,0,1ef8,001c,7928,8412,0
3371,3371,0,8412,0,0,1e5b,001c,7771,8412,0
3372,3372,0,8412,0,0,1e25,001c,7717,8412,0
3373,3373,0,8412,0,0,1eb9,001c,7865,8412,0
3374,3374,0,8412,0,0,1fda,001c,8154,8412,0
3375,3375,0,8412,0,0,e0e2,001c,8418,8412,0
3376,3376,0,8412,0,0,e1b1,001c,8625,8412,0
3377,3377,0,8412,0,0,e1d0,001c,8656,8412,0
3378,3378,0,8412,0,0,e153,001c,8531,8412,0
3379,3379,0,8412,0,0,e056,001c,8278,8412,0
3380,3380,0,8412,0,0,1f45,001c,8005,8412,0
3381,3381,0,8412,0,0,1e81,001c,7809,8412,0
3382,3382,0,8412,0,0,1e53,001c,7763,8412,0
3383,3383,0,8412,0,0,1e8d,001c,7821,8412,0
3384,3384,0,8412,0,0,1f81,001c,8065,8412,0
3385,3385,0,8412,0,0,e396,001c,8855,8412,0
3386,3386,0,8412,0,0,e19a,001c,8606,8412,0
3387,3387,0,8412,0,0,e1fa,001c,8698,8412,0
3388,3388,0,8412,0,0,e1fb,001c,8699,8412,0
3389,3389,0,8412,0,0,e1d5,001c,8661,8412,0
3390,3390,0,8412,0,0,ffc5,001c,16325,8412,0
3391,3391,0,8412,0,0,1fdc,001c,8148,8412,0
3392,3392,0,8412,0,0,1efe,001c,7928,8412,0
3393,3393,0,8412,0,0,1e56,001c,7766,8412,0
3394,3394,0,8412,0,0,1e88,001c,7816,8412,0
3395,3395,0,8412,0,0,1f32,001c,7986,8412,0
3396,3396,0,8412,0,0,e030,001c,8240,8412,0
3397,3397,0,8412,0,0,e13f,001c,8511,8412,0
3398,3398,0,8412,0,0,e1ef,001c,8687,8412,0
3399,3399,0,8412,0,0,e1fa,001c,8698,8412,0
3400,3400,0,8412,0,0,e14d,001c,8525,8412,0
3401,3401,0,8412,0,0,e048,001c,8264,8412,0
3402,3402,0,8412,0,0,1f36,001c,7990,8412,0
3403,3403,0,8412,0,0,1e69,001c,7785,8412,0
3404,3404,0,8412,0,0,1e55,001c,7765,8412,0
3405,3405,0,8412,0,0,1ec8,001c,7880,8412,0
3406,3406,0,8412,0,0,1fd5,001c,8149,8412,0
3407,3407,0,8412,0,0,e10e,001c,8462,8412,0
3408,3408,0,8412,0,0,e1ce,001c,8654,8412,0
3409,3409,0,8412,0,0,e206,001c,8710,8412,0
3410,3410,0,8412,0,0,e18d,001c,8589,8412,0
3411,3411,0,8412,0,0,e0ac,001c,8364,8412,0
3412,3412,0,8412,0,0,1fab,001c,8107,8412,0
3413,3413,0,8412,0,0,1ec4,001c,7876,8412,0
3414,3414,0,8412,0,0,1e60,001c,7776,8412,0
3415,3415,0,8412,0,0,1ea0,001c,7840,8412,0
3416,3416,0,8412,0,0,1f73,001c,8051,8412,0
3417,3417,0,8412,0,0,e092,001c,8338,8412,0
3418,3418,0,8412,0,0,e19e,001c,8606,8412,0
3419,3419,0,8412,0,0,e228,001c,8744,8412,0
3420,3420,0,8412,0,0,e1e2,001c,8674,8412,0
3421,3421,0,8412,0,0,e136,001c,8502,8412,0
3422,3422,0,8412,0,0,e132,001c,8246,8412,0
3423,3423,0,8412,0,0,ff2a,001c,16170,8412,0
3424,3424,0,8412,0,0,1f7a,001c,8058,8412,0
3425,3425,0,8412,0,0,1e7f,001c,7807,8412,0
3426,3426,0,8412,0,0,1f7f,001c,8063,8412,0
3427,3427,0,8412,0,0,1f17,001c,7959,8412,0
3428,3428,0,8412,0,0,e060,001c,8288,8412,0
3429,3429,0,8412,0,0,e155,001c,8661,8412,0
3430,3430,0,8412,0,0,e1fc,001c,8700,8412,0
3431,3431,0,8412,0,0,e1e4,001c,8676,8412,0
3432,3432,0,8412,0,0,e176,001c,8566,8412,0
3433,3433,0,8412,0,0,e07f,001c,8319,8412,0
3434,3434,0,8412,0,0,1f6f,001c,8047,8412,0
3435,3435,0,8412,0,0,1e87,001c,7815,8412,0
3436,3436,0,8412,0,0,1e55,001c,7765,8412,0
3437,3437,0,8412,0,0,1ebf,001c,7871,8412,0
3438,3438,0,8412,0,0,1fab,001c,8107,8412,0
3439,3439,0,8412,0,0,e0ae,001c,8366,8412,0
3440,3440,0,8412,0,0,e1e6,001c,8678,8412,0
3441,3441,0,8412,0,0,e21c,001c,8732,8412,0
3442,3442,0,8412,0,0,e176,001c,8566,8412,0
3443,3443,0,8412,0,0,e0ac,001c,8364,8412,0
3444,3444,0,8412,0,0,1fb0,001c,8112,8412,0
3445,3445,0,8412,0,0,1ec4,001c,7876,8412,0
3446,3446,0,8412,0,0,1e35,001c,7733,8412,0
3447,3447,0,8412,0,0,1e55,001c,7765,8412,0
3448,3448,0,8412,0,0,1f54,001c,8020,8412,0
3449,3449,0,8412,0,0,e07f,001c,8319,8412,0
3450,3450,0,8412,0,0,e13d,001c,8509,8412,0
3451,3451,0,8412,0,0,e1c5,001c,8645,8412,0
3452,3452,0,8412,0,0,e1d2,001c,8658,8412,0
3453,3453,0,8412,0,0,e108,001c,8456,8412,0
3454,3454,0,8412,0,0,e001,001c,8193,8412,0
3455,3455,0,8412,0,0,1ef9,001c,7929,8412,0
3456,3456,0,8412,0,0,1e67,001c,7783,8412,0
3457,3457,0,8412,0,0,1e34,001c,7735,8412,0
3458,3458,0,8412,0,0,1ef1,001c,7925,8412,0
3459,3459,0,8412,0,0,1fe1,001c,8161,8412,0
3460,3460,0,8412,0,0,3fed,001c,16364,8412,0
3461,3461,0,8412,0,0,e1bd,001c,8637,8412,0
3462,3462,0,8412,0,0,e1fd,001c,8701,8412,0
3463,3463,0,8412,0,0,e1fd,001c,8700,8412,0
3464,3464,0,8412,0,0,e17d,001c,8573,8412,0
3465,3465,0,8412,0,0,e043,001c,8259,8412,0
3466,3466,0,8412,0,0,1f39,001c,7993,8412,0
3467,3467,0,8412,0,0,1e8e,001c,7822,8412,0
3468,3468,0,8412,0,0,1e49,001c,7753,8412,0
3469,3469,0,8412,0,0,1e67,001c,7783,8412,0
3470,3470,0,8412,0,0,1f81,001c,8065,8412,0
3471,3471,0,8412,0,0,e0a8,001c,8360,8412,0
3472,3472,0,8412,0,0,e15c,001c,8540,8412,0
3473,3473,0,8412,0,0,e1e1,001c,8673,8412,0
3474,3474,0,8412,0,0,e1b5,001c,8629,8412,0
3475,3475,0,8412,0,0,e081,001c,8321,8412,0
3476,3476,0,8412,0,0,1f80,001c,8064,8412,0
3477,3477,0,8412,0,0,1e94,001c,7828,8412,0
3478,3478,0,8412,0,0,1e23,001c,7715,8412,0
3479,3479,0,8412,0,0,1e62,001c,7778,8412,0
3480,3480,0,8412,0,0,1ef0,001c,7920,8412,0
3481,3481,0,8412,0,0,e00b,001c,8203,8412,0
3482,3482,0,8412,0,0,e132,001c,8498,8412,0
3483,3483,0,8412,0,0,e1c2,001c,8642,8412,0
3484,3484,0,8412,0,0,e1b6,001c,8630,8412,0
3485,3485,0,8412,0,0,e0f4,001c,8436,8412,0
3486,3486,0,8412,0,0,1fea,001c,8170,8412,0
3487,3487,0,8412,0,0,1ef3,001c,7923,8412,0
3488,3488,0,8412,0,0,1e46,001c,7750,8412,0
3489,3489,0,8412,0,0,1e23,001c,7715,8412,0
3490,3490,0,8412,0,0,1eb9,001c,7865,8412,0
3491,3491,0,8412,0,0,1faa,001c,8106,8412,0
3492,3492,0,8412,0,0,e2b9,001c,8379,8412,0
3493,3493,0,8412,0,0,e1bc,001c,8637,8412,0
3494,3494,0,8412,0,0,e1f4,001c,8700,8412,0
3495,3495,0,8412,0,0,e1ff,001c,8703,8412,0
3496,3496,0,8412,0,0,e15f,001c,8543,8412,0
3497,3497,0,8412,0,0,ef5f,001c,16223,8412,0
3498,3498,0,8412,0,0,1f7f,001c,8063,8412,0
3499,3499,0,8412,0,0,1e7f,001c,7803,8412,0
3500,3500,0,8412,0,0,1e5f,001c,7772,8412,0
3501,3501,0,8412,0,0,1e5f,001c,7775,8412,0
3502,3502,0,8412,0,0,1f4b,001c,8011,8412,0
3503,3503,0,8412,0,0,e05a,001c,8282,8412,0
3504,3504,0,8412,0,0,e170,001c,8560,8412,0
3505,3505,0,8412,0,0,e1e0,001c,8672,8412,0
3506,3506,0,8412,0,0,e1a1,001c,8609,8412,0
3507,3507,0,8412,0,0,e0d5,001c,8405,8412,0
3508,3508,0,8412,0,0,1fc3,001c,8131,8412,0
3509,3509,0,8412,0,0,1ecd,001c,7885,8412,0
3510,3510,0,8412,0,0,1e35,001c,7733,8412,0
3511,3511,0,8412,0,0,1e38,001c,7736,8412,0
3512,3512,0,8412,0,0,1eed,001c,7917,8412,0
3513,3513,0,8412,0,0,1ff3,001c,8179,8412,0
3514,3514,0,8412,0,0,e119,001c,8473,8412,0
3515,3515,0,8412,0,0,e1e8,001c,8680,8412,0
3516,3516,0,8412,0,0,e1cb,001c,8651,8412,0
3517,3517,0,8412,0,0,e0fc,001c,8444,8412,0
3518,3518,0,8412,0,0,e02e,001c,8238,8412,0
3519,3519,0,8412,0,0,1f2f,001c,7983,8412,0
3520,3520,0,8412,0,0,1e6e,001c,7790,8412,0
3521,3521,0,8412,0,0,1e4f,001c,7759,8412,0
3522,3522,0,8412,0,0,1ec1,001c,7873,8412,0
3523,3523,0,8412,0,0,1fb2,001c,8114,8412,0
3524,3524,0,8412,0,0,e0b7,001c,8375,8412,0
3525,3525,0,8412,0,0,e197,001c,8599,8412,0
3526,3526,0,8412,0,0,e1db,001c,8667,8412,0
3527,3527,0,8412,0,0,e19b,001c,8603,8412,0
3528,3528,0,8412,0,0,e0a6,001c,8375,8412,0
3529,3529,0,8412,0,0,dfab,001c,8111,8412,0
3530,3530,0,8412,0,0,1fa1,001c,8105,8412,0
3531,3531,0,8412,0,0,1eb7,001c,7863,8412,0
3532,3532,0,8412,0,0,1e7f,001c,7807,8412,0
3533,3533,0,8412,0,0,1f7e,001c,8062,8412,0
3534,3534,0,8412,0,0,1f5e,001c,8022,8412,0
3535,3535,0,8412,0,0,e17d,001c,8572,8412,0
3536,3536,0,8412,0,0,e175,001c,8565,8412,0
3537,3537,0,8412,0,0,e205,001c,8709,8412,0
3538,3538,0,8412,0,0,e1d3,001c,8659,8412,0
3539,3539,0,8412,0,0,e0fb,001c,8443,8412,0
3540,3540,0,8412,0,0,1fe7,001c,8167,8412,0
3541,3541,0,8412,0,0,1f04,001c,7940,8412,0
3542,3542,0,8412,0,0,1e6e,001c,7790,8412,0
3543,3543,0,8412,0,0,1e5a,001c,7770,8412,0
3544,3544,0,8412,0,0,1f02,001c,7938,8412,0
3545,3545,0,8412,0,0,e00a,001c,8202,8412,0
3546,3546,0,8412,0,0,e135,001c,8501,8412,0
3547,3547,0,8412,0,0,e1d7,001c,8663,8412,0
3548,3548,0,8412,0,0,e1e4,001c,8676,8412,0
3549,3549,0,8412,0,0,e196,001c,8598,8412,0
3550,3550,0,8412,0,0,e082,001c,8322,8412,0
3551,3551,0,8412,0,0,1f55,001c,8021,8412,0
3552,3552,0,8412,0,0,1eab,001c,7851,8412,0
3553,3553,0,8412,0,0,1e79,001c,7801,8412,0
3554,3554,0,8412,0,0,1ed5,001c,7893,8412,0
3555,3555,0,8412,0,0,1fb4,001c,8116,8412,0
3556,3556,0,8412,0,0,e0ca,001c,8394,8412,0
3557,3557,0,8412,0,0,e1c3,001c,8643,8412,0
3558,3558,0,8412,0,0,e20a,001c,8714,8412,0
3559,3559,0,8412,0,0,e1ad,001c,8621,8412,0
3560,3560,0,8412,0,0,e0f2,001c,8434,8412,0
3561,3561,0,8412,0,0,1fbd,001c,8125,8412,0
3562,3562,0,8412,0,0,1ec9,001c,7881,8412,0
3563,3563,0,8412,0,0,1e62,001c,7778,8412,0
3564,3564,0,8412,0,0,1ea8,001c,7850,8412,0
3565,3565,0,8412,0,0,1fe2,001c,8042,8412,0
3566,3566,0,8412,0,0,ff6f,001c,16239,8412,0
3567,3567,0,8412,0,0,e17f,001c,8575,8412,0
3568,3568,0,8412,0,0,e37d,001c,9085,8412,0
3569,3569,0,8412,0,0,e3fe,001c,9214,8412,0
3570,3570,0,8412,0,0,e1fe,001c,8698,8412,0
3571,3571,0,8412,0,0,e12d,001c,8493,8412,0
3572,3572,0,8412,0,0,e01d,001c,8221,8412,0
3573,3573,0,8412,0,0,1f04,001c,7940,8412,0
3574,3574,0,8412,0,0,1e8f,001c,7823,8412,0
3575,3575,0,8412,0,0,1e6e,001c,7790,8412,0
3576,3576,0,8412,0,0,1f17,001c,7959,8412,0
3577,3577,0,8412,0,0,e00d,001c,8205,8412,0
3578,3578,0,8412,0,0,e103,001c,8451,8412,0
3579,3579,0,8412,0,0,e1be,001c,8638,8412,0
3580,3580,0,8412,0,0,e211,001c,8721,8412,0
3581,3581,0,8412,0,0,e16c,001c,8556,8412,0
3582,3582,0,8412,0,0,e098,001c,8344,8412,0
3583,3583,0,8412,0,0,1f9c,001c,8092,8412,0
3584,3584,0,8412,0,0,1ea0,001c,7840,8412,0
3585,3585,0,8412,0,0,1e5b,001c,7771,8412,0
3586,3586,0,8412,0,0,1e88,001c,7816,8412,0
3587,3587,0,8412,0,0,1f68,001c,8040,8412,0
3588,3588,0,8412,0,0,e08d,001c,8333,8412,0
3589,3589,0,8412,0,0,e176,001c,8566,8412,0
3590,3590,0,8412,0,0,e207,001c,8711,8412,0
3591,3591,0,8412,0,0,e1dd,001c,8669,8412,0
3592,3592,0,8412,0,0,e0ea,001c,8426,8412,0
3593,3593,0,8412,0,0,1fd9,001c,8153,8412,0
3594,3594,0,8412,0,0,1ee3,001c,7907,8412,0
3595,3595,0,8412,0,0,1e58,001c,7768,8412,0
3596,3596,0,8412,0,0,1e4f,001c,7759,8412,0
3597,3597,0,8412,0,0,1f1a,001c,7962,8412,0
3598,3598,0,8412,0,0,e025,001c,8229,8412,0
3599,3599,0,8412,0,0,e139,001c,8505,8412,0
3600,3600,0,8412,0,0,e1fe,001c,8703,8412,0
3601,3601,0,8412,0,0,e1f6,001c,8702,8412,0
3602,3602,0,8412,0,0,e1f7,001c,8695,8412,0
3603,3603,0,8412,0,0,eff7,001c,16375,8412,0
3604,3604,0,8412,0,0,1ffe,001c,8190,8412,0
3605,3605,0,8412,0,0,1edf,001c,7898,8412,0
3606,3606,0,8412,0,0,1e6f,001c,7783,8412,0
3607,3607,0,8412,0,0,1ecb,001c,7883,8412,0
3608,3608,0,8412,0,0,1ed5,001c,7893,8412,0
3609,3609,0,8412,0,0,1fa8,001c,8104,8412,0
3610,3610,0,8412,0,0,e0e8,001c,8424,8412,0
3611,3611,0,8412,0,0,e19e,001c,8606,8412,0
3612,3612,0,8412,0,0,e1d5,001c,8661,8412,0
3613,3613,0,8412,0,0,e17d,001c,8573,8412,0
3614,3614,0,8412,0,0,e085,001c,8325,8412,0
3615,3615,0,8412,0,0,1f75,001c,8053,8412,0
3616,3616,0,8412,0,0,1e93,001c,7827,8412,0
3617,3617,0,8412,0,0,1e11,001c,7697,8412,0
3618,3618,0,8412,0,0,1e6a,001c,7786,8412,0
3619,3619,0,8412,0,0,1f3d,001c,7997,8412,0
3620,3620,0,8412,0,0,e04c,001c,8268,8412,0
3621,3621,0,8412,0,0,e154,001c,8532,8412,0
3622,3622,0,8412,0,0,e1c4,001c,8644,8412,0
3623,3623,0,8412,0,0,e1aa,001c,8618,8412,0
3624,3624,0,8412,0,0,e0eb,001c,8427,8412,0
3625,3625,0,8412,0,0,1fcc,001c,8140,8412,0
3626,3626,0,8412,0,0,1eb1,001c,7857,8412,0
3627,3627,0,8412,0,0,1e3a,001c,7738,8412,0
3628,3628,0,8412,0,0,1e3a,001c,7738,8412,0
3629,3629,0,8412,0,0,1ef0,001c,7920,8412,0
3630,3630,0,8412,0,0,1ff6,001c,8182,8412,0
3631,3631,0,8412,0,0,e0fa,001c,8442,8412,0
3632,3632,0,8412,0,0,e19b,001c,8603,8412,0
3633,3633,0,8412,0,0,e1b5,001c,8629,8412,0
3634,3634,0,8412,0,0,e145,001c,8517,8412,0
3635,3635,0,8412,0,0,e047,001c,8263,8412,0
3636,3636,0,8412,0,0,1f0b,001c,7951,8412,0
3637,3637,0,8412,0,0,1f3f,001c,7999,8412,0
3638,3638,0,8412,0,0,1e3e,001c,7742,8412,0
3639,3639,0,8412,0,0,1eae,001c,7854,8412,0
3640,3640,0,8412,0,0,1fbc,001c,8124,8412,0
3641,3641,0,8412,0,0,3f9c,001c,16284,8412,0
3642,3642,0,8412,0,0,e19d,001c,8604,8412,0
3643,3643,0,8412,0,0,e199,001c,8601,8412,0
3644,3644,0,8412,0,0,e203,001c,8707,8412,0
3645,3645,0,8412,0,0,e178,001c,8568,8412,0
3646,3646,0,8412,0,0,e093,001c,8339,8412,0
3647,3647,0,8412,0,0,1f75,001c,8053,8412,0
3648,3648,0,8412,0,0,1e7b,001c,7803,8412,0
3649,3649,0,8412,0,0,1e29,001c,7721,8412,0
3650,3650,0,8412,0,0,1e79,001c,7801,8412,0
3651,3651,0,8412,0,0,1f1e,001c,7966,8412,0
3652,3652,0,8412,0,0,e03c,001c,8252,8412,0
3653,3653,0,8412,0,0,e14a,001c,8522,8412,0
3654,3654,0,8412,0,0,e1ce,001c,8654,8412,0
3655,3655,0,8412,0,0,e1aa,001c,8618,8412,0
3656,3656,0,8412,0,0,e0ea,001c,8426,8412,0
3657,3657,0,8412,0,0,1ffd,001c,8189,8412,0
3658,3658,0,8412,0,0,1efb,001c,7931,8412,0
3659,3659,0,8412,0,0,1e32,001c,7730,8412,0
3660,3660,0,8412,0,0,1e35,001c,7733,8412,0
3661,3661,0,8412,0,0,1edc,001c,7900,8412,0
3662,3662,0,8412,0,0,1fe4,001c,8164,8412,0
3663,3663,0,8412,0,0,e0e6,001c,8422,8412,0
3664,3664,0,8412,0,0,e1b5,001c,8629,8412,0
3665,3665,0,8412,0,0,e1e9,001c,8681,8412,0
3666,3666,0,8412,0,0,e14b,001c,8523,8412,0
3667,3667,0,8412,0,0,e04f,001c,8271,8412,0
3668,3668,0,8412,0,0,1f4a,001c,8010,8412,0
3669,3669,0,8412,0,0,1e91,001c,7825,8412,0
3670,3670,0,8412,0,0,1e42,001c,7746,8412,0
3671,3671,0,8412,0,0,1ea2,001c,7842,8412,0
3672,3672,0,8412,0,0,1fb4,001c,8118,8412,0
3673,3673,0,8412,0,0,ff9f,001c,16287,8412,0
3674,3674,0,8412,0,0,e1bb,001c,8635,8412,0
3675,3675,0,8412,0,0,e1ff,001c,8703,8412,0
3676,3676,0,8412,0,0,e1ef,001c,8687,8412,0
3677,3677,0,8412,0,0,e1ea,001c,8682,8412,0
3678,3678,0,8412,0,0,ecca,001c,12234,8412,0
3679,3679,0,8412,0,0,1faa,001c,8170,8412,0
3680,3680,0,8412,0,0,1ec0,001c,7872,8412,0
3681,3681,0,8412,0,0,1e6e,001c,7790,8412,0
3682,3682,0,8412,0,0,1e6c,001c,7788,8412,0
3683,3683,0,8412,0,0,1f6a,001c,8042,8412,0
3684,3684,0,8412,0,0,e060,001c,8288,8412,0
3685,3685,0,8412,0,0,e15c,001c,8540,8412,0
3686,3686,0,8412,0,0,e1ef,001c,8687,8412,0
3687,3687,0,8412,0,0,e1d0,001c,8656,8412,0
3688,3688,0,8412,0,0,e120,001c,8480,8412,0
3689,3689,0,8412,0,0,e023,001c,8227,8412,0
3690,3690,0,8412,0,0,1f10,001c,7952,8412,0
3691,3691,0,8412,0,0,1e76,001c,7798,8412,0
3692,3692,0,8412,0,0,1e6e,001c,7790,8412,0
3693,3693,0,8412,0,0,1edd,001c,7901,8412,0
3694,3694,0,8412,0,0,1fd3,001c,8147,8412,0
3695,3695,0,8412,0,0,e107,001c,8455,8412,0
3696,3696,0,8412,0,0,e1e0,001c,8672,8412,0
3697,3697,0,8412,0,0,e20a,001c,8714,8412,0
3698,3698,0,8412,0,0,e197,001c,8599,8412,0
3699,3699,0,8412,0,0,e09a,001c,8346,8412,0
3700,3700,0,8412,0,0,1f5f,001c,8031,8412,0
3701,3701,0,8412,0,0,1ea9,001c,7849,8412,0
3702,3702,0,8412,0,0,1e76,001c,7798,8412,0
3703,3703,0,8412,0,0,1eb2,001c,7858,8412,0
3704,3704,0,8412,0,0,1f94,001c,8084,8412,0
3705,3705,0,8412,0,0,e0a2,001c,8354,8412,0
3706,3706,0,8412,0,0,e1a5,001c,8613,8412,0
3707,3707,0,8412,0,0,e223,001c,8739,8412,0
3708,3708,0,8412,0,0,e3ff,001c,9215,8412,0
3709,3709,0,8412,0,0,e1df,001c,8479,8412,0
3710,3710,0,8412,0,0,e11f,001c,8479,8412,0
3711,3711,0,8412,0,0,ecc1,001c,11457,8412,0
3712,3712,0,8412,0,0,1efb,001c,7930,8412,0
3713,3713,0,8412,0,0,1efb,001c,7931,8412,0
3714,3714,0,8412,0,0,1f9b,001c,8075,8412,0
3715,3715,0,8412,0,0,1f39,001c,7993,8412,0
3716,3716,0,8412,0,0,e061,001c,8289,8412,0
3717,3717,0,8412,0,0,e167,001c,8551,8412,0
3718,3718,0,8412,0,0,e1e6,001c,8678,8412,0
3719,3719,0,8412,0,0,e217,001c,8727,8412,0
3720,3720,0,8412,0,0,e194,001c,8596,8412,0
3721,3721,0,8412,0,0,e05e,001c,8286,8412,0
3722,3722,0,8412,0,0,1f57,001c,8023,8412,0
3723,3723,0,8412,0,0,1ea0,001c,7840,8412,0
3724,3724,0,8412,0,0,1e60,001c,7776,8412,0
3725,3725,0,8412,0,0,1eed,001c,7917,8412,0
3726,3726,0,8412,0,0,1fcb,001c,8139,8412,0
3727,3727,0,8412,0,0,e0ed,001c,8429,8412,0
3728,3728,0,8412,0,0,e1d5,001c,8661,8412,0
3729,3729,0,8412,0,0,e21d,001c,8733,8412,0
3730,3730,0,8412,0,0,e1d7,001c,8663,8412,0
3731,3731,0,8412,0,0,e0c8,001c,8392,8412,0
3732,3732,0,8412,0,0,1f8a,001c,8074,8412,0
3733,3733,0,8412,0,0,1ebf,001c,7871,8412,0
3734,3734,0,8412,0,0,1e6d,001c,7789,8412,0
3735,3735,0,8412,0,0,1eaa,001c,7850,8412,0
3736,3736,0,8412,0,0,1f68,001c,8040,8412,0
3737,3737,0,8412,0,0,e097,001c,8343,8412,0
3738,3738,0,8412,0,0,e1c5,001c,8645,8412,0
3739,3739,0,8412,0,0,e23c,001c,8764,8412,0
3740,3740,0,8412,0,0,e1e2,001c,8674,8412,0
3741,3741,0,8412,0,0,e0fb,001c,8443,8412,0
3742,3742,0,8412,0,0,1fe0,001c,8162,8412,0
3743,3743,0,8412,0,0,1f2e,001c,7982,8412,0
3744,3744,0,8412,0,0,1f6f,001c,8047,8412,0
3745,3745,0,8412,0,0,1e67,001c,7791,8412,0
3746,3746,0,8412,0,0,1f7f,001c,8063,8412,0
3747,3747,0,8412,0,0,1fdd,001c,8157,8412,0
3748,3748,0,8412,0,0,1fdd,001c,8157,8412,0
3749,3749,0,8412,0,0,e1f7,001c,8694,8412,0
3750,3750,0,8412,0,0,e1f7,001c,8679,8412,0
3751,3751,0,8412,0,0,e1f7,001c,8695,8412,0
3752,3752,0,8412,0,0,e15b,001c,8539,8412,0
3753,3753,0,8412,0,0,e039,001c,8249,8412,0
3754,3754,0,8412,0,0,1f2c,001c,7980,8412,0
3755,3755,0,8412,0,0,1e8a,001c,7818,8412,0
3756,3756,0,8412,0,0,1e40,001c,7744,8412,0
3757,3757,0,8412,0,0,1e8a,001c,7818,8412,0
3758,3758,0,8412,0,0,1f88,001c,8072,8412,0
3759,3759,0,8412,0,0,e0ae,001c,8366,8412,0
3760,3760,0,8412,0,0,e16a,001c,8554,8412,0
3761,3761,0,8412,0,0,e1eb,001c,8683,8412,0
3762,3762,0,8412,0,0,e198,001c,8600,8412,0
3763,3763,0,8412,0,0,e095,001c,8341,8412,0
3764,3764,0,8412,0,0,1f6a,001c,8042,8412,0
3765,3765,0,8412,0,0,1e87,001c,7815,8412,0
3766,3766,0,8412,0,0,1e42,001c,7746,8412,0
3767,3767,0,8412,0,0,1e65,001c,7781,8412,0
3768,3768,0,8412,0,0,1f11,001c,7953,8412,0
3769,3769,0,8412,0,0,e024,001c,8228,8412,0
3770,3770,0,8412,0,0,e12e,001c,8494,8412,0
3771,3771,0,8412,0,0,e1ce,001c,8654,8412,0
3772,3772,0,8412,0,0,e1b5,001c,8629,8412,0
3773,3773,0,8412,0,0,e0d1,001c,8401,8412,0
3774,3774,0,8412,0,0,1fe4,001c,8164,8412,0
3775,3775,0,8412,0,0,1ec3,001c,7875,8412,0
3776,3776,0,8412,0,0,1e36,001c,7734,8412,0
3777,3777,0,8412,0,0,1e3c,001c,7740,8412,0
3778,3778,0,8412,0,0,1ebb,001c,7867,8412,0
3779,3779,0,8412,0,0,1fbc,001c,8127,8412,0
3780,3780,0,8412,0,0,fff5,001c,11261,8412,0
3781,3781,0,8412,0,0,e1c7,001c,8647,8412,0
3782,3782,0,8412,0,0,e1bf,001c,8639,8412,0
3783,3783,0,8412,0,0,e1bf,001c,8639,8412,0
3784,3784,0,8412,0,0,e13f,001c,8511,8412,0
3785,3785,0,8412,0,0,e03b,001c,11579,8412,0
3786,3786,0,8412,0,0,1f30,001c,8048,8412,0
3787,3787,0,8412,0,0,1e42,001c,7746,8412,0
3788,3788,0,8412,0,0,1e08,001c,7688,8412,0
3789,3789,0,8412,0,0,1e88,001c,7816,8412,0
3790,3790,0,8412,0,0,1f5b,001c,8027,8412,0
3791,3791,0,8412,0,0,e039,001c,8249,8412,0
3792,3792,0,8412,0,0,e138,001c,8504,8412,0
3793,3793,0,8412,0,0,e1c1,001c,8641,8412,0
3794,3794,0,8412,0,0,e193,001c,8595,8412,0
3795,3795,0,8412,0,0,e0ac,001c,8364,8412,0
3796,3796,0,8412,0,0,1f98,001c,8088,8412,0
3797,3797,0,8412,0,0,1e98,001c,7832,8412,0
3798,3798,0,8412,0,0,1e1b,001c,7707,8412,0
3799,3799,0,8412,0,0,1e35,001c,7733,8412,0
3800,3800,0,8412,0,0,1f04,001c,7940,8412,0
3801,3801,0,8412,0,0,1ffe,001c,8190,8412,0
3802,3802,0,8412,0,0,e0f6,001c,8438,8412,0
3803,3803,0,8412,0,0,e19f,001c,8607,8412,0
3804,3804,0,8412,0,0,e1ae,001c,8622,8412,0
3805,3805,0,8412,0,0,e124,001c,8484,8412,0
3806,3806,0,8412,0,0,e00c,001c,8204,8412,0
3807,3807,0,8412,0,0,1f03,001c,7939,8412,0
3808,3808,0,8412,0,0,1e4f,001c,7759,8412,0
3809,3809,0,8412,0,0,1e17,001c,7703,8412,0
3810,3810,0,8412,0,0,1eb8,001c,7864,8412,0
3811,3811,0,8412,0,0,1fb3,001c,8115,8412,0
3812,3812,0,8412,0,0,e0c2,001c,8386,8412,0
3813,3813,0,8412,0,0,e1a2,001c,8610,8412,0
3814,3814,0,8412,0,0,e1e6,001c,8678,8412,0
3815,3815,0,8412,0,0,e173,001c,8567,8412,0
3816,3816,0,8412,0,0,e1f7,001c,8631,8412,0
3817,3817,0,8412,0,0,efd6,001c,16342,8412,0
3818,3818,0,8412,0,0,1f7b,001c,8059,8412,0
3819,3819,0,8412,0,0,1e7f,001c,7807,8412,0
3820,3820,0,8412,0,0,1e77,001c,7799,8412,0
3821,3821,0,8412,0,0,1f7f,001c,8051,8412,0
3822,3822,0,8412,0,0,1f4c,001c,8012,8412,0
3823,3823,0,8412,0,0,e066,001c,8294,8412,0
3824,3824,0,8412,0,0,e15a,001c,8538,8412,0
3825,3825,0,8412,0,0,e1fe,001c,8702,8412,0
3826,3826,0,8412,0,0,e1d2,001c,8658,8412,0
3827,3827,0,8412,0,0,e0f8,001c,8440,8412,0
3828,3828,0,8412,0,0,1fcd,001c,8141,8412,0
3829,3829,0,8412,0,0,1ed1,001c,7889,8412,0
3830,3830,0,8412,0,0,1e44,001c,7748,8412,0
3831,3831,0,8412,0,0,1e5f,001c,7775,8412,0
3832,3832,0,8412,0,0,1f07,001c,7943,8412,0
3833,3833,0,8412,0,0,e015,001c,8213,8412,0
3834,3834,0,8412,0,0,e12d,001c,8493,8412,0
3835,3835,0,8412,0,0,e1e5,001c,8677,8412,0
3836,3836,0,8412,0,0,e1e1,001c,8673,8412,0
3837,3837,0,8412,0,0,e162,001c,8546,8412,0
3838,3838,0,8412,0,0,e062,001c,8290,8412,0
3839,3839,0,8412,0,0,1f3a,001c,7994,8412,0
3840,3840,0,8412,0,0,1e78,001c,7800,8412,0
3841,3841,0,8412,0,0,1e58,001c,7768,8412,0
3842,3842,0,8412,0,0,1ed0,001c,7888,8412,0
3843,3843,0,8412,0,0,1faa,001c,8106,8412,0
3844,3844,0,8412,0,0,e0ce,001c,8398,8412,0
3845,3845,0,8412,0,0,e1c9,001c,8649,8412,0
3846,3846,0,8412,0,0,e221,001c,8737,8412,0
3847,3847,0,8412,0,0,e1ba,001c,8634,8412,0
3848,3848,0,8412,0,0,e0a9,001c,8361,8412,0
3849,3849,0,8412,0,0,1fa4,001c,8100,8412,0
3850,3850,0,8412,0,0,1eed,001c,7917,8412,0
3851,3851,0,8412,0,0,1e58,001c,7773,8412,0
3852,3852,0,8412,0,0,1ef1,001c,7865,8412,0
3853,3853,0,8412,0,0,1ffd,001c,8189,8412,0
3854,3854,0,8412,0,0,1f5f,001c,16220,8412,0
3855,3855,0,8412,0,0,e077,001c,8563,8412,0
3856,3856,0,8412,0,0,e1fc,001c,8700,8412,0
3857,3857,0,8412,0,0,e1fe,001c,8696,8412,0
3858,3858,0,8412,0,0,e1d6,001c,8662,8412,0
3859,3859,0,8412,0,0,e12b,001c,8491,8412,0
3860,3860,0,8412,0,0,e024,001c,8228,8412,0
3861,3861,0,8412,0,0,1f09,001c,7945,8412,0
3862,3862,0,8412,0,0,1e68,001c,7784,8412,0
3863,3863,0,8412,0,0,1e52,001c,7762,8412,0
3864,3864,0,8412,0,0,1f09,001c,7945,8412,0
3865,3865,0,8412,0,0,1ffb,001c,8187,8412,0
3866,3866,0,8412,0,0,e120,001c,8480,8412,0
3867,3867,0,8412,0,0,e202,001c,8706,8412,0
3868,3868,0,8412,0,0,e1fe,001c,8702,8412,0
3869,3869,0,8412,0,0,e14f,001c,8527,8412,0
3870,3870,0,8412,0,0,e0ae,001c,8366,8412,0
3871,3871,0,8412,0,0,1f86,001c,8070,8412,0
3872,3872,0,8412,0,0,1e8f,001c,7823,8412,0
3873,3873,0,8412,0,0,1e1a,001c,7706,8412,0
3874,3874,0,8412,0,0,1eb0,001c,7856,8412,0
3875,3875,0,8412,0,0,1fd2,001c,8146,8412,0
3876,3876,0,8412,0,0,e09a,001c,8346,8412,0
3877,3877,0,8412,0,0,e17c,001c,8572,8412,0
3878,3878,0,8412,0,0,e1e8,001c,8680,8412,0
3879,3879,0,8412,0,0,e1b1,001c,8625,8412,0
3880,3880,0,8412,0,0,e0d2,001c,8402,8412,0
3881,3881,0,8412,0,0,1fae,001c,8110,8412,0
3882,3882,0,8412,0,0,1eb7,001c,7863,8412,0
3883,3883,0,8412,0,0,1e30,001c,7728,8412,0
3884,3884,0,8412,0,0,1e49,001c,7753,8412,0
3885,3885,0,8412,0,0,1f3e,001c,7998,8412,0
3886,3886,0,8412,0,0,e371,001c,8831,8412,0
3887,3887,0,8412,0,0,e11f,001c,8479,8412,0
3888,3888,0,8412,0,0,e1b6,001c,8638,8412,0
3889,3889,0,8412,0,0,e1bf,001c,8639,8412,0
3890,3890,0,8412,0,0,e1ff,001c,8703,8412,0
3891,3891,0,8412,0,0,e0fe,001c,8446,8412,0
3892,3892,0,8412,0,0,e00e,001c,11278,8412,0
3893,3893,0,8412,0,0,1f4d,001c,8001,8412,0
3894,3894,0,8412,0,0,1e5c,001c,7772,8412,0
3895,3895,0,8412,0,0,1e19,001c,7705,8412,0
3896,3896,0,8412,0,0,1eab,001c,7851,8412,0
3897,3897,0,8412,0,0,1fd9,001c,8153,8412,0
3898,3898,0,8412,0,0,e0ca,001c,8394,8412,0
3899,3899,0,8412,0,0,e1a1,001c,8609,8412,0
3900,3900,0,8412,0,0,e1d1,001c,8657,8412,0
3901,3901,0,8412,0,0,e15b,001c,8539,8412,0
3902,3902,0,8412,0,0,e05f,001c,8287,8412,0
3903,3903,0,8412,0,0,1f32,001c,7986,8412,0
3904,3904,0,8412,0,0,1e65,001c,7781,8412,0
3905,3905,0,8412,0,0,1e18,001c,7704,8412,0
3906,3906,0,8412,0,0,1e62,001c,7778,8412,0
3907,3907,0,8412,0,0,1f3d,001c,7997,8412,0
3908,3908,0,8412,0,0,e067,001c,8295,8412,0
3909,3909,0,8412,0,0,e14a,001c,8522,8412,0
3910,3910,0,8412,0,0,e1a7,001c,8615,8412,0
3911,3911,0,8412,0,0,e18c,001c,8588,8412,0
3912,3912,0,8412,0,0,e0ba,001c,8378,8412,0
3913,3913,0,8412,0,0,1fa7,001c,8103,8412,0
3914,3914,0,8412,0,0,1e8e,001c,7822,8412,0
3915,3915,0,8412,0,0,1e08,001c,7688,8412,0
3916,3916,0,8412,0,0,1e3d,001c,7741,8412,0
3917,3917,0,8412,0,0,1ef6,001c,7926,8412,0
3918,3918,0,8412,0,0,1fc0,001c,8128,8412,0
3919,3919,0,8412,0,0,e0f0,001c,8432,8412,0
3920,3920,0,8412,0,0,e1be,001c,8638,8412,0
3921,3921,0,8412,0,0,e1ab,001c,8619,8412,0
3922,3922,0,8412,0,0,e138,001c,8507,8412,0
3923,3923,0,8412,0,0,dffe,001c,8190,8412,0
3924,3924,0,8412,0,0,1fff,001c,8191,8412,0
3925,3925,0,8412,0,0,1efd,001c,7933,8412,0
3926,3926,0,8412,0,0,1e5f,001c,7775,8412,0
3927,3927,0,8412,0,0,1e97,001c,7831,8412,0
3928,3928,0,8412,0,0,1f9f,001c,8085,8412,0
3929,3929,0,8412,0,0,1f8a,001c,8074,8412,0
3930,3930,0,8412,0,0,e0a4,001c,8356,8412,0
3931,3931,0,8412,0,0,e183,001c,8579,8412,0
3932,3932,0,8412,0,0,e1c3,001c,8643,8412,0
3933,3933,0,8412,0,0,e154,001c,8532,8412,0
3934,3934,0,8412,0,0,e088,001c,8328,8412,0
3935,3935,0,8412,0,0,1f64,001c,8036,8412,0
3936,3936,0,8412,0,0,1e79,001c,7801,8412,0
3937,3937,0,8412,0,0,1dff,001c,7679,8412,0
3938,3938,0,8412,0,0,1e5b,001c,7771,8412,0
3939,3939,0,8412,0,0,1f3f,001c,7999,8412,0
3940,3940,0,8412,0,0,e040,001c,8256,8412,0
3941,3941,0,8412,0,0,e14f,001c,8527,8412,0
3942,3942,0,8412,0,0,e1e1,001c,8673,8412,0
3943,3943,0,8412,0,0,e194,001c,8596,8412,0
3944,3944,0,8412,0,0,e0bd,001c,8381,8412,0
3945,3945,0,8412,0,0,1fbe,001c,8126,8412,0
3946,3946,0,8412,0,0,1ed1,001c,7889,8412,0
3947,3947,0,8412,0,0,1e4b,001c,7755,8412,0
3948,3948,0,8412,0,0,1e2c,001c,7724,8412,0
3949,3949,0,8412,0,0,1edf,001c,7903,8412,0
3950,3950,0,8412,0,0,1fc8,001c,8136,8412,0
3951,3951,0,8412,0,0,e0ce,001c,8398,8412,0
3952,3952,0,8412,0,0,e19d,001c,8605,8412,0
3953,3953,0,8412,0,0,e1d9,001c,8665,8412,0
3954,3954,0,8412,0,0,e12b,001c,8491,8412,0
3955,3955,0,8412,0,0,e058,001c,8280,8412,0
3956,3956,0,8412,0,0,1f32,001c,7986,8412,0
3957,3957,0,8412,0,0,1e3f,001c,7743,8412,0
3958,3958,0,8412,0,0,1e24,001c,7735,8412,0
3959,3959,0,8412,0,0,1eaf,001c,7855,8412,0
3960,3960,0,8412,0,0,1faf,001c,8111,8412,0
3961,3961,0,8412,0,0,3fab,001c,16299,8412,0
3962,3962,0,8412,0,0,e1bb,001c,8635,8412,0
3963,3963,0,8412,0,0,e1d9,001c,8665,8412,0
3964,3964,0,8412,0,0,e1dd,001c,8669,8412,0
3965,3965,0,8412,0,0,e185,001c,8581,8412,0
3966,3966,0,8412,0,0,e090,001c,8336,8412,0
3967,3967,0,8412,0,0,1f86,001c,8070,8412,0
3968,3968,0,8412,0,0,1eb4,001c,7860,8412,0
3969,3969,0,8412,0,0,1e36,001c,7734,8412,0
3970,3970,0,8412,0,0,1e59,001c,7769,8412,0
3971,3971,0,8412,0,0,1f38,001c,7992,8412,0
3972,3972,0,8412,0,0,e057,001c,8279,8412,0
3973,3973,0,8412,0,0,e12d,001c,8493,8412,0
3974,3974,0,8412,0,0,e1c8,001c,8648,8412,0
3975,3975,0,8412,0,0,e1ba,001c,8634,8412,0
3976,3976,0,8412,0,0,e10a,001c,8458,8412,0
3977,3977,0,8412,0,0,1fe3,001c,8163,8412,0
3978,3978,0,8412,0,0,1eda,001c,7898,8412,0
3979,3979,0,8412,0,0,1e4a,001c,7754,8412,0
3980,3980,0,8412,0,0,1e3e,001c,7742,8412,0
3981,3981,0,8412,0,0,1ed2,001c,7890,8412,0
3982,3982,0,8412,0,0,1fc9,001c,8137,8412,0
3983,3983,0,8412,0,0,e0eb,001c,8427,8412,0
3984,3984,0,8412,0,0,e188,001c,8584,8412,0
3985,3985,0,8412,0,0,e1b7,001c,8631,8412,0
3986,3986,0,8412,0,0,e167,001c,8551,8412,0
3987,3987,0,8412,0,0,e075,001c,8309,8412,0
3988,3988,0,8412,0,0,1f47,001c,8007,8412,0
3989,3989,0,8412,0,0,1e6c,001c,7788,8412,0
3990,3990,0,8412,0,0,1e18,001c,7704,8412,0
3991,3991,0,8412,0,0,1e7d,001c,7805,8412,0
3992,3992,0,8412,0,0,1f6e,001c,8046,8412,0
3993,3993,0,8412,0,0,e27b,001c,8315,8412,0
3994,3994,0,8412,0,0,e174,001c,8575,8412,0
3995,3995,0,8412,0,0,e1ec,001c,8684,8412,0
3996,3996,0,8412,0,0,e1fd,001c,8701,8412,0
3997,3997,0,8412,0,0,e1bd,001c,8637,8412,0
3998,3998,0,8412,0,0,efb9,001c,16313,8412,0
3999,3999,0,8412,0,0,1fa7,001c,8101,8412,0
4000,4000,0,8412,0,0,1e97,001c,7831,8412,0
4001,4001,0,8412,0,0,1e70,001c,7792,8412,0
4002,4002,0,8412,0,0,1e50,001c,7760,8412,0
4003,4003,0,8412,0,0,1f18,001c,7960,8412,0
4004,4004,0,8412,0,0,1ff0,001c,8176,8412,0
4005,4005,0,8412,0,0,e0dd,001c,8413,8412,0
4006,4006,0,8412,0,0,e1a6,001c,8614,8412,0
4007,4007,0,8412,0,0,e1d4,001c,8660,8412,0
4008,4008,0,8412,0,0,e13f,001c,8511,8412,0
4009,4009,0,8412,0,0,e00a,001c,8202,8412,0
4010,4010,0,8412,0,0,1ed1,001c,7889,8412,0
4011,4011,0,8412,0,0,1e38,001c,7736,8412,0
4012,4012,0,8412,0,0,1e1c,001c,7708,8412,0
4013,4013,0,8412,0,0,1eb4,001c,7860,8412,0
4014,4014,0,8412,0,0,1fbf,001c,8127,8412,0
4015,4015,0,8412,0,0,e099,001c,8345,8412,0
4016,4016,0,8412,0,0,e16c,001c,8556,8412,0
4017,4017,0,8412,0,0,e1cc,001c,8652,8412,0
4018,4018,0,8412,0,0,e162,001c,8546,8412,0
4019,4019,0,8412,0,0,e061,001c,8289,8412,0
4020,4020,0,8412,0,0,1f53,001c,8019,8412,0
4021,4021,0,8412,0,0,1e78,001c,7800,8412,0
4022,4022,0,8412,0,0,1e0f,001c,7695,8412,0
4023,4023,0,8412,0,0,1e57,001c,7767,8412,0
4024,4024,0,8412,0,0,1f48,001c,8008,8412,0
4025,4025,0,8412,0,0,e068,001c,8296,8412,0
4026,4026,0,8412,0,0,e13e,001c,8510,8412,0
4027,4027,0,8412,0,0,e1bb,001c,8635,8412,0
4028,4028,0,8412,0,0,e1b9,001c,8633,8412,0
4029,4029,0,8412,0,0,e0ff,001c,8447,8412,0
4030,4030,0,8412,0,0,5fbb,001c,8127,8412,0
4031,4031,0,8412,0,0,1fb1,001c,8121,8412,0
4032,4032,0,8412,0,0,1ebb,001c,7867,8412,0
4033,4033,0,8412,0,0,1e2f,001c,7727,8412,0
4034,4034,0,8412,0,0,1eef,001c,7919,8412,0
4035,4035,0,8412,0,0,1ffb,001c,8187,8412,0
4036,4036,0,8412,0,0,1ff8,001c,8184,8412,0
4037,4037,0,8412,0,0,e104,001c,8580,8412,0
4038,4038,0,8412,0,0,e199,001c,8601,8412,0
4039,4039,0,8412,0,0,e1b3,001c,8627,8412,0
4040,4040,0,8412,0,0,e119,001c,8473,8412,0
4041,4041,0,8412,0,0,e01c,001c,8220,8412,0
4042,4042,0,8412,0,0,1f07,001c,7943,8412,0
4043,4043,0,8412,0,0,1e3a,001c,7738,8412,0
4044,4044,0,8412,0,0,1e1a,001c,7706,8412,0
4045,4045,0,8412,0,0,1ea6,001c,7846,8412,0
4046,4046,0,8412,0,0,1f80,001c,8064,8412,0
4047,4047,0,8412,0,0,e0a0,001c,8352,8412,0
4048,4048,0,8412,0,0,e17e,001c,8574,8412,0
4049,4049,0,8412,0,0,e1c1,001c,8641,8412,0
4050,4050,0,8412,0,0,e174,001c,8564,8412,0
4051,4051,0,8412,0,0,e08f,001c,8335,8412,0
4052,4052,0,8412,0,0,1f5e,001c,8030,8412,0
4053,4053,0,8412,0,0,1e8b,001c,7819,8412,0
4054,4054,0,8412,0,0,1e0d,001c,7693,8412,0
4055,4055,0,8412,0,0,1e5a,001c,7770,8412,0
4056,4056,0,8412,0,0,1f4c,001c,8012,8412,0
4057,4057,0,8412,0,0,e03b,001c,8251,8412,0
4058,4058,0,8412,0,0,e130,001c,8496,8412,0
4059,4059,0,8412,0,0,e1b6,001c,8630,8412,0
4060,4060,0,8412,0,0,e1b2,001c,8626,8412,0
4061,4061,0,8412,0,0,e0fb,001c,8443,8412,0
4062,4062,0,8412,0,0,e002,001c,8194,8412,0
4063,4063,0,8412,0,0,1eda,001c,7898,8412,0
4064,4064,0,8412,0,0,1e1e,001c,7710,8412,0
4065,4065,0,8412,0,0,1e34,001c,7734,8412,0
4066,4066,0,8412,0,0,1ef1,001c,7925,8412,0
4067,4067,0,8412,0,0,1fe3,001c,8163,8412,0
4068,4068,0,8412,0,0,3fff,001c,16383,8412,0
4069,4069,0,8412,0,0,e1ff,001c,8703,8412,0
4070,4070,0,8412,0,0,e1de,001c,8670,8412,0
4071,4071,0,8412,0,0,e1fc,001c,8700,8412,0
4072,4072,0,8412,0,0,e179,001c,8568,8412,0
4073,4073,0,8412,0,0,e041,001c,8257,8412,0
4074,4074,0,8412,0,0,1f29,001c,7977,8412,0
4075,4075,0,8412,0,0,1e64,001c,7780,8412,0
4076,4076,0,8412,0,0,1e35,001c,7733,8412,0
4077,4077,0,8412,0,0,1e9c,001c,7836,8412,0
4078,4078,0,8412,0,0,1f81,001c,8065,8412,0
4079,4079,0,8412,0,0,e06f,001c,8303,8412,0
4080,4080,0,8412,0,0,e157,001c,8535,8412,0
4081,4081,0,8412,0,0,e1ce,001c,8654,8412,0
4082,4082,0,8412,0,0,e16b,001c,8555,8412,0
4083,4083,0,8412,0,0,e0a0,001c,8352,8412,0
4084,4084,0,8412,0,0,1f90,001c,8080,8412,0
4085,4085,0,8412,0,0,1e81,001c,7809,8412,0
4086,4086,0,8412,0,0,1e1b,001c,7707,8412,0
4087,4087,0,8412,0,0,1e4c,001c,7756,8412,0
4088,4088,0,8412,0,0,1f00,001c,7936,8412,0
4089,4089,0,8412,0,0,e00d,001c,8205,8412,0
4090,4090,0,8412,0,0,e114,001c,8468,8412,0
4091,4091,0,8412,0,0,e1b6,001c,8630,8412,0
4092,4092,0,8412,0,0,e1b2,001c,8626,8412,0
4093,4093,0,8412,0,0,e0ff,001c,8447,8412,0
4094,4094,0,8412,0,0,1fff,001c,8191,8412,0
4095,4095,0,8412,0,0,1ef3,001c,7923,8412,0
