Sample in Buffer,Sample in Window,TRIGGER,design_1_i/adc_interface_0_m_axis_tdata[31:0],design_1_i/adc_interface_0_m_axis_tlast,design_1_i/adc_interface_0_m_axis_tvalid,design_1_i/adc_interface_0_adc_signed_debug[15:0],design_1_i/adc_interface_0_win_coeff_out[15:0],design_1_i/adc_data[13:0],design_1_i/adc_interface_0_adc_data_original[13:0],design_1_i/adc_interface_0_adc_data_original_valid,design_1_i/xfft_0_m_axis_data_tdata[63:0],design_1_i/xfft_0_m_axis_data_tlast,design_1_i/xfft_0_m_axis_data_tvalid
Radix - UNSIGNED,UNSIGNED,UNSIGNED,SIGNED,HEX,HEX,HEX,HEX,UNSIGNED,UNSIGNED,HEX,HEX,HEX,HEX
0,0,0,8158,0,1,2009,001c,11915,8158,1,fffffff200000103,0,0
1,1,0,8184,0,1,201d,001c,8221,8184,1,fffffff200000103,0,0
2,2,0,8178,0,1,1ff4,001c,16372,8178,1,fffffff200000103,0,0
3,3,0,8168,0,1,1fff,001c,8191,8168,1,fffffff200000103,0,0
4,4,0,8209,0,1,1fff,001c,8191,8209,1,fffffff200000103,0,0
5,5,0,8160,0,1,3ffa,001c,8186,8160,1,fffffff200000103,0,0
6,6,0,8225,0,1,2f14,001c,10772,8225,1,fffffff200000103,0,0
7,7,0,8180,0,1,1fde,001c,8158,8180,1,fffffff200000103,0,0
8,8,0,8191,0,1,2015,001c,8213,8191,1,fffffff200000103,0,0
9,9,0,8161,0,1,2013,001c,8211,8161,1,fffffff200000103,0,0
10,10,0,8183,0,1,1fbd,001c,8125,8183,1,fffffff200000103,0,0
11,11,0,8182,0,1,2031,001c,8241,8182,1,fffffff200000103,0,0
12,12,0,8249,0,1,2003,001c,8195,8249,1,fffffff200000103,0,0
13,13,0,8140,0,1,1fd0,001c,8144,8140,1,fffffff200000103,0,0
14,14,0,8190,0,1,2003,001c,8195,8190,1,fffffff200000103,0,0
15,15,0,8235,0,1,2017,001c,8215,8235,1,fffffff200000103,0,0
16,16,0,8145,0,1,1ff7,001c,8183,8145,1,fffffff200000103,0,0
17,17,0,8201,0,1,1fdc,001c,8156,8201,1,fffffff200000103,0,0
18,18,0,8167,0,1,2026,001c,8230,8167,1,fffffff200000103,0,0
19,19,0,8190,0,1,1fd4,001c,8148,8190,1,fffffff200000103,0,0
20,20,0,8205,0,1,2000,001c,8192,8205,1,fffffff200000103,0,0
21,21,0,8181,0,1,2000,001c,8192,8181,1,fffffff200000103,0,0
22,22,0,8219,0,1,1fe0,001c,8160,8219,1,fffffff200000103,0,0
23,23,0,8159,0,1,200b,001c,8203,8159,1,fffffff200000103,0,0
24,24,0,8166,0,1,200d,001c,8205,8166,1,fffffff200000103,0,0
25,25,0,8195,0,1,1fca,001c,8138,8195,1,fffffff200000103,0,0
26,26,0,8179,0,1,1fe7,001c,8167,8179,1,fffffff200000103,0,0
27,27,0,8172,0,1,1ff9,001c,8185,8172,1,fffffff200000103,0,0
28,28,0,8156,0,1,2015,001c,8213,8156,1,fffffff200000103,0,0
29,29,0,8198,0,1,1fc8,001c,8136,8198,1,fffffff200000103,0,0
30,30,0,8187,0,1,201f,001c,8223,8187,1,fffffff200000103,0,0
31,31,0,8180,0,1,2004,001c,8196,8180,1,fffffff200000103,0,0
32,32,0,8186,0,1,1fea,001c,8170,8186,1,fffffff200000103,0,0
33,33,0,8127,0,1,2017,001c,8215,8127,1,fffffff200000103,0,0
34,34,0,8209,0,1,1ffb,001c,8187,8209,1,fffffff200000103,0,0
35,35,0,8208,0,1,1fe7,001c,8167,8208,1,fffffff200000103,0,0
36,36,0,8148,0,1,1ff6,001c,8182,8148,1,fffffff200000103,0,0
37,37,0,8231,0,1,1ff3,001c,8183,8231,1,fffffff200000103,0,0
38,38,0,8187,0,1,3ff7,001c,16375,8187,1,fffffff200000103,0,0
39,39,0,8176,0,1,3fe5,001c,16357,8176,1,fffffff200000103,0,0
40,40,0,8120,0,1,1fef,001c,8175,8120,1,fffffff200000103,0,0
41,41,0,8220,0,1,1feb,001c,8171,8220,1,fffffff200000103,0,0
42,42,0,8197,0,1,1feb,001c,8171,8197,1,fffffff200000103,0,0
43,43,0,8163,0,1,1fea,001c,8170,8163,1,fffffff200000103,0,0
44,44,0,8241,0,1,2005,001c,8197,8241,1,fffffff200000103,0,0
45,45,0,8191,0,1,1fe9,001c,8169,8191,1,fffffff200000103,0,0
46,46,0,8115,0,1,1ff6,001c,8182,8115,1,fffffff200000103,0,0
47,47,0,8167,0,1,1feb,001c,8171,8167,1,fffffff200000103,0,0
48,48,0,8148,0,1,200d,001c,8205,8148,1,fffffff200000103,0,0
49,49,0,8190,0,1,2000,001c,8192,8190,1,fffffff200000103,0,0
50,50,0,8163,0,1,1fef,001c,8175,8163,1,fffffff200000103,0,0
51,51,0,8193,0,1,201b,001c,8219,8193,1,fffffff200000103,0,0
52,52,0,8166,0,1,1fdd,001c,8157,8166,1,fffffff200000103,0,0
53,53,0,8176,0,1,1fff,001c,8191,8176,1,fffffff200000103,0,0
54,54,0,8186,0,1,201d,001c,8221,8186,1,fffffff200000103,0,0
55,55,0,8174,0,1,1fd3,001c,8147,8174,1,fffffff200000103,0,0
56,56,0,8205,0,1,1ffd,001c,8189,8205,1,fffffff200000103,0,0
57,57,0,8157,0,1,1fed,001c,8173,8157,1,fffffff200000103,0,0
58,58,0,8206,0,1,2006,001c,8198,8206,1,fffffff200000103,0,0
59,59,0,8196,0,1,1fea,001c,8170,8196,1,fffffff200000103,0,0
60,60,0,8213,0,1,1fe8,001c,8168,8213,1,fffffff200000103,0,0
61,61,0,8169,0,1,2017,001c,8215,8169,1,fffffff200000103,0,0
62,62,0,8116,0,1,1fc0,001c,8128,8116,1,fffffff200000103,0,0
63,63,0,8209,0,1,1ffb,001c,8187,8209,1,fffffff200000103,0,0
64,64,0,8172,0,1,2025,001c,8229,8172,1,fffffff200000103,0,0
65,65,0,8211,0,1,2000,001c,8192,8211,1,fffffff200000103,0,0
66,66,0,8208,0,1,1fed,001c,8173,8208,1,fffffff200000103,0,0
67,67,0,8160,0,1,1ff3,001c,8179,8160,1,fffffff200000103,0,0
68,68,0,8228,0,1,2007,001c,8199,8228,1,fffffff200000103,0,0
69,69,0,8159,0,1,1fe3,001c,8163,8159,1,fffffff200000103,0,0
70,70,0,8202,0,1,201f,001c,8255,8202,1,fffffff200000103,0,0
71,71,0,8205,0,1,201a,001c,8218,8205,1,fffffff200000103,0,0
72,72,0,8173,0,1,1fde,001c,8158,8173,1,fffffff200000103,0,0
73,73,0,8216,0,1,1fff,001c,8191,8216,1,fffffff200000103,0,0
74,74,0,8186,0,1,3fff,001c,16383,8186,1,fffffff200000103,0,0
75,75,0,8194,0,1,3bfd,001c,15161,8194,1,fffffff200000103,0,0
76,76,0,8168,0,1,1fef,001c,8175,8168,1,fffffff200000103,0,0
77,77,0,8196,0,1,1fca,001c,8138,8196,1,fffffff200000103,0,0
78,78,0,8170,0,1,201f,001c,8223,8170,1,fffffff200000103,0,0
79,79,0,8150,0,1,2bcf,001c,8463,8150,1,fffffff200000103,0,0
80,80,0,8247,0,1,1fc5,001c,8133,8247,1,fffffff200000103,0,0
81,81,0,8169,0,1,202d,001c,8237,8169,1,fffffff200000103,0,0
82,82,0,8168,0,1,1feb,001c,8171,8168,1,fffffff200000103,0,0
83,83,0,8201,0,1,2003,001c,8195,8201,1,fffffff200000103,0,0
84,84,0,8169,0,1,200a,001c,8202,8169,1,fffffff200000103,0,0
85,85,0,8217,0,1,1ff3,001c,8179,8217,1,fffffff200000103,0,0
86,86,0,8151,0,1,1fea,001c,8170,8151,1,fffffff200000103,0,0
87,87,0,8198,0,1,2009,001c,8201,8198,1,fffffff200000103,0,0
88,88,0,8183,0,1,1ff6,001c,8182,8183,1,fffffff200000103,0,0
89,89,0,8195,0,1,201c,001c,8220,8195,1,fffffff200000103,0,0
90,90,0,8208,0,1,1fe5,001c,8165,8208,1,fffffff200000103,0,0
91,91,0,8169,0,1,1fe0,001c,8160,8169,1,fffffff200000103,0,0
92,92,0,8191,0,1,1ff8,001c,8184,8191,1,fffffff200000103,0,0
93,93,0,8184,0,1,201f,001c,8223,8184,1,fffffff200000103,0,0
94,94,0,8187,0,1,1fe2,001c,8162,8187,1,fffffff200000103,0,0
95,95,0,8131,0,1,1fe9,001c,8169,8131,1,fffffff200000103,0,0
96,96,0,8226,0,1,1fee,001c,8174,8226,1,fffffff200000103,0,0
97,97,0,8153,0,1,2017,001c,8215,8153,1,fffffff200000103,0,0
98,98,0,8155,0,1,1fff,001c,8191,8155,1,fffffff200000103,0,0
99,99,0,8144,0,1,1ffe,001c,8190,8144,1,fffffff200000103,0,0
100,100,0,8229,0,1,1ffa,001c,8186,8229,1,fffffff200000103,0,0
101,101,0,8172,0,1,1ffd,001c,8189,8172,1,fffffff200000103,0,0
102,102,0,8183,0,1,1ff7,001c,8183,8183,1,fffffff200000103,0,0
103,103,0,8238,0,1,200d,001c,8205,8238,1,fffffff200000103,0,0
104,104,0,8159,0,1,1fe6,001c,8166,8159,1,fffffff200000103,0,0
105,105,0,8190,0,1,200a,001c,8202,8190,1,fffffff200000103,0,0
106,106,0,8221,0,1,1fd0,001c,8144,8221,1,fffffff200000103,0,0
107,107,0,8169,0,1,2005,001c,11909,8169,1,fffffff200000103,0,0
108,108,0,8175,0,1,200d,001c,8205,8175,1,fffffff200000103,0,0
109,109,0,8158,0,1,1fff,001c,16351,8158,1,fffffff200000103,0,0
110,110,0,8193,0,1,3ffb,001c,16378,8193,1,fffffff200000103,0,0
111,111,0,8182,0,1,3041,001c,8193,8182,1,fffffff200000103,0,0
112,112,0,8171,0,1,1ff3,001c,8179,8171,1,fffffff200000103,0,0
113,113,0,8209,0,1,1fe1,001c,8160,8209,1,fffffff200000103,0,0
114,114,0,8149,0,1,2001,001c,8193,8149,1,fffffff200000103,0,0
115,115,0,8191,0,1,1fd2,001c,8146,8191,1,fffffff200000103,0,0
116,116,0,8201,0,1,2002,001c,8194,8201,1,fffffff200000103,0,0
117,117,0,8174,0,1,1fda,001c,8154,8174,1,fffffff200000103,0,0
118,118,0,8187,0,1,200e,001c,8206,8187,1,fffffff200000103,0,0
119,119,0,8190,0,1,1fd1,001c,8145,8190,1,fffffff200000103,0,0
120,120,0,8169,0,1,2001,001c,8193,8169,1,fffffff200000103,0,0
121,121,0,8168,0,1,1ff6,001c,8182,8168,1,fffffff200000103,0,0
122,122,0,8218,0,1,1fb0,001c,8112,8218,1,fffffff200000103,0,0
123,123,0,8182,0,1,2020,001c,8224,8182,1,fffffff200000103,0,0
124,124,0,8136,0,1,2019,001c,8217,8136,1,fffffff200000103,0,0
125,125,0,8200,0,1,1feb,001c,8171,8200,1,fffffff200000103,0,0
126,126,0,8197,0,1,2028,001c,8232,8197,1,fffffff200000103,0,0
127,127,0,8145,0,1,1fda,001c,8154,8145,1,fffffff200000103,0,0
128,128,0,8215,0,1,1fec,001c,8172,8215,1,fffffff200000103,0,0
129,129,0,8185,0,1,1ff8,001c,8184,8185,1,fffffff200000103,0,0
130,130,0,8178,0,1,201b,001c,8219,8178,1,fffffff200000103,0,0
131,131,0,8164,0,1,1fd9,001c,8153,8164,1,fffffff200000103,0,0
132,132,0,8201,0,1,2006,001c,8198,8201,1,fffffff200000103,0,0
133,133,0,8203,0,1,200f,001c,8207,8203,1,fffffff200000103,0,0
134,134,0,8187,0,1,1fda,001c,8154,8187,1,fffffff200000103,0,0
135,135,0,8195,0,1,1ff3,001c,8179,8195,1,fffffff200000103,0,0
136,136,0,8181,0,1,200b,001c,8203,8181,1,fffffff200000103,0,0
137,137,0,8175,0,1,1fe9,001c,8169,8175,1,fffffff200000103,0,0
138,138,0,8210,0,1,2010,001c,8208,8210,1,fffffff200000103,0,0
139,139,0,8203,0,1,1fec,001c,8172,8203,1,fffffff200000103,0,0
140,140,0,8217,0,1,2016,001c,8214,8217,1,fffffff200000103,0,0
141,141,0,8156,0,1,1ff5,001c,8181,8156,1,fffffff200000103,0,0
142,142,0,8202,0,1,2007,001c,8231,8202,1,fffffff200000103,0,0
143,143,0,8159,0,1,1fd5,001c,8151,8159,1,fffffff200000103,0,0
144,144,0,8181,0,1,2e85,001c,16341,8181,1,fffffff200000103,0,0
145,145,0,8239,0,1,2003,001c,8195,8239,1,fffffff200000103,0,0
146,146,0,8148,0,1,3bd6,001c,12290,8148,1,fffffff200000103,0,0
147,147,0,8163,0,1,1ffd,001c,8189,8163,1,fffffff200000103,0,0
148,148,0,8255,0,1,1fec,001c,8172,8255,1,fffffff200000103,0,0
149,149,0,8197,0,1,2a17,001c,8215,8197,1,fffffff200000103,0,0
150,150,0,8154,0,1,1f92,001c,8082,8154,1,fffffff200000103,0,0
151,151,0,8184,0,1,2006,001c,8198,8184,1,fffffff200000103,0,0
152,152,0,8200,0,1,1fec,001c,8172,8200,1,fffffff200000103,0,0
153,153,0,8133,0,1,200f,001c,8207,8133,1,fffffff200000103,0,0
154,154,0,8217,0,1,1ff6,001c,8182,8217,1,fffffff200000103,0,0
155,155,0,8176,0,1,2011,001c,8209,8176,1,fffffff200000103,0,0
156,156,0,8182,0,1,1fd2,001c,8146,8182,1,fffffff200000103,0,0
157,157,0,8181,0,1,1fff,001c,8191,8181,1,fffffff200000103,0,0
158,158,0,8185,0,1,2007,001c,8199,8185,1,fffffff200000103,0,0
159,159,0,8217,0,1,2006,001c,8198,8217,1,fffffff200000103,0,0
160,160,0,8163,0,1,1fe4,001c,8164,8163,1,fffffff200000103,0,0
161,161,0,8172,0,1,2001,001c,8193,8172,1,fffffff200000103,0,0
162,162,0,8219,0,1,1fdc,001c,8156,8219,1,fffffff200000103,0,0
163,163,0,8158,0,1,2014,001c,8212,8158,1,fffffff200000103,0,0
164,164,0,8204,0,1,1ffc,001c,8188,8204,1,fffffff200000103,0,0
165,165,0,8166,0,1,2011,001c,8209,8166,1,fffffff200000103,0,0
166,166,0,8178,0,1,1fc6,001c,8134,8178,1,fffffff200000103,0,0
167,167,0,8189,0,1,2002,001c,8194,8189,1,fffffff200000103,0,0
168,168,0,8189,0,1,201b,001c,8219,8189,1,fffffff200000103,0,0
169,169,0,8169,0,1,1fdf,001c,8159,8169,1,fffffff200000103,0,0
170,170,0,8203,0,1,200e,001c,8206,8203,1,fffffff200000103,0,0
171,171,0,8163,0,1,2007,001c,8199,8163,1,fffffff200000103,0,0
172,172,0,8178,0,1,1fe4,001c,8164,8178,1,fffffff200000103,0,0
173,173,0,8236,0,1,2001,001c,8193,8236,1,fffffff200000103,0,0
174,174,0,8147,0,1,1fdf,001c,8159,8147,1,fffffff200000103,0,0
175,175,0,8188,0,1,2032,001c,8242,8188,1,fffffff200000103,0,0
176,176,0,8200,0,1,1fbd,001c,8125,8200,1,fffffff200000103,0,0
177,177,0,8155,0,1,1ffd,001c,8189,8155,1,fffffff200000103,0,0
178,178,0,8178,0,1,1ff7,001c,8183,8178,1,fffffff200000103,0,0
179,179,0,8236,0,1,1ff6,001c,8182,8236,1,fffffff200000103,0,0
180,180,0,8210,0,1,26a7,001c,16375,8210,1,fffffff200000103,0,0
181,181,0,8169,0,1,3ff7,001c,16375,8169,1,fffffff200000103,0,0
182,182,0,8226,0,1,1ff3,001c,8179,8226,1,fffffff200000103,0,0
183,183,0,8168,0,1,3feb,001c,8171,8168,1,fffffff200000103,0,0
184,184,0,8178,0,1,2fc9,001c,12233,8178,1,fffffff200000103,0,0
185,185,0,8196,0,1,1fff,001c,8191,8196,1,fffffff200000103,0,0
186,186,0,8191,0,1,1fff,001c,8190,8191,1,fffffff200000103,0,0
187,187,0,8180,0,1,1ff3,001c,8179,8180,1,fffffff200000103,0,0
188,188,0,8187,0,1,1ff3,001c,8179,8187,1,fffffff200000103,0,0
189,189,0,8176,0,1,1fd2,001c,8146,8176,1,fffffff200000103,0,0
190,190,0,8166,0,1,200d,001c,8205,8166,1,fffffff200000103,0,0
191,191,0,8178,0,1,200e,001c,8206,8178,1,fffffff200000103,0,0
192,192,0,8213,0,1,1fcf,001c,8143,8213,1,fffffff200000103,0,0
193,193,0,8141,0,1,1fed,001c,8173,8141,1,fffffff200000103,0,0
194,194,0,8208,0,1,201b,001c,8219,8208,1,fffffff200000103,0,0
195,195,0,8185,0,1,1fe5,001c,8165,8185,1,fffffff200000103,0,0
196,196,0,8128,0,1,1fe1,001c,8161,8128,1,fffffff200000103,0,0
197,197,0,8217,0,1,1ff2,001c,8178,8217,1,fffffff200000103,0,0
198,198,0,8177,0,1,2014,001c,8212,8177,1,fffffff200000103,0,0
199,199,0,8189,0,1,1ff7,001c,8183,8189,1,fffffff200000103,0,0
200,200,0,8157,0,1,2035,001c,8245,8157,1,fffffff200000103,0,0
201,201,0,8199,0,1,1ffd,001c,8189,8199,1,fffffff200000103,0,0
202,202,0,8234,0,1,1fd2,001c,8146,8234,1,fffffff200000103,0,0
203,203,0,8134,0,1,1fd1,001c,8145,8134,1,fffffff200000103,0,0
204,204,0,8191,0,1,2013,001c,8211,8191,1,fffffff200000103,0,0
205,205,0,8173,0,1,1fe7,001c,8167,8173,1,fffffff200000103,0,0
206,206,0,8206,0,1,1fe5,001c,8165,8206,1,fffffff200000103,0,0
207,207,0,8169,0,1,1ffa,001c,8186,8169,1,fffffff200000103,0,0
208,208,0,8214,0,1,1fff,001c,8191,8214,1,fffffff200000103,0,0
209,209,0,8208,0,1,1fd4,001c,8148,8208,1,fffffff200000103,0,0
210,210,0,8170,0,1,2002,001c,8194,8170,1,fffffff200000103,0,0
211,211,0,8202,0,1,1fe6,001c,8166,8202,1,fffffff200000103,0,0
212,212,0,8165,0,1,1fed,001c,8173,8165,1,fffffff200000103,0,0
213,213,0,8170,0,1,2007,001c,8199,8170,1,fffffff200000103,0,0
214,214,0,8200,0,1,2022,001c,8226,8200,1,fffffff200000103,0,0
215,215,0,8170,0,1,1ffe,001c,8190,8170,1,fffffff200000103,0,0
216,216,0,8210,0,1,2f9d,001c,16349,8210,1,fffffff200000103,0,0
217,217,0,8168,0,1,2017,001c,8215,8168,1,fffffff200000103,0,0
218,218,0,8222,0,1,3ff7,001c,16375,8222,1,fffffff200000103,0,0
219,219,0,8169,0,1,1ff7,001c,8183,8169,1,fffffff200000103,0,0
220,220,0,8179,0,1,1ff7,001c,8183,8179,1,fffffff200000103,0,0
221,221,0,8218,0,1,2009,001c,8201,8218,1,fffffff200000103,0,0
222,222,0,8153,0,1,1fdf,001c,8159,8153,1,fffffff200000103,0,0
223,223,0,8186,0,1,1fff,001c,8191,8186,1,fffffff200000103,0,0
224,224,0,8222,0,1,1fd5,001c,8149,8222,1,fffffff200000103,0,0
225,225,0,8171,0,1,2005,001c,8197,8171,1,fffffff200000103,0,0
226,226,0,8181,0,1,201e,001c,8222,8181,1,fffffff200000103,0,0
227,227,0,8171,0,1,1fe6,001c,8166,8171,1,fffffff200000103,0,0
228,228,0,8212,0,1,200f,001c,8207,8212,1,fffffff200000103,0,0
229,229,0,8158,0,1,201b,001c,8219,8158,1,fffffff200000103,0,0
230,230,0,8173,0,1,1fe2,001c,8162,8173,1,fffffff200000103,0,0
231,231,0,8201,0,1,200f,001c,8207,8201,1,fffffff200000103,0,0
232,232,0,8144,0,1,1fbf,001c,8127,8144,1,fffffff200000103,0,0
233,233,0,8168,0,1,200f,001c,8207,8168,1,fffffff200000103,0,0
234,234,0,8191,0,1,2017,001c,8215,8191,1,fffffff200000103,0,0
235,235,0,8166,0,1,1fff,001c,8191,8166,1,fffffff200000103,0,0
236,236,0,8160,0,1,1ff9,001c,8185,8160,1,fffffff200000103,0,0
237,237,0,8185,0,1,2000,001c,8192,8185,1,fffffff200000103,0,0
238,238,0,8213,0,1,2006,001c,8198,8213,1,fffffff200000103,0,0
239,239,0,8166,0,1,1fdd,001c,8157,8166,1,fffffff200000103,0,0
240,240,0,8207,0,1,2009,001c,8201,8207,1,fffffff200000103,0,0
241,241,0,8210,0,1,1ffa,001c,8186,8210,1,fffffff200000103,0,0
242,242,0,8131,0,1,1fdc,001c,8156,8131,1,fffffff200000103,0,0
243,243,0,8188,0,1,200d,001c,8205,8188,1,fffffff200000103,0,0
244,244,0,8216,0,1,2000,001c,8192,8216,1,fffffff200000103,0,0
245,245,0,8200,0,1,1fef,001c,8175,8200,1,fffffff200000103,0,0
246,246,0,8170,0,1,1fd0,001c,8144,8170,1,fffffff200000103,0,0
247,247,0,8214,0,1,2037,001c,8247,8214,1,fffffff200000103,0,0
248,248,0,8206,0,1,1fe3,001c,8163,8206,1,fffffff200000103,0,0
249,249,0,8158,0,1,1fd2,001c,8146,8158,1,fffffff200000103,0,0
250,250,0,8197,0,1,2031,001c,10801,8197,1,fffffff200000103,0,0
251,251,0,8176,0,1,1ffb,001c,8187,8176,1,fffffff200000103,0,0
252,252,0,8148,0,1,1ffb,001c,8187,8148,1,fffffff200000103,0,0
253,253,0,8202,0,1,3ffb,001c,16379,8202,1,fffffff200000103,0,0
254,254,0,8217,0,1,3feb,001c,16363,8217,1,fffffff200000103,0,0
255,255,0,8119,0,1,1fef,001c,8175,8119,1,fffffff200000103,0,0
256,256,0,8180,0,1,1f87,001c,8071,8180,1,fffffff200000103,0,0
257,257,0,8226,0,1,202b,001c,8235,8226,1,fffffff200000103,0,0
258,258,0,8141,0,1,2ff3,001c,8531,8141,1,fffffff200000103,0,0
259,259,0,8165,0,1,1ff3,001c,8179,8165,1,fffffff200000103,0,0
260,260,0,8211,0,1,2022,001c,8226,8211,1,fffffff200000103,0,0
261,261,0,8149,0,1,200e,001c,8206,8149,1,fffffff200000103,0,0
262,262,0,8209,0,1,1fee,001c,8174,8209,1,fffffff200000103,0,0
263,263,0,8240,0,1,1ffd,001c,8189,8240,1,fffffff200000103,0,0
264,264,0,8141,0,1,201a,001c,8218,8141,1,fffffff200000103,0,0
265,265,0,8182,0,1,1fe0,001c,8160,8182,1,fffffff200000103,0,0
266,266,0,8198,0,1,2006,001c,8198,8198,1,fffffff200000103,0,0
267,267,0,8197,0,1,2019,001c,8217,8197,1,fffffff200000103,0,0
268,268,0,8171,0,1,1fd7,001c,8151,8171,1,fffffff200000103,0,0
269,269,0,8200,0,1,1fe8,001c,8168,8200,1,fffffff200000103,0,0
270,270,0,8186,0,1,2026,001c,8230,8186,1,fffffff200000103,0,0
271,271,0,8150,0,1,1fc5,001c,8133,8150,1,fffffff200000103,0,0
272,272,0,8236,0,1,1fd5,001c,8149,8236,1,fffffff200000103,0,0
273,273,0,8168,0,1,200b,001c,8203,8168,1,fffffff200000103,0,0
274,274,0,8152,0,1,200a,001c,8202,8152,1,fffffff200000103,0,0
275,275,0,8198,0,1,1fe7,001c,8167,8198,1,fffffff200000103,0,0
276,276,0,8230,0,1,2015,001c,8213,8230,1,fffffff200000103,0,0
277,277,0,8147,0,1,1fee,001c,8174,8147,1,fffffff200000103,0,0
278,278,0,8174,0,1,2013,001c,8211,8174,1,fffffff200000103,0,0
279,279,0,8230,0,1,1fff,001c,8191,8230,1,fffffff200000103,0,0
280,280,0,8111,0,1,2028,001c,8232,8111,1,fffffff200000103,0,0
281,281,0,8193,0,1,200e,001c,8206,8193,1,fffffff200000103,0,0
282,282,0,8227,0,1,1fdf,001c,8159,8227,1,fffffff200000103,0,0
283,283,0,8163,0,1,2001,001c,8193,8163,1,fffffff200000103,0,0
284,284,0,8183,0,1,2003,001c,8195,8183,1,fffffff200000103,0,0
285,285,0,8219,0,1,1fdc,001c,8156,8219,1,fffffff200000103,0,0
286,286,0,8200,0,1,1fe0,001c,8168,8200,1,fffffff200000103,0,0
287,287,0,8147,0,1,1ffd,001c,8189,8147,1,fffffff200000103,0,0
288,288,0,8160,0,1,3fbd,001c,16381,8160,1,fffffff200000103,0,0
289,289,0,8235,0,1,3fd4,001c,16340,8235,1,fffffff200000103,0,0
290,290,0,8149,0,1,3fd4,001c,16340,8149,1,fffffff200000103,0,0
291,291,0,8198,0,1,2fb5,001c,12085,8198,1,fffffff200000103,0,0
292,292,0,8173,0,1,1fe7,001c,8167,8173,1,fffffff200000103,0,0
293,293,0,8185,0,1,1fe5,001c,8165,8185,1,fffffff200000103,0,0
294,294,0,8181,0,1,200e,001c,8206,8181,1,fffffff200000103,0,0
295,295,0,8235,0,1,1fea,001c,8170,8235,1,fffffff200000103,0,0
296,296,0,8190,0,1,2005,001c,8197,8190,1,fffffff200000103,0,0
297,297,0,8190,0,1,2007,001c,8199,8190,1,fffffff200000103,0,0
298,298,0,8201,0,1,1fec,001c,8172,8201,1,fffffff200000103,0,0
299,299,0,8168,0,1,2014,001c,8212,8168,1,fffffff200000103,0,0
300,300,0,8209,0,1,1fe5,001c,8165,8209,1,fffffff200000103,0,0
301,301,0,8201,0,1,1ffa,001c,8186,8201,1,fffffff200000103,0,0
302,302,0,8167,0,1,1fe4,001c,8164,8167,1,fffffff200000103,0,0
303,303,0,8199,0,1,2023,001c,8227,8199,1,fffffff200000103,0,0
304,304,0,8201,0,1,1ff9,001c,8185,8201,1,fffffff200000103,0,0
305,305,0,8218,0,1,1fe4,001c,8164,8218,1,fffffff200000103,0,0
306,306,0,8176,0,1,2049,001c,8265,8176,1,fffffff200000103,0,0
307,307,0,8222,0,1,1fd2,001c,8146,8222,1,fffffff200000103,0,0
308,308,0,8258,0,1,1fe5,001c,8165,8258,1,fffffff200000103,0,0
309,309,0,8119,0,1,2005,001c,8197,8119,1,fffffff200000103,0,0
310,310,0,8169,0,1,1fd7,001c,8151,8169,1,fffffff200000103,0,0
311,311,0,8236,0,1,201e,001c,8222,8236,1,fffffff200000103,0,0
312,312,0,8160,0,1,1ffb,001c,8187,8160,1,fffffff200000103,0,0
313,313,0,8147,0,1,1ff6,001c,8182,8147,1,fffffff200000103,0,0
314,314,0,8200,0,1,1feb,001c,8171,8200,1,fffffff200000103,0,0
315,315,0,8165,0,1,1ff8,001c,8184,8165,1,fffffff200000103,0,0
316,316,0,8183,0,1,1fed,001c,8173,8183,1,fffffff200000103,0,0
317,317,0,8229,0,1,1ff9,001c,8185,8229,1,fffffff200000103,0,0
318,318,0,8131,0,1,1ff4,001c,8180,8131,1,fffffff200000103,0,0
319,319,0,8164,0,1,1ff9,001c,8185,8164,1,fffffff200000103,0,0
320,320,0,8198,0,1,1ffe,001c,8190,8198,1,fffffff200000103,0,0
321,321,0,8183,0,1,200e,001c,8238,8183,1,fffffff200000103,0,0
322,322,0,8163,0,1,1fcd,001c,8143,8163,1,fffffff200000103,0,0
323,323,0,8200,0,1,2f9f,001c,16351,8200,1,fffffff200000103,0,0
324,324,0,8225,0,1,3ffa,001c,16346,8225,1,fffffff200000103,0,0
325,325,0,8124,0,1,1feb,001c,8171,8124,1,fffffff200000103,0,0
326,326,0,8196,0,1,3ffb,001c,8171,8196,1,fffffff200000103,0,0
327,327,0,8205,0,1,2f53,001c,11027,8205,1,fffffff200000103,0,0
328,328,0,8118,0,1,1ff7,001c,8183,8118,1,fffffff200000103,0,0
329,329,0,8193,0,1,1ff6,001c,8182,8193,1,fffffff200000103,0,0
330,330,0,8217,0,1,2011,001c,8209,8217,1,fffffff200000103,0,0
331,331,0,8142,0,1,200a,001c,8202,8142,1,fffffff200000103,0,0
332,332,0,8187,0,1,1fec,001c,8172,8187,1,fffffff200000103,0,0
333,333,0,8228,0,1,1fb1,001c,8113,8228,1,fffffff200000103,0,0
334,334,0,8165,0,1,2005,001c,8197,8165,1,fffffff200000103,0,0
335,335,0,8170,0,1,1fde,001c,8158,8170,1,fffffff200000103,0,0
336,336,0,8213,0,1,1ff6,001c,8182,8213,1,fffffff200000103,0,0
337,337,0,8189,0,1,2011,001c,8209,8189,1,fffffff200000103,0,0
338,338,0,8189,0,1,1fe5,001c,8165,8189,1,fffffff200000103,0,0
339,339,0,8170,0,1,1fe7,001c,8167,8170,1,fffffff200000103,0,0
340,340,0,8155,0,1,2030,001c,8240,8155,1,fffffff200000103,0,0
341,341,0,8212,0,1,1ff7,001c,8183,8212,1,fffffff200000103,0,0
342,342,0,8147,0,1,1fe4,001c,8164,8147,1,fffffff200000103,0,0
343,343,0,8187,0,1,1fef,001c,8175,8187,1,fffffff200000103,0,0
344,344,0,8193,0,1,2008,001c,8200,8193,1,fffffff200000103,0,0
345,345,0,8162,0,1,1fee,001c,8174,8162,1,fffffff200000103,0,0
346,346,0,8201,0,1,2009,001c,8201,8201,1,fffffff200000103,0,0
347,347,0,8188,0,1,1ff9,001c,8185,8188,1,fffffff200000103,0,0
348,348,0,8182,0,1,1fd8,001c,8152,8182,1,fffffff200000103,0,0
349,349,0,8181,0,1,1fe1,001c,8161,8181,1,fffffff200000103,0,0
350,350,0,8171,0,1,2022,001c,8226,8171,1,fffffff200000103,0,0
351,351,0,8203,0,1,1fef,001c,8175,8203,1,fffffff200000103,0,0
352,352,0,8164,0,1,2002,001c,8194,8164,1,fffffff200000103,0,0
353,353,0,8187,0,1,1fec,001c,8172,8187,1,fffffff200000103,0,0
354,354,0,8189,0,1,201b,001c,8219,8189,1,fffffff200000103,0,0
355,355,0,8140,0,1,1fcd,001c,8141,8140,1,fffffff200000103,0,0
356,356,0,8202,0,1,201e,001c,8222,8202,1,fffffff200000103,0,0
357,357,0,8195,0,1,1feb,001c,8171,8195,1,fffffff200000103,0,0
358,358,0,8182,0,1,2429,001c,12267,8182,1,fffffff200000103,0,0
359,359,0,8187,0,1,2009,001c,8201,8187,1,fffffff200000103,0,0
360,360,0,8187,0,1,3fed,001c,16333,8187,1,fffffff200000103,0,0
361,361,0,8163,0,1,1ff4,001c,8180,8163,1,fffffff200000103,0,0
362,362,0,8200,0,1,3ff5,001c,8181,8200,1,fffffff200000103,0,0
363,363,0,8171,0,1,2b15,001c,8725,8171,1,fffffff200000103,0,0
364,364,0,8246,0,1,1fbc,001c,8124,8246,1,fffffff200000103,0,0
365,365,0,8169,0,1,2019,001c,8217,8169,1,fffffff200000103,0,0
366,366,0,8205,0,1,1ff1,001c,8177,8205,1,fffffff200000103,0,0
367,367,0,8197,0,1,2001,001c,8193,8197,1,fffffff200000103,0,0
368,368,0,8143,0,1,1ff2,001c,8178,8143,1,fffffff200000103,0,0
369,369,0,8194,0,1,201b,001c,8219,8194,1,fffffff200000103,0,0
370,370,0,8185,0,1,1fe9,001c,8169,8185,1,fffffff200000103,0,0
371,371,0,8219,0,1,1ffe,001c,8190,8219,1,fffffff200000103,0,0
372,372,0,8198,0,1,1fe1,001c,8161,8198,1,fffffff200000103,0,0
373,373,0,8128,0,1,2006,001c,8198,8128,1,fffffff200000103,0,0
374,374,0,8233,0,1,1fdc,001c,8156,8233,1,fffffff200000103,0,0
375,375,0,8152,0,1,200d,001c,8205,8152,1,fffffff200000103,0,0
376,376,0,8200,0,1,1fed,001c,8173,8200,1,fffffff200000103,0,0
377,377,0,8193,0,1,200f,001c,8207,8193,1,fffffff200000103,0,0
378,378,0,8134,0,1,1fd2,001c,8146,8134,1,fffffff200000103,0,0
379,379,0,8216,0,1,1ff9,001c,8185,8216,1,fffffff200000103,0,0
380,380,0,8167,0,1,1fe7,001c,8167,8167,1,fffffff200000103,0,0
381,381,0,8234,0,1,2016,001c,8214,8234,1,fffffff200000103,0,0
382,382,0,8174,0,1,1ff1,001c,8177,8174,1,fffffff200000103,0,0
383,383,0,8154,0,1,2002,001c,8194,8154,1,fffffff200000103,0,0
384,384,0,8200,0,1,200e,001c,8206,8200,1,fffffff200000103,0,0
385,385,0,8209,0,1,1fef,001c,8175,8209,1,fffffff200000103,0,0
386,386,0,8187,0,1,1fd1,001c,8145,8187,1,fffffff200000103,0,0
387,387,0,8159,0,1,202b,001c,8235,8159,1,fffffff200000103,0,0
388,388,0,8179,0,1,1fe0,001c,8160,8179,1,fffffff200000103,0,0
389,389,0,8148,0,1,1fe6,001c,8166,8148,1,fffffff200000103,0,0
390,390,0,8164,0,1,2011,001c,8209,8164,1,fffffff200000103,0,0
391,391,0,8229,0,1,1fe9,001c,8169,8229,1,fffffff200000103,0,0
392,392,0,8163,0,1,1ff7,001c,8183,8163,1,fffffff200000103,0,0
393,393,0,8194,0,1,1ffe,001c,8190,8194,1,fffffff200000103,0,0
394,394,0,8177,0,1,1feb,001c,8171,8177,1,fffffff200000103,0,0
395,395,0,8174,0,1,2faf,001c,16367,8174,1,fffffff200000103,0,0
396,396,0,8208,0,1,3fd7,001c,12630,8208,1,fffffff200000103,0,0
397,397,0,8165,0,1,1ff7,001c,8183,8165,1,fffffff200000103,0,0
398,398,0,8182,0,1,3fe7,001c,8167,8182,1,fffffff200000103,0,0
399,399,0,8210,0,1,2016,001c,8214,8210,1,fffffff200000103,0,0
400,400,0,8175,0,1,1ffa,001c,8186,8175,1,fffffff200000103,0,0
401,401,0,8191,0,1,231f,001c,8223,8191,1,fffffff200000103,0,0
402,402,0,8169,0,1,1ff7,001c,8119,8169,1,fffffff200000103,0,0
403,403,0,8215,0,1,1ffb,001c,8187,8215,1,fffffff200000103,0,0
404,404,0,8129,0,1,201d,001c,8221,8129,1,fffffff200000103,0,0
405,405,0,8173,0,1,1fdd,001c,8157,8173,1,fffffff200000103,0,0
406,406,0,8244,0,1,1ffd,001c,8189,8244,1,fffffff200000103,0,0
407,407,0,8147,0,1,1fe8,001c,8168,8147,1,fffffff200000103,0,0
408,408,0,8196,0,1,1fe6,001c,8166,8196,1,fffffff200000103,0,0
409,409,0,8219,0,1,1ff5,001c,8181,8219,1,fffffff200000103,0,0
410,410,0,8159,0,1,1fe6,001c,8166,8159,1,fffffff200000103,0,0
411,411,0,8192,0,1,2026,001c,8230,8192,1,fffffff200000103,0,0
412,412,0,8195,0,1,1fe1,001c,8161,8195,1,fffffff200000103,0,0
413,413,0,8185,0,1,1fdc,001c,8156,8185,1,fffffff200000103,0,0
414,414,0,8151,0,1,201e,001c,8222,8151,1,fffffff200000103,0,0
415,415,0,8184,0,1,1fea,001c,8170,8184,1,fffffff200000103,0,0
416,416,0,8226,0,1,1fea,001c,8170,8226,1,fffffff200000103,0,0
417,417,0,8164,0,1,200a,001c,8202,8164,1,fffffff200000103,0,0
418,418,0,8182,0,1,2004,001c,8196,8182,1,fffffff200000103,0,0
419,419,0,8159,0,1,1fd0,001c,8144,8159,1,fffffff200000103,0,0
420,420,0,8175,0,1,2000,001c,8192,8175,1,fffffff200000103,0,0
421,421,0,8207,0,1,2010,001c,8208,8207,1,fffffff200000103,0,0
422,422,0,8155,0,1,1fea,001c,8170,8155,1,fffffff200000103,0,0
423,423,0,8207,0,1,1ffb,001c,8187,8207,1,fffffff200000103,0,0
424,424,0,8172,0,1,1ff7,001c,8183,8172,1,fffffff200000103,0,0
425,425,0,8205,0,1,1fee,001c,8174,8205,1,fffffff200000103,0,0
426,426,0,8221,0,1,1ff0,001c,8176,8221,1,fffffff200000103,0,0
427,427,0,8140,0,1,2038,001c,8248,8140,1,fffffff200000103,0,0
428,428,0,8217,0,1,1fe7,001c,8167,8217,1,fffffff200000103,0,0
429,429,0,8183,0,1,1fe2,001c,8162,8183,1,fffffff200000103,0,0
430,430,0,8183,0,1,243f,001c,12287,8183,1,fffffff200000103,0,0
431,431,0,8218,0,1,1fff,001c,16383,8218,1,fffffff200000103,0,0
432,432,0,8173,0,1,1fff,001c,8191,8173,1,fffffff200000103,0,0
433,433,0,8194,0,1,3fef,001c,16367,8194,1,fffffff200000103,0,0
434,434,0,8162,0,1,2fc6,001c,12230,8162,1,fffffff200000103,0,0
435,435,0,8194,0,1,1fd6,001c,8150,8194,1,fffffff200000103,0,0
436,436,0,8170,0,1,2017,001c,8215,8170,1,fffffff200000103,0,0
437,437,0,8125,0,1,2bd7,001c,8471,8125,1,fffffff200000103,0,0
438,438,0,8171,0,1,1fe7,001c,8167,8171,1,fffffff200000103,0,0
439,439,0,8166,0,1,1fe5,001c,8165,8166,1,fffffff200000103,0,0
440,440,0,8183,0,1,200a,001c,8202,8183,1,fffffff200000103,0,0
441,441,0,8209,0,1,1fd9,001c,8153,8209,1,fffffff200000103,0,0
442,442,0,8178,0,1,2003,001c,8195,8178,1,fffffff200000103,0,0
443,443,0,8217,0,1,2006,001c,8198,8217,1,fffffff200000103,0,0
444,444,0,8157,0,1,2017,001c,8215,8157,1,fffffff200000103,0,0
445,445,0,8214,0,1,1fed,001c,8173,8214,1,fffffff200000103,0,0
446,446,0,8137,0,1,2019,001c,8217,8137,1,fffffff200000103,0,0
447,447,0,8175,0,1,1fdc,001c,8156,8175,1,fffffff200000103,0,0
448,448,0,8191,0,1,1ff4,001c,8180,8191,1,fffffff200000103,0,0
449,449,0,8182,0,1,1ff3,001c,8179,8182,1,fffffff200000103,0,0
450,450,0,8163,0,1,2000,001c,8192,8163,1,fffffff200000103,0,0
451,451,0,8214,0,1,1fea,001c,8170,8214,1,fffffff200000103,0,0
452,452,0,8179,0,1,200f,001c,8207,8179,1,fffffff200000103,0,0
453,453,0,8215,0,1,1fe5,001c,8165,8215,1,fffffff200000103,0,0
454,454,0,8167,0,1,2004,001c,8196,8167,1,fffffff200000103,0,0
455,455,0,8221,0,1,1fe8,001c,8168,8221,1,fffffff200000103,0,0
456,456,0,8145,0,1,201e,001c,8222,8145,1,fffffff200000103,0,0
457,457,0,8176,0,1,2007,001c,8199,8176,1,fffffff200000103,0,0
458,458,0,8192,0,1,1fe9,001c,8169,8192,1,fffffff200000103,0,0
459,459,0,8188,0,1,1fd3,001c,8147,8188,1,fffffff200000103,0,0
460,460,0,8191,0,1,2034,001c,8244,8191,1,fffffff200000103,0,0
461,461,0,8204,0,1,1fd2,001c,8146,8204,1,fffffff200000103,0,0
462,462,0,8149,0,1,2001,001c,8193,8149,1,fffffff200000103,0,0
463,463,0,8197,0,1,1ff8,001c,8184,8197,1,fffffff200000103,0,0
464,464,0,8188,0,1,2017,001c,8255,8188,1,fffffff200000103,0,0
465,465,0,8214,0,1,1fbf,001c,8127,8214,1,fffffff200000103,0,0
466,466,0,8158,0,1,243b,001c,16319,8158,1,fffffff200000103,0,0
467,467,0,8178,0,1,2039,001c,8249,8178,1,fffffff200000103,0,0
468,468,0,8208,0,1,2019,001c,8217,8208,1,fffffff200000103,0,0
469,469,0,8165,0,1,3fed,001c,12269,8165,1,fffffff200000103,0,0
470,470,0,8196,0,1,3fed,001c,8173,8196,1,fffffff200000103,0,0
471,471,0,8224,0,1,2f29,001c,9001,8224,1,fffffff200000103,0,0
472,472,0,8146,0,1,1fc3,001c,8131,8146,1,fffffff200000103,0,0
473,473,0,8139,0,1,2007,001c,8199,8139,1,fffffff200000103,0,0
474,474,0,8182,0,1,1fdb,001c,8155,8182,1,fffffff200000103,0,0
475,475,0,8243,0,1,1fee,001c,8174,8243,1,fffffff200000103,0,0
476,476,0,8122,0,1,1fef,001c,8175,8122,1,fffffff200000103,0,0
477,477,0,8185,0,1,200b,001c,8203,8185,1,fffffff200000103,0,0
478,478,0,8246,0,1,1ffe,001c,8190,8246,1,fffffff200000103,0,0
479,479,0,8137,0,1,2005,001c,8197,8137,1,fffffff200000103,0,0
480,480,0,8202,0,1,1ffa,001c,8186,8202,1,fffffff200000103,0,0
481,481,0,8160,0,1,2022,001c,8226,8160,1,fffffff200000103,0,0
482,482,0,8174,0,1,1ff1,001c,8177,8174,1,fffffff200000103,0,0
483,483,0,8183,0,1,1fe3,001c,8163,8183,1,fffffff200000103,0,0
484,484,0,8184,0,1,1fe7,001c,8167,8184,1,fffffff200000103,0,0
485,485,0,8222,0,1,201c,001c,8220,8222,1,fffffff200000103,0,0
486,486,0,8152,0,1,1fef,001c,8175,8152,1,fffffff200000103,0,0
487,487,0,8194,0,1,2016,001c,8214,8194,1,fffffff200000103,0,0
488,488,0,8197,0,1,1fea,001c,8170,8197,1,fffffff200000103,0,0
489,489,0,8166,0,1,2011,001c,8209,8166,1,fffffff200000103,0,0
490,490,0,8252,0,1,1ff3,001c,8179,8252,1,fffffff200000103,0,0
491,491,0,8102,0,1,2003,001c,8195,8102,1,fffffff200000103,0,0
492,492,0,8197,0,1,1fe0,001c,8160,8197,1,fffffff200000103,0,0
493,493,0,8210,0,1,2012,001c,8210,8210,1,fffffff200000103,0,0
494,494,0,8215,0,1,1fea,001c,8170,8215,1,fffffff200000103,0,0
495,495,0,8215,0,1,1feb,001c,8171,8215,1,fffffff200000103,0,0
496,496,0,8181,0,1,1ff9,001c,8185,8181,1,fffffff200000103,0,0
497,497,0,8177,0,1,2023,001c,8227,8177,1,fffffff200000103,0,0
498,498,0,8215,0,1,1fba,001c,8122,8215,1,fffffff200000103,0,0
499,499,0,8159,0,1,2001,001c,8193,8159,1,fffffff200000103,0,0
500,500,0,8186,0,1,1fef,001c,8175,8186,1,fffffff200000103,0,0
501,501,0,8197,0,1,202e,001c,12271,8197,1,fffffff200000103,0,0
502,502,0,8175,0,1,1fde,001c,16350,8175,1,fffffff200000103,0,0
503,503,0,8207,0,1,3f9f,001c,16351,8207,1,fffffff200000103,0,0
504,504,0,8145,0,1,3fdf,001c,16351,8145,1,fffffff200000103,0,0
505,505,0,8215,0,1,1ffe,001c,8190,8215,1,fffffff200000103,0,0
506,506,0,8169,0,1,1ffd,001c,8189,8169,1,fffffff200000103,0,0
507,507,0,8184,0,1,1ff9,001c,8185,8184,1,fffffff200000103,0,0
508,508,0,8214,0,1,1ffb,001c,8187,8214,1,fffffff200000103,0,0
509,509,0,8179,0,1,1fdb,001c,8155,8179,1,fffffff200000103,0,0
510,510,0,8213,0,1,201a,001c,8218,8213,1,fffffff200000103,0,0
511,511,0,8179,0,1,1fd5,001c,8149,8179,1,fffffff200000103,0,0
512,512,0,8157,0,1,200c,001c,8204,8157,1,fffffff200000103,0,0
513,513,0,8233,0,1,1fde,001c,8158,8233,1,fffffff200000103,0,0
514,514,0,8167,0,1,2014,001c,8212,8167,1,fffffff200000103,0,0
515,515,0,8169,0,1,1fe8,001c,8168,8169,1,fffffff200000103,0,0
516,516,0,8165,0,1,2013,001c,8211,8165,1,fffffff200000103,0,0
517,517,0,8183,0,1,200f,001c,8207,8183,1,fffffff200000103,0,0
518,518,0,8181,0,1,1ffa,001c,8186,8181,1,fffffff200000103,0,0
519,519,0,8152,0,1,1fea,001c,8170,8152,1,fffffff200000103,0,0
520,520,0,8233,0,1,202b,001c,8235,8233,1,fffffff200000103,0,0
521,521,0,8172,0,1,1fb8,001c,8120,8172,1,fffffff200000103,0,0
522,522,0,8176,0,1,1fef,001c,8175,8176,1,fffffff200000103,0,0
523,523,0,8210,0,1,200c,001c,8204,8210,1,fffffff200000103,0,0
524,524,0,8207,0,1,2002,001c,8194,8207,1,fffffff200000103,0,0
525,525,0,8190,0,1,1f98,001c,8088,8190,1,fffffff200000103,0,0
526,526,0,8166,0,1,2021,001c,8225,8166,1,fffffff200000103,0,0
527,527,0,8219,0,1,2005,001c,8197,8219,1,fffffff200000103,0,0
528,528,0,8207,0,1,1fe7,001c,8167,8207,1,fffffff200000103,0,0
529,529,0,8158,0,1,1ff5,001c,8181,8158,1,fffffff200000103,0,0
530,530,0,8208,0,1,2001,001c,8193,8208,1,fffffff200000103,0,0
531,531,0,8154,0,1,1ffb,001c,8187,8154,1,fffffff200000103,0,0
532,532,0,8199,0,1,1ff6,001c,8182,8199,1,fffffff200000103,0,0
533,533,0,8238,0,1,1ffe,001c,8190,8238,1,fffffff200000103,0,0
534,534,0,8124,0,1,2003,001c,8195,8124,1,fffffff200000103,0,0
535,535,0,8207,0,1,1fff,001c,8191,8207,1,fffffff200000103,0,0
536,536,0,8199,0,1,202c,001c,11820,8199,1,fffffff200000103,0,0
537,537,0,8148,0,1,1ffa,001c,8190,8148,1,fffffff200000103,0,0
538,538,0,8219,0,1,1fe7,001c,8183,8219,1,fffffff200000103,0,0
539,539,0,8174,0,1,1fe7,001c,8167,8174,1,fffffff200000103,0,0
540,540,0,8146,0,1,1fef,001c,8175,8146,1,fffffff200000103,0,0
541,541,0,8171,0,1,1feb,001c,8171,8171,1,fffffff200000103,0,0
542,542,0,8183,0,1,1ff9,001c,8169,8183,1,fffffff200000103,0,0
543,543,0,8175,0,1,2031,001c,8241,8175,1,fffffff200000103,0,0
544,544,0,8216,0,1,1fee,001c,8174,8216,1,fffffff200000103,0,0
545,545,0,8165,0,1,1fed,001c,8172,8165,1,fffffff200000103,0,0
546,546,0,8196,0,1,1fcb,001c,8139,8196,1,fffffff200000103,0,0
547,547,0,8205,0,1,2006,001c,8198,8205,1,fffffff200000103,0,0
548,548,0,8150,0,1,1fea,001c,8170,8150,1,fffffff200000103,0,0
549,549,0,8181,0,1,2008,001c,8200,8181,1,fffffff200000103,0,0
550,550,0,8204,0,1,2005,001c,8197,8204,1,fffffff200000103,0,0
551,551,0,8161,0,1,1ffb,001c,8187,8161,1,fffffff200000103,0,0
552,552,0,8166,0,1,1fff,001c,8191,8166,1,fffffff200000103,0,0
553,553,0,8202,0,1,2014,001c,8212,8202,1,fffffff200000103,0,0
554,554,0,8217,0,1,1ff1,001c,8177,8217,1,fffffff200000103,0,0
555,555,0,8132,0,1,1fd3,001c,8147,8132,1,fffffff200000103,0,0
556,556,0,8253,0,1,1fd7,001c,8151,8253,1,fffffff200000103,0,0
557,557,0,8167,0,1,2003,001c,8195,8167,1,fffffff200000103,0,0
558,558,0,8172,0,1,1fe7,001c,8167,8172,1,fffffff200000103,0,0
559,559,0,8195,0,1,2020,001c,8224,8195,1,fffffff200000103,0,0
560,560,0,8195,0,1,1fd2,001c,8146,8195,1,fffffff200000103,0,0
561,561,0,8165,0,1,1fe1,001c,8161,8165,1,fffffff200000103,0,0
562,562,0,8193,0,1,2010,001c,8208,8193,1,fffffff200000103,0,0
563,563,0,8195,0,1,200d,001c,8205,8195,1,fffffff200000103,0,0
564,564,0,8165,0,1,1fdc,001c,8156,8165,1,fffffff200000103,0,0
565,565,0,8181,0,1,200a,001c,8202,8181,1,fffffff200000103,0,0
566,566,0,8173,0,1,1fe6,001c,8166,8173,1,fffffff200000103,0,0
567,567,0,8198,0,1,1ff8,001c,8184,8198,1,fffffff200000103,0,0
568,568,0,8260,0,1,1fc1,001c,8129,8260,1,fffffff200000103,0,0
569,569,0,8228,0,1,201e,001c,8222,8228,1,fffffff200000103,0,0
570,570,0,8170,0,1,1ff5,001c,8181,8170,1,fffffff200000103,0,0
571,571,0,8190,0,1,1fdf,001c,8159,8190,1,fffffff200000103,0,0
572,572,0,8233,0,1,202b,001c,8747,8233,1,fffffff200000103,0,0
573,573,0,8154,0,1,1fea,001c,8171,8154,1,fffffff200000103,0,0
574,574,0,8184,0,1,1ff9,001c,8185,8184,1,fffffff200000103,0,0
575,575,0,8213,0,1,3ff5,001c,16341,8213,1,fffffff200000103,0,0
576,576,0,8124,0,1,3ff5,001c,16357,8124,1,fffffff200000103,0,0
577,577,0,8212,0,1,1ff7,001c,8183,8212,1,fffffff200000103,0,0
578,578,0,8198,0,1,1ff3,001c,8179,8198,1,fffffff200000103,0,0
579,579,0,8180,0,1,2fd2,001c,8978,8180,1,fffffff200000103,0,0
580,580,0,8179,0,1,1ff3,001c,8179,8179,1,fffffff200000103,0,0
581,581,0,8194,0,1,1fda,001c,8154,8194,1,fffffff200000103,0,0
582,582,0,8196,0,1,2016,001c,8214,8196,1,fffffff200000103,0,0
583,583,0,8144,0,1,2026,001c,8230,8144,1,fffffff200000103,0,0
584,584,0,8209,0,1,1fdd,001c,8157,8209,1,fffffff200000103,0,0
585,585,0,8202,0,1,1ff5,001c,8181,8202,1,fffffff200000103,0,0
586,586,0,8163,0,1,2005,001c,8197,8163,1,fffffff200000103,0,0
587,587,0,8199,0,1,1ffc,001c,8188,8199,1,fffffff200000103,0,0
588,588,0,8220,0,1,1fe5,001c,8165,8220,1,fffffff200000103,0,0
589,589,0,8213,0,1,1ff2,001c,8178,8213,1,fffffff200000103,0,0
590,590,0,8154,0,1,2008,001c,8200,8154,1,fffffff200000103,0,0
591,591,0,8203,0,1,1ff7,001c,8183,8203,1,fffffff200000103,0,0
592,592,0,8159,0,1,1ff8,001c,8184,8159,1,fffffff200000103,0,0
593,593,0,8172,0,1,2015,001c,8213,8172,1,fffffff200000103,0,0
594,594,0,8228,0,1,1fce,001c,8142,8228,1,fffffff200000103,0,0
595,595,0,8159,0,1,1fd4,001c,8148,8159,1,fffffff200000103,0,0
596,596,0,8178,0,1,200b,001c,8203,8178,1,fffffff200000103,0,0
597,597,0,8216,0,1,200b,001c,8203,8216,1,fffffff200000103,0,0
598,598,0,8172,0,1,2012,001c,8210,8172,1,fffffff200000103,0,0
599,599,0,8177,0,1,1fc8,001c,8136,8177,1,fffffff200000103,0,0
600,600,0,8182,0,1,1fe6,001c,8166,8182,1,fffffff200000103,0,0
601,601,0,8192,0,1,1fc5,001c,8133,8192,1,fffffff200000103,0,0
602,602,0,8143,0,1,1fd6,001c,8150,8143,1,fffffff200000103,0,0
603,603,0,8202,0,1,2018,001c,8216,8202,1,fffffff200000103,0,0
604,604,0,8197,0,1,1fe0,001c,8160,8197,1,fffffff200000103,0,0
605,605,0,8147,0,1,1ff1,001c,8177,8147,1,fffffff200000103,0,0
606,606,0,8174,0,1,202f,001c,8239,8174,1,fffffff200000103,0,0
607,607,0,8192,0,1,1feb,001c,8171,8192,1,fffffff200000103,0,0
608,608,0,8164,0,1,202a,001c,11946,8164,1,fffffff200000103,0,0
609,609,0,8173,0,1,1fff,001c,16383,8173,1,fffffff200000103,0,0
610,610,0,8179,0,1,1fff,001c,8191,8179,1,fffffff200000103,0,0
611,611,0,8224,0,1,3ffc,001c,16380,8224,1,fffffff200000103,0,0
612,612,0,8140,0,1,2019,001c,8217,8140,1,fffffff200000103,0,0
613,613,0,8214,0,1,2009,001c,8201,8214,1,fffffff200000103,0,0
614,614,0,8164,0,1,1ff6,001c,8182,8164,1,fffffff200000103,0,0
615,615,0,8203,0,1,1ff6,001c,8182,8203,1,fffffff200000103,0,0
616,616,0,8186,0,1,1fff,001c,8191,8186,1,fffffff200000103,0,0
617,617,0,8205,0,1,1fff,001c,8191,8205,1,fffffff200000103,0,0
618,618,0,8180,0,1,1fea,001c,8170,8180,1,fffffff200000103,0,0
619,619,0,8154,0,1,2008,001c,8200,8154,1,fffffff200000103,0,0
620,620,0,8229,0,1,1fe2,001c,8162,8229,1,fffffff200000103,0,0
621,621,0,8193,0,1,1ff3,001c,8179,8193,1,fffffff200000103,0,0
622,622,0,8111,0,1,2015,001c,8213,8111,1,fffffff200000103,0,0
623,623,0,8251,0,1,1fcc,001c,8140,8251,1,fffffff200000103,0,0
624,624,0,8176,0,1,2006,001c,8198,8176,1,fffffff200000103,0,0
625,625,0,8212,0,1,1ff9,001c,8185,8212,1,fffffff200000103,0,0
626,626,0,8184,0,1,1fed,001c,8173,8184,1,fffffff200000103,0,0
627,627,0,8174,0,1,1ffa,001c,8186,8174,1,fffffff200000103,0,0
628,628,0,8172,0,1,2017,001c,8215,8172,1,fffffff200000103,0,0
629,629,0,8177,0,1,1ff7,001c,8183,8177,1,fffffff200000103,0,0
630,630,0,8213,0,1,1fe5,001c,8165,8213,1,fffffff200000103,0,0
631,631,0,8181,0,1,2021,001c,8225,8181,1,fffffff200000103,0,0
632,632,0,8174,0,1,1ff8,001c,8184,8174,1,fffffff200000103,0,0
633,633,0,8198,0,1,1fc1,001c,8129,8198,1,fffffff200000103,0,0
634,634,0,8178,0,1,200a,001c,8202,8178,1,fffffff200000103,0,0
635,635,0,8181,0,1,1fda,001c,8154,8181,1,fffffff200000103,0,0
636,636,0,8189,0,1,2015,001c,8213,8189,1,fffffff200000103,0,0
637,637,0,8185,0,1,1fe7,001c,8167,8185,1,fffffff200000103,0,0
638,638,0,8162,0,1,1ffb,001c,8187,8162,1,fffffff200000103,0,0
639,639,0,8179,0,1,1ffb,001c,8187,8179,1,fffffff200000103,0,0
640,640,0,8185,0,1,200c,001c,8204,8185,1,fffffff200000103,0,0
641,641,0,8199,0,1,2005,001c,8197,8199,1,fffffff200000103,0,0
642,642,0,8192,0,1,1fdc,001c,8156,8192,1,fffffff200000103,0,0
643,643,0,8218,0,1,2002,001c,8194,8218,1,fffffff200000103,0,0
644,644,0,8174,0,1,2003,001c,8195,8174,1,fffffff200000103,0,0
645,645,0,8158,0,1,1fff,001c,16383,8158,1,fffffff200000103,0,0
646,646,0,8185,0,1,3fff,001c,16383,8185,1,fffffff200000103,0,0
647,647,0,8192,0,1,3fef,001c,16239,8192,1,fffffff200000103,0,0
648,648,0,8222,0,1,1fef,001c,8175,8222,1,fffffff200000103,0,0
649,649,0,8172,0,1,3fe7,001c,8166,8172,1,fffffff200000103,0,0
650,650,0,8170,0,1,2017,001c,8215,8170,1,fffffff200000103,0,0
651,651,0,8230,0,1,2b57,001c,8471,8230,1,fffffff200000103,0,0
652,652,0,8168,0,1,1ffd,001c,8189,8168,1,fffffff200000103,0,0
653,653,0,8180,0,1,1ff7,001c,8183,8180,1,fffffff200000103,0,0
654,654,0,8180,0,1,202c,001c,8236,8180,1,fffffff200000103,0,0
655,655,0,8183,0,1,1fbb,001c,8123,8183,1,fffffff200000103,0,0
656,656,0,8172,0,1,1fef,001c,8175,8172,1,fffffff200000103,0,0
657,657,0,8175,0,1,2028,001c,8232,8175,1,fffffff200000103,0,0
658,658,0,8163,0,1,1fe6,001c,8166,8163,1,fffffff200000103,0,0
659,659,0,8240,0,1,200a,001c,8202,8240,1,fffffff200000103,0,0
660,660,0,8177,0,1,2015,001c,8213,8177,1,fffffff200000103,0,0
661,661,0,8165,0,1,1fdd,001c,8157,8165,1,fffffff200000103,0,0
662,662,0,8194,0,1,1fd5,001c,8149,8194,1,fffffff200000103,0,0
663,663,0,8211,0,1,200b,001c,8203,8211,1,fffffff200000103,0,0
664,664,0,8154,0,1,2012,001c,8210,8154,1,fffffff200000103,0,0
665,665,0,8213,0,1,1fd7,001c,8151,8213,1,fffffff200000103,0,0
666,666,0,8183,0,1,1ff6,001c,8182,8183,1,fffffff200000103,0,0
667,667,0,8206,0,1,202d,001c,8237,8206,1,fffffff200000103,0,0
668,668,0,8170,0,1,1fed,001c,8173,8170,1,fffffff200000103,0,0
669,669,0,8190,0,1,2011,001c,8209,8190,1,fffffff200000103,0,0
670,670,0,8164,0,1,1fe6,001c,8166,8164,1,fffffff200000103,0,0
671,671,0,8216,0,1,1ffd,001c,8189,8216,1,fffffff200000103,0,0
672,672,0,8187,0,1,1fe9,001c,8169,8187,1,fffffff200000103,0,0
673,673,0,8141,0,1,2012,001c,8210,8141,1,fffffff200000103,0,0
674,674,0,8201,0,1,2002,001c,8194,8201,1,fffffff200000103,0,0
675,675,0,8210,0,1,1fe5,001c,8165,8210,1,fffffff200000103,0,0
676,676,0,8157,0,1,2019,001c,8217,8157,1,fffffff200000103,0,0
677,677,0,8207,0,1,200d,001c,8205,8207,1,fffffff200000103,0,0
678,678,0,8179,0,1,1fb1,001c,8113,8179,1,fffffff200000103,0,0
679,679,0,8182,0,1,2040,001c,8288,8182,1,fffffff200000103,0,0
680,680,0,8179,0,1,1fa5,001c,8101,8179,1,fffffff200000103,0,0
681,681,0,8203,0,1,2fad,001c,16301,8203,1,fffffff200000103,0,0
682,682,0,8183,0,1,3fad,001c,16269,8183,1,fffffff200000103,0,0
683,683,0,8206,0,1,3fed,001c,16364,8206,1,fffffff200000103,0,0
684,684,0,8170,0,1,3f7d,001c,12157,8170,1,fffffff200000103,0,0
685,685,0,8153,0,1,1fff,001c,8191,8153,1,fffffff200000103,0,0
686,686,0,8215,0,1,1fd5,001c,8133,8215,1,fffffff200000103,0,0
687,687,0,8178,0,1,2031,001c,8241,8178,1,fffffff200000103,0,0
688,688,0,8161,0,1,1fdf,001c,8159,8161,1,fffffff200000103,0,0
689,689,0,8246,0,1,1fe1,001c,8161,8246,1,fffffff200000103,0,0
690,690,0,8161,0,1,200e,001c,8206,8161,1,fffffff200000103,0,0
691,691,0,8166,0,1,1ff6,001c,8182,8166,1,fffffff200000103,0,0
692,692,0,8177,0,1,1ffe,001c,8190,8177,1,fffffff200000103,0,0
693,693,0,8200,0,1,1ff2,001c,8178,8200,1,fffffff200000103,0,0
694,694,0,8139,0,1,200b,001c,8203,8139,1,fffffff200000103,0,0
695,695,0,8195,0,1,1fd3,001c,8147,8195,1,fffffff200000103,0,0
696,696,0,8177,0,1,1ff7,001c,8183,8177,1,fffffff200000103,0,0
697,697,0,8178,0,1,1fee,001c,8174,8178,1,fffffff200000103,0,0
698,698,0,8175,0,1,1fd8,001c,8152,8175,1,fffffff200000103,0,0
699,699,0,8204,0,1,2009,001c,8201,8204,1,fffffff200000103,0,0
700,700,0,8141,0,1,1ffb,001c,8187,8141,1,fffffff200000103,0,0
701,701,0,8112,0,1,1ffd,001c,8189,8112,1,fffffff200000103,0,0
702,702,0,8143,0,1,1ffe,001c,8190,8143,1,fffffff200000103,0,0
703,703,0,8198,0,1,1ff0,001c,8176,8198,1,fffffff200000103,0,0
704,704,0,8171,0,1,200b,001c,8203,8171,1,fffffff200000103,0,0
705,705,0,8201,0,1,1fc5,001c,8133,8201,1,fffffff200000103,0,0
706,706,0,8114,0,1,1ff9,001c,8185,8114,1,fffffff200000103,0,0
707,707,0,8207,0,1,2004,001c,8196,8207,1,fffffff200000103,0,0
708,708,0,8204,0,1,1ff2,001c,8178,8204,1,fffffff200000103,0,0
709,709,0,8193,0,1,1fe8,001c,8168,8193,1,fffffff200000103,0,0
710,710,0,8161,0,1,1ff6,001c,8182,8161,1,fffffff200000103,0,0
711,711,0,8194,0,1,1fe0,001c,8160,8194,1,fffffff200000103,0,0
712,712,0,8141,0,1,2006,001c,8198,8141,1,fffffff200000103,0,0
713,713,0,8220,0,1,2020,001c,8224,8220,1,fffffff200000103,0,0
714,714,0,8172,0,1,1ffa,001c,8186,8172,1,fffffff200000103,0,0
715,715,0,8191,0,1,1fda,001c,8186,8191,1,fffffff200000103,0,0
716,716,0,8178,0,1,1ff5,001c,8191,8178,1,fffffff200000103,0,0
717,717,0,8177,0,1,2fb7,001c,16375,8177,1,fffffff200000103,0,0
718,718,0,8206,0,1,3fd7,001c,16343,8206,1,fffffff200000103,0,0
719,719,0,8200,0,1,1ffa,001c,8186,8200,1,fffffff200000103,0,0
720,720,0,8172,0,1,1fff,001c,8191,8172,1,fffffff200000103,0,0
721,721,0,8224,0,1,1ffd,001c,8189,8224,1,fffffff200000103,0,0
722,722,0,8178,0,1,1fe8,001c,8168,8178,1,fffffff200000103,0,0
723,723,0,8193,0,1,2000,001c,8192,8193,1,fffffff200000103,0,0
724,724,0,8178,0,1,1ffa,001c,8186,8178,1,fffffff200000103,0,0
725,725,0,8185,0,1,1fd9,001c,8153,8185,1,fffffff200000103,0,0
726,726,0,8155,0,1,2000,001c,8192,8155,1,fffffff200000103,0,0
727,727,0,8215,0,1,200a,001c,8202,8215,1,fffffff200000103,0,0
728,728,0,8203,0,1,1ffe,001c,8190,8203,1,fffffff200000103,0,0
729,729,0,8154,0,1,1fed,001c,8173,8154,1,fffffff200000103,0,0
730,730,0,8186,0,1,1ff9,001c,8185,8186,1,fffffff200000103,0,0
731,731,0,8196,0,1,1fe5,001c,8165,8196,1,fffffff200000103,0,0
732,732,0,8142,0,1,2003,001c,8195,8142,1,fffffff200000103,0,0
733,733,0,8221,0,1,201a,001c,8218,8221,1,fffffff200000103,0,0
734,734,0,8173,0,1,201b,001c,8219,8173,1,fffffff200000103,0,0
735,735,0,8188,0,1,2013,001c,8211,8188,1,fffffff200000103,0,0
736,736,0,8185,0,1,2003,001c,8195,8185,1,fffffff200000103,0,0
737,737,0,8255,0,1,201a,001c,8218,8255,1,fffffff200000103,0,0
738,738,0,8162,0,1,1fe2,001c,8162,8162,1,fffffff200000103,0,0
739,739,0,8143,0,1,2005,001c,8197,8143,1,fffffff200000103,0,0
740,740,0,8201,0,1,2026,001c,8230,8201,1,fffffff200000103,0,0
741,741,0,8209,0,1,1fe5,001c,8165,8209,1,fffffff200000103,0,0
742,742,0,8142,0,1,2002,001c,8194,8142,1,fffffff200000103,0,0
743,743,0,8222,0,1,2012,001c,8210,8222,1,fffffff200000103,0,0
744,744,0,8156,0,1,1ff0,001c,8176,8156,1,fffffff200000103,0,0
745,745,0,8209,0,1,2013,001c,8211,8209,1,fffffff200000103,0,0
746,746,0,8192,0,1,2002,001c,8194,8192,1,fffffff200000103,0,0
747,747,0,8183,0,1,1fef,001c,8175,8183,1,fffffff200000103,0,0
748,748,0,8195,0,1,2009,001c,8201,8195,1,fffffff200000103,0,0
749,749,0,8179,0,1,1ff4,001c,8180,8179,1,fffffff200000103,0,0
750,750,0,8223,0,1,1fca,001c,8138,8223,1,fffffff200000103,0,0
751,751,0,8156,0,1,2006,001c,10766,8156,1,fffffff200000103,0,0
752,752,0,8190,0,1,2017,001c,8215,8190,1,fffffff200000103,0,0
753,753,0,8254,0,1,1fdf,001c,16351,8254,1,fffffff200000103,0,0
754,754,0,8109,0,1,3fce,001c,16334,8109,1,fffffff200000103,0,0
755,755,0,8192,0,1,201a,001c,8218,8192,1,fffffff200000103,0,0
756,756,0,8225,0,1,2fdd,001c,12253,8225,1,fffffff200000103,0,0
757,757,0,8155,0,1,1ffd,001c,8189,8155,1,fffffff200000103,0,0
758,758,0,8188,0,1,1fe5,001c,8165,8188,1,fffffff200000103,0,0
759,759,0,8160,0,1,2018,001c,8216,8160,1,fffffff200000103,0,0
760,760,0,8206,0,1,1ff4,001c,8160,8206,1,fffffff200000103,0,0
761,761,0,8141,0,1,1ffc,001c,8188,8141,1,fffffff200000103,0,0
762,762,0,8205,0,1,1fff,001c,8191,8205,1,fffffff200000103,0,0
763,763,0,8203,0,1,2000,001c,8192,8203,1,fffffff200000103,0,0
764,764,0,8151,0,1,1ff4,001c,8180,8151,1,fffffff200000103,0,0
765,765,0,8216,0,1,2006,001c,8198,8216,1,fffffff200000103,0,0
766,766,0,8146,0,1,1ff4,001c,8180,8146,1,fffffff200000103,0,0
767,767,0,8185,0,1,1fe8,001c,8168,8185,1,fffffff200000103,0,0
768,768,0,8180,0,1,1fea,001c,8170,8180,1,fffffff200000103,0,0
769,769,0,8196,0,1,2009,001c,8201,8196,1,fffffff200000103,0,0
770,770,0,8203,0,1,1ffb,001c,8187,8203,1,fffffff200000103,0,0
771,771,0,8166,0,1,2007,001c,8199,8166,1,fffffff200000103,0,0
772,772,0,8223,0,1,1fef,001c,8175,8223,1,fffffff200000103,0,0
773,773,0,8166,0,1,2033,001c,8243,8166,1,fffffff200000103,0,0
774,774,0,8157,0,1,1fcc,001c,8140,8157,1,fffffff200000103,0,0
775,775,0,8215,0,1,1ff2,001c,8178,8215,1,fffffff200000103,0,0
776,776,0,8170,0,1,1ff5,001c,8181,8170,1,fffffff200000103,0,0
777,777,0,8191,0,1,1ff2,001c,8178,8191,1,fffffff200000103,0,0
778,778,0,8180,0,1,1ff0,001c,8176,8180,1,fffffff200000103,0,0
779,779,0,8213,0,1,201f,001c,8223,8213,1,fffffff200000103,0,0
780,780,0,8179,0,1,1fd1,001c,8145,8179,1,fffffff200000103,0,0
781,781,0,8184,0,1,1ff8,001c,8184,8184,1,fffffff200000103,0,0
782,782,0,8196,0,1,1fe4,001c,8164,8196,1,fffffff200000103,0,0
783,783,0,8164,0,1,2005,001c,8197,8164,1,fffffff200000103,0,0
784,784,0,8181,0,1,1fe7,001c,8167,8181,1,fffffff200000103,0,0
785,785,0,8202,0,1,2008,001c,8200,8202,1,fffffff200000103,0,0
786,786,0,8187,0,1,2001,001c,8193,8187,1,fffffff200000103,0,0
787,787,0,8149,0,1,1fbb,001c,8123,8149,1,fffffff200000103,0,0
788,788,0,8197,0,1,1ffe,001c,8191,8197,1,fffffff200000103,0,0
789,789,0,8211,0,1,3fbd,001c,16381,8211,1,fffffff200000103,0,0
790,790,0,8144,0,1,3ff9,001c,12409,8144,1,fffffff200000103,0,0
791,791,0,8199,0,1,1fff,001c,8191,8199,1,fffffff200000103,0,0
792,792,0,8235,0,1,3fbf,001c,8127,8235,1,fffffff200000103,0,0
793,793,0,8113,0,1,2013,001c,8211,8113,1,fffffff200000103,0,0
794,794,0,8184,0,1,2f10,001c,8976,8184,1,fffffff200000103,0,0
795,795,0,8223,0,1,1fc3,001c,8131,8223,1,fffffff200000103,0,0
796,796,0,8158,0,1,2021,001c,8225,8158,1,fffffff200000103,0,0
797,797,0,8219,0,1,1fbb,001c,8123,8219,1,fffffff200000103,0,0
798,798,0,8194,0,1,1fdf,001c,8159,8194,1,fffffff200000103,0,0
799,799,0,8176,0,1,201e,001c,8222,8176,1,fffffff200000103,0,0
800,800,0,8178,0,1,2008,001c,8200,8178,1,fffffff200000103,0,0
801,801,0,8203,0,1,1fec,001c,8172,8203,1,fffffff200000103,0,0
802,802,0,8183,0,1,1ff1,001c,8177,8183,1,fffffff200000103,0,0
803,803,0,8189,0,1,2022,001c,8226,8189,1,fffffff200000103,0,0
804,804,0,8191,0,1,1ffa,001c,8186,8191,1,fffffff200000103,0,0
805,805,0,8215,0,1,1fd2,001c,8146,8215,1,fffffff200000103,0,0
806,806,0,8168,0,1,2028,001c,8232,8168,1,fffffff200000103,0,0
807,807,0,8232,0,1,1ff6,001c,8182,8232,1,fffffff200000103,0,0
808,808,0,8162,0,1,1fe1,001c,8161,8162,1,fffffff200000103,0,0
809,809,0,8173,0,1,201e,001c,8222,8173,1,fffffff200000103,0,0
810,810,0,8210,0,1,1ff0,001c,8176,8210,1,fffffff200000103,0,0
811,811,0,8177,0,1,1fdb,001c,8155,8177,1,fffffff200000103,0,0
812,812,0,8171,0,1,2002,001c,8194,8171,1,fffffff200000103,0,0
813,813,0,8224,0,1,1ffe,001c,8190,8224,1,fffffff200000103,0,0
814,814,0,8191,0,1,1fdf,001c,8159,8191,1,fffffff200000103,0,0
815,815,0,8191,0,1,2000,001c,8192,8191,1,fffffff200000103,0,0
816,816,0,8151,0,1,2001,001c,8193,8151,1,fffffff200000103,0,0
817,817,0,8209,0,1,1fea,001c,8170,8209,1,fffffff200000103,0,0
818,818,0,8171,0,1,2008,001c,8200,8171,1,fffffff200000103,0,0
819,819,0,8123,0,1,2006,001c,8198,8123,1,fffffff200000103,0,0
820,820,0,8226,0,1,1fe5,001c,8165,8226,1,fffffff200000103,0,0
821,821,0,8199,0,1,1ff0,001c,8176,8199,1,fffffff200000103,0,0
822,822,0,8167,0,1,200c,001c,8236,8167,1,fffffff200000103,0,0
823,823,0,8176,0,1,1fec,001c,8172,8176,1,fffffff200000103,0,0
824,824,0,8182,0,1,1ffb,001c,8191,8182,1,fffffff200000103,0,0
825,825,0,8211,0,1,3ff7,001c,16375,8211,1,fffffff200000103,0,0
826,826,0,8193,0,1,3be4,001c,12324,8193,1,fffffff200000103,0,0
827,827,0,8175,0,1,1fef,001c,8175,8175,1,fffffff200000103,0,0
828,828,0,8167,0,1,1fe5,001c,8165,8167,1,fffffff200000103,0,0
829,829,0,8162,0,1,202e,001c,8238,8162,1,fffffff200000103,0,0
830,830,0,8187,0,1,1fdb,001c,8155,8187,1,fffffff200000103,0,0
831,831,0,8222,0,1,1fed,001c,8173,8222,1,fffffff200000103,0,0
832,832,0,8222,0,1,1fed,001c,8173,8222,1,fffffff200000103,0,0
833,833,0,8202,0,1,2028,001c,8232,8202,1,fffffff200000103,0,0
834,834,0,8182,0,1,1fe6,001c,8166,8182,1,fffffff200000103,0,0
835,835,0,8220,0,1,1fff,001c,8191,8220,1,fffffff200000103,0,0
836,836,0,8176,0,1,2015,001c,8213,8176,1,fffffff200000103,0,0
837,837,0,8221,0,1,1fd2,001c,8146,8221,1,fffffff200000103,0,0
838,838,0,8181,0,1,2005,001c,8197,8181,1,fffffff200000103,0,0
839,839,0,8181,0,1,1ff5,001c,8181,8181,1,fffffff200000103,0,0
840,840,0,8196,0,1,1fee,001c,8174,8196,1,fffffff200000103,0,0
841,841,0,8194,0,1,200c,001c,8204,8194,1,fffffff200000103,0,0
842,842,0,8164,0,1,1fdb,001c,8155,8164,1,fffffff200000103,0,0
843,843,0,8214,0,1,200a,001c,8202,8214,1,fffffff200000103,0,0
844,844,0,8133,0,1,1fe8,001c,8168,8133,1,fffffff200000103,0,0
845,845,0,8194,0,1,2004,001c,8196,8194,1,fffffff200000103,0,0
846,846,0,8194,0,1,2007,001c,8199,8194,1,fffffff200000103,0,0
847,847,0,8176,0,1,1fe4,001c,8164,8176,1,fffffff200000103,0,0
848,848,0,8176,0,1,2012,001c,8210,8176,1,fffffff200000103,0,0
849,849,0,8202,0,1,1fe8,001c,8168,8202,1,fffffff200000103,0,0
850,850,0,8197,0,1,1fff,001c,8191,8197,1,fffffff200000103,0,0
851,851,0,8167,0,1,1fe0,001c,8160,8167,1,fffffff200000103,0,0
852,852,0,8180,0,1,1fd8,001c,8152,8180,1,fffffff200000103,0,0
853,853,0,8210,0,1,201c,001c,8220,8210,1,fffffff200000103,0,0
854,854,0,8175,0,1,1fe4,001c,8164,8175,1,fffffff200000103,0,0
855,855,0,8161,0,1,200b,001c,8203,8161,1,fffffff200000103,0,0
856,856,0,8146,0,1,1fd7,001c,8151,8146,1,fffffff200000103,0,0
857,857,0,8194,0,1,1fe9,001c,8169,8194,1,fffffff200000103,0,0
858,858,0,8173,0,1,200b,001c,8235,8173,1,fffffff200000103,0,0
859,859,0,8202,0,1,2002,001c,8202,8202,1,fffffff200000103,0,0
860,860,0,8185,0,1,200b,001c,8203,8185,1,fffffff200000103,0,0
861,861,0,8165,0,1,200f,001c,8207,8165,1,fffffff200000103,0,0
862,862,0,8181,0,1,3fec,001c,16364,8181,1,fffffff200000103,0,0
863,863,0,8189,0,1,1fff,001c,8191,8189,1,fffffff200000103,0,0
864,864,0,8191,0,1,1fff,001c,8191,8191,1,fffffff200000103,0,0
865,865,0,8174,0,1,1fdd,001c,8157,8174,1,fffffff200000103,0,0
866,866,0,8214,0,1,2b24,001c,8228,8214,1,fffffff200000103,0,0
867,867,0,8157,0,1,1ff5,001c,8181,8157,1,fffffff200000103,0,0
868,868,0,8198,0,1,1fee,001c,8174,8198,1,fffffff200000103,0,0
869,869,0,8148,0,1,1fef,001c,8175,8148,1,fffffff200000103,0,0
870,870,0,8217,0,1,1fe8,001c,8168,8217,1,fffffff200000103,0,0
871,871,0,8189,0,1,1fea,001c,8170,8189,1,fffffff200000103,0,0
872,872,0,8165,0,1,1fe3,001c,8163,8165,1,fffffff200000103,0,0
873,873,0,8177,0,1,1fe3,001c,8163,8177,1,fffffff200000103,0,0
874,874,0,8202,0,1,2017,001c,8215,8202,1,fffffff200000103,0,0
875,875,0,8172,0,1,1fd8,001c,8152,8172,1,fffffff200000103,0,0
876,876,0,8231,0,1,200b,001c,8203,8231,1,fffffff200000103,0,0
877,877,0,8144,0,1,1ffb,001c,8187,8144,1,fffffff200000103,0,0
878,878,0,8169,0,1,1fe5,001c,8165,8169,1,fffffff200000103,0,0
879,879,0,8169,0,1,1fe1,001c,8161,8169,1,fffffff200000103,0,0
880,880,0,8216,0,1,2010,001c,8208,8216,1,fffffff200000103,0,0
881,881,0,8154,0,1,1ff4,001c,8180,8154,1,fffffff200000103,0,0
882,882,0,8220,0,1,2004,001c,8196,8220,1,fffffff200000103,0,0
883,883,0,8155,0,1,1ff9,001c,8185,8155,1,fffffff200000103,0,0
884,884,0,8204,0,1,2001,001c,8193,8204,1,fffffff200000103,0,0
885,885,0,8176,0,1,1fe9,001c,8169,8176,1,fffffff200000103,0,0
886,886,0,8173,0,1,1feb,001c,8171,8173,1,fffffff200000103,0,0
887,887,0,8189,0,1,1fea,001c,8170,8189,1,fffffff200000103,0,0
888,888,0,8147,0,1,202a,001c,8234,8147,1,fffffff200000103,0,0
889,889,0,8159,0,1,1fbf,001c,8127,8159,1,fffffff200000103,0,0
890,890,0,8175,0,1,1ff3,001c,8179,8175,1,fffffff200000103,0,0
891,891,0,8231,0,1,1ff6,001c,8182,8231,1,fffffff200000103,0,0
892,892,0,8127,1,1,2027,001c,8231,8127,1,fffffff200000103,0,0
893,893,0,8127,0,0,1fd7,001c,8151,8127,0,fffffff200000103,0,0
894,894,0,8127,0,0,2018,001c,11800,8127,0,fffffff200000103,0,0
895,895,0,8127,0,0,1ffa,001c,8186,8127,0,fffffff200000103,0,0
896,896,0,8127,0,0,3fbf,001c,16383,8127,0,fffffff200000103,0,0
897,897,0,8127,0,0,3fdd,001c,13269,8127,0,fffffff200000103,0,0
898,898,0,8127,0,0,3fdc,001c,16348,8127,0,fffffff200000103,0,0
899,899,0,8127,0,0,2266,001c,8230,8127,0,fffffff200000103,0,0
900,900,0,8127,0,0,1ffd,001c,8173,8127,0,fffffff200000103,0,0
901,901,0,8127,0,0,1fff,001c,8191,8127,0,fffffff200000103,0,0
902,902,0,8127,0,0,1ffd,001c,8189,8127,0,fffffff200000103,0,0
903,903,0,8127,0,0,2017,001c,8215,8127,0,fffffff200000103,0,0
904,904,0,8127,0,0,1ff1,001c,8177,8127,0,fffffff200000103,0,0
905,905,0,8127,0,0,2004,001c,8196,8127,0,fffffff200000103,0,0
906,906,0,8127,0,0,1fbe,001c,8126,8127,0,fffffff200000103,0,0
907,907,0,8127,0,0,204d,001c,8269,8127,0,fffffff200000103,0,0
908,908,0,8127,0,0,1fc2,001c,8130,8127,0,fffffff200000103,0,0
909,909,0,8127,0,0,2004,001c,8196,8127,0,fffffff200000103,0,0
910,910,0,8127,0,0,2028,001c,8232,8127,0,fffffff200000103,0,0
911,911,0,8127,0,0,1ff9,001c,8185,8127,0,fffffff200000103,0,0
912,912,0,8127,0,0,1fd0,001c,8144,8127,0,fffffff200000103,0,0
913,913,0,8127,0,0,200e,001c,8206,8127,0,fffffff200000103,0,0
914,914,0,8127,0,0,1fe0,001c,8160,8127,0,fffffff200000103,0,0
915,915,0,8127,0,0,2021,001c,8225,8127,0,fffffff200000103,0,0
916,916,0,8127,0,0,1ff3,001c,8179,8127,0,fffffff200000103,0,0
917,917,0,8127,0,0,1fec,001c,8172,8127,0,fffffff200000103,0,0
918,918,0,8127,0,0,1fdd,001c,8157,8127,0,fffffff200000103,0,0
919,919,0,8127,0,0,2019,001c,8217,8127,0,fffffff200000103,0,0
920,920,0,8127,0,0,1ff0,001c,8176,8127,0,fffffff200000103,0,0
921,921,0,8127,0,0,2011,001c,8209,8127,0,fffffff200000103,0,0
922,922,0,8127,0,0,1fe1,001c,8161,8127,0,fffffff200000103,0,0
923,923,0,8127,0,0,2001,001c,8193,8127,0,fffffff200000103,0,0
924,924,0,8127,0,0,1fe2,001c,8162,8127,0,fffffff200000103,0,0
925,925,0,8127,0,0,2009,001c,8201,8127,0,fffffff200000103,0,0
926,926,0,8127,0,0,2002,001c,8194,8127,0,fffffff200000103,0,0
927,927,0,8127,0,0,1fee,001c,8174,8127,0,fffffff200000103,0,0
928,928,0,8127,0,0,1fed,001c,8173,8127,0,fffffff200000103,0,0
929,929,0,8127,0,0,2011,001c,8241,8127,0,fffffff200000103,0,0
930,930,0,8127,0,0,2002,001c,8194,8127,0,fffffff200000103,0,0
931,931,0,8127,0,0,201b,001c,8219,8127,0,fffffff200000103,0,0
932,932,0,8127,0,0,1fbf,001c,16319,8127,0,fffffff200000103,0,0
933,933,0,8127,0,0,3fbf,001c,16319,8127,0,fffffff200000103,0,0
934,934,0,8127,0,0,3056,001c,8214,8127,0,fffffff200000103,0,0
935,935,0,8127,0,0,1ff1,001c,8177,8127,0,fffffff200000103,0,0
936,936,0,8127,0,0,1ff1,001c,8177,8127,0,fffffff200000103,0,0
937,937,0,8127,0,0,200f,001c,8207,8127,0,fffffff200000103,0,0
938,938,0,8127,0,0,2bcb,001c,8203,8127,0,fffffff200000103,0,0
939,939,0,8127,0,0,1fe7,001c,8167,8127,0,fffffff200000103,0,0
940,940,0,8127,0,0,2033,001c,8243,8127,0,fffffff200000103,0,0
941,941,0,8127,0,0,1ff9,001c,8185,8127,0,fffffff200000103,0,0
942,942,0,8127,0,0,1fdb,001c,8155,8127,0,fffffff200000103,0,0
943,943,0,8127,0,0,1ff9,001c,8185,8127,0,fffffff200000103,0,0
944,944,0,8127,0,0,1ffd,001c,8189,8127,0,fffffff200000103,0,0
945,945,0,8127,0,0,1fe4,001c,8164,8127,0,fffffff200000103,0,0
946,946,0,8127,0,0,200c,001c,8204,8127,0,fffffff200000103,0,0
947,947,0,8127,0,0,2007,001c,8199,8127,0,fffffff200000103,0,0
948,948,0,8127,0,0,1fdc,001c,8156,8127,0,fffffff200000103,0,0
949,949,0,8127,0,0,1ff3,001c,8179,8127,0,fffffff200000103,0,0
950,950,0,8127,0,0,2013,001c,8211,8127,0,fffffff200000103,0,0
951,951,0,8127,0,0,1fe3,001c,8163,8127,0,fffffff200000103,0,0
952,952,0,8127,0,0,2012,001c,8210,8127,0,fffffff200000103,0,0
953,953,0,8127,0,0,1ffd,001c,8189,8127,0,fffffff200000103,0,0
954,954,0,8127,0,0,1feb,001c,8171,8127,0,fffffff200000103,0,0
955,955,0,8127,0,0,2006,001c,8198,8127,0,fffffff200000103,0,0
956,956,0,8127,0,0,2020,001c,8224,8127,0,fffffff200000103,0,0
957,957,0,8127,0,0,1fd4,001c,8148,8127,0,fffffff200000103,0,0
958,958,0,8127,0,0,1fe0,001c,8160,8127,0,fffffff200000103,0,0
959,959,0,8127,0,0,200e,001c,8206,8127,0,fffffff200000103,0,0
960,960,0,8127,0,0,200a,001c,8202,8127,0,fffffff200000103,0,0
961,961,0,8127,0,0,1fd5,001c,8149,8127,0,fffffff200000103,0,0
962,962,0,8127,0,0,2011,001c,8209,8127,0,fffffff200000103,0,0
963,963,0,8127,0,0,1fde,001c,8158,8127,0,fffffff200000103,0,0
964,964,0,8127,0,0,1ffa,001c,8186,8127,0,fffffff200000103,0,0
965,965,0,8127,0,0,2035,001c,8245,8127,0,fffffff200000103,0,0
966,966,0,8127,0,0,1fed,001c,8173,8127,0,fffffff200000103,0,0
967,967,0,8127,0,0,1fe9,001c,8169,8127,0,fffffff200000103,0,0
968,968,0,8127,0,0,2fb1,001c,16369,8127,0,fffffff200000103,0,0
969,969,0,8127,0,0,201d,001c,8221,8127,0,fffffff200000103,0,0
970,970,0,8127,0,0,3fdd,001c,12253,8127,0,fffffff200000103,0,0
971,971,0,8127,0,0,1fe6,001c,8166,8127,0,fffffff200000103,0,0
972,972,0,8127,0,0,3fe2,001c,8162,8127,0,fffffff200000103,0,0
973,973,0,8127,0,0,2b02,001c,8450,8127,0,fffffff200000103,0,0
974,974,0,8127,0,0,1fd7,001c,8151,8127,0,fffffff200000103,0,0
975,975,0,8127,0,0,2014,001c,8212,8127,0,fffffff200000103,0,0
976,976,0,8127,0,0,201f,001c,8223,8127,0,fffffff200000103,0,0
977,977,0,8127,0,0,1fe3,001c,8163,8127,0,fffffff200000103,0,0
978,978,0,8127,0,0,1fe1,001c,8161,8127,0,fffffff200000103,0,0
979,979,0,8127,0,0,2018,001c,8216,8127,0,fffffff200000103,0,0
980,980,0,8127,0,0,1ff5,001c,8181,8127,0,fffffff200000103,0,0
981,981,0,8127,0,0,1fe2,001c,8162,8127,0,fffffff200000103,0,0
982,982,0,8127,0,0,1ff0,001c,8176,8127,0,fffffff200000103,0,0
983,983,0,8127,0,0,2019,001c,8217,8127,0,fffffff200000103,0,0
984,984,0,8127,0,0,1fe6,001c,8166,8127,0,fffffff200000103,0,0
985,985,0,8127,0,0,2024,001c,8228,8127,0,fffffff200000103,0,0
986,986,0,8127,0,0,1feb,001c,8171,8127,0,fffffff200000103,0,0
987,987,0,8127,0,0,1ff8,001c,8184,8127,0,fffffff200000103,0,0
988,988,0,8127,0,0,1fe7,001c,8167,8127,0,fffffff200000103,0,0
989,989,0,8127,0,0,200e,001c,8206,8127,0,fffffff200000103,0,0
990,990,0,8127,0,0,1ff6,001c,8182,8127,0,fffffff200000103,0,0
991,991,0,8127,0,0,1ff1,001c,8177,8127,0,fffffff200000103,0,0
992,992,0,8127,0,0,1ff1,001c,8177,8127,0,fffffff200000103,0,0
993,993,0,8127,0,0,2017,001c,8215,8127,0,fffffff200000103,0,0
994,994,0,8127,0,0,1fdd,001c,8157,8127,0,fffffff200000103,0,0
995,995,0,8127,0,0,200a,001c,8202,8127,0,fffffff200000103,0,0
996,996,0,8127,0,0,1ff1,001c,8177,8127,0,fffffff200000103,0,0
997,997,0,8127,0,0,1ff4,001c,8180,8127,0,fffffff200000103,0,0
998,998,0,8127,0,0,1feb,001c,8171,8127,0,fffffff200000103,0,0
999,999,0,8127,0,0,2012,001c,8210,8127,0,fffffff200000103,0,0
1000,1000,0,8127,0,0,1fec,001c,8172,8127,0,fffffff200000103,0,0
1001,1001,0,8127,0,0,2037,001c,10815,8127,0,fffffff200000103,0,0
1002,1002,0,8127,0,0,2016,001c,8214,8127,0,fffffff200000103,0,0
1003,1003,0,8127,0,0,2013,001c,8211,8127,0,fffffff200000103,0,0
1004,1004,0,8127,0,0,1fdd,001c,16349,8127,0,fffffff200000103,0,0
1005,1005,0,8127,0,0,3fdd,001c,16348,8127,0,fffffff200000103,0,0
1006,1006,0,8127,0,0,2051,001c,8209,8127,0,fffffff200000103,0,0
1007,1007,0,8127,0,0,1ffa,001c,8186,8127,0,fffffff200000103,0,0
1008,1008,0,8127,0,0,2019,001c,8217,8127,0,fffffff200000103,0,0
1009,1009,0,8127,0,0,2000,001c,8192,8127,0,fffffff200000103,0,0
1010,1010,0,8127,0,0,1fff,001c,8191,8127,0,fffffff200000103,0,0
1011,1011,0,8127,0,0,1fe0,001c,8160,8127,0,fffffff200000103,0,0
1012,1012,0,8127,0,0,201e,001c,8222,8127,0,fffffff200000103,0,0
1013,1013,0,8127,0,0,1ff9,001c,8185,8127,0,fffffff200000103,0,0
1014,1014,0,8127,0,0,1ff4,001c,8180,8127,0,fffffff200000103,0,0
1015,1015,0,8127,0,0,1ffa,001c,8186,8127,0,fffffff200000103,0,0
1016,1016,0,8127,0,0,2000,001c,8192,8127,0,fffffff200000103,0,0
1017,1017,0,8127,0,0,1fd0,001c,8144,8127,0,fffffff200000103,0,0
1018,1018,0,8127,0,0,2016,001c,8214,8127,0,fffffff200000103,0,0
1019,1019,0,8127,0,0,1fd0,001c,8144,8127,0,fffffff200000103,0,0
1020,1020,0,8127,0,0,1fed,001c,8173,8127,0,fffffff200000103,0,0
1021,1021,0,8127,0,0,200a,001c,8202,8127,0,fffffff200000103,0,0
1022,1022,0,8127,0,0,1fe3,001c,8163,8127,0,fffffff200000103,0,0
1023,1023,0,8127,0,0,1ff5,001c,8181,8127,0,fffffff200000103,0,0
1024,1024,0,8127,0,0,2019,001c,8217,8127,0,fffffff200000103,0,0
1025,1025,0,8127,0,0,1fdb,001c,8155,8127,0,fffffff200000103,0,0
1026,1026,0,8127,0,0,201f,001c,8223,8127,0,fffffff200000103,0,0
1027,1027,0,8127,0,0,1fe5,001c,8165,8127,0,fffffff200000103,0,0
1028,1028,0,8127,0,0,2012,001c,8210,8127,0,fffffff200000103,0,0
1029,1029,0,8127,0,0,1ff2,001c,8178,8127,0,fffffff200000103,0,0
1030,1030,0,8127,0,0,1fef,001c,8175,8127,0,fffffff200000103,0,0
1031,1031,0,8127,0,0,2021,001c,8225,8127,0,fffffff200000103,0,0
1032,1032,0,8127,0,0,1fde,001c,8158,8127,0,fffffff200000103,0,0
1033,1033,0,8127,0,0,1fdd,001c,8157,8127,0,fffffff200000103,0,0
1034,1034,0,8127,0,0,2004,001c,8196,8127,0,fffffff200000103,0,0
1035,1035,0,8127,0,0,200d,001c,8205,8127,0,fffffff200000103,0,0
1036,1036,0,8127,0,0,1ffd,001c,8189,8127,0,fffffff200000103,0,0
1037,1037,0,8127,0,0,1fd8,001c,8184,8127,0,fffffff200000103,0,0
1038,1038,0,8127,0,0,2019,001c,11929,8127,0,fffffff200000103,0,0
1039,1039,0,8127,0,0,1ffd,001c,16381,8127,0,fffffff200000103,0,0
1040,1040,0,8127,0,0,1ffc,001c,8188,8127,0,fffffff200000103,0,0
1041,1041,0,8127,0,0,3ff6,001c,16374,8127,0,fffffff200000103,0,0
1042,1042,0,8127,0,0,2012,001c,8210,8127,0,fffffff200000103,0,0
1043,1043,0,8127,0,0,1fee,001c,8174,8127,0,fffffff200000103,0,0
1044,1044,0,8127,0,0,2008,001c,8200,8127,0,fffffff200000103,0,0
1045,1045,0,8127,0,0,1fff,001c,8175,8127,0,fffffff200000103,0,0
1046,1046,0,8127,0,0,1fdf,001c,8159,8127,0,fffffff200000103,0,0
1047,1047,0,8127,0,0,2016,001c,8214,8127,0,fffffff200000103,0,0
1048,1048,0,8127,0,0,1ff2,001c,8178,8127,0,fffffff200000103,0,0
1049,1049,0,8127,0,0,200e,001c,8206,8127,0,fffffff200000103,0,0
1050,1050,0,8127,0,0,1feb,001c,8171,8127,0,fffffff200000103,0,0
1051,1051,0,8127,0,0,1fe4,001c,8164,8127,0,fffffff200000103,0,0
1052,1052,0,8127,0,0,2006,001c,8198,8127,0,fffffff200000103,0,0
1053,1053,0,8127,0,0,1fe9,001c,8169,8127,0,fffffff200000103,0,0
1054,1054,0,8127,0,0,2035,001c,8245,8127,0,fffffff200000103,0,0
1055,1055,0,8127,0,0,1fa9,001c,8105,8127,0,fffffff200000103,0,0
1056,1056,0,8127,0,0,201d,001c,8221,8127,0,fffffff200000103,0,0
1057,1057,0,8127,0,0,2041,001c,8257,8127,0,fffffff200000103,0,0
1058,1058,0,8127,0,0,1fd5,001c,8149,8127,0,fffffff200000103,0,0
1059,1059,0,8127,0,0,2016,001c,8214,8127,0,fffffff200000103,0,0
1060,1060,0,8127,0,0,1fdf,001c,8159,8127,0,fffffff200000103,0,0
1061,1061,0,8127,0,0,2018,001c,8216,8127,0,fffffff200000103,0,0
1062,1062,0,8127,0,0,2002,001c,8194,8127,0,fffffff200000103,0,0
1063,1063,0,8127,0,0,1fed,001c,8173,8127,0,fffffff200000103,0,0
1064,1064,0,8127,0,0,2007,001c,8199,8127,0,fffffff200000103,0,0
1065,1065,0,8127,0,0,1fe8,001c,8168,8127,0,fffffff200000103,0,0
1066,1066,0,8127,0,0,2005,001c,8197,8127,0,fffffff200000103,0,0
1067,1067,0,8127,0,0,1fdd,001c,8157,8127,0,fffffff200000103,0,0
1068,1068,0,8127,0,0,1ffe,001c,8190,8127,0,fffffff200000103,0,0
1069,1069,0,8127,0,0,1ff8,001c,8184,8127,0,fffffff200000103,0,0
1070,1070,0,8127,0,0,1ff0,001c,8176,8127,0,fffffff200000103,0,0
1071,1071,0,8127,0,0,202b,001c,8235,8127,0,fffffff200000103,0,0
1072,1072,0,8127,0,0,1fd4,001c,8180,8127,0,fffffff200000103,0,0
1073,1073,0,8127,0,0,1fec,001c,8172,8127,0,fffffff200000103,0,0
1074,1074,0,8127,0,0,2439,001c,12285,8127,0,fffffff200000103,0,0
1075,1075,0,8127,0,0,1ff7,001c,16343,8127,0,fffffff200000103,0,0
1076,1076,0,8127,0,0,3fe7,001c,16359,8127,0,fffffff200000103,0,0
1077,1077,0,8127,0,0,3b57,001c,8199,8127,0,fffffff200000103,0,0
1078,1078,0,8127,0,0,1ff9,001c,8153,8127,0,fffffff200000103,0,0
1079,1079,0,8127,0,0,1ff3,001c,8179,8127,0,fffffff200000103,0,0
1080,1080,0,8127,0,0,1ff3,001c,8179,8127,0,fffffff200000103,0,0
1081,1081,0,8127,0,0,2016,001c,8214,8127,0,fffffff200000103,0,0
1082,1082,0,8127,0,0,2016,001c,8214,8127,0,fffffff200000103,0,0
1083,1083,0,8127,0,0,1ffb,001c,8187,8127,0,fffffff200000103,0,0
1084,1084,0,8127,0,0,1fcd,001c,8141,8127,0,fffffff200000103,0,0
1085,1085,0,8127,0,0,2008,001c,8200,8127,0,fffffff200000103,0,0
1086,1086,0,8127,0,0,2006,001c,8198,8127,0,fffffff200000103,0,0
1087,1087,0,8127,0,0,1ffd,001c,8189,8127,0,fffffff200000103,0,0
1088,1088,0,8127,0,0,1fd2,001c,8146,8127,0,fffffff200000103,0,0
1089,1089,0,8127,0,0,200c,001c,8204,8127,0,fffffff200000103,0,0
1090,1090,0,8127,0,0,1fed,001c,8173,8127,0,fffffff200000103,0,0
1091,1091,0,8127,0,0,201d,001c,8221,8127,0,fffffff200000103,0,0
1092,1092,0,8127,0,0,1fd3,001c,8147,8127,0,fffffff200000103,0,0
1093,1093,0,8127,0,0,2003,001c,8195,8127,0,fffffff200000103,0,0
1094,1094,0,8127,0,0,1feb,001c,8171,8127,0,fffffff200000103,0,0
1095,1095,0,8127,0,0,1ff7,001c,8183,8127,0,fffffff200000103,0,0
1096,1096,0,8127,0,0,1ffb,001c,8187,8127,0,fffffff200000103,0,0
1097,1097,0,8127,0,0,1fed,001c,8173,8127,0,fffffff200000103,0,0
1098,1098,0,8127,0,0,2007,001c,8199,8127,0,fffffff200000103,0,0
1099,1099,0,8127,0,0,2002,001c,8194,8127,0,fffffff200000103,0,0
1100,1100,0,8127,0,0,1fca,001c,8138,8127,0,fffffff200000103,0,0
1101,1101,0,8127,0,0,2025,001c,8229,8127,0,fffffff200000103,0,0
1102,1102,0,8127,0,0,1fde,001c,8158,8127,0,fffffff200000103,0,0
1103,1103,0,8127,0,0,1feb,001c,8171,8127,0,fffffff200000103,0,0
1104,1104,0,8127,0,0,2015,001c,8213,8127,0,fffffff200000103,0,0
1105,1105,0,8127,0,0,2004,001c,8196,8127,0,fffffff200000103,0,0
1106,1106,0,8127,0,0,1ff6,001c,8182,8127,0,fffffff200000103,0,0
1107,1107,0,8127,0,0,1ff5,001c,8181,8127,0,fffffff200000103,0,0
1108,1108,0,8127,0,0,1fff,001c,8191,8127,0,fffffff200000103,0,0
1109,1109,0,8127,0,0,1ff5,001c,8181,8127,0,fffffff200000103,0,0
1110,1110,0,8127,0,0,1ffe,001c,8191,8127,0,fffffff200000103,0,0
1111,1111,0,8127,0,0,1ffe,001c,8190,8127,0,fffffff200000103,0,0
1112,1112,0,8127,0,0,3fff,001c,16383,8127,0,fffffff200000103,0,0
1113,1113,0,8127,0,0,335d,001c,8205,8127,0,fffffff200000103,0,0
1114,1114,0,8127,0,0,1ffe,001c,8190,8127,0,fffffff200000103,0,0
1115,1115,0,8127,0,0,1ff4,001c,8180,8127,0,fffffff200000103,0,0
1116,1116,0,8127,0,0,2002,001c,8194,8127,0,fffffff200000103,0,0
1117,1117,0,8127,0,0,2007,001c,8199,8127,0,fffffff200000103,0,0
1118,1118,0,8127,0,0,2057,001c,8199,8127,0,fffffff200000103,0,0
1119,1119,0,8127,0,0,1ffd,001c,8189,8127,0,fffffff200000103,0,0
1120,1120,0,8127,0,0,2012,001c,8210,8127,0,fffffff200000103,0,0
1121,1121,0,8127,0,0,1ffd,001c,8189,8127,0,fffffff200000103,0,0
1122,1122,0,8127,0,0,1fda,001c,8154,8127,0,fffffff200000103,0,0
1123,1123,0,8127,0,0,2016,001c,8214,8127,0,fffffff200000103,0,0
1124,1124,0,8127,0,0,1ff2,001c,8178,8127,0,fffffff200000103,0,0
1125,1125,0,8127,0,0,1ff5,001c,8181,8127,0,fffffff200000103,0,0
1126,1126,0,8127,0,0,201e,001c,8222,8127,0,fffffff200000103,0,0
1127,1127,0,8127,0,0,1ffe,001c,8190,8127,0,fffffff200000103,0,0
1128,1128,0,8127,0,0,1fef,001c,8175,8127,0,fffffff200000103,0,0
1129,1129,0,8127,0,0,1ff5,001c,8181,8127,0,fffffff200000103,0,0
1130,1130,0,8127,0,0,2006,001c,8198,8127,0,fffffff200000103,0,0
1131,1131,0,8127,0,0,1feb,001c,8171,8127,0,fffffff200000103,0,0
1132,1132,0,8127,0,0,202d,001c,8237,8127,0,fffffff200000103,0,0
1133,1133,0,8127,0,0,1ff1,001c,8177,8127,0,fffffff200000103,0,0
1134,1134,0,8127,0,0,2003,001c,8195,8127,0,fffffff200000103,0,0
1135,1135,0,8127,0,0,1ffa,001c,8186,8127,0,fffffff200000103,0,0
1136,1136,0,8127,0,0,1fdc,001c,8156,8127,0,fffffff200000103,0,0
1137,1137,0,8127,0,0,1fce,001c,8142,8127,0,fffffff200000103,0,0
1138,1138,0,8127,0,0,2008,001c,8200,8127,0,fffffff200000103,0,0
1139,1139,0,8127,0,0,1ff4,001c,8180,8127,0,fffffff200000103,0,0
1140,1140,0,8127,0,0,1ff1,001c,8177,8127,0,fffffff200000103,0,0
1141,1141,0,8127,0,0,1fdc,001c,8156,8127,0,fffffff200000103,0,0
1142,1142,0,8127,0,0,2032,001c,8242,8127,0,fffffff200000103,0,0
1143,1143,0,8127,0,0,1fc2,001c,8130,8127,0,fffffff200000103,0,0
1144,1144,0,8127,0,0,1ff6,001c,8182,8127,0,fffffff200000103,0,0
1145,1145,0,8127,0,0,2028,001c,11946,8127,0,fffffff200000103,0,0
1146,1146,0,8127,0,0,200f,001c,8207,8127,0,fffffff200000103,0,0
1147,1147,0,8127,0,0,1fdf,001c,16351,8127,0,fffffff200000103,0,0
1148,1148,0,8127,0,0,3fdc,001c,16348,8127,0,fffffff200000103,0,0
1149,1149,0,8127,0,0,2000,001c,8192,8127,0,fffffff200000103,0,0
1150,1150,0,8127,0,0,201b,001c,8219,8127,0,fffffff200000103,0,0
1151,1151,0,8127,0,0,2fdb,001c,12251,8127,0,fffffff200000103,0,0
1152,1152,0,8127,0,0,1fea,001c,8170,8127,0,fffffff200000103,0,0
1153,1153,0,8127,0,0,2009,001c,8201,8127,0,fffffff200000103,0,0
1154,1154,0,8127,0,0,1fdc,001c,8156,8127,0,fffffff200000103,0,0
1155,1155,0,8127,0,0,1fe5,001c,8165,8127,0,fffffff200000103,0,0
1156,1156,0,8127,0,0,2022,001c,8226,8127,0,fffffff200000103,0,0
1157,1157,0,8127,0,0,1fee,001c,8174,8127,0,fffffff200000103,0,0
1158,1158,0,8127,0,0,1fe9,001c,8169,8127,0,fffffff200000103,0,0
1159,1159,0,8127,0,0,200f,001c,8207,8127,0,fffffff200000103,0,0
1160,1160,0,8127,0,0,1ffd,001c,8189,8127,0,fffffff200000103,0,0
1161,1161,0,8127,0,0,1fe9,001c,8169,8127,0,fffffff200000103,0,0
1162,1162,0,8127,0,0,200a,001c,8202,8127,0,fffffff200000103,0,0
1163,1163,0,8127,0,0,2033,001c,8243,8127,0,fffffff200000103,0,0
1164,1164,0,8127,0,0,1fa9,001c,8105,8127,0,fffffff200000103,0,0
1165,1165,0,8127,0,0,1fe3,001c,8163,8127,0,fffffff200000103,0,0
1166,1166,0,8127,0,0,204b,001c,8267,8127,0,fffffff200000103,0,0
1167,1167,0,8127,0,0,1fca,001c,8138,8127,0,fffffff200000103,0,0
1168,1168,0,8127,0,0,201b,001c,8219,8127,0,fffffff200000103,0,0
1169,1169,0,8127,0,0,2022,001c,8226,8127,0,fffffff200000103,0,0
1170,1170,0,8127,0,0,1fb4,001c,8116,8127,0,fffffff200000103,0,0
1171,1171,0,8127,0,0,1fff,001c,8191,8127,0,fffffff200000103,0,0
1172,1172,0,8127,0,0,202f,001c,8239,8127,0,fffffff200000103,0,0
1173,1173,0,8127,0,0,1fc5,001c,8133,8127,0,fffffff200000103,0,0
1174,1174,0,8127,0,0,2004,001c,8196,8127,0,fffffff200000103,0,0
1175,1175,0,8127,0,0,2009,001c,8201,8127,0,fffffff200000103,0,0
1176,1176,0,8127,0,0,1ffd,001c,8189,8127,0,fffffff200000103,0,0
1177,1177,0,8127,0,0,1fed,001c,8173,8127,0,fffffff200000103,0,0
1178,1178,0,8127,0,0,201e,001c,8222,8127,0,fffffff200000103,0,0
1179,1179,0,8127,0,0,1ff7,001c,8183,8127,0,fffffff200000103,0,0
1180,1180,0,8127,0,0,1fd9,001c,8185,8127,0,fffffff200000103,0,0
1181,1181,0,8127,0,0,1fec,001c,8172,8127,0,fffffff200000103,0,0
1182,1182,0,8127,0,0,26ad,001c,16365,8127,0,fffffff200000103,0,0
1183,1183,0,8127,0,0,1ffd,001c,16381,8127,0,fffffff200000103,0,0
1184,1184,0,8127,0,0,1fff,001c,8191,8127,0,fffffff200000103,0,0
1185,1185,0,8127,0,0,1fef,001c,8175,8127,0,fffffff200000103,0,0
1186,1186,0,8127,0,0,3fed,001c,8173,8127,0,fffffff200000103,0,0
1187,1187,0,8127,0,0,2b0c,001c,8972,8127,0,fffffff200000103,0,0
1188,1188,0,8127,0,0,1fda,001c,8154,8127,0,fffffff200000103,0,0
1189,1189,0,8127,0,0,2053,001c,8275,8127,0,fffffff200000103,0,0
1190,1190,0,8127,0,0,1fed,001c,8173,8127,0,fffffff200000103,0,0
1191,1191,0,8127,0,0,1ff6,001c,8182,8127,0,fffffff200000103,0,0
1192,1192,0,8127,0,0,1fe6,001c,8166,8127,0,fffffff200000103,0,0
1193,1193,0,8127,0,0,200e,001c,8206,8127,0,fffffff200000103,0,0
1194,1194,0,8127,0,0,1ff5,001c,8181,8127,0,fffffff200000103,0,0
1195,1195,0,8127,0,0,1ffa,001c,8186,8127,0,fffffff200000103,0,0
1196,1196,0,8127,0,0,1ff0,001c,8176,8127,0,fffffff200000103,0,0
1197,1197,0,8127,0,0,2011,001c,8209,8127,0,fffffff200000103,0,0
1198,1198,0,8127,0,0,1fe9,001c,8169,8127,0,fffffff200000103,0,0
1199,1199,0,8127,0,0,2003,001c,8195,8127,0,fffffff200000103,0,0
1200,1200,0,8127,0,0,1fd7,001c,8151,8127,0,fffffff200000103,0,0
1201,1201,0,8127,0,0,2012,001c,8210,8127,0,fffffff200000103,0,0
1202,1202,0,8127,0,0,2018,001c,8216,8127,0,fffffff200000103,0,0
1203,1203,0,8127,0,0,1ffc,001c,8188,8127,0,fffffff200000103,0,0
1204,1204,0,8127,0,0,1fcd,001c,8141,8127,0,fffffff200000103,0,0
1205,1205,0,8127,0,0,2014,001c,8212,8127,0,fffffff200000103,0,0
1206,1206,0,8127,0,0,1fed,001c,8173,8127,0,fffffff200000103,0,0
1207,1207,0,8127,0,0,2001,001c,8193,8127,0,fffffff200000103,0,0
1208,1208,0,8127,0,0,1fed,001c,8173,8127,0,fffffff200000103,0,0
1209,1209,0,8127,0,0,2007,001c,8199,8127,0,fffffff200000103,0,0
1210,1210,0,8127,0,0,1fdd,001c,8157,8127,0,fffffff200000103,0,0
1211,1211,0,8127,0,0,2012,001c,8210,8127,0,fffffff200000103,0,0
1212,1212,0,8127,0,0,1fe2,001c,8162,8127,0,fffffff200000103,0,0
1213,1213,0,8127,0,0,1fe8,001c,8168,8127,0,fffffff200000103,0,0
1214,1214,0,8127,0,0,1ff3,001c,8179,8127,0,fffffff200000103,0,0
1215,1215,0,8127,0,0,2002,001c,8194,8127,0,fffffff200000103,0,0
1216,1216,0,8127,0,0,1fef,001c,8175,8127,0,fffffff200000103,0,0
1217,1217,0,8127,0,0,242e,001c,12271,8127,0,fffffff200000103,0,0
1218,1218,0,8127,0,0,1fd5,001c,16341,8127,0,fffffff200000103,0,0
1219,1219,0,8127,0,0,3fd5,001c,16341,8127,0,fffffff200000103,0,0
1220,1220,0,8127,0,0,3b51,001c,8193,8127,0,fffffff200000103,0,0
1221,1221,0,8127,0,0,3fd2,001c,8146,8127,0,fffffff200000103,0,0
1222,1222,0,8127,0,0,2047,001c,8263,8127,0,fffffff200000103,0,0
1223,1223,0,8127,0,0,1fef,001c,8175,8127,0,fffffff200000103,0,0
1224,1224,0,8127,0,0,1fff,001c,8191,8127,0,fffffff200000103,0,0
1225,1225,0,8127,0,0,1ffd,001c,8189,8127,0,fffffff200000103,0,0
1226,1226,0,8127,0,0,2009,001c,8201,8127,0,fffffff200000103,0,0
1227,1227,0,8127,0,0,1fd3,001c,8147,8127,0,fffffff200000103,0,0
1228,1228,0,8127,0,0,2005,001c,8197,8127,0,fffffff200000103,0,0
1229,1229,0,8127,0,0,1fe0,001c,8160,8127,0,fffffff200000103,0,0
1230,1230,0,8127,0,0,1fff,001c,8191,8127,0,fffffff200000103,0,0
1231,1231,0,8127,0,0,1fc6,001c,8134,8127,0,fffffff200000103,0,0
1232,1232,0,8127,0,0,2041,001c,8257,8127,0,fffffff200000103,0,0
1233,1233,0,8127,0,0,1fe6,001c,8166,8127,0,fffffff200000103,0,0
1234,1234,0,8127,0,0,1fd1,001c,8145,8127,0,fffffff200000103,0,0
1235,1235,0,8127,0,0,200e,001c,8206,8127,0,fffffff200000103,0,0
1236,1236,0,8127,0,0,200e,001c,8206,8127,0,fffffff200000103,0,0
1237,1237,0,8127,0,0,1fda,001c,8154,8127,0,fffffff200000103,0,0
1238,1238,0,8127,0,0,2025,001c,8229,8127,0,fffffff200000103,0,0
1239,1239,0,8127,0,0,1fda,001c,8154,8127,0,fffffff200000103,0,0
1240,1240,0,8127,0,0,1ff6,001c,8182,8127,0,fffffff200000103,0,0
1241,1241,0,8127,0,0,2011,001c,8209,8127,0,fffffff200000103,0,0
1242,1242,0,8127,0,0,1fea,001c,8170,8127,0,fffffff200000103,0,0
1243,1243,0,8127,0,0,1ff4,001c,8180,8127,0,fffffff200000103,0,0
1244,1244,0,8127,0,0,1ff2,001c,8178,8127,0,fffffff200000103,0,0
1245,1245,0,8127,0,0,1fed,001c,8173,8127,0,fffffff200000103,0,0
1246,1246,0,8127,0,0,1fe4,001c,8164,8127,0,fffffff200000103,0,0
1247,1247,0,8127,0,0,1ff5,001c,8181,8127,0,fffffff200000103,0,0
1248,1248,0,8127,0,0,2018,001c,8216,8127,0,fffffff200000103,0,0
1249,1249,0,8127,0,0,1fe7,001c,8167,8127,0,fffffff200000103,0,0
1250,1250,0,8127,0,0,1ff2,001c,8178,8127,0,fffffff200000103,0,0
1251,1251,0,8127,0,0,200a,001c,8202,8127,0,fffffff200000103,0,0
1252,1252,0,8127,0,0,1fe3,001c,8171,8127,0,fffffff200000103,0,0
1253,1253,0,8127,0,0,24ab,001c,16363,8127,0,fffffff200000103,0,0
1254,1254,0,8127,0,0,200d,001c,8205,8127,0,fffffff200000103,0,0
1255,1255,0,8127,0,0,200d,001c,8205,8127,0,fffffff200000103,0,0
1256,1256,0,8127,0,0,3fcc,001c,12236,8127,0,fffffff200000103,0,0
1257,1257,0,8127,0,0,1ff4,001c,8180,8127,0,fffffff200000103,0,0
1258,1258,0,8127,0,0,1ff4,001c,8180,8127,0,fffffff200000103,0,0
1259,1259,0,8127,0,0,2006,001c,8198,8127,0,fffffff200000103,0,0
1260,1260,0,8127,0,0,1fdc,001c,8156,8127,0,fffffff200000103,0,0
1261,1261,0,8127,0,0,1ffb,001c,8187,8127,0,fffffff200000103,0,0
1262,1262,0,8127,0,0,1ff8,001c,8184,8127,0,fffffff200000103,0,0
1263,1263,0,8127,0,0,1fe7,001c,8167,8127,0,fffffff200000103,0,0
1264,1264,0,8127,0,0,2017,001c,8215,8127,0,fffffff200000103,0,0
1265,1265,0,8127,0,0,1fe2,001c,8162,8127,0,fffffff200000103,0,0
1266,1266,0,8127,0,0,1ff9,001c,8185,8127,0,fffffff200000103,0,0
1267,1267,0,8127,0,0,1fa1,001c,8097,8127,0,fffffff200000103,0,0
1268,1268,0,8127,0,0,1ff7,001c,8183,8127,0,fffffff200000103,0,0
1269,1269,0,8127,0,0,202b,001c,8235,8127,0,fffffff200000103,0,0
1270,1270,0,8127,0,0,1fcd,001c,8141,8127,0,fffffff200000103,0,0
1271,1271,0,8127,0,0,2012,001c,8210,8127,0,fffffff200000103,0,0
1272,1272,0,8127,0,0,201c,001c,8220,8127,0,fffffff200000103,0,0
1273,1273,0,8127,0,0,1fc2,001c,8130,8127,0,fffffff200000103,0,0
1274,1274,0,8127,0,0,2006,001c,8198,8127,0,fffffff200000103,0,0
1275,1275,0,8127,0,0,2009,001c,8201,8127,0,fffffff200000103,0,0
1276,1276,0,8127,0,0,1ff5,001c,8181,8127,0,fffffff200000103,0,0
1277,1277,0,8127,0,0,1fee,001c,8174,8127,0,fffffff200000103,0,0
1278,1278,0,8127,0,0,2001,001c,8193,8127,0,fffffff200000103,0,0
1279,1279,0,8127,0,0,201b,001c,8219,8127,0,fffffff200000103,0,0
1280,1280,0,8127,0,0,1fb9,001c,8121,8127,0,fffffff200000103,0,0
1281,1281,0,8127,0,0,200f,001c,8207,8127,0,fffffff200000103,0,0
1282,1282,0,8127,0,0,1fee,001c,8174,8127,0,fffffff200000103,0,0
1283,1283,0,8127,0,0,1fec,001c,8172,8127,0,fffffff200000103,0,0
1284,1284,0,8127,0,0,2021,001c,8225,8127,0,fffffff200000103,0,0
1285,1285,0,8127,0,0,1ff2,001c,8178,8127,0,fffffff200000103,0,0
1286,1286,0,8127,0,0,1fe9,001c,8169,8127,0,fffffff200000103,0,0
1287,1287,0,8127,0,0,1ffe,001c,8190,8127,0,fffffff200000103,0,0
1288,1288,0,8127,0,0,203d,001c,11965,8127,0,fffffff200000103,0,0
1289,1289,0,8127,0,0,1fb9,001c,16317,8127,0,fffffff200000103,0,0
1290,1290,0,8127,0,0,3fba,001c,16314,8127,0,fffffff200000103,0,0
1291,1291,0,8127,0,0,2002,001c,8194,8127,0,fffffff200000103,0,0
1292,1292,0,8127,0,0,3f42,001c,12098,8127,0,fffffff200000103,0,0
1293,1293,0,8127,0,0,3fd9,001c,8153,8127,0,fffffff200000103,0,0
1294,1294,0,8127,0,0,2011,001c,8209,8127,0,fffffff200000103,0,0
1295,1295,0,8127,0,0,1fee,001c,8174,8127,0,fffffff200000103,0,0
1296,1296,0,8127,0,0,1fef,001c,8175,8127,0,fffffff200000103,0,0
1297,1297,0,8127,0,0,1fef,001c,8175,8127,0,fffffff200000103,0,0
1298,1298,0,8127,0,0,1fd8,001c,8152,8127,0,fffffff200000103,0,0
1299,1299,0,8127,0,0,2045,001c,8261,8127,0,fffffff200000103,0,0
1300,1300,0,8127,0,0,1fd7,001c,8151,8127,0,fffffff200000103,0,0
1301,1301,0,8127,0,0,1ff4,001c,8180,8127,0,fffffff200000103,0,0
1302,1302,0,8127,0,0,2002,001c,8194,8127,0,fffffff200000103,0,0
1303,1303,0,8127,0,0,1fe1,001c,8161,8127,0,fffffff200000103,0,0
1304,1304,0,8127,0,0,1fed,001c,8173,8127,0,fffffff200000103,0,0
1305,1305,0,8127,0,0,1fec,001c,8172,8127,0,fffffff200000103,0,0
1306,1306,0,8127,0,0,2006,001c,8198,8127,0,fffffff200000103,0,0
1307,1307,0,8127,0,0,1fe8,001c,8168,8127,0,fffffff200000103,0,0
1308,1308,0,8127,0,0,200d,001c,8205,8127,0,fffffff200000103,0,0
1309,1309,0,8127,0,0,2002,001c,8194,8127,0,fffffff200000103,0,0
1310,1310,0,8127,0,0,1fe7,001c,8167,8127,0,fffffff200000103,0,0
1311,1311,0,8127,0,0,2008,001c,8200,8127,0,fffffff200000103,0,0
1312,1312,0,8127,0,0,2017,001c,8215,8127,0,fffffff200000103,0,0
1313,1313,0,8127,0,0,1fe5,001c,8165,8127,0,fffffff200000103,0,0
1314,1314,0,8127,0,0,1ff9,001c,8185,8127,0,fffffff200000103,0,0
1315,1315,0,8127,0,0,1ff0,001c,8176,8127,0,fffffff200000103,0,0
1316,1316,0,8127,0,0,1ff7,001c,8183,8127,0,fffffff200000103,0,0
1317,1317,0,8127,0,0,1ffd,001c,8189,8127,0,fffffff200000103,0,0
1318,1318,0,8127,0,0,2036,001c,8246,8127,0,fffffff200000103,0,0
1319,1319,0,8127,0,0,1fd5,001c,8149,8127,0,fffffff200000103,0,0
1320,1320,0,8127,0,0,1fcf,001c,8143,8127,0,fffffff200000103,0,0
1321,1321,0,8127,0,0,2055,001c,8277,8127,0,fffffff200000103,0,0
1322,1322,0,8127,0,0,1fa6,001c,8102,8127,0,fffffff200000103,0,0
1323,1323,0,8127,0,0,2006,001c,8230,8127,0,fffffff200000103,0,0
1324,1324,0,8127,0,0,201c,001c,8220,8127,0,fffffff200000103,0,0
1325,1325,0,8127,0,0,1fff,001c,16383,8127,0,fffffff200000103,0,0
1326,1326,0,8127,0,0,1ffb,001c,8187,8127,0,fffffff200000103,0,0
1327,1327,0,8127,0,0,3ffa,001c,16378,8127,0,fffffff200000103,0,0
1328,1328,0,8127,0,0,201b,001c,8219,8127,0,fffffff200000103,0,0
1329,1329,0,8127,0,0,2a19,001c,8729,8127,0,fffffff200000103,0,0
1330,1330,0,8127,0,0,1fe7,001c,8167,8127,0,fffffff200000103,0,0
1331,1331,0,8127,0,0,1fff,001c,8191,8127,0,fffffff200000103,0,0
1332,1332,0,8127,0,0,1ffd,001c,8189,8127,0,fffffff200000103,0,0
1333,1333,0,8127,0,0,201d,001c,8221,8127,0,fffffff200000103,0,0
1334,1334,0,8127,0,0,2010,001c,8208,8127,0,fffffff200000103,0,0
1335,1335,0,8127,0,0,1fc4,001c,8132,8127,0,fffffff200000103,0,0
1336,1336,0,8127,0,0,1ff1,001c,8177,8127,0,fffffff200000103,0,0
1337,1337,0,8127,0,0,1ffe,001c,8190,8127,0,fffffff200000103,0,0
1338,1338,0,8127,0,0,2015,001c,8213,8127,0,fffffff200000103,0,0
1339,1339,0,8127,0,0,1fca,001c,8138,8127,0,fffffff200000103,0,0
1340,1340,0,8127,0,0,2009,001c,8201,8127,0,fffffff200000103,0,0
1341,1341,0,8127,0,0,2016,001c,8214,8127,0,fffffff200000103,0,0
1342,1342,0,8127,0,0,1fe7,001c,8167,8127,0,fffffff200000103,0,0
1343,1343,0,8127,0,0,200a,001c,8202,8127,0,fffffff200000103,0,0
1344,1344,0,8127,0,0,2007,001c,8199,8127,0,fffffff200000103,0,0
1345,1345,0,8127,0,0,1ffe,001c,8190,8127,0,fffffff200000103,0,0
1346,1346,0,8127,0,0,1fd9,001c,8153,8127,0,fffffff200000103,0,0
1347,1347,0,8127,0,0,1ffb,001c,8187,8127,0,fffffff200000103,0,0
1348,1348,0,8127,0,0,201f,001c,8223,8127,0,fffffff200000103,0,0
1349,1349,0,8127,0,0,1fcf,001c,8143,8127,0,fffffff200000103,0,0
1350,1350,0,8127,0,0,1ffa,001c,8186,8127,0,fffffff200000103,0,0
1351,1351,0,8127,0,0,1fe8,001c,8168,8127,0,fffffff200000103,0,0
1352,1352,0,8127,0,0,1fe6,001c,8166,8127,0,fffffff200000103,0,0
1353,1353,0,8127,0,0,2022,001c,8226,8127,0,fffffff200000103,0,0
1354,1354,0,8127,0,0,1fdb,001c,8155,8127,0,fffffff200000103,0,0
1355,1355,0,8127,0,0,2017,001c,8215,8127,0,fffffff200000103,0,0
1356,1356,0,8127,0,0,1ff6,001c,8182,8127,0,fffffff200000103,0,0
1357,1357,0,8127,0,0,1fde,001c,8158,8127,0,fffffff200000103,0,0
1358,1358,0,8127,0,0,2033,001c,8243,8127,0,fffffff200000103,0,0
1359,1359,0,8127,0,0,1fdf,001c,8191,8127,0,fffffff200000103,0,0
1360,1360,0,8127,0,0,1ff1,001c,8187,8127,0,fffffff200000103,0,0
1361,1361,0,8127,0,0,1ff7,001c,8183,8127,0,fffffff200000103,0,0
1362,1362,0,8127,0,0,3fff,001c,16383,8127,0,fffffff200000103,0,0
1363,1363,0,8127,0,0,3feb,001c,16331,8127,0,fffffff200000103,0,0
1364,1364,0,8127,0,0,1fff,001c,8191,8127,0,fffffff200000103,0,0
1365,1365,0,8127,0,0,1fdd,001c,8157,8127,0,fffffff200000103,0,0
1366,1366,0,8127,0,0,2026,001c,8230,8127,0,fffffff200000103,0,0
1367,1367,0,8127,0,0,1fde,001c,8150,8127,0,fffffff200000103,0,0
1368,1368,0,8127,0,0,1fee,001c,8174,8127,0,fffffff200000103,0,0
1369,1369,0,8127,0,0,2014,001c,8212,8127,0,fffffff200000103,0,0
1370,1370,0,8127,0,0,1fee,001c,8174,8127,0,fffffff200000103,0,0
1371,1371,0,8127,0,0,200d,001c,8205,8127,0,fffffff200000103,0,0
1372,1372,0,8127,0,0,1ff8,001c,8184,8127,0,fffffff200000103,0,0
1373,1373,0,8127,0,0,2023,001c,8227,8127,0,fffffff200000103,0,0
1374,1374,0,8127,0,0,1fe5,001c,8165,8127,0,fffffff200000103,0,0
1375,1375,0,8127,0,0,1fec,001c,8172,8127,0,fffffff200000103,0,0
1376,1376,0,8127,0,0,2003,001c,8195,8127,0,fffffff200000103,0,0
1377,1377,0,8127,0,0,1fd5,001c,8149,8127,0,fffffff200000103,0,0
1378,1378,0,8127,0,0,2001,001c,8193,8127,0,fffffff200000103,0,0
1379,1379,0,8127,0,0,2000,001c,8192,8127,0,fffffff200000103,0,0
1380,1380,0,8127,0,0,2000,001c,8192,8127,0,fffffff200000103,0,0
1381,1381,0,8127,0,0,2018,001c,8216,8127,0,fffffff200000103,0,0
1382,1382,0,8127,0,0,1fdb,001c,8155,8127,0,fffffff200000103,0,0
1383,1383,0,8127,0,0,2027,001c,8231,8127,0,fffffff200000103,0,0
1384,1384,0,8127,0,0,1fd2,001c,8146,8127,0,fffffff200000103,0,0
1385,1385,0,8127,0,0,1fff,001c,8191,8127,0,fffffff200000103,0,0
1386,1386,0,8127,0,0,2010,001c,8208,8127,0,fffffff200000103,0,0
1387,1387,0,8127,0,0,1fce,001c,8142,8127,0,fffffff200000103,0,0
1388,1388,0,8127,0,0,203c,001c,8252,8127,0,fffffff200000103,0,0
1389,1389,0,8127,0,0,1fdc,001c,8156,8127,0,fffffff200000103,0,0
1390,1390,0,8127,0,0,1ff7,001c,8183,8127,0,fffffff200000103,0,0
1391,1391,0,8127,0,0,2009,001c,8201,8127,0,fffffff200000103,0,0
1392,1392,0,8127,0,0,1fed,001c,8173,8127,0,fffffff200000103,0,0
1393,1393,0,8127,0,0,2003,001c,8195,8127,0,fffffff200000103,0,0
1394,1394,0,8127,0,0,1fdd,001c,8157,8127,0,fffffff200000103,0,0
1395,1395,0,8127,0,0,1fe9,001c,8169,8127,0,fffffff200000103,0,0
1396,1396,0,8127,0,0,2029,001c,12201,8127,0,fffffff200000103,0,0
1397,1397,0,8127,0,0,1ffd,001c,16381,8127,0,fffffff200000103,0,0
1398,1398,0,8127,0,0,3fde,001c,16350,8127,0,fffffff200000103,0,0
1399,1399,0,8127,0,0,2017,001c,8215,8127,0,fffffff200000103,0,0
1400,1400,0,8127,0,0,2015,001c,8213,8127,0,fffffff200000103,0,0
1401,1401,0,8127,0,0,2fd5,001c,12245,8127,0,fffffff200000103,0,0
1402,1402,0,8127,0,0,1fe5,001c,8165,8127,0,fffffff200000103,0,0
1403,1403,0,8127,0,0,201f,001c,8215,8127,0,fffffff200000103,0,0
1404,1404,0,8127,0,0,231f,001c,8223,8127,0,fffffff200000103,0,0
1405,1405,0,8127,0,0,1fbd,001c,8125,8127,0,fffffff200000103,0,0
1406,1406,0,8127,0,0,2048,001c,8264,8127,0,fffffff200000103,0,0
1407,1407,0,8127,0,0,1fd6,001c,8150,8127,0,fffffff200000103,0,0
1408,1408,0,8127,0,0,1fd9,001c,8153,8127,0,fffffff200000103,0,0
1409,1409,0,8127,0,0,204a,001c,8266,8127,0,fffffff200000103,0,0
1410,1410,0,8127,0,0,1fa7,001c,8103,8127,0,fffffff200000103,0,0
1411,1411,0,8127,0,0,2015,001c,8213,8127,0,fffffff200000103,0,0
1412,1412,0,8127,0,0,2005,001c,8197,8127,0,fffffff200000103,0,0
1413,1413,0,8127,0,0,1fe2,001c,8162,8127,0,fffffff200000103,0,0
1414,1414,0,8127,0,0,2001,001c,8193,8127,0,fffffff200000103,0,0
1415,1415,0,8127,0,0,2013,001c,8211,8127,0,fffffff200000103,0,0
1416,1416,0,8127,0,0,1fed,001c,8173,8127,0,fffffff200000103,0,0
1417,1417,0,8127,0,0,1fd2,001c,8146,8127,0,fffffff200000103,0,0
1418,1418,0,8127,0,0,201f,001c,8223,8127,0,fffffff200000103,0,0
1419,1419,0,8127,0,0,2015,001c,8213,8127,0,fffffff200000103,0,0
1420,1420,0,8127,0,0,1fcb,001c,8139,8127,0,fffffff200000103,0,0
1421,1421,0,8127,0,0,2022,001c,8226,8127,0,fffffff200000103,0,0
1422,1422,0,8127,0,0,1fd3,001c,8147,8127,0,fffffff200000103,0,0
1423,1423,0,8127,0,0,1fe5,001c,8165,8127,0,fffffff200000103,0,0
1424,1424,0,8127,0,0,2013,001c,8211,8127,0,fffffff200000103,0,0
1425,1425,0,8127,0,0,1fe8,001c,8168,8127,0,fffffff200000103,0,0
1426,1426,0,8127,0,0,1ffd,001c,8189,8127,0,fffffff200000103,0,0
1427,1427,0,8127,0,0,1fe8,001c,8168,8127,0,fffffff200000103,0,0
1428,1428,0,8127,0,0,1fe8,001c,8168,8127,0,fffffff200000103,0,0
1429,1429,0,8127,0,0,200f,001c,8207,8127,0,fffffff200000103,0,0
1430,1430,0,8127,0,0,1ff4,001c,8180,8127,0,fffffff200000103,0,0
1431,1431,0,8127,0,0,1fe9,001c,8169,8127,0,fffffff200000103,0,0
1432,1432,0,8127,0,0,1fe1,001c,8169,8127,0,fffffff200000103,0,0
1433,1433,0,8127,0,0,1ff7,001c,8183,8127,0,fffffff200000103,0,0
1434,1434,0,8127,0,0,1fff,001c,8191,8127,0,fffffff200000103,0,0
1435,1435,0,8127,0,0,3fff,001c,16383,8127,0,fffffff200000103,0,0
1436,1436,0,8127,0,0,2002,001c,8194,8127,0,fffffff200000103,0,0
1437,1437,0,8127,0,0,1ff5,001c,8181,8127,0,fffffff200000103,0,0
1438,1438,0,8127,0,0,2b4d,001c,8461,8127,0,fffffff200000103,0,0
1439,1439,0,8127,0,0,1fed,001c,8173,8127,0,fffffff200000103,0,0
1440,1440,0,8127,0,0,1ff9,001c,8185,8127,0,fffffff200000103,0,0
1441,1441,0,8127,0,0,1ff0,001c,8176,8127,0,fffffff200000103,0,0
1442,1442,0,8127,0,0,1ff9,001c,8185,8127,0,fffffff200000103,0,0
1443,1443,0,8127,0,0,1ff7,001c,8183,8127,0,fffffff200000103,0,0
1444,1444,0,8127,0,0,1ff1,001c,8177,8127,0,fffffff200000103,0,0
1445,1445,0,8127,0,0,1ff8,001c,8184,8127,0,fffffff200000103,0,0
1446,1446,0,8127,0,0,2019,001c,8217,8127,0,fffffff200000103,0,0
1447,1447,0,8127,0,0,1fb9,001c,8121,8127,0,fffffff200000103,0,0
1448,1448,0,8127,0,0,201b,001c,8219,8127,0,fffffff200000103,0,0
1449,1449,0,8127,0,0,1ff2,001c,8178,8127,0,fffffff200000103,0,0
1450,1450,0,8127,0,0,1fd7,001c,8151,8127,0,fffffff200000103,0,0
1451,1451,0,8127,0,0,2009,001c,8201,8127,0,fffffff200000103,0,0
1452,1452,0,8127,0,0,201b,001c,8219,8127,0,fffffff200000103,0,0
1453,1453,0,8127,0,0,1fdc,001c,8156,8127,0,fffffff200000103,0,0
1454,1454,0,8127,0,0,1ffb,001c,8187,8127,0,fffffff200000103,0,0
1455,1455,0,8127,0,0,2003,001c,8195,8127,0,fffffff200000103,0,0
1456,1456,0,8127,0,0,1fbd,001c,8125,8127,0,fffffff200000103,0,0
1457,1457,0,8127,0,0,1ff0,001c,8176,8127,0,fffffff200000103,0,0
1458,1458,0,8127,0,0,2029,001c,8233,8127,0,fffffff200000103,0,0
1459,1459,0,8127,0,0,1fd9,001c,8153,8127,0,fffffff200000103,0,0
1460,1460,0,8127,0,0,2002,001c,8194,8127,0,fffffff200000103,0,0
1461,1461,0,8127,0,0,201e,001c,8222,8127,0,fffffff200000103,0,0
1462,1462,0,8127,0,0,1fce,001c,8142,8127,0,fffffff200000103,0,0
1463,1463,0,8127,0,0,1ff8,001c,8184,8127,0,fffffff200000103,0,0
1464,1464,0,8127,0,0,1feb,001c,8171,8127,0,fffffff200000103,0,0
1465,1465,0,8127,0,0,200a,001c,8202,8127,0,fffffff200000103,0,0
1466,1466,0,8127,0,0,1fd9,001c,8153,8127,0,fffffff200000103,0,0
1467,1467,0,8127,0,0,1ffa,001c,8186,8127,0,fffffff200000103,0,0
1468,1468,0,8127,0,0,24ab,001c,16379,8127,0,fffffff200000103,0,0
1469,1469,0,8127,0,0,1fe5,001c,16357,8127,0,fffffff200000103,0,0
1470,1470,0,8127,0,0,1fff,001c,8191,8127,0,fffffff200000103,0,0
1471,1471,0,8127,0,0,1fff,001c,8191,8127,0,fffffff200000103,0,0
1472,1472,0,8127,0,0,3feb,001c,8171,8127,0,fffffff200000103,0,0
1473,1473,0,8127,0,0,2011,001c,8209,8127,0,fffffff200000103,0,0
1474,1474,0,8127,0,0,1ffe,001c,8190,8127,0,fffffff200000103,0,0
1475,1475,0,8127,0,0,1fe8,001c,8168,8127,0,fffffff200000103,0,0
1476,1476,0,8127,0,0,2019,001c,8217,8127,0,fffffff200000103,0,0
1477,1477,0,8127,0,0,1fc0,001c,8128,8127,0,fffffff200000103,0,0
1478,1478,0,8127,0,0,2015,001c,8213,8127,0,fffffff200000103,0,0
1479,1479,0,8127,0,0,2025,001c,8229,8127,0,fffffff200000103,0,0
1480,1480,0,8127,0,0,1fbb,001c,8123,8127,0,fffffff200000103,0,0
1481,1481,0,8127,0,0,2009,001c,8201,8127,0,fffffff200000103,0,0
1482,1482,0,8127,0,0,1fe1,001c,8161,8127,0,fffffff200000103,0,0
1483,1483,0,8127,0,0,1fe0,001c,8160,8127,0,fffffff200000103,0,0
1484,1484,0,8127,0,0,1ffa,001c,8186,8127,0,fffffff200000103,0,0
1485,1485,0,8127,0,0,2029,001c,8233,8127,0,fffffff200000103,0,0
1486,1486,0,8127,0,0,2008,001c,8200,8127,0,fffffff200000103,0,0
1487,1487,0,8127,0,0,1fd2,001c,8146,8127,0,fffffff200000103,0,0
1488,1488,0,8127,0,0,201b,001c,8219,8127,0,fffffff200000103,0,0
1489,1489,0,8127,0,0,1fed,001c,8173,8127,0,fffffff200000103,0,0
1490,1490,0,8127,0,0,1ff2,001c,8178,8127,0,fffffff200000103,0,0
1491,1491,0,8127,0,0,202c,001c,8236,8127,0,fffffff200000103,0,0
1492,1492,0,8127,0,0,1fe2,001c,8162,8127,0,fffffff200000103,0,0
1493,1493,0,8127,0,0,1ff5,001c,8181,8127,0,fffffff200000103,0,0
1494,1494,0,8127,0,0,1ffa,001c,8186,8127,0,fffffff200000103,0,0
1495,1495,0,8127,0,0,2025,001c,8229,8127,0,fffffff200000103,0,0
1496,1496,0,8127,0,0,1fd7,001c,8151,8127,0,fffffff200000103,0,0
1497,1497,0,8127,0,0,1fdd,001c,8157,8127,0,fffffff200000103,0,0
1498,1498,0,8127,0,0,2003,001c,8195,8127,0,fffffff200000103,0,0
1499,1499,0,8127,0,0,1fe7,001c,8167,8127,0,fffffff200000103,0,0
1500,1500,0,8127,0,0,200b,001c,8203,8127,0,fffffff200000103,0,0
1501,1501,0,8127,0,0,1ffd,001c,8189,8127,0,fffffff200000103,0,0
1502,1502,0,8127,0,0,1fef,001c,8175,8127,0,fffffff200000103,0,0
1503,1503,0,8127,0,0,1ff8,001c,8184,8127,0,fffffff200000103,0,0
1504,1504,0,8127,0,0,2ead,001c,16381,8127,0,fffffff200000103,0,0
1505,1505,0,8127,0,0,200f,001c,8207,8127,0,fffffff200000103,0,0
1506,1506,0,8127,0,0,3fd6,001c,15190,8127,0,fffffff200000103,0,0
1507,1507,0,8127,0,0,3ffb,001c,8187,8127,0,fffffff200000103,0,0
1508,1508,0,8127,0,0,2b1b,001c,8731,8127,0,fffffff200000103,0,0
1509,1509,0,8127,0,0,1ff3,001c,8179,8127,0,fffffff200000103,0,0
1510,1510,0,8127,0,0,1fc3,001c,8131,8127,0,fffffff200000103,0,0
1511,1511,0,8127,0,0,2019,001c,8217,8127,0,fffffff200000103,0,0
1512,1512,0,8127,0,0,1fec,001c,8172,8127,0,fffffff200000103,0,0
1513,1513,0,8127,0,0,1ff9,001c,8185,8127,0,fffffff200000103,0,0
1514,1514,0,8127,0,0,1ffb,001c,8187,8127,0,fffffff200000103,0,0
1515,1515,0,8127,0,0,2007,001c,8199,8127,0,fffffff200000103,0,0
1516,1516,0,8127,0,0,1fc7,001c,8135,8127,0,fffffff200000103,0,0
1517,1517,0,8127,0,0,1ff7,001c,8183,8127,0,fffffff200000103,0,0
1518,1518,0,8127,0,0,2007,001c,8199,8127,0,fffffff200000103,0,0
1519,1519,0,8127,0,0,1fed,001c,8173,8127,0,fffffff200000103,0,0
1520,1520,0,8127,0,0,2006,001c,8198,8127,0,fffffff200000103,0,0
1521,1521,0,8127,0,0,200b,001c,8203,8127,0,fffffff200000103,0,0
1522,1522,0,8127,0,0,1ff6,001c,8182,8127,0,fffffff200000103,0,0
1523,1523,0,8127,0,0,1ff5,001c,8181,8127,0,fffffff200000103,0,0
1524,1524,0,8127,0,0,1ffc,001c,8188,8127,0,fffffff200000103,0,0
1525,1525,0,8127,0,0,2004,001c,8196,8127,0,fffffff200000103,0,0
1526,1526,0,8127,0,0,1fc2,001c,8130,8127,0,fffffff200000103,0,0
1527,1527,0,8127,0,0,2005,001c,8197,8127,0,fffffff200000103,0,0
1528,1528,0,8127,0,0,2006,001c,8198,8127,0,fffffff200000103,0,0
1529,1529,0,8127,0,0,1fca,001c,8138,8127,0,fffffff200000103,0,0
1530,1530,0,8127,0,0,2036,001c,8246,8127,0,fffffff200000103,0,0
1531,1531,0,8127,0,0,1fe0,001c,8160,8127,0,fffffff200000103,0,0
1532,1532,0,8127,0,0,1fd8,001c,8152,8127,0,fffffff200000103,0,0
1533,1533,0,8127,0,0,1fb3,001c,8115,8127,0,fffffff200000103,0,0
1534,1534,0,8127,0,0,1ff1,001c,8177,8127,0,fffffff200000103,0,0
1535,1535,0,8127,0,0,2029,001c,8233,8127,0,fffffff200000103,0,0
1536,1536,0,8127,0,0,1fc9,001c,8137,8127,0,fffffff200000103,0,0
1537,1537,0,8127,0,0,2019,001c,8217,8127,0,fffffff200000103,0,0
1538,1538,0,8127,0,0,2011,001c,8209,8127,0,fffffff200000103,0,0
1539,1539,0,8127,0,0,1fc6,001c,8135,8127,0,fffffff200000103,0,0
1540,1540,0,8127,0,0,2f8e,001c,16334,8127,0,fffffff200000103,0,0
1541,1541,0,8127,0,0,201f,001c,8223,8127,0,fffffff200000103,0,0
1542,1542,0,8127,0,0,3fd7,001c,13143,8127,0,fffffff200000103,0,0
1543,1543,0,8127,0,0,1fef,001c,8175,8127,0,fffffff200000103,0,0
1544,1544,0,8127,0,0,1fef,001c,8175,8127,0,fffffff200000103,0,0
1545,1545,0,8127,0,0,201d,001c,8221,8127,0,fffffff200000103,0,0
1546,1546,0,8127,0,0,2bcd,001c,8461,8127,0,fffffff200000103,0,0
1547,1547,0,8127,0,0,1fe1,001c,8161,8127,0,fffffff200000103,0,0
1548,1548,0,8127,0,0,200a,001c,8202,8127,0,fffffff200000103,0,0
1549,1549,0,8127,0,0,1fec,001c,8172,8127,0,fffffff200000103,0,0
1550,1550,0,8127,0,0,1ffd,001c,8189,8127,0,fffffff200000103,0,0
1551,1551,0,8127,0,0,200e,001c,8206,8127,0,fffffff200000103,0,0
1552,1552,0,8127,0,0,1fe7,001c,8167,8127,0,fffffff200000103,0,0
1553,1553,0,8127,0,0,1ff3,001c,8179,8127,0,fffffff200000103,0,0
1554,1554,0,8127,0,0,1fea,001c,8170,8127,0,fffffff200000103,0,0
1555,1555,0,8127,0,0,2043,001c,8259,8127,0,fffffff200000103,0,0
1556,1556,0,8127,0,0,1fe8,001c,8168,8127,0,fffffff200000103,0,0
1557,1557,0,8127,0,0,1ffe,001c,8190,8127,0,fffffff200000103,0,0
1558,1558,0,8127,0,0,2010,001c,8208,8127,0,fffffff200000103,0,0
1559,1559,0,8127,0,0,1fcb,001c,8139,8127,0,fffffff200000103,0,0
1560,1560,0,8127,0,0,200e,001c,8206,8127,0,fffffff200000103,0,0
1561,1561,0,8127,0,0,2013,001c,8211,8127,0,fffffff200000103,0,0
1562,1562,0,8127,0,0,1fc4,001c,8132,8127,0,fffffff200000103,0,0
1563,1563,0,8127,0,0,2014,001c,8212,8127,0,fffffff200000103,0,0
1564,1564,0,8127,0,0,2011,001c,8209,8127,0,fffffff200000103,0,0
1565,1565,0,8127,0,0,2013,001c,8211,8127,0,fffffff200000103,0,0
1566,1566,0,8127,0,0,1fe1,001c,8161,8127,0,fffffff200000103,0,0
1567,1567,0,8127,0,0,1ff2,001c,8178,8127,0,fffffff200000103,0,0
1568,1568,0,8127,0,0,2012,001c,8210,8127,0,fffffff200000103,0,0
1569,1569,0,8127,0,0,1fe1,001c,8161,8127,0,fffffff200000103,0,0
1570,1570,0,8127,0,0,2023,001c,8227,8127,0,fffffff200000103,0,0
1571,1571,0,8127,0,0,1feb,001c,8171,8127,0,fffffff200000103,0,0
1572,1572,0,8127,0,0,1ffc,001c,8188,8127,0,fffffff200000103,0,0
1573,1573,0,8127,0,0,2012,001c,8210,8127,0,fffffff200000103,0,0
1574,1574,0,8127,0,0,1fec,001c,8172,8127,0,fffffff200000103,0,0
1575,1575,0,8127,0,0,242e,001c,12270,8127,0,fffffff200000103,0,0
1576,1576,0,8127,0,0,1fef,001c,16335,8127,0,fffffff200000103,0,0
1577,1577,0,8127,0,0,1fff,001c,8191,8127,0,fffffff200000103,0,0
1578,1578,0,8127,0,0,3ff7,001c,16375,8127,0,fffffff200000103,0,0
1579,1579,0,8127,0,0,2010,001c,8208,8127,0,fffffff200000103,0,0
1580,1580,0,8127,0,0,1fe7,001c,8167,8127,0,fffffff200000103,0,0
1581,1581,0,8127,0,0,2fdc,001c,8988,8127,0,fffffff200000103,0,0
1582,1582,0,8127,0,0,1fdc,001c,8156,8127,0,fffffff200000103,0,0
1583,1583,0,8127,0,0,2007,001c,8199,8127,0,fffffff200000103,0,0
1584,1584,0,8127,0,0,1fef,001c,8175,8127,0,fffffff200000103,0,0
1585,1585,0,8127,0,0,1fe9,001c,8169,8127,0,fffffff200000103,0,0
1586,1586,0,8127,0,0,2026,001c,8230,8127,0,fffffff200000103,0,0
1587,1587,0,8127,0,0,1ffe,001c,8190,8127,0,fffffff200000103,0,0
1588,1588,0,8127,0,0,2026,001c,8230,8127,0,fffffff200000103,0,0
1589,1589,0,8127,0,0,1fd2,001c,8146,8127,0,fffffff200000103,0,0
1590,1590,0,8127,0,0,1fda,001c,8154,8127,0,fffffff200000103,0,0
1591,1591,0,8127,0,0,2059,001c,8281,8127,0,fffffff200000103,0,0
1592,1592,0,8127,0,0,1fdd,001c,8157,8127,0,fffffff200000103,0,0
1593,1593,0,8127,0,0,1feb,001c,8171,8127,0,fffffff200000103,0,0
1594,1594,0,8127,0,0,2028,001c,8232,8127,0,fffffff200000103,0,0
1595,1595,0,8127,0,0,1ff0,001c,8176,8127,0,fffffff200000103,0,0
1596,1596,0,8127,0,0,1feb,001c,8171,8127,0,fffffff200000103,0,0
1597,1597,0,8127,0,0,1feb,001c,8171,8127,0,fffffff200000103,0,0
1598,1598,0,8127,0,0,1ffb,001c,8187,8127,0,fffffff200000103,0,0
1599,1599,0,8127,0,0,1fdd,001c,8157,8127,0,fffffff200000103,0,0
1600,1600,0,8127,0,0,201a,001c,8218,8127,0,fffffff200000103,0,0
1601,1601,0,8127,0,0,2015,001c,8213,8127,0,fffffff200000103,0,0
1602,1602,0,8127,0,0,1fe9,001c,8169,8127,0,fffffff200000103,0,0
1603,1603,0,8127,0,0,1fda,001c,8154,8127,0,fffffff200000103,0,0
1604,1604,0,8127,0,0,1ffb,001c,8187,8127,0,fffffff200000103,0,0
1605,1605,0,8127,0,0,1ffb,001c,8187,8127,0,fffffff200000103,0,0
1606,1606,0,8127,0,0,1fe5,001c,8165,8127,0,fffffff200000103,0,0
1607,1607,0,8127,0,0,1fde,001c,8158,8127,0,fffffff200000103,0,0
1608,1608,0,8127,0,0,2019,001c,8217,8127,0,fffffff200000103,0,0
1609,1609,0,8127,0,0,1fee,001c,8174,8127,0,fffffff200000103,0,0
1610,1610,0,8127,0,0,203d,001c,11967,8127,0,fffffff200000103,0,0
1611,1611,0,8127,0,0,1ff7,001c,8183,8127,0,fffffff200000103,0,0
1612,1612,0,8127,0,0,1fff,001c,8191,8127,0,fffffff200000103,0,0
1613,1613,0,8127,0,0,1ffd,001c,8189,8127,0,fffffff200000103,0,0
1614,1614,0,8127,0,0,1fff,001c,8191,8127,0,fffffff200000103,0,0
1615,1615,0,8127,0,0,3fdf,001c,8159,8127,0,fffffff200000103,0,0
1616,1616,0,8127,0,0,2fdf,001c,12255,8127,0,fffffff200000103,0,0
1617,1617,0,8127,0,0,1fff,001c,8191,8127,0,fffffff200000103,0,0
1618,1618,0,8127,0,0,1fee,001c,8174,8127,0,fffffff200000103,0,0
1619,1619,0,8127,0,0,2019,001c,8217,8127,0,fffffff200000103,0,0
1620,1620,0,8127,0,0,1fe0,001c,8160,8127,0,fffffff200000103,0,0
1621,1621,0,8127,0,0,1ffb,001c,8187,8127,0,fffffff200000103,0,0
1622,1622,0,8127,0,0,1fcc,001c,8140,8127,0,fffffff200000103,0,0
1623,1623,0,8127,0,0,1ffb,001c,8187,8127,0,fffffff200000103,0,0
1624,1624,0,8127,0,0,201a,001c,8218,8127,0,fffffff200000103,0,0
1625,1625,0,8127,0,0,200a,001c,8202,8127,0,fffffff200000103,0,0
1626,1626,0,8127,0,0,1fe6,001c,8166,8127,0,fffffff200000103,0,0
1627,1627,0,8127,0,0,1fef,001c,8175,8127,0,fffffff200000103,0,0
1628,1628,0,8127,0,0,2020,001c,8224,8127,0,fffffff200000103,0,0
1629,1629,0,8127,0,0,1fe5,001c,8165,8127,0,fffffff200000103,0,0
1630,1630,0,8127,0,0,1fe6,001c,8166,8127,0,fffffff200000103,0,0
1631,1631,0,8127,0,0,1ff2,001c,8178,8127,0,fffffff200000103,0,0
1632,1632,0,8127,0,0,2007,001c,8199,8127,0,fffffff200000103,0,0
1633,1633,0,8127,0,0,1fd0,001c,8144,8127,0,fffffff200000103,0,0
1634,1634,0,8127,0,0,202a,001c,8234,8127,0,fffffff200000103,0,0
1635,1635,0,8127,0,0,2018,001c,8216,8127,0,fffffff200000103,0,0
1636,1636,0,8127,0,0,1fd0,001c,8144,8127,0,fffffff200000103,0,0
1637,1637,0,8127,0,0,1feb,001c,8171,8127,0,fffffff200000103,0,0
1638,1638,0,8127,0,0,2034,001c,8244,8127,0,fffffff200000103,0,0
1639,1639,0,8127,0,0,1fe2,001c,8162,8127,0,fffffff200000103,0,0
1640,1640,0,8127,0,0,2005,001c,8197,8127,0,fffffff200000103,0,0
1641,1641,0,8127,0,0,1fef,001c,8175,8127,0,fffffff200000103,0,0
1642,1642,0,8127,0,0,2011,001c,8209,8127,0,fffffff200000103,0,0
1643,1643,0,8127,0,0,1fe2,001c,8162,8127,0,fffffff200000103,0,0
1644,1644,0,8127,0,0,1ff6,001c,8182,8127,0,fffffff200000103,0,0
1645,1645,0,8127,0,0,1ff8,001c,8184,8127,0,fffffff200000103,0,0
1646,1646,0,8127,0,0,2029,001c,11945,8127,0,fffffff200000103,0,0
1647,1647,0,8127,0,0,1fe9,001c,16361,8127,0,fffffff200000103,0,0
1648,1648,0,8127,0,0,3ffd,001c,16381,8127,0,fffffff200000103,0,0
1649,1649,0,8127,0,0,3fd5,001c,12309,8127,0,fffffff200000103,0,0
1650,1650,0,8127,0,0,1fff,001c,8191,8127,0,fffffff200000103,0,0
1651,1651,0,8127,0,0,1ffd,001c,8189,8127,0,fffffff200000103,0,0
1652,1652,0,8127,0,0,1ffd,001c,8189,8127,0,fffffff200000103,0,0
1653,1653,0,8127,0,0,2b04,001c,8196,8127,0,fffffff200000103,0,0
1654,1654,0,8127,0,0,1fe5,001c,8165,8127,0,fffffff200000103,0,0
1655,1655,0,8127,0,0,2019,001c,8217,8127,0,fffffff200000103,0,0
1656,1656,0,8127,0,0,1ffc,001c,8188,8127,0,fffffff200000103,0,0
1657,1657,0,8127,0,0,1fff,001c,8191,8127,0,fffffff200000103,0,0
1658,1658,0,8127,0,0,1fd3,001c,8147,8127,0,fffffff200000103,0,0
1659,1659,0,8127,0,0,1ffb,001c,8187,8127,0,fffffff200000103,0,0
1660,1660,0,8127,0,0,1fdf,001c,8159,8127,0,fffffff200000103,0,0
1661,1661,0,8127,0,0,2027,001c,8231,8127,0,fffffff200000103,0,0
1662,1662,0,8127,0,0,1ff7,001c,8183,8127,0,fffffff200000103,0,0
1663,1663,0,8127,0,0,2000,001c,8192,8127,0,fffffff200000103,0,0
1664,1664,0,8127,0,0,1fd2,001c,8146,8127,0,fffffff200000103,0,0
1665,1665,0,8127,0,0,2004,001c,8196,8127,0,fffffff200000103,0,0
1666,1666,0,8127,0,0,2010,001c,8208,8127,0,fffffff200000103,0,0
1667,1667,0,8127,0,0,204e,001c,8270,8127,0,fffffff200000103,0,0
1668,1668,0,8127,0,0,1ff7,001c,8183,8127,0,fffffff200000103,0,0
1669,1669,0,8127,0,0,1fdf,001c,8159,8127,0,fffffff200000103,0,0
1670,1670,0,8127,0,0,1fe0,001c,8160,8127,0,fffffff200000103,0,0
1671,1671,0,8127,0,0,2020,001c,8224,8127,0,fffffff200000103,0,0
1672,1672,0,8127,0,0,1ffa,001c,8186,8127,0,fffffff200000103,0,0
1673,1673,0,8127,0,0,2009,001c,8201,8127,0,fffffff200000103,0,0
1674,1674,0,8127,0,0,1fd6,001c,8150,8127,0,fffffff200000103,0,0
1675,1675,0,8127,0,0,201e,001c,8222,8127,0,fffffff200000103,0,0
1676,1676,0,8127,0,0,1fc7,001c,8135,8127,0,fffffff200000103,0,0
1677,1677,0,8127,0,0,1feb,001c,8171,8127,0,fffffff200000103,0,0
1678,1678,0,8127,0,0,200a,001c,8202,8127,0,fffffff200000103,0,0
1679,1679,0,8127,0,0,1ff0,001c,8176,8127,0,fffffff200000103,0,0
1680,1680,0,8127,0,0,200e,001c,8206,8127,0,fffffff200000103,0,0
1681,1681,0,8127,0,0,1ff5,001c,8189,8127,0,fffffff200000103,0,0
1682,1682,0,8127,0,0,1fe3,001c,8163,8127,0,fffffff200000103,0,0
1683,1683,0,8127,0,0,1ffa,001c,8187,8127,0,fffffff200000103,0,0
1684,1684,0,8127,0,0,1ffe,001c,8190,8127,0,fffffff200000103,0,0
1685,1685,0,8127,0,0,3fdf,001c,16350,8127,0,fffffff200000103,0,0
1686,1686,0,8127,0,0,326d,001c,8237,8127,0,fffffff200000103,0,0
1687,1687,0,8127,0,0,1ff0,001c,8176,8127,0,fffffff200000103,0,0
1688,1688,0,8127,0,0,1ff0,001c,8176,8127,0,fffffff200000103,0,0
1689,1689,0,8127,0,0,2022,001c,8226,8127,0,fffffff200000103,0,0
1690,1690,0,8127,0,0,1fdc,001c,8156,8127,0,fffffff200000103,0,0
1691,1691,0,8127,0,0,1ff7,001c,8183,8127,0,fffffff200000103,0,0
1692,1692,0,8127,0,0,1fe6,001c,8166,8127,0,fffffff200000103,0,0
1693,1693,0,8127,0,0,1fef,001c,8175,8127,0,fffffff200000103,0,0
1694,1694,0,8127,0,0,1ff9,001c,8185,8127,0,fffffff200000103,0,0
1695,1695,0,8127,0,0,1ffb,001c,8187,8127,0,fffffff200000103,0,0
1696,1696,0,8127,0,0,1fe6,001c,8166,8127,0,fffffff200000103,0,0
1697,1697,0,8127,0,0,1fef,001c,8175,8127,0,fffffff200000103,0,0
1698,1698,0,8127,0,0,1ff6,001c,8182,8127,0,fffffff200000103,0,0
1699,1699,0,8127,0,0,1fee,001c,8174,8127,0,fffffff200000103,0,0
1700,1700,0,8127,0,0,1ff3,001c,8179,8127,0,fffffff200000103,0,0
1701,1701,0,8127,0,0,2018,001c,8216,8127,0,fffffff200000103,0,0
1702,1702,0,8127,0,0,1ff2,001c,8178,8127,0,fffffff200000103,0,0
1703,1703,0,8127,0,0,1ff6,001c,8182,8127,0,fffffff200000103,0,0
1704,1704,0,8127,0,0,2019,001c,8217,8127,0,fffffff200000103,0,0
1705,1705,0,8127,0,0,2000,001c,8192,8127,0,fffffff200000103,0,0
1706,1706,0,8127,0,0,200b,001c,8203,8127,0,fffffff200000103,0,0
1707,1707,0,8127,0,0,1fd0,001c,8144,8127,0,fffffff200000103,0,0
1708,1708,0,8127,0,0,2005,001c,8197,8127,0,fffffff200000103,0,0
1709,1709,0,8127,0,0,1ff4,001c,8180,8127,0,fffffff200000103,0,0
1710,1710,0,8127,0,0,1ff4,001c,8180,8127,0,fffffff200000103,0,0
1711,1711,0,8127,0,0,2021,001c,8225,8127,0,fffffff200000103,0,0
1712,1712,0,8127,0,0,1fd0,001c,8144,8127,0,fffffff200000103,0,0
1713,1713,0,8127,0,0,2007,001c,8199,8127,0,fffffff200000103,0,0
1714,1714,0,8127,0,0,2021,001c,8225,8127,0,fffffff200000103,0,0
1715,1715,0,8127,0,0,1fd9,001c,8153,8127,0,fffffff200000103,0,0
1716,1716,0,8127,0,0,2000,001c,8192,8127,0,fffffff200000103,0,0
1717,1717,0,8127,0,0,2010,001c,8208,8127,0,fffffff200000103,0,0
1718,1718,0,8127,0,0,1fe4,001c,8164,8127,0,fffffff200000103,0,0
1719,1719,0,8127,0,0,1ff7,001c,8183,8127,0,fffffff200000103,0,0
1720,1720,0,8127,0,0,1ff7,001c,8183,8127,0,fffffff200000103,0,0
1721,1721,0,8127,0,0,3ffd,001c,16381,8127,0,fffffff200000103,0,0
1722,1722,0,8127,0,0,207c,001c,8252,8127,0,fffffff200000103,0,0
1723,1723,0,8127,0,0,1fff,001c,8191,8127,0,fffffff200000103,0,0
1724,1724,0,8127,0,0,1fbf,001c,8127,8127,0,fffffff200000103,0,0
1725,1725,0,8127,0,0,2004,001c,8196,8127,0,fffffff200000103,0,0
1726,1726,0,8127,0,0,1fdf,001c,8159,8127,0,fffffff200000103,0,0
1727,1727,0,8127,0,0,200d,001c,8205,8127,0,fffffff200000103,0,0
1728,1728,0,8127,0,0,2008,001c,8200,8127,0,fffffff200000103,0,0
1729,1729,0,8127,0,0,1fd7,001c,8151,8127,0,fffffff200000103,0,0
1730,1730,0,8127,0,0,1fef,001c,8175,8127,0,fffffff200000103,0,0
1731,1731,0,8127,0,0,2028,001c,8232,8127,0,fffffff200000103,0,0
1732,1732,0,8127,0,0,1ff7,001c,8183,8127,0,fffffff200000103,0,0
1733,1733,0,8127,0,0,1fdc,001c,8156,8127,0,fffffff200000103,0,0
1734,1734,0,8127,0,0,1ff9,001c,8185,8127,0,fffffff200000103,0,0
1735,1735,0,8127,0,0,200f,001c,8207,8127,0,fffffff200000103,0,0
1736,1736,0,8127,0,0,1fe8,001c,8168,8127,0,fffffff200000103,0,0
1737,1737,0,8127,0,0,200a,001c,8202,8127,0,fffffff200000103,0,0
1738,1738,0,8127,0,0,1fe0,001c,8160,8127,0,fffffff200000103,0,0
1739,1739,0,8127,0,0,1fed,001c,8173,8127,0,fffffff200000103,0,0
1740,1740,0,8127,0,0,1fed,001c,8173,8127,0,fffffff200000103,0,0
1741,1741,0,8127,0,0,2012,001c,8210,8127,0,fffffff200000103,0,0
1742,1742,0,8127,0,0,1fef,001c,8175,8127,0,fffffff200000103,0,0
1743,1743,0,8127,0,0,2000,001c,8192,8127,0,fffffff200000103,0,0
1744,1744,0,8127,0,0,1ffb,001c,8187,8127,0,fffffff200000103,0,0
1745,1745,0,8127,0,0,1ff2,001c,8178,8127,0,fffffff200000103,0,0
1746,1746,0,8127,0,0,1fdf,001c,8159,8127,0,fffffff200000103,0,0
1747,1747,0,8127,0,0,200d,001c,8205,8127,0,fffffff200000103,0,0
1748,1748,0,8127,0,0,1fdc,001c,8156,8127,0,fffffff200000103,0,0
1749,1749,0,8127,0,0,200f,001c,8207,8127,0,fffffff200000103,0,0
1750,1750,0,8127,0,0,1fdf,001c,8159,8127,0,fffffff200000103,0,0
1751,1751,0,8127,0,0,2003,001c,8195,8127,0,fffffff200000103,0,0
1752,1752,0,8127,0,0,1fdf,001c,8159,8127,0,fffffff200000103,0,0
1753,1753,0,8127,0,0,2004,001c,11919,8127,0,fffffff200000103,0,0
1754,1754,0,8127,0,0,1fda,001c,16350,8127,0,fffffff200000103,0,0
1755,1755,0,8127,0,0,1ffb,001c,8187,8127,0,fffffff200000103,0,0
1756,1756,0,8127,0,0,1ff7,001c,8183,8127,0,fffffff200000103,0,0
1757,1757,0,8127,0,0,3fd6,001c,16342,8127,0,fffffff200000103,0,0
1758,1758,0,8127,0,0,2032,001c,8242,8127,0,fffffff200000103,0,0
1759,1759,0,8127,0,0,1fdf,001c,8159,8127,0,fffffff200000103,0,0
1760,1760,0,8127,0,0,2003,001c,8195,8127,0,fffffff200000103,0,0
1761,1761,0,8127,0,0,1fff,001c,8191,8127,0,fffffff200000103,0,0
1762,1762,0,8127,0,0,1ff4,001c,8180,8127,0,fffffff200000103,0,0
1763,1763,0,8127,0,0,1fc1,001c,8129,8127,0,fffffff200000103,0,0
1764,1764,0,8127,0,0,2029,001c,8233,8127,0,fffffff200000103,0,0
1765,1765,0,8127,0,0,1fd2,001c,8146,8127,0,fffffff200000103,0,0
1766,1766,0,8127,0,0,2001,001c,8193,8127,0,fffffff200000103,0,0
1767,1767,0,8127,0,0,200a,001c,8202,8127,0,fffffff200000103,0,0
1768,1768,0,8127,0,0,2005,001c,8197,8127,0,fffffff200000103,0,0
1769,1769,0,8127,0,0,1fd3,001c,8147,8127,0,fffffff200000103,0,0
1770,1770,0,8127,0,0,1ffb,001c,8187,8127,0,fffffff200000103,0,0
1771,1771,0,8127,0,0,1fd8,001c,8152,8127,0,fffffff200000103,0,0
1772,1772,0,8127,0,0,1fff,001c,8191,8127,0,fffffff200000103,0,0
1773,1773,0,8127,0,0,1ff1,001c,8177,8127,0,fffffff200000103,0,0
1774,1774,0,8127,0,0,201a,001c,8218,8127,0,fffffff200000103,0,0
1775,1775,0,8127,0,0,1ff2,001c,8178,8127,0,fffffff200000103,0,0
1776,1776,0,8127,0,0,2013,001c,8211,8127,0,fffffff200000103,0,0
1777,1777,0,8127,0,0,1ffa,001c,8186,8127,0,fffffff200000103,0,0
1778,1778,0,8127,0,0,1fec,001c,8172,8127,0,fffffff200000103,0,0
1779,1779,0,8127,0,0,1fdd,001c,8157,8127,0,fffffff200000103,0,0
1780,1780,0,8127,0,0,1fff,001c,8191,8127,0,fffffff200000103,0,0
1781,1781,0,8127,0,0,2003,001c,8195,8127,0,fffffff200000103,0,0
1782,1782,0,8127,0,0,1ffa,001c,8186,8127,0,fffffff200000103,0,0
1783,1783,0,8127,0,0,2015,001c,8213,8127,0,fffffff200000103,0,0
1784,1784,0,8127,0,0,1fea,001c,8170,8127,0,fffffff200000103,0,0
1785,1785,0,8127,0,0,1fe4,001c,8164,8127,0,fffffff200000103,0,0
1786,1786,0,8127,0,0,2010,001c,8208,8127,0,fffffff200000103,0,0
1787,1787,0,8127,0,0,1ff5,001c,8181,8127,0,fffffff200000103,0,0
1788,1788,0,8127,0,0,2011,001c,8241,8127,0,fffffff200000103,0,0
1789,1789,0,8127,0,0,1fd2,001c,8147,8127,0,fffffff200000103,0,0
1790,1790,0,8127,0,0,1feb,001c,8187,8127,0,fffffff200000103,0,0
1791,1791,0,8127,0,0,3fbd,001c,16381,8127,0,fffffff200000103,0,0
1792,1792,0,8127,0,0,3fd5,001c,13141,8127,0,fffffff200000103,0,0
1793,1793,0,8127,0,0,3fc6,001c,8134,8127,0,fffffff200000103,0,0
1794,1794,0,8127,0,0,2224,001c,8228,8127,0,fffffff200000103,0,0
1795,1795,0,8127,0,0,1ff9,001c,8185,8127,0,fffffff200000103,0,0
1796,1796,0,8127,0,0,1ff1,001c,8177,8127,0,fffffff200000103,0,0
1797,1797,0,8127,0,0,2018,001c,8216,8127,0,fffffff200000103,0,0
1798,1798,0,8127,0,0,1fcf,001c,8143,8127,0,fffffff200000103,0,0
1799,1799,0,8127,0,0,2008,001c,8200,8127,0,fffffff200000103,0,0
1800,1800,0,8127,0,0,1fc4,001c,8132,8127,0,fffffff200000103,0,0
1801,1801,0,8127,0,0,1fed,001c,8173,8127,0,fffffff200000103,0,0
1802,1802,0,8127,0,0,1ff8,001c,8184,8127,0,fffffff200000103,0,0
1803,1803,0,8127,0,0,1fd6,001c,8150,8127,0,fffffff200000103,0,0
1804,1804,0,8127,0,0,1ff4,001c,8180,8127,0,fffffff200000103,0,0
1805,1805,0,8127,0,0,1fdf,001c,8159,8127,0,fffffff200000103,0,0
1806,1806,0,8127,0,0,1ff4,001c,8180,8127,0,fffffff200000103,0,0
1807,1807,0,8127,0,0,201a,001c,8218,8127,0,fffffff200000103,0,0
1808,1808,0,8127,0,0,1ffb,001c,8187,8127,0,fffffff200000103,0,0
1809,1809,0,8127,0,0,1ff7,001c,8183,8127,0,fffffff200000103,0,0
1810,1810,0,8127,0,0,1ff1,001c,8177,8127,0,fffffff200000103,0,0
1811,1811,0,8127,0,0,200f,001c,8207,8127,0,fffffff200000103,0,0
1812,1812,0,8127,0,0,1fe4,001c,8164,8127,0,fffffff200000103,0,0
1813,1813,0,8127,0,0,2000,001c,8192,8127,0,fffffff200000103,0,0
1814,1814,0,8127,0,0,200b,001c,8203,8127,0,fffffff200000103,0,0
1815,1815,0,8127,0,0,1fd2,001c,8146,8127,0,fffffff200000103,0,0
1816,1816,0,8127,0,0,1ff9,001c,8185,8127,0,fffffff200000103,0,0
1817,1817,0,8127,0,0,200a,001c,8202,8127,0,fffffff200000103,0,0
1818,1818,0,8127,0,0,1fdf,001c,8159,8127,0,fffffff200000103,0,0
1819,1819,0,8127,0,0,2002,001c,8194,8127,0,fffffff200000103,0,0
1820,1820,0,8127,0,0,1fe6,001c,8166,8127,0,fffffff200000103,0,0
1821,1821,0,8127,0,0,2017,001c,8215,8127,0,fffffff200000103,0,0
1822,1822,0,8127,0,0,2004,001c,8196,8127,0,fffffff200000103,0,0
1823,1823,0,8127,0,0,1ff4,001c,8180,8127,0,fffffff200000103,0,0
1824,1824,0,8127,0,0,1fd7,001c,8151,8127,0,fffffff200000103,0,0
1825,1825,0,8127,0,0,2009,001c,11915,8127,0,fffffff200000103,0,0
1826,1826,0,8127,0,0,200b,001c,8203,8127,0,fffffff200000103,0,0
1827,1827,0,8127,0,0,1ff7,001c,16343,8127,0,fffffff200000103,0,0
1828,1828,0,8127,0,0,1ff7,001c,8183,8127,0,fffffff200000103,0,0
1829,1829,0,8127,0,0,3fd7,001c,16343,8127,0,fffffff200000103,0,0
1830,1830,0,8127,0,0,2b1a,001c,8218,8127,0,fffffff200000103,0,0
1831,1831,0,8127,0,0,1fc6,001c,8134,8127,0,fffffff200000103,0,0
1832,1832,0,8127,0,0,2014,001c,8212,8127,0,fffffff200000103,0,0
1833,1833,0,8127,0,0,2bc4,001c,8196,8127,0,fffffff200000103,0,0
1834,1834,0,8127,0,0,1fec,001c,8172,8127,0,fffffff200000103,0,0
1835,1835,0,8127,0,0,1fe3,001c,8163,8127,0,fffffff200000103,0,0
1836,1836,0,8127,0,0,1ff7,001c,8183,8127,0,fffffff200000103,0,0
1837,1837,0,8127,0,0,1ff3,001c,8179,8127,0,fffffff200000103,0,0
1838,1838,0,8127,0,0,1ff0,001c,8176,8127,0,fffffff200000103,0,0
1839,1839,0,8127,0,0,1ffd,001c,8189,8127,0,fffffff200000103,0,0
1840,1840,0,8127,0,0,201d,001c,8221,8127,0,fffffff200000103,0,0
1841,1841,0,8127,0,0,1ff1,001c,8177,8127,0,fffffff200000103,0,0
1842,1842,0,8127,0,0,2011,001c,8209,8127,0,fffffff200000103,0,0
1843,1843,0,8127,0,0,1fdc,001c,8156,8127,0,fffffff200000103,0,0
1844,1844,0,8127,0,0,1ff9,001c,8185,8127,0,fffffff200000103,0,0
1845,1845,0,8127,0,0,1ff6,001c,8182,8127,0,fffffff200000103,0,0
1846,1846,0,8127,0,0,1fef,001c,8175,8127,0,fffffff200000103,0,0
1847,1847,0,8127,0,0,2018,001c,8216,8127,0,fffffff200000103,0,0
1848,1848,0,8127,0,0,2017,001c,8215,8127,0,fffffff200000103,0,0
1849,1849,0,8127,0,0,1fdc,001c,8156,8127,0,fffffff200000103,0,0
1850,1850,0,8127,0,0,1ffd,001c,8189,8127,0,fffffff200000103,0,0
1851,1851,0,8127,0,0,1fe9,001c,8169,8127,0,fffffff200000103,0,0
1852,1852,0,8127,0,0,2006,001c,8198,8127,0,fffffff200000103,0,0
1853,1853,0,8127,0,0,1fa9,001c,8105,8127,0,fffffff200000103,0,0
1854,1854,0,8127,0,0,2022,001c,8226,8127,0,fffffff200000103,0,0
1855,1855,0,8127,0,0,2024,001c,8228,8127,0,fffffff200000103,0,0
1856,1856,0,8127,0,0,1faa,001c,8106,8127,0,fffffff200000103,0,0
1857,1857,0,8127,0,0,2011,001c,8209,8127,0,fffffff200000103,0,0
1858,1858,0,8127,0,0,1fef,001c,8175,8127,0,fffffff200000103,0,0
1859,1859,0,8127,0,0,1fd3,001c,8147,8127,0,fffffff200000103,0,0
1860,1860,0,8127,0,0,200a,001c,8202,8127,0,fffffff200000103,0,0
1861,1861,0,8127,0,0,2013,001c,8219,8127,0,fffffff200000103,0,0
1862,1862,0,8127,0,0,2000,001c,8195,8127,0,fffffff200000103,0,0
1863,1863,0,8127,0,0,1fe0,001c,16352,8127,0,fffffff200000103,0,0
1864,1864,0,8127,0,0,3ff4,001c,16356,8127,0,fffffff200000103,0,0
1865,1865,0,8127,0,0,235d,001c,8221,8127,0,fffffff200000103,0,0
1866,1866,0,8127,0,0,1ffd,001c,8189,8127,0,fffffff200000103,0,0
1867,1867,0,8127,0,0,1ffd,001c,8189,8127,0,fffffff200000103,0,0
1868,1868,0,8127,0,0,201d,001c,8221,8127,0,fffffff200000103,0,0
1869,1869,0,8127,0,0,1fca,001c,8138,8127,0,fffffff200000103,0,0
1870,1870,0,8127,0,0,2015,001c,8213,8127,0,fffffff200000103,0,0
1871,1871,0,8127,0,0,2018,001c,8216,8127,0,fffffff200000103,0,0
1872,1872,0,8127,0,0,1fe3,001c,8163,8127,0,fffffff200000103,0,0
1873,1873,0,8127,0,0,1ff6,001c,8182,8127,0,fffffff200000103,0,0
1874,1874,0,8127,0,0,1fcc,001c,8140,8127,0,fffffff200000103,0,0
1875,1875,0,8127,0,0,203b,001c,8251,8127,0,fffffff200000103,0,0
1876,1876,0,8127,0,0,1fd6,001c,8150,8127,0,fffffff200000103,0,0
1877,1877,0,8127,0,0,1fe1,001c,8161,8127,0,fffffff200000103,0,0
1878,1878,0,8127,0,0,2007,001c,8199,8127,0,fffffff200000103,0,0
1879,1879,0,8127,0,0,1fee,001c,8174,8127,0,fffffff200000103,0,0
1880,1880,0,8127,0,0,2020,001c,8224,8127,0,fffffff200000103,0,0
1881,1881,0,8127,0,0,1fee,001c,8174,8127,0,fffffff200000103,0,0
1882,1882,0,8127,0,0,1ff1,001c,8177,8127,0,fffffff200000103,0,0
1883,1883,0,8127,0,0,1ffc,001c,8188,8127,0,fffffff200000103,0,0
1884,1884,0,8127,0,0,1fe6,001c,8166,8127,0,fffffff200000103,0,0
1885,1885,0,8127,0,0,1fff,001c,8191,8127,0,fffffff200000103,0,0
1886,1886,0,8127,0,0,2001,001c,8193,8127,0,fffffff200000103,0,0
1887,1887,0,8127,0,0,2007,001c,8199,8127,0,fffffff200000103,0,0
1888,1888,0,8127,0,0,1ff9,001c,8185,8127,0,fffffff200000103,0,0
1889,1889,0,8127,0,0,1fea,001c,8170,8127,0,fffffff200000103,0,0
1890,1890,0,8127,0,0,2007,001c,8199,8127,0,fffffff200000103,0,0
1891,1891,0,8127,0,0,1fe9,001c,8169,8127,0,fffffff200000103,0,0
1892,1892,0,8127,0,0,2006,001c,8198,8127,0,fffffff200000103,0,0
1893,1893,0,8127,0,0,1fe2,001c,8162,8127,0,fffffff200000103,0,0
1894,1894,0,8127,0,0,2009,001c,8201,8127,0,fffffff200000103,0,0
1895,1895,0,8127,0,0,1fe0,001c,8160,8127,0,fffffff200000103,0,0
1896,1896,0,8127,0,0,2022,001c,10786,8127,0,fffffff200000103,0,0
1897,1897,0,8127,0,0,1ff6,001c,8182,8127,0,fffffff200000103,0,0
1898,1898,0,8127,0,0,1fe0,001c,8180,8127,0,fffffff200000103,0,0
1899,1899,0,8127,0,0,1ff1,001c,8177,8127,0,fffffff200000103,0,0
1900,1900,0,8127,0,0,3ff1,001c,16369,8127,0,fffffff200000103,0,0
1901,1901,0,8127,0,0,2f51,001c,11025,8127,0,fffffff200000103,0,0
1902,1902,0,8127,0,0,1fc2,001c,8130,8127,0,fffffff200000103,0,0
1903,1903,0,8127,0,0,201f,001c,8223,8127,0,fffffff200000103,0,0
1904,1904,0,8127,0,0,2015,001c,8213,8127,0,fffffff200000103,0,0
1905,1905,0,8127,0,0,1fe9,001c,8169,8127,0,fffffff200000103,0,0
1906,1906,0,8127,0,0,1fc5,001c,8133,8127,0,fffffff200000103,0,0
1907,1907,0,8127,0,0,200b,001c,8203,8127,0,fffffff200000103,0,0
1908,1908,0,8127,0,0,1ff7,001c,8183,8127,0,fffffff200000103,0,0
1909,1909,0,8127,0,0,1ffb,001c,8187,8127,0,fffffff200000103,0,0
1910,1910,0,8127,0,0,1ff0,001c,8176,8127,0,fffffff200000103,0,0
1911,1911,0,8127,0,0,201f,001c,8223,8127,0,fffffff200000103,0,0
1912,1912,0,8127,0,0,1fd8,001c,8152,8127,0,fffffff200000103,0,0
1913,1913,0,8127,0,0,200a,001c,8202,8127,0,fffffff200000103,0,0
1914,1914,0,8127,0,0,2019,001c,8217,8127,0,fffffff200000103,0,0
1915,1915,0,8127,0,0,1ff3,001c,8179,8127,0,fffffff200000103,0,0
1916,1916,0,8127,0,0,1fe8,001c,8168,8127,0,fffffff200000103,0,0
1917,1917,0,8127,0,0,2009,001c,8201,8127,0,fffffff200000103,0,0
1918,1918,0,8127,0,0,1ffa,001c,8186,8127,0,fffffff200000103,0,0
1919,1919,0,8127,0,0,2014,001c,8212,8127,0,fffffff200000103,0,0
1920,1920,0,8127,0,0,1ff0,001c,8176,8127,0,fffffff200000103,0,0
1921,1921,0,8127,0,0,1ffc,001c,8188,8127,0,fffffff200000103,0,0
1922,1922,0,8127,0,0,1ff6,001c,8182,8127,0,fffffff200000103,0,0
1923,1923,0,8127,0,0,1fec,001c,8172,8127,0,fffffff200000103,0,0
1924,1924,0,8127,0,0,2001,001c,8193,8127,0,fffffff200000103,0,0
1925,1925,0,8127,0,0,2007,001c,8199,8127,0,fffffff200000103,0,0
1926,1926,0,8127,0,0,1fda,001c,8154,8127,0,fffffff200000103,0,0
1927,1927,0,8127,0,0,200a,001c,8202,8127,0,fffffff200000103,0,0
1928,1928,0,8127,0,0,1fe0,001c,8160,8127,0,fffffff200000103,0,0
1929,1929,0,8127,0,0,2011,001c,8209,8127,0,fffffff200000103,0,0
1930,1930,0,8127,0,0,2007,001c,8199,8127,0,fffffff200000103,0,0
1931,1931,0,8127,0,0,1fee,001c,8174,8127,0,fffffff200000103,0,0
1932,1932,0,8127,0,0,202e,001c,11822,8127,0,fffffff200000103,0,0
1933,1933,0,8127,0,0,204b,001c,8267,8127,0,fffffff200000103,0,0
1934,1934,0,8127,0,0,2017,001c,8279,8127,0,fffffff200000103,0,0
1935,1935,0,8127,0,0,3fd6,001c,16342,8127,0,fffffff200000103,0,0
1936,1936,0,8127,0,0,3ff2,001c,16370,8127,0,fffffff200000103,0,0
1937,1937,0,8127,0,0,200f,001c,8207,8127,0,fffffff200000103,0,0
1938,1938,0,8127,0,0,2fce,001c,12238,8127,0,fffffff200000103,0,0
1939,1939,0,8127,0,0,1ffe,001c,8190,8127,0,fffffff200000103,0,0
1940,1940,0,8127,0,0,1ffc,001c,8188,8127,0,fffffff200000103,0,0
1941,1941,0,8127,0,0,2007,001c,8199,8127,0,fffffff200000103,0,0
1942,1942,0,8127,0,0,200a,001c,8202,8127,0,fffffff200000103,0,0
1943,1943,0,8127,0,0,1ff7,001c,8183,8127,0,fffffff200000103,0,0
1944,1944,0,8127,0,0,200a,001c,8202,8127,0,fffffff200000103,0,0
1945,1945,0,8127,0,0,200c,001c,8204,8127,0,fffffff200000103,0,0
1946,1946,0,8127,0,0,1fea,001c,8170,8127,0,fffffff200000103,0,0
1947,1947,0,8127,0,0,2031,001c,8241,8127,0,fffffff200000103,0,0
1948,1948,0,8127,0,0,1fde,001c,8158,8127,0,fffffff200000103,0,0
1949,1949,0,8127,0,0,1ff8,001c,8184,8127,0,fffffff200000103,0,0
1950,1950,0,8127,0,0,1fe9,001c,8169,8127,0,fffffff200000103,0,0
1951,1951,0,8127,0,0,1ff2,001c,8178,8127,0,fffffff200000103,0,0
1952,1952,0,8127,0,0,1ff2,001c,8178,8127,0,fffffff200000103,0,0
1953,1953,0,8127,0,0,1ff4,001c,8180,8127,0,fffffff200000103,0,0
1954,1954,0,8127,0,0,2010,001c,8208,8127,0,fffffff200000103,0,0
1955,1955,0,8127,0,0,1fd3,001c,8147,8127,0,fffffff200000103,0,0
1956,1956,0,8127,0,0,1fda,001c,8154,8127,0,fffffff200000103,0,0
1957,1957,0,8127,0,0,2011,001c,8209,8127,0,fffffff200000103,0,0
1958,1958,0,8127,0,0,1ff0,001c,8176,8127,0,fffffff200000103,0,0
1959,1959,0,8127,0,0,1ff0,001c,8176,8127,0,fffffff200000103,0,0
1960,1960,0,8127,0,0,1ffb,001c,8187,8127,0,fffffff200000103,0,0
1961,1961,0,8127,0,0,200d,001c,8205,8127,0,fffffff200000103,0,0
1962,1962,0,8127,0,0,1ff1,001c,8177,8127,0,fffffff200000103,0,0
1963,1963,0,8127,0,0,2003,001c,8195,8127,0,fffffff200000103,0,0
1964,1964,0,8127,0,0,1ffd,001c,8189,8127,0,fffffff200000103,0,0
1965,1965,0,8127,0,0,1fc6,001c,8134,8127,0,fffffff200000103,0,0
1966,1966,0,8127,0,0,200d,001c,8205,8127,0,fffffff200000103,0,0
1967,1967,0,8127,0,0,200a,001c,8202,8127,0,fffffff200000103,0,0
1968,1968,0,8127,0,0,1fdb,001c,8155,8127,0,fffffff200000103,0,0
1969,1969,0,8127,0,0,1fff,001c,8191,8127,0,fffffff200000103,0,0
1970,1970,0,8127,0,0,1ffe,001c,8191,8127,0,fffffff200000103,0,0
1971,1971,0,8127,0,0,3ffe,001c,16382,8127,0,fffffff200000103,0,0
1972,1972,0,8127,0,0,3052,001c,8210,8127,0,fffffff200000103,0,0
1973,1973,0,8127,0,0,1feb,001c,8171,8127,0,fffffff200000103,0,0
1974,1974,0,8127,0,0,2f3d,001c,12093,8127,0,fffffff200000103,0,0
1975,1975,0,8127,0,0,1ffd,001c,8189,8127,0,fffffff200000103,0,0
1976,1976,0,8127,0,0,1fea,001c,8170,8127,0,fffffff200000103,0,0
1977,1977,0,8127,0,0,201f,001c,8223,8127,0,fffffff200000103,0,0
1978,1978,0,8127,0,0,1ff7,001c,8183,8127,0,fffffff200000103,0,0
1979,1979,0,8127,0,0,1fe7,001c,8167,8127,0,fffffff200000103,0,0
1980,1980,0,8127,0,0,2015,001c,8213,8127,0,fffffff200000103,0,0
1981,1981,0,8127,0,0,2005,001c,8197,8127,0,fffffff200000103,0,0
1982,1982,0,8127,0,0,1ff7,001c,8183,8127,0,fffffff200000103,0,0
1983,1983,0,8127,0,0,1fd8,001c,8152,8127,0,fffffff200000103,0,0
1984,1984,0,8127,0,0,2046,001c,8262,8127,0,fffffff200000103,0,0
1985,1985,0,8127,0,0,1fa8,001c,8104,8127,0,fffffff200000103,0,0
1986,1986,0,8127,0,0,2006,001c,8198,8127,0,fffffff200000103,0,0
1987,1987,0,8127,0,0,1fc7,001c,8135,8127,0,fffffff200000103,0,0
1988,1988,0,8127,0,0,2009,001c,8201,8127,0,fffffff200000103,0,0
1989,1989,0,8127,0,0,2017,001c,8215,8127,0,fffffff200000103,0,0
1990,1990,0,8127,0,0,201a,001c,8218,8127,0,fffffff200000103,0,0
1991,1991,0,8127,0,0,1fef,001c,8175,8127,0,fffffff200000103,0,0
1992,1992,0,8127,0,0,1fdd,001c,8157,8127,0,fffffff200000103,0,0
1993,1993,0,8127,0,0,1ff8,001c,8184,8127,0,fffffff200000103,0,0
1994,1994,0,8127,0,0,200d,001c,8205,8127,0,fffffff200000103,0,0
1995,1995,0,8127,0,0,1ff0,001c,8176,8127,0,fffffff200000103,0,0
1996,1996,0,8127,0,0,2010,001c,8208,8127,0,fffffff200000103,0,0
1997,1997,0,8127,0,0,1fd9,001c,8153,8127,0,fffffff200000103,0,0
1998,1998,0,8127,0,0,200c,001c,8204,8127,0,fffffff200000103,0,0
1999,1999,0,8127,0,0,1fe1,001c,8161,8127,0,fffffff200000103,0,0
2000,2000,0,8127,0,0,2009,001c,8201,8127,0,fffffff200000103,0,0
2001,2001,0,8127,0,0,1ff4,001c,8180,8127,0,fffffff200000103,0,0
2002,2002,0,8127,0,0,1fe1,001c,8161,8127,0,fffffff200000103,0,0
2003,2003,0,8127,0,0,1fff,001c,8191,8127,0,fffffff200000103,0,0
2004,2004,0,8127,0,0,2027,001c,11951,8127,0,fffffff200000103,0,0
2005,2005,0,8127,0,0,1fef,001c,16367,8127,0,fffffff200000103,0,0
2006,2006,0,8127,0,0,3fff,001c,16383,8127,0,fffffff200000103,0,0
2007,2007,0,8127,0,0,3fdd,001c,16349,8127,0,fffffff200000103,0,0
2008,2008,0,8127,0,0,3fdd,001c,8157,8127,0,fffffff200000103,0,0
2009,2009,0,8127,0,0,2fde,001c,12254,8127,0,fffffff200000103,0,0
2010,2010,0,8127,0,0,1ffe,001c,8190,8127,0,fffffff200000103,0,0
2011,2011,0,8127,0,0,1ffe,001c,8190,8127,0,fffffff200000103,0,0
2012,2012,0,8127,0,0,1ffe,001c,8190,8127,0,fffffff200000103,0,0
2013,2013,0,8127,0,0,2001,001c,8193,8127,0,fffffff200000103,0,0
2014,2014,0,8127,0,0,1ffe,001c,8190,8127,0,fffffff200000103,0,0
2015,2015,0,8127,0,0,2026,001c,8230,8127,0,fffffff200000103,0,0
2016,2016,0,8127,0,0,1fe0,001c,8160,8127,0,fffffff200000103,0,0
2017,2017,0,8127,0,0,200d,001c,8205,8127,0,fffffff200000103,0,0
2018,2018,0,8127,0,0,1fbe,001c,8126,8127,0,fffffff200000103,0,0
2019,2019,0,8127,0,0,2019,001c,8217,8127,0,fffffff200000103,0,0
2020,2020,0,8127,0,0,1fdf,001c,8159,8127,0,fffffff200000103,0,0
2021,2021,0,8127,0,0,1ffd,001c,8189,8127,0,fffffff200000103,0,0
2022,2022,0,8127,0,0,2007,001c,8199,8127,0,fffffff200000103,0,0
2023,2023,0,8127,0,0,201b,001c,8219,8127,0,fffffff200000103,0,0
2024,2024,0,8127,0,0,1fcd,001c,8141,8127,0,fffffff200000103,0,0
2025,2025,0,8127,0,0,2009,001c,8201,8127,0,fffffff200000103,0,0
2026,2026,0,8127,0,0,1fe6,001c,8166,8127,0,fffffff200000103,0,0
2027,2027,0,8127,0,0,200a,001c,8202,8127,0,fffffff200000103,0,0
2028,2028,0,8127,0,0,1ffa,001c,8186,8127,0,fffffff200000103,0,0
2029,2029,0,8127,0,0,2005,001c,8197,8127,0,fffffff200000103,0,0
2030,2030,0,8127,0,0,1fee,001c,8174,8127,0,fffffff200000103,0,0
2031,2031,0,8127,0,0,1ff2,001c,8178,8127,0,fffffff200000103,0,0
2032,2032,0,8127,0,0,1fd6,001c,8150,8127,0,fffffff200000103,0,0
2033,2033,0,8127,0,0,2002,001c,8194,8127,0,fffffff200000103,0,0
2034,2034,0,8127,0,0,202d,001c,8237,8127,0,fffffff200000103,0,0
2035,2035,0,8127,0,0,1fe7,001c,8167,8127,0,fffffff200000103,0,0
2036,2036,0,8127,0,0,1fec,001c,8172,8127,0,fffffff200000103,0,0
2037,2037,0,8127,0,0,2015,001c,8213,8127,0,fffffff200000103,0,0
2038,2038,0,8127,0,0,1fcf,001c,8143,8127,0,fffffff200000103,0,0
2039,2039,0,8127,0,0,201a,001c,10778,8127,0,fffffff200000103,0,0
2040,2040,0,8127,0,0,1fdb,001c,8155,8127,0,fffffff200000103,0,0
2041,2041,0,8127,0,0,1fff,001c,8191,8127,0,fffffff200000103,0,0
2042,2042,0,8127,0,0,3ffe,001c,16382,8127,0,fffffff200000103,0,0
2043,2043,0,8127,0,0,200e,001c,8206,8127,0,fffffff200000103,0,0
2044,2044,0,8127,0,0,3fe6,001c,12262,8127,0,fffffff200000103,0,0
2045,2045,0,8127,0,0,1ff7,001c,8183,8127,0,fffffff200000103,0,0
2046,2046,0,8127,0,0,1ff7,001c,8183,8127,0,fffffff200000103,0,0
2047,2047,0,8127,0,0,1ffb,001c,8187,8127,0,fffffff200000103,0,0
2048,2048,1,8127,0,0,1ff8,001c,8184,8127,0,00000000007fe403,0,1
2049,2049,0,8127,0,0,1fd8,001c,8152,8127,0,ffffffddfffffff3,0,1
2050,2050,0,8127,0,0,203d,001c,8253,8127,0,ffffff30ffffffda,0,1
2051,2051,0,8127,0,0,1fe0,001c,8160,8127,0,ffffff5900000190,0,1
2052,2052,0,8127,0,0,1fee,001c,8174,8127,0,00000094ffffff09,0,1
2053,2053,0,8127,0,0,2023,001c,8227,8127,0,fffffe85fffffe32,0,1
2054,2054,0,8127,0,0,1fda,001c,8154,8127,0,ffffff75fffffde1,0,1
2055,2055,0,8127,0,0,1ff0,001c,8176,8127,0,ffffff63ffffff93,0,1
2056,2056,0,8127,0,0,1fe7,001c,8167,8127,0,fffffeb60000001c,0,1
2057,2057,0,8127,0,0,1fe6,001c,8166,8127,0,000000b2ffffff72,0,1
2058,2058,0,8127,0,0,2021,001c,8225,8127,0,fffffee200000052,0,1
2059,2059,0,8127,0,0,1ff2,001c,8178,8127,0,fffffe66fffffd80,0,1
2060,2060,0,8127,0,0,1fee,001c,8174,8127,0,fffffcde0000001f,0,1
2061,2061,0,8127,0,0,1ffe,001c,8190,8127,0,ffffff680000004b,0,1
2062,2062,0,8127,0,0,1ff2,001c,8178,8127,0,000002e90000005f,0,1
2063,2063,0,8127,0,0,1ffa,001c,8186,8127,0,fffffef9ffffffe2,0,1
2064,2064,0,8127,0,0,2008,001c,8200,8127,0,00000026ffffff85,0,1
2065,2065,0,8127,0,0,200a,001c,8202,8127,0,ffffff1efffffeb4,0,1
2066,2066,0,8127,0,0,2005,001c,8197,8127,0,0000006dffffff37,0,1
2067,2067,0,8127,0,0,1fe5,001c,8165,8127,0,000000f900000392,0,1
2068,2068,0,8127,0,0,1ff5,001c,8181,8127,0,0000022a000000eb,0,1
2069,2069,0,8127,0,0,1fe7,001c,8167,8127,0,ffffffaa000000b0,0,1
2070,2070,0,8127,0,0,1fe4,001c,8164,8127,0,fffffe6bffffffd7,0,1
2071,2071,0,8127,0,0,1ff0,001c,8176,8127,0,ffffffc6000000d0,0,1
2072,2072,0,8127,0,0,1fed,001c,8173,8127,0,0000002100000071,0,1
2073,2073,0,8127,0,0,1ff9,001c,8185,8127,0,ffffffd7fffffe89,0,1
2074,2074,0,8127,0,0,2008,001c,8200,8127,0,000001b1000000c3,0,1
2075,2075,0,8127,0,0,1ff5,001c,8189,8127,0,fffffd63fffffe4f,0,1
2076,2076,0,8127,0,0,1ff3,001c,8179,8127,0,fffffe46ffffff4a,0,1
2077,2077,0,8127,0,0,1feb,001c,8187,8127,0,fffffff5ffffff94,0,1
2078,2078,0,8127,0,0,1ffb,001c,8187,8127,0,fffffe8d00000096,0,1
2079,2079,0,8127,0,0,1ff8,001c,8184,8127,0,fffffdbc00000033,0,1
2080,2080,0,8127,0,0,3ff9,001c,8185,8127,0,fffffec2fffffb6f,0,1
2081,2081,0,8127,0,0,2011,001c,8209,8127,0,fffffcda00000118,0,1
2082,2082,0,8127,0,0,1fef,001c,8175,8127,0,fffffeddffffff92,0,1
2083,2083,0,8127,0,0,2035,001c,8245,8127,0,000001f10000016d,0,1
2084,2084,0,8127,0,0,2bf5,001c,8245,8127,0,0000005a000000aa,0,1
2085,2085,0,8127,0,0,1fff,001c,8191,8127,0,0000015effffffc0,0,1
2086,2086,0,8127,0,0,1fda,001c,8154,8127,0,000001530000002a,0,1
2087,2087,0,8127,0,0,2013,001c,8211,8127,0,ffffff98ffffff13,0,1
2088,2088,0,8127,0,0,1ff3,001c,8179,8127,0,00000079fffffff5,0,1
2089,2089,0,8127,0,0,2009,001c,8201,8127,0,0000006000000109,0,1
2090,2090,0,8127,0,0,1ff3,001c,8179,8127,0,0000017800000112,0,1
2091,2091,0,8127,0,0,200a,001c,8202,8127,0,fffffe84ffffff47,0,1
2092,2092,0,8127,0,0,1fdb,001c,8155,8127,0,fffffd15000000c7,0,1
2093,2093,0,8127,0,0,2007,001c,8199,8127,0,00000009ffffff2d,0,1
2094,2094,0,8127,0,0,1fd6,001c,8150,8127,0,000000ea00000076,0,1
2095,2095,0,8127,0,0,2016,001c,8214,8127,0,fffffee200000021,0,1
2096,2096,0,8127,0,0,1feb,001c,8171,8127,0,ffffffce00000072,0,1
2097,2097,0,8127,0,0,2012,001c,8210,8127,0,0000000b0000014d,0,1
2098,2098,0,8127,0,0,200e,001c,8206,8127,0,fffffbce0000016f,0,1
2099,2099,0,8127,0,0,1fea,001c,8170,8127,0,0000019a000000a5,0,1
2100,2100,0,8127,0,0,1fe8,001c,8168,8127,0,fffffef80000004f,0,1
2101,2101,0,8127,0,0,2015,001c,8213,8127,0,fffffdfcfffffff6,0,1
2102,2102,0,8127,0,0,1fd8,001c,8152,8127,0,00000093ffffffb3,0,1
2103,2103,0,8127,0,0,2024,001c,8228,8127,0,ffffff94ffffff6c,0,1
2104,2104,0,8127,0,0,1fdc,001c,8156,8127,0,ffffff2cffffff3a,0,1
2105,2105,0,8127,0,0,1ffe,001c,8190,8127,0,ffffff3bffffffeb,0,1
2106,2106,0,8127,0,0,1fea,001c,8170,8127,0,fffffff3fffffe6a,0,1
2107,2107,0,8127,0,0,2025,001c,8229,8127,0,00000077fffffee3,0,1
2108,2108,0,8127,0,0,1fec,001c,8172,8127,0,0000012e00000015,0,1
2109,2109,0,8127,0,0,1ff1,001c,8177,8127,0,fffffeb4ffffffdc,0,1
2110,2110,0,8127,0,0,2008,001c,8232,8127,0,fffffef00000004a,0,1
2111,2111,0,8127,0,0,2008,001c,8200,8127,0,fffffe25fffffe29,0,1
2112,2112,0,8127,0,0,1fdc,001c,8156,8127,0,0000006000000044,0,1
2113,2113,0,8127,0,0,3fbf,001c,16383,8127,0,00000013ffffff17,0,1
2114,2114,0,8127,0,0,3ff7,001c,13175,8127,0,fffffd42000003bd,0,1
2115,2115,0,8127,0,0,1fdf,001c,8159,8127,0,ffffff36ffffffee,0,1
2116,2116,0,8127,0,0,3fdd,001c,8157,8127,0,ffffff9dfffffe4d,0,1
2117,2117,0,8127,0,0,202f,001c,8239,8127,0,fffffee5fffffe44,0,1
2118,2118,0,8127,0,0,2fcc,001c,12236,8127,0,ffffffd000000248,0,1
2119,2119,0,8127,0,0,1fcc,001c,8140,8127,0,fffffee3ffffff1e,0,1
2120,2120,0,8127,0,0,2006,001c,8198,8127,0,ffffffe1000001ad,0,1
2121,2121,0,8127,0,0,200b,001c,8203,8127,0,0000017000000094,0,1
2122,2122,0,8127,0,0,1fc2,001c,8130,8127,0,000000f4ffffff09,0,1
2123,2123,0,8127,0,0,1ffc,001c,8188,8127,0,ffffffb20000003f,0,1
2124,2124,0,8127,0,0,202b,001c,8235,8127,0,ffffff24fffffeca,0,1
2125,2125,0,8127,0,0,1ff3,001c,8179,8127,0,000000b300000139,0,1
2126,2126,0,8127,0,0,1fc6,001c,8134,8127,0,000000c6fffffeca,0,1
2127,2127,0,8127,0,0,2007,001c,8199,8127,0,ffffffc500000002,0,1
2128,2128,0,8127,0,0,201d,001c,8221,8127,0,000000b3fffffec4,0,1
2129,2129,0,8127,0,0,1fcd,001c,8141,8127,0,0000010ffffffe62,0,1
2130,2130,0,8127,0,0,2022,001c,8226,8127,0,fffffe380000018d,0,1
2131,2131,0,8127,0,0,2004,001c,8196,8127,0,fffffff00000003d,0,1
2132,2132,0,8127,0,0,1fe4,001c,8164,8127,0,fffffde2000000c1,0,1
2133,2133,0,8127,0,0,1fdf,001c,8159,8127,0,ffffff0dfffffe72,0,1
2134,2134,0,8127,0,0,2015,001c,8213,8127,0,00000075fffffff9,0,1
2135,2135,0,8127,0,0,1ff1,001c,8177,8127,0,ffffffe4fffffe8c,0,1
2136,2136,0,8127,0,0,1ffd,001c,8189,8127,0,fffffe49000002a7,0,1
2137,2137,0,8127,0,0,1ff6,001c,8182,8127,0,0000004a00000106,0,1
2138,2138,0,8127,0,0,2006,001c,8198,8127,0,fffffedbfffffd86,0,1
2139,2139,0,8127,0,0,1fe6,001c,8166,8127,0,000001c400000206,0,1
2140,2140,0,8127,0,0,1ff5,001c,8181,8127,0,ffffffce0000007c,0,1
2141,2141,0,8127,0,0,1fdf,001c,8159,8127,0,ffffff2c0000001a,0,1
2142,2142,0,8127,0,0,1fe9,001c,8169,8127,0,ffffffe10000009c,0,1
2143,2143,0,8127,0,0,2020,001c,8224,8127,0,000000e8fffffffb,0,1
2144,2144,0,8127,0,0,200f,001c,8207,8127,0,0000006cffffff6c,0,1
2145,2145,0,8127,0,0,1feb,001c,8171,8127,0,fffffd39ffffff9a,0,1
2146,2146,0,8127,0,0,2000,001c,8232,8127,0,0000013000000106,0,1
2147,2147,0,8127,0,0,1fed,001c,8173,8127,0,ffffff4e000000a6,0,1
2148,2148,0,8127,0,0,1fff,001c,8191,8127,0,ffffff3a0000019c,0,1
2149,2149,0,8127,0,0,1ff6,001c,8182,8127,0,0000009a000000d8,0,1
2150,2150,0,8127,0,0,3ffe,001c,16374,8127,0,ffffff81ffffff72,0,1
2151,2151,0,8127,0,0,305a,001c,8218,8127,0,0000001c0000005d,0,1
2152,2152,0,8127,0,0,1fe7,001c,8167,8127,0,fffffef30000000f,0,1
2153,2153,0,8127,0,0,1fdb,001c,8155,8127,0,0000038400000102,0,1
2154,2154,0,8127,0,0,2b59,001c,8473,8127,0,ffffff4b00000226,0,1
2155,2155,0,8127,0,0,1ff8,001c,8184,8127,0,0000016bfffffec4,0,1
2156,2156,0,8127,0,0,1fcb,001c,8139,8127,0,00000081ffffff7b,0,1
2157,2157,0,8127,0,0,202a,001c,8234,8127,0,ffffffa90000001a,0,1
2158,2158,0,8127,0,0,2014,001c,8212,8127,0,ffffffd4000000a7,0,1
2159,2159,0,8127,0,0,1fc8,001c,8136,8127,0,0000013b0000018c,0,1
2160,2160,0,8127,0,0,1fea,001c,8170,8127,0,0000008bfffffe2b,0,1
2161,2161,0,8127,0,0,203c,001c,8252,8127,0,fffffd72ffffff2e,0,1
2162,2162,0,8127,0,0,1fd4,001c,8148,8127,0,ffffffb00000029a,0,1
2163,2163,0,8127,0,0,2004,001c,8196,8127,0,fffffdc700000042,0,1
2164,2164,0,8127,0,0,2014,001c,8212,8127,0,ffffff4200000097,0,1
2165,2165,0,8127,0,0,1fc3,001c,8131,8127,0,0000000b000000ae,0,1
2166,2166,0,8127,0,0,2008,001c,8200,8127,0,fffffffe000003eb,0,1
2167,2167,0,8127,0,0,203a,001c,8250,8127,0,000002bafffffeee,0,1
2168,2168,0,8127,0,0,1fe4,001c,8164,8127,0,fffffeac0000012b,0,1
2169,2169,0,8127,0,0,1fcc,001c,8140,8127,0,000003290000006e,0,1
2170,2170,0,8127,0,0,2000,001c,8192,8127,0,fffffe9dffffff24,0,1
2171,2171,0,8127,0,0,2010,001c,8208,8127,0,ffffffaaffffff8a,0,1
2172,2172,0,8127,0,0,1fcb,001c,8139,8127,0,fffffff5ffffffc1,0,1
2173,2173,0,8127,0,0,2030,001c,8240,8127,0,fffffeaaffffff8d,0,1
2174,2174,0,8127,0,0,1feb,001c,8171,8127,0,ffffff9e0000007b,0,1
2175,2175,0,8127,0,0,1fe2,001c,8162,8127,0,00000237ffffff41,0,1
2176,2176,0,8127,0,0,2011,001c,8209,8127,0,00000120fffffece,0,1
2177,2177,0,8127,0,0,1fee,001c,8174,8127,0,fffffe670000008b,0,1
2178,2178,0,8127,0,0,1ffd,001c,8189,8127,0,fffffe5000000165,0,1
2179,2179,0,8127,0,0,1ffa,001c,8186,8127,0,ffffff1700000074,0,1
2180,2180,0,8127,0,0,2010,001c,8208,8127,0,000001a9fffffc6d,0,1
2181,2181,0,8127,0,0,1fdd,001c,8157,8127,0,0000007effffff55,0,1
2182,2182,0,8127,0,0,1fd4,001c,8148,8127,0,00000168fffffde3,0,1
2183,2183,0,8127,0,0,2014,001c,11924,8127,0,0000012a000002ab,0,1
2184,2184,0,8127,0,0,1ff7,001c,16375,8127,0,fffffe450000032a,0,1
2185,2185,0,8127,0,0,3fe3,001c,16355,8127,0,fffffdb5fffffdcc,0,1
2186,2186,0,8127,0,0,3bc1,001c,12289,8127,0,0000011efffffec1,0,1
2187,2187,0,8127,0,0,1fff,001c,8174,8127,0,ffffffdbffffff01,0,1
2188,2188,0,8127,0,0,1ffd,001c,8189,8127,0,00000007ffffff0f,0,1
2189,2189,0,8127,0,0,1ffc,001c,8188,8127,0,fffffe5800000244,0,1
2190,2190,0,8127,0,0,2017,001c,8215,8127,0,ffffff5cffffffcb,0,1
2191,2191,0,8127,0,0,2019,001c,8217,8127,0,fffffedcfffffd5a,0,1
2192,2192,0,8127,0,0,1fe3,001c,8163,8127,0,00000148fffffdb5,0,1
2193,2193,0,8127,0,0,200b,001c,8203,8127,0,0000004dffffff40,0,1
2194,2194,0,8127,0,0,200a,001c,8202,8127,0,00000188fffffe8a,0,1
2195,2195,0,8127,0,0,1fe3,001c,8163,8127,0,fffffdf0ffffffca,0,1
2196,2196,0,8127,0,0,1ff4,001c,8180,8127,0,ffffff2dffffffac,0,1
2197,2197,0,8127,0,0,1fcf,001c,8143,8127,0,fffffe1e00000034,0,1
2198,2198,0,8127,0,0,200d,001c,8205,8127,0,0000010bfffffe27,0,1
2199,2199,0,8127,0,0,1fcb,001c,8139,8127,0,000000f5000002b5,0,1
2200,2200,0,8127,0,0,2026,001c,8230,8127,0,000001ad0000001e,0,1
2201,2201,0,8127,0,0,2004,001c,8196,8127,0,00000195ffffff3d,0,1
2202,2202,0,8127,0,0,1fdf,001c,8159,8127,0,00000044ffffff7a,0,1
2203,2203,0,8127,0,0,1fff,001c,8191,8127,0,000000e400000156,0,1
2204,2204,0,8127,0,0,2013,001c,8211,8127,0,00000038ffffffb0,0,1
2205,2205,0,8127,0,0,1fe3,001c,8163,8127,0,00000145000000c6,0,1
2206,2206,0,8127,0,0,2017,001c,8215,8127,0,0000008f00000084,0,1
2207,2207,0,8127,0,0,1fda,001c,8154,8127,0,fffffe4c0000002d,0,1
2208,2208,0,8127,0,0,1ff8,001c,8184,8127,0,ffffff86fffffe38,0,1
2209,2209,0,8127,0,0,200f,001c,8207,8127,0,ffffffe5ffffff15,0,1
2210,2210,0,8127,0,0,2022,001c,8226,8127,0,ffffffddfffffe48,0,1
2211,2211,0,8127,0,0,1fc2,001c,8130,8127,0,00000099ffffff12,0,1
2212,2212,0,8127,0,0,2000,001c,8192,8127,0,ffffff85ffffff4b,0,1
2213,2213,0,8127,0,0,2010,001c,8208,8127,0,00000064ffffffde,0,1
2214,2214,0,8127,0,0,2001,001c,8193,8127,0,fffffde6ffffff29,0,1
2215,2215,0,8127,0,0,1fdf,001c,8159,8127,0,fffffe4c0000014e,0,1
2216,2216,0,8127,0,0,201d,001c,8221,8127,0,000002a3ffffffa6,0,1
2217,2217,0,8127,0,0,1fe7,001c,8167,8127,0,ffffff73fffffd34,0,1
2218,2218,0,8127,0,0,1fdb,001c,8187,8127,0,00000199000000c1,0,1
2219,2219,0,8127,0,0,201f,001c,11935,8127,0,000002330000006f,0,1
2220,2220,0,8127,0,0,200b,001c,8223,8127,0,ffffff370000017a,0,1
2221,2221,0,8127,0,0,3fcf,001c,16335,8127,0,0000018fffffff24,0,1
2222,2222,0,8127,0,0,3fd5,001c,16341,8127,0,ffffffd100000013,0,1
2223,2223,0,8127,0,0,2013,001c,8211,8127,0,000000720000006f,0,1
2224,2224,0,8127,0,0,2fea,001c,12234,8127,0,ffffff9bffffffe5,0,1
2225,2225,0,8127,0,0,1fea,001c,8170,8127,0,00000055ffffff13,0,1
2226,2226,0,8127,0,0,200a,001c,8202,8127,0,fffffd3c0000011d,0,1
2227,2227,0,8127,0,0,1ffc,001c,8188,8127,0,fffffd6600000078,0,1
2228,2228,0,8127,0,0,1fec,001c,8172,8127,0,00000370000000a1,0,1
2229,2229,0,8127,0,0,2001,001c,8193,8127,0,00000199fffffeb7,0,1
2230,2230,0,8127,0,0,1ff6,001c,8182,8127,0,000001a200000329,0,1
2231,2231,0,8127,0,0,2009,001c,8201,8127,0,ffffff46000001e1,0,1
2232,2232,0,8127,0,0,1ffa,001c,8186,8127,0,000002970000018a,0,1
2233,2233,0,8127,0,0,2001,001c,8193,8127,0,000002d60000000f,0,1
2234,2234,0,8127,0,0,1ff9,001c,8185,8127,0,00000152fffffe16,0,1
2235,2235,0,8127,0,0,1fee,001c,8174,8127,0,0000006cfffffdd8,0,1
2236,2236,0,8127,0,0,1ffc,001c,8188,8127,0,0000002600000145,0,1
2237,2237,0,8127,0,0,2013,001c,8211,8127,0,000002a8ffffff38,0,1
2238,2238,0,8127,0,0,1fe0,001c,8160,8127,0,0000029400000156,0,1
2239,2239,0,8127,0,0,2009,001c,8201,8127,0,ffffff5cfffffe2a,0,1
2240,2240,0,8127,0,0,1fe1,001c,8161,8127,0,000002f3fffffe06,0,1
2241,2241,0,8127,0,0,1ff3,001c,8179,8127,0,000000a0ffffff2f,0,1
2242,2242,0,8127,0,0,1fed,001c,8173,8127,0,fffffffc00000258,0,1
2243,2243,0,8127,0,0,2008,001c,8200,8127,0,fffffb2900000191,0,1
2244,2244,0,8127,0,0,1fe5,001c,8165,8127,0,00000135fffffecd,0,1
2245,2245,0,8127,0,0,2002,001c,8194,8127,0,fffffec0fffffd02,0,1
2246,2246,0,8127,0,0,1ff0,001c,8176,8127,0,fffffebe0000010d,0,1
2247,2247,0,8127,0,0,202d,001c,8237,8127,0,ffffff1700000147,0,1
2248,2248,0,8127,0,0,1fd8,001c,8152,8127,0,ffffffe7ffffffba,0,1
2249,2249,0,8127,0,0,1fe9,001c,8169,8127,0,000000a1fffffe31,0,1
2250,2250,0,8127,0,0,1ffe,001c,8190,8127,0,00000079000000b7,0,1
2251,2251,0,8127,0,0,1ff5,001c,8181,8127,0,000000a7fffffdf9,0,1
2252,2252,0,8127,0,0,1ff2,001c,8178,8127,0,ffffff3fffffff88,0,1
2253,2253,0,8127,0,0,2032,001c,8242,8127,0,fffffebcffffff55,0,1
2254,2254,0,8127,0,0,1fe6,001c,8166,8127,0,0000019cfffffe6a,0,1
2255,2255,0,8127,0,0,241a,001c,16350,8127,0,fffffe70fffff8dd,0,1
2256,2256,0,8127,0,0,1fd9,001c,16345,8127,0,00000207000001fb,0,1
2257,2257,0,8127,0,0,1ff3,001c,8179,8127,0,fffffe78fffffd53,0,1
2258,2258,0,8127,0,0,1fff,001c,8191,8127,0,fffffd2e000002df,0,1
2259,2259,0,8127,0,0,3ffd,001c,8189,8127,0,000001a600000046,0,1
2260,2260,0,8127,0,0,2001,001c,8193,8127,0,00000035fffffebd,0,1
2261,2261,0,8127,0,0,1feb,001c,8171,8127,0,000001a5fffffefa,0,1
2262,2262,0,8127,0,0,1fee,001c,8174,8127,0,0000002bfffffdfb,0,1
2263,2263,0,8127,0,0,1fec,001c,8172,8127,0,0000010b000000e7,0,1
2264,2264,0,8127,0,0,2015,001c,8213,8127,0,000000ee0000044e,0,1
2265,2265,0,8127,0,0,1ffb,001c,8187,8127,0,fffffe1300000059,0,1
2266,2266,0,8127,0,0,2020,001c,8224,8127,0,0000039cffffff49,0,1
2267,2267,0,8127,0,0,1fdf,001c,8159,8127,0,000000d3fffffe9f,0,1
2268,2268,0,8127,0,0,1ff9,001c,8185,8127,0,fffffe9afffffdc0,0,1
2269,2269,0,8127,0,0,1fe2,001c,8162,8127,0,ffffff860000022b,0,1
2270,2270,0,8127,0,0,2013,001c,8211,8127,0,000000d5000001a7,0,1
2271,2271,0,8127,0,0,1fef,001c,8175,8127,0,000000cc0000004d,0,1
2272,2272,0,8127,0,0,2014,001c,8212,8127,0,ffffffc000000201,0,1
2273,2273,0,8127,0,0,1fe6,001c,8166,8127,0,fffffb18ffffffab,0,1
2274,2274,0,8127,0,0,2003,001c,8195,8127,0,0000009700000020,0,1
2275,2275,0,8127,0,0,1fe3,001c,8163,8127,0,fffffc0b00000097,0,1
2276,2276,0,8127,0,0,1ff1,001c,8177,8127,0,000000280000001a,0,1
2277,2277,0,8127,0,0,1fd7,001c,8151,8127,0,ffffff0b00000031,0,1
2278,2278,0,8127,0,0,2022,001c,8226,8127,0,0000007e000000bc,0,1
2279,2279,0,8127,0,0,1ff3,001c,8179,8127,0,00000129ffffff5a,0,1
2280,2280,0,8127,0,0,200d,001c,8205,8127,0,fffffc6b0000015c,0,1
2281,2281,0,8127,0,0,1ff1,001c,8177,8127,0,000002420000012f,0,1
2282,2282,0,8127,0,0,2015,001c,8213,8127,0,000001bc000001f3,0,1
2283,2283,0,8127,0,0,1fde,001c,8158,8127,0,fffffdf6ffffff53,0,1
2284,2284,0,8127,0,0,2001,001c,8193,8127,0,000000ac0000033b,0,1
2285,2285,0,8127,0,0,1fe0,001c,8160,8127,0,000000c400000159,0,1
2286,2286,0,8127,0,0,200d,001c,8205,8127,0,fffffee600000047,0,1
2287,2287,0,8127,0,0,1fe0,001c,8160,8127,0,fffffdf2fffffeb7,0,1
2288,2288,0,8127,0,0,1ff8,001c,8184,8127,0,00000088ffffff41,0,1
2289,2289,0,8127,0,0,2001,001c,8225,8127,0,ffffff97ffffffce,0,1
2290,2290,0,8127,0,0,2005,001c,8197,8127,0,000001c2ffffffed,0,1
2291,2291,0,8127,0,0,1fec,001c,8173,8127,0,ffffff7f0000030b,0,1
2292,2292,0,8127,0,0,3fff,001c,16383,8127,0,fffffff2fffffeca,0,1
2293,2293,0,8127,0,0,3fd7,001c,13143,8127,0,000001650000003f,0,1
2294,2294,0,8127,0,0,3fd6,001c,16342,8127,0,ffffffd3ffffff48,0,1
2295,2295,0,8127,0,0,2f45,001c,12101,8127,0,00000000ffffffa5,0,1
2296,2296,0,8127,0,0,1fed,001c,8173,8127,0,fffffc5dffffffb5,0,1
2297,2297,0,8127,0,0,2022,001c,8226,8127,0,ffffff39ffffff7a,0,1
2298,2298,0,8127,0,0,1fef,001c,8173,8127,0,00000056fffffd72,0,1
2299,2299,0,8127,0,0,1fef,001c,8175,8127,0,ffffffa0fffffc4a,0,1
2300,2300,0,8127,0,0,201f,001c,8223,8127,0,fffffeaafffffe89,0,1
2301,2301,0,8127,0,0,1fea,001c,8170,8127,0,fffffcccffffffa9,0,1
2302,2302,0,8127,0,0,1fe8,001c,8168,8127,0,fffffebb00000079,0,1
2303,2303,0,8127,0,0,1fff,001c,8191,8127,0,0000002e00000096,0,1
2304,2304,0,8127,0,0,1ff9,001c,8185,8127,0,0000023800000087,0,1
2305,2305,0,8127,0,0,2000,001c,8192,8127,0,fffffe21ffffff9b,0,1
2306,2306,0,8127,0,0,1fd3,001c,8147,8127,0,fffffefbffffff7b,0,1
2307,2307,0,8127,0,0,2047,001c,8263,8127,0,0000008000000029,0,1
2308,2308,0,8127,0,0,1fbc,001c,8124,8127,0,00000155fffffc4c,0,1
2309,2309,0,8127,0,0,1fe5,001c,8165,8127,0,fffffe50ffffffeb,0,1
2310,2310,0,8127,0,0,201b,001c,8219,8127,0,ffffff270000032b,0,1
2311,2311,0,8127,0,0,1ff9,001c,8185,8127,0,00000197ffffff27,0,1
2312,2312,0,8127,0,0,1ff3,001c,8179,8127,0,0000015d000000a9,0,1
2313,2313,0,8127,0,0,1ff9,001c,8185,8127,0,00000072fffffde8,0,1
2314,2314,0,8127,0,0,200e,001c,8206,8127,0,fffffcebfffffffd,0,1
2315,2315,0,8127,0,0,200f,001c,8207,8127,0,000000bb000002b1,0,1
2316,2316,0,8127,0,0,1fd4,001c,8148,8127,0,fffffbe8ffffff6b,0,1
2317,2317,0,8127,0,0,201b,001c,8219,8127,0,fffffa38ffffffa3,0,1
2318,2318,0,8127,0,0,1ff3,001c,8179,8127,0,00000195fffffc7d,0,1
2319,2319,0,8127,0,0,1fea,001c,8170,8127,0,ffffff2c000001c7,0,1
2320,2320,0,8127,0,0,1fff,001c,8191,8127,0,0000031bffffff3e,0,1
2321,2321,0,8127,0,0,1feb,001c,8171,8127,0,00000237fffffcad,0,1
2322,2322,0,8127,0,0,2006,001c,8198,8127,0,fffffdafffffff45,0,1
2323,2323,0,8127,0,0,1fd5,001c,8149,8127,0,ffffff07000001dc,0,1
2324,2324,0,8127,0,0,2025,001c,8229,8127,0,fffffbd3ffffff14,0,1
2325,2325,0,8127,0,0,1ff7,001c,8183,8127,0,00000188fffffd58,0,1
2326,2326,0,8127,0,0,1ffe,001c,8190,8127,0,000001b6fffffc06,0,1
2327,2327,0,8127,0,0,24aa,001c,12286,8127,0,00000059fffffcc1,0,1
2328,2328,0,8127,0,0,1fe7,001c,16327,8127,0,ffffff1300000595,0,1
2329,2329,0,8127,0,0,3fef,001c,16359,8127,0,fffffb8cfffffee2,0,1
2330,2330,0,8127,0,0,200f,001c,8207,8127,0,00000193fffffff7,0,1
2331,2331,0,8127,0,0,200d,001c,8205,8127,0,fffffda200000298,0,1
2332,2332,0,8127,0,0,204d,001c,8269,8127,0,000002bb00000163,0,1
2333,2333,0,8127,0,0,2fe5,001c,12101,8127,0,0000000efffffe41,0,1
2334,2334,0,8127,0,0,1fe5,001c,8165,8127,0,0000027f00000352,0,1
2335,2335,0,8127,0,0,2003,001c,8195,8127,0,00000415fffffeb8,0,1
2336,2336,0,8127,0,0,1faf,001c,8111,8127,0,ffffff97fffffd02,0,1
2337,2337,0,8127,0,0,201a,001c,8218,8127,0,000003b0ffffff98,0,1
2338,2338,0,8127,0,0,201c,001c,8220,8127,0,0000006700000236,0,1
2339,2339,0,8127,0,0,1fb4,001c,8116,8127,0,fffffe09ffffff53,0,1
2340,2340,0,8127,0,0,203e,001c,8254,8127,0,ffffffcf000003c9,0,1
2341,2341,0,8127,0,0,1ff6,001c,8182,8127,0,fffffe2f0000003f,0,1
2342,2342,0,8127,0,0,1fe4,001c,8164,8127,0,fffffdeb0000000c,0,1
2343,2343,0,8127,0,0,1ff7,001c,8183,8127,0,fffffcd5fffffe1e,0,1
2344,2344,0,8127,0,0,1fef,001c,8175,8127,0,fffffdcb000003ff,0,1
2345,2345,0,8127,0,0,200a,001c,8202,8127,0,000002fa0000016f,0,1
2346,2346,0,8127,0,0,1fe1,001c,8161,8127,0,fffffaef00000143,0,1
2347,2347,0,8127,0,0,2018,001c,8216,8127,0,0000012cfffffc87,0,1
2348,2348,0,8127,0,0,1fdc,001c,8156,8127,0,fffffd690000028d,0,1
2349,2349,0,8127,0,0,1ffc,001c,8188,8127,0,fffffdf40000013c,0,1
2350,2350,0,8127,0,0,1ffd,001c,8189,8127,0,0000001900000299,0,1
2351,2351,0,8127,0,0,1ff0,001c,8176,8127,0,fffffcfeffffff31,0,1
2352,2352,0,8127,0,0,201d,001c,8221,8127,0,fffffd9a000002a0,0,1
2353,2353,0,8127,0,0,1ffe,001c,8190,8127,0,fffffceeffffff58,0,1
2354,2354,0,8127,0,0,1ff1,001c,8177,8127,0,ffffffe0ffffff4b,0,1
2355,2355,0,8127,0,0,2008,001c,8200,8127,0,fffffe67ffffff52,0,1
2356,2356,0,8127,0,0,1fef,001c,8175,8127,0,ffffffa700000438,0,1
2357,2357,0,8127,0,0,1ff6,001c,8182,8127,0,ffffff04ffffff80,0,1
2358,2358,0,8127,0,0,1fc8,001c,8136,8127,0,fffffde8fffffc4c,0,1
2359,2359,0,8127,0,0,2021,001c,8225,8127,0,fffffdb0000006f8,0,1
2360,2360,0,8127,0,0,2009,001c,8201,8127,0,fffff9e0fffffdc2,0,1
2361,2361,0,8127,0,0,2009,001c,8201,8127,0,0000007bfffffe41,0,1
2362,2362,0,8127,0,0,1fe9,001c,8169,8127,0,000007a2fffffbc5,0,1
2363,2363,0,8127,0,0,1fff,001c,8191,8127,0,fffffdca00000ac4,0,1
2364,2364,0,8127,0,0,3fbf,001c,16383,8127,0,000006d6fffffde7,0,1
2365,2365,0,8127,0,0,3fdf,001c,16351,8127,0,00000293fffff993,0,1
2366,2366,0,8127,0,0,1ff7,001c,8183,8127,0,fffff99bfffff99b,0,1
2367,2367,0,8127,0,0,3ff1,001c,8177,8127,0,000006e8fffffbc6,0,1
2368,2368,0,8127,0,0,2031,001c,8241,8127,0,fffffc22000008fe,0,1
2369,2369,0,8127,0,0,1fce,001c,8142,8127,0,fffff6a2fffffc3e,0,1
2370,2370,0,8127,0,0,2017,001c,8215,8127,0,0000045d00000bf0,0,1
2371,2371,0,8127,0,0,200b,001c,8203,8127,0,fffffed0000004f6,0,1
2372,2372,0,8127,0,0,1fc8,001c,8136,8127,0,0000021afffffce4,0,1
2373,2373,0,8127,0,0,1fe7,001c,8167,8127,0,fffff8f2ffffffbd,0,1
2374,2374,0,8127,0,0,2005,001c,8197,8127,0,000000d8fffff9b6,0,1
2375,2375,0,8127,0,0,2016,001c,8214,8127,0,ffffff4100000172,0,1
2376,2376,0,8127,0,0,1ff3,001c,8179,8127,0,fffffad1ffffffe3,0,1
2377,2377,0,8127,0,0,2006,001c,8198,8127,0,000003f4fffffd20,0,1
2378,2378,0,8127,0,0,2000,001c,8192,8127,0,ffffffa3ffffff6a,0,1
2379,2379,0,8127,0,0,1fdf,001c,8159,8127,0,fffffdbafffffc5b,0,1
2380,2380,0,8127,0,0,200a,001c,8202,8127,0,ffffff5a00000258,0,1
2381,2381,0,8127,0,0,200e,001c,8206,8127,0,000003f0000002de,0,1
2382,2382,0,8127,0,0,1fec,001c,8172,8127,0,fffff95e00000340,0,1
2383,2383,0,8127,0,0,1ff8,001c,8184,8127,0,000000d800000135,0,1
2384,2384,0,8127,0,0,2021,001c,8225,8127,0,ffffffadffffff98,0,1
2385,2385,0,8127,0,0,1fcd,001c,8141,8127,0,fffffe68fffffdd7,0,1
2386,2386,0,8127,0,0,2001,001c,8193,8127,0,0000010d000003ca,0,1
2387,2387,0,8127,0,0,200e,001c,8206,8127,0,000000a0fffff621,0,1
2388,2388,0,8127,0,0,1fd8,001c,8152,8127,0,fffffbeaffffff91,0,1
2389,2389,0,8127,0,0,1ff7,001c,8183,8127,0,fffff9b70000009c,0,1
2390,2390,0,8127,0,0,202f,001c,8239,8127,0,fffffee0fffffc86,0,1
2391,2391,0,8127,0,0,1fdf,001c,8159,8127,0,00000261000002e7,0,1
2392,2392,0,8127,0,0,1ffb,001c,8187,8127,0,0000012dfffffe4d,0,1
2393,2393,0,8127,0,0,2015,001c,8213,8127,0,fffffdc600000006,0,1
2394,2394,0,8127,0,0,2002,001c,8194,8127,0,fffffb630000008a,0,1
2395,2395,0,8127,0,0,1fc8,001c,8136,8127,0,0000003700000337,0,1
2396,2396,0,8127,0,0,2010,001c,8208,8127,0,00000027fffffa8b,0,1
2397,2397,0,8127,0,0,1fda,001c,8154,8127,0,ffffff4bfffffe9b,0,1
2398,2398,0,8127,0,0,2408,001c,12234,8127,0,fffffd69fffffffa,0,1
2399,2399,0,8127,0,0,1fed,001c,16365,8127,0,000000580000001f,0,1
2400,2400,0,8127,0,0,3fed,001c,16365,8127,0,fffffbd400000134,0,1
2401,2401,0,8127,0,0,3bcc,001c,12300,8127,0,000002e500000378,0,1
2402,2402,0,8127,0,0,1ff6,001c,8182,8127,0,ffffff4efffffc98,0,1
2403,2403,0,8127,0,0,1ff6,001c,8182,8127,0,fffffefd00000109,0,1
2404,2404,0,8127,0,0,201b,001c,8219,8127,0,00000143000001cf,0,1
2405,2405,0,8127,0,0,1fce,001c,8142,8127,0,fffffdc6ffffffda,0,1
2406,2406,0,8127,0,0,1fe6,001c,8166,8127,0,ffffff66fffffcff,0,1
2407,2407,0,8127,0,0,203d,001c,8253,8127,0,ffffffbd00000050,0,1
2408,2408,0,8127,0,0,1fd7,001c,8151,8127,0,fffffbf000000196,0,1
2409,2409,0,8127,0,0,1ff7,001c,8183,8127,0,fffffd28fffffdfe,0,1
2410,2410,0,8127,0,0,1fec,001c,8172,8127,0,ffffffdbfffffab4,0,1
2411,2411,0,8127,0,0,200f,001c,8207,8127,0,fffffd740000002f,0,1
2412,2412,0,8127,0,0,1fd1,001c,8145,8127,0,ffffff490000062d,0,1
2413,2413,0,8127,0,0,2015,001c,8213,8127,0,fffffda200000203,0,1
2414,2414,0,8127,0,0,200f,001c,8207,8127,0,ffffff2200000095,0,1
2415,2415,0,8127,0,0,1fdd,001c,8157,8127,0,ffffffbf000002e4,0,1
2416,2416,0,8127,0,0,1fea,001c,8170,8127,0,fffffe4bfffffdb3,0,1
2417,2417,0,8127,0,0,2010,001c,8208,8127,0,fffffe56fffffdb0,0,1
2418,2418,0,8127,0,0,1fe7,001c,8167,8127,0,00000148ffffff48,0,1
2419,2419,0,8127,0,0,1fe2,001c,8162,8127,0,000000acffffff1d,0,1
2420,2420,0,8127,0,0,2017,001c,8215,8127,0,00000082ffffff3f,0,1
2421,2421,0,8127,0,0,1fe9,001c,8169,8127,0,0000058e0000022b,0,1
2422,2422,0,8127,0,0,1fed,001c,8173,8127,0,0000007efffffec5,0,1
2423,2423,0,8127,0,0,2032,001c,8242,8127,0,ffffff58000003dc,0,1
2424,2424,0,8127,0,0,1fc6,001c,8134,8127,0,fffffe3afffffe7b,0,1
2425,2425,0,8127,0,0,1fe1,001c,8161,8127,0,0000064cfffffdab,0,1
2426,2426,0,8127,0,0,2018,001c,8216,8127,0,fffffdadffffffda,0,1
2427,2427,0,8127,0,0,1fdf,001c,8159,8127,0,ffffff5ffffffbbd,0,1
2428,2428,0,8127,0,0,1fcb,001c,8139,8127,0,fffffee000000134,0,1
2429,2429,0,8127,0,0,2022,001c,8226,8127,0,fffffd1900000244,0,1
2430,2430,0,8127,0,0,2006,001c,8198,8127,0,00000171fffffda6,0,1
2431,2431,0,8127,0,0,1fe1,001c,8161,8127,0,ffffff92fffffdfe,0,1
2432,2432,0,8127,0,0,1fe5,001c,8165,8127,0,000006cbfffffe49,0,1
2433,2433,0,8127,0,0,2029,001c,8745,8127,0,ffffff9300000045,0,1
2434,2434,0,8127,0,0,1fef,001c,8175,8127,0,0000001cffffff9f,0,1
2435,2435,0,8127,0,0,1fff,001c,8191,8127,0,000003c4000002c9,0,1
2436,2436,0,8127,0,0,3ffe,001c,16382,8127,0,ffffffdbfffffc61,0,1
2437,2437,0,8127,0,0,306a,001c,8234,8127,0,ffffffdf000000ea,0,1
2438,2438,0,8127,0,0,1fed,001c,8173,8127,0,fffffff3fffffe88,0,1
2439,2439,0,8127,0,0,1fe5,001c,8165,8127,0,fffffe7bffffffbe,0,1
2440,2440,0,8127,0,0,2b1d,001c,8221,8127,0,fffffdd7fffffd42,0,1
2441,2441,0,8127,0,0,1fff,001c,8191,8127,0,ffffffde00000179,0,1
2442,2442,0,8127,0,0,1ff6,001c,8182,8127,0,0000001cffffff27,0,1
2443,2443,0,8127,0,0,1fe3,001c,8163,8127,0,000002ea000000a4,0,1
2444,2444,0,8127,0,0,2000,001c,8192,8127,0,000001cafffffeb2,0,1
2445,2445,0,8127,0,0,1fd9,001c,8153,8127,0,00000215ffffff0f,0,1
2446,2446,0,8127,0,0,200a,001c,8202,8127,0,ffffffb3fffffe5c,0,1
2447,2447,0,8127,0,0,2019,001c,8217,8127,0,00000406000001a4,0,1
2448,2448,0,8127,0,0,1fd6,001c,8150,8127,0,fffffd3bfffff828,0,1
2449,2449,0,8127,0,0,1feb,001c,8171,8127,0,fffffc8100000130,0,1
2450,2450,0,8127,0,0,1ff3,001c,8179,8127,0,ffffff5c0000023e,0,1
2451,2451,0,8127,0,0,1ffe,001c,8190,8127,0,fffffd2dfffffdd5,0,1
2452,2452,0,8127,0,0,2007,001c,8199,8127,0,fffffcc8fffffdd1,0,1
2453,2453,0,8127,0,0,2004,001c,8196,8127,0,000003d4fffffa16,0,1
2454,2454,0,8127,0,0,1ff7,001c,8183,8127,0,000000d0ffffff70,0,1
2455,2455,0,8127,0,0,1fd7,001c,8151,8127,0,0000062c00000612,0,1
2456,2456,0,8127,0,0,2031,001c,8241,8127,0,0000002400000463,0,1
2457,2457,0,8127,0,0,1fe2,001c,8162,8127,0,fffffdb600000426,0,1
2458,2458,0,8127,0,0,1ffd,001c,8189,8127,0,000004a200000464,0,1
2459,2459,0,8127,0,0,1ff1,001c,8177,8127,0,0000000ffffff751,0,1
2460,2460,0,8127,0,0,1fef,001c,8175,8127,0,0000020f000001e5,0,1
2461,2461,0,8127,0,0,2007,001c,8199,8127,0,ffffff7efffff31f,0,1
2462,2462,0,8127,0,0,2014,001c,8212,8127,0,fffffd7d000001a6,0,1
2463,2463,0,8127,0,0,1fc2,001c,8130,8127,0,00000beffffffe2a,0,1
2464,2464,0,8127,0,0,1ffe,001c,8190,8127,0,fffffec400000a4e,0,1
2465,2465,0,8127,0,0,1fdd,001c,8157,8127,0,000002a5000005cd,0,1
2466,2466,0,8127,0,0,1fea,001c,8170,8127,0,000002e5000001c8,0,1
2467,2467,0,8127,0,0,1fef,001c,8175,8127,0,0000032effffffdf,0,1
2468,2468,0,8127,0,0,1fff,001c,8191,8127,0,fffff89800000098,0,1
2469,2469,0,8127,0,0,1ffd,001c,8189,8127,0,fffffef500000353,0,1
2470,2470,0,8127,0,0,1ffd,001c,8189,8127,0,fffffb140000063d,0,1
2471,2471,0,8127,0,0,2fbf,001c,16383,8127,0,fffff9c6fffffec0,0,1
2472,2472,0,8127,0,0,3fde,001c,12382,8127,0,fffffd40ffffffbd,0,1
2473,2473,0,8127,0,0,1ffb,001c,8187,8127,0,000000530000004c,0,1
2474,2474,0,8127,0,0,1ffb,001c,8187,8127,0,00000326fffff99c,0,1
2475,2475,0,8127,0,0,1ffb,001c,8187,8127,0,000004e2ffffffa4,0,1
2476,2476,0,8127,0,0,1fe8,001c,8168,8127,0,fffff89e00000237,0,1
2477,2477,0,8127,0,0,2012,001c,8210,8127,0,ffffffb3fffffa2a,0,1
2478,2478,0,8127,0,0,1fe9,001c,8169,8127,0,ffffff46fffffada,0,1
2479,2479,0,8127,0,0,2008,001c,8200,8127,0,00000162000000d5,0,1
2480,2480,0,8127,0,0,2012,001c,8210,8127,0,000004db0000062d,0,1
2481,2481,0,8127,0,0,1fe2,001c,8162,8127,0,0000028cfffffaa2,0,1
2482,2482,0,8127,0,0,1ff8,001c,8184,8127,0,fffffeca000004cf,0,1
2483,2483,0,8127,0,0,1fee,001c,8174,8127,0,fffffe5efffffd72,0,1
2484,2484,0,8127,0,0,2005,001c,8197,8127,0,000002dbfffffd10,0,1
2485,2485,0,8127,0,0,1ff2,001c,8178,8127,0,0000029dffffff79,0,1
2486,2486,0,8127,0,0,2019,001c,8217,8127,0,fffffd540000002b,0,1
2487,2487,0,8127,0,0,1fff,001c,8191,8127,0,ffffff7b00000002,0,1
2488,2488,0,8127,0,0,1fc6,001c,8134,8127,0,0000012400000103,0,1
2489,2489,0,8127,0,0,2010,001c,8208,8127,0,00000347000002a2,0,1
2490,2490,0,8127,0,0,1fdb,001c,8155,8127,0,fffffffc000001a4,0,1
2491,2491,0,8127,0,0,1fe4,001c,8164,8127,0,fffffa4ffffffd8d,0,1
2492,2492,0,8127,0,0,2006,001c,8198,8127,0,fffffd30000000bf,0,1
2493,2493,0,8127,0,0,2004,001c,8196,8127,0,fffffed1fffffbe3,0,1
2494,2494,0,8127,0,0,201b,001c,8219,8127,0,fffffe15fffffffd,0,1
2495,2495,0,8127,0,0,1fda,001c,8154,8127,0,000000a100000173,0,1
2496,2496,0,8127,0,0,2008,001c,8200,8127,0,00000327ffffff3e,0,1
2497,2497,0,8127,0,0,1fdc,001c,8156,8127,0,0000004800000219,0,1
2498,2498,0,8127,0,0,1ffc,001c,8188,8127,0,ffffffaf00000495,0,1
2499,2499,0,8127,0,0,2005,001c,8197,8127,0,fffffe38000001f4,0,1
2500,2500,0,8127,0,0,1ffa,001c,8186,8127,0,fffffed1000002ff,0,1
2501,2501,0,8127,0,0,201c,001c,8220,8127,0,fffffcddfffffe93,0,1
2502,2502,0,8127,0,0,1fd8,001c,8152,8127,0,00000086ffffff01,0,1
2503,2503,0,8127,0,0,1ffb,001c,8187,8127,0,00000027000002bb,0,1
2504,2504,0,8127,0,0,1fe1,001c,8161,8127,0,ffffff570000020a,0,1
2505,2505,0,8127,0,0,1fd8,001c,8184,8127,0,00000092000000fa,0,1
2506,2506,0,8127,0,0,269e,001c,16350,8127,0,000000660000019a,0,1
2507,2507,0,8127,0,0,3ffe,001c,16350,8127,0,0000003b000001d5,0,1
2508,2508,0,8127,0,0,1feb,001c,8171,8127,0,ffffffda00000159,0,1
2509,2509,0,8127,0,0,3ffb,001c,8171,8127,0,ffffff450000001a,0,1
2510,2510,0,8127,0,0,2010,001c,8208,8127,0,00000056000001a6,0,1
2511,2511,0,8127,0,0,1fee,001c,8174,8127,0,00000055ffffff4a,0,1
2512,2512,0,8127,0,0,200d,001c,8205,8127,0,00000051000001c1,0,1
2513,2513,0,8127,0,0,1fda,001c,8154,8127,0,0000002300000254,0,1
2514,2514,0,8127,0,0,2001,001c,8193,8127,0,fffffc6e00000021,0,1
2515,2515,0,8127,0,0,200b,001c,8203,8127,0,ffffffc1fffffe81,0,1
2516,2516,0,8127,0,0,1ff8,001c,8184,8127,0,0000025700000131,0,1
2517,2517,0,8127,0,0,2003,001c,8195,8127,0,00000061ffffffae,0,1
2518,2518,0,8127,0,0,1fe3,001c,8163,8127,0,0000001800000174,0,1
2519,2519,0,8127,0,0,1fe3,001c,8163,8127,0,fffffe6800000296,0,1
2520,2520,0,8127,0,0,2016,001c,8214,8127,0,fffffd5b00000159,0,1
2521,2521,0,8127,0,0,1fcc,001c,8140,8127,0,000000230000014b,0,1
2522,2522,0,8127,0,0,1ff5,001c,8181,8127,0,fffffd23ffffff54,0,1
2523,2523,0,8127,0,0,2004,001c,8196,8127,0,ffffff39000000ff,0,1
2524,2524,0,8127,0,0,201b,001c,8219,8127,0,fffffe93fffffe8d,0,1
2525,2525,0,8127,0,0,1fa0,001c,8096,8127,0,0000011a0000005f,0,1
2526,2526,0,8127,0,0,2011,001c,8209,8127,0,00000273000004fd,0,1
2527,2527,0,8127,0,0,2022,001c,8226,8127,0,ffffff98000000e3,0,1
2528,2528,0,8127,0,0,1fd5,001c,8149,8127,0,000000c6000002f5,0,1
2529,2529,0,8127,0,0,2004,001c,8196,8127,0,00000284ffffff35,0,1
2530,2530,0,8127,0,0,1ff8,001c,8184,8127,0,ffffff4d000000aa,0,1
2531,2531,0,8127,0,0,1ff0,001c,8176,8127,0,fffffde8000000f4,0,1
2532,2532,0,8127,0,0,2012,001c,8210,8127,0,fffffd37fffffeed,0,1
2533,2533,0,8127,0,0,2001,001c,8193,8127,0,fffffd80ffffff3c,0,1
2534,2534,0,8127,0,0,1fe9,001c,8169,8127,0,000002060000028a,0,1
2535,2535,0,8127,0,0,2007,001c,8199,8127,0,00000420000000f5,0,1
2536,2536,0,8127,0,0,1fd2,001c,8146,8127,0,00000050000002b5,0,1
2537,2537,0,8127,0,0,2002,001c,8194,8127,0,ffffff96000001fb,0,1
2538,2538,0,8127,0,0,1ffc,001c,8188,8127,0,000001b200000439,0,1
2539,2539,0,8127,0,0,200d,001c,8205,8127,0,000001610000027c,0,1
2540,2540,0,8127,0,0,1fd4,001c,8156,8127,0,0000025e000001af,0,1
2541,2541,0,8127,0,0,1ff3,001c,8179,8127,0,fffffd6c00000399,0,1
2542,2542,0,8127,0,0,2faf,001c,16383,8127,0,000003f1ffffffa6,0,1
2543,2543,0,8127,0,0,3fff,001c,16383,8127,0,000000180000005b,0,1
2544,2544,0,8127,0,0,1ffa,001c,8186,8127,0,000003e200000077,0,1
2545,2545,0,8127,0,0,3fe6,001c,8166,8127,0,000000e1fffffce0,0,1
2546,2546,0,8127,0,0,2016,001c,8214,8127,0,000003a40000031f,0,1
2547,2547,0,8127,0,0,1ff1,001c,8177,8127,0,0000048f00000131,0,1
2548,2548,0,8127,0,0,2b55,001c,8213,8127,0,ffffffcd0000038f,0,1
2549,2549,0,8127,0,0,1fdd,001c,8157,8127,0,000000c000000360,0,1
2550,2550,0,8127,0,0,2005,001c,8197,8127,0,000000b20000000d,0,1
2551,2551,0,8127,0,0,1ff1,001c,8177,8127,0,ffffff2afffffc81,0,1
2552,2552,0,8127,0,0,1fdd,001c,8157,8127,0,ffffffa1fffffab3,0,1
2553,2553,0,8127,0,0,2008,001c,8200,8127,0,ffffffd3ffffffdc,0,1
2554,2554,0,8127,0,0,2000,001c,8192,8127,0,000002eafffffc7a,0,1
2555,2555,0,8127,0,0,1fdd,001c,8157,8127,0,fffffe81000002b9,0,1
2556,2556,0,8127,0,0,1ff4,001c,8180,8127,0,0000036900000030,0,1
2557,2557,0,8127,0,0,2018,001c,8216,8127,0,0000030efffffb2b,0,1
2558,2558,0,8127,0,0,1ff3,001c,8179,8127,0,fffffe0700000065,0,1
2559,2559,0,8127,0,0,1fcd,001c,8141,8127,0,fffff86d00000261,0,1
2560,2560,0,8127,0,0,2017,001c,8215,8127,0,000000000000068f,0,1
2561,2561,0,8127,0,0,1fd9,001c,8153,8127,0,0000079b00000271,0,1
2562,2562,0,8127,0,0,2019,001c,8217,8127,0,000001fa0000006e,0,1
2563,2563,0,8127,0,0,2009,001c,8201,8127,0,fffffcf3fffffb2c,0,1
2564,2564,0,8127,0,0,1fd3,001c,8147,8127,0,fffffc9c00000033,0,1
2565,2565,0,8127,0,0,1fec,001c,8172,8127,0,00000195000002bc,0,1
2566,2566,0,8127,0,0,1ff8,001c,8184,8127,0,fffffd21fffffc7d,0,1
2567,2567,0,8127,0,0,1fff,001c,8191,8127,0,00000047ffffffd3,0,1
2568,2568,0,8127,0,0,1fe1,001c,8161,8127,0,0000005cfffffab8,0,1
2569,2569,0,8127,0,0,2006,001c,8198,8127,0,000000dcfffffc90,0,1
2570,2570,0,8127,0,0,2001,001c,8193,8127,0,ffffff560000001c,0,1
2571,2571,0,8127,0,0,1fdb,001c,8155,8127,0,ffffff4a0000035e,0,1
2572,2572,0,8127,0,0,2037,001c,8247,8127,0,000000320000038b,0,1
2573,2573,0,8127,0,0,1ff2,001c,8178,8127,0,fffffb7600000131,0,1
2574,2574,0,8127,0,0,1fc3,001c,8131,8127,0,fffffc6100000327,0,1
2575,2575,0,8127,0,0,1ff5,001c,8181,8127,0,ffffff1bfffffcda,0,1
2576,2576,0,8127,0,0,200d,001c,8237,8127,0,fffffc2000000075,0,1
2577,2577,0,8127,0,0,1fe9,001c,8173,8127,0,fffffff000000060,0,1
2578,2578,0,8127,0,0,1ffb,001c,8187,8127,0,fffffc1bffffffa1,0,1
2579,2579,0,8127,0,0,3fda,001c,16346,8127,0,000002a3000003a4,0,1
2580,2580,0,8127,0,0,3fde,001c,16346,8127,0,fffffda4000001af,0,1
2581,2581,0,8127,0,0,1ffe,001c,8190,8127,0,fffffea80000027a,0,1
2582,2582,0,8127,0,0,1fda,001c,8152,8127,0,fffffe4d00000433,0,1
2583,2583,0,8127,0,0,200a,001c,8202,8127,0,00000060000001f4,0,1
2584,2584,0,8127,0,0,1ffd,001c,8189,8127,0,ffffffaf000002b3,0,1
2585,2585,0,8127,0,0,1ff6,001c,8182,8127,0,fffffbef000000f3,0,1
2586,2586,0,8127,0,0,1fdc,001c,8156,8127,0,fffffe0100000287,0,1
2587,2587,0,8127,0,0,2029,001c,8233,8127,0,00000285ffffff3f,0,1
2588,2588,0,8127,0,0,1fd6,001c,8150,8127,0,000002d0fffffeea,0,1
2589,2589,0,8127,0,0,1ff2,001c,8178,8127,0,0000021b000000f4,0,1
2590,2590,0,8127,0,0,2019,001c,8217,8127,0,000000b5000000aa,0,1
2591,2591,0,8127,0,0,1ffc,001c,8188,8127,0,fffffd76ffffff2f,0,1
2592,2592,0,8127,0,0,2001,001c,8193,8127,0,ffffff3c000002f7,0,1
2593,2593,0,8127,0,0,201b,001c,8219,8127,0,00000064000000e6,0,1
2594,2594,0,8127,0,0,1fc4,001c,8132,8127,0,fffffd89000004fa,0,1
2595,2595,0,8127,0,0,2010,001c,8208,8127,0,fffffee900000065,0,1
2596,2596,0,8127,0,0,2011,001c,8209,8127,0,00000174fffffe8a,0,1
2597,2597,0,8127,0,0,1ffc,001c,8188,8127,0,000000ce000000fe,0,1
2598,2598,0,8127,0,0,1ffc,001c,8188,8127,0,000002efffffff56,0,1
2599,2599,0,8127,0,0,2044,001c,8260,8127,0,ffffffe200000143,0,1
2600,2600,0,8127,0,0,1ff4,001c,8180,8127,0,000002a900000151,0,1
2601,2601,0,8127,0,0,1fed,001c,8173,8127,0,000001960000029b,0,1
2602,2602,0,8127,0,0,201f,001c,8223,8127,0,ffffffe600000176,0,1
2603,2603,0,8127,0,0,1fd5,001c,8149,8127,0,ffffff9affffffb1,0,1
2604,2604,0,8127,0,0,200a,001c,8202,8127,0,fffffdaf00000131,0,1
2605,2605,0,8127,0,0,2009,001c,8201,8127,0,00000041fffffe7f,0,1
2606,2606,0,8127,0,0,1fed,001c,8173,8127,0,0000039e0000001c,0,1
2607,2607,0,8127,0,0,200b,001c,8203,8127,0,ffffffd000000253,0,1
2608,2608,0,8127,0,0,1fd8,001c,8152,8127,0,ffffffae000001c2,0,1
2609,2609,0,8127,0,0,2018,001c,8216,8127,0,ffffffa3ffffff47,0,1
2610,2610,0,8127,0,0,1fd6,001c,8150,8127,0,ffffffaa000001b3,0,1
2611,2611,0,8127,0,0,1fe5,001c,8165,8127,0,000000c600000017,0,1
2612,2612,0,8127,0,0,202a,001c,11818,8127,0,0000002800000155,0,1
2613,2613,0,8127,0,0,1fef,001c,8175,8127,0,ffffffc6000001d0,0,1
2614,2614,0,8127,0,0,3faf,001c,16367,8127,0,ffffff9f00000195,0,1
2615,2615,0,8127,0,0,3fcd,001c,13132,8127,0,ffffff6c000000f4,0,1
2616,2616,0,8127,0,0,3fe9,001c,16361,8127,0,000000ac00000212,0,1
2617,2617,0,8127,0,0,200f,001c,8207,8127,0,ffffffd9000002ad,0,1
2618,2618,0,8127,0,0,2fcf,001c,12231,8127,0,ffffff7dffffff02,0,1
2619,2619,0,8127,0,0,1fcf,001c,8143,8127,0,00000329fffffe97,0,1
2620,2620,0,8127,0,0,202d,001c,8237,8127,0,0000012c00000303,0,1
2621,2621,0,8127,0,0,1ff1,001c,8161,8127,0,000001c2000001fc,0,1
2622,2622,0,8127,0,0,1ff8,001c,8184,8127,0,0000005a0000049e,0,1
2623,2623,0,8127,0,0,201a,001c,8218,8127,0,ffffffc300000225,0,1
2624,2624,0,8127,0,0,1fe3,001c,8163,8127,0,fffffcdaffffff3e,0,1
2625,2625,0,8127,0,0,2001,001c,8193,8127,0,ffffff610000016b,0,1
2626,2626,0,8127,0,0,1fe4,001c,8164,8127,0,000001f0fffffffd,0,1
2627,2627,0,8127,0,0,2021,001c,8225,8127,0,0000012efffffbe2,0,1
2628,2628,0,8127,0,0,1fe4,001c,8164,8127,0,000002d1000000bf,0,1
2629,2629,0,8127,0,0,1fec,001c,8172,8127,0,000005bbfffffd8c,0,1
2630,2630,0,8127,0,0,2013,001c,8211,8127,0,0000000a000001a6,0,1
2631,2631,0,8127,0,0,1ff1,001c,8177,8127,0,fffffcb500000298,0,1
2632,2632,0,8127,0,0,1ff0,001c,8176,8127,0,fffffedf00000103,0,1
2633,2633,0,8127,0,0,1ff4,001c,8180,8127,0,000000800000000c,0,1
2634,2634,0,8127,0,0,1ffd,001c,8189,8127,0,000002ba0000002d,0,1
2635,2635,0,8127,0,0,1ff7,001c,8183,8127,0,fffffd72ffffff7b,0,1
2636,2636,0,8127,0,0,1fdd,001c,8157,8127,0,fffffd24fffffd0e,0,1
2637,2637,0,8127,0,0,201e,001c,8222,8127,0,000001a7fffffd7b,0,1
2638,2638,0,8127,0,0,1fd4,001c,8148,8127,0,0000013c000004d4,0,1
2639,2639,0,8127,0,0,1ffe,001c,8190,8127,0,fffffd7bfffffaae,0,1
2640,2640,0,8127,0,0,2023,001c,8227,8127,0,fffffb270000062c,0,1
2641,2641,0,8127,0,0,1fbd,001c,8125,8127,0,fffffe9f000000d0,0,1
2642,2642,0,8127,0,0,1ffb,001c,8187,8127,0,000000c0fffffadf,0,1
2643,2643,0,8127,0,0,2011,001c,8209,8127,0,00000046fffffa2b,0,1
2644,2644,0,8127,0,0,1ffb,001c,8187,8127,0,0000076600000239,0,1
2645,2645,0,8127,0,0,1fea,001c,8170,8127,0,fffffb33ffffffac,0,1
2646,2646,0,8127,0,0,1ffc,001c,8188,8127,0,fffffce7fffff999,0,1
2647,2647,0,8127,0,0,1ffe,001c,8190,8127,0,ffffffae00000044,0,1
2648,2648,0,8127,0,0,1fd6,001c,8182,8127,0,000002c3ffffffb9,0,1
2649,2649,0,8127,0,0,248b,001c,16351,8127,0,00000642fffffebe,0,1
2650,2650,0,8127,0,0,201d,001c,8221,8127,0,000004f70000063a,0,1
2651,2651,0,8127,0,0,3fbf,001c,16319,8127,0,0000010800000358,0,1
2652,2652,0,8127,0,0,3fbf,001c,16319,8127,0,0000077000000090,0,1
2653,2653,0,8127,0,0,2008,001c,8200,8127,0,fffffcccffffffdc,0,1
2654,2654,0,8127,0,0,1fff,001c,8191,8127,0,fffffd23000001c6,0,1
2655,2655,0,8127,0,0,2003,001c,8195,8127,0,fffffd62000005cd,0,1
2656,2656,0,8127,0,0,1ff5,001c,8181,8127,0,0000013c00000a4c,0,1
2657,2657,0,8127,0,0,1fdc,001c,8156,8127,0,fffff41dfffffe1e,0,1
2658,2658,0,8127,0,0,2000,001c,8192,8127,0,00000284000001a2,0,1
2659,2659,0,8127,0,0,1ffa,001c,8186,8127,0,0000008cfffff31a,0,1
2660,2660,0,8127,0,0,200c,001c,8204,8127,0,fffffdec000001e4,0,1
2661,2661,0,8127,0,0,1fd5,001c,8149,8127,0,fffffffefffff760,0,1
2662,2662,0,8127,0,0,1ff8,001c,8184,8127,0,fffffb670000045e,0,1
2663,2663,0,8127,0,0,2007,001c,8199,8127,0,000002560000042d,0,1
2664,2664,0,8127,0,0,1fba,001c,8122,8127,0,ffffffdf00000465,0,1
2665,2665,0,8127,0,0,201e,001c,8222,8127,0,fffff9de00000614,0,1
2666,2666,0,8127,0,0,1fe1,001c,8161,8127,0,ffffff2fffffff6e,0,1
2667,2667,0,8127,0,0,1ffc,001c,8188,8127,0,fffffc33fffffa1e,0,1
2668,2668,0,8127,0,0,200f,001c,8207,8127,0,00000339fffffdd3,0,1
2669,2669,0,8127,0,0,1fe9,001c,8169,8127,0,000002d7fffffdd2,0,1
2670,2670,0,8127,0,0,2008,001c,8200,8127,0,0000009a00000239,0,1
2671,2671,0,8127,0,0,1fcb,001c,8139,8127,0,0000038b00000124,0,1
2672,2672,0,8127,0,0,2002,001c,8194,8127,0,000002c7fffff827,0,1
2673,2673,0,8127,0,0,2001,001c,8193,8127,0,fffffc020000019e,0,1
2674,2674,0,8127,0,0,1fe1,001c,8161,8127,0,0000004efffffe58,0,1
2675,2675,0,8127,0,0,200e,001c,8206,8127,0,fffffdf3ffffff18,0,1
2676,2676,0,8127,0,0,1ff5,001c,8181,8127,0,fffffe3cfffffeb1,0,1
2677,2677,0,8127,0,0,200c,001c,8204,8127,0,fffffd1f000000a4,0,1
2678,2678,0,8127,0,0,1ffa,001c,8186,8127,0,ffffffe8ffffff29,0,1
2679,2679,0,8127,0,0,1fde,001c,8158,8127,0,0000002200000182,0,1
2680,2680,0,8127,0,0,1fff,001c,8191,8127,0,0000022afffffd41,0,1
2681,2681,0,8127,0,0,1fd6,001c,8150,8127,0,0000018bffffffca,0,1
2682,2682,0,8127,0,0,2045,001c,8261,8127,0,00000011fffffe78,0,1
2683,2683,0,8127,0,0,1ff0,001c,8176,8127,0,0000001a000000e8,0,1
2684,2684,0,8127,0,0,1ff6,001c,8182,8127,0,00000021fffffc67,0,1
2685,2685,0,8127,0,0,1ffb,001c,8191,8127,0,fffffc3c000002c1,0,1
2686,2686,0,8127,0,0,1fff,001c,8191,8127,0,ffffffe8ffffff9b,0,1
2687,2687,0,8127,0,0,3fdf,001c,16351,8127,0,0000006500000039,0,1
2688,2688,0,8127,0,0,3fde,001c,12254,8127,0,fffff936fffffe4a,0,1
2689,2689,0,8127,0,0,1fdc,001c,8156,8127,0,00000071fffffdfd,0,1
2690,2690,0,8127,0,0,2003,001c,8195,8127,0,fffffe8efffffdaf,0,1
2691,2691,0,8127,0,0,2fc1,001c,9025,8127,0,000002ed00000248,0,1
2692,2692,0,8127,0,0,1fe0,001c,8160,8127,0,0000012900000131,0,1
2693,2693,0,8127,0,0,200f,001c,8207,8127,0,000000a0fffffbbd,0,1
2694,2694,0,8127,0,0,200b,001c,8203,8127,0,00000262ffffffe3,0,1
2695,2695,0,8127,0,0,1fee,001c,8174,8127,0,fffff9b4fffffdaf,0,1
2696,2696,0,8127,0,0,1ff0,001c,8176,8127,0,000001c5fffffe7a,0,1
2697,2697,0,8127,0,0,200f,001c,8207,8127,0,000000af000003e0,0,1
2698,2698,0,8127,0,0,2004,001c,8196,8127,0,ffffff82fffffecd,0,1
2699,2699,0,8127,0,0,1ff8,001c,8184,8127,0,fffffa770000022f,0,1
2700,2700,0,8127,0,0,2016,001c,8214,8127,0,ffffff7fffffff41,0,1
2701,2701,0,8127,0,0,1fca,001c,8138,8127,0,ffffff5affffff24,0,1
2702,2702,0,8127,0,0,1ff1,001c,8177,8127,0,fffffeb8ffffff49,0,1
2703,2703,0,8127,0,0,2005,001c,8197,8127,0,000001a8fffffdb2,0,1
2704,2704,0,8127,0,0,1fe2,001c,8162,8127,0,000001b8fffffdb3,0,1
2705,2705,0,8127,0,0,200d,001c,8205,8127,0,00000049000002e4,0,1
2706,2706,0,8127,0,0,1fed,001c,8173,8127,0,000000e60000009c,0,1
2707,2707,0,8127,0,0,1ff3,001c,8179,8127,0,0000026a0000020a,0,1
2708,2708,0,8127,0,0,1ff3,001c,8179,8127,0,000000bf0000062c,0,1
2709,2709,0,8127,0,0,2005,001c,8197,8127,0,0000029200000040,0,1
2710,2710,0,8127,0,0,2025,001c,8229,8127,0,0000002bfffffab9,0,1
2711,2711,0,8127,0,0,1fc7,001c,8135,8127,0,000002edfffffdf7,0,1
2712,2712,0,8127,0,0,200b,001c,8203,8127,0,0000040d00000190,0,1
2713,2713,0,8127,0,0,201a,001c,8218,8127,0,0000004700000059,0,1
2714,2714,0,8127,0,0,1fe2,001c,8162,8127,0,00000096fffffcf0,0,1
2715,2715,0,8127,0,0,200b,001c,8203,8127,0,00000234ffffffd8,0,1
2716,2716,0,8127,0,0,1fe4,001c,8164,8127,0,fffffec0000001ce,0,1
2717,2717,0,8127,0,0,2004,001c,8196,8127,0,0000010f0000010a,0,1
2718,2718,0,8127,0,0,1fdb,001c,8155,8127,0,000000b5fffffca6,0,1
2719,2719,0,8127,0,0,1ff8,001c,8184,8127,0,fffffd2000000373,0,1
2720,2720,0,8127,0,0,1ffd,001c,8189,8127,0,0000042e00000134,0,1
2721,2721,0,8127,0,0,2fad,001c,16381,8127,0,ffffffab0000001f,0,1
2722,2722,0,8127,0,0,3fdd,001c,12628,8127,0,0000029f00000002,0,1
2723,2723,0,8127,0,0,3ff9,001c,16377,8127,0,000000c1fffffea4,0,1
2724,2724,0,8127,0,0,2020,001c,8224,8127,0,ffffffddfffffa89,0,1
2725,2725,0,8127,0,0,1feb,001c,8171,8127,0,ffffffd000000334,0,1
2726,2726,0,8127,0,0,1ffb,001c,8187,8127,0,000004a000000087,0,1
2727,2727,0,8127,0,0,1ffa,001c,8186,8127,0,00000234fffffffe,0,1
2728,2728,0,8127,0,0,1ffa,001c,8176,8127,0,fffffedbfffffe4c,0,1
2729,2729,0,8127,0,0,1fea,001c,8170,8127,0,fffffd95000002e6,0,1
2730,2730,0,8127,0,0,200b,001c,8203,8127,0,0000012bfffffc89,0,1
2731,2731,0,8127,0,0,1fd0,001c,8144,8127,0,00000649000000a3,0,1
2732,2732,0,8127,0,0,2001,001c,8193,8127,0,00000419ffffff96,0,1
2733,2733,0,8127,0,0,1f98,001c,8088,8127,0,ffffff67fffff61c,0,1
2734,2734,0,8127,0,0,1fe2,001c,8162,8127,0,fffffee9000003d5,0,1
2735,2735,0,8127,0,0,1fe9,001c,8169,8127,0,000001a6fffffdd7,0,1
2736,2736,0,8127,0,0,1ffa,001c,8186,8127,0,00000055ffffff97,0,1
2737,2737,0,8127,0,0,1fed,001c,8173,8127,0,ffffff270000012f,0,1
2738,2738,0,8127,0,0,2004,001c,8196,8127,0,000006a00000033d,0,1
2739,2739,0,8127,0,0,1fee,001c,8174,8127,0,fffffc14000002e6,0,1
2740,2740,0,8127,0,0,201c,001c,8220,8127,0,000000b200000259,0,1
2741,2741,0,8127,0,0,1fe6,001c,8166,8127,0,00000253fffffc5d,0,1
2742,2742,0,8127,0,0,2006,001c,8198,8127,0,0000005affffff69,0,1
2743,2743,0,8127,0,0,1fee,001c,8174,8127,0,fffffc16fffffd1f,0,1
2744,2744,0,8127,0,0,1fe4,001c,8164,8127,0,00000535ffffffe2,0,1
2745,2745,0,8127,0,0,1fe9,001c,8169,8127,0,000000c00000016f,0,1
2746,2746,0,8127,0,0,200f,001c,8207,8127,0,ffffff34fffff9c0,0,1
2747,2747,0,8127,0,0,2003,001c,8195,8127,0,00000712ffffffc4,0,1
2748,2748,0,8127,0,0,201a,001c,8218,8127,0,fffffdeefffffce9,0,1
2749,2749,0,8127,0,0,1fb6,001c,8118,8127,0,00000132000004fc,0,1
2750,2750,0,8127,0,0,200e,001c,8206,8127,0,fffffb9400000bf4,0,1
2751,2751,0,8127,0,0,1fef,001c,8175,8127,0,0000095cfffffc48,0,1
2752,2752,0,8127,0,0,2012,001c,8210,8127,0,000003df000008fe,0,1
2753,2753,0,8127,0,0,1feb,001c,8171,8127,0,fffff914fffffbb7,0,1
2754,2754,0,8127,0,0,2017,001c,8247,8127,0,0000066efffff990,0,1
2755,2755,0,8127,0,0,1fef,001c,8175,8127,0,fffffd6dfffff99b,0,1
2756,2756,0,8127,0,0,243f,001c,12287,8127,0,fffff935fffffde9,0,1
2757,2757,0,8127,0,0,1fdf,001c,16351,8127,0,0000023800000ad0,0,1
2758,2758,0,8127,0,0,1ffd,001c,8189,8127,0,fffff85cfffffbc3,0,1
2759,2759,0,8127,0,0,3ff7,001c,16375,8127,0,ffffff83fffffe3b,0,1
2760,2760,0,8127,0,0,2fd7,001c,12247,8127,0,00000621fffffdc4,0,1
2761,2761,0,8127,0,0,1fdf,001c,8159,8127,0,0000025100000703,0,1
2762,2762,0,8127,0,0,1fdf,001c,8159,8127,0,0000020bfffffc53,0,1
2763,2763,0,8127,0,0,223f,001c,8255,8127,0,000000f9ffffff7b,0,1
2764,2764,0,8127,0,0,1fd7,001c,8151,8127,0,0000005f00000436,0,1
2765,2765,0,8127,0,0,1ffb,001c,8187,8127,0,0000019cffffff4f,0,1
2766,2766,0,8127,0,0,1fd2,001c,8146,8127,0,00000024ffffff4a,0,1
2767,2767,0,8127,0,0,201f,001c,8223,8127,0,00000314ffffff4f,0,1
2768,2768,0,8127,0,0,1fe2,001c,8162,8127,0,00000267000002a3,0,1
2769,2769,0,8127,0,0,1fff,001c,8191,8127,0,0000030cffffff3d,0,1
2770,2770,0,8127,0,0,2031,001c,8241,8127,0,ffffffee00000297,0,1
2771,2771,0,8127,0,0,1ff3,001c,8179,8127,0,0000020a00000138,0,1
2772,2772,0,8127,0,0,1fd2,001c,8146,8127,0,0000029d0000028d,0,1
2773,2773,0,8127,0,0,2004,001c,8196,8127,0,fffffed5fffffc7e,0,1
2774,2774,0,8127,0,0,200a,001c,8202,8127,0,000005150000013f,0,1
2775,2775,0,8127,0,0,2000,001c,8192,8127,0,fffffd1100000173,0,1
2776,2776,0,8127,0,0,1ff7,001c,8183,8127,0,0000023c000003fa,0,1
2777,2777,0,8127,0,0,200f,001c,8207,8127,0,0000032ffffffe25,0,1
2778,2778,0,8127,0,0,1fd2,001c,8146,8127,0,0000020a0000000d,0,1
2779,2779,0,8127,0,0,1ff8,001c,8184,8127,0,000001d500000045,0,1
2780,2780,0,8127,0,0,2012,001c,8210,8127,0,00000032000003c6,0,1
2781,2781,0,8127,0,0,1fc3,001c,8131,8127,0,000001fcffffff59,0,1
2782,2782,0,8127,0,0,1fff,001c,8191,8127,0,ffffffa100000227,0,1
2783,2783,0,8127,0,0,201f,001c,8223,8127,0,fffffc4cffffff95,0,1
2784,2784,0,8127,0,0,1fd5,001c,8149,8127,0,0000006cfffffd01,0,1
2785,2785,0,8127,0,0,2000,001c,8192,8127,0,fffffbecfffffeb7,0,1
2786,2786,0,8127,0,0,1ff1,001c,8177,8127,0,fffffd7f0000035c,0,1
2787,2787,0,8127,0,0,1ff5,001c,8181,8127,0,ffffffedfffffe43,0,1
2788,2788,0,8127,0,0,1fe3,001c,8163,8127,0,fffffd3e00000166,0,1
2789,2789,0,8127,0,0,2022,001c,8226,8127,0,0000025d00000299,0,1
2790,2790,0,8127,0,0,2028,001c,8232,8127,0,fffffe64fffffffe,0,1
2791,2791,0,8127,0,0,1fe2,001c,8170,8127,0,0000046ffffffee2,0,1
2792,2792,0,8127,0,0,2483,001c,16323,8127,0,000000f100000598,0,1
2793,2793,0,8127,0,0,2007,001c,8199,8127,0,ffffffa8fffffcbd,0,1
2794,2794,0,8127,0,0,3fce,001c,16326,8127,0,fffffe4afffffc01,0,1
2795,2795,0,8127,0,0,3fce,001c,16330,8127,0,fffffe7afffffd59,0,1
2796,2796,0,8127,0,0,2fe4,001c,12260,8127,0,0000042cffffff0f,0,1
2797,2797,0,8127,0,0,1fed,001c,8173,8127,0,000000fe000001d3,0,1
2798,2798,0,8127,0,0,1fff,001c,8191,8127,0,00000252ffffff45,0,1
2799,2799,0,8127,0,0,1ffb,001c,8187,8127,0,fffffdcefffffcaf,0,1
2800,2800,0,8127,0,0,2015,001c,8213,8127,0,fffffce6ffffff3f,0,1
2801,2801,0,8127,0,0,1fec,001c,8172,8127,0,000000d1000001d0,0,1
2802,2802,0,8127,0,0,1ffb,001c,8187,8127,0,fffffe76fffffc79,0,1
2803,2803,0,8127,0,0,2010,001c,8208,8127,0,000005bfffffffab,0,1
2804,2804,0,8127,0,0,1fed,001c,8173,8127,0,0000041effffff6c,0,1
2805,2805,0,8127,0,0,1fe1,001c,8161,8127,0,ffffff49000002a9,0,1
2806,2806,0,8127,0,0,2004,001c,8196,8127,0,0000031ffffffffe,0,1
2807,2807,0,8127,0,0,1ff0,001c,8176,8127,0,ffffff8efffffdeb,0,1
2808,2808,0,8127,0,0,1ff9,001c,8185,8127,0,fffffea7000000ab,0,1
2809,2809,0,8127,0,0,1ffe,001c,8190,8127,0,fffffe73ffffff20,0,1
2810,2810,0,8127,0,0,2033,001c,8243,8127,0,000000d40000032c,0,1
2811,2811,0,8127,0,0,1fd8,001c,8152,8127,0,000001aeffffffee,0,1
2812,2812,0,8127,0,0,1feb,001c,8171,8127,0,fffffeb2fffffc4f,0,1
2813,2813,0,8127,0,0,202c,001c,8236,8127,0,ffffff7e00000027,0,1
2814,2814,0,8127,0,0,1fd6,001c,8150,8127,0,00000111ffffff83,0,1
2815,2815,0,8127,0,0,1ffb,001c,8187,8127,0,000001deffffff98,0,1
2816,2816,0,8127,0,0,201a,001c,8218,8127,0,fffffdc800000087,0,1
2817,2817,0,8127,0,0,1fcb,001c,8139,8127,0,ffffffd700000091,0,1
2818,2818,0,8127,0,0,2003,001c,8195,8127,0,0000014b00000081,0,1
2819,2819,0,8127,0,0,200c,001c,8204,8127,0,00000338ffffffaf,0,1
2820,2820,0,8127,0,0,200f,001c,8207,8127,0,0000014ffffffe90,0,1
2821,2821,0,8127,0,0,1fc9,001c,8137,8127,0,0000005afffffc53,0,1
2822,2822,0,8127,0,0,1ff5,001c,8181,8127,0,ffffffaffffffd7b,0,1
2823,2823,0,8127,0,0,2026,001c,8230,8127,0,000000cbffffff77,0,1
2824,2824,0,8127,0,0,1fd8,001c,8152,8127,0,000003a5ffffffbb,0,1
2825,2825,0,8127,0,0,2000,001c,8192,8127,0,fffffffcffffff9e,0,1
2826,2826,0,8127,0,0,201d,001c,8221,8127,0,00000029ffffff45,0,1
2827,2827,0,8127,0,0,1fdc,001c,8157,8127,0,fffffe9900000045,0,1
2828,2828,0,8127,0,0,268a,001c,16350,8127,0,0000000cfffffecf,0,1
2829,2829,0,8127,0,0,200e,001c,8206,8127,0,0000007600000311,0,1
2830,2830,0,8127,0,0,3fc7,001c,16326,8127,0,fffffe35ffffffed,0,1
2831,2831,0,8127,0,0,1fef,001c,8175,8127,0,00000068ffffffdd,0,1
2832,2832,0,8127,0,0,3fdd,001c,8157,8127,0,ffffff77ffffff44,0,1
2833,2833,0,8127,0,0,201f,001c,8223,8127,0,0000020bfffffeb3,0,1
2834,2834,0,8127,0,0,2fd7,001c,9047,8127,0,000001210000004f,0,1
2835,2835,0,8127,0,0,1fd4,001c,8148,8127,0,ffffff4100000152,0,1
2836,2836,0,8127,0,0,201a,001c,8218,8127,0,ffffff570000033e,0,1
2837,2837,0,8127,0,0,1fe0,001c,8160,8127,0,0000020effffff5a,0,1
2838,2838,0,8127,0,0,2001,001c,8193,8127,0,fffffe46000001fc,0,1
2839,2839,0,8127,0,0,200d,001c,8205,8127,0,fffffdb90000013f,0,1
2840,2840,0,8127,0,0,1fd6,001c,8150,8127,0,0000039500000163,0,1
2841,2841,0,8127,0,0,200c,001c,8204,8127,0,fffffeeaffffff4e,0,1
2842,2842,0,8127,0,0,1ff2,001c,8178,8127,0,ffffff87000000cb,0,1
2843,2843,0,8127,0,0,1fe9,001c,8169,8127,0,000000ea0000003a,0,1
2844,2844,0,8127,0,0,2006,001c,8198,8127,0,ffffffdb0000001d,0,1
2845,2845,0,8127,0,0,2012,001c,8210,8127,0,000003fa0000009f,0,1
2846,2846,0,8127,0,0,1ff4,001c,8180,8127,0,ffffff6b00000022,0,1
2847,2847,0,8127,0,0,1fe4,001c,8164,8127,0,000004edffffffae,0,1
2848,2848,0,8127,0,0,201a,001c,8218,8127,0,0000003f00000200,0,1
2849,2849,0,8127,0,0,1fe8,001c,8168,8127,0,ffffff320000004e,0,1
2850,2850,0,8127,0,0,1fdb,001c,8155,8127,0,ffffff2b000001a6,0,1
2851,2851,0,8127,0,0,1ff1,001c,8177,8127,0,000000790000022f,0,1
2852,2852,0,8127,0,0,1ff7,001c,8183,8127,0,00000167fffffdbb,0,1
2853,2853,0,8127,0,0,1ff1,001c,8177,8127,0,ffffff29fffffea3,0,1
2854,2854,0,8127,0,0,2009,001c,8201,8127,0,fffffc63ffffff40,0,1
2855,2855,0,8127,0,0,1fdb,001c,8155,8127,0,000001f100000060,0,1
2856,2856,0,8127,0,0,200f,001c,8207,8127,0,ffffff1300000453,0,1
2857,2857,0,8127,0,0,1fff,001c,8191,8127,0,fffffefc000000f1,0,1
2858,2858,0,8127,0,0,1feb,001c,8171,8127,0,ffffffdffffffe01,0,1
2859,2859,0,8127,0,0,1ff1,001c,8177,8127,0,fffffe5efffffef1,0,1
2860,2860,0,8127,0,0,200c,001c,8204,8127,0,ffffffc7fffffebf,0,1
2861,2861,0,8127,0,0,1fc9,001c,8137,8127,0,fffffe5a0000004c,0,1
2862,2862,0,8127,0,0,200f,001c,8207,8127,0,000002cf000002dd,0,1
2863,2863,0,8127,0,0,2020,001c,8235,8127,0,00000190fffffd43,0,1
2864,2864,0,8127,0,0,1fff,001c,16383,8127,0,fffffdfa000001fc,0,1
2865,2865,0,8127,0,0,3fff,001c,16383,8127,0,0000018cfffff8dc,0,1
2866,2866,0,8127,0,0,201f,001c,8223,8127,0,fffffe5cfffffe6b,0,1
2867,2867,0,8127,0,0,324b,001c,8203,8127,0,00000149ffffff5e,0,1
2868,2868,0,8127,0,0,1ff6,001c,8182,8127,0,000000bdffffff8c,0,1
2869,2869,0,8127,0,0,2a24,001c,8228,8127,0,ffffff5efffffe02,0,1
2870,2870,0,8127,0,0,1fef,001c,8175,8127,0,ffffff96000000bc,0,1
2871,2871,0,8127,0,0,202f,001c,8239,8127,0,ffffff64fffffe2c,0,1
2872,2872,0,8127,0,0,1fdc,001c,8156,8127,0,00000018ffffffba,0,1
2873,2873,0,8127,0,0,2001,001c,8193,8127,0,000000e100000143,0,1
2874,2874,0,8127,0,0,1fdb,001c,8155,8127,0,0000013e0000010b,0,1
2875,2875,0,8127,0,0,1fe6,001c,8166,8127,0,00000142fffffcfe,0,1
2876,2876,0,8127,0,0,2028,001c,8232,8127,0,fffffec8fffffed1,0,1
2877,2877,0,8127,0,0,1fd9,001c,8153,8127,0,000004cf00000191,0,1
2878,2878,0,8127,0,0,1ffa,001c,8186,8127,0,000000030000025d,0,1
2879,2879,0,8127,0,0,200f,001c,8207,8127,0,ffffff5cffffff2c,0,1
2880,2880,0,8127,0,0,1fe1,001c,8161,8127,0,fffffd0cfffffe08,0,1
2881,2881,0,8127,0,0,2011,001c,8209,8127,0,000000a6fffffe2c,0,1
2882,2882,0,8127,0,0,1ff3,001c,8179,8127,0,fffffd6d0000014e,0,1
2883,2883,0,8127,0,0,200d,001c,8205,8127,0,fffffd64ffffff3a,0,1
2884,2884,0,8127,0,0,1fc1,001c,8129,8127,0,ffffffd800000144,0,1
2885,2885,0,8127,0,0,200b,001c,8203,8127,0,ffffff9afffffddf,0,1
2886,2886,0,8127,0,0,2008,001c,8200,8127,0,fffffeaafffffe18,0,1
2887,2887,0,8127,0,0,1fd5,001c,8149,8127,0,fffffd3700000018,0,1
2888,2888,0,8127,0,0,2000,001c,8192,8127,0,fffffd6b0000018d,0,1
2889,2889,0,8127,0,0,200a,001c,8202,8127,0,000000c0000001d8,0,1
2890,2890,0,8127,0,0,1ff2,001c,8178,8127,0,fffffe6f0000033c,0,1
2891,2891,0,8127,0,0,1ffe,001c,8190,8127,0,fffffe76fffffec7,0,1
2892,2892,0,8127,0,0,1fe8,001c,8168,8127,0,fffffc92000000a4,0,1
2893,2893,0,8127,0,0,2031,001c,8241,8127,0,0000029a00000076,0,1
2894,2894,0,8127,0,0,1fcb,001c,8139,8127,0,000002bc00000122,0,1
2895,2895,0,8127,0,0,2009,001c,8201,8127,0,ffffffa8ffffff13,0,1
2896,2896,0,8127,0,0,2009,001c,8201,8127,0,00000065ffffffe8,0,1
2897,2897,0,8127,0,0,1fd6,001c,8150,8127,0,ffffff8a0000006b,0,1
2898,2898,0,8127,0,0,200a,001c,11786,8127,0,0000002f00000012,0,1
2899,2899,0,8127,0,0,1fee,001c,8174,8127,0,fffffe7affffff27,0,1
2900,2900,0,8127,0,0,1ffe,001c,8190,8127,0,000000ca00000175,0,1
2901,2901,0,8127,0,0,3fd2,001c,16338,8127,0,fffffdd100000072,0,1
2902,2902,0,8127,0,0,2013,001c,8211,8127,0,fffffe64000000b8,0,1
2903,2903,0,8127,0,0,2017,001c,8215,8127,0,00000095fffffd3d,0,1
2904,2904,0,8127,0,0,2b06,001c,8198,8127,0,fffffd5fffffffa7,0,1
2905,2905,0,8127,0,0,1ff0,001c,8176,8127,0,000001ba00000142,0,1
2906,2906,0,8127,0,0,2006,001c,8198,8127,0,0000022fffffff3a,0,1
2907,2907,0,8127,0,0,2002,001c,8194,8127,0,ffffffa1ffffffdb,0,1
2908,2908,0,8127,0,0,2000,001c,8192,8127,0,0000007fffffff45,0,1
2909,2909,0,8127,0,0,1fee,001c,8174,8127,0,ffffff61ffffff1b,0,1
2910,2910,0,8127,0,0,1fe9,001c,8169,8127,0,0000001bfffffe44,0,1
2911,2911,0,8127,0,0,201e,001c,8222,8127,0,0000001affffff11,0,1
2912,2912,0,8127,0,0,1fea,001c,8170,8127,0,0000007cfffffe38,0,1
2913,2913,0,8127,0,0,1fe9,001c,8169,8127,0,000001b50000002c,0,1
2914,2914,0,8127,0,0,2009,001c,8201,8127,0,ffffff7600000088,0,1
2915,2915,0,8127,0,0,1fda,001c,8154,8127,0,fffffeb9000000bf,0,1
2916,2916,0,8127,0,0,2016,001c,8214,8127,0,ffffffc7ffffffb5,0,1
2917,2917,0,8127,0,0,1fe8,001c,8168,8127,0,ffffff2a0000015a,0,1
2918,2918,0,8127,0,0,200a,001c,8202,8127,0,ffffffb6ffffff89,0,1
2919,2919,0,8127,0,0,1fe5,001c,8165,8127,0,fffffe69ffffff4a,0,1
2920,2920,0,8127,0,0,1fc9,001c,8137,8127,0,fffffe5200000022,0,1
2921,2921,0,8127,0,0,201e,001c,8222,8127,0,ffffff0e000002c4,0,1
2922,2922,0,8127,0,0,1ffc,001c,8188,8127,0,fffffef7fffffe2c,0,1
2923,2923,0,8127,0,0,2006,001c,8198,8127,0,000001e60000002f,0,1
2924,2924,0,8127,0,0,200e,001c,8206,8127,0,000000d9ffffffa9,0,1
2925,2925,0,8127,0,0,1fd8,001c,8152,8127,0,00000216ffffffc5,0,1
2926,2926,0,8127,0,0,2019,001c,8217,8127,0,fffffe6cfffffe8f,0,1
2927,2927,0,8127,0,0,1fcd,001c,8141,8127,0,ffffffb3ffffff54,0,1
2928,2928,0,8127,0,0,1ffb,001c,8187,8127,0,fffffeb7fffffdb7,0,1
2929,2929,0,8127,0,0,2015,001c,8213,8127,0,0000011efffffd64,0,1
2930,2930,0,8127,0,0,1ff0,001c,8176,8127,0,0000009affffffca,0,1
2931,2931,0,8127,0,0,1fe1,001c,8161,8127,0,000001aa00000245,0,1
2932,2932,0,8127,0,0,1fdb,001c,8155,8127,0,fffffffcffffff11,0,1
2933,2933,0,8127,0,0,2002,001c,8194,8127,0,00000018fffffeff,0,1
2934,2934,0,8127,0,0,1ffd,001c,8191,8127,0,fffffee0fffffed3,0,1
2935,2935,0,8127,0,0,24a9,001c,16381,8127,0,00000254fffffdd4,0,1
2936,2936,0,8127,0,0,201f,001c,8223,8127,0,000001bc0000032d,0,1
2937,2937,0,8127,0,0,3fdf,001c,16351,8127,0,fffffed4000002ad,0,1
2938,2938,0,8127,0,0,1fdf,001c,8159,8127,0,fffffe91fffffdea,0,1
2939,2939,0,8127,0,0,3fe2,001c,8162,8127,0,ffffff91ffffff55,0,1
2940,2940,0,8127,0,0,2012,001c,8210,8127,0,fffffe56fffffc70,0,1
2941,2941,0,8127,0,0,2a14,001c,8208,8127,0,000000e500000076,0,1
2942,2942,0,8127,0,0,1fed,001c,8173,8127,0,000001ad00000160,0,1
2943,2943,0,8127,0,0,1ffd,001c,8189,8127,0,0000019e00000090,0,1
2944,2944,0,8127,0,0,1ffb,001c,8187,8127,0,fffffedffffffecf,0,1
2945,2945,0,8127,0,0,1fd1,001c,8145,8127,0,fffffdcdffffff43,0,1
2946,2946,0,8127,0,0,2030,001c,8240,8127,0,0000006e00000081,0,1
2947,2947,0,8127,0,0,1fbe,001c,8126,8127,0,00000154ffffff8f,0,1
2948,2948,0,8127,0,0,1fce,001c,8142,8127,0,00000007ffffffc1,0,1
2949,2949,0,8127,0,0,200e,001c,8206,8127,0,0000004fffffff88,0,1
2950,2950,0,8127,0,0,201d,001c,8221,8127,0,0000016fffffff26,0,1
2951,2951,0,8127,0,0,1ffb,001c,8187,8127,0,fffffcd300000074,0,1
2952,2952,0,8127,0,0,1ffe,001c,8190,8127,0,0000015300000132,0,1
2953,2953,0,8127,0,0,2002,001c,8194,8127,0,fffffd42fffffefb,0,1
2954,2954,0,8127,0,0,1fdf,001c,8159,8127,0,00000000000003f3,0,1
2955,2955,0,8127,0,0,1ff3,001c,8179,8127,0,ffffffe8000000b0,0,1
2956,2956,0,8127,0,0,201c,001c,8220,8127,0,000000bc0000009a,0,1
2957,2957,0,8127,0,0,1fde,001c,8158,8127,0,0000023d00000041,0,1
2958,2958,0,8127,0,0,1fe8,001c,8168,8127,0,0000005500000298,0,1
2959,2959,0,8127,0,0,2015,001c,8213,8127,0,00000296ffffff28,0,1
2960,2960,0,8127,0,0,1fec,001c,8172,8127,0,ffffff75fffffe2c,0,1
2961,2961,0,8127,0,0,1fe3,001c,8163,8127,0,fffffec900000180,0,1
2962,2962,0,8127,0,0,1ff2,001c,8178,8127,0,00000036000000a8,0,1
2963,2963,0,8127,0,0,201a,001c,8218,8127,0,000000650000000b,0,1
2964,2964,0,8127,0,0,1fca,001c,8138,8127,0,ffffff7cffffff83,0,1
2965,2965,0,8127,0,0,2010,001c,8208,8127,0,fffffe94fffffec2,0,1
2966,2966,0,8127,0,0,2021,001c,8225,8127,0,000000be00000224,0,1
2967,2967,0,8127,0,0,1fd6,001c,8150,8127,0,fffffc7a00000106,0,1
2968,2968,0,8127,0,0,2001,001c,8193,8127,0,0000010a0000000b,0,1
2969,2969,0,8127,0,0,200a,001c,8202,8127,0,ffffffea00000050,0,1
2970,2970,0,8127,0,0,1fdd,001c,8157,8127,0,00000080ffffff6e,0,1
2971,2971,0,8127,0,0,1ffd,001c,8189,8127,0,ffffff65000000d9,0,1
2972,2972,0,8127,0,0,2fbd,001c,16381,8127,0,000000c5000001a1,0,1
2973,2973,0,8127,0,0,200f,001c,8207,8127,0,000000ae000000a9,0,1
2974,2974,0,8127,0,0,3fef,001c,12239,8127,0,fffffed300000104,0,1
2975,2975,0,8127,0,0,3fe9,001c,8169,8127,0,000002c9ffffff9e,0,1
2976,2976,0,8127,0,0,2b0d,001c,8717,8127,0,ffffff94ffffff6e,0,1
2977,2977,0,8127,0,0,1fdb,001c,8155,8127,0,ffffff1b00000003,0,1
2978,2978,0,8127,0,0,200c,001c,8204,8127,0,0000001f0000009e,0,1
2979,2979,0,8127,0,0,2020,001c,8224,8127,0,000000d400000017,0,1
2980,2980,0,8127,0,0,1fcc,001c,8140,8127,0,000000320000007c,0,1
2981,2981,0,8127,0,0,1fe9,001c,8169,8127,0,fffffe43000001fb,0,1
2982,2982,0,8127,0,0,1ff5,001c,8181,8127,0,00000126fffffd87,0,1
2983,2983,0,8127,0,0,2023,001c,8227,8127,0,ffffffba00000108,0,1
2984,2984,0,8127,0,0,1fcb,001c,8139,8127,0,000001ba000002a9,0,1
2985,2985,0,8127,0,0,1ffe,001c,8190,8127,0,00000019fffffe8e,0,1
2986,2986,0,8127,0,0,2027,001c,8231,8127,0,ffffff8afffffffe,0,1
2987,2987,0,8127,0,0,1fe2,001c,8162,8127,0,000000f2fffffe82,0,1
2988,2988,0,8127,0,0,1ffa,001c,8186,8127,0,0000021e000000c5,0,1
2989,2989,0,8127,0,0,2003,001c,8195,8127,0,0000000f0000004a,0,1
2990,2990,0,8127,0,0,1fe8,001c,8168,8127,0,000001c800000176,0,1
2991,2991,0,8127,0,0,1fee,001c,8174,8127,0,fffffee6fffffe6d,0,1
2992,2992,0,8127,0,0,1ff3,001c,8179,8127,0,ffffff4dfffffec7,0,1
2993,2993,0,8127,0,0,202e,001c,8238,8127,0,000000480000000c,0,1
2994,2994,0,8127,0,0,1fe3,001c,8163,8127,0,ffffff3efffffec7,0,1
2995,2995,0,8127,0,0,2006,001c,8198,8127,0,ffffff4000000134,0,1
2996,2996,0,8127,0,0,2025,001c,8229,8127,0,000000d7fffffece,0,1
2997,2997,0,8127,0,0,1fcc,001c,8140,8127,0,0000004b00000043,0,1
2998,2998,0,8127,0,0,1ff5,001c,8181,8127,0,ffffff00ffffff0b,0,1
2999,2999,0,8127,0,0,200f,001c,8207,8127,0,fffffe8500000092,0,1
3000,3000,0,8127,0,0,1fc4,001c,8132,8127,0,00000020000001b1,0,1
3001,3001,0,8127,0,0,1fce,001c,8142,8127,0,0000011bffffff1c,0,1
3002,3002,0,8127,0,0,2002,001c,8194,8127,0,0000003600000252,0,1
3003,3003,0,8127,0,0,1ffc,001c,8188,8127,0,00000117fffffe3b,0,1
3004,3004,0,8127,0,0,1fca,001c,8138,8127,0,00000064fffffe4b,0,1
3005,3005,0,8127,0,0,2024,001c,8228,8127,0,000000cdffffffed,0,1
3006,3006,0,8127,0,0,1fea,001c,8170,8127,0,000002bb000003c1,0,1
3007,3007,0,8127,0,0,1feb,001c,8171,8127,0,fffffffbffffff23,0,1
3008,3008,0,8127,0,0,1ffb,001c,8187,8127,0,ffffff9f00000046,0,1
3009,3009,0,8127,0,0,3ffe,001c,16382,8127,0,000001e0fffffe35,0,1
3010,3010,0,8127,0,0,200e,001c,8206,8127,0,0000011300000053,0,1
3011,3011,0,8127,0,0,2ff2,001c,12274,8127,0,0000014affffffe8,0,1
3012,3012,0,8127,0,0,1ffd,001c,8189,8127,0,fffffecd0000001f,0,1
3013,3013,0,8127,0,0,1fff,001c,8191,8127,0,ffffff7ffffffeef,0,1
3014,3014,0,8127,0,0,1fd6,001c,8150,8127,0,0000000cfffffe6b,0,1
3015,3015,0,8127,0,0,2007,001c,8199,8127,0,000000c700000003,0,1
3016,3016,0,8127,0,0,200c,001c,8204,8127,0,000000cdffffff48,0,1
3017,3017,0,8127,0,0,1fe0,001c,8160,8127,0,00000068ffffff72,0,1
3018,3018,0,8127,0,0,1fe9,001c,8169,8127,0,ffffff5effffffc8,0,1
3019,3019,0,8127,0,0,1ffe,001c,8190,8127,0,000001f9fffffff3,0,1
3020,3020,0,8127,0,0,201c,001c,8220,8127,0,0000010400000055,0,1
3021,3021,0,8127,0,0,1fce,001c,8142,8127,0,fffffe5f000000b2,0,1
3022,3022,0,8127,0,0,2008,001c,8200,8127,0,0000042e0000017e,0,1
3023,3023,0,8127,0,0,2001,001c,8193,8127,0,ffffffef0000015a,0,1
3024,3024,0,8127,0,0,1ff5,001c,8181,8127,0,0000002d00000079,0,1
3025,3025,0,8127,0,0,1fe6,001c,8166,8127,0,0000010900000020,0,1
3026,3026,0,8127,0,0,1ff4,001c,8180,8127,0,ffffff1a00000079,0,1
3027,3027,0,8127,0,0,201c,001c,8220,8127,0,ffffffefffffff19,0,1
3028,3028,0,8127,0,0,1fd5,001c,8149,8127,0,000002e3000000cd,0,1
3029,3029,0,8127,0,0,1ff4,001c,8180,8127,0,0000016dffffff56,0,1
3030,3030,0,8127,0,0,2025,001c,8229,8127,0,fffffe8000000122,0,1
3031,3031,0,8127,0,0,1fc1,001c,8129,8127,0,ffffff9400000114,0,1
3032,3032,0,8127,0,0,2039,001c,8249,8127,0,ffffff8300000003,0,1
3033,3033,0,8127,0,0,1fe6,001c,8166,8127,0,00000057ffffff23,0,1
3034,3034,0,8127,0,0,1fc6,001c,8134,8127,0,fffffe9b0000002a,0,1
3035,3035,0,8127,0,0,2016,001c,8214,8127,0,fffffe9bffffffd5,0,1
3036,3036,0,8127,0,0,1fe7,001c,8167,8127,0,ffffffa5000000b9,0,1
3037,3037,0,8127,0,0,2001,001c,8193,8127,0,fffffe0800000181,0,1
3038,3038,0,8127,0,0,200a,001c,8202,8127,0,0000011fffffff9d,0,1
3039,3039,0,8127,0,0,2007,001c,8199,8127,0,0000031c00000123,0,1
3040,3040,0,8127,0,0,1ffb,001c,8187,8127,0,00000136fffffb75,0,1
3041,3041,0,8127,0,0,1fed,001c,8173,8127,0,0000023800000045,0,1
3042,3042,0,8127,0,0,2025,001c,11949,8127,0,0000016d0000009a,0,1
3043,3043,0,8127,0,0,1ffd,001c,16381,8127,0,00000008ffffff9a,0,1
3044,3044,0,8127,0,0,1fff,001c,8191,8127,0,000001b3ffffff4f,0,1
3045,3045,0,8127,0,0,3fef,001c,16367,8127,0,00000290fffffe5e,0,1
3046,3046,0,8127,0,0,234e,001c,8206,8127,0,fffffe44000000d4,0,1
3047,3047,0,8127,0,0,1ff7,001c,8183,8127,0,00000020fffffe93,0,1
3048,3048,0,8127,0,0,1ffd,001c,8189,8127,0,ffffffd80000007b,0,1
3049,3049,0,8127,0,0,1fd9,001c,8153,8127,0,00000038000000e9,0,1
3050,3050,0,8127,0,0,2002,001c,8194,8127,0,0000018cffffffef,0,1
3051,3051,0,8127,0,0,1fe0,001c,8160,8127,0,0000004f000000c0,0,1
3052,3052,0,8127,0,0,2005,001c,8197,8127,0,fffffdce000000f3,0,1
3053,3053,0,8127,0,0,200b,001c,8203,8127,0,fffffefa0000039f,0,1
3054,3054,0,8127,0,0,1fbe,001c,8126,8127,0,ffffff93ffffff3a,0,1
3055,3055,0,8127,0,0,202d,001c,8237,8127,0,000000e0fffffec7,0,1
3056,3056,0,8127,0,0,2025,001c,8229,8127,0,ffffffd4ffffff8d,0,1
3057,3057,0,8127,0,0,200f,001c,8207,8127,0,000000f70000000a,0,1
3058,3058,0,8127,0,0,201d,001c,8221,8127,0,fffffcfc0000007f,0,1
3059,3059,0,8127,0,0,1ff3,001c,8179,8127,0,0000007b0000006d,0,1
3060,3060,0,8127,0,0,1ff8,001c,8184,8127,0,000002ff00000043,0,1
3061,3061,0,8127,0,0,1fed,001c,8173,8127,0,0000017afffffd94,0,1
3062,3062,0,8127,0,0,2031,001c,8241,8127,0,0000010800000069,0,1
3063,3063,0,8127,0,0,1fbb,001c,8123,8127,0,ffffff30ffffff97,0,1
3064,3064,0,8127,0,0,2008,001c,8200,8127,0,0000012f00000041,0,1
3065,3065,0,8127,0,0,2036,001c,8246,8127,0,00000085ffffffb2,0,1
3066,3066,0,8127,0,0,1fc8,001c,8136,8127,0,00000068fffffe00,0,1
3067,3067,0,8127,0,0,1ffa,001c,8186,8127,0,0000016dfffffe4b,0,1
3068,3068,0,8127,0,0,2009,001c,8201,8127,0,ffffff4fffffff24,0,1
3069,3069,0,8127,0,0,1fee,001c,8174,8127,0,000000340000020d,0,1
3070,3070,0,8127,0,0,2012,001c,8210,8127,0,000000590000004b,0,1
3071,3071,0,8127,0,0,2004,001c,8196,8127,0,ffffffbb00000071,1,1
3072,3072,0,8127,0,0,2012,001c,8210,8127,0,ffffffd4ffffff8d,0,0
3073,3073,0,8127,0,0,1fdd,001c,8157,8127,0,ffffffd4ffffff8d,0,0
3074,3074,0,8127,0,0,2007,001c,8199,8127,0,ffffffd4ffffff8d,0,0
3075,3075,0,8127,0,0,1fdf,001c,8159,8127,0,ffffffd4ffffff8d,0,0
3076,3076,0,8127,0,0,2017,001c,8215,8127,0,ffffffd4ffffff8d,0,0
3077,3077,0,8127,0,0,1fc9,001c,8137,8127,0,ffffffd4ffffff8d,0,0
3078,3078,0,8127,0,0,1ffc,001c,8189,8127,0,ffffffd4ffffff8d,0,0
3079,3079,0,8127,0,0,1ff6,001c,8182,8127,0,ffffffd4ffffff8d,0,0
3080,3080,0,8127,0,0,3ffe,001c,16382,8127,0,ffffffd4ffffff8d,0,0
3081,3081,0,8127,0,0,3fea,001c,16362,8127,0,ffffffd4ffffff8d,0,0
3082,3082,0,8127,0,0,1ff3,001c,8179,8127,0,ffffffd4ffffff8d,0,0
3083,3083,0,8127,0,0,1ffb,001c,8187,8127,0,ffffffd4ffffff8d,0,0
3084,3084,0,8127,0,0,1fea,001c,8170,8127,0,ffffffd4ffffff8d,0,0
3085,3085,0,8127,0,0,2bcb,001c,8459,8127,0,ffffffd4ffffff8d,0,0
3086,3086,0,8127,0,0,1feb,001c,8171,8127,0,ffffffd4ffffff8d,0,0
3087,3087,0,8127,0,0,201f,001c,8223,8127,0,ffffffd4ffffff8d,0,0
3088,3088,0,8127,0,0,1fdc,001c,8156,8127,0,ffffffd4ffffff8d,0,0
3089,3089,0,8127,0,0,2005,001c,8197,8127,0,ffffffd4ffffff8d,0,0
3090,3090,0,8127,0,0,1fe3,001c,8163,8127,0,ffffffd4ffffff8d,0,0
3091,3091,0,8127,0,0,2012,001c,8210,8127,0,ffffffd4ffffff8d,0,0
3092,3092,0,8127,0,0,2001,001c,8193,8127,0,ffffffd4ffffff8d,0,0
3093,3093,0,8127,0,0,2000,001c,8192,8127,0,ffffffd4ffffff8d,0,0
3094,3094,0,8127,0,0,2001,001c,8193,8127,0,ffffffd4ffffff8d,0,0
3095,3095,0,8127,0,0,1ffd,001c,8189,8127,0,ffffffd4ffffff8d,0,0
3096,3096,0,8127,0,0,1fe3,001c,8163,8127,0,ffffffd4ffffff8d,0,0
3097,3097,0,8127,0,0,1ff9,001c,8185,8127,0,ffffffd4ffffff8d,0,0
3098,3098,0,8127,0,0,1fd3,001c,8147,8127,0,ffffffd4ffffff8d,0,0
3099,3099,0,8127,0,0,201a,001c,8218,8127,0,ffffffd4ffffff8d,0,0
3100,3100,0,8127,0,0,1fed,001c,8173,8127,0,ffffffd4ffffff8d,0,0
3101,3101,0,8127,0,0,202b,001c,8235,8127,0,ffffffd4ffffff8d,0,0
3102,3102,0,8127,0,0,1ffc,001c,8188,8127,0,ffffffd4ffffff8d,0,0
3103,3103,0,8127,0,0,2000,001c,8192,8127,0,ffffffd4ffffff8d,0,0
3104,3104,0,8127,0,0,1fd2,001c,8146,8127,0,ffffffd4ffffff8d,0,0
3105,3105,0,8127,0,0,1ff9,001c,8185,8127,0,ffffffd4ffffff8d,0,0
3106,3106,0,8127,0,0,1fea,001c,8170,8127,0,ffffffd4ffffff8d,0,0
3107,3107,0,8127,0,0,1ffd,001c,8189,8127,0,ffffffd4ffffff8d,0,0
3108,3108,0,8127,0,0,200b,001c,8203,8127,0,ffffffd4ffffff8d,0,0
3109,3109,0,8127,0,0,1ff9,001c,8185,8127,0,ffffffd4ffffff8d,0,0
3110,3110,0,8127,0,0,1fd8,001c,8152,8127,0,ffffffd4ffffff8d,0,0
3111,3111,0,8127,0,0,2014,001c,8212,8127,0,ffffffd4ffffff8d,0,0
3112,3112,0,8127,0,0,1fe2,001c,8162,8127,0,ffffffd4ffffff8d,0,0
3113,3113,0,8127,0,0,2035,001c,11959,8127,0,ffffffd4ffffff8d,0,0
3114,3114,0,8127,0,0,1fcf,001c,16351,8127,0,ffffffd4ffffff8d,0,0
3115,3115,0,8127,0,0,3f9f,001c,16351,8127,0,ffffffd4ffffff8d,0,0
3116,3116,0,8127,0,0,2013,001c,8211,8127,0,ffffffd4ffffff8d,0,0
3117,3117,0,8127,0,0,3f73,001c,12147,8127,0,ffffffd4ffffff8d,0,0
3118,3118,0,8127,0,0,3ff9,001c,8185,8127,0,ffffffd4ffffff8d,0,0
3119,3119,0,8127,0,0,2f20,001c,12064,8127,0,ffffffd4ffffff8d,0,0
3120,3120,0,8127,0,0,1ffc,001c,8188,8127,0,ffffffd4ffffff8d,0,0
3121,3121,0,8127,0,0,1ffc,001c,8188,8127,0,ffffffd4ffffff8d,0,0
3122,3122,0,8127,0,0,1ff8,001c,8184,8127,0,ffffffd4ffffff8d,0,0
3123,3123,0,8127,0,0,1fe7,001c,8167,8127,0,ffffffd4ffffff8d,0,0
3124,3124,0,8127,0,0,2010,001c,8208,8127,0,ffffffd4ffffff8d,0,0
3125,3125,0,8127,0,0,1ff3,001c,8179,8127,0,ffffffd4ffffff8d,0,0
3126,3126,0,8127,0,0,200e,001c,8206,8127,0,ffffffd4ffffff8d,0,0
3127,3127,0,8127,0,0,1fd5,001c,8149,8127,0,ffffffd4ffffff8d,0,0
3128,3128,0,8127,0,0,1ff0,001c,8176,8127,0,ffffffd4ffffff8d,0,0
3129,3129,0,8127,0,0,2008,001c,8200,8127,0,ffffffd4ffffff8d,0,0
3130,3130,0,8127,0,0,1fe8,001c,8168,8127,0,ffffffd4ffffff8d,0,0
3131,3131,0,8127,0,0,1ffc,001c,8188,8127,0,ffffffd4ffffff8d,0,0
3132,3132,0,8127,0,0,1fed,001c,8173,8127,0,ffffffd4ffffff8d,0,0
3133,3133,0,8127,0,0,2016,001c,8214,8127,0,ffffffd4ffffff8d,0,0
3134,3134,0,8127,0,0,200e,001c,8206,8127,0,ffffffd4ffffff8d,0,0
3135,3135,0,8127,0,0,1fd4,001c,8148,8127,0,ffffffd4ffffff8d,0,0
3136,3136,0,8127,0,0,2036,001c,8246,8127,0,ffffffd4ffffff8d,0,0
3137,3137,0,8127,0,0,1fc9,001c,8137,8127,0,ffffffd4ffffff8d,0,0
3138,3138,0,8127,0,0,2005,001c,8197,8127,0,ffffffd4ffffff8d,0,0
3139,3139,0,8127,0,0,202b,001c,8235,8127,0,ffffffd4ffffff8d,0,0
3140,3140,0,8127,0,0,1fc9,001c,8137,8127,0,ffffffd4ffffff8d,0,0
3141,3141,0,8127,0,0,1ff5,001c,8181,8127,0,ffffffd4ffffff8d,0,0
3142,3142,0,8127,0,0,2003,001c,8195,8127,0,ffffffd4ffffff8d,0,0
3143,3143,0,8127,0,0,2017,001c,8215,8127,0,ffffffd4ffffff8d,0,0
3144,3144,0,8127,0,0,1fe2,001c,8162,8127,0,ffffffd4ffffff8d,0,0
3145,3145,0,8127,0,0,1ff4,001c,8180,8127,0,ffffffd4ffffff8d,0,0
3146,3146,0,8127,0,0,200a,001c,8202,8127,0,ffffffd4ffffff8d,0,0
3147,3147,0,8127,0,0,1fed,001c,8173,8127,0,ffffffd4ffffff8d,0,0
3148,3148,0,8127,0,0,2009,001c,8233,8127,0,ffffffd4ffffff8d,0,0
3149,3149,0,8127,0,0,1fe8,001c,8169,8127,0,ffffffd4ffffff8d,0,0
3150,3150,0,8127,0,0,2ead,001c,16365,8127,0,ffffffd4ffffff8d,0,0
3151,3151,0,8127,0,0,1fef,001c,16335,8127,0,ffffffd4ffffff8d,0,0
3152,3152,0,8127,0,0,3feb,001c,16363,8127,0,ffffffd4ffffff8d,0,0
3153,3153,0,8127,0,0,304a,001c,8202,8127,0,ffffffd4ffffff8d,0,0
3154,3154,0,8127,0,0,1ff1,001c,8177,8127,0,ffffffd4ffffff8d,0,0
3155,3155,0,8127,0,0,2000,001c,8192,8127,0,ffffffd4ffffff8d,0,0
3156,3156,0,8127,0,0,1fdf,001c,8159,8127,0,ffffffd4ffffff8d,0,0
3157,3157,0,8127,0,0,2003,001c,8195,8127,0,ffffffd4ffffff8d,0,0
3158,3158,0,8127,0,0,1ff8,001c,8184,8127,0,ffffffd4ffffff8d,0,0
3159,3159,0,8127,0,0,2009,001c,8201,8127,0,ffffffd4ffffff8d,0,0
3160,3160,0,8127,0,0,1ff7,001c,8183,8127,0,ffffffd4ffffff8d,0,0
3161,3161,0,8127,0,0,2010,001c,8208,8127,0,ffffffd4ffffff8d,0,0
3162,3162,0,8127,0,0,1fd0,001c,8144,8127,0,ffffffd4ffffff8d,0,0
3163,3163,0,8127,0,0,2011,001c,8209,8127,0,ffffffd4ffffff8d,0,0
3164,3164,0,8127,0,0,1ff1,001c,8177,8127,0,ffffffd4ffffff8d,0,0
3165,3165,0,8127,0,0,1ffa,001c,8186,8127,0,ffffffd4ffffff8d,0,0
3166,3166,0,8127,0,0,1ff3,001c,8179,8127,0,ffffffd4ffffff8d,0,0
3167,3167,0,8127,0,0,2009,001c,8201,8127,0,ffffffd4ffffff8d,0,0
3168,3168,0,8127,0,0,1fc6,001c,8134,8127,0,ffffffd4ffffff8d,0,0
3169,3169,0,8127,0,0,2014,001c,8212,8127,0,ffffffd4ffffff8d,0,0
3170,3170,0,8127,0,0,1fc0,001c,8128,8127,0,ffffffd4ffffff8d,0,0
3171,3171,0,8127,0,0,2001,001c,8193,8127,0,ffffffd4ffffff8d,0,0
3172,3172,0,8127,0,0,201b,001c,8219,8127,0,ffffffd4ffffff8d,0,0
3173,3173,0,8127,0,0,1ff7,001c,8183,8127,0,ffffffd4ffffff8d,0,0
3174,3174,0,8127,0,0,1fcf,001c,8143,8127,0,ffffffd4ffffff8d,0,0
3175,3175,0,8127,0,0,2015,001c,8213,8127,0,ffffffd4ffffff8d,0,0
3176,3176,0,8127,0,0,1fef,001c,8175,8127,0,ffffffd4ffffff8d,0,0
3177,3177,0,8127,0,0,2008,001c,8200,8127,0,ffffffd4ffffff8d,0,0
3178,3178,0,8127,0,0,1fe0,001c,8160,8127,0,ffffffd4ffffff8d,0,0
3179,3179,0,8127,0,0,2016,001c,8214,8127,0,ffffffd4ffffff8d,0,0
3180,3180,0,8127,0,0,1ff6,001c,8182,8127,0,ffffffd4ffffff8d,0,0
3181,3181,0,8127,0,0,200a,001c,8202,8127,0,ffffffd4ffffff8d,0,0
3182,3182,0,8127,0,0,1fda,001c,8154,8127,0,ffffffd4ffffff8d,0,0
3183,3183,0,8127,0,0,2005,001c,8197,8127,0,ffffffd4ffffff8d,0,0
3184,3184,0,8127,0,0,1fc6,001c,8134,8127,0,ffffffd4ffffff8d,0,0
3185,3185,0,8127,0,0,2000,001c,11906,8127,0,ffffffd4ffffff8d,0,0
3186,3186,0,8127,0,0,2019,001c,8217,8127,0,ffffffd4ffffff8d,0,0
3187,3187,0,8127,0,0,203f,001c,8255,8127,0,ffffffd4ffffff8d,0,0
3188,3188,0,8127,0,0,3fbf,001c,16190,8127,0,ffffffd4ffffff8d,0,0
3189,3189,0,8127,0,0,1ffb,001c,8187,8127,0,ffffffd4ffffff8d,0,0
3190,3190,0,8127,0,0,1fff,001c,8191,8127,0,ffffffd4ffffff8d,0,0
3191,3191,0,8127,0,0,1fe7,001c,8167,8127,0,ffffffd4ffffff8d,0,0
3192,3192,0,8127,0,0,2019,001c,8217,8127,0,ffffffd4ffffff8d,0,0
3193,3193,0,8127,0,0,1ff3,001c,8179,8127,0,ffffffd4ffffff8d,0,0
3194,3194,0,8127,0,0,2020,001c,8224,8127,0,ffffffd4ffffff8d,0,0
3195,3195,0,8127,0,0,1fc6,001c,8134,8127,0,ffffffd4ffffff8d,0,0
3196,3196,0,8127,0,0,2004,001c,8196,8127,0,ffffffd4ffffff8d,0,0
3197,3197,0,8127,0,0,1ffb,001c,8187,8127,0,ffffffd4ffffff8d,0,0
3198,3198,0,8127,0,0,1ffb,001c,8187,8127,0,ffffffd4ffffff8d,0,0
3199,3199,0,8127,0,0,1feb,001c,8171,8127,0,ffffffd4ffffff8d,0,0
3200,3200,0,8127,0,0,1ffe,001c,8190,8127,0,ffffffd4ffffff8d,0,0
3201,3201,0,8127,0,0,1fe1,001c,8161,8127,0,ffffffd4ffffff8d,0,0
3202,3202,0,8127,0,0,200d,001c,8205,8127,0,ffffffd4ffffff8d,0,0
3203,3203,0,8127,0,0,1ff4,001c,8180,8127,0,ffffffd4ffffff8d,0,0
3204,3204,0,8127,0,0,1ff1,001c,8177,8127,0,ffffffd4ffffff8d,0,0
3205,3205,0,8127,0,0,1ff0,001c,8176,8127,0,ffffffd4ffffff8d,0,0
3206,3206,0,8127,0,0,2013,001c,8211,8127,0,ffffffd4ffffff8d,0,0
3207,3207,0,8127,0,0,1fb7,001c,8119,8127,0,ffffffd4ffffff8d,0,0
3208,3208,0,8127,0,0,2016,001c,8214,8127,0,ffffffd4ffffff8d,0,0
3209,3209,0,8127,0,0,2008,001c,8200,8127,0,ffffffd4ffffff8d,0,0
3210,3210,0,8127,0,0,1fe6,001c,8166,8127,0,ffffffd4ffffff8d,0,0
3211,3211,0,8127,0,0,1fec,001c,8172,8127,0,ffffffd4ffffff8d,0,0
3212,3212,0,8127,0,0,1ffd,001c,8189,8127,0,ffffffd4ffffff8d,0,0
3213,3213,0,8127,0,0,200f,001c,8207,8127,0,ffffffd4ffffff8d,0,0
3214,3214,0,8127,0,0,1fec,001c,8172,8127,0,ffffffd4ffffff8d,0,0
3215,3215,0,8127,0,0,1fe6,001c,8166,8127,0,ffffffd4ffffff8d,0,0
3216,3216,0,8127,0,0,2031,001c,8241,8127,0,ffffffd4ffffff8d,0,0
3217,3217,0,8127,0,0,1fda,001c,8154,8127,0,ffffffd4ffffff8d,0,0
3218,3218,0,8127,0,0,2001,001c,8193,8127,0,ffffffd4ffffff8d,0,0
3219,3219,0,8127,0,0,1ffc,001c,8188,8127,0,ffffffd4ffffff8d,0,0
3220,3220,0,8127,0,0,1ffa,001c,8186,8127,0,ffffffd4ffffff8d,0,0
3221,3221,0,8127,0,0,202e,001c,11950,8127,0,ffffffd4ffffff8d,0,0
3222,3222,0,8127,0,0,1fef,001c,16367,8127,0,ffffffd4ffffff8d,0,0
3223,3223,0,8127,0,0,3fff,001c,16383,8127,0,ffffffd4ffffff8d,0,0
3224,3224,0,8127,0,0,3fd8,001c,16344,8127,0,ffffffd4ffffff8d,0,0
3225,3225,0,8127,0,0,1ffc,001c,8188,8127,0,ffffffd4ffffff8d,0,0
3226,3226,0,8127,0,0,1ffe,001c,8190,8127,0,ffffffd4ffffff8d,0,0
3227,3227,0,8127,0,0,1ffa,001c,8186,8127,0,ffffffd4ffffff8d,0,0
3228,3228,0,8127,0,0,1ffe,001c,8190,8127,0,ffffffd4ffffff8d,0,0
3229,3229,0,8127,0,0,1ffe,001c,8190,8127,0,ffffffd4ffffff8d,0,0
3230,3230,0,8127,0,0,1fcd,001c,8141,8127,0,ffffffd4ffffff8d,0,0
3231,3231,0,8127,0,0,2005,001c,8197,8127,0,ffffffd4ffffff8d,0,0
3232,3232,0,8127,0,0,2001,001c,8193,8127,0,ffffffd4ffffff8d,0,0
3233,3233,0,8127,0,0,1fd9,001c,8153,8127,0,ffffffd4ffffff8d,0,0
3234,3234,0,8127,0,0,1fff,001c,8191,8127,0,ffffffd4ffffff8d,0,0
3235,3235,0,8127,0,0,1fce,001c,8142,8127,0,ffffffd4ffffff8d,0,0
3236,3236,0,8127,0,0,2023,001c,8227,8127,0,ffffffd4ffffff8d,0,0
3237,3237,0,8127,0,0,1fcf,001c,8143,8127,0,ffffffd4ffffff8d,0,0
3238,3238,0,8127,0,0,2013,001c,8211,8127,0,ffffffd4ffffff8d,0,0
3239,3239,0,8127,0,0,2006,001c,8198,8127,0,ffffffd4ffffff8d,0,0
3240,3240,0,8127,0,0,1ff2,001c,8178,8127,0,ffffffd4ffffff8d,0,0
3241,3241,0,8127,0,0,2014,001c,8212,8127,0,ffffffd4ffffff8d,0,0
3242,3242,0,8127,0,0,1feb,001c,8171,8127,0,ffffffd4ffffff8d,0,0
3243,3243,0,8127,0,0,1fe0,001c,8160,8127,0,ffffffd4ffffff8d,0,0
3244,3244,0,8127,0,0,1fe6,001c,8166,8127,0,ffffffd4ffffff8d,0,0
3245,3245,0,8127,0,0,1fdc,001c,8156,8127,0,ffffffd4ffffff8d,0,0
3246,3246,0,8127,0,0,2015,001c,8213,8127,0,ffffffd4ffffff8d,0,0
3247,3247,0,8127,0,0,1ff2,001c,8178,8127,0,ffffffd4ffffff8d,0,0
3248,3248,0,8127,0,0,2007,001c,8199,8127,0,ffffffd4ffffff8d,0,0
3249,3249,0,8127,0,0,1fe7,001c,8167,8127,0,ffffffd4ffffff8d,0,0
3250,3250,0,8127,0,0,2005,001c,8197,8127,0,ffffffd4ffffff8d,0,0
3251,3251,0,8127,0,0,2017,001c,8215,8127,0,ffffffd4ffffff8d,0,0
3252,3252,0,8127,0,0,1fef,001c,8175,8127,0,ffffffd4ffffff8d,0,0
3253,3253,0,8127,0,0,1ff6,001c,8182,8127,0,ffffffd4ffffff8d,0,0
3254,3254,0,8127,0,0,1fe5,001c,8165,8127,0,ffffffd4ffffff8d,0,0
3255,3255,0,8127,0,0,201b,001c,8219,8127,0,ffffffd4ffffff8d,0,0
3256,3256,0,8127,0,0,1fe3,001c,8171,8127,0,ffffffd4ffffff8d,0,0
3257,3257,0,8127,0,0,1fed,001c,8175,8127,0,ffffffd4ffffff8d,0,0
3258,3258,0,8127,0,0,2fbf,001c,16383,8127,0,ffffffd4ffffff8d,0,0
3259,3259,0,8127,0,0,3fdf,001c,14295,8127,0,ffffffd4ffffff8d,0,0
3260,3260,0,8127,0,0,1ffc,001c,8188,8127,0,ffffffd4ffffff8d,0,0
3261,3261,0,8127,0,0,1ffb,001c,8187,8127,0,ffffffd4ffffff8d,0,0
3262,3262,0,8127,0,0,1ff3,001c,8179,8127,0,ffffffd4ffffff8d,0,0
3263,3263,0,8127,0,0,201a,001c,8218,8127,0,ffffffd4ffffff8d,0,0
3264,3264,0,8127,0,0,1fe6,001c,8166,8127,0,ffffffd4ffffff8d,0,0
3265,3265,0,8127,0,0,201d,001c,8221,8127,0,ffffffd4ffffff8d,0,0
3266,3266,0,8127,0,0,201b,001c,8219,8127,0,ffffffd4ffffff8d,0,0
3267,3267,0,8127,0,0,1ff8,001c,8184,8127,0,ffffffd4ffffff8d,0,0
3268,3268,0,8127,0,0,1fe4,001c,8164,8127,0,ffffffd4ffffff8d,0,0
3269,3269,0,8127,0,0,2017,001c,8215,8127,0,ffffffd4ffffff8d,0,0
3270,3270,0,8127,0,0,1fd5,001c,8149,8127,0,ffffffd4ffffff8d,0,0
3271,3271,0,8127,0,0,1fd9,001c,8153,8127,0,ffffffd4ffffff8d,0,0
3272,3272,0,8127,0,0,1fdd,001c,8157,8127,0,ffffffd4ffffff8d,0,0
3273,3273,0,8127,0,0,2023,001c,8227,8127,0,ffffffd4ffffff8d,0,0
3274,3274,0,8127,0,0,1fe5,001c,8165,8127,0,ffffffd4ffffff8d,0,0
3275,3275,0,8127,0,0,201d,001c,8221,8127,0,ffffffd4ffffff8d,0,0
3276,3276,0,8127,0,0,1fed,001c,8173,8127,0,ffffffd4ffffff8d,0,0
3277,3277,0,8127,0,0,1fd9,001c,8153,8127,0,ffffffd4ffffff8d,0,0
3278,3278,0,8127,0,0,200d,001c,8205,8127,0,ffffffd4ffffff8d,0,0
3279,3279,0,8127,0,0,201b,001c,8219,8127,0,ffffffd4ffffff8d,0,0
3280,3280,0,8127,0,0,1fce,001c,8142,8127,0,ffffffd4ffffff8d,0,0
3281,3281,0,8127,0,0,1ff7,001c,8183,8127,0,ffffffd4ffffff8d,0,0
3282,3282,0,8127,0,0,1ff5,001c,8181,8127,0,ffffffd4ffffff8d,0,0
3283,3283,0,8127,0,0,2022,001c,8226,8127,0,ffffffd4ffffff8d,0,0
3284,3284,0,8127,0,0,2000,001c,8192,8127,0,ffffffd4ffffff8d,0,0
3285,3285,0,8127,0,0,2014,001c,8212,8127,0,ffffffd4ffffff8d,0,0
3286,3286,0,8127,0,0,1fec,001c,8172,8127,0,ffffffd4ffffff8d,0,0
3287,3287,0,8127,0,0,200a,001c,8202,8127,0,ffffffd4ffffff8d,0,0
3288,3288,0,8127,0,0,1fff,001c,8191,8127,0,ffffffd4ffffff8d,0,0
3289,3289,0,8127,0,0,1fdd,001c,8157,8127,0,ffffffd4ffffff8d,0,0
3290,3290,0,8127,0,0,2006,001c,8198,8127,0,ffffffd4ffffff8d,0,0
3291,3291,0,8127,0,0,1ff1,001c,8177,8127,0,ffffffd4ffffff8d,0,0
3292,3292,0,8127,0,0,1ffd,001c,8189,8127,0,ffffffd4ffffff8d,0,0
3293,3293,0,8127,0,0,1fff,001c,8191,8127,0,ffffffd4ffffff8d,0,0
3294,3294,0,8127,0,0,1fff,001c,8191,8127,0,ffffffd4ffffff8d,0,0
3295,3295,0,8127,0,0,3ff7,001c,16375,8127,0,ffffffd4ffffff8d,0,0
3296,3296,0,8127,0,0,3f96,001c,12054,8127,0,ffffffd4ffffff8d,0,0
3297,3297,0,8127,0,0,1ffd,001c,8189,8127,0,ffffffd4ffffff8d,0,0
3298,3298,0,8127,0,0,1ff5,001c,8181,8127,0,ffffffd4ffffff8d,0,0
3299,3299,0,8127,0,0,1ff9,001c,8185,8127,0,ffffffd4ffffff8d,0,0
3300,3300,0,8127,0,0,1fc9,001c,8137,8127,0,ffffffd4ffffff8d,0,0
3301,3301,0,8127,0,0,2033,001c,8243,8127,0,ffffffd4ffffff8d,0,0
3302,3302,0,8127,0,0,1ff2,001c,8178,8127,0,ffffffd4ffffff8d,0,0
3303,3303,0,8127,0,0,1fcf,001c,8143,8127,0,ffffffd4ffffff8d,0,0
3304,3304,0,8127,0,0,2006,001c,8198,8127,0,ffffffd4ffffff8d,0,0
3305,3305,0,8127,0,0,1fd5,001c,8149,8127,0,ffffffd4ffffff8d,0,0
3306,3306,0,8127,0,0,2005,001c,8197,8127,0,ffffffd4ffffff8d,0,0
3307,3307,0,8127,0,0,2015,001c,8213,8127,0,ffffffd4ffffff8d,0,0
3308,3308,0,8127,0,0,1fe6,001c,8166,8127,0,ffffffd4ffffff8d,0,0
3309,3309,0,8127,0,0,200c,001c,8204,8127,0,ffffffd4ffffff8d,0,0
3310,3310,0,8127,0,0,1fe8,001c,8168,8127,0,ffffffd4ffffff8d,0,0
3311,3311,0,8127,0,0,1fde,001c,8158,8127,0,ffffffd4ffffff8d,0,0
3312,3312,0,8127,0,0,2023,001c,8227,8127,0,ffffffd4ffffff8d,0,0
3313,3313,0,8127,0,0,200b,001c,8203,8127,0,ffffffd4ffffff8d,0,0
3314,3314,0,8127,0,0,1ffc,001c,8188,8127,0,ffffffd4ffffff8d,0,0
3315,3315,0,8127,0,0,1fe2,001c,8162,8127,0,ffffffd4ffffff8d,0,0
3316,3316,0,8127,0,0,2001,001c,8193,8127,0,ffffffd4ffffff8d,0,0
3317,3317,0,8127,0,0,1fe4,001c,8164,8127,0,ffffffd4ffffff8d,0,0
3318,3318,0,8127,0,0,2005,001c,8197,8127,0,ffffffd4ffffff8d,0,0
3319,3319,0,8127,0,0,200a,001c,8202,8127,0,ffffffd4ffffff8d,0,0
3320,3320,0,8127,0,0,1fed,001c,8173,8127,0,ffffffd4ffffff8d,0,0
3321,3321,0,8127,0,0,1fd8,001c,8152,8127,0,ffffffd4ffffff8d,0,0
3322,3322,0,8127,0,0,200c,001c,8204,8127,0,ffffffd4ffffff8d,0,0
3323,3323,0,8127,0,0,1fd9,001c,8153,8127,0,ffffffd4ffffff8d,0,0
3324,3324,0,8127,0,0,1fea,001c,8170,8127,0,ffffffd4ffffff8d,0,0
3325,3325,0,8127,0,0,200f,001c,8207,8127,0,ffffffd4ffffff8d,0,0
3326,3326,0,8127,0,0,1ff8,001c,8184,8127,0,ffffffd4ffffff8d,0,0
3327,3327,0,8127,0,0,1fef,001c,8175,8127,0,ffffffd4ffffff8d,0,0
3328,3328,0,8127,0,0,2037,001c,11967,8127,0,ffffffd4ffffff8d,0,0
3329,3329,0,8127,0,0,1fd7,001c,16343,8127,0,ffffffd4ffffff8d,0,0
3330,3330,0,8127,0,0,3fd7,001c,16343,8127,0,ffffffd4ffffff8d,0,0
3331,3331,0,8127,0,0,3bd0,001c,12288,8127,0,ffffffd4ffffff8d,0,0
3332,3332,0,8127,0,0,3ffb,001c,8187,8127,0,ffffffd4ffffff8d,0,0
3333,3333,0,8127,0,0,2011,001c,8209,8127,0,ffffffd4ffffff8d,0,0
3334,3334,0,8127,0,0,1fff,001c,8191,8127,0,ffffffd4ffffff8d,0,0
3335,3335,0,8127,0,0,1fff,001c,8159,8127,0,ffffffd4ffffff8d,0,0
3336,3336,0,8127,0,0,1fef,001c,8174,8127,0,ffffffd4ffffff8d,0,0
3337,3337,0,8127,0,0,1ff9,001c,8169,8127,0,ffffffd4ffffff8d,0,0
3338,3338,0,8127,0,0,1ff1,001c,8177,8127,0,ffffffd4ffffff8d,0,0
3339,3339,0,8127,0,0,201c,001c,8220,8127,0,ffffffd4ffffff8d,0,0
3340,3340,0,8127,0,0,1fe8,001c,8168,8127,0,ffffffd4ffffff8d,0,0
3341,3341,0,8127,0,0,2002,001c,8194,8127,0,ffffffd4ffffff8d,0,0
3342,3342,0,8127,0,0,1fec,001c,8172,8127,0,ffffffd4ffffff8d,0,0
3343,3343,0,8127,0,0,1ffd,001c,8189,8127,0,ffffffd4ffffff8d,0,0
3344,3344,0,8127,0,0,1fe8,001c,8168,8127,0,ffffffd4ffffff8d,0,0
3345,3345,0,8127,0,0,2020,001c,8224,8127,0,ffffffd4ffffff8d,0,0
3346,3346,0,8127,0,0,1fe3,001c,8163,8127,0,ffffffd4ffffff8d,0,0
3347,3347,0,8127,0,0,200b,001c,8203,8127,0,ffffffd4ffffff8d,0,0
3348,3348,0,8127,0,0,2013,001c,8211,8127,0,ffffffd4ffffff8d,0,0
3349,3349,0,8127,0,0,1fff,001c,8191,8127,0,ffffffd4ffffff8d,0,0
3350,3350,0,8127,0,0,1fe0,001c,8160,8127,0,ffffffd4ffffff8d,0,0
3351,3351,0,8127,0,0,1fe6,001c,8166,8127,0,ffffffd4ffffff8d,0,0
3352,3352,0,8127,0,0,1fee,001c,8174,8127,0,ffffffd4ffffff8d,0,0
3353,3353,0,8127,0,0,2004,001c,8196,8127,0,ffffffd4ffffff8d,0,0
3354,3354,0,8127,0,0,1ff5,001c,8181,8127,0,ffffffd4ffffff8d,0,0
3355,3355,0,8127,0,0,2025,001c,8229,8127,0,ffffffd4ffffff8d,0,0
3356,3356,0,8127,0,0,1fe1,001c,8161,8127,0,ffffffd4ffffff8d,0,0
3357,3357,0,8127,0,0,1ff6,001c,8182,8127,0,ffffffd4ffffff8d,0,0
3358,3358,0,8127,0,0,1ff5,001c,8181,8127,0,ffffffd4ffffff8d,0,0
3359,3359,0,8127,0,0,1fe5,001c,8165,8127,0,ffffffd4ffffff8d,0,0
3360,3360,0,8127,0,0,200f,001c,8207,8127,0,ffffffd4ffffff8d,0,0
3361,3361,0,8127,0,0,1ff2,001c,8178,8127,0,ffffffd4ffffff8d,0,0
3362,3362,0,8127,0,0,1feb,001c,8171,8127,0,ffffffd4ffffff8d,0,0
3363,3363,0,8127,0,0,201b,001c,8251,8127,0,ffffffd4ffffff8d,0,0
3364,3364,0,8127,0,0,1fde,001c,8159,8127,0,ffffffd4ffffff8d,0,0
3365,3365,0,8127,0,0,2f9f,001c,16351,8127,0,ffffffd4ffffff8d,0,0
3366,3366,0,8127,0,0,3fc5,001c,13765,8127,0,ffffffd4ffffff8d,0,0
3367,3367,0,8127,0,0,1ffd,001c,8189,8127,0,ffffffd4ffffff8d,0,0
3368,3368,0,8127,0,0,1ffe,001c,8190,8127,0,ffffffd4ffffff8d,0,0
3369,3369,0,8127,0,0,1ff7,001c,8183,8127,0,ffffffd4ffffff8d,0,0
3370,3370,0,8127,0,0,1fff,001c,8191,8127,0,ffffffd4ffffff8d,0,0
3371,3371,0,8127,0,0,1ffd,001c,8189,8127,0,ffffffd4ffffff8d,0,0
3372,3372,0,8127,0,0,2006,001c,8198,8127,0,ffffffd4ffffff8d,0,0
3373,3373,0,8127,0,0,1ff0,001c,8176,8127,0,ffffffd4ffffff8d,0,0
3374,3374,0,8127,0,0,1ff1,001c,8177,8127,0,ffffffd4ffffff8d,0,0
3375,3375,0,8127,0,0,1fea,001c,8170,8127,0,ffffffd4ffffff8d,0,0
3376,3376,0,8127,0,0,200c,001c,8204,8127,0,ffffffd4ffffff8d,0,0
3377,3377,0,8127,0,0,1fcb,001c,8139,8127,0,ffffffd4ffffff8d,0,0
3378,3378,0,8127,0,0,2018,001c,8216,8127,0,ffffffd4ffffff8d,0,0
3379,3379,0,8127,0,0,2010,001c,8208,8127,0,ffffffd4ffffff8d,0,0
3380,3380,0,8127,0,0,1ff7,001c,8183,8127,0,ffffffd4ffffff8d,0,0
3381,3381,0,8127,0,0,1fef,001c,8175,8127,0,ffffffd4ffffff8d,0,0
3382,3382,0,8127,0,0,2013,001c,8211,8127,0,ffffffd4ffffff8d,0,0
3383,3383,0,8127,0,0,1fe3,001c,8163,8127,0,ffffffd4ffffff8d,0,0
3384,3384,0,8127,0,0,1ff0,001c,8176,8127,0,ffffffd4ffffff8d,0,0
3385,3385,0,8127,0,0,1ff1,001c,8177,8127,0,ffffffd4ffffff8d,0,0
3386,3386,0,8127,0,0,2015,001c,8213,8127,0,ffffffd4ffffff8d,0,0
3387,3387,0,8127,0,0,1fcd,001c,8141,8127,0,ffffffd4ffffff8d,0,0
3388,3388,0,8127,0,0,201c,001c,8220,8127,0,ffffffd4ffffff8d,0,0
3389,3389,0,8127,0,0,1fee,001c,8174,8127,0,ffffffd4ffffff8d,0,0
3390,3390,0,8127,0,0,1fe4,001c,8164,8127,0,ffffffd4ffffff8d,0,0
3391,3391,0,8127,0,0,2002,001c,8194,8127,0,ffffffd4ffffff8d,0,0
3392,3392,0,8127,0,0,2014,001c,8212,8127,0,ffffffd4ffffff8d,0,0
3393,3393,0,8127,0,0,1fc8,001c,8136,8127,0,ffffffd4ffffff8d,0,0
3394,3394,0,8127,0,0,2008,001c,8200,8127,0,ffffffd4ffffff8d,0,0
3395,3395,0,8127,0,0,2006,001c,8198,8127,0,ffffffd4ffffff8d,0,0
3396,3396,0,8127,0,0,1ff9,001c,8185,8127,0,ffffffd4ffffff8d,0,0
3397,3397,0,8127,0,0,1fc9,001c,8137,8127,0,ffffffd4ffffff8d,0,0
3398,3398,0,8127,0,0,1fd7,001c,8151,8127,0,ffffffd4ffffff8d,0,0
3399,3399,0,8127,0,0,1fe2,001c,8162,8127,0,ffffffd4ffffff8d,0,0
3400,3400,0,8127,0,0,2022,001c,11938,8127,0,ffffffd4ffffff8d,0,0
3401,3401,0,8127,0,0,1ff2,001c,16370,8127,0,ffffffd4ffffff8d,0,0
3402,3402,0,8127,0,0,1ffb,001c,8187,8127,0,ffffffd4ffffff8d,0,0
3403,3403,0,8127,0,0,3ffd,001c,16381,8127,0,ffffffd4ffffff8d,0,0
3404,3404,0,8127,0,0,2254,001c,8212,8127,0,ffffffd4ffffff8d,0,0
3405,3405,0,8127,0,0,1fed,001c,8173,8127,0,ffffffd4ffffff8d,0,0
3406,3406,0,8127,0,0,1fe9,001c,8169,8127,0,ffffffd4ffffff8d,0,0
3407,3407,0,8127,0,0,2b05,001c,8197,8127,0,ffffffd4ffffff8d,0,0
3408,3408,0,8127,0,0,1fdd,001c,8157,8127,0,ffffffd4ffffff8d,0,0
3409,3409,0,8127,0,0,200c,001c,8204,8127,0,ffffffd4ffffff8d,0,0
3410,3410,0,8127,0,0,2001,001c,8193,8127,0,ffffffd4ffffff8d,0,0
3411,3411,0,8127,0,0,1ffa,001c,8186,8127,0,ffffffd4ffffff8d,0,0
3412,3412,0,8127,0,0,1fe3,001c,8163,8127,0,ffffffd4ffffff8d,0,0
3413,3413,0,8127,0,0,1ff1,001c,8177,8127,0,ffffffd4ffffff8d,0,0
3414,3414,0,8127,0,0,2014,001c,8212,8127,0,ffffffd4ffffff8d,0,0
3415,3415,0,8127,0,0,1feb,001c,8171,8127,0,ffffffd4ffffff8d,0,0
3416,3416,0,8127,0,0,1ff9,001c,8185,8127,0,ffffffd4ffffff8d,0,0
3417,3417,0,8127,0,0,200e,001c,8206,8127,0,ffffffd4ffffff8d,0,0
3418,3418,0,8127,0,0,1ff2,001c,8178,8127,0,ffffffd4ffffff8d,0,0
3419,3419,0,8127,0,0,201c,001c,8220,8127,0,ffffffd4ffffff8d,0,0
3420,3420,0,8127,0,0,1fd2,001c,8146,8127,0,ffffffd4ffffff8d,0,0
3421,3421,0,8127,0,0,1ff1,001c,8177,8127,0,ffffffd4ffffff8d,0,0
3422,3422,0,8127,0,0,1ff9,001c,8185,8127,0,ffffffd4ffffff8d,0,0
3423,3423,0,8127,0,0,1fe3,001c,8163,8127,0,ffffffd4ffffff8d,0,0
3424,3424,0,8127,0,0,200e,001c,8206,8127,0,ffffffd4ffffff8d,0,0
3425,3425,0,8127,0,0,1fe8,001c,8168,8127,0,ffffffd4ffffff8d,0,0
3426,3426,0,8127,0,0,1ff3,001c,8179,8127,0,ffffffd4ffffff8d,0,0
3427,3427,0,8127,0,0,200e,001c,8206,8127,0,ffffffd4ffffff8d,0,0
3428,3428,0,8127,0,0,1ff3,001c,8179,8127,0,ffffffd4ffffff8d,0,0
3429,3429,0,8127,0,0,2014,001c,8212,8127,0,ffffffd4ffffff8d,0,0
3430,3430,0,8127,0,0,1fc8,001c,8136,8127,0,ffffffd4ffffff8d,0,0
3431,3431,0,8127,0,0,1fd1,001c,8145,8127,0,ffffffd4ffffff8d,0,0
3432,3432,0,8127,0,0,1ff1,001c,8177,8127,0,ffffffd4ffffff8d,0,0
3433,3433,0,8127,0,0,2017,001c,8215,8127,0,ffffffd4ffffff8d,0,0
3434,3434,0,8127,0,0,201f,001c,8223,8127,0,ffffffd4ffffff8d,0,0
3435,3435,0,8127,0,0,1ff1,001c,8185,8127,0,ffffffd4ffffff8d,0,0
3436,3436,0,8127,0,0,1ff8,001c,8185,8127,0,ffffffd4ffffff8d,0,0
3437,3437,0,8127,0,0,1fff,001c,8191,8127,0,ffffffd4ffffff8d,0,0
3438,3438,0,8127,0,0,1fff,001c,8191,8127,0,ffffffd4ffffff8d,0,0
3439,3439,0,8127,0,0,1ffe,001c,8190,8127,0,ffffffd4ffffff8d,0,0
3440,3440,0,8127,0,0,1ffe,001c,8190,8127,0,ffffffd4ffffff8d,0,0
3441,3441,0,8127,0,0,1fdf,001c,8159,8127,0,ffffffd4ffffff8d,0,0
3442,3442,0,8127,0,0,201f,001c,8223,8127,0,ffffffd4ffffff8d,0,0
3443,3443,0,8127,0,0,1ff9,001c,8185,8127,0,ffffffd4ffffff8d,0,0
3444,3444,0,8127,0,0,1ff8,001c,8184,8127,0,ffffffd4ffffff8d,0,0
3445,3445,0,8127,0,0,201e,001c,8222,8127,0,ffffffd4ffffff8d,0,0
3446,3446,0,8127,0,0,1ff6,001c,8182,8127,0,ffffffd4ffffff8d,0,0
3447,3447,0,8127,0,0,1fc1,001c,8129,8127,0,ffffffd4ffffff8d,0,0
3448,3448,0,8127,0,0,200b,001c,8203,8127,0,ffffffd4ffffff8d,0,0
3449,3449,0,8127,0,0,203b,001c,8251,8127,0,ffffffd4ffffff8d,0,0
3450,3450,0,8127,0,0,1fd9,001c,8153,8127,0,ffffffd4ffffff8d,0,0
3451,3451,0,8127,0,0,200f,001c,8207,8127,0,ffffffd4ffffff8d,0,0
3452,3452,0,8127,0,0,2031,001c,8241,8127,0,ffffffd4ffffff8d,0,0
3453,3453,0,8127,0,0,1fc8,001c,8136,8127,0,ffffffd4ffffff8d,0,0
3454,3454,0,8127,0,0,2009,001c,8201,8127,0,ffffffd4ffffff8d,0,0
3455,3455,0,8127,0,0,2028,001c,8232,8127,0,ffffffd4ffffff8d,0,0
3456,3456,0,8127,0,0,201e,001c,8222,8127,0,ffffffd4ffffff8d,0,0
3457,3457,0,8127,0,0,1ff2,001c,8178,8127,0,ffffffd4ffffff8d,0,0
3458,3458,0,8127,0,0,1ff4,001c,8180,8127,0,ffffffd4ffffff8d,0,0
3459,3459,0,8127,0,0,1ff8,001c,8184,8127,0,ffffffd4ffffff8d,0,0
3460,3460,0,8127,0,0,1fe9,001c,8169,8127,0,ffffffd4ffffff8d,0,0
3461,3461,0,8127,0,0,1ffa,001c,8186,8127,0,ffffffd4ffffff8d,0,0
3462,3462,0,8127,0,0,1fe6,001c,8166,8127,0,ffffffd4ffffff8d,0,0
3463,3463,0,8127,0,0,2012,001c,8210,8127,0,ffffffd4ffffff8d,0,0
3464,3464,0,8127,0,0,1ffb,001c,8187,8127,0,ffffffd4ffffff8d,0,0
3465,3465,0,8127,0,0,1fdb,001c,8155,8127,0,ffffffd4ffffff8d,0,0
3466,3466,0,8127,0,0,1ffd,001c,8189,8127,0,ffffffd4ffffff8d,0,0
3467,3467,0,8127,0,0,1ffc,001c,8188,8127,0,ffffffd4ffffff8d,0,0
3468,3468,0,8127,0,0,1feb,001c,8171,8127,0,ffffffd4ffffff8d,0,0
3469,3469,0,8127,0,0,1ffa,001c,8186,8127,0,ffffffd4ffffff8d,0,0
3470,3470,0,8127,0,0,200b,001c,8203,8127,0,ffffffd4ffffff8d,0,0
3471,3471,0,8127,0,0,1fec,001c,8175,8127,0,ffffffd4ffffff8d,0,0
3472,3472,0,8127,0,0,24ac,001c,16364,8127,0,ffffffd4ffffff8d,0,0
3473,3473,0,8127,0,0,200e,001c,8206,8127,0,ffffffd4ffffff8d,0,0
3474,3474,0,8127,0,0,3fce,001c,16334,8127,0,ffffffd4ffffff8d,0,0
3475,3475,0,8127,0,0,3fcd,001c,16333,8127,0,ffffffd4ffffff8d,0,0
3476,3476,0,8127,0,0,2fcd,001c,12237,8127,0,ffffffd4ffffff8d,0,0
3477,3477,0,8127,0,0,1fd4,001c,8148,8127,0,ffffffd4ffffff8d,0,0
3478,3478,0,8127,0,0,2016,001c,8214,8127,0,ffffffd4ffffff8d,0,0
3479,3479,0,8127,0,0,2fd6,001c,9174,8127,0,ffffffd4ffffff8d,0,0
3480,3480,0,8127,0,0,1fd6,001c,8150,8127,0,ffffffd4ffffff8d,0,0
3481,3481,0,8127,0,0,201e,001c,8222,8127,0,ffffffd4ffffff8d,0,0
3482,3482,0,8127,0,0,2007,001c,8199,8127,0,ffffffd4ffffff8d,0,0
3483,3483,0,8127,0,0,2000,001c,8192,8127,0,ffffffd4ffffff8d,0,0
3484,3484,0,8127,0,0,1fd1,001c,8145,8127,0,ffffffd4ffffff8d,0,0
3485,3485,0,8127,0,0,2009,001c,8201,8127,0,ffffffd4ffffff8d,0,0
3486,3486,0,8127,0,0,1ff6,001c,8182,8127,0,ffffffd4ffffff8d,0,0
3487,3487,0,8127,0,0,1fe1,001c,8161,8127,0,ffffffd4ffffff8d,0,0
3488,3488,0,8127,0,0,2024,001c,8228,8127,0,ffffffd4ffffff8d,0,0
3489,3489,0,8127,0,0,2007,001c,8199,8127,0,ffffffd4ffffff8d,0,0
3490,3490,0,8127,0,0,1fed,001c,8173,8127,0,ffffffd4ffffff8d,0,0
3491,3491,0,8127,0,0,1ff9,001c,8185,8127,0,ffffffd4ffffff8d,0,0
3492,3492,0,8127,0,0,2005,001c,8197,8127,0,ffffffd4ffffff8d,0,0
3493,3493,0,8127,0,0,2008,001c,8200,8127,0,ffffffd4ffffff8d,0,0
3494,3494,0,8127,0,0,1fde,001c,8158,8127,0,ffffffd4ffffff8d,0,0
3495,3495,0,8127,0,0,2027,001c,8231,8127,0,ffffffd4ffffff8d,0,0
3496,3496,0,8127,0,0,1fe3,001c,8163,8127,0,ffffffd4ffffff8d,0,0
3497,3497,0,8127,0,0,1ffb,001c,8187,8127,0,ffffffd4ffffff8d,0,0
3498,3498,0,8127,0,0,2021,001c,8225,8127,0,ffffffd4ffffff8d,0,0
3499,3499,0,8127,0,0,1fe2,001c,8162,8127,0,ffffffd4ffffff8d,0,0
3500,3500,0,8127,0,0,1fef,001c,8175,8127,0,ffffffd4ffffff8d,0,0
3501,3501,0,8127,0,0,200f,001c,8207,8127,0,ffffffd4ffffff8d,0,0
3502,3502,0,8127,0,0,2007,001c,8199,8127,0,ffffffd4ffffff8d,0,0
3503,3503,0,8127,0,0,1fe5,001c,8165,8127,0,ffffffd4ffffff8d,0,0
3504,3504,0,8127,0,0,1ffd,001c,8189,8127,0,ffffffd4ffffff8d,0,0
3505,3505,0,8127,0,0,2016,001c,8214,8127,0,ffffffd4ffffff8d,0,0
3506,3506,0,8127,0,0,1fdd,001c,8157,8127,0,ffffffd4ffffff8d,0,0
3507,3507,0,8127,0,0,1ffd,001c,8189,8127,0,ffffffd4ffffff8d,0,0
3508,3508,0,8127,0,0,2429,001c,12285,8127,0,ffffffd4ffffff8d,0,0
3509,3509,0,8127,0,0,1ffb,001c,16379,8127,0,ffffffd4ffffff8d,0,0
3510,3510,0,8127,0,0,1fff,001c,8191,8127,0,ffffffd4ffffff8d,0,0
3511,3511,0,8127,0,0,3fff,001c,16383,8127,0,ffffffd4ffffff8d,0,0
3512,3512,0,8127,0,0,2f35,001c,12085,8127,0,ffffffd4ffffff8d,0,0
3513,3513,0,8127,0,0,1fdf,001c,8159,8127,0,ffffffd4ffffff8d,0,0
3514,3514,0,8127,0,0,1fd9,001c,8153,8127,0,ffffffd4ffffff8d,0,0
3515,3515,0,8127,0,0,2036,001c,8246,8127,0,ffffffd4ffffff8d,0,0
3516,3516,0,8127,0,0,2016,001c,8214,8127,0,ffffffd4ffffff8d,0,0
3517,3517,0,8127,0,0,1ffa,001c,8122,8127,0,ffffffd4ffffff8d,0,0
3518,3518,0,8127,0,0,1ffa,001c,8186,8127,0,ffffffd4ffffff8d,0,0
3519,3519,0,8127,0,0,2025,001c,8229,8127,0,ffffffd4ffffff8d,0,0
3520,3520,0,8127,0,0,1ff2,001c,8178,8127,0,ffffffd4ffffff8d,0,0
3521,3521,0,8127,0,0,1fff,001c,8191,8127,0,ffffffd4ffffff8d,0,0
3522,3522,0,8127,0,0,201e,001c,8222,8127,0,ffffffd4ffffff8d,0,0
3523,3523,0,8127,0,0,1fde,001c,8158,8127,0,ffffffd4ffffff8d,0,0
3524,3524,0,8127,0,0,1fc5,001c,8133,8127,0,ffffffd4ffffff8d,0,0
3525,3525,0,8127,0,0,2018,001c,8216,8127,0,ffffffd4ffffff8d,0,0
3526,3526,0,8127,0,0,2006,001c,8198,8127,0,ffffffd4ffffff8d,0,0
3527,3527,0,8127,0,0,1fdf,001c,8159,8127,0,ffffffd4ffffff8d,0,0
3528,3528,0,8127,0,0,200d,001c,8205,8127,0,ffffffd4ffffff8d,0,0
3529,3529,0,8127,0,0,1fff,001c,8191,8127,0,ffffffd4ffffff8d,0,0
3530,3530,0,8127,0,0,1fd9,001c,8153,8127,0,ffffffd4ffffff8d,0,0
3531,3531,0,8127,0,0,202c,001c,8236,8127,0,ffffffd4ffffff8d,0,0
3532,3532,0,8127,0,0,202a,001c,8234,8127,0,ffffffd4ffffff8d,0,0
3533,3533,0,8127,0,0,2001,001c,8193,8127,0,ffffffd4ffffff8d,0,0
3534,3534,0,8127,0,0,2020,001c,8224,8127,0,ffffffd4ffffff8d,0,0
3535,3535,0,8127,0,0,1ff7,001c,8183,8127,0,ffffffd4ffffff8d,0,0
3536,3536,0,8127,0,0,1fea,001c,8170,8127,0,ffffffd4ffffff8d,0,0
3537,3537,0,8127,0,0,200d,001c,8205,8127,0,ffffffd4ffffff8d,0,0
3538,3538,0,8127,0,0,1ff2,001c,8178,8127,0,ffffffd4ffffff8d,0,0
3539,3539,0,8127,0,0,1fdf,001c,8159,8127,0,ffffffd4ffffff8d,0,0
3540,3540,0,8127,0,0,1ff3,001c,8179,8127,0,ffffffd4ffffff8d,0,0
3541,3541,0,8127,0,0,2015,001c,8213,8127,0,ffffffd4ffffff8d,0,0
3542,3542,0,8127,0,0,2011,001c,8209,8127,0,ffffffd4ffffff8d,0,0
3543,3543,0,8127,0,0,2004,001c,8196,8127,0,ffffffd4ffffff8d,0,0
3544,3544,0,8127,0,0,2000,001c,8192,8127,0,ffffffd4ffffff8d,0,0
3545,3545,0,8127,0,0,3fdd,001c,16349,8127,0,ffffffd4ffffff8d,0,0
3546,3546,0,8127,0,0,1fff,001c,8191,8127,0,ffffffd4ffffff8d,0,0
3547,3547,0,8127,0,0,1ff6,001c,8182,8127,0,ffffffd4ffffff8d,0,0
3548,3548,0,8127,0,0,1ffb,001c,8187,8127,0,ffffffd4ffffff8d,0,0
3549,3549,0,8127,0,0,1fe9,001c,8169,8127,0,ffffffd4ffffff8d,0,0
3550,3550,0,8127,0,0,200f,001c,8207,8127,0,ffffffd4ffffff8d,0,0
3551,3551,0,8127,0,0,1ffc,001c,8188,8127,0,ffffffd4ffffff8d,0,0
3552,3552,0,8127,0,0,1ffc,001c,8188,8127,0,ffffffd4ffffff8d,0,0
3553,3553,0,8127,0,0,1ff3,001c,8179,8127,0,ffffffd4ffffff8d,0,0
3554,3554,0,8127,0,0,200e,001c,8206,8127,0,ffffffd4ffffff8d,0,0
3555,3555,0,8127,0,0,1ff2,001c,8178,8127,0,ffffffd4ffffff8d,0,0
3556,3556,0,8127,0,0,1fd6,001c,8150,8127,0,ffffffd4ffffff8d,0,0
3557,3557,0,8127,0,0,1ff6,001c,8182,8127,0,ffffffd4ffffff8d,0,0
3558,3558,0,8127,0,0,2015,001c,8213,8127,0,ffffffd4ffffff8d,0,0
3559,3559,0,8127,0,0,1ffd,001c,8189,8127,0,ffffffd4ffffff8d,0,0
3560,3560,0,8127,0,0,1ff2,001c,8178,8127,0,ffffffd4ffffff8d,0,0
3561,3561,0,8127,0,0,1ffb,001c,8187,8127,0,ffffffd4ffffff8d,0,0
3562,3562,0,8127,0,0,1ffd,001c,8189,8127,0,ffffffd4ffffff8d,0,0
3563,3563,0,8127,0,0,1fe6,001c,8166,8127,0,ffffffd4ffffff8d,0,0
3564,3564,0,8127,0,0,200b,001c,8203,8127,0,ffffffd4ffffff8d,0,0
3565,3565,0,8127,0,0,1fef,001c,8175,8127,0,ffffffd4ffffff8d,0,0
3566,3566,0,8127,0,0,1fe9,001c,8169,8127,0,ffffffd4ffffff8d,0,0
3567,3567,0,8127,0,0,1fe3,001c,8163,8127,0,ffffffd4ffffff8d,0,0
3568,3568,0,8127,0,0,200d,001c,8205,8127,0,ffffffd4ffffff8d,0,0
3569,3569,0,8127,0,0,1fe7,001c,8167,8127,0,ffffffd4ffffff8d,0,0
3570,3570,0,8127,0,0,200c,001c,8204,8127,0,ffffffd4ffffff8d,0,0
3571,3571,0,8127,0,0,1fe6,001c,8166,8127,0,ffffffd4ffffff8d,0,0
3572,3572,0,8127,0,0,1fe8,001c,8168,8127,0,ffffffd4ffffff8d,0,0
3573,3573,0,8127,0,0,200c,001c,8204,8127,0,ffffffd4ffffff8d,0,0
3574,3574,0,8127,0,0,2019,001c,8217,8127,0,ffffffd4ffffff8d,0,0
3575,3575,0,8127,0,0,1fff,001c,8191,8127,0,ffffffd4ffffff8d,0,0
3576,3576,0,8127,0,0,200b,001c,8203,8127,0,ffffffd4ffffff8d,0,0
3577,3577,0,8127,0,0,1fe2,001c,8162,8127,0,ffffffd4ffffff8d,0,0
3578,3578,0,8127,0,0,1ffd,001c,8189,8127,0,ffffffd4ffffff8d,0,0
3579,3579,0,8127,0,0,1fe9,001c,8169,8127,0,ffffffd4ffffff8d,0,0
3580,3580,0,8127,0,0,2fad,001c,16365,8127,0,ffffffd4ffffff8d,0,0
3581,3581,0,8127,0,0,3fdd,001c,12636,8127,0,ffffffd4ffffff8d,0,0
3582,3582,0,8127,0,0,1ff7,001c,8183,8127,0,ffffffd4ffffff8d,0,0
3583,3583,0,8127,0,0,1ff4,001c,8180,8127,0,ffffffd4ffffff8d,0,0
3584,3584,0,8127,0,0,1ff4,001c,8180,8127,0,ffffffd4ffffff8d,0,0
3585,3585,0,8127,0,0,2017,001c,8215,8127,0,ffffffd4ffffff8d,0,0
3586,3586,0,8127,0,0,2027,001c,8231,8127,0,ffffffd4ffffff8d,0,0
3587,3587,0,8127,0,0,2027,001c,8231,8127,0,ffffffd4ffffff8d,0,0
3588,3588,0,8127,0,0,1fb8,001c,8120,8127,0,ffffffd4ffffff8d,0,0
3589,3589,0,8127,0,0,2008,001c,8200,8127,0,ffffffd4ffffff8d,0,0
3590,3590,0,8127,0,0,201c,001c,8220,8127,0,ffffffd4ffffff8d,0,0
3591,3591,0,8127,0,0,1fff,001c,8191,8127,0,ffffffd4ffffff8d,0,0
3592,3592,0,8127,0,0,1fcf,001c,8143,8127,0,ffffffd4ffffff8d,0,0
3593,3593,0,8127,0,0,2015,001c,8213,8127,0,ffffffd4ffffff8d,0,0
3594,3594,0,8127,0,0,1fed,001c,8173,8127,0,ffffffd4ffffff8d,0,0
3595,3595,0,8127,0,0,2005,001c,8197,8127,0,ffffffd4ffffff8d,0,0
3596,3596,0,8127,0,0,2003,001c,8195,8127,0,ffffffd4ffffff8d,0,0
3597,3597,0,8127,0,0,1ff7,001c,8183,8127,0,ffffffd4ffffff8d,0,0
3598,3598,0,8127,0,0,1fe5,001c,8165,8127,0,ffffffd4ffffff8d,0,0
3599,3599,0,8127,0,0,1ffa,001c,8186,8127,0,ffffffd4ffffff8d,0,0
3600,3600,0,8127,0,0,1fe9,001c,8169,8127,0,ffffffd4ffffff8d,0,0
3601,3601,0,8127,0,0,2004,001c,8196,8127,0,ffffffd4ffffff8d,0,0
3602,3602,0,8127,0,0,2005,001c,8197,8127,0,ffffffd4ffffff8d,0,0
3603,3603,0,8127,0,0,201d,001c,8221,8127,0,ffffffd4ffffff8d,0,0
3604,3604,0,8127,0,0,1fd4,001c,8148,8127,0,ffffffd4ffffff8d,0,0
3605,3605,0,8127,0,0,1fe7,001c,8167,8127,0,ffffffd4ffffff8d,0,0
3606,3606,0,8127,0,0,1fec,001c,8172,8127,0,ffffffd4ffffff8d,0,0
3607,3607,0,8127,0,0,1ffc,001c,8188,8127,0,ffffffd4ffffff8d,0,0
3608,3608,0,8127,0,0,201b,001c,8219,8127,0,ffffffd4ffffff8d,0,0
3609,3609,0,8127,0,0,1ff4,001c,8180,8127,0,ffffffd4ffffff8d,0,0
3610,3610,0,8127,0,0,1ff5,001c,8181,8127,0,ffffffd4ffffff8d,0,0
3611,3611,0,8127,0,0,201d,001c,8221,8127,0,ffffffd4ffffff8d,0,0
3612,3612,0,8127,0,0,1fe5,001c,8165,8127,0,ffffffd4ffffff8d,0,0
3613,3613,0,8127,0,0,1fd9,001c,8153,8127,0,ffffffd4ffffff8d,0,0
3614,3614,0,8127,0,0,1ff4,001c,8180,8127,0,ffffffd4ffffff8d,0,0
3615,3615,0,8127,0,0,1ffa,001c,8186,8127,0,ffffffd4ffffff8d,0,0
3616,3616,0,8127,0,0,1fef,001c,8191,8127,0,ffffffd4ffffff8d,0,0
3617,3617,0,8127,0,0,3fed,001c,16365,8127,0,ffffffd4ffffff8d,0,0
3618,3618,0,8127,0,0,200f,001c,8207,8127,0,ffffffd4ffffff8d,0,0
3619,3619,0,8127,0,0,200a,001c,8202,8127,0,ffffffd4ffffff8d,0,0
3620,3620,0,8127,0,0,1fd5,001c,8149,8127,0,ffffffd4ffffff8d,0,0
3621,3621,0,8127,0,0,200f,001c,8207,8127,0,ffffffd4ffffff8d,0,0
3622,3622,0,8127,0,0,2bcf,001c,8463,8127,0,ffffffd4ffffff8d,0,0
3623,3623,0,8127,0,0,1fe7,001c,8167,8127,0,ffffffd4ffffff8d,0,0
3624,3624,0,8127,0,0,2004,001c,8196,8127,0,ffffffd4ffffff8d,0,0
3625,3625,0,8127,0,0,2006,001c,8198,8127,0,ffffffd4ffffff8d,0,0
3626,3626,0,8127,0,0,1ff0,001c,8176,8127,0,ffffffd4ffffff8d,0,0
3627,3627,0,8127,0,0,1fe6,001c,8166,8127,0,ffffffd4ffffff8d,0,0
3628,3628,0,8127,0,0,2011,001c,8209,8127,0,ffffffd4ffffff8d,0,0
3629,3629,0,8127,0,0,2005,001c,8197,8127,0,ffffffd4ffffff8d,0,0
3630,3630,0,8127,0,0,1fdc,001c,8156,8127,0,ffffffd4ffffff8d,0,0
3631,3631,0,8127,0,0,2024,001c,8228,8127,0,ffffffd4ffffff8d,0,0
3632,3632,0,8127,0,0,1fe8,001c,8168,8127,0,ffffffd4ffffff8d,0,0
3633,3633,0,8127,0,0,1fb4,001c,8116,8127,0,ffffffd4ffffff8d,0,0
3634,3634,0,8127,0,0,2027,001c,8231,8127,0,ffffffd4ffffff8d,0,0
3635,3635,0,8127,0,0,1ffd,001c,8189,8127,0,ffffffd4ffffff8d,0,0
3636,3636,0,8127,0,0,1fed,001c,8173,8127,0,ffffffd4ffffff8d,0,0
3637,3637,0,8127,0,0,200f,001c,8207,8127,0,ffffffd4ffffff8d,0,0
3638,3638,0,8127,0,0,2009,001c,8201,8127,0,ffffffd4ffffff8d,0,0
3639,3639,0,8127,0,0,1fd1,001c,8145,8127,0,ffffffd4ffffff8d,0,0
3640,3640,0,8127,0,0,2007,001c,8199,8127,0,ffffffd4ffffff8d,0,0
3641,3641,0,8127,0,0,2013,001c,8211,8127,0,ffffffd4ffffff8d,0,0
3642,3642,0,8127,0,0,1ff7,001c,8183,8127,0,ffffffd4ffffff8d,0,0
3643,3643,0,8127,0,0,200e,001c,8206,8127,0,ffffffd4ffffff8d,0,0
3644,3644,0,8127,0,0,1fec,001c,8172,8127,0,ffffffd4ffffff8d,0,0
3645,3645,0,8127,0,0,2011,001c,8209,8127,0,ffffffd4ffffff8d,0,0
3646,3646,0,8127,0,0,2016,001c,8214,8127,0,ffffffd4ffffff8d,0,0
3647,3647,0,8127,0,0,1ffb,001c,8187,8127,0,ffffffd4ffffff8d,0,0
3648,3648,0,8127,0,0,1fef,001c,8175,8127,0,ffffffd4ffffff8d,0,0
3649,3649,0,8127,0,0,2002,001c,8226,8127,0,ffffffd4ffffff8d,0,0
3650,3650,0,8127,0,0,200d,001c,8205,8127,0,ffffffd4ffffff8d,0,0
3651,3651,0,8127,0,0,1fed,001c,8173,8127,0,ffffffd4ffffff8d,0,0
3652,3652,0,8127,0,0,1ffc,001c,8188,8127,0,ffffffd4ffffff8d,0,0
3653,3653,0,8127,0,0,3fdd,001c,16349,8127,0,ffffffd4ffffff8d,0,0
3654,3654,0,8127,0,0,304d,001c,8205,8127,0,ffffffd4ffffff8d,0,0
3655,3655,0,8127,0,0,3fe2,001c,8162,8127,0,ffffffd4ffffff8d,0,0
3656,3656,0,8127,0,0,2022,001c,8226,8127,0,ffffffd4ffffff8d,0,0
3657,3657,0,8127,0,0,1fdd,001c,8141,8127,0,ffffffd4ffffff8d,0,0
3658,3658,0,8127,0,0,1ff4,001c,8180,8127,0,ffffffd4ffffff8d,0,0
3659,3659,0,8127,0,0,1fe4,001c,8164,8127,0,ffffffd4ffffff8d,0,0
3660,3660,0,8127,0,0,2027,001c,8231,8127,0,ffffffd4ffffff8d,0,0
3661,3661,0,8127,0,0,1fd3,001c,8147,8127,0,ffffffd4ffffff8d,0,0
3662,3662,0,8127,0,0,202d,001c,8237,8127,0,ffffffd4ffffff8d,0,0
3663,3663,0,8127,0,0,2013,001c,8211,8127,0,ffffffd4ffffff8d,0,0
3664,3664,0,8127,0,0,1ffb,001c,8187,8127,0,ffffffd4ffffff8d,0,0
3665,3665,0,8127,0,0,1fe9,001c,8169,8127,0,ffffffd4ffffff8d,0,0
3666,3666,0,8127,0,0,1fe5,001c,8165,8127,0,ffffffd4ffffff8d,0,0
3667,3667,0,8127,0,0,1fb2,001c,8114,8127,0,ffffffd4ffffff8d,0,0
3668,3668,0,8127,0,0,2002,001c,8194,8127,0,ffffffd4ffffff8d,0,0
3669,3669,0,8127,0,0,1fdd,001c,8157,8127,0,ffffffd4ffffff8d,0,0
3670,3670,0,8127,0,0,1fef,001c,8175,8127,0,ffffffd4ffffff8d,0,0
3671,3671,0,8127,0,0,2009,001c,8201,8127,0,ffffffd4ffffff8d,0,0
3672,3672,0,8127,0,0,2018,001c,8216,8127,0,ffffffd4ffffff8d,0,0
3673,3673,0,8127,0,0,1fd6,001c,8150,8127,0,ffffffd4ffffff8d,0,0
3674,3674,0,8127,0,0,1fef,001c,8175,8127,0,ffffffd4ffffff8d,0,0
3675,3675,0,8127,0,0,200e,001c,8206,8127,0,ffffffd4ffffff8d,0,0
3676,3676,0,8127,0,0,2009,001c,8201,8127,0,ffffffd4ffffff8d,0,0
3677,3677,0,8127,0,0,1ff9,001c,8185,8127,0,ffffffd4ffffff8d,0,0
3678,3678,0,8127,0,0,1ffd,001c,8189,8127,0,ffffffd4ffffff8d,0,0
3679,3679,0,8127,0,0,1fe1,001c,8161,8127,0,ffffffd4ffffff8d,0,0
3680,3680,0,8127,0,0,2000,001c,8192,8127,0,ffffffd4ffffff8d,0,0
3681,3681,0,8127,0,0,2022,001c,8226,8127,0,ffffffd4ffffff8d,0,0
3682,3682,0,8127,0,0,1fdc,001c,8156,8127,0,ffffffd4ffffff8d,0,0
3683,3683,0,8127,0,0,1fea,001c,8170,8127,0,ffffffd4ffffff8d,0,0
3684,3684,0,8127,0,0,200a,001c,8202,8127,0,ffffffd4ffffff8d,0,0
3685,3685,0,8127,0,0,2000,001c,8192,8127,0,ffffffd4ffffff8d,0,0
3686,3686,0,8127,0,0,1fdd,001c,8157,8127,0,ffffffd4ffffff8d,0,0
3687,3687,0,8127,0,0,1ffd,001c,8189,8127,0,ffffffd4ffffff8d,0,0
3688,3688,0,8127,0,0,3fbd,001c,16381,8127,0,ffffffd4ffffff8d,0,0
3689,3689,0,8127,0,0,3fd9,001c,12361,8127,0,ffffffd4ffffff8d,0,0
3690,3690,0,8127,0,0,3ff3,001c,8179,8127,0,ffffffd4ffffff8d,0,0
3691,3691,0,8127,0,0,200b,001c,8203,8127,0,ffffffd4ffffff8d,0,0
3692,3692,0,8127,0,0,1ffb,001c,8187,8127,0,ffffffd4ffffff8d,0,0
3693,3693,0,8127,0,0,1fef,001c,8175,8127,0,ffffffd4ffffff8d,0,0
3694,3694,0,8127,0,0,1fe6,001c,8166,8127,0,ffffffd4ffffff8d,0,0
3695,3695,0,8127,0,0,2028,001c,8232,8127,0,ffffffd4ffffff8d,0,0
3696,3696,0,8127,0,0,1ffe,001c,8190,8127,0,ffffffd4ffffff8d,0,0
3697,3697,0,8127,0,0,1fbb,001c,8123,8127,0,ffffffd4ffffff8d,0,0
3698,3698,0,8127,0,0,2020,001c,8224,8127,0,ffffffd4ffffff8d,0,0
3699,3699,0,8127,0,0,200a,001c,8202,8127,0,ffffffd4ffffff8d,0,0
3700,3700,0,8127,0,0,1fc4,001c,8132,8127,0,ffffffd4ffffff8d,0,0
3701,3701,0,8127,0,0,2031,001c,8241,8127,0,ffffffd4ffffff8d,0,0
3702,3702,0,8127,0,0,1ff1,001c,8177,8127,0,ffffffd4ffffff8d,0,0
3703,3703,0,8127,0,0,1fd9,001c,8153,8127,0,ffffffd4ffffff8d,0,0
3704,3704,0,8127,0,0,2016,001c,8214,8127,0,ffffffd4ffffff8d,0,0
3705,3705,0,8127,0,0,200d,001c,8205,8127,0,ffffffd4ffffff8d,0,0
3706,3706,0,8127,0,0,1fe4,001c,8164,8127,0,ffffffd4ffffff8d,0,0
3707,3707,0,8127,0,0,1ff6,001c,8182,8127,0,ffffffd4ffffff8d,0,0
3708,3708,0,8127,0,0,2014,001c,8212,8127,0,ffffffd4ffffff8d,0,0
3709,3709,0,8127,0,0,2011,001c,8209,8127,0,ffffffd4ffffff8d,0,0
3710,3710,0,8127,0,0,1ffa,001c,8186,8127,0,ffffffd4ffffff8d,0,0
3711,3711,0,8127,0,0,1ff5,001c,8181,8127,0,ffffffd4ffffff8d,0,0
3712,3712,0,8127,0,0,2004,001c,8196,8127,0,ffffffd4ffffff8d,0,0
3713,3713,0,8127,0,0,1ffa,001c,8186,8127,0,ffffffd4ffffff8d,0,0
3714,3714,0,8127,0,0,2010,001c,8208,8127,0,ffffffd4ffffff8d,0,0
3715,3715,0,8127,0,0,1fef,001c,8175,8127,0,ffffffd4ffffff8d,0,0
3716,3716,0,8127,0,0,1fe9,001c,8169,8127,0,ffffffd4ffffff8d,0,0
3717,3717,0,8127,0,0,2011,001c,8209,8127,0,ffffffd4ffffff8d,0,0
3718,3718,0,8127,0,0,2012,001c,8210,8127,0,ffffffd4ffffff8d,0,0
3719,3719,0,8127,0,0,1f9f,001c,8095,8127,0,ffffffd4ffffff8d,0,0
3720,3720,0,8127,0,0,201e,001c,8222,8127,0,ffffffd4ffffff8d,0,0
3721,3721,0,8127,0,0,200a,001c,8202,8127,0,ffffffd4ffffff8d,0,0
3722,3722,0,8127,0,0,1fba,001c,8122,8127,0,ffffffd4ffffff8d,0,0
3723,3723,0,8127,0,0,1feb,001c,8187,8127,0,ffffffd4ffffff8d,0,0
3724,3724,0,8127,0,0,3fef,001c,16367,8127,0,ffffffd4ffffff8d,0,0
3725,3725,0,8127,0,0,3fee,001c,16366,8127,0,ffffffd4ffffff8d,0,0
3726,3726,0,8127,0,0,1fef,001c,8175,8127,0,ffffffd4ffffff8d,0,0
3727,3727,0,8127,0,0,1fec,001c,8172,8127,0,ffffffd4ffffff8d,0,0
3728,3728,0,8127,0,0,2a1e,001c,8222,8127,0,ffffffd4ffffff8d,0,0
3729,3729,0,8127,0,0,1ff7,001c,8183,8127,0,ffffffd4ffffff8d,0,0
3730,3730,0,8127,0,0,1fe6,001c,8166,8127,0,ffffffd4ffffff8d,0,0
3731,3731,0,8127,0,0,2018,001c,8216,8127,0,ffffffd4ffffff8d,0,0
3732,3732,0,8127,0,0,1ff2,001c,8178,8127,0,ffffffd4ffffff8d,0,0
3733,3733,0,8127,0,0,1fef,001c,8175,8127,0,ffffffd4ffffff8d,0,0
3734,3734,0,8127,0,0,1ff4,001c,8180,8127,0,ffffffd4ffffff8d,0,0
3735,3735,0,8127,0,0,2001,001c,8193,8127,0,ffffffd4ffffff8d,0,0
3736,3736,0,8127,0,0,1ff4,001c,8180,8127,0,ffffffd4ffffff8d,0,0
3737,3737,0,8127,0,0,2012,001c,8210,8127,0,ffffffd4ffffff8d,0,0
3738,3738,0,8127,0,0,1fe6,001c,8166,8127,0,ffffffd4ffffff8d,0,0
3739,3739,0,8127,0,0,2005,001c,8197,8127,0,ffffffd4ffffff8d,0,0
3740,3740,0,8127,0,0,200a,001c,8202,8127,0,ffffffd4ffffff8d,0,0
3741,3741,0,8127,0,0,1ff6,001c,8182,8127,0,ffffffd4ffffff8d,0,0
3742,3742,0,8127,0,0,1fe0,001c,8160,8127,0,ffffffd4ffffff8d,0,0
3743,3743,0,8127,0,0,2014,001c,8212,8127,0,ffffffd4ffffff8d,0,0
3744,3744,0,8127,0,0,2007,001c,8199,8127,0,ffffffd4ffffff8d,0,0
3745,3745,0,8127,0,0,2001,001c,8193,8127,0,ffffffd4ffffff8d,0,0
3746,3746,0,8127,0,0,1fd3,001c,8147,8127,0,ffffffd4ffffff8d,0,0
3747,3747,0,8127,0,0,2025,001c,8229,8127,0,ffffffd4ffffff8d,0,0
3748,3748,0,8127,0,0,1fce,001c,8142,8127,0,ffffffd4ffffff8d,0,0
3749,3749,0,8127,0,0,1ff9,001c,8185,8127,0,ffffffd4ffffff8d,0,0
3750,3750,0,8127,0,0,1fe6,001c,8166,8127,0,ffffffd4ffffff8d,0,0
3751,3751,0,8127,0,0,201f,001c,8223,8127,0,ffffffd4ffffff8d,0,0
3752,3752,0,8127,0,0,1fe9,001c,8169,8127,0,ffffffd4ffffff8d,0,0
3753,3753,0,8127,0,0,1fde,001c,8158,8127,0,ffffffd4ffffff8d,0,0
3754,3754,0,8127,0,0,2007,001c,8199,8127,0,ffffffd4ffffff8d,0,0
3755,3755,0,8127,0,0,1ff9,001c,8185,8127,0,ffffffd4ffffff8d,0,0
3756,3756,0,8127,0,0,1fc2,001c,8130,8127,0,ffffffd4ffffff8d,0,0
3757,3757,0,8127,0,0,2031,001c,11825,8127,0,ffffffd4ffffff8d,0,0
3758,3758,0,8127,0,0,1ff6,001c,8183,8127,0,ffffffd4ffffff8d,0,0
3759,3759,0,8127,0,0,1fef,001c,8191,8127,0,ffffffd4ffffff8d,0,0
3760,3760,0,8127,0,0,3fff,001c,16383,8127,0,ffffffd4ffffff8d,0,0
3761,3761,0,8127,0,0,2017,001c,8215,8127,0,ffffffd4ffffff8d,0,0
3762,3762,0,8127,0,0,2052,001c,8210,8127,0,ffffffd4ffffff8d,0,0
3763,3763,0,8127,0,0,1fec,001c,8172,8127,0,ffffffd4ffffff8d,0,0
3764,3764,0,8127,0,0,1ff8,001c,8184,8127,0,ffffffd4ffffff8d,0,0
3765,3765,0,8127,0,0,1fff,001c,8191,8127,0,ffffffd4ffffff8d,0,0
3766,3766,0,8127,0,0,1fe7,001c,8167,8127,0,ffffffd4ffffff8d,0,0
3767,3767,0,8127,0,0,2011,001c,8193,8127,0,ffffffd4ffffff8d,0,0
3768,3768,0,8127,0,0,2011,001c,8209,8127,0,ffffffd4ffffff8d,0,0
3769,3769,0,8127,0,0,1fec,001c,8172,8127,0,ffffffd4ffffff8d,0,0
3770,3770,0,8127,0,0,1fe3,001c,8163,8127,0,ffffffd4ffffff8d,0,0
3771,3771,0,8127,0,0,200f,001c,8207,8127,0,ffffffd4ffffff8d,0,0
3772,3772,0,8127,0,0,1ff4,001c,8180,8127,0,ffffffd4ffffff8d,0,0
3773,3773,0,8127,0,0,1ff4,001c,8180,8127,0,ffffffd4ffffff8d,0,0
3774,3774,0,8127,0,0,2014,001c,8212,8127,0,ffffffd4ffffff8d,0,0
3775,3775,0,8127,0,0,1fe5,001c,8165,8127,0,ffffffd4ffffff8d,0,0
3776,3776,0,8127,0,0,1ff8,001c,8184,8127,0,ffffffd4ffffff8d,0,0
3777,3777,0,8127,0,0,201a,001c,8218,8127,0,ffffffd4ffffff8d,0,0
3778,3778,0,8127,0,0,1fd2,001c,8146,8127,0,ffffffd4ffffff8d,0,0
3779,3779,0,8127,0,0,1ffd,001c,8189,8127,0,ffffffd4ffffff8d,0,0
3780,3780,0,8127,0,0,1fec,001c,8172,8127,0,ffffffd4ffffff8d,0,0
3781,3781,0,8127,0,0,1fe7,001c,8167,8127,0,ffffffd4ffffff8d,0,0
3782,3782,0,8127,0,0,2004,001c,8196,8127,0,ffffffd4ffffff8d,0,0
3783,3783,0,8127,0,0,1ffe,001c,8190,8127,0,ffffffd4ffffff8d,0,0
3784,3784,0,8127,0,0,2014,001c,8212,8127,0,ffffffd4ffffff8d,0,0
3785,3785,0,8127,0,0,1fe2,001c,8162,8127,0,ffffffd4ffffff8d,0,0
3786,3786,0,8127,0,0,1fe4,001c,8164,8127,0,ffffffd4ffffff8d,0,0
3787,3787,0,8127,0,0,2002,001c,8194,8127,0,ffffffd4ffffff8d,0,0
3788,3788,0,8127,0,0,1fde,001c,8158,8127,0,ffffffd4ffffff8d,0,0
3789,3789,0,8127,0,0,2007,001c,8199,8127,0,ffffffd4ffffff8d,0,0
3790,3790,0,8127,0,0,2012,001c,8210,8127,0,ffffffd4ffffff8d,0,0
3791,3791,0,8127,0,0,1fef,001c,8175,8127,0,ffffffd4ffffff8d,0,0
3792,3792,0,8127,0,0,1feb,001c,8171,8127,0,ffffffd4ffffff8d,0,0
3793,3793,0,8127,0,0,1fde,001c,8190,8127,0,ffffffd4ffffff8d,0,0
3794,3794,0,8127,0,0,240e,001c,12238,8127,0,ffffffd4ffffff8d,0,0
3795,3795,0,8127,0,0,1fef,001c,16367,8127,0,ffffffd4ffffff8d,0,0
3796,3796,0,8127,0,0,3fef,001c,16359,8127,0,ffffffd4ffffff8d,0,0
3797,3797,0,8127,0,0,3048,001c,8200,8127,0,ffffffd4ffffff8d,0,0
3798,3798,0,8127,0,0,1fff,001c,8191,8127,0,ffffffd4ffffff8d,0,0
3799,3799,0,8127,0,0,1fe3,001c,8163,8127,0,ffffffd4ffffff8d,0,0
3800,3800,0,8127,0,0,201d,001c,8221,8127,0,ffffffd4ffffff8d,0,0
3801,3801,0,8127,0,0,1ffa,001c,8186,8127,0,ffffffd4ffffff8d,0,0
3802,3802,0,8127,0,0,2017,001c,8215,8127,0,ffffffd4ffffff8d,0,0
3803,3803,0,8127,0,0,1fed,001c,8173,8127,0,ffffffd4ffffff8d,0,0
3804,3804,0,8127,0,0,200f,001c,8207,8127,0,ffffffd4ffffff8d,0,0
3805,3805,0,8127,0,0,2037,001c,8247,8127,0,ffffffd4ffffff8d,0,0
3806,3806,0,8127,0,0,1fda,001c,8154,8127,0,ffffffd4ffffff8d,0,0
3807,3807,0,8127,0,0,2032,001c,8242,8127,0,ffffffd4ffffff8d,0,0
3808,3808,0,8127,0,0,1fc1,001c,8129,8127,0,ffffffd4ffffff8d,0,0
3809,3809,0,8127,0,0,1ff1,001c,8177,8127,0,ffffffd4ffffff8d,0,0
3810,3810,0,8127,0,0,2006,001c,8198,8127,0,ffffffd4ffffff8d,0,0
3811,3811,0,8127,0,0,1fe8,001c,8168,8127,0,ffffffd4ffffff8d,0,0
3812,3812,0,8127,0,0,2018,001c,8216,8127,0,ffffffd4ffffff8d,0,0
3813,3813,0,8127,0,0,1ff5,001c,8181,8127,0,ffffffd4ffffff8d,0,0
3814,3814,0,8127,0,0,1ffd,001c,8189,8127,0,ffffffd4ffffff8d,0,0
3815,3815,0,8127,0,0,1fe4,001c,8164,8127,0,ffffffd4ffffff8d,0,0
3816,3816,0,8127,0,0,200c,001c,8204,8127,0,ffffffd4ffffff8d,0,0
3817,3817,0,8127,0,0,200e,001c,8206,8127,0,ffffffd4ffffff8d,0,0
3818,3818,0,8127,0,0,1fd7,001c,8151,8127,0,ffffffd4ffffff8d,0,0
3819,3819,0,8127,0,0,1fe0,001c,8160,8127,0,ffffffd4ffffff8d,0,0
3820,3820,0,8127,0,0,200f,001c,8207,8127,0,ffffffd4ffffff8d,0,0
3821,3821,0,8127,0,0,1ffe,001c,8190,8127,0,ffffffd4ffffff8d,0,0
3822,3822,0,8127,0,0,1ffc,001c,8188,8127,0,ffffffd4ffffff8d,0,0
3823,3823,0,8127,0,0,1fd2,001c,8146,8127,0,ffffffd4ffffff8d,0,0
3824,3824,0,8127,0,0,2003,001c,8195,8127,0,ffffffd4ffffff8d,0,0
3825,3825,0,8127,0,0,2003,001c,8195,8127,0,ffffffd4ffffff8d,0,0
3826,3826,0,8127,0,0,200d,001c,8205,8127,0,ffffffd4ffffff8d,0,0
3827,3827,0,8127,0,0,1fda,001c,8154,8127,0,ffffffd4ffffff8d,0,0
3828,3828,0,8127,0,0,200d,001c,8205,8127,0,ffffffd4ffffff8d,0,0
3829,3829,0,8127,0,0,1ffe,001c,8191,8127,0,ffffffd4ffffff8d,0,0
3830,3830,0,8127,0,0,1ffb,001c,8191,8127,0,ffffffd4ffffff8d,0,0
3831,3831,0,8127,0,0,3f9f,001c,16351,8127,0,ffffffd4ffffff8d,0,0
3832,3832,0,8127,0,0,3fdf,001c,13151,8127,0,ffffffd4ffffff8d,0,0
3833,3833,0,8127,0,0,1ffb,001c,8187,8127,0,ffffffd4ffffff8d,0,0
3834,3834,0,8127,0,0,3fe3,001c,8163,8127,0,ffffffd4ffffff8d,0,0
3835,3835,0,8127,0,0,2a16,001c,8214,8127,0,ffffffd4ffffff8d,0,0
3836,3836,0,8127,0,0,1fde,001c,8158,8127,0,ffffffd4ffffff8d,0,0
3837,3837,0,8127,0,0,1ff9,001c,8185,8127,0,ffffffd4ffffff8d,0,0
3838,3838,0,8127,0,0,2025,001c,8229,8127,0,ffffffd4ffffff8d,0,0
3839,3839,0,8127,0,0,1fd4,001c,8148,8127,0,ffffffd4ffffff8d,0,0
3840,3840,0,8127,0,0,1fe1,001c,8161,8127,0,ffffffd4ffffff8d,0,0
3841,3841,0,8127,0,0,2011,001c,8209,8127,0,ffffffd4ffffff8d,0,0
3842,3842,0,8127,0,0,1fe6,001c,8166,8127,0,ffffffd4ffffff8d,0,0
3843,3843,0,8127,0,0,1ff1,001c,8177,8127,0,ffffffd4ffffff8d,0,0
3844,3844,0,8127,0,0,1ffb,001c,8187,8127,0,ffffffd4ffffff8d,0,0
3845,3845,0,8127,0,0,1ff6,001c,8182,8127,0,ffffffd4ffffff8d,0,0
3846,3846,0,8127,0,0,1fe1,001c,8161,8127,0,ffffffd4ffffff8d,0,0
3847,3847,0,8127,0,0,1fed,001c,8173,8127,0,ffffffd4ffffff8d,0,0
3848,3848,0,8127,0,0,2015,001c,8213,8127,0,ffffffd4ffffff8d,0,0
3849,3849,0,8127,0,0,1fe5,001c,8165,8127,0,ffffffd4ffffff8d,0,0
3850,3850,0,8127,0,0,1ff1,001c,8177,8127,0,ffffffd4ffffff8d,0,0
3851,3851,0,8127,0,0,2005,001c,8197,8127,0,ffffffd4ffffff8d,0,0
3852,3852,0,8127,0,0,2001,001c,8193,8127,0,ffffffd4ffffff8d,0,0
3853,3853,0,8127,0,0,1fd6,001c,8150,8127,0,ffffffd4ffffff8d,0,0
3854,3854,0,8127,0,0,1ffd,001c,8189,8127,0,ffffffd4ffffff8d,0,0
3855,3855,0,8127,0,0,2008,001c,8200,8127,0,ffffffd4ffffff8d,0,0
3856,3856,0,8127,0,0,1fe5,001c,8165,8127,0,ffffffd4ffffff8d,0,0
3857,3857,0,8127,0,0,1fe5,001c,8165,8127,0,ffffffd4ffffff8d,0,0
3858,3858,0,8127,0,0,201b,001c,8219,8127,0,ffffffd4ffffff8d,0,0
3859,3859,0,8127,0,0,1ff1,001c,8177,8127,0,ffffffd4ffffff8d,0,0
3860,3860,0,8127,0,0,2004,001c,8196,8127,0,ffffffd4ffffff8d,0,0
3861,3861,0,8127,0,0,201a,001c,8218,8127,0,ffffffd4ffffff8d,0,0
3862,3862,0,8127,0,0,1fda,001c,8154,8127,0,ffffffd4ffffff8d,0,0
3863,3863,0,8127,0,0,1ff3,001c,8179,8127,0,ffffffd4ffffff8d,0,0
3864,3864,0,8127,0,0,2001,001c,8225,8127,0,ffffffd4ffffff8d,0,0
3865,3865,0,8127,0,0,2020,001c,8224,8127,0,ffffffd4ffffff8d,0,0
3866,3866,0,8127,0,0,1fec,001c,16364,8127,0,ffffffd4ffffff8d,0,0
3867,3867,0,8127,0,0,3ffc,001c,16380,8127,0,ffffffd4ffffff8d,0,0
3868,3868,0,8127,0,0,3fd4,001c,16340,8127,0,ffffffd4ffffff8d,0,0
3869,3869,0,8127,0,0,1ffe,001c,8190,8127,0,ffffffd4ffffff8d,0,0
3870,3870,0,8127,0,0,1fde,001c,8142,8127,0,ffffffd4ffffff8d,0,0
3871,3871,0,8127,0,0,2b19,001c,8217,8127,0,ffffffd4ffffff8d,0,0
3872,3872,0,8127,0,0,1fd5,001c,8149,8127,0,ffffffd4ffffff8d,0,0
3873,3873,0,8127,0,0,1fff,001c,8191,8127,0,ffffffd4ffffff8d,0,0
3874,3874,0,8127,0,0,1ffe,001c,8190,8127,0,ffffffd4ffffff8d,0,0
3875,3875,0,8127,0,0,201c,001c,8220,8127,0,ffffffd4ffffff8d,0,0
3876,3876,0,8127,0,0,1fe6,001c,8166,8127,0,ffffffd4ffffff8d,0,0
3877,3877,0,8127,0,0,2005,001c,8197,8127,0,ffffffd4ffffff8d,0,0
3878,3878,0,8127,0,0,2018,001c,8216,8127,0,ffffffd4ffffff8d,0,0
3879,3879,0,8127,0,0,1fdf,001c,8159,8127,0,ffffffd4ffffff8d,0,0
3880,3880,0,8127,0,0,2002,001c,8194,8127,0,ffffffd4ffffff8d,0,0
3881,3881,0,8127,0,0,2006,001c,8198,8127,0,ffffffd4ffffff8d,0,0
3882,3882,0,8127,0,0,1ff1,001c,8177,8127,0,ffffffd4ffffff8d,0,0
3883,3883,0,8127,0,0,1ff9,001c,8185,8127,0,ffffffd4ffffff8d,0,0
3884,3884,0,8127,0,0,1fe7,001c,8167,8127,0,ffffffd4ffffff8d,0,0
3885,3885,0,8127,0,0,200c,001c,8204,8127,0,ffffffd4ffffff8d,0,0
3886,3886,0,8127,0,0,1fdd,001c,8157,8127,0,ffffffd4ffffff8d,0,0
3887,3887,0,8127,0,0,2037,001c,8247,8127,0,ffffffd4ffffff8d,0,0
3888,3888,0,8127,0,0,1ff6,001c,8182,8127,0,ffffffd4ffffff8d,0,0
3889,3889,0,8127,0,0,1fb7,001c,8119,8127,0,ffffffd4ffffff8d,0,0
3890,3890,0,8127,0,0,201c,001c,8220,8127,0,ffffffd4ffffff8d,0,0
3891,3891,0,8127,0,0,1fe3,001c,8163,8127,0,ffffffd4ffffff8d,0,0
3892,3892,0,8127,0,0,1fed,001c,8173,8127,0,ffffffd4ffffff8d,0,0
3893,3893,0,8127,0,0,1ff3,001c,8179,8127,0,ffffffd4ffffff8d,0,0
3894,3894,0,8127,0,0,1ffe,001c,8190,8127,0,ffffffd4ffffff8d,0,0
3895,3895,0,8127,0,0,2003,001c,8195,8127,0,ffffffd4ffffff8d,0,0
3896,3896,0,8127,0,0,1fbd,001c,8125,8127,0,ffffffd4ffffff8d,0,0
3897,3897,0,8127,0,0,201c,001c,8220,8127,0,ffffffd4ffffff8d,0,0
3898,3898,0,8127,0,0,200e,001c,8206,8127,0,ffffffd4ffffff8d,0,0
3899,3899,0,8127,0,0,1ff2,001c,8178,8127,0,ffffffd4ffffff8d,0,0
3900,3900,0,8127,0,0,2020,001c,10784,8127,0,ffffffd4ffffff8d,0,0
3901,3901,0,8127,0,0,2001,001c,8193,8127,0,ffffffd4ffffff8d,0,0
3902,3902,0,8127,0,0,1ffb,001c,16379,8127,0,ffffffd4ffffff8d,0,0
3903,3903,0,8127,0,0,1ffe,001c,8190,8127,0,ffffffd4ffffff8d,0,0
3904,3904,0,8127,0,0,1fff,001c,8191,8127,0,ffffffd4ffffff8d,0,0
3905,3905,0,8127,0,0,1fff,001c,8191,8127,0,ffffffd4ffffff8d,0,0
3906,3906,0,8127,0,0,1fff,001c,8191,8127,0,ffffffd4ffffff8d,0,0
3907,3907,0,8127,0,0,1fd7,001c,8151,8127,0,ffffffd4ffffff8d,0,0
3908,3908,0,8127,0,0,202d,001c,8237,8127,0,ffffffd4ffffff8d,0,0
3909,3909,0,8127,0,0,1fde,001c,8158,8127,0,ffffffd4ffffff8d,0,0
3910,3910,0,8127,0,0,1fee,001c,8174,8127,0,ffffffd4ffffff8d,0,0
3911,3911,0,8127,0,0,2002,001c,8194,8127,0,ffffffd4ffffff8d,0,0
3912,3912,0,8127,0,0,1fd7,001c,8151,8127,0,ffffffd4ffffff8d,0,0
3913,3913,0,8127,0,0,2006,001c,8198,8127,0,ffffffd4ffffff8d,0,0
3914,3914,0,8127,0,0,1ff2,001c,8178,8127,0,ffffffd4ffffff8d,0,0
3915,3915,0,8127,0,0,1ff4,001c,8180,8127,0,ffffffd4ffffff8d,0,0
3916,3916,0,8127,0,0,1feb,001c,8171,8127,0,ffffffd4ffffff8d,0,0
3917,3917,0,8127,0,0,1ff0,001c,8176,8127,0,ffffffd4ffffff8d,0,0
3918,3918,0,8127,0,0,201f,001c,8223,8127,0,ffffffd4ffffff8d,0,0
3919,3919,0,8127,0,0,1fd9,001c,8153,8127,0,ffffffd4ffffff8d,0,0
3920,3920,0,8127,0,0,1fec,001c,8172,8127,0,ffffffd4ffffff8d,0,0
3921,3921,0,8127,0,0,2019,001c,8217,8127,0,ffffffd4ffffff8d,0,0
3922,3922,0,8127,0,0,1fdb,001c,8155,8127,0,ffffffd4ffffff8d,0,0
3923,3923,0,8127,0,0,201b,001c,8219,8127,0,ffffffd4ffffff8d,0,0
3924,3924,0,8127,0,0,1fe9,001c,8169,8127,0,ffffffd4ffffff8d,0,0
3925,3925,0,8127,0,0,2002,001c,8194,8127,0,ffffffd4ffffff8d,0,0
3926,3926,0,8127,0,0,200a,001c,8202,8127,0,ffffffd4ffffff8d,0,0
3927,3927,0,8127,0,0,1ffd,001c,8189,8127,0,ffffffd4ffffff8d,0,0
3928,3928,0,8127,0,0,1fe5,001c,8165,8127,0,ffffffd4ffffff8d,0,0
3929,3929,0,8127,0,0,1ff6,001c,8182,8127,0,ffffffd4ffffff8d,0,0
3930,3930,0,8127,0,0,2025,001c,8229,8127,0,ffffffd4ffffff8d,0,0
3931,3931,0,8127,0,0,2006,001c,8198,8127,0,ffffffd4ffffff8d,0,0
3932,3932,0,8127,0,0,1fe9,001c,8169,8127,0,ffffffd4ffffff8d,0,0
3933,3933,0,8127,0,0,200d,001c,8205,8127,0,ffffffd4ffffff8d,0,0
3934,3934,0,8127,0,0,1fc7,001c,8135,8127,0,ffffffd4ffffff8d,0,0
3935,3935,0,8127,0,0,2001,001c,8193,8127,0,ffffffd4ffffff8d,0,0
3936,3936,0,8127,0,0,1fbf,001c,8127,8127,0,ffffffd4ffffff8d,0,0
3937,3937,0,8127,0,0,243f,001c,12223,8127,0,ffffffd4ffffff8d,0,0
3938,3938,0,8127,0,0,1fff,001c,16383,8127,0,ffffffd4ffffff8d,0,0
3939,3939,0,8127,0,0,1fef,001c,8175,8127,0,ffffffd4ffffff8d,0,0
3940,3940,0,8127,0,0,3fc7,001c,16327,8127,0,ffffffd4ffffff8d,0,0
3941,3941,0,8127,0,0,2f53,001c,12099,8127,0,ffffffd4ffffff8d,0,0
3942,3942,0,8127,0,0,1ffc,001c,8188,8127,0,ffffffd4ffffff8d,0,0
3943,3943,0,8127,0,0,1fcc,001c,8140,8127,0,ffffffd4ffffff8d,0,0
3944,3944,0,8127,0,0,2012,001c,8210,8127,0,ffffffd4ffffff8d,0,0
3945,3945,0,8127,0,0,1ff9,001c,8185,8127,0,ffffffd4ffffff8d,0,0
3946,3946,0,8127,0,0,1fee,001c,8174,8127,0,ffffffd4ffffff8d,0,0
3947,3947,0,8127,0,0,1fea,001c,8170,8127,0,ffffffd4ffffff8d,0,0
3948,3948,0,8127,0,0,2015,001c,8213,8127,0,ffffffd4ffffff8d,0,0
3949,3949,0,8127,0,0,1fe7,001c,8167,8127,0,ffffffd4ffffff8d,0,0
3950,3950,0,8127,0,0,2003,001c,8195,8127,0,ffffffd4ffffff8d,0,0
3951,3951,0,8127,0,0,1fff,001c,8191,8127,0,ffffffd4ffffff8d,0,0
3952,3952,0,8127,0,0,200d,001c,8205,8127,0,ffffffd4ffffff8d,0,0
3953,3953,0,8127,0,0,1ffc,001c,8188,8127,0,ffffffd4ffffff8d,0,0
3954,3954,0,8127,0,0,1fe2,001c,8162,8127,0,ffffffd4ffffff8d,0,0
3955,3955,0,8127,0,0,1fec,001c,8172,8127,0,ffffffd4ffffff8d,0,0
3956,3956,0,8127,0,0,2026,001c,8230,8127,0,ffffffd4ffffff8d,0,0
3957,3957,0,8127,0,0,2006,001c,8198,8127,0,ffffffd4ffffff8d,0,0
3958,3958,0,8127,0,0,1ff9,001c,8185,8127,0,ffffffd4ffffff8d,0,0
3959,3959,0,8127,0,0,1fe3,001c,8163,8127,0,ffffffd4ffffff8d,0,0
3960,3960,0,8127,0,0,2006,001c,8198,8127,0,ffffffd4ffffff8d,0,0
3961,3961,0,8127,0,0,1fda,001c,8154,8127,0,ffffffd4ffffff8d,0,0
3962,3962,0,8127,0,0,2010,001c,8208,8127,0,ffffffd4ffffff8d,0,0
3963,3963,0,8127,0,0,1fe4,001c,8164,8127,0,ffffffd4ffffff8d,0,0
3964,3964,0,8127,0,0,201e,001c,8222,8127,0,ffffffd4ffffff8d,0,0
3965,3965,0,8127,0,0,1fde,001c,8158,8127,0,ffffffd4ffffff8d,0,0
3966,3966,0,8127,0,0,1fff,001c,8191,8127,0,ffffffd4ffffff8d,0,0
3967,3967,0,8127,0,0,1ffa,001c,8186,8127,0,ffffffd4ffffff8d,0,0
3968,3968,0,8127,0,0,200c,001c,8204,8127,0,ffffffd4ffffff8d,0,0
3969,3969,0,8127,0,0,1fdd,001c,8157,8127,0,ffffffd4ffffff8d,0,0
3970,3970,0,8127,0,0,2002,001c,8194,8127,0,ffffffd4ffffff8d,0,0
3971,3971,0,8127,0,0,1ffe,001c,8190,8127,0,ffffffd4ffffff8d,0,0
3972,3972,0,8127,0,0,1ff5,001c,8189,8127,0,ffffffd4ffffff8d,0,0
3973,3973,0,8127,0,0,1fe1,001c,8161,8127,0,ffffffd4ffffff8d,0,0
3974,3974,0,8127,0,0,2faf,001c,16367,8127,0,ffffffd4ffffff8d,0,0
3975,3975,0,8127,0,0,3fef,001c,16367,8127,0,ffffffd4ffffff8d,0,0
3976,3976,0,8127,0,0,1fff,001c,8191,8127,0,ffffffd4ffffff8d,0,0
3977,3977,0,8127,0,0,3ff4,001c,8180,8127,0,ffffffd4ffffff8d,0,0
3978,3978,0,8127,0,0,200b,001c,8203,8127,0,ffffffd4ffffff8d,0,0
3979,3979,0,8127,0,0,1fff,001c,8191,8127,0,ffffffd4ffffff8d,0,0
3980,3980,0,8127,0,0,1fff,001c,8183,8127,0,ffffffd4ffffff8d,0,0
3981,3981,0,8127,0,0,1ffe,001c,8190,8127,0,ffffffd4ffffff8d,0,0
3982,3982,0,8127,0,0,1fca,001c,8138,8127,0,ffffffd4ffffff8d,0,0
3983,3983,0,8127,0,0,2024,001c,8228,8127,0,ffffffd4ffffff8d,0,0
3984,3984,0,8127,0,0,1fec,001c,8172,8127,0,ffffffd4ffffff8d,0,0
3985,3985,0,8127,0,0,1ff5,001c,8181,8127,0,ffffffd4ffffff8d,0,0
3986,3986,0,8127,0,0,1fd5,001c,8149,8127,0,ffffffd4ffffff8d,0,0
3987,3987,0,8127,0,0,1ff1,001c,8177,8127,0,ffffffd4ffffff8d,0,0
3988,3988,0,8127,0,0,2015,001c,8213,8127,0,ffffffd4ffffff8d,0,0
3989,3989,0,8127,0,0,1fe1,001c,8161,8127,0,ffffffd4ffffff8d,0,0
3990,3990,0,8127,0,0,1fec,001c,8172,8127,0,ffffffd4ffffff8d,0,0
3991,3991,0,8127,0,0,1ffa,001c,8186,8127,0,ffffffd4ffffff8d,0,0
3992,3992,0,8127,0,0,2000,001c,8192,8127,0,ffffffd4ffffff8d,0,0
3993,3993,0,8127,0,0,1ff2,001c,8178,8127,0,ffffffd4ffffff8d,0,0
3994,3994,0,8127,0,0,1fec,001c,8172,8127,0,ffffffd4ffffff8d,0,0
3995,3995,0,8127,0,0,1ff5,001c,8181,8127,0,ffffffd4ffffff8d,0,0
3996,3996,0,8127,0,0,1fed,001c,8173,8127,0,ffffffd4ffffff8d,0,0
3997,3997,0,8127,0,0,1ff0,001c,8176,8127,0,ffffffd4ffffff8d,0,0
3998,3998,0,8127,0,0,1ff8,001c,8184,8127,0,ffffffd4ffffff8d,0,0
3999,3999,0,8127,0,0,1fe0,001c,8160,8127,0,ffffffd4ffffff8d,0,0
4000,4000,0,8127,0,0,1ffa,001c,8186,8127,0,ffffffd4ffffff8d,0,0
4001,4001,0,8127,0,0,1ff1,001c,8177,8127,0,ffffffd4ffffff8d,0,0
4002,4002,0,8127,0,0,2005,001c,8197,8127,0,ffffffd4ffffff8d,0,0
4003,4003,0,8127,0,0,1fc9,001c,8137,8127,0,ffffffd4ffffff8d,0,0
4004,4004,0,8127,0,0,2030,001c,8240,8127,0,ffffffd4ffffff8d,0,0
4005,4005,0,8127,0,0,1fdb,001c,8155,8127,0,ffffffd4ffffff8d,0,0
4006,4006,0,8127,0,0,1fdd,001c,8157,8127,0,ffffffd4ffffff8d,0,0
4007,4007,0,8127,0,0,202d,001c,8237,8127,0,ffffffd4ffffff8d,0,0
4008,4008,0,8127,0,0,1fff,001c,8191,8127,0,ffffffd4ffffff8d,0,0
4009,4009,0,8127,0,0,1fef,001c,8191,8127,0,ffffffd4ffffff8d,0,0
4010,4010,0,8127,0,0,3fff,001c,16383,8127,0,ffffffd4ffffff8d,0,0
4011,4011,0,8127,0,0,3fd3,001c,12371,8127,0,ffffffd4ffffff8d,0,0
4012,4012,0,8127,0,0,3fea,001c,8170,8127,0,ffffffd4ffffff8d,0,0
4013,4013,0,8127,0,0,201d,001c,8221,8127,0,ffffffd4ffffff8d,0,0
4014,4014,0,8127,0,0,1fe9,001c,8169,8127,0,ffffffd4ffffff8d,0,0
4015,4015,0,8127,0,0,200c,001c,8204,8127,0,ffffffd4ffffff8d,0,0
4016,4016,0,8127,0,0,1fe6,001c,8166,8127,0,ffffffd4ffffff8d,0,0
4017,4017,0,8127,0,0,1ffd,001c,8169,8127,0,ffffffd4ffffff8d,0,0
4018,4018,0,8127,0,0,1fff,001c,8191,8127,0,ffffffd4ffffff8d,0,0
4019,4019,0,8127,0,0,1ff9,001c,8185,8127,0,ffffffd4ffffff8d,0,0
4020,4020,0,8127,0,0,1ffc,001c,8188,8127,0,ffffffd4ffffff8d,0,0
4021,4021,0,8127,0,0,200c,001c,8204,8127,0,ffffffd4ffffff8d,0,0
4022,4022,0,8127,0,0,1fea,001c,8170,8127,0,ffffffd4ffffff8d,0,0
4023,4023,0,8127,0,0,2006,001c,8198,8127,0,ffffffd4ffffff8d,0,0
4024,4024,0,8127,0,0,1fff,001c,8191,8127,0,ffffffd4ffffff8d,0,0
4025,4025,0,8127,0,0,2004,001c,8196,8127,0,ffffffd4ffffff8d,0,0
4026,4026,0,8127,0,0,1fda,001c,8154,8127,0,ffffffd4ffffff8d,0,0
4027,4027,0,8127,0,0,201b,001c,8219,8127,0,ffffffd4ffffff8d,0,0
4028,4028,0,8127,0,0,2000,001c,8192,8127,0,ffffffd4ffffff8d,0,0
4029,4029,0,8127,0,0,1ff7,001c,8183,8127,0,ffffffd4ffffff8d,0,0
4030,4030,0,8127,0,0,1ff3,001c,8179,8127,0,ffffffd4ffffff8d,0,0
4031,4031,0,8127,0,0,2009,001c,8201,8127,0,ffffffd4ffffff8d,0,0
4032,4032,0,8127,0,0,1fd1,001c,8145,8127,0,ffffffd4ffffff8d,0,0
4033,4033,0,8127,0,0,1ff9,001c,8185,8127,0,ffffffd4ffffff8d,0,0
4034,4034,0,8127,0,0,1ffd,001c,8189,8127,0,ffffffd4ffffff8d,0,0
4035,4035,0,8127,0,0,2011,001c,8209,8127,0,ffffffd4ffffff8d,0,0
4036,4036,0,8127,0,0,1fb5,001c,8117,8127,0,ffffffd4ffffff8d,0,0
4037,4037,0,8127,0,0,201f,001c,8223,8127,0,ffffffd4ffffff8d,0,0
4038,4038,0,8127,0,0,1fe1,001c,8161,8127,0,ffffffd4ffffff8d,0,0
4039,4039,0,8127,0,0,1fd7,001c,8151,8127,0,ffffffd4ffffff8d,0,0
4040,4040,0,8127,0,0,2002,001c,8194,8127,0,ffffffd4ffffff8d,0,0
4041,4041,0,8127,0,0,200d,001c,8205,8127,0,ffffffd4ffffff8d,0,0
4042,4042,0,8127,0,0,1ff2,001c,8178,8127,0,ffffffd4ffffff8d,0,0
4043,4043,0,8127,0,0,1ff7,001c,8183,8127,0,ffffffd4ffffff8d,0,0
4044,4044,0,8127,0,0,1ff3,001c,8179,8127,0,ffffffd4ffffff8d,0,0
4045,4045,0,8127,0,0,26b7,001c,16375,8127,0,ffffffd4ffffff8d,0,0
4046,4046,0,8127,0,0,3fdf,001c,16351,8127,0,ffffffd4ffffff8d,0,0
4047,4047,0,8127,0,0,3fdd,001c,16349,8127,0,ffffffd4ffffff8d,0,0
4048,4048,0,8127,0,0,2006,001c,8198,8127,0,ffffffd4ffffff8d,0,0
4049,4049,0,8127,0,0,2ff0,001c,12272,8127,0,ffffffd4ffffff8d,0,0
4050,4050,0,8127,0,0,1ff1,001c,8177,8127,0,ffffffd4ffffff8d,0,0
4051,4051,0,8127,0,0,2009,001c,8201,8127,0,ffffffd4ffffff8d,0,0
4052,4052,0,8127,0,0,1fe8,001c,8168,8127,0,ffffffd4ffffff8d,0,0
4053,4053,0,8127,0,0,2009,001c,8201,8127,0,ffffffd4ffffff8d,0,0
4054,4054,0,8127,0,0,2006,001c,8198,8127,0,ffffffd4ffffff8d,0,0
4055,4055,0,8127,0,0,1fe9,001c,8169,8127,0,ffffffd4ffffff8d,0,0
4056,4056,0,8127,0,0,1ffe,001c,8190,8127,0,ffffffd4ffffff8d,0,0
4057,4057,0,8127,0,0,1fe5,001c,8165,8127,0,ffffffd4ffffff8d,0,0
4058,4058,0,8127,0,0,202a,001c,8234,8127,0,ffffffd4ffffff8d,0,0
4059,4059,0,8127,0,0,1fd8,001c,8152,8127,0,ffffffd4ffffff8d,0,0
4060,4060,0,8127,0,0,1ff1,001c,8177,8127,0,ffffffd4ffffff8d,0,0
4061,4061,0,8127,0,0,2022,001c,8226,8127,0,ffffffd4ffffff8d,0,0
4062,4062,0,8127,0,0,1fd0,001c,8144,8127,0,ffffffd4ffffff8d,0,0
4063,4063,0,8127,0,0,200c,001c,8204,8127,0,ffffffd4ffffff8d,0,0
4064,4064,0,8127,0,0,1fe1,001c,8161,8127,0,ffffffd4ffffff8d,0,0
4065,4065,0,8127,0,0,1f9e,001c,8094,8127,0,ffffffd4ffffff8d,0,0
4066,4066,0,8127,0,0,1fea,001c,8170,8127,0,ffffffd4ffffff8d,0,0
4067,4067,0,8127,0,0,1ff5,001c,8181,8127,0,ffffffd4ffffff8d,0,0
4068,4068,0,8127,0,0,2011,001c,8209,8127,0,ffffffd4ffffff8d,0,0
4069,4069,0,8127,0,0,1fe6,001c,8166,8127,0,ffffffd4ffffff8d,0,0
4070,4070,0,8127,0,0,1ffc,001c,8188,8127,0,ffffffd4ffffff8d,0,0
4071,4071,0,8127,0,0,2005,001c,8197,8127,0,ffffffd4ffffff8d,0,0
4072,4072,0,8127,0,0,1fd4,001c,8148,8127,0,ffffffd4ffffff8d,0,0
4073,4073,0,8127,0,0,2017,001c,8215,8127,0,ffffffd4ffffff8d,0,0
4074,4074,0,8127,0,0,1fed,001c,8173,8127,0,ffffffd4ffffff8d,0,0
4075,4075,0,8127,0,0,1fe6,001c,8166,8127,0,ffffffd4ffffff8d,0,0
4076,4076,0,8127,0,0,1ff7,001c,8183,8127,0,ffffffd4ffffff8d,0,0
4077,4077,0,8127,0,0,2011,001c,8209,8127,0,ffffffd4ffffff8d,0,0
4078,4078,0,8127,0,0,1ff7,001c,8183,8127,0,ffffffd4ffffff8d,0,0
4079,4079,0,8127,0,0,1fe2,001c,8162,8127,0,ffffffd4ffffff8d,0,0
4080,4080,0,8127,0,0,2022,001c,11938,8127,0,ffffffd4ffffff8d,0,0
4081,4081,0,8127,0,0,1ffe,001c,16382,8127,0,ffffffd4ffffff8d,0,0
4082,4082,0,8127,0,0,1ffc,001c,8188,8127,0,ffffffd4ffffff8d,0,0
4083,4083,0,8127,0,0,3fde,001c,16350,8127,0,ffffffd4ffffff8d,0,0
4084,4084,0,8127,0,0,2fde,001c,12254,8127,0,ffffffd4ffffff8d,0,0
4085,4085,0,8127,0,0,1ff4,001c,8180,8127,0,ffffffd4ffffff8d,0,0
4086,4086,0,8127,0,0,2800,001c,8192,8127,0,ffffffd4ffffff8d,0,0
4087,4087,0,8127,0,0,1fc6,001c,8134,8127,0,ffffffd4ffffff8d,0,0
4088,4088,0,8127,0,0,2006,001c,8198,8127,0,ffffffd4ffffff8d,0,0
4089,4089,0,8127,0,0,1ff7,001c,8183,8127,0,ffffffd4ffffff8d,0,0
4090,4090,0,8127,0,0,1ff0,001c,8176,8127,0,ffffffd4ffffff8d,0,0
4091,4091,0,8127,0,0,1ff9,001c,8185,8127,0,ffffffd4ffffff8d,0,0
4092,4092,0,8127,0,0,1ff6,001c,8182,8127,0,ffffffd4ffffff8d,0,0
4093,4093,0,8127,0,0,1ff5,001c,8181,8127,0,ffffffd4ffffff8d,0,0
4094,4094,0,8127,0,0,2000,001c,8192,8127,0,ffffffd4ffffff8d,0,0
4095,4095,0,8127,0,0,200b,001c,8203,8127,0,ffffffd4ffffff8d,0,0
