$date
        2026-Feb-06 11:49:13
$end
$version
        Vivado v2024.2 (64-bit)
$end
$timescale
        1ps
$end
$scope module dut $end
$var reg 32 " design_1_i/adc_interface_0_m_axis_tdata [31:0] $end
$var reg 1 B design_1_i/adc_interface_0_m_axis_tlast $end
$var reg 1 C design_1_i/adc_interface_0_m_axis_tvalid $end
$var reg 16 D design_1_i/adc_interface_0_adc_signed_debug [15:0] $end
$var reg 16 T design_1_i/adc_interface_0_win_coeff_out [15:0] $end
$var reg 14 d design_1_i/adc_data [13:0] $end
$var reg 14 r design_1_i/adc_interface_0_adc_data_original [13:0] $end
$var reg 1 "" design_1_i/adc_interface_0_adc_data_original_valid $end
$var reg 64 #" design_1_i/xfft_0_m_axis_data_tdata [63:0] $end
$var reg 1 c" design_1_i/xfft_0_m_axis_data_tlast $end
$var reg 1 d" design_1_i/xfft_0_m_axis_data_tvalid $end
$var reg 1 e" _TRIGGER $end
$var reg 1 f" _WINDOW $end
$var reg 1 g" _GAP $end
$upscope $end
$enddefinitions $end
#0
$dumpvars
b1111111011110 "
0B
1C
b10000000001001 D
b11100 T
b10111010001011 d
b1111111011110 r
1""
b1111111111111111111111111111001000000000000000000000000100000011 #"
0c"
0d"
0e"
1f"
0g"
$end
#1
b1111111111000 "
b10000000011101 D
b10000000011101 d
b1111111111000 r
#2
b1111111110010 "
b1111111110100 D
b11111111110100 d
b1111111110010 r
#3
b1111111101000 "
b1111111111111 D
b1111111111111 d
b1111111101000 r
#4
b10000000010001 "
b10000000010001 r
#5
b1111111100000 "
b11111111111010 D
b1111111111010 d
b1111111100000 r
#6
b10000000100001 "
b10111100010100 D
b10101000010100 d
b10000000100001 r
#7
b1111111110100 "
b1111111011110 D
b1111111011110 d
b1111111110100 r
#8
b1111111111111 "
b10000000010101 D
b10000000010101 d
b1111111111111 r
#9
b1111111100001 "
b10000000010011 D
b10000000010011 d
b1111111100001 r
#10
b1111111110111 "
b1111110111101 D
b1111110111101 d
b1111111110111 r
#11
b1111111110110 "
b10000000110001 D
b10000000110001 d
b1111111110110 r
#12
b10000000111001 "
b10000000000011 D
b10000000000011 d
b10000000111001 r
#13
b1111111001100 "
b1111111010000 D
b1111111010000 d
b1111111001100 r
#14
b1111111111110 "
b10000000000011 D
b10000000000011 d
b1111111111110 r
#15
b10000000101011 "
b10000000010111 D
b10000000010111 d
b10000000101011 r
#16
b1111111010001 "
b1111111110111 D
b1111111110111 d
b1111111010001 r
#17
b10000000001001 "
b1111111011100 D
b1111111011100 d
b10000000001001 r
#18
b1111111100111 "
b10000000100110 D
b10000000100110 d
b1111111100111 r
#19
b1111111111110 "
b1111111010100 D
b1111111010100 d
b1111111111110 r
#20
b10000000001101 "
b10000000000000 D
b10000000000000 d
b10000000001101 r
#21
b1111111110101 "
b1111111110101 r
#22
b10000000011011 "
b1111111100000 D
b1111111100000 d
b10000000011011 r
#23
b1111111011111 "
b10000000001011 D
b10000000001011 d
b1111111011111 r
#24
b1111111100110 "
b10000000001101 D
b10000000001101 d
b1111111100110 r
#25
b10000000000011 "
b1111111001010 D
b1111111001010 d
b10000000000011 r
#26
b1111111110011 "
b1111111100111 D
b1111111100111 d
b1111111110011 r
#27
b1111111101100 "
b1111111111001 D
b1111111111001 d
b1111111101100 r
#28
b1111111011100 "
b10000000010101 D
b10000000010101 d
b1111111011100 r
#29
b10000000000110 "
b1111111001000 D
b1111111001000 d
b10000000000110 r
#30
b1111111111011 "
b10000000011111 D
b10000000011111 d
b1111111111011 r
#31
b1111111110100 "
b10000000000100 D
b10000000000100 d
b1111111110100 r
#32
b1111111111010 "
b1111111101010 D
b1111111101010 d
b1111111111010 r
#33
b1111110111111 "
b10000000010111 D
b10000000010111 d
b1111110111111 r
#34
b10000000010001 "
b1111111111011 D
b1111111111011 d
b10000000010001 r
#35
b10000000010000 "
b1111111100111 D
b1111111100111 d
b10000000010000 r
#36
b1111111010100 "
b1111111110110 D
b1111111110110 d
b1111111010100 r
#37
b10000000100111 "
b1111111110011 D
b1111111110111 d
b10000000100111 r
#38
b1111111111011 "
b11111111110111 D
b11111111110111 d
b1111111111011 r
#39
b1111111110000 "
b11111111100101 D
b11111111100101 d
b1111111110000 r
#40
b1111110111000 "
b1111111101111 D
b1111111101111 d
b1111110111000 r
#41
b10000000011100 "
b1111111101011 D
b1111111101011 d
b10000000011100 r
#42
b10000000000101 "
b10000000000101 r
#43
b1111111100011 "
b1111111101010 D
b1111111101010 d
b1111111100011 r
#44
b10000000110001 "
b10000000000101 D
b10000000000101 d
b10000000110001 r
#45
b1111111111111 "
b1111111101001 D
b1111111101001 d
b1111111111111 r
#46
b1111110110011 "
b1111111110110 D
b1111111110110 d
b1111110110011 r
#47
b1111111100111 "
b1111111101011 D
b1111111101011 d
b1111111100111 r
#48
b1111111010100 "
b10000000001101 D
b10000000001101 d
b1111111010100 r
#49
b1111111111110 "
b10000000000000 D
b10000000000000 d
b1111111111110 r
#50
b1111111100011 "
b1111111101111 D
b1111111101111 d
b1111111100011 r
#51
b10000000000001 "
b10000000011011 D
b10000000011011 d
b10000000000001 r
#52
b1111111100110 "
b1111111011101 D
b1111111011101 d
b1111111100110 r
#53
b1111111110000 "
b1111111111111 D
b1111111111111 d
b1111111110000 r
#54
b1111111111010 "
b10000000011101 D
b10000000011101 d
b1111111111010 r
#55
b1111111101110 "
b1111111010011 D
b1111111010011 d
b1111111101110 r
#56
b10000000001101 "
b1111111111101 D
b1111111111101 d
b10000000001101 r
#57
b1111111011101 "
b1111111101101 D
b1111111101101 d
b1111111011101 r
#58
b10000000001110 "
b10000000000110 D
b10000000000110 d
b10000000001110 r
#59
b10000000000100 "
b1111111101010 D
b1111111101010 d
b10000000000100 r
#60
b10000000010101 "
b1111111101000 D
b1111111101000 d
b10000000010101 r
#61
b1111111101001 "
b10000000010111 D
b10000000010111 d
b1111111101001 r
#62
b1111110110100 "
b1111111000000 D
b1111111000000 d
b1111110110100 r
#63
b10000000010001 "
b1111111111011 D
b1111111111011 d
b10000000010001 r
#64
b1111111101100 "
b10000000100101 D
b10000000100101 d
b1111111101100 r
#65
b10000000010011 "
b10000000000000 D
b10000000000000 d
b10000000010011 r
#66
b10000000010000 "
b1111111101101 D
b1111111101101 d
b10000000010000 r
#67
b1111111100000 "
b1111111110011 D
b1111111110011 d
b1111111100000 r
#68
b10000000100100 "
b10000000000111 D
b10000000000111 d
b10000000100100 r
#69
b1111111011111 "
b1111111100011 D
b1111111100011 d
b1111111011111 r
#70
b10000000001010 "
b10000000011111 D
b10000000111111 d
b10000000001010 r
#71
b10000000001101 "
b10000000011010 D
b10000000011010 d
b10000000001101 r
#72
b1111111101101 "
b1111111011110 D
b1111111011110 d
b1111111101101 r
#73
b10000000011000 "
b1111111111111 D
b1111111111111 d
b10000000011000 r
#74
b1111111111010 "
b11111111111111 D
b11111111111111 d
b1111111111010 r
#75
b10000000000010 "
b11101111111101 D
b11101100111001 d
b10000000000010 r
#76
b1111111101000 "
b1111111101111 D
b1111111101111 d
b1111111101000 r
#77
b10000000000100 "
b1111111001010 D
b1111111001010 d
b10000000000100 r
#78
b1111111101010 "
b10000000011111 D
b10000000011111 d
b1111111101010 r
#79
b1111111010110 "
b10101111001111 D
b10000100001111 d
b1111111010110 r
#80
b10000000110111 "
b1111111000101 D
b1111111000101 d
b10000000110111 r
#81
b1111111101001 "
b10000000101101 D
b10000000101101 d
b1111111101001 r
#82
b1111111101000 "
b1111111101011 D
b1111111101011 d
b1111111101000 r
#83
b10000000001001 "
b10000000000011 D
b10000000000011 d
b10000000001001 r
#84
b1111111101001 "
b10000000001010 D
b10000000001010 d
b1111111101001 r
#85
b10000000011001 "
b1111111110011 D
b1111111110011 d
b10000000011001 r
#86
b1111111010111 "
b1111111101010 D
b1111111101010 d
b1111111010111 r
#87
b10000000000110 "
b10000000001001 D
b10000000001001 d
b10000000000110 r
#88
b1111111110111 "
b1111111110110 D
b1111111110110 d
b1111111110111 r
#89
b10000000000011 "
b10000000011100 D
b10000000011100 d
b10000000000011 r
#90
b10000000010000 "
b1111111100101 D
b1111111100101 d
b10000000010000 r
#91
b1111111101001 "
b1111111100000 D
b1111111100000 d
b1111111101001 r
#92
b1111111111111 "
b1111111111000 D
b1111111111000 d
b1111111111111 r
#93
b1111111111000 "
b10000000011111 D
b10000000011111 d
b1111111111000 r
#94
b1111111111011 "
b1111111100010 D
b1111111100010 d
b1111111111011 r
#95
b1111111000011 "
b1111111101001 D
b1111111101001 d
b1111111000011 r
#96
b10000000100010 "
b1111111101110 D
b1111111101110 d
b10000000100010 r
#97
b1111111011001 "
b10000000010111 D
b10000000010111 d
b1111111011001 r
#98
b1111111011011 "
b1111111111111 D
b1111111111111 d
b1111111011011 r
#99
b1111111010000 "
b1111111111110 D
b1111111111110 d
b1111111010000 r
#100
b10000000100101 "
b1111111111010 D
b1111111111010 d
b10000000100101 r
#101
b1111111101100 "
b1111111111101 D
b1111111111101 d
b1111111101100 r
#102
b1111111110111 "
b1111111110111 D
b1111111110111 d
b1111111110111 r
#103
b10000000101110 "
b10000000001101 D
b10000000001101 d
b10000000101110 r
#104
b1111111011111 "
b1111111100110 D
b1111111100110 d
b1111111011111 r
#105
b1111111111110 "
b10000000001010 D
b10000000001010 d
b1111111111110 r
#106
b10000000011101 "
b1111111010000 D
b1111111010000 d
b10000000011101 r
#107
b1111111101001 "
b10000000000101 D
b10111010000101 d
b1111111101001 r
#108
b1111111101111 "
b10000000001101 D
b10000000001101 d
b1111111101111 r
#109
b1111111011110 "
b1111111111111 D
b11111111011111 d
b1111111011110 r
#110
b10000000000001 "
b11111111111011 D
b11111111111010 d
b10000000000001 r
#111
b1111111110110 "
b11000001000001 D
b10000000000001 d
b1111111110110 r
#112
b1111111101011 "
b1111111110011 D
b1111111110011 d
b1111111101011 r
#113
b10000000010001 "
b1111111100001 D
b1111111100000 d
b10000000010001 r
#114
b1111111010101 "
b10000000000001 D
b10000000000001 d
b1111111010101 r
#115
b1111111111111 "
b1111111010010 D
b1111111010010 d
b1111111111111 r
#116
b10000000001001 "
b10000000000010 D
b10000000000010 d
b10000000001001 r
#117
b1111111101110 "
b1111111011010 D
b1111111011010 d
b1111111101110 r
#118
b1111111111011 "
b10000000001110 D
b10000000001110 d
b1111111111011 r
#119
b1111111111110 "
b1111111010001 D
b1111111010001 d
b1111111111110 r
#120
b1111111101001 "
b10000000000001 D
b10000000000001 d
b1111111101001 r
#121
b1111111101000 "
b1111111110110 D
b1111111110110 d
b1111111101000 r
#122
b10000000011010 "
b1111110110000 D
b1111110110000 d
b10000000011010 r
#123
b1111111110110 "
b10000000100000 D
b10000000100000 d
b1111111110110 r
#124
b1111111001000 "
b10000000011001 D
b10000000011001 d
b1111111001000 r
#125
b10000000001000 "
b1111111101011 D
b1111111101011 d
b10000000001000 r
#126
b10000000000101 "
b10000000101000 D
b10000000101000 d
b10000000000101 r
#127
b1111111010001 "
b1111111011010 D
b1111111011010 d
b1111111010001 r
#128
b10000000010111 "
b1111111101100 D
b1111111101100 d
b10000000010111 r
#129
b1111111111001 "
b1111111111000 D
b1111111111000 d
b1111111111001 r
#130
b1111111110010 "
b10000000011011 D
b10000000011011 d
b1111111110010 r
#131
b1111111100100 "
b1111111011001 D
b1111111011001 d
b1111111100100 r
#132
b10000000001001 "
b10000000000110 D
b10000000000110 d
b10000000001001 r
#133
b10000000001011 "
b10000000001111 D
b10000000001111 d
b10000000001011 r
#134
b1111111111011 "
b1111111011010 D
b1111111011010 d
b1111111111011 r
#135
b10000000000011 "
b1111111110011 D
b1111111110011 d
b10000000000011 r
#136
b1111111110101 "
b10000000001011 D
b10000000001011 d
b1111111110101 r
#137
b1111111101111 "
b1111111101001 D
b1111111101001 d
b1111111101111 r
#138
b10000000010010 "
b10000000010000 D
b10000000010000 d
b10000000010010 r
#139
b10000000001011 "
b1111111101100 D
b1111111101100 d
b10000000001011 r
#140
b10000000011001 "
b10000000010110 D
b10000000010110 d
b10000000011001 r
#141
b1111111011100 "
b1111111110101 D
b1111111110101 d
b1111111011100 r
#142
b10000000001010 "
b10000000000111 D
b10000000100111 d
b10000000001010 r
#143
b1111111011111 "
b1111111010101 D
b1111111010111 d
b1111111011111 r
#144
b1111111110101 "
b10111010000101 D
b11111111010101 d
b1111111110101 r
#145
b10000000101111 "
b10000000000011 D
b10000000000011 d
b10000000101111 r
#146
b1111111010100 "
b11101111010110 D
b11000000000010 d
b1111111010100 r
#147
b1111111100011 "
b1111111111101 D
b1111111111101 d
b1111111100011 r
#148
b10000000111111 "
b1111111101100 D
b1111111101100 d
b10000000111111 r
#149
b10000000000101 "
b10101000010111 D
b10000000010111 d
b10000000000101 r
#150
b1111111011010 "
b1111110010010 D
b1111110010010 d
b1111111011010 r
#151
b1111111111000 "
b10000000000110 D
b10000000000110 d
b1111111111000 r
#152
b10000000001000 "
b1111111101100 D
b1111111101100 d
b10000000001000 r
#153
b1111111000101 "
b10000000001111 D
b10000000001111 d
b1111111000101 r
#154
b10000000011001 "
b1111111110110 D
b1111111110110 d
b10000000011001 r
#155
b1111111110000 "
b10000000010001 D
b10000000010001 d
b1111111110000 r
#156
b1111111110110 "
b1111111010010 D
b1111111010010 d
b1111111110110 r
#157
b1111111110101 "
b1111111111111 D
b1111111111111 d
b1111111110101 r
#158
b1111111111001 "
b10000000000111 D
b10000000000111 d
b1111111111001 r
#159
b10000000011001 "
b10000000000110 D
b10000000000110 d
b10000000011001 r
#160
b1111111100011 "
b1111111100100 D
b1111111100100 d
b1111111100011 r
#161
b1111111101100 "
b10000000000001 D
b10000000000001 d
b1111111101100 r
#162
b10000000011011 "
b1111111011100 D
b1111111011100 d
b10000000011011 r
#163
b1111111011110 "
b10000000010100 D
b10000000010100 d
b1111111011110 r
#164
b10000000001100 "
b1111111111100 D
b1111111111100 d
b10000000001100 r
#165
b1111111100110 "
b10000000010001 D
b10000000010001 d
b1111111100110 r
#166
b1111111110010 "
b1111111000110 D
b1111111000110 d
b1111111110010 r
#167
b1111111111101 "
b10000000000010 D
b10000000000010 d
b1111111111101 r
#168
b10000000011011 D
b10000000011011 d
#169
b1111111101001 "
b1111111011111 D
b1111111011111 d
b1111111101001 r
#170
b10000000001011 "
b10000000001110 D
b10000000001110 d
b10000000001011 r
#171
b1111111100011 "
b10000000000111 D
b10000000000111 d
b1111111100011 r
#172
b1111111110010 "
b1111111100100 D
b1111111100100 d
b1111111110010 r
#173
b10000000101100 "
b10000000000001 D
b10000000000001 d
b10000000101100 r
#174
b1111111010011 "
b1111111011111 D
b1111111011111 d
b1111111010011 r
#175
b1111111111100 "
b10000000110010 D
b10000000110010 d
b1111111111100 r
#176
b10000000001000 "
b1111110111101 D
b1111110111101 d
b10000000001000 r
#177
b1111111011011 "
b1111111111101 D
b1111111111101 d
b1111111011011 r
#178
b1111111110010 "
b1111111110111 D
b1111111110111 d
b1111111110010 r
#179
b10000000101100 "
b1111111110110 D
b1111111110110 d
b10000000101100 r
#180
b10000000010010 "
b10011010100111 D
b11111111110111 d
b10000000010010 r
#181
b1111111101001 "
b11111111110111 D
b1111111101001 r
#182
b10000000100010 "
b1111111110011 D
b1111111110011 d
b10000000100010 r
#183
b1111111101000 "
b11111111101011 D
b1111111101011 d
b1111111101000 r
#184
b1111111110010 "
b10111111001001 D
b10111111001001 d
b1111111110010 r
#185
b10000000000100 "
b1111111111111 D
b1111111111111 d
b10000000000100 r
#186
b1111111111111 "
b1111111111110 d
b1111111111111 r
#187
b1111111110100 "
b1111111110011 D
b1111111110011 d
b1111111110100 r
#188
b1111111111011 "
b1111111111011 r
#189
b1111111110000 "
b1111111010010 D
b1111111010010 d
b1111111110000 r
#190
b1111111100110 "
b10000000001101 D
b10000000001101 d
b1111111100110 r
#191
b1111111110010 "
b10000000001110 D
b10000000001110 d
b1111111110010 r
#192
b10000000010101 "
b1111111001111 D
b1111111001111 d
b10000000010101 r
#193
b1111111001101 "
b1111111101101 D
b1111111101101 d
b1111111001101 r
#194
b10000000010000 "
b10000000011011 D
b10000000011011 d
b10000000010000 r
#195
b1111111111001 "
b1111111100101 D
b1111111100101 d
b1111111111001 r
#196
b1111111000000 "
b1111111100001 D
b1111111100001 d
b1111111000000 r
#197
b10000000011001 "
b1111111110010 D
b1111111110010 d
b10000000011001 r
#198
b1111111110001 "
b10000000010100 D
b10000000010100 d
b1111111110001 r
#199
b1111111111101 "
b1111111110111 D
b1111111110111 d
b1111111111101 r
#200
b1111111011101 "
b10000000110101 D
b10000000110101 d
b1111111011101 r
#201
b10000000000111 "
b1111111111101 D
b1111111111101 d
b10000000000111 r
#202
b10000000101010 "
b1111111010010 D
b1111111010010 d
b10000000101010 r
#203
b1111111000110 "
b1111111010001 D
b1111111010001 d
b1111111000110 r
#204
b1111111111111 "
b10000000010011 D
b10000000010011 d
b1111111111111 r
#205
b1111111101101 "
b1111111100111 D
b1111111100111 d
b1111111101101 r
#206
b10000000001110 "
b1111111100101 D
b1111111100101 d
b10000000001110 r
#207
b1111111101001 "
b1111111111010 D
b1111111111010 d
b1111111101001 r
#208
b10000000010110 "
b1111111111111 D
b1111111111111 d
b10000000010110 r
#209
b10000000010000 "
b1111111010100 D
b1111111010100 d
b10000000010000 r
#210
b1111111101010 "
b10000000000010 D
b10000000000010 d
b1111111101010 r
#211
b10000000001010 "
b1111111100110 D
b1111111100110 d
b10000000001010 r
#212
b1111111100101 "
b1111111101101 D
b1111111101101 d
b1111111100101 r
#213
b1111111101010 "
b10000000000111 D
b10000000000111 d
b1111111101010 r
#214
b10000000001000 "
b10000000100010 D
b10000000100010 d
b10000000001000 r
#215
b1111111101010 "
b1111111111110 D
b1111111111110 d
b1111111101010 r
#216
b10000000010010 "
b10111110011101 D
b11111111011101 d
b10000000010010 r
#217
b1111111101000 "
b10000000010111 D
b10000000010111 d
b1111111101000 r
#218
b10000000011110 "
b11111111110111 D
b11111111110111 d
b10000000011110 r
#219
b1111111101001 "
b1111111110111 D
b1111111110111 d
b1111111101001 r
#220
b1111111110011 "
b1111111110011 r
#221
b10000000011010 "
b10000000001001 D
b10000000001001 d
b10000000011010 r
#222
b1111111011001 "
b1111111011111 D
b1111111011111 d
b1111111011001 r
#223
b1111111111010 "
b1111111111111 D
b1111111111111 d
b1111111111010 r
#224
b10000000011110 "
b1111111010101 D
b1111111010101 d
b10000000011110 r
#225
b1111111101011 "
b10000000000101 D
b10000000000101 d
b1111111101011 r
#226
b1111111110101 "
b10000000011110 D
b10000000011110 d
b1111111110101 r
#227
b1111111101011 "
b1111111100110 D
b1111111100110 d
b1111111101011 r
#228
b10000000010100 "
b10000000001111 D
b10000000001111 d
b10000000010100 r
#229
b1111111011110 "
b10000000011011 D
b10000000011011 d
b1111111011110 r
#230
b1111111101101 "
b1111111100010 D
b1111111100010 d
b1111111101101 r
#231
b10000000001001 "
b10000000001111 D
b10000000001111 d
b10000000001001 r
#232
b1111111010000 "
b1111110111111 D
b1111110111111 d
b1111111010000 r
#233
b1111111101000 "
b10000000001111 D
b10000000001111 d
b1111111101000 r
#234
b1111111111111 "
b10000000010111 D
b10000000010111 d
b1111111111111 r
#235
b1111111100110 "
b1111111111111 D
b1111111111111 d
b1111111100110 r
#236
b1111111100000 "
b1111111111001 D
b1111111111001 d
b1111111100000 r
#237
b1111111111001 "
b10000000000000 D
b10000000000000 d
b1111111111001 r
#238
b10000000010101 "
b10000000000110 D
b10000000000110 d
b10000000010101 r
#239
b1111111100110 "
b1111111011101 D
b1111111011101 d
b1111111100110 r
#240
b10000000001111 "
b10000000001001 D
b10000000001001 d
b10000000001111 r
#241
b10000000010010 "
b1111111111010 D
b1111111111010 d
b10000000010010 r
#242
b1111111000011 "
b1111111011100 D
b1111111011100 d
b1111111000011 r
#243
b1111111111100 "
b10000000001101 D
b10000000001101 d
b1111111111100 r
#244
b10000000011000 "
b10000000000000 D
b10000000000000 d
b10000000011000 r
#245
b10000000001000 "
b1111111101111 D
b1111111101111 d
b10000000001000 r
#246
b1111111101010 "
b1111111010000 D
b1111111010000 d
b1111111101010 r
#247
b10000000010110 "
b10000000110111 D
b10000000110111 d
b10000000010110 r
#248
b10000000001110 "
b1111111100011 D
b1111111100011 d
b10000000001110 r
#249
b1111111011110 "
b1111111010010 D
b1111111010010 d
b1111111011110 r
#250
b10000000000101 "
b10000000110001 D
b10101000110001 d
b10000000000101 r
#251
b1111111110000 "
b1111111111011 D
b1111111111011 d
b1111111110000 r
#252
b1111111010100 "
b1111111010100 r
#253
b10000000001010 "
b11111111111011 D
b11111111111011 d
b10000000001010 r
#254
b10000000011001 "
b11111111101011 D
b11111111101011 d
b10000000011001 r
#255
b1111110110111 "
b1111111101111 D
b1111111101111 d
b1111110110111 r
#256
b1111111110100 "
b1111110000111 D
b1111110000111 d
b1111111110100 r
#257
b10000000100010 "
b10000000101011 D
b10000000101011 d
b10000000100010 r
#258
b1111111001101 "
b10111111110011 D
b10000101010011 d
b1111111001101 r
#259
b1111111100101 "
b1111111110011 D
b1111111110011 d
b1111111100101 r
#260
b10000000010011 "
b10000000100010 D
b10000000100010 d
b10000000010011 r
#261
b1111111010101 "
b10000000001110 D
b10000000001110 d
b1111111010101 r
#262
b10000000010001 "
b1111111101110 D
b1111111101110 d
b10000000010001 r
#263
b10000000110000 "
b1111111111101 D
b1111111111101 d
b10000000110000 r
#264
b1111111001101 "
b10000000011010 D
b10000000011010 d
b1111111001101 r
#265
b1111111110110 "
b1111111100000 D
b1111111100000 d
b1111111110110 r
#266
b10000000000110 "
b10000000000110 D
b10000000000110 d
b10000000000110 r
#267
b10000000000101 "
b10000000011001 D
b10000000011001 d
b10000000000101 r
#268
b1111111101011 "
b1111111010111 D
b1111111010111 d
b1111111101011 r
#269
b10000000001000 "
b1111111101000 D
b1111111101000 d
b10000000001000 r
#270
b1111111111010 "
b10000000100110 D
b10000000100110 d
b1111111111010 r
#271
b1111111010110 "
b1111111000101 D
b1111111000101 d
b1111111010110 r
#272
b10000000101100 "
b1111111010101 D
b1111111010101 d
b10000000101100 r
#273
b1111111101000 "
b10000000001011 D
b10000000001011 d
b1111111101000 r
#274
b1111111011000 "
b10000000001010 D
b10000000001010 d
b1111111011000 r
#275
b10000000000110 "
b1111111100111 D
b1111111100111 d
b10000000000110 r
#276
b10000000100110 "
b10000000010101 D
b10000000010101 d
b10000000100110 r
#277
b1111111010011 "
b1111111101110 D
b1111111101110 d
b1111111010011 r
#278
b1111111101110 "
b10000000010011 D
b10000000010011 d
b1111111101110 r
#279
b10000000100110 "
b1111111111111 D
b1111111111111 d
b10000000100110 r
#280
b1111110101111 "
b10000000101000 D
b10000000101000 d
b1111110101111 r
#281
b10000000000001 "
b10000000001110 D
b10000000001110 d
b10000000000001 r
#282
b10000000100011 "
b1111111011111 D
b1111111011111 d
b10000000100011 r
#283
b1111111100011 "
b10000000000001 D
b10000000000001 d
b1111111100011 r
#284
b1111111110111 "
b10000000000011 D
b10000000000011 d
b1111111110111 r
#285
b10000000011011 "
b1111111011100 D
b1111111011100 d
b10000000011011 r
#286
b10000000001000 "
b1111111100000 D
b1111111101000 d
b10000000001000 r
#287
b1111111010011 "
b1111111111101 D
b1111111111101 d
b1111111010011 r
#288
b1111111100000 "
b11111110111101 D
b11111111111101 d
b1111111100000 r
#289
b10000000101011 "
b11111111010100 D
b11111111010100 d
b10000000101011 r
#290
b1111111010101 "
b1111111010101 r
#291
b10000000000110 "
b10111110110101 D
b10111100110101 d
b10000000000110 r
#292
b1111111101101 "
b1111111100111 D
b1111111100111 d
b1111111101101 r
#293
b1111111111001 "
b1111111100101 D
b1111111100101 d
b1111111111001 r
#294
b1111111110101 "
b10000000001110 D
b10000000001110 d
b1111111110101 r
#295
b10000000101011 "
b1111111101010 D
b1111111101010 d
b10000000101011 r
#296
b1111111111110 "
b10000000000101 D
b10000000000101 d
b1111111111110 r
#297
b10000000000111 D
b10000000000111 d
#298
b10000000001001 "
b1111111101100 D
b1111111101100 d
b10000000001001 r
#299
b1111111101000 "
b10000000010100 D
b10000000010100 d
b1111111101000 r
#300
b10000000010001 "
b1111111100101 D
b1111111100101 d
b10000000010001 r
#301
b10000000001001 "
b1111111111010 D
b1111111111010 d
b10000000001001 r
#302
b1111111100111 "
b1111111100100 D
b1111111100100 d
b1111111100111 r
#303
b10000000000111 "
b10000000100011 D
b10000000100011 d
b10000000000111 r
#304
b10000000001001 "
b1111111111001 D
b1111111111001 d
b10000000001001 r
#305
b10000000011010 "
b1111111100100 D
b1111111100100 d
b10000000011010 r
#306
b1111111110000 "
b10000001001001 D
b10000001001001 d
b1111111110000 r
#307
b10000000011110 "
b1111111010010 D
b1111111010010 d
b10000000011110 r
#308
b10000001000010 "
b1111111100101 D
b1111111100101 d
b10000001000010 r
#309
b1111110110111 "
b10000000000101 D
b10000000000101 d
b1111110110111 r
#310
b1111111101001 "
b1111111010111 D
b1111111010111 d
b1111111101001 r
#311
b10000000101100 "
b10000000011110 D
b10000000011110 d
b10000000101100 r
#312
b1111111100000 "
b1111111111011 D
b1111111111011 d
b1111111100000 r
#313
b1111111010011 "
b1111111110110 D
b1111111110110 d
b1111111010011 r
#314
b10000000001000 "
b1111111101011 D
b1111111101011 d
b10000000001000 r
#315
b1111111100101 "
b1111111111000 D
b1111111111000 d
b1111111100101 r
#316
b1111111110111 "
b1111111101101 D
b1111111101101 d
b1111111110111 r
#317
b10000000100101 "
b1111111111001 D
b1111111111001 d
b10000000100101 r
#318
b1111111000011 "
b1111111110100 D
b1111111110100 d
b1111111000011 r
#319
b1111111100100 "
b1111111111001 D
b1111111111001 d
b1111111100100 r
#320
b10000000000110 "
b1111111111110 D
b1111111111110 d
b10000000000110 r
#321
b1111111110111 "
b10000000001110 D
b10000000101110 d
b1111111110111 r
#322
b1111111100011 "
b1111111001101 D
b1111111001111 d
b1111111100011 r
#323
b10000000001000 "
b10111110011111 D
b11111111011111 d
b10000000001000 r
#324
b10000000100001 "
b11111111111010 D
b11111111011010 d
b10000000100001 r
#325
b1111110111100 "
b1111111101011 D
b1111111101011 d
b1111110111100 r
#326
b10000000000100 "
b11111111111011 D
b10000000000100 r
#327
b10000000001101 "
b10111101010011 D
b10101100010011 d
b10000000001101 r
#328
b1111110110110 "
b1111111110111 D
b1111111110111 d
b1111110110110 r
#329
b10000000000001 "
b1111111110110 D
b1111111110110 d
b10000000000001 r
#330
b10000000011001 "
b10000000010001 D
b10000000010001 d
b10000000011001 r
#331
b1111111001110 "
b10000000001010 D
b10000000001010 d
b1111111001110 r
#332
b1111111111011 "
b1111111101100 D
b1111111101100 d
b1111111111011 r
#333
b10000000100100 "
b1111110110001 D
b1111110110001 d
b10000000100100 r
#334
b1111111100101 "
b10000000000101 D
b10000000000101 d
b1111111100101 r
#335
b1111111101010 "
b1111111011110 D
b1111111011110 d
b1111111101010 r
#336
b10000000010101 "
b1111111110110 D
b1111111110110 d
b10000000010101 r
#337
b1111111111101 "
b10000000010001 D
b10000000010001 d
b1111111111101 r
#338
b1111111100101 D
b1111111100101 d
#339
b1111111101010 "
b1111111100111 D
b1111111100111 d
b1111111101010 r
#340
b1111111011011 "
b10000000110000 D
b10000000110000 d
b1111111011011 r
#341
b10000000010100 "
b1111111110111 D
b1111111110111 d
b10000000010100 r
#342
b1111111010011 "
b1111111100100 D
b1111111100100 d
b1111111010011 r
#343
b1111111111011 "
b1111111101111 D
b1111111101111 d
b1111111111011 r
#344
b10000000000001 "
b10000000001000 D
b10000000001000 d
b10000000000001 r
#345
b1111111100010 "
b1111111101110 D
b1111111101110 d
b1111111100010 r
#346
b10000000001001 "
b10000000001001 D
b10000000001001 d
b10000000001001 r
#347
b1111111111100 "
b1111111111001 D
b1111111111001 d
b1111111111100 r
#348
b1111111110110 "
b1111111011000 D
b1111111011000 d
b1111111110110 r
#349
b1111111110101 "
b1111111100001 D
b1111111100001 d
b1111111110101 r
#350
b1111111101011 "
b10000000100010 D
b10000000100010 d
b1111111101011 r
#351
b10000000001011 "
b1111111101111 D
b1111111101111 d
b10000000001011 r
#352
b1111111100100 "
b10000000000010 D
b10000000000010 d
b1111111100100 r
#353
b1111111111011 "
b1111111101100 D
b1111111101100 d
b1111111111011 r
#354
b1111111111101 "
b10000000011011 D
b10000000011011 d
b1111111111101 r
#355
b1111111001100 "
b1111111001101 D
b1111111001101 d
b1111111001100 r
#356
b10000000001010 "
b10000000011110 D
b10000000011110 d
b10000000001010 r
#357
b10000000000011 "
b1111111101011 D
b1111111101011 d
b10000000000011 r
#358
b1111111110110 "
b10010000101001 D
b10111111101011 d
b1111111110110 r
#359
b1111111111011 "
b10000000001001 D
b10000000001001 d
b1111111111011 r
#360
b11111111101101 D
b11111111001101 d
#361
b1111111100011 "
b1111111110100 D
b1111111110100 d
b1111111100011 r
#362
b10000000001000 "
b11111111110101 D
b1111111110101 d
b10000000001000 r
#363
b1111111101011 "
b10101100010101 D
b10001000010101 d
b1111111101011 r
#364
b10000000110110 "
b1111110111100 D
b1111110111100 d
b10000000110110 r
#365
b1111111101001 "
b10000000011001 D
b10000000011001 d
b1111111101001 r
#366
b10000000001101 "
b1111111110001 D
b1111111110001 d
b10000000001101 r
#367
b10000000000101 "
b10000000000001 D
b10000000000001 d
b10000000000101 r
#368
b1111111001111 "
b1111111110010 D
b1111111110010 d
b1111111001111 r
#369
b10000000000010 "
b10000000011011 D
b10000000011011 d
b10000000000010 r
#370
b1111111111001 "
b1111111101001 D
b1111111101001 d
b1111111111001 r
#371
b10000000011011 "
b1111111111110 D
b1111111111110 d
b10000000011011 r
#372
b10000000000110 "
b1111111100001 D
b1111111100001 d
b10000000000110 r
#373
b1111111000000 "
b10000000000110 D
b10000000000110 d
b1111111000000 r
#374
b10000000101001 "
b1111111011100 D
b1111111011100 d
b10000000101001 r
#375
b1111111011000 "
b10000000001101 D
b10000000001101 d
b1111111011000 r
#376
b10000000001000 "
b1111111101101 D
b1111111101101 d
b10000000001000 r
#377
b10000000000001 "
b10000000001111 D
b10000000001111 d
b10000000000001 r
#378
b1111111000110 "
b1111111010010 D
b1111111010010 d
b1111111000110 r
#379
b10000000011000 "
b1111111111001 D
b1111111111001 d
b10000000011000 r
#380
b1111111100111 "
b1111111100111 D
b1111111100111 d
b1111111100111 r
#381
b10000000101010 "
b10000000010110 D
b10000000010110 d
b10000000101010 r
#382
b1111111101110 "
b1111111110001 D
b1111111110001 d
b1111111101110 r
#383
b1111111011010 "
b10000000000010 D
b10000000000010 d
b1111111011010 r
#384
b10000000001000 "
b10000000001110 D
b10000000001110 d
b10000000001000 r
#385
b10000000010001 "
b1111111101111 D
b1111111101111 d
b10000000010001 r
#386
b1111111111011 "
b1111111010001 D
b1111111010001 d
b1111111111011 r
#387
b1111111011111 "
b10000000101011 D
b10000000101011 d
b1111111011111 r
#388
b1111111110011 "
b1111111100000 D
b1111111100000 d
b1111111110011 r
#389
b1111111010100 "
b1111111100110 D
b1111111100110 d
b1111111010100 r
#390
b1111111100100 "
b10000000010001 D
b10000000010001 d
b1111111100100 r
#391
b10000000100101 "
b1111111101001 D
b1111111101001 d
b10000000100101 r
#392
b1111111100011 "
b1111111110111 D
b1111111110111 d
b1111111100011 r
#393
b10000000000010 "
b1111111111110 D
b1111111111110 d
b10000000000010 r
#394
b1111111110001 "
b1111111101011 D
b1111111101011 d
b1111111110001 r
#395
b1111111101110 "
b10111110101111 D
b11111111101111 d
b1111111101110 r
#396
b10000000010000 "
b11111111010111 D
b11000101010110 d
b10000000010000 r
#397
b1111111100101 "
b1111111110111 D
b1111111110111 d
b1111111100101 r
#398
b1111111110110 "
b11111111100111 D
b1111111100111 d
b1111111110110 r
#399
b10000000010010 "
b10000000010110 D
b10000000010110 d
b10000000010010 r
#400
b1111111101111 "
b1111111111010 D
b1111111111010 d
b1111111101111 r
#401
b1111111111111 "
b10001100011111 D
b10000000011111 d
b1111111111111 r
#402
b1111111101001 "
b1111111110111 D
b1111110110111 d
b1111111101001 r
#403
b10000000010111 "
b1111111111011 D
b1111111111011 d
b10000000010111 r
#404
b1111111000001 "
b10000000011101 D
b10000000011101 d
b1111111000001 r
#405
b1111111101101 "
b1111111011101 D
b1111111011101 d
b1111111101101 r
#406
b10000000110100 "
b1111111111101 D
b1111111111101 d
b10000000110100 r
#407
b1111111010011 "
b1111111101000 D
b1111111101000 d
b1111111010011 r
#408
b10000000000100 "
b1111111100110 D
b1111111100110 d
b10000000000100 r
#409
b10000000011011 "
b1111111110101 D
b1111111110101 d
b10000000011011 r
#410
b1111111011111 "
b1111111100110 D
b1111111100110 d
b1111111011111 r
#411
b10000000000000 "
b10000000100110 D
b10000000100110 d
b10000000000000 r
#412
b10000000000011 "
b1111111100001 D
b1111111100001 d
b10000000000011 r
#413
b1111111111001 "
b1111111011100 D
b1111111011100 d
b1111111111001 r
#414
b1111111010111 "
b10000000011110 D
b10000000011110 d
b1111111010111 r
#415
b1111111111000 "
b1111111101010 D
b1111111101010 d
b1111111111000 r
#416
b10000000100010 "
b10000000100010 r
#417
b1111111100100 "
b10000000001010 D
b10000000001010 d
b1111111100100 r
#418
b1111111110110 "
b10000000000100 D
b10000000000100 d
b1111111110110 r
#419
b1111111011111 "
b1111111010000 D
b1111111010000 d
b1111111011111 r
#420
b1111111101111 "
b10000000000000 D
b10000000000000 d
b1111111101111 r
#421
b10000000001111 "
b10000000010000 D
b10000000010000 d
b10000000001111 r
#422
b1111111011011 "
b1111111101010 D
b1111111101010 d
b1111111011011 r
#423
b10000000001111 "
b1111111111011 D
b1111111111011 d
b10000000001111 r
#424
b1111111101100 "
b1111111110111 D
b1111111110111 d
b1111111101100 r
#425
b10000000001101 "
b1111111101110 D
b1111111101110 d
b10000000001101 r
#426
b10000000011101 "
b1111111110000 D
b1111111110000 d
b10000000011101 r
#427
b1111111001100 "
b10000000111000 D
b10000000111000 d
b1111111001100 r
#428
b10000000011001 "
b1111111100111 D
b1111111100111 d
b10000000011001 r
#429
b1111111110111 "
b1111111100010 D
b1111111100010 d
b1111111110111 r
#430
b10010000111111 D
b10111111111111 d
#431
b10000000011010 "
b1111111111111 D
b11111111111111 d
b10000000011010 r
#432
b1111111101101 "
b1111111111111 d
b1111111101101 r
#433
b10000000000010 "
b11111111101111 D
b11111111101111 d
b10000000000010 r
#434
b1111111100010 "
b10111111000110 D
b10111111000110 d
b1111111100010 r
#435
b10000000000010 "
b1111111010110 D
b1111111010110 d
b10000000000010 r
#436
b1111111101010 "
b10000000010111 D
b10000000010111 d
b1111111101010 r
#437
b1111110111101 "
b10101111010111 D
b10000100010111 d
b1111110111101 r
#438
b1111111101011 "
b1111111100111 D
b1111111100111 d
b1111111101011 r
#439
b1111111100110 "
b1111111100101 D
b1111111100101 d
b1111111100110 r
#440
b1111111110111 "
b10000000001010 D
b10000000001010 d
b1111111110111 r
#441
b10000000010001 "
b1111111011001 D
b1111111011001 d
b10000000010001 r
#442
b1111111110010 "
b10000000000011 D
b10000000000011 d
b1111111110010 r
#443
b10000000011001 "
b10000000000110 D
b10000000000110 d
b10000000011001 r
#444
b1111111011101 "
b10000000010111 D
b10000000010111 d
b1111111011101 r
#445
b10000000010110 "
b1111111101101 D
b1111111101101 d
b10000000010110 r
#446
b1111111001001 "
b10000000011001 D
b10000000011001 d
b1111111001001 r
#447
b1111111101111 "
b1111111011100 D
b1111111011100 d
b1111111101111 r
#448
b1111111111111 "
b1111111110100 D
b1111111110100 d
b1111111111111 r
#449
b1111111110110 "
b1111111110011 D
b1111111110011 d
b1111111110110 r
#450
b1111111100011 "
b10000000000000 D
b10000000000000 d
b1111111100011 r
#451
b10000000010110 "
b1111111101010 D
b1111111101010 d
b10000000010110 r
#452
b1111111110011 "
b10000000001111 D
b10000000001111 d
b1111111110011 r
#453
b10000000010111 "
b1111111100101 D
b1111111100101 d
b10000000010111 r
#454
b1111111100111 "
b10000000000100 D
b10000000000100 d
b1111111100111 r
#455
b10000000011101 "
b1111111101000 D
b1111111101000 d
b10000000011101 r
#456
b1111111010001 "
b10000000011110 D
b10000000011110 d
b1111111010001 r
#457
b1111111110000 "
b10000000000111 D
b10000000000111 d
b1111111110000 r
#458
b10000000000000 "
b1111111101001 D
b1111111101001 d
b10000000000000 r
#459
b1111111111100 "
b1111111010011 D
b1111111010011 d
b1111111111100 r
#460
b1111111111111 "
b10000000110100 D
b10000000110100 d
b1111111111111 r
#461
b10000000001100 "
b1111111010010 D
b1111111010010 d
b10000000001100 r
#462
b1111111010101 "
b10000000000001 D
b10000000000001 d
b1111111010101 r
#463
b10000000000101 "
b1111111111000 D
b1111111111000 d
b10000000000101 r
#464
b1111111111100 "
b10000000010111 D
b10000000111111 d
b1111111111100 r
#465
b10000000010110 "
b1111110111111 D
b1111110111111 d
b10000000010110 r
#466
b1111111011110 "
b10010000111011 D
b11111110111111 d
b1111111011110 r
#467
b1111111110010 "
b10000000111001 D
b10000000111001 d
b1111111110010 r
#468
b10000000010000 "
b10000000011001 D
b10000000011001 d
b10000000010000 r
#469
b1111111100101 "
b11111111101101 D
b10111111101101 d
b1111111100101 r
#470
b10000000000100 "
b1111111101101 d
b10000000000100 r
#471
b10000000100000 "
b10111100101001 D
b10001100101001 d
b10000000100000 r
#472
b1111111010010 "
b1111111000011 D
b1111111000011 d
b1111111010010 r
#473
b1111111001011 "
b10000000000111 D
b10000000000111 d
b1111111001011 r
#474
b1111111110110 "
b1111111011011 D
b1111111011011 d
b1111111110110 r
#475
b10000000110011 "
b1111111101110 D
b1111111101110 d
b10000000110011 r
#476
b1111110111010 "
b1111111101111 D
b1111111101111 d
b1111110111010 r
#477
b1111111111001 "
b10000000001011 D
b10000000001011 d
b1111111111001 r
#478
b10000000110110 "
b1111111111110 D
b1111111111110 d
b10000000110110 r
#479
b1111111001001 "
b10000000000101 D
b10000000000101 d
b1111111001001 r
#480
b10000000001010 "
b1111111111010 D
b1111111111010 d
b10000000001010 r
#481
b1111111100000 "
b10000000100010 D
b10000000100010 d
b1111111100000 r
#482
b1111111101110 "
b1111111110001 D
b1111111110001 d
b1111111101110 r
#483
b1111111110111 "
b1111111100011 D
b1111111100011 d
b1111111110111 r
#484
b1111111111000 "
b1111111100111 D
b1111111100111 d
b1111111111000 r
#485
b10000000011110 "
b10000000011100 D
b10000000011100 d
b10000000011110 r
#486
b1111111011000 "
b1111111101111 D
b1111111101111 d
b1111111011000 r
#487
b10000000000010 "
b10000000010110 D
b10000000010110 d
b10000000000010 r
#488
b10000000000101 "
b1111111101010 D
b1111111101010 d
b10000000000101 r
#489
b1111111100110 "
b10000000010001 D
b10000000010001 d
b1111111100110 r
#490
b10000000111100 "
b1111111110011 D
b1111111110011 d
b10000000111100 r
#491
b1111110100110 "
b10000000000011 D
b10000000000011 d
b1111110100110 r
#492
b10000000000101 "
b1111111100000 D
b1111111100000 d
b10000000000101 r
#493
b10000000010010 "
b10000000010010 D
b10000000010010 d
b10000000010010 r
#494
b10000000010111 "
b1111111101010 D
b1111111101010 d
b10000000010111 r
#495
b1111111101011 D
b1111111101011 d
#496
b1111111110101 "
b1111111111001 D
b1111111111001 d
b1111111110101 r
#497
b1111111110001 "
b10000000100011 D
b10000000100011 d
b1111111110001 r
#498
b10000000010111 "
b1111110111010 D
b1111110111010 d
b10000000010111 r
#499
b1111111011111 "
b10000000000001 D
b10000000000001 d
b1111111011111 r
#500
b1111111111010 "
b1111111101111 D
b1111111101111 d
b1111111111010 r
#501
b10000000000101 "
b10000000101110 D
b10111111101111 d
b10000000000101 r
#502
b1111111101111 "
b1111111011110 D
b11111111011110 d
b1111111101111 r
#503
b10000000001111 "
b11111110011111 D
b11111111011111 d
b10000000001111 r
#504
b1111111010001 "
b11111111011111 D
b1111111010001 r
#505
b10000000010111 "
b1111111111110 D
b1111111111110 d
b10000000010111 r
#506
b1111111101001 "
b1111111111101 D
b1111111111101 d
b1111111101001 r
#507
b1111111111000 "
b1111111111001 D
b1111111111001 d
b1111111111000 r
#508
b10000000010110 "
b1111111111011 D
b1111111111011 d
b10000000010110 r
#509
b1111111110011 "
b1111111011011 D
b1111111011011 d
b1111111110011 r
#510
b10000000010101 "
b10000000011010 D
b10000000011010 d
b10000000010101 r
#511
b1111111110011 "
b1111111010101 D
b1111111010101 d
b1111111110011 r
#512
b1111111011101 "
b10000000001100 D
b10000000001100 d
b1111111011101 r
#513
b10000000101001 "
b1111111011110 D
b1111111011110 d
b10000000101001 r
#514
b1111111100111 "
b10000000010100 D
b10000000010100 d
b1111111100111 r
#515
b1111111101001 "
b1111111101000 D
b1111111101000 d
b1111111101001 r
#516
b1111111100101 "
b10000000010011 D
b10000000010011 d
b1111111100101 r
#517
b1111111110111 "
b10000000001111 D
b10000000001111 d
b1111111110111 r
#518
b1111111110101 "
b1111111111010 D
b1111111111010 d
b1111111110101 r
#519
b1111111011000 "
b1111111101010 D
b1111111101010 d
b1111111011000 r
#520
b10000000101001 "
b10000000101011 D
b10000000101011 d
b10000000101001 r
#521
b1111111101100 "
b1111110111000 D
b1111110111000 d
b1111111101100 r
#522
b1111111110000 "
b1111111101111 D
b1111111101111 d
b1111111110000 r
#523
b10000000010010 "
b10000000001100 D
b10000000001100 d
b10000000010010 r
#524
b10000000001111 "
b10000000000010 D
b10000000000010 d
b10000000001111 r
#525
b1111111111110 "
b1111110011000 D
b1111110011000 d
b1111111111110 r
#526
b1111111100110 "
b10000000100001 D
b10000000100001 d
b1111111100110 r
#527
b10000000011011 "
b10000000000101 D
b10000000000101 d
b10000000011011 r
#528
b10000000001111 "
b1111111100111 D
b1111111100111 d
b10000000001111 r
#529
b1111111011110 "
b1111111110101 D
b1111111110101 d
b1111111011110 r
#530
b10000000010000 "
b10000000000001 D
b10000000000001 d
b10000000010000 r
#531
b1111111011010 "
b1111111111011 D
b1111111111011 d
b1111111011010 r
#532
b10000000000111 "
b1111111110110 D
b1111111110110 d
b10000000000111 r
#533
b10000000101110 "
b1111111111110 D
b1111111111110 d
b10000000101110 r
#534
b1111110111100 "
b10000000000011 D
b10000000000011 d
b1111110111100 r
#535
b10000000001111 "
b1111111111111 D
b1111111111111 d
b10000000001111 r
#536
b10000000000111 "
b10000000101100 D
b10111000101100 d
b10000000000111 r
#537
b1111111010100 "
b1111111111010 D
b1111111111110 d
b1111111010100 r
#538
b10000000011011 "
b1111111100111 D
b1111111110111 d
b10000000011011 r
#539
b1111111101110 "
b1111111100111 d
b1111111101110 r
#540
b1111111010010 "
b1111111101111 D
b1111111101111 d
b1111111010010 r
#541
b1111111101011 "
b1111111101011 D
b1111111101011 d
b1111111101011 r
#542
b1111111110111 "
b1111111111001 D
b1111111101001 d
b1111111110111 r
#543
b1111111101111 "
b10000000110001 D
b10000000110001 d
b1111111101111 r
#544
b10000000011000 "
b1111111101110 D
b1111111101110 d
b10000000011000 r
#545
b1111111100101 "
b1111111101101 D
b1111111101100 d
b1111111100101 r
#546
b10000000000100 "
b1111111001011 D
b1111111001011 d
b10000000000100 r
#547
b10000000001101 "
b10000000000110 D
b10000000000110 d
b10000000001101 r
#548
b1111111010110 "
b1111111101010 D
b1111111101010 d
b1111111010110 r
#549
b1111111110101 "
b10000000001000 D
b10000000001000 d
b1111111110101 r
#550
b10000000001100 "
b10000000000101 D
b10000000000101 d
b10000000001100 r
#551
b1111111100001 "
b1111111111011 D
b1111111111011 d
b1111111100001 r
#552
b1111111100110 "
b1111111111111 D
b1111111111111 d
b1111111100110 r
#553
b10000000001010 "
b10000000010100 D
b10000000010100 d
b10000000001010 r
#554
b10000000011001 "
b1111111110001 D
b1111111110001 d
b10000000011001 r
#555
b1111111000100 "
b1111111010011 D
b1111111010011 d
b1111111000100 r
#556
b10000000111101 "
b1111111010111 D
b1111111010111 d
b10000000111101 r
#557
b1111111100111 "
b10000000000011 D
b10000000000011 d
b1111111100111 r
#558
b1111111101100 "
b1111111100111 D
b1111111100111 d
b1111111101100 r
#559
b10000000000011 "
b10000000100000 D
b10000000100000 d
b10000000000011 r
#560
b1111111010010 D
b1111111010010 d
#561
b1111111100101 "
b1111111100001 D
b1111111100001 d
b1111111100101 r
#562
b10000000000001 "
b10000000010000 D
b10000000010000 d
b10000000000001 r
#563
b10000000000011 "
b10000000001101 D
b10000000001101 d
b10000000000011 r
#564
b1111111100101 "
b1111111011100 D
b1111111011100 d
b1111111100101 r
#565
b1111111110101 "
b10000000001010 D
b10000000001010 d
b1111111110101 r
#566
b1111111101101 "
b1111111100110 D
b1111111100110 d
b1111111101101 r
#567
b10000000000110 "
b1111111111000 D
b1111111111000 d
b10000000000110 r
#568
b10000001000100 "
b1111111000001 D
b1111111000001 d
b10000001000100 r
#569
b10000000100100 "
b10000000011110 D
b10000000011110 d
b10000000100100 r
#570
b1111111101010 "
b1111111110101 D
b1111111110101 d
b1111111101010 r
#571
b1111111111110 "
b1111111011111 D
b1111111011111 d
b1111111111110 r
#572
b10000000101001 "
b10000000101011 D
b10001000101011 d
b10000000101001 r
#573
b1111111011010 "
b1111111101010 D
b1111111101011 d
b1111111011010 r
#574
b1111111111000 "
b1111111111001 D
b1111111111001 d
b1111111111000 r
#575
b10000000010101 "
b11111111110101 D
b11111111010101 d
b10000000010101 r
#576
b1111110111100 "
b11111111100101 d
b1111110111100 r
#577
b10000000010100 "
b1111111110111 D
b1111111110111 d
b10000000010100 r
#578
b10000000000110 "
b1111111110011 D
b1111111110011 d
b10000000000110 r
#579
b1111111110100 "
b10111111010010 D
b10001100010010 d
b1111111110100 r
#580
b1111111110011 "
b1111111110011 D
b1111111110011 d
b1111111110011 r
#581
b10000000000010 "
b1111111011010 D
b1111111011010 d
b10000000000010 r
#582
b10000000000100 "
b10000000010110 D
b10000000010110 d
b10000000000100 r
#583
b1111111010000 "
b10000000100110 D
b10000000100110 d
b1111111010000 r
#584
b10000000010001 "
b1111111011101 D
b1111111011101 d
b10000000010001 r
#585
b10000000001010 "
b1111111110101 D
b1111111110101 d
b10000000001010 r
#586
b1111111100011 "
b10000000000101 D
b10000000000101 d
b1111111100011 r
#587
b10000000000111 "
b1111111111100 D
b1111111111100 d
b10000000000111 r
#588
b10000000011100 "
b1111111100101 D
b1111111100101 d
b10000000011100 r
#589
b10000000010101 "
b1111111110010 D
b1111111110010 d
b10000000010101 r
#590
b1111111011010 "
b10000000001000 D
b10000000001000 d
b1111111011010 r
#591
b10000000001011 "
b1111111110111 D
b1111111110111 d
b10000000001011 r
#592
b1111111011111 "
b1111111111000 D
b1111111111000 d
b1111111011111 r
#593
b1111111101100 "
b10000000010101 D
b10000000010101 d
b1111111101100 r
#594
b10000000100100 "
b1111111001110 D
b1111111001110 d
b10000000100100 r
#595
b1111111011111 "
b1111111010100 D
b1111111010100 d
b1111111011111 r
#596
b1111111110010 "
b10000000001011 D
b10000000001011 d
b1111111110010 r
#597
b10000000011000 "
b10000000011000 r
#598
b1111111101100 "
b10000000010010 D
b10000000010010 d
b1111111101100 r
#599
b1111111110001 "
b1111111001000 D
b1111111001000 d
b1111111110001 r
#600
b1111111110110 "
b1111111100110 D
b1111111100110 d
b1111111110110 r
#601
b10000000000000 "
b1111111000101 D
b1111111000101 d
b10000000000000 r
#602
b1111111001111 "
b1111111010110 D
b1111111010110 d
b1111111001111 r
#603
b10000000001010 "
b10000000011000 D
b10000000011000 d
b10000000001010 r
#604
b10000000000101 "
b1111111100000 D
b1111111100000 d
b10000000000101 r
#605
b1111111010011 "
b1111111110001 D
b1111111110001 d
b1111111010011 r
#606
b1111111101110 "
b10000000101111 D
b10000000101111 d
b1111111101110 r
#607
b10000000000000 "
b1111111101011 D
b1111111101011 d
b10000000000000 r
#608
b1111111100100 "
b10000000101010 D
b10111010101010 d
b1111111100100 r
#609
b1111111101101 "
b1111111111111 D
b11111111111111 d
b1111111101101 r
#610
b1111111110011 "
b1111111111111 d
b1111111110011 r
#611
b10000000100000 "
b11111111111100 D
b11111111111100 d
b10000000100000 r
#612
b1111111001100 "
b10000000011001 D
b10000000011001 d
b1111111001100 r
#613
b10000000010110 "
b10000000001001 D
b10000000001001 d
b10000000010110 r
#614
b1111111100100 "
b1111111110110 D
b1111111110110 d
b1111111100100 r
#615
b10000000001011 "
b10000000001011 r
#616
b1111111111010 "
b1111111111111 D
b1111111111111 d
b1111111111010 r
#617
b10000000001101 "
b10000000001101 r
#618
b1111111110100 "
b1111111101010 D
b1111111101010 d
b1111111110100 r
#619
b1111111011010 "
b10000000001000 D
b10000000001000 d
b1111111011010 r
#620
b10000000100101 "
b1111111100010 D
b1111111100010 d
b10000000100101 r
#621
b10000000000001 "
b1111111110011 D
b1111111110011 d
b10000000000001 r
#622
b1111110101111 "
b10000000010101 D
b10000000010101 d
b1111110101111 r
#623
b10000000111011 "
b1111111001100 D
b1111111001100 d
b10000000111011 r
#624
b1111111110000 "
b10000000000110 D
b10000000000110 d
b1111111110000 r
#625
b10000000010100 "
b1111111111001 D
b1111111111001 d
b10000000010100 r
#626
b1111111111000 "
b1111111101101 D
b1111111101101 d
b1111111111000 r
#627
b1111111101110 "
b1111111111010 D
b1111111111010 d
b1111111101110 r
#628
b1111111101100 "
b10000000010111 D
b10000000010111 d
b1111111101100 r
#629
b1111111110001 "
b1111111110111 D
b1111111110111 d
b1111111110001 r
#630
b10000000010101 "
b1111111100101 D
b1111111100101 d
b10000000010101 r
#631
b1111111110101 "
b10000000100001 D
b10000000100001 d
b1111111110101 r
#632
b1111111101110 "
b1111111111000 D
b1111111111000 d
b1111111101110 r
#633
b10000000000110 "
b1111111000001 D
b1111111000001 d
b10000000000110 r
#634
b1111111110010 "
b10000000001010 D
b10000000001010 d
b1111111110010 r
#635
b1111111110101 "
b1111111011010 D
b1111111011010 d
b1111111110101 r
#636
b1111111111101 "
b10000000010101 D
b10000000010101 d
b1111111111101 r
#637
b1111111111001 "
b1111111100111 D
b1111111100111 d
b1111111111001 r
#638
b1111111100010 "
b1111111111011 D
b1111111111011 d
b1111111100010 r
#639
b1111111110011 "
b1111111110011 r
#640
b1111111111001 "
b10000000001100 D
b10000000001100 d
b1111111111001 r
#641
b10000000000111 "
b10000000000101 D
b10000000000101 d
b10000000000111 r
#642
b10000000000000 "
b1111111011100 D
b1111111011100 d
b10000000000000 r
#643
b10000000011010 "
b10000000000010 D
b10000000000010 d
b10000000011010 r
#644
b1111111101110 "
b10000000000011 D
b10000000000011 d
b1111111101110 r
#645
b1111111011110 "
b1111111111111 D
b11111111111111 d
b1111111011110 r
#646
b1111111111001 "
b11111111111111 D
b1111111111001 r
#647
b10000000000000 "
b11111111101111 D
b11111101101111 d
b10000000000000 r
#648
b10000000011110 "
b1111111101111 D
b1111111101111 d
b10000000011110 r
#649
b1111111101100 "
b11111111100111 D
b1111111100110 d
b1111111101100 r
#650
b1111111101010 "
b10000000010111 D
b10000000010111 d
b1111111101010 r
#651
b10000000100110 "
b10101101010111 D
b10000100010111 d
b10000000100110 r
#652
b1111111101000 "
b1111111111101 D
b1111111111101 d
b1111111101000 r
#653
b1111111110100 "
b1111111110111 D
b1111111110111 d
b1111111110100 r
#654
b10000000101100 D
b10000000101100 d
#655
b1111111110111 "
b1111110111011 D
b1111110111011 d
b1111111110111 r
#656
b1111111101100 "
b1111111101111 D
b1111111101111 d
b1111111101100 r
#657
b1111111101111 "
b10000000101000 D
b10000000101000 d
b1111111101111 r
#658
b1111111100011 "
b1111111100110 D
b1111111100110 d
b1111111100011 r
#659
b10000000110000 "
b10000000001010 D
b10000000001010 d
b10000000110000 r
#660
b1111111110001 "
b10000000010101 D
b10000000010101 d
b1111111110001 r
#661
b1111111100101 "
b1111111011101 D
b1111111011101 d
b1111111100101 r
#662
b10000000000010 "
b1111111010101 D
b1111111010101 d
b10000000000010 r
#663
b10000000010011 "
b10000000001011 D
b10000000001011 d
b10000000010011 r
#664
b1111111011010 "
b10000000010010 D
b10000000010010 d
b1111111011010 r
#665
b10000000010101 "
b1111111010111 D
b1111111010111 d
b10000000010101 r
#666
b1111111110111 "
b1111111110110 D
b1111111110110 d
b1111111110111 r
#667
b10000000001110 "
b10000000101101 D
b10000000101101 d
b10000000001110 r
#668
b1111111101010 "
b1111111101101 D
b1111111101101 d
b1111111101010 r
#669
b1111111111110 "
b10000000010001 D
b10000000010001 d
b1111111111110 r
#670
b1111111100100 "
b1111111100110 D
b1111111100110 d
b1111111100100 r
#671
b10000000011000 "
b1111111111101 D
b1111111111101 d
b10000000011000 r
#672
b1111111111011 "
b1111111101001 D
b1111111101001 d
b1111111111011 r
#673
b1111111001101 "
b10000000010010 D
b10000000010010 d
b1111111001101 r
#674
b10000000001001 "
b10000000000010 D
b10000000000010 d
b10000000001001 r
#675
b10000000010010 "
b1111111100101 D
b1111111100101 d
b10000000010010 r
#676
b1111111011101 "
b10000000011001 D
b10000000011001 d
b1111111011101 r
#677
b10000000001111 "
b10000000001101 D
b10000000001101 d
b10000000001111 r
#678
b1111111110011 "
b1111110110001 D
b1111110110001 d
b1111111110011 r
#679
b1111111110110 "
b10000001000000 D
b10000001100000 d
b1111111110110 r
#680
b1111111110011 "
b1111110100101 D
b1111110100101 d
b1111111110011 r
#681
b10000000001011 "
b10111110101101 D
b11111110101101 d
b10000000001011 r
#682
b1111111110111 "
b11111110101101 D
b11111110001101 d
b1111111110111 r
#683
b10000000001110 "
b11111111101101 D
b11111111101100 d
b10000000001110 r
#684
b1111111101010 "
b11111101111101 D
b10111101111101 d
b1111111101010 r
#685
b1111111011001 "
b1111111111111 D
b1111111111111 d
b1111111011001 r
#686
b10000000010111 "
b1111111010101 D
b1111111000101 d
b10000000010111 r
#687
b1111111110010 "
b10000000110001 D
b10000000110001 d
b1111111110010 r
#688
b1111111100001 "
b1111111011111 D
b1111111011111 d
b1111111100001 r
#689
b10000000110110 "
b1111111100001 D
b1111111100001 d
b10000000110110 r
#690
b1111111100001 "
b10000000001110 D
b10000000001110 d
b1111111100001 r
#691
b1111111100110 "
b1111111110110 D
b1111111110110 d
b1111111100110 r
#692
b1111111110001 "
b1111111111110 D
b1111111111110 d
b1111111110001 r
#693
b10000000001000 "
b1111111110010 D
b1111111110010 d
b10000000001000 r
#694
b1111111001011 "
b10000000001011 D
b10000000001011 d
b1111111001011 r
#695
b10000000000011 "
b1111111010011 D
b1111111010011 d
b10000000000011 r
#696
b1111111110001 "
b1111111110111 D
b1111111110111 d
b1111111110001 r
#697
b1111111110010 "
b1111111101110 D
b1111111101110 d
b1111111110010 r
#698
b1111111101111 "
b1111111011000 D
b1111111011000 d
b1111111101111 r
#699
b10000000001100 "
b10000000001001 D
b10000000001001 d
b10000000001100 r
#700
b1111111001101 "
b1111111111011 D
b1111111111011 d
b1111111001101 r
#701
b1111110110000 "
b1111111111101 D
b1111111111101 d
b1111110110000 r
#702
b1111111001111 "
b1111111111110 D
b1111111111110 d
b1111111001111 r
#703
b10000000000110 "
b1111111110000 D
b1111111110000 d
b10000000000110 r
#704
b1111111101011 "
b10000000001011 D
b10000000001011 d
b1111111101011 r
#705
b10000000001001 "
b1111111000101 D
b1111111000101 d
b10000000001001 r
#706
b1111110110010 "
b1111111111001 D
b1111111111001 d
b1111110110010 r
#707
b10000000001111 "
b10000000000100 D
b10000000000100 d
b10000000001111 r
#708
b10000000001100 "
b1111111110010 D
b1111111110010 d
b10000000001100 r
#709
b10000000000001 "
b1111111101000 D
b1111111101000 d
b10000000000001 r
#710
b1111111100001 "
b1111111110110 D
b1111111110110 d
b1111111100001 r
#711
b10000000000010 "
b1111111100000 D
b1111111100000 d
b10000000000010 r
#712
b1111111001101 "
b10000000000110 D
b10000000000110 d
b1111111001101 r
#713
b10000000011100 "
b10000000100000 D
b10000000100000 d
b10000000011100 r
#714
b1111111101100 "
b1111111111010 D
b1111111111010 d
b1111111101100 r
#715
b1111111111111 "
b1111111011010 D
b1111111111111 r
#716
b1111111110010 "
b1111111110101 D
b1111111111111 d
b1111111110010 r
#717
b1111111110001 "
b10111110110111 D
b11111111110111 d
b1111111110001 r
#718
b10000000001110 "
b11111111010111 D
b11111111010111 d
b10000000001110 r
#719
b10000000001000 "
b1111111111010 D
b1111111111010 d
b10000000001000 r
#720
b1111111101100 "
b1111111111111 D
b1111111111111 d
b1111111101100 r
#721
b10000000100000 "
b1111111111101 D
b1111111111101 d
b10000000100000 r
#722
b1111111110010 "
b1111111101000 D
b1111111101000 d
b1111111110010 r
#723
b10000000000001 "
b10000000000000 D
b10000000000000 d
b10000000000001 r
#724
b1111111110010 "
b1111111111010 D
b1111111111010 d
b1111111110010 r
#725
b1111111111001 "
b1111111011001 D
b1111111011001 d
b1111111111001 r
#726
b1111111011011 "
b10000000000000 D
b10000000000000 d
b1111111011011 r
#727
b10000000010111 "
b10000000001010 D
b10000000001010 d
b10000000010111 r
#728
b10000000001011 "
b1111111111110 D
b1111111111110 d
b10000000001011 r
#729
b1111111011010 "
b1111111101101 D
b1111111101101 d
b1111111011010 r
#730
b1111111111010 "
b1111111111001 D
b1111111111001 d
b1111111111010 r
#731
b10000000000100 "
b1111111100101 D
b1111111100101 d
b10000000000100 r
#732
b1111111001110 "
b10000000000011 D
b10000000000011 d
b1111111001110 r
#733
b10000000011101 "
b10000000011010 D
b10000000011010 d
b10000000011101 r
#734
b1111111101101 "
b10000000011011 D
b10000000011011 d
b1111111101101 r
#735
b1111111111100 "
b10000000010011 D
b10000000010011 d
b1111111111100 r
#736
b1111111111001 "
b10000000000011 D
b10000000000011 d
b1111111111001 r
#737
b10000000111111 "
b10000000011010 D
b10000000011010 d
b10000000111111 r
#738
b1111111100010 "
b1111111100010 D
b1111111100010 d
b1111111100010 r
#739
b1111111001111 "
b10000000000101 D
b10000000000101 d
b1111111001111 r
#740
b10000000001001 "
b10000000100110 D
b10000000100110 d
b10000000001001 r
#741
b10000000010001 "
b1111111100101 D
b1111111100101 d
b10000000010001 r
#742
b1111111001110 "
b10000000000010 D
b10000000000010 d
b1111111001110 r
#743
b10000000011110 "
b10000000010010 D
b10000000010010 d
b10000000011110 r
#744
b1111111011100 "
b1111111110000 D
b1111111110000 d
b1111111011100 r
#745
b10000000010001 "
b10000000010011 D
b10000000010011 d
b10000000010001 r
#746
b10000000000000 "
b10000000000010 D
b10000000000010 d
b10000000000000 r
#747
b1111111110111 "
b1111111101111 D
b1111111101111 d
b1111111110111 r
#748
b10000000000011 "
b10000000001001 D
b10000000001001 d
b10000000000011 r
#749
b1111111110011 "
b1111111110100 D
b1111111110100 d
b1111111110011 r
#750
b10000000011111 "
b1111111001010 D
b1111111001010 d
b10000000011111 r
#751
b1111111011100 "
b10000000000110 D
b10101000001110 d
b1111111011100 r
#752
b1111111111110 "
b10000000010111 D
b10000000010111 d
b1111111111110 r
#753
b10000000111110 "
b1111111011111 D
b11111111011111 d
b10000000111110 r
#754
b1111110101101 "
b11111111001110 D
b11111111001110 d
b1111110101101 r
#755
b10000000000000 "
b10000000011010 D
b10000000011010 d
b10000000000000 r
#756
b10000000100001 "
b10111111011101 D
b10111111011101 d
b10000000100001 r
#757
b1111111011011 "
b1111111111101 D
b1111111111101 d
b1111111011011 r
#758
b1111111111100 "
b1111111100101 D
b1111111100101 d
b1111111111100 r
#759
b1111111100000 "
b10000000011000 D
b10000000011000 d
b1111111100000 r
#760
b10000000001110 "
b1111111110100 D
b1111111100000 d
b10000000001110 r
#761
b1111111001101 "
b1111111111100 D
b1111111111100 d
b1111111001101 r
#762
b10000000001101 "
b1111111111111 D
b1111111111111 d
b10000000001101 r
#763
b10000000001011 "
b10000000000000 D
b10000000000000 d
b10000000001011 r
#764
b1111111010111 "
b1111111110100 D
b1111111110100 d
b1111111010111 r
#765
b10000000011000 "
b10000000000110 D
b10000000000110 d
b10000000011000 r
#766
b1111111010010 "
b1111111110100 D
b1111111110100 d
b1111111010010 r
#767
b1111111111001 "
b1111111101000 D
b1111111101000 d
b1111111111001 r
#768
b1111111110100 "
b1111111101010 D
b1111111101010 d
b1111111110100 r
#769
b10000000000100 "
b10000000001001 D
b10000000001001 d
b10000000000100 r
#770
b10000000001011 "
b1111111111011 D
b1111111111011 d
b10000000001011 r
#771
b1111111100110 "
b10000000000111 D
b10000000000111 d
b1111111100110 r
#772
b10000000011111 "
b1111111101111 D
b1111111101111 d
b10000000011111 r
#773
b1111111100110 "
b10000000110011 D
b10000000110011 d
b1111111100110 r
#774
b1111111011101 "
b1111111001100 D
b1111111001100 d
b1111111011101 r
#775
b10000000010111 "
b1111111110010 D
b1111111110010 d
b10000000010111 r
#776
b1111111101010 "
b1111111110101 D
b1111111110101 d
b1111111101010 r
#777
b1111111111111 "
b1111111110010 D
b1111111110010 d
b1111111111111 r
#778
b1111111110100 "
b1111111110000 D
b1111111110000 d
b1111111110100 r
#779
b10000000010101 "
b10000000011111 D
b10000000011111 d
b10000000010101 r
#780
b1111111110011 "
b1111111010001 D
b1111111010001 d
b1111111110011 r
#781
b1111111111000 "
b1111111111000 D
b1111111111000 d
b1111111111000 r
#782
b10000000000100 "
b1111111100100 D
b1111111100100 d
b10000000000100 r
#783
b1111111100100 "
b10000000000101 D
b10000000000101 d
b1111111100100 r
#784
b1111111110101 "
b1111111100111 D
b1111111100111 d
b1111111110101 r
#785
b10000000001010 "
b10000000001000 D
b10000000001000 d
b10000000001010 r
#786
b1111111111011 "
b10000000000001 D
b10000000000001 d
b1111111111011 r
#787
b1111111010101 "
b1111110111011 D
b1111110111011 d
b1111111010101 r
#788
b10000000000101 "
b1111111111110 D
b1111111111111 d
b10000000000101 r
#789
b10000000010011 "
b11111110111101 D
b11111111111101 d
b10000000010011 r
#790
b1111111010000 "
b11111111111001 D
b11000001111001 d
b1111111010000 r
#791
b10000000000111 "
b1111111111111 D
b1111111111111 d
b10000000000111 r
#792
b10000000101011 "
b11111110111111 D
b1111110111111 d
b10000000101011 r
#793
b1111110110001 "
b10000000010011 D
b10000000010011 d
b1111110110001 r
#794
b1111111111000 "
b10111100010000 D
b10001100010000 d
b1111111111000 r
#795
b10000000011111 "
b1111111000011 D
b1111111000011 d
b10000000011111 r
#796
b1111111011110 "
b10000000100001 D
b10000000100001 d
b1111111011110 r
#797
b10000000011011 "
b1111110111011 D
b1111110111011 d
b10000000011011 r
#798
b10000000000010 "
b1111111011111 D
b1111111011111 d
b10000000000010 r
#799
b1111111110000 "
b10000000011110 D
b10000000011110 d
b1111111110000 r
#800
b1111111110010 "
b10000000001000 D
b10000000001000 d
b1111111110010 r
#801
b10000000001011 "
b1111111101100 D
b1111111101100 d
b10000000001011 r
#802
b1111111110111 "
b1111111110001 D
b1111111110001 d
b1111111110111 r
#803
b1111111111101 "
b10000000100010 D
b10000000100010 d
b1111111111101 r
#804
b1111111111111 "
b1111111111010 D
b1111111111010 d
b1111111111111 r
#805
b10000000010111 "
b1111111010010 D
b1111111010010 d
b10000000010111 r
#806
b1111111101000 "
b10000000101000 D
b10000000101000 d
b1111111101000 r
#807
b10000000101000 "
b1111111110110 D
b1111111110110 d
b10000000101000 r
#808
b1111111100010 "
b1111111100001 D
b1111111100001 d
b1111111100010 r
#809
b1111111101101 "
b10000000011110 D
b10000000011110 d
b1111111101101 r
#810
b10000000010010 "
b1111111110000 D
b1111111110000 d
b10000000010010 r
#811
b1111111110001 "
b1111111011011 D
b1111111011011 d
b1111111110001 r
#812
b1111111101011 "
b10000000000010 D
b10000000000010 d
b1111111101011 r
#813
b10000000100000 "
b1111111111110 D
b1111111111110 d
b10000000100000 r
#814
b1111111111111 "
b1111111011111 D
b1111111011111 d
b1111111111111 r
#815
b10000000000000 D
b10000000000000 d
#816
b1111111010111 "
b10000000000001 D
b10000000000001 d
b1111111010111 r
#817
b10000000010001 "
b1111111101010 D
b1111111101010 d
b10000000010001 r
#818
b1111111101011 "
b10000000001000 D
b10000000001000 d
b1111111101011 r
#819
b1111110111011 "
b10000000000110 D
b10000000000110 d
b1111110111011 r
#820
b10000000100010 "
b1111111100101 D
b1111111100101 d
b10000000100010 r
#821
b10000000000111 "
b1111111110000 D
b1111111110000 d
b10000000000111 r
#822
b1111111100111 "
b10000000001100 D
b10000000101100 d
b1111111100111 r
#823
b1111111110000 "
b1111111101100 D
b1111111101100 d
b1111111110000 r
#824
b1111111110110 "
b1111111111011 D
b1111111111111 d
b1111111110110 r
#825
b10000000010011 "
b11111111110111 D
b11111111110111 d
b10000000010011 r
#826
b10000000000001 "
b11101111100100 D
b11000000100100 d
b10000000000001 r
#827
b1111111101111 "
b1111111101111 D
b1111111101111 d
b1111111101111 r
#828
b1111111100111 "
b1111111100101 D
b1111111100101 d
b1111111100111 r
#829
b1111111100010 "
b10000000101110 D
b10000000101110 d
b1111111100010 r
#830
b1111111111011 "
b1111111011011 D
b1111111011011 d
b1111111111011 r
#831
b10000000011110 "
b1111111101101 D
b1111111101101 d
b10000000011110 r
#833
b10000000001010 "
b10000000101000 D
b10000000101000 d
b10000000001010 r
#834
b1111111110110 "
b1111111100110 D
b1111111100110 d
b1111111110110 r
#835
b10000000011100 "
b1111111111111 D
b1111111111111 d
b10000000011100 r
#836
b1111111110000 "
b10000000010101 D
b10000000010101 d
b1111111110000 r
#837
b10000000011101 "
b1111111010010 D
b1111111010010 d
b10000000011101 r
#838
b1111111110101 "
b10000000000101 D
b10000000000101 d
b1111111110101 r
#839
b1111111110101 D
b1111111110101 d
#840
b10000000000100 "
b1111111101110 D
b1111111101110 d
b10000000000100 r
#841
b10000000000010 "
b10000000001100 D
b10000000001100 d
b10000000000010 r
#842
b1111111100100 "
b1111111011011 D
b1111111011011 d
b1111111100100 r
#843
b10000000010110 "
b10000000001010 D
b10000000001010 d
b10000000010110 r
#844
b1111111000101 "
b1111111101000 D
b1111111101000 d
b1111111000101 r
#845
b10000000000010 "
b10000000000100 D
b10000000000100 d
b10000000000010 r
#846
b10000000000111 D
b10000000000111 d
#847
b1111111110000 "
b1111111100100 D
b1111111100100 d
b1111111110000 r
#848
b10000000010010 D
b10000000010010 d
#849
b10000000001010 "
b1111111101000 D
b1111111101000 d
b10000000001010 r
#850
b10000000000101 "
b1111111111111 D
b1111111111111 d
b10000000000101 r
#851
b1111111100111 "
b1111111100000 D
b1111111100000 d
b1111111100111 r
#852
b1111111110100 "
b1111111011000 D
b1111111011000 d
b1111111110100 r
#853
b10000000010010 "
b10000000011100 D
b10000000011100 d
b10000000010010 r
#854
b1111111101111 "
b1111111100100 D
b1111111100100 d
b1111111101111 r
#855
b1111111100001 "
b10000000001011 D
b10000000001011 d
b1111111100001 r
#856
b1111111010010 "
b1111111010111 D
b1111111010111 d
b1111111010010 r
#857
b10000000000010 "
b1111111101001 D
b1111111101001 d
b10000000000010 r
#858
b1111111101101 "
b10000000001011 D
b10000000101011 d
b1111111101101 r
#859
b10000000001010 "
b10000000000010 D
b10000000001010 d
b10000000001010 r
#860
b1111111111001 "
b10000000001011 D
b10000000001011 d
b1111111111001 r
#861
b1111111100101 "
b10000000001111 D
b10000000001111 d
b1111111100101 r
#862
b1111111110101 "
b11111111101100 D
b11111111101100 d
b1111111110101 r
#863
b1111111111101 "
b1111111111111 D
b1111111111111 d
b1111111111101 r
#864
b1111111111111 "
b1111111111111 r
#865
b1111111101110 "
b1111111011101 D
b1111111011101 d
b1111111101110 r
#866
b10000000010110 "
b10101100100100 D
b10000000100100 d
b10000000010110 r
#867
b1111111011101 "
b1111111110101 D
b1111111110101 d
b1111111011101 r
#868
b10000000000110 "
b1111111101110 D
b1111111101110 d
b10000000000110 r
#869
b1111111010100 "
b1111111101111 D
b1111111101111 d
b1111111010100 r
#870
b10000000011001 "
b1111111101000 D
b1111111101000 d
b10000000011001 r
#871
b1111111111101 "
b1111111101010 D
b1111111101010 d
b1111111111101 r
#872
b1111111100101 "
b1111111100011 D
b1111111100011 d
b1111111100101 r
#873
b1111111110001 "
b1111111110001 r
#874
b10000000001010 "
b10000000010111 D
b10000000010111 d
b10000000001010 r
#875
b1111111101100 "
b1111111011000 D
b1111111011000 d
b1111111101100 r
#876
b10000000100111 "
b10000000001011 D
b10000000001011 d
b10000000100111 r
#877
b1111111010000 "
b1111111111011 D
b1111111111011 d
b1111111010000 r
#878
b1111111101001 "
b1111111100101 D
b1111111100101 d
b1111111101001 r
#879
b1111111100001 D
b1111111100001 d
#880
b10000000011000 "
b10000000010000 D
b10000000010000 d
b10000000011000 r
#881
b1111111011010 "
b1111111110100 D
b1111111110100 d
b1111111011010 r
#882
b10000000011100 "
b10000000000100 D
b10000000000100 d
b10000000011100 r
#883
b1111111011011 "
b1111111111001 D
b1111111111001 d
b1111111011011 r
#884
b10000000001100 "
b10000000000001 D
b10000000000001 d
b10000000001100 r
#885
b1111111110000 "
b1111111101001 D
b1111111101001 d
b1111111110000 r
#886
b1111111101101 "
b1111111101011 D
b1111111101011 d
b1111111101101 r
#887
b1111111111101 "
b1111111101010 D
b1111111101010 d
b1111111111101 r
#888
b1111111010011 "
b10000000101010 D
b10000000101010 d
b1111111010011 r
#889
b1111111011111 "
b1111110111111 D
b1111110111111 d
b1111111011111 r
#890
b1111111101111 "
b1111111110011 D
b1111111110011 d
b1111111101111 r
#891
b10000000100111 "
b1111111110110 D
b1111111110110 d
b10000000100111 r
#892
b1111110111111 "
1B
b10000000100111 D
b10000000100111 d
b1111110111111 r
#893
0B
0C
b1111111010111 D
b1111111010111 d
0""
#894
b10000000011000 D
b10111000011000 d
#895
b1111111111010 D
b1111111111010 d
#896
b11111110111111 D
b11111111111111 d
#897
b11111111011101 D
b11001111010101 d
#898
b11111111011100 D
b11111111011100 d
#899
b10001001100110 D
b10000000100110 d
#900
b1111111111101 D
b1111111101101 d
#901
b1111111111111 D
b1111111111111 d
#902
b1111111111101 D
b1111111111101 d
#903
b10000000010111 D
b10000000010111 d
#904
b1111111110001 D
b1111111110001 d
#905
b10000000000100 D
b10000000000100 d
#906
b1111110111110 D
b1111110111110 d
#907
b10000001001101 D
b10000001001101 d
#908
b1111111000010 D
b1111111000010 d
#909
b10000000000100 D
b10000000000100 d
#910
b10000000101000 D
b10000000101000 d
#911
b1111111111001 D
b1111111111001 d
#912
b1111111010000 D
b1111111010000 d
#913
b10000000001110 D
b10000000001110 d
#914
b1111111100000 D
b1111111100000 d
#915
b10000000100001 D
b10000000100001 d
#916
b1111111110011 D
b1111111110011 d
#917
b1111111101100 D
b1111111101100 d
#918
b1111111011101 D
b1111111011101 d
#919
b10000000011001 D
b10000000011001 d
#920
b1111111110000 D
b1111111110000 d
#921
b10000000010001 D
b10000000010001 d
#922
b1111111100001 D
b1111111100001 d
#923
b10000000000001 D
b10000000000001 d
#924
b1111111100010 D
b1111111100010 d
#925
b10000000001001 D
b10000000001001 d
#926
b10000000000010 D
b10000000000010 d
#927
b1111111101110 D
b1111111101110 d
#928
b1111111101101 D
b1111111101101 d
#929
b10000000010001 D
b10000000110001 d
#930
b10000000000010 D
b10000000000010 d
#931
b10000000011011 D
b10000000011011 d
#932
b1111110111111 D
b11111110111111 d
#933
b11111110111111 D
#934
b11000001010110 D
b10000000010110 d
#935
b1111111110001 D
b1111111110001 d
#937
b10000000001111 D
b10000000001111 d
#938
b10101111001011 D
b10000000001011 d
#939
b1111111100111 D
b1111111100111 d
#940
b10000000110011 D
b10000000110011 d
#941
b1111111111001 D
b1111111111001 d
#942
b1111111011011 D
b1111111011011 d
#943
b1111111111001 D
b1111111111001 d
#944
b1111111111101 D
b1111111111101 d
#945
b1111111100100 D
b1111111100100 d
#946
b10000000001100 D
b10000000001100 d
#947
b10000000000111 D
b10000000000111 d
#948
b1111111011100 D
b1111111011100 d
#949
b1111111110011 D
b1111111110011 d
#950
b10000000010011 D
b10000000010011 d
#951
b1111111100011 D
b1111111100011 d
#952
b10000000010010 D
b10000000010010 d
#953
b1111111111101 D
b1111111111101 d
#954
b1111111101011 D
b1111111101011 d
#955
b10000000000110 D
b10000000000110 d
#956
b10000000100000 D
b10000000100000 d
#957
b1111111010100 D
b1111111010100 d
#958
b1111111100000 D
b1111111100000 d
#959
b10000000001110 D
b10000000001110 d
#960
b10000000001010 D
b10000000001010 d
#961
b1111111010101 D
b1111111010101 d
#962
b10000000010001 D
b10000000010001 d
#963
b1111111011110 D
b1111111011110 d
#964
b1111111111010 D
b1111111111010 d
#965
b10000000110101 D
b10000000110101 d
#966
b1111111101101 D
b1111111101101 d
#967
b1111111101001 D
b1111111101001 d
#968
b10111110110001 D
b11111111110001 d
#969
b10000000011101 D
b10000000011101 d
#970
b11111111011101 D
b10111111011101 d
#971
b1111111100110 D
b1111111100110 d
#972
b11111111100010 D
b1111111100010 d
#973
b10101100000010 D
b10000100000010 d
#974
b1111111010111 D
b1111111010111 d
#975
b10000000010100 D
b10000000010100 d
#976
b10000000011111 D
b10000000011111 d
#977
b1111111100011 D
b1111111100011 d
#978
b1111111100001 D
b1111111100001 d
#979
b10000000011000 D
b10000000011000 d
#980
b1111111110101 D
b1111111110101 d
#981
b1111111100010 D
b1111111100010 d
#982
b1111111110000 D
b1111111110000 d
#983
b10000000011001 D
b10000000011001 d
#984
b1111111100110 D
b1111111100110 d
#985
b10000000100100 D
b10000000100100 d
#986
b1111111101011 D
b1111111101011 d
#987
b1111111111000 D
b1111111111000 d
#988
b1111111100111 D
b1111111100111 d
#989
b10000000001110 D
b10000000001110 d
#990
b1111111110110 D
b1111111110110 d
#991
b1111111110001 D
b1111111110001 d
#993
b10000000010111 D
b10000000010111 d
#994
b1111111011101 D
b1111111011101 d
#995
b10000000001010 D
b10000000001010 d
#996
b1111111110001 D
b1111111110001 d
#997
b1111111110100 D
b1111111110100 d
#998
b1111111101011 D
b1111111101011 d
#999
b10000000010010 D
b10000000010010 d
#1000
b1111111101100 D
b1111111101100 d
#1001
b10000000110111 D
b10101000111111 d
#1002
b10000000010110 D
b10000000010110 d
#1003
b10000000010011 D
b10000000010011 d
#1004
b1111111011101 D
b11111111011101 d
#1005
b11111111011101 D
b11111111011100 d
#1006
b10000001010001 D
b10000000010001 d
#1007
b1111111111010 D
b1111111111010 d
#1008
b10000000011001 D
b10000000011001 d
#1009
b10000000000000 D
b10000000000000 d
#1010
b1111111111111 D
b1111111111111 d
#1011
b1111111100000 D
b1111111100000 d
#1012
b10000000011110 D
b10000000011110 d
#1013
b1111111111001 D
b1111111111001 d
#1014
b1111111110100 D
b1111111110100 d
#1015
b1111111111010 D
b1111111111010 d
#1016
b10000000000000 D
b10000000000000 d
#1017
b1111111010000 D
b1111111010000 d
#1018
b10000000010110 D
b10000000010110 d
#1019
b1111111010000 D
b1111111010000 d
#1020
b1111111101101 D
b1111111101101 d
#1021
b10000000001010 D
b10000000001010 d
#1022
b1111111100011 D
b1111111100011 d
#1023
b1111111110101 D
b1111111110101 d
#1024
b10000000011001 D
b10000000011001 d
#1025
b1111111011011 D
b1111111011011 d
#1026
b10000000011111 D
b10000000011111 d
#1027
b1111111100101 D
b1111111100101 d
#1028
b10000000010010 D
b10000000010010 d
#1029
b1111111110010 D
b1111111110010 d
#1030
b1111111101111 D
b1111111101111 d
#1031
b10000000100001 D
b10000000100001 d
#1032
b1111111011110 D
b1111111011110 d
#1033
b1111111011101 D
b1111111011101 d
#1034
b10000000000100 D
b10000000000100 d
#1035
b10000000001101 D
b10000000001101 d
#1036
b1111111111101 D
b1111111111101 d
#1037
b1111111011000 D
b1111111111000 d
#1038
b10000000011001 D
b10111010011001 d
#1039
b1111111111101 D
b11111111111101 d
#1040
b1111111111100 D
b1111111111100 d
#1041
b11111111110110 D
b11111111110110 d
#1042
b10000000010010 D
b10000000010010 d
#1043
b1111111101110 D
b1111111101110 d
#1044
b10000000001000 D
b10000000001000 d
#1045
b1111111111111 D
b1111111101111 d
#1046
b1111111011111 D
b1111111011111 d
#1047
b10000000010110 D
b10000000010110 d
#1048
b1111111110010 D
b1111111110010 d
#1049
b10000000001110 D
b10000000001110 d
#1050
b1111111101011 D
b1111111101011 d
#1051
b1111111100100 D
b1111111100100 d
#1052
b10000000000110 D
b10000000000110 d
#1053
b1111111101001 D
b1111111101001 d
#1054
b10000000110101 D
b10000000110101 d
#1055
b1111110101001 D
b1111110101001 d
#1056
b10000000011101 D
b10000000011101 d
#1057
b10000001000001 D
b10000001000001 d
#1058
b1111111010101 D
b1111111010101 d
#1059
b10000000010110 D
b10000000010110 d
#1060
b1111111011111 D
b1111111011111 d
#1061
b10000000011000 D
b10000000011000 d
#1062
b10000000000010 D
b10000000000010 d
#1063
b1111111101101 D
b1111111101101 d
#1064
b10000000000111 D
b10000000000111 d
#1065
b1111111101000 D
b1111111101000 d
#1066
b10000000000101 D
b10000000000101 d
#1067
b1111111011101 D
b1111111011101 d
#1068
b1111111111110 D
b1111111111110 d
#1069
b1111111111000 D
b1111111111000 d
#1070
b1111111110000 D
b1111111110000 d
#1071
b10000000101011 D
b10000000101011 d
#1072
b1111111010100 D
b1111111110100 d
#1073
b1111111101100 D
b1111111101100 d
#1074
b10010000111001 D
b10111111111101 d
#1075
b1111111110111 D
b11111111010111 d
#1076
b11111111100111 D
b11111111100111 d
#1077
b11101101010111 D
b10000000000111 d
#1078
b1111111111001 D
b1111111011001 d
#1079
b1111111110011 D
b1111111110011 d
#1081
b10000000010110 D
b10000000010110 d
#1083
b1111111111011 D
b1111111111011 d
#1084
b1111111001101 D
b1111111001101 d
#1085
b10000000001000 D
b10000000001000 d
#1086
b10000000000110 D
b10000000000110 d
#1087
b1111111111101 D
b1111111111101 d
#1088
b1111111010010 D
b1111111010010 d
#1089
b10000000001100 D
b10000000001100 d
#1090
b1111111101101 D
b1111111101101 d
#1091
b10000000011101 D
b10000000011101 d
#1092
b1111111010011 D
b1111111010011 d
#1093
b10000000000011 D
b10000000000011 d
#1094
b1111111101011 D
b1111111101011 d
#1095
b1111111110111 D
b1111111110111 d
#1096
b1111111111011 D
b1111111111011 d
#1097
b1111111101101 D
b1111111101101 d
#1098
b10000000000111 D
b10000000000111 d
#1099
b10000000000010 D
b10000000000010 d
#1100
b1111111001010 D
b1111111001010 d
#1101
b10000000100101 D
b10000000100101 d
#1102
b1111111011110 D
b1111111011110 d
#1103
b1111111101011 D
b1111111101011 d
#1104
b10000000010101 D
b10000000010101 d
#1105
b10000000000100 D
b10000000000100 d
#1106
b1111111110110 D
b1111111110110 d
#1107
b1111111110101 D
b1111111110101 d
#1108
b1111111111111 D
b1111111111111 d
#1109
b1111111110101 D
b1111111110101 d
#1110
b1111111111110 D
b1111111111111 d
#1111
b1111111111110 d
#1112
b11111111111111 D
b11111111111111 d
#1113
b11001101011101 D
b10000000001101 d
#1114
b1111111111110 D
b1111111111110 d
#1115
b1111111110100 D
b1111111110100 d
#1116
b10000000000010 D
b10000000000010 d
#1117
b10000000000111 D
b10000000000111 d
#1118
b10000001010111 D
#1119
b1111111111101 D
b1111111111101 d
#1120
b10000000010010 D
b10000000010010 d
#1121
b1111111111101 D
b1111111111101 d
#1122
b1111111011010 D
b1111111011010 d
#1123
b10000000010110 D
b10000000010110 d
#1124
b1111111110010 D
b1111111110010 d
#1125
b1111111110101 D
b1111111110101 d
#1126
b10000000011110 D
b10000000011110 d
#1127
b1111111111110 D
b1111111111110 d
#1128
b1111111101111 D
b1111111101111 d
#1129
b1111111110101 D
b1111111110101 d
#1130
b10000000000110 D
b10000000000110 d
#1131
b1111111101011 D
b1111111101011 d
#1132
b10000000101101 D
b10000000101101 d
#1133
b1111111110001 D
b1111111110001 d
#1134
b10000000000011 D
b10000000000011 d
#1135
b1111111111010 D
b1111111111010 d
#1136
b1111111011100 D
b1111111011100 d
#1137
b1111111001110 D
b1111111001110 d
#1138
b10000000001000 D
b10000000001000 d
#1139
b1111111110100 D
b1111111110100 d
#1140
b1111111110001 D
b1111111110001 d
#1141
b1111111011100 D
b1111111011100 d
#1142
b10000000110010 D
b10000000110010 d
#1143
b1111111000010 D
b1111111000010 d
#1144
b1111111110110 D
b1111111110110 d
#1145
b10000000101000 D
b10111010101010 d
#1146
b10000000001111 D
b10000000001111 d
#1147
b1111111011111 D
b11111111011111 d
#1148
b11111111011100 D
b11111111011100 d
#1149
b10000000000000 D
b10000000000000 d
#1150
b10000000011011 D
b10000000011011 d
#1151
b10111111011011 D
b10111111011011 d
#1152
b1111111101010 D
b1111111101010 d
#1153
b10000000001001 D
b10000000001001 d
#1154
b1111111011100 D
b1111111011100 d
#1155
b1111111100101 D
b1111111100101 d
#1156
b10000000100010 D
b10000000100010 d
#1157
b1111111101110 D
b1111111101110 d
#1158
b1111111101001 D
b1111111101001 d
#1159
b10000000001111 D
b10000000001111 d
#1160
b1111111111101 D
b1111111111101 d
#1161
b1111111101001 D
b1111111101001 d
#1162
b10000000001010 D
b10000000001010 d
#1163
b10000000110011 D
b10000000110011 d
#1164
b1111110101001 D
b1111110101001 d
#1165
b1111111100011 D
b1111111100011 d
#1166
b10000001001011 D
b10000001001011 d
#1167
b1111111001010 D
b1111111001010 d
#1168
b10000000011011 D
b10000000011011 d
#1169
b10000000100010 D
b10000000100010 d
#1170
b1111110110100 D
b1111110110100 d
#1171
b1111111111111 D
b1111111111111 d
#1172
b10000000101111 D
b10000000101111 d
#1173
b1111111000101 D
b1111111000101 d
#1174
b10000000000100 D
b10000000000100 d
#1175
b10000000001001 D
b10000000001001 d
#1176
b1111111111101 D
b1111111111101 d
#1177
b1111111101101 D
b1111111101101 d
#1178
b10000000011110 D
b10000000011110 d
#1179
b1111111110111 D
b1111111110111 d
#1180
b1111111011001 D
b1111111111001 d
#1181
b1111111101100 D
b1111111101100 d
#1182
b10011010101101 D
b11111111101101 d
#1183
b1111111111101 D
b11111111111101 d
#1184
b1111111111111 D
b1111111111111 d
#1185
b1111111101111 D
b1111111101111 d
#1186
b11111111101101 D
b1111111101101 d
#1187
b10101100001100 D
b10001100001100 d
#1188
b1111111011010 D
b1111111011010 d
#1189
b10000001010011 D
b10000001010011 d
#1190
b1111111101101 D
b1111111101101 d
#1191
b1111111110110 D
b1111111110110 d
#1192
b1111111100110 D
b1111111100110 d
#1193
b10000000001110 D
b10000000001110 d
#1194
b1111111110101 D
b1111111110101 d
#1195
b1111111111010 D
b1111111111010 d
#1196
b1111111110000 D
b1111111110000 d
#1197
b10000000010001 D
b10000000010001 d
#1198
b1111111101001 D
b1111111101001 d
#1199
b10000000000011 D
b10000000000011 d
#1200
b1111111010111 D
b1111111010111 d
#1201
b10000000010010 D
b10000000010010 d
#1202
b10000000011000 D
b10000000011000 d
#1203
b1111111111100 D
b1111111111100 d
#1204
b1111111001101 D
b1111111001101 d
#1205
b10000000010100 D
b10000000010100 d
#1206
b1111111101101 D
b1111111101101 d
#1207
b10000000000001 D
b10000000000001 d
#1208
b1111111101101 D
b1111111101101 d
#1209
b10000000000111 D
b10000000000111 d
#1210
b1111111011101 D
b1111111011101 d
#1211
b10000000010010 D
b10000000010010 d
#1212
b1111111100010 D
b1111111100010 d
#1213
b1111111101000 D
b1111111101000 d
#1214
b1111111110011 D
b1111111110011 d
#1215
b10000000000010 D
b10000000000010 d
#1216
b1111111101111 D
b1111111101111 d
#1217
b10010000101110 D
b10111111101111 d
#1218
b1111111010101 D
b11111111010101 d
#1219
b11111111010101 D
#1220
b11101101010001 D
b10000000000001 d
#1221
b11111111010010 D
b1111111010010 d
#1222
b10000001000111 D
b10000001000111 d
#1223
b1111111101111 D
b1111111101111 d
#1224
b1111111111111 D
b1111111111111 d
#1225
b1111111111101 D
b1111111111101 d
#1226
b10000000001001 D
b10000000001001 d
#1227
b1111111010011 D
b1111111010011 d
#1228
b10000000000101 D
b10000000000101 d
#1229
b1111111100000 D
b1111111100000 d
#1230
b1111111111111 D
b1111111111111 d
#1231
b1111111000110 D
b1111111000110 d
#1232
b10000001000001 D
b10000001000001 d
#1233
b1111111100110 D
b1111111100110 d
#1234
b1111111010001 D
b1111111010001 d
#1235
b10000000001110 D
b10000000001110 d
#1237
b1111111011010 D
b1111111011010 d
#1238
b10000000100101 D
b10000000100101 d
#1239
b1111111011010 D
b1111111011010 d
#1240
b1111111110110 D
b1111111110110 d
#1241
b10000000010001 D
b10000000010001 d
#1242
b1111111101010 D
b1111111101010 d
#1243
b1111111110100 D
b1111111110100 d
#1244
b1111111110010 D
b1111111110010 d
#1245
b1111111101101 D
b1111111101101 d
#1246
b1111111100100 D
b1111111100100 d
#1247
b1111111110101 D
b1111111110101 d
#1248
b10000000011000 D
b10000000011000 d
#1249
b1111111100111 D
b1111111100111 d
#1250
b1111111110010 D
b1111111110010 d
#1251
b10000000001010 D
b10000000001010 d
#1252
b1111111100011 D
b1111111101011 d
#1253
b10010010101011 D
b11111111101011 d
#1254
b10000000001101 D
b10000000001101 d
#1256
b11111111001100 D
b10111111001100 d
#1257
b1111111110100 D
b1111111110100 d
#1259
b10000000000110 D
b10000000000110 d
#1260
b1111111011100 D
b1111111011100 d
#1261
b1111111111011 D
b1111111111011 d
#1262
b1111111111000 D
b1111111111000 d
#1263
b1111111100111 D
b1111111100111 d
#1264
b10000000010111 D
b10000000010111 d
#1265
b1111111100010 D
b1111111100010 d
#1266
b1111111111001 D
b1111111111001 d
#1267
b1111110100001 D
b1111110100001 d
#1268
b1111111110111 D
b1111111110111 d
#1269
b10000000101011 D
b10000000101011 d
#1270
b1111111001101 D
b1111111001101 d
#1271
b10000000010010 D
b10000000010010 d
#1272
b10000000011100 D
b10000000011100 d
#1273
b1111111000010 D
b1111111000010 d
#1274
b10000000000110 D
b10000000000110 d
#1275
b10000000001001 D
b10000000001001 d
#1276
b1111111110101 D
b1111111110101 d
#1277
b1111111101110 D
b1111111101110 d
#1278
b10000000000001 D
b10000000000001 d
#1279
b10000000011011 D
b10000000011011 d
#1280
b1111110111001 D
b1111110111001 d
#1281
b10000000001111 D
b10000000001111 d
#1282
b1111111101110 D
b1111111101110 d
#1283
b1111111101100 D
b1111111101100 d
#1284
b10000000100001 D
b10000000100001 d
#1285
b1111111110010 D
b1111111110010 d
#1286
b1111111101001 D
b1111111101001 d
#1287
b1111111111110 D
b1111111111110 d
#1288
b10000000111101 D
b10111010111101 d
#1289
b1111110111001 D
b11111110111101 d
#1290
b11111110111010 D
b11111110111010 d
#1291
b10000000000010 D
b10000000000010 d
#1292
b11111101000010 D
b10111101000010 d
#1293
b11111111011001 D
b1111111011001 d
#1294
b10000000010001 D
b10000000010001 d
#1295
b1111111101110 D
b1111111101110 d
#1296
b1111111101111 D
b1111111101111 d
#1298
b1111111011000 D
b1111111011000 d
#1299
b10000001000101 D
b10000001000101 d
#1300
b1111111010111 D
b1111111010111 d
#1301
b1111111110100 D
b1111111110100 d
#1302
b10000000000010 D
b10000000000010 d
#1303
b1111111100001 D
b1111111100001 d
#1304
b1111111101101 D
b1111111101101 d
#1305
b1111111101100 D
b1111111101100 d
#1306
b10000000000110 D
b10000000000110 d
#1307
b1111111101000 D
b1111111101000 d
#1308
b10000000001101 D
b10000000001101 d
#1309
b10000000000010 D
b10000000000010 d
#1310
b1111111100111 D
b1111111100111 d
#1311
b10000000001000 D
b10000000001000 d
#1312
b10000000010111 D
b10000000010111 d
#1313
b1111111100101 D
b1111111100101 d
#1314
b1111111111001 D
b1111111111001 d
#1315
b1111111110000 D
b1111111110000 d
#1316
b1111111110111 D
b1111111110111 d
#1317
b1111111111101 D
b1111111111101 d
#1318
b10000000110110 D
b10000000110110 d
#1319
b1111111010101 D
b1111111010101 d
#1320
b1111111001111 D
b1111111001111 d
#1321
b10000001010101 D
b10000001010101 d
#1322
b1111110100110 D
b1111110100110 d
#1323
b10000000000110 D
b10000000100110 d
#1324
b10000000011100 D
b10000000011100 d
#1325
b1111111111111 D
b11111111111111 d
#1326
b1111111111011 D
b1111111111011 d
#1327
b11111111111010 D
b11111111111010 d
#1328
b10000000011011 D
b10000000011011 d
#1329
b10101000011001 D
b10001000011001 d
#1330
b1111111100111 D
b1111111100111 d
#1331
b1111111111111 D
b1111111111111 d
#1332
b1111111111101 D
b1111111111101 d
#1333
b10000000011101 D
b10000000011101 d
#1334
b10000000010000 D
b10000000010000 d
#1335
b1111111000100 D
b1111111000100 d
#1336
b1111111110001 D
b1111111110001 d
#1337
b1111111111110 D
b1111111111110 d
#1338
b10000000010101 D
b10000000010101 d
#1339
b1111111001010 D
b1111111001010 d
#1340
b10000000001001 D
b10000000001001 d
#1341
b10000000010110 D
b10000000010110 d
#1342
b1111111100111 D
b1111111100111 d
#1343
b10000000001010 D
b10000000001010 d
#1344
b10000000000111 D
b10000000000111 d
#1345
b1111111111110 D
b1111111111110 d
#1346
b1111111011001 D
b1111111011001 d
#1347
b1111111111011 D
b1111111111011 d
#1348
b10000000011111 D
b10000000011111 d
#1349
b1111111001111 D
b1111111001111 d
#1350
b1111111111010 D
b1111111111010 d
#1351
b1111111101000 D
b1111111101000 d
#1352
b1111111100110 D
b1111111100110 d
#1353
b10000000100010 D
b10000000100010 d
#1354
b1111111011011 D
b1111111011011 d
#1355
b10000000010111 D
b10000000010111 d
#1356
b1111111110110 D
b1111111110110 d
#1357
b1111111011110 D
b1111111011110 d
#1358
b10000000110011 D
b10000000110011 d
#1359
b1111111011111 D
b1111111111111 d
#1360
b1111111110001 D
b1111111111011 d
#1361
b1111111110111 D
b1111111110111 d
#1362
b11111111111111 D
b11111111111111 d
#1363
b11111111101011 D
b11111111001011 d
#1364
b1111111111111 D
b1111111111111 d
#1365
b1111111011101 D
b1111111011101 d
#1366
b10000000100110 D
b10000000100110 d
#1367
b1111111011110 D
b1111111010110 d
#1368
b1111111101110 D
b1111111101110 d
#1369
b10000000010100 D
b10000000010100 d
#1370
b1111111101110 D
b1111111101110 d
#1371
b10000000001101 D
b10000000001101 d
#1372
b1111111111000 D
b1111111111000 d
#1373
b10000000100011 D
b10000000100011 d
#1374
b1111111100101 D
b1111111100101 d
#1375
b1111111101100 D
b1111111101100 d
#1376
b10000000000011 D
b10000000000011 d
#1377
b1111111010101 D
b1111111010101 d
#1378
b10000000000001 D
b10000000000001 d
#1379
b10000000000000 D
b10000000000000 d
#1381
b10000000011000 D
b10000000011000 d
#1382
b1111111011011 D
b1111111011011 d
#1383
b10000000100111 D
b10000000100111 d
#1384
b1111111010010 D
b1111111010010 d
#1385
b1111111111111 D
b1111111111111 d
#1386
b10000000010000 D
b10000000010000 d
#1387
b1111111001110 D
b1111111001110 d
#1388
b10000000111100 D
b10000000111100 d
#1389
b1111111011100 D
b1111111011100 d
#1390
b1111111110111 D
b1111111110111 d
#1391
b10000000001001 D
b10000000001001 d
#1392
b1111111101101 D
b1111111101101 d
#1393
b10000000000011 D
b10000000000011 d
#1394
b1111111011101 D
b1111111011101 d
#1395
b1111111101001 D
b1111111101001 d
#1396
b10000000101001 D
b10111110101001 d
#1397
b1111111111101 D
b11111111111101 d
#1398
b11111111011110 D
b11111111011110 d
#1399
b10000000010111 D
b10000000010111 d
#1400
b10000000010101 D
b10000000010101 d
#1401
b10111111010101 D
b10111111010101 d
#1402
b1111111100101 D
b1111111100101 d
#1403
b10000000011111 D
b10000000010111 d
#1404
b10001100011111 D
b10000000011111 d
#1405
b1111110111101 D
b1111110111101 d
#1406
b10000001001000 D
b10000001001000 d
#1407
b1111111010110 D
b1111111010110 d
#1408
b1111111011001 D
b1111111011001 d
#1409
b10000001001010 D
b10000001001010 d
#1410
b1111110100111 D
b1111110100111 d
#1411
b10000000010101 D
b10000000010101 d
#1412
b10000000000101 D
b10000000000101 d
#1413
b1111111100010 D
b1111111100010 d
#1414
b10000000000001 D
b10000000000001 d
#1415
b10000000010011 D
b10000000010011 d
#1416
b1111111101101 D
b1111111101101 d
#1417
b1111111010010 D
b1111111010010 d
#1418
b10000000011111 D
b10000000011111 d
#1419
b10000000010101 D
b10000000010101 d
#1420
b1111111001011 D
b1111111001011 d
#1421
b10000000100010 D
b10000000100010 d
#1422
b1111111010011 D
b1111111010011 d
#1423
b1111111100101 D
b1111111100101 d
#1424
b10000000010011 D
b10000000010011 d
#1425
b1111111101000 D
b1111111101000 d
#1426
b1111111111101 D
b1111111111101 d
#1427
b1111111101000 D
b1111111101000 d
#1429
b10000000001111 D
b10000000001111 d
#1430
b1111111110100 D
b1111111110100 d
#1431
b1111111101001 D
b1111111101001 d
#1432
b1111111100001 D
#1433
b1111111110111 D
b1111111110111 d
#1434
b1111111111111 D
b1111111111111 d
#1435
b11111111111111 D
b11111111111111 d
#1436
b10000000000010 D
b10000000000010 d
#1437
b1111111110101 D
b1111111110101 d
#1438
b10101101001101 D
b10000100001101 d
#1439
b1111111101101 D
b1111111101101 d
#1440
b1111111111001 D
b1111111111001 d
#1441
b1111111110000 D
b1111111110000 d
#1442
b1111111111001 D
b1111111111001 d
#1443
b1111111110111 D
b1111111110111 d
#1444
b1111111110001 D
b1111111110001 d
#1445
b1111111111000 D
b1111111111000 d
#1446
b10000000011001 D
b10000000011001 d
#1447
b1111110111001 D
b1111110111001 d
#1448
b10000000011011 D
b10000000011011 d
#1449
b1111111110010 D
b1111111110010 d
#1450
b1111111010111 D
b1111111010111 d
#1451
b10000000001001 D
b10000000001001 d
#1452
b10000000011011 D
b10000000011011 d
#1453
b1111111011100 D
b1111111011100 d
#1454
b1111111111011 D
b1111111111011 d
#1455
b10000000000011 D
b10000000000011 d
#1456
b1111110111101 D
b1111110111101 d
#1457
b1111111110000 D
b1111111110000 d
#1458
b10000000101001 D
b10000000101001 d
#1459
b1111111011001 D
b1111111011001 d
#1460
b10000000000010 D
b10000000000010 d
#1461
b10000000011110 D
b10000000011110 d
#1462
b1111111001110 D
b1111111001110 d
#1463
b1111111111000 D
b1111111111000 d
#1464
b1111111101011 D
b1111111101011 d
#1465
b10000000001010 D
b10000000001010 d
#1466
b1111111011001 D
b1111111011001 d
#1467
b1111111111010 D
b1111111111010 d
#1468
b10010010101011 D
b11111111111011 d
#1469
b1111111100101 D
b11111111100101 d
#1470
b1111111111111 D
b1111111111111 d
#1472
b11111111101011 D
b1111111101011 d
#1473
b10000000010001 D
b10000000010001 d
#1474
b1111111111110 D
b1111111111110 d
#1475
b1111111101000 D
b1111111101000 d
#1476
b10000000011001 D
b10000000011001 d
#1477
b1111111000000 D
b1111111000000 d
#1478
b10000000010101 D
b10000000010101 d
#1479
b10000000100101 D
b10000000100101 d
#1480
b1111110111011 D
b1111110111011 d
#1481
b10000000001001 D
b10000000001001 d
#1482
b1111111100001 D
b1111111100001 d
#1483
b1111111100000 D
b1111111100000 d
#1484
b1111111111010 D
b1111111111010 d
#1485
b10000000101001 D
b10000000101001 d
#1486
b10000000001000 D
b10000000001000 d
#1487
b1111111010010 D
b1111111010010 d
#1488
b10000000011011 D
b10000000011011 d
#1489
b1111111101101 D
b1111111101101 d
#1490
b1111111110010 D
b1111111110010 d
#1491
b10000000101100 D
b10000000101100 d
#1492
b1111111100010 D
b1111111100010 d
#1493
b1111111110101 D
b1111111110101 d
#1494
b1111111111010 D
b1111111111010 d
#1495
b10000000100101 D
b10000000100101 d
#1496
b1111111010111 D
b1111111010111 d
#1497
b1111111011101 D
b1111111011101 d
#1498
b10000000000011 D
b10000000000011 d
#1499
b1111111100111 D
b1111111100111 d
#1500
b10000000001011 D
b10000000001011 d
#1501
b1111111111101 D
b1111111111101 d
#1502
b1111111101111 D
b1111111101111 d
#1503
b1111111111000 D
b1111111111000 d
#1504
b10111010101101 D
b11111111111101 d
#1505
b10000000001111 D
b10000000001111 d
#1506
b11111111010110 D
b11101101010110 d
#1507
b11111111111011 D
b1111111111011 d
#1508
b10101100011011 D
b10001000011011 d
#1509
b1111111110011 D
b1111111110011 d
#1510
b1111111000011 D
b1111111000011 d
#1511
b10000000011001 D
b10000000011001 d
#1512
b1111111101100 D
b1111111101100 d
#1513
b1111111111001 D
b1111111111001 d
#1514
b1111111111011 D
b1111111111011 d
#1515
b10000000000111 D
b10000000000111 d
#1516
b1111111000111 D
b1111111000111 d
#1517
b1111111110111 D
b1111111110111 d
#1518
b10000000000111 D
b10000000000111 d
#1519
b1111111101101 D
b1111111101101 d
#1520
b10000000000110 D
b10000000000110 d
#1521
b10000000001011 D
b10000000001011 d
#1522
b1111111110110 D
b1111111110110 d
#1523
b1111111110101 D
b1111111110101 d
#1524
b1111111111100 D
b1111111111100 d
#1525
b10000000000100 D
b10000000000100 d
#1526
b1111111000010 D
b1111111000010 d
#1527
b10000000000101 D
b10000000000101 d
#1528
b10000000000110 D
b10000000000110 d
#1529
b1111111001010 D
b1111111001010 d
#1530
b10000000110110 D
b10000000110110 d
#1531
b1111111100000 D
b1111111100000 d
#1532
b1111111011000 D
b1111111011000 d
#1533
b1111110110011 D
b1111110110011 d
#1534
b1111111110001 D
b1111111110001 d
#1535
b10000000101001 D
b10000000101001 d
#1536
b1111111001001 D
b1111111001001 d
#1537
b10000000011001 D
b10000000011001 d
#1538
b10000000010001 D
b10000000010001 d
#1539
b1111111000110 D
b1111111000111 d
#1540
b10111110001110 D
b11111111001110 d
#1541
b10000000011111 D
b10000000011111 d
#1542
b11111111010111 D
b11001101010111 d
#1543
b1111111101111 D
b1111111101111 d
#1545
b10000000011101 D
b10000000011101 d
#1546
b10101111001101 D
b10000100001101 d
#1547
b1111111100001 D
b1111111100001 d
#1548
b10000000001010 D
b10000000001010 d
#1549
b1111111101100 D
b1111111101100 d
#1550
b1111111111101 D
b1111111111101 d
#1551
b10000000001110 D
b10000000001110 d
#1552
b1111111100111 D
b1111111100111 d
#1553
b1111111110011 D
b1111111110011 d
#1554
b1111111101010 D
b1111111101010 d
#1555
b10000001000011 D
b10000001000011 d
#1556
b1111111101000 D
b1111111101000 d
#1557
b1111111111110 D
b1111111111110 d
#1558
b10000000010000 D
b10000000010000 d
#1559
b1111111001011 D
b1111111001011 d
#1560
b10000000001110 D
b10000000001110 d
#1561
b10000000010011 D
b10000000010011 d
#1562
b1111111000100 D
b1111111000100 d
#1563
b10000000010100 D
b10000000010100 d
#1564
b10000000010001 D
b10000000010001 d
#1565
b10000000010011 D
b10000000010011 d
#1566
b1111111100001 D
b1111111100001 d
#1567
b1111111110010 D
b1111111110010 d
#1568
b10000000010010 D
b10000000010010 d
#1569
b1111111100001 D
b1111111100001 d
#1570
b10000000100011 D
b10000000100011 d
#1571
b1111111101011 D
b1111111101011 d
#1572
b1111111111100 D
b1111111111100 d
#1573
b10000000010010 D
b10000000010010 d
#1574
b1111111101100 D
b1111111101100 d
#1575
b10010000101110 D
b10111111101110 d
#1576
b1111111101111 D
b11111111001111 d
#1577
b1111111111111 D
b1111111111111 d
#1578
b11111111110111 D
b11111111110111 d
#1579
b10000000010000 D
b10000000010000 d
#1580
b1111111100111 D
b1111111100111 d
#1581
b10111111011100 D
b10001100011100 d
#1582
b1111111011100 D
b1111111011100 d
#1583
b10000000000111 D
b10000000000111 d
#1584
b1111111101111 D
b1111111101111 d
#1585
b1111111101001 D
b1111111101001 d
#1586
b10000000100110 D
b10000000100110 d
#1587
b1111111111110 D
b1111111111110 d
#1588
b10000000100110 D
b10000000100110 d
#1589
b1111111010010 D
b1111111010010 d
#1590
b1111111011010 D
b1111111011010 d
#1591
b10000001011001 D
b10000001011001 d
#1592
b1111111011101 D
b1111111011101 d
#1593
b1111111101011 D
b1111111101011 d
#1594
b10000000101000 D
b10000000101000 d
#1595
b1111111110000 D
b1111111110000 d
#1596
b1111111101011 D
b1111111101011 d
#1598
b1111111111011 D
b1111111111011 d
#1599
b1111111011101 D
b1111111011101 d
#1600
b10000000011010 D
b10000000011010 d
#1601
b10000000010101 D
b10000000010101 d
#1602
b1111111101001 D
b1111111101001 d
#1603
b1111111011010 D
b1111111011010 d
#1604
b1111111111011 D
b1111111111011 d
#1606
b1111111100101 D
b1111111100101 d
#1607
b1111111011110 D
b1111111011110 d
#1608
b10000000011001 D
b10000000011001 d
#1609
b1111111101110 D
b1111111101110 d
#1610
b10000000111101 D
b10111010111111 d
#1611
b1111111110111 D
b1111111110111 d
#1612
b1111111111111 D
b1111111111111 d
#1613
b1111111111101 D
b1111111111101 d
#1614
b1111111111111 D
b1111111111111 d
#1615
b11111111011111 D
b1111111011111 d
#1616
b10111111011111 D
b10111111011111 d
#1617
b1111111111111 D
b1111111111111 d
#1618
b1111111101110 D
b1111111101110 d
#1619
b10000000011001 D
b10000000011001 d
#1620
b1111111100000 D
b1111111100000 d
#1621
b1111111111011 D
b1111111111011 d
#1622
b1111111001100 D
b1111111001100 d
#1623
b1111111111011 D
b1111111111011 d
#1624
b10000000011010 D
b10000000011010 d
#1625
b10000000001010 D
b10000000001010 d
#1626
b1111111100110 D
b1111111100110 d
#1627
b1111111101111 D
b1111111101111 d
#1628
b10000000100000 D
b10000000100000 d
#1629
b1111111100101 D
b1111111100101 d
#1630
b1111111100110 D
b1111111100110 d
#1631
b1111111110010 D
b1111111110010 d
#1632
b10000000000111 D
b10000000000111 d
#1633
b1111111010000 D
b1111111010000 d
#1634
b10000000101010 D
b10000000101010 d
#1635
b10000000011000 D
b10000000011000 d
#1636
b1111111010000 D
b1111111010000 d
#1637
b1111111101011 D
b1111111101011 d
#1638
b10000000110100 D
b10000000110100 d
#1639
b1111111100010 D
b1111111100010 d
#1640
b10000000000101 D
b10000000000101 d
#1641
b1111111101111 D
b1111111101111 d
#1642
b10000000010001 D
b10000000010001 d
#1643
b1111111100010 D
b1111111100010 d
#1644
b1111111110110 D
b1111111110110 d
#1645
b1111111111000 D
b1111111111000 d
#1646
b10000000101001 D
b10111010101001 d
#1647
b1111111101001 D
b11111111101001 d
#1648
b11111111111101 D
b11111111111101 d
#1649
b11111111010101 D
b11000000010101 d
#1650
b1111111111111 D
b1111111111111 d
#1651
b1111111111101 D
b1111111111101 d
#1653
b10101100000100 D
b10000000000100 d
#1654
b1111111100101 D
b1111111100101 d
#1655
b10000000011001 D
b10000000011001 d
#1656
b1111111111100 D
b1111111111100 d
#1657
b1111111111111 D
b1111111111111 d
#1658
b1111111010011 D
b1111111010011 d
#1659
b1111111111011 D
b1111111111011 d
#1660
b1111111011111 D
b1111111011111 d
#1661
b10000000100111 D
b10000000100111 d
#1662
b1111111110111 D
b1111111110111 d
#1663
b10000000000000 D
b10000000000000 d
#1664
b1111111010010 D
b1111111010010 d
#1665
b10000000000100 D
b10000000000100 d
#1666
b10000000010000 D
b10000000010000 d
#1667
b10000001001110 D
b10000001001110 d
#1668
b1111111110111 D
b1111111110111 d
#1669
b1111111011111 D
b1111111011111 d
#1670
b1111111100000 D
b1111111100000 d
#1671
b10000000100000 D
b10000000100000 d
#1672
b1111111111010 D
b1111111111010 d
#1673
b10000000001001 D
b10000000001001 d
#1674
b1111111010110 D
b1111111010110 d
#1675
b10000000011110 D
b10000000011110 d
#1676
b1111111000111 D
b1111111000111 d
#1677
b1111111101011 D
b1111111101011 d
#1678
b10000000001010 D
b10000000001010 d
#1679
b1111111110000 D
b1111111110000 d
#1680
b10000000001110 D
b10000000001110 d
#1681
b1111111110101 D
b1111111111101 d
#1682
b1111111100011 D
b1111111100011 d
#1683
b1111111111010 D
b1111111111011 d
#1684
b1111111111110 D
b1111111111110 d
#1685
b11111111011111 D
b11111111011110 d
#1686
b11001001101101 D
b10000000101101 d
#1687
b1111111110000 D
b1111111110000 d
#1689
b10000000100010 D
b10000000100010 d
#1690
b1111111011100 D
b1111111011100 d
#1691
b1111111110111 D
b1111111110111 d
#1692
b1111111100110 D
b1111111100110 d
#1693
b1111111101111 D
b1111111101111 d
#1694
b1111111111001 D
b1111111111001 d
#1695
b1111111111011 D
b1111111111011 d
#1696
b1111111100110 D
b1111111100110 d
#1697
b1111111101111 D
b1111111101111 d
#1698
b1111111110110 D
b1111111110110 d
#1699
b1111111101110 D
b1111111101110 d
#1700
b1111111110011 D
b1111111110011 d
#1701
b10000000011000 D
b10000000011000 d
#1702
b1111111110010 D
b1111111110010 d
#1703
b1111111110110 D
b1111111110110 d
#1704
b10000000011001 D
b10000000011001 d
#1705
b10000000000000 D
b10000000000000 d
#1706
b10000000001011 D
b10000000001011 d
#1707
b1111111010000 D
b1111111010000 d
#1708
b10000000000101 D
b10000000000101 d
#1709
b1111111110100 D
b1111111110100 d
#1711
b10000000100001 D
b10000000100001 d
#1712
b1111111010000 D
b1111111010000 d
#1713
b10000000000111 D
b10000000000111 d
#1714
b10000000100001 D
b10000000100001 d
#1715
b1111111011001 D
b1111111011001 d
#1716
b10000000000000 D
b10000000000000 d
#1717
b10000000010000 D
b10000000010000 d
#1718
b1111111100100 D
b1111111100100 d
#1719
b1111111110111 D
b1111111110111 d
#1721
b11111111111101 D
b11111111111101 d
#1722
b10000001111100 D
b10000000111100 d
#1723
b1111111111111 D
b1111111111111 d
#1724
b1111110111111 D
b1111110111111 d
#1725
b10000000000100 D
b10000000000100 d
#1726
b1111111011111 D
b1111111011111 d
#1727
b10000000001101 D
b10000000001101 d
#1728
b10000000001000 D
b10000000001000 d
#1729
b1111111010111 D
b1111111010111 d
#1730
b1111111101111 D
b1111111101111 d
#1731
b10000000101000 D
b10000000101000 d
#1732
b1111111110111 D
b1111111110111 d
#1733
b1111111011100 D
b1111111011100 d
#1734
b1111111111001 D
b1111111111001 d
#1735
b10000000001111 D
b10000000001111 d
#1736
b1111111101000 D
b1111111101000 d
#1737
b10000000001010 D
b10000000001010 d
#1738
b1111111100000 D
b1111111100000 d
#1739
b1111111101101 D
b1111111101101 d
#1741
b10000000010010 D
b10000000010010 d
#1742
b1111111101111 D
b1111111101111 d
#1743
b10000000000000 D
b10000000000000 d
#1744
b1111111111011 D
b1111111111011 d
#1745
b1111111110010 D
b1111111110010 d
#1746
b1111111011111 D
b1111111011111 d
#1747
b10000000001101 D
b10000000001101 d
#1748
b1111111011100 D
b1111111011100 d
#1749
b10000000001111 D
b10000000001111 d
#1750
b1111111011111 D
b1111111011111 d
#1751
b10000000000011 D
b10000000000011 d
#1752
b1111111011111 D
b1111111011111 d
#1753
b10000000000100 D
b10111010001111 d
#1754
b1111111011010 D
b11111111011110 d
#1755
b1111111111011 D
b1111111111011 d
#1756
b1111111110111 D
b1111111110111 d
#1757
b11111111010110 D
b11111111010110 d
#1758
b10000000110010 D
b10000000110010 d
#1759
b1111111011111 D
b1111111011111 d
#1760
b10000000000011 D
b10000000000011 d
#1761
b1111111111111 D
b1111111111111 d
#1762
b1111111110100 D
b1111111110100 d
#1763
b1111111000001 D
b1111111000001 d
#1764
b10000000101001 D
b10000000101001 d
#1765
b1111111010010 D
b1111111010010 d
#1766
b10000000000001 D
b10000000000001 d
#1767
b10000000001010 D
b10000000001010 d
#1768
b10000000000101 D
b10000000000101 d
#1769
b1111111010011 D
b1111111010011 d
#1770
b1111111111011 D
b1111111111011 d
#1771
b1111111011000 D
b1111111011000 d
#1772
b1111111111111 D
b1111111111111 d
#1773
b1111111110001 D
b1111111110001 d
#1774
b10000000011010 D
b10000000011010 d
#1775
b1111111110010 D
b1111111110010 d
#1776
b10000000010011 D
b10000000010011 d
#1777
b1111111111010 D
b1111111111010 d
#1778
b1111111101100 D
b1111111101100 d
#1779
b1111111011101 D
b1111111011101 d
#1780
b1111111111111 D
b1111111111111 d
#1781
b10000000000011 D
b10000000000011 d
#1782
b1111111111010 D
b1111111111010 d
#1783
b10000000010101 D
b10000000010101 d
#1784
b1111111101010 D
b1111111101010 d
#1785
b1111111100100 D
b1111111100100 d
#1786
b10000000010000 D
b10000000010000 d
#1787
b1111111110101 D
b1111111110101 d
#1788
b10000000010001 D
b10000000110001 d
#1789
b1111111010010 D
b1111111010011 d
#1790
b1111111101011 D
b1111111111011 d
#1791
b11111110111101 D
b11111111111101 d
#1792
b11111111010101 D
b11001101010101 d
#1793
b11111111000110 D
b1111111000110 d
#1794
b10001000100100 D
b10000000100100 d
#1795
b1111111111001 D
b1111111111001 d
#1796
b1111111110001 D
b1111111110001 d
#1797
b10000000011000 D
b10000000011000 d
#1798
b1111111001111 D
b1111111001111 d
#1799
b10000000001000 D
b10000000001000 d
#1800
b1111111000100 D
b1111111000100 d
#1801
b1111111101101 D
b1111111101101 d
#1802
b1111111111000 D
b1111111111000 d
#1803
b1111111010110 D
b1111111010110 d
#1804
b1111111110100 D
b1111111110100 d
#1805
b1111111011111 D
b1111111011111 d
#1806
b1111111110100 D
b1111111110100 d
#1807
b10000000011010 D
b10000000011010 d
#1808
b1111111111011 D
b1111111111011 d
#1809
b1111111110111 D
b1111111110111 d
#1810
b1111111110001 D
b1111111110001 d
#1811
b10000000001111 D
b10000000001111 d
#1812
b1111111100100 D
b1111111100100 d
#1813
b10000000000000 D
b10000000000000 d
#1814
b10000000001011 D
b10000000001011 d
#1815
b1111111010010 D
b1111111010010 d
#1816
b1111111111001 D
b1111111111001 d
#1817
b10000000001010 D
b10000000001010 d
#1818
b1111111011111 D
b1111111011111 d
#1819
b10000000000010 D
b10000000000010 d
#1820
b1111111100110 D
b1111111100110 d
#1821
b10000000010111 D
b10000000010111 d
#1822
b10000000000100 D
b10000000000100 d
#1823
b1111111110100 D
b1111111110100 d
#1824
b1111111010111 D
b1111111010111 d
#1825
b10000000001001 D
b10111010001011 d
#1826
b10000000001011 D
b10000000001011 d
#1827
b1111111110111 D
b11111111010111 d
#1828
b1111111110111 d
#1829
b11111111010111 D
b11111111010111 d
#1830
b10101100011010 D
b10000000011010 d
#1831
b1111111000110 D
b1111111000110 d
#1832
b10000000010100 D
b10000000010100 d
#1833
b10101111000100 D
b10000000000100 d
#1834
b1111111101100 D
b1111111101100 d
#1835
b1111111100011 D
b1111111100011 d
#1836
b1111111110111 D
b1111111110111 d
#1837
b1111111110011 D
b1111111110011 d
#1838
b1111111110000 D
b1111111110000 d
#1839
b1111111111101 D
b1111111111101 d
#1840
b10000000011101 D
b10000000011101 d
#1841
b1111111110001 D
b1111111110001 d
#1842
b10000000010001 D
b10000000010001 d
#1843
b1111111011100 D
b1111111011100 d
#1844
b1111111111001 D
b1111111111001 d
#1845
b1111111110110 D
b1111111110110 d
#1846
b1111111101111 D
b1111111101111 d
#1847
b10000000011000 D
b10000000011000 d
#1848
b10000000010111 D
b10000000010111 d
#1849
b1111111011100 D
b1111111011100 d
#1850
b1111111111101 D
b1111111111101 d
#1851
b1111111101001 D
b1111111101001 d
#1852
b10000000000110 D
b10000000000110 d
#1853
b1111110101001 D
b1111110101001 d
#1854
b10000000100010 D
b10000000100010 d
#1855
b10000000100100 D
b10000000100100 d
#1856
b1111110101010 D
b1111110101010 d
#1857
b10000000010001 D
b10000000010001 d
#1858
b1111111101111 D
b1111111101111 d
#1859
b1111111010011 D
b1111111010011 d
#1860
b10000000001010 D
b10000000001010 d
#1861
b10000000010011 D
b10000000011011 d
#1862
b10000000000000 D
b10000000000011 d
#1863
b1111111100000 D
b11111111100000 d
#1864
b11111111110100 D
b11111111100100 d
#1865
b10001101011101 D
b10000000011101 d
#1866
b1111111111101 D
b1111111111101 d
#1868
b10000000011101 D
b10000000011101 d
#1869
b1111111001010 D
b1111111001010 d
#1870
b10000000010101 D
b10000000010101 d
#1871
b10000000011000 D
b10000000011000 d
#1872
b1111111100011 D
b1111111100011 d
#1873
b1111111110110 D
b1111111110110 d
#1874
b1111111001100 D
b1111111001100 d
#1875
b10000000111011 D
b10000000111011 d
#1876
b1111111010110 D
b1111111010110 d
#1877
b1111111100001 D
b1111111100001 d
#1878
b10000000000111 D
b10000000000111 d
#1879
b1111111101110 D
b1111111101110 d
#1880
b10000000100000 D
b10000000100000 d
#1881
b1111111101110 D
b1111111101110 d
#1882
b1111111110001 D
b1111111110001 d
#1883
b1111111111100 D
b1111111111100 d
#1884
b1111111100110 D
b1111111100110 d
#1885
b1111111111111 D
b1111111111111 d
#1886
b10000000000001 D
b10000000000001 d
#1887
b10000000000111 D
b10000000000111 d
#1888
b1111111111001 D
b1111111111001 d
#1889
b1111111101010 D
b1111111101010 d
#1890
b10000000000111 D
b10000000000111 d
#1891
b1111111101001 D
b1111111101001 d
#1892
b10000000000110 D
b10000000000110 d
#1893
b1111111100010 D
b1111111100010 d
#1894
b10000000001001 D
b10000000001001 d
#1895
b1111111100000 D
b1111111100000 d
#1896
b10000000100010 D
b10101000100010 d
#1897
b1111111110110 D
b1111111110110 d
#1898
b1111111100000 D
b1111111110100 d
#1899
b1111111110001 D
b1111111110001 d
#1900
b11111111110001 D
b11111111110001 d
#1901
b10111101010001 D
b10101100010001 d
#1902
b1111111000010 D
b1111111000010 d
#1903
b10000000011111 D
b10000000011111 d
#1904
b10000000010101 D
b10000000010101 d
#1905
b1111111101001 D
b1111111101001 d
#1906
b1111111000101 D
b1111111000101 d
#1907
b10000000001011 D
b10000000001011 d
#1908
b1111111110111 D
b1111111110111 d
#1909
b1111111111011 D
b1111111111011 d
#1910
b1111111110000 D
b1111111110000 d
#1911
b10000000011111 D
b10000000011111 d
#1912
b1111111011000 D
b1111111011000 d
#1913
b10000000001010 D
b10000000001010 d
#1914
b10000000011001 D
b10000000011001 d
#1915
b1111111110011 D
b1111111110011 d
#1916
b1111111101000 D
b1111111101000 d
#1917
b10000000001001 D
b10000000001001 d
#1918
b1111111111010 D
b1111111111010 d
#1919
b10000000010100 D
b10000000010100 d
#1920
b1111111110000 D
b1111111110000 d
#1921
b1111111111100 D
b1111111111100 d
#1922
b1111111110110 D
b1111111110110 d
#1923
b1111111101100 D
b1111111101100 d
#1924
b10000000000001 D
b10000000000001 d
#1925
b10000000000111 D
b10000000000111 d
#1926
b1111111011010 D
b1111111011010 d
#1927
b10000000001010 D
b10000000001010 d
#1928
b1111111100000 D
b1111111100000 d
#1929
b10000000010001 D
b10000000010001 d
#1930
b10000000000111 D
b10000000000111 d
#1931
b1111111101110 D
b1111111101110 d
#1932
b10000000101110 D
b10111000101110 d
#1933
b10000001001011 D
b10000001001011 d
#1934
b10000000010111 D
b10000001010111 d
#1935
b11111111010110 D
b11111111010110 d
#1936
b11111111110010 D
b11111111110010 d
#1937
b10000000001111 D
b10000000001111 d
#1938
b10111111001110 D
b10111111001110 d
#1939
b1111111111110 D
b1111111111110 d
#1940
b1111111111100 D
b1111111111100 d
#1941
b10000000000111 D
b10000000000111 d
#1942
b10000000001010 D
b10000000001010 d
#1943
b1111111110111 D
b1111111110111 d
#1944
b10000000001010 D
b10000000001010 d
#1945
b10000000001100 D
b10000000001100 d
#1946
b1111111101010 D
b1111111101010 d
#1947
b10000000110001 D
b10000000110001 d
#1948
b1111111011110 D
b1111111011110 d
#1949
b1111111111000 D
b1111111111000 d
#1950
b1111111101001 D
b1111111101001 d
#1951
b1111111110010 D
b1111111110010 d
#1953
b1111111110100 D
b1111111110100 d
#1954
b10000000010000 D
b10000000010000 d
#1955
b1111111010011 D
b1111111010011 d
#1956
b1111111011010 D
b1111111011010 d
#1957
b10000000010001 D
b10000000010001 d
#1958
b1111111110000 D
b1111111110000 d
#1960
b1111111111011 D
b1111111111011 d
#1961
b10000000001101 D
b10000000001101 d
#1962
b1111111110001 D
b1111111110001 d
#1963
b10000000000011 D
b10000000000011 d
#1964
b1111111111101 D
b1111111111101 d
#1965
b1111111000110 D
b1111111000110 d
#1966
b10000000001101 D
b10000000001101 d
#1967
b10000000001010 D
b10000000001010 d
#1968
b1111111011011 D
b1111111011011 d
#1969
b1111111111111 D
b1111111111111 d
#1970
b1111111111110 D
#1971
b11111111111110 D
b11111111111110 d
#1972
b11000001010010 D
b10000000010010 d
#1973
b1111111101011 D
b1111111101011 d
#1974
b10111100111101 D
b10111100111101 d
#1975
b1111111111101 D
b1111111111101 d
#1976
b1111111101010 D
b1111111101010 d
#1977
b10000000011111 D
b10000000011111 d
#1978
b1111111110111 D
b1111111110111 d
#1979
b1111111100111 D
b1111111100111 d
#1980
b10000000010101 D
b10000000010101 d
#1981
b10000000000101 D
b10000000000101 d
#1982
b1111111110111 D
b1111111110111 d
#1983
b1111111011000 D
b1111111011000 d
#1984
b10000001000110 D
b10000001000110 d
#1985
b1111110101000 D
b1111110101000 d
#1986
b10000000000110 D
b10000000000110 d
#1987
b1111111000111 D
b1111111000111 d
#1988
b10000000001001 D
b10000000001001 d
#1989
b10000000010111 D
b10000000010111 d
#1990
b10000000011010 D
b10000000011010 d
#1991
b1111111101111 D
b1111111101111 d
#1992
b1111111011101 D
b1111111011101 d
#1993
b1111111111000 D
b1111111111000 d
#1994
b10000000001101 D
b10000000001101 d
#1995
b1111111110000 D
b1111111110000 d
#1996
b10000000010000 D
b10000000010000 d
#1997
b1111111011001 D
b1111111011001 d
#1998
b10000000001100 D
b10000000001100 d
#1999
b1111111100001 D
b1111111100001 d
#2000
b10000000001001 D
b10000000001001 d
#2001
b1111111110100 D
b1111111110100 d
#2002
b1111111100001 D
b1111111100001 d
#2003
b1111111111111 D
b1111111111111 d
#2004
b10000000100111 D
b10111010101111 d
#2005
b1111111101111 D
b11111111101111 d
#2006
b11111111111111 D
b11111111111111 d
#2007
b11111111011101 D
b11111111011101 d
#2008
b1111111011101 d
#2009
b10111111011110 D
b10111111011110 d
#2010
b1111111111110 D
b1111111111110 d
#2013
b10000000000001 D
b10000000000001 d
#2014
b1111111111110 D
b1111111111110 d
#2015
b10000000100110 D
b10000000100110 d
#2016
b1111111100000 D
b1111111100000 d
#2017
b10000000001101 D
b10000000001101 d
#2018
b1111110111110 D
b1111110111110 d
#2019
b10000000011001 D
b10000000011001 d
#2020
b1111111011111 D
b1111111011111 d
#2021
b1111111111101 D
b1111111111101 d
#2022
b10000000000111 D
b10000000000111 d
#2023
b10000000011011 D
b10000000011011 d
#2024
b1111111001101 D
b1111111001101 d
#2025
b10000000001001 D
b10000000001001 d
#2026
b1111111100110 D
b1111111100110 d
#2027
b10000000001010 D
b10000000001010 d
#2028
b1111111111010 D
b1111111111010 d
#2029
b10000000000101 D
b10000000000101 d
#2030
b1111111101110 D
b1111111101110 d
#2031
b1111111110010 D
b1111111110010 d
#2032
b1111111010110 D
b1111111010110 d
#2033
b10000000000010 D
b10000000000010 d
#2034
b10000000101101 D
b10000000101101 d
#2035
b1111111100111 D
b1111111100111 d
#2036
b1111111101100 D
b1111111101100 d
#2037
b10000000010101 D
b10000000010101 d
#2038
b1111111001111 D
b1111111001111 d
#2039
b10000000011010 D
b10101000011010 d
#2040
b1111111011011 D
b1111111011011 d
#2041
b1111111111111 D
b1111111111111 d
#2042
b11111111111110 D
b11111111111110 d
#2043
b10000000001110 D
b10000000001110 d
#2044
b11111111100110 D
b10111111100110 d
#2045
b1111111110111 D
b1111111110111 d
#2047
b1111111111011 D
b1111111111011 d
#2048
b1111111111000 D
b1111111111000 d
b11111111110010000000011 #"
1d"
1e"
#2049
b1111111011000 D
b1111111011000 d
b1111111111111111111111111101110111111111111111111111111111110011 #"
#2050
b10000000111101 D
b10000000111101 d
b1111111111111111111111110011000011111111111111111111111111011010 #"
#2051
b1111111100000 D
b1111111100000 d
b1111111111111111111111110101100100000000000000000000000110010000 #"
#2052
b1111111101110 D
b1111111101110 d
b1001010011111111111111111111111100001001 #"
#2053
b10000000100011 D
b10000000100011 d
b1111111111111111111111101000010111111111111111111111111000110010 #"
#2054
b1111111011010 D
b1111111011010 d
b1111111111111111111111110111010111111111111111111111110111100001 #"
#2055
b1111111110000 D
b1111111110000 d
b1111111111111111111111110110001111111111111111111111111110010011 #"
#2056
b1111111100111 D
b1111111100111 d
b1111111111111111111111101011011000000000000000000000000000011100 #"
#2057
b1111111100110 D
b1111111100110 d
b1011001011111111111111111111111101110010 #"
#2058
b10000000100001 D
b10000000100001 d
b1111111111111111111111101110001000000000000000000000000001010010 #"
#2059
b1111111110010 D
b1111111110010 d
b1111111111111111111111100110011011111111111111111111110110000000 #"
#2060
b1111111101110 D
b1111111101110 d
b1111111111111111111111001101111000000000000000000000000000011111 #"
#2061
b1111111111110 D
b1111111111110 d
b1111111111111111111111110110100000000000000000000000000001001011 #"
#2062
b1111111110010 D
b1111111110010 d
b101110100100000000000000000000000001011111 #"
#2063
b1111111111010 D
b1111111111010 d
b1111111111111111111111101111100111111111111111111111111111100010 #"
#2064
b10000000001000 D
b10000000001000 d
b10011011111111111111111111111110000101 #"
#2065
b10000000001010 D
b10000000001010 d
b1111111111111111111111110001111011111111111111111111111010110100 #"
#2066
b10000000000101 D
b10000000000101 d
b110110111111111111111111111111100110111 #"
#2067
b1111111100101 D
b1111111100101 d
b1111100100000000000000000000001110010010 #"
#2068
b1111111110101 D
b1111111110101 d
b100010101000000000000000000000000011101011 #"
#2069
b1111111100111 D
b1111111100111 d
b1111111111111111111111111010101000000000000000000000000010110000 #"
#2070
b1111111100100 D
b1111111100100 d
b1111111111111111111111100110101111111111111111111111111111010111 #"
#2071
b1111111110000 D
b1111111110000 d
b1111111111111111111111111100011000000000000000000000000011010000 #"
#2072
b1111111101101 D
b1111111101101 d
b10000100000000000000000000000001110001 #"
#2073
b1111111111001 D
b1111111111001 d
b1111111111111111111111111101011111111111111111111111111010001001 #"
#2074
b10000000001000 D
b10000000001000 d
b11011000100000000000000000000000011000011 #"
#2075
b1111111110101 D
b1111111111101 d
b1111111111111111111111010110001111111111111111111111111001001111 #"
#2076
b1111111110011 D
b1111111110011 d
b1111111111111111111111100100011011111111111111111111111101001010 #"
#2077
b1111111101011 D
b1111111111011 d
b1111111111111111111111111111010111111111111111111111111110010100 #"
#2078
b1111111111011 D
b1111111111111111111111101000110100000000000000000000000010010110 #"
#2079
b1111111111000 D
b1111111111000 d
b1111111111111111111111011011110000000000000000000000000000110011 #"
#2080
b11111111111001 D
b1111111111001 d
b1111111111111111111111101100001011111111111111111111101101101111 #"
#2081
b10000000010001 D
b10000000010001 d
b1111111111111111111111001101101000000000000000000000000100011000 #"
#2082
b1111111101111 D
b1111111101111 d
b1111111111111111111111101101110111111111111111111111111110010010 #"
#2083
b10000000110101 D
b10000000110101 d
b11111000100000000000000000000000101101101 #"
#2084
b10101111110101 D
b101101000000000000000000000000010101010 #"
#2085
b1111111111111 D
b1111111111111 d
b10101111011111111111111111111111111000000 #"
#2086
b1111111011010 D
b1111111011010 d
b10101001100000000000000000000000000101010 #"
#2087
b10000000010011 D
b10000000010011 d
b1111111111111111111111111001100011111111111111111111111100010011 #"
#2088
b1111111110011 D
b1111111110011 d
b111100111111111111111111111111111110101 #"
#2089
b10000000001001 D
b10000000001001 d
b110000000000000000000000000000100001001 #"
#2090
b1111111110011 D
b1111111110011 d
b10111100000000000000000000000000100010010 #"
#2091
b10000000001010 D
b10000000001010 d
b1111111111111111111111101000010011111111111111111111111101000111 #"
#2092
b1111111011011 D
b1111111011011 d
b1111111111111111111111010001010100000000000000000000000011000111 #"
#2093
b10000000000111 D
b10000000000111 d
b100111111111111111111111111100101101 #"
#2094
b1111111010110 D
b1111111010110 d
b1110101000000000000000000000000001110110 #"
#2095
b10000000010110 D
b10000000010110 d
b1111111111111111111111101110001000000000000000000000000000100001 #"
#2096
b1111111101011 D
b1111111101011 d
b1111111111111111111111111100111000000000000000000000000001110010 #"
#2097
b10000000010010 D
b10000000010010 d
b101100000000000000000000000101001101 #"
#2098
b10000000001110 D
b10000000001110 d
b1111111111111111111110111100111000000000000000000000000101101111 #"
#2099
b1111111101010 D
b1111111101010 d
b11001101000000000000000000000000010100101 #"
#2100
b1111111101000 D
b1111111101000 d
b1111111111111111111111101111100000000000000000000000000001001111 #"
#2101
b10000000010101 D
b10000000010101 d
b1111111111111111111111011111110011111111111111111111111111110110 #"
#2102
b1111111011000 D
b1111111011000 d
b1001001111111111111111111111111110110011 #"
#2103
b10000000100100 D
b10000000100100 d
b1111111111111111111111111001010011111111111111111111111101101100 #"
#2104
b1111111011100 D
b1111111011100 d
b1111111111111111111111110010110011111111111111111111111100111010 #"
#2105
b1111111111110 D
b1111111111110 d
b1111111111111111111111110011101111111111111111111111111111101011 #"
#2106
b1111111101010 D
b1111111101010 d
b1111111111111111111111111111001111111111111111111111111001101010 #"
#2107
b10000000100101 D
b10000000100101 d
b111011111111111111111111111111011100011 #"
#2108
b1111111101100 D
b1111111101100 d
b10010111000000000000000000000000000010101 #"
#2109
b1111111110001 D
b1111111110001 d
b1111111111111111111111101011010011111111111111111111111111011100 #"
#2110
b10000000001000 D
b10000000101000 d
b1111111111111111111111101111000000000000000000000000000001001010 #"
#2111
b10000000001000 d
b1111111111111111111111100010010111111111111111111111111000101001 #"
#2112
b1111111011100 D
b1111111011100 d
b110000000000000000000000000000001000100 #"
#2113
b11111110111111 D
b11111111111111 d
b1001111111111111111111111111100010111 #"
#2114
b11111111110111 D
b11001101110111 d
b1111111111111111111111010100001000000000000000000000001110111101 #"
#2115
b1111111011111 D
b1111111011111 d
b1111111111111111111111110011011011111111111111111111111111101110 #"
#2116
b11111111011101 D
b1111111011101 d
b1111111111111111111111111001110111111111111111111111111001001101 #"
#2117
b10000000101111 D
b10000000101111 d
b1111111111111111111111101110010111111111111111111111111001000100 #"
#2118
b10111111001100 D
b10111111001100 d
b1111111111111111111111111101000000000000000000000000001001001000 #"
#2119
b1111111001100 D
b1111111001100 d
b1111111111111111111111101110001111111111111111111111111100011110 #"
#2120
b10000000000110 D
b10000000000110 d
b1111111111111111111111111110000100000000000000000000000110101101 #"
#2121
b10000000001011 D
b10000000001011 d
b10111000000000000000000000000000010010100 #"
#2122
b1111111000010 D
b1111111000010 d
b1111010011111111111111111111111100001001 #"
#2123
b1111111111100 D
b1111111111100 d
b1111111111111111111111111011001000000000000000000000000000111111 #"
#2124
b10000000101011 D
b10000000101011 d
b1111111111111111111111110010010011111111111111111111111011001010 #"
#2125
b1111111110011 D
b1111111110011 d
b1011001100000000000000000000000100111001 #"
#2126
b1111111000110 D
b1111111000110 d
b1100011011111111111111111111111011001010 #"
#2127
b10000000000111 D
b10000000000111 d
b1111111111111111111111111100010100000000000000000000000000000010 #"
#2128
b10000000011101 D
b10000000011101 d
b1011001111111111111111111111111011000100 #"
#2129
b1111111001101 D
b1111111001101 d
b10000111111111111111111111111111001100010 #"
#2130
b10000000100010 D
b10000000100010 d
b1111111111111111111111100011100000000000000000000000000110001101 #"
#2131
b10000000000100 D
b10000000000100 d
b1111111111111111111111111111000000000000000000000000000000111101 #"
#2132
b1111111100100 D
b1111111100100 d
b1111111111111111111111011110001000000000000000000000000011000001 #"
#2133
b1111111011111 D
b1111111011111 d
b1111111111111111111111110000110111111111111111111111111001110010 #"
#2134
b10000000010101 D
b10000000010101 d
b111010111111111111111111111111111111001 #"
#2135
b1111111110001 D
b1111111110001 d
b1111111111111111111111111110010011111111111111111111111010001100 #"
#2136
b1111111111101 D
b1111111111101 d
b1111111111111111111111100100100100000000000000000000001010100111 #"
#2137
b1111111110110 D
b1111111110110 d
b100101000000000000000000000000100000110 #"
#2138
b10000000000110 D
b10000000000110 d
b1111111111111111111111101101101111111111111111111111110110000110 #"
#2139
b1111111100110 D
b1111111100110 d
b11100010000000000000000000000001000000110 #"
#2140
b1111111110101 D
b1111111110101 d
b1111111111111111111111111100111000000000000000000000000001111100 #"
#2141
b1111111011111 D
b1111111011111 d
b1111111111111111111111110010110000000000000000000000000000011010 #"
#2142
b1111111101001 D
b1111111101001 d
b1111111111111111111111111110000100000000000000000000000010011100 #"
#2143
b10000000100000 D
b10000000100000 d
b1110100011111111111111111111111111111011 #"
#2144
b10000000001111 D
b10000000001111 d
b110110011111111111111111111111101101100 #"
#2145
b1111111101011 D
b1111111101011 d
b1111111111111111111111010011100111111111111111111111111110011010 #"
#2146
b10000000000000 D
b10000000101000 d
b10011000000000000000000000000000100000110 #"
#2147
b1111111101101 D
b1111111101101 d
b1111111111111111111111110100111000000000000000000000000010100110 #"
#2148
b1111111111111 D
b1111111111111 d
b1111111111111111111111110011101000000000000000000000000110011100 #"
#2149
b1111111110110 D
b1111111110110 d
b1001101000000000000000000000000011011000 #"
#2150
b11111111111110 D
b11111111110110 d
b1111111111111111111111111000000111111111111111111111111101110010 #"
#2151
b11000001011010 D
b10000000011010 d
b1110000000000000000000000000001011101 #"
#2152
b1111111100111 D
b1111111100111 d
b1111111111111111111111101111001100000000000000000000000000001111 #"
#2153
b1111111011011 D
b1111111011011 d
b111000010000000000000000000000000100000010 #"
#2154
b10101101011001 D
b10000100011001 d
b1111111111111111111111110100101100000000000000000000001000100110 #"
#2155
b1111111111000 D
b1111111111000 d
b10110101111111111111111111111111011000100 #"
#2156
b1111111001011 D
b1111111001011 d
b1000000111111111111111111111111101111011 #"
#2157
b10000000101010 D
b10000000101010 d
b1111111111111111111111111010100100000000000000000000000000011010 #"
#2158
b10000000010100 D
b10000000010100 d
b1111111111111111111111111101010000000000000000000000000010100111 #"
#2159
b1111111001000 D
b1111111001000 d
b10011101100000000000000000000000110001100 #"
#2160
b1111111101010 D
b1111111101010 d
b1000101111111111111111111111111000101011 #"
#2161
b10000000111100 D
b10000000111100 d
b1111111111111111111111010111001011111111111111111111111100101110 #"
#2162
b1111111010100 D
b1111111010100 d
b1111111111111111111111111011000000000000000000000000001010011010 #"
#2163
b10000000000100 D
b10000000000100 d
b1111111111111111111111011100011100000000000000000000000001000010 #"
#2164
b10000000010100 D
b10000000010100 d
b1111111111111111111111110100001000000000000000000000000010010111 #"
#2165
b1111111000011 D
b1111111000011 d
b101100000000000000000000000010101110 #"
#2166
b10000000001000 D
b10000000001000 d
b1111111111111111111111111111111000000000000000000000001111101011 #"
#2167
b10000000111010 D
b10000000111010 d
b101011101011111111111111111111111011101110 #"
#2168
b1111111100100 D
b1111111100100 d
b1111111111111111111111101010110000000000000000000000000100101011 #"
#2169
b1111111001100 D
b1111111001100 d
b110010100100000000000000000000000001101110 #"
#2170
b10000000000000 D
b10000000000000 d
b1111111111111111111111101001110111111111111111111111111100100100 #"
#2171
b10000000010000 D
b10000000010000 d
b1111111111111111111111111010101011111111111111111111111110001010 #"
#2172
b1111111001011 D
b1111111001011 d
b1111111111111111111111111111010111111111111111111111111111000001 #"
#2173
b10000000110000 D
b10000000110000 d
b1111111111111111111111101010101011111111111111111111111110001101 #"
#2174
b1111111101011 D
b1111111101011 d
b1111111111111111111111111001111000000000000000000000000001111011 #"
#2175
b1111111100010 D
b1111111100010 d
b100011011111111111111111111111111101000001 #"
#2176
b10000000010001 D
b10000000010001 d
b10010000011111111111111111111111011001110 #"
#2177
b1111111101110 D
b1111111101110 d
b1111111111111111111111100110011100000000000000000000000010001011 #"
#2178
b1111111111101 D
b1111111111101 d
b1111111111111111111111100101000000000000000000000000000101100101 #"
#2179
b1111111111010 D
b1111111111010 d
b1111111111111111111111110001011100000000000000000000000001110100 #"
#2180
b10000000010000 D
b10000000010000 d
b11010100111111111111111111111110001101101 #"
#2181
b1111111011101 D
b1111111011101 d
b111111011111111111111111111111101010101 #"
#2182
b1111111010100 D
b1111111010100 d
b10110100011111111111111111111110111100011 #"
#2183
b10000000010100 D
b10111010010100 d
b10010101000000000000000000000001010101011 #"
#2184
b1111111110111 D
b11111111110111 d
b1111111111111111111111100100010100000000000000000000001100101010 #"
#2185
b11111111100011 D
b11111111100011 d
b1111111111111111111111011011010111111111111111111111110111001100 #"
#2186
b11101111000001 D
b11000000000001 d
b10001111011111111111111111111111011000001 #"
#2187
b1111111111111 D
b1111111101110 d
b1111111111111111111111111101101111111111111111111111111100000001 #"
#2188
b1111111111101 D
b1111111111101 d
b11111111111111111111111111100001111 #"
#2189
b1111111111100 D
b1111111111100 d
b1111111111111111111111100101100000000000000000000000001001000100 #"
#2190
b10000000010111 D
b10000000010111 d
b1111111111111111111111110101110011111111111111111111111111001011 #"
#2191
b10000000011001 D
b10000000011001 d
b1111111111111111111111101101110011111111111111111111110101011010 #"
#2192
b1111111100011 D
b1111111100011 d
b10100100011111111111111111111110110110101 #"
#2193
b10000000001011 D
b10000000001011 d
b100110111111111111111111111111101000000 #"
#2194
b10000000001010 D
b10000000001010 d
b11000100011111111111111111111111010001010 #"
#2195
b1111111100011 D
b1111111100011 d
b1111111111111111111111011111000011111111111111111111111111001010 #"
#2196
b1111111110100 D
b1111111110100 d
b1111111111111111111111110010110111111111111111111111111110101100 #"
#2197
b1111111001111 D
b1111111001111 d
b1111111111111111111111100001111000000000000000000000000000110100 #"
#2198
b10000000001101 D
b10000000001101 d
b10000101111111111111111111111111000100111 #"
#2199
b1111111001011 D
b1111111001011 d
b1111010100000000000000000000001010110101 #"
#2200
b10000000100110 D
b10000000100110 d
b11010110100000000000000000000000000011110 #"
#2201
b10000000000100 D
b10000000000100 d
b11001010111111111111111111111111100111101 #"
#2202
b1111111011111 D
b1111111011111 d
b100010011111111111111111111111101111010 #"
#2203
b1111111111111 D
b1111111111111 d
b1110010000000000000000000000000101010110 #"
#2204
b10000000010011 D
b10000000010011 d
b11100011111111111111111111111110110000 #"
#2205
b1111111100011 D
b1111111100011 d
b10100010100000000000000000000000011000110 #"
#2206
b10000000010111 D
b10000000010111 d
b1000111100000000000000000000000010000100 #"
#2207
b1111111011010 D
b1111111011010 d
b1111111111111111111111100100110000000000000000000000000000101101 #"
#2208
b1111111111000 D
b1111111111000 d
b1111111111111111111111111000011011111111111111111111111000111000 #"
#2209
b10000000001111 D
b10000000001111 d
b1111111111111111111111111110010111111111111111111111111100010101 #"
#2210
b10000000100010 D
b10000000100010 d
b1111111111111111111111111101110111111111111111111111111001001000 #"
#2211
b1111111000010 D
b1111111000010 d
b1001100111111111111111111111111100010010 #"
#2212
b10000000000000 D
b10000000000000 d
b1111111111111111111111111000010111111111111111111111111101001011 #"
#2213
b10000000010000 D
b10000000010000 d
b110010011111111111111111111111111011110 #"
#2214
b10000000000001 D
b10000000000001 d
b1111111111111111111111011110011011111111111111111111111100101001 #"
#2215
b1111111011111 D
b1111111011111 d
b1111111111111111111111100100110000000000000000000000000101001110 #"
#2216
b10000000011101 D
b10000000011101 d
b101010001111111111111111111111111110100110 #"
#2217
b1111111100111 D
b1111111100111 d
b1111111111111111111111110111001111111111111111111111110100110100 #"
#2218
b1111111011011 D
b1111111111011 d
b11001100100000000000000000000000011000001 #"
#2219
b10000000011111 D
b10111010011111 d
b100011001100000000000000000000000001101111 #"
#2220
b10000000001011 D
b10000000011111 d
b1111111111111111111111110011011100000000000000000000000101111010 #"
#2221
b11111111001111 D
b11111111001111 d
b11000111111111111111111111111111100100100 #"
#2222
b11111111010101 D
b11111111010101 d
b1111111111111111111111111101000100000000000000000000000000010011 #"
#2223
b10000000010011 D
b10000000010011 d
b111001000000000000000000000000001101111 #"
#2224
b10111111101010 D
b10111111001010 d
b1111111111111111111111111001101111111111111111111111111111100101 #"
#2225
b1111111101010 D
b1111111101010 d
b101010111111111111111111111111100010011 #"
#2226
b10000000001010 D
b10000000001010 d
b1111111111111111111111010011110000000000000000000000000100011101 #"
#2227
b1111111111100 D
b1111111111100 d
b1111111111111111111111010110011000000000000000000000000001111000 #"
#2228
b1111111101100 D
b1111111101100 d
b110111000000000000000000000000000010100001 #"
#2229
b10000000000001 D
b10000000000001 d
b11001100111111111111111111111111010110111 #"
#2230
b1111111110110 D
b1111111110110 d
b11010001000000000000000000000001100101001 #"
#2231
b10000000001001 D
b10000000001001 d
b1111111111111111111111110100011000000000000000000000000111100001 #"
#2232
b1111111111010 D
b1111111111010 d
b101001011100000000000000000000000110001010 #"
#2233
b10000000000001 D
b10000000000001 d
b101101011000000000000000000000000000001111 #"
#2234
b1111111111001 D
b1111111111001 d
b10101001011111111111111111111111000010110 #"
#2235
b1111111101110 D
b1111111101110 d
b110110011111111111111111111110111011000 #"
#2236
b1111111111100 D
b1111111111100 d
b10011000000000000000000000000101000101 #"
#2237
b10000000010011 D
b10000000010011 d
b101010100011111111111111111111111100111000 #"
#2238
b1111111100000 D
b1111111100000 d
b101001010000000000000000000000000101010110 #"
#2239
b10000000001001 D
b10000000001001 d
b1111111111111111111111110101110011111111111111111111111000101010 #"
#2240
b1111111100001 D
b1111111100001 d
b101111001111111111111111111111111000000110 #"
#2241
b1111111110011 D
b1111111110011 d
b1010000011111111111111111111111100101111 #"
#2242
b1111111101101 D
b1111111101101 d
b1111111111111111111111111111110000000000000000000000001001011000 #"
#2243
b10000000001000 D
b10000000001000 d
b1111111111111111111110110010100100000000000000000000000110010001 #"
#2244
b1111111100101 D
b1111111100101 d
b10011010111111111111111111111111011001101 #"
#2245
b10000000000010 D
b10000000000010 d
b1111111111111111111111101100000011111111111111111111110100000010 #"
#2246
b1111111110000 D
b1111111110000 d
b1111111111111111111111101011111000000000000000000000000100001101 #"
#2247
b10000000101101 D
b10000000101101 d
b1111111111111111111111110001011100000000000000000000000101000111 #"
#2248
b1111111011000 D
b1111111011000 d
b1111111111111111111111111110011111111111111111111111111110111010 #"
#2249
b1111111101001 D
b1111111101001 d
b1010000111111111111111111111111000110001 #"
#2250
b1111111111110 D
b1111111111110 d
b111100100000000000000000000000010110111 #"
#2251
b1111111110101 D
b1111111110101 d
b1010011111111111111111111111110111111001 #"
#2252
b1111111110010 D
b1111111110010 d
b1111111111111111111111110011111111111111111111111111111110001000 #"
#2253
b10000000110010 D
b10000000110010 d
b1111111111111111111111101011110011111111111111111111111101010101 #"
#2254
b1111111100110 D
b1111111100110 d
b11001110011111111111111111111111001101010 #"
#2255
b10010000011010 D
b11111111011110 d
b1111111111111111111111100111000011111111111111111111100011011101 #"
#2256
b1111111011001 D
b11111111011001 d
b100000011100000000000000000000000111111011 #"
#2257
b1111111110011 D
b1111111110011 d
b1111111111111111111111100111100011111111111111111111110101010011 #"
#2258
b1111111111111 D
b1111111111111 d
b1111111111111111111111010010111000000000000000000000001011011111 #"
#2259
b11111111111101 D
b1111111111101 d
b11010011000000000000000000000000001000110 #"
#2260
b10000000000001 D
b10000000000001 d
b11010111111111111111111111111010111101 #"
#2261
b1111111101011 D
b1111111101011 d
b11010010111111111111111111111111011111010 #"
#2262
b1111111101110 D
b1111111101110 d
b10101111111111111111111111110111111011 #"
#2263
b1111111101100 D
b1111111101100 d
b10000101100000000000000000000000011100111 #"
#2264
b10000000010101 D
b10000000010101 d
b1110111000000000000000000000010001001110 #"
#2265
b1111111111011 D
b1111111111011 d
b1111111111111111111111100001001100000000000000000000000001011001 #"
#2266
b10000000100000 D
b10000000100000 d
b111001110011111111111111111111111101001001 #"
#2267
b1111111011111 D
b1111111011111 d
b1101001111111111111111111111111010011111 #"
#2268
b1111111111001 D
b1111111111001 d
b1111111111111111111111101001101011111111111111111111110111000000 #"
#2269
b1111111100010 D
b1111111100010 d
b1111111111111111111111111000011000000000000000000000001000101011 #"
#2270
b10000000010011 D
b10000000010011 d
b1101010100000000000000000000000110100111 #"
#2271
b1111111101111 D
b1111111101111 d
b1100110000000000000000000000000001001101 #"
#2272
b10000000010100 D
b10000000010100 d
b1111111111111111111111111100000000000000000000000000001000000001 #"
#2273
b1111111100110 D
b1111111100110 d
b1111111111111111111110110001100011111111111111111111111110101011 #"
#2274
b10000000000011 D
b10000000000011 d
b1001011100000000000000000000000000100000 #"
#2275
b1111111100011 D
b1111111100011 d
b1111111111111111111111000000101100000000000000000000000010010111 #"
#2276
b1111111110001 D
b1111111110001 d
b10100000000000000000000000000000011010 #"
#2277
b1111111010111 D
b1111111010111 d
b1111111111111111111111110000101100000000000000000000000000110001 #"
#2278
b10000000100010 D
b10000000100010 d
b111111000000000000000000000000010111100 #"
#2279
b1111111110011 D
b1111111110011 d
b10010100111111111111111111111111101011010 #"
#2280
b10000000001101 D
b10000000001101 d
b1111111111111111111111000110101100000000000000000000000101011100 #"
#2281
b1111111110001 D
b1111111110001 d
b100100001000000000000000000000000100101111 #"
#2282
b10000000010101 D
b10000000010101 d
b11011110000000000000000000000000111110011 #"
#2283
b1111111011110 D
b1111111011110 d
b1111111111111111111111011111011011111111111111111111111101010011 #"
#2284
b10000000000001 D
b10000000000001 d
b1010110000000000000000000000001100111011 #"
#2285
b1111111100000 D
b1111111100000 d
b1100010000000000000000000000000101011001 #"
#2286
b10000000001101 D
b10000000001101 d
b1111111111111111111111101110011000000000000000000000000001000111 #"
#2287
b1111111100000 D
b1111111100000 d
b1111111111111111111111011111001011111111111111111111111010110111 #"
#2288
b1111111111000 D
b1111111111000 d
b1000100011111111111111111111111101000001 #"
#2289
b10000000000001 D
b10000000100001 d
b1111111111111111111111111001011111111111111111111111111111001110 #"
#2290
b10000000000101 D
b10000000000101 d
b11100001011111111111111111111111111101101 #"
#2291
b1111111101100 D
b1111111101101 d
b1111111111111111111111110111111100000000000000000000001100001011 #"
#2292
b11111111111111 D
b11111111111111 d
b1111111111111111111111111111001011111111111111111111111011001010 #"
#2293
b11111111010111 D
b11001101010111 d
b10110010100000000000000000000000000111111 #"
#2294
b11111111010110 D
b11111111010110 d
b1111111111111111111111111101001111111111111111111111111101001000 #"
#2295
b10111101000101 D
b10111101000101 d
b11111111111111111111111110100101 #"
#2296
b1111111101101 D
b1111111101101 d
b1111111111111111111111000101110111111111111111111111111110110101 #"
#2297
b10000000100010 D
b10000000100010 d
b1111111111111111111111110011100111111111111111111111111101111010 #"
#2298
b1111111101111 D
b1111111101101 d
b101011011111111111111111111110101110010 #"
#2299
b1111111101111 d
b1111111111111111111111111010000011111111111111111111110001001010 #"
#2300
b10000000011111 D
b10000000011111 d
b1111111111111111111111101010101011111111111111111111111010001001 #"
#2301
b1111111101010 D
b1111111101010 d
b1111111111111111111111001100110011111111111111111111111110101001 #"
#2302
b1111111101000 D
b1111111101000 d
b1111111111111111111111101011101100000000000000000000000001111001 #"
#2303
b1111111111111 D
b1111111111111 d
b10111000000000000000000000000010010110 #"
#2304
b1111111111001 D
b1111111111001 d
b100011100000000000000000000000000010000111 #"
#2305
b10000000000000 D
b10000000000000 d
b1111111111111111111111100010000111111111111111111111111110011011 #"
#2306
b1111111010011 D
b1111111010011 d
b1111111111111111111111101111101111111111111111111111111101111011 #"
#2307
b10000001000111 D
b10000001000111 d
b1000000000000000000000000000000000101001 #"
#2308
b1111110111100 D
b1111110111100 d
b10101010111111111111111111111110001001100 #"
#2309
b1111111100101 D
b1111111100101 d
b1111111111111111111111100101000011111111111111111111111111101011 #"
#2310
b10000000011011 D
b10000000011011 d
b1111111111111111111111110010011100000000000000000000001100101011 #"
#2311
b1111111111001 D
b1111111111001 d
b11001011111111111111111111111111100100111 #"
#2312
b1111111110011 D
b1111111110011 d
b10101110100000000000000000000000010101001 #"
#2313
b1111111111001 D
b1111111111001 d
b111001011111111111111111111110111101000 #"
#2314
b10000000001110 D
b10000000001110 d
b1111111111111111111111001110101111111111111111111111111111111101 #"
#2315
b10000000001111 D
b10000000001111 d
b1011101100000000000000000000001010110001 #"
#2316
b1111111010100 D
b1111111010100 d
b1111111111111111111110111110100011111111111111111111111101101011 #"
#2317
b10000000011011 D
b10000000011011 d
b1111111111111111111110100011100011111111111111111111111110100011 #"
#2318
b1111111110011 D
b1111111110011 d
b11001010111111111111111111111110001111101 #"
#2319
b1111111101010 D
b1111111101010 d
b1111111111111111111111110010110000000000000000000000000111000111 #"
#2320
b1111111111111 D
b1111111111111 d
b110001101111111111111111111111111100111110 #"
#2321
b1111111101011 D
b1111111101011 d
b100011011111111111111111111111110010101101 #"
#2322
b10000000000110 D
b10000000000110 d
b1111111111111111111111011010111111111111111111111111111101000101 #"
#2323
b1111111010101 D
b1111111010101 d
b1111111111111111111111110000011100000000000000000000000111011100 #"
#2324
b10000000100101 D
b10000000100101 d
b1111111111111111111110111101001111111111111111111111111100010100 #"
#2325
b1111111110111 D
b1111111110111 d
b11000100011111111111111111111110101011000 #"
#2326
b1111111111110 D
b1111111111110 d
b11011011011111111111111111111110000000110 #"
#2327
b10010010101010 D
b10111111111110 d
b101100111111111111111111111110011000001 #"
#2328
b1111111100111 D
b11111111000111 d
b1111111111111111111111110001001100000000000000000000010110010101 #"
#2329
b11111111101111 D
b11111111100111 d
b1111111111111111111110111000110011111111111111111111111011100010 #"
#2330
b10000000001111 D
b10000000001111 d
b11001001111111111111111111111111111110111 #"
#2331
b10000000001101 D
b10000000001101 d
b1111111111111111111111011010001000000000000000000000001010011000 #"
#2332
b10000001001101 D
b10000001001101 d
b101011101100000000000000000000000101100011 #"
#2333
b10111111100101 D
b10111101000101 d
b111011111111111111111111111001000001 #"
#2334
b1111111100101 D
b1111111100101 d
b100111111100000000000000000000001101010010 #"
#2335
b10000000000011 D
b10000000000011 d
b1000001010111111111111111111111111010111000 #"
#2336
b1111110101111 D
b1111110101111 d
b1111111111111111111111111001011111111111111111111111110100000010 #"
#2337
b10000000011010 D
b10000000011010 d
b111011000011111111111111111111111110011000 #"
#2338
b10000000011100 D
b10000000011100 d
b110011100000000000000000000001000110110 #"
#2339
b1111110110100 D
b1111110110100 d
b1111111111111111111111100000100111111111111111111111111101010011 #"
#2340
b10000000111110 D
b10000000111110 d
b1111111111111111111111111100111100000000000000000000001111001001 #"
#2341
b1111111110110 D
b1111111110110 d
b1111111111111111111111100010111100000000000000000000000000111111 #"
#2342
b1111111100100 D
b1111111100100 d
b1111111111111111111111011110101100000000000000000000000000001100 #"
#2343
b1111111110111 D
b1111111110111 d
b1111111111111111111111001101010111111111111111111111111000011110 #"
#2344
b1111111101111 D
b1111111101111 d
b1111111111111111111111011100101100000000000000000000001111111111 #"
#2345
b10000000001010 D
b10000000001010 d
b101111101000000000000000000000000101101111 #"
#2346
b1111111100001 D
b1111111100001 d
b1111111111111111111110101110111100000000000000000000000101000011 #"
#2347
b10000000011000 D
b10000000011000 d
b10010110011111111111111111111110010000111 #"
#2348
b1111111011100 D
b1111111011100 d
b1111111111111111111111010110100100000000000000000000001010001101 #"
#2349
b1111111111100 D
b1111111111100 d
b1111111111111111111111011111010000000000000000000000000100111100 #"
#2350
b1111111111101 D
b1111111111101 d
b1100100000000000000000000001010011001 #"
#2351
b1111111110000 D
b1111111110000 d
b1111111111111111111111001111111011111111111111111111111100110001 #"
#2352
b10000000011101 D
b10000000011101 d
b1111111111111111111111011001101000000000000000000000001010100000 #"
#2353
b1111111111110 D
b1111111111110 d
b1111111111111111111111001110111011111111111111111111111101011000 #"
#2354
b1111111110001 D
b1111111110001 d
b1111111111111111111111111110000011111111111111111111111101001011 #"
#2355
b10000000001000 D
b10000000001000 d
b1111111111111111111111100110011111111111111111111111111101010010 #"
#2356
b1111111101111 D
b1111111101111 d
b1111111111111111111111111010011100000000000000000000010000111000 #"
#2357
b1111111110110 D
b1111111110110 d
b1111111111111111111111110000010011111111111111111111111110000000 #"
#2358
b1111111001000 D
b1111111001000 d
b1111111111111111111111011110100011111111111111111111110001001100 #"
#2359
b10000000100001 D
b10000000100001 d
b1111111111111111111111011011000000000000000000000000011011111000 #"
#2360
b10000000001001 D
b10000000001001 d
b1111111111111111111110011110000011111111111111111111110111000010 #"
#2361
b111101111111111111111111111111001000001 #"
#2362
b1111111101001 D
b1111111101001 d
b1111010001011111111111111111111101111000101 #"
#2363
b1111111111111 D
b1111111111111 d
b1111111111111111111111011100101000000000000000000000101011000100 #"
#2364
b11111110111111 D
b11111111111111 d
b1101101011011111111111111111111110111100111 #"
#2365
b11111111011111 D
b11111111011111 d
b101001001111111111111111111111100110010011 #"
#2366
b1111111110111 D
b1111111110111 d
b1111111111111111111110011001101111111111111111111111100110011011 #"
#2367
b11111111110001 D
b1111111110001 d
b1101110100011111111111111111111101111000110 #"
#2368
b10000000110001 D
b10000000110001 d
b1111111111111111111111000010001000000000000000000000100011111110 #"
#2369
b1111111001110 D
b1111111001110 d
b1111111111111111111101101010001011111111111111111111110000111110 #"
#2370
b10000000010111 D
b10000000010111 d
b1000101110100000000000000000000101111110000 #"
#2371
b10000000001011 D
b10000000001011 d
b1111111111111111111111101101000000000000000000000000010011110110 #"
#2372
b1111111001000 D
b1111111001000 d
b100001101011111111111111111111110011100100 #"
#2373
b1111111100111 D
b1111111100111 d
b1111111111111111111110001111001011111111111111111111111110111101 #"
#2374
b10000000000101 D
b10000000000101 d
b1101100011111111111111111111100110110110 #"
#2375
b10000000010110 D
b10000000010110 d
b1111111111111111111111110100000100000000000000000000000101110010 #"
#2376
b1111111110011 D
b1111111110011 d
b1111111111111111111110101101000111111111111111111111111111100011 #"
#2377
b10000000000110 D
b10000000000110 d
b111111010011111111111111111111110100100000 #"
#2378
b10000000000000 D
b10000000000000 d
b1111111111111111111111111010001111111111111111111111111101101010 #"
#2379
b1111111011111 D
b1111111011111 d
b1111111111111111111111011011101011111111111111111111110001011011 #"
#2380
b10000000001010 D
b10000000001010 d
b1111111111111111111111110101101000000000000000000000001001011000 #"
#2381
b10000000001110 D
b10000000001110 d
b111111000000000000000000000000001011011110 #"
#2382
b1111111101100 D
b1111111101100 d
b1111111111111111111110010101111000000000000000000000001101000000 #"
#2383
b1111111111000 D
b1111111111000 d
b1101100000000000000000000000000100110101 #"
#2384
b10000000100001 D
b10000000100001 d
b1111111111111111111111111010110111111111111111111111111110011000 #"
#2385
b1111111001101 D
b1111111001101 d
b1111111111111111111111100110100011111111111111111111110111010111 #"
#2386
b10000000000001 D
b10000000000001 d
b10000110100000000000000000000001111001010 #"
#2387
b10000000001110 D
b10000000001110 d
b1010000011111111111111111111011000100001 #"
#2388
b1111111011000 D
b1111111011000 d
b1111111111111111111110111110101011111111111111111111111110010001 #"
#2389
b1111111110111 D
b1111111110111 d
b1111111111111111111110011011011100000000000000000000000010011100 #"
#2390
b10000000101111 D
b10000000101111 d
b1111111111111111111111101110000011111111111111111111110010000110 #"
#2391
b1111111011111 D
b1111111011111 d
b100110000100000000000000000000001011100111 #"
#2392
b1111111111011 D
b1111111111011 d
b10010110111111111111111111111111001001101 #"
#2393
b10000000010101 D
b10000000010101 d
b1111111111111111111111011100011000000000000000000000000000000110 #"
#2394
b10000000000010 D
b10000000000010 d
b1111111111111111111110110110001100000000000000000000000010001010 #"
#2395
b1111111001000 D
b1111111001000 d
b11011100000000000000000000001100110111 #"
#2396
b10000000010000 D
b10000000010000 d
b10011111111111111111111111101010001011 #"
#2397
b1111111011010 D
b1111111011010 d
b1111111111111111111111110100101111111111111111111111111010011011 #"
#2398
b10010000001000 D
b10111111001010 d
b1111111111111111111111010110100111111111111111111111111111111010 #"
#2399
b1111111101101 D
b11111111101101 d
b101100000000000000000000000000000011111 #"
#2400
b11111111101101 D
b1111111111111111111110111101010000000000000000000000000100110100 #"
#2401
b11101111001100 D
b11000000001100 d
b101110010100000000000000000000001101111000 #"
#2402
b1111111110110 D
b1111111110110 d
b1111111111111111111111110100111011111111111111111111110010011000 #"
#2403
b1111111111111111111111101111110100000000000000000000000100001001 #"
#2404
b10000000011011 D
b10000000011011 d
b10100001100000000000000000000000111001111 #"
#2405
b1111111001110 D
b1111111001110 d
b1111111111111111111111011100011011111111111111111111111111011010 #"
#2406
b1111111100110 D
b1111111100110 d
b1111111111111111111111110110011011111111111111111111110011111111 #"
#2407
b10000000111101 D
b10000000111101 d
b1111111111111111111111111011110100000000000000000000000001010000 #"
#2408
b1111111010111 D
b1111111010111 d
b1111111111111111111110111111000000000000000000000000000110010110 #"
#2409
b1111111110111 D
b1111111110111 d
b1111111111111111111111010010100011111111111111111111110111111110 #"
#2410
b1111111101100 D
b1111111101100 d
b1111111111111111111111111101101111111111111111111111101010110100 #"
#2411
b10000000001111 D
b10000000001111 d
b1111111111111111111111010111010000000000000000000000000000101111 #"
#2412
b1111111010001 D
b1111111010001 d
b1111111111111111111111110100100100000000000000000000011000101101 #"
#2413
b10000000010101 D
b10000000010101 d
b1111111111111111111111011010001000000000000000000000001000000011 #"
#2414
b10000000001111 D
b10000000001111 d
b1111111111111111111111110010001000000000000000000000000010010101 #"
#2415
b1111111011101 D
b1111111011101 d
b1111111111111111111111111011111100000000000000000000001011100100 #"
#2416
b1111111101010 D
b1111111101010 d
b1111111111111111111111100100101111111111111111111111110110110011 #"
#2417
b10000000010000 D
b10000000010000 d
b1111111111111111111111100101011011111111111111111111110110110000 #"
#2418
b1111111100111 D
b1111111100111 d
b10100100011111111111111111111111101001000 #"
#2419
b1111111100010 D
b1111111100010 d
b1010110011111111111111111111111100011101 #"
#2420
b10000000010111 D
b10000000010111 d
b1000001011111111111111111111111100111111 #"
#2421
b1111111101001 D
b1111111101001 d
b1011000111000000000000000000000001000101011 #"
#2422
b1111111101101 D
b1111111101101 d
b111111011111111111111111111111011000101 #"
#2423
b10000000110010 D
b10000000110010 d
b1111111111111111111111110101100000000000000000000000001111011100 #"
#2424
b1111111000110 D
b1111111000110 d
b1111111111111111111111100011101011111111111111111111111001111011 #"
#2425
b1111111100001 D
b1111111100001 d
b1100100110011111111111111111111110110101011 #"
#2426
b10000000011000 D
b10000000011000 d
b1111111111111111111111011010110111111111111111111111111111011010 #"
#2427
b1111111011111 D
b1111111011111 d
b1111111111111111111111110101111111111111111111111111101110111101 #"
#2428
b1111111001011 D
b1111111001011 d
b1111111111111111111111101110000000000000000000000000000100110100 #"
#2429
b10000000100010 D
b10000000100010 d
b1111111111111111111111010001100100000000000000000000001001000100 #"
#2430
b10000000000110 D
b10000000000110 d
b10111000111111111111111111111110110100110 #"
#2431
b1111111100001 D
b1111111100001 d
b1111111111111111111111111001001011111111111111111111110111111110 #"
#2432
b1111111100101 D
b1111111100101 d
b1101100101111111111111111111111111001001001 #"
#2433
b10000000101001 D
b10001000101001 d
b1111111111111111111111111001001100000000000000000000000001000101 #"
#2434
b1111111101111 D
b1111111101111 d
b1110011111111111111111111111110011111 #"
#2435
b1111111111111 D
b1111111111111 d
b111100010000000000000000000000001011001001 #"
#2436
b11111111111110 D
b11111111111110 d
b1111111111111111111111111101101111111111111111111111110001100001 #"
#2437
b11000001101010 D
b10000000101010 d
b1111111111111111111111111101111100000000000000000000000011101010 #"
#2438
b1111111101101 D
b1111111101101 d
b1111111111111111111111111111001111111111111111111111111010001000 #"
#2439
b1111111100101 D
b1111111100101 d
b1111111111111111111111100111101111111111111111111111111110111110 #"
#2440
b10101100011101 D
b10000000011101 d
b1111111111111111111111011101011111111111111111111111110101000010 #"
#2441
b1111111111111 D
b1111111111111 d
b1111111111111111111111111101111000000000000000000000000101111001 #"
#2442
b1111111110110 D
b1111111110110 d
b1110011111111111111111111111100100111 #"
#2443
b1111111100011 D
b1111111100011 d
b101110101000000000000000000000000010100100 #"
#2444
b10000000000000 D
b10000000000000 d
b11100101011111111111111111111111010110010 #"
#2445
b1111111011001 D
b1111111011001 d
b100001010111111111111111111111111100001111 #"
#2446
b10000000001010 D
b10000000001010 d
b1111111111111111111111111011001111111111111111111111111001011100 #"
#2447
b10000000011001 D
b10000000011001 d
b1000000011000000000000000000000000110100100 #"
#2448
b1111111010110 D
b1111111010110 d
b1111111111111111111111010011101111111111111111111111100000101000 #"
#2449
b1111111101011 D
b1111111101011 d
b1111111111111111111111001000000100000000000000000000000100110000 #"
#2450
b1111111110011 D
b1111111110011 d
b1111111111111111111111110101110000000000000000000000001000111110 #"
#2451
b1111111111110 D
b1111111111110 d
b1111111111111111111111010010110111111111111111111111110111010101 #"
#2452
b10000000000111 D
b10000000000111 d
b1111111111111111111111001100100011111111111111111111110111010001 #"
#2453
b10000000000100 D
b10000000000100 d
b111101010011111111111111111111101000010110 #"
#2454
b1111111110111 D
b1111111110111 d
b1101000011111111111111111111111101110000 #"
#2455
b1111111010111 D
b1111111010111 d
b1100010110000000000000000000000011000010010 #"
#2456
b10000000110001 D
b10000000110001 d
b10010000000000000000000000010001100011 #"
#2457
b1111111100010 D
b1111111100010 d
b1111111111111111111111011011011000000000000000000000010000100110 #"
#2458
b1111111111101 D
b1111111111101 d
b1001010001000000000000000000000010001100100 #"
#2459
b1111111110001 D
b1111111110001 d
b111111111111111111111111011101010001 #"
#2460
b1111111101111 D
b1111111101111 d
b100000111100000000000000000000000111100101 #"
#2461
b10000000000111 D
b10000000000111 d
b1111111111111111111111110111111011111111111111111111001100011111 #"
#2462
b10000000010100 D
b10000000010100 d
b1111111111111111111111010111110100000000000000000000000110100110 #"
#2463
b1111111000010 D
b1111111000010 d
b10111110111111111111111111111111111000101010 #"
#2464
b1111111111110 D
b1111111111110 d
b1111111111111111111111101100010000000000000000000000101001001110 #"
#2465
b1111111011101 D
b1111111011101 d
b101010010100000000000000000000010111001101 #"
#2466
b1111111101010 D
b1111111101010 d
b101110010100000000000000000000000111001000 #"
#2467
b1111111101111 D
b1111111101111 d
b110010111011111111111111111111111111011111 #"
#2468
b1111111111111 D
b1111111111111 d
b1111111111111111111110001001100000000000000000000000000010011000 #"
#2469
b1111111111101 D
b1111111111101 d
b1111111111111111111111101111010100000000000000000000001101010011 #"
#2470
b1111111111111111111110110001010000000000000000000000011000111101 #"
#2471
b10111110111111 D
b11111111111111 d
b1111111111111111111110011100011011111111111111111111111011000000 #"
#2472
b11111111011110 D
b11000001011110 d
b1111111111111111111111010100000011111111111111111111111110111101 #"
#2473
b1111111111011 D
b1111111111011 d
b101001100000000000000000000000001001100 #"
#2474
b110010011011111111111111111111100110011100 #"
#2475
b1001110001011111111111111111111111110100100 #"
#2476
b1111111101000 D
b1111111101000 d
b1111111111111111111110001001111000000000000000000000001000110111 #"
#2477
b10000000010010 D
b10000000010010 d
b1111111111111111111111111011001111111111111111111111101000101010 #"
#2478
b1111111101001 D
b1111111101001 d
b1111111111111111111111110100011011111111111111111111101011011010 #"
#2479
b10000000001000 D
b10000000001000 d
b10110001000000000000000000000000011010101 #"
#2480
b10000000010010 D
b10000000010010 d
b1001101101100000000000000000000011000101101 #"
#2481
b1111111100010 D
b1111111100010 d
b101000110011111111111111111111101010100010 #"
#2482
b1111111111000 D
b1111111111000 d
b1111111111111111111111101100101000000000000000000000010011001111 #"
#2483
b1111111101110 D
b1111111101110 d
b1111111111111111111111100101111011111111111111111111110101110010 #"
#2484
b10000000000101 D
b10000000000101 d
b101101101111111111111111111111110100010000 #"
#2485
b1111111110010 D
b1111111110010 d
b101001110111111111111111111111111101111001 #"
#2486
b10000000011001 D
b10000000011001 d
b1111111111111111111111010101010000000000000000000000000000101011 #"
#2487
b1111111111111 D
b1111111111111 d
b1111111111111111111111110111101100000000000000000000000000000010 #"
#2488
b1111111000110 D
b1111111000110 d
b10010010000000000000000000000000100000011 #"
#2489
b10000000010000 D
b10000000010000 d
b110100011100000000000000000000001010100010 #"
#2490
b1111111011011 D
b1111111011011 d
b1111111111111111111111111111110000000000000000000000000110100100 #"
#2491
b1111111100100 D
b1111111100100 d
b1111111111111111111110100100111111111111111111111111110110001101 #"
#2492
b10000000000110 D
b10000000000110 d
b1111111111111111111111010011000000000000000000000000000010111111 #"
#2493
b10000000000100 D
b10000000000100 d
b1111111111111111111111101101000111111111111111111111101111100011 #"
#2494
b10000000011011 D
b10000000011011 d
b1111111111111111111111100001010111111111111111111111111111111101 #"
#2495
b1111111011010 D
b1111111011010 d
b1010000100000000000000000000000101110011 #"
#2496
b10000000001000 D
b10000000001000 d
b110010011111111111111111111111111100111110 #"
#2497
b1111111011100 D
b1111111011100 d
b100100000000000000000000000001000011001 #"
#2498
b1111111111100 D
b1111111111100 d
b1111111111111111111111111010111100000000000000000000010010010101 #"
#2499
b10000000000101 D
b10000000000101 d
b1111111111111111111111100011100000000000000000000000000111110100 #"
#2500
b1111111111010 D
b1111111111010 d
b1111111111111111111111101101000100000000000000000000001011111111 #"
#2501
b10000000011100 D
b10000000011100 d
b1111111111111111111111001101110111111111111111111111111010010011 #"
#2502
b1111111011000 D
b1111111011000 d
b1000011011111111111111111111111100000001 #"
#2503
b1111111111011 D
b1111111111011 d
b10011100000000000000000000001010111011 #"
#2504
b1111111100001 D
b1111111100001 d
b1111111111111111111111110101011100000000000000000000001000001010 #"
#2505
b1111111011000 D
b1111111111000 d
b1001001000000000000000000000000011111010 #"
#2506
b10011010011110 D
b11111111011110 d
b110011000000000000000000000000110011010 #"
#2507
b11111111111110 D
b11101100000000000000000000000111010101 #"
#2508
b1111111101011 D
b1111111101011 d
b1111111111111111111111111101101000000000000000000000000101011001 #"
#2509
b11111111111011 D
b1111111111111111111111110100010100000000000000000000000000011010 #"
#2510
b10000000010000 D
b10000000010000 d
b101011000000000000000000000000110100110 #"
#2511
b1111111101110 D
b1111111101110 d
b101010111111111111111111111111101001010 #"
#2512
b10000000001101 D
b10000000001101 d
b101000100000000000000000000000111000001 #"
#2513
b1111111011010 D
b1111111011010 d
b10001100000000000000000000001001010100 #"
#2514
b10000000000001 D
b10000000000001 d
b1111111111111111111111000110111000000000000000000000000000100001 #"
#2515
b10000000001011 D
b10000000001011 d
b1111111111111111111111111100000111111111111111111111111010000001 #"
#2516
b1111111111000 D
b1111111111000 d
b100101011100000000000000000000000100110001 #"
#2517
b10000000000011 D
b10000000000011 d
b110000111111111111111111111111110101110 #"
#2518
b1111111100011 D
b1111111100011 d
b1100000000000000000000000000101110100 #"
#2519
b1111111111111111111111100110100000000000000000000000001010010110 #"
#2520
b10000000010110 D
b10000000010110 d
b1111111111111111111111010101101100000000000000000000000101011001 #"
#2521
b1111111001100 D
b1111111001100 d
b10001100000000000000000000000101001011 #"
#2522
b1111111110101 D
b1111111110101 d
b1111111111111111111111010010001111111111111111111111111101010100 #"
#2523
b10000000000100 D
b10000000000100 d
b1111111111111111111111110011100100000000000000000000000011111111 #"
#2524
b10000000011011 D
b10000000011011 d
b1111111111111111111111101001001111111111111111111111111010001101 #"
#2525
b1111110100000 D
b1111110100000 d
b10001101000000000000000000000000001011111 #"
#2526
b10000000010001 D
b10000000010001 d
b100111001100000000000000000000010011111101 #"
#2527
b10000000100010 D
b10000000100010 d
b1111111111111111111111111001100000000000000000000000000011100011 #"
#2528
b1111111010101 D
b1111111010101 d
b1100011000000000000000000000001011110101 #"
#2529
b10000000000100 D
b10000000000100 d
b101000010011111111111111111111111100110101 #"
#2530
b1111111111000 D
b1111111111000 d
b1111111111111111111111110100110100000000000000000000000010101010 #"
#2531
b1111111110000 D
b1111111110000 d
b1111111111111111111111011110100000000000000000000000000011110100 #"
#2532
b10000000010010 D
b10000000010010 d
b1111111111111111111111010011011111111111111111111111111011101101 #"
#2533
b10000000000001 D
b10000000000001 d
b1111111111111111111111011000000011111111111111111111111100111100 #"
#2534
b1111111101001 D
b1111111101001 d
b100000011000000000000000000000001010001010 #"
#2535
b10000000000111 D
b10000000000111 d
b1000010000000000000000000000000000011110101 #"
#2536
b1111111010010 D
b1111111010010 d
b101000000000000000000000000001010110101 #"
#2537
b10000000000010 D
b10000000000010 d
b1111111111111111111111111001011000000000000000000000000111111011 #"
#2538
b1111111111100 D
b1111111111100 d
b11011001000000000000000000000010000111001 #"
#2539
b10000000001101 D
b10000000001101 d
b10110000100000000000000000000001001111100 #"
#2540
b1111111010100 D
b1111111011100 d
b100101111000000000000000000000000110101111 #"
#2541
b1111111110011 D
b1111111110011 d
b1111111111111111111111010110110000000000000000000000001110011001 #"
#2542
b10111110101111 D
b11111111111111 d
b111111000111111111111111111111111110100110 #"
#2543
b11111111111111 D
b1100000000000000000000000000001011011 #"
#2544
b1111111111010 D
b1111111111010 d
b111110001000000000000000000000000001110111 #"
#2545
b11111111100110 D
b1111111100110 d
b1110000111111111111111111111110011100000 #"
#2546
b10000000010110 D
b10000000010110 d
b111010010000000000000000000000001100011111 #"
#2547
b1111111110001 D
b1111111110001 d
b1001000111100000000000000000000000100110001 #"
#2548
b10101101010101 D
b10000000010101 d
b1111111111111111111111111100110100000000000000000000001110001111 #"
#2549
b1111111011101 D
b1111111011101 d
b1100000000000000000000000000001101100000 #"
#2550
b10000000000101 D
b10000000000101 d
b1011001000000000000000000000000000001101 #"
#2551
b1111111110001 D
b1111111110001 d
b1111111111111111111111110010101011111111111111111111110010000001 #"
#2552
b1111111011101 D
b1111111011101 d
b1111111111111111111111111010000111111111111111111111101010110011 #"
#2553
b10000000001000 D
b10000000001000 d
b1111111111111111111111111101001111111111111111111111111111011100 #"
#2554
b10000000000000 D
b10000000000000 d
b101110101011111111111111111111110001111010 #"
#2555
b1111111011101 D
b1111111011101 d
b1111111111111111111111101000000100000000000000000000001010111001 #"
#2556
b1111111110100 D
b1111111110100 d
b110110100100000000000000000000000000110000 #"
#2557
b10000000011000 D
b10000000011000 d
b110000111011111111111111111111101100101011 #"
#2558
b1111111110011 D
b1111111110011 d
b1111111111111111111111100000011100000000000000000000000001100101 #"
#2559
b1111111001101 D
b1111111001101 d
b1111111111111111111110000110110100000000000000000000001001100001 #"
#2560
b10000000010111 D
b10000000010111 d
b11010001111 #"
#2561
b1111111011001 D
b1111111011001 d
b1111001101100000000000000000000001001110001 #"
#2562
b10000000011001 D
b10000000011001 d
b11111101000000000000000000000000001101110 #"
#2563
b10000000001001 D
b10000000001001 d
b1111111111111111111111001111001111111111111111111111101100101100 #"
#2564
b1111111010011 D
b1111111010011 d
b1111111111111111111111001001110000000000000000000000000000110011 #"
#2565
b1111111101100 D
b1111111101100 d
b11001010100000000000000000000001010111100 #"
#2566
b1111111111000 D
b1111111111000 d
b1111111111111111111111010010000111111111111111111111110001111101 #"
#2567
b1111111111111 D
b1111111111111 d
b100011111111111111111111111111111010011 #"
#2568
b1111111100001 D
b1111111100001 d
b101110011111111111111111111101010111000 #"
#2569
b10000000000110 D
b10000000000110 d
b1101110011111111111111111111110010010000 #"
#2570
b10000000000001 D
b10000000000001 d
b1111111111111111111111110101011000000000000000000000000000011100 #"
#2571
b1111111011011 D
b1111111011011 d
b1111111111111111111111110100101000000000000000000000001101011110 #"
#2572
b10000000110111 D
b10000000110111 d
b11001000000000000000000000001110001011 #"
#2573
b1111111110010 D
b1111111110010 d
b1111111111111111111110110111011000000000000000000000000100110001 #"
#2574
b1111111000011 D
b1111111000011 d
b1111111111111111111111000110000100000000000000000000001100100111 #"
#2575
b1111111110101 D
b1111111110101 d
b1111111111111111111111110001101111111111111111111111110011011010 #"
#2576
b10000000001101 D
b10000000101101 d
b1111111111111111111111000010000000000000000000000000000001110101 #"
#2577
b1111111101001 D
b1111111101101 d
b1111111111111111111111111111000000000000000000000000000001100000 #"
#2578
b1111111111011 D
b1111111111011 d
b1111111111111111111111000001101111111111111111111111111110100001 #"
#2579
b11111111011010 D
b11111111011010 d
b101010001100000000000000000000001110100100 #"
#2580
b11111111011110 D
b1111111111111111111111011010010000000000000000000000000110101111 #"
#2581
b1111111111110 D
b1111111111110 d
b1111111111111111111111101010100000000000000000000000001001111010 #"
#2582
b1111111011010 D
b1111111011000 d
b1111111111111111111111100100110100000000000000000000010000110011 #"
#2583
b10000000001010 D
b10000000001010 d
b110000000000000000000000000000111110100 #"
#2584
b1111111111101 D
b1111111111101 d
b1111111111111111111111111010111100000000000000000000001010110011 #"
#2585
b1111111110110 D
b1111111110110 d
b1111111111111111111110111110111100000000000000000000000011110011 #"
#2586
b1111111011100 D
b1111111011100 d
b1111111111111111111111100000000100000000000000000000001010000111 #"
#2587
b10000000101001 D
b10000000101001 d
b101000010111111111111111111111111100111111 #"
#2588
b1111111010110 D
b1111111010110 d
b101101000011111111111111111111111011101010 #"
#2589
b1111111110010 D
b1111111110010 d
b100001101100000000000000000000000011110100 #"
#2590
b10000000011001 D
b10000000011001 d
b1011010100000000000000000000000010101010 #"
#2591
b1111111111100 D
b1111111111100 d
b1111111111111111111111010111011011111111111111111111111100101111 #"
#2592
b10000000000001 D
b10000000000001 d
b1111111111111111111111110011110000000000000000000000001011110111 #"
#2593
b10000000011011 D
b10000000011011 d
b110010000000000000000000000000011100110 #"
#2594
b1111111000100 D
b1111111000100 d
b1111111111111111111111011000100100000000000000000000010011111010 #"
#2595
b10000000010000 D
b10000000010000 d
b1111111111111111111111101110100100000000000000000000000001100101 #"
#2596
b10000000010001 D
b10000000010001 d
b10111010011111111111111111111111010001010 #"
#2597
b1111111111100 D
b1111111111100 d
b1100111000000000000000000000000011111110 #"
#2598
b101110111111111111111111111111111101010110 #"
#2599
b10000001000100 D
b10000001000100 d
b1111111111111111111111111110001000000000000000000000000101000011 #"
#2600
b1111111110100 D
b1111111110100 d
b101010100100000000000000000000000101010001 #"
#2601
b1111111101101 D
b1111111101101 d
b11001011000000000000000000000001010011011 #"
#2602
b10000000011111 D
b10000000011111 d
b1111111111111111111111111110011000000000000000000000000101110110 #"
#2603
b1111111010101 D
b1111111010101 d
b1111111111111111111111111001101011111111111111111111111110110001 #"
#2604
b10000000001010 D
b10000000001010 d
b1111111111111111111111011010111100000000000000000000000100110001 #"
#2605
b10000000001001 D
b10000000001001 d
b100000111111111111111111111111001111111 #"
#2606
b1111111101101 D
b1111111101101 d
b111001111000000000000000000000000000011100 #"
#2607
b10000000001011 D
b10000000001011 d
b1111111111111111111111111101000000000000000000000000001001010011 #"
#2608
b1111111011000 D
b1111111011000 d
b1111111111111111111111111010111000000000000000000000000111000010 #"
#2609
b10000000011000 D
b10000000011000 d
b1111111111111111111111111010001111111111111111111111111101000111 #"
#2610
b1111111010110 D
b1111111010110 d
b1111111111111111111111111010101000000000000000000000000110110011 #"
#2611
b1111111100101 D
b1111111100101 d
b1100011000000000000000000000000000010111 #"
#2612
b10000000101010 D
b10111000101010 d
b10100000000000000000000000000101010101 #"
#2613
b1111111101111 D
b1111111101111 d
b1111111111111111111111111100011000000000000000000000000111010000 #"
#2614
b11111110101111 D
b11111111101111 d
b1111111111111111111111111001111100000000000000000000000110010101 #"
#2615
b11111111001101 D
b11001101001100 d
b1111111111111111111111110110110000000000000000000000000011110100 #"
#2616
b11111111101001 D
b11111111101001 d
b1010110000000000000000000000001000010010 #"
#2617
b10000000001111 D
b10000000001111 d
b1111111111111111111111111101100100000000000000000000001010101101 #"
#2618
b10111111001111 D
b10111111000111 d
b1111111111111111111111110111110111111111111111111111111100000010 #"
#2619
b1111111001111 D
b1111111001111 d
b110010100111111111111111111111111010010111 #"
#2620
b10000000101101 D
b10000000101101 d
b10010110000000000000000000000001100000011 #"
#2621
b1111111110001 D
b1111111100001 d
b11100001000000000000000000000000111111100 #"
#2622
b1111111111000 D
b1111111111000 d
b101101000000000000000000000010010011110 #"
#2623
b10000000011010 D
b10000000011010 d
b1111111111111111111111111100001100000000000000000000001000100101 #"
#2624
b1111111100011 D
b1111111100011 d
b1111111111111111111111001101101011111111111111111111111100111110 #"
#2625
b10000000000001 D
b10000000000001 d
b1111111111111111111111110110000100000000000000000000000101101011 #"
#2626
b1111111100100 D
b1111111100100 d
b11111000011111111111111111111111111111101 #"
#2627
b10000000100001 D
b10000000100001 d
b10010111011111111111111111111101111100010 #"
#2628
b1111111100100 D
b1111111100100 d
b101101000100000000000000000000000010111111 #"
#2629
b1111111101100 D
b1111111101100 d
b1011011101111111111111111111111110110001100 #"
#2630
b10000000010011 D
b10000000010011 d
b101000000000000000000000000110100110 #"
#2631
b1111111110001 D
b1111111110001 d
b1111111111111111111111001011010100000000000000000000001010011000 #"
#2632
b1111111110000 D
b1111111110000 d
b1111111111111111111111101101111100000000000000000000000100000011 #"
#2633
b1111111110100 D
b1111111110100 d
b1000000000000000000000000000000000001100 #"
#2634
b1111111111101 D
b1111111111101 d
b101011101000000000000000000000000000101101 #"
#2635
b1111111110111 D
b1111111110111 d
b1111111111111111111111010111001011111111111111111111111101111011 #"
#2636
b1111111011101 D
b1111111011101 d
b1111111111111111111111010010010011111111111111111111110100001110 #"
#2637
b10000000011110 D
b10000000011110 d
b11010011111111111111111111111110101111011 #"
#2638
b1111111010100 D
b1111111010100 d
b10011110000000000000000000000010011010100 #"
#2639
b1111111111110 D
b1111111111110 d
b1111111111111111111111010111101111111111111111111111101010101110 #"
#2640
b10000000100011 D
b10000000100011 d
b1111111111111111111110110010011100000000000000000000011000101100 #"
#2641
b1111110111101 D
b1111110111101 d
b1111111111111111111111101001111100000000000000000000000011010000 #"
#2642
b1111111111011 D
b1111111111011 d
b1100000011111111111111111111101011011111 #"
#2643
b10000000010001 D
b10000000010001 d
b100011011111111111111111111101000101011 #"
#2644
b1111111111011 D
b1111111111011 d
b1110110011000000000000000000000001000111001 #"
#2645
b1111111101010 D
b1111111101010 d
b1111111111111111111110110011001111111111111111111111111110101100 #"
#2646
b1111111111100 D
b1111111111100 d
b1111111111111111111111001110011111111111111111111111100110011001 #"
#2647
b1111111111110 D
b1111111111110 d
b1111111111111111111111111010111000000000000000000000000001000100 #"
#2648
b1111111010110 D
b1111111110110 d
b101100001111111111111111111111111110111001 #"
#2649
b10010010001011 D
b11111111011111 d
b1100100001011111111111111111111111010111110 #"
#2650
b10000000011101 D
b10000000011101 d
b1001111011100000000000000000000011000111010 #"
#2651
b11111110111111 D
b11111110111111 d
b10000100000000000000000000000001101011000 #"
#2652
b1110111000000000000000000000000000010010000 #"
#2653
b10000000001000 D
b10000000001000 d
b1111111111111111111111001100110011111111111111111111111111011100 #"
#2654
b1111111111111 D
b1111111111111 d
b1111111111111111111111010010001100000000000000000000000111000110 #"
#2655
b10000000000011 D
b10000000000011 d
b1111111111111111111111010110001000000000000000000000010111001101 #"
#2656
b1111111110101 D
b1111111110101 d
b10011110000000000000000000000101001001100 #"
#2657
b1111111011100 D
b1111111011100 d
b1111111111111111111101000001110111111111111111111111111000011110 #"
#2658
b10000000000000 D
b10000000000000 d
b101000010000000000000000000000000110100010 #"
#2659
b1111111111010 D
b1111111111010 d
b1000110011111111111111111111001100011010 #"
#2660
b10000000001100 D
b10000000001100 d
b1111111111111111111111011110110000000000000000000000000111100100 #"
#2661
b1111111010101 D
b1111111010101 d
b1111111111111111111111111111111011111111111111111111011101100000 #"
#2662
b1111111111000 D
b1111111111000 d
b1111111111111111111110110110011100000000000000000000010001011110 #"
#2663
b10000000000111 D
b10000000000111 d
b100101011000000000000000000000010000101101 #"
#2664
b1111110111010 D
b1111110111010 d
b1111111111111111111111111101111100000000000000000000010001100101 #"
#2665
b10000000011110 D
b10000000011110 d
b1111111111111111111110011101111000000000000000000000011000010100 #"
#2666
b1111111100001 D
b1111111100001 d
b1111111111111111111111110010111111111111111111111111111101101110 #"
#2667
b1111111111100 D
b1111111111100 d
b1111111111111111111111000011001111111111111111111111101000011110 #"
#2668
b10000000001111 D
b10000000001111 d
b110011100111111111111111111111110111010011 #"
#2669
b1111111101001 D
b1111111101001 d
b101101011111111111111111111111110111010010 #"
#2670
b10000000001000 D
b10000000001000 d
b1001101000000000000000000000001000111001 #"
#2671
b1111111001011 D
b1111111001011 d
b111000101100000000000000000000000100100100 #"
#2672
b10000000000010 D
b10000000000010 d
b101100011111111111111111111111100000100111 #"
#2673
b10000000000001 D
b10000000000001 d
b1111111111111111111111000000001000000000000000000000000110011110 #"
#2674
b1111111100001 D
b1111111100001 d
b100111011111111111111111111111001011000 #"
#2675
b10000000001110 D
b10000000001110 d
b1111111111111111111111011111001111111111111111111111111100011000 #"
#2676
b1111111110101 D
b1111111110101 d
b1111111111111111111111100011110011111111111111111111111010110001 #"
#2677
b10000000001100 D
b10000000001100 d
b1111111111111111111111010001111100000000000000000000000010100100 #"
#2678
b1111111111010 D
b1111111111010 d
b1111111111111111111111111110100011111111111111111111111100101001 #"
#2679
b1111111011110 D
b1111111011110 d
b10001000000000000000000000000110000010 #"
#2680
b1111111111111 D
b1111111111111 d
b100010101011111111111111111111110101000001 #"
#2681
b1111111010110 D
b1111111010110 d
b11000101111111111111111111111111111001010 #"
#2682
b10000001000101 D
b10000001000101 d
b1000111111111111111111111111001111000 #"
#2683
b1111111110000 D
b1111111110000 d
b1101000000000000000000000000011101000 #"
#2684
b1111111110110 D
b1111111110110 d
b10000111111111111111111111110001100111 #"
#2685
b1111111111011 D
b1111111111111 d
b1111111111111111111111000011110000000000000000000000001011000001 #"
#2686
b1111111111111 D
b1111111111111111111111111110100011111111111111111111111110011011 #"
#2687
b11111111011111 D
b11111111011111 d
b110010100000000000000000000000000111001 #"
#2688
b11111111011110 D
b10111111011110 d
b1111111111111111111110010011011011111111111111111111111001001010 #"
#2689
b1111111011100 D
b1111111011100 d
b111000111111111111111111111110111111101 #"
#2690
b10000000000011 D
b10000000000011 d
b1111111111111111111111101000111011111111111111111111110110101111 #"
#2691
b10111111000001 D
b10001101000001 d
b101110110100000000000000000000001001001000 #"
#2692
b1111111100000 D
b1111111100000 d
b10010100100000000000000000000000100110001 #"
#2693
b10000000001111 D
b10000000001111 d
b1010000011111111111111111111101110111101 #"
#2694
b10000000001011 D
b10000000001011 d
b100110001011111111111111111111111111100011 #"
#2695
b1111111101110 D
b1111111101110 d
b1111111111111111111110011011010011111111111111111111110110101111 #"
#2696
b1111111110000 D
b1111111110000 d
b11100010111111111111111111111111001111010 #"
#2697
b10000000001111 D
b10000000001111 d
b1010111100000000000000000000001111100000 #"
#2698
b10000000000100 D
b10000000000100 d
b1111111111111111111111111000001011111111111111111111111011001101 #"
#2699
b1111111111000 D
b1111111111000 d
b1111111111111111111110100111011100000000000000000000001000101111 #"
#2700
b10000000010110 D
b10000000010110 d
b1111111111111111111111110111111111111111111111111111111101000001 #"
#2701
b1111111001010 D
b1111111001010 d
b1111111111111111111111110101101011111111111111111111111100100100 #"
#2702
b1111111110001 D
b1111111110001 d
b1111111111111111111111101011100011111111111111111111111101001001 #"
#2703
b10000000000101 D
b10000000000101 d
b11010100011111111111111111111110110110010 #"
#2704
b1111111100010 D
b1111111100010 d
b11011100011111111111111111111110110110011 #"
#2705
b10000000001101 D
b10000000001101 d
b100100100000000000000000000001011100100 #"
#2706
b1111111101101 D
b1111111101101 d
b1110011000000000000000000000000010011100 #"
#2707
b1111111110011 D
b1111111110011 d
b100110101000000000000000000000001000001010 #"
#2708
b1011111100000000000000000000011000101100 #"
#2709
b10000000000101 D
b10000000000101 d
b101001001000000000000000000000000001000000 #"
#2710
b10000000100101 D
b10000000100101 d
b10101111111111111111111111101010111001 #"
#2711
b1111111000111 D
b1111111000111 d
b101110110111111111111111111111110111110111 #"
#2712
b10000000001011 D
b10000000001011 d
b1000000110100000000000000000000000110010000 #"
#2713
b10000000011010 D
b10000000011010 d
b100011100000000000000000000000001011001 #"
#2714
b1111111100010 D
b1111111100010 d
b1001011011111111111111111111110011110000 #"
#2715
b10000000001011 D
b10000000001011 d
b100011010011111111111111111111111111011000 #"
#2716
b1111111100100 D
b1111111100100 d
b1111111111111111111111101100000000000000000000000000000111001110 #"
#2717
b10000000000100 D
b10000000000100 d
b10000111100000000000000000000000100001010 #"
#2718
b1111111011011 D
b1111111011011 d
b1011010111111111111111111111110010100110 #"
#2719
b1111111111000 D
b1111111111000 d
b1111111111111111111111010010000000000000000000000000001101110011 #"
#2720
b1111111111101 D
b1111111111101 d
b1000010111000000000000000000000000100110100 #"
#2721
b10111110101101 D
b11111111111101 d
b1111111111111111111111111010101100000000000000000000000000011111 #"
#2722
b11111111011101 D
b11000101010100 d
b101001111100000000000000000000000000000010 #"
#2723
b11111111111001 D
b11111111111001 d
b1100000111111111111111111111111010100100 #"
#2724
b10000000100000 D
b10000000100000 d
b1111111111111111111111111101110111111111111111111111101010001001 #"
#2725
b1111111101011 D
b1111111101011 d
b1111111111111111111111111101000000000000000000000000001100110100 #"
#2726
b1111111111011 D
b1111111111011 d
b1001010000000000000000000000000000010000111 #"
#2727
b1111111111010 D
b1111111111010 d
b100011010011111111111111111111111111111110 #"
#2728
b1111111110000 d
b1111111111111111111111101101101111111111111111111111111001001100 #"
#2729
b1111111101010 D
b1111111101010 d
b1111111111111111111111011001010100000000000000000000001011100110 #"
#2730
b10000000001011 D
b10000000001011 d
b10010101111111111111111111111110010001001 #"
#2731
b1111111010000 D
b1111111010000 d
b1100100100100000000000000000000000010100011 #"
#2732
b10000000000001 D
b10000000000001 d
b1000001100111111111111111111111111110010110 #"
#2733
b1111110011000 D
b1111110011000 d
b1111111111111111111111110110011111111111111111111111011000011100 #"
#2734
b1111111100010 D
b1111111100010 d
b1111111111111111111111101110100100000000000000000000001111010101 #"
#2735
b1111111101001 D
b1111111101001 d
b11010011011111111111111111111110111010111 #"
#2736
b1111111111010 D
b1111111111010 d
b101010111111111111111111111111110010111 #"
#2737
b1111111101101 D
b1111111101101 d
b1111111111111111111111110010011100000000000000000000000100101111 #"
#2738
b10000000000100 D
b10000000000100 d
b1101010000000000000000000000000001100111101 #"
#2739
b1111111101110 D
b1111111101110 d
b1111111111111111111111000001010000000000000000000000001011100110 #"
#2740
b10000000011100 D
b10000000011100 d
b1011001000000000000000000000001001011001 #"
#2741
b1111111100110 D
b1111111100110 d
b100101001111111111111111111111110001011101 #"
#2742
b10000000000110 D
b10000000000110 d
b101101011111111111111111111111101101001 #"
#2743
b1111111101110 D
b1111111101110 d
b1111111111111111111111000001011011111111111111111111110100011111 #"
#2744
b1111111100100 D
b1111111100100 d
b1010011010111111111111111111111111111100010 #"
#2745
b1111111101001 D
b1111111101001 d
b1100000000000000000000000000000101101111 #"
#2746
b10000000001111 D
b10000000001111 d
b1111111111111111111111110011010011111111111111111111100111000000 #"
#2747
b10000000000011 D
b10000000000011 d
b1110001001011111111111111111111111111000100 #"
#2748
b10000000011010 D
b10000000011010 d
b1111111111111111111111011110111011111111111111111111110011101001 #"
#2749
b1111110110110 D
b1111110110110 d
b10011001000000000000000000000010011111100 #"
#2750
b10000000001110 D
b10000000001110 d
b1111111111111111111110111001010000000000000000000000101111110100 #"
#2751
b1111111101111 D
b1111111101111 d
b10010101110011111111111111111111110001001000 #"
#2752
b10000000010010 D
b10000000010010 d
b111101111100000000000000000000100011111110 #"
#2753
b1111111101011 D
b1111111101011 d
b1111111111111111111110010001010011111111111111111111101110110111 #"
#2754
b10000000010111 D
b10000000110111 d
b1100110111011111111111111111111100110010000 #"
#2755
b1111111101111 D
b1111111101111 d
b1111111111111111111111010110110111111111111111111111100110011011 #"
#2756
b10010000111111 D
b10111111111111 d
b1111111111111111111110010011010111111111111111111111110111101001 #"
#2757
b1111111011111 D
b11111111011111 d
b100011100000000000000000000000101011010000 #"
#2758
b1111111111101 D
b1111111111101 d
b1111111111111111111110000101110011111111111111111111101111000011 #"
#2759
b11111111110111 D
b11111111110111 d
b1111111111111111111111111000001111111111111111111111111000111011 #"
#2760
b10111111010111 D
b10111111010111 d
b1100010000111111111111111111111110111000100 #"
#2761
b1111111011111 D
b1111111011111 d
b100101000100000000000000000000011100000011 #"
#2762
b100000101111111111111111111111110001010011 #"
#2763
b10001000111111 D
b10000000111111 d
b1111100111111111111111111111111101111011 #"
#2764
b1111111010111 D
b1111111010111 d
b101111100000000000000000000010000110110 #"
#2765
b1111111111011 D
b1111111111011 d
b11001110011111111111111111111111101001111 #"
#2766
b1111111010010 D
b1111111010010 d
b10010011111111111111111111111101001010 #"
#2767
b10000000011111 D
b10000000011111 d
b110001010011111111111111111111111101001111 #"
#2768
b1111111100010 D
b1111111100010 d
b100110011100000000000000000000001010100011 #"
#2769
b1111111111111 D
b1111111111111 d
b110000110011111111111111111111111100111101 #"
#2770
b10000000110001 D
b10000000110001 d
b1111111111111111111111111110111000000000000000000000001010010111 #"
#2771
b1111111110011 D
b1111111110011 d
b100000101000000000000000000000000100111000 #"
#2772
b1111111010010 D
b1111111010010 d
b101001110100000000000000000000001010001101 #"
#2773
b10000000000100 D
b10000000000100 d
b1111111111111111111111101101010111111111111111111111110001111110 #"
#2774
b10000000001010 D
b10000000001010 d
b1010001010100000000000000000000000100111111 #"
#2775
b10000000000000 D
b10000000000000 d
b1111111111111111111111010001000100000000000000000000000101110011 #"
#2776
b1111111110111 D
b1111111110111 d
b100011110000000000000000000000001111111010 #"
#2777
b10000000001111 D
b10000000001111 d
b110010111111111111111111111111111000100101 #"
#2778
b1111111010010 D
b1111111010010 d
b100000101000000000000000000000000000001101 #"
#2779
b1111111111000 D
b1111111111000 d
b11101010100000000000000000000000001000101 #"
#2780
b10000000010010 D
b10000000010010 d
b11001000000000000000000000001111000110 #"
#2781
b1111111000011 D
b1111111000011 d
b11111110011111111111111111111111101011001 #"
#2782
b1111111111111 D
b1111111111111 d
b1111111111111111111111111010000100000000000000000000001000100111 #"
#2783
b10000000011111 D
b10000000011111 d
b1111111111111111111111000100110011111111111111111111111110010101 #"
#2784
b1111111010101 D
b1111111010101 d
b110110011111111111111111111110100000001 #"
#2785
b10000000000000 D
b10000000000000 d
b1111111111111111111110111110110011111111111111111111111010110111 #"
#2786
b1111111110001 D
b1111111110001 d
b1111111111111111111111010111111100000000000000000000001101011100 #"
#2787
b1111111110101 D
b1111111110101 d
b1111111111111111111111111110110111111111111111111111111001000011 #"
#2788
b1111111100011 D
b1111111100011 d
b1111111111111111111111010011111000000000000000000000000101100110 #"
#2789
b10000000100010 D
b10000000100010 d
b100101110100000000000000000000001010011001 #"
#2790
b10000000101000 D
b10000000101000 d
b1111111111111111111111100110010011111111111111111111111111111110 #"
#2791
b1111111100010 D
b1111111101010 d
b1000110111111111111111111111111111011100010 #"
#2792
b10010010000011 D
b11111111000011 d
b1111000100000000000000000000010110011000 #"
#2793
b10000000000111 D
b10000000000111 d
b1111111111111111111111111010100011111111111111111111110010111101 #"
#2794
b11111111001110 D
b11111111000110 d
b1111111111111111111111100100101011111111111111111111110000000001 #"
#2795
b11111111001010 d
b1111111111111111111111100111101011111111111111111111110101011001 #"
#2796
b10111111100100 D
b10111111100100 d
b1000010110011111111111111111111111100001111 #"
#2797
b1111111101101 D
b1111111101101 d
b1111111000000000000000000000000111010011 #"
#2798
b1111111111111 D
b1111111111111 d
b100101001011111111111111111111111101000101 #"
#2799
b1111111111011 D
b1111111111011 d
b1111111111111111111111011100111011111111111111111111110010101111 #"
#2800
b10000000010101 D
b10000000010101 d
b1111111111111111111111001110011011111111111111111111111100111111 #"
#2801
b1111111101100 D
b1111111101100 d
b1101000100000000000000000000000111010000 #"
#2802
b1111111111011 D
b1111111111011 d
b1111111111111111111111100111011011111111111111111111110001111001 #"
#2803
b10000000010000 D
b10000000010000 d
b1011011111111111111111111111111111110101011 #"
#2804
b1111111101101 D
b1111111101101 d
b1000001111011111111111111111111111101101100 #"
#2805
b1111111100001 D
b1111111100001 d
b1111111111111111111111110100100100000000000000000000001010101001 #"
#2806
b10000000000100 D
b10000000000100 d
b110001111111111111111111111111111111111110 #"
#2807
b1111111110000 D
b1111111110000 d
b1111111111111111111111111000111011111111111111111111110111101011 #"
#2808
b1111111111001 D
b1111111111001 d
b1111111111111111111111101010011100000000000000000000000010101011 #"
#2809
b1111111111110 D
b1111111111110 d
b1111111111111111111111100111001111111111111111111111111100100000 #"
#2810
b10000000110011 D
b10000000110011 d
b1101010000000000000000000000001100101100 #"
#2811
b1111111011000 D
b1111111011000 d
b11010111011111111111111111111111111101110 #"
#2812
b1111111101011 D
b1111111101011 d
b1111111111111111111111101011001011111111111111111111110001001111 #"
#2813
b10000000101100 D
b10000000101100 d
b1111111111111111111111110111111000000000000000000000000000100111 #"
#2814
b1111111010110 D
b1111111010110 d
b10001000111111111111111111111111110000011 #"
#2815
b1111111111011 D
b1111111111011 d
b11101111011111111111111111111111110011000 #"
#2816
b10000000011010 D
b10000000011010 d
b1111111111111111111111011100100000000000000000000000000010000111 #"
#2817
b1111111001011 D
b1111111001011 d
b1111111111111111111111111101011100000000000000000000000010010001 #"
#2818
b10000000000011 D
b10000000000011 d
b10100101100000000000000000000000010000001 #"
#2819
b10000000001100 D
b10000000001100 d
b110011100011111111111111111111111110101111 #"
#2820
b10000000001111 D
b10000000001111 d
b10100111111111111111111111111111010010000 #"
#2821
b1111111001001 D
b1111111001001 d
b101101011111111111111111111110001010011 #"
#2822
b1111111110101 D
b1111111110101 d
b1111111111111111111111111010111111111111111111111111110101111011 #"
#2823
b10000000100110 D
b10000000100110 d
b1100101111111111111111111111111101110111 #"
#2824
b1111111011000 D
b1111111011000 d
b111010010111111111111111111111111110111011 #"
#2825
b10000000000000 D
b10000000000000 d
b1111111111111111111111111111110011111111111111111111111110011110 #"
#2826
b10000000011101 D
b10000000011101 d
b10100111111111111111111111111101000101 #"
#2827
b1111111011100 D
b1111111011101 d
b1111111111111111111111101001100100000000000000000000000001000101 #"
#2828
b10011010001010 D
b11111111011110 d
b110011111111111111111111111011001111 #"
#2829
b10000000001110 D
b10000000001110 d
b111011000000000000000000000001100010001 #"
#2830
b11111111000111 D
b11111111000110 d
b1111111111111111111111100011010111111111111111111111111111101101 #"
#2831
b1111111101111 D
b1111111101111 d
b110100011111111111111111111111111011101 #"
#2832
b11111111011101 D
b1111111011101 d
b1111111111111111111111110111011111111111111111111111111101000100 #"
#2833
b10000000011111 D
b10000000011111 d
b100000101111111111111111111111111010110011 #"
#2834
b10111111010111 D
b10001101010111 d
b10010000100000000000000000000000001001111 #"
#2835
b1111111010100 D
b1111111010100 d
b1111111111111111111111110100000100000000000000000000000101010010 #"
#2836
b10000000011010 D
b10000000011010 d
b1111111111111111111111110101011100000000000000000000001100111110 #"
#2837
b1111111100000 D
b1111111100000 d
b100000111011111111111111111111111101011010 #"
#2838
b10000000000001 D
b10000000000001 d
b1111111111111111111111100100011000000000000000000000000111111100 #"
#2839
b10000000001101 D
b10000000001101 d
b1111111111111111111111011011100100000000000000000000000100111111 #"
#2840
b1111111010110 D
b1111111010110 d
b111001010100000000000000000000000101100011 #"
#2841
b10000000001100 D
b10000000001100 d
b1111111111111111111111101110101011111111111111111111111101001110 #"
#2842
b1111111110010 D
b1111111110010 d
b1111111111111111111111111000011100000000000000000000000011001011 #"
#2843
b1111111101001 D
b1111111101001 d
b1110101000000000000000000000000000111010 #"
#2844
b10000000000110 D
b10000000000110 d
b1111111111111111111111111101101100000000000000000000000000011101 #"
#2845
b10000000010010 D
b10000000010010 d
b111111101000000000000000000000000010011111 #"
#2846
b1111111110100 D
b1111111110100 d
b1111111111111111111111110110101100000000000000000000000000100010 #"
#2847
b1111111100100 D
b1111111100100 d
b1001110110111111111111111111111111110101110 #"
#2848
b10000000011010 D
b10000000011010 d
b11111100000000000000000000001000000000 #"
#2849
b1111111101000 D
b1111111101000 d
b1111111111111111111111110011001000000000000000000000000001001110 #"
#2850
b1111111011011 D
b1111111011011 d
b1111111111111111111111110010101100000000000000000000000110100110 #"
#2851
b1111111110001 D
b1111111110001 d
b111100100000000000000000000001000101111 #"
#2852
b1111111110111 D
b1111111110111 d
b10110011111111111111111111111110110111011 #"
#2853
b1111111110001 D
b1111111110001 d
b1111111111111111111111110010100111111111111111111111111010100011 #"
#2854
b10000000001001 D
b10000000001001 d
b1111111111111111111111000110001111111111111111111111111101000000 #"
#2855
b1111111011011 D
b1111111011011 d
b11111000100000000000000000000000001100000 #"
#2856
b10000000001111 D
b10000000001111 d
b1111111111111111111111110001001100000000000000000000010001010011 #"
#2857
b1111111111111 D
b1111111111111 d
b1111111111111111111111101111110000000000000000000000000011110001 #"
#2858
b1111111101011 D
b1111111101011 d
b1111111111111111111111111101111111111111111111111111111000000001 #"
#2859
b1111111110001 D
b1111111110001 d
b1111111111111111111111100101111011111111111111111111111011110001 #"
#2860
b10000000001100 D
b10000000001100 d
b1111111111111111111111111100011111111111111111111111111010111111 #"
#2861
b1111111001001 D
b1111111001001 d
b1111111111111111111111100101101000000000000000000000000001001100 #"
#2862
b10000000001111 D
b10000000001111 d
b101100111100000000000000000000001011011101 #"
#2863
b10000000100000 D
b10000000101011 d
b11001000011111111111111111111110101000011 #"
#2864
b1111111111111 D
b11111111111111 d
b1111111111111111111111011111101000000000000000000000000111111100 #"
#2865
b11111111111111 D
b11000110011111111111111111111100011011100 #"
#2866
b10000000011111 D
b10000000011111 d
b1111111111111111111111100101110011111111111111111111111001101011 #"
#2867
b11001001001011 D
b10000000001011 d
b10100100111111111111111111111111101011110 #"
#2868
b1111111110110 D
b1111111110110 d
b1011110111111111111111111111111110001100 #"
#2869
b10101000100100 D
b10000000100100 d
b1111111111111111111111110101111011111111111111111111111000000010 #"
#2870
b1111111101111 D
b1111111101111 d
b1111111111111111111111111001011000000000000000000000000010111100 #"
#2871
b10000000101111 D
b10000000101111 d
b1111111111111111111111110110010011111111111111111111111000101100 #"
#2872
b1111111011100 D
b1111111011100 d
b1100011111111111111111111111110111010 #"
#2873
b10000000000001 D
b10000000000001 d
b1110000100000000000000000000000101000011 #"
#2874
b1111111011011 D
b1111111011011 d
b10011111000000000000000000000000100001011 #"
#2875
b1111111100110 D
b1111111100110 d
b10100001011111111111111111111110011111110 #"
#2876
b10000000101000 D
b10000000101000 d
b1111111111111111111111101100100011111111111111111111111011010001 #"
#2877
b1111111011001 D
b1111111011001 d
b1001100111100000000000000000000000110010001 #"
#2878
b1111111111010 D
b1111111111010 d
b1100000000000000000000001001011101 #"
#2879
b10000000001111 D
b10000000001111 d
b1111111111111111111111110101110011111111111111111111111100101100 #"
#2880
b1111111100001 D
b1111111100001 d
b1111111111111111111111010000110011111111111111111111111000001000 #"
#2881
b10000000010001 D
b10000000010001 d
b1010011011111111111111111111111000101100 #"
#2882
b1111111110011 D
b1111111110011 d
b1111111111111111111111010110110100000000000000000000000101001110 #"
#2883
b10000000001101 D
b10000000001101 d
b1111111111111111111111010110010011111111111111111111111100111010 #"
#2884
b1111111000001 D
b1111111000001 d
b1111111111111111111111111101100000000000000000000000000101000100 #"
#2885
b10000000001011 D
b10000000001011 d
b1111111111111111111111111001101011111111111111111111110111011111 #"
#2886
b10000000001000 D
b10000000001000 d
b1111111111111111111111101010101011111111111111111111111000011000 #"
#2887
b1111111010101 D
b1111111010101 d
b1111111111111111111111010011011100000000000000000000000000011000 #"
#2888
b10000000000000 D
b10000000000000 d
b1111111111111111111111010110101100000000000000000000000110001101 #"
#2889
b10000000001010 D
b10000000001010 d
b1100000000000000000000000000000111011000 #"
#2890
b1111111110010 D
b1111111110010 d
b1111111111111111111111100110111100000000000000000000001100111100 #"
#2891
b1111111111110 D
b1111111111110 d
b1111111111111111111111100111011011111111111111111111111011000111 #"
#2892
b1111111101000 D
b1111111101000 d
b1111111111111111111111001001001000000000000000000000000010100100 #"
#2893
b10000000110001 D
b10000000110001 d
b101001101000000000000000000000000001110110 #"
#2894
b1111111001011 D
b1111111001011 d
b101011110000000000000000000000000100100010 #"
#2895
b10000000001001 D
b10000000001001 d
b1111111111111111111111111010100011111111111111111111111100010011 #"
#2896
b110010111111111111111111111111111101000 #"
#2897
b1111111010110 D
b1111111010110 d
b1111111111111111111111111000101000000000000000000000000001101011 #"
#2898
b10000000001010 D
b10111000001010 d
b10111100000000000000000000000000010010 #"
#2899
b1111111101110 D
b1111111101110 d
b1111111111111111111111100111101011111111111111111111111100100111 #"
#2900
b1111111111110 D
b1111111111110 d
b1100101000000000000000000000000101110101 #"
#2901
b11111111010010 D
b11111111010010 d
b1111111111111111111111011101000100000000000000000000000001110010 #"
#2902
b10000000010011 D
b10000000010011 d
b1111111111111111111111100110010000000000000000000000000010111000 #"
#2903
b10000000010111 D
b10000000010111 d
b1001010111111111111111111111110100111101 #"
#2904
b10101100000110 D
b10000000000110 d
b1111111111111111111111010101111111111111111111111111111110100111 #"
#2905
b1111111110000 D
b1111111110000 d
b11011101000000000000000000000000101000010 #"
#2906
b10000000000110 D
b10000000000110 d
b100010111111111111111111111111111100111010 #"
#2907
b10000000000010 D
b10000000000010 d
b1111111111111111111111111010000111111111111111111111111111011011 #"
#2908
b10000000000000 D
b10000000000000 d
b111111111111111111111111111111101000101 #"
#2909
b1111111101110 D
b1111111101110 d
b1111111111111111111111110110000111111111111111111111111100011011 #"
#2910
b1111111101001 D
b1111111101001 d
b1101111111111111111111111111001000100 #"
#2911
b10000000011110 D
b10000000011110 d
b1101011111111111111111111111100010001 #"
#2912
b1111111101010 D
b1111111101010 d
b111110011111111111111111111111000111000 #"
#2913
b1111111101001 D
b1111111101001 d
b11011010100000000000000000000000000101100 #"
#2914
b10000000001001 D
b10000000001001 d
b1111111111111111111111110111011000000000000000000000000010001000 #"
#2915
b1111111011010 D
b1111111011010 d
b1111111111111111111111101011100100000000000000000000000010111111 #"
#2916
b10000000010110 D
b10000000010110 d
b1111111111111111111111111100011111111111111111111111111110110101 #"
#2917
b1111111101000 D
b1111111101000 d
b1111111111111111111111110010101000000000000000000000000101011010 #"
#2918
b10000000001010 D
b10000000001010 d
b1111111111111111111111111011011011111111111111111111111110001001 #"
#2919
b1111111100101 D
b1111111100101 d
b1111111111111111111111100110100111111111111111111111111101001010 #"
#2920
b1111111001001 D
b1111111001001 d
b1111111111111111111111100101001000000000000000000000000000100010 #"
#2921
b10000000011110 D
b10000000011110 d
b1111111111111111111111110000111000000000000000000000001011000100 #"
#2922
b1111111111100 D
b1111111111100 d
b1111111111111111111111101111011111111111111111111111111000101100 #"
#2923
b10000000000110 D
b10000000000110 d
b11110011000000000000000000000000000101111 #"
#2924
b10000000001110 D
b10000000001110 d
b1101100111111111111111111111111110101001 #"
#2925
b1111111011000 D
b1111111011000 d
b100001011011111111111111111111111111000101 #"
#2926
b10000000011001 D
b10000000011001 d
b1111111111111111111111100110110011111111111111111111111010001111 #"
#2927
b1111111001101 D
b1111111001101 d
b1111111111111111111111111011001111111111111111111111111101010100 #"
#2928
b1111111111011 D
b1111111111011 d
b1111111111111111111111101011011111111111111111111111110110110111 #"
#2929
b10000000010101 D
b10000000010101 d
b10001111011111111111111111111110101100100 #"
#2930
b1111111110000 D
b1111111110000 d
b1001101011111111111111111111111111001010 #"
#2931
b1111111100001 D
b1111111100001 d
b11010101000000000000000000000001001000101 #"
#2932
b1111111011011 D
b1111111011011 d
b1111111111111111111111111111110011111111111111111111111100010001 #"
#2933
b10000000000010 D
b10000000000010 d
b1100011111111111111111111111011111111 #"
#2934
b1111111111101 D
b1111111111111 d
b1111111111111111111111101110000011111111111111111111111011010011 #"
#2935
b10010010101001 D
b11111111111101 d
b100101010011111111111111111111110111010100 #"
#2936
b10000000011111 D
b10000000011111 d
b11011110000000000000000000000001100101101 #"
#2937
b11111111011111 D
b11111111011111 d
b1111111111111111111111101101010000000000000000000000001010101101 #"
#2938
b1111111011111 D
b1111111011111 d
b1111111111111111111111101001000111111111111111111111110111101010 #"
#2939
b11111111100010 D
b1111111100010 d
b1111111111111111111111111001000111111111111111111111111101010101 #"
#2940
b10000000010010 D
b10000000010010 d
b1111111111111111111111100101011011111111111111111111110001110000 #"
#2941
b10101000010100 D
b10000000010000 d
b1110010100000000000000000000000001110110 #"
#2942
b1111111101101 D
b1111111101101 d
b11010110100000000000000000000000101100000 #"
#2943
b1111111111101 D
b1111111111101 d
b11001111000000000000000000000000010010000 #"
#2944
b1111111111011 D
b1111111111011 d
b1111111111111111111111101101111111111111111111111111111011001111 #"
#2945
b1111111010001 D
b1111111010001 d
b1111111111111111111111011100110111111111111111111111111101000011 #"
#2946
b10000000110000 D
b10000000110000 d
b110111000000000000000000000000010000001 #"
#2947
b1111110111110 D
b1111110111110 d
b10101010011111111111111111111111110001111 #"
#2948
b1111111001110 D
b1111111001110 d
b11111111111111111111111111111000001 #"
#2949
b10000000001110 D
b10000000001110 d
b100111111111111111111111111111110001000 #"
#2950
b10000000011101 D
b10000000011101 d
b10110111111111111111111111111111100100110 #"
#2951
b1111111111011 D
b1111111111011 d
b1111111111111111111111001101001100000000000000000000000001110100 #"
#2952
b1111111111110 D
b1111111111110 d
b10101001100000000000000000000000100110010 #"
#2953
b10000000000010 D
b10000000000010 d
b1111111111111111111111010100001011111111111111111111111011111011 #"
#2954
b1111111011111 D
b1111111011111 d
b1111110011 #"
#2955
b1111111110011 D
b1111111110011 d
b1111111111111111111111111110100000000000000000000000000010110000 #"
#2956
b10000000011100 D
b10000000011100 d
b1011110000000000000000000000000010011010 #"
#2957
b1111111011110 D
b1111111011110 d
b100011110100000000000000000000000001000001 #"
#2958
b1111111101000 D
b1111111101000 d
b101010100000000000000000000001010011000 #"
#2959
b10000000010101 D
b10000000010101 d
b101001011011111111111111111111111100101000 #"
#2960
b1111111101100 D
b1111111101100 d
b1111111111111111111111110111010111111111111111111111111000101100 #"
#2961
b1111111100011 D
b1111111100011 d
b1111111111111111111111101100100100000000000000000000000110000000 #"
#2962
b1111111110010 D
b1111111110010 d
b11011000000000000000000000000010101000 #"
#2963
b10000000011010 D
b10000000011010 d
b110010100000000000000000000000000001011 #"
#2964
b1111111001010 D
b1111111001010 d
b1111111111111111111111110111110011111111111111111111111110000011 #"
#2965
b10000000010000 D
b10000000010000 d
b1111111111111111111111101001010011111111111111111111111011000010 #"
#2966
b10000000100001 D
b10000000100001 d
b1011111000000000000000000000001000100100 #"
#2967
b1111111010110 D
b1111111010110 d
b1111111111111111111111000111101000000000000000000000000100000110 #"
#2968
b10000000000001 D
b10000000000001 d
b10000101000000000000000000000000000001011 #"
#2969
b10000000001010 D
b10000000001010 d
b1111111111111111111111111110101000000000000000000000000001010000 #"
#2970
b1111111011101 D
b1111111011101 d
b1000000011111111111111111111111101101110 #"
#2971
b1111111111101 D
b1111111111101 d
b1111111111111111111111110110010100000000000000000000000011011001 #"
#2972
b10111110111101 D
b11111111111101 d
b1100010100000000000000000000000110100001 #"
#2973
b10000000001111 D
b10000000001111 d
b1010111000000000000000000000000010101001 #"
#2974
b11111111101111 D
b10111111001111 d
b1111111111111111111111101101001100000000000000000000000100000100 #"
#2975
b11111111101001 D
b1111111101001 d
b101100100111111111111111111111111110011110 #"
#2976
b10101100001101 D
b10001000001101 d
b1111111111111111111111111001010011111111111111111111111101101110 #"
#2977
b1111111011011 D
b1111111011011 d
b1111111111111111111111110001101100000000000000000000000000000011 #"
#2978
b10000000001100 D
b10000000001100 d
b1111100000000000000000000000010011110 #"
#2979
b10000000100000 D
b10000000100000 d
b1101010000000000000000000000000000010111 #"
#2980
b1111111001100 D
b1111111001100 d
b11001000000000000000000000000001111100 #"
#2981
b1111111101001 D
b1111111101001 d
b1111111111111111111111100100001100000000000000000000000111111011 #"
#2982
b1111111110101 D
b1111111110101 d
b10010011011111111111111111111110110000111 #"
#2983
b10000000100011 D
b10000000100011 d
b1111111111111111111111111011101000000000000000000000000100001000 #"
#2984
b1111111001011 D
b1111111001011 d
b11011101000000000000000000000001010101001 #"
#2985
b1111111111110 D
b1111111111110 d
b1100111111111111111111111111010001110 #"
#2986
b10000000100111 D
b10000000100111 d
b1111111111111111111111111000101011111111111111111111111111111110 #"
#2987
b1111111100010 D
b1111111100010 d
b1111001011111111111111111111111010000010 #"
#2988
b1111111111010 D
b1111111111010 d
b100001111000000000000000000000000011000101 #"
#2989
b10000000000011 D
b10000000000011 d
b111100000000000000000000000001001010 #"
#2990
b1111111101000 D
b1111111101000 d
b11100100000000000000000000000000101110110 #"
#2991
b1111111101110 D
b1111111101110 d
b1111111111111111111111101110011011111111111111111111111001101101 #"
#2992
b1111111110011 D
b1111111110011 d
b1111111111111111111111110100110111111111111111111111111011000111 #"
#2993
b10000000101110 D
b10000000101110 d
b100100000000000000000000000000000001100 #"
#2994
b1111111100011 D
b1111111100011 d
b1111111111111111111111110011111011111111111111111111111011000111 #"
#2995
b10000000000110 D
b10000000000110 d
b1111111111111111111111110100000000000000000000000000000100110100 #"
#2996
b10000000100101 D
b10000000100101 d
b1101011111111111111111111111111011001110 #"
#2997
b1111111001100 D
b1111111001100 d
b100101100000000000000000000000001000011 #"
#2998
b1111111110101 D
b1111111110101 d
b1111111111111111111111110000000011111111111111111111111100001011 #"
#2999
b10000000001111 D
b10000000001111 d
b1111111111111111111111101000010100000000000000000000000010010010 #"
#3000
b1111111000100 D
b1111111000100 d
b10000000000000000000000000000110110001 #"
#3001
b1111111001110 D
b1111111001110 d
b10001101111111111111111111111111100011100 #"
#3002
b10000000000010 D
b10000000000010 d
b11011000000000000000000000001001010010 #"
#3003
b1111111111100 D
b1111111111100 d
b10001011111111111111111111111111000111011 #"
#3004
b1111111001010 D
b1111111001010 d
b110010011111111111111111111111001001011 #"
#3005
b10000000100100 D
b10000000100100 d
b1100110111111111111111111111111111101101 #"
#3006
b1111111101010 D
b1111111101010 d
b101011101100000000000000000000001111000001 #"
#3007
b1111111101011 D
b1111111101011 d
b1111111111111111111111111111101111111111111111111111111100100011 #"
#3008
b1111111111011 D
b1111111111011 d
b1111111111111111111111111001111100000000000000000000000001000110 #"
#3009
b11111111111110 D
b11111111111110 d
b11110000011111111111111111111111000110101 #"
#3010
b10000000001110 D
b10000000001110 d
b10001001100000000000000000000000001010011 #"
#3011
b10111111110010 D
b10111111110010 d
b10100101011111111111111111111111111101000 #"
#3012
b1111111111101 D
b1111111111101 d
b1111111111111111111111101100110100000000000000000000000000011111 #"
#3013
b1111111111111 D
b1111111111111 d
b1111111111111111111111110111111111111111111111111111111011101111 #"
#3014
b1111111010110 D
b1111111010110 d
b110011111111111111111111111001101011 #"
#3015
b10000000000111 D
b10000000000111 d
b1100011100000000000000000000000000000011 #"
#3016
b10000000001100 D
b10000000001100 d
b1100110111111111111111111111111101001000 #"
#3017
b1111111100000 D
b1111111100000 d
b110100011111111111111111111111101110010 #"
#3018
b1111111101001 D
b1111111101001 d
b1111111111111111111111110101111011111111111111111111111111001000 #"
#3019
b1111111111110 D
b1111111111110 d
b11111100111111111111111111111111111110011 #"
#3020
b10000000011100 D
b10000000011100 d
b10000010000000000000000000000000001010101 #"
#3021
b1111111001110 D
b1111111001110 d
b1111111111111111111111100101111100000000000000000000000010110010 #"
#3022
b10000000001000 D
b10000000001000 d
b1000010111000000000000000000000000101111110 #"
#3023
b10000000000001 D
b10000000000001 d
b1111111111111111111111111110111100000000000000000000000101011010 #"
#3024
b1111111110101 D
b1111111110101 d
b10110100000000000000000000000001111001 #"
#3025
b1111111100110 D
b1111111100110 d
b10000100100000000000000000000000000100000 #"
#3026
b1111111110100 D
b1111111110100 d
b1111111111111111111111110001101000000000000000000000000001111001 #"
#3027
b10000000011100 D
b10000000011100 d
b1111111111111111111111111110111111111111111111111111111100011001 #"
#3028
b1111111010101 D
b1111111010101 d
b101110001100000000000000000000000011001101 #"
#3029
b1111111110100 D
b1111111110100 d
b10110110111111111111111111111111101010110 #"
#3030
b10000000100101 D
b10000000100101 d
b1111111111111111111111101000000000000000000000000000000100100010 #"
#3031
b1111111000001 D
b1111111000001 d
b1111111111111111111111111001010000000000000000000000000100010100 #"
#3032
b10000000111001 D
b10000000111001 d
b1111111111111111111111111000001100000000000000000000000000000011 #"
#3033
b1111111100110 D
b1111111100110 d
b101011111111111111111111111111100100011 #"
#3034
b1111111000110 D
b1111111000110 d
b1111111111111111111111101001101100000000000000000000000000101010 #"
#3035
b10000000010110 D
b10000000010110 d
b1111111111111111111111101001101111111111111111111111111111010101 #"
#3036
b1111111100111 D
b1111111100111 d
b1111111111111111111111111010010100000000000000000000000010111001 #"
#3037
b10000000000001 D
b10000000000001 d
b1111111111111111111111100000100000000000000000000000000110000001 #"
#3038
b10000000001010 D
b10000000001010 d
b10001111111111111111111111111111110011101 #"
#3039
b10000000000111 D
b10000000000111 d
b110001110000000000000000000000000100100011 #"
#3040
b1111111111011 D
b1111111111011 d
b10011011011111111111111111111101101110101 #"
#3041
b1111111101101 D
b1111111101101 d
b100011100000000000000000000000000001000101 #"
#3042
b10000000100101 D
b10111010101101 d
b10110110100000000000000000000000010011010 #"
#3043
b1111111111101 D
b11111111111101 d
b100011111111111111111111111110011010 #"
#3044
b1111111111111 D
b1111111111111 d
b11011001111111111111111111111111101001111 #"
#3045
b11111111101111 D
b11111111101111 d
b101001000011111111111111111111111001011110 #"
#3046
b10001101001110 D
b10000000001110 d
b1111111111111111111111100100010000000000000000000000000011010100 #"
#3047
b1111111110111 D
b1111111110111 d
b10000011111111111111111111111010010011 #"
#3048
b1111111111101 D
b1111111111101 d
b1111111111111111111111111101100000000000000000000000000001111011 #"
#3049
b1111111011001 D
b1111111011001 d
b11100000000000000000000000000011101001 #"
#3050
b10000000000010 D
b10000000000010 d
b11000110011111111111111111111111111101111 #"
#3051
b1111111100000 D
b1111111100000 d
b100111100000000000000000000000011000000 #"
#3052
b10000000000101 D
b10000000000101 d
b1111111111111111111111011100111000000000000000000000000011110011 #"
#3053
b10000000001011 D
b10000000001011 d
b1111111111111111111111101111101000000000000000000000001110011111 #"
#3054
b1111110111110 D
b1111110111110 d
b1111111111111111111111111001001111111111111111111111111100111010 #"
#3055
b10000000101101 D
b10000000101101 d
b1110000011111111111111111111111011000111 #"
#3056
b10000000100101 D
b10000000100101 d
b1111111111111111111111111101010011111111111111111111111110001101 #"
#3057
b10000000001111 D
b10000000001111 d
b1111011100000000000000000000000000001010 #"
#3058
b10000000011101 D
b10000000011101 d
b1111111111111111111111001111110000000000000000000000000001111111 #"
#3059
b1111111110011 D
b1111111110011 d
b111101100000000000000000000000001101101 #"
#3060
b1111111111000 D
b1111111111000 d
b101111111100000000000000000000000001000011 #"
#3061
b1111111101101 D
b1111111101101 d
b10111101011111111111111111111110110010100 #"
#3062
b10000000110001 D
b10000000110001 d
b10000100000000000000000000000000001101001 #"
#3063
b1111110111011 D
b1111110111011 d
b1111111111111111111111110011000011111111111111111111111110010111 #"
#3064
b10000000001000 D
b10000000001000 d
b10010111100000000000000000000000001000001 #"
#3065
b10000000110110 D
b10000000110110 d
b1000010111111111111111111111111110110010 #"
#3066
b1111111001000 D
b1111111001000 d
b110100011111111111111111111111000000000 #"
#3067
b1111111111010 D
b1111111111010 d
b10110110111111111111111111111111001001011 #"
#3068
b10000000001001 D
b10000000001001 d
b1111111111111111111111110100111111111111111111111111111100100100 #"
#3069
b1111111101110 D
b1111111101110 d
b11010000000000000000000000001000001101 #"
#3070
b10000000010010 D
b10000000010010 d
b101100100000000000000000000000001001011 #"
#3071
b10000000000100 D
b10000000000100 d
b1111111111111111111111111011101100000000000000000000000001110001 #"
1c"
#3072
b10000000010010 D
b10000000010010 d
b1111111111111111111111111101010011111111111111111111111110001101 #"
0c"
0d"
#3073
b1111111011101 D
b1111111011101 d
#3074
b10000000000111 D
b10000000000111 d
#3075
b1111111011111 D
b1111111011111 d
#3076
b10000000010111 D
b10000000010111 d
#3077
b1111111001001 D
b1111111001001 d
#3078
b1111111111100 D
b1111111111101 d
#3079
b1111111110110 D
b1111111110110 d
#3080
b11111111111110 D
b11111111111110 d
#3081
b11111111101010 D
b11111111101010 d
#3082
b1111111110011 D
b1111111110011 d
#3083
b1111111111011 D
b1111111111011 d
#3084
b1111111101010 D
b1111111101010 d
#3085
b10101111001011 D
b10000100001011 d
#3086
b1111111101011 D
b1111111101011 d
#3087
b10000000011111 D
b10000000011111 d
#3088
b1111111011100 D
b1111111011100 d
#3089
b10000000000101 D
b10000000000101 d
#3090
b1111111100011 D
b1111111100011 d
#3091
b10000000010010 D
b10000000010010 d
#3092
b10000000000001 D
b10000000000001 d
#3093
b10000000000000 D
b10000000000000 d
#3094
b10000000000001 D
b10000000000001 d
#3095
b1111111111101 D
b1111111111101 d
#3096
b1111111100011 D
b1111111100011 d
#3097
b1111111111001 D
b1111111111001 d
#3098
b1111111010011 D
b1111111010011 d
#3099
b10000000011010 D
b10000000011010 d
#3100
b1111111101101 D
b1111111101101 d
#3101
b10000000101011 D
b10000000101011 d
#3102
b1111111111100 D
b1111111111100 d
#3103
b10000000000000 D
b10000000000000 d
#3104
b1111111010010 D
b1111111010010 d
#3105
b1111111111001 D
b1111111111001 d
#3106
b1111111101010 D
b1111111101010 d
#3107
b1111111111101 D
b1111111111101 d
#3108
b10000000001011 D
b10000000001011 d
#3109
b1111111111001 D
b1111111111001 d
#3110
b1111111011000 D
b1111111011000 d
#3111
b10000000010100 D
b10000000010100 d
#3112
b1111111100010 D
b1111111100010 d
#3113
b10000000110101 D
b10111010110111 d
#3114
b1111111001111 D
b11111111011111 d
#3115
b11111110011111 D
#3116
b10000000010011 D
b10000000010011 d
#3117
b11111101110011 D
b10111101110011 d
#3118
b11111111111001 D
b1111111111001 d
#3119
b10111100100000 D
b10111100100000 d
#3120
b1111111111100 D
b1111111111100 d
#3122
b1111111111000 D
b1111111111000 d
#3123
b1111111100111 D
b1111111100111 d
#3124
b10000000010000 D
b10000000010000 d
#3125
b1111111110011 D
b1111111110011 d
#3126
b10000000001110 D
b10000000001110 d
#3127
b1111111010101 D
b1111111010101 d
#3128
b1111111110000 D
b1111111110000 d
#3129
b10000000001000 D
b10000000001000 d
#3130
b1111111101000 D
b1111111101000 d
#3131
b1111111111100 D
b1111111111100 d
#3132
b1111111101101 D
b1111111101101 d
#3133
b10000000010110 D
b10000000010110 d
#3134
b10000000001110 D
b10000000001110 d
#3135
b1111111010100 D
b1111111010100 d
#3136
b10000000110110 D
b10000000110110 d
#3137
b1111111001001 D
b1111111001001 d
#3138
b10000000000101 D
b10000000000101 d
#3139
b10000000101011 D
b10000000101011 d
#3140
b1111111001001 D
b1111111001001 d
#3141
b1111111110101 D
b1111111110101 d
#3142
b10000000000011 D
b10000000000011 d
#3143
b10000000010111 D
b10000000010111 d
#3144
b1111111100010 D
b1111111100010 d
#3145
b1111111110100 D
b1111111110100 d
#3146
b10000000001010 D
b10000000001010 d
#3147
b1111111101101 D
b1111111101101 d
#3148
b10000000001001 D
b10000000101001 d
#3149
b1111111101000 D
b1111111101001 d
#3150
b10111010101101 D
b11111111101101 d
#3151
b1111111101111 D
b11111111001111 d
#3152
b11111111101011 D
b11111111101011 d
#3153
b11000001001010 D
b10000000001010 d
#3154
b1111111110001 D
b1111111110001 d
#3155
b10000000000000 D
b10000000000000 d
#3156
b1111111011111 D
b1111111011111 d
#3157
b10000000000011 D
b10000000000011 d
#3158
b1111111111000 D
b1111111111000 d
#3159
b10000000001001 D
b10000000001001 d
#3160
b1111111110111 D
b1111111110111 d
#3161
b10000000010000 D
b10000000010000 d
#3162
b1111111010000 D
b1111111010000 d
#3163
b10000000010001 D
b10000000010001 d
#3164
b1111111110001 D
b1111111110001 d
#3165
b1111111111010 D
b1111111111010 d
#3166
b1111111110011 D
b1111111110011 d
#3167
b10000000001001 D
b10000000001001 d
#3168
b1111111000110 D
b1111111000110 d
#3169
b10000000010100 D
b10000000010100 d
#3170
b1111111000000 D
b1111111000000 d
#3171
b10000000000001 D
b10000000000001 d
#3172
b10000000011011 D
b10000000011011 d
#3173
b1111111110111 D
b1111111110111 d
#3174
b1111111001111 D
b1111111001111 d
#3175
b10000000010101 D
b10000000010101 d
#3176
b1111111101111 D
b1111111101111 d
#3177
b10000000001000 D
b10000000001000 d
#3178
b1111111100000 D
b1111111100000 d
#3179
b10000000010110 D
b10000000010110 d
#3180
b1111111110110 D
b1111111110110 d
#3181
b10000000001010 D
b10000000001010 d
#3182
b1111111011010 D
b1111111011010 d
#3183
b10000000000101 D
b10000000000101 d
#3184
b1111111000110 D
b1111111000110 d
#3185
b10000000000000 D
b10111010000010 d
#3186
b10000000011001 D
b10000000011001 d
#3187
b10000000111111 D
b10000000111111 d
#3188
b11111110111111 D
b11111100111110 d
#3189
b1111111111011 D
b1111111111011 d
#3190
b1111111111111 D
b1111111111111 d
#3191
b1111111100111 D
b1111111100111 d
#3192
b10000000011001 D
b10000000011001 d
#3193
b1111111110011 D
b1111111110011 d
#3194
b10000000100000 D
b10000000100000 d
#3195
b1111111000110 D
b1111111000110 d
#3196
b10000000000100 D
b10000000000100 d
#3197
b1111111111011 D
b1111111111011 d
#3199
b1111111101011 D
b1111111101011 d
#3200
b1111111111110 D
b1111111111110 d
#3201
b1111111100001 D
b1111111100001 d
#3202
b10000000001101 D
b10000000001101 d
#3203
b1111111110100 D
b1111111110100 d
#3204
b1111111110001 D
b1111111110001 d
#3205
b1111111110000 D
b1111111110000 d
#3206
b10000000010011 D
b10000000010011 d
#3207
b1111110110111 D
b1111110110111 d
#3208
b10000000010110 D
b10000000010110 d
#3209
b10000000001000 D
b10000000001000 d
#3210
b1111111100110 D
b1111111100110 d
#3211
b1111111101100 D
b1111111101100 d
#3212
b1111111111101 D
b1111111111101 d
#3213
b10000000001111 D
b10000000001111 d
#3214
b1111111101100 D
b1111111101100 d
#3215
b1111111100110 D
b1111111100110 d
#3216
b10000000110001 D
b10000000110001 d
#3217
b1111111011010 D
b1111111011010 d
#3218
b10000000000001 D
b10000000000001 d
#3219
b1111111111100 D
b1111111111100 d
#3220
b1111111111010 D
b1111111111010 d
#3221
b10000000101110 D
b10111010101110 d
#3222
b1111111101111 D
b11111111101111 d
#3223
b11111111111111 D
b11111111111111 d
#3224
b11111111011000 D
b11111111011000 d
#3225
b1111111111100 D
b1111111111100 d
#3226
b1111111111110 D
b1111111111110 d
#3227
b1111111111010 D
b1111111111010 d
#3228
b1111111111110 D
b1111111111110 d
#3230
b1111111001101 D
b1111111001101 d
#3231
b10000000000101 D
b10000000000101 d
#3232
b10000000000001 D
b10000000000001 d
#3233
b1111111011001 D
b1111111011001 d
#3234
b1111111111111 D
b1111111111111 d
#3235
b1111111001110 D
b1111111001110 d
#3236
b10000000100011 D
b10000000100011 d
#3237
b1111111001111 D
b1111111001111 d
#3238
b10000000010011 D
b10000000010011 d
#3239
b10000000000110 D
b10000000000110 d
#3240
b1111111110010 D
b1111111110010 d
#3241
b10000000010100 D
b10000000010100 d
#3242
b1111111101011 D
b1111111101011 d
#3243
b1111111100000 D
b1111111100000 d
#3244
b1111111100110 D
b1111111100110 d
#3245
b1111111011100 D
b1111111011100 d
#3246
b10000000010101 D
b10000000010101 d
#3247
b1111111110010 D
b1111111110010 d
#3248
b10000000000111 D
b10000000000111 d
#3249
b1111111100111 D
b1111111100111 d
#3250
b10000000000101 D
b10000000000101 d
#3251
b10000000010111 D
b10000000010111 d
#3252
b1111111101111 D
b1111111101111 d
#3253
b1111111110110 D
b1111111110110 d
#3254
b1111111100101 D
b1111111100101 d
#3255
b10000000011011 D
b10000000011011 d
#3256
b1111111100011 D
b1111111101011 d
#3257
b1111111101101 D
b1111111101111 d
#3258
b10111110111111 D
b11111111111111 d
#3259
b11111111011111 D
b11011111010111 d
#3260
b1111111111100 D
b1111111111100 d
#3261
b1111111111011 D
b1111111111011 d
#3262
b1111111110011 D
b1111111110011 d
#3263
b10000000011010 D
b10000000011010 d
#3264
b1111111100110 D
b1111111100110 d
#3265
b10000000011101 D
b10000000011101 d
#3266
b10000000011011 D
b10000000011011 d
#3267
b1111111111000 D
b1111111111000 d
#3268
b1111111100100 D
b1111111100100 d
#3269
b10000000010111 D
b10000000010111 d
#3270
b1111111010101 D
b1111111010101 d
#3271
b1111111011001 D
b1111111011001 d
#3272
b1111111011101 D
b1111111011101 d
#3273
b10000000100011 D
b10000000100011 d
#3274
b1111111100101 D
b1111111100101 d
#3275
b10000000011101 D
b10000000011101 d
#3276
b1111111101101 D
b1111111101101 d
#3277
b1111111011001 D
b1111111011001 d
#3278
b10000000001101 D
b10000000001101 d
#3279
b10000000011011 D
b10000000011011 d
#3280
b1111111001110 D
b1111111001110 d
#3281
b1111111110111 D
b1111111110111 d
#3282
b1111111110101 D
b1111111110101 d
#3283
b10000000100010 D
b10000000100010 d
#3284
b10000000000000 D
b10000000000000 d
#3285
b10000000010100 D
b10000000010100 d
#3286
b1111111101100 D
b1111111101100 d
#3287
b10000000001010 D
b10000000001010 d
#3288
b1111111111111 D
b1111111111111 d
#3289
b1111111011101 D
b1111111011101 d
#3290
b10000000000110 D
b10000000000110 d
#3291
b1111111110001 D
b1111111110001 d
#3292
b1111111111101 D
b1111111111101 d
#3293
b1111111111111 D
b1111111111111 d
#3295
b11111111110111 D
b11111111110111 d
#3296
b11111110010110 D
b10111100010110 d
#3297
b1111111111101 D
b1111111111101 d
#3298
b1111111110101 D
b1111111110101 d
#3299
b1111111111001 D
b1111111111001 d
#3300
b1111111001001 D
b1111111001001 d
#3301
b10000000110011 D
b10000000110011 d
#3302
b1111111110010 D
b1111111110010 d
#3303
b1111111001111 D
b1111111001111 d
#3304
b10000000000110 D
b10000000000110 d
#3305
b1111111010101 D
b1111111010101 d
#3306
b10000000000101 D
b10000000000101 d
#3307
b10000000010101 D
b10000000010101 d
#3308
b1111111100110 D
b1111111100110 d
#3309
b10000000001100 D
b10000000001100 d
#3310
b1111111101000 D
b1111111101000 d
#3311
b1111111011110 D
b1111111011110 d
#3312
b10000000100011 D
b10000000100011 d
#3313
b10000000001011 D
b10000000001011 d
#3314
b1111111111100 D
b1111111111100 d
#3315
b1111111100010 D
b1111111100010 d
#3316
b10000000000001 D
b10000000000001 d
#3317
b1111111100100 D
b1111111100100 d
#3318
b10000000000101 D
b10000000000101 d
#3319
b10000000001010 D
b10000000001010 d
#3320
b1111111101101 D
b1111111101101 d
#3321
b1111111011000 D
b1111111011000 d
#3322
b10000000001100 D
b10000000001100 d
#3323
b1111111011001 D
b1111111011001 d
#3324
b1111111101010 D
b1111111101010 d
#3325
b10000000001111 D
b10000000001111 d
#3326
b1111111111000 D
b1111111111000 d
#3327
b1111111101111 D
b1111111101111 d
#3328
b10000000110111 D
b10111010111111 d
#3329
b1111111010111 D
b11111111010111 d
#3330
b11111111010111 D
#3331
b11101111010000 D
b11000000000000 d
#3332
b11111111111011 D
b1111111111011 d
#3333
b10000000010001 D
b10000000010001 d
#3334
b1111111111111 D
b1111111111111 d
#3335
b1111111011111 d
#3336
b1111111101111 D
b1111111101110 d
#3337
b1111111111001 D
b1111111101001 d
#3338
b1111111110001 D
b1111111110001 d
#3339
b10000000011100 D
b10000000011100 d
#3340
b1111111101000 D
b1111111101000 d
#3341
b10000000000010 D
b10000000000010 d
#3342
b1111111101100 D
b1111111101100 d
#3343
b1111111111101 D
b1111111111101 d
#3344
b1111111101000 D
b1111111101000 d
#3345
b10000000100000 D
b10000000100000 d
#3346
b1111111100011 D
b1111111100011 d
#3347
b10000000001011 D
b10000000001011 d
#3348
b10000000010011 D
b10000000010011 d
#3349
b1111111111111 D
b1111111111111 d
#3350
b1111111100000 D
b1111111100000 d
#3351
b1111111100110 D
b1111111100110 d
#3352
b1111111101110 D
b1111111101110 d
#3353
b10000000000100 D
b10000000000100 d
#3354
b1111111110101 D
b1111111110101 d
#3355
b10000000100101 D
b10000000100101 d
#3356
b1111111100001 D
b1111111100001 d
#3357
b1111111110110 D
b1111111110110 d
#3358
b1111111110101 D
b1111111110101 d
#3359
b1111111100101 D
b1111111100101 d
#3360
b10000000001111 D
b10000000001111 d
#3361
b1111111110010 D
b1111111110010 d
#3362
b1111111101011 D
b1111111101011 d
#3363
b10000000011011 D
b10000000111011 d
#3364
b1111111011110 D
b1111111011111 d
#3365
b10111110011111 D
b11111111011111 d
#3366
b11111111000101 D
b11010111000101 d
#3367
b1111111111101 D
b1111111111101 d
#3368
b1111111111110 D
b1111111111110 d
#3369
b1111111110111 D
b1111111110111 d
#3370
b1111111111111 D
b1111111111111 d
#3371
b1111111111101 D
b1111111111101 d
#3372
b10000000000110 D
b10000000000110 d
#3373
b1111111110000 D
b1111111110000 d
#3374
b1111111110001 D
b1111111110001 d
#3375
b1111111101010 D
b1111111101010 d
#3376
b10000000001100 D
b10000000001100 d
#3377
b1111111001011 D
b1111111001011 d
#3378
b10000000011000 D
b10000000011000 d
#3379
b10000000010000 D
b10000000010000 d
#3380
b1111111110111 D
b1111111110111 d
#3381
b1111111101111 D
b1111111101111 d
#3382
b10000000010011 D
b10000000010011 d
#3383
b1111111100011 D
b1111111100011 d
#3384
b1111111110000 D
b1111111110000 d
#3385
b1111111110001 D
b1111111110001 d
#3386
b10000000010101 D
b10000000010101 d
#3387
b1111111001101 D
b1111111001101 d
#3388
b10000000011100 D
b10000000011100 d
#3389
b1111111101110 D
b1111111101110 d
#3390
b1111111100100 D
b1111111100100 d
#3391
b10000000000010 D
b10000000000010 d
#3392
b10000000010100 D
b10000000010100 d
#3393
b1111111001000 D
b1111111001000 d
#3394
b10000000001000 D
b10000000001000 d
#3395
b10000000000110 D
b10000000000110 d
#3396
b1111111111001 D
b1111111111001 d
#3397
b1111111001001 D
b1111111001001 d
#3398
b1111111010111 D
b1111111010111 d
#3399
b1111111100010 D
b1111111100010 d
#3400
b10000000100010 D
b10111010100010 d
#3401
b1111111110010 D
b11111111110010 d
#3402
b1111111111011 D
b1111111111011 d
#3403
b11111111111101 D
b11111111111101 d
#3404
b10001001010100 D
b10000000010100 d
#3405
b1111111101101 D
b1111111101101 d
#3406
b1111111101001 D
b1111111101001 d
#3407
b10101100000101 D
b10000000000101 d
#3408
b1111111011101 D
b1111111011101 d
#3409
b10000000001100 D
b10000000001100 d
#3410
b10000000000001 D
b10000000000001 d
#3411
b1111111111010 D
b1111111111010 d
#3412
b1111111100011 D
b1111111100011 d
#3413
b1111111110001 D
b1111111110001 d
#3414
b10000000010100 D
b10000000010100 d
#3415
b1111111101011 D
b1111111101011 d
#3416
b1111111111001 D
b1111111111001 d
#3417
b10000000001110 D
b10000000001110 d
#3418
b1111111110010 D
b1111111110010 d
#3419
b10000000011100 D
b10000000011100 d
#3420
b1111111010010 D
b1111111010010 d
#3421
b1111111110001 D
b1111111110001 d
#3422
b1111111111001 D
b1111111111001 d
#3423
b1111111100011 D
b1111111100011 d
#3424
b10000000001110 D
b10000000001110 d
#3425
b1111111101000 D
b1111111101000 d
#3426
b1111111110011 D
b1111111110011 d
#3427
b10000000001110 D
b10000000001110 d
#3428
b1111111110011 D
b1111111110011 d
#3429
b10000000010100 D
b10000000010100 d
#3430
b1111111001000 D
b1111111001000 d
#3431
b1111111010001 D
b1111111010001 d
#3432
b1111111110001 D
b1111111110001 d
#3433
b10000000010111 D
b10000000010111 d
#3434
b10000000011111 D
b10000000011111 d
#3435
b1111111110001 D
b1111111111001 d
#3436
b1111111111000 D
#3437
b1111111111111 D
b1111111111111 d
#3439
b1111111111110 D
b1111111111110 d
#3441
b1111111011111 D
b1111111011111 d
#3442
b10000000011111 D
b10000000011111 d
#3443
b1111111111001 D
b1111111111001 d
#3444
b1111111111000 D
b1111111111000 d
#3445
b10000000011110 D
b10000000011110 d
#3446
b1111111110110 D
b1111111110110 d
#3447
b1111111000001 D
b1111111000001 d
#3448
b10000000001011 D
b10000000001011 d
#3449
b10000000111011 D
b10000000111011 d
#3450
b1111111011001 D
b1111111011001 d
#3451
b10000000001111 D
b10000000001111 d
#3452
b10000000110001 D
b10000000110001 d
#3453
b1111111001000 D
b1111111001000 d
#3454
b10000000001001 D
b10000000001001 d
#3455
b10000000101000 D
b10000000101000 d
#3456
b10000000011110 D
b10000000011110 d
#3457
b1111111110010 D
b1111111110010 d
#3458
b1111111110100 D
b1111111110100 d
#3459
b1111111111000 D
b1111111111000 d
#3460
b1111111101001 D
b1111111101001 d
#3461
b1111111111010 D
b1111111111010 d
#3462
b1111111100110 D
b1111111100110 d
#3463
b10000000010010 D
b10000000010010 d
#3464
b1111111111011 D
b1111111111011 d
#3465
b1111111011011 D
b1111111011011 d
#3466
b1111111111101 D
b1111111111101 d
#3467
b1111111111100 D
b1111111111100 d
#3468
b1111111101011 D
b1111111101011 d
#3469
b1111111111010 D
b1111111111010 d
#3470
b10000000001011 D
b10000000001011 d
#3471
b1111111101100 D
b1111111101111 d
#3472
b10010010101100 D
b11111111101100 d
#3473
b10000000001110 D
b10000000001110 d
#3474
b11111111001110 D
b11111111001110 d
#3475
b11111111001101 D
b11111111001101 d
#3476
b10111111001101 D
b10111111001101 d
#3477
b1111111010100 D
b1111111010100 d
#3478
b10000000010110 D
b10000000010110 d
#3479
b10111111010110 D
b10001111010110 d
#3480
b1111111010110 D
b1111111010110 d
#3481
b10000000011110 D
b10000000011110 d
#3482
b10000000000111 D
b10000000000111 d
#3483
b10000000000000 D
b10000000000000 d
#3484
b1111111010001 D
b1111111010001 d
#3485
b10000000001001 D
b10000000001001 d
#3486
b1111111110110 D
b1111111110110 d
#3487
b1111111100001 D
b1111111100001 d
#3488
b10000000100100 D
b10000000100100 d
#3489
b10000000000111 D
b10000000000111 d
#3490
b1111111101101 D
b1111111101101 d
#3491
b1111111111001 D
b1111111111001 d
#3492
b10000000000101 D
b10000000000101 d
#3493
b10000000001000 D
b10000000001000 d
#3494
b1111111011110 D
b1111111011110 d
#3495
b10000000100111 D
b10000000100111 d
#3496
b1111111100011 D
b1111111100011 d
#3497
b1111111111011 D
b1111111111011 d
#3498
b10000000100001 D
b10000000100001 d
#3499
b1111111100010 D
b1111111100010 d
#3500
b1111111101111 D
b1111111101111 d
#3501
b10000000001111 D
b10000000001111 d
#3502
b10000000000111 D
b10000000000111 d
#3503
b1111111100101 D
b1111111100101 d
#3504
b1111111111101 D
b1111111111101 d
#3505
b10000000010110 D
b10000000010110 d
#3506
b1111111011101 D
b1111111011101 d
#3507
b1111111111101 D
b1111111111101 d
#3508
b10010000101001 D
b10111111111101 d
#3509
b1111111111011 D
b11111111111011 d
#3510
b1111111111111 D
b1111111111111 d
#3511
b11111111111111 D
b11111111111111 d
#3512
b10111100110101 D
b10111100110101 d
#3513
b1111111011111 D
b1111111011111 d
#3514
b1111111011001 D
b1111111011001 d
#3515
b10000000110110 D
b10000000110110 d
#3516
b10000000010110 D
b10000000010110 d
#3517
b1111111111010 D
b1111110111010 d
#3518
b1111111111010 d
#3519
b10000000100101 D
b10000000100101 d
#3520
b1111111110010 D
b1111111110010 d
#3521
b1111111111111 D
b1111111111111 d
#3522
b10000000011110 D
b10000000011110 d
#3523
b1111111011110 D
b1111111011110 d
#3524
b1111111000101 D
b1111111000101 d
#3525
b10000000011000 D
b10000000011000 d
#3526
b10000000000110 D
b10000000000110 d
#3527
b1111111011111 D
b1111111011111 d
#3528
b10000000001101 D
b10000000001101 d
#3529
b1111111111111 D
b1111111111111 d
#3530
b1111111011001 D
b1111111011001 d
#3531
b10000000101100 D
b10000000101100 d
#3532
b10000000101010 D
b10000000101010 d
#3533
b10000000000001 D
b10000000000001 d
#3534
b10000000100000 D
b10000000100000 d
#3535
b1111111110111 D
b1111111110111 d
#3536
b1111111101010 D
b1111111101010 d
#3537
b10000000001101 D
b10000000001101 d
#3538
b1111111110010 D
b1111111110010 d
#3539
b1111111011111 D
b1111111011111 d
#3540
b1111111110011 D
b1111111110011 d
#3541
b10000000010101 D
b10000000010101 d
#3542
b10000000010001 D
b10000000010001 d
#3543
b10000000000100 D
b10000000000100 d
#3544
b10000000000000 D
b10000000000000 d
#3545
b11111111011101 D
b11111111011101 d
#3546
b1111111111111 D
b1111111111111 d
#3547
b1111111110110 D
b1111111110110 d
#3548
b1111111111011 D
b1111111111011 d
#3549
b1111111101001 D
b1111111101001 d
#3550
b10000000001111 D
b10000000001111 d
#3551
b1111111111100 D
b1111111111100 d
#3553
b1111111110011 D
b1111111110011 d
#3554
b10000000001110 D
b10000000001110 d
#3555
b1111111110010 D
b1111111110010 d
#3556
b1111111010110 D
b1111111010110 d
#3557
b1111111110110 D
b1111111110110 d
#3558
b10000000010101 D
b10000000010101 d
#3559
b1111111111101 D
b1111111111101 d
#3560
b1111111110010 D
b1111111110010 d
#3561
b1111111111011 D
b1111111111011 d
#3562
b1111111111101 D
b1111111111101 d
#3563
b1111111100110 D
b1111111100110 d
#3564
b10000000001011 D
b10000000001011 d
#3565
b1111111101111 D
b1111111101111 d
#3566
b1111111101001 D
b1111111101001 d
#3567
b1111111100011 D
b1111111100011 d
#3568
b10000000001101 D
b10000000001101 d
#3569
b1111111100111 D
b1111111100111 d
#3570
b10000000001100 D
b10000000001100 d
#3571
b1111111100110 D
b1111111100110 d
#3572
b1111111101000 D
b1111111101000 d
#3573
b10000000001100 D
b10000000001100 d
#3574
b10000000011001 D
b10000000011001 d
#3575
b1111111111111 D
b1111111111111 d
#3576
b10000000001011 D
b10000000001011 d
#3577
b1111111100010 D
b1111111100010 d
#3578
b1111111111101 D
b1111111111101 d
#3579
b1111111101001 D
b1111111101001 d
#3580
b10111110101101 D
b11111111101101 d
#3581
b11111111011101 D
b11000101011100 d
#3582
b1111111110111 D
b1111111110111 d
#3583
b1111111110100 D
b1111111110100 d
#3585
b10000000010111 D
b10000000010111 d
#3586
b10000000100111 D
b10000000100111 d
#3588
b1111110111000 D
b1111110111000 d
#3589
b10000000001000 D
b10000000001000 d
#3590
b10000000011100 D
b10000000011100 d
#3591
b1111111111111 D
b1111111111111 d
#3592
b1111111001111 D
b1111111001111 d
#3593
b10000000010101 D
b10000000010101 d
#3594
b1111111101101 D
b1111111101101 d
#3595
b10000000000101 D
b10000000000101 d
#3596
b10000000000011 D
b10000000000011 d
#3597
b1111111110111 D
b1111111110111 d
#3598
b1111111100101 D
b1111111100101 d
#3599
b1111111111010 D
b1111111111010 d
#3600
b1111111101001 D
b1111111101001 d
#3601
b10000000000100 D
b10000000000100 d
#3602
b10000000000101 D
b10000000000101 d
#3603
b10000000011101 D
b10000000011101 d
#3604
b1111111010100 D
b1111111010100 d
#3605
b1111111100111 D
b1111111100111 d
#3606
b1111111101100 D
b1111111101100 d
#3607
b1111111111100 D
b1111111111100 d
#3608
b10000000011011 D
b10000000011011 d
#3609
b1111111110100 D
b1111111110100 d
#3610
b1111111110101 D
b1111111110101 d
#3611
b10000000011101 D
b10000000011101 d
#3612
b1111111100101 D
b1111111100101 d
#3613
b1111111011001 D
b1111111011001 d
#3614
b1111111110100 D
b1111111110100 d
#3615
b1111111111010 D
b1111111111010 d
#3616
b1111111101111 D
b1111111111111 d
#3617
b11111111101101 D
b11111111101101 d
#3618
b10000000001111 D
b10000000001111 d
#3619
b10000000001010 D
b10000000001010 d
#3620
b1111111010101 D
b1111111010101 d
#3621
b10000000001111 D
b10000000001111 d
#3622
b10101111001111 D
b10000100001111 d
#3623
b1111111100111 D
b1111111100111 d
#3624
b10000000000100 D
b10000000000100 d
#3625
b10000000000110 D
b10000000000110 d
#3626
b1111111110000 D
b1111111110000 d
#3627
b1111111100110 D
b1111111100110 d
#3628
b10000000010001 D
b10000000010001 d
#3629
b10000000000101 D
b10000000000101 d
#3630
b1111111011100 D
b1111111011100 d
#3631
b10000000100100 D
b10000000100100 d
#3632
b1111111101000 D
b1111111101000 d
#3633
b1111110110100 D
b1111110110100 d
#3634
b10000000100111 D
b10000000100111 d
#3635
b1111111111101 D
b1111111111101 d
#3636
b1111111101101 D
b1111111101101 d
#3637
b10000000001111 D
b10000000001111 d
#3638
b10000000001001 D
b10000000001001 d
#3639
b1111111010001 D
b1111111010001 d
#3640
b10000000000111 D
b10000000000111 d
#3641
b10000000010011 D
b10000000010011 d
#3642
b1111111110111 D
b1111111110111 d
#3643
b10000000001110 D
b10000000001110 d
#3644
b1111111101100 D
b1111111101100 d
#3645
b10000000010001 D
b10000000010001 d
#3646
b10000000010110 D
b10000000010110 d
#3647
b1111111111011 D
b1111111111011 d
#3648
b1111111101111 D
b1111111101111 d
#3649
b10000000000010 D
b10000000100010 d
#3650
b10000000001101 D
b10000000001101 d
#3651
b1111111101101 D
b1111111101101 d
#3652
b1111111111100 D
b1111111111100 d
#3653
b11111111011101 D
b11111111011101 d
#3654
b11000001001101 D
b10000000001101 d
#3655
b11111111100010 D
b1111111100010 d
#3656
b10000000100010 D
b10000000100010 d
#3657
b1111111011101 D
b1111111001101 d
#3658
b1111111110100 D
b1111111110100 d
#3659
b1111111100100 D
b1111111100100 d
#3660
b10000000100111 D
b10000000100111 d
#3661
b1111111010011 D
b1111111010011 d
#3662
b10000000101101 D
b10000000101101 d
#3663
b10000000010011 D
b10000000010011 d
#3664
b1111111111011 D
b1111111111011 d
#3665
b1111111101001 D
b1111111101001 d
#3666
b1111111100101 D
b1111111100101 d
#3667
b1111110110010 D
b1111110110010 d
#3668
b10000000000010 D
b10000000000010 d
#3669
b1111111011101 D
b1111111011101 d
#3670
b1111111101111 D
b1111111101111 d
#3671
b10000000001001 D
b10000000001001 d
#3672
b10000000011000 D
b10000000011000 d
#3673
b1111111010110 D
b1111111010110 d
#3674
b1111111101111 D
b1111111101111 d
#3675
b10000000001110 D
b10000000001110 d
#3676
b10000000001001 D
b10000000001001 d
#3677
b1111111111001 D
b1111111111001 d
#3678
b1111111111101 D
b1111111111101 d
#3679
b1111111100001 D
b1111111100001 d
#3680
b10000000000000 D
b10000000000000 d
#3681
b10000000100010 D
b10000000100010 d
#3682
b1111111011100 D
b1111111011100 d
#3683
b1111111101010 D
b1111111101010 d
#3684
b10000000001010 D
b10000000001010 d
#3685
b10000000000000 D
b10000000000000 d
#3686
b1111111011101 D
b1111111011101 d
#3687
b1111111111101 D
b1111111111101 d
#3688
b11111110111101 D
b11111111111101 d
#3689
b11111111011001 D
b11000001001001 d
#3690
b11111111110011 D
b1111111110011 d
#3691
b10000000001011 D
b10000000001011 d
#3692
b1111111111011 D
b1111111111011 d
#3693
b1111111101111 D
b1111111101111 d
#3694
b1111111100110 D
b1111111100110 d
#3695
b10000000101000 D
b10000000101000 d
#3696
b1111111111110 D
b1111111111110 d
#3697
b1111110111011 D
b1111110111011 d
#3698
b10000000100000 D
b10000000100000 d
#3699
b10000000001010 D
b10000000001010 d
#3700
b1111111000100 D
b1111111000100 d
#3701
b10000000110001 D
b10000000110001 d
#3702
b1111111110001 D
b1111111110001 d
#3703
b1111111011001 D
b1111111011001 d
#3704
b10000000010110 D
b10000000010110 d
#3705
b10000000001101 D
b10000000001101 d
#3706
b1111111100100 D
b1111111100100 d
#3707
b1111111110110 D
b1111111110110 d
#3708
b10000000010100 D
b10000000010100 d
#3709
b10000000010001 D
b10000000010001 d
#3710
b1111111111010 D
b1111111111010 d
#3711
b1111111110101 D
b1111111110101 d
#3712
b10000000000100 D
b10000000000100 d
#3713
b1111111111010 D
b1111111111010 d
#3714
b10000000010000 D
b10000000010000 d
#3715
b1111111101111 D
b1111111101111 d
#3716
b1111111101001 D
b1111111101001 d
#3717
b10000000010001 D
b10000000010001 d
#3718
b10000000010010 D
b10000000010010 d
#3719
b1111110011111 D
b1111110011111 d
#3720
b10000000011110 D
b10000000011110 d
#3721
b10000000001010 D
b10000000001010 d
#3722
b1111110111010 D
b1111110111010 d
#3723
b1111111101011 D
b1111111111011 d
#3724
b11111111101111 D
b11111111101111 d
#3725
b11111111101110 D
b11111111101110 d
#3726
b1111111101111 D
b1111111101111 d
#3727
b1111111101100 D
b1111111101100 d
#3728
b10101000011110 D
b10000000011110 d
#3729
b1111111110111 D
b1111111110111 d
#3730
b1111111100110 D
b1111111100110 d
#3731
b10000000011000 D
b10000000011000 d
#3732
b1111111110010 D
b1111111110010 d
#3733
b1111111101111 D
b1111111101111 d
#3734
b1111111110100 D
b1111111110100 d
#3735
b10000000000001 D
b10000000000001 d
#3736
b1111111110100 D
b1111111110100 d
#3737
b10000000010010 D
b10000000010010 d
#3738
b1111111100110 D
b1111111100110 d
#3739
b10000000000101 D
b10000000000101 d
#3740
b10000000001010 D
b10000000001010 d
#3741
b1111111110110 D
b1111111110110 d
#3742
b1111111100000 D
b1111111100000 d
#3743
b10000000010100 D
b10000000010100 d
#3744
b10000000000111 D
b10000000000111 d
#3745
b10000000000001 D
b10000000000001 d
#3746
b1111111010011 D
b1111111010011 d
#3747
b10000000100101 D
b10000000100101 d
#3748
b1111111001110 D
b1111111001110 d
#3749
b1111111111001 D
b1111111111001 d
#3750
b1111111100110 D
b1111111100110 d
#3751
b10000000011111 D
b10000000011111 d
#3752
b1111111101001 D
b1111111101001 d
#3753
b1111111011110 D
b1111111011110 d
#3754
b10000000000111 D
b10000000000111 d
#3755
b1111111111001 D
b1111111111001 d
#3756
b1111111000010 D
b1111111000010 d
#3757
b10000000110001 D
b10111000110001 d
#3758
b1111111110110 D
b1111111110111 d
#3759
b1111111101111 D
b1111111111111 d
#3760
b11111111111111 D
b11111111111111 d
#3761
b10000000010111 D
b10000000010111 d
#3762
b10000001010010 D
b10000000010010 d
#3763
b1111111101100 D
b1111111101100 d
#3764
b1111111111000 D
b1111111111000 d
#3765
b1111111111111 D
b1111111111111 d
#3766
b1111111100111 D
b1111111100111 d
#3767
b10000000010001 D
b10000000000001 d
#3768
b10000000010001 d
#3769
b1111111101100 D
b1111111101100 d
#3770
b1111111100011 D
b1111111100011 d
#3771
b10000000001111 D
b10000000001111 d
#3772
b1111111110100 D
b1111111110100 d
#3774
b10000000010100 D
b10000000010100 d
#3775
b1111111100101 D
b1111111100101 d
#3776
b1111111111000 D
b1111111111000 d
#3777
b10000000011010 D
b10000000011010 d
#3778
b1111111010010 D
b1111111010010 d
#3779
b1111111111101 D
b1111111111101 d
#3780
b1111111101100 D
b1111111101100 d
#3781
b1111111100111 D
b1111111100111 d
#3782
b10000000000100 D
b10000000000100 d
#3783
b1111111111110 D
b1111111111110 d
#3784
b10000000010100 D
b10000000010100 d
#3785
b1111111100010 D
b1111111100010 d
#3786
b1111111100100 D
b1111111100100 d
#3787
b10000000000010 D
b10000000000010 d
#3788
b1111111011110 D
b1111111011110 d
#3789
b10000000000111 D
b10000000000111 d
#3790
b10000000010010 D
b10000000010010 d
#3791
b1111111101111 D
b1111111101111 d
#3792
b1111111101011 D
b1111111101011 d
#3793
b1111111011110 D
b1111111111110 d
#3794
b10010000001110 D
b10111111001110 d
#3795
b1111111101111 D
b11111111101111 d
#3796
b11111111101111 D
b11111111100111 d
#3797
b11000001001000 D
b10000000001000 d
#3798
b1111111111111 D
b1111111111111 d
#3799
b1111111100011 D
b1111111100011 d
#3800
b10000000011101 D
b10000000011101 d
#3801
b1111111111010 D
b1111111111010 d
#3802
b10000000010111 D
b10000000010111 d
#3803
b1111111101101 D
b1111111101101 d
#3804
b10000000001111 D
b10000000001111 d
#3805
b10000000110111 D
b10000000110111 d
#3806
b1111111011010 D
b1111111011010 d
#3807
b10000000110010 D
b10000000110010 d
#3808
b1111111000001 D
b1111111000001 d
#3809
b1111111110001 D
b1111111110001 d
#3810
b10000000000110 D
b10000000000110 d
#3811
b1111111101000 D
b1111111101000 d
#3812
b10000000011000 D
b10000000011000 d
#3813
b1111111110101 D
b1111111110101 d
#3814
b1111111111101 D
b1111111111101 d
#3815
b1111111100100 D
b1111111100100 d
#3816
b10000000001100 D
b10000000001100 d
#3817
b10000000001110 D
b10000000001110 d
#3818
b1111111010111 D
b1111111010111 d
#3819
b1111111100000 D
b1111111100000 d
#3820
b10000000001111 D
b10000000001111 d
#3821
b1111111111110 D
b1111111111110 d
#3822
b1111111111100 D
b1111111111100 d
#3823
b1111111010010 D
b1111111010010 d
#3824
b10000000000011 D
b10000000000011 d
#3826
b10000000001101 D
b10000000001101 d
#3827
b1111111011010 D
b1111111011010 d
#3828
b10000000001101 D
b10000000001101 d
#3829
b1111111111110 D
b1111111111111 d
#3830
b1111111111011 D
#3831
b11111110011111 D
b11111111011111 d
#3832
b11111111011111 D
b11001101011111 d
#3833
b1111111111011 D
b1111111111011 d
#3834
b11111111100011 D
b1111111100011 d
#3835
b10101000010110 D
b10000000010110 d
#3836
b1111111011110 D
b1111111011110 d
#3837
b1111111111001 D
b1111111111001 d
#3838
b10000000100101 D
b10000000100101 d
#3839
b1111111010100 D
b1111111010100 d
#3840
b1111111100001 D
b1111111100001 d
#3841
b10000000010001 D
b10000000010001 d
#3842
b1111111100110 D
b1111111100110 d
#3843
b1111111110001 D
b1111111110001 d
#3844
b1111111111011 D
b1111111111011 d
#3845
b1111111110110 D
b1111111110110 d
#3846
b1111111100001 D
b1111111100001 d
#3847
b1111111101101 D
b1111111101101 d
#3848
b10000000010101 D
b10000000010101 d
#3849
b1111111100101 D
b1111111100101 d
#3850
b1111111110001 D
b1111111110001 d
#3851
b10000000000101 D
b10000000000101 d
#3852
b10000000000001 D
b10000000000001 d
#3853
b1111111010110 D
b1111111010110 d
#3854
b1111111111101 D
b1111111111101 d
#3855
b10000000001000 D
b10000000001000 d
#3856
b1111111100101 D
b1111111100101 d
#3858
b10000000011011 D
b10000000011011 d
#3859
b1111111110001 D
b1111111110001 d
#3860
b10000000000100 D
b10000000000100 d
#3861
b10000000011010 D
b10000000011010 d
#3862
b1111111011010 D
b1111111011010 d
#3863
b1111111110011 D
b1111111110011 d
#3864
b10000000000001 D
b10000000100001 d
#3865
b10000000100000 D
b10000000100000 d
#3866
b1111111101100 D
b11111111101100 d
#3867
b11111111111100 D
b11111111111100 d
#3868
b11111111010100 D
b11111111010100 d
#3869
b1111111111110 D
b1111111111110 d
#3870
b1111111011110 D
b1111111001110 d
#3871
b10101100011001 D
b10000000011001 d
#3872
b1111111010101 D
b1111111010101 d
#3873
b1111111111111 D
b1111111111111 d
#3874
b1111111111110 D
b1111111111110 d
#3875
b10000000011100 D
b10000000011100 d
#3876
b1111111100110 D
b1111111100110 d
#3877
b10000000000101 D
b10000000000101 d
#3878
b10000000011000 D
b10000000011000 d
#3879
b1111111011111 D
b1111111011111 d
#3880
b10000000000010 D
b10000000000010 d
#3881
b10000000000110 D
b10000000000110 d
#3882
b1111111110001 D
b1111111110001 d
#3883
b1111111111001 D
b1111111111001 d
#3884
b1111111100111 D
b1111111100111 d
#3885
b10000000001100 D
b10000000001100 d
#3886
b1111111011101 D
b1111111011101 d
#3887
b10000000110111 D
b10000000110111 d
#3888
b1111111110110 D
b1111111110110 d
#3889
b1111110110111 D
b1111110110111 d
#3890
b10000000011100 D
b10000000011100 d
#3891
b1111111100011 D
b1111111100011 d
#3892
b1111111101101 D
b1111111101101 d
#3893
b1111111110011 D
b1111111110011 d
#3894
b1111111111110 D
b1111111111110 d
#3895
b10000000000011 D
b10000000000011 d
#3896
b1111110111101 D
b1111110111101 d
#3897
b10000000011100 D
b10000000011100 d
#3898
b10000000001110 D
b10000000001110 d
#3899
b1111111110010 D
b1111111110010 d
#3900
b10000000100000 D
b10101000100000 d
#3901
b10000000000001 D
b10000000000001 d
#3902
b1111111111011 D
b11111111111011 d
#3903
b1111111111110 D
b1111111111110 d
#3904
b1111111111111 D
b1111111111111 d
#3907
b1111111010111 D
b1111111010111 d
#3908
b10000000101101 D
b10000000101101 d
#3909
b1111111011110 D
b1111111011110 d
#3910
b1111111101110 D
b1111111101110 d
#3911
b10000000000010 D
b10000000000010 d
#3912
b1111111010111 D
b1111111010111 d
#3913
b10000000000110 D
b10000000000110 d
#3914
b1111111110010 D
b1111111110010 d
#3915
b1111111110100 D
b1111111110100 d
#3916
b1111111101011 D
b1111111101011 d
#3917
b1111111110000 D
b1111111110000 d
#3918
b10000000011111 D
b10000000011111 d
#3919
b1111111011001 D
b1111111011001 d
#3920
b1111111101100 D
b1111111101100 d
#3921
b10000000011001 D
b10000000011001 d
#3922
b1111111011011 D
b1111111011011 d
#3923
b10000000011011 D
b10000000011011 d
#3924
b1111111101001 D
b1111111101001 d
#3925
b10000000000010 D
b10000000000010 d
#3926
b10000000001010 D
b10000000001010 d
#3927
b1111111111101 D
b1111111111101 d
#3928
b1111111100101 D
b1111111100101 d
#3929
b1111111110110 D
b1111111110110 d
#3930
b10000000100101 D
b10000000100101 d
#3931
b10000000000110 D
b10000000000110 d
#3932
b1111111101001 D
b1111111101001 d
#3933
b10000000001101 D
b10000000001101 d
#3934
b1111111000111 D
b1111111000111 d
#3935
b10000000000001 D
b10000000000001 d
#3936
b1111110111111 D
b1111110111111 d
#3937
b10010000111111 D
b10111110111111 d
#3938
b1111111111111 D
b11111111111111 d
#3939
b1111111101111 D
b1111111101111 d
#3940
b11111111000111 D
b11111111000111 d
#3941
b10111101010011 D
b10111101000011 d
#3942
b1111111111100 D
b1111111111100 d
#3943
b1111111001100 D
b1111111001100 d
#3944
b10000000010010 D
b10000000010010 d
#3945
b1111111111001 D
b1111111111001 d
#3946
b1111111101110 D
b1111111101110 d
#3947
b1111111101010 D
b1111111101010 d
#3948
b10000000010101 D
b10000000010101 d
#3949
b1111111100111 D
b1111111100111 d
#3950
b10000000000011 D
b10000000000011 d
#3951
b1111111111111 D
b1111111111111 d
#3952
b10000000001101 D
b10000000001101 d
#3953
b1111111111100 D
b1111111111100 d
#3954
b1111111100010 D
b1111111100010 d
#3955
b1111111101100 D
b1111111101100 d
#3956
b10000000100110 D
b10000000100110 d
#3957
b10000000000110 D
b10000000000110 d
#3958
b1111111111001 D
b1111111111001 d
#3959
b1111111100011 D
b1111111100011 d
#3960
b10000000000110 D
b10000000000110 d
#3961
b1111111011010 D
b1111111011010 d
#3962
b10000000010000 D
b10000000010000 d
#3963
b1111111100100 D
b1111111100100 d
#3964
b10000000011110 D
b10000000011110 d
#3965
b1111111011110 D
b1111111011110 d
#3966
b1111111111111 D
b1111111111111 d
#3967
b1111111111010 D
b1111111111010 d
#3968
b10000000001100 D
b10000000001100 d
#3969
b1111111011101 D
b1111111011101 d
#3970
b10000000000010 D
b10000000000010 d
#3971
b1111111111110 D
b1111111111110 d
#3972
b1111111110101 D
b1111111111101 d
#3973
b1111111100001 D
b1111111100001 d
#3974
b10111110101111 D
b11111111101111 d
#3975
b11111111101111 D
#3976
b1111111111111 D
b1111111111111 d
#3977
b11111111110100 D
b1111111110100 d
#3978
b10000000001011 D
b10000000001011 d
#3979
b1111111111111 D
b1111111111111 d
#3980
b1111111110111 d
#3981
b1111111111110 D
b1111111111110 d
#3982
b1111111001010 D
b1111111001010 d
#3983
b10000000100100 D
b10000000100100 d
#3984
b1111111101100 D
b1111111101100 d
#3985
b1111111110101 D
b1111111110101 d
#3986
b1111111010101 D
b1111111010101 d
#3987
b1111111110001 D
b1111111110001 d
#3988
b10000000010101 D
b10000000010101 d
#3989
b1111111100001 D
b1111111100001 d
#3990
b1111111101100 D
b1111111101100 d
#3991
b1111111111010 D
b1111111111010 d
#3992
b10000000000000 D
b10000000000000 d
#3993
b1111111110010 D
b1111111110010 d
#3994
b1111111101100 D
b1111111101100 d
#3995
b1111111110101 D
b1111111110101 d
#3996
b1111111101101 D
b1111111101101 d
#3997
b1111111110000 D
b1111111110000 d
#3998
b1111111111000 D
b1111111111000 d
#3999
b1111111100000 D
b1111111100000 d
#4000
b1111111111010 D
b1111111111010 d
#4001
b1111111110001 D
b1111111110001 d
#4002
b10000000000101 D
b10000000000101 d
#4003
b1111111001001 D
b1111111001001 d
#4004
b10000000110000 D
b10000000110000 d
#4005
b1111111011011 D
b1111111011011 d
#4006
b1111111011101 D
b1111111011101 d
#4007
b10000000101101 D
b10000000101101 d
#4008
b1111111111111 D
b1111111111111 d
#4009
b1111111101111 D
#4010
b11111111111111 D
b11111111111111 d
#4011
b11111111010011 D
b11000001010011 d
#4012
b11111111101010 D
b1111111101010 d
#4013
b10000000011101 D
b10000000011101 d
#4014
b1111111101001 D
b1111111101001 d
#4015
b10000000001100 D
b10000000001100 d
#4016
b1111111100110 D
b1111111100110 d
#4017
b1111111111101 D
b1111111101001 d
#4018
b1111111111111 D
b1111111111111 d
#4019
b1111111111001 D
b1111111111001 d
#4020
b1111111111100 D
b1111111111100 d
#4021
b10000000001100 D
b10000000001100 d
#4022
b1111111101010 D
b1111111101010 d
#4023
b10000000000110 D
b10000000000110 d
#4024
b1111111111111 D
b1111111111111 d
#4025
b10000000000100 D
b10000000000100 d
#4026
b1111111011010 D
b1111111011010 d
#4027
b10000000011011 D
b10000000011011 d
#4028
b10000000000000 D
b10000000000000 d
#4029
b1111111110111 D
b1111111110111 d
#4030
b1111111110011 D
b1111111110011 d
#4031
b10000000001001 D
b10000000001001 d
#4032
b1111111010001 D
b1111111010001 d
#4033
b1111111111001 D
b1111111111001 d
#4034
b1111111111101 D
b1111111111101 d
#4035
b10000000010001 D
b10000000010001 d
#4036
b1111110110101 D
b1111110110101 d
#4037
b10000000011111 D
b10000000011111 d
#4038
b1111111100001 D
b1111111100001 d
#4039
b1111111010111 D
b1111111010111 d
#4040
b10000000000010 D
b10000000000010 d
#4041
b10000000001101 D
b10000000001101 d
#4042
b1111111110010 D
b1111111110010 d
#4043
b1111111110111 D
b1111111110111 d
#4044
b1111111110011 D
b1111111110011 d
#4045
b10011010110111 D
b11111111110111 d
#4046
b11111111011111 D
b11111111011111 d
#4047
b11111111011101 D
b11111111011101 d
#4048
b10000000000110 D
b10000000000110 d
#4049
b10111111110000 D
b10111111110000 d
#4050
b1111111110001 D
b1111111110001 d
#4051
b10000000001001 D
b10000000001001 d
#4052
b1111111101000 D
b1111111101000 d
#4053
b10000000001001 D
b10000000001001 d
#4054
b10000000000110 D
b10000000000110 d
#4055
b1111111101001 D
b1111111101001 d
#4056
b1111111111110 D
b1111111111110 d
#4057
b1111111100101 D
b1111111100101 d
#4058
b10000000101010 D
b10000000101010 d
#4059
b1111111011000 D
b1111111011000 d
#4060
b1111111110001 D
b1111111110001 d
#4061
b10000000100010 D
b10000000100010 d
#4062
b1111111010000 D
b1111111010000 d
#4063
b10000000001100 D
b10000000001100 d
#4064
b1111111100001 D
b1111111100001 d
#4065
b1111110011110 D
b1111110011110 d
#4066
b1111111101010 D
b1111111101010 d
#4067
b1111111110101 D
b1111111110101 d
#4068
b10000000010001 D
b10000000010001 d
#4069
b1111111100110 D
b1111111100110 d
#4070
b1111111111100 D
b1111111111100 d
#4071
b10000000000101 D
b10000000000101 d
#4072
b1111111010100 D
b1111111010100 d
#4073
b10000000010111 D
b10000000010111 d
#4074
b1111111101101 D
b1111111101101 d
#4075
b1111111100110 D
b1111111100110 d
#4076
b1111111110111 D
b1111111110111 d
#4077
b10000000010001 D
b10000000010001 d
#4078
b1111111110111 D
b1111111110111 d
#4079
b1111111100010 D
b1111111100010 d
#4080
b10000000100010 D
b10111010100010 d
#4081
b1111111111110 D
b11111111111110 d
#4082
b1111111111100 D
b1111111111100 d
#4083
b11111111011110 D
b11111111011110 d
#4084
b10111111011110 D
b10111111011110 d
#4085
b1111111110100 D
b1111111110100 d
#4086
b10100000000000 D
b10000000000000 d
#4087
b1111111000110 D
b1111111000110 d
#4088
b10000000000110 D
b10000000000110 d
#4089
b1111111110111 D
b1111111110111 d
#4090
b1111111110000 D
b1111111110000 d
#4091
b1111111111001 D
b1111111111001 d
#4092
b1111111110110 D
b1111111110110 d
#4093
b1111111110101 D
b1111111110101 d
#4094
b10000000000000 D
b10000000000000 d
#4095
b10000000001011 D
b10000000001011 d
