$date
        2026-Feb-06 11:56:24
$end
$version
        Vivado v2024.2 (64-bit)
$end
$timescale
        1ps
$end
$scope module dut $end
$var reg 32 " design_1_i/adc_interface_0_m_axis_tdata [31:0] $end
$var reg 1 B design_1_i/adc_interface_0_m_axis_tlast $end
$var reg 1 C design_1_i/adc_interface_0_m_axis_tvalid $end
$var reg 16 D design_1_i/adc_interface_0_adc_signed_debug [15:0] $end
$var reg 16 T design_1_i/adc_interface_0_win_coeff_out [15:0] $end
$var reg 14 d design_1_i/adc_data [13:0] $end
$var reg 14 r design_1_i/adc_interface_0_adc_data_original [13:0] $end
$var reg 1 "" design_1_i/adc_interface_0_adc_data_original_valid $end
$var reg 64 #" design_1_i/xfft_0_m_axis_data_tdata [63:0] $end
$var reg 1 c" design_1_i/xfft_0_m_axis_data_tlast $end
$var reg 1 d" design_1_i/xfft_0_m_axis_data_tvalid $end
$var reg 1 e" _TRIGGER $end
$var reg 1 f" _WINDOW $end
$var reg 1 g" _GAP $end
$upscope $end
$enddefinitions $end
#0
$dumpvars
b11111111100111010101010010001010 "
0B
1C
b10001001100110 D
b11100 T
b10001001100110 d
b1010010001010 r
1""
b1111111110111110001011000110001011111111010001110001101101111000 #"
0c"
0d"
0e"
1f"
0g"
$end
#1
b11111111100111001100010010000001 "
b10001011111100 D
b10001011111100 d
b10010000001 r
#2
b11111111100110011110010001110001 "
b10001100101000 D
b10001100101000 d
b10010001110001 r
#3
b11111111100101010111010101011100 "
b10001011000100 D
b10001011000100 d
b11010101011100 r
#4
b11111111100011110101000000110000 "
b10000111101110 D
b10000111101110 d
b1000000110000 r
#5
b11111111100010010101011100100000 "
b10000101001000 D
b10000101001000 d
b1011100100000 r
#6
b11111111100000101000000110001110 "
b1111101111011 D
b1111101111011 d
b110001110 r
#7
b11111111011110111000100000011110 "
b1111001111010 D
b1111001111010 d
b100000011110 r
#8
b11111111011101110000111111010000 "
b1110101110110 D
b1110101110110 d
b111111010000 r
#9
b11111111011100110001110110110010 "
b1110011100100 D
b1110011100100 d
b1110110110010 r
#10
b11111111011100001111001001110000 "
b1110100000000 D
b1110100000000 d
b11001001110000 r
#11
b11111111011100100011110101111000 "
b1110101001011 D
b1110101001011 d
b11110101111000 r
#12
b11111111011101001100010010001111 "
b1111000110101 D
b1111000110101 d
b10010001111 r
#13
b11111111011101111011100110101100 "
b1111101001010 D
b1111101001010 d
b11100110101100 r
#14
b11111111011110100000100001100110 "
b10000010000001 D
b10000010000001 d
b100001100110 r
#15
b11111111011111000001010011110110 "
b10000111101010 D
b10000111101010 d
b1010011110110 r
#16
b11111111011111010010100111000001 "
b10001011010010 D
b10001011010010 d
b10100111000001 r
#17
b11111111011110111001101101010000 "
b10001100010011 D
b10001100010011 d
b1101101010000 r
#18
b11111111011101111100111011110001 "
b10001100111000 D
b10001100111000 d
b111011110001 r
#19
b11111111011100010101011011001111 "
b10001010010110 D
b10001010111110 d
b1011011001111 r
#20
b11111111011010010100111100001010 "
b10000110000011 D
b10001110000011 d
b111100001010 r
#21
b11111111011000001010101010110110 "
b10000011101011 D
b10000111101011 d
b10101010110110 r
#22
b11111111010110001010001110011000 "
b11111101101011 D
b11111101101011 d
b10001110011000 r
#23
b11111111010100011001110000100101 "
b1111110101111 D
b1111110101111 d
b1110000100101 r
#24
b11111111010011000001011001101100 "
b1110110111111 D
b1110110111111 d
b1011001101100 r
#25
b11111111010010010001001111100000 "
b1110111111111 D
b1110111111111 d
b1001111100000 r
#26
b11111111010010001110100011101000 "
b1110111101111 D
b1110111101111 d
b10100011101000 r
#27
b11111111010010111001010011101000 "
b1110110100111 D
b1110110000111 d
b1010011101000 r
#28
b11111111010011110010000111110000 "
b1111110100000 D
b1110110100000 d
b10000111110000 r
#29
b11111111010100111111010110111100 "
b1111111100010 D
b1111010100010 d
b11010110111100 r
#30
b11111111010101110110110000111000 "
b1111111100011 D
b1111111100011 d
b10110000111000 r
#31
b11111111010110011010000111100100 "
b10000100101001 D
b10000100101001 d
b10000111100100 r
#32
b11111111010110101001001101000000 "
b10001000111111 D
b10001000111111 d
b1001101000000 r
#33
b11111111010101110111110000111000 "
b10001100010110 D
b10001100010110 d
b11110000111000 r
#34
b11111111010100011011100000110000 "
b10001100110110 D
b10001100110110 d
b11100000110000 r
#35
b11111111010010000111111010101000 "
b10001011101010 D
b10001011101010 d
b11111010101000 r
#36
b11111111001111101111100010010000 "
b10001000100110 D
b10001000100110 d
b11100010010000 r
#37
b11111111001101011010101111010100 "
b10000011111011 D
b10000011111011 d
b10101111010100 r
#38
b11111111001011000101111001000000 "
b1111110111011 D
b1111110111011 d
b1111001000000 r
#39
b11111111001001000000110101011000 "
b1111010011101 D
b1111010011101 d
b110101011000 r
#40
b11111111000111111110010001001101 "
b1110110100010 D
b1110110100010 d
b10010001001101 r
#41
b11111111000111101010111000110000 "
b1110011110111 D
b1110011110111 d
b10111000110000 r
#42
b11111111001000001101100010110000 "
b1110010111110 D
b1110010111110 d
b1100010110000 r
#43
b11111111001001001101101111000001 "
b1110101010101 D
b1110101010101 d
b1101111000001 r
#44
b11111111001010100111110000011110 "
b1111000011011 D
b1111000011011 d
b11110000011110 r
#45
b11111111001100010100010001100100 "
b1111100111110 D
b1111100111110 d
b10001100100 r
#46
b11111111001101010001000100111100 "
b10000001101101 D
b10000001101101 d
b1000100111100 r
#47
b11111111001101100111101001010000 "
b10000110010111 D
b10000110010111 d
b11101001010000 r
#48
b11111111001101111011111101110000 "
b10001010010101 D
b10001010010101 d
b11111101110000 r
#49
b11111111001100101100000010110000 "
b10001100110101 D
b10001100110101 d
b10110000 r
#50
b11111111001010100000010101111100 "
b10001100010011 D
b10001100010011 d
b10101111100 r
#51
b11111111000111111111001111010011 "
b10001001111100 D
b10001001111100 d
b11001111010011 r
#52
b11111111000101000011010110111110 "
b10000111001101 D
b10000111001101 d
b11010110111110 r
#53
b11111111000010111001011101000000 "
b10000010110001 D
b10000010110001 d
b1011101000000 r
#54
b11111111000000010110111001100100 "
b1111101011010 D
b1111101111010 d
b10111001100100 r
#55
b11111110111110001100001010110000 "
b1111000010110 D
b1111000011110 d
b1010110000 r
#56
b11111110111101100101100010110100 "
b1110101100010 D
b1111101110110 d
b1100010110100 r
#57
b11111110111101110001011101000000 "
b1110110110110 D
b1110111110110 d
b1011101000000 r
#58
b11111110111110110100110110101011 "
b1110011110110 D
b1110011110110 d
b110110101011 r
#59
b11111111000000101100111101111010 "
b1110111111100 D
b1110111111100 d
b111101111010 r
#60
b11111111000010110100011101111011 "
b1111111111010 D
b1111111111010 d
b11101111011 r
#61
b11111111000100100111000110000011 "
b1111111111011 D
b1111111111011 d
b11000110000011 r
#62
b11111111000101010011000000000010 "
b1111110010011 D
b1111110010011 d
b11000000000010 r
#63
b11111111000101111001100011111010 "
b10001011100100 D
b10000011100000 d
b1100011111010 r
#64
b11111111000101111111111000001100 "
b10001100111101 D
b10001000111101 d
b11111000001100 r
#65
b11111111000100000011010110001000 "
b10001100100100 D
b10001100100100 d
b11010110001000 r
#66
b11111111000001011011011011010010 "
b10001100101110 D
b10001100101110 d
b11011011010010 r
#67
b11111110111110010111101110000000 "
b10001011000110 D
b10001011000110 d
b11101110000000 r
#68
b11111110111011100010110000100010 "
b10001000101100 D
b10001000101100 d
b10110000100010 r
#69
b11111110111001000110111100110000 "
b10000100111001 D
b10000100111001 d
b10111100110000 r
#70
b11111110110111000010001100100000 "
b10000000010101 D
b10000000010101 d
b10001100100000 r
#71
b11111110110101011010111000101110 "
b1111010111101 D
b1111010111101 d
b10111000101110 r
#72
b11111110110101010010011110100000 "
b1110110100101 D
b1110110100101 d
b10011110100000 r
#73
b11111110110110010001100001110000 "
b1110011011011 D
b1110011011011 d
b1100001110000 r
#74
b11111110111000010010101010100100 "
b1110010111001 D
b1110010111001 d
b10101010100100 r
#75
b11111110111010111011111001110000 "
b1110101100110 D
b1110101100110 d
b11111001110000 r
#76
b11111110111100110000000011111100 "
b1111000011011 D
b1111000011011 d
b11111100 r
#77
b11111110111110110010101100101100 "
b1111100001101 D
b1111100001101 d
b10101100101100 r
#78
b11111111000000010001000111000000 "
b10000001000010 D
b10000001000010 d
b1000111000000 r
#79
b11111111000000100000001100000001 "
b10000110011110 D
b10000110011110 d
b1100000001 r
#80
b11111110111111100010000100001100 "
b10001010100000 D
b10001010100000 d
b10000100001100 r
#81
b11111110111101011101000010100100 "
b10001100100011 D
b10001100100011 d
b1000010100100 r
#82
b11111110111010101110101001111010 "
b10001100110011 D
b10001100110011 d
b10101001111010 r
#83
b11111110111000000000110101001001 "
b10001010010010 D
b10001010010010 d
b110101001001 r
#84
b11111110110101000000110000000010 "
b10000110101011 D
b10000110101011 d
b110000000010 r
#85
b11111110110010101000010100000000 "
b10000011010001 D
b10000011010001 d
b10100000000 r
#86
b11111110110001010100010110111010 "
b1111110000101 D
b1111110000101 d
b10110111010 r
#87
b11111110101111111110010010011110 "
b1111000111110 D
b1111000111110 d
b10010010011110 r
#88
b11111110110001000110111101110110 "
b1110101011110 D
b1110101011110 d
b10111101110110 r
#89
b11111110110011010010110110010000 "
b1110011100000 D
b1110011100000 d
b10110110010000 r
#90
b11111110110101010100001110101010 "
b1110011111010 D
b1110011111010 d
b1110101010 r
#91
b11111110111000011111111000010000 "
b1110110100101 D
b1110110101111 d
b11111000010000 r
#92
b11111110111010111100011011101110 "
b1111011110111 D
b1111111110111 d
b11011101110 r
#93
b11111110111101001000010011010100 "
b1111110111111 D
b1111111111111 d
b10011010100 r
#94
b11111110111110001110010101001000 "
b11111110011111 D
b11111110011111 d
b10010101001000 r
#95
b11111110111101111000101100100000 "
b10001100101111 D
b10001100101111 d
b101100100000 r
#96
b11111110111101000111110111000101 "
b10001010110111 D
b10001010110111 d
b11110111000101 r
#97
b11111110111011010000101101101111 "
b10001110110111 D
b10001110110111 d
b101101101111 r
#98
b11111110111000011011110110101110 "
b10001100110110 D
b10001100110110 d
b11110110101110 r
#99
b11111110110101100011011101111101 "
b10001101110110 D
b10001101110110 d
b11011101111101 r
#100
b11111110110011000111011111000011 "
b10001001001101 D
b10001001001101 d
b11011111000011 r
#101
b11111110110001001111000001110010 "
b10000100010000 D
b10000100010000 d
b11000001110010 r
#102
b11111110110000110101110101111001 "
b10000000011000 D
b10000000011000 d
b1110101111001 r
#103
b11111110110001100101110011000010 "
b1111100000000 D
b1111100000000 d
b1110011000010 r
#104
b11111110110010100101101110001100 "
b1110111001110 D
b1110111001110 d
b1101110001100 r
#105
b11111110110100111101100000001010 "
b1110100011110 D
b1110100011110 d
b1100000001010 r
#106
b11111110111000101000000110100011 "
b1110011000000 D
b1110011000000 d
b110100011 r
#107
b11111110111011110001011010011110 "
b1110100000111 D
b1110100000111 d
b1011010011110 r
#108
b11111110111110001110000010101111 "
b1110111111001 D
b1110111111001 d
b10000010101111 r
#109
b11111110111111111001110111110111 "
b1111011111111 D
b1111011111111 d
b1110111110111 r
#110
b11111111000001000110011101010100 "
b10000000100001 D
b10000000100001 d
b10011101010100 r
#111
b11111111000001000110110110000000 "
b10000101111001 D
b10000101111001 d
b10110110000000 r
#112
b11111111000000010100001011000111 "
b10001001110000 D
b10001001110000 d
b1011000111 r
#113
b11111110111110010011111001101111 "
b10001100011010 D
b10001100011010 d
b11111001101111 r
#114
b11111110111011110011011010110000 "
b10001100101110 D
b10001100101110 d
b11011010110000 r
#115
b11111110111001110100111011111000 "
b10001010111010 D
b10001010111010 d
b111011111000 r
#116
b11111110111000011110001100110011 "
b10000111100100 D
b10000111100100 d
b10001100110011 r
#117
b11111110111000000100000110100101 "
b10000010101010 D
b10000010101010 d
b110100101 r
#118
b11111110110111111010011100111010 "
b1111101111000 D
b1111101111000 d
b10011100111010 r
#119
b11111110111001101000000110011001 "
b1111001100110 D
b1111001100110 d
b110011001 r
#120
b11111110111100011011000101011011 "
b1110110000110 D
b1110110000110 d
b11000101011011 r
#121
b11111110111111001110000011001111 "
b1110010111110 D
b1110010111110 d
b10000011001111 r
#122
b11111111000010010010011111100011 "
b1110011011010 D
b1110011011010 d
b10011111100011 r
#123
b11111111000101100111110101010000 "
b1110101011011 D
b1110101011011 d
b11110101010000 r
#124
b11111111001000000100101010010110 "
b1111001100000 D
b1111001100000 d
b101010010110 r
#125
b11111111001010000100110010101111 "
b1111110011010 D
b1111110011010 d
b110010101111 r
#126
b11111111001011010001111011010110 "
b10000011010000 D
b10000011010000 d
b1111011010110 r
#127
b11111111001011001010111100011010 "
b10000111010110 D
b10000111010110 d
b10111100011010 r
#128
b11111111001010001101000111101100 "
b10001010110111 D
b10001111110111 d
b1000111101100 r
#129
b11111111001001100101001000110111 "
b10001110111111 D
b10001110111111 d
b1001000110111 r
#130
b11111111001000011100101110100000 "
b10001100101101 D
b10001100101101 d
b101110100000 r
#131
b11111111000111101100110010111110 "
b10001101010111 D
b10001101010111 d
b110010111110 r
#132
b11111111000111101011100000111010 "
b10001101110111 D
b11100000111010 r
#133
b11111111000111111110111000000010 "
b10000101100111 D
b10000101100111 d
b10111000000010 r
#134
b11111111001001010110000100111110 "
b10111011110011 D
b10000001110011 d
b10000100111110 r
#135
b11111111001011110011000110100000 "
b1111111110101 D
b1111011110001 d
b11000110100000 r
#136
b11111111001110111010010110000000 "
b1110111011101 D
b1110111011101 d
b10010110000000 r
#137
b11111111010010000100011001010100 "
b1110100111100 D
b1110100111100 d
b11001010100 r
#138
b11111111010101001000001110111000 "
b1110011000111 D
b1110011000111 d
b1110111000 r
#139
b11111111010111111010110111110110 "
b1110011110000 D
b1110011110000 d
b10110111110110 r
#140
b11111111011010010110001101011010 "
b1110110000111 D
b1110110000111 d
b10001101011010 r
#141
b11111111011100010110001010000100 "
b1111100010001 D
b1111100010001 d
b10001010000100 r
#142
b11111111011101101001111100000000 "
b10000000101111 D
b10000000101111 d
b1111100000000 r
#143
b11111111011110001011010001101000 "
b10000101000101 D
b10000101000101 d
b11010001101000 r
#144
b11111111011110101010101111101101 "
b10001001001110 D
b10001001001110 d
b10101111101101 r
#145
b11111111011111001111110001001110 "
b10001100000000 D
b10001100000000 d
b11110001001110 r
#146
b11111111011111110011111010100000 "
b10001100100010 D
b10001100100010 d
b11111010100000 r
#147
b11111111100000101011011000001101 "
b10001011000101 D
b10001011000101 d
b11011000001101 r
#148
b11111111100010000011011111010101 "
b10000111101110 D
b10000111101110 d
b11011111010101 r
#149
b11111111100011111001110111011101 "
b10000011011000 D
b10000011011000 d
b1110111011101 r
#150
b11111111100110011000001001000000 "
b1111110010111 D
b1111110010111 d
b1001000000 r
#151
b11111111101001001101111110000101 "
b1111001111101 D
b1111001111101 d
b1111110000101 r
#152
b11111111101011111100111010011101 "
b1110110010010 D
b1110110010010 d
b111010011101 r
#153
b11111111101110110001101001010011 "
b1110011011010 D
b1110011011010 d
b1101001010011 r
#154
b11111111110001100100011011100000 "
b1110010101101 D
b1110010101101 d
b11011100000 r
#155
b11111111110100000101111011010010 "
b1110101101001 D
b1110101101001 d
b1111011010010 r
#156
b11111111110110011001000110011110 "
b1111001101011 D
b1111001101011 d
b1000110011110 r
#157
b11111111111000011100001100010110 "
b1111101011101 D
b1111101011101 d
b1100010110 r
#158
b11111111111010100010001110001101 "
b10000010010001 D
b10000010010001 d
b10001110001101 r
#159
b11111111111100101010000001110000 "
b10000111000001 D
b10000111000001 d
b10000001110000 r
#160
b11111111111110111001110011111000 "
b10001011000001 D
b10001011000001 d
b1110011111000 r
#161
b1011011010011101011 "
b10001100111010 D
b10001100111010 d
b11010011101011 r
#162
b100001001100010010000 "
b10001100001011 D
b10001100101011 d
b1100010010000 r
#163
b111000111000111101010 "
b10001001111010 D
b10001001111011 d
b11000111101010 r
#164
b1010001000001100011000 "
b10000110110010 D
b10001111110010 d
b1100011000 r
#165
b1101000101010011011100 "
b10000111110111 D
b10000111110111 d
b1010011011100 r
#166
b1111110101010100101010 "
b11111101110111 D
b11111101100111 d
b1010100101010 r
#167
b10010011000111000000000 "
b1111111111111 D
b1111111011111 d
b111000000000 r
#168
b10100101111111000001000 "
b1110111111111 D
b1110111111111 d
b11111000001000 r
#169
b10110110001011100010101 "
b1110111111101 D
b1110111111101 d
b1011100010101 r
#170
b11000100110100101110000 "
b1110011111011 D
b1110011111011 d
b10100101110000 r
#171
b11010101101000100011000 "
b1110111111010 D
b1110111111010 d
b1000100011000 r
#172
b11101001111010110010010 "
b1110110100001 D
b1110110100001 d
b11010110010010 r
#173
b100000001001110111011110 "
b1111010110011 D
b1111010110011 d
b1110111011110 r
#174
b100011101001111001001000 "
b10000000001001 D
b10000000001001 d
b1111001001000 r
#175
b101000000011100101010110 "
b10000101000101 D
b10000101000101 d
b11100101010110 r
#176
b101100111011110010001001 "
b10001000111000 D
b10001000111000 d
b11110010001001 r
#177
b110001111010111110111010 "
b10001011100001 D
b10001011100001 d
b10111110111010 r
#178
b110111000011101001111010 "
b10001100100110 D
b10001100100110 d
b11101001111010 r
#179
b111100010100001010011000 "
b10001011111010 D
b10001011111010 d
b1010011000 r
#180
b1000000100011110111111001 "
b10001000100100 D
b10001000100100 d
b11110111111001 r
#181
b1000011111100101111110000 "
b10000100010111 D
b10000100010111 d
b101111110000 r
#182
b1000110100000010110101100 "
b1111110111101 D
b1111110111101 d
b10110101100 r
#183
b1000111111111001100000111 "
b1111010000100 D
b1111010000100 d
b11001100000111 r
#184
b1001000110011011010011110 "
b1110110100100 D
b1110110100100 d
b11011010011110 r
#185
b1001001110110101110101111 "
b1110100001100 D
b1110100001100 d
b10101110101111 r
#186
b1001010110110001001110100 "
b1110011111100 D
b1110011111100 d
b10001001110100 r
#187
b1001100011101011001001110 "
b1110100010110 D
b1110100010110 d
b1011001001110 r
#188
b1001111101011101010100110 "
b1110111110000 D
b1110111110000 d
b11101010100110 r
#189
b1010100010101000110100100 "
b1111101001100 D
b1111101001100 d
b1000110100100 r
#190
b1011010100101111011101010 "
b10000010110000 D
b10000010110000 d
b1111011101010 r
#191
b1100001101010010000010101 "
b10000111000101 D
b10000111000101 d
b10010000010101 r
#192
b1101001100110001010110010 "
b10001010000011 D
b10001010000011 d
b10001010110010 r
#193
b1110001101110001101011111 "
b10001011111111 D
b10001011111111 d
b10001101011111 r
#194
b1111001100101101101011110 "
b10001100101100 D
b10001100101100 d
b1101101011110 r
#195
b10000000101100101000100011 "
b10001010101101 D
b10001010101101 d
b101000100011 r
#196
b10000101010011010010000010 "
b10000110111010 D
b10000110111010 d
b11010010000010 r
#197
b10000111111010111100110000 "
b10000001100101 D
b10000001100101 d
b10111100110000 r
#198
b10001001010011110011100000 "
b1111100101010 D
b1111100101011 d
b11110011100000 r
#199
b10001001010110011101101100 "
b1111000101001 D
b1111000101011 d
b10011101101100 r
#200
b10000111111101011001001100 "
b1110101101011 D
b1111101101011 d
b1011001001100 r
#201
b10000111111000111000000000 "
b1110111111011 D
b1110111111011 d
b111000000000 r
#202
b10000111110000100010100011 "
b1110011111101 D
b1110011111101 d
b100010100011 r
#203
b10001001011001111010100000 "
b1110111110101 D
b1110111110101 d
b1111010100000 r
#204
b10001110111011101100000000 "
b1111111110101 D
b1111111110101 d
b11101100000000 r
#205
b10010110001100010011111011 "
b1111111100101 D
b1111111100101 d
b10011111011 r
#206
b10011111110100011000100000 "
b11000100000 r
#207
b10101010010001000001111011 "
b10000100000111 D
b10000100000111 d
b1000001111011 r
#208
b10110110001011111000000000 "
b10001001101001 D
b10001000101001 d
b11111000000000 r
#209
b11000010000001001111000000 "
b10001011010000 D
b10001011010000 d
b1001111000000 r
#210
b11001010101111011000011110 "
b10001100100111 D
b10001100100111 d
b11011000011110 r
#211
b11010011011110100101111100 "
b10001100001100 D
b10001100001100 d
b10100101111100 r
#212
b11011000010001011100100000 "
b10001000110110 D
b10001000110110 d
b1011100100000 r
#213
b11011000010001011000101100 "
b10000011111110 D
b10000011111110 d
b1011000101100 r
#214
b11010111001101010100110000 "
b1111111100001 D
b1111111100001 d
b1010100110000 r
#215
b11010100000000110010101100 "
b1111011001010 D
b1111011001010 d
b110010101100 r
#216
b11010001111100000101010001 "
b1110110101000 D
b1110110101000 d
b101010001 r
#217
b11010000111101010010110100 "
b1110011101001 D
b1110011101001 d
b1010010110100 r
#218
b11001111001000011111000001 "
b1110010100101 D
b1110010100101 d
b11111000001 r
#219
b11010001010010111001100010 "
b1110100111010 D
b1110100111010 d
b10111001100010 r
#220
b11011010001000101010000010 "
b1111000000011 D
b1111000000011 d
b101010000010 r
#221
b11100101010011100000111110 "
b1111100000101 D
b1111100000101 d
b11100000111110 r
#222
b11110011000100100101001010 "
b10000001011011 D
b10000001011011 d
b100101001010 r
#223
b100000010011101110101001000 "
b10000110010011 D
b10000110010011 d
b1110101001000 r
#224
b100001111001110111010000110 "
b10001010010001 D
b10001010010001 d
b10111010000110 r
#225
b100011110101001101100100110 "
b10001100101110 D
b10001100101110 d
b1101100100110 r
#226
b100101010011110110110111110 "
b10001100110010 D
b10001100110010 d
b10110110111110 r
#227
b100110010111000100110011010 "
b10001010010110 D
b10001010010110 d
b100110011010 r
#228
b100110110001101010101110011 "
b10000110011010 D
b10000110011010 d
b1010101110011 r
#229
b100110001110101101010100010 "
b10000011011010 D
b10000011011010 d
b1101010100010 r
#230
b100101101000000001000000100 "
b1111110000001 D
b1111110000001 d
b1000000100 r
#231
b100101000100100110000010101 "
b1111000000111 D
b1111000000111 d
b110000010101 r
#232
b100100011101010010101001010 "
b1110100111111 D
b1110100111111 d
b10010101001010 r
#233
b100100000011110001011000000 "
b1110011010111 D
b1110011010111 d
b10001011000000 r
#234
b100011111111100000101110100 "
b1110100000110 D
b1110100000110 d
b101110100 r
#235
b100100100100110001110100010 "
b1110110101011 D
b1110110101111 d
b10001110100010 r
#236
b100110010000101001110010010 "
b1111111101001 D
b1111111101001 d
b1001110010010 r
#237
b101000000100101101001110100 "
b1111111011001 D
b1111111011001 d
b1101001110100 r
#238
b101010010011000001110000011 "
b11111110111001 D
b11111110011001 d
b1110000011 r
#239
b101100101101110111110110000 "
b10001100111001 D
b10001100111001 d
b10111110110000 r
#240
b101111000011010101011100000 "
b10001011011001 D
b10001011011001 d
b10101011100000 r
#241
b110001010000110101100101011 "
b10001111111000 D
b10001111111000 d
b10101100101011 r
#242
b110010100110101111111101000 "
b10001111110010 D
b10001111110000 d
b1111111101000 r
#243
b110011001110111001000100000 "
b10001011100010 D
b10001011100010 d
b11001000100000 r
#244
b110011001001111110111110000 "
b10001001011000 D
b10001001011000 d
b11110111110000 r
#245
b110010010100001101101000011 "
b10000101001010 D
b10000101001010 d
b1101101000011 r
#246
b110001001000110011010011100 "
b10000000001010 D
b10000000001010 d
b10011010011100 r
#247
b110000011100100111111101100 "
b1111011101000 D
b1111011101000 d
b111111101100 r
#248
b101111100001111110000001010 "
b1110110101000 D
b1110110101000 d
b11110000001010 r
#249
b101110101111011100100010111 "
b1110100100011 D
b1110100100011 d
b11100100010111 r
#250
b101110111001001100001011000 "
b1110011011010 D
b1110011011010 d
b1100001011000 r
#251
b110000001111011000110000111 "
b1110011111000 D
b1110011111000 d
b11000110000111 r
#252
b110010011101101100010101111 "
b1110111110111 D
b1110111110111 d
b1100010101111 r
#253
b110100101000011111001000101 "
b1111100011001 D
b1111100011001 d
b11111001000101 r
#254
b110111100110000011010000010 "
b10000000110111 D
b10000000110111 d
b11010000010 r
#255
b111010110101010011100101100 "
b10000101110010 D
b10000101110010 d
b10011100101100 r
#256
b111101001000100111011101110 "
b10001010001100 D
b10001010001100 d
b111011101110 r
#257
b111111011001100101111010111 "
b10001100010001 D
b10001100010001 d
b101111010111 r
#258
b1000000101001001100011100100 "
b10001100110011 D
b10001100110011 d
b1100011100100 r
#259
b1000000100101000101001100100 "
b10001010111110 D
b10001010111110 d
b101001100100 r
#260
b1000000000001001000001100100 "
b10000111100100 D
b10000111100100 d
b1000001100100 r
#261
b111110110100010000001100000 "
b10000010110110 D
b10000010110110 d
b10000001100000 r
#262
b111101001100100110111110010 "
b1111101111110 D
b1111101111110 d
b110111110010 r
#263
b111011110100011011111110010 "
b1111001100100 D
b1111001100100 d
b11011111110010 r
#264
b111010101010000001001100000 "
b1110101100010 D
b1110101100010 d
b1001100000 r
#265
b111010001111101111001110000 "
b1110011011011 D
b1110011011011 d
b1111001110000 r
#266
b111010111101101011110011111 "
b1110011101001 D
b1110011101001 d
b1011110011111 r
#267
b111100010111001110011110100 "
b1110101010000 D
b1110101010000 d
b1110011110100 r
#268
b111111000101000110110100000 "
b1111001010111 D
b1111001010111 d
b110110100000 r
#269
b1000010011110010000111110000 "
b1111110011011 D
b1111110011011 d
b10000111110000 r
#270
b1000110001000000100111000010 "
b10000011001001 D
b10111011001011 d
b100111000010 r
#271
b1001001011010111000011101100 "
b10000111011001 D
b10000111011001 d
b11000011101100 r
#272
b1001011110011001101011110100 "
b10001111111101 D
b10001111111101 d
b1101011110100 r
#273
b1001101110111010101111011110 "
b10001111110111 D
b10001111110111 d
b10101111011110 r
#274
b1001110110000000111011000100 "
b10001111011111 D
b10001111011111 d
b111011000100 r
#275
b1001111101001011100010100000 "
b10001011011111 D
b10001011011111 d
b11100010100000 r
#276
b1001111011000110010010010011 "
b10001101011101 D
b10001101011101 d
b10010010010011 r
#277
b1001101101100100110011000110 "
b10000101100111 D
b10000101100101 d
b110011000110 r
#278
b1001011010001001001111111010 "
b10101001000010 D
b10000001000010 d
b1001111111010 r
#279
b1001001011000110111101111100 "
b1111011100000 D
b1111011100000 d
b10111101111100 r
#280
b1000111110111000000101010111 "
b1110111011001 D
b1110111011001 d
b101010111 r
#281
b1000110111111101001100111011 "
b1110100100000 D
b1110100100000 d
b1001100111011 r
#282
b1000110010111011001001011100 "
b1110010101001 D
b1110010101001 d
b11001001011100 r
#283
b1000111010010111000110100110 "
b1110100010000 D
b1110100010000 d
b11000110100110 r
#284
b1001001110111111001101111100 "
b1110111011000 D
b1110111011000 d
b11001101111100 r
#285
b1001101111011000110110110111 "
b1111011001001 D
b1111011001001 d
b110110110111 r
#286
b1010001101110100001110111000 "
b10000000101000 D
b10000000101000 d
b1110111000 r
#287
b1010101001010000110110001110 "
b10000101000110 D
b10000101000110 d
b110110001110 r
#288
b1011000110011111110101011001 "
b10001001110010 D
b10001001110010 d
b11110101011001 r
#289
b1011011011110001101101000000 "
b10001100001100 D
b10001100001100 d
b1101101000000 r
#290
b1011101001100110110010000100 "
b10001100011001 D
b10001100011001 d
b10110010000100 r
#291
b1011101001111011011010010001 "
b10001011000111 D
b10001011000111 d
b11011010010001 r
#292
b1011011111000100000111000011 "
b10001000010010 D
b10001000010010 d
b111000011 r
#293
b1011001100011111001011010000 "
b10000011001011 D
b10000011001011 d
b11001011010000 r
#294
b1010110110101001101100011111 "
b1111101111100 D
b1111101111100 d
b1101100011111 r
#295
b1010100011001011000011110001 "
b1111010001010 D
b1111010001010 d
b11000011110001 r
#296
b1010011000011101110001010100 "
b1110110100110 D
b1110110100110 d
b1110001010100 r
#297
b1010001011111100101010110000 "
b1110010101000 D
b1110010101000 d
b101010110000 r
#298
b1010001101101110111100011000 "
b1110011011101 D
b1110011011101 d
b10111100011000 r
#299
b1010011100110110010011100100 "
b1110110000010 D
b1110110000010 d
b10010011100100 r
#300
b1010111000100110100110011111 "
b1111001000001 D
b1111001000001 d
b10100110011111 r
#301
b1011011011011100101100111100 "
b1111110001000 D
b1111110001000 d
b101100111100 r
#302
b1011111100101011110000101101 "
b10000010101101 D
b10000010101101 d
b11110000101101 r
#303
b1100011010001100100000001101 "
b10000110100111 D
b10000110100111 d
b100000001101 r
#304
b1100110101010011101100101110 "
b10001011001010 D
b10001011001010 d
b11101100101110 r
#305
b1101001011001110111010110011 "
b10001100110011 D
b10001100111011 d
b10111010110011 r
#306
b1101010010010111100000001101 "
b10001100101010 D
b10001100101011 d
b11100000001101 r
#307
b1101001011010000011010011000 "
b10001010001111 D
b10001110001111 d
b11010011000 r
#308
b1100111001101101101110010111 "
b10001111011111 D
b10001111011111 d
b1101110010111 r
#309
b1100100010111001110000101011 "
b10000101011110 D
b10000101011110 d
b1110000101011 r
#310
b1100000101110110000101000000 "
b11111101001100 D
b10111101001100 d
b10000101000000 r
#311
b1011101101111000100110010010 "
b1111100100110 D
b1111100100110 d
b100110010010 r
#312
b1011100110001110100110010000 "
b1111100100100 D
b1111100100100 d
b10100110010000 r
#313
b1011100010011010010110110001 "
b1110111100000 D
b1110111100000 d
b10010110110001 r
#314
b1011100100101001011011110000 "
b1110011010000 D
b1110011010000 d
b1011011110000 r
#315
b1011110101110010010001100010 "
b1110111111000 D
b1110011111000 d
b10010001100010 r
#316
b1100011011011111000001100010 "
b1110111011010 D
b1110111011010 d
b11000001100010 r
#317
b1101000001010001000110100000 "
b1111011101010 D
b1111011101010 d
b1000110100000 r
#318
b1101100011111010010101100010 "
b1111111110000 D
b1111111110000 d
b10010101100010 r
#319
b1110000101111011010000110000 "
b10000100100101 D
b10000100100101 d
b11010000110000 r
#320
b1110011111111100110100100000 "
b10001000100111 D
b10001000100111 d
b110100100000 r
#321
b1110101001111011100011000101 "
b10001100001111 D
b10001100001111 d
b11100011000101 r
#322
b1110101011010100001011001110 "
b10001101011001 D
b10001101011001 d
b1011001110 r
#323
b1110011110101111101001111100 "
b10001011001110 D
b10001011001110 d
b11101001111100 r
#324
b1110001000001111000011110101 "
b10000111101001 D
b10000111101001 d
b11000011110101 r
#325
b1101101000010001011001011001 "
b10000011111000 D
b10000011111000 d
b1011001011001 r
#326
b1101000110101010010010000000 "
b1111111001101 D
b1111111001101 d
b10010010000000 r
#327
b1100110010001011110011011011 "
b1111010101110 D
b1111010101110 d
b11110011011011 r
#328
b1100100111010111111100100010 "
b1110110011101 D
b1110110011101 d
b11111100100010 r
#329
b1100100111000010110001111101 "
b1110011000100 D
b1110011000100 d
b10110001111101 r
#330
b1100110011001110001001100111 "
b1110011010000 D
b1110011010000 d
b10001001100111 r
#331
b1101001111100111110000010100 "
b1110101101000 D
b1110101101000 d
b11110000010100 r
#332
b1101110101001111111110010110 "
b1111001000110 D
b1111001000110 d
b11111110010110 r
#333
b1110011010110101010111110100 "
b1111101001111 D
b1111101001111 d
b1010111110100 r
#334
b1110111111100001001010001011 "
b10000001110011 D
b10000001110011 d
b1001010001011 r
#335
b1111100001101111010001101000 "
b10000110111010 D
b10000110111010 d
b11010001101000 r
#336
b1111110111011010101000100100 "
b10001010101000 D
b10001010101000 d
b10101000100100 r
#337
b1111111001110001100001111110 "
b10001100001100 D
b10001100001100 d
b1100001111110 r
#338
b1111101101000010000001100100 "
b10001100101011 D
b10001100101011 d
b10000001100100 r
#339
b1111011011110110100101011101 "
b10001010100110 D
b10001010100110 d
b10100101011101 r
#340
b1110111101111011101011001111 "
b10000110001010 D
b10000110001010 d
b11101011001111 r
#341
b1110011000100111101111101000 "
b10000001110011 D
b10000001111011 d
b11101111101000 r
#342
b1101111100100110110100011110 "
b1111101100011 D
b1111101110011 d
b10110100011110 r
#343
b1101100101101111110000101100 "
b1111111111111 D
b1111111111111 d
b11110000101100 r
#344
b1101010111111100101111100100 "
b1110111111111 D
b1110111111111 d
b101111100100 r
#345
b1101100101001011000000111110 "
b1110111111001 D
b1110111111001 d
b11000000111110 r
#346
b1101111001101011100010111100 "
b1110011101101 D
b1110011101101 d
b11100010111100 r
#347
b1110010011111111001011011100 "
b1110111110101 D
b1110111110101 d
b11001011011100 r
#348
b1110111111111110101100001000 "
b1111110010111 D
b1111110010111 d
b10101100001000 r
#349
b1111101001100010100001101101 "
b1111111110111 D
b1111111010111 d
b10100001101101 r
#350
b10000001010010101011011101111 "
b1111111111010 D
b1111111111010 d
b1011011101111 r
#351
b10000100101101001010001101010 "
b10000100111000 D
b10000100111000 d
b1010001101010 r
#352
b10000110001101100110100101110 "
b10001001001010 D
b10001001001010 d
b110100101110 r
#353
b10000110010100110000000000001 "
b10001011000011 D
b10001011000011 d
b10000000000001 r
#354
b10000100000111111001010101100 "
b10001100100010 D
b10001100100010 d
b11001010101100 r
#355
b1111111111000001100100100000 "
b10001011111101 D
b10001011111101 d
b1100100100000 r
#356
b1111011101110001011101100010 "
b10001000111100 D
b10001000111100 d
b1011101100010 r
#357
b1110111001010011111001111110 "
b10000100001101 D
b10000100001101 d
b11111001111110 r
#358
b1110011001111100011000001100 "
b1111111001111 D
b1111111001111 d
b11000001100 r
#359
b1110001000111101011010001110 "
b1111010010101 D
b1111010010101 d
b1011010001110 r
#360
b1110000100101100110011000100 "
b1110110111101 D
b1110110111101 d
b110011000100 r
#361
b1110010011010010110011101000 "
b1110100010011 D
b1110100010011 d
b10110011101000 r
#362
b1110010101000111110111101000 "
b1110011100010 D
b1110011100010 d
b11110111101000 r
#363
b1110101010011111010101111100 "
b1110100011100 D
b1110100011100 d
b11010101111100 r
#364
b1111001000000100101101110111 "
b1111000000001 D
b1111000000001 d
b101101110111 r
#365
b1111111010100111101011110100 "
b1111101010001 D
b1111101010001 d
b11101011110100 r
#366
b10000101000011001010101010010 "
b10000010011110 D
b10000010011110 d
b1010101010010 r
#367
b10001000001111111101111000100 "
b10000101111010 D
b10000101111010 d
b11101111000100 r
#368
b10001010000011100000010111000 "
b10001001010100 D
b10001001010100 d
b10111000 r
#369
b10001011100001101101101100110 "
b10001100110110 D
b10001100110110 d
b1101101100110 r
#370
b10001001111100111010111110010 "
b10001100011101 D
b10001100011101 d
b11010111110010 r
#371
b10000110101011110011011000001 "
b10001010100010 D
b10001010100010 d
b10011011000001 r
#372
b10000010000100111001111100100 "
b10000110101101 D
b10000110101101 d
b11001111100100 r
#373
b1111100101011000111000100111 "
b10000010000000 D
b10000010000000 d
b111000100111 r
#374
b1111000011001010111000101010 "
b1111101011001 D
b1111101011001 d
b10111000101010 r
#375
b1110101100010010110110010111 "
b1111000101110 D
b1111000101110 d
b10110110010111 r
#376
b1110011101100111110000000000 "
b1110101000001 D
b1110101000001 d
b11110000000000 r
#377
b1110011011000110001100100111 "
b1110011011110 D
b1110011011110 d
b10001100100111 r
#378
b1110101011111101010001011110 "
b1110011101111 D
b1110011101111 d
b1010001011110 r
#379
b1111000111110101010110000110 "
b1110111101111 D
b1110111101111 d
b1010110000110 r
#380
b1111110110000010010110010001 "
b1111111111011 D
b1111111111011 d
b10010110010001 r
#381
b10000100000101011010110110000 "
b1111111011111 D
b1111111011111 d
b11010110110000 r
#382
b10000111110000111100000111000 "
b11111111011110 D
b11111111011110 d
b11100000111000 r
#383
b10001010101100101110101010011 "
b10001011011110 D
b10001011011110 d
b1110101010011 r
#384
b10001100101110101110011010001 "
b10001011000111 D
b10001011000110 d
b1110011010001 r
#385
b10001100000110111001111100000 "
b10001111001001 D
b10001111000001 d
b11001111100000 r
#386
b10001010000001010011011011000 "
b10001101011000 D
b10001101001000 d
b10011011011000 r
#387
b10000101001011000011100010000 "
b10001100010001 D
b10001100010001 d
b11100010000 r
#388
b1111111101010010000110110010 "
b10001000111100 D
b10001000111100 d
b10000110110010 r
#389
b1111011001011001010001100010 "
b10000100111100 D
b10000100111100 d
b1010001100010 r
#390
b1110111100000010001000101111 "
b1111111100110 D
b1111111100110 d
b10001000101111 r
#391
b1110100010000111000000110000 "
b1111010110101 D
b1111010110101 d
b11000000110000 r
#392
b1110010111000111010010100101 "
b1110111010111 D
b1110111010111 d
b11010010100101 r
#393
b1110011111101100001101011000 "
b1110100011010 D
b1110100011010 d
b1101011000 r
#394
b1110110110011111111000110010 "
b1110011001100 D
b1110011001100 d
b11111000110010 r
#395
b1111011101000011000110100000 "
b1110100010110 D
b1110100010110 d
b11000110100000 r
#396
b1111111101001111111110000100 "
b1110111101110 D
b1110111101110 d
b11111110000100 r
#397
b10000011110111001001011100111 "
b1111100100001 D
b1111100100001 d
b1001011100111 r
#398
b10001000000011110101010100110 "
b10000001001111 D
b10000001001111 d
b10101010100110 r
#399
b10001011000011110011011010110 "
b10000101101111 D
b10000101101111 d
b10011011010110 r
#400
b10001011100000011000101000001 "
b10001010001001 D
b10001010001001 d
b11000101000001 r
#401
b10001001001101011100110101000 "
b10001100001011 D
b10001100001011 d
b11100110101000 r
#402
b10000100111010011000110110111 "
b10001100100111 D
b10001100100111 d
b11000110110111 r
#403
b10000000111001110100100011001 "
b10001011000000 D
b10001011000000 d
b10100100011001 r
#404
b1111100011000001111001100111 "
b10000111010001 D
b10000111010001 d
b1111001100111 r
#405
b1110110111011001100001011000 "
b10000011010000 D
b10000011010000 d
b1100001011000 r
#406
b1110010110010110010001110010 "
b1111110000000 D
b1111110000000 d
b10010001110010 r
#407
b1110000100001101100101101000 "
b1111000100110 D
b1111000100110 d
b1100101101000 r
#408
b1110000110010010001000000010 "
b1110101100010 D
b1110101100010 d
b10001000000010 r
#409
b1110010001111011101100111010 "
b1110011011010 D
b1110011011010 d
b11101100111010 r
#410
b1110101011110111101101011100 "
b1110011001101 D
b1110011001101 d
b11101101011100 r
#411
b1111001011110001100101011101 "
b1110101101101 D
b1110101101101 d
b1100101011101 r
#412
b1111101011101111110100100000 "
b1111001110000 D
b1111001110000 d
b11110100100000 r
#413
b10000010100011111010101100100 "
b1111110101010 D
b1111110101010 d
b11010101100100 r
#414
b10000101100110101110110110001 "
b10010011101010 D
b10111111101010 d
b1110110110001 r
#415
b10000110010011010101101100010 "
b10000111111011 D
b10000111111011 d
b10101101100010 r
#416
b10000101100011011111100010101 "
b10001111011011 D
b10001111011011 d
b11111100010101 r
#417
b10000010101110110111001110100 "
b10001111010111 D
b10001111010111 d
b10111001110100 r
#418
b1111110100101010111111000011 "
b10001111111101 D
b10001111111101 d
b10111111000011 r
#419
b1111010000100111111110000010 "
b10001011111111 D
b10001011111111 d
b11111110000010 r
#420
b1110100111110111110010111000 "
b10001111011111 D
b10001011011111 d
b11110010111000 r
#421
b1110000000001111110100011100 "
b10000101011010 D
b10000101011010 d
b11110100011100 r
#422
b1101100110100100110000101010 "
b10000000100100 D
b10000000100100 d
b110000101010 r
#423
b1101011001100101000100101100 "
b1111011100001 D
b1111011100001 d
b1000100101100 r
#424
b1101100000110111111010110100 "
b1110110101100 D
b1110110101100 d
b11111010110100 r
#425
b1101110000010110101111011010 "
b1110100110110 D
b1110100110110 d
b10101111011010 r
#426
b1110000111111011010010100010 "
b1110011010000 D
b1110011010000 d
b11010010100010 r
#427
b1110101110100100001010110101 "
b1110100001010 D
b1110100001010 d
b1010110101 r
#428
b1111001011001011010110100011 "
b1110111011110 D
b1110111011110 d
b11010110100011 r
#429
b1111100010111010001001010011 "
b1111011101110 D
b1111011101110 d
b10001001010011 r
#430
b1111110110110101000100000000 "
b10000000110001 D
b10000000110001 d
b1000100000000 r
#431
b1111110111110111100000010000 "
b10000101111000 D
b10000101111000 d
b11100000010000 r
#432
b1111101011010010000011000000 "
b10001001110010 D
b10001001110010 d
b10000011000000 r
#433
b1111001100101101001110001101 "
b10001011101101 D
b10001011101101 d
b1001110001101 r
#434
b1110101001101111011101111100 "
b10001100001001 D
b10001100001001 d
b11011101111100 r
#435
b1110000001111110111010011100 "
b10001011011000 D
b10001011011000 d
b10111010011100 r
#436
b1101011100100000111001010111 "
b10001000100101 D
b10001000100101 d
b111001010111 r
#437
b1100111100110000101100110110 "
b10000011010000 D
b10000011010000 d
b101100110110 r
#438
b1100101010000110010010111001 "
b1111101101011 D
b1111101101011 d
b10010010111001 r
#439
b1100100000101001001110110000 "
b1111001010111 D
b1111001010111 d
b1001110110000 r
#440
b1100100110010011100110110001 "
b1110101011001 D
b1110101011001 d
b11100110110001 r
#441
b1100111110111011010101011000 "
b1110011101110 D
b1110011101110 d
b11010101011000 r
#442
b1101011001101000101101001100 "
b1110100010001 D
b1110100010001 d
b101101001100 r
#443
b1101110110110011111011101001 "
b1110101011101 D
b1110101011101 d
b11111011101001 r
#444
b1110001110000011010101111010 "
b1111000011110 D
b1111000011110 d
b11010101111010 r
#445
b1110100000111010100110111011 "
b1111101011100 D
b1111101011100 d
b10100110111011 r
#446
b1110101110101111000000010011 "
b10000011111011 D
b10000011111011 d
b11000000010011 r
#447
b1110100101001001000011000000 "
b10001000000100 D
b10001000000100 d
b1000011000000 r
#448
b1110001111000000011101010000 "
b10001010001111 D
b10001010001111 d
b11101010000 r
#449
b1101110010111111010001100111 "
b10001100011101 D
b10001100011101 d
b11010001100111 r
#450
b1101001010000010000111100000 "
b10001100001110 D
b10001100011111 d
b10000111100000 r
#451
b1100100101001101010100000010 "
b10001101110110 D
b10001101110110 d
b1010100000010 r
#452
b1100000111111001100110000110 "
b10001111110010 D
b10001111110010 d
b1100110000110 r
#453
b1011101110000010111010001110 "
b10000110111101 D
b10000110111101 d
b10111010001110 r
#454
b1011011011111101001100111110 "
b10111011111101 D
b10110011111101 d
b1001100111110 r
#455
b1011010110101111011000011100 "
b1111111110000 D
b1111111110000 d
b11011000011100 r
#456
b1011100110011100000011101110 "
b1110111110110 D
b1110111010110 d
b11101110 r
#457
b1011111111100001010110100000 "
b1110111110110 d
b1010110100000 r
#458
b1100010101001011110010110101 "
b1110011111111 D
b1110011111111 d
b11110010110101 r
#459
b1100101100011110100111110001 "
b1110100000010 D
b1110100000010 d
b10100111110001 r
#460
b1101000000110010000100101010 "
b1110110101111 D
b1110110101111 d
b10000100101010 r
#461
b1101001011000101101110011000 "
b1111011010001 D
b1111011010001 d
b1101110011000 r
#462
b1101001101010010111111111101 "
b10000000101011 D
b10000000101011 d
b10111111111101 r
#463
b1101000001001110010110101110 "
b10000101010101 D
b10000101010101 d
b10010110101110 r
#464
b1100101010010001010000001011 "
b10001000100111 D
b10001000100111 d
b1010000001011 r
#465
b1100000110010011101100000000 "
b10001011011001 D
b10001011011001 d
b11101100000000 r
#466
b1011100000101000011010110001 "
b10001101000011 D
b10001101000011 d
b11010110001 r
#467
b1011000011100110110111110001 "
b10001100000011 D
b10001100000011 d
b10110111110001 r
#468
b1010101001101001000110010111 "
b10000111110100 D
b10000111110100 d
b1000110010111 r
#469
b1010010010000101001100000011 "
b10000011001110 D
b10000011001110 d
b1001100000011 r
#470
b1010000101111101110001010000 "
b1111110101101 D
b1111110101101 d
b1110001010000 r
#471
b1010001100011011010100001100 "
b1111010101000 D
b1111010101000 d
b11010100001100 r
#472
b1010011100100110011001111101 "
b1110110011010 D
b1110110011010 d
b10011001111101 r
#473
b1010101101100100000111100101 "
b1110011011111 D
b1110011011111 d
b111100101 r
#474
b1011000001001011111001000001 "
b1110011001010 D
b1110011001010 d
b11111001000001 r
#475
b1011010101010010111100000111 "
b1110101101010 D
b1110101101010 d
b10111100000111 r
#476
b1011100010010101011010110000 "
b1111001001101 D
b1111001001101 d
b1011010110000 r
#477
b1011100101001110010101010010 "
b1111100111010 D
b1111100111010 d
b10010101010010 r
#478
b1011100001011011011010100000 "
b10000010011000 D
b10000010011000 d
b11011010100000 r
#479
b1011010010100101100010010010 "
b10000111000000 D
b10000111000000 d
b1100010010010 r
#480
b1010110100111111101100110000 "
b10001010101100 D
b10001010101100 d
b11101100110000 r
#481
b1010010100010000110001000101 "
b10001100111010 D
b10001100111010 d
b110001000101 r
#482
b1001110101011000001001000011 "
b10001100100010 D
b10001100100010 d
b1001000011 r
#483
b1001011010011000001110000100 "
b10001001111010 D
b10001001111010 d
b1110000100 r
#484
b1001000101011001111011110000 "
b10000101101101 D
b10000101101101 d
b1111011110000 r
#485
b1000110101001001000001100111 "
b10000001110111 D
b10000001111111 d
b1000001100111 r
#486
b1000110000001010011110001100 "
b1111100111111 D
b11111101111111 d
b10011110001100 r
#487
b1000110101101111100011001101 "
b1111100111000 D
b1111100111000 d
b11100011001101 r
#488
b1001000011001011101101011110 "
b1111100011100 D
b1111100011100 d
b11101101011110 r
#489
b1001010011010000011001001110 "
b1110111010100 D
b1110111010100 d
b11001001110 r
#490
b1001100101011101001101100110 "
b1110111010010 D
b1110111010010 d
b1001101100110 r
#491
b1001110000001100111000111011 "
b1110110111110 D
b1110110111110 d
b111000111011 r
#492
b1001110111011100000010001000 "
b1111110111110 D
b10001000 r
#493
b1001111000011101111011111001 "
b1111111110101 D
b1111110100101 d
b1111011111001 r
#494
b1001101110110001110111110010 "
b1111111010110 D
b1111111010110 d
b1110111110010 r
#495
b1001011001011110000011010100 "
b10000100101001 D
b10000100101001 d
b10000011010100 r
#496
b1000111101001101100000101001 "
b10001001001101 D
b10001001001101 d
b1100000101001 r
#497
b1000100010100011110011101010 "
b10001100000001 D
b10001100000001 d
b11110011101010 r
#498
b1000001010010000111011110000 "
b10001100101001 D
b10001100101001 d
b111011110000 r
#499
b111110000111011101101001100 "
b10001011100001 D
b10001011100001 d
b11101101001100 r
#500
b111011110110001100111110100 "
b10001000110111 D
b10001000110111 d
b1100111110100 r
#501
b111010101001110011110100010 "
b10000100011100 D
b10000100011100 d
b10011110100010 r
#502
b111010101011011010011111111 "
b1111111010011 D
b1111111010011 d
b11010011111111 r
#503
b111011100100101001001110000 "
b1111010001011 D
b1111010001011 d
b1001001110000 r
#504
b111101000010111010001010010 "
b1110101111010 D
b1110101111010 d
b11010001010010 r
#505
b111110101001100011001110010 "
b1110100010000 D
b1110100010000 d
b11001110010 r
#506
b111111111011111010000001110 "
b1110011101011 D
b1110011101011 d
b11010000001110 r
#507
b1000000101001001100001001000 "
b1110100101011 D
b1110100101011 d
b1100001001000 r
#508
b1000001101010110100110111100 "
b1111000010011 D
b1111000010011 d
b10100110111100 r
#509
b1000000101101110001111101100 "
b1111101001000 D
b1111101001000 d
b10001111101100 r
#510
b111110100111011000110001100 "
b10000001011100 D
b10000001011100 d
b11000110001100 r
#511
b111100011000111001010111100 "
b10000110111100 D
b10000110111100 d
b11001010111100 r
#512
b111001010110010101101000100 "
b10001010100001 D
b10001010100001 d
b10101101000100 r
#513
b110110010101011100010011000 "
b10001011111001 D
b10001011111001 d
b11100010011000 r
#514
b110011101101100011000010111 "
b10001100101100 D
b10001100101100 d
b11000010111 r
#515
b110001011101010011110011010 "
b10001010101011 D
b10001010101011 d
b10011110011010 r
#516
b101111111100101110110001010 "
b10000110101011 D
b10000110101011 d
b1110110001010 r
#517
b101111010011010100101011000 "
b10000010001101 D
b10000010001101 d
b10100101011000 r
#518
b101111010011001111000101000 "
b1111100011110 D
b1111100011110 d
b1111000101000 r
#519
b110000001001100100000000010 "
b1111000011011 D
b1111000011011 d
b100000000010 r
#520
b110001010111011110101101000 "
b1110101010011 D
b1110101010011 d
b11110101101000 r
#521
b110010011101100101000001110 "
b1110011011111 D
b1110011011111 d
b101000001110 r
#522
b110011100011110111000000110 "
b1110011111011 D
b1110011111111 d
b10111000000110 r
#523
b110011100110001101010011100 "
b1110111110011 D
b1110111110011 d
b1101010011100 r
#524
b110011001101000100001010110 "
b1111111111101 D
b1111111111101 d
b100001010110 r
#525
b110010100011100001000010101 "
b1111111011111 D
b1111111011111 d
b1000010101 r
#526
b110000101111111111011101010 "
b1111111011011 D
b1111111011011 d
b11111011101010 r
#527
b101110010101110110110010000 "
b10001011110101 D
b10001011110101 d
b10110110010000 r
#528
b101011110010001010100011100 "
b10001011110111 D
b10001011010111 d
b1010100011100 r
#529
b101001000110010000100010110 "
b10001111110110 D
b10001011110110 d
b10000100010110 r
#530
b100111010001101010011010111 "
b10001101010111 D
b10001100010111 d
b1010011010111 r
#531
b100110000010011011000001010 "
b10001011111001 D
b10001011111001 d
b11011000001010 r
#532
b100100110010011011110000100 "
b10001000110100 D
b10001000110100 d
b11011110000100 r
#533
b100100001001110011000011010 "
b10000100010111 D
b10000100010111 d
b10011000011010 r
#534
b100100010001110101111110000 "
b1111111100001 D
b1111111100001 d
b10101111110000 r
#535
b100101001011001101100111101 "
b1111011001000 D
b1111011001000 d
b1101100111101 r
#536
b100110001000100110011111110 "
b1110111011110 D
b1110111011110 d
b110011111110 r
#537
b100110100100111011100100000 "
b1110011111000 D
b1110011111000 d
b11011100100000 r
#538
b100110111011101101010101000 "
b1110010100010 D
b1110010100010 d
b1101010101000 r
#539
b100110110100011100001111101 "
b1110100010100 D
b1110100010100 d
b11100001111101 r
#540
b100110010000000000100010110 "
b1111001100101 D
b1111001100101 d
b100010110 r
#541
b100101000010010010011011000 "
b1111100010100 D
b1111100010100 d
b10010011011000 r
#542
b100011011010100111110110010 "
b10000001001010 D
b10000001001010 d
b111110110010 r
#543
b100001011111110101011001010 "
b10000110000000 D
b10000110000000 d
b10101011001010 r
#544
b11111011011100010001010000 "
b10001001101010 D
b10001001101010 d
b10001010000 r
#545
b11101011111001010000001000 "
b10001101000011 D
b10001101000011 d
b1010000001000 r
#546
b11100010110110110000110010 "
b10001100101101 D
b10001100101101 d
b10110000110010 r
#547
b11011000111101111001101010 "
b10001001111000 D
b10001001111000 d
b1111001101010 r
#548
b11010010110000000011110000 "
b10000111011111 D
b10000111011111 d
b11110000 r
#549
b11010000111010101100000001 "
b10000010110110 D
b10000010110110 d
b10101100000001 r
#550
b11010011001111101011011100 "
b1111101000001 D
b1111101000001 d
b11101011011100 r
#551
b11010110001010100110111000 "
b1111001011111 D
b1111001011111 d
b10100110111000 r
#552
b11011001101100011010110111 "
b1110101111001 D
b1110101111001 d
b11010110111 r
#553
b11011011001011100110110010 "
b1110011011001 D
b1110011011001 d
b11100110110010 r
#554
b11011011111100101101010101 "
b1110010100111 D
b1110010100111 d
b101101010101 r
#555
b11011000110110011000111000 "
b1110101110111 D
b1110101110111 d
b10011000111000 r
#556
b11010001110101101000001000 "
b1111010101101 D
b1111010101101 d
b1101000001000 r
#557
b11001001110110011011110011 "
b1111110101101 D
b1111110101101 d
b10011011110011 r
#558
b10111110000100001110100100 "
b10111111111101 D
b11111111111101 d
b1110100100 r
#559
b10110001110101111011100000 "
b10000111111111 D
b10000111111111 d
b1111011100000 r
#560
b10100110001101100010111000 "
b10001111111111 D
b10001111111111 d
b1100010111000 r
#561
b10011011110101100101101000 "
b10001110111101 D
b10001110111101 d
b1100101101000 r
#562
b10010100010111100010010111 "
b10001100110011 D
b10001100110011 d
b11100010010111 r
#563
b10001110001110000110001101 "
b10001101110011 D
b10001101110011 d
b10000110001101 r
#564
b10001010101010000000000000 "
b10001101010111 D
b10001001010111 d
b10000000000000 r
#565
b10001010000010100100001101 "
b10000100111110 D
b10000100111110 d
b10100100001101 r
#566
b10001010000111100000001000 "
b1111111100100 D
b1111111100100 d
b11100000001000 r
#567
b10001011100010110101011110 "
b1111011001110 D
b1111011001110 d
b10110101011110 r
#568
b10001100000111001111011100 "
b1110111110001 D
b1110111110001 d
b11001111011100 r
#569
b10001011100100010011010000 "
b1110100100010 D
b1110100100010 d
b10011010000 r
#570
b10001010000011100110111001 "
b1110010110000 D
b1110010110000 d
b11100110111001 r
#571
b10000101010100001110110001 "
b1110011111010 D
b1110011111010 d
b1110110001 r
#572
b1111110111101111000100110 "
b1110111010011 D
b1110111010011 d
b1111000100110 r
#573
b1111000010001111010011011 "
b1111100100010 D
b1111100100010 d
b1111010011011 r
#574
b1110000001110001110111000 "
b10000001001011 D
b10000001001011 d
b10001110111000 r
#575
b1100111000001111110010000 "
b10000101110001 D
b10000101110001 d
b1111110010000 r
#576
b1011111011111010100110110 "
b10001001001101 D
b10001001001101 d
b11010100110110 r
#577
b1011000100110101001010101 "
b10001011100010 D
b10001011100010 d
b10101001010101 r
#578
b1010011101011001110110010 "
b10001100111101 D
b10001100111101 d
b11001110110010 r
#579
b1010000000101001110101100 "
b10001011101001 D
b10001011101001 d
b1001110101100 r
#580
b1001101001111100110100110 "
b10000111010010 D
b10000111010010 d
b11100110100110 r
#581
b1001011111011100001010110 "
b10000010110010 D
b10000010110010 d
b11100001010110 r
#582
b1001011100000011110011111 "
b1111110001100 D
b1111110001100 d
b11110011111 r
#583
b1001010100100101000000010 "
b1111001111001 D
b1111001111001 d
b101000000010 r
#584
b1001001100100101011011100 "
b1110101010110 D
b1110101010110 d
b101011011100 r
#585
b1000111100011001110100010 "
b1110011011101 D
b1110011011101 d
b11001110100010 r
#586
b1000100010000101011111000 "
b1110011101110 D
b1110011101110 d
b101011111000 r
#587
b1000000010101101001110000 "
b1110101110100 D
b1110101110100 d
b1101001110000 r
#588
b111011101010010010110000 "
b1111001100000 D
b1111001100000 d
b10010010110000 r
#589
b110110011110011010100010 "
b1111110000111 D
b1111110000111 d
b10011010100010 r
#590
b110001000110110000101110 "
b10000011000011 D
b10000011000011 d
b10110000101110 r
#591
b101011110001011100110000 "
b10000111101010 D
b10000111101010 d
b1011100110000 r
#592
b100111010101001010011100 "
b10001010101101 D
b10001010101101 d
b1001010011100 r
#593
b100011010101101011001100 "
b10001100111000 D
b10001110111101 d
b1101011001100 r
#594
b11111110111000010100110 "
b10001100111011 D
b10001100111011 d
b11000010100110 r
#595
b11101010011111001000110 "
b10001101111011 D
b10001101111011 d
b11111001000110 r
#596
b11011000001001011011000 "
b1001011011000 r
#597
b11001000100000111110000 "
b10000101111111 D
b10000101111111 d
b111110000 r
#598
b10111010001011101000101 "
b10111001100101 D
b10110001100101 d
b1011101000101 r
#599
b10101001010011101011100 "
b1111011011111 D
b1111011011111 d
b10011101011100 r
#600
b10010101110110000000000 "
b1110111011100 D
b1110111010100 d
b10110000000000 r
#601
b10000000001111100011110 "
b1110100011100 d
b1111100011110 r
#602
b1101000110100001000010 "
b1110011101000 D
b1110011101000 d
b10100001000010 r
#603
b1010000100100001010011 "
b1110100010110 D
b1110100010110 d
b100001010011 r
#604
b111000000110100000100 "
b1110110101100 D
b1110110101100 d
b110100000100 r
#605
b100000100000111110000 "
b1111011001111 D
b1111011001111 d
b111110000 r
#606
b1011001010111111011 "
b10000000101101 D
b10000000101101 d
b1010111111011 r
#607
b11111111111110111011011111010100 "
b10000101001101 D
b10000101001101 d
b11011111010100 r
#608
b11111111111100101110000101110100 "
b10001001000011 D
b10001001000011 d
b10000101110100 r
#609
b11111111111010100101111111111100 "
b10001011111011 D
b10001011111011 d
b1111111111100 r
#610
b11111111111000011100111010001111 "
b10001100100110 D
b10001100100110 d
b111010001111 r
#611
b11111111110110001101010111001101 "
b10001011011101 D
b10001011011101 d
b1010111001101 r
#612
b11111111110011110111100110111100 "
b10001000101110 D
b10001000101110 d
b11100110111100 r
#613
b11111111110001010110100110101100 "
b10000011100101 D
b10000011100101 d
b10100110101100 r
#614
b11111111101110011000100010001001 "
b1111110010100 D
b1111110010100 d
b100010001001 r
#615
b11111111101011011100000000111000 "
b1111001011010 D
b1111001011010 d
b111000 r
#616
b11111111101000110010110011000111 "
b1110110001000 D
b1110110001000 d
b10110011000111 r
#617
b11111111100110010011101111000000 "
b1110100001100 D
b1110100001100 d
b11101111000000 r
#618
b11111111100100000110110011001100 "
b1110100100011 D
b1110100100011 d
b10110011001100 r
#619
b11111111100010011001000111010110 "
b1110100110111 D
b1110100110111 d
b1000111010110 r
#620
b11111111100001001001010110001000 "
b1111000110010 D
b1111000110010 d
b1010110001000 r
#621
b11111111011111001101000000100000 "
b1111101110100 D
b1111101110100 d
b1000000100000 r
#622
b11111111011110100011000010011000 "
b10000011011001 D
b10000011011001 d
b11000010011000 r
#623
b11111111011110001101001110111100 "
b10000111001111 D
b10000111001111 d
b1001110111100 r
#624
b11111111011101111011000101110101 "
b10001010100101 D
b10001010100101 d
b11000101110101 r
#625
b11111111011101010000101101000000 "
b10001100100111 D
b10001100100111 d
b101101000000 r
#626
b11111111011100000100001100111100 "
b10001100010010 D
b10001100010010 d
b1100111100 r
#627
b11111111011010101000001110101010 "
b10001010101010 D
b10001010101010 d
b1110101010 r
#628
b11111111011000100100111011001000 "
b10000110111101 D
b10001110111111 d
b111011001000 r
#629
b11111111010101111110000101100000 "
b10000000111101 D
b10000110111101 d
b10000101100000 r
#630
b11111111010010110101100101011100 "
b1111100111100 D
b11111100111100 d
b1100101011100 r
#631
b11111111001111001101000100100000 "
b1111111111100 D
b1111111111100 d
b1000100100000 r
#632
b11111111001100001101100011101000 "
b1110111111101 D
b1110111111101 d
b1100011101000 r
#633
b11111111001010000011000110110110 "
b1110111101011 D
b1110111101011 d
b11000110110110 r
#634
b11111111001000000111001110111000 "
b1110011101111 D
b1110011101111 d
b11001110111000 r
#635
b11111111000110110100100000010111 "
b1110111001111 D
b1110111001111 d
b100000010111 r
#636
b11111111000110101111100010001101 "
b1111111011111 D
b1110111011111 d
b11100010001101 r
#637
b11111111000111110101111110110000 "
b1111011011111 D
b1111011011111 d
b1111110110000 r
#638
b11111111001000110010010100101000 "
b10000000000101 D
b10000000000101 d
b10010100101000 r
#639
b11111111001001101011011101100100 "
b10000100110000 D
b10000100110000 d
b11011101100100 r
#640
b11111111001010010110001011110111 "
b10001000011111 D
b10001000011111 d
b10001011110111 r
#641
b11111111001010101011011010011110 "
b10001011011101 D
b10001011011101 d
b11011010011110 r
#642
b11111111001010000000100110010010 "
b10001101000001 D
b10001101000001 d
b100110010010 r
#643
b11111111001001000101011110111000 "
b10001011111011 D
b10001011111011 d
b1011110111000 r
#644
b11111111000110011110000100011110 "
b10001000100101 D
b10001000100101 d
b10000100011110 r
#645
b11111111000011001010011100101110 "
b10000100010110 D
b10000100010110 d
b10011100101110 r
#646
b11111111000000011001011101111010 "
b1111110100110 D
b1111110100110 d
b1011101111010 r
#647
b11111110111101001001111110000101 "
b1111010001000 D
b1111010001000 d
b1111110000101 r
#648
b11111110111010010111000010000000 "
b1110110101101 D
b1110110101101 d
b11000010000000 r
#649
b11111110111000011011000101111010 "
b1110011110010 D
b1110011110010 d
b11000101111010 r
#650
b11111110110111001011011010010011 "
b1110011100101 D
b1110011100101 d
b11011010010011 r
#651
b11111110110111110100000011110000 "
b1110101011001 D
b1110101011001 d
b11110000 r
#652
b11111110111001010010010010101100 "
b1111000010100 D
b1111000010100 d
b10010010101100 r
#653
b11111110111011000000100110110000 "
b1111100100011 D
b1111100100011 d
b100110110000 r
#654
b11111110111101001100111101000010 "
b10000010011001 D
b10000010011001 d
b111101000010 r
#655
b11111110111110110110101011001001 "
b10000111000011 D
b10000111000011 d
b10101011001001 r
#656
b11111111000000010101000100100000 "
b10001010100011 D
b10001010100011 d
b1000100100000 r
#657
b11111111000001010000010000100000 "
b10001100101011 D
b10001100101011 d
b10000100000 r
#658
b11111111000000101011001010000101 "
b10001100001111 D
b10001100001111 d
b11001010000101 r
#659
b11111110111110101110100001100100 "
b10001010100111 D
b10001010100111 d
b10100001100100 r
#660
b11111110111100011101000111100100 "
b10000111001110 D
b10000111001110 d
b1000111100100 r
#661
b11111110111001100101010000001001 "
b10000010001110 D
b10000010001110 d
b1010000001001 r
#662
b11111110110110110001000001111100 "
b1111100100100 D
b1111100100100 d
b1000001111100 r
#663
b11111110110011111111111001000010 "
b1110111101010 D
b1110111101010 d
b11111001000010 r
#664
b11111110110001010001000000001100 "
b1110100111100 D
b1110110111110 d
b1000000001100 r
#665
b11111110110000010111011001101011 "
b1110011101101 D
b1110111111101 d
b11011001101011 r
#666
b11111110110001010010011010101110 "
b1110111110111 D
b1110111110111 d
b10011010101110 r
#667
b11111110110010101110100100101111 "
b1110110011010 D
b1110110011010 d
b10100100101111 r
#668
b11111110110100001010011011010110 "
b1111111111110 D
b1111111111110 d
b10011011010110 r
#669
b11111110110110110101100110000010 "
b1100110000010 r
#670
b11111110111001111110110101011111 "
b1111110111000 D
b1111110111000 d
b10110101011111 r
#671
b11111110111100001101110100000011 "
b10001100111101 D
b10001100111101 d
b1110100000011 r
#672
b11111110111101101000110000010000 "
b110000010000 r
#673
b11111110111110010100100101111100 "
b10001100010000 D
b10001100010000 d
b100101111100 r
#674
b11111110111101100111000010111100 "
b10001100010001 D
b10001100010001 d
b11000010111100 r
#675
b11111110111100000011100100011101 "
b10001011010011 D
b10001011010011 d
b11100100011101 r
#676
b11111110111001010100110000100101 "
b10001001010100 D
b10001001010100 d
b110000100101 r
#677
b11111110110110101100110100010010 "
b10000100111100 D
b10000100111100 d
b110100010010 r
#678
b11111110110100010000000110010100 "
b1111111011101 D
b1111111011101 d
b110010100 r
#679
b11111110110001110010100011111001 "
b1111010101000 D
b1111010101000 d
b10100011111001 r
#680
b11111110110000011101111100000110 "
b1110110011011 D
b1110110011011 d
b1111100000110 r
#681
b11111110110000111010111110101100 "
b1110100000111 D
b1110100000111 d
b10111110101100 r
#682
b11111110110001110010010100000000 "
b1110011001100 D
b1110011001100 d
b10010100000000 r
#683
b11111110110011101110010100000111 "
b1110100110111 D
b1110100110111 d
b10010100000111 r
#684
b11111110110110100101000110011101 "
b1110111111110 D
b1110111111110 d
b1000110011101 r
#685
b11111110111001110100101100000010 "
b1111100000001 D
b1111100000001 d
b101100000010 r
#686
b11111110111100101101010001100010 "
b10000001010101 D
b10000001010101 d
b1010001100010 r
#687
b11111110111110110011000010101010 "
b10000110101001 D
b10000110101001 d
b11000010101010 r
#688
b11111111000000001010101100101010 "
b10001010001000 D
b10001010001000 d
b10101100101010 r
#689
b11111111000000100100010100011000 "
b10001100010010 D
b10001100010010 d
b10100011000 r
#690
b11111110111111111000000101101110 "
b10001100010101 D
b10001100010101 d
b101101110 r
#691
b11111110111110000101111101110110 "
b10001010011010 D
b10001010011010 d
b1111101110110 r
#692
b11111110111011101110110000100000 "
b10000111011001 D
b10000111011001 d
b10110000100000 r
#693
b11111110111001001011101100111100 "
b10000010101010 D
b10000010101010 d
b11101100111100 r
#694
b11111110110111001100111011100000 "
b1111101000000 D
b1111101000000 d
b111011100000 r
#695
b11111110110110001101000001011000 "
b1111000111000 D
b1111000111000 d
b1000001011000 r
#696
b11111110110101110101110111100011 "
b1110100111001 D
b1110100111001 d
b1110111100011 r
#697
b11111110110110001101000101001110 "
b1110011110001 D
b1110011110001 d
b1000101001110 r
#698
b11111110110111100010101000110000 "
b1110100001110 D
b1110100101110 d
b10101000110000 r
#699
b11111110111010100101100000101110 "
b1110101110000 D
b1110101111000 d
b1100000101110 r
#700
b11111110111110001000010000000000 "
b1111001100111 D
b1111001100111 d
b10000000000 r
#701
b11111111000000101000001110101110 "
b1111110100111 D
b1111111100111 d
b1110101110 r
#702
b11111111000011000001110001100110 "
b11111111100010 D
b11111111100010 d
b1110001100110 r
#703
b11111111000101000000110011000101 "
b10001011111111 D
b10001011111111 d
b110011000101 r
#704
b11111111000110001010000101011101 "
b10000101011101 r
#705
b11111111000110100110111101101101 "
b10001111010101 D
b10001111010101 d
b10111101101101 r
#706
b11111111000110111001111111000001 "
b10001111111011 D
b10001111111011 d
b1111111000001 r
#707
b11111111000101111011111111000011 "
b10001011111011 D
b10001011111011 d
b11111111000011 r
#708
b11111111000100000100001111110010 "
b10001101001011 D
b10001101001011 d
b1111110010 r
#709
b11111111000010001100101100011100 "
b10000101001000 D
b10000101001000 d
b101100011100 r
#710
b11111111000000101010110101100000 "
b1111111111011 D
b1111111111011 d
b10110101100000 r
#711
b11111110111111001000001110100010 "
b1111011000110 D
b1111011000110 d
b1110100010 r
#712
b11111110111110100110010111010000 "
b1110110111101 D
b1110110111101 d
b10010111010000 r
#713
b11111110111110101110101000111010 "
b1110011111010 D
b1110011111010 d
b10101000111010 r
#714
b11111110111111111101010001010000 "
b1110011101101 D
b1110011101101 d
b1010001010000 r
#715
b11111111000010100100010000001010 "
b1110101010111 D
b1110101010111 d
b10000001010 r
#716
b11111111000101000110110000100101 "
b1110111000001 D
b1110111000001 d
b10110000100101 r
#717
b11111111000111110110100101011111 "
b1111011101110 D
b1111011101110 d
b10100101011111 r
#718
b11111111001010001110101000101010 "
b10000001101001 D
b10000001101001 d
b10101000101010 r
#719
b11111111001100001010000110001001 "
b10000101110111 D
b10000101110111 d
b10000110001001 r
#720
b11111111001110010001100000111000 "
b10001001010111 D
b10001001010111 d
b1100000111000 r
#721
b11111111001110110011101101101111 "
b10001011110011 D
b10001011110011 d
b11101101101111 r
#722
b11111111001111011010001111111001 "
b10001100110101 D
b10001100110101 d
b10001111111001 r
#723
b11111111001111001001111010000000 "
b10001011011011 D
b10001011011011 d
b1111010000000 r
#724
b11111111001110000011110001110110 "
b10000110111110 D
b10000110111110 d
b11110001110110 r
#725
b11111111001100100110101000000111 "
b10000011001010 D
b10000011001010 d
b10101000000111 r
#726
b11111111001011011110101111110111 "
b1111101110001 D
b1111101110001 d
b10101111110111 r
#727
b11111111001010001010011011101101 "
b1111001000101 D
b1111001000101 d
b10011011101101 r
#728
b11111111001001010011101110011000 "
b1110101110111 D
b1110101110111 d
b11101110011000 r
#729
b11111111001001100000000011110000 "
b1110011001011 D
b1110011001011 d
b11110000 r
#730
b11111111001010000110111000110100 "
b1110011101001 D
b1110011101001 d
b10111000110100 r
#731
b11111111001011100100011010000000 "
b1110101110001 D
b1110101110001 d
b11010000000 r
#732
b11111111001101111000000000000100 "
b1111001011011 D
b1111001011011 d
b100 r
#733
b11111111010000011000000000011000 "
b1111110010111 D
b1111110010111 d
b11000 r
#734
b11111111010010111100100010010000 "
b10000011010100 D
b10000011010100 d
b100010010000 r
#735
b11111111010100111000101110000000 "
b10000111000111 D
b10000111000111 d
b101110000000 r
#736
b11111111010110010111010010000100 "
b10001011001010 D
b10001011001111 d
b11010010000100 r
#737
b11111111010111111000011110000000 "
b10001110101010 D
b10001111101010 d
b11110000000 r
#738
b11111111010111111100111101010100 "
b10001100100010 D
b10001100100010 d
b111101010100 r
#739
b11111111010111100100110001010000 "
b10001101111010 D
b10001101111010 d
b110001010000 r
#740
b11111111010111000000010000000100 "
b10001101111111 D
b10001101111111 d
b10000000100 r
#741
b11111111010101100010001000110000 "
b10000101101101 D
b10000101101101 d
b10001000110000 r
#742
b11111111010100110001100100000100 "
b10111011101100 D
b10000001101100 d
b1100100000100 r
#743
b11111111010100010100101111110000 "
b1111011110110 D
b1111011110110 d
b101111110000 r
#744
b11111111010100000000100000010101 "
b1110111011110 D
b1110111001110 d
b100000010101 r
#745
b11111111010100010000011001010000 "
b1110101111100 D
b1110100111100 d
b11001010000 r
#746
b11111111010101001101110001100000 "
b1110011011101 D
b1110011011101 d
b1110001100000 r
#747
b11111111010110101101110111011100 "
b1110100011111 D
b1110100011111 d
b1110111011100 r
#748
b11111111011000111111010000100001 "
b1110111011101 D
b1110111011101 d
b11010000100001 r
#749
b11111111011011000011101011001000 "
b1111011011010 D
b1111011011010 d
b11101011001000 r
#750
b11111111011100110100110001101000 "
b1111111111101 D
b1111111111101 d
b110001101000 r
#751
b11111111011110100010100101101111 "
b10000100101011 D
b10000100101011 d
b10100101101111 r
#752
b11111111011111110011010100011110 "
b10001001100011 D
b10001001100011 d
b11010100011110 r
#753
b11111111100000010101101110011001 "
b10001100100011 D
b10001100100011 d
b1101110011001 r
#754
b11111111100000111100001010001000 "
b1010001000 r
#755
b11111111100001001010011011111010 "
b10001011001000 D
b10001011001000 d
b10011011111010 r
#756
b11111111100000101100000010111010 "
b10000111111110 D
b10000111111110 d
b10111010 r
#757
b11111111100000010011011000110100 "
b10000011010010 D
b10000011010010 d
b11011000110100 r
#758
b11111111011111010001011010101100 "
b1111110101110 D
b1111110101110 d
b1011010101100 r
#759
b11111111011110110110000100100111 "
b1111001110010 D
b1111001110010 d
b10000100100111 r
#760
b11111111011110100011000001001001 "
b1110101100101 D
b1110101100101 d
b11000001001001 r
#761
b11111111011110101000000101011010 "
b1110011111010 D
b1110011111010 d
b101011010 r
#762
b11111111011111010110001100011010 "
b1110011101001 D
b1110011101001 d
b10001100011010 r
#763
b11111111100000011000101110010000 "
b1110101111010 D
b1110101111010 d
b101110010000 r
#764
b11111111100001110101011010111100 "
b1111001010011 D
b1111001010011 d
b1011010111100 r
#765
b11111111100011011001011001110110 "
b1111101010100 D
b1111101010100 d
b1011001110110 r
#766
b11111111100101000100010000001100 "
b10000010100111 D
b10000010100111 d
b10000001100 r
#767
b11111111100110110000010010001100 "
b10000111110011 D
b10000111110011 d
b10010001100 r
#768
b11111111100111101100110100000001 "
b10001011001010 D
b10001011001010 d
b110100000001 r
#769
b11111111101000011010100101000000 "
b10001100101111 D
b10001100101111 d
b10100101000000 r
#770
b11111111101000111101001011110000 "
b10001011101100 D
b10001011101100 d
b1001011110000 r
#771
b11111111101000111101000101101001 "
b10001010001101 D
b10001010101101 d
b1000101101001 r
#772
b11111111101000111000111110101001 "
b10000110111011 D
b10001110111111 d
b111110101001 r
#773
b11111111101000001001011111011000 "
b10000111110011 D
b10000111110011 d
b1011111011000 r
#774
b11111111100111100001110100111110 "
b11111011010011 D
b11111011010001 d
b1110100111110 r
#775
b11111111100111011010101001000000 "
b1111111110111 D
b1111111110111 d
b10101001000000 r
#776
b11111111100111100111001111010000 "
b1110111110111 D
b1110111110111 d
b11001111010000 r
#777
b11111111100111110000010100000000 "
b10100000000 r
#778
b11111111101000100100100011001110 "
b1110011110011 D
b1110011110011 d
b100011001110 r
#779
b11111111101001011110000010101010 "
b1110111110111 D
b1110111110111 d
b10000010101010 r
#780
b11111111101010100011011101010111 "
b1110111100100 D
b1110110100100 d
b11011101010111 r
#781
b11111111101011111100100011110100 "
b1111011010000 D
b1111011010000 d
b100011110100 r
#782
b11111111101101010001010111101010 "
b1111111111101 D
b1111111111101 d
b1010111101010 r
#783
b11111111101110010000101111100001 "
b10000101010000 D
b10000101010000 d
b101111100001 r
#784
b11111111101110111001110110000111 "
b10001000111010 D
b10001000111010 d
b1110110000111 r
#785
b11111111101111010011011110100000 "
b10001011110100 D
b10001011110100 d
b11011110100000 r
#786
b11111111101111101100111101100000 "
b10001100011100 D
b10001100011100 d
b111101100000 r
#787
b11111111110000000001011110110000 "
b10001011101111 D
b10001011101111 d
b1011110110000 r
#788
b11111111110000000011111110111000 "
b10001001010010 D
b10001001010010 d
b11111110111000 r
#789
b11111111101111110111001011101011 "
b10000011011001 D
b10000011011001 d
b11001011101011 r
#790
b11111111101111100001001001011000 "
b1111110000110 D
b1111110000110 d
b1001001011000 r
#791
b11111111101111010010111010110001 "
b1111010001011 D
b1111010001011 d
b10111010110001 r
#792
b11111111101111010100010001111010 "
b1110110101001 D
b1110110101001 d
b10001111010 r
#793
b11111111101111100000001101101000 "
b1110100011110 D
b1110100011110 d
b1101101000 r
#794
b11111111101111111011000100100110 "
b1110011001001 D
b1110011001001 d
b11000100100110 r
#795
b11111111110000100011101100010110 "
b1110100100001 D
b1110100100001 d
b11101100010110 r
#796
b11111111110001010010010010010100 "
b1111000100101 D
b1111000100101 d
b10010010010100 r
#797
b11111111110010001001111111001100 "
b1111101100101 D
b1111101100101 d
b1111111001100 r
#798
b11111111110011000111100100110100 "
b10000010100010 D
b10000010100010 d
b11100100110100 r
#799
b11111111110011111101000100101111 "
b10000110001100 D
b10000110001100 d
b1000100101111 r
#800
b11111111110100100100100010000101 "
b10001010011111 D
b10001010011111 d
b100010000101 r
#801
b11111111110100111111101101010100 "
b10001100101011 D
b10001100101011 d
b11101101010100 r
#802
b11111111110101010100001010101100 "
b10001100100011 D
b10001100100011 d
b1010101100 r
#803
b11111111110101011101011111101000 "
b10001010101001 D
b10001010101001 d
b1011111101000 r
#804
b11111111110101011010001111101000 "
b10000111011001 D
b10000111011001 d
b10001111101000 r
#805
b11111111110101010010100101101100 "
b10000000100100 D
b10000000100100 d
b10100101101100 r
#806
b11111111110101001110010111010000 "
b1111100011010 D
b1111100111010 d
b10010111010000 r
#807
b11111111110101001001100101000010 "
b1111000101110 D
b1111000101110 d
b1100101000010 r
#808
b11111111110101001100100110001000 "
b1110101101110 D
b1111101101110 d
b100110001000 r
#809
b11111111110101011101101010100001 "
b1110111111111 D
b1110111111111 d
b1101010100001 r
#810
b11111111110101110110101011001101 "
b1110011111111 D
b1110011111111 d
b10101011001101 r
#811
b11111111110110010101011001000000 "
b1110111101011 D
b1110111101011 d
b1011001000000 r
#812
b11111111110110111100101111111000 "
b1111110111110 D
b1111110111110 d
b101111111000 r
#813
b11111111110111100100000100001110 "
b1111111010111 D
b1111111010111 d
b100001110 r
#814
b11111111111000001001100011111111 "
b1111111010011 D
b1111111010011 d
b1100011111111 r
#815
b11111111111000101010010000011111 "
b10001100111001 D
b10000100111001 d
b10010000011111 r
#816
b11111111111001000011100010111100 "
b10001010110101 D
b10001000100101 d
b11100010111100 r
#817
b11111111111001010101001110101100 "
b10001010110111 D
b10001010110111 d
b1001110101100 r
#818
b11111111111001100001110011011100 "
b10001100101111 D
b10001100101111 d
b1110011011100 r
#819
b11111111111001100101010100111000 "
b10001011101010 D
b10001011101010 d
b1010100111000 r
#820
b11111111111001100011111101001100 "
b10001001000001 D
b10001001000001 d
b11111101001100 r
#821
b11111111111001100011000011000001 "
b10000100101010 D
b10000100101010 d
b11000011000001 r
#822
b11111111111001100101111011111010 "
b1111111001111 D
b1111111001111 d
b1111011111010 r
#823
b11111111111001100110001000001000 "
b1111010011110 D
b1111010011110 d
b10001000001000 r
#824
b11111111111001101100110101000000 "
b1110110011100 D
b1110110011100 d
b110101000000 r
#825
b11111111111001111110010001010000 "
b1110100010001 D
b1110100010001 d
b10010001010000 r
#826
b11111111111010010010111110011001 "
b1110011110000 D
b1110011110000 d
b10111110011001 r
#827
b11111111111010100110110100011010 "
b1110100110000 D
b1110100110000 d
b10110100011010 r
#828
b11111111111011000000100010010000 "
b1110111111011 D
b1110111111011 d
b100010010000 r
#829
b11111111111011011001011101001110 "
b1111100011010 D
b1111100011010 d
b1011101001110 r
#830
b11111111111011110001101111101101 "
b10000001101110 D
b10000001101110 d
b1101111101101 r
#831
b11111111111100000101000000110000 "
b10000110101101 D
b10000110101101 d
b1000000110000 r
#832
b11111111111100010011001110111111 "
b10001001111101 D
b10001001111101 d
b11001110111111 r
#833
b11111111111100011010110100110100 "
b10001011110111 D
b10001011110111 d
b10110100110100 r
#834
b11111111111100100001111011100000 "
b10001100101100 D
b10001100101100 d
b1111011100000 r
#835
b11111111111100101000010011010100 "
b10001010110000 D
b10001010110000 d
b10011010100 r
#836
b11111111111100101011000001111001 "
b10000110111001 D
b10000110111001 d
b11000001111001 r
#837
b11111111111100101001111101010000 "
b10000010100011 D
b10000010100011 d
b1111101010000 r
#838
b11111111111100101100100101011111 "
b1111100110100 D
b1111100110100 d
b100101011111 r
#839
b11111111111100110011110000001000 "
b1111000010101 D
b1111000010101 d
b11110000001000 r
#840
b11111111111100111100110110110011 "
b1110101010010 D
b1110101010010 d
b110110110011 r
#841
b11111111111101001000000101100000 "
b1110011110100 D
b1110011110100 d
b101100000 r
#842
b11111111111101010110100110011111 "
b1110011110001 D
b1110011110001 d
b10100110011111 r
#843
b11111111111101100011001100000100 "
b1110101101110 D
b1110111101111 d
b11001100000100 r
#844
b11111111111101110001000111011011 "
b1111001111110 D
b1111101111110 d
b1000111011011 r
#845
b11111111111110000000011000100000 "
b1111111111010 D
b1111111111010 d
b11000100000 r
#846
b11111111111110001100110001111000 "
b11111111111110 D
b11111111111110 d
b110001111000 r
#847
b11111111111110010110111101011100 "
b10001011111111 D
b10001011111111 d
b10111101011100 r
#848
b11111111111110011110001011011000 "
b10001011011111 D
b10001011011111 d
b10001011011000 r
#849
b11111111111110100100001000010100 "
b10001111011101 D
b10001111011101 d
b1000010100 r
#850
b11111111111110101000101000011110 "
b10001100011011 D
b10001100010010 d
b101000011110 r
#851
b11111111111110101101010000111101 "
b10001101011101 D
b10001101011001 d
b1010000111101 r
#852
b11111111111110101111110011100000 "
b10001001001111 D
b10001001001111 d
b11110011100000 r
#853
b11111111111110110100100010111100 "
b10000100100010 D
b10000100100010 d
b100010111100 r
#854
b11111111111110111000111000100101 "
b10000000001001 D
b10000000001001 d
b111000100101 r
#855
b11111111111110111110010110001000 "
b1111011100001 D
b1111011100001 d
b10010110001000 r
#856
b11111111111111000100110100110101 "
b1110110010111 D
b1110110010111 d
b110100110101 r
#857
b11111111111111001011111001001000 "
b1110011110100 D
b1110011110100 d
b11111001001000 r
#858
b11111111111111010011100011011111 "
b1110011110000 D
b1110011110000 d
b11100011011111 r
#859
b11111111111111011010111110011110 "
b1110100110000 D
b1110100110000 d
b10111110011110 r
#860
b11111111111111100010010111101011 "
b1110111011101 D
b1110111011101 d
b10010111101011 r
#861
b11111111111111100111010001000011 "
b1111011111111 D
b1111011111111 d
b11010001000011 r
#862
b11111111111111101101100110000010 "
b10000001010110 D
b10000001010110 d
b1100110000010 r
#863
b11111111111111110001100111101000 "
b10000110010110 D
b10000110010110 d
b1100111101000 r
#864
b11111111111111110110111101011111 "
b10001001101010 D
b10001001101010 d
b10111101011111 r
#865
b11111111111111111010011101000100 "
b10001100000110 D
b10001100000110 d
b10011101000100 r
#866
b11111111111111111110000111011111 "
b10001100001001 D
b10001100001001 d
b10000111011111 r
#867
b1111101010001 "
b10001010110010 D
b10001010110010 d
b1111101010001 r
#868
b110001001001001 "
b10000111110100 D
b10000111110100 d
b10001001001001 r
#869
b1010100110111111 "
b10000010111011 D
b10000010111011 d
b10100110111111 r
#870
b1111001100010110 "
b1111101011110 D
b1111101011110 d
b11001100010110 r
#871
b10001100010101000 "
b1111000100011 D
b1111000100011 d
b1100010101000 r
#872
b10101110110111010 "
b1110101001101 D
b1110101001101 d
b1110110111010 r
#873
b11001110100110100 "
b1110011111001 D
b1110011111001 d
b1110100110100 r
#874
b11011000101010001 "
b1110100101001 D
b1110100101001 d
b11000101010001 r
#875
b11110010101110011 "
b1110101100111 D
b1110101100111 d
b10010101110011 r
#876
b11111001010100000 "
b1111000110101 D
b1111000110101 d
b11001010100000 r
#877
b11111101001101010 "
b1111110000101 D
b1111110000101 d
b11101001101010 r
#878
b100000101100110010 "
b10000011110101 D
b10111011110101 d
b101100110010 r
#879
b100100000101101100 "
b10001000110111 D
b10001010110111 d
b101101100 r
#880
b100110010001001000 "
b10001011001111 D
b10001011011111 d
b10010001001000 r
#881
b101000111100011010 "
b10001111011111 D
b10001111011111 d
b111100011010 r
#882
b101100001010110110 "
b10001111111111 D
b10001111111111 d
b1010110110 r
#883
b101101111101011111 "
b10001011111101 D
b10001011111101 d
b1111101011111 r
#884
b110001111111100000 "
b10001111111101 D
b10001111111101 d
b1111111100000 r
#885
b110101100010001011 "
b10000110111001 D
b10000110111001 d
b1100010001011 r
#886
b111000110101111110 "
b10100001001001 D
b10000000001001 d
b110101111110 r
#887
b111001001011111010 "
b1111111000101 D
b1111011000101 d
b1001011111010 r
#888
b111010101100110011 "
b1110111000001 D
b1110111000001 d
b10101100110011 r
#889
b111001011100001110 "
b1110101001001 D
b1110101001001 d
b1011100001110 r
#890
b110111101011001010 "
b1110011111111 D
b1110011111111 d
b11101011001010 r
#891
b110111010001001100 "
b1110100001011 D
b1110100001011 d
b11010001001100 r
#892
b110101010110010000 "
1B
b1110110101101 D
b1110110101101 d
b1010110010000 r
#893
0B
0C
b1111011011010 D
b1111011011010 d
0""
#894
b10000000111101 D
b10000000111101 d
#895
b10000101111100 D
b10000101111100 d
#896
b10001001011010 D
b10001001011010 d
#897
b10001011111011 D
b10001011111011 d
#898
b10001100111110 D
b10001100111110 d
#899
b10001010111010 D
b10001010111010 d
#900
b10000111110111 D
b10000111110111 d
#901
b10000011101100 D
b10000011101100 d
#902
b1111101110011 D
b1111101110011 d
#903
b1111001101101 D
b1111001101101 d
#904
b1110110001101 D
b1110110001101 d
#905
b1110011001010 D
b1110011001010 d
#906
b1110011101100 D
b1110011101100 d
#907
b1110101111100 D
b1110101111100 d
#908
b1111001001100 D
b1111001001100 d
#909
b1111101110011 D
b1111101110011 d
#910
b10000010001110 D
b10000010001110 d
#911
b10000111011010 D
b10000111011010 d
#912
b10001011100101 D
b10001011100101 d
#913
b10001100101011 D
b10001100101011 d
#914
b10001011110010 D
b10001011111010 d
#915
b10001010101011 D
b10001011111011 d
#916
b10001111111111 D
b10001111111111 d
#917
b10000101110111 D
b10000101110111 d
#918
b11111011011011 D
b10111011011011 d
#919
b1111111111000 D
b1111111111000 d
#920
b1110111111000 D
b1110111111000 d
#921
b1110111111110 D
b1110111111110 d
#922
b1110111010110 D
b1110011010110 d
#923
b1110111111011 D
b1110100111011 d
#924
b1110111100010 D
b1110111100010 d
#925
b1111011000010 D
b1111011000010 d
#926
b1111111010100 D
b1111111010100 d
#927
b10000100101110 D
b10000100101110 d
#928
b10001010001100 D
b10001010001100 d
#929
b10001100011001 D
b10001100011001 d
#930
b10001100010001 D
b10001100010001 d
#931
b10001011011111 D
b10001011011111 d
#932
b10001000000000 D
b10001000000000 d
#933
b10000011011100 D
b10000011011100 d
#934
b1111111010110 D
b1111111010110 d
#935
b1111010001101 D
b1111010001101 d
#936
b1110101011010 D
b1110101011010 d
#937
b1110011110010 D
b1110011110010 d
#938
b1110011101011 D
b1110011101011 d
#939
b1110101011101 D
b1110101011101 d
#940
b1111000111011 D
b1111000111011 d
#941
b1111100110101 D
b1111100110101 d
#942
b10000011001111 D
b10000011001111 d
#943
b10000111011101 D
b10000111011101 d
#944
b10001010110110 D
b10001010110110 d
#945
b10001100110100 D
b10001100110100 d
#946
b10001100001001 D
b10001100001001 d
#947
b10001010001100 D
b10001010001100 d
#948
b10000110001100 D
b10000110001100 d
#949
b10000001110101 D
b10000001110101 d
#950
b1111100100010 D
b1111100100011 d
#951
b1110111101111 D
b1111111101111 d
#952
b1110110111111 D
b1110111111111 d
#953
b1110111111111 D
#954
b1110111010110 D
b1110111010110 d
#955
b1110110011010 D
b1110110011010 d
#956
b1111110011110 D
#957
b1111111100101 D
b1111111100101 d
#958
b1111111100000 D
b1111111100000 d
#959
b10000100100101 D
b10000100100101 d
#960
b10001001001010 D
b10001001001010 d
#961
b10001011100101 D
b10001011100101 d
#962
b10001100100011 D
b10001100100011 d
#963
b10001011101110 D
b10001011101110 d
#964
b10001000110010 D
b10001000110010 d
#965
b10000100001111 D
b10000100001111 d
#966
b1111110111001 D
b1111110111001 d
#967
b1111010010110 D
b1111010010110 d
#968
b1110110010010 D
b1110110010010 d
#969
b1110100000001 D
b1110100000001 d
#970
b1110011100111 D
b1110011100111 d
#971
b1110101010100 D
b1110101010100 d
#972
b1111000001110 D
b1111000001110 d
#973
b1111100100111 D
b1111100100111 d
#974
b10000001111100 D
b10000001111100 d
#975
b10000110010010 D
b10000110010010 d
#976
b10001010110011 D
b10001010110011 d
#977
b10001100111101 D
b10001100111101 d
#978
b10001100011000 D
b10001100011000 d
#979
b10001010001011 D
b10001010001011 d
#980
b10000110100101 D
b10000110100101 d
#981
b10000010010110 D
b10000010010110 d
#982
b1111100100001 D
b1111100100001 d
#983
b1111000001101 D
b1111000001101 d
#984
b1110101011001 D
b1110101011001 d
#985
b1110011101110 D
b1110011101110 d
#986
b1110011101010 D
b1110011101010 d
#987
b1110110111011 D
b1110111111011 d
#988
b1111110010111 D
b1111110010111 d
#989
b1111110111110 D
b1111110111110 d
#990
b11111110111011 D
b1111110111011 d
#991
b10001100110111 D
b10001100110111 d
#992
b10001011110110 D
b10001011010110 d
#993
b10001111101010 D
b10001111100010 d
#994
b10001111111010 D
b10001101111010 d
#995
b10001011110010 D
b10001011110010 d
#996
b10001001001010 D
b10001001001010 d
#997
b10000100100011 D
b10000100100011 d
#998
b1111111101000 D
b1111111101000 d
#999
b1111011001110 D
b1111011001110 d
#1000
b1110110100001 D
b1110110100001 d
#1001
b1110100011011 D
b1110100011011 d
#1002
b1110011100011 D
b1110011100011 d
#1003
b1110100001010 D
b1110100001010 d
#1004
b1110111110000 D
b1110111110000 d
#1005
b1111100110110 D
b1111100110110 d
#1006
b10000001001000 D
b10000001001000 d
#1007
b10000110000100 D
b10000110000100 d
#1008
b10001001110100 D
b10001001110100 d
#1009
b10001100011111 D
b10001100011111 d
#1010
b10001100111100 D
b10001100111100 d
#1011
b10001010011011 D
b10001010011011 d
#1012
b10000111011000 D
b10000111011000 d
#1013
b10000010110010 D
b10000010110010 d
#1014
b1111101011001 D
b1111101011001 d
#1015
b1111000111111 D
b1111000111111 d
#1016
b1110101011110 D
b1110101011110 d
#1017
b1110010100110 D
b1110010100110 d
#1018
b1110011011010 D
b1110011011010 d
#1019
b1110101110001 D
b1110101110001 d
#1020
b1111010000011 D
b1111010000011 d
#1021
b1111110001101 D
b1111110001101 d
#1022
b10000010111101 D
b10111110111101 d
#1023
b10001010100111 D
b10001010110111 d
#1024
b10001011011111 D
b10001011011111 d
#1025
b10001111011111 D
b10001111011111 d
#1026
b10001111110110 D
b10001111110110 d
#1027
b10001011111101 D
b10001011111101 d
#1028
b10001101111111 D
b10001101111111 d
#1029
b10000101110111 D
b10000101110111 d
#1030
b10000000010101 D
b10000000000101 d
#1031
b1111010111100 D
b1111010111100 d
#1032
b1110111001101 D
b1110111001101 d
#1033
b1110100010111 D
b1110100010111 d
#1034
b1110011101111 D
b1110011101111 d
#1035
b1110100100110 D
b1110100100110 d
#1036
b1110110110111 D
b1110110110111 d
#1037
b1111011110100 D
b1111011110100 d
#1038
b10000001001100 D
b10000001001100 d
#1039
b10000101100111 D
b10000101100111 d
#1040
b10001010000101 D
b10001010000101 d
#1041
b10001011110100 D
b10001011110100 d
#1042
b10001011110110 D
b10001011110110 d
#1043
b10001011000101 D
b10001011000101 d
#1044
b10001000011100 D
b10001000011100 d
#1045
b10000011101111 D
b10000011101111 d
#1046
b1111101010100 D
b1111101010100 d
#1047
b1111000101011 D
b1111000101011 d
#1048
b1110101110111 D
b1110101110111 d
#1049
b1110100011010 D
b1110100011010 d
#1050
b1110011101010 D
b1110011101010 d
#1051
b1110101100001 D
b1110101100001 d
#1052
b1111000110111 D
b1111000110111 d
#1053
b1111101101001 D
b1111101101001 d
#1054
b10000011010100 D
b10000011010100 d
#1055
b10001000001101 D
b10001000001101 d
#1056
b10001011001010 D
b10001011001010 d
#1057
b10001100001011 D
b10001100001011 d
#1058
b10001011111111 D
b10001011111111 d
#1059
b10001010101111 D
#1060
b10001110001111 D
b10001110001111 d
#1061
b10000110111011 D
b10000110111011 d
#1062
b10111011111010 D
b10100000111010 d
#1063
b1111111101100 D
b1111111101100 d
#1064
b1110111111100 D
b1110111111100 d
#1065
b1110111011110 D
b1110111011110 d
#1066
b1110011011110 D
b1110011011110 d
#1067
b1110111110100 D
b1110011110100 d
#1068
b1110111000110 D
b1110111000110 d
#1069
b1111011011001 D
b1111011011001 d
#1070
b10000000010001 D
b10000000010001 d
#1071
b10000101011001 D
b10000101011001 d
#1072
b10001001011000 D
b10001001011000 d
#1073
b10001011011010 D
b10001011011010 d
#1074
b10001100010110 D
b10001100010110 d
#1075
b10001011011011 D
b10001011011011 d
#1076
b10001000001000 D
b10001000001000 d
#1077
b10000011100000 D
b10000011100000 d
#1078
b1111110110011 D
b1111110110011 d
#1079
b1111010001001 D
b1111010001001 d
#1080
b1110101011101 D
b1110101011101 d
#1081
b1110011010111 D
b1110011010111 d
#1082
b1110100100001 D
b1110100100001 d
#1083
b1110101011111 D
b1110101011111 d
#1084
b1111000011000 D
b1111000011000 d
#1085
b1111101000101 D
b1111101000101 d
#1086
b10000010101111 D
b10000010101111 d
#1087
b10000111001100 D
b10000111001100 d
#1088
b10001010110000 D
b10001010110000 d
#1089
b10001100011101 D
b10001100011101 d
#1090
b10001100011111 D
b10001100011111 d
#1091
b10001001101011 D
b10001001101011 d
#1092
b10000110011001 D
b10000110111001 d
#1093
b10000001101010 D
b10000001101011 d
#1094
b1111100101111 D
b11111101101111 d
#1095
b1111111100111 D
b1111111100111 d
#1096
b1110110100111 D
b1110111100111 d
#1097
b1110111100111 D
#1098
b1110111101101 D
b1110111101101 d
#1099
b1110110101101 D
b1110110101101 d
#1100
b1111110101110 D
b1111110101110 d
#1101
b1111111011110 D
b1111111011110 d
#1102
b1111111111001 D
b1111111111001 d
#1103
b10000100101100 D
b10000100101100 d
#1104
b10001001001101 D
b10001001001101 d
#1105
b10001011011101 D
b10001011011101 d
#1106
b10001100011100 D
b10001100011100 d
#1107
b10001011111110 D
b10001011111110 d
#1108
b10001000011110 D
b10001000011110 d
#1109
b10000011111110 D
b10000011111110 d
#1110
b1111111011100 D
b1111111011100 d
#1111
b1111010011001 D
b1111010011001 d
#1112
b1110101110110 D
b1110101110110 d
#1113
b1110100000101 D
b1110100000101 d
#1114
b1110011100101 D
b1110011100101 d
#1115
b1110100110101 D
b1110100110101 d
#1116
b1110111111101 D
b1110111111101 d
#1117
b1111100101110 D
b1111100101110 d
#1118
b10000001111000 D
b10000001111000 d
#1119
b10000110101001 D
b10000110101001 d
#1120
b10001011000100 D
b10001011000100 d
#1121
b10001100100111 D
b10001100100111 d
#1122
b10001011011001 D
b10001011011001 d
#1123
b10001010001010 D
b10001010001010 d
#1124
b10000110111110 D
b10000110111110 d
#1125
b10000010011110 D
b10000010011110 d
#1126
b1111100110111 D
b1111100110111 d
#1127
b1111000000000 D
b1111000000000 d
#1128
b1110100110010 D
b1110100110010 d
#1129
b1110011111010 D
b1110011111010 d
#1130
b1110100001110 D
b1110111011110 d
#1131
b1110110111111 D
b1110110111111 d
#1132
b1111111110111 D
b1111111110111 d
#1133
b1111101111101 D
b1111101111101 d
#1134
b1111101111111 D
b1111101111111 d
#1135
b10001101001111 D
b10001101001111 d
#1136
b10001011110111 D
b10001011110111 d
#1137
b10001111110110 D
b10001011110110 d
#1138
b10001101101101 D
b10001100101101 d
#1139
b10001011100011 D
b10001011100011 d
#1140
b10001000111101 D
b10001000111101 d
#1141
b10000101100001 D
b10000101100001 d
#1142
b1111111110110 D
b1111111110110 d
#1143
b1111010011010 D
b1111010011010 d
#1144
b1110110010010 D
b1110110010010 d
#1145
b1110011111110 D
b1110011111110 d
#1146
b1110011000001 D
b1110011000001 d
#1147
b1110101011000 D
b1110101011000 d
#1148
b1111000001110 D
b1111000001110 d
#1149
b1111011101111 D
b1111011101111 d
#1150
b10000001100100 D
b10000001100100 d
#1151
b10000110110010 D
b10000110110010 d
#1152
b10001010101100 D
b10001010101100 d
#1153
b10001100101011 D
b10001100101011 d
#1154
b10001011111100 D
b10001011111100 d
#1155
b10001010111110 D
b10001010111110 d
#1156
b10000111011011 D
b10000111011011 d
#1157
b10000010010001 D
b10000010010001 d
#1158
b1111101001001 D
b1111101001001 d
#1159
b1111000101001 D
b1111000101001 d
#1160
b1110110001001 D
b1110110001001 d
#1161
b1110011001111 D
b1110011001111 d
#1162
b1110011101000 D
b1110011101000 d
#1163
b1110101111011 D
b1110101111011 d
#1164
b1111010000001 D
b1111010101001 d
#1165
b1111110111011 D
b1111110111011 d
#1166
b10111011111011 D
b11111111111011 d
#1167
b10001011011111 D
b10001011011111 d
#1168
b10001011101111 D
b10001011101111 d
#1169
b10001111101111 D
b10001111101111 d
#1170
b10001101011111 D
b10001101011111 d
#1172
b10001101011110 d
#1173
b10000100011111 D
b10000100011111 d
#1174
b10000000001011 D
b10000000001011 d
#1175
b1111011111001 D
b1111011111001 d
#1176
b1110110111000 D
b1110110111000 d
#1177
b1110100010110 D
b1110100010110 d
#1178
b1110010110100 D
b1110010110100 d
#1179
b1110100010010 D
b1110100010010 d
#1180
b1111000110010 D
b1111000110010 d
#1181
b1111100010110 D
b1111100010110 d
#1182
b10000000011101 D
b10000000011101 d
#1183
b10000101001101 D
b10000101001101 d
#1184
b10001001101001 D
b10001001101001 d
#1185
b10001100111010 D
b10001100111010 d
#1186
b10001101000001 D
b10001101000001 d
#1187
b10001010101010 D
b10001010101010 d
#1188
b10000111001100 D
b10000111001100 d
#1189
b10000011001111 D
b10000011001111 d
#1190
b1111110001011 D
b1111110001011 d
#1191
b1111001100101 D
b1111001100101 d
#1192
b1110101101001 D
b1110101101001 d
#1193
b1110010111100 D
b1110010111100 d
#1194
b1110011100010 D
b1110011100010 d
#1195
b1110110101011 D
b1110110101011 d
#1196
b1111001110110 D
b1111001110110 d
#1197
b1111101000111 D
b1111101000111 d
#1198
b10000011000100 D
b10000011000100 d
#1199
b10001000010010 D
b10001000010010 d
#1200
b10001011010100 D
b10001011010100 d
#1201
b10001100101011 D
b10001111111111 d
#1202
b10001011101011 D
b10001111101011 d
#1203
b10001011110111 D
b10001011110111 d
#1204
b10001111011101 D
b10001111011101 d
#1205
b10000110011111 D
b10000110011111 d
#1206
b10000000010010 D
b10000000010010 d
#1207
b1111111011101 D
b1111011011101 d
#1208
b1110111011101 D
b1110111010100 d
#1209
b1110111001101 D
b1110100001101 d
#1210
b1110011100101 D
b1110011100101 d
#1211
b1110100101111 D
b1110100101111 d
#1212
b1110110111000 D
b1110110111000 d
#1213
b1111011010101 D
b1111011010101 d
#1214
b10000000100011 D
b10000000100011 d
#1215
b10000101110010 D
b10000101110010 d
#1216
b10001001110111 D
b10001001110111 d
#1217
b10001011101100 D
b10001011101100 d
#1218
b10001100110110 D
b10001100110110 d
#1219
b10001011010011 D
b10001011010011 d
#1220
b10000111011100 D
b10000111011100 d
#1221
b10000011100110 D
b10000011100110 d
#1222
b1111110110000 D
b1111110110000 d
#1223
b1111001110110 D
b1111001110110 d
#1224
b1110101101101 D
b1110101101101 d
#1225
b1110011100001 D
b1110011100001 d
#1226
b1110100000011 D
b1110100000011 d
#1227
b1110101001101 D
b1110101001101 d
#1228
b1111000111110 D
b1111000111110 d
#1229
b1111101110110 D
b1111101110110 d
#1230
b10000010111010 D
b10000010111010 d
#1231
b10000111001101 D
b10000111001101 d
#1232
b10001010110010 D
b10001010110010 d
#1233
b10001100101000 D
b10001100101000 d
#1234
b10001100110001 D
b10001100110001 d
#1235
b10001001111100 D
b10001001111100 d
#1236
b10000101101011 D
b10000101101011 d
#1237
b10000001101111 D
b10000001101111 d
#1238
b1111100011111 D
b11111101011111 d
#1239
b1111111111011 D
b1111111111011 d
#1240
b1110111111111 D
b1110111111111 d
#1241
b1110111011111 D
b1110111011111 d
#1242
b1110111010110 D
b1110111010110 d
#1243
b1110110100111 D
b1110110100111 d
#1244
b1111111100101 D
b1110111100101 d
#1245
b1111111010101 D
b1111111000101 d
#1246
b1111111111101 D
b1111111111101 d
#1247
b10000100100001 D
b10000100100001 d
#1248
b10001001001011 D
b10001001001011 d
#1249
b10001011110001 D
b10001011110001 d
#1250
b10001100010100 D
b10001100010100 d
#1251
b10001011011100 D
b10001011011100 d
#1252
b10001000110110 D
b10001000110110 d
#1253
b10000011111100 D
b10000011111100 d
#1254
b1111111000110 D
b1111111000110 d
#1255
b1111010000000 D
b1111010000000 d
#1256
b1110110000111 D
b1110110000111 d
#1257
b1110100010100 D
b1110100010100 d
#1258
b1110011010111 D
b1110011010111 d
#1259
b1110100110001 D
b1110100110001 d
#1260
b1111000011010 D
b1111000011010 d
#1261
b1111101000100 D
b1111101000100 d
#1262
b10000001111010 D
b10000001111010 d
#1263
b10000110101101 D
b10000110101101 d
#1264
b10001010111110 D
b10001010111110 d
#1265
b10001100011111 D
b10001100011111 d
#1266
b10001011111100 D
b10001011111100 d
#1267
b10001010001110 D
b10001010001110 d
#1268
b10000110111000 D
b10000110111000 d
#1269
b10000010010111 D
b10000010010111 d
#1270
b1111100011111 D
b1111100011111 d
#1271
b1110111101011 D
b1110111101011 d
#1272
b1110100111100 D
b1110100111100 d
#1273
b1110011111000 D
b1110111111100 d
#1274
b1110110011000 D
b1110111011000 d
#1275
b1110110010001 D
b1110110010001 d
#1276
b1111110110001 D
b1111110110001 d
#1277
b11111010110001 D
b11111010110001 d
#1278
b10000101010101 D
b10000101010101 d
#1279
b10001101010111 D
b10001101010111 d
#1280
b10001011010011 D
b10001011010011 d
#1281
b10001011100011 D
b10001011100011 d
#1282
b10001011000001 D
b10001011000001 d
#1283
b10001011010011 D
b10001011010011 d
#1284
b10001000110010 D
b10001000110010 d
#1285
b10000100111001 D
b10000100111001 d
#1286
b1111111011000 D
b1111111011000 d
#1287
b1111010100010 D
b1111010100010 d
#1288
b1110110110100 D
b1110110110100 d
#1289
b1110011010000 D
b1110011010000 d
#1290
b1110010111110 D
b1110010111110 d
#1291
b1110101101100 D
b1110101101100 d
#1292
b1111000100100 D
b1111000100100 d
#1293
b1111100000001 D
b1111100000001 d
#1294
b10000000110101 D
b10000000110101 d
#1295
b10000110100011 D
b10000110100011 d
#1296
b10001011010101 D
b10001011010101 d
#1297
b10001100010100 D
b10001100010100 d
#1298
b10001011001111 D
b10001011001111 d
#1299
b10001010010001 D
b10001010010001 d
#1300
b10000111100110 D
b10000111100110 d
#1301
b10000011000001 D
b10000011000001 d
#1302
b1111101011110 D
b1111101011110 d
#1303
b1111000000110 D
b1111000000110 d
#1304
b1110101000111 D
b1110101000111 d
#1305
b1110011010000 D
b1110011010000 d
#1306
b1110100011000 D
b1110100011000 d
#1307
b1110111000101 D
b1110111000101 d
#1308
b1111001010100 D
b1111001010101 d
#1309
b1111101100110 D
b1111101110110 d
#1310
b11111100100111 D
b11111101100111 d
#1311
b10001100100001 D
b10001100100001 d
#1312
b10001011110101 D
b10001011110101 d
#1313
b10001111110101 D
b10001111110101 d
#1314
b10001111111001 D
b10001111111001 d
#1315
b10001011101101 D
b10001011101101 d
#1316
b10001101010101 D
b10001101010101 d
#1317
b10000101011100 D
b10000101011100 d
#1318
b10000000001001 D
b10000000001001 d
#1319
b1111010101010 D
b1111010101010 d
#1320
b1110110101001 D
b1110110101001 d
#1321
b1110100101101 D
b1110100101101 d
#1322
b1110011100111 D
b1110011100111 d
#1323
b1110100100101 D
b1110100100101 d
#1324
b1110111111101 D
b1110111111101 d
#1325
b1111100000101 D
b1111100000101 d
#1326
b10000001000011 D
b10000001000011 d
#1327
b10000110000010 D
b10000110000010 d
#1328
b10001001100011 D
b10001001100011 d
#1329
b10001100001101 D
b10001100001101 d
#1330
b10001100111100 D
b10001100111100 d
#1331
b10001010101010 D
b10001010101010 d
#1332
b10000111100011 D
b10000111100011 d
#1333
b10000010101100 D
b10000010101100 d
#1334
b1111101101011 D
b1111101101011 d
#1335
b1111001011011 D
b1111001011011 d
#1336
b1110101001110 D
b1110101001110 d
#1337
b1110011110010 D
b1110011110010 d
#1338
b1110100101100 D
b1110100101100 d
#1339
b1110101110001 D
b1110101110001 d
#1340
b1111000111000 D
b1111000111000 d
#1341
b1111110010001 D
b1111110010001 d
#1342
b10000011000010 D
b10000011000010 d
#1343
b10001000011000 D
b10001000011000 d
#1344
b10001010111001 D
b10001010111001 d
#1345
b10001100101011 D
b10001110111011 d
#1346
b10001100111010 D
b10001100111010 d
#1347
b10001101111110 D
b10001101111110 d
#1348
b10001101011110 D
b10001101011110 d
#1349
b10000101011110 D
b10000101011110 d
#1350
b10000001001100 D
b10000001001100 d
#1351
b1111100010011 D
b1111100010011 d
#1352
b1110110101110 D
b1110110101010 d
#1353
b1110101000110 D
b1110100000110 d
#1354
b1110011101000 D
b1110011101000 d
#1355
b1110100110000 D
b1110100110000 d
#1356
b1110111011011 D
b1110111011011 d
#1357
b1111011101011 D
b1111011101011 d
#1358
b10000000011101 D
b10000000011101 d
#1359
b10000101000101 D
b10000101000101 d
#1360
b10001001011110 D
b10001001011110 d
#1361
b10001100011010 D
b10001100011010 d
#1362
b10001101000001 D
b10001101000001 d
#1363
b10001011000111 D
b10001011000111 d
#1364
b10000111001000 D
b10000111001000 d
#1365
b10000011100010 D
b10000011100010 d
#1366
b1111111010010 D
b1111111010010 d
#1367
b1111001100101 D
b1111001100101 d
#1368
b1110101011111 D
b1110101011111 d
#1369
b1110011000000 D
b1110011000000 d
#1370
b1110100000111 D
b1110100000111 d
#1371
b1110110001110 D
b1110110001110 d
#1372
b1111000111010 D
b1111000111010 d
#1373
b1111101001001 D
b1111101001001 d
#1374
b10000010111101 D
b10000010111101 d
#1375
b10000111001111 D
b10000111001111 d
#1376
b10001010111010 D
b10001010111010 d
#1377
b10001101000010 D
b10001101000010 d
#1378
b10001100001111 D
b10001100001111 d
#1379
b10001010000000 D
b10001010001000 d
#1380
b10000101101000 D
b10001111101000 d
#1381
b10000001101001 D
b10000101101001 d
#1382
b11111101100011 D
b11111101100011 d
#1383
b1111111101011 D
b1111111101011 d
#1384
b1110111101010 D
b1110111101010 d
#1385
b1110111001010 D
b1110111001010 d
#1386
b1110111001011 D
b1110111001011 d
#1387
b1110111011111 D
b1110111011111 d
#1388
b1110111010111 D
b1110111010111 d
#1389
b1111011111011 D
b1111010111011 d
#1390
b1111111100111 D
b1111111100111 d
#1391
b10000100100101 D
b10000100100101 d
#1392
b10001001001110 D
b10001001001110 d
#1393
b10001100001111 D
b10001100001111 d
#1394
b10001100111100 D
b10001100111100 d
#1395
b10001011010001 D
b10001011010001 d
#1396
b10001000001010 D
b10001000001010 d
#1397
b10000011111001 D
b10000011111001 d
#1398
b1111110100111 D
b1111110100111 d
#1399
b1111010011101 D
b1111010011101 d
#1400
b1110110001010 D
b1110110001010 d
#1401
b1110011101101 D
b1110011101101 d
#1402
b1110011010101 D
b1110011010101 d
#1403
b1110100110111 D
b1110100110111 d
#1404
b1111001001001 D
b1111001001001 d
#1405
b1111101100111 D
b1111101100111 d
#1406
b10000001100101 D
b10000001100101 d
#1407
b10000110011110 D
b10000110011110 d
#1408
b10001011001100 D
b10001011001100 d
#1409
b10001100100001 D
b10001100100001 d
#1410
b10001100001111 D
b10001100001111 d
#1411
b10001010001001 D
b10001010001001 d
#1412
b10000110101100 D
b10000110101100 d
#1413
b10000001011100 D
b10000001011100 d
#1414
b1111011110100 D
b1111011110100 d
#1415
b1111000110010 D
b1111000110010 d
#1416
b1110101111011 D
b1111101111011 d
#1417
b1110011111011 D
b1110111111011 d
#1418
b1110011111110 D
b1110011111110 d
#1419
b1110111101111 D
b1110111101111 d
#1420
b1111110111101 D
b1111110111101 d
#1421
b1111111110111 D
b1111111110111 d
#1422
b1111111100110 D
b1111111100110 d
#1423
b10001100111111 D
b10000100110111 d
#1424
b10001011111111 D
b10001000111111 d
#1425
b10001011010111 D
b10001011010111 d
#1426
b10001100010000 D
b10001100010000 d
#1427
b10001100011000 D
b10001100011000 d
#1428
b10001000111100 D
b10001000111100 d
#1429
b10000011100001 D
b10000011100001 d
#1430
b1111110111010 D
b1111110111010 d
#1431
b1111010101100 D
b1111010101100 d
#1432
b1110111000001 D
b1110111000001 d
#1433
b1110011110001 D
b1110011110001 d
#1434
b1110010111000 D
b1110010111000 d
#1435
b1110100110111 D
b1110100110111 d
#1436
b1111000101001 D
b1111000101001 d
#1437
b1111100111101 D
b1111100111101 d
#1438
b10000001110101 D
b10000001110101 d
#1439
b10000110001011 D
b10000110001011 d
#1440
b10001001111001 D
b10001001111001 d
#1441
b10001100100111 D
b10001100100111 d
#1442
b10001100101010 D
b10001100101010 d
#1443
b10001010110111 D
b10001010110111 d
#1444
b10000110100000 D
b10000110100000 d
#1445
b10000001100010 D
b10000001100010 d
#1446
b1111101011100 D
b1111101011100 d
#1447
b1111000111100 D
b1111000111100 d
#1448
b1110101000011 D
b1110101000011 d
#1449
b1110010101111 D
b1110010101111 d
#1450
b1110100001101 D
b1110100001101 d
#1451
b1110110101111 D
b1110110101111 d
#1452
b1111010111011 D
b1111110111111 d
#1453
b1111111011010 D
b1111111011010 d
#1454
b11111111110111 D
b11111111110111 d
#1455
b10000111111111 D
b10000111111111 d
#1456
b10001111111111 D
b10001111111111 d
#1457
b10001111011111 D
b10001111011111 d
#1458
b10001111111100 D
b10001111011100 d
#1459
b10001011111100 D
b10001011111100 d
#1460
b10001100101000 D
b10001000101000 d
#1461
b10000100100100 D
b10000100100100 d
#1462
b10000000000000 D
b10000000000000 d
#1463
b1111011000111 D
b1111011000111 d
#1464
b1110110010111 D
b1110110010111 d
#1465
b1110100001101 D
b1110100001101 d
#1466
b1110011100000 D
b1110011100000 d
#1467
b1110100100011 D
b1110100100011 d
#1468
b1110111111010 D
b1110111111010 d
#1469
b1111011111111 D
b1111011111111 d
#1470
b10000001001101 D
b10000001001101 d
#1471
b10000110001001 D
b10000110001001 d
#1472
b10001010000110 D
b10001010000110 d
#1473
b10001100101000 D
b10001100101000 d
#1474
b10001100101100 D
b10001100101100 d
#1475
b10001010110110 D
b10001010110110 d
#1476
b10000110111011 D
b10000110111011 d
#1477
b10000011000000 D
b10000011000000 d
#1478
b1111101100001 D
b1111101100001 d
#1479
b1111000100001 D
b1111000100001 d
#1480
b1110110000111 D
b1110110000111 d
#1481
b1110011101010 D
b1110011101010 d
#1482
b1110011101011 D
b1110011101011 d
#1483
b1110110000011 D
b1110110000011 d
#1484
b1111001010010 D
b1111001010010 d
#1485
b1111110010000 D
b1111110010000 d
#1486
b10000100000011 D
b10000100000011 d
#1487
b10001000000100 D
b10001000000111 d
#1488
b10001010101011 D
b10001010101111 d
#1489
b10001110111011 D
b10001110111011 d
#1490
b10001100011101 D
b10001100011101 d
#1491
b10001101110101 D
b10001101110101 d
#1493
b10000100111100 D
b10000100111100 d
#1494
b10111011011100 D
b10000000011100 d
#1495
b1111111010000 D
b1111011010000 d
#1496
b1110111000011 D
b1110111000011 d
#1497
b1110101011001 D
b1110101011001 d
#1498
b1110011101001 D
b1110011101001 d
#1499
b1110100000101 D
b1110100000101 d
#1500
b1110111100110 D
b1110111100110 d
#1501
b1111011110101 D
b1111011110101 d
#1502
b10000000111000 D
b10000000111000 d
#1503
b10000101010000 D
b10000101010000 d
#1504
b10001001100111 D
b10001001100111 d
#1505
b10001100101111 D
b10001100101111 d
#1506
b10001100101001 D
b10001100101001 d
#1507
b10001010110010 D
b10001010110010 d
#1508
b10001000000111 D
b10001000000111 d
#1509
b10000011001011 D
b10000011001011 d
#1510
b1111110010101 D
b1111110010101 d
#1511
b1111001011010 D
b1111001011010 d
#1512
b1110101011011 D
b1110101011011 d
#1513
b1110100001111 D
b1110100001111 d
#1514
b1110100000000 D
b1110100000000 d
#1515
b1110101011100 D
b1110101011100 d
#1516
b1111001011000 D
b1111001011000 d
#1517
b1111101100011 D
b1111101100011 d
#1518
b10000010110010 D
b10000010110010 d
#1519
b10000111101011 D
b10000111101011 d
#1520
b10001011001011 D
b10001011001011 d
#1521
b10001101001001 D
b10001101001001 d
#1522
b10001011110010 D
b10001011111010 d
#1523
b10001001100000 D
b10001001100010 d
#1524
b10001110101100 D
b10001111101100 d
#1525
b10000110111101 D
b10000110111101 d
#1526
b11111100110101 D
b11111100110101 d
#1527
b1111111011111 D
b1111111011111 d
#1528
b1110111011101 D
b1110111011101 d
#1530
b1110111010111 D
b1110111010111 d
#1531
b1110110010111 D
b1110100010111 d
#1532
b1110111111101 D
b1110110111101 d
#1533
b1111011101111 D
b1111011101111 d
#1534
b10000000001100 D
b10000000001100 d
#1535
b10000100100101 D
b10000100100101 d
#1536
b10001001011010 D
b10001001011010 d
#1537
b10001100011010 D
b10001100011010 d
#1538
b10001100111011 D
b10001100111011 d
#1539
b10001011000100 D
b10001011000100 d
#1540
b10000111110101 D
b10000111110101 d
#1541
b10000011110010 D
b10000011110010 d
#1542
b1111110011100 D
b1111110011100 d
#1543
b1111001111011 D
b1111001111011 d
#1544
b1110110011010 D
b1110110011010 d
#1545
b1110011001101 D
b1110011001101 d
#1546
b1110011000011 D
b1110011000011 d
#1547
b1110101011100 D
b1110101011100 d
#1548
b1111001010010 D
b1111001010010 d
#1549
b1111101101000 D
b1111101101000 d
#1550
b10000001001011 D
b10000001001011 d
#1551
b10000110100100 D
b10000110100100 d
#1552
b10001011001001 D
b10001011001001 d
#1553
b10001100111000 D
b10001100111000 d
#1554
b10001100010111 D
b10001100010111 d
#1555
b10001001100000 D
b10001001100000 d
#1556
b10000101111101 D
b10000101111101 d
#1557
b10000001110011 D
b10000001110011 d
#1558
b1111100101000 D
b1111100101011 d
#1559
b1111000101110 D
b1111100101110 d
#1560
b1111100100111 D
b1111100100111 d
#1561
b1110111100111 D
b1110111100111 d
#1562
b1110111001010 D
b1110111001010 d
#1563
b1110111011111 D
b1110111011111 d
#1565
b1111110111111 D
b1111110111111 d
#1567
b10000101011110 D
b10000100011110 d
#1568
b10001001000100 D
b10001001000100 d
#1569
b10001100000101 D
b10001100000101 d
#1570
b10001100111100 D
b10001100111100 d
#1571
b10001011010000 D
b10001011010000 d
#1572
b10001000010100 D
b10001000010100 d
#1573
b10000011111101 D
b10000011111101 d
#1574
b1111111000110 D
b1111111000110 d
#1575
b1111010101111 D
b1111010101111 d
#1576
b1110101101101 D
b1110101101101 d
#1577
b1110011101001 D
b1110011101001 d
#1578
b1110011110101 D
b1110011110101 d
#1579
b1110101000101 D
b1110101000101 d
#1580
b1111000010010 D
b1111000010010 d
#1581
b1111100010111 D
b1111100010111 d
#1582
b10000001100110 D
b10000001100110 d
#1583
b10000110111111 D
b10000110111111 d
#1584
b10001010110011 D
b10001010110011 d
#1585
b10001100001111 D
b10001100001111 d
#1586
b10001100011001 D
b10001100011001 d
#1587
b10001010100101 D
b10001010100101 d
#1588
b10000110101110 D
b10000110101110 d
#1589
b10000001110010 D
b10000001110010 d
#1590
b1111100111011 D
b1111100111011 d
#1591
b1110111111000 D
b1110111111000 d
#1592
b1110101000100 D
b1110101000100 d
#1593
b1110011101011 D
b1110011101011 d
#1594
b1110011110011 D
b1110011111011 d
#1595
b1110101111101 D
b1110111111111 d
#1596
b1111110111111 D
b1111111111111 d
#1597
b1111111001111 D
b1111111001111 d
#1598
b11111111001111 D
b11111111001111 d
#1599
b10001100010101 D
b10001100010101 d
#1600
b10001010111100 D
b10001010111100 d
#1601
b10001111111101 D
b10001111111100 d
#1602
b10001101101101 D
b10001101100101 d
#1603
b10001100101101 D
b10001100101101 d
#1604
b10001000000110 D
b10001000000110 d
#1605
b10000100111011 D
b10000100111011 d
#1606
b10000000000110 D
b10000000000110 d
#1607
b1111011000000 D
b1111011000000 d
#1608
b1110110101000 D
b1110110101000 d
#1609
b1110100001000 D
b1110100001000 d
#1610
b1110011000100 D
b1110011000100 d
#1611
b1110100100100 D
b1110100100100 d
#1612
b1111000011010 D
b1111000011010 d
#1613
b1111100110110 D
b1111100110110 d
#1614
b10000001100000 D
b10000001100000 d
#1615
b10000101001110 D
b10000101001110 d
#1616
b10001001111100 D
b10001001111100 d
#1617
b10001101000101 D
b10001101000101 d
#1618
b10001101010000 D
b10001101010000 d
#1619
b10001010110001 D
b10001010110001 d
#1620
b10000110100001 D
b10000110100001 d
#1621
b10000010001100 D
b10000010001100 d
#1622
b1111110000011 D
b1111110000011 d
#1623
b1111001010010 D
b1111001010010 d
#1624
b1110101001100 D
b1110101001100 d
#1625
b1110010101011 D
b1110010101011 d
#1626
b1110100000111 D
b1110100000111 d
#1627
b1110101111111 D
b1110101111111 d
#1628
b1111001111000 D
b1111001111000 d
#1629
b1111111000010 D
b1111111100010 d
#1630
b10000011110100 D
b10111011110110 d
#1631
b10000111101011 D
b10000111111111 d
#1632
b10001110111111 D
b10001111111111 d
#1633
b10001111111111 D
#1634
b10001101011011 D
b10001101011011 d
#1635
b10001101101011 D
b10001101101011 d
#1636
b10001101110110 D
b10001101110110 d
#1637
b10100100110110 D
b10000100110110 d
#1638
b1111111101100 D
b1111111101100 d
#1639
b1111011100111 D
b1111011100111 d
#1640
b1110110111111 D
b1110110111111 d
#1641
b1110100110010 D
b1110100110010 d
#1642
b1110011001100 D
b1110011001100 d
#1643
b1110100000001 D
b1110100000001 d
#1644
b1111000000001 D
b1111000000001 d
#1645
b1111011111110 D
b1111011111110 d
#1646
b10000000011000 D
b10000000011000 d
#1647
b10000101110010 D
b10000101110010 d
#1648
b10001001111110 D
b10001001111110 d
#1649
b10001011101101 D
b10001011101101 d
#1650
b10001100100001 D
b10001100100001 d
#1651
b10001011011010 D
b10001011011010 d
#1652
b10000111101001 D
b10000111101001 d
#1653
b10000010111010 D
b10000010111010 d
#1654
b1111101010110 D
b1111101010110 d
#1655
b1111001010110 D
b1111001010110 d
#1656
b1110110000101 D
b1110110000101 d
#1657
b1110011001001 D
b1110011001001 d
#1658
b1110011101001 D
b1110011101001 d
#1659
b1110101110111 D
b1110101110111 d
#1660
b1111001011000 D
b1111001011000 d
#1661
b1111101101011 D
b1111101101011 d
#1662
b10000011000011 D
b10000011000011 d
#1663
b10001000001111 D
b10001000001111 d
#1664
b10001010111111 D
b10001010111111 d
#1665
b10001100010101 D
b10001100110101 d
#1666
b10001100101001 D
b10001100101001 d
#1667
b10001001111111 D
b10001101111111 d
#1668
b10001101111111 D
#1669
b10000101111111 D
b10000101111111 d
#1670
b10110001101010 D
b10110000101010 d
#1671
b1111111010011 D
b1111111010011 d
#1672
b1110111101011 D
b1110111101011 d
#1673
b1110111011111 D
b1110101011011 d
#1674
b1110011110111 D
b1110011110111 d
#1675
b1110111111010 D
b1110011111010 d
#1676
b1110111001010 D
b1110111001010 d
#1677
b1111011011000 D
b1111011011000 d
#1678
b10000000010101 D
b10000000010101 d
#1679
b10000100111011 D
b10000100111011 d
#1680
b10001001101101 D
b10001001101101 d
#1681
b10001100010000 D
b10001100010000 d
#1683
b10001011111100 D
b10001011111100 d
#1684
b10001001001100 D
b10001001001100 d
#1685
b10000011011001 D
b10000011011001 d
#1686
b1111110001001 D
b1111110001001 d
#1687
b1111001010110 D
b1111001010110 d
#1688
b1110110100011 D
b1110110100011 d
#1689
b1110100001110 D
b1110100001110 d
#1690
b1110011010010 D
b1110011010010 d
#1691
b1110101010100 D
b1110101010100 d
#1692
b1111000101010 D
b1111000101010 d
#1693
b1111101101001 D
b1111101101001 d
#1694
b10000011000010 D
b10000011000010 d
#1695
b10000110110111 D
b10000110110111 d
#1696
b10001010101010 D
b10001010101010 d
#1697
b10001101010111 D
b10001101010111 d
#1698
b10001100001111 D
b10001100001111 d
#1699
b10001001110101 D
b10001001110101 d
#1700
b10000110100000 D
b10000110100000 d
#1701
b10000000110111 D
b10000000110111 d
#1702
b1111011110111 D
b1111011110111 d
#1703
b1111010111111 D
b1111011111111 d
#1704
b1111100111111 D
b1111100111111 d
#1705
b1110111110111 D
b1110111110111 d
#1706
b1110011111110 D
b1110011111110 d
#1707
b1110111111010 D
b1110111111010 d
#1708
b1111111010011 D
b1111111010011 d
#1709
b1111011000011 D
b1111011000011 d
#1710
b10000101001101 D
b10000000001001 d
#1711
b10000101001111 D
b10000101001111 d
#1712
b10001000100110 D
b10001000100110 d
#1713
b10001011011101 D
b10001011011101 d
#1714
b10001101010110 D
b10001101010110 d
#1715
b10001011110101 D
b10001011110101 d
#1716
b10000111111011 D
b10000111111011 d
#1717
b10000011011101 D
b10000011011101 d
#1718
b1111111100001 D
b1111111100001 d
#1719
b1111010011111 D
b1111010011111 d
#1720
b1110101111011 D
b1110101111011 d
#1721
b1110011000101 D
b1110011000101 d
#1722
b1110011110101 D
b1110011110101 d
#1723
b1110101011001 D
b1110101011001 d
#1724
b1111000110101 D
b1111000110101 d
#1725
b1111100101010 D
b1111100101010 d
#1726
b10000001110101 D
b10000001110101 d
#1727
b10000110011111 D
b10000110011111 d
#1728
b10001010101001 D
b10001010101001 d
#1729
b10001100011000 D
b10001100011000 d
#1730
b10001100001110 D
b10001100001110 d
#1731
b10001010001101 D
b10001010001101 d
#1732
b10000111001111 D
b10000111001111 d
#1733
b10000010011011 D
b10000010011011 d
#1734
b1111100111001 D
b1111100111001 d
#1735
b1111000011110 D
b1111000011110 d
#1736
b1110100010111 D
b1110100010111 d
#1737
b1110011001001 D
b1110011001001 d
#1738
b1110100101001 D
b1110110101001 d
#1739
b1110101101001 D
b1110101101001 d
#1740
b1111101101111 D
b1111101101111 d
#1741
b1111111101110 D
b1111111101110 d
#1742
b11111111010011 D
b1111111010011 d
#1743
b10001100110011 D
b10001100110011 d
#1744
b10001011111010 D
b10001011111010 d
#1745
b10001111011110 D
b10001111011110 d
#1746
b10001111101110 D
b10001100101110 d
#1747
b10001011110011 D
b10001011110011 d
#1748
b10001000100011 D
b10001000100011 d
#1749
b10000100111100 D
b10000100111100 d
#1750
b1111111111000 D
b1111111111000 d
#1751
b1111010100111 D
b1111010100111 d
#1752
b1110110011111 D
b1110110011111 d
#1753
b1110100010101 D
b1110100010101 d
#1754
b1110011010010 D
b1110011010010 d
#1755
b1110100100000 D
b1110100100000 d
#1756
b1111000010100 D
b1111000010100 d
#1757
b1111101001100 D
b1111101001100 d
#1758
b10000001010011 D
b10000001010011 d
#1759
b10000101110101 D
b10000101110101 d
#1760
b10001010100011 D
b10001010100011 d
#1761
b10001100100001 D
b10001100100001 d
#1762
b10001100011011 D
b10001100011011 d
#1763
b10001010111001 D
b10001010111001 d
#1764
b10000110110010 D
b10000110110010 d
#1765
b10000010001000 D
b10000010001000 d
#1766
b1111101011101 D
b1111101011101 d
#1767
b1111000101100 D
b1111000101100 d
#1768
b1110101010100 D
b1110101010100 d
#1769
b1110011100000 D
b1110011100000 d
#1770
b1110011101111 D
b1110011101111 d
#1771
b1110110000110 D
b1110110000110 d
#1772
b1111010100001 D
b1111010100001 d
#1773
b1111110100111 D
b1111110100111 d
#1774
b10010011101011 D
b11111111101111 d
#1775
b10001010001011 D
b10001011001011 d
#1776
b10001011011110 D
b10001011011110 d
#1777
b10001111011111 D
b10001111011111 d
#1778
b10001111111111 D
b10001111111111 d
#1779
b10001011111111 D
b10001011111111 d
#1780
b10001101001111 D
b10001101001111 d
#1781
b10000101000101 D
b10000101000101 d
#1782
b1111111111000 D
b1111111111000 d
#1783
b1111010111100 D
b1111010111100 d
#1784
b1110111011110 D
b1110111011110 d
#1785
b1110100001100 D
b1110100001100 d
#1786
b1110010110100 D
b1110010110100 d
#1787
b1110100100010 D
b1110100100010 d
#1788
b1110111110111 D
b1110111110111 d
#1789
b1111100010101 D
b1111100010101 d
#1790
b10000001001010 D
b10000001001010 d
#1791
b10000101000011 D
b10000101000011 d
#1792
b10001001100101 D
b10001001100101 d
#1793
b10001100001111 D
b10001100001111 d
#1794
b10001100111100 D
b10001100111100 d
#1795
b10001011001010 D
b10001011001010 d
#1796
b10000111011100 D
b10000111011100 d
#1797
b10000010101111 D
b10000010101111 d
#1798
b1111101010010 D
b1111101010010 d
#1799
b1111001010111 D
b1111001010111 d
#1800
b1110110001010 D
b1110110001010 d
#1801
b1110011001010 D
b1110011001010 d
#1802
b1110011000111 D
b1110011000111 d
#1803
b1110101110100 D
b1110101110100 d
#1804
b1111001011100 D
b1111001011100 d
#1805
b1111110100011 D
b1111110100011 d
#1806
b10000011101110 D
b10000011101110 d
#1807
b10000111001100 D
b10000111001100 d
#1808
b10001010111011 D
b10001010111011 d
#1809
b10001100110011 D
b10001100111011 d
#1810
b10001101100011 D
b10001101110011 d
#1811
b10001101101101 D
b10001101101101 d
#1812
b10001101101100 D
b10001101101100 d
#1813
b10000100111101 D
b10000100111101 d
#1814
b10111011111001 D
b10111011111001 d
#1815
b1111111111001 D
b1111111111001 d
#1816
b1110111011001 D
b1110111011001 d
#1817
b1110110001100 D
b1110100001000 d
#1818
b1110010100100 D
b1110010100100 d
#1819
b1110100010111 D
b1110100010111 d
#1820
b1110111101111 D
b1110111101111 d
#1821
b1111011101010 D
b1111011101010 d
#1822
b10000000001010 D
b10000000001010 d
#1823
b10000101001001 D
b10000101001001 d
#1824
b10001001001100 D
b10001001001100 d
#1825
b10001100101010 D
b10001100101010 d
#1826
b10001101000001 D
b10001101000001 d
#1827
b10001011000000 D
b10001011000000 d
#1828
b10000111100111 D
b10000111100111 d
#1829
b10000010111011 D
b10000010111011 d
#1830
b1111110110010 D
b1111110110010 d
#1831
b1111010000010 D
b1111010000010 d
#1832
b1110101110010 D
b1110101110010 d
#1833
b1110011010110 D
b1110011010110 d
#1834
b1110011011001 D
b1110011011001 d
#1835
b1110101101101 D
b1110101101101 d
#1836
b1111001001110 D
b1111001001110 d
#1837
b1111101010000 D
b1111101010000 d
#1838
b10000010110001 D
b10000010110001 d
#1839
b10000111101101 D
b10000111101101 d
#1840
b10001010111000 D
b10001010111000 d
#1841
b10001100011101 D
b10001100011101 d
#1842
b10001100100010 D
b10001100100010 d
#1843
b10001001111100 D
b10001001111100 d
#1844
b10000101111100 D
b10000101111100 d
#1845
b10000000111101 D
b10000000111101 d
#1846
b1111100111101 D
b11111100111101 d
#1847
b1111111101111 D
b1111111101111 d
#1848
b1110111110111 D
b1110111110111 d
#1851
b1110110000100 D
b1110110000100 d
#1852
b1111111000110 D
b1111111000110 d
#1853
b1111011000010 D
b1111011000010 d
#1854
b10000000100101 D
b10000000100101 d
#1855
b10000101011110 D
b10000101011110 d
#1856
b10001000100110 D
b10001000100110 d
#1857
b10001010110010 D
b10001010110010 d
#1858
b10001101010001 D
b10001101010001 d
#1859
b10001100011001 D
b10001100011001 d
#1860
b10001000000001 D
b10001000000001 d
#1861
b10000011100010 D
b10000011100010 d
#1862
b1111110001011 D
b1111110001011 d
#1863
b1111010000011 D
b1111010000011 d
#1864
b1110110101111 D
b1110110101111 d
#1865
b1110011110001 D
b1110011110001 d
#1866
b1110011011001 D
b1110011011001 d
#1867
b1110100110010 D
b1110100110010 d
#1868
b1111000100000 D
b1111000100000 d
#1869
b1111101101110 D
b1111101101110 d
#1870
b10000011001001 D
b10000011001001 d
#1871
b10000110100000 D
b10000110100000 d
#1872
b10001001110000 D
b10001001110000 d
#1873
b10001100010011 D
b10001100010011 d
#1874
b10001100110000 D
b10001100110000 d
#1875
b10001011000101 D
b10001011000101 d
#1876
b10000101110100 D
b10000101110100 d
#1877
b10000001100001 D
b10000001100001 d
#1878
b1111100100101 D
b1111100100101 d
#1879
b1110111111101 D
b1110111111101 d
#1880
b1110101011000 D
b1110101111000 d
#1881
b1110011011101 D
b1110011011101 d
#1882
b1110011011111 D
b1110011011111 d
#1883
b1110110011111 D
b1110111011111 d
#1884
b1111110111011 D
b1111110111011 d
#1885
b1111111111010 D
b1111111111010 d
#1886
b1111111101010 D
b1111111101010 d
#1887
b10001100100101 D
b10001100100101 d
#1888
b10001011110101 D
b10001011110101 d
#1889
b10001111011001 D
b10001011011001 d
#1890
b10001101110011 D
b10001100110011 d
#1891
b10001011111111 D
b10001011111111 d
#1892
b10001000010010 D
b10001000010010 d
#1893
b10000100011110 D
b10000100011110 d
#1894
b1111111110010 D
b1111111110010 d
#1895
b1111010011000 D
b1111010011000 d
#1896
b1110101110110 D
b1110101110110 d
#1897
b1110100100100 D
b1110100100100 d
#1898
b1110011101000 D
b1110011101000 d
#1899
b1110100110100 D
b1110100110100 d
#1900
b1111000100010 D
b1111000100010 d
#1901
b1111100011001 D
b1111100011001 d
#1902
b10000001111010 D
b10000001111010 d
#1903
b10000110111100 D
b10000110111100 d
#1904
b10001010011100 D
b10001010011100 d
#1905
b10001100010001 D
b10001100010001 d
#1906
b10001100001001 D
b10001100001001 d
#1907
b10001010101100 D
b10001010101100 d
#1908
b10000111100000 D
b10000111100000 d
#1909
b10000001111010 D
b10000001111010 d
#1910
b1111101000001 D
b1111101000001 d
#1911
b1111000101000 D
b1111000101000 d
#1912
b1110101011000 D
b1110101011000 d
#1913
b1110011010010 D
b1110011010010 d
#1914
b1110100010101 D
b1110100010101 d
#1915
b1110110011001 D
b1110110011001 d
#1916
b1111001111110 D
b1111001111110 d
#1917
b1111110111011 D
b1111111111111 d
#1918
b11111111110111 D
b11111111110111 d
#1919
b10001011111110 D
b10001011111110 d
#1920
b10001011111111 D
b10001011111111 d
#1921
b10001111011111 D
b10001111011111 d
#1922
b10001111111011 D
b10001111111011 d
#1923
b10001011111101 D
b10001011111101 d
#1924
b10001101101101 D
b10001101101101 d
#1925
b10000101000101 D
b10000101000101 d
#1926
b1111110111110 D
b1111110111110 d
#1927
b1111010111011 D
b1111010111011 d
#1928
b1110111101001 D
b1110111101001 d
#1929
b1110100010110 D
b1110100010110 d
#1930
b1110010111110 D
b1110010111110 d
#1931
b1110100101111 D
b1110100101111 d
#1932
b1111000010010 D
b1111000010010 d
#1933
b1111100010011 D
b1111100010011 d
#1934
b10000000110110 D
b10000000110110 d
#1935
b10000101111010 D
b10000101111010 d
#1936
b10001010101100 D
b10001010101100 d
#1937
b10001011111101 D
b10001011111101 d
#1939
b10001011001110 D
b10001011001110 d
#1940
b10000111101000 D
b10000111101000 d
#1941
b10000010101101 D
b10000010101101 d
#1942
b1111101011100 D
b1111101011100 d
#1943
b1111000111001 D
b1111000111001 d
#1944
b1110101011000 D
b1110101011000 d
#1945
b1110011100100 D
b1110011100100 d
#1946
b1110100001100 D
b1110100001100 d
#1947
b1110101111100 D
b1110101111100 d
#1948
b1111001000110 D
b1111001000110 d
#1949
b1111110101101 D
b1111110101101 d
#1950
b10000100001110 D
b10000100001110 d
#1951
b10000111011100 D
b10000111011100 d
#1952
b10001010111101 D
b10001010111101 d
#1953
b10001100111011 D
b10001110111111 d
#1954
b10001100111010 D
b10001100111010 d
#1955
b10001101101011 D
b10001101101011 d
#1956
b10001101111011 D
b10001101111011 d
#1957
b10000101011111 D
b10000101011111 d
#1958
b10111011010111 D
b10111011010111 d
#1959
b1111111010101 D
b1111011010101 d
#1960
b1110111001011 D
b1110111001011 d
#1961
b1110111000011 D
b1110101000011 d
#1962
b1110011000100 D
b1110011000100 d
#1963
b1110100001001 D
b1110100001001 d
#1964
b1110111100100 D
b1110111100100 d
#1965
b1111100010000 D
b1111100010000 d
#1966
b10000000101011 D
b10000000101011 d
#1967
b10000101110010 D
b10000101110010 d
#1968
b10001001011000 D
b10001001011000 d
#1969
b10001011110110 D
b10001011110110 d
#1970
b10001101011000 D
b10001101011000 d
#1971
b10001011000110 D
b10001011000110 d
#1972
b10000111100000 D
b10000111100000 d
#1973
b10000011010111 D
b10000011010111 d
#1974
b1111101111110 D
b1111101111110 d
#1975
b1111001100011 D
b1111001100011 d
#1976
b1110110001000 D
b1110110001000 d
#1977
b1110011011010 D
b1110011011010 d
#1978
b1110011010100 D
b1110011010100 d
#1979
b1110101011001 D
b1110101011001 d
#1980
b1111001011101 D
b1111001011101 d
#1981
b1111110001110 D
b1111110001110 d
#1982
b10000010111101 D
b10000010111101 d
#1983
b10000111000010 D
b10000111000010 d
#1984
b10001011000011 D
b10001011000011 d
#1985
b10001100110000 D
b10001100110000 d
#1986
b10001100100011 D
b10001100100011 d
#1987
b10001001000000 D
b10001001100000 d
#1988
b10000101000101 D
b10001101000101 d
#1989
b10000001110101 D
b10000101110101 d
#1990
b11111101110101 D
b11111101110101 d
#1991
b1111111011001 D
b1111111011001 d
#1992
b1110111111011 D
b1110111011011 d
#1993
b1110111111011 d
#1994
b1110111011101 D
b1110111011101 d
#1995
b1110111010101 D
b1110111010101 d
#1996
b1111111001010 D
b1110111001010 d
#1997
b1111011000100 D
b1111011000100 d
#1998
b10000000100101 D
b10000000100101 d
#1999
b10000100101000 D
b10000100101000 d
#2000
b10001001000110 D
b10001001000110 d
#2001
b10001100011000 D
b10001100011000 d
#2002
b10001100101100 D
b10001100101100 d
#2003
b10001011110000 D
b10001011110000 d
#2004
b10001000000100 D
b10001000000100 d
#2005
b10000010100101 D
b10000010100101 d
#2006
b1111111001110 D
b1111111001110 d
#2007
b1111001111010 D
b1111001111010 d
#2008
b1110110010101 D
b1110110010101 d
#2009
b1110011110110 D
b1110011110110 d
#2010
b1110011011101 D
b1110011011101 d
#2011
b1110101001000 D
b1110101001000 d
#2012
b1111000100011 D
b1111000100011 d
#2013
b1111101101011 D
b1111101101011 d
#2014
b10000010100100 D
b10000010100100 d
#2015
b10000110110101 D
b10000110110101 d
#2016
b10001010000110 D
b10001010000110 d
#2017
b10001100100011 D
b10001100100011 d
#2018
b10001100001110 D
b10001100001110 d
#2019
b10001011000000 D
b10001011000000 d
#2020
b10000110100010 D
b10000110100010 d
#2021
b10000000110011 D
b10000000110011 d
#2022
b1111011111111 D
b1111011111111 d
#2023
b1111000110000 D
b1111000111000 d
#2024
b1110101111000 D
b1111101111000 d
#2025
b1110011111101 D
b1110111111101 d
#2026
b1110011110101 D
b1110011110101 d
#2027
b1110111111011 D
b1110111111011 d
#2028
b1111111011011 D
b1111111011011 d
#2029
b1111011010001 D
b1111011010001 d
#2030
b10000100111011 D
b10000100011011 d
#2031
b10000111111111 D
b10000111111111 d
#2032
b10001111110110 D
b10000111110110 d
#2033
b10001011101110 D
b10001011101110 d
#2034
b10001101011100 D
b10001101011100 d
#2035
b10001011100101 D
b10001011100101 d
#2036
b10001000111001 D
b10001000111001 d
#2037
b10000100100101 D
b10000100100101 d
#2038
b1111110101100 D
b1111110101100 d
#2039
b1111010100010 D
b1111010100010 d
#2040
b1110110100001 D
b1110110100001 d
#2041
b1110011111011 D
b1110011111011 d
#2042
b1110011101011 D
b1110011101011 d
#2043
b1110100101000 D
b1110100101000 d
#2044
b1111000011111 D
b1111000011111 d
#2045
b1111101100001 D
b1111101100001 d
#2046
b10000001111101 D
b10000001111101 d
#2047
b10000101111011 D
b10000101111011 d
#2048
b10001010100101 D
b10001010100101 d
b11000111100010101010000101011000 #"
1d"
1e"
#2049
b10001100011101 D
b10001100011101 d
b11010000001001111010000100110010110100100000001100001110110011 #"
#2050
b10001100000000 D
b10001100000000 d
b1011101011010100110100111101101011100100011000010000001100101011 #"
#2051
b10001011000011 D
b10001011000011 d
b1111101000100010000111011011001010010010100011000100110011001 #"
#2052
b10000111010101 D
b10000111010101 d
b1111110000111101011111010001011100110110111100111110111101101010 #"
#2053
b10000001010001 D
b10000001010001 d
b10000010101010110100111100000001101111110100101110011100 #"
#2054
b1111100100100 D
b1111100100100 d
b1111111010111000000000000101110111111111000010100000100000011010 #"
#2055
b1111001000100 D
b1111001000100 d
b111100101110101100011000000000000011100100011001000000000 #"
#2056
b1110100111111 D
b1110100111111 d
b1111111001011010011100110110110100000000001111100111001101010001 #"
#2057
b1110011101011 D
b1110011101011 d
b101110001010101111000111011111111001101111101110010110111 #"
#2058
b1110011110111 D
b1110011110111 d
b1111111011001000111000010000111000000000100110000111100010001001 #"
#2059
b1110101100101 D
b1110101100101 d
b10101101000111110001011111111111110010111111011010011010 #"
#2060
b1111010100100 D
b1111010100101 d
b1111111101011111110111000010011100000000000100110011110011001001 #"
#2061
b1111111101111 D
b1111111101111 d
b100001110111100010100000100000000001110001101101101011110 #"
#2062
b11111111001111 D
b11111111001111 d
b1111111010011110100100011001010111111111011100111011010100100100 #"
#2063
b10001100111010 D
b10001100111010 d
b111011010100001010111110011111111111110110000101100101110 #"
#2064
b10001010110110 D
b10001010110110 d
b1111110110101010100110011110101000000000011111110010010011100110 #"
#2065
b10001110110110 D
b10001110110110 d
b1000110010010100101100010011111111000101011000110110010001 #"
#2066
b10001100111110 D
b10001100111110 d
b1111111010000100111111011101110100000001110100101101110110010101 #"
#2067
b10001101011110 D
b10001101011110 d
b11100101101001101100100011111101101101010001110111011101 #"
#2068
b10001001010100 D
b10001001010100 d
b1111111110110000001100100111110000000010000101001101011111000010 #"
#2069
b10000100100111 D
b10000100100111 d
b1111111110100101101110101111011111111110001011101111001011000111 #"
#2070
b1111111110010 D
b1111111110010 d
b1010101010101111000010000000001010010000011011101001010 #"
#2071
b1111010011101 D
b1111010011101 d
b1111111111110110010011111100001011111111010100001101111110100000 #"
#2072
b1110111001011 D
b1110111001011 d
b1111111111101000011011011110010100000000100110110010000010101111 #"
#2073
b1110100011100 D
b1110100011100 d
b10101011111000010001001111111110111111111011000001011010 #"
#2074
b1110010011001 D
b1110010011001 d
b1111111101001101111111100000111000000001001110111010100100011010 #"
#2075
b1110100011101 D
b1110100011101 d
b101011100010101101010111111110000110110001100100010100 #"
#2076
b1111000010001 D
b1111000010001 d
b1000001100101010000011100000010100001111010100000100110 #"
#2077
b1111100011101 D
b1111100011101 d
b1111111011001111010010001110001111111101101010000011101010110011 #"
#2078
b10000001110000 D
b10000001110000 d
b111111111100001010100111100000001111011010111101010010101 #"
#2079
b10000110001111 D
b10000110001111 d
b1111110110100111001110111000101111111110110111001000011000010101 #"
#2080
b10001001110000 D
b10001001110000 d
b1010000100010100011001111100000000001111000000001010010011 #"
#2081
b10001100101000 D
b10001100101000 d
b1111111000101110101000000010000100000000000101001010000001101001 #"
#2082
b10001100110011 D
b10001100110011 d
b100111111001010001011110111111111101000110011100000100001 #"
#2083
b10001010100110 D
b10001010100110 d
b1111111100001110010000001010010011111111111011111110000100001100 #"
#2084
b10000110011111 D
b10000110011111 d
b10101110110111100101100000000000110000010011000110100011 #"
#2085
b10000010101001 D
b10000010101001 d
b1111111010101010010000010110000011111111000111000101110111100100 #"
#2086
b1111101110011 D
b1111101110011 d
b1000110100000101010010010100000001000110100011010000111010 #"
#2087
b1111000011110 D
b1111000011110 d
b1111110100110010000110011011001011111111011110010011111110001101 #"
#2088
b1110100111111 D
b1110100111111 d
b1110011100100001001010101111111111010010000000000101011001 #"
#2089
b1110011100110 D
b1110011100110 d
b1111110001100100001001101111100000000001011011111100010010001101 #"
#2090
b1110100001110 D
b1110100001110 d
b1010101100000011111110111011111101010111110100101010011000 #"
#2091
b1110101011111 D
b1110101011111 d
b1111111001011000101011110110101000000011100010111001100001111010 #"
#2092
b1111001010111 D
b1111001010111 d
b11010100011100010011001111111100110011111111001111101101 #"
#2093
b1111110110011 D
b1111110110011 d
b111000110000000110010100000010100101111111010110000100 #"
#2094
b10000011101101 D
b10000011101101 d
b1111111110011111110001111010101111111110000000111101110111010010 #"
#2095
b10001000111000 D
b10001000111001 d
b1111111110000001111000101111111000000001001101101001011101000011 #"
#2096
b10001011011010 D
b10001011011010 d
b100001101001011111000111011111110101110110000000100001001 #"
#2097
b10001110110011 D
b10001111110011 d
b1111111000011011100011101000110000000010010101010000100111100101 #"
#2098
b10001111110111 D
b10001111110111 d
b1001100111111111011011001111111100011111100100100010011100 #"
#2099
b10001011110111 D
b10001011110111 d
b1111111100101101111010111010011000000100110010010100001000110011 #"
#2100
b10001101011111 D
b10001101011111 d
b1111111100111100001101011101100011111001100010000110111011010001 #"
#2101
b10000101011111 D
b10000101011111 d
b1001010111001000101110100100000110011011100000100100011011 #"
#2102
b10111011000011 D
b10111011000011 d
b1111101101001100111011010111101111111011100000111001101100001101 #"
#2103
b1111111000011 D
b1111111000011 d
b11010011011110010110010101000000011001101011100001000100010 #"
#2104
b1110111000001 D
b1110111000001 d
b1111100111101001000010100110001111111110010100110011000000111110 #"
#2105
b1110101100001 D
b1110100100001 d
b10010110000101001010001100011111111010000001111000011101000 #"
#2106
b1110011111111 D
b1110011111111 d
b1111101111100100000010010110110000000000000011000010011100101000 #"
#2107
b1110100011010 D
b1110100011010 d
b1001011110101010000111001100000001110011101110100101111000 #"
#2108
b1110110100100 D
b1110110100100 d
b1111101110000010101111100111100111111100110011100010101100101000 #"
#2109
b1111011011001 D
b1111011011001 d
b101101111000110110000001110000001000101001000010010010111000 #"
#2110
b10000001000111 D
b10000001000111 d
b1110100111100011101001001101011011111101011001111111111101101100 #"
#2111
b10000110010111 D
b10000110010111 d
b100100110111101101110000101101011100000111110001101111110011000 #"
#2112
b10001001111101 D
b10001001111101 d
b111011000011101011000111011100101000100001100100100110010011100 #"
#2113
b10001011011011 D
b10001011011011 d
b1001100001000111001100000011011010101100100011001100011000110010 #"
#2114
b10001100000001 D
b10001100000001 d
b110011110000110100010000001100101001110000101000000000100111111 #"
#2115
b10001010111101 D
b10001010111101 d
b1000000000101000000000110110111111001001011101010111000011101111 #"
#2116
b10001000011001 D
b10001000011001 d
b1100010000011110110100010010001100010000101101001100010000101011 #"
#2117
b10000011011110 D
b10000011011110 d
b101101010111001001110001100100001011010100001011001011000110 #"
#2118
b1111101100101 D
b1111101100101 d
b1001010011100000001100011110011010010111011001111011101 #"
#2119
b1111000101110 D
b1111000101110 d
b1111111100000111011011111010110000000101000111010010011110011111 #"
#2120
b1110101101111 D
b1110101101111 d
b1010110101001001110010111011111100110000001000101101111110 #"
#2121
b1110011101011 D
b1110011101011 d
b1111101110110011010001011111011100000011011011010101101010110001 #"
#2122
b1110100001110 D
b1110100001110 d
b1111000111111011001000001011111011011110110100010011011000 #"
#2123
b1110101001111 D
b1110101001111 d
b1111110110010111001001111101010100000110110011111011011010000000 #"
#2124
b1111000100111 D
b1111000100111 d
b11100111001101000001000111111000101000100110100110011111 #"
#2125
b1111110001010 D
b1111110001010 d
b100110001000001000000100000000110000001101010001100111011 #"
#2126
b10000011100101 D
b10000011100101 d
b1111110001001100100110011011011111111011000100111001010111010000 #"
#2127
b10000111011100 D
b10000111011100 d
b1111110111100001111100101100000011011111000101100010101101 #"
#2128
b10001010110101 D
b10001010110101 d
b1111110010001101010001010100001111111110011000001110111010010001 #"
#2129
b10001100010111 D
b10001100010111 d
b1100011000000000011011001000000000011011100110001110100111 #"
#2130
b10001100011101 D
b10001100011101 d
b1111110111011000001001100000111111111111100111001101101110011101 #"
#2131
b10001010000001 D
b10001010001001 d
b101110110001100100011101000000000110000100000000100111110 #"
#2132
b10000111101111 D
b10001111101111 d
b1111111010001011101000101101010111111110110000111010110000110111 #"
#2133
b10000100101111 D
b10000101101111 d
b110011111111010111110101000000001110001010111110000110110 #"
#2134
b11111011101100 D
b11111011101100 d
b1111110111010000011011111100101011111110100111001111110001110000 #"
#2135
b1111111111110 D
b1111111111110 d
b1011110000111000010000110100000000100011010111001011110011 #"
#2136
b1110111111111 D
b1110111011111 d
b1111110011100000001010010010011011111111111100111100101110101101 #"
#2137
b1110111101101 D
b1110111101101 d
b1010100011001001110000101111111110111001000001011001100100 #"
#2138
b1110011100101 D
b1110011100101 d
b1111110110111010001110011010111000000001111001001110110001100100 #"
#2139
b1110111000101 D
b1110111000101 d
b110010110011011000001110011111110001001110101101010101011 #"
#2140
b1111111100110101011111011111000100000001110000000100001101101001 #"
#2141
b1111011101011 D
b1111011101011 d
b1110001000011001011101011111110101101000011000101100101 #"
#2142
b10000000001100 D
b10000000001100 d
b1111111111000001101001011000100000000000111010001111000100110100 #"
#2143
b10000100110111 D
b10000100110111 d
b10000000001011001100100011111111010000000000010100101100 #"
#2144
b10001001011101 D
b10001001011101 d
b1111111100100010101111001101100100000000100010110010011001111101 #"
#2145
b10001100001101 D
b10001100001101 d
b11011011101100100101111011111111000000100101110101001010 #"
#2146
b10001100111011 D
b10001100111011 d
b1111111100000001010010000101000000000001011110011100111011001001 #"
#2147
b10001010111010 D
b10001010111010 d
b10111010101100010010110011111110001001100111000010110010 #"
#2148
b10000111101110 D
b10000111101110 d
b1111111111000100100001010001101000000010001011111100111111000001 #"
#2149
b10000011100011 D
b10000011100011 d
b1111111111011001010100111111111111111110000111111001001111101110 #"
#2150
b1111110100100 D
b1111110100100 d
b11001101101111110110011100000001011101000111111010000000 #"
#2151
b1111010001000 D
b1111010001000 d
b1111111011101100111110100011100011111110110011100101110010011001 #"
#2152
b1110101111101 D
b1110101111101 d
b11010110110110010010000100000000101010010010010000010110 #"
#2153
b1110011000100 D
b1110011000100 d
b1111111100111100101100010100110111111111101000101101111010100111 #"
#2154
b1110011010111 D
b1110011010111 d
b10011010011010001010010100000000011101100011000111001101 #"
#2155
b1110101100111 D
b1110101100111 d
b1111111110011111111110101001000111111111011000111100110111101011 #"
#2156
b1111001000101 D
b1111001000101 d
b1110001000110111001010100000000101010100011011011000011 #"
#2157
b1111101010110 D
b1111101010110 d
b1111111101010010101011110011000111111111001101111010110111110010 #"
#2158
b10000010010100 D
b10000010010100 d
b11110001110001100111110000000000101111111100011011000100 #"
#2159
b10000111110110 D
b10000111110110 d
b1111111010111111010111000110011111111111100010001001100110001101 #"
#2160
b10001011001001 D
b10001011001001 d
b101011010100000100011110100000000010000100000110000111101 #"
#2161
b10001100001110 D
b10001100001110 d
b1111111011010110100111110110011000000000001010110111000010010000 #"
#2162
b10001011100101 D
b10001011100101 d
b100000111000000000000111011111111001110110010101110100110 #"
#2163
b10001010000101 D
b10001010000101 d
b1111111100010010111110111000001000000000110011100111010111111011 #"
#2164
b10000110100001 D
b10000110100001 d
b1111000000111011111110011111111010100010101011111010101 #"
#2165
b10000001011101 D
b10000001011101 d
b1111111111110011110011001001100000000000100111101110010101000010 #"
#2166
b1111100001110 D
b1111100001110 d
b11000000001000000010011111111100110010011111111111011 #"
#2167
b1111000001001 D
b1111000001011 d
b1111111111010101111000100100010000000000001110010100010000100101 #"
#2168
b1110100100001 D
b1111100100001 d
b101011101111101101000111111111101100111101111011101011 #"
#2169
b1110111110001 D
b1110111110001 d
b1111111110010110000101011011001000000000011110001111110000111101 #"
#2170
b1110111011001 D
b1110111011001 d
b1111110010100110010000111111111011001010101011011110000 #"
#2171
b1110110011011 D
b1110110011011 d
b1111111110110011010100000101101000000000111011110000010100010101 #"
#2172
b1111110111011 D
b1111110111011 d
b101101111100011001101111111110110110011000010101111101 #"
#2173
b1111010111011 D
b1111010111011 d
b101000010011000110011000000000111100101100011101110100 #"
#2174
b10000100100111 D
b10000100000111 d
b1001110110001111000101100001101111101011011111001010110111010000 #"
#2175
b10001101100111 D
b10000100100111 d
b1010100001011011010110100000000111001111111111100111011 #"
#2176
b10001101000101 D
b10001001000101 d
b1111111110011100011010011011111111111111100011110100101001000001 #"
#2177
b10001100000001 D
b10001100000001 d
b10010101101001010100111000000000100101101110000110110111 #"
#2178
b10001100011110 D
b10001100011110 d
b1111111101111000010000000111011011111111001000111001001101110111 #"
#2179
b10001011111010 D
b10001011111010 d
b10010100001011011011111000000000111111010110011011000000 #"
#2180
b10001000110000 D
b10001000110000 d
b1111111101100110000110111010011011111110101000110001011110101011 #"
#2181
b10000100010010 D
b10000100010010 d
b10001010011010001000100100000001011010101000100000011011 #"
#2182
b1111110101111 D
b1111110101111 d
b1111111101100100100100100010101011111110110111110000101010011100 #"
#2183
b1111001110011 D
b1111001110011 d
b11001111101100110101010000000000110010000100011100101100 #"
#2184
b1110110111001 D
b1110110111001 d
b1111111011010011001111011011001011111111100010101110011111001110 #"
#2185
b1110011101110 D
b1110011101110 d
b101110010010100110111010100000000000100000100110000111101 #"
#2186
b1110011010101 D
b1110011010101 d
b1111111010100010000100111111110000000000001101110101111110000000 #"
#2187
b1110100111111 D
b1110100111111 d
b11110111000110100001011111111111110001110100001110010100 #"
#2188
b1111000011100 D
b1111000011100 d
b1111111110000101000001101000111000000000001101110100110001101000 #"
#2189
b1111101000001 D
b1111101000001 d
b100100111000110100010111111111110010100001001101001110 #"
#2190
b10000010001001 D
b10000010001001 d
b1111111111110100100111010100000000000000000001101100111100001101 #"
#2191
b10000110110100 D
b10000110110100 d
b110110100010101110010111111111111110111101000000110111 #"
#2192
b10001010011000 D
b10001010011000 d
b1111111101111111000011001000000100000000001101010111010110111011 #"
#2193
b10001100010110 D
b10001100010110 d
b10011010000011111001010011111111100101001001000101001101 #"
#2194
b10001011111011 D
b10001011111011 d
b1111111110000001011010010001110000000000101101110010111011011111 #"
#2195
b10001010110110 D
b10001010110110 d
b1100111011010101000010011111110111101011110011011100101 #"
#2196
b10000110110100 D
b10000110110100 d
b1111111111010000101110110001000100000001000000001111111101010001 #"
#2197
b10000001111000 D
b10000001111000 d
b1111111111000111111110000010000111111111001010000100000011011101 #"
#2198
b1111100100111 D
b1111100100111 d
b1010001111011111010000000000000110000010101010011101111 #"
#2199
b1111000100011 D
b1111000100011 d
b1111111111001001110001100000001111111111011101011000000110001111 #"
#2200
b1110101101001 D
b1110101101001 d
b1010010110001010001001100000000011010100001111010000010 #"
#2201
b1110011000001 D
b1110011000001 d
b1111111110001111001111010110010011111111011101111010000011000100 #"
#2202
b1110011110101 D
b1110011110101 d
b10001010010100010011001000000000100111000111101010100111 #"
#2203
b1110111100001 D
b1110111100001 d
b1111111101001010101000111111001011111111001100100001001011110000 #"
#2204
b1111011111001 D
b1111111111001 d
b11010010101000111010110100000000111011010011011001010001 #"
#2205
b1111111111100 D
b1111111111100 d
b1111111100100011111110000011011111111111001010000100010001101001 #"
#2206
b11111111011100 D
b11111111011100 d
b11000101000100101101001000000000110011101011001101011011 #"
#2207
b10001100011100 D
b10001100011100 d
b1111111101011001010001100111010011111111010010001001001000010010 #"
#2208
b10001011111010 D
b10001011111010 d
b10011010011000010100001000000000100011101001011100001100 #"
#2209
b10001111101110 D
b10001111101110 d
b1111111110000101111110000111100011111111101001010111001001011111 #"
#2210
b10001111001101 D
b10001101001101 d
b1110101111111001100101000000000001001101000101101011100 #"
#2211
b10001011100010 D
b10001011100010 d
b1111111110010001101110011101010011111111111000011111001111011011 #"
#2212
b10001001011001 D
b10001001011001 d
b1010111101000010101010100000000000101100101011111011110 #"
#2213
b10000100100101 D
b10000100100101 d
b1111111110001011100111111110110011111111111110001010001110000001 #"
#2214
b1111111010001 D
b1111111010001 d
b10100010000001000000111000000000000100010101000101111000 #"
#2215
b1111010011111 D
b1111010011111 d
b1111111100111001110001101110000100000000000000110111000010000111 #"
#2216
b1110111000110 D
b1110111000110 d
b11100101101010101101111011111111110101011110101101000101 #"
#2217
b1110101000001 D
b1110101000001 d
b1111111100110100000010010101110000000000011011101010110111100010 #"
#2218
b1110010111101 D
b1110010111101 d
b10000001111110001000101111111111000111000110110111111010 #"
#2219
b1110100100000 D
b1110100100000 d
b1111111111101100100111110001011000000001001001010111101100001000 #"
#2220
b1111000000001 D
b1111000000001 d
b1111111111000101011101010000101011111110111010010101000011110010 #"
#2221
b1111101000010 D
b1111101000010 d
b1011010101001111000100100000000111010111001111111001000 #"
#2222
b10000001101111 D
b10000001101111 d
b1111111110100010010101100000110011111111010110001011100110101000 #"
#2223
b10000110001111 D
b10000110001111 d
b111110111001010001010000000000001100011001010000101000 #"
#2224
b10001001111100 D
b10001001111100 d
b1111111110111001100001100100000000000000000111111101011110111100 #"
#2225
b10001100000100 D
b10001100000100 d
b1101111110000001000101011111111111001001110010010010001 #"
#2226
b10001101000000 D
b10001101000000 d
b1111111101111100001111011111111100000000000011110110001101001001 #"
#2227
b10001011001001 D
b10001011001001 d
b1111101010101101000111000000000000001101011100100011010 #"
#2228
b10000111000001 D
b10000111000001 d
b1111111111000101011111010000100111111111111111110111010011000001 #"
#2229
b10000010101110 D
b10000010101110 d
b1111111111010101000110011110001111111111111011110010011110001110 #"
#2230
b1111100111010 D
b1111100111010 d
b10000111111110010000100000000000001000111001101000111011 #"
#2231
b1111000110110 D
b1111000110110 d
b1111111101110011110010001000101111111111100010010000001011001111 #"
#2232
b1110101001110 D
b1110101001110 d
b1101100100110100110110100000000100110001000001110101110 #"
#2233
b1110100000100 D
b1110100000100 d
b1111111110110001001000100110001011111111100001110011101101011011 #"
#2234
b1110011101001 D
b1110011101001 d
b1111111111011011011100010110011000000000010100101001110110010110 #"
#2235
b1110100111000 D
b1110100111000 d
b10000100011001001011011000000000001110100011010111110110 #"
#2236
b1111001111010 D
b1111001111010 d
b1111111101100010010010010100011111111111100011101010011110111000 #"
#2237
b1111111101110 D
b1111111101110 d
b101010011101101101000011100000000001011101101100110000000 #"
#2238
b10000100110011 D
b10111110111011 d
b1011001010111000011110111010001110110101001110001001011000111011 #"
#2239
b10000111000111 D
b10000111010111 d
b1010101100100101011100011111111111000011100110111110000000 #"
#2240
b10001110110101 D
b10001111110101 d
b1111110101100010110111010101110100000001001000101000011110100011 #"
#2241
b10001111111100 D
b10001111111100 d
b111101011001011110101100011111111010100111001111101110100 #"
#2242
b10001101011110 D
b10001101011110 d
b1111111110100101011111100010000100000000000000100001111101101110 #"
#2243
b10001101011111 D
b10001101011111 d
b1111111011100000011010111001101100000000101111110000010111111001 #"
#2244
b10001101111011 D
b10001101111011 d
b110111000100111111111111011111111001110100000011110100000 #"
#2245
b10000100111010 D
b10000100111010 d
b1111111000100001110111000011101000000000000110010001101000101011 #"
#2246
b10101000011010 D
b10000000011010 d
b110100000101110000100010000000000100101101110101010000101 #"
#2247
b1111010111101 D
b1111010111101 d
b1111111100100000100011100111111011111111000001001010100111001101 #"
#2248
b1110110110111 D
b1110110110111 d
b1011110011010010010001000000001000011010101000000010000 #"
#2249
b1110100101001 D
b1110100101001 d
b1111111111011011011010011100110111111111000101110110100111110111 #"
#2250
b1110011001101 D
b1110011001101 d
b1111111111000000011100010110000000000000101011111111001011101010 #"
#2251
b1110100010111 D
b1110100010111 d
b1110010101011101111001111111111001011101101110100011011 #"
#2252
b1110111011000 D
b1110111011000 d
b1111111111000010011101010000110000000001001011111001011110000011 #"
#2253
b1111100000111 D
b1111100000111 d
b1111111110110101110000001001000011111110101110010100010111010010 #"
#2254
b10000000101111 D
b10000000101111 d
b101000000000011011011110100000001001001000110100011110101 #"
#2255
b10000101101111 D
b10000101101111 d
b1111110111011110110110011100000011111111001001101110011101110000 #"
#2256
b10001001110101 D
b10001001110101 d
b1001100100001110100111010000000000011110101100001011000111 #"
#2257
b10001011110101 D
b10001011110101 d
b1111110110111111111111001011001111111111100111001001101000101010 #"
#2258
b10001100011111 D
b10001100011111 d
b111101100101110000011011000000000100110110100111001110001 #"
#2259
b10001011000011 D
b10001011000011 d
b1111111011000011000110011001010111111110111000000011010000110011 #"
#2260
b10000111101101 D
b10000111101101 d
b10001000010011001101101000000001011101110011101011111100 #"
#2261
b10000011010000 D
b10000011010000 d
b1111111101000111111101001000101111111110011110010100101100010001 #"
#2262
b1111101110111 D
b1111101110111 d
b110001100101011101111011100000001101010001111000011110011 #"
#2263
b1111000101100 D
b1111000101100 d
b1111111000100010110101111011110011111110011011000101111001111100 #"
#2264
b1110101010010 D
b1110101010010 d
b111000011101001010000011100000001011101110110101001111000 #"
#2265
b1110100001010 D
b1110100001010 d
b1111111001010100000011011110110111111110100001101101011100010111 #"
#2266
b1110100001101 D
b1110100001101 d
b100010011011010011010010100000001010100010111001011010110 #"
#2267
b1110101000110 D
b1110101000110 d
b1111111111001010001100010000000111111111000100101111101100111000 #"
#2268
b1111000110100 D
b1111000110100 d
b1111111111011100100100000111100000000000100011110111001010000101 #"
#2269
b1111110010000 D
b1111110010000 d
b1111111111111110110110011110101111111111101010111011100001000101 #"
#2270
b10000011011110 D
b10000011011110 d
b101010101011001101010000000000010101101100101011011100 #"
#2271
b10001000010000 D
b10001000010000 d
b1111111111100010011010111101100011111111010001100101110011101100 #"
#2272
b10001011100000 D
b10001011100000 d
b101100101101100010110000000001000101001010100101000101 #"
#2273
b10001100000000 D
b10001100000000 d
b1111111110110110101011111101111011111110110011011101110110111001 #"
#2274
b10001011100111 D
b10001011100111 d
b100111111100111010001000000001000111100000110001101001 #"
#2275
b10001001111011 D
b10001011111111 d
b111110111100000001011111111001111011011011011110011 #"
#2276
b10001110111101 D
b10001111111101 d
b1111111111100101111011011111101100000000001101101000010110111011 #"
#2277
b11111111111101 D
b11111111111101 d
b10111000110111110111100000000001100100111101010101110 #"
#2278
b1111111111101 D
b1111111111101 d
b1111111111110011001000100111110111111111101100010111010001000000 #"
#2279
b1111111110101 D
b1111111110101 d
b1111111111110010001010010110100000000000001100111011011001100011 #"
#2280
b1110111100101 D
b1110111100101 d
b101101101110000101011111111111110111110001001011000111 #"
#2281
b1110100101101 D
b1110100101101 d
b1111111111011011111101111011000100000000001110000001111100111000 #"
#2282
b1110100011001 D
b1110100011000 d
b101011101010101011111111101110111100010101001001 #"
#2283
b1110110010001 D
b1110100010001 d
b10101111011100010101000000000010100000111111001110011 #"
#2284
b1110110101110 D
b1110110101110 d
b1111111111100100111010111101000111111111100110011011101101000111 #"
#2285
b1111010111010 D
b1111010111010 d
b100001010001010000001100000000011100101001101001101111 #"
#2286
b10000000111000 D
b10000000111000 d
b1111111110110110011101000001101011111111100001011100100111110011 #"
#2287
b10000101111010 D
b10000101111010 d
b1111111110000111011101100000000011110110000001111100101 #"
#2288
b10001001101000 D
b10001001101000 d
b1111111101100011111010111111100011111111011100011110001011110001 #"
#2289
b10001011101010 D
b10001011101010 d
b11001000101000001101010000000000101011100011111110010100 #"
#2290
b10001100010101 D
b10001100010101 d
b1111111100100100010010000110111011111111010001010000000001011101 #"
#2291
b10001011001011 D
b10001011001011 d
b10101010001101000011101100000000100100101111100000011100 #"
#2292
b10001000100000 D
b10001000100000 d
b1111111101110110111011100010100111111111101001010001001011110101 #"
#2293
b10000011101001 D
b10000011101001 d
b10001000010101111110011100000000010100101111110000100110 #"
#2294
b1111101100101 D
b1111101100101 d
b1111111101111100101100001000110011111111101111001101101011011010 #"
#2295
b1111001111110 D
b1111001111110 d
b1111101110111001110000100000000001001011000110001110110 #"
#2296
b1110110001010 D
b1110110001010 d
b1111111101001010100110011011001011111111110001101101110100101101 #"
#2297
b1110011010001 D
b1110011010001 d
b100000011110100010011100000000000010110001110111010011001 #"
#2298
b1110100000110 D
b1110100000110 d
b1111111011111100011000000110111111111111101011000010000010101110 #"
#2299
b1110100110101 D
b1110100110101 d
b100000110111000111000101000000000001000111001001100101010 #"
#2300
b1111001001000 D
b1111001001000 d
b1111111011100111000000111011000000000000001110001100010100000110 #"
#2301
b1111110000110 D
b1111110000110 d
b10111111010110010110000111111111011001000001100111001111 #"
#2302
b10000010010111 D
b10000010010111 d
b1110110001000001011011000101101100010111000011111001011010111110 #"
#2303
b10000111110100 D
b10000111110100 d
b1111111111100101000101000101100001100110101001100110001000100000 #"
#2304
b10001010110010 D
b10001010110010 d
b10101000110101100001111100000000101111100110110010101011 #"
#2305
b10001011011111 D
b10001011011111 d
b1111111100000001110010011001101111111111100011001110101111100000 #"
#2306
b10001101010000 D
b10001101010000 d
b11011001110101001101100100000000010011010011110111000100 #"
#2307
b10001010001100 D
b10001010001100 d
b1111111101100110011011000011010111111111101100001001110011111100 #"
#2308
b10000101111111 D
b10000101111111 d
b110111010000000100101000000000001011110000100110100011 #"
#2309
b10000001111011 D
b10000001111011 d
b10010011101011001110100000000000001001010101110000010 #"
#2310
b1111011101000 D
b1111011101011 d
b1111111111100101110100000110001111111111110111100001101100100010 #"
#2311
b1110111111001 D
b1111111111001 d
b10001101100010011110100000000010100011011110000001111 #"
#2312
b1110111011011 D
b1110111011011 d
b1111111111110110001011101010011011111111101111101110010101111110 #"
#2313
b100010100111101001101011111111110110011110010011011111 #"
#2314
b1110111001110 D
b1110111001110 d
b1111111111000010010000100101011000000000100000010101101010000001 #"
#2315
b1110110111111 D
b1110110111111 d
b100011011001100101001011111111001110011000110010110001 #"
#2316
b1111110111111 D
b1111110111111 d
b1001001111100110100100100000001000000010100010010000101 #"
#2317
b1111010111100 D
b1111010111100 d
b1111111100110001010011011110110011111110110011110011101110000011 #"
#2318
b10000100010110 D
b10000000000110 d
b11011101100110110110000100000001010000100101100100010010 #"
#2319
b10000101111101 D
b10000100111101 d
b1111111101101001001111100101110011111110110110110010111100100010 #"
#2320
b10001001011111 D
b10001001011111 d
b111000011100011011101000000000111010001000100010011000 #"
#2321
b10001100000011 D
b10001100000011 d
b1011000010100010100111111111111100001111110001101101110 #"
#2322
b10001100010100 D
b10001100010100 d
b1111111110000000101010000111110011111111110110001101000010100010 #"
#2323
b10001011101011 D
b10001011101011 d
b111000110100111111100000000101100111010011000100010 #"
#2324
b10001000100101 D
b10001000100101 d
b1011000111110101000001111111110111101010110010100111101 #"
#2325
b10000100000101 D
b10000100000101 d
b1111111101100010100000001101111100000001001100011101011010000001 #"
#2326
b1111111000101 D
b1111111000101 d
b11111110101000101101111011111110110100100011110110001100 #"
#2327
b1111001100110 D
b1111001100110 d
b1111111100001001001100010110100100000000111010000110010001010011 #"
#2328
b1110110001111 D
b1110110001111 d
b10010100011001101111010011111111011110001000011001001010 #"
#2329
b1110011101110 D
b1110011101110 d
b1111111110110000011111111111100100000000001100000111011101010100 #"
#2330
b1110011101001 D
b1110011101001 d
b1111111111110100101000000100001100000000001101000001010110001111 #"
#2331
b1110101101010 D
b1110101101010 d
b1111000111000110111010011111111010101111010000010011111 #"
#2332
b1111000001010 D
b1111000001010 d
b1111111101011011111000000000011000000000110110100011111110101101 #"
#2333
b1111101000110 D
b1111101000110 d
b10001100011011000000001011111111010010100101001110111100 #"
#2334
b10000010110110 D
b10000010110110 d
b1111111110010100000101010010111000000000011110110011000011101110 #"
#2335
b10000110111111 D
b10000110111111 d
b1001101001010111011010111111111110001011000100011010011 #"
#2336
b10001010011011 D
b10001010011011 d
b1111111111010111001010101011001011111111111111011001000011010010 #"
#2337
b10001100100010 D
b10001100100010 d
b100000100000100000100000000000000101011101111101001010 #"
#2338
b10001100001101 D
b10001100001101 d
b1111111111000011011000100111100000000000000101110011010000000000 #"
#2339
b10001010111001 D
b10001010111001 d
b1000011011001101110110011111111110111111101000101011010 #"
#2340
b10000110011111 D
b10000110011111 d
b1111111111010111010110000011101011111111111000011101000111110101 #"
#2341
b10000001011111 D
b10000001011111 d
b11000001101011111001100000000011000001011111001011111 #"
#2342
b1111101001011 D
b1111101001011 d
b11000111011110111111111111111011010010011011111001110 #"
#2343
b1110111111011 D
b1110111111011 d
b1111111110011011011011010111110100000000101000101001011001111010 #"
#2344
b1110100011001 D
b1110100011001 d
b1001110100100011101010011111111100101011100101101010010 #"
#2345
b1110010111110 D
b1110010111110 d
b1001010000110001000000000001000000101111110011001 #"
#2346
b1110100111000 D
b1110110111010 d
b1111111111111010110100110111010100000000000101100001100000111011 #"
#2347
b1110111001100 D
b1110111011100 d
b1111111111101100011001100010000111111111111000101001111110111001 #"
#2348
b1111110000101 D
b1111111000101 d
b110001110000101111001011111111111101000010000011111010 #"
#2349
b1111110101111 D
b1111110101111 d
b1111111101111101010010000101010000000000001110110011111011011001 #"
#2350
b11111110101110 D
b1111110101110 d
b11001100101000001011111011111111100111000000010000000111 #"
#2351
b10001100111101 D
b10001100111101 d
b1111111100001010100011101101011000000000100010100000110111001111 #"
#2352
b10001011111101 D
b10001011111101 d
b11010111000000001001000111111111011110000110000100110100 #"
#2353
b10001111110101 D
b10001111110101 d
b1111111110001101101100001110011000000000011001101011110111100111 #"
#2354
b10001101110101 d
b11011100100010010111111111111100110111010011100011010 #"
#2355
b10001011101101 D
b10001011101101 d
b10111011011001011001000000000011011010011100110101111 #"
#2356
b10001000011100 D
b10001000011100 d
b1111111111000100100100101110010111111111110000000001110111101100 #"
#2357
b10000100110101 D
b10000100110101 d
b1001111110011001000110100000000001100001010111101011111 #"
#2358
b1111111101100 D
b1111111101100 d
b1111111111010111101111000001100111111111110000101001001001011111 #"
#2359
b1111010011110 D
b1111010011110 d
b11001110101000011001000000000000001101001110000010000 #"
#2360
b1110110000011 D
b1110110000011 d
b1111111110111010010101000010001100000000010100010100001010010010 #"
#2361
b1110011111110 D
b1110011111110 d
b1001111101000001101100011111111010011101010101001101010 #"
#2362
b1110011101001 D
b1110011101001 d
b1111111111000010011111001101100000000000111001000101010100110010 #"
#2363
b1110101000010 D
b1110101000010 d
b1001010110011100011011111111111001110110001011011111110 #"
#2364
b1111000000100 D
b1111000000100 d
b1111111110110101001111110101101100000000100110001000100111010100 #"
#2365
b1111100001100 D
b1111100001100 d
b101110101101110010000011111111101000010101101010001100 #"
#2366
b10000001101001 D
b10000001101001 d
b1111111111011110010101100001111000000000001001000111001011100110 #"
#2367
b10000110101011 D
b10000110101011 d
b10001001000110010001111111111111011100100000000011011 #"
#2368
b10001010110101 D
b10001010110101 d
b1111111111111000001000011000111000000000000101101101100001110011 #"
#2369
b10001100100001 D
b10001100100001 d
b10011101100111011001111111111111010001010010001101011 #"
#2370
b10001100001011 D
b10001100001011 d
b1111111111110110111000001100010000000000000000110011010010011100 #"
#2371
b10001010100111 D
b10001010100111 d
b1111111111110011111010111100110100000000000010000111111001100101 #"
#2372
b10000111000100 D
b10000111000100 d
b11111111101011000010011111111111111101010111010010000 #"
#2373
b10000010101000 D
b10000010101000 d
b1111111110111100100010010010001000000000000000100100101001110111 #"
#2374
b1111101001011 D
b1111101001011 d
b1100101010110100000000111111111111001011010101001110110 #"
#2375
b1111000010110 D
b1111000010110 d
b1111111110111101000001010101000000000000001100011101010100111001 #"
#2376
b1110101010110 D
b1110101010110 d
b1111111111111000101101010101111111111111110100101101010001001001 #"
#2377
b1110011110001 D
b1110011110001 d
b110000000011010100100100000000000000101011100011011011 #"
#2378
b1110100100011 D
b1110100100011 d
b1111111111000000000111001001111000000000000101110110101010110100 #"
#2379
b1110101110111 D
b1110101110111 d
b110111101101111010100111111111111100010111000101111100 #"
#2380
b1111001011101 D
b1111001011101 d
b1111111111101101010010101011100011111111111110110011110110011010 #"
#2381
b1111111011001 D
b1111111011001 d
b1111111111010110110110100010100100000000001000000100001101000010 #"
#2382
b10010100101001 D
b10111111101001 d
b100111100000111000111111111111110010011110010000001000 #"
#2383
b10000111101001 D
b10000111101001 d
b1010011000000110000000000001110001010010111101000 #"
#2384
b10001111101001 D
b10001111101001 d
b1111111111101111011100011110011111111111110100001000101111101001 #"
#2385
b10001111111011 D
b10001111111011 d
b110000111001110110101100000000000000111011101000011000 #"
#2386
b10001100111011 D
b10001100111011 d
b1111111111001011010111011100011100000000001001001011000111100101 #"
#2387
b10001101010111 D
b10001101010111 d
b11010011110100010111111111101110000100010010101111 #"
#2388
b10001101110101 D
b10001101110101 d
b1111111111111101001101101000111100000000011110001011000100100011 #"
#2389
b10111111110100 D
b10000101110100 d
b1111111111111111001111110110100011111111011110000110001001110000 #"
#2390
b1111111110000 D
b1111111110000 d
b100101110010101001000000000000011110110101001110001110 #"
#2391
b1111011000100 D
b1111011000100 d
b1111111110100111110010110010110111111111100010011000011111000001 #"
#2392
b1110111100011 D
b1110111100011 d
b1111101110011110101010000000000100000010100010111011001 #"
#2393
b1110100101101 D
b1110100101101 d
b1111111110001010010111101111001011111111010100000101100110001111 #"
#2394
b1110010011110 D
b1110010011110 d
b1100101100110001011001000000000111000100010010011100100 #"
#2395
b1110100011110 D
b1110100011110 d
b1111111110101101001010111011001011111110111011101111100000011001 #"
#2396
b1111000000000 D
b1111000000000 d
b100001100000010011101000000001001000010000110110101100 #"
#2397
b1111100101110 D
b1111100101110 d
b1111111111010011001101011000100111111111000110000011101011010000 #"
#2398
b10000001011001 D
b10000001011001 d
b10000011011101000011000100000000101100110001000010100111 #"
#2399
b10000101101110 D
b10000101101110 d
b1111111100110111010101011010000011111111011110100110011111001000 #"
#2400
b10001001011000 D
b10001001011000 d
b11010101110010000100110000000000010100001110110001100110 #"
#2401
b10001100001110 D
b10001100001110 d
b1111111101000111101010010111110111111111101010000100100110100111 #"
#2402
b10001100111011 D
b10001100111011 d
b10010001011100011100010100000000010111101010100011110100 #"
#2403
b10001010111100 D
b10001010111100 d
b1111111110010111100010001101110011111111101011000011111110011010 #"
#2404
b10001000001011 D
b10001000001011 d
b11000100101000100010100000000010011000100011101111110 #"
#2405
b10000010110010 D
b10000010110010 d
b1001101010011110100111111111111001000010101111111010 #"
#2406
b1111100101010 D
b1111100101010 d
b11011000000111110100111111111111010111010000100000110 #"
#2407
b1111000101011 D
b1111000101011 d
b1111111111110001000000010001001100000000000011101111001010110110 #"
#2408
b1110101111011 D
b1110101111011 d
b1111111111101101101100111111111100000000000011110011001001110010 #"
#2409
b1110011111100 D
b1110011111100 d
b101110110111111111111111110000011111001010100001 #"
#2410
b1110011001011 D
b1110011001011 d
b1111111111101011011001001100001000000000010111011100011001000100 #"
#2411
b1110101101010 D
b1110101101010 d
b1000101111011101001111111111111110000110011010111110111 #"
#2412
b1111001111010 D
b1111001111010 d
b1111111111001000011101011110110000000000000001010010111011111010 #"
#2413
b1111110110000 D
b1111110110000 d
b1111101011100000101000000000000100100111001100110111 #"
#2414
b10000011000001 D
b10000011000001 d
b1100101000001100001111111111110101101010101111111001 #"
#2415
b10000111101100 D
b10000111101100 d
b1111111111010110001100011011101000000000000101101011010111000000 #"
#2416
b10001011110001 D
b10001011110001 d
b111011000010000111110100000000001000111010001101001101 #"
#2417
b10001100110111 D
b10001100110111 d
b1111111110111000010110100101000111111111111001001110010110110101 #"
#2418
b10001011100011 D
b10001111110111 d
b1001110101000110000111000000000000010100110001100010010 #"
#2419
b10001011100111 D
b10001011100111 d
b1111111111010101110110110010000011111111110100011011110011000001 #"
#2420
b10001101101111 D
b10001101101111 d
b100001111101001100100100000000001100000100111000111110 #"
#2421
b10000101111101 D
b10000101111101 d
b1111111110110000001010001110110111111111101011111111001111001011 #"
#2422
b10111011011111 D
b10111011011111 d
b10000110100101101100011100000000100101001011001000001110 #"
#2423
b1111111011111 D
b1111011011111 d
b1111111100010101010010000011011111111111010000000011000011011110 #"
#2424
b1110111010010 D
b1110111010010 d
b100001101111111000110101100000000110000100111110101011011 #"
#2425
b1110111011001 D
b1110111010000 d
b1111111101101110110010101011100011111111010011011001111110010011 #"
#2426
b1110011011001 D
b1110011011001 d
b1111111111101011101010001101110100000000100110000110100101110010 #"
#2427
b1110100101010 D
b1110100101010 d
b10100000001011001011111011111111101010100000100111010001 #"
#2428
b1110111011101 D
b1110111011101 d
b1111111100011100001101000000000000000000000000110001000111011000 #"
#2429
b1111011011101 D
b1111011011101 d
b10001000000101011100101111111111111111110011110111100011 #"
#2430
b10000000001101 D
b10000000001101 d
b1001110000001110101101001111010011110000001001001001111001001 #"
#2431
b10000110000100 D
b10000110000100 d
b1111111111011001010000000111111100000000010001100011100001010111 #"
#2432
b10001010001001 D
b10001010001001 d
b1111111111111111001101011111001011111111100011110011001011011010 #"
#2433
b10001011101001 D
b10001011101001 d
b100001101101100110001100000000100100001110100101101100 #"
#2434
b10001100010101 D
b10001100010101 d
b1111111110110011110110001111100111111111010011110110111001001100 #"
#2435
b10001011010101 D
b10001011010101 d
b1001110101011000000000000000000101010000111011101010010 #"
#2436
b10000111111000 D
b10000111111000 d
b1001000111101000000111111111011001110110110011011100 #"
#2437
b10000011110000 D
b10000011110000 d
b1111111110110100000110110110011000000000100001010110110000110110 #"
#2438
b1111101111101 D
b1111101111101 d
b111101101101100110001111111111100000101100100110110001 #"
#2439
b1111001001101 D
b1111001001101 d
b1111111111100010100001101100110100000000100001011011010001010101 #"
#2440
b1110101111010 D
b1110101111010 d
b1111111111110100101101001100000111111111100000010010100001011011 #"
#2441
b1110011110000 D
b1110011110000 d
b1000010100111101010110000000000011000110100101110000100 #"
#2442
b1110011101011 D
b1110011101011 d
b1111111110010011000001010111101111111111110001001000100000001001 #"
#2443
b1110101011100 D
b1110101011100 d
b10010000011100001110011000000000000011001001000110111011 #"
#2444
b1111000110000 D
b1111000110000 d
b1111111101100001100000011000000000000000000101111110000000111010 #"
#2445
b1111101100101 D
b1111101100101 d
b10001001000100001011010011111111110101111110010111001111 #"
#2446
b10000011011110 D
b10000011011110 d
b1111111110011011101110101111001000000000001001100111101010000001 #"
#2447
b10000111101010 D
b10000111101010 d
b11101010100100011000111111111110110001000010001000111 #"
#2448
b10001010011010 D
b10001010011010 d
b110010001010000110000100000000000110101000001110011011 #"
#2449
b10001100000110 D
b10001100000110 d
b1111111110101100110001100111111111111111111011000101101001010110 #"
#2450
b10001100001111 D
b10001100001111 d
b1001000110111010110111000000000001010000000010101110111 #"
#2451
b10001010010101 D
b10001010010101 d
b1111111111011100111111100101000111111111110001010000010010000000 #"
#2452
b10000110000001 D
b10000110000001 d
b11111110111000011000000000001111100000010110011010 #"
#2453
b10000000100111 D
b10000000100111 d
b11000110011001101100111111111101011001011011100001011 #"
#2454
b1111011110111 D
b11111011110111 d
b1111111111010111100111101011100100000000011011010000100000001100 #"
#2455
b1111111110111 D
b1111111110111 d
b1100101010010011100011111111100100000100111001110100 #"
#2456
b1110111100111 D
b1110111100111 d
b1111111111111100010000111110100100000000011100100011110101110110 #"
#2457
b1110111100101 D
b1110111100101 d
b1111111111111100101101011110100111111111100100100110001011001001 #"
#2458
b1110111110101 D
b1110111110101 d
b101011100101111100110000000000010110111110011110110111 #"
#2459
b1110110110101 D
b1110110110101 d
b1111111111100101010111101111101011111111101101111101100010101000 #"
#2460
b1111111110100 D
b1111111110100 d
b1111111111111000111101010110110100000000001000110001000011101011 #"
#2461
b1111011000100 D
b1111011000100 d
b1111111111111001111111011011010011111111111101100000001100000110 #"
#2462
b10000000101011 D
b10000000101011 d
b101010011000110001000000000000010001101010011101101 #"
#2463
b10000100110110 D
b10000100110110 d
b1111111111100100000100100111111011111111111011111011111100000110 #"
#2464
b10001001001110 D
b10001001001110 d
b1011010001110101000010100000000001110001010001100001111 #"
#2465
b10001100000011 D
b10001100000011 d
b1111111110010101111001000100101011111111100111000111011100111011 #"
#2466
b10001100011010 D
b10001100011010 d
b1011101110110011110100100000000011000000101110011000011 #"
#2467
b10001011000100 D
b10001011000100 d
b1111111110101101111001101100000111111111100110100110100100000000 #"
#2468
b10001000100100 D
b10001000100100 d
b111110000011111011110100000000011000110100001101000010 #"
#2469
b10000100011011 D
b10000100011011 d
b1111111111001010101010101100001011111111110001010010100101101101 #"
#2470
b1111110111010 D
b1111110111010 d
b110111100011101001000100000000000111100110110011100001 #"
#2471
b1111001101101 D
b1111001101101 d
b1111111111000011010011100001100111111111111100100101010000111111 #"
#2472
b1110101011100 D
b1110101011100 d
b110000000000010001111011111111111011111111100001011101 #"
#2473
b1110100010000 D
b1110100010000 d
b1111111111111011111011011111011100000000001000110100100110001111 #"
#2474
b1110100001010 D
b1110100001010 d
b1111111111011100111100010111101111111111110101011101010111100110 #"
#2475
b1110100110110 D
b1110100110110 d
b101111001000010001110100000000000101001110011010011101 #"
#2476
b1111000110000 D
b1111000110000 d
b1111111111011110100011110010001100000000000000000011100011111111 #"
#2477
b1111101010110 D
b1111101010110 d
b11110001011101011000000000000000100001110000101101001 #"
#2478
b10000010011111 D
b10000010011111 d
b1111111111010101110010000101100011111111110100001100001110111000 #"
#2479
b10000111100000 D
b10000111100000 d
b11001101000100110100100000000010010100000011010101111 #"
#2480
b10001010100101 D
b10001010100101 d
b1111111111110111111000000110010011111111100111110011111001100010 #"
#2481
b10001011110010 D
b10001011110010 d
b10001001110101110111000000000011001000110101100100001 #"
#2482
b10001100111100 D
b10001100111100 d
b1000101011100010011111111101011101001110100001100 #"
#2483
b10001010111010 D
b10001010111010 d
b1111111111100000001011101000101100000000010000000001110111101001 #"
#2484
b10000110100111 D
b10000110100111 d
b11111110011011011110111111111110000010101100100110111 #"
#2485
b10000001111111 D
b10000001111111 d
b1111111111011110111100000000100000000000001110000100110010111001 #"
#2486
b1111100001011 D
b1111100001011 d
b110000111011000011101111111111110110101101010101110100 #"
#2487
b1110111101001 D
b1110111101001 d
b1111111110111010011110001000011100000000000101011000100010011011 #"
#2488
b1110100110111 D
b1110100110111 d
b1001001111000011001000100000000000010111101111111101110 #"
#2489
b1110100101001 D
b1110100101011 d
b1111111111011100110110001100010111111111110100110011110000001010 #"
#2490
b1110100101111 D
b1110100101111 d
b1111111111101111110110010101001000000000001100110110001100011110 #"
#2491
b1110101110111 D
b1110101110111 d
b110101110011110101111111111111110010111010010001110011 #"
#2492
b1111111110111 D
b1111111110111 d
b1111111110101001100100100111111100000000010000101011000010101000 #"
#2493
b1111111101110 D
b1111111101110 d
b1001111010000011010100011111111101011111001001110001111 #"
#2494
b11111111101110 D
b1111011100110000000100100100110110101010011110111110010011111 #"
#2495
b10001100111100 D
b10001100111100 d
b10010011100110010100111111111110001001111110000101010 #"
#2496
b10001011111101 D
b10001011111101 d
b1111111111101001101001000001101000000000001000101100101011001100 #"
#2497
b10001111011101 D
b10001011011101 d
b100100111000010110011011111111111011101110110111000000 #"
#2498
b10001101100101 D
b10001100100101 d
b1111111110110001101111111010010000000000000101101100010010111101 #"
#2499
b10001011110001 D
b10001011110001 d
b1110011101100010000001111111111110110011100010110100011 #"
#2500
b10001000100010 D
b10001000100010 d
b1111111110010010011111110100010000000000001010000000011011110000 #"
#2501
b10000100100110 D
b10000100100110 d
b1010100110010100011100111111111110110011010110110001000 #"
#2502
b1111111011110 D
b1111111011110 d
b1111111111000010111100111010010000000000001000111000010111010001 #"
#2503
b1111001111001 D
b1111001111001 d
b10111011111001011000111111111111010100110111111101100 #"
#2504
b1110110000111 D
b1110110000111 d
b100101110001010111000000000000101110111010011110000 #"
#2505
b1110100000100 D
b1110100000100 d
b1111001001000110111111111110110011111100101000111 #"
#2506
b1110011101110 D
b1110011101110 d
b1111111111110001110101111000000000000000001110111001100011110000 #"
#2507
b1110101011100 D
b1110101011100 d
b1101101101101100111111111111101110011011010111100111 #"
#2508
b1110111111100 D
b1110111111100 d
b1111111111101100111011100101001100000000001111101000110000100000 #"
#2509
b1111100100011 D
b1111100100011 d
b1111111111111111010001010010001011111111110111011100001111101000 #"
#2510
b10000001111000 D
b10000001111000 d
b100111110010110001110000000000000000101101101010101010 #"
#2511
b10000110001111 D
b10000110001111 d
b1111111111001011011011100100001000000000000101001101111010001100 #"
#2512
b10001010110011 D
b10001010110011 d
b101100111110101011010111111111110111111111111000100100 #"
#2513
b10001100101100 D
b10001100101100 d
b1111111111011110001101111001100000000000000100101100101011011111 #"
#2514
b10001100001001 D
b10001100001001 d
b1000101011111000110111111111111100101110011100011010 #"
#2515
b10001010001100 D
b10001010001100 d
b10000100111010110101000000000001000001100000000001100 #"
#2516
b10000110100011 D
b10000110100011 d
b1111111111100110101101111000000011111111110101110010111101011100 #"
#2517
b10000010100100 D
b10000010100100 d
b10110111000011101010000000000001011011010100010100010 #"
#2518
b1111101011000 D
b1111101011000 d
b1111111111110110111110110010011111111111110001101000101000111011 #"
#2519
b1111000000001 D
b1111000000001 d
b1111111111111111011110100110101000000000000110001011100111000010 #"
#2520
b1110100110001 D
b1110100110001 d
b11000101011100010000111111111111101110110011011000000 #"
#2521
b1110011000111 D
b1110011000111 d
b1111111111000000010111110000011100000000001000111010111011100011 #"
#2522
b1110100100101 D
b1110100100101 d
b1100101000101110010100011111111101111110111010001000111 #"
#2523
b1110110110001 D
b1110110110001 d
b1111111110000001100110110000111100000000011010110111001101000000 #"
#2524
b1111001010101 D
b1111001110101 d
b1111111100111101111101011111111100000000001010101101101 #"
#2525
b1111110101010 D
b1111110101111 d
b1111111110101001111011001111100000000000011101010110010110011110 #"
#2526
b10111110111011 D
b11111110111011 d
b100110101010100110101011111111100000101001010111111110 #"
#2527
b10001100011111 D
b10001100011111 d
b1111111111111111000101011011111100000000011010011001100101011011 #"
#2528
b10001011111111 D
b10001011111111 d
b1111111111101011101001111111000111111111101100001111010101000100 #"
#2529
b10001111111111 D
b10001111111111 d
b1110011000001010011000000000010000111011100001101001 #"
#2530
b10001111111011 D
b10001111111011 d
b10100111111100000111111111110010000100000111100010 #"
#2531
b10001011011011 D
b10001011011011 d
b1111111111111110101100101000100100000000001011011110010101100010 #"
#2532
b10001101011101 D
b10001001010101 d
b1111111111110111010011111101011011111111110100000011101111011100 #"
#2533
b10000100111101 D
b10000100111101 d
b1111110100100111000100000000010100001011101000011010 #"
#2534
b1111111110101 D
b1111111110101 d
b1111111111101111110100011101110111111111100000110101011001111110 #"
#2535
b1111010101011 D
b1111010101011 d
b11001110111000010100000000011110010110010010001110 #"
#2536
b1110110011111 D
b1110110011111 d
b1111111111111011101001011111000011111111100110111011101001100100 #"
#2537
b1110011111110 D
b1110011111110 d
b10111111111101111101000000000010100101001001110011101 #"
#2538
b1110010101111 D
b1110010101111 d
b1111111111010100010010010110001111111111110000111010010011101110 #"
#2539
b1110100111011 D
b1110100111011 d
b110110111001001110001100000000001100111000001000011110 #"
#2540
b1111000000000 D
b1111000000000 d
b1111111111001101110010011001110011111111110101011110100010100110 #"
#2541
b1111011101101 D
b1111011101101 d
b10111111111001000010000000000001100111101001001101110 #"
#2542
b10000000111010 D
b10000000111010 d
b101110110010010010111111111101111110111000101010010 #"
#2543
b10000110011011 D
b10000110011011 d
b1111111111101100001110011101000000000000001101000010000000011010 #"
#2544
b10001010101110 D
b10001010101110 d
b10000101100110110110011111111110010010011110010010001 #"
#2545
b10001011110011 D
b10001011110011 d
b101001100111000101000000000001110010111010101101000 #"
#2546
b10001011101010 D
b10001011101010 d
b1111111111011011010011110101101111111111110100010000101000100100 #"
#2547
b10001011000111 D
b10001011000111 d
b1000111000110001000101000000000001011101001110111101001 #"
#2548
b10000111111001 D
b10000111111001 d
b1111111110101101110001110110101011111111111010010010001101000100 #"
#2549
b10000010010010 D
b10000010010010 d
b1010110010100110011110011111111111101101001110110011111 #"
#2550
b1111101100000 D
b1111101100000 d
b1111111110100001011100110010111100000000000110011100001010100111 #"
#2551
b1111000100110 D
b1111000100110 d
b1001100000000011111000011111111110111010100100101110001 #"
#2552
b1110101011110 D
b1110101011110 d
b1111111111001100011000010100010000000000001011001101111000010011 #"
#2553
b1110011110110 D
b1110011110110 d
b11111110011000101110111111111110100000010110111111010 #"
#2554
b1110011010010 D
b1110011010010 d
b1111111111110111110100010101001100000000001010110110001000011100 #"
#2555
b1110101110001 D
b1110101110001 d
b10110011111100101011111111110010001110001010000010 #"
#2556
b1111010000111 D
b1111010000111 d
b1111111111101010111110101001010100000000010001001110000110010011 #"
#2557
b1111110101001 D
b1111110101001 d
b110011100111000100100011111111110100000000111101001100 #"
#2558
b10000011100001 D
b10000011100001 d
b110000110110100110111011110011010011110101010111100001110011101 #"
#2559
b10001000001100 D
b10001000001100 d
b110001010010100111001001000100000000001111101000011010 #"
#2560
b10001011001010 D
b10001011001010 d
b11111111111100110000000000001010 #"
#2561
b10001100101011 D
b10001110101011 d
b1111111111001110110100100010011011111111111101111001011101110111 #"
#2562
b10001100111111 D
b10001100111111 d
b1000011000010000010100000000000000111100001110011100011 #"
#2563
b10001101011101 D
b10001101011101 d
b1111111111001100010100110100111011111111110011100101000111100011 #"
#2564
b10001101111111 D
b10001101111111 d
b10101000001000101001100000000010001010000010110101000 #"
#2565
b10000100111111 D
b10000100111111 d
b1111111111111101001101101111100111111111110010010010011010000110 #"
#2566
b10111011011111 D
b10111011001111 d
b1000000000110000110100000000001010100110101101010010 #"
#2567
b1111111010111 D
b1111111010111 d
b1111111111100000001101110000110011111111110011111110110100001010 #"
#2568
b1110111100111 D
b1110111100111 d
b110011100110100011001100000000001011001101111011111101 #"
#2569
b1110110010001 D
b1110100010001 d
b1111111110110011111101100101110011111111110111010011010111111101 #"
#2570
b1110010111001 D
b1110010111001 d
b1011110011101100001001000000000000110001111001100000001 #"
#2571
b1110100100011 D
b1110100100011 d
b1111111110101001101111011011000111111111111101101010010010110110 #"
#2572
b1111000001001 D
b1111000001001 d
b1010010001100000000110111111111111010010010100100100111 #"
#2573
b1111011110001 D
b1111011110001 d
b1111111110111000111001111110011100000000001011001100100111010110 #"
#2574
b10000000011011 D
b10000000011011 d
b100100101100111000101111111111110011111110010110101110 #"
#2575
b10000110001100 D
b10000110001100 d
b1111111111111010101001000101100000000000001110010100010100011110 #"
#2576
b10001001110111 D
b10001001110111 d
b1111111111101111010010101001111011111111110010010011110101001010 #"
#2577
b10001011101011 D
b10001011101011 d
b10011101101111111110000000000001100100001010001000111 #"
#2578
b10001100100101 D
b10001100100101 d
b1111111111111010001100111010000111111111101111110000000000111111 #"
#2579
b10001011010110 D
b10001011010110 d
b1111111111101000000100101000010000000000001100101101010110111011 #"
#2580
b10000111100001 D
b10000111100001 d
b110010001010011111010011111111110101011110110011111000 #"
#2581
b10000011000001 D
b10000011000001 d
b1111111111001001001000100010111100000000001100110000000101011011 #"
#2582
b1111110100100 D
b1111110100100 d
b101011101011110111110011111111110000101010000111110110 #"
#2583
b1111001100001 D
b1111001100001 d
b1111111111101000000101010011111000000000010100110000011010000110 #"
#2584
b1110101011111 D
b1110101011111 d
b100010110000010111111111111100110111011100110111011 #"
#2585
b1110011010001 D
b1110011010001 d
b1111111111111100110001100001100100000000011110011101100101000000 #"
#2586
b1110011111100 D
b1110011111100 d
b10000001000011110000011111111100000100101101011110010 #"
#2587
b1110101100001 D
b1110101100001 d
b1111111111110000001010101111011100000000010100001101110101111000 #"
#2588
b1111001000010 D
b1111001000010 d
b1000101100100011101111111111110100000100010100110000 #"
#2589
b1111101111110 D
b1111101111110 d
b1010001111001111100000000001011101111010101101001 #"
#2590
b10000011001001 D
b10000011001001 d
b1111111111111101011011110101001111111111110010001100101000011111 #"
#2591
b10000111110001 D
b10000111110001 d
b1111111111110001101000111011000100000000010000111100000110000011 #"
#2592
b10001011011110 D
b10001011011110 d
b10100010110011011011111111111101100001111010110010001 #"
#2593
b10001100100000 D
b10001100100000 d
b111000100110110100000000011010011000101001011111 #"
#2594
b10001011101111 D
b10001011101111 d
b1111111111011001011001111010100111111111100000100111001100111111 #"
#2595
b10001010000000 D
b10001010100000 d
b1010110000000111000101000000000011101001111101010000110 #"
#2596
b10000101101011 D
b10001101101011 d
b1111111110000000011010011111010011111111100000000000110001001011 #"
#2597
b10000000111011 D
b10000000111011 d
b1111110011001001001000000000000011010110011111101000010 #"
#2598
b1111100111111 D
b11111100111111 d
b1111111110011010110101111011011111111111101111100100111111110100 #"
#2599
b1111111010110 D
b1111111010110 d
b111111101100110000110000000000001001001110101101111001 #"
#2600
b1110111010011 D
b1110111010011 d
b1111111111100111010110000110110111111111111101110110010110110001 #"
#2601
b1110111011101 D
b1110111011101 d
b100011000100001000000000000110001100101111001111 #"
#2602
b1110011111101 D
b1110011111101 d
b1001000000010100111011111111110001010110110011100010 #"
#2603
b1110111111001 D
b1110111111001 d
b1111111111101001000110011011101000000000001011110011111001010000 #"
#2604
b1111111011001 D
b1111111011001 d
b11001010011101000010111111111110101110010000001000101 #"
#2605
b1111011010001 D
b1111011010001 d
b1111111111101111010100111001101100000000001000011101101011111100 #"
#2606
b10000000101010 D
b10000000101010 d
b1111111111110111011000111111101111111111111100110101100011001000 #"
#2607
b10000100100101 D
b10000100100101 d
b100001101010100000010000000000000100100110111101011101 #"
#2608
b10001001001100 D
b10001001001100 d
b1111111111010011000001101101011011111111110111111111110101000111 #"
#2609
b10001011111011 D
b10001011111011 d
b110100100000110100011000000000000100111001010011011111 #"
#2610
b10001100111101 D
b10001100111101 d
b1111111111011000000110101001001100000000000001000100000100100000 #"
#2611
b10001011010111 D
b10001011010111 d
b101111101101111011111111110111010111101001011011 #"
#2612
b10001000000010 D
b10001000000010 d
b10011000101000111111000000000001111101000111000101001 #"
#2613
b10000011111011 D
b10000011111011 d
b1111111111110010010101000000011111111111101101111111001001100101 #"
#2614
b1111110011111 D
b1111110011111 d
b1110001000101000000100000000001110100101011000011111 #"
#2615
b1111001010011 D
b1111001010011 d
b1111111111111110000011111001101011111111110110010010010000111110 #"
#2616
b1110101110111 D
b1110101110111 d
b1111111111111011010000100111010100000000000101110111001101000000 #"
#2617
b1110011100010 D
b1110011100010 d
b1111111111101000011111101000000011111111111010100011111000101100 #"
#2618
b1110011110110 D
b1110011110110 d
b111101000001101011001000000000001000100100100010000110 #"
#2619
b1110101001111 D
b1110101001111 d
b1111111110101011001110101001111111111111110110000100011110110000 #"
#2620
b1111000100001 D
b1111000100001 d
b1101101011110111111011100000000001010000000011100111110 #"
#2621
b1111101100110 D
b1111101100110 d
b1111111110001100010110001011001011111111110101111101001011010110 #"
#2622
b10000010111001 D
b10000010111001 d
b1001110001111100110000000000000000110001001011011100010 #"
#2623
b10000111010100 D
b10000111010100 d
b1111111111011011010100101000111011111111111010101011110100111010 #"
#2624
b10001010010110 D
b10001010010110 d
b10110010110111110011100000000001000101100101011001100 #"
#2625
b10001100100101 D
b10001100100101 d
b1111111111101100100101001001011011111111110010100011010100001100 #"
#2626
b10001100001101 D
b10001100001101 d
b100110111100011110001100000000010010000001010010011011 #"
#2627
b10001010001001 D
b10001010001001 d
b1111111110101111111110010111011111111111101011111111011010101011 #"
#2628
b10000110011110 D
b10000110011110 d
b1010110110000101100111100000000010000101000111100100001 #"
#2629
b10000001101011 D
b10000001101011 d
b1111111111001010001010000000101111111111110011010011110000000010 #"
#2630
b1111011111000 D
b1111011111000 d
b10000000111000010011000000000001100011011011100011001 #"
#2631
b1110111100111 D
b1110111100111 d
b100011001010111110000011111111110101000011001100001011 #"
#2632
b1110101111111 D
b1110101111111 d
b1111111110110110000110110111101000000000000010111110010100010000 #"
#2633
b1110011101011 D
b1110111111111 d
b1000101100010111001010100000000000101101011111000010011 #"
#2634
b1110110101001 D
b1110111101001 d
b1111111111001111001010101110110011111111110110010001011000011110 #"
#2635
b1110110011111 D
b1110110011111 d
b100001001001100100001100000000001110100010011011101010 #"
#2636
b1111110110111 D
b1111110110111 d
b1111111111100000001100000001001111111111110000010101100110010111 #"
#2637
b1111111111111 D
b1111111111111 d
b11111110110111100000000000000001111110111111010101001 #"
#2638
b1111111111011 D
b1111111111011 d
b1111111111111111000101000011100111111111101011110100101100001010 #"
#2639
b10000101101110 D
b10000101101110 d
b1111111111101110101111000001000100000000011000101101101101100101 #"
#2640
b10001011010010 D
b10001001010010 d
b1000001001011111010111111111100111110100000000011011 #"
#2641
b10001011111101 D
b10001011111001 d
b1111111111100110011110001100001000000000010010000110111110100001 #"
#2642
b10001011111111 D
b10001011111111 d
b101010001101011011001111111111110100100001011000110101 #"
#2643
b10001011100110 D
b10001011100110 d
b1111111111100001111000011000010000000000000100001010000000001010 #"
#2644
b10001001010110 D
b10001001010110 d
b100001011100000001111100000000000000000100101110101101 #"
#2645
b10000100100010 D
b10000100100010 d
b1111111111010000110100001100101000000000000100111100110011111010 #"
#2646
b1111110110001 D
b1111110110001 d
b100011001101010000101011111111110101100011101010011100 #"
#2647
b1111001101110 D
b1111001101110 d
b100000001001001001100000000001000111001110101110101 #"
#2648
b1110110000101 D
b1110110000101 d
b1111111111010000000001100000100011111111111011111111100011111011 #"
#2649
b1110100111000 D
b1110100111000 d
b111100101000000100001111111111111100010001101111110110 #"
#2650
b1110011011011 D
b1110011011011 d
b1111111111001000100010000100001000000000000111101011001010110000 #"
#2651
b1110100100000 D
b1110100100000 d
b110101010001001010011011111111110001010011101111101001 #"
#2652
b1111000001110 D
b1111000001110 d
b1111111111000001111101001111100100000000011000110100010100010011 #"
#2653
b1111100110110 D
b1111100110110 d
b1010010000101101000001011111111100110010111110000100011 #"
#2654
b10000010001001 D
b10000010001001 d
b1111111110100010001001001100111000000000011000001110011011010100 #"
#2655
b10000110110001 D
b10000110110001 d
b1101010000001000101110011111111100111010000110110000000 #"
#2656
b10001010010100 D
b10001010010100 d
b1111111110100101110001011001100100000000001110001010001011101111 #"
#2657
b10001100001011 D
b10001100001011 d
b11011111101010000010011111111111011110010110111000010 #"
#2658
b10001100100001 D
b10001100100001 d
b1111111111111010101010000010011000000000000010101011101111110001 #"
#2659
b10001010110000 D
b10001010110000 d
b101111011000001100011111111111101010101000100111010 #"
#2660
b10000110101111 D
b10000110101111 d
b111000011111011111000000000001000110001101110100111 #"
#2661
b10000010000111 D
b10000010000111 d
b11010101001100101110111111111101101111100111110010100 #"
#2662
b1111100101110 D
b1111100101110 d
b1111111111010100010101110110011100000000010110110100011111110100 #"
#2663
b1111000010000 D
b1111000010000 d
b11001101001101001011111111100100101010111010011101 #"
#2664
b1110101000011 D
b1110101000011 d
b11101110011000111100000000011100100011110101011000 #"
#2665
b1110011101000 D
b1110011101000 d
b1111111111110011010101110110010111111111100100000101110010100111 #"
#2666
b1110011101011 D
b1110011101011 d
b101000011101001110111100000000011011000110011100100001 #"
#2667
b1110110001011 D
b1110110001011 d
b1111111111100111000011111101100111111111101011001010101001010111 #"
#2668
b1111010011111 D
b1111010011111 d
b1111111111111100000101011101101100000000001111100000111000100011 #"
#2669
b1111111001111 D
b1111111011111 d
b100010111000011110011111111111110001010011011101000010 #"
#2670
b11111111010111 D
b11111111010111 d
b1111111110110111010000000000011000000000001010010011010000101100 #"
#2671
b10001100010111 D
b10001100010111 d
b1010011000111010011100111111111111010111000110110111001 #"
#2672
b10001011101100 D
b10001011101100 d
b1111111111001101110101011101000100000000000110101000001101111001 #"
#2673
b10001111111101 D
b10001111111101 d
b1111111111100010110000100111010011111111110101111101110000110100 #"
#2674
b1100100001000111101000000000000001001111000100010110100 #"
#2675
b10001011010101 D
b10001011010101 d
b1111111101110111000010101000101011111111110110010011111101001011 #"
#2676
b10001100101110 D
b10001000101110 d
b10011110011101110011001000000000000101111110100010011101 #"
#2677
b10000100100101 D
b10000100100101 d
b1111111101101111101011011100001000000000000010111011000100011110 #"
#2678
b10000000001100 D
b10000000001100 d
b1101100111111101001101011111111110001010001111010011011 #"
#2679
b1111010100111 D
b1111010100111 d
b1111111110111101011100110100011000000000011000111000101011000001 #"
#2680
b1110110010011 D
b1110110010011 d
b1011010010110101010111111111100000010010100000100011 #"
#2681
b1110011100001 D
b1110011100001 d
b11101100001001001001000000000100001101000001101100001 #"
#2682
b1110011100111 D
b1110011100111 d
b1111111111000010010101111011111111111111100000110101100111111110 #"
#2683
b1110100111111 D
b1110100111111 d
b1001011111110101101100000000000100001011000001001001011 #"
#2684
b1111000101001 D
b1111000101001 d
b1111111111110110111011111100110111111111011001110110111101001001 #"
#2685
b1111011111111 D
b1111011111111 d
b1111111110110001010010110111010000000000101001111111010001010100 #"
#2686
b10000000110111 D
b10000000110111 d
b110001001000100001111011011101100010010110010110110110010001010 #"
#2687
b10000110110011 D
b10000110110011 d
b1111111111011110011001001010000100000000100100011101000001011011 #"
#2688
b10001010111010 D
b10001010111010 d
b110010100000111111111111100011110011001011011011 #"
#2689
b10001011111100 D
b10001011111100 d
b100110101010010011110000000000010000010010110110111111 #"
#2690
b10001100000101 D
b10001100000101 d
b1111111111111010001110101001010000000000000000000110001010101011 #"
#2691
b10001010000010 D
b10001010000010 d
b1111111101110111110011001100000011111111111111011111101001100110 #"
#2692
b10000111010000 D
b10000111010000 d
b11100011110101000001110000000000000000110001111011010011 #"
#2693
b10000010111110 D
b10000010111110 d
b1111111101011111110000011001011111111111101010101111110001010111 #"
#2694
b1111101000110 D
b1111101000110 d
b10100010011111110001000000000100110000101100011000110 #"
#2695
b1111000100000 D
b1111000100000 d
b10010001001101111111111011111111010011011000011001111000 #"
#2696
b1110101010011 D
b1110101010011 d
b1111111011110010000000010100010000000000110000100111110111011110 #"
#2697
b1110011001100 D
b1110011001100 d
b11101010101010100101111111111111010000010001111111111101 #"
#2698
b1110100010011 D
b1110100010011 d
b1111111101111001100001001001100000000000100101001001101010000010 #"
#2699
b1110110000001 D
b1110110000001 d
b1001111110011011101011111111111101100001111110000110010 #"
#2700
b1111001100111 D
b1111001100111 d
b1111111111011110000000101100001000000000001100000100111100000000 #"
#2701
b1111110100111 D
b1111110100111 d
b101010001000000111111111111111110100011100000011000010 #"
#2702
b10000011100010 D
b10000011100010 d
b1111111110110001011000100100111000000000000011000010010001010011 #"
#2703
b10001000100010 D
b10001000100010 d
b1000111100111011100010111111111111001011101111011111011 #"
#2704
b10001011101011 D
b10001011101011 d
b1111111111000100111101111110100100000000001000111010010000110011 #"
#2705
b10001110101011 D
b10001111101011 d
b101001110110100001110000000000000110001001110000100011 #"
#2706
b10001111101111 D
b10001111101111 d
b1111111111110011010010100011110011111111110101100101110011101011 #"
#2707
b10001011101110 D
b10001011101110 d
b1111111111110000011000110111011000000000000100100111001011001001 #"
#2708
b10001101111100 D
b10001101111100 d
b110111011110110011001100000000000001010010100110100001 #"
#2709
b10111101011111 D
b10111101011111 d
b1111111110111010001001100111001111111111110000100011011101101011 #"
#2710
b1111111111111 D
b1111111111111 d
b10100101011000100010000000000010111110111110001011101 #"
#2711
b1111111111110 D
b1111111010110 d
b1111111111111111010010010101001111111111110000001101111010011001 #"
#2712
b1110110111110 D
b1110110111110 d
b10010010010101110100100000000000011110011001000101100 #"
#2713
b1110101000000 D
b1110100000000 d
b1111001000100100110000000000000011010111001011000110 #"
#2714
b1110011011110 D
b1110011011110 d
b1111111111100100111010001101000011111111111011010101011101110101 #"
#2715
b1110101010100 D
b1110101010100 d
b1111111111110110001110111111011011111111111000110111011100110000 #"
#2716
b1110111010101 D
b1110111010101 d
b1111111111100111011010001001110100000000010011000100101110111001 #"
#2717
b1111011000001 D
b1111011000001 d
b1101000101011011001010111111111101011000011000000001001 #"
#2718
b10000001010101 D
b10000001010101 d
b1111111101101110011010110010110000000000010111100001111111100001 #"
#2719
b10000110001010 D
b10000110001010 d
b10111000010111001100101011111111101001100111011100011100 #"
#2720
b10001001101100 D
b10001001101100 d
b1111111100101010001110010001100000000000010100001110110100111000 #"
#2721
b10001100001011 D
b10001100001011 d
b11001000101011111010000011111111011110100011010101101011 #"
#2722
b10001100101000 D
b10001100101000 d
b1111111101111100011011010001010000000000101100110010101001010100 #"
#2723
b10001011010010 D
b10001011010010 d
b101100110010000111111011111111000101100111100000101111 #"
#2724
b10000111001010 D
b10000111001010 d
b1111111111011110011100001001011100000001001000010000111111100000 #"
#2725
b10000010111111 D
b10000010111111 d
b1010010110101000111111011111110111011111000111101100011 #"
#2726
b1111110100111 D
b1111110100111 d
b1111111110011010011111010010001000000000111000010110111111011010 #"
#2727
b1111000110001 D
b1111000110001 d
b1110101100100001011010111111111010011100100010111101011 #"
#2728
b1110101000111 D
b1110101000111 d
b1111111110000010001100110111011000000000100000010100010010010101 #"
#2729
b1110011101011 D
b1110011101011 d
b1011000001011111001000011111111100010010011111100110100 #"
#2730
b1110011101111 D
b1110011101111 d
b1111111111011010010010111000111100000000011110101000100001100110 #"
#2731
b1110101111000 D
b1110101111000 d
b101110111101011011111111011101101110000011101010 #"
#2732
b1111001101101 D
b1111001101101 d
b10110101110001101000000000011110001100000011010100 #"
#2733
b1111101110110 D
b1111101110110 d
b1111111111111100101010010100011111111111101101111001100010111000 #"
#2734
b10000010111111 D
b10000010111111 d
b110100101111110010111000000000001001100000111100000010 #"
#2735
b10000111101111 D
b10000111101111 d
b1111111111001111000010001110100000000000000000100000101110111110 #"
#2736
b10001011101010 D
b10001011101010 d
b10000100011000000100011111111110100001000110101010000 #"
#2737
b10001101010111 D
b10001101010111 d
b1111111111111110110001010001110000000000001110001111010100110111 #"
#2738
b10001011110100 D
b10001011110100 d
b1111111111011000011001001110111111111111110010100000001101111011 #"
#2739
b10001001101010 D
b10001001101010 d
b101001000110001010001000000000001000000000101000000100 #"
#2740
b10000101101011 D
b10001101101011 d
b10010101011101101011111111111111110110100001010000111 #"
#2741
b10000001111011 D
b10000101111011 d
b1111111111001000010010001110010111111111111100100101011011101110 #"
#2742
b11111011111011 D
b11111011111011 d
b111111110011100100111000000000000101110011010011111111 #"
#2743
b1111111111111 D
b1111111111111 d
b1111111111001111111010000101110100000000000000111110111111000001 #"
#2744
b1110111001111 D
b1110111001111 d
b111010011000000100111111111110100101101011010111110 #"
#2745
b1110111101011 D
b1110111101011 d
b1000010111100111001110000000000001100100001001001100111 #"
#2746
b1110111101001 D
b1110111101001 d
b1111111110011010100111000100101011111111111001011000011101111110 #"
#2747
b1110111101101 D
b1110111101101 d
b1000011011011110101101000000000000000101101000000101000 #"
#2748
b1111111011100 D
b1110111001100 d
b1111111111011111111110010010110111111111111111101011010011000010 #"
#2749
b1111011110100 D
b1111011110100 d
b1100001010111011000100000000000010010010011000010100 #"
#2750
b10000000111001 D
b10000000111001 d
b100101100000100111110100100110101001011000000001000111011001001 #"
#2751
b10000100111010 D
b10000100111010 d
b1111111111101100011011000100110111111111111001111110100001110010 #"
#2752
b10001001010000 D
b10001001010000 d
b111110111100111001100000000000101101101100001110011 #"
#2753
b10001100011001 D
b10001100011001 d
b1111111111101110111111101100100011111111111011111010110000011100 #"
#2754
b10001101010100 D
b10001101010100 d
b100001011111010110110100000000001000100111110011010000 #"
#2755
b10001011000001 D
b10001011000001 d
b1111111111010001011100101111111111111111101000001101110100011001 #"
#2756
b10000111110110 D
b10000111110110 d
b1001010101011001101101000000000100110001000000110001100 #"
#2757
b10000100001010 D
b10000100001010 d
b1111111110110101001010110101100011111111001110110001101000111111 #"
#2758
b1111110101011 D
b1111110101011 d
b111101011101111011001000000000111000111001001111111011 #"
#2759
b1111001110100 D
b1111001110100 d
b1111111110110000011011011000111011111111010011101011001011100011 #"
#2760
b1110101011011 D
b1110101011011 d
b1000101101011100000010000000000010100010100000110100110 #"
#2761
b1110011100101 D
b1110011100101 d
b1111111111100110000111001010011100000000000001101011000001000101 #"
#2762
b1110011111111 D
b1110011111111 d
b101000010010101011110011111111110000011101100010111110 #"
#2763
b1110101010010 D
b1110101010010 d
b1111111110110000001011110100011100000000001100010001110100011011 #"
#2764
b1111000110000 D
b1111000110000 d
b111011011100010110011011111111110000000001000101011011 #"
#2765
b1111101111110 D
b1111101111110 d
b1111111111101000100000000010000000000000011011010101000001010010 #"
#2766
b10000010110001 D
b10000010110001 d
b1111111111100100100001110000111111111111100110110010110110001101 #"
#2767
b10000111000111 D
b10000111000111 d
b1110010010000011010101000000000011001101100010111101110 #"
#2768
b10001010101001 D
b10001010101001 d
b1111111100101000111111000001011011111111011110000110000001110111 #"
#2769
b10001101001111 D
b10001101001111 d
b11110101011100000100110100000000100010010010100001101110 #"
#2770
b10001100100010 D
b10001100100010 d
b1111111100110011011001111100101011111111100110111010111000101111 #"
#2771
b10001001101110 D
b10001001101110 d
b10000010100110101001100100000000001110110100000111110001 #"
#2772
b10000101000110 D
b10000101000110 d
b1111111111001110010001101010101011111111111101000001110011111000 #"
#2773
b10000001100010 D
b10000001100010 d
b10011101011011100010111111111111000111010011000000101 #"
#2774
b1111100101011 D
b1111100101011 d
b101001010010111000100000000000101100110110111110001 #"
#2775
b1110111111010 D
b1110111111010 d
b1111111111111110111010010010001000000000001000011000100010110110 #"
#2776
b1110100101010 D
b1110110101010 d
b1111111110110001011010111001010111111111100101011100100010010010 #"
#2777
b1110110111110 D
b1110110111110 d
b1100100101010101110010100000000101000110010100011000111 #"
#2778
b1110110111101 D
b1110110111101 d
b1111111111100110111100000101010111111111011010011001101111110100 #"
#2779
b1110111001111 D
b1110111001111 d
b1111111111100111110010110101000100000000010111110000010010011000 #"
#2780
b1111111011111 D
b1111111011111 d
b101000101011010101000011111111111000011100111000010001 #"
#2781
b1111111110111100100101010101100111111111111000011011100100001001 #"
#2782
b1111111011001 D
b1111111011001 d
b111100100101100100110000000000000101010111100001010000 #"
#2783
b10001100011001 D
b10000100011000 d
b1111111111011111100101011100101000000000000101110000010101011100 #"
#2784
b10001100111011 D
b10001000111011 d
b101000110100110010101011111111111111011001000001010101 #"
#2785
b10001101001000 D
b10001100001000 d
b1111111110110010110110110100101011111111110001011111011110011001 #"
#2786
b10001101000101 D
b10001101000101 d
b1101011111001110110001000000000011110110110011100001011 #"
#2787
b10001011010011 D
b10001011010011 d
b1111111101110011110011100011110011111111010010001100000001101111 #"
#2788
b10001000100010 D
b10001000100010 d
b10100100001000000001001100000000110110100011111010010101 #"
#2789
b10000100010001 D
b10000100010001 d
b1111111110000111000111001000110111111111010101110001111100100000 #"
#2790
b1111110111111 D
b1111110111111 d
b1011011000001110011100000000001101011001100110011010 #"
#2791
b1111001111111 D
b1111001111111 d
b1001111100100111011111000000000001011110011000011010111 #"
#2792
b1110101111010 D
b1110101111010 d
b1111111101101011100101110011101111111111011110001000011010100001 #"
#2793
b1110011111000 D
b1110011111000 d
b11110110110011000000101100000000111010010001100010011100 #"
#2794
b1110011011111 D
b1110011011111 d
b1111111100000001010110010110111011111110110100111100001101000111 #"
#2795
b1110101100100 D
b1110101100100 d
b10011101100110011101001000000001001100011110011101000001 #"
#2796
b1111000100000 D
b1111000100000 d
b1111111110100110111110001110001111111110111101010110111000010111 #"
#2797
b1111100011011 D
b1111100011011 d
b1111111111111000111010000011011100000000101100101110110100100001 #"
#2798
b10000010001000 D
b10000010001000 d
b1111111010101110101101011111111110110100000101001010001 #"
#2799
b10000111100111 D
b10000111100111 d
b1111111110100111110101010011110111111111100001100100110011011001 #"
#2800
b10001010110101 D
b10001010110101 d
b1111111111000111100011011100111000000000111010001000100110000111 #"
#2801
b10001100001000 D
b10001100001000 d
b10010110100101100111100011111110110111110010010001110100 #"
#2802
b10001011110111 D
b10001011110111 d
b1111111100100010011011110100100000000001010000001101110111100001 #"
#2803
b10001011000011 D
b10001011000011 d
b11001110101010100100100111111110110011101001100011101100 #"
#2804
b10000110110000 D
b10000110110000 d
b1111111110110110000011001101000100000001000000010011100111110111 #"
#2805
b10000001010111 D
b10000001010111 d
b1111111111011100100110010001010111111111001101111101000010010010 #"
#2806
b1111100001011 D
b1111100001011 d
b111101101011100010000000000000100000000010010100001100 #"
#2807
b1111000010010 D
b1111000010010 d
b1111111111011101011000101111111111111111110110011101010101000110 #"
#2808
b1110101010110 D
b1110101010110 d
b1001110100000101110011111111101111101110011011011011 #"
#2809
b1110011101010 D
b1110011101010 d
b1111111111101110010110101101011000000000010100100001111110100001 #"
#2810
b1110100001000 D
b1110100101000 d
b11010001110011001011111111111110111001110101001100110 #"
#2811
b1110101111111 D
b1110101111111 d
b1111111111101101011010011100100000000000000000111010111011010000 #"
#2812
b1111010101111 D
b1111111111111 d
b1111111111001000101101000110001000000000001011110000111111011010 #"
#2813
b1111111001101 D
b1111111001101 d
b10011001100100101010111111111111101011111101001001001011 #"
#2814
b11111111110011 D
b11111111110011 d
b1001010100010001011011001010111101010001001101111011100010010 #"
#2815
b10001101110011 D
b10001101110011 d
b11111110001111111000100001000111101010011010001110110100 #"
#2816
b10001011010001 D
b10001011010001 d
b1111111101010111001010011110000100000000101111100110110010101011 #"
#2817
b10001111010001 D
b10001111010001 d
b11010101101000111111111111111000010110100001101001010 #"
#2818
b10001111111101 D
b10001111010101 d
b1000010110110111101100100000000111000111110111110101010 #"
#2819
b10001011111100 D
b10001011111100 d
b1111111101000000011101101010001111111111011001100001100001111000 #"
#2820
b10001001001010 D
b10001001001010 d
b100011001000100011101110000000000001110001010010011000011 #"
#2821
b10000100100000 D
b10000100100000 d
b1111111011111001000110101110011100000000001000111011000101110100 #"
#2822
b1111110110101 D
b1111110110101 d
b100000011100111110111001111111111101010111110100100010010 #"
#2823
b1111010101100 D
b1111010101100 d
b1111111011111100001010010001011100000000010110011110000011110111 #"
#2824
b1110110111101 D
b1110110111101 d
b10110101011001110000101011111111110001101101110010010100 #"
#2825
b1110100000011 D
b1110100000011 d
b1111111110000010000110001001010000000000001001001110011011110101 #"
#2826
b1110011010011 D
b1110011010011 d
b10000011010111111000011011111111101111001001101111011101 #"
#2827
b1110100100110 D
b1110100100110 d
b1111111101110111100110011101001000000000010100110001000001111111 #"
#2828
b1110111111111 D
b1110111111111 d
b10001001000101111001111111111111101001010001100110011111 #"
#2829
b1111101011001 D
b1111101011001 d
b1111111101010101110011010111110000000000100100101001010100101001 #"
#2830
b10000001110000 D
b10000001110000 d
b11011011101111001001011111111111010001110011000011000100 #"
#2831
b10000101111110 D
b10000101111110 d
b1111111100110111010111011000000000000000101011100000100010011110 #"
#2832
b10001010011110 D
b10001010011110 d
b10011100000100111110001011111111011100011110001001101000 #"
#2833
b10001100000111 D
b10001100000111 d
b1111111110000000010101111111010100000000011111000110000000010110 #"
#2834
b10001011111111 D
b10001011111111 d
b1001001100011001000011011111111100001100001000100100010 #"
#2835
b10001011000000 D
b10001011000000 d
b1111111111011110101111011111000100000000011100110100000001011110 #"
#2836
b10000110110110 D
b10000110110110 d
b11011000100101110010111111111100110011011000011111101 #"
#2837
b10000001111111 D
b10000001111111 d
b1111111111101010000010011000001100000000010100011000011101100001 #"
#2838
b1111101001101 D
b1111101001101 d
b1111111111111111010000111001101011111111101110111011010110110100 #"
#2839
b1111000110110 D
b1111000110110 d
b100011111111000010111100000000001101111100100110001111 #"
#2840
b1110101011111 D
b1110101011111 d
b1111111111010010010001100001010011111111110111110001000101111100 #"
#2841
b1110011010000 D
b1110011010000 d
b1101110100100000011100000000001101000111001111011010 #"
#2842
b1110011101101 D
b1110011101101 d
b1100110100101101011111111111101100010110101110110001 #"
#2843
b1110110010111 D
b1110110010111 d
b1111111111101000110111101001000000000000001100100101101010000101 #"
#2844
b1111010000101 D
b1111010000101 d
b11010000010000010010000000000001101101000100011000001 #"
#2845
b1111111000011 D
b1111111000011 d
b1111111111111000000011110101100011111111001111011011010101010100 #"
#2846
b10000011011000 D
b10000011011000 d
b1111111111010111111101111101010000000001000111100101101000001110 #"
#2847
b10001000101001 D
b10001010101001 d
b1001001011101010110011111111110110011010111011101101001 #"
#2848
b10001100101001 D
b10001100101001 d
b1111111111010011010010100100010000000001000101001010100110001010 #"
#2849
b10001100011100 D
b10001100011100 d
b11101100011110100011011111111010001100001101101110010 #"
#2850
b10001111111100 D
b10001111111100 d
b1111111111010101010011111011111000000000010101101100000100011000 #"
#2851
b10001011110001 D
b10001011110001 d
b1010110010101101011111111101011100001001101111000 #"
#2852
b10001101111011 D
b10001101011011 d
b100011011101001000011000000000100011110111001000000101 #"
#2853
b10000100101011 D
b10000100101011 d
b110101110100101000000111111111000100111110111110011111 #"
#2854
b10100000101011 D
b10000000101011 d
b1111111011101100100010100011010100000001010100001100111010000000 #"
#2855
b1111011000101 D
b1111011000101 d
b110101100000011010110110111111110100001110001100110011000 #"
#2856
b1110110010100 D
b1110110010100 d
b1111111000111100010111000001000000000001011101110110100100011100 #"
#2857
b1110100001010 D
b1110100001010 d
b111011101000010111100010011111110011011000000011001110011 #"
#2858
b1110011100101 D
b1110011100101 d
b1111111001110011001111000000101100000001101010000101011010110111 #"
#2859
b1110100111110 D
b1110100111110 d
b10111000001011111101011111111110011110010000111111001101 #"
#2860
b1110111101001 D
b1110111101001 d
b1111111101110111101111111110001000000001011101110011010001101100 #"
#2861
b1111011011000 D
b1111011011000 d
b100111100110100000011110011111110111000000001010111101111 #"
#2862
b10000001010001 D
b10000001010001 d
b1111111000010011011010100111000000000000100110110000110001001011 #"
#2863
b10000110111011 D
b10000110111011 d
b1001000000000101100110110011111111100111101110101111110101 #"
#2864
b10001001111110 D
b10001001111110 d
b1111110110011011110001011101101100000000011110101100001011110100 #"
#2865
b10001100000011 D
b10001100000011 d
b1000100000111101000101110011111111001001000101110100111101 #"
#2866
b10001100011111 D
b10001100011111 d
b1111111011000000000010010011101100000001001001010011011001011110 #"
#2867
b10001010100010 D
b10001010100010 d
b1001010001011001000011011111110101110011100111000010011 #"
#2868
b10000111100100 D
b10000111100100 d
b111101100110000110000100000001001011111001010101100010 #"
#2869
b10000011001110 D
b10000011001110 d
b1111111110001101011001010000001111111111001011100101111111010001 #"
#2870
b1111101100001 D
b1111101100001 d
b111111101010000011111100000000101011111001001101001101 #"
#2871
b1111000111000 D
b1111000111000 d
b100100100101100001011011111111000101111010000001001100 #"
#2872
b1110101100001 D
b1110101100001 d
b1111111110100001100110010110110100000001000011010101001010111000 #"
#2873
b1110011101100 D
b1110011101100 d
b11011111100000000000110011111111000001011010100111100010 #"
#2874
b1110100000111 D
b1110100000111 d
b1111111001011111011001011111001000000000100101100111010011110100 #"
#2875
b1110101100110 D
b1110101100110 d
b111011110000111001100101100000000000101110110011010010110 #"
#2876
b1111001001011 D
b1111001001011 d
b1111111001000111010100011111010111111111001110011111011110010010 #"
#2877
b1111110110010 D
b1111110110010 d
b100011111101100101111101000000000110000000110100111100010 #"
#2878
b10000011011100 D
b10000011011100 d
b1011010010110101000000000000000000000011010110110101100 #"
#2879
b10000111110100 D
b10000111110100 d
b1111111000010100110111000101000111111111010101001100001001111011 #"
#2880
b10001011100101 D
b10001011100101 d
b1010011101001000101010001000000001001000101000011110100101 #"
#2881
b10001100100110 D
b10001100100110 d
b1111110101010011101110000111110111111111000010011010000101011011 #"
#2882
b10001011001100 D
b10001011101100 d
b1001001011001001001111110000000000001110000011000101010110 #"
#2883
b10001001011000 D
b10001011011000 d
b1111111010101100100100011110100100000000001011011100011111111001 #"
#2884
b10001110011101 D
b10001111011101 d
b10011101101000001010101011111111100011101011110100001100 #"
#2885
b10000111011101 D
b10000111011101 d
b1111111101111011100100111110101000000000001110110000111100001101 #"
#2886
b11111011000101 D
b11111011000101 d
b100100100000111001010100000000010100100110010100111000 #"
#2887
b1111111110110 D
b1111111110110 d
b1001110110011001110100011111111100001100001100110100001 #"
#2888
b1110110110110 D
b1110110110110 d
b1111111110010011011001111100100100000000100110001000010001101001 #"
#2889
b1110111110111 D
b1110111110111 d
b10001100001100110111011111111111100010000101000101110101 #"
#2890
b1111111101111000000010110101110000000000001000110110100001000010 #"
#2891
b1110111101101 D
b1110100101101 d
b101010110110110111101111111111111011100111010000100010 #"
#2892
b1110111011110 D
b1110111011110 d
b111010100100101111100011111111111111110111100101000100 #"
#2893
b1111011010101 D
b1111011010101 d
b1111111110000010100110110001001100000000000001100010111110100110 #"
#2894
b10000000011100 D
b10000000011100 d
b10000011110010000111000100000000000011101010010100100110 #"
#2895
b10000101100101 D
b10000101100101 d
b1111111110010000001010101011110011111111111001010010000101011110 #"
#2896
b10001010010010 D
b10001010010010 d
b1000110011101111000110100000000000111111101011111001011 #"
#2897
b10001011111011 D
b10001011111011 d
b1111111111000001000010100100010100000000001100110011101100000100 #"
#2898
b10001100110001 D
b10001100110001 d
b1011101101001101100101111111111010101111110011011000101 #"
#2899
b10001010100111 D
b10001010100111 d
b1111111110100101010011011011000100000000111011000011100001110001 #"
#2900
b10000111011000 D
b10000111011000 d
b111010100100110111110111111110111010010100100001110101 #"
#2901
b10000100100101 D
b10000100100101 d
b10011010011001011010000000001001001101000110111000100 #"
#2902
b1111110111111 D
b1111110111111 d
b1111111101111101111000001110010011111111000110111010000000000110 #"
#2903
b1111000111010 D
b1111000111010 d
b11001011111110001001011100000000011011100100111111110011 #"
#2904
b1110101101010 D
b1110101101010 d
b1111111100011010010011011001111011111111110101011110100011000011 #"
#2905
b1110011110001 D
b1110011110001 d
b11000110001110111011110000000000000000110110000010110111 #"
#2906
b1110011100100 D
b1110011100100 d
b1111111101011101111110100011111000000000000100001001001000100100 #"
#2907
b1110101011001 D
b1110101011001 d
b1110100011001011000110011111111111110000001101000000011 #"
#2908
b1111001100111 D
b1111001100111 d
b1111111110101000011000100010100000000000000101100100111110111100 #"
#2909
b1111101110101 D
b1111101110101 d
b1101110010001010010101111111111111000100000111101110000 #"
#2910
b10000011000001 D
b10000011000001 d
b1111111110001001111111101010110100000000001001010000100001100001 #"
#2911
b10000111010100 D
b10000111010100 d
b1111010000011110001010011111111101001111000010101100000 #"
#2912
b10001011000010 D
b10001011000010 d
b1111111101100101100110111101101000000000100011101001011110010010 #"
#2913
b10001100101010 D
b10001100101010 d
b10100110110100001111110111111111010001100100011100110001 #"
#2914
b10001100000000 D
b10001100000000 d
b1111111100111010111011001110010100000000110011101101111011001110 #"
#2915
b10001010011000 D
b10001010011000 d
b11011100000001000110100011111111001010100100001100111010 #"
#2916
b10000110000100 D
b10000110000100 d
b1111111100101101010110110001101100000000111011010011110011010110 #"
#2917
b10000001000110 D
b10000001000110 d
b10110101010100111011111111111111001100110010010001001000 #"
#2918
b1111100010101 D
b1111100010111 d
b1111111101110101101110000001100100000000100111000101011100110010 #"
#2919
b1110111110000 D
b1111111110101 d
b1110000101010011111111111111111011110010001110101001000 #"
#2920
b1110110110000 D
b1110111110000 d
b1111111110101101001111000001100100000000011010100001110110010100 #"
#2921
b1110110111011 D
b1110110111011 d
b110110010001001110001111111111011101001011001111101101 #"
#2922
b1111111110101110000111111101011000000000110000010010010011000010 #"
#2923
b1110111100010 D
b1110111100010 d
b110111111101011111001111111111001010101100111000001111 #"
#2924
b1111111111010 D
b1111111111010 d
b101111010001000010110000000001000000010000110010010100 #"
#2925
b1111111111011 D
b1111111111011 d
b1111111110011000101011011000101011111110111100111100110011101001 #"
#2926
b1111111101011 D
b1111111101011 d
b1111110101000101010011100000000101110010101010100010011 #"
#2927
b10000100110010 D
b10000100110010 d
b1111111101100101110001101100101011111111100101010011111111000110 #"
#2928
b10001001000111 D
b10001001000111 d
b10000000111101001100010100000000001101010111010111101101 #"
#2929
b10001011111110 D
b10001011111110 d
b1111111111001001100110111100100111111111111110110011010011001111 #"
#2930
b10001101010110 D
b10001101010110 d
b1011010010010010100000000000000010000001100111000100 #"
#2931
b10001011010111 D
b10001011010111 d
b1111111111011011000101011111010011111111110010011110011100111101 #"
#2932
b10001000001100 D
b10001000001100 d
b1111010111111011100100100000000001101110100111000111100 #"
#2933
b10000011111100 D
b10000011111100 d
b1111111100001000111101110000000111111111110001101001010010101101 #"
#2934
b1111110011111 D
b1111110011111 d
b101011101111111000001001100000000001110000111110100001000 #"
#2935
b1111010101101 D
b1111010101101 d
b1111111010001101101011000110001100000000000011111111100011111000 #"
#2936
b1110101110100 D
b1110101110100 d
b100101100110000011111001111111111100010101110011001000011 #"
#2937
b1110011000110 D
b1110011000110 d
b1111111100110000010100111001010000000000110010010100011100110011 #"
#2938
b1110011111011 D
b1110011111011 d
b10011011011011000111101111111110111000000010000110000100 #"
#2939
b1110101110111 D
b1110101110111 d
b1111111101110101100011111010010000000001011010100011011000100011 #"
#2940
b1111001001001 D
b1111001001001 d
b10011001111010001010110011111110101000110000101110000010 #"
#2941
b1111100100011 D
b1111100100011 d
b1111111101101011110010001000111100000000111111111011111101101101 #"
#2942
b10000010001110 D
b10000010001110 d
b1110110100001011101010000010010001100001000110001101011101111001 #"
#2943
b10000110110110 D
b10000110110110 d
b1111111101101010010101111110001100000000100110010011000101011111 #"
#2944
b10001010100100 D
b10001010100100 d
b1100011100101100100000011111111100011110100101001000010 #"
#2945
b10001100111110 D
b10001100111110 d
b1111111110101100000011100010111100000000111001100111110111110010 #"
#2946
b10001100101001 D
b10001100101001 d
b1111000101010101011100111111110111110001010100111010110 #"
#2947
b10001001100100 D
b10001001100100 d
b1111111111010111111001010101011000000000111100110001110111100000 #"
#2948
b10000101110010 D
b10000101110010 d
b1111111111010001111111000101110111111110110110011000110110001110 #"
#2949
b10000010000011 D
b10000010000011 d
b1001100101000111010011000000000111011011101000000111000 #"
#2950
b1111101010000 D
b1111101010000 d
b1111111110000001101111100001100111111111011001001111011111001101 #"
#2951
b1111000001000 D
b1111000001000 d
b1101001111001101011000100000000011110010010100110101111 #"
#2952
b1110100001111 D
b1110100001111 d
b1111111111010100010000110000100111111111101100111101111001101001 #"
#2953
b1110011000100 D
b1110011000100 d
b101010001000111101100000000000001110010100110000000010 #"
#2954
b1110100011010 D
b1110100011010 d
b1111111111101000000000111100010111111111100110001101101110101101 #"
#2955
b1110110111010 D
b1110110111010 d
b1100010000100101100000000000100111101100001011111111 #"
#2956
b1111110110010 D
b1111110110010 d
b1111111110000111111000111100110011111111010100010110100010010010 #"
#2957
b1111111110111 D
b1111111110111 d
b11101101000010110100100000000000110011001110101001101001 #"
#2958
b11111111010111 D
b1111111010111 d
b1111111011111001000001001000000011111111001111000100111011001111 #"
#2959
b10001101010011 D
b10001101010011 d
b100101001010011111111010100000000001010001101110110101011 #"
#2960
b10001101011010 D
b10001101011010 d
b1111111010100101011111011110100100000000010000100000101101100111 #"
#2961
b10001100101111 D
b10001100001110 d
b101000000100011101001110111111111100010001100000010111110 #"
#2962
b10001111100101 D
b10001101100101 d
b1111111100001110010010100010101000000000101111110111111100101111 #"
#2963
b10001011010011 D
b10001011010011 d
b10101101010100010001000111111111001110001011000011111010 #"
#2964
b10001000101100 D
b10001000101100 d
b1111111110001110111000111001011000000000101010100100001100000000 #"
#2965
b10000100001010 D
b10000100001010 d
b1011111111101110111001111111111011000110101000100101001 #"
#2966
b1111111110100 D
b1111111110100 d
b1111111101100101011110110011001100000000011101000101010100110000 #"
#2967
b1111010100110 D
b1111010100110 d
b11000011010100100000101011111111101000110001001011110100 #"
#2968
b1110110000100 D
b1110110000100 d
b1111111100101001001001101110111100000000101010010010010010111100 #"
#2969
b1110100000011 D
b1110100000011 d
b100010011000000111011101111111110110011100011011000111101 #"
#2970
b1110011100101 D
b1110011100101 d
b1111111100110010010110100000001000000001011100101001110101010001 #"
#2971
b1110101001110 D
b1110101001110 d
b100110101100000110011011111110000111111110100010110000 #"
#2972
b1111000001001 D
b1111000001001 d
b111011011111100111110100000010001011111101001010110111 #"
#2973
b1111100110001 D
b1111100110001 d
b1111111101000101010010001010110011111110001001110001101001111100 #"
#2974
b10000001110100 D
b10000001110100 d
b11111110101101101011110000000001011110100101100011001111 #"
#2975
b10000110101111 D
b10000110101111 d
b1111111100100100010100100011110011111111000000011101011001000000 #"
#2976
b10001010001010 D
b10001010001010 d
b11011101010001001000110100000000100010110010011000010101 #"
#2977
b10001100011001 D
b10001100011001 d
b1111111101111111110101000111001011111111001111101011101110000111 #"
#2978
b10001100111010 D
b10001100111010 d
b111110010100000001010100000000111010100010111111001101 #"
#2979
b10001010011000 D
b10001010011000 d
b1111111110001110111001110000000111111110101100111111110001100010 #"
#2980
b10000110110000 D
b10000110110000 d
b11001010011111000111001100000001110000000011111100110000 #"
#2981
b10000010000011 D
b10000010000011 d
b1111111001101001011101100100000011111110001010001001100011001011 #"
#2982
b1111101001011 D
b1111101001011 d
b1001000101110000010000011100000001111001010110101011000001 #"
#2983
b1111000100101 D
b1111000100101 d
b1111110101011100110001101000000111111110111001000001001000110111 #"
#2984
b1110101100011 D
b1110101100011 d
b1100011111110101100001101011111111111100111100100111101001 #"
#2985
b1110011011100 D
b1110011011100 d
b1111110100001111000110111100110100000000100011011101100110001011 #"
#2986
b1110011010010 D
b1110011010010 d
b1000101111100011001010011111111110100111010111101001000110 #"
#2987
b1110110001100 D
b1110110001100 d
b1111111001011111111111001110101100000001110000110101110010111001 #"
#2988
b1111010100101 D
b1111010100101 d
b101110100010110101101010111111110110000111010101001111011 #"
#2989
b1111111000111 D
b1111111100111 d
b1111111010001001110111000010100000000000110000110110001100011111 #"
#2990
b10000011111111 D
b10111011111111 d
b1000100111110101011110001011111111100111000110110000011010 #"
#2991
b10001010101111 D
b10001011111111 d
b1111110011100111111001100110011100000000011011000001010010110111 #"
#2992
b10001011011101 D
b10001011011101 d
b1101110010101110001010110011111110011000001110111011110010 #"
#2993
b10001111011101 D
b10001111011101 d
b1111110000001000011011011001000000000011011111101101000110101111 #"
#2994
b10001101011101 D
b10001101011101 d
b1110110011010110010111111011111011000100101000100100101100 #"
#2995
b10001100101001 D
b10001100101001 d
b1111111011001110111010111000000100000110000001110100110011010001 #"
#2996
b10001100111111 D
b10001100111111 d
b1111111100011000110010011001111111111000101000100111010010110001 #"
#2997
b10111111110111 D
b10000111110111 d
b1001101000110101001001000000000110110011110111011111001011 #"
#2998
b1111111110111 D
b1111111110111 d
b1111110000111000000110010110001111111011011110111001110010100010 #"
#2999
b1111011011001 D
b1111011011001 d
b10001001100101011100011110100000011011011100010000000110001 #"
#3000
b1110110111110 D
b1110110111110 d
b1111110101001010110111010001100111111100110000001000111010011110 #"
#3001
b1110011101000 D
b1110011101000 d
b11111000100000000011100100000101000111100001100010001100 #"
#3002
b1110011101110 D
b1110011101110 d
b1111111110110101011111011100011011110011010011000001101111010010 #"
#3003
b1110100010111 D
b1110100010111 d
b1111010010101000111010111001110100001011010011111011111100000011 #"
#3004
b1110111101011 D
b1110111101011 d
b11101111100001000010100111010100010000101101001011110000011010 #"
#3005
b1111100100001 D
b1111100100001 d
b111111111011000001001100100100011001001011101100110000001110001 #"
#3006
b10000001010010 D
b10000001010010 d
b111100101101101001011111001001110011001000011111100000010001101 #"
#3007
b10000110000101 D
b10000110000101 d
b110011110111001000011001010011110101100100010101110100111101100 #"
#3008
b10001010000000 D
b10001010000000 d
b1000100111100010100111000100011001000100001100100100110010011110 #"
#3009
b10001011111111 D
b10001011111111 d
b1011011001000010010010001101011011100000111110101110111011110100 #"
#3010
b10001100110100 D
b10001100110100 d
b1011000011100011001011101001011111101011001101001011111011001 #"
#3011
b10001010101100 D
b10001010101100 d
b1111010010000111001100101111011100001000101001000010000000001011 #"
#3012
b10000111000001 D
b10000111000001 d
b10001111101001111110000010011111100110011100001111000011100 #"
#3013
b10000010111100 D
b10000010111100 d
b1111110110100001011010110011110100000001110011011111010110101010 #"
#3014
b1111101010111 D
b1111101010111 d
b10000011100000000000110101000000000000011010100110001111011 #"
#3015
b1111001001111 D
b1111001001111 d
b1111101101001111010111110110111111111111010000000010111101011000 #"
#3016
b1110110000100 D
b1110110000100 d
b11000010110111101111100110011111110010100110011000001011010 #"
#3017
b1110011011100 D
b1110011011100 d
b1111100101100100010001011110001100000011001101010101110101010001 #"
#3018
b1110011101110 D
b1110011101110 d
b10010110011000011110100110011111011100001001011111111101100 #"
#3019
b1110101000001 D
b1110101000001 d
b1111110110101000111000000000001100000110011011011111001110111011 #"
#3020
b1111001111110 D
b1111001111110 d
b11000011110000110001111111111001100010000110110110110110 #"
#3021
b1111111010010 D
b1111111010010 d
b11010010001100011101101000000100110010100010110010000000 #"
#3022
b10000011010101 D
b10000011010101 d
b1111110110010111111000011111000011111100011111011011110010010100 #"
#3023
b10000111110111 D
b10000111110111 d
b111100100100100101101000000000010010101000010001100101110 #"
#3024
b10001011011100 D
b10001011011100 d
b1111111011110010110100011110110111111110101110110000000100011110 #"
#3025
b10001100100010 D
b10001100101010 d
b1111110000101110110010000000001001101011101001010000101 #"
#3026
b10001100110000 D
b10001100110010 d
b1100000001111101111111111111110000000111001000011100010 #"
#3027
b10001000110100 D
b10001100110100 d
b1111111111000111010010111101110000000010100101111101011110001000 #"
#3028
b10001101111100 D
b10001101111100 d
b1111111100101011100000000110010011111100110100000000000101100100 #"
#3029
b10000101101110 D
b10000101101110 d
b110100111010010010100010000000011100010111100110110110100 #"
#3030
b10000001100110 D
b10000000100110 d
b1111110101010011111110010110000111111101010111100111111001001001 #"
#3031
b1111111101001 D
b1111111101001 d
b1110011011110100011010010000000001011100000101110001111000 #"
#3032
b1110111111001 D
b1110111111001 d
b1111110001100011011110101010001111111111010010000000000101100010 #"
#3033
b1110110011001 D
b1110110011000 d
b1011001101111011010101101111111111011110001100111100100111 #"
#3034
b1110110101101 D
b1110110101101 d
b1111110111001100000100000000011000000001000110010101001101010011 #"
#3035
b1110101101100 D
b1110100101100 d
b101010101110110101110011111111111000111000011101100011000 #"
#3036
b1110111011101 D
b1110111011101 d
b1111111101010001000110110011001000000000110000010011000101001001 #"
#3037
b1111011001100 D
b1111011001100 d
b11110001101111010010110011111111111011111011011011001100 #"
#3038
b10000001011010 D
b10000001011010 d
b1111111011000000110001101000001011111111101000101001011001011110 #"
#3039
b10000101100010 D
b10000101100010 d
b111010001011111101100011100000000000101100010000111010001 #"
#3040
b10001001100011 D
b10001001100011 d
b1111110101111011101011100110100100000000001111000000001110100110 #"
#3041
b10001100100111 D
b10001100100111 d
b1001011000110011001000011011111110110110100100110011000001 #"
#3042
b10001100111101 D
b10001100111101 d
b1111111000000000011000110011001100000001111011100001010100110110 #"
#3043
b10001011000011 D
b10001011000011 d
b100110000110010000110100111111101101001111001000110001100 #"
#3044
b10000111010000 D
b10000111010000 d
b1111111110111110011011001110110000000010100001111010110010100000 #"
#3045
b10000011100101 D
b10000011100101 d
b1111111111010100011010100110111111111110000110001010110110010100 #"
#3046
b1111110110100 D
b1111110110100 d
b10110010000011000101011100000001001110110011000010011100 #"
#3047
b1111001010110 D
b1111001010110 d
b1111111101010100001010000111000111111111000000000100001100010100 #"
#3048
b1110101100001 D
b1110101100001 d
b10111100100111100111000000000100110110010000010111000 #"
#3049
b1110011101100 D
b1110011101100 d
b1001101000111010011011111111010100001010101110001011 #"
#3050
b1110011010100 D
b1110011010100 d
b1111111110101010101010011100000100000001010001111011010101100110 #"
#3051
b1110110000101 D
b1110110000101 d
b1011010010011110111010111111110001011111101000001101110 #"
#3052
b1111001101000 D
b1111001101000 d
b1001111110001011111000000000010000101001101010101100000 #"
#3053
b1111101010100 D
b1111101010100 d
b1111111100011010010110100001111011111101101101000001110000011110 #"
#3054
b10000011000101 D
b10000011000101 d
b101111011000011011001001100000001110100110011111000100110 #"
#3055
b10000111111110 D
b10000111111110 d
b1111110111001101110011101110010011111111000101011100001001101100 #"
#3056
b10001011001111 D
b10001011001111 d
b1001010101011010001010011000000000011111110010010000101111 #"
#3057
b10001100001100 D
b10001100001100 d
b1111111000100101011001111110111011111111111110010101101101101000 #"
#3058
b10001011100101 D
b10001011100101 d
b101100001011110001110101111111111011101010010010100111110 #"
#3059
b10001010001000 D
b10001010001000 d
b1111111011110001000001110111101000000000001101111100010010100011 #"
#3060
b10000110011001 D
b10000110011001 d
b10100000000111011000010000000000000100110100001010011100 #"
#3061
b10000000111001 D
b10000000111001 d
b1111111101010010111001111110000011111111110010111011110110110001 #"
#3062
b1111100101101 D
b1111100111101 d
b100110111000010010100010100000000100110000110000110001111 #"
#3063
b1111111101101 D
b1111111101101 d
b1111111010001110101000000111010011111111001101101011101011011111 #"
#3064
b1110111111111 D
b1110111111111 d
b110100101100010110001001000000000001111100111001010011001 #"
#3065
b1110111011011 D
b1110111011011 d
b1111111000011010001011011111110100000000011100001111110101110000 #"
#3066
b1110111011110 D
b1110111011110 d
b101000111111101001101111111111111000010100000000010000100 #"
#3067
b1110111111110 D
b1110111111110 d
b1111111101111101011001000001000000000001110000001000011100100000 #"
#3068
b1111111110110 D
b1111111110110 d
b1111000010100100001001110100110110111100111111110000000101 #"
#3069
b1111111100110 D
b1111111000110 d
b1110000010111011101010100000010001010010010100001110111111010010 #"
#3070
b1111111100010 D
b1111111100010 d
b1110001100110011010100100111001001000101110011110011100011100111 #"
#3071
b10000100011111 D
b10000100011111 d
b1100101111110110000000101110111011000000101111011011101010100110 #"
1c"
#3072
b10001010100011 D
b10001010100011 d
b1001010101011010001010011000000000011111110010010000101111 #"
0c"
0d"
#3073
b10001100000001 D
b10001100000001 d
#3074
b10001011111000 D
b10001011111000 d
#3075
b10001011011000 D
b10001011011000 d
#3076
b10001000110110 D
b10001000110110 d
#3077
b10000011110000 D
b10000011110000 d
#3078
b1111110001100 D
b1111110001100 d
#3079
b1111001101100 D
b1111001101100 d
#3080
b1110110010000 D
b1110110010000 d
#3081
b1110011111000 D
b1110011111000 d
#3082
b1110011100111 D
b1110011100111 d
#3083
b1110101010100 D
b1110101010100 d
#3084
b1111000100110 D
b1111000100110 d
#3085
b1111101101010 D
b1111101101010 d
#3086
b10000010100111 D
b10000010100111 d
#3087
b10000111001011 D
b10000111001011 d
#3088
b10001010100110 D
b10001010100110 d
#3089
b10001100001000 D
b10001100001000 d
#3090
b10001100110110 D
b10001100110110 d
#3091
b10001010001101 D
b10001010001101 d
#3092
b10000101110101 D
b10000101110101 d
#3093
b10000001010110 D
b10000001010110 d
#3094
b1111100101100 D
b1111100101100 d
#3095
b1110111111100 D
b1110111111100 d
#3096
b1110100111110 D
b1110100111110 d
#3097
b1110011100000 D
b1110011101010 d
#3098
b1110100000011 D
b1110111000011 d
#3099
b1110111000011 D
#3100
b1111111110111 D
b1111111110111 d
#3101
b1111111111111 D
b1111111111111 d
#3102
b11111111011110 D
b1111111011110 d
#3103
b10001100111001 D
b10001100111001 d
#3104
b10001100111011 D
b10001100111011 d
#3105
b10001100110111 D
b10001100010111 d
#3106
b10001110110111 D
b10001100110111 d
#3107
b10001010110101 D
b10001010110101 d
#3108
b10001000001000 D
b10001000001000 d
#3109
b10000100100000 D
b10000100100000 d
#3110
b1111111101100 D
b1111111101100 d
#3111
b1111010100000 D
b1111010100000 d
#3112
b1110110001000 D
b1110110001000 d
#3113
b1110011011011 D
b1110011011011 d
#3114
b1110011101000 D
b1110011101000 d
#3115
b1110101101111 D
b1110101101111 d
#3116
b1111000100001 D
b1111000100001 d
#3117
b1111100011010 D
b1111100011010 d
#3118
b10000001110011 D
b10000001110011 d
#3119
b10000110100000 D
b10000110100000 d
#3120
b10001010100001 D
b10001010100001 d
#3121
b10001101100000 D
b10001101100000 d
#3122
b10001011111000 D
b10001011111000 d
#3123
b10001001001011 D
b10001001001011 d
#3124
b10000110101011 D
b10000110101011 d
#3125
b10000010011101 D
b10000010011101 d
#3126
b1111101000111 D
b1111101000111 d
#3127
b1111000001110 D
b1111000001110 d
#3128
b1110100111000 D
b1110100111000 d
#3129
b1110011100110 D
b1110011100110 d
#3130
b1110011110001 D
b1110011110001 d
#3131
b1110110011001 D
b1110110011001 d
#3132
b1111010101000 D
b1111010101000 d
#3133
b1111111101010 D
b1111111101010 d
#3134
b10011011111111 D
b11111111111111 d
#3135
b10001010111111 D
b10001011111111 d
#3136
b10001011110110 D
b10001011110110 d
#3137
b10001111110110 D
b10001111110110 d
#3139
b10001011110111 D
b10001011110111 d
#3140
b10001100110111 D
b10001100110111 d
#3141
b10000101110101 D
b10000100110101 d
#3142
b1111111110000 D
b1111111110000 d
#3143
b1111010101010 D
b1111010101010 d
#3144
b1110110011100 D
b1110110011100 d
#3145
b1110011111010 D
b1110011111010 d
#3146
b1110011100110 D
b1110011100110 d
#3147
b1110100101000 D
b1110100101000 d
#3148
b1111000000010 D
b1111000000010 d
#3149
b1111100001001 D
b1111100001001 d
#3150
b10000001011100 D
b10000001011100 d
#3151
b10000110001000 D
b10000110001000 d
#3152
b10001010000101 D
b10001010000101 d
#3153
b10001100011011 D
b10001100011011 d
#3154
b10001100111010 D
b10001100111010 d
#3155
b10001010011101 D
b10001010011101 d
#3156
b10000110110000 D
b10000110110000 d
#3157
b10000010100001 D
b10000010100001 d
#3158
b1111101101011 D
b1111101101011 d
#3159
b1111000101101 D
b1111000101101 d
#3160
b1110101110010 D
b1110101110010 d
#3161
b1110011011011 D
b1110011011011 d
#3162
b1110011011010 D
b1110011011010 d
#3163
b1110101110010 D
b1110101110010 d
#3164
b1111010000111 D
b1111010000111 d
#3165
b1111110100111 D
b1111110100111 d
#3166
b10000011101011 D
b10000011101011 d
#3167
b10000111111101 D
b10000111111101 d
#3168
b10001011011000 D
b10001011111000 d
#3169
b10001100111100 D
b10001110111100 d
#3170
b10001100101010 D
b10001100111110 d
#3171
b10001101011110 D
b10001101011110 d
#3172
b10001101111110 D
b10001101111110 d
#3173
b10000100111111 D
b10000100111111 d
#3174
b10100011010111 D
b10000000010111 d
#3175
b1111011111010 D
b1111011110010 d
#3176
b1110110111010 D
b1110110111010 d
#3177
b1110111011010 D
b1110111011010 d
#3178
b1110111010000 D
b1110011010000 d
#3179
b1110100001000 D
b1110100001000 d
#3180
b1110111010101 D
b1110111010101 d
#3181
b1111100001000 D
b1111100001000 d
#3182
b10000001010011 D
b10000001010011 d
#3183
b10000101111110 D
b10000101111110 d
#3184
b10001001011010 D
b10001001011010 d
#3185
b10001100011000 D
b10001100011000 d
#3186
b10001100111000 D
b10001100111000 d
#3187
b10001011001100 D
b10001011001100 d
#3188
b10000111110000 D
b10000111110000 d
#3189
b10000011000000 D
b10000011000000 d
#3190
b1111101100011 D
b1111101100011 d
#3191
b1111001111000 D
b1111001111000 d
#3192
b1110101101001 D
b1110101101001 d
#3193
b1110011001101 D
b1110011001101 d
#3194
b1110011010101 D
b1110011010101 d
#3195
b1110101100100 D
b1110101100100 d
#3196
b1111010001111 D
b1111010001111 d
#3197
b1111110011001 D
b1111110011001 d
#3198
b10000010110011 D
b10000010110011 d
#3199
b10000111010111 D
b10000111010111 d
#3200
b10001011000000 D
b10001011000000 d
#3201
b10001101000000 D
b10001101000000 d
#3202
b10001101000101 D
b10001101000101 d
#3203
b10001000111000 D
b10001000111000 d
#3204
b10000101100111 D
b10000101101111 d
#3205
b10000000111010 D
b10000000111111 d
#3206
b1111100111111 D
b11111100111111 d
#3207
b1111100110111 D
b1111100110111 d
#3208
b1111011111111 D
b1111011111111 d
#3209
b1110011111111 D
b1110011111111 d
#3210
b1110110111111 D
b1110110111111 d
#3211
b1110111111110 D
b1110111111110 d
#3212
b1111111011011 D
b1111111011010 d
#3213
b1111011011001 D
b1111011011001 d
#3214
b10000001010001 D
b10000000010001 d
#3215
b10000101001001 D
b10000101001001 d
#3216
b10001001101111 D
b10001001101111 d
#3217
b10001011110010 D
b10001011110010 d
#3218
b10001101001101 D
b10001101001101 d
#3219
b10001011010111 D
b10001011010111 d
#3220
b10000111011001 D
b10000111011001 d
#3221
b10000011101110 D
b10000011101110 d
#3222
b1111110111100 D
b1111110111100 d
#3223
b1111001100001 D
b1111001100001 d
#3224
b1110110001110 D
b1110110001110 d
#3225
b1110011110000 D
b1110011110000 d
#3226
b1110011011010 D
b1110011011010 d
#3227
b1110101100011 D
b1110101100011 d
#3228
b1111000101001 D
b1111000101001 d
#3229
b1111101101001 D
b1111101101001 d
#3230
b10000011011101 D
b10000011011101 d
#3231
b10000111010101 D
b10000111010101 d
#3232
b10001010100000 D
b10001010100000 d
#3233
b10001100100000 D
b10001100100000 d
#3234
b10001100011111 D
b10001100011111 d
#3235
b10001010011111 D
b10001010011111 d
#3236
b10000110001101 D
b10000110001101 d
#3237
b10000001011001 D
b10000001011001 d
#3238
b1111011110111 D
b1111011110111 d
#3239
b1111000000000 D
b1111000100000 d
#3240
b1110100110010 D
b1110100110010 d
#3241
b1110011110111 D
b1110011110111 d
#3242
b1110110011111 D
b1110111011111 d
#3243
b1110110111111 D
b1110110111111 d
#3244
b1111110101111 D
b1111110101111 d
#3245
b11111010111101 D
b1111010111101 d
#3246
b10000101010101 D
b10000101010101 d
#3247
b10000101010111 D
b10000101010100 d
#3248
b10001100111011 D
b10001100111011 d
#3249
b10001100010110 D
b10001100000010 d
#3250
b10001101010100 D
b10001100010100 d
#3251
b10001011100000 D
b10001011100000 d
#3252
b10001001001101 D
b10001001001101 d
#3253
b10000011100110 D
b10000011100110 d
#3254
b1111110101101 D
b1111110101101 d
#3255
b1111010101100 D
b1111010101100 d
#3256
b1110110100001 D
b1110110100001 d
#3257
b1110011111101 D
b1110011111101 d
#3258
b1110011010101 D
b1110011010101 d
#3259
b1110100111111 D
b1110100111111 d
#3260
b1111000010011 D
b1111000010011 d
#3261
b1111101001100 D
b1111101001100 d
#3262
b10000010011000 D
b10000010011000 d
#3263
b10000110110110 D
b10000110110110 d
#3264
b10001010010000 D
b10001010010000 d
#3265
b10001100111011 D
b10001100111011 d
#3266
b10001100011101 D
b10001100011101 d
#3267
b10001001100011 D
b10001001100011 d
#3268
b10000110110011 D
b10000110110011 d
#3269
b10000010010100 D
b10000010010100 d
#3270
b1111100110111 D
b1111100110111 d
#3271
b1110111111100 D
b1110111111100 d
#3272
b1110101000101 D
b1110101000101 d
#3273
b1110011010011 D
b1110011010011 d
#3274
b1110011110001 D
b1110011110001 d
#3275
b1110110010111 D
b1110110010111 d
#3276
b1111010101100 D
b1111010101101 d
#3277
b1111111111100 D
b1111111111100 d
#3278
b11111110011111 D
b11111111011111 d
#3279
b10001100111111 D
b10001100111111 d
#3280
b10001011111110 D
b10001011111110 d
#3281
b10001111111000 D
b10001111111000 d
#3282
b10001111011111 D
b10001111011111 d
#3283
b10001011011111 D
b10001011011111 d
#3284
b10001100011110 D
b10001100011110 d
#3285
b10000100111110 D
b10000100111110 d
#3286
b1111111101101 D
b1111111101101 d
#3287
b1111010110011 D
b1111010110011 d
#3288
b1110110011110 D
b1110110011110 d
#3289
b1110011110101 D
b1110011110101 d
#3290
b1110011010010 D
b1110011010010 d
#3291
b1110100111010 D
b1110100111010 d
#3292
b1111000010010 D
b1111000010010 d
#3293
b1111100010101 D
b1111100010101 d
#3294
b10000001100111 D
b10000001100111 d
#3295
b10000110010011 D
b10000110010011 d
#3296
b10001010001100 D
b10001010001100 d
#3297
b10001100101111 D
b10001100101111 d
#3298
b10001100100111 D
b10001100100111 d
#3299
b10001010100100 D
b10001010100100 d
#3300
b10000110110011 D
b10000110110011 d
#3301
b10000010000010 D
b10000010000010 d
#3302
b1111101011110 D
b1111101011110 d
#3303
b1111000111110 D
b1111000111110 d
#3304
b1110101101011 D
b1110101101011 d
#3305
b1110010110110 D
b1110010110110 d
#3306
b1110011001110 D
b1110011001110 d
#3307
b1110110101000 D
b1110110101000 d
#3308
b1111010010001 D
b1111010010001 d
#3309
b1111110001101 D
b1111110001101 d
#3310
b10000011101010 D
b10000011101010 d
#3311
b10001000100100 D
b10001000100100 d
#3312
b10001011101011 D
b10001011101011 d
#3313
b10001100111011 D
b10001111111011 d
#3314
b10001111111111 D
b10001111111111 d
#3315
b10001011101111 D
b10001011101111 d
#3316
b10001101111111 D
b10001101111111 d
#3317
b10000100111111 D
b10000100111111 d
#3318
b10111011110110 D
b10111011110110 d
#3319
b1111011110110 D
b1111011110110 d
#3320
b1110111011111 D
b1110110011111 d
#3321
b1110011110011 D
b1110011100011 d
#3322
b1110011110101 D
b1110011110101 d
#3323
b1110101000010 D
b1110101000010 d
#3324
b1111000000110 D
b1111000000110 d
#3325
b1111011101010 D
b1111011101010 d
#3326
b10000000011010 D
b10000000011010 d
#3327
b10000110100000 D
b10000110100000 d
#3328
b10001010101101 D
b10001010101101 d
#3329
b10001100001101 D
b10001100001101 d
#3330
b10001100001110 D
b10001100001110 d
#3331
b10001010110001 D
b10001010110001 d
#3332
b10000111110000 D
b10000111110000 d
#3333
b10000011011101 D
b10000011011101 d
#3334
b1111101011101 D
b1111101011101 d
#3335
b1111000101010 D
b1111000101010 d
#3336
b1110101100101 D
b1110101100101 d
#3337
b1110100011010 D
b1110100011010 d
#3338
b1110011111000 D
b1110011111000 d
#3339
b1110101101100 D
b1110101101100 d
#3340
b1111001110011 D
b1111001110011 d
#3341
b1111110100001 D
b1111110100001 d
#3342
b10000010111100 D
b10000010111100 d
#3343
b10001000000101 D
b10001000000101 d
#3344
b10001011001110 D
b10001011001110 d
#3345
b10001100100001 D
b10001100100001 d
#3346
b10001100001110 D
b10001100001110 d
#3347
b10001001110010 D
b10001001110010 d
#3348
b10000101100101 D
b10001101100111 d
#3349
b10000000111111 D
b10000101111111 d
#3350
b11111011111111 D
b11111011011111 d
#3351
b1111011101101 D
b1111011101101 d
#3352
b1111100100111 D
b1111100100111 d
#3353
b1110110110010 D
b1110110110010 d
#3354
b1110110111010 D
b1110110111010 d
#3355
b1110111011111 D
b1110111011110 d
#3356
b1110111011111 d
#3357
b1111011110011 D
b1111011110011 d
#3358
b10000001000011 D
b10000001000011 d
#3359
b10000100110000 D
b10000100110000 d
#3360
b10001001001010 D
b10001001001010 d
#3361
b10001100110101 D
b10001100110101 d
#3362
b10001101001111 D
b10001101001111 d
#3363
b10001010111011 D
b10001010111011 d
#3364
b10000111100100 D
b10000111100100 d
#3365
b10000011010111 D
b10000011010111 d
#3366
b1111110100010 D
b1111110100010 d
#3367
b1111010011100 D
b1111010011100 d
#3368
b1110101110110 D
b1110101110110 d
#3369
b1110011010010 D
b1110011010010 d
#3370
b1110011011000 D
b1110011011000 d
#3371
b1110101011011 D
b1110101011011 d
#3372
b1111001011001 D
b1111001011001 d
#3373
b1111101111111 D
b1111101111111 d
#3374
b10000010101010 D
b10000010101010 d
#3375
b10000110010110 D
b10000110010110 d
#3376
b10001011000011 D
b10001011000011 d
#3377
b10001101100011 D
b10001101100011 d
#3378
b10001100110101 D
b10001100110101 d
#3379
b10001001010101 D
b10001001010101 d
#3380
b10000101010101 D
b10000101010101 d
#3381
b10000010000000 D
b10000010000000 d
#3382
b1111100011111 D
b1111100011111 d
#3383
b1110111001110 D
b1110111001110 d
#3384
b1110100111011 D
b1110110111111 d
#3385
b1110010110011 D
b1110110110011 d
#3386
b1110011111010 D
b1110011111010 d
#3387
b1110111111011 D
b1110111111011 d
#3388
b1111111001001 D
b1111111001001 d
#3389
b1111011010000 D
b1111011000000 d
#3390
b10000100111010 D
b10000100111010 d
#3391
b10001100101110 D
b10001100101110 d
#3392
b10001100001101 D
b10001100001101 d
#3393
b10001101000110 D
b10001100000110 d
#3394
b10001101001100 D
b10001101001100 d
#3395
b10001011100100 D
b10001011100100 d
#3396
b10001000001011 D
b10001000001011 d
#3397
b10000100010110 D
b10000100010110 d
#3398
b1111110100101 D
b1111110100101 d
#3399
b1111010000000 D
b1111010000000 d
#3400
b1110110010100 D
b1110110010100 d
#3401
b1110100010101 D
b1110100010101 d
#3402
b1110011101101 D
b1110011101101 d
#3403
b1110100011001 D
b1110100011001 d
#3404
b1111000000000 D
b1111000000000 d
#3405
b1111101111010 D
b1111101111010 d
#3406
b10000010111000 D
b10000010111000 d
#3407
b10000110101000 D
b10000110101000 d
#3408
b10001010100010 D
b10001010100010 d
#3409
b10001100110110 D
b10001100110110 d
#3410
b10001100001011 D
b10001100001011 d
#3411
b10001001100001 D
b10001001100001 d
#3412
b10000110110110 D
b10000110110110 d
#3413
b10000010010010 D
b10000010010010 d
#3414
b1111100000101 D
b1111100000101 d
#3415
b1111000010110 D
b1111000010110 d
#3416
b1110101111110 D
b1110101111110 d
#3417
b1110011000111 D
b1110011000111 d
#3418
b1110100010111 D
b1110100010111 d
#3419
b1110111000000 D
b1110111000000 d
#3420
b1111010001111 D
b1111111001111 d
#3421
b1111111101111 D
b1111111101111 d
#3422
b11111111111111 D
b11111111111111 d
#3423
b10001011110111 D
b10001011110111 d
#3424
b10001011111111 D
b10001011111111 d
#3425
b10001111111101 D
b10001111111101 d
#3426
b10001111111110 D
b10001111111110 d
#3427
b10001011110110 D
b10001011110110 d
#3428
b10001101000101 D
b10001001000001 d
#3429
b10000100000100 D
b10000100000100 d
#3430
b1111111101110 D
b1111111101110 d
#3431
b1111010101100 D
b1111010101100 d
#3432
b1110110111011 D
b1110110111011 d
#3433
b1110100001001 D
b1110100001001 d
#3434
b1110011001111 D
b1110011001111 d
#3435
b1110100110000 D
b1110100110000 d
#3436
b1111000000010 D
b1111000000010 d
#3437
b1111100100110 D
b1111100100110 d
#3438
b10000010010010 D
b10000010010010 d
#3439
b10000110100010 D
b10000110100010 d
#3440
b10001001101111 D
b10001001101111 d
#3441
b10001100001111 D
b10001100001111 d
#3442
b10001100010110 D
b10001100010110 d
#3443
b10001011001100 D
b10001011001100 d
#3444
b10000110101101 D
b10000110101101 d
#3445
b10000010000110 D
b10000010000110 d
#3446
b1111100110001 D
b1111100110001 d
#3447
b1111000101010 D
b1111000101010 d
#3448
b1110101101011 D
b1110101101011 d
#3449
b1110011001010 D
b1110011001010 d
#3450
b1110011010111 D
b1110011010111 d
#3451
b1110101110000 D
b1110101110000 d
#3452
b1111010010001 D
b1111010010001 d
#3453
b1111111001100 D
b1111111001100 d
#3454
b10000100010101 D
b10000100010101 d
#3455
b10001000011001 D
b10001000011001 d
#3456
b10001010111100 D
b10001010111101 d
#3457
b10001111111110 D
b10001111111110 d
#3458
b10001101100010 D
b10001101100010 d
#3459
b10001101110001 D
b10001101110001 d
#3460
b10001101010011 D
b10001101010011 d
#3461
b10000100000010 D
b10000100000010 d
#3462
b10111011010000 D
b10111011010000 d
#3463
b1111011010100 D
b1111011010000 d
#3464
b1110110110110 D
b1110110110110 d
#3465
b1110100011111 D
b1110100011111 d
#3466
b1110011010110 D
b1110011010110 d
#3467
b1110100011011 D
b1110100011011 d
#3468
b1110111111010 D
b1110111111010 d
#3469
b1111011101111 D
b1111011101111 d
#3470
b10000010000011 D
b10000010000011 d
#3471
b10000101111001 D
b10000101111001 d
#3472
b10001001101101 D
b10001001101101 d
#3473
b10001011111110 D
b10001011111110 d
#3474
b10001100111000 D
b10001100111000 d
#3475
b10001010111110 D
b10001010111110 d
#3476
b10000111011000 D
b10000111011000 d
#3477
b10000010001111 D
b10000010001111 d
#3478
b1111101101001 D
b1111101101001 d
#3479
b1111001001100 D
b1111001001100 d
#3480
b1110101101001 D
b1110101101001 d
#3481
b1110011010100 D
b1110011010100 d
#3482
b1110100000000 D
b1110100000000 d
#3483
b1110110000001 D
b1110110000001 d
#3484
b1111001100010 D
b1111001100010 d
#3485
b1111101111101 D
b1111101111101 d
#3486
b10000100000011 D
b10000100000011 d
#3487
b10001000011010 D
b10001000011010 d
#3488
b10001011011011 D
b10001011011011 d
#3489
b10001100000110 D
b10001100000110 d
#3490
b10001011001110 D
b10001011001110 d
#3491
b10001001111000 D
b10001001111010 d
#3492
b10000101101001 D
b10001101111001 d
#3493
b10000100111111 D
b10000101111111 d
#3494
b11111011011110 D
b11100001011110 d
#3495
b1111111101011 D
b1111111101011 d
#3496
b1110110111000 D
b1110110111000 d
#3497
b1110111111001 D
b1110111111001 d
#3499
b1110111111101 D
b1110111101101 d
#3500
b1110111011101 D
b1110111011101 d
#3501
b1111011010011 D
b1111011010011 d
#3502
b10000000101010 D
b10000000101010 d
#3503
b10000101111011 D
b10000101111011 d
#3504
b10001001110001 D
b10001001110001 d
#3505
b10001011111001 D
b10001011111001 d
#3506
b10001100110011 D
b10001100110011 d
#3507
b10001010110110 D
b10001010110110 d
#3508
b10001000000100 D
b10001000000100 d
#3509
b10000011010000 D
b10000011010000 d
#3510
b1111101110001 D
b1111101110001 d
#3511
b1111001011100 D
b1111001011100 d
#3512
b1110101110110 D
b1110101110110 d
#3513
b1110011101001 D
b1110011101001 d
#3514
b1110011100110 D
b1110011100110 d
#3515
b1110101001010 D
b1110101001010 d
#3516
b1111001100001 D
b1111001100001 d
#3517
b1111110000101 D
b1111110000101 d
#3518
b10000011010011 D
b10000011010011 d
#3519
b10000110111111 D
b10000110111111 d
#3520
b10001010110001 D
b10001010110001 d
#3521
b10001101001001 D
b10001101001001 d
#3522
b10001100001010 D
b10001100001010 d
#3523
b10001001100000 D
b10001001100000 d
#3524
b10000101111001 D
b10000101111001 d
#3525
b10000000100011 D
b10000000100011 d
#3526
b1111011110010 D
b1111011110010 d
#3527
b1111000110000 D
b1111010110010 d
#3528
b1110100100001 D
b1111100110001 d
#3529
b1110110111001 D
b1110110111001 d
#3530
b1110110111111 D
b1110110111111 d
#3531
b1110111010111 D
b1110111010111 d
#3532
b1111111001001 D
b1111111001001 d
#3533
b1111011001000 D
b1111011001000 d
#3534
b10000101001111 D
b10000101001111 d
#3535
b10001101010110 D
b10000101000110 d
#3536
b10001001011010 D
b10001001011010 d
#3537
b10001100000100 D
b10001100000100 d
#3538
b10001100110110 D
b10001100110110 d
#3539
b10001010110000 D
b10001010110000 d
#3540
b10000111100011 D
b10000111100011 d
#3541
b10000100000111 D
b10000100000111 d
#3542
b1111110110110 D
b1111110110110 d
#3543
b1111001100010 D
b1111001100010 d
#3544
b1110110001001 D
b1110110001001 d
#3545
b1110011101001 D
b1110011101001 d
#3546
b1110011011111 D
b1110011011111 d
#3547
b1110101001000 D
b1110101001000 d
#3548
b1111000111110 D
b1111000111110 d
#3549
b1111101111010 D
b1111101111010 d
#3550
b10000001111111 D
b10000001111111 d
#3551
b10000111000010 D
b10000111000010 d
#3552
b10001011000100 D
b10001011000100 d
#3553
b10001100111011 D
b10001100111011 d
#3554
b10001100100010 D
b10001100100010 d
#3555
b10001001110000 D
b10001001110000 d
#3556
b10000101100111 D
b10000101100111 d
#3557
b10000001101111 D
b10000001101111 d
#3558
b1111100100110 D
b1111100100110 d
#3559
b1110111101001 D
b1110111101001 d
#3560
b1110101000111 D
b1110101000111 d
#3561
b1110011000001 D
b1110011000001 d
#3562
b1110011011110 D
b1110011011110 d
#3563
b1110111001101 D
b1110111001111 d
#3564
b1111010111101 D
b1111111111101 d
#3565
b1111111111111 D
b1111111111111 d
#3566
b11111111101011 D
b11111111101011 d
#3567
b10001101001110 D
b10001101001110 d
#3568
b10001101011111 D
b10001101011110 d
#3569
b10001100111011 D
b10001100011011 d
#3570
b10001111101111 D
b10001111101111 d
#3571
b10001011101101 D
b10001011101101 d
#3572
b10001001011110 D
b10001000011110 d
#3573
b10000011010011 D
b10000011010011 d
#3574
b1111111001101 D
b1111111001101 d
#3575
b1111011011010 D
b1111011011010 d
#3576
b1110110100001 D
b1110110100001 d
#3577
b1110011011101 D
b1110011011101 d
#3578
b1110011001001 D
b1110011001001 d
#3579
b1110101011110 D
b1110101011110 d
#3580
b1111001001000 D
b1111001001000 d
#3581
b1111100010011 D
b1111100010011 d
#3582
b10000001010000 D
b10000001010000 d
#3583
b10000110110100 D
b10000110110100 d
#3584
b10001010100100 D
b10001010100100 d
#3585
b10001100101010 D
b10001100101010 d
#3586
b10001100010010 D
b10001100010010 d
#3587
b10001010011110 D
b10001010011110 d
#3588
b10000110110100 D
b10000110110100 d
#3589
b10000001111001 D
b10000001111001 d
#3590
b1111101000010 D
b1111101000010 d
#3591
b1111000101000 D
b1111000101000 d
#3592
b1110101010111 D
b1110101010111 d
#3593
b1110010111000 D
b1110010111000 d
#3594
b1110011110011 D
b1110011110011 d
#3595
b1110110101100 D
b1110110101100 d
#3596
b1111010110010 D
b1111010110010 d
#3597
b1111110111101 D
b1111110111101 d
#3598
b10000100111010 D
b10111100111011 d
#3599
b10001000011110 D
b10001100011110 d
#3600
b10001011110100 D
b10001011110100 d
#3601
b10001111110110 D
b10001111110110 d
#3602
b10001100110111 D
b10001100110111 d
#3603
b10001100011101 D
b10001100011101 d
#3604
b10001100101111 D
b10001100101111 d
#3605
b10110101101110 D
b10000100100110 d
#3606
b1111111101100 D
b1111111101100 d
#3607
b1111011010101 D
b1111011000101 d
#3608
b1110110110110 D
b1110110110110 d
#3609
b1110100101111 D
b1110100101111 d
#3610
b1110011101011 D
b1110011101011 d
#3611
b1110100000110 D
b1110100000110 d
#3612
b1110111001111 D
b1110111001111 d
#3613
b1111101000101 D
b1111101000101 d
#3614
b10000010011010 D
b10000010011010 d
#3615
b10000101100111 D
b10000101100111 d
#3616
b10001001100011 D
b10001001100011 d
#3617
b10001100010000 D
b10001100010000 d
#3618
b10001100111011 D
b10001100111011 d
#3619
b10001011011110 D
b10001011011110 d
#3620
b10000111001010 D
b10000111001010 d
#3621
b10000010010001 D
b10000010010001 d
#3622
b1111101001101 D
b1111101001101 d
#3623
b1111001011000 D
b1111001011000 d
#3624
b1110110001101 D
b1110110001101 d
#3625
b1110011011110 D
b1110011011110 d
#3626
b1110010111010 D
b1110010111010 d
#3627
b1110101101010 D
b1110101101010 d
#3628
b1111010001000 D
b1111010001000 d
#3629
b1111110111110 D
b1111110111110 d
#3630
b10000011100110 D
b10000011100110 d
#3631
b10000111011011 D
b10000111011011 d
#3632
b10001011000000 D
b10001011000000 d
#3633
b10001101011111 D
b10001101011111 d
#3634
b10001100000001 D
b10001100001011 d
#3635
b10001000111101 D
b10001100111101 d
#3636
b10001100111111 D
b10001100111111 d
#3637
b10000100111011 D
b10000100111011 d
#3638
b11111011101011 D
b10111011101011 d
#3639
b1111111110111 D
b1111111110111 d
#3640
b1110110111111 D
b1110110111111 d
#3641
b1110111011001 D
b1110111011001 d
#3642
b1110111011101 D
b1110111010101 d
#3643
b1110100011101 d
#3644
b1110111010101 D
b1110111010101 d
#3645
b1111011110111 D
b1111011110111 d
#3646
b10000000101101 D
b10000000101101 d
#3647
b10000101110101 D
b10000101110101 d
#3648
b10001001101000 D
b10001001101000 d
#3649
b10001100100000 D
b10001100100000 d
#3650
b10001100110100 D
b10001100110100 d
#3651
b10001010111110 D
b10001010111110 d
#3652
b10000111101111 D
b10000111101111 d
#3653
b10000010111100 D
b10000010111100 d
#3654
b1111101101110 D
b1111101101110 d
#3655
b1111001100101 D
b1111001100101 d
#3656
b1110101101010 D
b1110101101010 d
#3657
b1110011111110 D
b1110011111110 d
#3658
b1110100010011 D
b1110100010011 d
#3659
b1110101001000 D
b1110101001000 d
#3660
b1111000110110 D
b1111000110110 d
#3661
b1111110010000 D
b1111110010000 d
#3662
b10000011001101 D
b10000011001101 d
#3663
b10000111110110 D
b10000111110110 d
#3664
b10001010111100 D
b10001010111100 d
#3665
b10001100011010 D
b10001100011010 d
#3666
b10001100010111 D
b10001100010111 d
#3667
b10001001111110 D
b10001001111110 d
#3668
b10000101100001 D
b10000101100001 d
#3669
b10000000011001 D
b10000000111001 d
#3670
b1111011111010 D
b1111011111011 d
#3671
b1110111100111 D
b1111111110111 d
#3672
b1110110111111 D
b1110111111111 d
#3673
b1110111111011 D
b1110111111011 d
#3674
b1110111110011 D
b1110111110011 d
#3675
b1110110111011 D
b1110110111011 d
#3676
b1111111111011 D
b1111111111011 d
#3677
b1111011010010 D
b1111011010010 d
#3678
b10000101010111 D
b10000101010111 d
#3679
b10000101010101 D
b10000101010101 d
#3680
b10001001010010 D
b10001001010010 d
#3681
b10001011011011 D
b10001011011011 d
#3682
b10001100101010 D
b10001100101010 d
#3683
b10001011111110 D
b10001011111110 d
#3684
b10001000000100 D
b10001000000100 d
#3685
b10000011101000 D
b10000011101000 d
#3686
b1111110000010 D
b1111110000010 d
#3687
b1111001101010 D
b1111001101010 d
#3688
b1110110100000 D
b1110110100000 d
#3689
b1110100000111 D
b1110100000111 d
#3690
b1110011010101 D
b1110011010101 d
#3691
b1110100110101 D
b1110100110101 d
#3692
b1111000101110 D
b1111000101110 d
#3693
b1111101010111 D
b1111101010111 d
#3694
b10000011001111 D
b10000011001111 d
#3695
b10000111001110 D
b10000111001110 d
#3696
b10001010101011 D
b10001010101011 d
#3697
b10001100011110 D
b10001100011110 d
#3698
b10001100000110 D
b10001100000110 d
#3699
b10001010000001 D
b10001010000001 d
#3700
b10000110100110 D
b10000110100110 d
#3701
b10000001000010 D
b10000001000010 d
#3702
b1111100001111 D
b1111100001111 d
#3703
b1110111111001 D
b1110111111001 d
#3704
b1110101000001 D
b1110101000001 d
#3705
b1110011011111 D
b1110011011111 d
#3706
b1110011111011 D
b1110011111011 d
#3707
b1110110101011 D
b1110111111011 d
#3708
b1111110110010 D
b1111110110010 d
#3709
b1111111011110 D
b1111111011110 d
#3710
b11111111011110 D
#3711
b10001101111011 D
b10001101111011 d
#3712
b10001011111011 D
b10001011111010 d
#3713
b10001110100101 D
b10001110100101 d
#3714
b10001111010110 D
b10001100000110 d
#3715
b10001011111010 D
b10001011111010 d
#3716
b10001000100110 D
b10001000100110 d
#3717
b10000011111000 D
b10000011111000 d
#3718
b1111110110110 D
b1111110110110 d
#3719
b1111010010111 D
b1111010010111 d
#3720
b1110110010100 D
b1110110010100 d
#3721
b1110011100010 D
b1110011100010 d
#3722
b1110011011100 D
b1110011011100 d
#3723
b1110100111001 D
b1110100111001 d
#3724
b1111000011111 D
b1111000011111 d
#3725
b1111101010101 D
b1111101010101 d
#3726
b10000001111100 D
b10000001111100 d
#3727
b10000110110100 D
b10000110110100 d
#3728
b10001010110000 D
b10001010110000 d
#3729
b10001100010010 D
b10001100010010 d
#3730
b10001100100110 D
b10001100100110 d
#3731
b10001010101011 D
b10001010101011 d
#3732
b10000110001100 D
b10000110001100 d
#3733
b10000001100011 D
b10000001100011 d
#3734
b1111101000011 D
b1111101000011 d
#3735
b1111001011000 D
b1111001011000 d
#3736
b1110100010011 D
b1110100010011 d
#3737
b1110010110001 D
b1110010110001 d
#3738
b1110100011101 D
b1110100011101 d
#3739
b1110110110011 D
b1110110110011 d
#3740
b1111010110011 D
b1111010110011 d
#3741
b1111111001010 D
b1111111101010 d
#3742
b10010011101111 D
b10111111101111 d
#3743
b10001010111111 D
b10001011111111 d
#3744
b10001100111111 D
b10001100111111 d
#3745
b10001100101111 D
b10001100101111 d
#3746
b10001111111011 D
b10001111111011 d
#3747
b10001011111111 D
b10001011111111 d
#3748
b10001100011110 D
b10001100011110 d
#3749
b10000100010110 D
b10000100010110 d
#3750
b10000000000010 D
b10000000000010 d
#3751
b1111010101110 D
b1111010101110 d
#3752
b1110110010010 D
b1110110010010 d
#3753
b1110100001111 D
b1110100001111 d
#3754
b1110011100011 D
b1110011100011 d
#3755
b1110101000001 D
b1110101000001 d
#3756
b1110111100101 D
b1110111100101 d
#3757
b1111100001010 D
b1111100001010 d
#3758
b10000001111101 D
b10000001111101 d
#3759
b10000110100001 D
b10000110100001 d
#3760
b10001010011001 D
b10001010011001 d
#3761
b10001100011100 D
b10001100011100 d
#3762
b10001100010100 D
b10001100010100 d
#3763
b10001010111100 D
b10001010111100 d
#3764
b10000111100000 D
b10000111100000 d
#3765
b10000010010101 D
b10000010010101 d
#3766
b1111101000101 D
b1111101000101 d
#3767
b1111000110011 D
b1111000110011 d
#3768
b1110101100001 D
b1110101100001 d
#3769
b1110011101110 D
b1110011101110 d
#3770
b1110011011111 D
b1110011011111 d
#3771
b1110110000110 D
b1110110000110 d
#3772
b1111001111111 D
b1111001111111 d
#3773
b1111110111010 D
b1111110111010 d
#3774
b10000100010000 D
b10000100010000 d
#3775
b10000111100010 D
b10000111100010 d
#3776
b10001011011111 D
b10001011111111 d
#3777
b10001101001001 D
b10001101001001 d
#3778
b10001011101110 D
b10001111101111 d
#3779
b10001011111110 D
b10001011111110 d
#3780
b10001101011110 D
b10001101011110 d
#3781
b11111111110110 D
b10111111110110 d
#3782
b1111111111101 D
b1111111111101 d
#3783
b1111111011111 D
b1111111011111 d
#3784
b1110111000111 D
b1110111000111 d
#3785
b1110111011100 D
b1110111010100 d
#3786
b1110011011100 D
b1110011011100 d
#3787
b1110011110101 D
b1110011110101 d
#3788
b1110111011100 D
b1110111011100 d
#3789
b1111100100111 D
b1111100100111 d
#3790
b10000001001011 D
b10000001001011 d
#3791
b10000101010011 D
b10000101010011 d
#3792
b10001001110101 D
b10001001110101 d
#3793
b10001100011111 D
b10001100011111 d
#3794
b10001100110000 D
b10001100110000 d
#3795
b10001011000111 D
b10001011000111 d
#3796
b10000111010011 D
b10000111010011 d
#3797
b10000010111101 D
b10000010111101 d
#3798
b1111101110100 D
b1111101110100 d
#3799
b1111001011011 D
b1111001011011 d
#3800
b1110101110111 D
b1110101110111 d
#3801
b1110011011100 D
b1110011011100 d
#3802
b1110011001100 D
b1110011001100 d
#3803
b1110101110001 D
b1110101110001 d
#3804
b1111001110000 D
b1111001110000 d
#3805
b1111110010000 D
b1111110010000 d
#3806
b10000011010110 D
b10000011010110 d
#3807
b10000111011010 D
b10000111011010 d
#3808
b10001011000000 D
b10001011000000 d
#3809
b10001100111011 D
b10001100111011 d
#3810
b10001100010111 D
b10001100010111 d
#3811
b10001001010110 D
b10001001010110 d
#3812
b10000101001011 D
b10000101001011 d
#3813
b10000000110001 D
b10000000111011 d
#3814
b1111100110001 D
b11111100110001 d
#3815
b1111111011110 D
b1111111011110 d
#3816
b1110111011110 D
b1110111011110 d
#3817
b1110111011111 D
b1110111011111 d
#3818
b1110111010111 D
b1110111010111 d
#3819
b1110111010010 D
b1110111010010 d
#3820
b1111111110110 D
b1111111010110 d
#3821
b1111011110100 D
b1111011110100 d
#3822
b10000000011111 D
b10000000011111 d
#3823
b10000101001000 D
b10000101001000 d
#3824
b10001000111110 D
b10001000111110 d
#3825
b10001011111101 D
b10001011111101 d
#3826
b10001100101110 D
b10001100101110 d
#3827
b10001011110000 D
b10001011110000 d
#3828
b10001000000001 D
b10001000000001 d
#3829
b10000010010010 D
b10000010010010 d
#3830
b1111110101000 D
b1111110101000 d
#3831
b1111001100100 D
b1111001100100 d
#3832
b1110101101111 D
b1110101101111 d
#3833
b1110100011111 D
b1110100011111 d
#3834
b1110011000110 D
b1110011000110 d
#3835
b1110100110101 D
b1110100110101 d
#3836
b1111001100111 D
b1111001100111 d
#3837
b1111101100111 D
b1111101100111 d
#3838
b10000010111101 D
b10000010111101 d
#3839
b10000111011101 D
b10000111011101 d
#3840
b10001010011011 D
b10001010011011 d
#3841
b10001100111111 D
b10001100111111 d
#3842
b10001100010111 D
b10001100010111 d
#3843
b10001010001010 D
b10001010001010 d
#3844
b10000110001100 D
b10000110001100 d
#3845
b10000000011011 D
b10000000011011 d
#3846
b1111100000101 D
b1111100000101 d
#3847
b1111000010010 D
b1111000010010 d
#3848
b1110100011011 D
b1110100011011 d
#3849
b1110011001110 D
b1110011001111 d
#3850
b1110110011111 D
b1110111011111 d
#3851
b1110110111001 D
b1110110111001 d
#3852
b1111110110010 D
b1111110110010 d
#3853
b1111111101011 D
b1111111101011 d
#3855
b10001101001111 D
b10001101001111 d
#3856
b10001011101111 D
b10001011101111 d
#3857
b10001111011111 D
b10001011001111 d
#3858
b10001101010101 D
b10001100010101 d
#3859
b10001011100100 D
b10001011100100 d
#3860
b10001000101111 D
b10001000101111 d
#3861
b10000100010100 D
b10000100010100 d
#3862
b1111110011111 D
b1111110011111 d
#3863
b1111001100000 D
b1111001100000 d
#3864
b1110110000110 D
b1110110000110 d
#3865
b1110100100101 D
b1110100100101 d
#3866
b1110011101010 D
b1110011101010 d
#3867
b1110100010100 D
b1110100010100 d
#3868
b1110111011010 D
b1110111011010 d
#3869
b1111101101100 D
b1111101101100 d
#3870
b10000011000011 D
b10000011000011 d
#3871
b10000110100110 D
b10000110100110 d
#3872
b10001001011010 D
b10001001011010 d
#3873
b10001100001010 D
b10001100001010 d
#3874
b10001100010111 D
b10001100010111 d
#3875
b10001011000010 D
b10001011000010 d
#3876
b10000110001101 D
b10000110001101 d
#3877
b10000001110110 D
b10000001110110 d
#3878
b1111100000001 D
b1111100000001 d
#3879
b1111000000001 D
b1111000000001 d
#3880
b1110101101110 D
b1110101101110 d
#3881
b1110011100110 D
b1110011100110 d
#3882
b1110011101011 D
b1110011101011 d
#3883
b1110110001010 D
b1110110001010 d
#3884
b1111010101100 D
b1111010101100 d
#3885
b10010000111000 D
b10111010111000 d
#3886
b10000100101011 D
b10000100111011 d
#3887
b10001100101111 D
b10001100101111 d
#3888
b10001011111101 D
b10001011111101 d
#3889
b10001111111101 D
b10001111111101 d
#3890
b10001111110101 D
b10001111110101 d
#3891
b10001011110110 D
b10001011110110 d
#3892
b10001100101011 D
b10001100101010 d
#3893
b10000101001011 D
b10000100001011 d
#3894
b1111111101011 D
b1111111101011 d
#3895
b1111010110000 D
b1111010110000 d
#3896
b1110110011000 D
b1110110011000 d
#3897
b1110100000011 D
b1110100000011 d
#3898
b1110011110111 D
b1110011110111 d
#3899
b1110100100011 D
b1110100100011 d
#3900
b1110111110110 D
b1110111110110 d
#3901
b1111100110001 D
b1111100110001 d
#3902
b10000010010000 D
b10000010010000 d
#3903
b10000101111100 D
b10000101111100 d
#3904
b10001001111001 D
b10001001111001 d
#3905
b10001100111011 D
b10001100111011 d
#3906
b10001100010010 D
b10001100010010 d
#3907
b10001010100010 D
b10001010100010 d
#3908
b10000111001000 D
b10000111001000 d
#3909
b10000010000000 D
b10000010000000 d
#3910
b1111101001100 D
b1111101001100 d
#3911
b1111000110000 D
b1111000110000 d
#3912
b1110101001010 D
b1110101001010 d
#3913
b1110011110101 D
b1110011110101 d
#3914
b1110100000011 D
b1110100000011 d
#3915
b1110110000100 D
b1110110000100 d
#3916
b1111010000010 D
b1111010000010 d
#3917
b1111110010111 D
b1111110010111 d
#3918
b10000100000001 D
b10000100000001 d
#3919
b10001001010010 D
b10001001010010 d
#3920
b10001011011111 D
b10001011011111 d
#3921
b10001100011110 D
b10001110011111 d
#3922
b10001011010110 D
b10001111010110 d
#3923
b10001011010110 d
#3924
b10001101110110 D
b10001101110110 d
#3925
b10111111111010 D
b10111111111010 d
#3926
b1111111111000 D
b1111111111000 d
#3927
b1111110101110 D
b1111110001110 d
#3928
b1110110101110 D
b1110110101110 d
#3929
b1110111101101 D
b1110100101001 d
#3930
b1110011100101 D
b1110011100101 d
#3931
b1110100111001 D
b1110100111001 d
#3932
b1110111011011 D
b1110111011011 d
#3933
b1111011101101 D
b1111011101101 d
#3934
b10000001010001 D
b10000001010001 d
#3935
b10000110010110 D
b10000110010110 d
#3936
b10001010010000 D
b10001010010000 d
#3937
b10001100000010 D
b10001100000010 d
#3938
b10001100001010 D
b10001100001010 d
#3939
b10001011001010 D
b10001011001010 d
#3940
b10000111100100 D
b10000111100100 d
#3941
b10000010110110 D
b10000010110110 d
#3942
b1111101010111 D
b1111101010111 d
#3943
b1111001010011 D
b1111001010011 d
#3944
b1110101110000 D
b1110101110000 d
#3945
b1110011010001 D
b1110011010001 d
#3946
b1110100000101 D
b1110100000101 d
#3947
b1110110000111 D
b1110110000111 d
#3948
b1111001010110 D
b1111001010110 d
#3949
b1111110101101 D
b1111110101101 d
#3950
b10000011100000 D
b10000011100000 d
#3951
b10001000000000 D
b10001000000000 d
#3952
b10001011100110 D
b10001011100110 d
#3953
b10001100011000 D
b10001100011000 d
#3954
b10001100010100 D
b10001100010100 d
#3955
b10001001110010 D
b10001001110010 d
#3956
b10000101101001 D
b10000101101001 d
#3957
b10000000111111 D
b10000101111111 d
#3958
b1111011111111 D
b11111011111111 d
#3959
b1111111100111 D
b1111111100111 d
#3960
b1110110100110 D
b1110110100110 d
#3961
b1110111111110 D
b1110111111110 d
#3962
b1110111011110 D
b1110111011110 d
#3963
b1110111101010 D
b1110111101010 d
#3964
b1111111111100 D
b1110111101100 d
#3965
b1111010111101 D
b1111010111101 d
#3966
b10000000011010 D
b10000000011010 d
#3967
b10000110001111 D
b10000110001111 d
#3968
b10001010001111 D
b10001010001111 d
#3969
b10001100001100 D
b10001100001100 d
#3971
b10001010111111 D
b10001010111111 d
#3972
b10001000011000 D
b10001000011000 d
#3973
b10000011001000 D
b10000011001000 d
#3974
b1111110000011 D
b1111110000011 d
#3975
b1111001100010 D
b1111001100010 d
#3976
b1110110000000 D
b1110110000000 d
#3977
b1110011101100 D
b1110011101100 d
#3978
b1110011001010 D
b1110011001010 d
#3979
b1110101001111 D
b1110101001111 d
#3980
b1111001000110 D
b1111001000110 d
#3981
b1111101111101 D
b1111101111101 d
#3982
b10000010111011 D
b10000010111011 d
#3983
b10000111011110 D
b10000111011110 d
#3984
b10001010101110 D
b10001010101110 d
#3985
b10001100100001 D
b10001100100001 d
#3986
b10001100101100 D
b10001100101100 d
#3987
b10001001111111 D
b10001001111111 d
#3988
b10000101011000 D
b10000101011000 d
#3989
b10000000010010 D
b10000000010010 d
#3990
b1111100011010 D
b1111100011010 d
#3991
b1110111111110 D
b1110111111110 d
#3992
b1110100101111 D
b1110100101111 d
#3993
b1110011101111 D
b1110111101111 d
#3994
b1110110001111 D
b1110111001111 d
#3995
b1110111011011 D
b1110111011011 d
#3996
b1111111010111 D
b1111111010111 d
#3997
b1111111111111 D
b1111111111111 d
#3998
b1111111111101 D
b1111111111101 d
#3999
b10001101011001 D
b10000101010001 d
#4000
b10001011011110 D
b10001011011110 d
#4001
b10001011111110 D
b10001011111110 d
#4002
b10001101011001 D
b10001101011001 d
#4003
b10001011011000 D
b10001011011000 d
#4004
b10000111100011 D
b10000111100011 d
#4005
b10000011101100 D
b10000011101100 d
#4006
b1111110111110 D
b1111110111110 d
#4007
b1111010000100 D
b1111010000100 d
#4008
b1110101111011 D
b1110101111011 d
#4009
b1110011111000 D
b1110011111000 d
#4010
b1110011001111 D
b1110011001111 d
#4011
b1110101011011 D
b1110101011011 d
#4012
b1111000101110 D
b1111000101110 d
#4013
b1111101001011 D
b1111101001011 d
#4014
b10000010001010 D
b10000010001010 d
#4015
b10000110111101 D
b10000110111101 d
#4016
b10001011000100 D
b10001011000100 d
#4017
b10001100111011 D
b10001100111011 d
#4018
b10001011100100 D
b10001011100100 d
#4019
b10001001110101 D
b10001001110101 d
#4020
b10000110111011 D
b10000110111011 d
#4021
b10000001110011 D
b10000001110011 d
#4022
b1111100011111 D
b1111100011111 d
#4023
b1110111101101 D
b1110111101101 d
#4024
b1110100110101 D
b1110100110101 d
#4025
b1110011011101 D
b1110011011101 d
#4026
b1110100001101 D
b1110100001101 d
#4027
b1110110011111 D
b1110110011111 d
#4028
b1111010101111 D
b1111010101111 d
#4029
b1111111111111 D
b1111111111111 d
#4030
b11111111111011 D
b11111111111011 d
#4031
b10001100101111 D
b10001100101111 d
#4032
b10001011111111 D
b10001011111111 d
#4033
b10001111111111 D
b10001111111111 d
#4034
b10001111110111 D
b10001111110111 d
#4035
b10001011111101 D
b10001011110100 d
#4036
b10001100111001 D
b10001000111001 d
#4037
b10000100100001 D
b10000100100001 d
#4038
b1111111000100 D
b1111111000100 d
#4039
b1111001100101 D
b1111001100101 d
#4040
b1110110001101 D
b1110110001101 d
#4041
b1110101010000 D
b1110101010000 d
#4042
b1110011110110 D
b1110011110110 d
#4043
b1110011110010 D
b1110011110010 d
#4044
b1111000010000 D
b1111000010000 d
#4045
b1111101100001 D
b1111101100001 d
#4046
b10000010000000 D
b10000010000000 d
#4047
b10000110100100 D
b10000110100100 d
#4048
b10001001110010 D
b10001001110010 d
#4049
b10001100000100 D
b10001100000100 d
#4050
b10001101000010 D
b10001101000010 d
#4051
b10001010110010 D
b10001010110010 d
#4052
b10000110100101 D
b10000110100101 d
#4053
b10000001111010 D
b10000001111010 d
#4054
b1111100010110 D
b1111100010110 d
#4055
b1111000100010 D
b1111000100010 d
#4056
b1110101111011 D
b1110101111011 d
#4057
b1110011100010 D
b1110011100010 d
#4058
b1110011101011 D
b1110011101011 d
#4059
b1110101111111 D
b1110101111111 d
#4060
b1111010001000 D
b1111010001000 d
#4061
b1111111100101 D
b1111111100101 d
#4062
b10000011111001 D
b10000011111001 d
#4063
b10001000100010 D
b10001000101010 d
#4064
b10001011101100 D
b10001011101110 d
#4065
b10001110101101 D
b10001111101101 d
#4066
b10001100001111 D
b10001100001111 d
#4067
b10001101000111 D
b10001101000111 d
#4068
b10001101110111 D
b10001101110111 d
#4069
b10111111110110 D
b10111111110110 d
#4070
b1111111100110 D
b1111111100110 d
#4071
b1111111100100 D
b1111111100100 d
#4072
b1110111011101 D
b1110111001101 d
#4073
b1110101011111 D
b1110100011111 d
#4074
b1110011011111 D
b1110011011111 d
#4075
b1110100110100 D
b1110100110100 d
#4076
b1110111000100 D
b1110111000100 d
#4077
b1111100101100 D
b1111100101100 d
#4078
b10000001101100 D
b10000001101100 d
#4079
b10000101110010 D
b10000101110010 d
#4080
b10001010101111 D
b10001010101111 d
#4081
b10001011100000 D
b10001011100000 d
#4082
b10001011101001 D
b10001011101001 d
#4083
b10001011110110 D
b10001011110110 d
#4084
b10000111000111 D
b10000111000111 d
#4085
b10000010001101 D
b10000010001101 d
#4086
b1111101110001 D
b1111101110001 d
#4087
b1111000010100 D
b1111000010100 d
#4088
b1110101001101 D
b1110101001101 d
#4089
b1110100001101 D
b1110100001101 d
#4090
b1110011111110 D
b1110011111110 d
#4091
b1110110100001 D
b1110110100001 d
#4092
b1111000100000 D
b1111000100000 d
#4093
b1111101101110 D
b1111101101110 d
#4094
b10000100011110 D
b10000100011110 d
#4095
b10001000001110 D
b10001000001110 d
