Sample in Buffer,Sample in Window,TRIGGER,design_1_i/adc_debug_0_adc_data_r[13:0]
0,0,0,22a7
1,1,0,1e59
2,2,0,2297
3,3,0,1e36
4,4,0,2eb6
5,5,0,3eb7
6,6,0,3eb7
7,7,0,3eb6
8,8,0,1ea5
9,9,0,2ead
10,10,1,1e3f
11,11,0,22a1
12,12,0,1e57
13,13,0,2277
14,14,0,1e81
15,15,0,226e
16,16,0,1e7d
17,17,0,227c
18,18,0,1e7a
19,19,0,2268
20,20,0,1e81
21,21,0,227c
22,22,0,1e68
23,23,0,2291
24,24,0,1e4c
25,25,0,2299
26,26,0,1e42
27,27,0,22a2
28,28,0,1e26
29,29,0,22af
30,30,0,1e3c
31,31,0,229e
32,32,0,1e31
33,33,0,2296
34,34,0,1e69
35,35,0,2287
36,36,0,1e73
37,37,0,2275
38,38,0,1e58
39,39,0,2290
40,40,0,1ef1
41,41,0,3ee9
42,42,0,2ef8
43,43,0,1e78
44,44,0,2e8b
45,45,0,1e4a
46,46,0,2274
47,47,0,1e6a
48,48,0,228e
49,49,0,1e56
50,50,0,229f
51,51,0,1e3b
52,52,0,22a8
53,53,0,1e2d
54,54,0,22a7
55,55,0,1e3d
56,56,0,2298
57,57,0,1e5d
58,58,0,227f
59,59,0,1e5f
60,60,0,2288
61,61,0,1e69
62,62,0,2289
63,63,0,1e64
64,64,0,227c
65,65,0,1e6d
66,66,0,2287
67,67,0,1e71
68,68,0,2288
69,69,0,1e5a
70,70,0,22ae
71,71,0,1e40
72,72,0,22a0
73,73,0,1e42
74,74,0,2298
75,75,0,1e5c
76,76,0,2eee
77,77,0,3ebe
78,78,0,3eb6
79,79,0,2eb6
80,80,0,1e44
81,81,0,22a0
82,82,0,1e3f
83,83,0,2299
84,84,0,1e50
85,85,0,2298
86,86,0,1e68
87,87,0,2273
88,88,0,1e73
89,89,0,2275
90,90,0,1e57
91,91,0,22a1
92,92,0,1e48
93,93,0,229f
94,94,0,1e53
95,95,0,2293
96,96,0,1e4b
97,97,0,228d
98,98,0,1e48
99,99,0,22a5
100,100,0,1e2c
101,101,0,22b8
102,102,0,1e11
103,103,0,22c1
104,104,0,1e23
105,105,0,2296
106,106,0,1e57
107,107,0,2299
108,108,0,1e50
109,109,0,2296
110,110,0,1e5b
111,111,0,2e9f
112,112,0,1ebe
113,113,0,3e7f
114,114,0,3e7f
115,115,0,3e7e
116,116,0,3e7e
117,117,0,1e5e
118,118,0,22a5
119,119,0,1e21
120,120,0,22cb
121,121,0,1e01
122,122,0,22bb
123,123,0,1e00
124,124,0,22c2
125,125,0,1e1c
126,126,0,22c9
127,127,0,1e23
128,128,0,22af
129,129,0,1e23
130,130,0,22a6
131,131,0,1e21
132,132,0,22b5
133,133,0,1e34
134,134,0,228d
135,135,0,1e42
136,136,0,229a
137,137,0,1e64
138,138,0,2289
139,139,0,1e6e
140,140,0,2296
141,141,0,1e3e
142,142,0,2295
143,143,0,1e46
144,144,0,22ad
145,145,0,1e17
146,146,0,22de
147,147,0,1e0d
148,148,0,3ebf
149,149,0,3ebf
150,150,0,1e9f
151,151,0,2ebd
152,152,0,1e18
153,153,0,22b5
154,154,0,1e3e
155,155,0,229d
156,156,0,1e5d
157,157,0,2297
158,158,0,1e44
159,159,0,2284
160,160,0,1e6f
161,161,0,22a7
162,162,0,1e38
163,163,0,2295
164,164,0,1e58
165,165,0,229d
166,166,0,1e32
167,167,0,22b1
168,168,0,1e22
169,169,0,22c4
170,170,0,1e2a
171,171,0,229e
172,172,0,1e30
173,173,0,22bf
174,174,0,1e11
175,175,0,22ba
176,176,0,1e1f
177,177,0,22ac
178,178,0,1e40
179,179,0,22a6
180,180,0,1e37
181,181,0,229c
182,182,0,1e3c
183,183,0,2ebd
184,184,0,3ecd
185,185,0,1e5e
186,186,0,228c
187,187,0,1e57
188,188,0,229a
189,189,0,1e44
190,190,0,22bf
191,191,0,1e21
192,192,0,22a0
193,193,0,1e2d
194,194,0,229e
195,195,0,1e2c
196,196,0,22c1
197,197,0,1e14
198,198,0,22aa
199,199,0,1e18
200,200,0,22aa
201,201,0,1e2d
202,202,0,22a4
203,203,0,1e3c
204,204,0,22a2
205,205,0,1e35
206,206,0,22a3
207,207,0,1e4f
208,208,0,22a0
209,209,0,1e61
210,210,0,2285
211,211,0,1e50
212,212,0,2294
213,213,0,1e40
214,214,0,22b1
215,215,0,1e22
216,216,0,22b1
217,217,0,1e41
218,218,0,2ebf
219,219,0,1ebe
220,220,0,3eda
221,221,0,2eda
222,222,0,1e9a
223,223,0,2ebb
224,224,0,1e3b
225,225,0,228f
226,226,0,1e60
227,227,0,2296
228,228,0,1e38
229,229,0,22aa
230,230,0,1e35
231,231,0,22ae
232,232,0,1e2d
233,233,0,22a4
234,234,0,1e38
235,235,0,22a2
236,236,0,1e2a
237,237,0,22ba
238,238,0,1e12
239,239,0,22b7
240,240,0,1e20
241,241,0,22a8
242,242,0,1e2f
243,243,0,22c2
244,244,0,1e27
245,245,0,22a7
246,246,0,1e2d
247,247,0,22b2
248,248,0,1e38
249,249,0,229b
250,250,0,1e52
251,251,0,2292
252,252,0,1e4a
253,253,0,228f
254,254,0,1e5f
255,255,0,2e7f
256,256,0,3e76
257,257,0,1e77
258,258,0,2e87
259,259,0,1e4c
260,260,0,229d
261,261,0,1e33
262,262,0,22a1
263,263,0,1e26
264,264,0,22ac
265,265,0,1e26
266,266,0,22d6
267,267,0,1df9
268,268,0,22c4
269,269,0,1df2
270,270,0,22cd
271,271,0,1e0d
272,272,0,22b8
273,273,0,1e33
274,274,0,229e
275,275,0,1e4d
276,276,0,228d
277,277,0,1e47
278,278,0,2294
279,279,0,1e65
280,280,0,22a4
281,281,0,1e44
282,282,0,229c
283,283,0,1e3b
284,284,0,22a3
285,285,0,1e3f
286,286,0,22b3
287,287,0,1e20
288,288,0,22c0
289,289,0,1e07
290,290,0,2edf
291,291,0,3edb
292,292,0,3ecb
293,293,0,3ece
294,294,0,1ec6
295,295,0,2ec8
296,296,0,1e05
297,297,0,22ad
298,298,0,1e3a
299,299,0,2292
300,300,0,1e45
301,301,0,22b9
302,302,0,1e1a
303,303,0,22aa
304,304,0,1e4b
305,305,0,228e
306,306,0,1e59
307,307,0,22b3
308,308,0,1e24
309,309,0,22cb
310,310,0,1e0c
311,311,0,22ca
312,312,0,1e1c
313,313,0,22cd
314,314,0,1e1c
315,315,0,22a6
316,316,0,1e3a
317,317,0,22be
318,318,0,1e25
319,319,0,22c1
320,320,0,1e2b
321,321,0,22b2
322,322,0,1e36
323,323,0,2299
324,324,0,1e41
325,325,0,22a0
326,326,0,1efa
327,327,0,3ede
328,328,0,2e97
329,329,0,1e5f
330,330,0,228f
331,331,0,1e41
332,332,0,2299
333,333,0,1e43
334,334,0,22b5
335,335,0,1e2c
336,336,0,22b4
337,337,0,1e20
338,338,0,22c9
339,339,0,1df1
340,340,0,22b8
341,341,0,1e0c
342,342,0,22c4
343,343,0,1e22
344,344,0,228f
345,345,0,1e4e
346,346,0,229e
347,347,0,1e36
348,348,0,22a7
349,349,0,1e40
350,350,0,2296
351,351,0,1e4c
352,352,0,2299
353,353,0,1e48
354,354,0,22ae
355,355,0,1e21
356,356,0,22b4
357,357,0,1e22
358,358,0,22ae
359,359,0,1e1a
360,360,0,22bd
361,361,0,1df7
362,362,0,2ffe
363,363,0,3ffa
364,364,0,1dfe
365,365,0,2ebe
366,366,0,3ec6
367,367,0,22c6
368,368,0,1e21
369,369,0,2296
370,370,0,1e3e
371,371,0,22a1
372,372,0,1e33
373,373,0,228f
374,374,0,1e68
375,375,0,2286
376,376,0,1e5c
377,377,0,2296
378,378,0,1e4a
379,379,0,22a9
380,380,0,1e14
381,381,0,22b5
382,382,0,1e1f
383,383,0,22b7
384,384,0,1e14
385,385,0,22c0
386,386,0,1dff
387,387,0,22c6
388,388,0,1e0d
389,389,0,22ba
390,390,0,1e26
391,391,0,2291
392,392,0,1e2a
393,393,0,22aa
394,394,0,1e2c
395,395,0,22a8
396,396,0,1e35
397,397,0,26b5
398,398,0,1eb0
399,399,0,3eb5
400,400,0,2ea5
401,401,0,1e49
402,402,0,22b5
403,403,0,1e0d
404,404,0,22c3
405,405,0,1e1d
406,406,0,22b9
407,407,0,1e0e
408,408,0,22c5
409,409,0,1e08
410,410,0,22ca
411,411,0,1e08
412,412,0,22a8
413,413,0,1e35
414,414,0,22b2
415,415,0,1e30
416,416,0,22a8
417,417,0,1e3e
418,418,0,229c
419,419,0,1e53
420,420,0,228b
421,421,0,1e56
422,422,0,2288
423,423,0,1e6f
424,424,0,228e
425,425,0,1e38
426,426,0,2293
427,427,0,1e48
428,428,0,22ae
429,429,0,1e0d
430,430,0,22bc
431,431,0,1e0a
432,432,0,22d6
433,433,0,1dfe
434,434,0,3ffe
435,435,0,3ebd
436,436,0,1dff
437,437,0,2ecf
438,438,0,1e0b
439,439,0,22bd
440,440,0,1e16
441,441,0,22b8
442,442,0,1e25
443,443,0,2299
444,444,0,1e45
445,445,0,229b
446,446,0,1e5f
447,447,0,228d
448,448,0,1e49
449,449,0,229b
450,450,0,1e47
451,451,0,2297
452,452,0,1e35
453,453,0,22b8
454,454,0,1e12
455,455,0,22b9
456,456,0,1e05
457,457,0,22c2
458,458,0,1e1c
459,459,0,22c9
460,460,0,1e17
461,461,0,22c6
462,462,0,1e0c
463,463,0,22af
464,464,0,1e3e
465,465,0,2298
466,466,0,1e4b
467,467,0,22aa
468,468,0,1e37
469,469,0,2ebf
470,470,0,3eea
471,471,0,3e7a
472,472,0,2ebe
473,473,0,1ebf
474,474,0,2ebe
475,475,0,3eb6
476,476,0,22b6
477,477,0,1e28
478,478,0,22c0
479,479,0,1e1f
480,480,0,22c3
481,481,0,1e0e
482,482,0,22bc
483,483,0,1e30
484,484,0,22af
485,485,0,1e2c
486,486,0,22aa
487,487,0,1e62
488,488,0,2297
489,489,0,1e42
490,490,0,22a8
491,491,0,1e52
492,492,0,227f
493,493,0,1e7e
494,494,0,228e
495,495,0,1e5c
496,496,0,229f
497,497,0,1e37
498,498,0,229d
499,499,0,1e37
500,500,0,22a9
501,501,0,1e28
502,502,0,22a9
503,503,0,1e43
504,504,0,229f
505,505,0,1ebc
506,506,0,3eae
507,507,0,3eae
508,508,0,1eb9
509,509,0,2ea8
510,510,0,1eb5
511,511,0,22a4
512,512,0,1e47
513,513,0,2282
514,514,0,1e6c
515,515,0,228d
516,516,0,1e73
517,517,0,2278
518,518,0,1e66
519,519,0,228b
520,520,0,1e4c
521,521,0,22b1
522,522,0,1e1f
523,523,0,22b7
524,524,0,1e46
525,525,0,22a0
526,526,0,1e36
527,527,0,22b9
528,528,0,1e14
529,529,0,22da
530,530,0,1e1c
531,531,0,22b3
532,532,0,1e20
533,533,0,22b6
534,534,0,1e29
535,535,0,229a
536,536,0,1e49
537,537,0,2278
538,538,0,1e65
539,539,0,2279
540,540,0,1e73
541,541,0,2e73
542,542,0,3ef5
543,543,0,3e8d
544,544,0,2e89
545,545,0,1e54
546,546,0,2a88
547,547,0,1e3d
548,548,0,22a6
549,549,0,1e51
550,550,0,22ae
551,551,0,1e31
552,552,0,2295
553,553,0,1e46
554,554,0,22bc
555,555,0,1e23
556,556,0,22ac
557,557,0,1e40
558,558,0,229b
559,559,0,1e5d
560,560,0,2278
561,561,0,1e63
562,562,0,228e
563,563,0,1e4b
564,564,0,228a
565,565,0,1e5b
566,566,0,2299
567,567,0,1e50
568,568,0,228e
569,569,0,1e59
570,570,0,22a4
571,571,0,1e40
572,572,0,22a9
573,573,0,1e4c
574,574,0,2293
575,575,0,1e3f
576,576,0,2eff
577,577,0,1ed8
578,578,0,3e9b
579,579,0,2eb7
580,580,0,1eba
581,581,0,229a
582,582,0,1e66
583,583,0,227c
584,584,0,1e5d
585,585,0,22ac
586,586,0,1e40
587,587,0,2289
588,588,0,1e64
589,589,0,226a
590,590,0,1e78
591,591,0,2296
592,592,0,1e34
593,593,0,22a1
594,594,0,1e35
595,595,0,2297
596,596,0,1e28
597,597,0,22ac
598,598,0,1e36
599,599,0,22b5
600,600,0,1e23
601,601,0,22b9
602,602,0,1e0c
603,603,0,22b4
604,604,0,1e27
605,605,0,22a0
606,606,0,1e50
607,607,0,228c
608,608,0,1e4f
609,609,0,228a
610,610,0,1e6d
611,611,0,2287
612,612,0,1e67
613,613,0,3ee5
614,614,0,3e9d
615,615,0,1e5c
616,616,0,2285
617,617,0,1e52
618,618,0,2288
619,619,0,1e60
620,620,0,22b6
621,621,0,1e21
622,622,0,22a3
623,623,0,1e43
624,624,0,22ac
625,625,0,1e37
626,626,0,22c0
627,627,0,1e2a
628,628,0,229c
629,629,0,1e3f
630,630,0,2299
631,631,0,1e41
632,632,0,229e
633,633,0,1e58
634,634,0,2296
635,635,0,1e6e
636,636,0,2272
637,637,0,1e6b
638,638,0,2292
639,639,0,1e6a
640,640,0,228c
641,641,0,1e41
642,642,0,229a
643,643,0,1e50
644,644,0,22a4
645,645,0,1e43
646,646,0,22b1
647,647,0,1e39
648,648,0,2ebb
649,649,0,3ebf
650,650,0,3ebf
651,651,0,2e9e
652,652,0,3ed9
653,653,0,2e99
654,654,0,1e5a
655,655,0,22a6
656,656,0,1e3a
657,657,0,2299
658,658,0,1e58
659,659,0,2285
660,660,0,1e7b
661,661,0,228a
662,662,0,1e54
663,663,0,229f
664,664,0,1e4b
665,665,0,2281
666,666,0,1e67
667,667,0,2291
668,668,0,1e4f
669,669,0,22b1
670,670,0,1e3c
671,671,0,229c
672,672,0,1e38
673,673,0,22a9
674,674,0,1e13
675,675,0,22b6
676,676,0,1e3c
677,677,0,228b
678,678,0,1e5a
679,679,0,2288
680,680,0,1e5f
681,681,0,2280
682,682,0,1e6e
683,683,0,2276
684,684,0,1e7f
685,685,0,3edd
686,686,0,2ef2
687,687,0,1e72
688,688,0,2289
689,689,0,1e5a
690,690,0,2290
691,691,0,1e5f
692,692,0,22a9
693,693,0,1e2c
694,694,0,22d0
695,695,0,1df6
696,696,0,22ce
697,697,0,1e08
698,698,0,22b1
699,699,0,1e1c
700,700,0,22a7
701,701,0,1e3c
702,702,0,228a
703,703,0,1e61
704,704,0,228a
705,705,0,1e65
706,706,0,2282
707,707,0,1e79
708,708,0,2283
709,709,0,1e78
710,710,0,227e
711,711,0,1e88
712,712,0,2290
713,713,0,1e5c
714,714,0,2285
715,715,0,1e4b
716,716,0,2296
717,717,0,1e3b
718,718,0,2287
719,719,0,1e77
720,720,0,3efb
721,721,0,3ecb
722,722,0,1e51
723,723,0,2eac
724,724,0,1e35
725,725,0,22ae
726,726,0,1e39
727,727,0,2284
728,728,0,1e61
729,729,0,2269
730,730,0,1e8c
731,731,0,2286
732,732,0,1e4d
733,733,0,2297
734,734,0,1e65
735,735,0,2292
736,736,0,1e61
737,737,0,2287
738,738,0,1e62
739,739,0,2297
740,740,0,1e4a
741,741,0,22c0
742,742,0,1e12
743,743,0,22bf
744,744,0,1e1e
745,745,0,22ab
746,746,0,1e3a
747,747,0,2297
748,748,0,1e51
749,749,0,2298
750,750,0,1e42
751,751,0,229d
752,752,0,1e52
753,753,0,228b
754,754,0,1e5c
755,755,0,267e
756,756,0,1e7a
757,757,0,3efe
758,758,0,2ed6
759,759,0,1e44
760,760,0,2ea5
761,761,0,1e41
762,762,0,22ac
763,763,0,1e16
764,764,0,22b8
765,765,0,1e1c
766,766,0,22b8
767,767,0,1e25
768,768,0,22aa
769,769,0,1e14
770,770,0,22ad
771,771,0,1e2e
772,772,0,22ae
773,773,0,1e45
774,774,0,2290
775,775,0,1e51
776,776,0,2276
777,777,0,1e6b
778,778,0,2286
779,779,0,1e79
780,780,0,2277
781,781,0,1e70
782,782,0,2271
783,783,0,1e61
784,784,0,2286
785,785,0,1e5a
786,786,0,22b5
787,787,0,1e20
788,788,0,2299
789,789,0,1e33
790,790,0,22d1
791,791,0,1e1f
792,792,0,3ebf
793,793,0,3ebe
794,794,0,1ebb
795,795,0,3eb7
796,796,0,1eb7
797,797,0,2ea6
798,798,0,1e36
799,799,0,22a7
800,800,0,1e43
801,801,0,22a2
802,802,0,1e46
803,803,0,228d
804,804,0,1e62
805,805,0,22a2
806,806,0,1e5a
807,807,0,22a0
808,808,0,1e39
809,809,0,22a0
810,810,0,1e4e
811,811,0,228f
812,812,0,1e31
813,813,0,22b9
814,814,0,1e26
815,815,0,22a4
816,816,0,1e2e
817,817,0,22bf
818,818,0,1e2a
819,819,0,22ad
820,820,0,1e35
821,821,0,229f
822,822,0,1e42
823,823,0,2279
824,824,0,1e68
825,825,0,2281
826,826,0,1e6c
827,827,0,2eae
828,828,0,3ece
829,829,0,3e5f
830,830,0,2ede
831,831,0,1ece
832,832,0,2e8e
833,833,0,1e4b
834,834,0,229b
835,835,0,1e59
836,836,0,22a0
837,837,0,1e36
838,838,0,2294
839,839,0,1e30
840,840,0,22ad
841,841,0,1e25
842,842,0,22ae
843,843,0,1e44
844,844,0,2280
845,845,0,1e62
846,846,0,2277
847,847,0,1e6c
848,848,0,226c
849,849,0,1e83
850,850,0,226a
851,851,0,1e6b
852,852,0,228b
853,853,0,1e4c
854,854,0,228e
855,855,0,1e3a
856,856,0,229c
857,857,0,1e4c
858,858,0,2290
859,859,0,1e46
860,860,0,22be
861,861,0,1e0c
862,862,0,22c6
863,863,0,1ecf
864,864,0,3e9b
865,865,0,2e9a
866,866,0,1eae
867,867,0,2ebc
868,868,0,1e95
869,869,0,229f
870,870,0,1e4e
871,871,0,227f
872,872,0,1e6d
873,873,0,226e
874,874,0,1e89
875,875,0,2276
876,876,0,1e7e
877,877,0,2287
878,878,0,1e61
879,879,0,227a
880,880,0,1e55
881,881,0,2298
882,882,0,1e5e
883,883,0,228e
884,884,0,1e40
885,885,0,22a1
886,886,0,1e4a
887,887,0,22a0
888,888,0,1e45
889,889,0,2287
890,890,0,1e65
891,891,0,228e
892,892,0,1e5b
893,893,0,228c
894,894,0,1e65
895,895,0,228d
896,896,0,1e6d
897,897,0,2281
898,898,0,1e6b
899,899,0,2eeb
900,900,0,3ee2
901,901,0,1e61
902,902,0,229c
903,903,0,1e43
904,904,0,22aa
905,905,0,1e3f
906,906,0,22a6
907,907,0,1e4e
908,908,0,2294
909,909,0,1e3b
910,910,0,22a2
911,911,0,1e50
912,912,0,2298
913,913,0,1e5e
914,914,0,2295
915,915,0,1e62
916,916,0,227f
917,917,0,1e69
918,918,0,2288
919,919,0,1e6f
920,920,0,226a
921,921,0,1e88
922,922,0,2273
923,923,0,1e78
924,924,0,2285
925,925,0,1e4d
926,926,0,2291
927,927,0,1e59
928,928,0,2296
929,929,0,1e37
930,930,0,22a0
931,931,0,1e3d
932,932,0,22a6
933,933,0,1e30
934,934,0,26b0
935,935,0,1eba
936,936,0,3eba
937,937,0,3eba
938,938,0,1eba
939,939,0,2e8c
940,940,0,1e54
941,941,0,228d
942,942,0,1e70
943,943,0,227d
944,944,0,1e6d
945,945,0,227a
946,946,0,1e84
947,947,0,227b
948,948,0,1e70
949,949,0,2276
950,950,0,1e5f
951,951,0,2292
952,952,0,1e54
953,953,0,2294
954,954,0,1e58
955,955,0,2272
956,956,0,1e49
957,957,0,22ba
958,958,0,1e1d
959,959,0,22ac
960,960,0,1e45
961,961,0,229c
962,962,0,1e3c
963,963,0,2290
964,964,0,1e73
965,965,0,2273
966,966,0,1e7f
967,967,0,2283
968,968,0,1e6f
969,969,0,227a
970,970,0,1e7a
971,971,0,2e7e
972,972,0,3e7e
973,973,0,1e78
974,974,0,2e89
975,975,0,1e6b
976,976,0,2280
977,977,0,1e72
978,978,0,22ae
979,979,0,1e39
980,980,0,229f
981,981,0,1e5c
982,982,0,2271
983,983,0,1e7e
984,984,0,228b
985,985,0,1e68
986,986,0,2288
987,987,0,1e75
988,988,0,227c
989,989,0,1e60
990,990,0,2265
991,991,0,1e95
992,992,0,2257
993,993,0,1ea0
994,994,0,2265
995,995,0,1e80
996,996,0,227a
997,997,0,1e7e
998,998,0,2284
999,999,0,1e6d
1000,1000,0,227b
1001,1001,0,1e94
1002,1002,0,226a
1003,1003,0,1e81
1004,1004,0,2286
1005,1005,0,1e62
1006,1006,0,2eee
1007,1007,0,3ede
1008,1008,0,1e4b
1009,1009,0,3e97
1010,1010,0,3ed3
1011,1011,0,2a51
1012,1012,0,1ea0
1013,1013,0,225a
1014,1014,0,1e98
1015,1015,0,2263
1016,1016,0,1e9a
1017,1017,0,223c
1018,1018,0,1ea5
1019,1019,0,2256
1020,1020,0,1ea0
1021,1021,0,2281
1022,1022,0,1e73
1023,1023,0,2288
1024,1024,0,1e7a
1025,1025,0,225e
1026,1026,0,1e7c
1027,1027,0,2282
1028,1028,0,1e66
1029,1029,0,229f
1030,1030,0,1e5e
1031,1031,0,2271
1032,1032,0,1e72
1033,1033,0,227a
1034,1034,0,1e85
1035,1035,0,226c
1036,1036,0,1e96
1037,1037,0,2268
1038,1038,0,1e9a
1039,1039,0,2266
1040,1040,0,1ea1
1041,1041,0,2263
1042,1042,0,1ec7
1043,1043,0,3ed5
1044,1044,0,3edd
1045,1045,0,1edd
1046,1046,0,2a51
1047,1047,0,1e86
1048,1048,0,2276
1049,1049,0,1e90
1050,1050,0,226f
1051,1051,0,1e86
1052,1052,0,225d
1053,1053,0,1e8e
1054,1054,0,226d
1055,1055,0,1e8b
1056,1056,0,2283
1057,1057,0,1e75
1058,1058,0,225c
1059,1059,0,1e8e
1060,1060,0,2265
1061,1061,0,1e9f
1062,1062,0,2266
1063,1063,0,1ea3
1064,1064,0,2252
1065,1065,0,1eb3
1066,1066,0,2254
1067,1067,0,1ea0
1068,1068,0,2276
1069,1069,0,1e89
1070,1070,0,2266
1071,1071,0,1e94
1072,1072,0,2273
1073,1073,0,1e7a
1074,1074,0,2270
1075,1075,0,1e7c
1076,1076,0,2288
1077,1077,0,1e7f
1078,1078,0,2e7f
1079,1079,0,3ee9
1080,1080,0,1e91
1081,1081,0,3e7a
1082,1082,0,3e7a
1083,1083,0,2279
1084,1084,0,1e88
1085,1085,0,2268
1086,1086,0,1e9d
1087,1087,0,2254
1088,1088,0,1ea5
1089,1089,0,223c
1090,1090,0,1ea9
1091,1091,0,2269
1092,1092,0,1e85
1093,1093,0,226e
1094,1094,0,1e6f
1095,1095,0,2267
1096,1096,0,1e89
1097,1097,0,227f
1098,1098,0,1e57
1099,1099,0,2287
1100,1100,0,1e70
1101,1101,0,2273
1102,1102,0,1e72
1103,1103,0,227a
1104,1104,0,1e85
1105,1105,0,2266
1106,1106,0,1eac
1107,1107,0,2262
1108,1108,0,1e9d
1109,1109,0,224c
1110,1110,0,1e98
1111,1111,0,2259
1112,1112,0,1eb3
1113,1113,0,2e7f
1114,1114,0,3edd
1115,1115,0,3ed5
1116,1116,0,2e5a
1117,1117,0,1e90
1118,1118,0,2e7a
1119,1119,0,1e6d
1120,1120,0,227a
1121,1121,0,1e76
1122,1122,0,2272
1123,1123,0,1e74
1124,1124,0,2294
1125,1125,0,1e63
1126,1126,0,2285
1127,1127,0,1e6d
1128,1128,0,2263
1129,1129,0,1e83
1130,1130,0,226e
1131,1131,0,1e8c
1132,1132,0,2265
1133,1133,0,1e9c
1134,1134,0,2262
1135,1135,0,1e86
1136,1136,0,2275
1137,1137,0,1ea6
1138,1138,0,2240
1139,1139,0,1ebe
1140,1140,0,2259
1141,1141,0,1e95
1142,1142,0,2260
1143,1143,0,1e9e
1144,1144,0,2273
1145,1145,0,1e8c
1146,1146,0,228f
1147,1147,0,1e6c
1148,1148,0,22ab
1149,1149,0,1e7b
1150,1150,0,3e73
1151,1151,0,3ef2
1152,1152,0,1e92
1153,1153,0,2260
1154,1154,0,1e9f
1155,1155,0,2251
1156,1156,0,1eb0
1157,1157,0,2251
1158,1158,0,1eae
1159,1159,0,224d
1160,1160,0,1ebb
1161,1161,0,224d
1162,1162,0,1ea8
1163,1163,0,226a
1164,1164,0,1e98
1165,1165,0,2258
1166,1166,0,1e9d
1167,1167,0,2277
1168,1168,0,1e7d
1169,1169,0,2270
1170,1170,0,1e80
1171,1171,0,2266
1172,1172,0,1e76
1173,1173,0,2280
1174,1174,0,1e7d
1175,1175,0,225e
1176,1176,0,1eac
1177,1177,0,2252
1178,1178,0,1ea3
1179,1179,0,224e
1180,1180,0,1e9a
1181,1181,0,2265
1182,1182,0,1eba
1183,1183,0,2243
1184,1184,0,1eb7
1185,1185,0,2ef5
1186,1186,0,3ed7
1187,1187,0,1eb7
1188,1188,0,2e48
1189,1189,0,1eab
1190,1190,0,2276
1191,1191,0,1e88
1192,1192,0,227a
1193,1193,0,1e5a
1194,1194,0,228d
1195,1195,0,1e74
1196,1196,0,227e
1197,1197,0,1e6f
1198,1198,0,227f
1199,1199,0,1e62
1200,1200,0,227a
1201,1201,0,1e7a
1202,1202,0,2269
1203,1203,0,1ea7
1204,1204,0,226c
1205,1205,0,1e82
1206,1206,0,2256
1207,1207,0,1e99
1208,1208,0,2254
1209,1209,0,1eb2
1210,1210,0,2259
1211,1211,0,1ea6
1212,1212,0,2255
1213,1213,0,1eb1
1214,1214,0,225f
1215,1215,0,1e8d
1216,1216,0,227f
1217,1217,0,1e7f
1218,1218,0,227a
1219,1219,0,1e86
1220,1220,0,267e
1221,1221,0,1e7f
1222,1222,0,3e7f
1223,1223,0,2e6a
1224,1224,0,1e89
1225,1225,0,2e56
1226,1226,0,1e94
1227,1227,0,226a
1228,1228,0,1e95
1229,1229,0,226a
1230,1230,0,1eaa
1231,1231,0,225c
1232,1232,0,1ea8
1233,1233,0,2271
1234,1234,0,1e97
1235,1235,0,225c
1236,1236,0,1ea1
1237,1237,0,227a
1238,1238,0,1e87
1239,1239,0,227a
1240,1240,0,1e80
1241,1241,0,2260
1242,1242,0,1e87
1243,1243,0,2286
1244,1244,0,1e72
1245,1245,0,226e
1246,1246,0,1e97
1247,1247,0,226b
1248,1248,0,1e9f
1249,1249,0,2258
1250,1250,0,1ebc
1251,1251,0,225c
1252,1252,0,1e96
1253,1253,0,2257
1254,1254,0,1e96
1255,1255,0,224a
1256,1256,0,1ebf
1257,1257,0,3eff
1258,1258,0,3edd
1259,1259,0,1e8d
1260,1260,0,2e7e
1261,1261,0,1e7d
1262,1262,0,2280
1263,1263,0,1e62
1264,1264,0,227e
1265,1265,0,1e7f
1266,1266,0,2294
1267,1267,0,1e62
1268,1268,0,226f
1269,1269,0,1e82
1270,1270,0,2280
1271,1271,0,1e7a
1272,1272,0,226f
1273,1273,0,1e97
1274,1274,0,225e
1275,1275,0,1ea6
1276,1276,0,2242
1277,1277,0,1ebc
1278,1278,0,2241
1279,1279,0,1ecf
1280,1280,0,2243
1281,1281,0,1ea5
1282,1282,0,2254
1283,1283,0,1e9d
1284,1284,0,2266
1285,1285,0,1e9e
1286,1286,0,2278
1287,1287,0,1e6a
1288,1288,0,2279
1289,1289,0,1e61
1290,1290,0,227d
1291,1291,0,1e71
1292,1292,0,2eb5
1293,1293,0,3ede
1294,1294,0,3e5a
1295,1295,0,3e75
1296,1296,0,1e74
1297,1297,0,228b
1298,1298,0,1e62
1299,1299,0,226c
1300,1300,0,1e8d
1301,1301,0,226d
1302,1302,0,1e72
1303,1303,0,2248
1304,1304,0,1ebe
1305,1305,0,224e
1306,1306,0,1ea9
1307,1307,0,2279
1308,1308,0,1e85
1309,1309,0,226d
1310,1310,0,1e7f
1311,1311,0,227a
1312,1312,0,1e78
1313,1313,0,228a
1314,1314,0,1e62
1315,1315,0,226e
1316,1316,0,1e75
1317,1317,0,2296
1318,1318,0,1e4a
1319,1319,0,2292
1320,1320,0,1e68
1321,1321,0,227d
1322,1322,0,1e90
1323,1323,0,224a
1324,1324,0,1eb2
1325,1325,0,2245
1326,1326,0,1ea5
1327,1327,0,2270
1328,1328,0,1eb2
1329,1329,0,3ee2
1330,1330,0,3e63
1331,1331,0,1ed3
1332,1332,0,3e7a
1333,1333,0,1e68
1334,1334,0,228c
1335,1335,0,1e7d
1336,1336,0,2285
1337,1337,0,1e68
1338,1338,0,227f
1339,1339,0,1e59
1340,1340,0,2292
1341,1341,0,1e5c
1342,1342,0,227b
1343,1343,0,1e8c
1344,1344,0,227d
1345,1345,0,1e6c
1346,1346,0,2266
1347,1347,0,1e80
1348,1348,0,226a
1349,1349,0,1e7b
1350,1350,0,226d
1351,1351,0,1e78
1352,1352,0,225d
1353,1353,0,1e84
1354,1354,0,2268
1355,1355,0,1e91
1356,1356,0,227d
1357,1357,0,1e64
1358,1358,0,2298
1359,1359,0,1e2f
1360,1360,0,229f
1361,1361,0,1e44
1362,1362,0,22aa
1363,1363,0,1e3b
1364,1364,0,2ebb
1365,1365,0,3ebe
1366,1366,0,1ebe
1367,1367,0,3ed5
1368,1368,0,1e54
1369,1369,0,228f
1370,1370,0,1e75
1371,1371,0,227e
1372,1372,0,1e80
1373,1373,0,226f
1374,1374,0,1e8d
1375,1375,0,2269
1376,1376,0,1e98
1377,1377,0,2278
1378,1378,0,1e6d
1379,1379,0,2279
1380,1380,0,1e6c
1381,1381,0,2270
1382,1382,0,1e7a
1383,1383,0,229a
1384,1384,0,1e54
1385,1385,0,228e
1386,1386,0,1e52
1387,1387,0,22a4
1388,1388,0,1e46
1389,1389,0,229a
1390,1390,0,1e56
1391,1391,0,2288
1392,1392,0,1e77
1393,1393,0,2275
1394,1394,0,1e8c
1395,1395,0,2268
1396,1396,0,1e80
1397,1397,0,227e
1398,1398,0,1e6e
1399,1399,0,22ae
1400,1400,0,1efe
1401,1401,0,3e77
1402,1402,0,3e7f
1403,1403,0,1e7e
1404,1404,0,2a86
1405,1405,0,1e5a
1406,1406,0,229f
1407,1407,0,1e4a
1408,1408,0,22a5
1409,1409,0,1e25
1410,1410,0,22ab
1411,1411,0,1e3f
1412,1412,0,2299
1413,1413,0,1e55
1414,1414,0,229b
1415,1415,0,1e5a
1416,1416,0,227a
1417,1417,0,1e67
1418,1418,0,2282
1419,1419,0,1e6e
1420,1420,0,227b
1421,1421,0,1e68
1422,1422,0,2276
1423,1423,0,1e90
1424,1424,0,227f
1425,1425,0,1e6b
1426,1426,0,228f
1427,1427,0,1e5d
1428,1428,0,2285
1429,1429,0,1e4a
1430,1430,0,22a8
1431,1431,0,1e40
1432,1432,0,22a2
1433,1433,0,1e3b
1434,1434,0,2299
1435,1435,0,1e59
1436,1436,0,3ee3
1437,1437,0,3eb3
1438,1438,0,1ebb
1439,1439,0,229b
1440,1440,0,1e46
1441,1441,0,2280
1442,1442,0,1e67
1443,1443,0,2272
1444,1444,0,1e7a
1445,1445,0,228e
1446,1446,0,1e78
1447,1447,0,2277
1448,1448,0,1e74
1449,1449,0,2278
1450,1450,0,1e57
1451,1451,0,22a0
1452,1452,0,1e39
1453,1453,0,22ae
1454,1454,0,1e34
1455,1455,0,22a3
1456,1456,0,1e31
1457,1457,0,22b7
1458,1458,0,1e28
1459,1459,0,22c5
1460,1460,0,1e2f
1461,1461,0,228d
1462,1462,0,1e66
1463,1463,0,227d
1464,1464,0,1e67
1465,1465,0,2279
1466,1466,0,1e76
1467,1467,0,2287
1468,1468,0,1e56
1469,1469,0,2295
1470,1470,0,1e74
1471,1471,0,2eaf
1472,1472,0,3eff
1473,1473,0,3e7b
1474,1474,0,3e7a
1475,1475,0,1e65
1476,1476,0,2ea7
1477,1477,0,1e3b
1478,1478,0,229e
1479,1479,0,1e3a
1480,1480,0,22a4
1481,1481,0,1e3b
1482,1482,0,229a
1483,1483,0,1e33
1484,1484,0,22b6
1485,1485,0,1e44
1486,1486,0,2286
1487,1487,0,1e68
1488,1488,0,229a
1489,1489,0,1e5d
1490,1490,0,2282
1491,1491,0,1e75
1492,1492,0,2273
1493,1493,0,1e74
1494,1494,0,2280
1495,1495,0,1e53
1496,1496,0,228f
1497,1497,0,1e5a
1498,1498,0,22a4
1499,1499,0,1e3d
1500,1500,0,22a0
1501,1501,0,1e41
1502,1502,0,22a9
1503,1503,0,1e2f
1504,1504,0,22bd
1505,1505,0,1e1c
1506,1506,0,22d9
1507,1507,0,1ea9
1508,1508,0,3ea8
1509,1509,0,3eba
1510,1510,0,3eba
1511,1511,0,3eb2
1512,1512,0,1eb2
1513,1513,0,22a3
1514,1514,0,1e41
1515,1515,0,227e
1516,1516,0,1e6f
1517,1517,0,2286
1518,1518,0,1e54
1519,1519,0,227c
1520,1520,0,1e77
1521,1521,0,2285
1522,1522,0,1e58
1523,1523,0,229f
1524,1524,0,1e40
1525,1525,0,22ad
1526,1526,0,1e06
1527,1527,0,22c6
1528,1528,0,1e18
1529,1529,0,22c2
1530,1530,0,1e1c
1531,1531,0,22b4
1532,1532,0,1e1a
1533,1533,0,22a2
1534,1534,0,1e33
1535,1535,0,22a9
1536,1536,0,1e4c
1537,1537,0,229b
1538,1538,0,1e2b
1539,1539,0,2293
1540,1540,0,1e53
1541,1541,0,2293
1542,1542,0,1e57
1543,1543,0,2e9d
1544,1544,0,3edd
1545,1545,0,1e4c
1546,1546,0,2ea5
1547,1547,0,3ebc
1548,1548,0,22bc
1549,1549,0,1e21
1550,1550,0,22ba
1551,1551,0,1e29
1552,1552,0,22a2
1553,1553,0,1e3f
1554,1554,0,22bb
1555,1555,0,1e25
1556,1556,0,22db
1557,1557,0,1e08
1558,1558,0,22cc
1559,1559,0,1e0b
1560,1560,0,22a6
1561,1561,0,1e39
1562,1562,0,22a2
1563,1563,0,1e3d
1564,1564,0,2287
1565,1565,0,1e41
1566,1566,0,229d
1567,1567,0,1e33
1568,1568,0,22a2
1569,1569,0,1e2f
1570,1570,0,22ba
1571,1571,0,1e10
1572,1572,0,22d1
1573,1573,0,1e00
1574,1574,0,22d8
1575,1575,0,1dfa
1576,1576,0,22d6
1577,1577,0,1df6
1578,1578,0,26f6
1579,1579,0,1ec2
1580,1580,0,3ed6
1581,1581,0,2ff6
1582,1582,0,1df6
1583,1583,0,2ec6
1584,1584,0,1e32
1585,1585,0,229d
1586,1586,0,1e3b
1587,1587,0,22b1
1588,1588,0,1e24
1589,1589,0,2295
1590,1590,0,1e4a
1591,1591,0,22a5
1592,1592,0,1e22
1593,1593,0,22bb
1594,1594,0,1e19
1595,1595,0,22b6
1596,1596,0,1e1c
1597,1597,0,22b1
1598,1598,0,1e28
1599,1599,0,22c0
1600,1600,0,1e0b
1601,1601,0,22d3
1602,1602,0,1de0
1603,1603,0,22e1
1604,1604,0,1df2
1605,1605,0,22b8
1606,1606,0,1e2d
1607,1607,0,22ac
1608,1608,0,1e41
1609,1609,0,2287
1610,1610,0,1e52
1611,1611,0,22a1
1612,1612,0,1e48
1613,1613,0,229b
1614,1614,0,1e5b
1615,1615,0,3edf
1616,1616,0,3ebf
1617,1617,0,1ebb
1618,1618,0,2eb8
1619,1619,0,1ecf
1620,1620,0,22df
1621,1621,0,1def
1622,1622,0,22ce
1623,1623,0,1df0
1624,1624,0,22c7
1625,1625,0,1e10
1626,1626,0,22cf
1627,1627,0,1e0a
1628,1628,0,22c6
1629,1629,0,1e08
1630,1630,0,22c5
1631,1631,0,1e12
1632,1632,0,22bb
1633,1633,0,1e20
1634,1634,0,22ae
1635,1635,0,1e17
1636,1636,0,22b3
1637,1637,0,1e28
1638,1638,0,22a2
1639,1639,0,1e46
1640,1640,0,22af
1641,1641,0,1e12
1642,1642,0,22bb
1643,1643,0,1e17
1644,1644,0,22ae
1645,1645,0,1dff
1646,1646,0,22ef
1647,1647,0,1ddc
1648,1648,0,22cf
1649,1649,0,1e0a
1650,1650,0,2ec8
1651,1651,0,3ece
1652,1652,0,3ede
1653,1653,0,2ed6
1654,1654,0,1df4
1655,1655,0,2ecc
1656,1656,0,1e0c
1657,1657,0,22ae
1658,1658,0,1e40
1659,1659,0,228a
1660,1660,0,1e3f
1661,1661,0,22b7
1662,1662,0,1e18
1663,1663,0,22b1
1664,1664,0,1e1a
1665,1665,0,22a3
1666,1666,0,1e26
1667,1667,0,22c4
1668,1668,0,1e10
1669,1669,0,22d5
1670,1670,0,1de8
1671,1671,0,22eb
1672,1672,0,1de4
1673,1673,0,22d3
1674,1674,0,1de4
1675,1675,0,22c4
1676,1676,0,1e02
1677,1677,0,22da
1678,1678,0,1dfc
1679,1679,0,22b7
1680,1680,0,1e1f
1681,1681,0,22a9
1682,1682,0,1e19
1683,1683,0,22a5
1684,1684,0,1e32
1685,1685,0,2292
1686,1686,0,1edf
1687,1687,0,3ecf
1688,1688,0,2e98
1689,1689,0,1eb5
1690,1690,0,3eb2
1691,1691,0,3ea6
1692,1692,0,22a6
1693,1693,0,1e33
1694,1694,0,22a8
1695,1695,0,1e29
1696,1696,0,22cc
1697,1697,0,1df8
1698,1698,0,22ce
1699,1699,0,1dea
1700,1700,0,22cb
1701,1701,0,1e0e
1702,1702,0,22bc
1703,1703,0,1e18
1704,1704,0,22cb
1705,1705,0,1e0b
1706,1706,0,22b4
1707,1707,0,1e35
1708,1708,0,2294
1709,1709,0,1e5e
1710,1710,0,22a5
1711,1711,0,1e22
1712,1712,0,22b4
1713,1713,0,1e10
1714,1714,0,22bc
1715,1715,0,1e1f
1716,1716,0,22c2
1717,1717,0,1e0b
1718,1718,0,22c1
1719,1719,0,1e16
1720,1720,0,22d5
1721,1721,0,1dff
1722,1722,0,2ffe
1723,1723,0,3fe5
1724,1724,0,1de9
1725,1725,0,2ec5
1726,1726,0,1e98
1727,1727,0,2eb8
1728,1728,0,1e28
1729,1729,0,22a5
1730,1730,0,1e3b
1731,1731,0,22a1
1732,1732,0,1e20
1733,1733,0,22a7
1734,1734,0,1e1e
1735,1735,0,22a7
1736,1736,0,1e2e
1737,1737,0,22c5
1738,1738,0,1df3
1739,1739,0,22e8
1740,1740,0,1deb
1741,1741,0,22e3
1742,1742,0,1dcd
1743,1743,0,22f7
1744,1744,0,1db6
1745,1745,0,2308
1746,1746,0,1ddb
1747,1747,0,22e2
1748,1748,0,1df0
1749,1749,0,22c2
1750,1750,0,1e35
1751,1751,0,22b9
1752,1752,0,1e29
1753,1753,0,22a9
1754,1754,0,1e1e
1755,1755,0,22ae
1756,1756,0,1e0d
1757,1757,0,26bf
1758,1758,0,1ffe
1759,1759,0,3fee
1760,1760,0,2efe
1761,1761,0,1dff
1762,1762,0,2ecb
1763,1763,0,1dd7
1764,1764,0,22ed
1765,1765,0,1ddb
1766,1766,0,22e2
1767,1767,0,1e00
1768,1768,0,22ad
1769,1769,0,1e12
1770,1770,0,22dd
1771,1771,0,1dda
1772,1772,0,22dc
1773,1773,0,1e01
1774,1774,0,22bb
1775,1775,0,1e24
1776,1776,0,22a6
1777,1777,0,1e36
1778,1778,0,2295
1779,1779,0,1e4e
1780,1780,0,22a3
1781,1781,0,1e26
1782,1782,0,22ab
1783,1783,0,1e18
1784,1784,0,22be
1785,1785,0,1e09
1786,1786,0,22ba
1787,1787,0,1e28
1788,1788,0,22cc
1789,1789,0,1df6
1790,1790,0,22e5
1791,1791,0,1dd8
1792,1792,0,22f5
1793,1793,0,1de5
1794,1794,0,3ffd
1795,1795,0,3ffd
1796,1796,0,1dfd
1797,1797,0,2ac7
1798,1798,0,1e11
1799,1799,0,22a8
1800,1800,0,1e23
1801,1801,0,22ab
1802,1802,0,1e1e
1803,1803,0,22b7
1804,1804,0,1e28
1805,1805,0,22aa
1806,1806,0,1e3b
1807,1807,0,22ae
1808,1808,0,1e25
1809,1809,0,22b7
1810,1810,0,1e0d
1811,1811,0,22d5
1812,1812,0,1df5
1813,1813,0,22d7
1814,1814,0,1df4
1815,1815,0,22db
1816,1816,0,1df3
1817,1817,0,22d3
1818,1818,0,1df4
1819,1819,0,22c5
1820,1820,0,1e10
1821,1821,0,22bc
1822,1822,0,1e1e
1823,1823,0,22ba
1824,1824,0,1e0c
1825,1825,0,22c0
1826,1826,0,1e26
1827,1827,0,22ae
1828,1828,0,1e1e
1829,1829,0,2ebe
1830,1830,0,3eae
1831,1831,0,3eb6
1832,1832,0,3eb1
1833,1833,0,1ee0
1834,1834,0,22cb
1835,1835,0,1e4e
1836,1836,0,22ca
1837,1837,0,1e08
1838,1838,0,22d2
1839,1839,0,1dc7
1840,1840,0,22f1
1841,1841,0,1ddc
1842,1842,0,22d2
1843,1843,0,1e01
1844,1844,0,22b4
1845,1845,0,1e29
1846,1846,0,22ad
1847,1847,0,1e1c
1848,1848,0,22be
1849,1849,0,1e2e
1850,1850,0,22a0
1851,1851,0,1e39
1852,1852,0,2293
1853,1853,0,1e2c
1854,1854,0,22c3
1855,1855,0,1dfc
1856,1856,0,22c6
1857,1857,0,1e11
1858,1858,0,22bf
1859,1859,0,1e00
1860,1860,0,22ba
1861,1861,0,1e06
1862,1862,0,22da
1863,1863,0,1dea
1864,1864,0,26fe
1865,1865,0,1fdf
1866,1866,0,3de3
1867,1867,0,2eb9
1868,1868,0,1e04
1869,1869,0,22b9
1870,1870,0,1ea8
1871,1871,0,22b8
1872,1872,0,1e1e
1873,1873,0,22a0
1874,1874,0,1e34
1875,1875,0,22a2
1876,1876,0,1e5c
1877,1877,0,229c
1878,1878,0,1e2e
1879,1879,0,22af
1880,1880,0,1e21
1881,1881,0,22be
1882,1882,0,1e05
1883,1883,0,22cd
1884,1884,0,1e0f
1885,1885,0,22b7
1886,1886,0,1e13
1887,1887,0,22d4
1888,1888,0,1df5
1889,1889,0,22ce
1890,1890,0,1e03
1891,1891,0,22c9
1892,1892,0,1df6
1893,1893,0,22be
1894,1894,0,1e22
1895,1895,0,229b
1896,1896,0,1e43
1897,1897,0,2296
1898,1898,0,1e39
1899,1899,0,22b7
1900,1900,0,1e3f
1901,1901,0,2ebe
1902,1902,0,3eb6
1903,1903,0,1e8d
1904,1904,0,2eb6
1905,1905,0,1ed1
1906,1906,0,22c3
1907,1907,0,1e16
1908,1908,0,22b6
1909,1909,0,1e12
1910,1910,0,22e2
1911,1911,0,1de3
1912,1912,0,22d4
1913,1913,0,1e13
1914,1914,0,22bb
1915,1915,0,1e1d
1916,1916,0,22a0
1917,1917,0,1e27
1918,1918,0,2295
1919,1919,0,1e57
1920,1920,0,2283
1921,1921,0,1e68
1922,1922,0,228a
1923,1923,0,1e54
1924,1924,0,22a1
1925,1925,0,1e22
1926,1926,0,22d7
1927,1927,0,1e07
1928,1928,0,22c0
1929,1929,0,1e06
1930,1930,0,22cb
1931,1931,0,1df8
1932,1932,0,22f1
1933,1933,0,1df2
1934,1934,0,22d6
1935,1935,0,1dfa
1936,1936,0,2efa
1937,1937,0,3ef8
1938,1938,0,3e3d
1939,1939,0,3eae
1940,1940,0,3eb6
1941,1941,0,2eb6
1942,1942,0,1e1d
1943,1943,0,228a
1944,1944,0,1e65
1945,1945,0,229a
1946,1946,0,1e59
1947,1947,0,228e
1948,1948,0,1e5d
1949,1949,0,226b
1950,1950,0,1e76
1951,1951,0,2295
1952,1952,0,1e37
1953,1953,0,22b9
1954,1954,0,1e18
1955,1955,0,22b3
1956,1956,0,1e1a
1957,1957,0,22ce
1958,1958,0,1e0a
1959,1959,0,22bb
1960,1960,0,1e23
1961,1961,0,22a9
1962,1962,0,1e26
1963,1963,0,22a7
1964,1964,0,1e3c
1965,1965,0,228e
1966,1966,0,1e66
1967,1967,0,2293
1968,1968,0,1e3b
1969,1969,0,228e
1970,1970,0,1e57
1971,1971,0,229d
1972,1972,0,1e4f
1973,1973,0,3efe
1974,1974,0,3eb7
1975,1975,0,1eb1
1976,1976,0,3eb1
1977,1977,0,1ea0
1978,1978,0,22b5
1979,1979,0,1e1b
1980,1980,0,22d9
1981,1981,0,1e0f
1982,1982,0,22bc
1983,1983,0,1e1a
1984,1984,0,22aa
1985,1985,0,1e3d
1986,1986,0,22ae
1987,1987,0,1e49
1988,1988,0,2283
1989,1989,0,1e47
1990,1990,0,229b
1991,1991,0,1e57
1992,1992,0,227e
1993,1993,0,1e75
1994,1994,0,2285
1995,1995,0,1e41
1996,1996,0,2294
1997,1997,0,1e58
1998,1998,0,2297
1999,1999,0,1e44
2000,2000,0,22b6
2001,2001,0,1e1c
2002,2002,0,22c6
2003,2003,0,1e1a
2004,2004,0,22bc
2005,2005,0,1e15
2006,2006,0,22c3
2007,2007,0,1e22
2008,2008,0,2ea6
2009,2009,0,3ee7
2010,2010,0,1e5f
2011,2011,0,3e7e
2012,2012,0,1e5a
2013,2013,0,2284
2014,2014,0,1e4a
2015,2015,0,229a
2016,2016,0,1e5c
2017,2017,0,2275
2018,2018,0,1e8f
2019,2019,0,2271
2020,2020,0,1e65
2021,2021,0,2280
2022,2022,0,1e5c
2023,2023,0,22a3
2024,2024,0,1e32
2025,2025,0,22a8
2026,2026,0,1e34
2027,2027,0,22ac
2028,2028,0,1e1e
2029,2029,0,22b0
2030,2030,0,1e27
2031,2031,0,22a0
2032,2032,0,1e18
2033,2033,0,22aa
2034,2034,0,1e30
2035,2035,0,22b0
2036,2036,0,1e44
2037,2037,0,227a
2038,2038,0,1e68
2039,2039,0,2296
2040,2040,0,1e5e
2041,2041,0,2286
2042,2042,0,1e74
2043,2043,0,227b
2044,2044,0,1e7f
2045,2045,0,3e7f
2046,2046,0,3e7f
2047,2047,0,1e58
2048,2048,0,2a89
2049,2049,0,1e6c
2050,2050,0,2290
2051,2051,0,1e6e
2052,2052,0,2281
2053,2053,0,1e54
2054,2054,0,229f
2055,2055,0,1e44
2056,2056,0,22b4
2057,2057,0,1e41
2058,2058,0,2287
2059,2059,0,1e6e
2060,2060,0,226b
2061,2061,0,1e78
2062,2062,0,2270
2063,2063,0,1e7e
2064,2064,0,2272
2065,2065,0,1e86
2066,2066,0,2276
2067,2067,0,1e74
2068,2068,0,2289
2069,2069,0,1e60
2070,2070,0,2298
2071,2071,0,1e4d
2072,2072,0,2293
2073,2073,0,1e51
2074,2074,0,228c
2075,2075,0,1e43
2076,2076,0,22b2
2077,2077,0,1e35
2078,2078,0,22a5
2079,2079,0,1e3d
2080,2080,0,2ebd
2081,2081,0,3ea5
2082,2082,0,1e5a
2083,2083,0,228a
2084,2084,0,1e71
2085,2085,0,2285
2086,2086,0,1e73
2087,2087,0,2278
2088,2088,0,1e95
2089,2089,0,2256
2090,2090,0,1ea0
2091,2091,0,227f
2092,2092,0,1e71
2093,2093,0,2284
2094,2094,0,1e69
2095,2095,0,2293
2096,2096,0,1e5f
2097,2097,0,22a6
2098,2098,0,1e3e
2099,2099,0,22a6
2100,2100,0,1e47
2101,2101,0,229e
2102,2102,0,1e2a
2103,2103,0,229e
2104,2104,0,1e43
2105,2105,0,2282
2106,2106,0,1e72
2107,2107,0,2287
2108,2108,0,1e6e
2109,2109,0,2265
2110,2110,0,1e84
2111,2111,0,225d
2112,2112,0,1e98
2113,2113,0,2253
2114,2114,0,1e9e
2115,2115,0,2e6e
2116,2116,0,1e6c
2117,2117,0,3e7e
2118,2118,0,2e7a
2119,2119,0,1e8f
2120,2120,0,2e7e
2121,2121,0,1e5c
2122,2122,0,2280
2123,2123,0,1e55
2124,2124,0,2279
2125,2125,0,1e6a
2126,2126,0,228d
2127,2127,0,1e6e
2128,2128,0,2268
2129,2129,0,1e7b
2130,2130,0,227e
2131,2131,0,1e73
2132,2132,0,226f
2133,2133,0,1e78
2134,2134,0,227b
2135,2135,0,1e7a
2136,2136,0,226c
2137,2137,0,1e9f
2138,2138,0,225c
2139,2139,0,1e91
2140,2140,0,226d
2141,2141,0,1e6c
2142,2142,0,226b
2143,2143,0,1e84
2144,2144,0,228b
2145,2145,0,1e55
2146,2146,0,229d
2147,2147,0,1e4b
2148,2148,0,2282
2149,2149,0,1e68
2150,2150,0,22a1
2151,2151,0,1e71
2152,2152,0,3e7b
2153,2153,0,3e7f
2154,2154,0,3e7f
2155,2155,0,3e7f
2156,2156,0,1e7d
2157,2157,0,2272
2158,2158,0,1e91
2159,2159,0,2257
2160,2160,0,1eac
2161,2161,0,225e
2162,2162,0,1e92
2163,2163,0,2260
2164,2164,0,1e8c
2165,2165,0,2264
2166,2166,0,1e95
2167,2167,0,2277
2168,2168,0,1e87
2169,2169,0,226e
2170,2170,0,1e89
2171,2171,0,2279
2172,2172,0,1e77
2173,2173,0,2287
2174,2174,0,1e72
2175,2175,0,2263
2176,2176,0,1eae
2177,2177,0,227b
2178,2178,0,1e78
2179,2179,0,225b
2180,2180,0,1ea5
2181,2181,0,224e
2182,2182,0,1eb5
2183,2183,0,222f
2184,2184,0,1ecb
2185,2185,0,2233
2186,2186,0,1ef3
2187,2187,0,2ed7
2188,2188,0,3ee5
2189,2189,0,1ea9
2190,2190,0,2e5d
2191,2191,0,1e9d
2192,2192,0,2e6c
2193,2193,0,1e7d
2194,2194,0,2279
2195,2195,0,1e83
2196,2196,0,2277
2197,2197,0,1e7b
2198,2198,0,2264
2199,2199,0,1e9a
2200,2200,0,2258
2201,2201,0,1ea0
2202,2202,0,225a
2203,2203,0,1ea8
2204,2204,0,2256
2205,2205,0,1e9d
2206,2206,0,2244
2207,2207,0,1ec9
2208,2208,0,223c
2209,2209,0,1ec6
2210,2210,0,2254
2211,2211,0,1ea9
2212,2212,0,223e
2213,2213,0,1eaf
2214,2214,0,2259
2215,2215,0,1e9f
2216,2216,0,2267
2217,2217,0,1e8c
2218,2218,0,2278
2219,2219,0,1e7d
2220,2220,0,227a
2221,2221,0,1e93
2222,2222,0,2e7f
2223,2223,0,1eec
2224,2224,0,3eec
2225,2225,0,2ed2
2226,2226,0,1ec0
2227,2227,0,2a3f
2228,2228,0,1ead
2229,2229,0,223e
2230,2230,0,1ed7
2231,2231,0,223d
2232,2232,0,1ec1
2233,2233,0,224b
2234,2234,0,1ebc
2235,2235,0,2246
2236,2236,0,1ebf
2237,2237,0,2258
2238,2238,0,1ea5
2239,2239,0,225d
2240,2240,0,1ea5
2241,2241,0,2245
2242,2242,0,1e96
2243,2243,0,2266
2244,2244,0,1e98
2245,2245,0,225b
2246,2246,0,1ebd
2247,2247,0,2246
2248,2248,0,1eb2
2249,2249,0,224d
2250,2250,0,1eb6
2251,2251,0,2248
2252,2252,0,1ed4
2253,2253,0,222c
2254,2254,0,1ece
2255,2255,0,2233
2256,2256,0,1ed4
2257,2257,0,2231
2258,2258,0,1ef3
2259,2259,0,3efb
2260,2260,0,3ebb
2261,2261,0,1eb3
2262,2262,0,2e72
2263,2263,0,1eb6
2264,2264,0,225c
2265,2265,0,1e9a
2266,2266,0,2264
2267,2267,0,1e90
2268,2268,0,225a
2269,2269,0,1ea1
2270,2270,0,224d
2271,2271,0,1ebd
2272,2272,0,2242
2273,2273,0,1eb3
2274,2274,0,2239
2275,2275,0,1ee1
2276,2276,0,2224
2277,2277,0,1edb
2278,2278,0,2238
2279,2279,0,1ee4
2280,2280,0,221c
2281,2281,0,1ee6
2282,2282,0,2217
2283,2283,0,1ee3
2284,2284,0,2235
2285,2285,0,1ed2
2286,2286,0,2247
2287,2287,0,1eae
2288,2288,0,223f
2289,2289,0,1eb7
2290,2290,0,223f
2291,2291,0,1ecb
2292,2292,0,223e
2293,2293,0,1ebb
2294,2294,0,2e6f
2295,2295,0,3eed
2296,2296,0,3eae
2297,2297,0,3ec2
2298,2298,0,1ec0
2299,2299,0,2eef
2300,2300,0,1eef
2301,2301,0,2228
2302,2302,0,1eea
2303,2303,0,222a
2304,2304,0,1ed4
2305,2305,0,2227
2306,2306,0,1eeb
2307,2307,0,2247
2308,2308,0,1eb0
2309,2309,0,2240
2310,2310,0,1eca
2311,2311,0,2236
2312,2312,0,1ebb
2313,2313,0,2252
2314,2314,0,1eba
2315,2315,0,2237
2316,2316,0,1ec9
2317,2317,0,223e
2318,2318,0,1ed1
2319,2319,0,2231
2320,2320,0,1ed6
2321,2321,0,2230
2322,2322,0,1ee6
2323,2323,0,222c
2324,2324,0,1ee3
2325,2325,0,2200
2326,2326,0,1f0a
2327,2327,0,2210
2328,2328,0,1eec
2329,2329,0,2222
2330,2330,0,1eef
2331,2331,0,3eed
2332,2332,0,2ee2
2333,2333,0,1ed2
2334,2334,0,2af9
2335,2335,0,1ec8
2336,2336,0,2231
2337,2337,0,1ecb
2338,2338,0,2231
2339,2339,0,1ed1
2340,2340,0,223f
2341,2341,0,1edf
2342,2342,0,2232
2343,2343,0,1ecf
2344,2344,0,2238
2345,2345,0,1ec6
2346,2346,0,222c
2347,2347,0,1ee9
2348,2348,0,2218
2349,2349,0,1ef6
2350,2350,0,21e5
2351,2351,0,1f15
2352,2352,0,21f1
2353,2353,0,1f08
2354,2354,0,2222
2355,2355,0,1ed2
2356,2356,0,2239
2357,2357,0,1ef0
2358,2358,0,2217
2359,2359,0,1ed4
2360,2360,0,2233
2361,2361,0,1ec9
2362,2362,0,223d
2363,2363,0,1ee2
2364,2364,0,2224
2365,2365,0,1ef2
2366,2366,0,2ef6
2367,2367,0,3ee6
2368,2368,0,3ee6
2369,2369,0,2ee7
2370,2370,0,1eeb
2371,2371,0,22ef
2372,2372,0,1efd
2373,2373,0,2201
2374,2374,0,1f0b
2375,2375,0,2215
2376,2376,0,1f17
2377,2377,0,2201
2378,2378,0,1efc
2379,2379,0,2213
2380,2380,0,1eef
2381,2381,0,2220
2382,2382,0,1ed4
2383,2383,0,2233
2384,2384,0,1ee2
2385,2385,0,222c
2386,2386,0,1edd
2387,2387,0,2252
2388,2388,0,1ed7
2389,2389,0,223a
2390,2390,0,1ee1
2391,2391,0,2221
2392,2392,0,1ef2
2393,2393,0,21f5
2394,2394,0,1f19
2395,2395,0,2200
2396,2396,0,1f03
2397,2397,0,2208
2398,2398,0,1f15
2399,2399,0,21f4
2400,2400,0,1f19
2401,2401,0,2fff
2402,2402,0,1ff6
2403,2403,0,3ef7
2404,2404,0,2f07
2405,2405,0,1f08
2406,2406,0,2f17
2407,2407,0,1f07
2408,2408,0,2203
2409,2409,0,1eee
2410,2410,0,222a
2411,2411,0,1ef1
2412,2412,0,2223
2413,2413,0,1eeb
2414,2414,0,222a
2415,2415,0,1ee3
2416,2416,0,2206
2417,2417,0,1f0e
2418,2418,0,2200
2419,2419,0,1f06
2420,2420,0,21de
2421,2421,0,1f20
2422,2422,0,21dc
2423,2423,0,1f1f
2424,2424,0,21ef
2425,2425,0,1f10
2426,2426,0,2216
2427,2427,0,1f07
2428,2428,0,2209
2429,2429,0,1eee
2430,2430,0,2228
2431,2431,0,1ee9
2432,2432,0,2222
2433,2433,0,1ee6
2434,2434,0,2217
2435,2435,0,1eda
2436,2436,0,221c
2437,2437,0,1efd
2438,2438,0,3eff
2439,2439,0,3ad7
2440,2440,0,1eea
2441,2441,0,225c
2442,2442,0,1ef1
2443,2443,0,21e7
2444,2444,0,1f2b
2445,2445,0,21e4
2446,2446,0,1f26
2447,2447,0,2200
2448,2448,0,1f04
2449,2449,0,21fa
2450,2450,0,1f08
2451,2451,0,220d
2452,2452,0,1ef4
2453,2453,0,221d
2454,2454,0,1f04
2455,2455,0,21fe
2456,2456,0,1ef6
2457,2457,0,221d
2458,2458,0,1ee7
2459,2459,0,2235
2460,2460,0,1ee1
2461,2461,0,220e
2462,2462,0,1efe
2463,2463,0,2203
2464,2464,0,1f16
2465,2465,0,21fc
2466,2466,0,1f17
2467,2467,0,2200
2468,2468,0,1ef0
2469,2469,0,2209
2470,2470,0,1f0b
2471,2471,0,21f9
2472,2472,0,1f3b
2473,2473,0,2ffb
2474,2474,0,3fff
2475,2475,0,3efd
2476,2476,0,2f12
2477,2477,0,1f01
2478,2478,0,2aca
2479,2479,0,1ee3
2480,2480,0,223b
2481,2481,0,1edb
2482,2482,0,2227
2483,2483,0,1f03
2484,2484,0,221c
2485,2485,0,1ef6
2486,2486,0,221e
2487,2487,0,1f08
2488,2488,0,220e
2489,2489,0,1ef6
2490,2490,0,2217
2491,2491,0,1efe
2492,2492,0,21e1
2493,2493,0,1f1b
2494,2494,0,2214
2495,2495,0,1f01
2496,2496,0,2202
2497,2497,0,1f0f
2498,2498,0,2206
2499,2499,0,1ef1
2500,2500,0,222c
2501,2501,0,1eeb
2502,2502,0,221a
2503,2503,0,1ed4
2504,2504,0,221c
2505,2505,0,1ee7
2506,2506,0,2235
2507,2507,0,1ed1
2508,2508,0,2238
2509,2509,0,1eff
2510,2510,0,3ee7
2511,2511,0,2ef5
2512,2512,0,1ef5
2513,2513,0,21fa
2514,2514,0,1f5c
2515,2515,0,21dd
2516,2516,0,1f1c
2517,2517,0,21ff
2518,2518,0,1ef3
2519,2519,0,2204
2520,2520,0,1f12
2521,2521,0,21fe
2522,2522,0,1f11
2523,2523,0,2220
2524,2524,0,1ede
2525,2525,0,221a
2526,2526,0,1ee9
2527,2527,0,2220
2528,2528,0,1ef9
2529,2529,0,222e
2530,2530,0,1ee8
2531,2531,0,2211
2532,2532,0,1ee0
2533,2533,0,2214
2534,2534,0,1efa
2535,2535,0,2201
2536,2536,0,1f1c
2537,2537,0,21f3
2538,2538,0,1f22
2539,2539,0,21e5
2540,2540,0,1f18
2541,2541,0,220d
2542,2542,0,1f02
2543,2543,0,220f
2544,2544,0,1eff
2545,2545,0,2efe
2546,2546,0,3ed4
2547,2547,0,1efd
2548,2548,0,221d
2549,2549,0,1ee2
2550,2550,0,2229
2551,2551,0,1ef6
2552,2552,0,2219
2553,2553,0,1eec
2554,2554,0,221f
2555,2555,0,1ef6
2556,2556,0,2230
2557,2557,0,1f04
2558,2558,0,21ef
2559,2559,0,1f03
2560,2560,0,2200
2561,2561,0,1f01
2562,2562,0,21f1
2563,2563,0,1f1f
2564,2564,0,2200
2565,2565,0,1f0f
2566,2566,0,2204
2567,2567,0,1f0d
2568,2568,0,21fc
2569,2569,0,1f0d
2570,2570,0,21fd
2571,2571,0,1f0f
2572,2572,0,220d
2573,2573,0,1ef9
2574,2574,0,2217
2575,2575,0,1eec
2576,2576,0,222c
2577,2577,0,1ede
2578,2578,0,2224
2579,2579,0,1efb
2580,2580,0,25fb
2581,2581,0,1ffd
2582,2582,0,3ff5
2583,2583,0,21f5
2584,2584,0,1f0b
2585,2585,0,21ff
2586,2586,0,1f00
2587,2587,0,21fc
2588,2588,0,1f22
2589,2589,0,21e5
2590,2590,0,1f36
2591,2591,0,21f2
2592,2592,0,1f02
2593,2593,0,220e
2594,2594,0,1f08
2595,2595,0,2201
2596,2596,0,1f01
2597,2597,0,221f
2598,2598,0,1eec
2599,2599,0,2218
2600,2600,0,1ef3
2601,2601,0,2225
2602,2602,0,1edb
2603,2603,0,2220
2604,2604,0,1f04
2605,2605,0,220b
2606,2606,0,1f0e
2607,2607,0,21fe
2608,2608,0,1ef8
2609,2609,0,21f9
2610,2610,0,1f2a
2611,2611,0,21dc
2612,2612,0,1f2e
2613,2613,0,21f6
2614,2614,0,1f0f
2615,2615,0,21e6
2616,2616,0,1f3e
2617,2617,0,3fff
2618,2618,0,39ff
2619,2619,0,1f16
2620,2620,0,2ed6
2621,2621,0,1ef3
2622,2622,0,2251
2623,2623,0,1edf
2624,2624,0,223e
2625,2625,0,1ee7
2626,2626,0,2231
2627,2627,0,1ed4
2628,2628,0,221c
2629,2629,0,1edc
2630,2630,0,2216
2631,2631,0,1ef3
2632,2632,0,2201
2633,2633,0,1f06
2634,2634,0,21f9
2635,2635,0,1efb
2636,2636,0,21fb
2637,2637,0,1f20
2638,2638,0,21db
2639,2639,0,1f12
2640,2640,0,2200
2641,2641,0,1f08
2642,2642,0,2209
2643,2643,0,1ef5
2644,2644,0,221e
2645,2645,0,1ed1
2646,2646,0,222f
2647,2647,0,1ed6
2648,2648,0,221c
2649,2649,0,1ef2
2650,2650,0,2225
2651,2651,0,1f26
2652,2652,0,2f1f
2653,2653,0,3f1f
2654,2654,0,1ff6
2655,2655,0,2df4
2656,2656,0,1f18
2657,2657,0,21e3
2658,2658,0,1f21
2659,2659,0,21ec
2660,2660,0,1f26
2661,2661,0,21f6
2662,2662,0,1f15
2663,2663,0,221a
2664,2664,0,1eea
2665,2665,0,2221
2666,2666,0,1f03
2667,2667,0,2231
2668,2668,0,1ef7
2669,2669,0,222a
2670,2670,0,1ed2
2671,2671,0,2216
2672,2672,0,1ee1
2673,2673,0,2241
2674,2674,0,1ee4
2675,2675,0,2213
2676,2676,0,1f0e
2677,2677,0,2203
2678,2678,0,1ee8
2679,2679,0,21f8
2680,2680,0,1f19
2681,2681,0,21fe
2682,2682,0,1f22
2683,2683,0,21dc
2684,2684,0,1f16
2685,2685,0,2200
2686,2686,0,1f0d
2687,2687,0,2208
2688,2688,0,1f09
2689,2689,0,3f39
2690,2690,0,2ef5
2691,2691,0,1ee5
2692,2692,0,2a1b
2693,2693,0,1edc
2694,2694,0,2228
2695,2695,0,1ee6
2696,2696,0,221e
2697,2697,0,1edb
2698,2698,0,2224
2699,2699,0,1edf
2700,2700,0,2220
2701,2701,0,1ef1
2702,2702,0,2203
2703,2703,0,1f16
2704,2704,0,21f9
2705,2705,0,1f05
2706,2706,0,21fc
2707,2707,0,1f11
2708,2708,0,220f
2709,2709,0,1f1a
2710,2710,0,21ee
2711,2711,0,1f05
2712,2712,0,221d
2713,2713,0,1ee2
2714,2714,0,221e
2715,2715,0,1eef
2716,2716,0,221f
2717,2717,0,1eea
2718,2718,0,2233
2719,2719,0,1ed8
2720,2720,0,2226
2721,2721,0,1edd
2722,2722,0,222f
2723,2723,0,1ee7
2724,2724,0,2ee7
2725,2725,0,3efa
2726,2726,0,1efa
2727,2727,0,2206
2728,2728,0,1ef9
2729,2729,0,2210
2730,2730,0,1f05
2731,2731,0,2209
2732,2732,0,1ef7
2733,2733,0,2216
2734,2734,0,1eff
2735,2735,0,221a
2736,2736,0,1ef8
2737,2737,0,221c
2738,2738,0,1efa
2739,2739,0,2214
2740,2740,0,1ef4
2741,2741,0,2218
2742,2742,0,1edf
2743,2743,0,2235
2744,2744,0,1ee1
2745,2745,0,222e
2746,2746,0,1ee9
2747,2747,0,221f
2748,2748,0,1efa
2749,2749,0,2207
2750,2750,0,1f0f
2751,2751,0,2205
2752,2752,0,1f06
2753,2753,0,220b
2754,2754,0,1ef9
2755,2755,0,2214
2756,2756,0,1f03
2757,2757,0,221e
2758,2758,0,1ef9
2759,2759,0,2631
2760,2760,0,1f13
2761,2761,0,3f22
2762,2762,0,2ee3
2763,2763,0,1ee1
2764,2764,0,2ee4
2765,2765,0,1ee9
2766,2766,0,2223
2767,2767,0,1ee7
2768,2768,0,2220
2769,2769,0,1ec9
2770,2770,0,2240
2771,2771,0,1eca
2772,2772,0,222e
2773,2773,0,1ee7
2774,2774,0,2218
2775,2775,0,1edf
2776,2776,0,2240
2777,2777,0,1ed4
2778,2778,0,2226
2779,2779,0,1ef8
2780,2780,0,2201
2781,2781,0,1eea
2782,2782,0,2216
2783,2783,0,1eed
2784,2784,0,222a
2785,2785,0,1ed7
2786,2786,0,222a
2787,2787,0,1ebb
2788,2788,0,2243
2789,2789,0,1eb4
2790,2790,0,2254
2791,2791,0,1eae
2792,2792,0,2256
2793,2793,0,1ead
2794,2794,0,224b
2795,2795,0,1ebb
2796,2796,0,3ebc
2797,2797,0,3eed
2798,2798,0,1ee5
2799,2799,0,2ee7
2800,2800,0,1ee7
2801,2801,0,2233
2802,2802,0,1ecf
2803,2803,0,2220
2804,2804,0,1ef5
2805,2805,0,222d
2806,2806,0,1ef0
2807,2807,0,223d
2808,2808,0,1ecc
2809,2809,0,222d
2810,2810,0,1ecb
2811,2811,0,2237
2812,2812,0,1eb3
2813,2813,0,225c
2814,2814,0,1eb0
2815,2815,0,2248
2816,2816,0,1ec6
2817,2817,0,2246
2818,2818,0,1ed2
2819,2819,0,2232
2820,2820,0,1ee1
2821,2821,0,2227
2822,2822,0,1ee3
2823,2823,0,221c
2824,2824,0,1eec
2825,2825,0,2223
2826,2826,0,1eef
2827,2827,0,221e
2828,2828,0,1eec
2829,2829,0,222a
2830,2830,0,1ee2
2831,2831,0,2eb3
2832,2832,0,3ef3
2833,2833,0,3edb
2834,2834,0,224b
2835,2835,0,1ebd
2836,2836,0,223d
2837,2837,0,1ec4
2838,2838,0,2243
2839,2839,0,1eab
2840,2840,0,2247
2841,2841,0,1ea6
2842,2842,0,2239
2843,2843,0,1ed6
2844,2844,0,2227
2845,2845,0,1ed0
2846,2846,0,2231
2847,2847,0,1eea
2848,2848,0,222d
2849,2849,0,1ef5
2850,2850,0,221e
2851,2851,0,1ee4
2852,2852,0,2224
2853,2853,0,1ece
2854,2854,0,2222
2855,2855,0,1ee5
2856,2856,0,2241
2857,2857,0,1ecd
2858,2858,0,2241
2859,2859,0,1e9e
2860,2860,0,2259
2861,2861,0,1eb3
2862,2862,0,2274
2863,2863,0,1e94
2864,2864,0,2250
2865,2865,0,1ea5
2866,2866,0,2265
2867,2867,0,1ecc
2868,2868,0,3ecf
2869,2869,0,2eef
2870,2870,0,1eac
2871,2871,0,2ed4
2872,2872,0,1ec4
2873,2873,0,223b
2874,2874,0,1ecf
2875,2875,0,2233
2876,2876,0,1ef0
2877,2877,0,2230
2878,2878,0,1ed0
2879,2879,0,2220
2880,2880,0,1ed5
2881,2881,0,224e
2882,2882,0,1eb2
2883,2883,0,2272
2884,2884,0,1eaa
2885,2885,0,2252
2886,2886,0,1ea6
2887,2887,0,225b
2888,2888,0,1ec1
2889,2889,0,2262
2890,2890,0,1eba
2891,2891,0,223f
2892,2892,0,1ec4
2893,2893,0,222e
2894,2894,0,1ede
2895,2895,0,2223
2896,2896,0,1ef7
2897,2897,0,2228
2898,2898,0,1ec6
2899,2899,0,2229
2900,2900,0,1edb
2901,2901,0,2240
2902,2902,0,1ed1
2903,2903,0,2eff
2904,2904,0,3eff
2905,2905,0,1ecf
2906,2906,0,2e4b
2907,2907,0,1ebd
2908,2908,0,2242
2909,2909,0,1ec1
2910,2910,0,225d
2911,2911,0,1e95
2912,2912,0,224c
2913,2913,0,1eb2
2914,2914,0,2244
2915,2915,0,1ebf
2916,2916,0,2229
2917,2917,0,1eed
2918,2918,0,2242
2919,2919,0,1eaa
2920,2920,0,2248
2921,2921,0,1ed4
2922,2922,0,2212
2923,2923,0,1ee8
2924,2924,0,2233
2925,2925,0,1ed2
2926,2926,0,224d
2927,2927,0,1ea7
2928,2928,0,2264
2929,2929,0,1ea0
2930,2930,0,2257
2931,2931,0,1eb3
2932,2932,0,2261
2933,2933,0,1ea9
2934,2934,0,2250
2935,2935,0,1ea2
2936,2936,0,2257
2937,2937,0,1ed4
2938,2938,0,2e3d
2939,2939,0,3efb
2940,2940,0,3edb
2941,2941,0,2237
2942,2942,0,1ec9
2943,2943,0,2225
2944,2944,0,1ed3
2945,2945,0,2243
2946,2946,0,1ed3
2947,2947,0,2231
2948,2948,0,1ed1
2949,2949,0,2229
2950,2950,0,1ed1
2951,2951,0,224a
2952,2952,0,1ebb
2953,2953,0,2241
2954,2954,0,1ec5
2955,2955,0,2240
2956,2956,0,1ead
2957,2957,0,2255
2958,2958,0,1ea8
2959,2959,0,2255
2960,2960,0,1eb6
2961,2961,0,2241
2962,2962,0,1ea7
2963,2963,0,224b
2964,2964,0,1eca
2965,2965,0,222f
2966,2966,0,1ed3
2967,2967,0,2224
2968,2968,0,1ec6
2969,2969,0,223b
2970,2970,0,1ed9
2971,2971,0,2227
2972,2972,0,1ef0
2973,2973,0,223a
2974,2974,0,1ebb
2975,2975,0,3efd
2976,2976,0,225e
2977,2977,0,1ea9
2978,2978,0,2e6c
2979,2979,0,1e9d
2980,2980,0,2266
2981,2981,0,1e8a
2982,2982,0,2273
2983,2983,0,1e9f
2984,2984,0,225c
2985,2985,0,1eac
2986,2986,0,225a
2987,2987,0,1eae
2988,2988,0,2258
2989,2989,0,1eab
2990,2990,0,223e
2991,2991,0,1ec5
2992,2992,0,2231
2993,2993,0,1eed
2994,2994,0,222a
2995,2995,0,1ecd
2996,2996,0,225d
2997,2997,0,1e9f
2998,2998,0,2250
2999,2999,0,1eba
3000,3000,0,224c
3001,3001,0,1ebf
3002,3002,0,223a
3003,3003,0,1eb5
3004,3004,0,2253
3005,3005,0,1e8f
3006,3006,0,226f
3007,3007,0,1e9e
3008,3008,0,2256
3009,3009,0,1ed6
3010,3010,0,2eff
3011,3011,0,3eff
3012,3012,0,1ec5
3013,3013,0,2efe
3014,3014,0,1ece
3015,3015,0,2225
3016,3016,0,1ece
3017,3017,0,221d
3018,3018,0,1ecb
3019,3019,0,2221
3020,3020,0,1eda
3021,3021,0,2256
3022,3022,0,1ead
3023,3023,0,226e
3024,3024,0,1ea6
3025,3025,0,224e
3026,3026,0,1e90
3027,3027,0,2263
3028,3028,0,1e9d
3029,3029,0,227a
3030,3030,0,1e95
3031,3031,0,224c
3032,3032,0,1e98
3033,3033,0,2259
3034,3034,0,1e9a
3035,3035,0,2242
3036,3036,0,1ec2
3037,3037,0,2240
3038,3038,0,1eb4
3039,3039,0,2238
3040,3040,0,1edc
3041,3041,0,2228
3042,3042,0,1ef0
3043,3043,0,223a
3044,3044,0,1ebf
3045,3045,0,267f
3046,3046,0,1ef5
3047,3047,0,3ef5
3048,3048,0,2e5b
3049,3049,0,1eba
3050,3050,0,2e7a
3051,3051,0,1eb8
3052,3052,0,223e
3053,3053,0,1e90
3054,3054,0,2275
3055,3055,0,1e99
3056,3056,0,2268
3057,3057,0,1eb6
3058,3058,0,2237
3059,3059,0,1ecd
3060,3060,0,223b
3061,3061,0,1ecb
3062,3062,0,222b
3063,3063,0,1ed2
3064,3064,0,223a
3065,3065,0,1ed2
3066,3066,0,222c
3067,3067,0,1ed8
3068,3068,0,2240
3069,3069,0,1ec6
3070,3070,0,2251
3071,3071,0,1eb8
3072,3072,0,2238
3073,3073,0,1ebc
3074,3074,0,2257
3075,3075,0,1ea1
3076,3076,0,226e
3077,3077,0,1e7a
3078,3078,0,226d
3079,3079,0,1e8a
3080,3080,0,2253
3081,3081,0,1ed3
3082,3082,0,2ec7
3083,3083,0,3ecf
3084,3084,0,3ecd
3085,3085,0,3ec6
3086,3086,0,1ec6
3087,3087,0,2264
3088,3088,0,1ede
3089,3089,0,2226
3090,3090,0,1edd
3091,3091,0,2244
3092,3092,0,1ecd
3093,3093,0,223a
3094,3094,0,1ec0
3095,3095,0,225c
3096,3096,0,1e80
3097,3097,0,226f
3098,3098,0,1e89
3099,3099,0,226f
3100,3100,0,1e94
3101,3101,0,225e
3102,3102,0,1e95
3103,3103,0,226e
3104,3104,0,1e96
3105,3105,0,2249
3106,3106,0,1ec3
3107,3107,0,2242
3108,3108,0,1eca
3109,3109,0,222a
3110,3110,0,1edc
3111,3111,0,2243
3112,3112,0,1eda
3113,3113,0,222b
3114,3114,0,1ee4
3115,3115,0,2228
3116,3116,0,1ebb
3117,3117,0,2e7f
3118,3118,0,3edf
3119,3119,0,3edf
3120,3120,0,2eef
3121,3121,0,1eef
3122,3122,0,2a4f
3123,3123,0,1e99
3124,3124,0,2247
3125,3125,0,1eb3
3126,3126,0,2262
3127,3127,0,1eaa
3128,3128,0,2234
3129,3129,0,1ecb
3130,3130,0,2243
3131,3131,0,1eaf
3132,3132,0,224d
3133,3133,0,1ecc
3134,3134,0,223a
3135,3135,0,1ecc
3136,3136,0,222d
3137,3137,0,1edb
3138,3138,0,2233
3139,3139,0,1ec4
3140,3140,0,2245
3141,3141,0,1ebd
3142,3142,0,2224
3143,3143,0,1ed9
3144,3144,0,2241
3145,3145,0,1eb4
3146,3146,0,2262
3147,3147,0,1eaf
3148,3148,0,2250
3149,3149,0,1ead
3150,3150,0,2244
3151,3151,0,1ea2
3152,3152,0,2252
3153,3153,0,1ebb
3154,3154,0,3eeb
3155,3155,0,2e5c
3156,3156,0,1ea4
3157,3157,0,2efa
3158,3158,0,1ed9
3159,3159,0,2221
3160,3160,0,1ee4
3161,3161,0,2244
3162,3162,0,1eb7
3163,3163,0,2269
3164,3164,0,1ea4
3165,3165,0,2250
3166,3166,0,1eb3
3167,3167,0,2265
3168,3168,0,1ea5
3169,3169,0,2267
3170,3170,0,1e99
3171,3171,0,226c
3172,3172,0,1e81
3173,3173,0,226f
3174,3174,0,1e9c
3175,3175,0,2264
3176,3176,0,1e9f
3177,3177,0,2248
3178,3178,0,1ec2
3179,3179,0,2225
3180,3180,0,1eba
3181,3181,0,2262
3182,3182,0,1eb5
3183,3183,0,2241
3184,3184,0,1ec0
3185,3185,0,222f
3186,3186,0,1ed3
3187,3187,0,2229
3188,3188,0,1ee3
3189,3189,0,2eeb
3190,3190,0,3ee9
3191,3191,0,1e9c
3192,3192,0,2e55
3193,3193,0,1e97
3194,3194,0,225e
3195,3195,0,1e86
3196,3196,0,227a
3197,3197,0,1e98
3198,3198,0,2253
3199,3199,0,1e9b
3200,3200,0,224f
3201,3201,0,1ec2
3202,3202,0,222b
3203,3203,0,1edf
3204,3204,0,2242
3205,3205,0,1ebe
3206,3206,0,224d
3207,3207,0,1ed4
3208,3208,0,2237
3209,3209,0,1ed4
3210,3210,0,2233
3211,3211,0,1ebf
3212,3212,0,222e
3213,3213,0,1eb9
3214,3214,0,2256
3215,3215,0,1ea2
3216,3216,0,226c
3217,3217,0,1e92
3218,3218,0,224e
3219,3219,0,1e99
3220,3220,0,226c
3221,3221,0,1e83
3222,3222,0,226b
3223,3223,0,1e96
3224,3224,0,265e
3225,3225,0,1ef9
3226,3226,0,3ead
3227,3227,0,2eed
3228,3228,0,1ece
3229,3229,0,2e52
3230,3230,0,1ec1
3231,3231,0,2248
3232,3232,0,1eb8
3233,3233,0,2250
3234,3234,0,1ead
3235,3235,0,2251
3236,3236,0,1ec3
3237,3237,0,224b
3238,3238,0,1eb3
3239,3239,0,2249
3240,3240,0,1eb0
3241,3241,0,2254
3242,3242,0,1e9a
3243,3243,0,2270
3244,3244,0,1e9c
3245,3245,0,225b
3246,3246,0,1ea3
3247,3247,0,2250
3248,3248,0,1ead
3249,3249,0,224c
3250,3250,0,1ec6
3251,3251,0,2242
3252,3252,0,1eb2
3253,3253,0,2250
3254,3254,0,1eb1
3255,3255,0,223e
3256,3256,0,1edd
3257,3257,0,2233
3258,3258,0,1ec8
3259,3259,0,2251
3260,3260,0,1ebd
3261,3261,0,3eed
3262,3262,0,3e5b
3263,3263,0,1e9f
3264,3264,0,2e5f
3265,3265,0,1eae
3266,3266,0,2282
3267,3267,0,1e7d
3268,3268,0,2274
3269,3269,0,1e74
3270,3270,0,227b
3271,3271,0,1e7d
3272,3272,0,2269
3273,3273,0,1ea5
3274,3274,0,2257
3275,3275,0,1eae
3276,3276,0,2247
3277,3277,0,1ecb
3278,3278,0,2243
3279,3279,0,1ebf
3280,3280,0,2244
3281,3281,0,1ea6
3282,3282,0,2240
3283,3283,0,1eb0
3284,3284,0,2267
3285,3285,0,1e8e
3286,3286,0,2278
3287,3287,0,1e85
3288,3288,0,2270
3289,3289,0,1e8e
3290,3290,0,2263
3291,3291,0,1ea7
3292,3292,0,2275
3293,3293,0,1e7a
3294,3294,0,2258
3295,3295,0,1e9f
3296,3296,0,2e5f
3297,3297,0,3eda
3298,3298,0,3eab
3299,3299,0,2252
3300,3300,0,1ead
3301,3301,0,2e4d
3302,3302,0,1eae
3303,3303,0,2250
3304,3304,0,1ead
3305,3305,0,2252
3306,3306,0,1eb8
3307,3307,0,2266
3308,3308,0,1ea1
3309,3309,0,2251
3310,3310,0,1eb2
3311,3311,0,2267
3312,3312,0,1e86
3313,3313,0,2276
3314,3314,0,1e83
3315,3315,0,2265
3316,3316,0,1ea2
3317,3317,0,2263
3318,3318,0,1ea4
3319,3319,0,225b
3320,3320,0,1eb9
3321,3321,0,2256
3322,3322,0,1e9d
3323,3323,0,2260
3324,3324,0,1eab
3325,3325,0,2254
3326,3326,0,1eba
3327,3327,0,2248
3328,3328,0,1ec1
3329,3329,0,223a
3330,3330,0,1ec1
3331,3331,0,2244
3332,3332,0,1eb5
3333,3333,0,3efd
3334,3334,0,2e6e
3335,3335,0,3e83
3336,3336,0,2eb7
3337,3337,0,1e76
3338,3338,0,226c
3339,3339,0,1e72
3340,3340,0,2279
3341,3341,0,1e76
3342,3342,0,226b
3343,3343,0,1e7b
3344,3344,0,2271
3345,3345,0,1e90
3346,3346,0,2263
3347,3347,0,1eaa
3348,3348,0,2234
3349,3349,0,1ecf
3350,3350,0,223f
3351,3351,0,1ea5
3352,3352,0,2247
3353,3353,0,1eab
3354,3354,0,224c
3355,3355,0,1ebd
3356,3356,0,2255
3357,3357,0,1e96
3358,3358,0,225d
3359,3359,0,1e8b
3360,3360,0,227b
3361,3361,0,1e80
3362,3362,0,2281
3363,3363,0,1e76
3364,3364,0,2273
3365,3365,0,1e7e
3366,3366,0,2266
3367,3367,0,1ebe
3368,3368,0,2efe
3369,3369,0,3eea
3370,3370,0,1ee1
3371,3371,0,2240
3372,3372,0,1ebf
3373,3373,0,224e
3374,3374,0,1ea7
3375,3375,0,2244
3376,3376,0,1ec2
3377,3377,0,224a
3378,3378,0,1ea8
3379,3379,0,2247
3380,3380,0,1e9f
3381,3381,0,2261
3382,3382,0,1e92
3383,3383,0,227e
3384,3384,0,1e81
3385,3385,0,2265
3386,3386,0,1e8a
3387,3387,0,2273
3388,3388,0,1e82
3389,3389,0,227c
3390,3390,0,1e76
3391,3391,0,2269
3392,3392,0,1e87
3393,3393,0,2266
3394,3394,0,1e8e
3395,3395,0,226a
3396,3396,0,1e96
3397,3397,0,2284
3398,3398,0,1e75
3399,3399,0,2261
3400,3400,0,1eb3
3401,3401,0,2258
3402,3402,0,1e92
3403,3403,0,267f
3404,3404,0,1eff
3405,3405,0,3eeb
3406,3406,0,2e65
3407,3407,0,1e8c
3408,3408,0,2263
3409,3409,0,1e89
3410,3410,0,228f
3411,3411,0,1e5e
3412,3412,0,227f
3413,3413,0,1e8e
3414,3414,0,2260
3415,3415,0,1e8a
3416,3416,0,2272
3417,3417,0,1e85
3418,3418,0,226c
3419,3419,0,1e98
3420,3420,0,223d
3421,3421,0,1ebd
3422,3422,0,2244
3423,3423,0,1eae
3424,3424,0,2261
3425,3425,0,1e8d
3426,3426,0,2268
3427,3427,0,1e78
3428,3428,0,227a
3429,3429,0,1e76
3430,3430,0,227b
3431,3431,0,1e77
3432,3432,0,2292
3433,3433,0,1e62
3434,3434,0,2277
3435,3435,0,1e4f
3436,3436,0,2292
3437,3437,0,1e6e
3438,3438,0,2260
3439,3439,0,1eb3
3440,3440,0,3edb
3441,3441,0,3e69
3442,3442,0,1e9c
3443,3443,0,225e
3444,3444,0,1ea5
3445,3445,0,224c
3446,3446,0,1ea8
3447,3447,0,2268
3448,3448,0,1e89
3449,3449,0,2252
3450,3450,0,1ea5
3451,3451,0,2262
3452,3452,0,1e8d
3453,3453,0,226e
3454,3454,0,1e82
3455,3455,0,2282
3456,3456,0,1e57
3457,3457,0,2298
3458,3458,0,1e60
3459,3459,0,2299
3460,3460,0,1e55
3461,3461,0,2292
3462,3462,0,1e50
3463,3463,0,227a
3464,3464,0,1e77
3465,3465,0,2266
3466,3466,0,1e99
3467,3467,0,2264
3468,3468,0,1e6a
3469,3469,0,2273
3470,3470,0,1e76
3471,3471,0,227a
3472,3472,0,1e90
3473,3473,0,2276
3474,3474,0,1e7e
3475,3475,0,267e
3476,3476,0,3e7f
3477,3477,0,3edf
3478,3478,0,2efd
3479,3479,0,1e7c
3480,3480,0,2aa0
3481,3481,0,1e49
3482,3482,0,2295
3483,3483,0,1e5b
3484,3484,0,229e
3485,3485,0,1e46
3486,3486,0,2296
3487,3487,0,1e77
3488,3488,0,228f
3489,3489,0,1e68
3490,3490,0,227c
3491,3491,0,1e8d
3492,3492,0,2264
3493,3493,0,1e94
3494,3494,0,226b
3495,3495,0,1e6a
3496,3496,0,2290
3497,3497,0,1e5e
3498,3498,0,227e
3499,3499,0,1e6c
3500,3500,0,229c
3501,3501,0,1e4e
3502,3502,0,2299
3503,3503,0,1e4b
3504,3504,0,228e
3505,3505,0,1e37
3506,3506,0,22ad
3507,3507,0,1e39
3508,3508,0,228a
3509,3509,0,1e67
3510,3510,0,227e
3511,3511,0,1e9f
3512,3512,0,3ed7
3513,3513,0,2e56
3514,3514,0,1ea4
3515,3515,0,2e6a
3516,3516,0,1ea1
3517,3517,0,2276
3518,3518,0,1e86
3519,3519,0,224c
3520,3520,0,1eba
3521,3521,0,225a
3522,3522,0,1e8a
3523,3523,0,2279
3524,3524,0,1e65
3525,3525,0,2287
3526,3526,0,1e50
3527,3527,0,2296
3528,3528,0,1e67
3529,3529,0,2285
3530,3530,0,1e6b
3531,3531,0,2282
3532,3532,0,1e54
3533,3533,0,2278
3534,3534,0,1e79
3535,3535,0,2282
3536,3536,0,1e75
3537,3537,0,2280
3538,3538,0,1e70
3539,3539,0,227d
3540,3540,0,1e79
3541,3541,0,226c
3542,3542,0,1e81
3543,3543,0,227e
3544,3544,0,1e64
3545,3545,0,2288
3546,3546,0,1e76
3547,3547,0,2e76
3548,3548,0,3ef7
3549,3549,0,1e8f
3550,3550,0,2e8e
3551,3551,0,1e60
3552,3552,0,2286
3553,3553,0,1e5d
3554,3554,0,22a3
3555,3555,0,1e52
3556,3556,0,22a0
3557,3557,0,1e57
3558,3558,0,2272
3559,3559,0,1e7e
3560,3560,0,2275
3561,3561,0,1e7b
3562,3562,0,2278
3563,3563,0,1e7a
3564,3564,0,226c
3565,3565,0,1e9d
3566,3566,0,2282
3567,3567,0,1e71
3568,3568,0,2285
3569,3569,0,1e6a
3570,3570,0,2284
3571,3571,0,1e71
3572,3572,0,2289
3573,3573,0,1e6f
3574,3574,0,2292
3575,3575,0,1e45
3576,3576,0,22b7
3577,3577,0,1e38
3578,3578,0,228a
3579,3579,0,1e57
3580,3580,0,2292
3581,3581,0,1e70
3582,3582,0,2672
3583,3583,0,1efe
3584,3584,0,3efc
3585,3585,0,2e7f
3586,3586,0,3e6f
3587,3587,0,3e6c
3588,3588,0,3e60
3589,3589,0,2270
3590,3590,0,1e86
3591,3591,0,2281
3592,3592,0,1e72
3593,3593,0,2291
3594,3594,0,1e62
3595,3595,0,2276
3596,3596,0,1e6a
3597,3597,0,22a2
3598,3598,0,1e39
3599,3599,0,22b3
3600,3600,0,1e39
3601,3601,0,22a4
3602,3602,0,1e2c
3603,3603,0,229f
3604,3604,0,1e4c
3605,3605,0,22af
3606,3606,0,1e4d
3607,3607,0,228a
3608,3608,0,1e5e
3609,3609,0,2274
3610,3610,0,1e80
3611,3611,0,2280
3612,3612,0,1e81
3613,3613,0,226e
3614,3614,0,1e6d
3615,3615,0,2269
3616,3616,0,1e60
3617,3617,0,2297
3618,3618,0,1e57
3619,3619,0,3ede
3620,3620,0,3e9b
3621,3621,0,1edf
3622,3622,0,2e9f
3623,3623,0,1e35
3624,3624,0,22aa
3625,3625,0,1e59
3626,3626,0,22b6
3627,3627,0,1e31
3628,3628,0,22ac
3629,3629,0,1e2e
3630,3630,0,2282
3631,3631,0,1e56
3632,3632,0,228c
3633,3633,0,1e60
3634,3634,0,2282
3635,3635,0,1e6e
3636,3636,0,2279
3637,3637,0,1e89
3638,3638,0,2283
3639,3639,0,1e61
3640,3640,0,22a2
3641,3641,0,1e2c
3642,3642,0,22a2
3643,3643,0,1e4e
3644,3644,0,22ad
3645,3645,0,1e1f
3646,3646,0,22b6
3647,3647,0,1e2d
3648,3648,0,22b4
3649,3649,0,1e17
3650,3650,0,22cd
3651,3651,0,1e05
3652,3652,0,22cc
3653,3653,0,1e21
3654,3654,0,2ebb
3655,3655,0,3ebb
3656,3656,0,3eb9
3657,3657,0,2e99
3658,3658,0,1e5a
3659,3659,0,2292
3660,3660,0,1e49
3661,3661,0,22a0
3662,3662,0,1e4c
3663,3663,0,2290
3664,3664,0,1e59
3665,3665,0,2290
3666,3666,0,1e5d
3667,3667,0,229e
3668,3668,0,1e4e
3669,3669,0,229e
3670,3670,0,1e4a
3671,3671,0,22a6
3672,3672,0,1e21
3673,3673,0,22a7
3674,3674,0,1e54
3675,3675,0,22a1
3676,3676,0,1e4c
3677,3677,0,229d
3678,3678,0,1e4f
3679,3679,0,228e
3680,3680,0,1e6a
3681,3681,0,228d
3682,3682,0,1e5b
3683,3683,0,2284
3684,3684,0,1e51
3685,3685,0,2288
3686,3686,0,1e4b
3687,3687,0,22b0
3688,3688,0,1e43
3689,3689,0,2293
3690,3690,0,1ed3
3691,3691,0,3ecf
3692,3692,0,2eaf
3693,3693,0,1e15
3694,3694,0,2eba
3695,3695,0,1ed6
3696,3696,0,22c2
3697,3697,0,1e22
3698,3698,0,22d9
3699,3699,0,1de6
3700,3700,0,22cc
3701,3701,0,1e0f
3702,3702,0,2292
3703,3703,0,1e4a
3704,3704,0,2290
3705,3705,0,1e47
3706,3706,0,228e
3707,3707,0,1e4c
3708,3708,0,2288
3709,3709,0,1e7a
3710,3710,0,229c
3711,3711,0,1e41
3712,3712,0,229d
3713,3713,0,1e2d
3714,3714,0,229e
3715,3715,0,1e3b
3716,3716,0,22c0
3717,3717,0,1e06
3718,3718,0,22b6
3719,3719,0,1e06
3720,3720,0,22cb
3721,3721,0,1e0d
3722,3722,0,22cd
3723,3723,0,1e03
3724,3724,0,22b0
3725,3725,0,1e34
3726,3726,0,2ebe
3727,3727,0,3eda
3728,3728,0,1ed5
3729,3729,0,2ed7
3730,3730,0,1e57
3731,3731,0,2ea0
3732,3732,0,1e21
3733,3733,0,22bc
3734,3734,0,1e3c
3735,3735,0,22ac
3736,3736,0,1e51
3737,3737,0,22b2
3738,3738,0,1e20
3739,3739,0,22b6
3740,3740,0,1e19
3741,3741,0,22b4
3742,3742,0,1e0c
3743,3743,0,22db
3744,3744,0,1de6
3745,3745,0,22da
3746,3746,0,1de6
3747,3747,0,22d3
3748,3748,0,1e0f
3749,3749,0,22c0
3750,3750,0,1e16
3751,3751,0,22b2
3752,3752,0,1e33
3753,3753,0,22b0
3754,3754,0,1e2c
3755,3755,0,22a0
3756,3756,0,1e4e
3757,3757,0,228a
3758,3758,0,1e49
3759,3759,0,22a1
3760,3760,0,1e32
3761,3761,0,2ef7
3762,3762,0,3fcf
3763,3763,0,3dfa
3764,3764,0,2ffb
3765,3765,0,1dfb
3766,3766,0,2ed8
3767,3767,0,1e00
3768,3768,0,22bf
3769,3769,0,1dfb
3770,3770,0,22ca
3771,3771,0,1e01
3772,3772,0,22c3
3773,3773,0,1e07
3774,3774,0,22bf
3775,3775,0,1e09
3776,3776,0,2297
3777,3777,0,1e3a
3778,3778,0,2296
3779,3779,0,1e4b
3780,3780,0,22a9
3781,3781,0,1e3f
3782,3782,0,228a
3783,3783,0,1e37
3784,3784,0,22bc
3785,3785,0,1e17
3786,3786,0,22bf
3787,3787,0,1e21
3788,3788,0,22bf
3789,3789,0,1dec
3790,3790,0,22ef
3791,3791,0,1df6
3792,3792,0,22d6
3793,3793,0,1dfc
3794,3794,0,22cd
3795,3795,0,1df2
3796,3796,0,22fa
3797,3797,0,1e2a
3798,3798,0,3eaa
3799,3799,0,3eae
3800,3800,0,3ebc
3801,3801,0,2eb8
3802,3802,0,1e16
3803,3803,0,22ad
3804,3804,0,1e31
3805,3805,0,22a3
3806,3806,0,1e4b
3807,3807,0,2295
3808,3808,0,1e35
3809,3809,0,22ac
3810,3810,0,1e0f
3811,3811,0,22ce
3812,3812,0,1dfe
3813,3813,0,22ea
3814,3814,0,1dc9
3815,3815,0,22ed
3816,3816,0,1dd2
3817,3817,0,22d4
3818,3818,0,1e06
3819,3819,0,22c1
3820,3820,0,1e22
3821,3821,0,22b4
3822,3822,0,1e0b
3823,3823,0,22a7
3824,3824,0,1e32
3825,3825,0,229c
3826,3826,0,1e48
3827,3827,0,22b2
3828,3828,0,1e28
3829,3829,0,22a4
3830,3830,0,1e3c
3831,3831,0,22bb
3832,3832,0,1dfe
3833,3833,0,2fff
3834,3834,0,3fdf
3835,3835,0,1df9
3836,3836,0,2eee
3837,3837,0,1ded
3838,3838,0,2ada
3839,3839,0,1dd2
3840,3840,0,22fc
3841,3841,0,1dcc
3842,3842,0,22fb
3843,3843,0,1dd0
3844,3844,0,22cc
3845,3845,0,1df9
3846,3846,0,22ab
3847,3847,0,1e34
3848,3848,0,229f
3849,3849,0,1e37
3850,3850,0,22a8
3851,3851,0,1e26
3852,3852,0,2299
3853,3853,0,1e38
3854,3854,0,22a9
3855,3855,0,1e1e
3856,3856,0,22be
3857,3857,0,1e13
3858,3858,0,22c2
3859,3859,0,1de4
3860,3860,0,22ec
3861,3861,0,1dc2
3862,3862,0,2305
3863,3863,0,1dcf
3864,3864,0,22f0
3865,3865,0,1db3
3866,3866,0,22ed
3867,3867,0,1df0
3868,3868,0,26f5
3869,3869,0,1ed7
3870,3870,0,3eb7
3871,3871,0,2eb5
3872,3872,0,1e8e
3873,3873,0,2eab
3874,3874,0,3eb2
3875,3875,0,22b2
3876,3876,0,1e35
3877,3877,0,229b
3878,3878,0,1e28
3879,3879,0,2296
3880,3880,0,1e35
3881,3881,0,22b8
3882,3882,0,1e04
3883,3883,0,22d4
3884,3884,0,1dec
3885,3885,0,22c6
3886,3886,0,1dfb
3887,3887,0,22f3
3888,3888,0,1dd2
3889,3889,0,22e8
3890,3890,0,1def
3891,3891,0,22d0
3892,3892,0,1df5
3893,3893,0,22d9
3894,3894,0,1ded
3895,3895,0,22bf
3896,3896,0,1e07
3897,3897,0,22b2
3898,3898,0,1e1d
3899,3899,0,22c2
3900,3900,0,1e06
3901,3901,0,22d1
3902,3902,0,1e07
3903,3903,0,22ce
3904,3904,0,1e07
3905,3905,0,2ecd
3906,3906,0,3eeb
3907,3907,0,1de3
3908,3908,0,22d5
3909,3909,0,1de6
3910,3910,0,22fa
3911,3911,0,1dae
3912,3912,0,231f
3913,3913,0,1dab
3914,3914,0,230b
3915,3915,0,1dc0
3916,3916,0,22e2
3917,3917,0,1dea
3918,3918,0,22d1
3919,3919,0,1e0d
3920,3920,0,22bf
3921,3921,0,1df6
3922,3922,0,22c0
3923,3923,0,1e05
3924,3924,0,22cd
3925,3925,0,1dfc
3926,3926,0,22d7
3927,3927,0,1dff
3928,3928,0,22c4
3929,3929,0,1e02
3930,3930,0,22d5
3931,3931,0,1df1
3932,3932,0,22f4
3933,3933,0,1dc8
3934,3934,0,22fe
3935,3935,0,1dc2
3936,3936,0,22f1
3937,3937,0,1dc5
3938,3938,0,22fc
3939,3939,0,1df2
3940,3940,0,2ee6
3941,3941,0,3fe6
3942,3942,0,3fdb
3943,3943,0,2fdb
3944,3944,0,1df1
3945,3945,0,22bd
3946,3946,0,1e12
3947,3947,0,22ce
3948,3948,0,1dfc
3949,3949,0,22be
3950,3950,0,1e14
3951,3951,0,22d9
3952,3952,0,1ddd
3953,3953,0,22e9
3954,3954,0,1dda
3955,3955,0,22f1
3956,3956,0,1dca
3957,3957,0,2319
3958,3958,0,1da2
3959,3959,0,2330
3960,3960,0,1d9b
3961,3961,0,230e
3962,3962,0,1db4
3963,3963,0,22e1
3964,3964,0,1dd6
3965,3965,0,22e9
3966,3966,0,1de0
3967,3967,0,22d9
3968,3968,0,1df0
3969,3969,0,22ba
3970,3970,0,1e0d
3971,3971,0,22d1
3972,3972,0,1dfc
3973,3973,0,22e3
3974,3974,0,1de2
3975,3975,0,22f0
3976,3976,0,1ff5
3977,3977,0,3ff5
3978,3978,0,2ef2
3979,3979,0,1dc8
3980,3980,0,22f2
3981,3981,0,1dd9
3982,3982,0,22f4
3983,3983,0,1dbb
3984,3984,0,22ee
3985,3985,0,1de4
3986,3986,0,22ec
3987,3987,0,1df2
3988,3988,0,22de
3989,3989,0,1dd2
3990,3990,0,22e0
3991,3991,0,1def
3992,3992,0,22ce
3993,3993,0,1e0c
3994,3994,0,22cd
3995,3995,0,1dfa
3996,3996,0,22d2
3997,3997,0,1e09
3998,3998,0,22dd
3999,3999,0,1dd0
4000,4000,0,230e
4001,4001,0,1dbd
4002,4002,0,22f9
4003,4003,0,1db5
4004,4004,0,230e
4005,4005,0,1d9d
4006,4006,0,2318
4007,4007,0,1d9b
4008,4008,0,2305
4009,4009,0,1db2
4010,4010,0,2304
4011,4011,0,1dd5
4012,4012,0,2fd7
4013,4013,0,3ed2
4014,4014,0,1ece
4015,4015,0,2ece
4016,4016,0,1e18
4017,4017,0,22c5
4018,4018,0,1e01
4019,4019,0,22d2
4020,4020,0,1dfa
4021,4021,0,22db
4022,4022,0,1ddf
4023,4023,0,22ed
4024,4024,0,1dd3
4025,4025,0,22f8
4026,4026,0,1db0
4027,4027,0,2302
4028,4028,0,1d96
4029,4029,0,2322
4030,4030,0,1d8e
4031,4031,0,2330
4032,4032,0,1d84
4033,4033,0,231b
4034,4034,0,1db9
4035,4035,0,22f5
4036,4036,0,1dcb
4037,4037,0,22f1
4038,4038,0,1dd2
4039,4039,0,22d2
4040,4040,0,1e02
4041,4041,0,22d1
4042,4042,0,1e0b
4043,4043,0,22d2
4044,4044,0,1df2
4045,4045,0,22e2
4046,4046,0,1de6
4047,4047,0,22ea
4048,4048,0,1fef
4049,4049,0,3fff
4050,4050,0,2eff
4051,4051,0,1db1
4052,4052,0,230d
4053,4053,0,1da8
4054,4054,0,231b
4055,4055,0,1da3
4056,4056,0,231e
4057,4057,0,1d95
4058,4058,0,231d
4059,4059,0,1d99
4060,4060,0,232b
4061,4061,0,1d85
4062,4062,0,2312
4063,4063,0,1dc6
4064,4064,0,22df
4065,4065,0,1ddf
4066,4066,0,22d9
4067,4067,0,1dea
4068,4068,0,22d6
4069,4069,0,1dfa
4070,4070,0,22ef
4071,4071,0,1dc8
4072,4072,0,22ff
4073,4073,0,1dc0
4074,4074,0,2301
4075,4075,0,1da2
4076,4076,0,2320
4077,4077,0,1d8f
4078,4078,0,2315
4079,4079,0,1daa
4080,4080,0,230e
4081,4081,0,1dcb
4082,4082,0,22e8
4083,4083,0,1deb
4084,4084,0,2fe7
4085,4085,0,3fe6
4086,4086,0,1dea
4087,4087,0,22da
4088,4088,0,1e04
4089,4089,0,22b7
4090,4090,0,1e04
4091,4091,0,22d9
4092,4092,0,1de8
4093,4093,0,22fc
4094,4094,0,1db7
4095,4095,0,2311
4096,4096,0,1db1
4097,4097,0,2316
4098,4098,0,1db7
4099,4099,0,2315
4100,4100,0,1da7
4101,4101,0,2300
4102,4102,0,1d8c
4103,4103,0,22fe
4104,4104,0,1dab
4105,4105,0,22fc
4106,4106,0,1dd2
4107,4107,0,22e4
4108,4108,0,1de3
4109,4109,0,22c4
4110,4110,0,1e02
4111,4111,0,22bc
4112,4112,0,1e20
4113,4113,0,22c2
4114,4114,0,1dfe
4115,4115,0,22c6
4116,4116,0,1ddf
4117,4117,0,22db
4118,4118,0,1dd3
4119,4119,0,2ef7
4120,4120,0,3ff6
4121,4121,0,3dbd
4122,4122,0,22ff
4123,4123,0,1d9c
4124,4124,0,2b35
4125,4125,0,1d76
4126,4126,0,2352
4127,4127,0,1d62
4128,4128,0,2348
4129,4129,0,1d73
4130,4130,0,2331
4131,4131,0,1d91
4132,4132,0,2323
4133,4133,0,1db6
4134,4134,0,22f3
4135,4135,0,1ddc
4136,4136,0,22d0
4137,4137,0,1df1
4138,4138,0,22da
4139,4139,0,1df2
4140,4140,0,22d8
4141,4141,0,1de9
4142,4142,0,22d2
4143,4143,0,1df5
4144,4144,0,22de
4145,4145,0,1deb
4146,4146,0,22eb
4147,4147,0,1dd4
4148,4148,0,22f7
4149,4149,0,1dc5
4150,4150,0,22e4
4151,4151,0,1dde
4152,4152,0,22e4
4153,4153,0,1deb
4154,4154,0,22fb
4155,4155,0,1fbf
4156,4156,0,3fbe
4157,4157,0,2f23
4158,4158,0,1db0
4159,4159,0,2eee
4160,4160,0,1de6
4161,4161,0,22ca
4162,4162,0,1dfc
4163,4163,0,22cd
4164,4164,0,1e0c
4165,4165,0,22ca
4166,4166,0,1dec
4167,4167,0,22ee
4168,4168,0,1db2
4169,4169,0,2304
4170,4170,0,1dc5
4171,4171,0,2300
4172,4172,0,1dbb
4173,4173,0,2301
4174,4174,0,1dbf
4175,4175,0,22fe
4176,4176,0,1dd4
4177,4177,0,22ea
4178,4178,0,1de6
4179,4179,0,22d2
4180,4180,0,1df4
4181,4181,0,22ce
4182,4182,0,1e01
4183,4183,0,22c4
4184,4184,0,1dfe
4185,4185,0,22c1
4186,4186,0,1df4
4187,4187,0,22c2
4188,4188,0,1dfd
4189,4189,0,22c8
4190,4190,0,1ddd
4191,4191,0,2ffd
4192,4192,0,3ee8
4193,4193,0,1dbe
4194,4194,0,2eec
4195,4195,0,1dd8
4196,4196,0,22e7
4197,4197,0,1de5
4198,4198,0,22e0
4199,4199,0,1dda
4200,4200,0,22ee
4201,4201,0,1dc3
4202,4202,0,22e1
4203,4203,0,1dea
4204,4204,0,22c2
4205,4205,0,1e01
4206,4206,0,22b3
4207,4207,0,1e1e
4208,4208,0,22b6
4209,4209,0,1e21
4210,4210,0,22b4
4211,4211,0,1e03
4212,4212,0,22b9
4213,4213,0,1dfc
4214,4214,0,22e3
4215,4215,0,1ddf
4216,4216,0,22f4
4217,4217,0,1dc6
4218,4218,0,22e6
4219,4219,0,1dde
4220,4220,0,22fe
4221,4221,0,1dda
4222,4222,0,22ef
4223,4223,0,1de6
4224,4224,0,22dd
4225,4225,0,1dda
4226,4226,0,22da
4227,4227,0,1ffc
4228,4228,0,3fec
4229,4229,0,2ec4
4230,4230,0,1eb8
4231,4231,0,2eb0
4232,4232,0,1e05
4233,4233,0,22c8
4234,4234,0,1df6
4235,4235,0,22d7
4236,4236,0,1dfd
4237,4237,0,22d5
4238,4238,0,1df9
4239,4239,0,22c3
4240,4240,0,1e04
4241,4241,0,22d0
4242,4242,0,1dee
4243,4243,0,22ed
4244,4244,0,1ddf
4245,4245,0,22e0
4246,4246,0,1df4
4247,4247,0,22cf
4248,4248,0,1e0f
4249,4249,0,22b4
4250,4250,0,1e29
4251,4251,0,22d8
4252,4252,0,1e0d
4253,4253,0,22b8
4254,4254,0,1e35
4255,4255,0,22a0
4256,4256,0,1e38
4257,4257,0,22cb
4258,4258,0,1dfc
4259,4259,0,22ce
4260,4260,0,1df4
4261,4261,0,22f0
4262,4262,0,1df5
4263,4263,0,3fdf
4264,4264,0,3edf
4265,4265,0,1def
4266,4266,0,22dd
4267,4267,0,1de2
4268,4268,0,2301
4269,4269,0,1dab
4270,4270,0,2316
4271,4271,0,1db7
4272,4272,0,22da
4273,4273,0,1dfc
4274,4274,0,22d5
4275,4275,0,1e02
4276,4276,0,22a8
4277,4277,0,1e1d
4278,4278,0,22bd
4279,4279,0,1e42
4280,4280,0,2299
4281,4281,0,1e34
4282,4282,0,229e
4283,4283,0,1e20
4284,4284,0,22c5
4285,4285,0,1dfa
4286,4286,0,22e9
4287,4287,0,1dea
4288,4288,0,22d6
4289,4289,0,1df0
4290,4290,0,22de
4291,4291,0,1de3
4292,4292,0,22f5
4293,4293,0,1ded
4294,4294,0,22cd
4295,4295,0,1dfb
4296,4296,0,22d0
4297,4297,0,1dfa
4298,4298,0,2eee
4299,4299,0,3ece
4300,4300,0,3edc
4301,4301,0,2ecf
4302,4302,0,1eb7
4303,4303,0,2ebb
4304,4304,0,1e39
4305,4305,0,229e
4306,4306,0,1e24
4307,4307,0,22cb
4308,4308,0,1e0a
4309,4309,0,22b1
4310,4310,0,1e19
4311,4311,0,22d4
4312,4312,0,1dfc
4313,4313,0,22dd
4314,4314,0,1e05
4315,4315,0,22c7
4316,4316,0,1dfa
4317,4317,0,22c9
4318,4318,0,1e0a
4319,4319,0,22d7
4320,4320,0,1e16
4321,4321,0,22bd
4322,4322,0,1e12
4323,4323,0,22b0
4324,4324,0,1e2c
4325,4325,0,2284
4326,4326,0,1e6a
4327,4327,0,2293
4328,4328,0,1e41
4329,4329,0,22b2
4330,4330,0,1e24
4331,4331,0,22a2
4332,4332,0,1e36
4333,4333,0,22be
4334,4334,0,1e3f
4335,4335,0,3ebf
4336,4336,0,3eb6
4337,4337,0,3ed6
4338,4338,0,2ad6
4339,4339,0,1ec8
4340,4340,0,22c8
4341,4341,0,1e0a
4342,4342,0,22ba
4343,4343,0,1e2a
4344,4344,0,22a2
4345,4345,0,1e42
4346,4346,0,2297
4347,4347,0,1e56
4348,4348,0,229f
4349,4349,0,1e45
4350,4350,0,2291
4351,4351,0,1e62
4352,4352,0,226b
4353,4353,0,1e67
4354,4354,0,228f
4355,4355,0,1e46
4356,4356,0,22b6
4357,4357,0,1e28
4358,4358,0,22ab
4359,4359,0,1e13
4360,4360,0,22b4
4361,4361,0,1e14
4362,4362,0,22d2
4363,4363,0,1e02
4364,4364,0,22b8
4365,4365,0,1e08
4366,4366,0,22c3
4367,4367,0,1e12
4368,4368,0,22ac
4369,4369,0,1e2a
4370,4370,0,2eaf
4371,4371,0,3ebf
4372,4372,0,3ebf
4373,4373,0,2e9f
4374,4374,0,1e4d
4375,4375,0,2aaf
4376,4376,0,1e3c
4377,4377,0,2292
4378,4378,0,1e41
4379,4379,0,2293
4380,4380,0,1e43
4381,4381,0,22ab
4382,4382,0,1e33
4383,4383,0,22cd
4384,4384,0,1e06
4385,4385,0,22c2
4386,4386,0,1e13
4387,4387,0,22a9
4388,4388,0,1e3d
4389,4389,0,22ae
4390,4390,0,1e34
4391,4391,0,22c0
4392,4392,0,1e1d
4393,4393,0,22a4
4394,4394,0,1e45
4395,4395,0,22a3
4396,4396,0,1e47
4397,4397,0,2296
4398,4398,0,1e39
4399,4399,0,228f
4400,4400,0,1e5c
4401,4401,0,2286
4402,4402,0,1e6c
4403,4403,0,22a0
4404,4404,0,1e44
4405,4405,0,26ae
4406,4406,0,1eaf
4407,4407,0,3ebb
4408,4408,0,2ebb
4409,4409,0,1ed9
4410,4410,0,2eda
4411,4411,0,1e9a
4412,4412,0,22b8
4413,4413,0,1e2e
4414,4414,0,228d
4415,4415,0,1e3d
4416,4416,0,22a1
4417,4417,0,1e34
4418,4418,0,22a5
4419,4419,0,1e3b
4420,4420,0,229e
4421,4421,0,1e47
4422,4422,0,2282
4423,4423,0,1e79
4424,4424,0,227c
4425,4425,0,1e5c
4426,4426,0,22ae
4427,4427,0,1e38
4428,4428,0,22b5
4429,4429,0,1e25
4430,4430,0,22b3
4431,4431,0,1e2a
4432,4432,0,22ad
4433,4433,0,1e28
4434,4434,0,22b2
4435,4435,0,1e10
4436,4436,0,22bc
4437,4437,0,1e2a
4438,4438,0,2293
4439,4439,0,1e68
4440,4440,0,2275
4441,4441,0,1e7d
4442,4442,0,2e6c
4443,4443,0,3e6c
4444,4444,0,1e97
4445,4445,0,2e87
4446,4446,0,1e64
4447,4447,0,2289
4448,4448,0,1e5b
4449,4449,0,2275
4450,4450,0,1e65
4451,4451,0,2298
4452,4452,0,1e57
4453,4453,0,2290
4454,4454,0,1e4f
4455,4455,0,22a3
4456,4456,0,1e18
4457,4457,0,22d1
4458,4458,0,1dff
4459,4459,0,22c9
4460,4460,0,1e04
4461,4461,0,22aa
4462,4462,0,1e32
4463,4463,0,229a
4464,4464,0,1e38
4465,4465,0,22b6
4466,4466,0,1e2a
4467,4467,0,229b
4468,4468,0,1e5e
4469,4469,0,2285
4470,4470,0,1e77
4471,4471,0,227f
4472,4472,0,1e86
4473,4473,0,227a
4474,4474,0,1e4b
4475,4475,0,2289
4476,4476,0,1e44
4477,4477,0,2e96
4478,4478,0,3ed6
4479,4479,0,3ef4
4480,4480,0,3eb5
4481,4481,0,1ea5
4482,4482,0,2aa2
4483,4483,0,1e47
4484,4484,0,2298
4485,4485,0,1e62
4486,4486,0,2288
4487,4487,0,1e56
4488,4488,0,228d
4489,4489,0,1e58
4490,4490,0,2281
4491,4491,0,1e7f
4492,4492,0,226a
4493,4493,0,1e6e
4494,4494,0,2291
4495,4495,0,1e64
4496,4496,0,228b
4497,4497,0,1e6c
4498,4498,0,227f
4499,4499,0,1e58
4500,4500,0,22aa
4501,4501,0,1e26
4502,4502,0,22b7
4503,4503,0,1e1d
4504,4504,0,22b3
4505,4505,0,1e0f
4506,4506,0,22b2
4507,4507,0,1e1d
4508,4508,0,22ba
4509,4509,0,1e37
4510,4510,0,22a0
4511,4511,0,1e52
4512,4512,0,227e
4513,4513,0,1e7e
4514,4514,0,3ef7
4515,4515,0,2eb7
4516,4516,0,1e7b
4517,4517,0,3e7f
4518,4518,0,1e7b
4519,4519,0,226d
4520,4520,0,1e67
4521,4521,0,227a
4522,4522,0,1e51
4523,4523,0,22a7
4524,4524,0,1e36
4525,4525,0,229d
4526,4526,0,1e38
4527,4527,0,22a0
4528,4528,0,1e20
4529,4529,0,22ab
4530,4530,0,1e34
4531,4531,0,22ad
4532,4532,0,1e18
4533,4533,0,22a6
4534,4534,0,1e40
4535,4535,0,2294
4536,4536,0,1e6c
4537,4537,0,229a
4538,4538,0,1e2b
4539,4539,0,2295
4540,4540,0,1e55
4541,4541,0,2295
4542,4542,0,1e62
4543,4543,0,2284
4544,4544,0,1e66
4545,4545,0,2274
4546,4546,0,1e6b
4547,4547,0,228c
4548,4548,0,1e45
4549,4549,0,2ef7
4550,4550,0,3ebe
4551,4551,0,1ebf
4552,4552,0,2e97
4553,4553,0,1e76
4554,4554,0,2ab6
4555,4555,0,1e2c
4556,4556,0,22b4
4557,4557,0,1e39
4558,4558,0,229e
4559,4559,0,1e35
4560,4560,0,2289
4561,4561,0,1e5f
4562,4562,0,2286
4563,4563,0,1e70
4564,4564,0,229b
4565,4565,0,1e45
4566,4566,0,2298
4567,4567,0,1e51
4568,4568,0,228a
4569,4569,0,1e55
4570,4570,0,2281
4571,4571,0,1e57
4572,4572,0,2290
4573,4573,0,1e48
4574,4574,0,228c
4575,4575,0,1e40
4576,4576,0,22b8
4577,4577,0,1e26
4578,4578,0,22a2
4579,4579,0,1e33
4580,4580,0,2295
4581,4581,0,1e4c
4582,4582,0,227b
4583,4583,0,1e6c
4584,4584,0,26b4
4585,4585,0,3edd
4586,4586,0,3e7d
4587,4587,0,3e76
4588,4588,0,1ee2
4589,4589,0,2280
4590,4590,0,1e7f
4591,4591,0,2288
4592,4592,0,1e62
4593,4593,0,2292
4594,4594,0,1e3b
4595,4595,0,2293
4596,4596,0,1e50
4597,4597,0,2294
4598,4598,0,1e56
4599,4599,0,22b3
4600,4600,0,1e27
4601,4601,0,22b8
4602,4602,0,1e0f
4603,4603,0,22b3
4604,4604,0,1e15
4605,4605,0,22a0
4606,4606,0,1e4e
4607,4607,0,2285
4608,4608,0,1e51
4609,4609,0,2288
4610,4610,0,1e5f
4611,4611,0,2285
4612,4612,0,1e6c
4613,4613,0,2288
4614,4614,0,1e61
4615,4615,0,2281
4616,4616,0,1e54
4617,4617,0,228d
4618,4618,0,1e5a
4619,4619,0,229c
4620,4620,0,1e5c
4621,4621,0,3ed5
4622,4622,0,3e9f
4623,4623,0,1ebf
4624,4624,0,2ec7
4625,4625,0,1e17
4626,4626,0,22ca
4627,4627,0,1e10
4628,4628,0,22b5
4629,4629,0,1e26
4630,4630,0,22b8
4631,4631,0,1e26
4632,4632,0,2295
4633,4633,0,1e5f
4634,4634,0,226c
4635,4635,0,1e7f
4636,4636,0,2283
4637,4637,0,1e6a
4638,4638,0,2282
4639,4639,0,1e85
4640,4640,0,228e
4641,4641,0,1e53
4642,4642,0,229e
4643,4643,0,1e3d
4644,4644,0,22b4
4645,4645,0,1e15
4646,4646,0,22c0
4647,4647,0,1e11
4648,4648,0,22ba
4649,4649,0,1e09
4650,4650,0,22ab
4651,4651,0,1e3b
4652,4652,0,22b3
4653,4653,0,1e30
4654,4654,0,22ab
4655,4655,0,1e36
4656,4656,0,2ebf
4657,4657,0,3edf
4658,4658,0,3ed7
4659,4659,0,2e84
4660,4660,0,1e61
4661,4661,0,2e8d
4662,4662,0,1e5d
4663,4663,0,2298
4664,4664,0,1e37
4665,4665,0,22a5
4666,4666,0,1e35
4667,4667,0,22ad
4668,4668,0,1e28
4669,4669,0,22b8
4670,4670,0,1e2d
4671,4671,0,22ac
4672,4672,0,1e0b
4673,4673,0,22c9
4674,4674,0,1e06
4675,4675,0,22c6
4676,4676,0,1e33
4677,4677,0,22a7
4678,4678,0,1e15
4679,4679,0,2294
4680,4680,0,1e6d
4681,4681,0,2281
4682,4682,0,1e52
4683,4683,0,229d
4684,4684,0,1e35
4685,4685,0,228e
4686,4686,0,1e58
4687,4687,0,229e
4688,4688,0,1e21
4689,4689,0,22b9
4690,4690,0,1e2a
4691,4691,0,22be
4692,4692,0,1ebe
4693,4693,0,3ee6
4694,4694,0,2ec6
4695,4695,0,1ecf
4696,4696,0,2ace
4697,4697,0,1e09
4698,4698,0,22b3
4699,4699,0,1e20
4700,4700,0,22b3
4701,4701,0,1e2f
4702,4702,0,22c4
4703,4703,0,1e26
4704,4704,0,229c
4705,4705,0,1e50
4706,4706,0,2286
4707,4707,0,1e59
4708,4708,0,227d
4709,4709,0,1e70
4710,4710,0,22a3
4711,4711,0,1e2a
4712,4712,0,229b
4713,4713,0,1e4b
4714,4714,0,2297
4715,4715,0,1e3c
4716,4716,0,22b3
4717,4717,0,1e19
4718,4718,0,229b
4719,4719,0,1e16
4720,4720,0,22ce
4721,4721,0,1e07
4722,4722,0,22c6
4723,4723,0,1e30
4724,4724,0,2298
4725,4725,0,1e3e
4726,4726,0,229c
4727,4727,0,1e54
4728,4728,0,2ec9
4729,4729,0,3ecd
4730,4730,0,1e5e
4731,4731,0,2eae
4732,4732,0,1eae
4733,4733,0,3eac
4734,4734,0,1e28
4735,4735,0,22bf
4736,4736,0,1e3b
4737,4737,0,22ab
4738,4738,0,1e2b
4739,4739,0,22ab
4740,4740,0,1e17
4741,4741,0,22c4
4742,4742,0,1df0
4743,4743,0,22d4
4744,4744,0,1ded
4745,4745,0,22c1
4746,4746,0,1e20
4747,4747,0,22a3
4748,4748,0,1e3b
4749,4749,0,22ae
4750,4750,0,1e11
4751,4751,0,22c6
4752,4752,0,1e2c
4753,4753,0,22a1
4754,4754,0,1e38
4755,4755,0,228a
4756,4756,0,1e46
4757,4757,0,2290
4758,4758,0,1e44
4759,4759,0,229c
4760,4760,0,1e27
4761,4761,0,22ab
4762,4762,0,1e21
4763,4763,0,26bb
4764,4764,0,1eba
4765,4765,0,3eae
4766,4766,0,2eae
4767,4767,0,3eb5
4768,4768,0,2eb1
4769,4769,0,1e0b
4770,4770,0,22c5
4771,4771,0,1dfc
4772,4772,0,22cf
4773,4773,0,1e00
4774,4774,0,22c5
4775,4775,0,1e22
4776,4776,0,2298
4777,4777,0,1e3b
4778,4778,0,2288
4779,4779,0,1e68
4780,4780,0,2290
4781,4781,0,1e60
4782,4782,0,227e
4783,4783,0,1e4a
4784,4784,0,22ba
4785,4785,0,1e17
4786,4786,0,22d2
4787,4787,0,1df2
4788,4788,0,22e8
4789,4789,0,1dd2
4790,4790,0,22f3
4791,4791,0,1dd2
4792,4792,0,22d9
4793,4793,0,1df4
4794,4794,0,22d2
4795,4795,0,1df1
4796,4796,0,22ca
4797,4797,0,1dfc
4798,4798,0,22da
4799,4799,0,1e1e
4800,4800,0,3ebc
4801,4801,0,3eb9
4802,4802,0,1e94
4803,4803,0,22ba
4804,4804,0,1ea5
4805,4805,0,22c7
4806,4806,0,1e0c
4807,4807,0,22c3
4808,4808,0,1e00
4809,4809,0,22cb
4810,4810,0,1dec
4811,4811,0,22dd
4812,4812,0,1dea
4813,4813,0,22de
4814,4814,0,1ddb
4815,4815,0,22d1
4816,4816,0,1df5
4817,4817,0,22e6
4818,4818,0,1df3
4819,4819,0,22c5
4820,4820,0,1e11
4821,4821,0,22b8
4822,4822,0,1e0e
4823,4823,0,22c1
4824,4824,0,1dfb
4825,4825,0,22b9
4826,4826,0,1e22
4827,4827,0,22a1
4828,4828,0,1e2e
4829,4829,0,22c5
4830,4830,0,1e0f
4831,4831,0,22be
4832,4832,0,1e10
4833,4833,0,22c8
4834,4834,0,1e02
4835,4835,0,2eda
4836,4836,0,3fdc
4837,4837,0,1df4
4838,4838,0,2eea
4839,4839,0,1dda
4840,4840,0,22fe
4841,4841,0,1db3
4842,4842,0,22fa
4843,4843,0,1db9
4844,4844,0,22de
4845,4845,0,1de8
4846,4846,0,22ce
4847,4847,0,1e01
4848,4848,0,22cd
4849,4849,0,1df8
4850,4850,0,22ca
4851,4851,0,1e1a
4852,4852,0,22ae
4853,4853,0,1e18
4854,4854,0,22be
4855,4855,0,1dff
4856,4856,0,22e1
4857,4857,0,1dea
4858,4858,0,22cd
4859,4859,0,1ddc
4860,4860,0,22e8
4861,4861,0,1dce
4862,4862,0,2307
4863,4863,0,1db6
4864,4864,0,2305
4865,4865,0,1da6
4866,4866,0,2312
4867,4867,0,1db9
4868,4868,0,22e2
4869,4869,0,1dec
4870,4870,0,22f4
4871,4871,0,1ffc
4872,4872,0,3dff
4873,4873,0,3ebb
4874,4874,0,1e9b
4875,4875,0,2ea9
4876,4876,0,1e37
4877,4877,0,22ba
4878,4878,0,1e13
4879,4879,0,22b1
4880,4880,0,1e0e
4881,4881,0,22c5
4882,4882,0,1de5
4883,4883,0,22eb
4884,4884,0,1dce
4885,4885,0,22fb
4886,4886,0,1dba
4887,4887,0,230f
4888,4888,0,1db4
4889,4889,0,2318
4890,4890,0,1db6
4891,4891,0,230c
4892,4892,0,1dd7
4893,4893,0,22d2
4894,4894,0,1dfa
4895,4895,0,22c3
4896,4896,0,1e0d
4897,4897,0,22c7
4898,4898,0,1df4
4899,4899,0,22c9
4900,4900,0,1e01
4901,4901,0,22d1
4902,4902,0,1dfb
4903,4903,0,22d9
4904,4904,0,1de5
4905,4905,0,22d6
4906,4906,0,1df7
4907,4907,0,3fed
4908,4908,0,3eee
4909,4909,0,1df8
4910,4910,0,2ef8
4911,4911,0,1dd2
4912,4912,0,2300
4913,4913,0,1dae
4914,4914,0,2305
4915,4915,0,1dba
4916,4916,0,22eb
4917,4917,0,1de0
4918,4918,0,22e0
4919,4919,0,1dd2
4920,4920,0,22da
4921,4921,0,1df1
4922,4922,0,22cd
4923,4923,0,1dfc
4924,4924,0,22d7
4925,4925,0,1dde
4926,4926,0,22dd
4927,4927,0,1de4
4928,4928,0,22d9
4929,4929,0,1df3
4930,4930,0,22e8
4931,4931,0,1ddf
4932,4932,0,2303
4933,4933,0,1dc2
4934,4934,0,22fe
4935,4935,0,1db4
4936,4936,0,2300
4937,4937,0,1db2
4938,4938,0,2301
4939,4939,0,1de5
4940,4940,0,22de
4941,4941,0,1dda
4942,4942,0,26db
4943,4943,0,3fdd
4944,4944,0,3de6
4945,4945,0,2ecb
4946,4946,0,1eca
4947,4947,0,2efa
4948,4948,0,1dfb
4949,4949,0,22b2
4950,4950,0,1e06
4951,4951,0,22c7
4952,4952,0,1de8
4953,4953,0,22ed
4954,4954,0,1de4
4955,4955,0,22ef
4956,4956,0,1dbf
4957,4957,0,230c
4958,4958,0,1db4
4959,4959,0,233d
4960,4960,0,1d84
4961,4961,0,2315
4962,4962,0,1d9f
4963,4963,0,2301
4964,4964,0,1dce
4965,4965,0,22c9
4966,4966,0,1de8
4967,4967,0,22c5
4968,4968,0,1df5
4969,4969,0,22c9
4970,4970,0,1dfe
4971,4971,0,22dd
4972,4972,0,1de3
4973,4973,0,22de
4974,4974,0,1de0
4975,4975,0,22dd
4976,4976,0,1de4
4977,4977,0,22f3
4978,4978,0,1ff7
4979,4979,0,3fc4
4980,4980,0,2f04
4981,4981,0,1db9
4982,4982,0,2f31
4983,4983,0,1db3
4984,4984,0,230b
4985,4985,0,1dc1
4986,4986,0,22f4
4987,4987,0,1dee
4988,4988,0,22cc
4989,4989,0,1df9
4990,4990,0,22b9
4991,4991,0,1dfc
4992,4992,0,22d4
4993,4993,0,1dfa
4994,4994,0,22d0
4995,4995,0,1dfc
4996,4996,0,22cb
4997,4997,0,1dfa
4998,4998,0,22c5
4999,4999,0,1df8
5000,5000,0,22e0
5001,5001,0,1dde
5002,5002,0,22eb
5003,5003,0,1dce
5004,5004,0,22f5
5005,5005,0,1da4
5006,5006,0,2318
5007,5007,0,1d94
5008,5008,0,2311
5009,5009,0,1da7
5010,5010,0,22f7
5011,5011,0,1dcf
5012,5012,0,22e4
5013,5013,0,1de6
5014,5014,0,2ff6
5015,5015,0,3ed6
5016,5016,0,1e97
5017,5017,0,2eaf
5018,5018,0,1e2d
5019,5019,0,2e9e
5020,5020,0,1e1d
5021,5021,0,22c4
5022,5022,0,1dff
5023,5023,0,22ff
5024,5024,0,1dcd
5025,5025,0,22ee
5026,5026,0,1dcb
5027,5027,0,22f0
5028,5028,0,1da7
5029,5029,0,2320
5030,5030,0,1d82
5031,5031,0,2320
5032,5032,0,1d9a
5033,5033,0,231d
5034,5034,0,1daa
5035,5035,0,22e6
5036,5036,0,1ded
5037,5037,0,22d2
5038,5038,0,1de8
5039,5039,0,22c5
5040,5040,0,1e02
5041,5041,0,22bb
5042,5042,0,1e20
5043,5043,0,22ac
5044,5044,0,1e14
5045,5045,0,22af
5046,5046,0,1e01
5047,5047,0,22ed
5048,5048,0,1dc7
5049,5049,0,26ff
5050,5050,0,1ffd
5051,5051,0,3ddd
5052,5052,0,3fef
5053,5053,0,3fef
5054,5054,0,2eee
5055,5055,0,1dca
5056,5056,0,22ec
5057,5057,0,1dda
5058,5058,0,22e4
5059,5059,0,1dde
5060,5060,0,22cd
5061,5061,0,1e06
5062,5062,0,22b0
5063,5063,0,1e22
5064,5064,0,22c7
5065,5065,0,1e05
5066,5066,0,22cd
5067,5067,0,1e07
5068,5068,0,22be
5069,5069,0,1e16
5070,5070,0,22cc
5071,5071,0,1e00
5072,5072,0,22de
5073,5073,0,1de5
5074,5074,0,22d5
5075,5075,0,1de9
5076,5076,0,22d8
5077,5077,0,1df6
5078,5078,0,22c9
5079,5079,0,1de3
5080,5080,0,22eb
5081,5081,0,1dd6
5082,5082,0,22c9
5083,5083,0,1dfc
5084,5084,0,22d4
5085,5085,0,1e16
5086,5086,0,2ebe
5087,5087,0,3ebe
5088,5088,0,1eae
5089,5089,0,2a9e
5090,5090,0,1ec2
5091,5091,0,22c3
5092,5092,0,1e00
5093,5093,0,22c4
5094,5094,0,1dec
5095,5095,0,22ca
5096,5096,0,1df0
5097,5097,0,22dd
5098,5098,0,1de8
5099,5099,0,22d2
5100,5100,0,1e13
5101,5101,0,22b8
5102,5102,0,1e23
5103,5103,0,22cb
5104,5104,0,1e06
5105,5105,0,22be
5106,5106,0,1dfe
5107,5107,0,22c0
5108,5108,0,1e15
5109,5109,0,2297
5110,5110,0,1e39
5111,5111,0,2291
5112,5112,0,1e51
5113,5113,0,22a3
5114,5114,0,1e31
5115,5115,0,2297
5116,5116,0,1e3f
5117,5117,0,22aa
5118,5118,0,1e18
5119,5119,0,22c9
5120,5120,0,1dfa
5121,5121,0,2ebe
5122,5122,0,3ff6
5123,5123,0,3df5
5124,5124,0,2eda
5125,5125,0,1de8
5126,5126,0,2eed
5127,5127,0,1de4
5128,5128,0,22da
5129,5129,0,1de3
5130,5130,0,22dc
5131,5131,0,1df0
5132,5132,0,22c8
5133,5133,0,1e14
5134,5134,0,22ac
5135,5135,0,1e1d
5136,5136,0,22ac
5137,5137,0,1e33
5138,5138,0,22b4
5139,5139,0,1e44
5140,5140,0,22ab
5141,5141,0,1e29
5142,5142,0,22c4
5143,5143,0,1df6
5144,5144,0,22c5
5145,5145,0,1e0e
5146,5146,0,22dc
5147,5147,0,1e02
5148,5148,0,22c1
5149,5149,0,1df6
5150,5150,0,22d4
5151,5151,0,1e26
5152,5152,0,229d
5153,5153,0,1e40
5154,5154,0,22bd
5155,5155,0,1e15
5156,5156,0,22b4
5157,5157,0,1e2d
5158,5158,0,3ebd
5159,5159,0,3ebe
5160,5160,0,1eac
5161,5161,0,2eae
5162,5162,0,1eaf
5163,5163,0,22af
5164,5164,0,1e25
5165,5165,0,22c1
5166,5166,0,1e18
5167,5167,0,22ba
5168,5168,0,1e14
5169,5169,0,22c7
5170,5170,0,1e06
5171,5171,0,22c8
5172,5172,0,1dfc
5173,5173,0,22e0
5174,5174,0,1deb
5175,5175,0,22d0
5176,5176,0,1df8
5177,5177,0,22c3
5178,5178,0,1e24
5179,5179,0,22ae
5180,5180,0,1e2c
5181,5181,0,22bc
5182,5182,0,1e22
5183,5183,0,22a5
5184,5184,0,1e4a
5185,5185,0,2280
5186,5186,0,1e62
5187,5187,0,228f
5188,5188,0,1e36
5189,5189,0,22b7
5190,5190,0,1e3c
5191,5191,0,2298
5192,5192,0,1e17
5193,5193,0,2ec7
5194,5194,0,3ecf
5195,5195,0,3ecb
5196,5196,0,2ecf
5197,5197,0,1e0f
5198,5198,0,22ac
5199,5199,0,1dfa
5200,5200,0,22c5
5201,5201,0,1e05
5202,5202,0,22c9
5203,5203,0,1e10
5204,5204,0,22ac
5205,5205,0,1e3d
5206,5206,0,2297
5207,5207,0,1e5d
5208,5208,0,228d
5209,5209,0,1e67
5210,5210,0,22b1
5211,5211,0,1e25
5212,5212,0,2288
5213,5213,0,1e3b
5214,5214,0,22c3
5215,5215,0,1e0c
5216,5216,0,22cd
5217,5217,0,1e04
5218,5218,0,22da
5219,5219,0,1dea
5220,5220,0,22d4
5221,5221,0,1e0e
5222,5222,0,22c6
5223,5223,0,1e12
5224,5224,0,22b3
5225,5225,0,1e1e
5226,5226,0,22ba
5227,5227,0,1e10
5228,5228,0,26b7
5229,5229,0,1eb7
5230,5230,0,3ef1
5231,5231,0,2ecb
5232,5232,0,1e0b
5233,5233,0,22b4
5234,5234,0,1e19
5235,5235,0,22b1
5236,5236,0,1e2a
5237,5237,0,22af
5238,5238,0,1e21
5239,5239,0,22ae
5240,5240,0,1e17
5241,5241,0,22ca
5242,5242,0,1e0a
5243,5243,0,22cb
5244,5244,0,1e0a
5245,5245,0,22c3
5246,5246,0,1dfd
5247,5247,0,22c6
5248,5248,0,1e09
5249,5249,0,22b0
5250,5250,0,1e40
5251,5251,0,22b6
5252,5252,0,1e1c
5253,5253,0,22ae
5254,5254,0,1e26
5255,5255,0,22a9
5256,5256,0,1e2d
5257,5257,0,22a8
5258,5258,0,1e48
5259,5259,0,22b8
5260,5260,0,1e28
5261,5261,0,22c4
5262,5262,0,1e05
5263,5263,0,22cf
5264,5264,0,1dff
5265,5265,0,3ffb
5266,5266,0,3feb
5267,5267,0,1deb
5268,5268,0,22d8
5269,5269,0,1dc5
5270,5270,0,22d9
5271,5271,0,1df8
5272,5272,0,22d1
5273,5273,0,1e0a
5274,5274,0,22b1
5275,5275,0,1e15
5276,5276,0,229b
5277,5277,0,1e38
5278,5278,0,22a5
5279,5279,0,1e52
5280,5280,0,228c
5281,5281,0,1e3b
5282,5282,0,22ad
5283,5283,0,1e1f
5284,5284,0,22c4
5285,5285,0,1e1e
5286,5286,0,22b1
5287,5287,0,1e22
5288,5288,0,22ca
5289,5289,0,1df6
5290,5290,0,22c4
5291,5291,0,1e18
5292,5292,0,22d7
5293,5293,0,1df6
5294,5294,0,22bc
5295,5295,0,1e19
5296,5296,0,22b2
5297,5297,0,1e35
5298,5298,0,22ad
5299,5299,0,1e3f
5300,5300,0,26bf
5301,5301,0,3e9f
5302,5302,0,3eab
5303,5303,0,2e9b
5304,5304,0,1e54
5305,5305,0,2a99
5306,5306,0,1e30
5307,5307,0,229d
5308,5308,0,1e35
5309,5309,0,22b5
5310,5310,0,1e02
5311,5311,0,22d1
5312,5312,0,1dea
5313,5313,0,22d5
5314,5314,0,1e02
5315,5315,0,22d4
5316,5316,0,1def
5317,5317,0,22d6
5318,5318,0,1df0
5319,5319,0,22cf
5320,5320,0,1e05
5321,5321,0,22d8
5322,5322,0,1dee
5323,5323,0,22cc
5324,5324,0,1e11
5325,5325,0,22b4
5326,5326,0,1e1a
5327,5327,0,22b6
5328,5328,0,1e2d
5329,5329,0,22b4
5330,5330,0,1e28
5331,5331,0,22c5
5332,5332,0,1df6
5333,5333,0,22f0
5334,5334,0,1dd0
5335,5335,0,22f5
5336,5336,0,1ffd
5337,5337,0,3ffd
5338,5338,0,2edf
5339,5339,0,1dcf
5340,5340,0,2ef5
5341,5341,0,1dbf
5342,5342,0,22ed
5343,5343,0,1de7
5344,5344,0,22b9
5345,5345,0,1e22
5346,5346,0,22a5
5347,5347,0,1e32
5348,5348,0,22b6
5349,5349,0,1e18
5350,5350,0,22b8
5351,5351,0,1e15
5352,5352,0,22a5
5353,5353,0,1e2b
5354,5354,0,22ad
5355,5355,0,1e1b
5356,5356,0,22cb
5357,5357,0,1e0c
5358,5358,0,22b1
5359,5359,0,1e11
5360,5360,0,22bd
5361,5361,0,1e05
5362,5362,0,22ea
5363,5363,0,1de9
5364,5364,0,22d0
5365,5365,0,1df8
5366,5366,0,22c2
5367,5367,0,1e05
5368,5368,0,22bf
5369,5369,0,1e0d
5370,5370,0,22c1
5371,5371,0,1e07
5372,5372,0,2ea6
5373,5373,0,3ebe
5374,5374,0,3ebe
5375,5375,0,3ebc
5376,5376,0,1ef4
5377,5377,0,2ac5
5378,5378,0,1e15
5379,5379,0,22af
5380,5380,0,1e28
5381,5381,0,22bc
5382,5382,0,1e10
5383,5383,0,22c0
5384,5384,0,1e09
5385,5385,0,22d3
5386,5386,0,1de6
5387,5387,0,22e7
5388,5388,0,1ddf
5389,5389,0,22e0
5390,5390,0,1df6
5391,5391,0,22d9
5392,5392,0,1df4
5393,5393,0,22cd
5394,5394,0,1dfb
5395,5395,0,22c4
5396,5396,0,1e19
5397,5397,0,22a0
5398,5398,0,1e3a
5399,5399,0,22b3
5400,5400,0,1e29
5401,5401,0,22d1
5402,5402,0,1df6
5403,5403,0,22d6
5404,5404,0,1df7
5405,5405,0,22d1
5406,5406,0,1e14
5407,5407,0,2ebf
5408,5408,0,1ebb
5409,5409,0,3ee3
5410,5410,0,3ff2
5411,5411,0,1df2
5412,5412,0,2ec9
5413,5413,0,1e0f
5414,5414,0,22ae
5415,5415,0,1e22
5416,5416,0,22b2
5417,5417,0,1e2c
5418,5418,0,22a9
5419,5419,0,1e10
5420,5420,0,22b8
5421,5421,0,1e2f
5422,5422,0,228a
5423,5423,0,1e63
5424,5424,0,229e
5425,5425,0,1e40
5426,5426,0,22b4
5427,5427,0,1e0a
5428,5428,0,22b2
5429,5429,0,1e10
5430,5430,0,22c2
5431,5431,0,1e12
5432,5432,0,22cd
5433,5433,0,1df5
5434,5434,0,22df
5435,5435,0,1dc2
5436,5436,0,22f4
5437,5437,0,1db7
5438,5438,0,22f3
5439,5439,0,1dd6
5440,5440,0,22d6
5441,5441,0,1df6
5442,5442,0,22b0
5443,5443,0,1e3b
5444,5444,0,3eaf
5445,5445,0,3eb7
5446,5446,0,1eb7
5447,5447,0,2ea6
5448,5448,0,1e29
5449,5449,0,2297
5450,5450,0,1e27
5451,5451,0,22b7
5452,5452,0,1e17
5453,5453,0,22c1
5454,5454,0,1e0d
5455,5455,0,22a9
5456,5456,0,1e0f
5457,5457,0,22d4
5458,5458,0,1df1
5459,5459,0,22db
5460,5460,0,1dff
5461,5461,0,22ba
5462,5462,0,1df7
5463,5463,0,22bc
5464,5464,0,1e23
5465,5465,0,22af
5466,5466,0,1e18
5467,5467,0,22a7
5468,5468,0,1e0d
5469,5469,0,22b7
5470,5470,0,1e3a
5471,5471,0,22a3
5472,5472,0,1e57
5473,5473,0,22ad
5474,5474,0,1e29
5475,5475,0,22aa
5476,5476,0,1e3a
5477,5477,0,22ac
5478,5478,0,1e36
5479,5479,0,2ede
5480,5480,0,3eda
5481,5481,0,3e9e
5482,5482,0,2eae
5483,5483,0,1ea6
5484,5484,0,22b7
5485,5485,0,1e2c
5486,5486,0,22b4
5487,5487,0,1e1b
5488,5488,0,22b5
5489,5489,0,1e23
5490,5490,0,2298
5491,5491,0,1e3c
5492,5492,0,2285
5493,5493,0,1e53
5494,5494,0,2294
5495,5495,0,1e38
5496,5496,0,22a1
5497,5497,0,1e2a
5498,5498,0,22c4
5499,5499,0,1e1f
5500,5500,0,22d4
5501,5501,0,1df6
5502,5502,0,22cc
5503,5503,0,1df7
5504,5504,0,22d1
5505,5505,0,1df3
5506,5506,0,22d8
5507,5507,0,1dee
5508,5508,0,22dc
5509,5509,0,1df4
5510,5510,0,22c3
5511,5511,0,1e25
5512,5512,0,22a4
5513,5513,0,1e36
5514,5514,0,22b2
5515,5515,0,1e66
5516,5516,0,3ede
5517,5517,0,2a9a
5518,5518,0,1e45
5519,5519,0,2293
5520,5520,0,1e44
5521,5521,0,22b9
5522,5522,0,1e08
5523,5523,0,22c8
5524,5524,0,1e0d
5525,5525,0,22b1
5526,5526,0,1e20
5527,5527,0,22da
5528,5528,0,1df3
5529,5529,0,22da
5530,5530,0,1def
5531,5531,0,22c3
5532,5532,0,1df0
5533,5533,0,22c0
5534,5534,0,1e18
5535,5535,0,22ab
5536,5536,0,1e1f
5537,5537,0,22ac
5538,5538,0,1e16
5539,5539,0,2294
5540,5540,0,1e4d
5541,5541,0,2296
5542,5542,0,1e59
5543,5543,0,2293
5544,5544,0,1e3e
5545,5545,0,2290
5546,5546,0,1e46
5547,5547,0,229f
5548,5548,0,1e2b
5549,5549,0,22b4
5550,5550,0,1e3c
5551,5551,0,2ebd
5552,5552,0,3ebd
5553,5553,0,1eb5
5554,5554,0,2eba
5555,5555,0,1eaa
5556,5556,0,2aa6
5557,5557,0,1e35
5558,5558,0,229a
5559,5559,0,1e46
5560,5560,0,2298
5561,5561,0,1e60
5562,5562,0,2285
5563,5563,0,1e65
5564,5564,0,227f
5565,5565,0,1e67
5566,5566,0,228a
5567,5567,0,1e4f
5568,5568,0,227e
5569,5569,0,1e7b
5570,5570,0,229e
5571,5571,0,1e35
5572,5572,0,2292
5573,5573,0,1e52
5574,5574,0,2290
5575,5575,0,1e50
5576,5576,0,22c6
5577,5577,0,1e1c
5578,5578,0,22a3
5579,5579,0,1e29
5580,5580,0,22ad
5581,5581,0,1e53
5582,5582,0,229f
5583,5583,0,1e50
5584,5584,0,22a2
5585,5585,0,1e4e
5586,5586,0,268f
5587,5587,0,1ecd
5588,5588,0,3e6e
5589,5589,0,2e71
5590,5590,0,3e8a
5591,5591,0,2ecf
5592,5592,0,1e4f
5593,5593,0,2299
5594,5594,0,1e50
5595,5595,0,228c
5596,5596,0,1e4a
5597,5597,0,22b0
5598,5598,0,1e2a
5599,5599,0,22c2
5600,5600,0,1e18
5601,5601,0,22ba
5602,5602,0,1e1a
5603,5603,0,229f
5604,5604,0,1e4d
5605,5605,0,2295
5606,5606,0,1e5b
5607,5607,0,228c
5608,5608,0,1e4d
5609,5609,0,2280
5610,5610,0,1e5c
5611,5611,0,227b
5612,5612,0,1e6d
5613,5613,0,2277
5614,5614,0,1e78
5615,5615,0,226e
5616,5616,0,1e79
5617,5617,0,228f
5618,5618,0,1e43
5619,5619,0,2293
5620,5620,0,1e4c
5621,5621,0,228f
5622,5622,0,1e5f
5623,5623,0,3edf
5624,5624,0,3e9f
5625,5625,0,1e5f
5626,5626,0,2e9d
5627,5627,0,1ebe
5628,5628,0,2a9e
5629,5629,0,1e3a
5630,5630,0,228a
5631,5631,0,1e6c
5632,5632,0,2277
5633,5633,0,1e82
5634,5634,0,2269
5635,5635,0,1e84
5636,5636,0,226b
5637,5637,0,1e9f
5638,5638,0,2280
5639,5639,0,1e6c
5640,5640,0,2278
5641,5641,0,1e75
5642,5642,0,227b
5643,5643,0,1e55
5644,5644,0,2296
5645,5645,0,1e4a
5646,5646,0,22a0
5647,5647,0,1e59
5648,5648,0,2283
5649,5649,0,1e6f
5650,5650,0,228d
5651,5651,0,1e5d
5652,5652,0,2290
5653,5653,0,1e5e
5654,5654,0,2288
5655,5655,0,1e6a
5656,5656,0,2281
5657,5657,0,1e86
5658,5658,0,2e5f
5659,5659,0,3edf
5660,5660,0,3e9f
5661,5661,0,2e6e
5662,5662,0,1e8e
5663,5663,0,227b
5664,5664,0,1e81
5665,5665,0,226e
5666,5666,0,1e86
5667,5667,0,2280
5668,5668,0,1e5b
5669,5669,0,227a
5670,5670,0,1e7f
5671,5671,0,2285
5672,5672,0,1e66
5673,5673,0,22b1
5674,5674,0,1e56
5675,5675,0,2281
5676,5676,0,1e8d
5677,5677,0,2262
5678,5678,0,1e84
5679,5679,0,2265
5680,5680,0,1e8c
5681,5681,0,2265
5682,5682,0,1e9b
5683,5683,0,2252
5684,5684,0,1ea3
5685,5685,0,224e
5686,5686,0,1ea0
5687,5687,0,225e
5688,5688,0,1e9f
5689,5689,0,2274
5690,5690,0,1e76
5691,5691,0,2276
5692,5692,0,1e56
5693,5693,0,229f
5694,5694,0,1edf
5695,5695,0,3ed3
5696,5696,0,2ea4
5697,5697,0,1ec4
5698,5698,0,2e8a
5699,5699,0,1e5b
5700,5700,0,227a
5701,5701,0,1e66
5702,5702,0,2279
5703,5703,0,1e77
5704,5704,0,225b
5705,5705,0,1e91
5706,5706,0,2255
5707,5707,0,1e92
5708,5708,0,2261
5709,5709,0,1ea6
5710,5710,0,224c
5711,5711,0,1e9b
5712,5712,0,2261
5713,5713,0,1e85
5714,5714,0,225f
5715,5715,0,1e9c
5716,5716,0,225c
5717,5717,0,1e7e
5718,5718,0,227c
5719,5719,0,1e59
5720,5720,0,2294
5721,5721,0,1e74
5722,5722,0,2273
5723,5723,0,1e81
5724,5724,0,2266
5725,5725,0,1e80
5726,5726,0,225c
5727,5727,0,1e97
5728,5728,0,2253
5729,5729,0,1ebf
5730,5730,0,3eed
5731,5731,0,3ed3
5732,5732,0,1eb0
5733,5733,0,224f
5734,5734,0,1ebc
5735,5735,0,2257
5736,5736,0,1ea4
5737,5737,0,2257
5738,5738,0,1e8a
5739,5739,0,224e
5740,5740,0,1e97
5741,5741,0,2272
5742,5742,0,1e78
5743,5743,0,2278
5744,5744,0,1e7e
5745,5745,0,2275
5746,5746,0,1e92
5747,5747,0,2266
5748,5748,0,1ea5
5749,5749,0,2264
5750,5750,0,1ea1
5751,5751,0,2265
5752,5752,0,1e94
5753,5753,0,2253
5754,5754,0,1eaa
5755,5755,0,223a
5756,5756,0,1ec1
5757,5757,0,224d
5758,5758,0,1e98
5759,5759,0,225f
5760,5760,0,1ebb
5761,5761,0,2254
5762,5762,0,1e98
5763,5763,0,226e
5764,5764,0,1e82
5765,5765,0,2e71
5766,5766,0,3ef5
5767,5767,0,3ee4
5768,5768,0,2e64
5769,5769,0,1e85
5770,5770,0,2a5b
5771,5771,0,1eab
5772,5772,0,225a
5773,5773,0,1ea0
5774,5774,0,224e
5775,5775,0,1eb6
5776,5776,0,2231
5777,5777,0,1ece
5778,5778,0,2228
5779,5779,0,1ec8
5780,5780,0,223d
5781,5781,0,1ea7
5782,5782,0,2241
5783,5783,0,1eb7
5784,5784,0,2255
5785,5785,0,1eac
5786,5786,0,2256
5787,5787,0,1eb6
5788,5788,0,225a
5789,5789,0,1ea0
5790,5790,0,2262
5791,5791,0,1e94
5792,5792,0,2273
5793,5793,0,1e9a
5794,5794,0,2248
5795,5795,0,1eaf
5796,5796,0,2248
5797,5797,0,1ec8
5798,5798,0,223d
5799,5799,0,1ee1
5800,5800,0,222f
5801,5801,0,1eef
5802,5802,0,3ef4
5803,5803,0,3ef4
5804,5804,0,1ecc
5805,5805,0,2e74
5806,5806,0,1ebd
5807,5807,0,223e
5808,5808,0,1ec2
5809,5809,0,2244
5810,5810,0,1ea5
5811,5811,0,2258
5812,5812,0,1e91
5813,5813,0,2272
5814,5814,0,1e9f
5815,5815,0,226e
5816,5816,0,1e7c
5817,5817,0,2273
5818,5818,0,1e7b
5819,5819,0,226b
5820,5820,0,1ea0
5821,5821,0,2244
5822,5822,0,1eca
5823,5823,0,222d
5824,5824,0,1ece
5825,5825,0,2226
5826,5826,0,1ed9
5827,5827,0,2227
5828,5828,0,1ed0
5829,5829,0,2240
5830,5830,0,1ec4
5831,5831,0,223e
5832,5832,0,1ebc
5833,5833,0,2256
5834,5834,0,1eb7
5835,5835,0,225c
5836,5836,0,1e9a
5837,5837,0,2e5f
5838,5838,0,3edf
5839,5839,0,3e9e
5840,5840,0,3edf
5841,5841,0,1e9f
5842,5842,0,2267
5843,5843,0,1e9e
5844,5844,0,2246
5845,5845,0,1ed4
5846,5846,0,2234
5847,5847,0,1ed2
5848,5848,0,222b
5849,5849,0,1ed1
5850,5850,0,2229
5851,5851,0,1ecb
5852,5852,0,2228
5853,5853,0,1ec5
5854,5854,0,223d
5855,5855,0,1ed1
5856,5856,0,2245
5857,5857,0,1eb3
5858,5858,0,224a
5859,5859,0,1eb1
5860,5860,0,224c
5861,5861,0,1ea8
5862,5862,0,2271
5863,5863,0,1e90
5864,5864,0,2254
5865,5865,0,1eae
5866,5866,0,2246
5867,5867,0,1eb0
5868,5868,0,2233
5869,5869,0,1ec4
5870,5870,0,223a
5871,5871,0,1ebd
5872,5872,0,2239
5873,5873,0,1ef8
5874,5874,0,3edd
5875,5875,0,2e55
5876,5876,0,1eb9
5877,5877,0,2a55
5878,5878,0,1ea1
5879,5879,0,224d
5880,5880,0,1eb0
5881,5881,0,2239
5882,5882,0,1eab
5883,5883,0,2263
5884,5884,0,1ea9
5885,5885,0,2266
5886,5886,0,1e7a
5887,5887,0,227c
5888,5888,0,1e81
5889,5889,0,2269
5890,5890,0,1e92
5891,5891,0,2248
5892,5892,0,1ead
5893,5893,0,223d
5894,5894,0,1ebd
5895,5895,0,2242
5896,5896,0,1eca
5897,5897,0,2235
5898,5898,0,1ed5
5899,5899,0,2234
5900,5900,0,1ebc
5901,5901,0,224a
5902,5902,0,1eca
5903,5903,0,223a
5904,5904,0,1ede
5905,5905,0,2242
5906,5906,0,1ea2
5907,5907,0,224c
5908,5908,0,1ead
5909,5909,0,2ee5
5910,5910,0,3ee5
5911,5911,0,1eb2
5912,5912,0,2e49
5913,5913,0,1eaf
5914,5914,0,2236
5915,5915,0,1ec1
5916,5916,0,223c
5917,5917,0,1ecf
5918,5918,0,2241
5919,5919,0,1ecd
5920,5920,0,2231
5921,5921,0,1ec4
5922,5922,0,2222
5923,5923,0,1eec
5924,5924,0,222a
5925,5925,0,1ed2
5926,5926,0,2232
5927,5927,0,1ecc
5928,5928,0,2244
5929,5929,0,1eb1
5930,5930,0,2259
5931,5931,0,1e98
5932,5932,0,2269
5933,5933,0,1e9c
5934,5934,0,225c
5935,5935,0,1ea2
5936,5936,0,2254
5937,5937,0,1ea0
5938,5938,0,2266
5939,5939,0,1ead
5940,5940,0,223d
5941,5941,0,1ebf
5942,5942,0,2245
5943,5943,0,1ecf
5944,5944,0,2e2f
5945,5945,0,3eef
5946,5946,0,3edd
5947,5947,0,2eb0
5948,5948,0,1ec9
5949,5949,0,222b
5950,5950,0,1ed5
5951,5951,0,223e
5952,5952,0,1ec8
5953,5953,0,2247
5954,5954,0,1eac
5955,5955,0,224a
5956,5956,0,1e9b
5957,5957,0,225d
5958,5958,0,1e9c
5959,5959,0,2265
5960,5960,0,1e97
5961,5961,0,2241
5962,5962,0,1eb5
5963,5963,0,2239
5964,5964,0,1ec8
5965,5965,0,2251
5966,5966,0,1eaa
5967,5967,0,224b
5968,5968,0,1ea9
5969,5969,0,224a
5970,5970,0,1eca
5971,5971,0,224f
5972,5972,0,1eb2
5973,5973,0,2264
5974,5974,0,1e9d
5975,5975,0,225b
5976,5976,0,1ea6
5977,5977,0,2252
5978,5978,0,1ea0
5979,5979,0,2268
5980,5980,0,1ebd
5981,5981,0,3edd
5982,5982,0,3ef7
5983,5983,0,1eb7
5984,5984,0,3ec7
5985,5985,0,1ec1
5986,5986,0,2260
5987,5987,0,1e8f
5988,5988,0,2261
5989,5989,0,1ea3
5990,5990,0,2249
5991,5991,0,1ebb
5992,5992,0,2237
5993,5993,0,1eda
5994,5994,0,2230
5995,5995,0,1ed7
5996,5996,0,2251
5997,5997,0,1eb4
5998,5998,0,2269
5999,5999,0,1ea5
6000,6000,0,225d
6001,6001,0,1eaf
6002,6002,0,2251
6003,6003,0,1e9b
6004,6004,0,2272
6005,6005,0,1e80
6006,6006,0,227a
6007,6007,0,1e74
6008,6008,0,2286
6009,6009,0,1e95
6010,6010,0,225d
6011,6011,0,1eb1
6012,6012,0,2254
6013,6013,0,1ec1
6014,6014,0,2236
6015,6015,0,1eff
6016,6016,0,2ebd
6017,6017,0,3efd
6018,6018,0,1ecc
6019,6019,0,2eee
6020,6020,0,1ec7
6021,6021,0,3ec3
6022,6022,0,1ec3
6023,6023,0,2252
6024,6024,0,1e98
6025,6025,0,2254
6026,6026,0,1e9c
6027,6027,0,2254
6028,6028,0,1e9a
6029,6029,0,227d
6030,6030,0,1e7e
6031,6031,0,2260
6032,6032,0,1e8c
6033,6033,0,225f
6034,6034,0,1e95
6035,6035,0,226f
6036,6036,0,1e99
6037,6037,0,225a
6038,6038,0,1ea6
6039,6039,0,223e
6040,6040,0,1ec4
6041,6041,0,2223
6042,6042,0,1ee5
6043,6043,0,223b
6044,6044,0,1ea3
6045,6045,0,2244
6046,6046,0,1eb6
6047,6047,0,225e
6048,6048,0,1eaa
6049,6049,0,2271
6050,6050,0,1e7c
6051,6051,0,2278
6052,6052,0,1ee8
6053,6053,0,3eee
6054,6054,0,3eee
6055,6055,0,1eea
6056,6056,0,2e48
6057,6057,0,1eb1
6058,6058,0,2257
6059,6059,0,1e9d
6060,6060,0,224e
6061,6061,0,1eb5
6062,6062,0,224c
6063,6063,0,1eb8
6064,6064,0,225d
6065,6065,0,1e9b
6066,6066,0,2260
6067,6067,0,1e9e
6068,6068,0,2261
6069,6069,0,1e98
6070,6070,0,2248
6071,6071,0,1ea7
6072,6072,0,225c
6073,6073,0,1e98
6074,6074,0,2280
6075,6075,0,1e6f
6076,6076,0,2295
6077,6077,0,1e62
6078,6078,0,2272
6079,6079,0,1e95
6080,6080,0,2271
6081,6081,0,1e85
6082,6082,0,2269
6083,6083,0,1e9f
6084,6084,0,225c
6085,6085,0,1ea6
6086,6086,0,223e
6087,6087,0,1ebe
6088,6088,0,2ee5
6089,6089,0,3e65
6090,6090,0,1e9c
6091,6091,0,2e4c
6092,6092,0,1e96
6093,6093,0,226c
6094,6094,0,1e80
6095,6095,0,2275
6096,6096,0,1e72
6097,6097,0,2277
6098,6098,0,1e7c
6099,6099,0,227a
6100,6100,0,1e71
6101,6101,0,227c
6102,6102,0,1e5e
6103,6103,0,2298
6104,6104,0,1e55
6105,6105,0,2289
6106,6106,0,1e7b
6107,6107,0,2272
6108,6108,0,1e7a
6109,6109,0,225a
6110,6110,0,1ea5
6111,6111,0,2253
6112,6112,0,1ebf
6113,6113,0,224d
6114,6114,0,1ea3
6115,6115,0,2251
6116,6116,0,1e9c
6117,6117,0,2261
6118,6118,0,1e84
6119,6119,0,2270
6120,6120,0,1e65
6121,6121,0,2291
6122,6122,0,1e5d
6123,6123,0,268d
6124,6124,0,1e88
6125,6125,0,3eff
6126,6126,0,3e7f
6127,6127,0,3e7e
6128,6128,0,3e6d
6129,6129,0,1e65
6130,6130,0,227e
6131,6131,0,1e7e
6132,6132,0,226d
6133,6133,0,1e94
6134,6134,0,2279
6135,6135,0,1e74
6136,6136,0,225c
6137,6137,0,1ea1
6138,6138,0,2264
6139,6139,0,1e8d
6140,6140,0,2268
6141,6141,0,1e8d
6142,6142,0,2266
6143,6143,0,1e8b
6144,6144,0,226e
6145,6145,0,1e7b
6146,6146,0,229d
6147,6147,0,1e68
6148,6148,0,228c
6149,6149,0,1e6e
6150,6150,0,227a
6151,6151,0,1e79
6152,6152,0,226c
6153,6153,0,1e84
6154,6154,0,226c
6155,6155,0,1e6d
6156,6156,0,2268
6157,6157,0,1ea2
6158,6158,0,224a
6159,6159,0,1ece
6160,6160,0,3ec6
6161,6161,0,3e46
6162,6162,0,1ef5
6163,6163,0,2e75
6164,6164,0,1e8f
6165,6165,0,2272
6166,6166,0,1e7f
6167,6167,0,2287
6168,6168,0,1e6e
6169,6169,0,2292
6170,6170,0,1e74
6171,6171,0,226f
6172,6172,0,1e67
6173,6173,0,22aa
6174,6174,0,1e39
6175,6175,0,22a2
6176,6176,0,1e5a
6177,6177,0,227d
6178,6178,0,1e85
6179,6179,0,2278
6180,6180,0,1e75
6181,6181,0,2264
6182,6182,0,1e83
6183,6183,0,225c
6184,6184,0,1e97
6185,6185,0,224a
6186,6186,0,1e9c
6187,6187,0,2272
6188,6188,0,1e8c
6189,6189,0,2276
6190,6190,0,1e77
6191,6191,0,226c
6192,6192,0,1e62
6193,6193,0,229f
6194,6194,0,1e57
6195,6195,0,2e93
6196,6196,0,3ed4
6197,6197,0,3ed4
6198,6198,0,2e98
6199,6199,0,1e4a
6200,6200,0,228b
6201,6201,0,1e57
6202,6202,0,2294
6203,6203,0,1e61
6204,6204,0,227d
6205,6205,0,1e81
6206,6206,0,226d
6207,6207,0,1e84
6208,6208,0,2274
6209,6209,0,1e9b
6210,6210,0,2270
6211,6211,0,1e96
6212,6212,0,2259
6213,6213,0,1e82
6214,6214,0,226d
6215,6215,0,1e86
6216,6216,0,228c
6217,6217,0,1e61
6218,6218,0,2277
6219,6219,0,1e65
6220,6220,0,229c
6221,6221,0,1e3c
6222,6222,0,22ac
6223,6223,0,1e4a
6224,6224,0,2292
6225,6225,0,1e57
6226,6226,0,2286
6227,6227,0,1e83
6228,6228,0,2262
6229,6229,0,1e8c
6230,6230,0,2675
6231,6231,0,1e77
6232,6232,0,3e7b
6233,6233,0,2e79
6234,6234,0,1ecd
6235,6235,0,226d
6236,6236,0,1e83
6237,6237,0,2292
6238,6238,0,1e5d
6239,6239,0,2280
6240,6240,0,1e6a
6241,6241,0,228f
6242,6242,0,1e4f
6243,6243,0,2293
6244,6244,0,1e55
6245,6245,0,229d
6246,6246,0,1e56
6247,6247,0,22a5
6248,6248,0,1e54
6249,6249,0,2283
6250,6250,0,1e88
6251,6251,0,228c
6252,6252,0,1e74
6253,6253,0,2271
6254,6254,0,1e79
6255,6255,0,2276
6256,6256,0,1e80
6257,6257,0,2276
6258,6258,0,1e75
6259,6259,0,2282
6260,6260,0,1e5b
6261,6261,0,2297
6262,6262,0,1e58
6263,6263,0,2290
6264,6264,0,1e54
6265,6265,0,22a6
6266,6266,0,1e67
6267,6267,0,2ec7
6268,6268,0,3ed7
6269,6269,0,1e53
6270,6270,0,2ead
6271,6271,0,1e3d
6272,6272,0,229a
6273,6273,0,1e48
6274,6274,0,2297
6275,6275,0,1e49
6276,6276,0,2274
6277,6277,0,1e84
6278,6278,0,2268
6279,6279,0,1ea2
6280,6280,0,2258
6281,6281,0,1e8e
6282,6282,0,226c
6283,6283,0,1e87
6284,6284,0,2280
6285,6285,0,1e61
6286,6286,0,2292
6287,6287,0,1e73
6288,6288,0,228a
6289,6289,0,1e34
6290,6290,0,2298
6291,6291,0,1e3f
6292,6292,0,22aa
6293,6293,0,1e38
6294,6294,0,2295
6295,6295,0,1e58
6296,6296,0,2299
6297,6297,0,1e49
6298,6298,0,2298
6299,6299,0,1e6b
6300,6300,0,2269
6301,6301,0,1e7e
6302,6302,0,2676
6303,6303,0,3ee6
6304,6304,0,3ef0
6305,6305,0,2e70
6306,6306,0,1e8a
6307,6307,0,2e8b
6308,6308,0,1e59
6309,6309,0,2292
6310,6310,0,1e5c
6311,6311,0,2296
6312,6312,0,1e64
6313,6313,0,2294
6314,6314,0,1e55
6315,6315,0,229f
6316,6316,0,1e56
6317,6317,0,22a5
6318,6318,0,1e41
6319,6319,0,2298
6320,6320,0,1e55
6321,6321,0,2277
6322,6322,0,1e72
6323,6323,0,226b
6324,6324,0,1e83
6325,6325,0,2276
6326,6326,0,1e98
6327,6327,0,2279
6328,6328,0,1e65
6329,6329,0,2297
6330,6330,0,1e5d
6331,6331,0,228c
6332,6332,0,1e60
6333,6333,0,2283
6334,6334,0,1e61
6335,6335,0,2296
6336,6336,0,1e64
6337,6337,0,22ae
6338,6338,0,1e3e
6339,6339,0,3eb6
6340,6340,0,3ee6
6341,6341,0,1e46
6342,6342,0,2aa7
6343,6343,0,1e4b
6344,6344,0,2293
6345,6345,0,1e50
6346,6346,0,2273
6347,6347,0,1e65
6348,6348,0,2279
6349,6349,0,1e70
6350,6350,0,227b
6351,6351,0,1e7d
6352,6352,0,225c
6353,6353,0,1e82
6354,6354,0,2293
6355,6355,0,1e51
6356,6356,0,229a
6357,6357,0,1e4e
6358,6358,0,2288
6359,6359,0,1e66
6360,6360,0,2287
6361,6361,0,1e6f
6362,6362,0,229a
6363,6363,0,1e3a
6364,6364,0,229a
6365,6365,0,1e23
6366,6366,0,22aa
6367,6367,0,1e35
6368,6368,0,2295
6369,6369,0,1e53
6370,6370,0,2274
6371,6371,0,1e85
6372,6372,0,2271
6373,6373,0,1e76
6374,6374,0,2e7e
6375,6375,0,3e7e
6376,6376,0,3e7e
6377,6377,0,3e7a
6378,6378,0,1e77
6379,6379,0,2e77
6380,6380,0,1e54
6381,6381,0,229b
6382,6382,0,1e40
6383,6383,0,22ac
6384,6384,0,1e35
6385,6385,0,22a1
6386,6386,0,1e4b
6387,6387,0,229a
6388,6388,0,1e3f
6389,6389,0,22af
6390,6390,0,1e3d
6391,6391,0,2291
6392,6392,0,1e38
6393,6393,0,2295
6394,6394,0,1e57
6395,6395,0,2279
6396,6396,0,1e88
6397,6397,0,227a
6398,6398,0,1e64
6399,6399,0,2280
6400,6400,0,1e7d
6401,6401,0,2280
6402,6402,0,1e6f
6403,6403,0,2293
6404,6404,0,1e51
6405,6405,0,2288
6406,6406,0,1e6d
6407,6407,0,228e
6408,6408,0,1e37
6409,6409,0,22b3
6410,6410,0,1ee3
6411,6411,0,3eee
6412,6412,0,2eae
6413,6413,0,1e46
6414,6414,0,2e90
6415,6415,0,1e51
6416,6416,0,2285
6417,6417,0,1e6a
6418,6418,0,2297
6419,6419,0,1e6a
6420,6420,0,227a
6421,6421,0,1e8b
6422,6422,0,2262
6423,6423,0,1e8e
6424,6424,0,2266
6425,6425,0,1e8c
6426,6426,0,227c
6427,6427,0,1e68
6428,6428,0,2293
6429,6429,0,1e38
6430,6430,0,229f
6431,6431,0,1e4a
6432,6432,0,229b
6433,6433,0,1e32
6434,6434,0,2297
6435,6435,0,1e36
6436,6436,0,2283
6437,6437,0,1e56
6438,6438,0,2287
6439,6439,0,1e5e
6440,6440,0,2281
6441,6441,0,1e67
6442,6442,0,2279
6443,6443,0,1e5c
6444,6444,0,2294
6445,6445,0,1e77
6446,6446,0,3e7b
6447,6447,0,3e6a
6448,6448,0,1e98
6449,6449,0,2e54
6450,6450,0,1e9b
6451,6451,0,2a72
6452,6452,0,1e67
6453,6453,0,2290
6454,6454,0,1e66
6455,6455,0,229a
6456,6456,0,1e41
6457,6457,0,229c
6458,6458,0,1e4b
6459,6459,0,229c
6460,6460,0,1e57
6461,6461,0,2280
6462,6462,0,1e55
6463,6463,0,2288
6464,6464,0,1e5e
6465,6465,0,228b
6466,6466,0,1e89
6467,6467,0,2273
6468,6468,0,1e6b
6469,6469,0,2281
6470,6470,0,1e6c
6471,6471,0,2288
6472,6472,0,1e85
6473,6473,0,2277
6474,6474,0,1e6a
6475,6475,0,2280
6476,6476,0,1e71
6477,6477,0,228f
6478,6478,0,1e52
6479,6479,0,22a2
6480,6480,0,1e53
6481,6481,0,2e9b
6482,6482,0,3edf
6483,6483,0,3e4d
6484,6484,0,2e93
6485,6485,0,1e7a
6486,6486,0,227a
6487,6487,0,1e8d
6488,6488,0,227a
6489,6489,0,1e62
6490,6490,0,2276
6491,6491,0,1e7a
6492,6492,0,2264
6493,6493,0,1e74
6494,6494,0,226f
6495,6495,0,1e76
6496,6496,0,2267
6497,6497,0,1e88
6498,6498,0,2271
6499,6499,0,1e75
6500,6500,0,2288
6501,6501,0,1e60
6502,6502,0,2285
6503,6503,0,1e79
6504,6504,0,2287
6505,6505,0,1e57
6506,6506,0,228e
6507,6507,0,1e5d
6508,6508,0,2295
6509,6509,0,1e61
6510,6510,0,2270
6511,6511,0,1e83
6512,6512,0,226e
6513,6513,0,1ea4
6514,6514,0,225d
6515,6515,0,1e8f
6516,6516,0,226e
6517,6517,0,1eaf
6518,6518,0,3eef
6519,6519,0,3eed
6520,6520,0,1e8c
6521,6521,0,2269
6522,6522,0,1e82
6523,6523,0,2290
6524,6524,0,1e4d
6525,6525,0,2296
6526,6526,0,1e56
6527,6527,0,228b
6528,6528,0,1e53
6529,6529,0,22a5
6530,6530,0,1e34
6531,6531,0,2291
6532,6532,0,1e46
6533,6533,0,2298
6534,6534,0,1e48
6535,6535,0,227e
6536,6536,0,1e75
6537,6537,0,228c
6538,6538,0,1e72
6539,6539,0,2267
6540,6540,0,1e81
6541,6541,0,226c
6542,6542,0,1ea2
6543,6543,0,2251
6544,6544,0,1e85
6545,6545,0,2272
6546,6546,0,1e7f
6547,6547,0,227a
6548,6548,0,1e6b
6549,6549,0,2294
6550,6550,0,1e3f
6551,6551,0,2296
6552,6552,0,1e5a
6553,6553,0,2eee
6554,6554,0,3ee6
6555,6555,0,1e46
6556,6556,0,2e9f
6557,6557,0,1e5e
6558,6558,0,2e7f
6559,6559,0,3e67
6560,6560,0,2277
6561,6561,0,1e76
6562,6562,0,2279
6563,6563,0,1e7c
6564,6564,0,227c
6565,6565,0,1e65
6566,6566,0,2263
6567,6567,0,1e9e
6568,6568,0,2260
6569,6569,0,1e92
6570,6570,0,227b
6571,6571,0,1e62
6572,6572,0,22a4
6573,6573,0,1e45
6574,6574,0,2299
6575,6575,0,1e50
6576,6576,0,229c
6577,6577,0,1e56
6578,6578,0,227e
6579,6579,0,1e6c
6580,6580,0,228e
6581,6581,0,1e72
6582,6582,0,2273
6583,6583,0,1e8e
6584,6584,0,226e
6585,6585,0,1e85
6586,6586,0,2258
6587,6587,0,1e97
6588,6588,0,2657
6589,6589,0,1ef4
6590,6590,0,3efa
6591,6591,0,2e6a
6592,6592,0,1ed7
6593,6593,0,2277
6594,6594,0,1e8c
6595,6595,0,2273
6596,6596,0,1e7d
6597,6597,0,2280
6598,6598,0,1e61
6599,6599,0,229a
6600,6600,0,1e53
6601,6601,0,2286
6602,6602,0,1e65
6603,6603,0,227f
6604,6604,0,1e6f
6605,6605,0,2280
6606,6606,0,1e7c
6607,6607,0,2258
6608,6608,0,1e9a
6609,6609,0,2262
6610,6610,0,1e92
6611,6611,0,2257
6612,6612,0,1eb3
6613,6613,0,2254
6614,6614,0,1e94
6615,6615,0,2259
6616,6616,0,1e9b
6617,6617,0,2279
6618,6618,0,1e89
6619,6619,0,227c
6620,6620,0,1e76
6621,6621,0,2274
6622,6622,0,1e70
6623,6623,0,2276
6624,6624,0,1e7f
6625,6625,0,3eed
6626,6626,0,3e9d
6627,6627,0,1e7f
6628,6628,0,3e7b
6629,6629,0,1e68
6630,6630,0,2272
6631,6631,0,1e97
6632,6632,0,2257
6633,6633,0,1eac
6634,6634,0,2263
6635,6635,0,1e8c
6636,6636,0,224a
6637,6637,0,1eba
6638,6638,0,225c
6639,6639,0,1e93
6640,6640,0,2263
6641,6641,0,1e8b
6642,6642,0,226b
6643,6643,0,1e76
6644,6644,0,227c
6645,6645,0,1e6f
6646,6646,0,2288
6647,6647,0,1e5a
6648,6648,0,2270
6649,6649,0,1e6b
6650,6650,0,2286
6651,6651,0,1e6a
6652,6652,0,2279
6653,6653,0,1e86
6654,6654,0,2278
6655,6655,0,1e87
6656,6656,0,226b
6657,6657,0,1e99
6658,6658,0,224a
6659,6659,0,1ebe
6660,6660,0,2e7e
6661,6661,0,3eee
6662,6662,0,1eae
6663,6663,0,2e6d
6664,6664,0,1e8f
6665,6665,0,2e77
6666,6666,0,1e63
6667,6667,0,2276
6668,6668,0,1e86
6669,6669,0,2278
6670,6670,0,1e7a
6671,6671,0,2272
6672,6672,0,1e66
6673,6673,0,228c
6674,6674,0,1e5b
6675,6675,0,227b
6676,6676,0,1ea2
6677,6677,0,225e
6678,6678,0,1e9a
6679,6679,0,225c
6680,6680,0,1ea5
6681,6681,0,2266
6682,6682,0,1ea8
6683,6683,0,2248
6684,6684,0,1eaa
6685,6685,0,223a
6686,6686,0,1eb4
6687,6687,0,2245
6688,6688,0,1eb3
6689,6689,0,2274
6690,6690,0,1e91
6691,6691,0,2268
6692,6692,0,1e7b
6693,6693,0,2280
6694,6694,0,1e62
6695,6695,0,22aa
6696,6696,0,1efb
6697,6697,0,3e7f
6698,6698,0,3e77
6699,6699,0,1e67
6700,6700,0,2e7a
6701,6701,0,1e67
6702,6702,0,227d
6703,6703,0,1e92
6704,6704,0,2264
6705,6705,0,1e9a
6706,6706,0,2254
6707,6707,0,1ead
6708,6708,0,224a
6709,6709,0,1eb5
6710,6710,0,224d
6711,6711,0,1e95
6712,6712,0,224e
6713,6713,0,1ea2
6714,6714,0,2271
6715,6715,0,1e88
6716,6716,0,2282
6717,6717,0,1e7f
6718,6718,0,227f
6719,6719,0,1e6e
6720,6720,0,227e
6721,6721,0,1e75
6722,6722,0,2288
6723,6723,0,1e75
6724,6724,0,225c
6725,6725,0,1e7c
6726,6726,0,227a
6727,6727,0,1e8f
6728,6728,0,2243
6729,6729,0,1ecb
6730,6730,0,223a
6731,6731,0,1ef2
6732,6732,0,2ef6
6733,6733,0,3ef6
6734,6734,0,1ef2
6735,6735,0,2ef2
6736,6736,0,1ec0
6737,6737,0,2273
6738,6738,0,1e8a
6739,6739,0,2263
6740,6740,0,1e99
6741,6741,0,225e
6742,6742,0,1e97
6743,6743,0,227d
6744,6744,0,1e72
6745,6745,0,226c
6746,6746,0,1ea5
6747,6747,0,2260
6748,6748,0,1eab
6749,6749,0,224a
6750,6750,0,1ec4
6751,6751,0,2247
6752,6752,0,1ea8
6753,6753,0,2247
6754,6754,0,1eb7
6755,6755,0,223c
6756,6756,0,1ecd
6757,6757,0,223c
6758,6758,0,1eba
6759,6759,0,2242
6760,6760,0,1eb8
6761,6761,0,2235
6762,6762,0,1ebe
6763,6763,0,224f
6764,6764,0,1eae
6765,6765,0,2268
6766,6766,0,1e7f
6767,6767,0,267f
6768,6768,0,3eea
6769,6769,0,3ede
6770,6770,0,2e5e
6771,6771,0,1e88
6772,6772,0,2ee5
6773,6773,0,1ea5
6774,6774,0,2240
6775,6775,0,1ecf
6776,6776,0,223a
6777,6777,0,1ec5
6778,6778,0,2239
6779,6779,0,1ed7
6780,6780,0,221e
6781,6781,0,1ec2
6782,6782,0,2222
6783,6783,0,1ed3
6784,6784,0,223e
6785,6785,0,1eb8
6786,6786,0,2244
6787,6787,0,1eb2
6788,6788,0,223f
6789,6789,0,1eb3
6790,6790,0,2260
6791,6791,0,1e9e
6792,6792,0,2261
6793,6793,0,1e95
6794,6794,0,2258
6795,6795,0,1e95
6796,6796,0,2256
6797,6797,0,1eac
6798,6798,0,2249
6799,6799,0,1ee4
6800,6800,0,2232
6801,6801,0,1ec2
6802,6802,0,2235
6803,6803,0,1efd
6804,6804,0,3efb
6805,6805,0,3efa
6806,6806,0,3ed3
6807,6807,0,3ecb
6808,6808,0,1eca
6809,6809,0,2232
6810,6810,0,1ec2
6811,6811,0,2255
6812,6812,0,1ea3
6813,6813,0,2268
6814,6814,0,1ea5
6815,6815,0,224f
6816,6816,0,1eb5
6817,6817,0,224e
6818,6818,0,1ebf
6819,6819,0,2242
6820,6820,0,1ec7
6821,6821,0,2234
6822,6822,0,1ebc
6823,6823,0,2223
6824,6824,0,1ecf
6825,6825,0,222c
6826,6826,0,1eef
6827,6827,0,2226
6828,6828,0,1ee7
6829,6829,0,222d
6830,6830,0,1ed1
6831,6831,0,2247
6832,6832,0,1ec9
6833,6833,0,2243
6834,6834,0,1ed6
6835,6835,0,2244
6836,6836,0,1ebc
6837,6837,0,223a
6838,6838,0,1ebe
6839,6839,0,263e
6840,6840,0,3efa
6841,6841,0,1ecd
6842,6842,0,2eef
6843,6843,0,1eef
6844,6844,0,2221
6845,6845,0,1ece
6846,6846,0,222c
6847,6847,0,1ef5
6848,6848,0,2229
6849,6849,0,1ef9
6850,6850,0,221f
6851,6851,0,1ef4
6852,6852,0,2211
6853,6853,0,1f00
6854,6854,0,2221
6855,6855,0,1ed7
6856,6856,0,2235
6857,6857,0,1edf
6858,6858,0,2229
6859,6859,0,1ec1
6860,6860,0,2250
6861,6861,0,1ea0
6862,6862,0,224e
6863,6863,0,1eb0
6864,6864,0,223b
6865,6865,0,1eb8
6866,6866,0,224a
6867,6867,0,1eb6
6868,6868,0,222e
6869,6869,0,1edd
6870,6870,0,222a
6871,6871,0,1ed9
6872,6872,0,220c
6873,6873,0,1ef5
6874,6874,0,2231
6875,6875,0,1eed
6876,6876,0,3eff
6877,6877,0,3edf
6878,6878,0,1ed5
6879,6879,0,222f
6880,6880,0,1ecc
6881,6881,0,2241
6882,6882,0,1ecf
6883,6883,0,2253
6884,6884,0,1eb5
6885,6885,0,224e
6886,6886,0,1ec0
6887,6887,0,224e
6888,6888,0,1ea4
6889,6889,0,225c
6890,6890,0,1eaf
6891,6891,0,2238
6892,6892,0,1ece
6893,6893,0,2234
6894,6894,0,1ec9
6895,6895,0,2232
6896,6896,0,1ee0
6897,6897,0,222b
6898,6898,0,1edd
6899,6899,0,2228
6900,6900,0,1ee7
6901,6901,0,2238
6902,6902,0,1ebe
6903,6903,0,224b
6904,6904,0,1eb2
6905,6905,0,2252
6906,6906,0,1ec1
6907,6907,0,2248
6908,6908,0,1eb5
6909,6909,0,227a
6910,6910,0,1eaa
6911,6911,0,2eea
6912,6912,0,3ecf
6913,6913,0,1ec7
6914,6914,0,2232
6915,6915,0,1ecd
6916,6916,0,2a49
6917,6917,0,1ec7
6918,6918,0,2238
6919,6919,0,1ee4
6920,6920,0,2216
6921,6921,0,1ef2
6922,6922,0,220c
6923,6923,0,1ef1
6924,6924,0,222e
6925,6925,0,1ee4
6926,6926,0,2221
6927,6927,0,1ee1
6928,6928,0,223c
6929,6929,0,1ed2
6930,6930,0,2258
6931,6931,0,1ebb
6932,6932,0,2252
6933,6933,0,1eba
6934,6934,0,2231
6935,6935,0,1ecf
6936,6936,0,2234
6937,6937,0,1ec5
6938,6938,0,2234
6939,6939,0,1ed5
6940,6940,0,2222
6941,6941,0,1ef3
6942,6942,0,220c
6943,6943,0,1ef6
6944,6944,0,2213
6945,6945,0,1ef1
6946,6946,0,2633
6947,6947,0,3ee3
6948,6948,0,3ec7
6949,6949,0,2ee7
6950,6950,0,1eea
6951,6951,0,2223
6952,6952,0,1ede
6953,6953,0,223a
6954,6954,0,1ec4
6955,6955,0,2233
6956,6956,0,1ec6
6957,6957,0,2248
6958,6958,0,1ec5
6959,6959,0,2260
6960,6960,0,1e9b
6961,6961,0,223d
6962,6962,0,1eaa
6963,6963,0,2249
6964,6964,0,1ec7
6965,6965,0,222a
6966,6966,0,1ef2
6967,6967,0,2216
6968,6968,0,1ede
6969,6969,0,221c
6970,6970,0,1f0c
6971,6971,0,2213
6972,6972,0,1f04
6973,6973,0,2220
6974,6974,0,1ed1
6975,6975,0,221f
6976,6976,0,1ee2
6977,6977,0,222f
6978,6978,0,1ed3
6979,6979,0,2248
6980,6980,0,1eaf
6981,6981,0,2273
6982,6982,0,1ebc
6983,6983,0,3ebf
6984,6984,0,3efb
6985,6985,0,1ec1
6986,6986,0,2234
6987,6987,0,1eda
6988,6988,0,2233
6989,6989,0,1ec1
6990,6990,0,2234
6991,6991,0,1ed7
6992,6992,0,221b
6993,6993,0,1ef5
6994,6994,0,2228
6995,6995,0,1ed1
6996,6996,0,223e
6997,6997,0,1ec5
6998,6998,0,2231
6999,6999,0,1ee6
7000,7000,0,223b
7001,7001,0,1ecb
7002,7002,0,2238
7003,7003,0,1ed8
7004,7004,0,2238
7005,7005,0,1eca
7006,7006,0,2242
7007,7007,0,1eb5
7008,7008,0,2241
7009,7009,0,1eba
7010,7010,0,222a
7011,7011,0,1ee0
7012,7012,0,222b
7013,7013,0,1ee1
7014,7014,0,222a
7015,7015,0,1eed
7016,7016,0,221a
7017,7017,0,1ef7
7018,7018,0,2eef
7019,7019,0,3edb
7020,7020,0,3ee2
7021,7021,0,2eea
7022,7022,0,1ee9
7023,7023,0,2237
7024,7024,0,1ec6
7025,7025,0,2234
7026,7026,0,1eb8
7027,7027,0,2229
7028,7028,0,1ec4
7029,7029,0,2251
7030,7030,0,1eb0
7031,7031,0,225c
7032,7032,0,1e9c
7033,7033,0,224a
7034,7034,0,1ed6
7035,7035,0,2231
7036,7036,0,1ede
7037,7037,0,2218
7038,7038,0,1ee6
7039,7039,0,21fd
7040,7040,0,1f05
7041,7041,0,2215
7042,7042,0,1ef5
7043,7043,0,2231
7044,7044,0,1ee4
7045,7045,0,2222
7046,7046,0,1ee6
7047,7047,0,2232
7048,7048,0,1ec3
7049,7049,0,225b
7050,7050,0,1eb5
7051,7051,0,2252
7052,7052,0,1e97
7053,7053,0,2256
7054,7054,0,1ed6
7055,7055,0,3eca
7056,7056,0,3ec9
7057,7057,0,1ec1
7058,7058,0,2ebd
7059,7059,0,1ebd
7060,7060,0,223c
7061,7061,0,1edc
7062,7062,0,2226
7063,7063,0,1ee8
7064,7064,0,2211
7065,7065,0,1eee
7066,7066,0,2234
7067,7067,0,1ee6
7068,7068,0,2218
7069,7069,0,1edf
7070,7070,0,2244
7071,7071,0,1ec4
7072,7072,0,222c
7073,7073,0,1ed5
7074,7074,0,222b
7075,7075,0,1eca
7076,7076,0,2256
7077,7077,0,1eb4
7078,7078,0,223f
7079,7079,0,1ed2
7080,7080,0,2241
7081,7081,0,1eca
7082,7082,0,2240
7083,7083,0,1eda
7084,7084,0,222d
7085,7085,0,1ee8
7086,7086,0,220e
7087,7087,0,1eef
7088,7088,0,220a
7089,7089,0,1efe
7090,7090,0,2efe
7091,7091,0,3ef3
7092,7092,0,1ed3
7093,7093,0,3ee6
7094,7094,0,1ee4
7095,7095,0,3eb2
7096,7096,0,1eb2
7097,7097,0,224c
7098,7098,0,1ebe
7099,7099,0,2250
7100,7100,0,1ec1
7101,7101,0,223d
7102,7102,0,1ec3
7103,7103,0,225c
7104,7104,0,1ec1
7105,7105,0,2243
7106,7106,0,1edd
7107,7107,0,2226
7108,7108,0,1ed4
7109,7109,0,220c
7110,7110,0,1efd
7111,7111,0,2210
7112,7112,0,1eff
7113,7113,0,220f
7114,7114,0,1ede
7115,7115,0,220a
7116,7116,0,1efa
7117,7117,0,220f
7118,7118,0,1ee7
7119,7119,0,2238
7120,7120,0,1ec7
7121,7121,0,2236
7122,7122,0,1ec4
7123,7123,0,223e
7124,7124,0,1ef3
7125,7125,0,2647
7126,7126,0,3edf
7127,7127,0,3edd
7128,7128,0,2edd
7129,7129,0,1ed8
7130,7130,0,2ee0
7131,7131,0,1ef9
7132,7132,0,21f6
7133,7133,0,1efb
7134,7134,0,222a
7135,7135,0,1ed3
7136,7136,0,220a
7137,7137,0,1f27
7138,7138,0,2202
7139,7139,0,1ef7
7140,7140,0,2211
7141,7141,0,1ed4
7142,7142,0,2238
7143,7143,0,1ec3
7144,7144,0,2244
7145,7145,0,1ec4
7146,7146,0,2245
7147,7147,0,1ec6
7148,7148,0,222e
7149,7149,0,1eda
7150,7150,0,2246
7151,7151,0,1ed1
7152,7152,0,2238
7153,7153,0,1ef6
7154,7154,0,2216
7155,7155,0,1eec
7156,7156,0,220a
7157,7157,0,1ef7
7158,7158,0,220e
7159,7159,0,1ef7
7160,7160,0,2236
7161,7161,0,1eec
7162,7162,0,3eec
7163,7163,0,3f13
7164,7164,0,1f0c
7165,7165,0,2e4c
7166,7166,0,1ef7
7167,7167,0,223b
7168,7168,0,1edb
7169,7169,0,2237
7170,7170,0,1ec3
7171,7171,0,2249
7172,7172,0,1ea2
7173,7173,0,2264
7174,7174,0,1ebf
7175,7175,0,2247
7176,7176,0,1ecd
7177,7177,0,222d
7178,7178,0,1ee4
7179,7179,0,221c
7180,7180,0,1f01
7181,7181,0,2215
7182,7182,0,1eed
7183,7183,0,220f
7184,7184,0,1ee0
7185,7185,0,2212
7186,7186,0,1efd
7187,7187,0,220b
7188,7188,0,1ef5
7189,7189,0,2224
7190,7190,0,1ed8
7191,7191,0,223f
7192,7192,0,1ecf
7193,7193,0,224e
7194,7194,0,1ec6
7195,7195,0,223d
7196,7196,0,1efd
7197,7197,0,2edc
7198,7198,0,3edc
7199,7199,0,1edc
7200,7200,0,2eec
7201,7201,0,1ef9
7202,7202,0,225b
7203,7203,0,1ee9
7204,7204,0,2218
7205,7205,0,1ed7
7206,7206,0,2218
7207,7207,0,1f0a
7208,7208,0,2204
7209,7209,0,1f00
7210,7210,0,221b
7211,7211,0,1ef2
7212,7212,0,21fd
7213,7213,0,1ef7
7214,7214,0,2211
7215,7215,0,1ee9
7216,7216,0,2249
7217,7217,0,1edf
7218,7218,0,222b
7219,7219,0,1ec1
7220,7220,0,2244
7221,7221,0,1ed9
7222,7222,0,2238
7223,7223,0,1ec8
7224,7224,0,2219
7225,7225,0,1ef2
7226,7226,0,221a
7227,7227,0,1efa
7228,7228,0,220d
7229,7229,0,1f15
7230,7230,0,21fb
7231,7231,0,1f13
7232,7232,0,260b
7233,7233,0,1efd
7234,7234,0,3efd
7235,7235,0,2f07
7236,7236,0,1f09
7237,7237,0,2ee3
7238,7238,0,1ee0
7239,7239,0,222b
7240,7240,0,1ecd
7241,7241,0,2233
7242,7242,0,1ed4
7243,7243,0,224c
7244,7244,0,1edf
7245,7245,0,220c
7246,7246,0,1ef7
7247,7247,0,2202
7248,7248,0,1f00
7249,7249,0,2222
7250,7250,0,1ee8
7251,7251,0,2219
7252,7252,0,1ef0
7253,7253,0,220d
7254,7254,0,1f08
7255,7255,0,21ed
7256,7256,0,1f28
7257,7257,0,2203
7258,7258,0,1f07
7259,7259,0,2220
7260,7260,0,1eea
7261,7261,0,220a
7262,7262,0,1eef
7263,7263,0,2235
7264,7264,0,1eda
7265,7265,0,2240
7266,7266,0,1ece
7267,7267,0,2219
7268,7268,0,1edd
7269,7269,0,2edf
7270,7270,0,3edf
7271,7271,0,1ee9
7272,7272,0,2efc
7273,7273,0,1ef4
7274,7274,0,2206
7275,7275,0,1ef5
7276,7276,0,2218
7277,7277,0,1f0f
7278,7278,0,2215
7279,7279,0,1eef
7280,7280,0,2211
7281,7281,0,1eff
7282,7282,0,21f6
7283,7283,0,1f17
7284,7284,0,21ff
7285,7285,0,1ef8
7286,7286,0,221c
7287,7287,0,1ef3
7288,7288,0,223a
7289,7289,0,1ed1
7290,7290,0,2239
7291,7291,0,1ed4
7292,7292,0,2238
7293,7293,0,1ed6
7294,7294,0,2223
7295,7295,0,1ee4
7296,7296,0,2229
7297,7297,0,1edc
7298,7298,0,2236
7299,7299,0,1ee3
7300,7300,0,21ff
7301,7301,0,1f11
7302,7302,0,2203
7303,7303,0,1f05
7304,7304,0,2617
7305,7305,0,1f17
7306,7306,0,3f12
7307,7307,0,3ef2
7308,7308,0,1ef2
7309,7309,0,2edb
7310,7310,0,1ed7
7311,7311,0,223f
7312,7312,0,1eab
7313,7313,0,2254
7314,7314,0,1ec3
7315,7315,0,2234
7316,7316,0,1ed7
7317,7317,0,2239
7318,7318,0,1ecb
7319,7319,0,2237
7320,7320,0,1edd
7321,7321,0,222e
7322,7322,0,1ed9
7323,7323,0,2214
7324,7324,0,1f03
7325,7325,0,220b
7326,7326,0,1f0d
7327,7327,0,2209
7328,7328,0,1f07
7329,7329,0,2204
7330,7330,0,1ef1
7331,7331,0,2217
7332,7332,0,1eda
7333,7333,0,2218
7334,7334,0,1f07
7335,7335,0,2228
7336,7336,0,1ee6
7337,7337,0,221f
7338,7338,0,1ef0
7339,7339,0,223e
7340,7340,0,1eef
7341,7341,0,3ee5
7342,7342,0,3f25
7343,7343,0,1f05
7344,7344,0,2206
7345,7345,0,1ef1
7346,7346,0,2206
7347,7347,0,1f1e
7348,7348,0,21f6
7349,7349,0,1f1a
7350,7350,0,2201
7351,7351,0,1f00
7352,7352,0,21ee
7353,7353,0,1f02
7354,7354,0,220e
7355,7355,0,1f05
7356,7356,0,2207
7357,7357,0,1ef5
7358,7358,0,2208
7359,7359,0,1ef8
7360,7360,0,2226
7361,7361,0,1eeb
7362,7362,0,222b
7363,7363,0,1ee6
7364,7364,0,2217
7365,7365,0,1eec
7366,7366,0,221c
7367,7367,0,1edc
7368,7368,0,221b
7369,7369,0,1f0c
7370,7370,0,21f9
7371,7371,0,1f0e
7372,7372,0,2209
7373,7373,0,1efa
7374,7374,0,21ff
7375,7375,0,1f37
7376,7376,0,2ffa
7377,7377,0,3fea
7378,7378,0,1f0f
7379,7379,0,2ef3
7380,7380,0,1ef6
7381,7381,0,2214
7382,7382,0,1ee8
7383,7383,0,2218
7384,7384,0,1ef2
7385,7385,0,2220
7386,7386,0,1ef5
7387,7387,0,2236
7388,7388,0,1ecb
7389,7389,0,2224
7390,7390,0,1ee3
7391,7391,0,2222
7392,7392,0,1eda
7393,7393,0,2216
7394,7394,0,1f09
7395,7395,0,21fc
7396,7396,0,1f26
7397,7397,0,21ee
7398,7398,0,1f13
7399,7399,0,21fe
7400,7400,0,1f0a
7401,7401,0,2208
7402,7402,0,1f1a
7403,7403,0,2201
7404,7404,0,1f05
7405,7405,0,2204
7406,7406,0,1ef0
7407,7407,0,221c
7408,7408,0,1ee1
7409,7409,0,222f
7410,7410,0,1ef1
7411,7411,0,2e3f
7412,7412,0,3edf
7413,7413,0,3efb
7414,7414,0,2ed8
7415,7415,0,1ef9
7416,7416,0,2eff
7417,7417,0,1efb
7418,7418,0,2210
7419,7419,0,1f15
7420,7420,0,21e7
7421,7421,0,1f29
7422,7422,0,21f6
7423,7423,0,1f15
7424,7424,0,2207
7425,7425,0,1f10
7426,7426,0,220c
7427,7427,0,1ef6
7428,7428,0,21fd
7429,7429,0,1efc
7430,7430,0,2224
7431,7431,0,1ef8
7432,7432,0,2225
7433,7433,0,1ed4
7434,7434,0,222e
7435,7435,0,1ee5
7436,7436,0,2214
7437,7437,0,1ef4
7438,7438,0,2218
7439,7439,0,1f03
7440,7440,0,2204
7441,7441,0,1f01
7442,7442,0,21f7
7443,7443,0,1f03
7444,7444,0,21ff
7445,7445,0,1f0c
7446,7446,0,21ec
7447,7447,0,1f3c
7448,7448,0,3fd4
7449,7449,0,3ff3
7450,7450,0,1f10
7451,7451,0,21e9
7452,7452,0,1f11
7453,7453,0,2207
7454,7454,0,1eee
7455,7455,0,222c
7456,7456,0,1ec9
7457,7457,0,2229
7458,7458,0,1ecf
7459,7459,0,223c
7460,7460,0,1ed3
7461,7461,0,222c
7462,7462,0,1ed1
7463,7463,0,2217
7464,7464,0,1eff
7465,7465,0,2209
7466,7466,0,1f02
7467,7467,0,2204
7468,7468,0,1efc
7469,7469,0,2203
7470,7470,0,1efb
7471,7471,0,2202
7472,7472,0,1f00
7473,7473,0,2201
7474,7474,0,1eea
7475,7475,0,2216
7476,7476,0,1edc
7477,7477,0,2231
7478,7478,0,1ee1
7479,7479,0,2232
7480,7480,0,1ee3
7481,7481,0,2223
7482,7482,0,1ed7
7483,7483,0,2e1d
7484,7484,0,3f1d
7485,7485,0,3f25
7486,7486,0,2f27
7487,7487,0,1f1b
7488,7488,0,2adb
7489,7489,0,1ef6
7490,7490,0,21f4
7491,7491,0,1f09
7492,7492,0,2200
7493,7493,0,1f11
7494,7494,0,220a
7495,7495,0,1ef9
7496,7496,0,2208
7497,7497,0,1ef7
7498,7498,0,220d
7499,7499,0,1f05
7500,7500,0,221e
7501,7501,0,1ef0
7502,7502,0,2224
7503,7503,0,1efd
7504,7504,0,2223
7505,7505,0,1ee6
7506,7506,0,2220
7507,7507,0,1ef4
7508,7508,0,221f
7509,7509,0,1ee6
7510,7510,0,2222
7511,7511,0,1ee9
7512,7512,0,2221
7513,7513,0,1ef9
7514,7514,0,2221
7515,7515,0,1ed8
7516,7516,0,2215
7517,7517,0,1eff
7518,7518,0,21fe
7519,7519,0,1fff
7520,7520,0,3ffb
7521,7521,0,3fff
7522,7522,0,1ef5
7523,7523,0,2ee7
7524,7524,0,1ee4
7525,7525,0,223b
7526,7526,0,1ed6
7527,7527,0,221b
7528,7528,0,1ee1
7529,7529,0,2230
7530,7530,0,1ed7
7531,7531,0,2218
7532,7532,0,1eb8
7533,7533,0,2236
7534,7534,0,1ed3
7535,7535,0,2226
7536,7536,0,1eeb
7537,7537,0,220a
7538,7538,0,1ef6
7539,7539,0,2207
7540,7540,0,1f00
7541,7541,0,220b
7542,7542,0,1f13
7543,7543,0,2215
7544,7544,0,1eee
7545,7545,0,21f5
7546,7546,0,1efd
7547,7547,0,2212
7548,7548,0,1ef4
7549,7549,0,2213
7550,7550,0,1ef6
7551,7551,0,222b
7552,7552,0,1ec5
7553,7553,0,2236
7554,7554,0,1eff
7555,7555,0,2eed
7556,7556,0,3ee5
7557,7557,0,1efa
7558,7558,0,2ed8
7559,7559,0,1ef7
7560,7560,0,2217
7561,7561,0,1ee9
7562,7562,0,221f
7563,7563,0,1efd
7564,7564,0,2208
7565,7565,0,1ef3
7566,7566,0,2216
7567,7567,0,1ef8
7568,7568,0,221b
7569,7569,0,1ef1
7570,7570,0,2222
7571,7571,0,1ef7
7572,7572,0,220f
7573,7573,0,1ee8
7574,7574,0,2233
7575,7575,0,1ec8
7576,7576,0,2243
7577,7577,0,1ed9
7578,7578,0,2243
7579,7579,0,1ed3
7580,7580,0,2222
7581,7581,0,1ed5
7582,7582,0,222f
7583,7583,0,1edc
7584,7584,0,2238
7585,7585,0,1edb
7586,7586,0,2210
7587,7587,0,1ef5
7588,7588,0,21fc
7589,7589,0,1f15
7590,7590,0,261d
7591,7591,0,1efc
7592,7592,0,3efa
7593,7593,0,2efa
7594,7594,0,1ee3
7595,7595,0,2216
7596,7596,0,1ed9
7597,7597,0,2242
7598,7598,0,1ed7
7599,7599,0,2242
7600,7600,0,1ec3
7601,7601,0,223f
7602,7602,0,1ebb
7603,7603,0,2232
7604,7604,0,1ef1
7605,7605,0,221a
7606,7606,0,1ee5
7607,7607,0,222c
7608,7608,0,1eed
7609,7609,0,220e
7610,7610,0,1efb
7611,7611,0,2227
7612,7612,0,1efc
7613,7613,0,2217
7614,7614,0,1ef6
7615,7615,0,21ed
7616,7616,0,1f29
7617,7617,0,21f9
7618,7618,0,1f01
7619,7619,0,2222
7620,7620,0,1ee2
7621,7621,0,2226
7622,7622,0,1ec5
7623,7623,0,222d
7624,7624,0,1ed1
7625,7625,0,223f
7626,7626,0,1ebf
7627,7627,0,3efb
7628,7628,0,2249
7629,7629,0,1ebe
7630,7630,0,221f
7631,7631,0,1ee2
7632,7632,0,2219
7633,7633,0,1ee9
7634,7634,0,221e
7635,7635,0,1ef4
7636,7636,0,2211
7637,7637,0,1efd
7638,7638,0,221d
7639,7639,0,1f04
7640,7640,0,2210
7641,7641,0,1efe
7642,7642,0,220c
7643,7643,0,1ee4
7644,7644,0,2242
7645,7645,0,1ecd
7646,7646,0,2256
7647,7647,0,1ebf
7648,7648,0,2224
7649,7649,0,1ed0
7650,7650,0,223b
7651,7651,0,1ec9
7652,7652,0,223f
7653,7653,0,1ece
7654,7654,0,222d
7655,7655,0,1ed1
7656,7656,0,2215
7657,7657,0,1ef6
7658,7658,0,2213
7659,7659,0,1f06
7660,7660,0,221e
7661,7661,0,1ef3
7662,7662,0,2ebb
7663,7663,0,3eda
7664,7664,0,3ef7
7665,7665,0,229d
7666,7666,0,1ee3
7667,7667,0,2af6
7668,7668,0,1ec6
7669,7669,0,2236
7670,7670,0,1ec5
7671,7671,0,2239
7672,7672,0,1ec6
7673,7673,0,223d
7674,7674,0,1ec9
7675,7675,0,224a
7676,7676,0,1ec0
7677,7677,0,2232
7678,7678,0,1ed6
7679,7679,0,2215
7680,7680,0,1f00
7681,7681,0,2225
7682,7682,0,1ece
7683,7683,0,222b
7684,7684,0,1ec0
7685,7685,0,2214
7686,7686,0,1ef8
7687,7687,0,2215
7688,7688,0,1eeb
7689,7689,0,2228
7690,7690,0,1ec6
7691,7691,0,2248
7692,7692,0,1ebe
7693,7693,0,2256
7694,7694,0,1eb8
7695,7695,0,2259
7696,7696,0,1eb3
7697,7697,0,223e
7698,7698,0,1ebf
7699,7699,0,3eed
7700,7700,0,3ed9
7701,7701,0,1ed4
7702,7702,0,3ef4
7703,7703,0,1ef0
7704,7704,0,2220
7705,7705,0,1ec9
7706,7706,0,2217
7707,7707,0,1efd
7708,7708,0,2213
7709,7709,0,1f07
7710,7710,0,221c
7711,7711,0,1edc
7712,7712,0,2221
7713,7713,0,1ee7
7714,7714,0,2231
7715,7715,0,1ebc
7716,7716,0,2246
7717,7717,0,1ecd
7718,7718,0,223e
7719,7719,0,1ea6
7720,7720,0,226c
7721,7721,0,1eb7
7722,7722,0,2261
7723,7723,0,1eb6
7724,7724,0,2243
7725,7725,0,1eaf
7726,7726,0,224d
7727,7727,0,1ebc
7728,7728,0,2231
7729,7729,0,1ed4
7730,7730,0,222b
7731,7731,0,1ec7
7732,7732,0,2246
7733,7733,0,1ed7
7734,7734,0,2ef7
7735,7735,0,3ef5
7736,7736,0,1ede
7737,7737,0,2238
7738,7738,0,1ec7
7739,7739,0,2253
7740,7740,0,1ea4
7741,7741,0,2274
7742,7742,0,1e9b
7743,7743,0,2278
7744,7744,0,1e8c
7745,7745,0,2259
7746,7746,0,1ea5
7747,7747,0,2259
7748,7748,0,1ecf
7749,7749,0,2237
7750,7750,0,1ede
7751,7751,0,2246
7752,7752,0,1eed
7753,7753,0,2227
7754,7754,0,1ed2
7755,7755,0,222a
7756,7756,0,1eeb
7757,7757,0,2239
7758,7758,0,1ecf
7759,7759,0,223a
7760,7760,0,1ebf
7761,7761,0,2248
7762,7762,0,1ea2
7763,7763,0,2270
7764,7764,0,1e93
7765,7765,0,225f
7766,7766,0,1e9c
7767,7767,0,2256
7768,7768,0,1eb5
7769,7769,0,2665
7770,7770,0,1eed
7771,7771,0,3ede
7772,7772,0,2e7e
7773,7773,0,1ebe
7774,7774,0,2a43
7775,7775,0,1eb7
7776,7776,0,2239
7777,7777,0,1ed4
7778,7778,0,223b
7779,7779,0,1ee1
7780,7780,0,221b
7781,7781,0,1eca
7782,7782,0,222e
7783,7783,0,1edd
7784,7784,0,2240
7785,7785,0,1eab
7786,7786,0,2253
7787,7787,0,1ea4
7788,7788,0,226c
7789,7789,0,1e96
7790,7790,0,2277
7791,7791,0,1e6f
7792,7792,0,229c
7793,7793,0,1e68
7794,7794,0,226f
7795,7795,0,1e99
7796,7796,0,2255
7797,7797,0,1eb5
7798,7798,0,2232
7799,7799,0,1edf
7800,7800,0,2244
7801,7801,0,1eba
7802,7802,0,224c
7803,7803,0,1ead
7804,7804,0,224a
7805,7805,0,1edb
7806,7806,0,3ed3
7807,7807,0,3e43
7808,7808,0,1eb4
7809,7809,0,2a5b
7810,7810,0,1eaf
7811,7811,0,2257
7812,7812,0,1e97
7813,7813,0,2270
7814,7814,0,1e94
7815,7815,0,2269
7816,7816,0,1e81
7817,7817,0,2273
7818,7818,0,1e9a
7819,7819,0,2260
7820,7820,0,1eb3
7821,7821,0,2247
7822,7822,0,1eac
7823,7823,0,2234
7824,7824,0,1eba
7825,7825,0,224c
7826,7826,0,1eb7
7827,7827,0,2248
7828,7828,0,1eb9
7829,7829,0,2252
7830,7830,0,1eb4
7831,7831,0,2255
7832,7832,0,1eae
7833,7833,0,2267
7834,7834,0,1eaa
7835,7835,0,224f
7836,7836,0,1e9e
7837,7837,0,225b
7838,7838,0,1e98
7839,7839,0,2272
7840,7840,0,1ebe
7841,7841,0,2efe
7842,7842,0,3af6
7843,7843,0,1e9d
7844,7844,0,2259
7845,7845,0,1ea2
7846,7846,0,224f
7847,7847,0,1eae
7848,7848,0,2256
7849,7849,0,1ebb
7850,7850,0,222f
7851,7851,0,1eb5
7852,7852,0,224c
7853,7853,0,1ebc
7854,7854,0,224e
7855,7855,0,1ea8
7856,7856,0,2261
7857,7857,0,1e92
7858,7858,0,2259
7859,7859,0,1e7d
7860,7860,0,2272
7861,7861,0,1e7b
7862,7862,0,227a
7863,7863,0,1e78
7864,7864,0,226e
7865,7865,0,1e7c
7866,7866,0,226b
7867,7867,0,1e82
7868,7868,0,226b
7869,7869,0,1e82
7870,7870,0,2246
7871,7871,0,1eb6
7872,7872,0,224c
7873,7873,0,1eb8
7874,7874,0,2240
7875,7875,0,1ed8
7876,7876,0,263f
7877,7877,0,1eef
7878,7878,0,3ece
7879,7879,0,2ee1
7880,7880,0,1ee5
7881,7881,0,2e65
7882,7882,0,3e7a
7883,7883,0,3a7b
7884,7884,0,1e7b
7885,7885,0,2264
7886,7886,0,1e7d
7887,7887,0,228f
7888,7888,0,1e4a
7889,7889,0,229b
7890,7890,0,1e66
7891,7891,0,227e
7892,7892,0,1e66
7893,7893,0,225d
7894,7894,0,1e9f
7895,7895,0,2249
7896,7896,0,1eb3
7897,7897,0,2249
7898,7898,0,1ea2
7899,7899,0,2260
7900,7900,0,1e98
7901,7901,0,2261
7902,7902,0,1ea1
7903,7903,0,226e
7904,7904,0,1e87
7905,7905,0,2268
7906,7906,0,1e8c
7907,7907,0,2278
7908,7908,0,1e8b
7909,7909,0,2289
7910,7910,0,1e78
7911,7911,0,2263
7912,7912,0,1eab
7913,7913,0,2eeb
7914,7914,0,3eeb
7915,7915,0,3ee9
7916,7916,0,2e68
7917,7917,0,1e84
7918,7918,0,227a
7919,7919,0,1e8e
7920,7920,0,2267
7921,7921,0,1e9b
7922,7922,0,2249
7923,7923,0,1eba
7924,7924,0,2250
7925,7925,0,1ea3
7926,7926,0,2261
7927,7927,0,1e8f
7928,7928,0,2278
7929,7929,0,1e76
7930,7930,0,2284
7931,7931,0,1e81
7932,7932,0,227e
7933,7933,0,1e70
7934,7934,0,227d
7935,7935,0,1e58
7936,7936,0,2286
7937,7937,0,1e61
7938,7938,0,2289
7939,7939,0,1e6b
7940,7940,0,2264
7941,7941,0,1e86
7942,7942,0,2260
7943,7943,0,1e7a
7944,7944,0,2264
7945,7945,0,1e9b
7946,7946,0,2267
7947,7947,0,1ea3
7948,7948,0,2663
7949,7949,0,3eea
7950,7950,0,3efa
7951,7951,0,2e7f
7952,7952,0,1e6f
7953,7953,0,2287
7954,7954,0,1e7c
7955,7955,0,226c
7956,7956,0,1e69
7957,7957,0,228a
7958,7958,0,1e4f
7959,7959,0,2295
7960,7960,0,1e66
7961,7961,0,2287
7962,7962,0,1e4e
7963,7963,0,228c
7964,7964,0,1e6a
7965,7965,0,2268
7966,7966,0,1e9c
7967,7967,0,2276
7968,7968,0,1e83
7969,7969,0,225a
7970,7970,0,1e9c
7971,7971,0,2263
7972,7972,0,1e9b
7973,7973,0,226e
7974,7974,0,1e7e
7975,7975,0,226f
7976,7976,0,1e81
7977,7977,0,225e
7978,7978,0,1e7c
7979,7979,0,2289
7980,7980,0,1e65
7981,7981,0,227d
7982,7982,0,1e70
7983,7983,0,22bd
7984,7984,0,1e6d
7985,7985,0,3eee
7986,7986,0,2282
7987,7987,0,1e7f
7988,7988,0,3e7f
7989,7989,0,1e79
7990,7990,0,2258
7991,7991,0,1ea1
7992,7992,0,225c
7993,7993,0,1ebc
7994,7994,0,225e
7995,7995,0,1e96
7996,7996,0,2269
7997,7997,0,1e94
7998,7998,0,225c
7999,7999,0,1ea1
8000,8000,0,2271
8001,8001,0,1e8f
8002,8002,0,227e
8003,8003,0,1e7d
8004,8004,0,2274
8005,8005,0,1e68
8006,8006,0,2293
8007,8007,0,1e66
8008,8008,0,2288
8009,8009,0,1e6d
8010,8010,0,2277
8011,8011,0,1e8e
8012,8012,0,2265
8013,8013,0,1e7c
8014,8014,0,226e
8015,8015,0,1e99
8016,8016,0,2253
8017,8017,0,1ea7
8018,8018,0,224f
8019,8019,0,1e9f
8020,8020,0,2eff
8021,8021,0,3ee6
8022,8022,0,3e84
8023,8023,0,2ee7
8024,8024,0,1e67
8025,8025,0,2280
8026,8026,0,1e55
8027,8027,0,22a9
8028,8028,0,1e36
8029,8029,0,2295
8030,8030,0,1e51
8031,8031,0,227e
8032,8032,0,1e67
8033,8033,0,2274
8034,8034,0,1e85
8035,8035,0,2266
8036,8036,0,1e8b
8037,8037,0,2274
8038,8038,0,1e6f
8039,8039,0,2275
8040,8040,0,1e79
8041,8041,0,2255
8042,8042,0,1eaa
8043,8043,0,225f
8044,8044,0,1e8a
8045,8045,0,2269
8046,8046,0,1e87
8047,8047,0,2281
8048,8048,0,1e66
8049,8049,0,22a5
8050,8050,0,1e50
8051,8051,0,2282
8052,8052,0,1e65
8053,8053,0,229c
8054,8054,0,1e55
8055,8055,0,22b5
8056,8056,0,1ebf
8057,8057,0,3ebf
8058,8058,0,3ed7
8059,8059,0,1e57
8060,8060,0,2288
8061,8061,0,1e71
8062,8062,0,2273
8063,8063,0,1e89
8064,8064,0,2278
8065,8065,0,1e75
8066,8066,0,227d
8067,8067,0,1e82
8068,8068,0,2279
8069,8069,0,1e7d
8070,8070,0,227f
8071,8071,0,1e6f
8072,8072,0,226c
8073,8073,0,1e75
8074,8074,0,2284
8075,8075,0,1e49
8076,8076,0,22be
8077,8077,0,1e24
8078,8078,0,22aa
8079,8079,0,1e54
8080,8080,0,229c
8081,8081,0,1e69
8082,8082,0,2281
8083,8083,0,1e8b
8084,8084,0,2276
8085,8085,0,1e85
8086,8086,0,2250
8087,8087,0,1e94
8088,8088,0,226c
8089,8089,0,1e91
8090,8090,0,2277
8091,8091,0,1e7f
8092,8092,0,2efa
8093,8093,0,3e83
8094,8094,0,1ef3
8095,8095,0,2e70
8096,8096,0,1e8d
8097,8097,0,2a8f
8098,8098,0,1e7f
8099,8099,0,227f
8100,8100,0,1e63
8101,8101,0,228c
8102,8102,0,1e49
8103,8103,0,22a9
8104,8104,0,1e4d
8105,8105,0,227f
8106,8106,0,1e77
8107,8107,0,227a
8108,8108,0,1e76
8109,8109,0,2272
8110,8110,0,1e81
8111,8111,0,2256
8112,8112,0,1e9b
8113,8113,0,2263
8114,8114,0,1e95
8115,8115,0,224a
8116,8116,0,1eaf
8117,8117,0,225f
8118,8118,0,1e8f
8119,8119,0,228d
8120,8120,0,1e46
8121,8121,0,22a0
8122,8122,0,1e50
8123,8123,0,228b
8124,8124,0,1e69
8125,8125,0,2295
8126,8126,0,1e76
8127,8127,0,2ea7
8128,8128,0,3efd
8129,8129,0,3e79
8130,8130,0,2e69
8131,8131,0,1e95
8132,8132,0,226a
8133,8133,0,1e80
8134,8134,0,227c
8135,8135,0,1e63
8136,8136,0,2263
8137,8137,0,1eb3
8138,8138,0,2259
8139,8139,0,1ea6
8140,8140,0,226d
8141,8141,0,1e78
8142,8142,0,2273
8143,8143,0,1e8f
8144,8144,0,2272
8145,8145,0,1e8d
8146,8146,0,228a
8147,8147,0,1e5c
8148,8148,0,229b
8149,8149,0,1e39
8150,8150,0,22af
8151,8151,0,1e35
8152,8152,0,22a2
8153,8153,0,1e63
8154,8154,0,2282
8155,8155,0,1e5f
8156,8156,0,2276
8157,8157,0,1e63
8158,8158,0,227f
8159,8159,0,1e7f
8160,8160,0,2270
8161,8161,0,1e79
8162,8162,0,22b2
8163,8163,0,1e7e
8164,8164,0,3e7e
8165,8165,0,3e69
8166,8166,0,3e89
8167,8167,0,2ebd
8168,8168,0,1e7c
8169,8169,0,22ae
8170,8170,0,1e44
8171,8171,0,2281
8172,8172,0,1e4f
8173,8173,0,229a
8174,8174,0,1e42
8175,8175,0,229c
8176,8176,0,1e50
8177,8177,0,2282
8178,8178,0,1e77
8179,8179,0,2289
8180,8180,0,1e6b
8181,8181,0,2291
8182,8182,0,1e5e
8183,8183,0,2295
8184,8184,0,1e68
8185,8185,0,2280
8186,8186,0,1e60
8187,8187,0,226f
8188,8188,0,1e80
8189,8189,0,227c
8190,8190,0,1e59
8191,8191,0,2299
