$date
        2026-Jan-13 12:26:06
$end
$version
        Vivado v2021.2 (64-bit)
$end
$timescale
        1ps
$end
$scope module dut $end
$var reg 14 " design_1_i/adc_debug_0_adc_data_r [13:0] $end
$var reg 1 0 _TRIGGER $end
$var reg 1 1 _WINDOW $end
$var reg 1 2 _GAP $end
$upscope $end
$enddefinitions $end
#0
$dumpvars
b10001010100111 "
00
11
02
$end
#1
b1111001011001 "
#2
b10001010010111 "
#3
b1111000110110 "
#4
b10111010110110 "
#5
b11111010110111 "
#7
b11111010110110 "
#8
b1111010100101 "
#9
b10111010101101 "
#10
b1111000111111 "
10
#11
b10001010100001 "
#12
b1111001010111 "
#13
b10001001110111 "
#14
b1111010000001 "
#15
b10001001101110 "
#16
b1111001111101 "
#17
b10001001111100 "
#18
b1111001111010 "
#19
b10001001101000 "
#20
b1111010000001 "
#21
b10001001111100 "
#22
b1111001101000 "
#23
b10001010010001 "
#24
b1111001001100 "
#25
b10001010011001 "
#26
b1111001000010 "
#27
b10001010100010 "
#28
b1111000100110 "
#29
b10001010101111 "
#30
b1111000111100 "
#31
b10001010011110 "
#32
b1111000110001 "
#33
b10001010010110 "
#34
b1111001101001 "
#35
b10001010000111 "
#36
b1111001110011 "
#37
b10001001110101 "
#38
b1111001011000 "
#39
b10001010010000 "
#40
b1111011110001 "
#41
b11111011101001 "
#42
b10111011111000 "
#43
b1111001111000 "
#44
b10111010001011 "
#45
b1111001001010 "
#46
b10001001110100 "
#47
b1111001101010 "
#48
b10001010001110 "
#49
b1111001010110 "
#50
b10001010011111 "
#51
b1111000111011 "
#52
b10001010101000 "
#53
b1111000101101 "
#54
b10001010100111 "
#55
b1111000111101 "
#56
b10001010011000 "
#57
b1111001011101 "
#58
b10001001111111 "
#59
b1111001011111 "
#60
b10001010001000 "
#61
b1111001101001 "
#62
b10001010001001 "
#63
b1111001100100 "
#64
b10001001111100 "
#65
b1111001101101 "
#66
b10001010000111 "
#67
b1111001110001 "
#68
b10001010001000 "
#69
b1111001011010 "
#70
b10001010101110 "
#71
b1111001000000 "
#72
b10001010100000 "
#73
b1111001000010 "
#74
b10001010011000 "
#75
b1111001011100 "
#76
b10111011101110 "
#77
b11111010111110 "
#78
b11111010110110 "
#79
b10111010110110 "
#80
b1111001000100 "
#81
b10001010100000 "
#82
b1111000111111 "
#83
b10001010011001 "
#84
b1111001010000 "
#85
b10001010011000 "
#86
b1111001101000 "
#87
b10001001110011 "
#88
b1111001110011 "
#89
b10001001110101 "
#90
b1111001010111 "
#91
b10001010100001 "
#92
b1111001001000 "
#93
b10001010011111 "
#94
b1111001010011 "
#95
b10001010010011 "
#96
b1111001001011 "
#97
b10001010001101 "
#98
b1111001001000 "
#99
b10001010100101 "
#100
b1111000101100 "
#101
b10001010111000 "
#102
b1111000010001 "
#103
b10001011000001 "
#104
b1111000100011 "
#105
b10001010010110 "
#106
b1111001010111 "
#107
b10001010011001 "
#108
b1111001010000 "
#109
b10001010010110 "
#110
b1111001011011 "
#111
b10111010011111 "
#112
b1111010111110 "
#113
b11111001111111 "
#115
b11111001111110 "
#117
b1111001011110 "
#118
b10001010100101 "
#119
b1111000100001 "
#120
b10001011001011 "
#121
b1111000000001 "
#122
b10001010111011 "
#123
b1111000000000 "
#124
b10001011000010 "
#125
b1111000011100 "
#126
b10001011001001 "
#127
b1111000100011 "
#128
b10001010101111 "
#129
b1111000100011 "
#130
b10001010100110 "
#131
b1111000100001 "
#132
b10001010110101 "
#133
b1111000110100 "
#134
b10001010001101 "
#135
b1111001000010 "
#136
b10001010011010 "
#137
b1111001100100 "
#138
b10001010001001 "
#139
b1111001101110 "
#140
b10001010010110 "
#141
b1111000111110 "
#142
b10001010010101 "
#143
b1111001000110 "
#144
b10001010101101 "
#145
b1111000010111 "
#146
b10001011011110 "
#147
b1111000001101 "
#148
b11111010111111 "
#150
b1111010011111 "
#151
b10111010111101 "
#152
b1111000011000 "
#153
b10001010110101 "
#154
b1111000111110 "
#155
b10001010011101 "
#156
b1111001011101 "
#157
b10001010010111 "
#158
b1111001000100 "
#159
b10001010000100 "
#160
b1111001101111 "
#161
b10001010100111 "
#162
b1111000111000 "
#163
b10001010010101 "
#164
b1111001011000 "
#165
b10001010011101 "
#166
b1111000110010 "
#167
b10001010110001 "
#168
b1111000100010 "
#169
b10001011000100 "
#170
b1111000101010 "
#171
b10001010011110 "
#172
b1111000110000 "
#173
b10001010111111 "
#174
b1111000010001 "
#175
b10001010111010 "
#176
b1111000011111 "
#177
b10001010101100 "
#178
b1111001000000 "
#179
b10001010100110 "
#180
b1111000110111 "
#181
b10001010011100 "
#182
b1111000111100 "
#183
b10111010111101 "
#184
b11111011001101 "
#185
b1111001011110 "
#186
b10001010001100 "
#187
b1111001010111 "
#188
b10001010011010 "
#189
b1111001000100 "
#190
b10001010111111 "
#191
b1111000100001 "
#192
b10001010100000 "
#193
b1111000101101 "
#194
b10001010011110 "
#195
b1111000101100 "
#196
b10001011000001 "
#197
b1111000010100 "
#198
b10001010101010 "
#199
b1111000011000 "
#200
b10001010101010 "
#201
b1111000101101 "
#202
b10001010100100 "
#203
b1111000111100 "
#204
b10001010100010 "
#205
b1111000110101 "
#206
b10001010100011 "
#207
b1111001001111 "
#208
b10001010100000 "
#209
b1111001100001 "
#210
b10001010000101 "
#211
b1111001010000 "
#212
b10001010010100 "
#213
b1111001000000 "
#214
b10001010110001 "
#215
b1111000100010 "
#216
b10001010110001 "
#217
b1111001000001 "
#218
b10111010111111 "
#219
b1111010111110 "
#220
b11111011011010 "
#221
b10111011011010 "
#222
b1111010011010 "
#223
b10111010111011 "
#224
b1111000111011 "
#225
b10001010001111 "
#226
b1111001100000 "
#227
b10001010010110 "
#228
b1111000111000 "
#229
b10001010101010 "
#230
b1111000110101 "
#231
b10001010101110 "
#232
b1111000101101 "
#233
b10001010100100 "
#234
b1111000111000 "
#235
b10001010100010 "
#236
b1111000101010 "
#237
b10001010111010 "
#238
b1111000010010 "
#239
b10001010110111 "
#240
b1111000100000 "
#241
b10001010101000 "
#242
b1111000101111 "
#243
b10001011000010 "
#244
b1111000100111 "
#245
b10001010100111 "
#246
b1111000101101 "
#247
b10001010110010 "
#248
b1111000111000 "
#249
b10001010011011 "
#250
b1111001010010 "
#251
b10001010010010 "
#252
b1111001001010 "
#253
b10001010001111 "
#254
b1111001011111 "
#255
b10111001111111 "
#256
b11111001110110 "
#257
b1111001110111 "
#258
b10111010000111 "
#259
b1111001001100 "
#260
b10001010011101 "
#261
b1111000110011 "
#262
b10001010100001 "
#263
b1111000100110 "
#264
b10001010101100 "
#265
b1111000100110 "
#266
b10001011010110 "
#267
b1110111111001 "
#268
b10001011000100 "
#269
b1110111110010 "
#270
b10001011001101 "
#271
b1111000001101 "
#272
b10001010111000 "
#273
b1111000110011 "
#274
b10001010011110 "
#275
b1111001001101 "
#276
b10001010001101 "
#277
b1111001000111 "
#278
b10001010010100 "
#279
b1111001100101 "
#280
b10001010100100 "
#281
b1111001000100 "
#282
b10001010011100 "
#283
b1111000111011 "
#284
b10001010100011 "
#285
b1111000111111 "
#286
b10001010110011 "
#287
b1111000100000 "
#288
b10001011000000 "
#289
b1111000000111 "
#290
b10111011011111 "
#291
b11111011011011 "
#292
b11111011001011 "
#293
b11111011001110 "
#294
b1111011000110 "
#295
b10111011001000 "
#296
b1111000000101 "
#297
b10001010101101 "
#298
b1111000111010 "
#299
b10001010010010 "
#300
b1111001000101 "
#301
b10001010111001 "
#302
b1111000011010 "
#303
b10001010101010 "
#304
b1111001001011 "
#305
b10001010001110 "
#306
b1111001011001 "
#307
b10001010110011 "
#308
b1111000100100 "
#309
b10001011001011 "
#310
b1111000001100 "
#311
b10001011001010 "
#312
b1111000011100 "
#313
b10001011001101 "
#314
b1111000011100 "
#315
b10001010100110 "
#316
b1111000111010 "
#317
b10001010111110 "
#318
b1111000100101 "
#319
b10001011000001 "
#320
b1111000101011 "
#321
b10001010110010 "
#322
b1111000110110 "
#323
b10001010011001 "
#324
b1111001000001 "
#325
b10001010100000 "
#326
b1111011111010 "
#327
b11111011011110 "
#328
b10111010010111 "
#329
b1111001011111 "
#330
b10001010001111 "
#331
b1111001000001 "
#332
b10001010011001 "
#333
b1111001000011 "
#334
b10001010110101 "
#335
b1111000101100 "
#336
b10001010110100 "
#337
b1111000100000 "
#338
b10001011001001 "
#339
b1110111110001 "
#340
b10001010111000 "
#341
b1111000001100 "
#342
b10001011000100 "
#343
b1111000100010 "
#344
b10001010001111 "
#345
b1111001001110 "
#346
b10001010011110 "
#347
b1111000110110 "
#348
b10001010100111 "
#349
b1111001000000 "
#350
b10001010010110 "
#351
b1111001001100 "
#352
b10001010011001 "
#353
b1111001001000 "
#354
b10001010101110 "
#355
b1111000100001 "
#356
b10001010110100 "
#357
b1111000100010 "
#358
b10001010101110 "
#359
b1111000011010 "
#360
b10001010111101 "
#361
b1110111110111 "
#362
b10111111111110 "
#363
b11111111111010 "
#364
b1110111111110 "
#365
b10111010111110 "
#366
b11111011000110 "
#367
b10001011000110 "
#368
b1111000100001 "
#369
b10001010010110 "
#370
b1111000111110 "
#371
b10001010100001 "
#372
b1111000110011 "
#373
b10001010001111 "
#374
b1111001101000 "
#375
b10001010000110 "
#376
b1111001011100 "
#377
b10001010010110 "
#378
b1111001001010 "
#379
b10001010101001 "
#380
b1111000010100 "
#381
b10001010110101 "
#382
b1111000011111 "
#383
b10001010110111 "
#384
b1111000010100 "
#385
b10001011000000 "
#386
b1110111111111 "
#387
b10001011000110 "
#388
b1111000001101 "
#389
b10001010111010 "
#390
b1111000100110 "
#391
b10001010010001 "
#392
b1111000101010 "
#393
b10001010101010 "
#394
b1111000101100 "
#395
b10001010101000 "
#396
b1111000110101 "
#397
b10011010110101 "
#398
b1111010110000 "
#399
b11111010110101 "
#400
b10111010100101 "
#401
b1111001001001 "
#402
b10001010110101 "
#403
b1111000001101 "
#404
b10001011000011 "
#405
b1111000011101 "
#406
b10001010111001 "
#407
b1111000001110 "
#408
b10001011000101 "
#409
b1111000001000 "
#410
b10001011001010 "
#411
b1111000001000 "
#412
b10001010101000 "
#413
b1111000110101 "
#414
b10001010110010 "
#415
b1111000110000 "
#416
b10001010101000 "
#417
b1111000111110 "
#418
b10001010011100 "
#419
b1111001010011 "
#420
b10001010001011 "
#421
b1111001010110 "
#422
b10001010001000 "
#423
b1111001101111 "
#424
b10001010001110 "
#425
b1111000111000 "
#426
b10001010010011 "
#427
b1111001001000 "
#428
b10001010101110 "
#429
b1111000001101 "
#430
b10001010111100 "
#431
b1111000001010 "
#432
b10001011010110 "
#433
b1110111111110 "
#434
b11111111111110 "
#435
b11111010111101 "
#436
b1110111111111 "
#437
b10111011001111 "
#438
b1111000001011 "
#439
b10001010111101 "
#440
b1111000010110 "
#441
b10001010111000 "
#442
b1111000100101 "
#443
b10001010011001 "
#444
b1111001000101 "
#445
b10001010011011 "
#446
b1111001011111 "
#447
b10001010001101 "
#448
b1111001001001 "
#449
b10001010011011 "
#450
b1111001000111 "
#451
b10001010010111 "
#452
b1111000110101 "
#453
b10001010111000 "
#454
b1111000010010 "
#455
b10001010111001 "
#456
b1111000000101 "
#457
b10001011000010 "
#458
b1111000011100 "
#459
b10001011001001 "
#460
b1111000010111 "
#461
b10001011000110 "
#462
b1111000001100 "
#463
b10001010101111 "
#464
b1111000111110 "
#465
b10001010011000 "
#466
b1111001001011 "
#467
b10001010101010 "
#468
b1111000110111 "
#469
b10111010111111 "
#470
b11111011101010 "
#471
b11111001111010 "
#472
b10111010111110 "
#473
b1111010111111 "
#474
b10111010111110 "
#475
b11111010110110 "
#476
b10001010110110 "
#477
b1111000101000 "
#478
b10001011000000 "
#479
b1111000011111 "
#480
b10001011000011 "
#481
b1111000001110 "
#482
b10001010111100 "
#483
b1111000110000 "
#484
b10001010101111 "
#485
b1111000101100 "
#486
b10001010101010 "
#487
b1111001100010 "
#488
b10001010010111 "
#489
b1111001000010 "
#490
b10001010101000 "
#491
b1111001010010 "
#492
b10001001111111 "
#493
b1111001111110 "
#494
b10001010001110 "
#495
b1111001011100 "
#496
b10001010011111 "
#497
b1111000110111 "
#498
b10001010011101 "
#499
b1111000110111 "
#500
b10001010101001 "
#501
b1111000101000 "
#502
b10001010101001 "
#503
b1111001000011 "
#504
b10001010011111 "
#505
b1111010111100 "
#506
b11111010101110 "
#508
b1111010111001 "
#509
b10111010101000 "
#510
b1111010110101 "
#511
b10001010100100 "
#512
b1111001000111 "
#513
b10001010000010 "
#514
b1111001101100 "
#515
b10001010001101 "
#516
b1111001110011 "
#517
b10001001111000 "
#518
b1111001100110 "
#519
b10001010001011 "
#520
b1111001001100 "
#521
b10001010110001 "
#522
b1111000011111 "
#523
b10001010110111 "
#524
b1111001000110 "
#525
b10001010100000 "
#526
b1111000110110 "
#527
b10001010111001 "
#528
b1111000010100 "
#529
b10001011011010 "
#530
b1111000011100 "
#531
b10001010110011 "
#532
b1111000100000 "
#533
b10001010110110 "
#534
b1111000101001 "
#535
b10001010011010 "
#536
b1111001001001 "
#537
b10001001111000 "
#538
b1111001100101 "
#539
b10001001111001 "
#540
b1111001110011 "
#541
b10111001110011 "
#542
b11111011110101 "
#543
b11111010001101 "
#544
b10111010001001 "
#545
b1111001010100 "
#546
b10101010001000 "
#547
b1111000111101 "
#548
b10001010100110 "
#549
b1111001010001 "
#550
b10001010101110 "
#551
b1111000110001 "
#552
b10001010010101 "
#553
b1111001000110 "
#554
b10001010111100 "
#555
b1111000100011 "
#556
b10001010101100 "
#557
b1111001000000 "
#558
b10001010011011 "
#559
b1111001011101 "
#560
b10001001111000 "
#561
b1111001100011 "
#562
b10001010001110 "
#563
b1111001001011 "
#564
b10001010001010 "
#565
b1111001011011 "
#566
b10001010011001 "
#567
b1111001010000 "
#568
b10001010001110 "
#569
b1111001011001 "
#570
b10001010100100 "
#571
b1111001000000 "
#572
b10001010101001 "
#573
b1111001001100 "
#574
b10001010010011 "
#575
b1111000111111 "
#576
b10111011111111 "
#577
b1111011011000 "
#578
b11111010011011 "
#579
b10111010110111 "
#580
b1111010111010 "
#581
b10001010011010 "
#582
b1111001100110 "
#583
b10001001111100 "
#584
b1111001011101 "
#585
b10001010101100 "
#586
b1111001000000 "
#587
b10001010001001 "
#588
b1111001100100 "
#589
b10001001101010 "
#590
b1111001111000 "
#591
b10001010010110 "
#592
b1111000110100 "
#593
b10001010100001 "
#594
b1111000110101 "
#595
b10001010010111 "
#596
b1111000101000 "
#597
b10001010101100 "
#598
b1111000110110 "
#599
b10001010110101 "
#600
b1111000100011 "
#601
b10001010111001 "
#602
b1111000001100 "
#603
b10001010110100 "
#604
b1111000100111 "
#605
b10001010100000 "
#606
b1111001010000 "
#607
b10001010001100 "
#608
b1111001001111 "
#609
b10001010001010 "
#610
b1111001101101 "
#611
b10001010000111 "
#612
b1111001100111 "
#613
b11111011100101 "
#614
b11111010011101 "
#615
b1111001011100 "
#616
b10001010000101 "
#617
b1111001010010 "
#618
b10001010001000 "
#619
b1111001100000 "
#620
b10001010110110 "
#621
b1111000100001 "
#622
b10001010100011 "
#623
b1111001000011 "
#624
b10001010101100 "
#625
b1111000110111 "
#626
b10001011000000 "
#627
b1111000101010 "
#628
b10001010011100 "
#629
b1111000111111 "
#630
b10001010011001 "
#631
b1111001000001 "
#632
b10001010011110 "
#633
b1111001011000 "
#634
b10001010010110 "
#635
b1111001101110 "
#636
b10001001110010 "
#637
b1111001101011 "
#638
b10001010010010 "
#639
b1111001101010 "
#640
b10001010001100 "
#641
b1111001000001 "
#642
b10001010011010 "
#643
b1111001010000 "
#644
b10001010100100 "
#645
b1111001000011 "
#646
b10001010110001 "
#647
b1111000111001 "
#648
b10111010111011 "
#649
b11111010111111 "
#651
b10111010011110 "
#652
b11111011011001 "
#653
b10111010011001 "
#654
b1111001011010 "
#655
b10001010100110 "
#656
b1111000111010 "
#657
b10001010011001 "
#658
b1111001011000 "
#659
b10001010000101 "
#660
b1111001111011 "
#661
b10001010001010 "
#662
b1111001010100 "
#663
b10001010011111 "
#664
b1111001001011 "
#665
b10001010000001 "
#666
b1111001100111 "
#667
b10001010010001 "
#668
b1111001001111 "
#669
b10001010110001 "
#670
b1111000111100 "
#671
b10001010011100 "
#672
b1111000111000 "
#673
b10001010101001 "
#674
b1111000010011 "
#675
b10001010110110 "
#676
b1111000111100 "
#677
b10001010001011 "
#678
b1111001011010 "
#679
b10001010001000 "
#680
b1111001011111 "
#681
b10001010000000 "
#682
b1111001101110 "
#683
b10001001110110 "
#684
b1111001111111 "
#685
b11111011011101 "
#686
b10111011110010 "
#687
b1111001110010 "
#688
b10001010001001 "
#689
b1111001011010 "
#690
b10001010010000 "
#691
b1111001011111 "
#692
b10001010101001 "
#693
b1111000101100 "
#694
b10001011010000 "
#695
b1110111110110 "
#696
b10001011001110 "
#697
b1111000001000 "
#698
b10001010110001 "
#699
b1111000011100 "
#700
b10001010100111 "
#701
b1111000111100 "
#702
b10001010001010 "
#703
b1111001100001 "
#704
b10001010001010 "
#705
b1111001100101 "
#706
b10001010000010 "
#707
b1111001111001 "
#708
b10001010000011 "
#709
b1111001111000 "
#710
b10001001111110 "
#711
b1111010001000 "
#712
b10001010010000 "
#713
b1111001011100 "
#714
b10001010000101 "
#715
b1111001001011 "
#716
b10001010010110 "
#717
b1111000111011 "
#718
b10001010000111 "
#719
b1111001110111 "
#720
b11111011111011 "
#721
b11111011001011 "
#722
b1111001010001 "
#723
b10111010101100 "
#724
b1111000110101 "
#725
b10001010101110 "
#726
b1111000111001 "
#727
b10001010000100 "
#728
b1111001100001 "
#729
b10001001101001 "
#730
b1111010001100 "
#731
b10001010000110 "
#732
b1111001001101 "
#733
b10001010010111 "
#734
b1111001100101 "
#735
b10001010010010 "
#736
b1111001100001 "
#737
b10001010000111 "
#738
b1111001100010 "
#739
b10001010010111 "
#740
b1111001001010 "
#741
b10001011000000 "
#742
b1111000010010 "
#743
b10001010111111 "
#744
b1111000011110 "
#745
b10001010101011 "
#746
b1111000111010 "
#747
b10001010010111 "
#748
b1111001010001 "
#749
b10001010011000 "
#750
b1111001000010 "
#751
b10001010011101 "
#752
b1111001010010 "
#753
b10001010001011 "
#754
b1111001011100 "
#755
b10011001111110 "
#756
b1111001111010 "
#757
b11111011111110 "
#758
b10111011010110 "
#759
b1111001000100 "
#760
b10111010100101 "
#761
b1111001000001 "
#762
b10001010101100 "
#763
b1111000010110 "
#764
b10001010111000 "
#765
b1111000011100 "
#766
b10001010111000 "
#767
b1111000100101 "
#768
b10001010101010 "
#769
b1111000010100 "
#770
b10001010101101 "
#771
b1111000101110 "
#772
b10001010101110 "
#773
b1111001000101 "
#774
b10001010010000 "
#775
b1111001010001 "
#776
b10001001110110 "
#777
b1111001101011 "
#778
b10001010000110 "
#779
b1111001111001 "
#780
b10001001110111 "
#781
b1111001110000 "
#782
b10001001110001 "
#783
b1111001100001 "
#784
b10001010000110 "
#785
b1111001011010 "
#786
b10001010110101 "
#787
b1111000100000 "
#788
b10001010011001 "
#789
b1111000110011 "
#790
b10001011010001 "
#791
b1111000011111 "
#792
b11111010111111 "
#793
b11111010111110 "
#794
b1111010111011 "
#795
b11111010110111 "
#796
b1111010110111 "
#797
b10111010100110 "
#798
b1111000110110 "
#799
b10001010100111 "
#800
b1111001000011 "
#801
b10001010100010 "
#802
b1111001000110 "
#803
b10001010001101 "
#804
b1111001100010 "
#805
b10001010100010 "
#806
b1111001011010 "
#807
b10001010100000 "
#808
b1111000111001 "
#809
b10001010100000 "
#810
b1111001001110 "
#811
b10001010001111 "
#812
b1111000110001 "
#813
b10001010111001 "
#814
b1111000100110 "
#815
b10001010100100 "
#816
b1111000101110 "
#817
b10001010111111 "
#818
b1111000101010 "
#819
b10001010101101 "
#820
b1111000110101 "
#821
b10001010011111 "
#822
b1111001000010 "
#823
b10001001111001 "
#824
b1111001101000 "
#825
b10001010000001 "
#826
b1111001101100 "
#827
b10111010101110 "
#828
b11111011001110 "
#829
b11111001011111 "
#830
b10111011011110 "
#831
b1111011001110 "
#832
b10111010001110 "
#833
b1111001001011 "
#834
b10001010011011 "
#835
b1111001011001 "
#836
b10001010100000 "
#837
b1111000110110 "
#838
b10001010010100 "
#839
b1111000110000 "
#840
b10001010101101 "
#841
b1111000100101 "
#842
b10001010101110 "
#843
b1111001000100 "
#844
b10001010000000 "
#845
b1111001100010 "
#846
b10001001110111 "
#847
b1111001101100 "
#848
b10001001101100 "
#849
b1111010000011 "
#850
b10001001101010 "
#851
b1111001101011 "
#852
b10001010001011 "
#853
b1111001001100 "
#854
b10001010001110 "
#855
b1111000111010 "
#856
b10001010011100 "
#857
b1111001001100 "
#858
b10001010010000 "
#859
b1111001000110 "
#860
b10001010111110 "
#861
b1111000001100 "
#862
b10001011000110 "
#863
b1111011001111 "
#864
b11111010011011 "
#865
b10111010011010 "
#866
b1111010101110 "
#867
b10111010111100 "
#868
b1111010010101 "
#869
b10001010011111 "
#870
b1111001001110 "
#871
b10001001111111 "
#872
b1111001101101 "
#873
b10001001101110 "
#874
b1111010001001 "
#875
b10001001110110 "
#876
b1111001111110 "
#877
b10001010000111 "
#878
b1111001100001 "
#879
b10001001111010 "
#880
b1111001010101 "
#881
b10001010011000 "
#882
b1111001011110 "
#883
b10001010001110 "
#884
b1111001000000 "
#885
b10001010100001 "
#886
b1111001001010 "
#887
b10001010100000 "
#888
b1111001000101 "
#889
b10001010000111 "
#890
b1111001100101 "
#891
b10001010001110 "
#892
b1111001011011 "
#893
b10001010001100 "
#894
b1111001100101 "
#895
b10001010001101 "
#896
b1111001101101 "
#897
b10001010000001 "
#898
b1111001101011 "
#899
b10111011101011 "
#900
b11111011100010 "
#901
b1111001100001 "
#902
b10001010011100 "
#903
b1111001000011 "
#904
b10001010101010 "
#905
b1111000111111 "
#906
b10001010100110 "
#907
b1111001001110 "
#908
b10001010010100 "
#909
b1111000111011 "
#910
b10001010100010 "
#911
b1111001010000 "
#912
b10001010011000 "
#913
b1111001011110 "
#914
b10001010010101 "
#915
b1111001100010 "
#916
b10001001111111 "
#917
b1111001101001 "
#918
b10001010001000 "
#919
b1111001101111 "
#920
b10001001101010 "
#921
b1111010001000 "
#922
b10001001110011 "
#923
b1111001111000 "
#924
b10001010000101 "
#925
b1111001001101 "
#926
b10001010010001 "
#927
b1111001011001 "
#928
b10001010010110 "
#929
b1111000110111 "
#930
b10001010100000 "
#931
b1111000111101 "
#932
b10001010100110 "
#933
b1111000110000 "
#934
b10011010110000 "
#935
b1111010111010 "
#936
b11111010111010 "
#938
b1111010111010 "
#939
b10111010001100 "
#940
b1111001010100 "
#941
b10001010001101 "
#942
b1111001110000 "
#943
b10001001111101 "
#944
b1111001101101 "
#945
b10001001111010 "
#946
b1111010000100 "
#947
b10001001111011 "
#948
b1111001110000 "
#949
b10001001110110 "
#950
b1111001011111 "
#951
b10001010010010 "
#952
b1111001010100 "
#953
b10001010010100 "
#954
b1111001011000 "
#955
b10001001110010 "
#956
b1111001001001 "
#957
b10001010111010 "
#958
b1111000011101 "
#959
b10001010101100 "
#960
b1111001000101 "
#961
b10001010011100 "
#962
b1111000111100 "
#963
b10001010010000 "
#964
b1111001110011 "
#965
b10001001110011 "
#966
b1111001111111 "
#967
b10001010000011 "
#968
b1111001101111 "
#969
b10001001111010 "
#970
b1111001111010 "
#971
b10111001111110 "
#972
b11111001111110 "
#973
b1111001111000 "
#974
b10111010001001 "
#975
b1111001101011 "
#976
b10001010000000 "
#977
b1111001110010 "
#978
b10001010101110 "
#979
b1111000111001 "
#980
b10001010011111 "
#981
b1111001011100 "
#982
b10001001110001 "
#983
b1111001111110 "
#984
b10001010001011 "
#985
b1111001101000 "
#986
b10001010001000 "
#987
b1111001110101 "
#988
b10001001111100 "
#989
b1111001100000 "
#990
b10001001100101 "
#991
b1111010010101 "
#992
b10001001010111 "
#993
b1111010100000 "
#994
b10001001100101 "
#995
b1111010000000 "
#996
b10001001111010 "
#997
b1111001111110 "
#998
b10001010000100 "
#999
b1111001101101 "
#1000
b10001001111011 "
#1001
b1111010010100 "
#1002
b10001001101010 "
#1003
b1111010000001 "
#1004
b10001010000110 "
#1005
b1111001100010 "
#1006
b10111011101110 "
#1007
b11111011011110 "
#1008
b1111001001011 "
#1009
b11111010010111 "
#1010
b11111011010011 "
#1011
b10101001010001 "
#1012
b1111010100000 "
#1013
b10001001011010 "
#1014
b1111010011000 "
#1015
b10001001100011 "
#1016
b1111010011010 "
#1017
b10001000111100 "
#1018
b1111010100101 "
#1019
b10001001010110 "
#1020
b1111010100000 "
#1021
b10001010000001 "
#1022
b1111001110011 "
#1023
b10001010001000 "
#1024
b1111001111010 "
#1025
b10001001011110 "
#1026
b1111001111100 "
#1027
b10001010000010 "
#1028
b1111001100110 "
#1029
b10001010011111 "
#1030
b1111001011110 "
#1031
b10001001110001 "
#1032
b1111001110010 "
#1033
b10001001111010 "
#1034
b1111010000101 "
#1035
b10001001101100 "
#1036
b1111010010110 "
#1037
b10001001101000 "
#1038
b1111010011010 "
#1039
b10001001100110 "
#1040
b1111010100001 "
#1041
b10001001100011 "
#1042
b1111011000111 "
#1043
b11111011010101 "
#1044
b11111011011101 "
#1045
b1111011011101 "
#1046
b10101001010001 "
#1047
b1111010000110 "
#1048
b10001001110110 "
#1049
b1111010010000 "
#1050
b10001001101111 "
#1051
b1111010000110 "
#1052
b10001001011101 "
#1053
b1111010001110 "
#1054
b10001001101101 "
#1055
b1111010001011 "
#1056
b10001010000011 "
#1057
b1111001110101 "
#1058
b10001001011100 "
#1059
b1111010001110 "
#1060
b10001001100101 "
#1061
b1111010011111 "
#1062
b10001001100110 "
#1063
b1111010100011 "
#1064
b10001001010010 "
#1065
b1111010110011 "
#1066
b10001001010100 "
#1067
b1111010100000 "
#1068
b10001001110110 "
#1069
b1111010001001 "
#1070
b10001001100110 "
#1071
b1111010010100 "
#1072
b10001001110011 "
#1073
b1111001111010 "
#1074
b10001001110000 "
#1075
b1111001111100 "
#1076
b10001010001000 "
#1077
b1111001111111 "
#1078
b10111001111111 "
#1079
b11111011101001 "
#1080
b1111010010001 "
#1081
b11111001111010 "
#1083
b10001001111001 "
#1084
b1111010001000 "
#1085
b10001001101000 "
#1086
b1111010011101 "
#1087
b10001001010100 "
#1088
b1111010100101 "
#1089
b10001000111100 "
#1090
b1111010101001 "
#1091
b10001001101001 "
#1092
b1111010000101 "
#1093
b10001001101110 "
#1094
b1111001101111 "
#1095
b10001001100111 "
#1096
b1111010001001 "
#1097
b10001001111111 "
#1098
b1111001010111 "
#1099
b10001010000111 "
#1100
b1111001110000 "
#1101
b10001001110011 "
#1102
b1111001110010 "
#1103
b10001001111010 "
#1104
b1111010000101 "
#1105
b10001001100110 "
#1106
b1111010101100 "
#1107
b10001001100010 "
#1108
b1111010011101 "
#1109
b10001001001100 "
#1110
b1111010011000 "
#1111
b10001001011001 "
#1112
b1111010110011 "
#1113
b10111001111111 "
#1114
b11111011011101 "
#1115
b11111011010101 "
#1116
b10111001011010 "
#1117
b1111010010000 "
#1118
b10111001111010 "
#1119
b1111001101101 "
#1120
b10001001111010 "
#1121
b1111001110110 "
#1122
b10001001110010 "
#1123
b1111001110100 "
#1124
b10001010010100 "
#1125
b1111001100011 "
#1126
b10001010000101 "
#1127
b1111001101101 "
#1128
b10001001100011 "
#1129
b1111010000011 "
#1130
b10001001101110 "
#1131
b1111010001100 "
#1132
b10001001100101 "
#1133
b1111010011100 "
#1134
b10001001100010 "
#1135
b1111010000110 "
#1136
b10001001110101 "
#1137
b1111010100110 "
#1138
b10001001000000 "
#1139
b1111010111110 "
#1140
b10001001011001 "
#1141
b1111010010101 "
#1142
b10001001100000 "
#1143
b1111010011110 "
#1144
b10001001110011 "
#1145
b1111010001100 "
#1146
b10001010001111 "
#1147
b1111001101100 "
#1148
b10001010101011 "
#1149
b1111001111011 "
#1150
b11111001110011 "
#1151
b11111011110010 "
#1152
b1111010010010 "
#1153
b10001001100000 "
#1154
b1111010011111 "
#1155
b10001001010001 "
#1156
b1111010110000 "
#1157
b10001001010001 "
#1158
b1111010101110 "
#1159
b10001001001101 "
#1160
b1111010111011 "
#1161
b10001001001101 "
#1162
b1111010101000 "
#1163
b10001001101010 "
#1164
b1111010011000 "
#1165
b10001001011000 "
#1166
b1111010011101 "
#1167
b10001001110111 "
#1168
b1111001111101 "
#1169
b10001001110000 "
#1170
b1111010000000 "
#1171
b10001001100110 "
#1172
b1111001110110 "
#1173
b10001010000000 "
#1174
b1111001111101 "
#1175
b10001001011110 "
#1176
b1111010101100 "
#1177
b10001001010010 "
#1178
b1111010100011 "
#1179
b10001001001110 "
#1180
b1111010011010 "
#1181
b10001001100101 "
#1182
b1111010111010 "
#1183
b10001001000011 "
#1184
b1111010110111 "
#1185
b10111011110101 "
#1186
b11111011010111 "
#1187
b1111010110111 "
#1188
b10111001001000 "
#1189
b1111010101011 "
#1190
b10001001110110 "
#1191
b1111010001000 "
#1192
b10001001111010 "
#1193
b1111001011010 "
#1194
b10001010001101 "
#1195
b1111001110100 "
#1196
b10001001111110 "
#1197
b1111001101111 "
#1198
b10001001111111 "
#1199
b1111001100010 "
#1200
b10001001111010 "
#1201
b1111001111010 "
#1202
b10001001101001 "
#1203
b1111010100111 "
#1204
b10001001101100 "
#1205
b1111010000010 "
#1206
b10001001010110 "
#1207
b1111010011001 "
#1208
b10001001010100 "
#1209
b1111010110010 "
#1210
b10001001011001 "
#1211
b1111010100110 "
#1212
b10001001010101 "
#1213
b1111010110001 "
#1214
b10001001011111 "
#1215
b1111010001101 "
#1216
b10001001111111 "
#1217
b1111001111111 "
#1218
b10001001111010 "
#1219
b1111010000110 "
#1220
b10011001111110 "
#1221
b1111001111111 "
#1222
b11111001111111 "
#1223
b10111001101010 "
#1224
b1111010001001 "
#1225
b10111001010110 "
#1226
b1111010010100 "
#1227
b10001001101010 "
#1228
b1111010010101 "
#1229
b10001001101010 "
#1230
b1111010101010 "
#1231
b10001001011100 "
#1232
b1111010101000 "
#1233
b10001001110001 "
#1234
b1111010010111 "
#1235
b10001001011100 "
#1236
b1111010100001 "
#1237
b10001001111010 "
#1238
b1111010000111 "
#1239
b10001001111010 "
#1240
b1111010000000 "
#1241
b10001001100000 "
#1242
b1111010000111 "
#1243
b10001010000110 "
#1244
b1111001110010 "
#1245
b10001001101110 "
#1246
b1111010010111 "
#1247
b10001001101011 "
#1248
b1111010011111 "
#1249
b10001001011000 "
#1250
b1111010111100 "
#1251
b10001001011100 "
#1252
b1111010010110 "
#1253
b10001001010111 "
#1254
b1111010010110 "
#1255
b10001001001010 "
#1256
b1111010111111 "
#1257
b11111011111111 "
#1258
b11111011011101 "
#1259
b1111010001101 "
#1260
b10111001111110 "
#1261
b1111001111101 "
#1262
b10001010000000 "
#1263
b1111001100010 "
#1264
b10001001111110 "
#1265
b1111001111111 "
#1266
b10001010010100 "
#1267
b1111001100010 "
#1268
b10001001101111 "
#1269
b1111010000010 "
#1270
b10001010000000 "
#1271
b1111001111010 "
#1272
b10001001101111 "
#1273
b1111010010111 "
#1274
b10001001011110 "
#1275
b1111010100110 "
#1276
b10001001000010 "
#1277
b1111010111100 "
#1278
b10001001000001 "
#1279
b1111011001111 "
#1280
b10001001000011 "
#1281
b1111010100101 "
#1282
b10001001010100 "
#1283
b1111010011101 "
#1284
b10001001100110 "
#1285
b1111010011110 "
#1286
b10001001111000 "
#1287
b1111001101010 "
#1288
b10001001111001 "
#1289
b1111001100001 "
#1290
b10001001111101 "
#1291
b1111001110001 "
#1292
b10111010110101 "
#1293
b11111011011110 "
#1294
b11111001011010 "
#1295
b11111001110101 "
#1296
b1111001110100 "
#1297
b10001010001011 "
#1298
b1111001100010 "
#1299
b10001001101100 "
#1300
b1111010001101 "
#1301
b10001001101101 "
#1302
b1111001110010 "
#1303
b10001001001000 "
#1304
b1111010111110 "
#1305
b10001001001110 "
#1306
b1111010101001 "
#1307
b10001001111001 "
#1308
b1111010000101 "
#1309
b10001001101101 "
#1310
b1111001111111 "
#1311
b10001001111010 "
#1312
b1111001111000 "
#1313
b10001010001010 "
#1314
b1111001100010 "
#1315
b10001001101110 "
#1316
b1111001110101 "
#1317
b10001010010110 "
#1318
b1111001001010 "
#1319
b10001010010010 "
#1320
b1111001101000 "
#1321
b10001001111101 "
#1322
b1111010010000 "
#1323
b10001001001010 "
#1324
b1111010110010 "
#1325
b10001001000101 "
#1326
b1111010100101 "
#1327
b10001001110000 "
#1328
b1111010110010 "
#1329
b11111011100010 "
#1330
b11111001100011 "
#1331
b1111011010011 "
#1332
b11111001111010 "
#1333
b1111001101000 "
#1334
b10001010001100 "
#1335
b1111001111101 "
#1336
b10001010000101 "
#1337
b1111001101000 "
#1338
b10001001111111 "
#1339
b1111001011001 "
#1340
b10001010010010 "
#1341
b1111001011100 "
#1342
b10001001111011 "
#1343
b1111010001100 "
#1344
b10001001111101 "
#1345
b1111001101100 "
#1346
b10001001100110 "
#1347
b1111010000000 "
#1348
b10001001101010 "
#1349
b1111001111011 "
#1350
b10001001101101 "
#1351
b1111001111000 "
#1352
b10001001011101 "
#1353
b1111010000100 "
#1354
b10001001101000 "
#1355
b1111010010001 "
#1356
b10001001111101 "
#1357
b1111001100100 "
#1358
b10001010011000 "
#1359
b1111000101111 "
#1360
b10001010011111 "
#1361
b1111001000100 "
#1362
b10001010101010 "
#1363
b1111000111011 "
#1364
b10111010111011 "
#1365
b11111010111110 "
#1366
b1111010111110 "
#1367
b11111011010101 "
#1368
b1111001010100 "
#1369
b10001010001111 "
#1370
b1111001110101 "
#1371
b10001001111110 "
#1372
b1111010000000 "
#1373
b10001001101111 "
#1374
b1111010001101 "
#1375
b10001001101001 "
#1376
b1111010011000 "
#1377
b10001001111000 "
#1378
b1111001101101 "
#1379
b10001001111001 "
#1380
b1111001101100 "
#1381
b10001001110000 "
#1382
b1111001111010 "
#1383
b10001010011010 "
#1384
b1111001010100 "
#1385
b10001010001110 "
#1386
b1111001010010 "
#1387
b10001010100100 "
#1388
b1111001000110 "
#1389
b10001010011010 "
#1390
b1111001010110 "
#1391
b10001010001000 "
#1392
b1111001110111 "
#1393
b10001001110101 "
#1394
b1111010001100 "
#1395
b10001001101000 "
#1396
b1111010000000 "
#1397
b10001001111110 "
#1398
b1111001101110 "
#1399
b10001010101110 "
#1400
b1111011111110 "
#1401
b11111001110111 "
#1402
b11111001111111 "
#1403
b1111001111110 "
#1404
b10101010000110 "
#1405
b1111001011010 "
#1406
b10001010011111 "
#1407
b1111001001010 "
#1408
b10001010100101 "
#1409
b1111000100101 "
#1410
b10001010101011 "
#1411
b1111000111111 "
#1412
b10001010011001 "
#1413
b1111001010101 "
#1414
b10001010011011 "
#1415
b1111001011010 "
#1416
b10001001111010 "
#1417
b1111001100111 "
#1418
b10001010000010 "
#1419
b1111001101110 "
#1420
b10001001111011 "
#1421
b1111001101000 "
#1422
b10001001110110 "
#1423
b1111010010000 "
#1424
b10001001111111 "
#1425
b1111001101011 "
#1426
b10001010001111 "
#1427
b1111001011101 "
#1428
b10001010000101 "
#1429
b1111001001010 "
#1430
b10001010101000 "
#1431
b1111001000000 "
#1432
b10001010100010 "
#1433
b1111000111011 "
#1434
b10001010011001 "
#1435
b1111001011001 "
#1436
b11111011100011 "
#1437
b11111010110011 "
#1438
b1111010111011 "
#1439
b10001010011011 "
#1440
b1111001000110 "
#1441
b10001010000000 "
#1442
b1111001100111 "
#1443
b10001001110010 "
#1444
b1111001111010 "
#1445
b10001010001110 "
#1446
b1111001111000 "
#1447
b10001001110111 "
#1448
b1111001110100 "
#1449
b10001001111000 "
#1450
b1111001010111 "
#1451
b10001010100000 "
#1452
b1111000111001 "
#1453
b10001010101110 "
#1454
b1111000110100 "
#1455
b10001010100011 "
#1456
b1111000110001 "
#1457
b10001010110111 "
#1458
b1111000101000 "
#1459
b10001011000101 "
#1460
b1111000101111 "
#1461
b10001010001101 "
#1462
b1111001100110 "
#1463
b10001001111101 "
#1464
b1111001100111 "
#1465
b10001001111001 "
#1466
b1111001110110 "
#1467
b10001010000111 "
#1468
b1111001010110 "
#1469
b10001010010101 "
#1470
b1111001110100 "
#1471
b10111010101111 "
#1472
b11111011111111 "
#1473
b11111001111011 "
#1474
b11111001111010 "
#1475
b1111001100101 "
#1476
b10111010100111 "
#1477
b1111000111011 "
#1478
b10001010011110 "
#1479
b1111000111010 "
#1480
b10001010100100 "
#1481
b1111000111011 "
#1482
b10001010011010 "
#1483
b1111000110011 "
#1484
b10001010110110 "
#1485
b1111001000100 "
#1486
b10001010000110 "
#1487
b1111001101000 "
#1488
b10001010011010 "
#1489
b1111001011101 "
#1490
b10001010000010 "
#1491
b1111001110101 "
#1492
b10001001110011 "
#1493
b1111001110100 "
#1494
b10001010000000 "
#1495
b1111001010011 "
#1496
b10001010001111 "
#1497
b1111001011010 "
#1498
b10001010100100 "
#1499
b1111000111101 "
#1500
b10001010100000 "
#1501
b1111001000001 "
#1502
b10001010101001 "
#1503
b1111000101111 "
#1504
b10001010111101 "
#1505
b1111000011100 "
#1506
b10001011011001 "
#1507
b1111010101001 "
#1508
b11111010101000 "
#1509
b11111010111010 "
#1511
b11111010110010 "
#1512
b1111010110010 "
#1513
b10001010100011 "
#1514
b1111001000001 "
#1515
b10001001111110 "
#1516
b1111001101111 "
#1517
b10001010000110 "
#1518
b1111001010100 "
#1519
b10001001111100 "
#1520
b1111001110111 "
#1521
b10001010000101 "
#1522
b1111001011000 "
#1523
b10001010011111 "
#1524
b1111001000000 "
#1525
b10001010101101 "
#1526
b1111000000110 "
#1527
b10001011000110 "
#1528
b1111000011000 "
#1529
b10001011000010 "
#1530
b1111000011100 "
#1531
b10001010110100 "
#1532
b1111000011010 "
#1533
b10001010100010 "
#1534
b1111000110011 "
#1535
b10001010101001 "
#1536
b1111001001100 "
#1537
b10001010011011 "
#1538
b1111000101011 "
#1539
b10001010010011 "
#1540
b1111001010011 "
#1541
b10001010010011 "
#1542
b1111001010111 "
#1543
b10111010011101 "
#1544
b11111011011101 "
#1545
b1111001001100 "
#1546
b10111010100101 "
#1547
b11111010111100 "
#1548
b10001010111100 "
#1549
b1111000100001 "
#1550
b10001010111010 "
#1551
b1111000101001 "
#1552
b10001010100010 "
#1553
b1111000111111 "
#1554
b10001010111011 "
#1555
b1111000100101 "
#1556
b10001011011011 "
#1557
b1111000001000 "
#1558
b10001011001100 "
#1559
b1111000001011 "
#1560
b10001010100110 "
#1561
b1111000111001 "
#1562
b10001010100010 "
#1563
b1111000111101 "
#1564
b10001010000111 "
#1565
b1111001000001 "
#1566
b10001010011101 "
#1567
b1111000110011 "
#1568
b10001010100010 "
#1569
b1111000101111 "
#1570
b10001010111010 "
#1571
b1111000010000 "
#1572
b10001011010001 "
#1573
b1111000000000 "
#1574
b10001011011000 "
#1575
b1110111111010 "
#1576
b10001011010110 "
#1577
b1110111110110 "
#1578
b10011011110110 "
#1579
b1111011000010 "
#1580
b11111011010110 "
#1581
b10111111110110 "
#1582
b1110111110110 "
#1583
b10111011000110 "
#1584
b1111000110010 "
#1585
b10001010011101 "
#1586
b1111000111011 "
#1587
b10001010110001 "
#1588
b1111000100100 "
#1589
b10001010010101 "
#1590
b1111001001010 "
#1591
b10001010100101 "
#1592
b1111000100010 "
#1593
b10001010111011 "
#1594
b1111000011001 "
#1595
b10001010110110 "
#1596
b1111000011100 "
#1597
b10001010110001 "
#1598
b1111000101000 "
#1599
b10001011000000 "
#1600
b1111000001011 "
#1601
b10001011010011 "
#1602
b1110111100000 "
#1603
b10001011100001 "
#1604
b1110111110010 "
#1605
b10001010111000 "
#1606
b1111000101101 "
#1607
b10001010101100 "
#1608
b1111001000001 "
#1609
b10001010000111 "
#1610
b1111001010010 "
#1611
b10001010100001 "
#1612
b1111001001000 "
#1613
b10001010011011 "
#1614
b1111001011011 "
#1615
b11111011011111 "
#1616
b11111010111111 "
#1617
b1111010111011 "
#1618
b10111010111000 "
#1619
b1111011001111 "
#1620
b10001011011111 "
#1621
b1110111101111 "
#1622
b10001011001110 "
#1623
b1110111110000 "
#1624
b10001011000111 "
#1625
b1111000010000 "
#1626
b10001011001111 "
#1627
b1111000001010 "
#1628
b10001011000110 "
#1629
b1111000001000 "
#1630
b10001011000101 "
#1631
b1111000010010 "
#1632
b10001010111011 "
#1633
b1111000100000 "
#1634
b10001010101110 "
#1635
b1111000010111 "
#1636
b10001010110011 "
#1637
b1111000101000 "
#1638
b10001010100010 "
#1639
b1111001000110 "
#1640
b10001010101111 "
#1641
b1111000010010 "
#1642
b10001010111011 "
#1643
b1111000010111 "
#1644
b10001010101110 "
#1645
b1110111111111 "
#1646
b10001011101111 "
#1647
b1110111011100 "
#1648
b10001011001111 "
#1649
b1111000001010 "
#1650
b10111011001000 "
#1651
b11111011001110 "
#1652
b11111011011110 "
#1653
b10111011010110 "
#1654
b1110111110100 "
#1655
b10111011001100 "
#1656
b1111000001100 "
#1657
b10001010101110 "
#1658
b1111001000000 "
#1659
b10001010001010 "
#1660
b1111000111111 "
#1661
b10001010110111 "
#1662
b1111000011000 "
#1663
b10001010110001 "
#1664
b1111000011010 "
#1665
b10001010100011 "
#1666
b1111000100110 "
#1667
b10001011000100 "
#1668
b1111000010000 "
#1669
b10001011010101 "
#1670
b1110111101000 "
#1671
b10001011101011 "
#1672
b1110111100100 "
#1673
b10001011010011 "
#1674
b1110111100100 "
#1675
b10001011000100 "
#1676
b1111000000010 "
#1677
b10001011011010 "
#1678
b1110111111100 "
#1679
b10001010110111 "
#1680
b1111000011111 "
#1681
b10001010101001 "
#1682
b1111000011001 "
#1683
b10001010100101 "
#1684
b1111000110010 "
#1685
b10001010010010 "
#1686
b1111011011111 "
#1687
b11111011001111 "
#1688
b10111010011000 "
#1689
b1111010110101 "
#1690
b11111010110010 "
#1691
b11111010100110 "
#1692
b10001010100110 "
#1693
b1111000110011 "
#1694
b10001010101000 "
#1695
b1111000101001 "
#1696
b10001011001100 "
#1697
b1110111111000 "
#1698
b10001011001110 "
#1699
b1110111101010 "
#1700
b10001011001011 "
#1701
b1111000001110 "
#1702
b10001010111100 "
#1703
b1111000011000 "
#1704
b10001011001011 "
#1705
b1111000001011 "
#1706
b10001010110100 "
#1707
b1111000110101 "
#1708
b10001010010100 "
#1709
b1111001011110 "
#1710
b10001010100101 "
#1711
b1111000100010 "
#1712
b10001010110100 "
#1713
b1111000010000 "
#1714
b10001010111100 "
#1715
b1111000011111 "
#1716
b10001011000010 "
#1717
b1111000001011 "
#1718
b10001011000001 "
#1719
b1111000010110 "
#1720
b10001011010101 "
#1721
b1110111111111 "
#1722
b10111111111110 "
#1723
b11111111100101 "
#1724
b1110111101001 "
#1725
b10111011000101 "
#1726
b1111010011000 "
#1727
b10111010111000 "
#1728
b1111000101000 "
#1729
b10001010100101 "
#1730
b1111000111011 "
#1731
b10001010100001 "
#1732
b1111000100000 "
#1733
b10001010100111 "
#1734
b1111000011110 "
#1735
b10001010100111 "
#1736
b1111000101110 "
#1737
b10001011000101 "
#1738
b1110111110011 "
#1739
b10001011101000 "
#1740
b1110111101011 "
#1741
b10001011100011 "
#1742
b1110111001101 "
#1743
b10001011110111 "
#1744
b1110110110110 "
#1745
b10001100001000 "
#1746
b1110111011011 "
#1747
b10001011100010 "
#1748
b1110111110000 "
#1749
b10001011000010 "
#1750
b1111000110101 "
#1751
b10001010111001 "
#1752
b1111000101001 "
#1753
b10001010101001 "
#1754
b1111000011110 "
#1755
b10001010101110 "
#1756
b1111000001101 "
#1757
b10011010111111 "
#1758
b1111111111110 "
#1759
b11111111101110 "
#1760
b10111011111110 "
#1761
b1110111111111 "
#1762
b10111011001011 "
#1763
b1110111010111 "
#1764
b10001011101101 "
#1765
b1110111011011 "
#1766
b10001011100010 "
#1767
b1111000000000 "
#1768
b10001010101101 "
#1769
b1111000010010 "
#1770
b10001011011101 "
#1771
b1110111011010 "
#1772
b10001011011100 "
#1773
b1111000000001 "
#1774
b10001010111011 "
#1775
b1111000100100 "
#1776
b10001010100110 "
#1777
b1111000110110 "
#1778
b10001010010101 "
#1779
b1111001001110 "
#1780
b10001010100011 "
#1781
b1111000100110 "
#1782
b10001010101011 "
#1783
b1111000011000 "
#1784
b10001010111110 "
#1785
b1111000001001 "
#1786
b10001010111010 "
#1787
b1111000101000 "
#1788
b10001011001100 "
#1789
b1110111110110 "
#1790
b10001011100101 "
#1791
b1110111011000 "
#1792
b10001011110101 "
#1793
b1110111100101 "
#1794
b11111111111101 "
#1796
b1110111111101 "
#1797
b10101011000111 "
#1798
b1111000010001 "
#1799
b10001010101000 "
#1800
b1111000100011 "
#1801
b10001010101011 "
#1802
b1111000011110 "
#1803
b10001010110111 "
#1804
b1111000101000 "
#1805
b10001010101010 "
#1806
b1111000111011 "
#1807
b10001010101110 "
#1808
b1111000100101 "
#1809
b10001010110111 "
#1810
b1111000001101 "
#1811
b10001011010101 "
#1812
b1110111110101 "
#1813
b10001011010111 "
#1814
b1110111110100 "
#1815
b10001011011011 "
#1816
b1110111110011 "
#1817
b10001011010011 "
#1818
b1110111110100 "
#1819
b10001011000101 "
#1820
b1111000010000 "
#1821
b10001010111100 "
#1822
b1111000011110 "
#1823
b10001010111010 "
#1824
b1111000001100 "
#1825
b10001011000000 "
#1826
b1111000100110 "
#1827
b10001010101110 "
#1828
b1111000011110 "
#1829
b10111010111110 "
#1830
b11111010101110 "
#1831
b11111010110110 "
#1832
b11111010110001 "
#1833
b1111011100000 "
#1834
b10001011001011 "
#1835
b1111001001110 "
#1836
b10001011001010 "
#1837
b1111000001000 "
#1838
b10001011010010 "
#1839
b1110111000111 "
#1840
b10001011110001 "
#1841
b1110111011100 "
#1842
b10001011010010 "
#1843
b1111000000001 "
#1844
b10001010110100 "
#1845
b1111000101001 "
#1846
b10001010101101 "
#1847
b1111000011100 "
#1848
b10001010111110 "
#1849
b1111000101110 "
#1850
b10001010100000 "
#1851
b1111000111001 "
#1852
b10001010010011 "
#1853
b1111000101100 "
#1854
b10001011000011 "
#1855
b1110111111100 "
#1856
b10001011000110 "
#1857
b1111000010001 "
#1858
b10001010111111 "
#1859
b1111000000000 "
#1860
b10001010111010 "
#1861
b1111000000110 "
#1862
b10001011011010 "
#1863
b1110111101010 "
#1864
b10011011111110 "
#1865
b1111111011111 "
#1866
b11110111100011 "
#1867
b10111010111001 "
#1868
b1111000000100 "
#1869
b10001010111001 "
#1870
b1111010101000 "
#1871
b10001010111000 "
#1872
b1111000011110 "
#1873
b10001010100000 "
#1874
b1111000110100 "
#1875
b10001010100010 "
#1876
b1111001011100 "
#1877
b10001010011100 "
#1878
b1111000101110 "
#1879
b10001010101111 "
#1880
b1111000100001 "
#1881
b10001010111110 "
#1882
b1111000000101 "
#1883
b10001011001101 "
#1884
b1111000001111 "
#1885
b10001010110111 "
#1886
b1111000010011 "
#1887
b10001011010100 "
#1888
b1110111110101 "
#1889
b10001011001110 "
#1890
b1111000000011 "
#1891
b10001011001001 "
#1892
b1110111110110 "
#1893
b10001010111110 "
#1894
b1111000100010 "
#1895
b10001010011011 "
#1896
b1111001000011 "
#1897
b10001010010110 "
#1898
b1111000111001 "
#1899
b10001010110111 "
#1900
b1111000111111 "
#1901
b10111010111110 "
#1902
b11111010110110 "
#1903
b1111010001101 "
#1904
b10111010110110 "
#1905
b1111011010001 "
#1906
b10001011000011 "
#1907
b1111000010110 "
#1908
b10001010110110 "
#1909
b1111000010010 "
#1910
b10001011100010 "
#1911
b1110111100011 "
#1912
b10001011010100 "
#1913
b1111000010011 "
#1914
b10001010111011 "
#1915
b1111000011101 "
#1916
b10001010100000 "
#1917
b1111000100111 "
#1918
b10001010010101 "
#1919
b1111001010111 "
#1920
b10001010000011 "
#1921
b1111001101000 "
#1922
b10001010001010 "
#1923
b1111001010100 "
#1924
b10001010100001 "
#1925
b1111000100010 "
#1926
b10001011010111 "
#1927
b1111000000111 "
#1928
b10001011000000 "
#1929
b1111000000110 "
#1930
b10001011001011 "
#1931
b1110111111000 "
#1932
b10001011110001 "
#1933
b1110111110010 "
#1934
b10001011010110 "
#1935
b1110111111010 "
#1936
b10111011111010 "
#1937
b11111011111000 "
#1938
b11111000111101 "
#1939
b11111010101110 "
#1940
b11111010110110 "
#1941
b10111010110110 "
#1942
b1111000011101 "
#1943
b10001010001010 "
#1944
b1111001100101 "
#1945
b10001010011010 "
#1946
b1111001011001 "
#1947
b10001010001110 "
#1948
b1111001011101 "
#1949
b10001001101011 "
#1950
b1111001110110 "
#1951
b10001010010101 "
#1952
b1111000110111 "
#1953
b10001010111001 "
#1954
b1111000011000 "
#1955
b10001010110011 "
#1956
b1111000011010 "
#1957
b10001011001110 "
#1958
b1111000001010 "
#1959
b10001010111011 "
#1960
b1111000100011 "
#1961
b10001010101001 "
#1962
b1111000100110 "
#1963
b10001010100111 "
#1964
b1111000111100 "
#1965
b10001010001110 "
#1966
b1111001100110 "
#1967
b10001010010011 "
#1968
b1111000111011 "
#1969
b10001010001110 "
#1970
b1111001010111 "
#1971
b10001010011101 "
#1972
b1111001001111 "
#1973
b11111011111110 "
#1974
b11111010110111 "
#1975
b1111010110001 "
#1976
b11111010110001 "
#1977
b1111010100000 "
#1978
b10001010110101 "
#1979
b1111000011011 "
#1980
b10001011011001 "
#1981
b1111000001111 "
#1982
b10001010111100 "
#1983
b1111000011010 "
#1984
b10001010101010 "
#1985
b1111000111101 "
#1986
b10001010101110 "
#1987
b1111001001001 "
#1988
b10001010000011 "
#1989
b1111001000111 "
#1990
b10001010011011 "
#1991
b1111001010111 "
#1992
b10001001111110 "
#1993
b1111001110101 "
#1994
b10001010000101 "
#1995
b1111001000001 "
#1996
b10001010010100 "
#1997
b1111001011000 "
#1998
b10001010010111 "
#1999
b1111001000100 "
#2000
b10001010110110 "
#2001
b1111000011100 "
#2002
b10001011000110 "
#2003
b1111000011010 "
#2004
b10001010111100 "
#2005
b1111000010101 "
#2006
b10001011000011 "
#2007
b1111000100010 "
#2008
b10111010100110 "
#2009
b11111011100111 "
#2010
b1111001011111 "
#2011
b11111001111110 "
#2012
b1111001011010 "
#2013
b10001010000100 "
#2014
b1111001001010 "
#2015
b10001010011010 "
#2016
b1111001011100 "
#2017
b10001001110101 "
#2018
b1111010001111 "
#2019
b10001001110001 "
#2020
b1111001100101 "
#2021
b10001010000000 "
#2022
b1111001011100 "
#2023
b10001010100011 "
#2024
b1111000110010 "
#2025
b10001010101000 "
#2026
b1111000110100 "
#2027
b10001010101100 "
#2028
b1111000011110 "
#2029
b10001010110000 "
#2030
b1111000100111 "
#2031
b10001010100000 "
#2032
b1111000011000 "
#2033
b10001010101010 "
#2034
b1111000110000 "
#2035
b10001010110000 "
#2036
b1111001000100 "
#2037
b10001001111010 "
#2038
b1111001101000 "
#2039
b10001010010110 "
#2040
b1111001011110 "
#2041
b10001010000110 "
#2042
b1111001110100 "
#2043
b10001001111011 "
#2044
b1111001111111 "
#2045
b11111001111111 "
#2047
b1111001011000 "
#2048
b10101010001001 "
#2049
b1111001101100 "
#2050
b10001010010000 "
#2051
b1111001101110 "
#2052
b10001010000001 "
#2053
b1111001010100 "
#2054
b10001010011111 "
#2055
b1111001000100 "
#2056
b10001010110100 "
#2057
b1111001000001 "
#2058
b10001010000111 "
#2059
b1111001101110 "
#2060
b10001001101011 "
#2061
b1111001111000 "
#2062
b10001001110000 "
#2063
b1111001111110 "
#2064
b10001001110010 "
#2065
b1111010000110 "
#2066
b10001001110110 "
#2067
b1111001110100 "
#2068
b10001010001001 "
#2069
b1111001100000 "
#2070
b10001010011000 "
#2071
b1111001001101 "
#2072
b10001010010011 "
#2073
b1111001010001 "
#2074
b10001010001100 "
#2075
b1111001000011 "
#2076
b10001010110010 "
#2077
b1111000110101 "
#2078
b10001010100101 "
#2079
b1111000111101 "
#2080
b10111010111101 "
#2081
b11111010100101 "
#2082
b1111001011010 "
#2083
b10001010001010 "
#2084
b1111001110001 "
#2085
b10001010000101 "
#2086
b1111001110011 "
#2087
b10001001111000 "
#2088
b1111010010101 "
#2089
b10001001010110 "
#2090
b1111010100000 "
#2091
b10001001111111 "
#2092
b1111001110001 "
#2093
b10001010000100 "
#2094
b1111001101001 "
#2095
b10001010010011 "
#2096
b1111001011111 "
#2097
b10001010100110 "
#2098
b1111000111110 "
#2099
b10001010100110 "
#2100
b1111001000111 "
#2101
b10001010011110 "
#2102
b1111000101010 "
#2103
b10001010011110 "
#2104
b1111001000011 "
#2105
b10001010000010 "
#2106
b1111001110010 "
#2107
b10001010000111 "
#2108
b1111001101110 "
#2109
b10001001100101 "
#2110
b1111010000100 "
#2111
b10001001011101 "
#2112
b1111010011000 "
#2113
b10001001010011 "
#2114
b1111010011110 "
#2115
b10111001101110 "
#2116
b1111001101100 "
#2117
b11111001111110 "
#2118
b10111001111010 "
#2119
b1111010001111 "
#2120
b10111001111110 "
#2121
b1111001011100 "
#2122
b10001010000000 "
#2123
b1111001010101 "
#2124
b10001001111001 "
#2125
b1111001101010 "
#2126
b10001010001101 "
#2127
b1111001101110 "
#2128
b10001001101000 "
#2129
b1111001111011 "
#2130
b10001001111110 "
#2131
b1111001110011 "
#2132
b10001001101111 "
#2133
b1111001111000 "
#2134
b10001001111011 "
#2135
b1111001111010 "
#2136
b10001001101100 "
#2137
b1111010011111 "
#2138
b10001001011100 "
#2139
b1111010010001 "
#2140
b10001001101101 "
#2141
b1111001101100 "
#2142
b10001001101011 "
#2143
b1111010000100 "
#2144
b10001010001011 "
#2145
b1111001010101 "
#2146
b10001010011101 "
#2147
b1111001001011 "
#2148
b10001010000010 "
#2149
b1111001101000 "
#2150
b10001010100001 "
#2151
b1111001110001 "
#2152
b11111001111011 "
#2153
b11111001111111 "
#2156
b1111001111101 "
#2157
b10001001110010 "
#2158
b1111010010001 "
#2159
b10001001010111 "
#2160
b1111010101100 "
#2161
b10001001011110 "
#2162
b1111010010010 "
#2163
b10001001100000 "
#2164
b1111010001100 "
#2165
b10001001100100 "
#2166
b1111010010101 "
#2167
b10001001110111 "
#2168
b1111010000111 "
#2169
b10001001101110 "
#2170
b1111010001001 "
#2171
b10001001111001 "
#2172
b1111001110111 "
#2173
b10001010000111 "
#2174
b1111001110010 "
#2175
b10001001100011 "
#2176
b1111010101110 "
#2177
b10001001111011 "
#2178
b1111001111000 "
#2179
b10001001011011 "
#2180
b1111010100101 "
#2181
b10001001001110 "
#2182
b1111010110101 "
#2183
b10001000101111 "
#2184
b1111011001011 "
#2185
b10001000110011 "
#2186
b1111011110011 "
#2187
b10111011010111 "
#2188
b11111011100101 "
#2189
b1111010101001 "
#2190
b10111001011101 "
#2191
b1111010011101 "
#2192
b10111001101100 "
#2193
b1111001111101 "
#2194
b10001001111001 "
#2195
b1111010000011 "
#2196
b10001001110111 "
#2197
b1111001111011 "
#2198
b10001001100100 "
#2199
b1111010011010 "
#2200
b10001001011000 "
#2201
b1111010100000 "
#2202
b10001001011010 "
#2203
b1111010101000 "
#2204
b10001001010110 "
#2205
b1111010011101 "
#2206
b10001001000100 "
#2207
b1111011001001 "
#2208
b10001000111100 "
#2209
b1111011000110 "
#2210
b10001001010100 "
#2211
b1111010101001 "
#2212
b10001000111110 "
#2213
b1111010101111 "
#2214
b10001001011001 "
#2215
b1111010011111 "
#2216
b10001001100111 "
#2217
b1111010001100 "
#2218
b10001001111000 "
#2219
b1111001111101 "
#2220
b10001001111010 "
#2221
b1111010010011 "
#2222
b10111001111111 "
#2223
b1111011101100 "
#2224
b11111011101100 "
#2225
b10111011010010 "
#2226
b1111011000000 "
#2227
b10101000111111 "
#2228
b1111010101101 "
#2229
b10001000111110 "
#2230
b1111011010111 "
#2231
b10001000111101 "
#2232
b1111011000001 "
#2233
b10001001001011 "
#2234
b1111010111100 "
#2235
b10001001000110 "
#2236
b1111010111111 "
#2237
b10001001011000 "
#2238
b1111010100101 "
#2239
b10001001011101 "
#2240
b1111010100101 "
#2241
b10001001000101 "
#2242
b1111010010110 "
#2243
b10001001100110 "
#2244
b1111010011000 "
#2245
b10001001011011 "
#2246
b1111010111101 "
#2247
b10001001000110 "
#2248
b1111010110010 "
#2249
b10001001001101 "
#2250
b1111010110110 "
#2251
b10001001001000 "
#2252
b1111011010100 "
#2253
b10001000101100 "
#2254
b1111011001110 "
#2255
b10001000110011 "
#2256
b1111011010100 "
#2257
b10001000110001 "
#2258
b1111011110011 "
#2259
b11111011111011 "
#2260
b11111010111011 "
#2261
b1111010110011 "
#2262
b10111001110010 "
#2263
b1111010110110 "
#2264
b10001001011100 "
#2265
b1111010011010 "
#2266
b10001001100100 "
#2267
b1111010010000 "
#2268
b10001001011010 "
#2269
b1111010100001 "
#2270
b10001001001101 "
#2271
b1111010111101 "
#2272
b10001001000010 "
#2273
b1111010110011 "
#2274
b10001000111001 "
#2275
b1111011100001 "
#2276
b10001000100100 "
#2277
b1111011011011 "
#2278
b10001000111000 "
#2279
b1111011100100 "
#2280
b10001000011100 "
#2281
b1111011100110 "
#2282
b10001000010111 "
#2283
b1111011100011 "
#2284
b10001000110101 "
#2285
b1111011010010 "
#2286
b10001001000111 "
#2287
b1111010101110 "
#2288
b10001000111111 "
#2289
b1111010110111 "
#2290
b10001000111111 "
#2291
b1111011001011 "
#2292
b10001000111110 "
#2293
b1111010111011 "
#2294
b10111001101111 "
#2295
b11111011101101 "
#2296
b11111010101110 "
#2297
b11111011000010 "
#2298
b1111011000000 "
#2299
b10111011101111 "
#2300
b1111011101111 "
#2301
b10001000101000 "
#2302
b1111011101010 "
#2303
b10001000101010 "
#2304
b1111011010100 "
#2305
b10001000100111 "
#2306
b1111011101011 "
#2307
b10001001000111 "
#2308
b1111010110000 "
#2309
b10001001000000 "
#2310
b1111011001010 "
#2311
b10001000110110 "
#2312
b1111010111011 "
#2313
b10001001010010 "
#2314
b1111010111010 "
#2315
b10001000110111 "
#2316
b1111011001001 "
#2317
b10001000111110 "
#2318
b1111011010001 "
#2319
b10001000110001 "
#2320
b1111011010110 "
#2321
b10001000110000 "
#2322
b1111011100110 "
#2323
b10001000101100 "
#2324
b1111011100011 "
#2325
b10001000000000 "
#2326
b1111100001010 "
#2327
b10001000010000 "
#2328
b1111011101100 "
#2329
b10001000100010 "
#2330
b1111011101111 "
#2331
b11111011101101 "
#2332
b10111011100010 "
#2333
b1111011010010 "
#2334
b10101011111001 "
#2335
b1111011001000 "
#2336
b10001000110001 "
#2337
b1111011001011 "
#2338
b10001000110001 "
#2339
b1111011010001 "
#2340
b10001000111111 "
#2341
b1111011011111 "
#2342
b10001000110010 "
#2343
b1111011001111 "
#2344
b10001000111000 "
#2345
b1111011000110 "
#2346
b10001000101100 "
#2347
b1111011101001 "
#2348
b10001000011000 "
#2349
b1111011110110 "
#2350
b10000111100101 "
#2351
b1111100010101 "
#2352
b10000111110001 "
#2353
b1111100001000 "
#2354
b10001000100010 "
#2355
b1111011010010 "
#2356
b10001000111001 "
#2357
b1111011110000 "
#2358
b10001000010111 "
#2359
b1111011010100 "
#2360
b10001000110011 "
#2361
b1111011001001 "
#2362
b10001000111101 "
#2363
b1111011100010 "
#2364
b10001000100100 "
#2365
b1111011110010 "
#2366
b10111011110110 "
#2367
b11111011100110 "
#2369
b10111011100111 "
#2370
b1111011101011 "
#2371
b10001011101111 "
#2372
b1111011111101 "
#2373
b10001000000001 "
#2374
b1111100001011 "
#2375
b10001000010101 "
#2376
b1111100010111 "
#2377
b10001000000001 "
#2378
b1111011111100 "
#2379
b10001000010011 "
#2380
b1111011101111 "
#2381
b10001000100000 "
#2382
b1111011010100 "
#2383
b10001000110011 "
#2384
b1111011100010 "
#2385
b10001000101100 "
#2386
b1111011011101 "
#2387
b10001001010010 "
#2388
b1111011010111 "
#2389
b10001000111010 "
#2390
b1111011100001 "
#2391
b10001000100001 "
#2392
b1111011110010 "
#2393
b10000111110101 "
#2394
b1111100011001 "
#2395
b10001000000000 "
#2396
b1111100000011 "
#2397
b10001000001000 "
#2398
b1111100010101 "
#2399
b10000111110100 "
#2400
b1111100011001 "
#2401
b10111111111111 "
#2402
b1111111110110 "
#2403
b11111011110111 "
#2404
b10111100000111 "
#2405
b1111100001000 "
#2406
b10111100010111 "
#2407
b1111100000111 "
#2408
b10001000000011 "
#2409
b1111011101110 "
#2410
b10001000101010 "
#2411
b1111011110001 "
#2412
b10001000100011 "
#2413
b1111011101011 "
#2414
b10001000101010 "
#2415
b1111011100011 "
#2416
b10001000000110 "
#2417
b1111100001110 "
#2418
b10001000000000 "
#2419
b1111100000110 "
#2420
b10000111011110 "
#2421
b1111100100000 "
#2422
b10000111011100 "
#2423
b1111100011111 "
#2424
b10000111101111 "
#2425
b1111100010000 "
#2426
b10001000010110 "
#2427
b1111100000111 "
#2428
b10001000001001 "
#2429
b1111011101110 "
#2430
b10001000101000 "
#2431
b1111011101001 "
#2432
b10001000100010 "
#2433
b1111011100110 "
#2434
b10001000010111 "
#2435
b1111011011010 "
#2436
b10001000011100 "
#2437
b1111011111101 "
#2438
b11111011111111 "
#2439
b11101011010111 "
#2440
b1111011101010 "
#2441
b10001001011100 "
#2442
b1111011110001 "
#2443
b10000111100111 "
#2444
b1111100101011 "
#2445
b10000111100100 "
#2446
b1111100100110 "
#2447
b10001000000000 "
#2448
b1111100000100 "
#2449
b10000111111010 "
#2450
b1111100001000 "
#2451
b10001000001101 "
#2452
b1111011110100 "
#2453
b10001000011101 "
#2454
b1111100000100 "
#2455
b10000111111110 "
#2456
b1111011110110 "
#2457
b10001000011101 "
#2458
b1111011100111 "
#2459
b10001000110101 "
#2460
b1111011100001 "
#2461
b10001000001110 "
#2462
b1111011111110 "
#2463
b10001000000011 "
#2464
b1111100010110 "
#2465
b10000111111100 "
#2466
b1111100010111 "
#2467
b10001000000000 "
#2468
b1111011110000 "
#2469
b10001000001001 "
#2470
b1111100001011 "
#2471
b10000111111001 "
#2472
b1111100111011 "
#2473
b10111111111011 "
#2474
b11111111111111 "
#2475
b11111011111101 "
#2476
b10111100010010 "
#2477
b1111100000001 "
#2478
b10101011001010 "
#2479
b1111011100011 "
#2480
b10001000111011 "
#2481
b1111011011011 "
#2482
b10001000100111 "
#2483
b1111100000011 "
#2484
b10001000011100 "
#2485
b1111011110110 "
#2486
b10001000011110 "
#2487
b1111100001000 "
#2488
b10001000001110 "
#2489
b1111011110110 "
#2490
b10001000010111 "
#2491
b1111011111110 "
#2492
b10000111100001 "
#2493
b1111100011011 "
#2494
b10001000010100 "
#2495
b1111100000001 "
#2496
b10001000000010 "
#2497
b1111100001111 "
#2498
b10001000000110 "
#2499
b1111011110001 "
#2500
b10001000101100 "
#2501
b1111011101011 "
#2502
b10001000011010 "
#2503
b1111011010100 "
#2504
b10001000011100 "
#2505
b1111011100111 "
#2506
b10001000110101 "
#2507
b1111011010001 "
#2508
b10001000111000 "
#2509
b1111011111111 "
#2510
b11111011100111 "
#2511
b10111011110101 "
#2512
b1111011110101 "
#2513
b10000111111010 "
#2514
b1111101011100 "
#2515
b10000111011101 "
#2516
b1111100011100 "
#2517
b10000111111111 "
#2518
b1111011110011 "
#2519
b10001000000100 "
#2520
b1111100010010 "
#2521
b10000111111110 "
#2522
b1111100010001 "
#2523
b10001000100000 "
#2524
b1111011011110 "
#2525
b10001000011010 "
#2526
b1111011101001 "
#2527
b10001000100000 "
#2528
b1111011111001 "
#2529
b10001000101110 "
#2530
b1111011101000 "
#2531
b10001000010001 "
#2532
b1111011100000 "
#2533
b10001000010100 "
#2534
b1111011111010 "
#2535
b10001000000001 "
#2536
b1111100011100 "
#2537
b10000111110011 "
#2538
b1111100100010 "
#2539
b10000111100101 "
#2540
b1111100011000 "
#2541
b10001000001101 "
#2542
b1111100000010 "
#2543
b10001000001111 "
#2544
b1111011111111 "
#2545
b10111011111110 "
#2546
b11111011010100 "
#2547
b1111011111101 "
#2548
b10001000011101 "
#2549
b1111011100010 "
#2550
b10001000101001 "
#2551
b1111011110110 "
#2552
b10001000011001 "
#2553
b1111011101100 "
#2554
b10001000011111 "
#2555
b1111011110110 "
#2556
b10001000110000 "
#2557
b1111100000100 "
#2558
b10000111101111 "
#2559
b1111100000011 "
#2560
b10001000000000 "
#2561
b1111100000001 "
#2562
b10000111110001 "
#2563
b1111100011111 "
#2564
b10001000000000 "
#2565
b1111100001111 "
#2566
b10001000000100 "
#2567
b1111100001101 "
#2568
b10000111111100 "
#2569
b1111100001101 "
#2570
b10000111111101 "
#2571
b1111100001111 "
#2572
b10001000001101 "
#2573
b1111011111001 "
#2574
b10001000010111 "
#2575
b1111011101100 "
#2576
b10001000101100 "
#2577
b1111011011110 "
#2578
b10001000100100 "
#2579
b1111011111011 "
#2580
b10010111111011 "
#2581
b1111111111101 "
#2582
b11111111110101 "
#2583
b10000111110101 "
#2584
b1111100001011 "
#2585
b10000111111111 "
#2586
b1111100000000 "
#2587
b10000111111100 "
#2588
b1111100100010 "
#2589
b10000111100101 "
#2590
b1111100110110 "
#2591
b10000111110010 "
#2592
b1111100000010 "
#2593
b10001000001110 "
#2594
b1111100001000 "
#2595
b10001000000001 "
#2596
b1111100000001 "
#2597
b10001000011111 "
#2598
b1111011101100 "
#2599
b10001000011000 "
#2600
b1111011110011 "
#2601
b10001000100101 "
#2602
b1111011011011 "
#2603
b10001000100000 "
#2604
b1111100000100 "
#2605
b10001000001011 "
#2606
b1111100001110 "
#2607
b10000111111110 "
#2608
b1111011111000 "
#2609
b10000111111001 "
#2610
b1111100101010 "
#2611
b10000111011100 "
#2612
b1111100101110 "
#2613
b10000111110110 "
#2614
b1111100001111 "
#2615
b10000111100110 "
#2616
b1111100111110 "
#2617
b11111111111111 "
#2618
b11100111111111 "
#2619
b1111100010110 "
#2620
b10111011010110 "
#2621
b1111011110011 "
#2622
b10001001010001 "
#2623
b1111011011111 "
#2624
b10001000111110 "
#2625
b1111011100111 "
#2626
b10001000110001 "
#2627
b1111011010100 "
#2628
b10001000011100 "
#2629
b1111011011100 "
#2630
b10001000010110 "
#2631
b1111011110011 "
#2632
b10001000000001 "
#2633
b1111100000110 "
#2634
b10000111111001 "
#2635
b1111011111011 "
#2636
b10000111111011 "
#2637
b1111100100000 "
#2638
b10000111011011 "
#2639
b1111100010010 "
#2640
b10001000000000 "
#2641
b1111100001000 "
#2642
b10001000001001 "
#2643
b1111011110101 "
#2644
b10001000011110 "
#2645
b1111011010001 "
#2646
b10001000101111 "
#2647
b1111011010110 "
#2648
b10001000011100 "
#2649
b1111011110010 "
#2650
b10001000100101 "
#2651
b1111100100110 "
#2652
b10111100011111 "
#2653
b11111100011111 "
#2654
b1111111110110 "
#2655
b10110111110100 "
#2656
b1111100011000 "
#2657
b10000111100011 "
#2658
b1111100100001 "
#2659
b10000111101100 "
#2660
b1111100100110 "
#2661
b10000111110110 "
#2662
b1111100010101 "
#2663
b10001000011010 "
#2664
b1111011101010 "
#2665
b10001000100001 "
#2666
b1111100000011 "
#2667
b10001000110001 "
#2668
b1111011110111 "
#2669
b10001000101010 "
#2670
b1111011010010 "
#2671
b10001000010110 "
#2672
b1111011100001 "
#2673
b10001001000001 "
#2674
b1111011100100 "
#2675
b10001000010011 "
#2676
b1111100001110 "
#2677
b10001000000011 "
#2678
b1111011101000 "
#2679
b10000111111000 "
#2680
b1111100011001 "
#2681
b10000111111110 "
#2682
b1111100100010 "
#2683
b10000111011100 "
#2684
b1111100010110 "
#2685
b10001000000000 "
#2686
b1111100001101 "
#2687
b10001000001000 "
#2688
b1111100001001 "
#2689
b11111100111001 "
#2690
b10111011110101 "
#2691
b1111011100101 "
#2692
b10101000011011 "
#2693
b1111011011100 "
#2694
b10001000101000 "
#2695
b1111011100110 "
#2696
b10001000011110 "
#2697
b1111011011011 "
#2698
b10001000100100 "
#2699
b1111011011111 "
#2700
b10001000100000 "
#2701
b1111011110001 "
#2702
b10001000000011 "
#2703
b1111100010110 "
#2704
b10000111111001 "
#2705
b1111100000101 "
#2706
b10000111111100 "
#2707
b1111100010001 "
#2708
b10001000001111 "
#2709
b1111100011010 "
#2710
b10000111101110 "
#2711
b1111100000101 "
#2712
b10001000011101 "
#2713
b1111011100010 "
#2714
b10001000011110 "
#2715
b1111011101111 "
#2716
b10001000011111 "
#2717
b1111011101010 "
#2718
b10001000110011 "
#2719
b1111011011000 "
#2720
b10001000100110 "
#2721
b1111011011101 "
#2722
b10001000101111 "
#2723
b1111011100111 "
#2724
b10111011100111 "
#2725
b11111011111010 "
#2726
b1111011111010 "
#2727
b10001000000110 "
#2728
b1111011111001 "
#2729
b10001000010000 "
#2730
b1111100000101 "
#2731
b10001000001001 "
#2732
b1111011110111 "
#2733
b10001000010110 "
#2734
b1111011111111 "
#2735
b10001000011010 "
#2736
b1111011111000 "
#2737
b10001000011100 "
#2738
b1111011111010 "
#2739
b10001000010100 "
#2740
b1111011110100 "
#2741
b10001000011000 "
#2742
b1111011011111 "
#2743
b10001000110101 "
#2744
b1111011100001 "
#2745
b10001000101110 "
#2746
b1111011101001 "
#2747
b10001000011111 "
#2748
b1111011111010 "
#2749
b10001000000111 "
#2750
b1111100001111 "
#2751
b10001000000101 "
#2752
b1111100000110 "
#2753
b10001000001011 "
#2754
b1111011111001 "
#2755
b10001000010100 "
#2756
b1111100000011 "
#2757
b10001000011110 "
#2758
b1111011111001 "
#2759
b10011000110001 "
#2760
b1111100010011 "
#2761
b11111100100010 "
#2762
b10111011100011 "
#2763
b1111011100001 "
#2764
b10111011100100 "
#2765
b1111011101001 "
#2766
b10001000100011 "
#2767
b1111011100111 "
#2768
b10001000100000 "
#2769
b1111011001001 "
#2770
b10001001000000 "
#2771
b1111011001010 "
#2772
b10001000101110 "
#2773
b1111011100111 "
#2774
b10001000011000 "
#2775
b1111011011111 "
#2776
b10001001000000 "
#2777
b1111011010100 "
#2778
b10001000100110 "
#2779
b1111011111000 "
#2780
b10001000000001 "
#2781
b1111011101010 "
#2782
b10001000010110 "
#2783
b1111011101101 "
#2784
b10001000101010 "
#2785
b1111011010111 "
#2786
b10001000101010 "
#2787
b1111010111011 "
#2788
b10001001000011 "
#2789
b1111010110100 "
#2790
b10001001010100 "
#2791
b1111010101110 "
#2792
b10001001010110 "
#2793
b1111010101101 "
#2794
b10001001001011 "
#2795
b1111010111011 "
#2796
b11111010111100 "
#2797
b11111011101101 "
#2798
b1111011100101 "
#2799
b10111011100111 "
#2800
b1111011100111 "
#2801
b10001000110011 "
#2802
b1111011001111 "
#2803
b10001000100000 "
#2804
b1111011110101 "
#2805
b10001000101101 "
#2806
b1111011110000 "
#2807
b10001000111101 "
#2808
b1111011001100 "
#2809
b10001000101101 "
#2810
b1111011001011 "
#2811
b10001000110111 "
#2812
b1111010110011 "
#2813
b10001001011100 "
#2814
b1111010110000 "
#2815
b10001001001000 "
#2816
b1111011000110 "
#2817
b10001001000110 "
#2818
b1111011010010 "
#2819
b10001000110010 "
#2820
b1111011100001 "
#2821
b10001000100111 "
#2822
b1111011100011 "
#2823
b10001000011100 "
#2824
b1111011101100 "
#2825
b10001000100011 "
#2826
b1111011101111 "
#2827
b10001000011110 "
#2828
b1111011101100 "
#2829
b10001000101010 "
#2830
b1111011100010 "
#2831
b10111010110011 "
#2832
b11111011110011 "
#2833
b11111011011011 "
#2834
b10001001001011 "
#2835
b1111010111101 "
#2836
b10001000111101 "
#2837
b1111011000100 "
#2838
b10001001000011 "
#2839
b1111010101011 "
#2840
b10001001000111 "
#2841
b1111010100110 "
#2842
b10001000111001 "
#2843
b1111011010110 "
#2844
b10001000100111 "
#2845
b1111011010000 "
#2846
b10001000110001 "
#2847
b1111011101010 "
#2848
b10001000101101 "
#2849
b1111011110101 "
#2850
b10001000011110 "
#2851
b1111011100100 "
#2852
b10001000100100 "
#2853
b1111011001110 "
#2854
b10001000100010 "
#2855
b1111011100101 "
#2856
b10001001000001 "
#2857
b1111011001101 "
#2858
b10001001000001 "
#2859
b1111010011110 "
#2860
b10001001011001 "
#2861
b1111010110011 "
#2862
b10001001110100 "
#2863
b1111010010100 "
#2864
b10001001010000 "
#2865
b1111010100101 "
#2866
b10001001100101 "
#2867
b1111011001100 "
#2868
b11111011001111 "
#2869
b10111011101111 "
#2870
b1111010101100 "
#2871
b10111011010100 "
#2872
b1111011000100 "
#2873
b10001000111011 "
#2874
b1111011001111 "
#2875
b10001000110011 "
#2876
b1111011110000 "
#2877
b10001000110000 "
#2878
b1111011010000 "
#2879
b10001000100000 "
#2880
b1111011010101 "
#2881
b10001001001110 "
#2882
b1111010110010 "
#2883
b10001001110010 "
#2884
b1111010101010 "
#2885
b10001001010010 "
#2886
b1111010100110 "
#2887
b10001001011011 "
#2888
b1111011000001 "
#2889
b10001001100010 "
#2890
b1111010111010 "
#2891
b10001000111111 "
#2892
b1111011000100 "
#2893
b10001000101110 "
#2894
b1111011011110 "
#2895
b10001000100011 "
#2896
b1111011110111 "
#2897
b10001000101000 "
#2898
b1111011000110 "
#2899
b10001000101001 "
#2900
b1111011011011 "
#2901
b10001001000000 "
#2902
b1111011010001 "
#2903
b10111011111111 "
#2904
b11111011111111 "
#2905
b1111011001111 "
#2906
b10111001001011 "
#2907
b1111010111101 "
#2908
b10001001000010 "
#2909
b1111011000001 "
#2910
b10001001011101 "
#2911
b1111010010101 "
#2912
b10001001001100 "
#2913
b1111010110010 "
#2914
b10001001000100 "
#2915
b1111010111111 "
#2916
b10001000101001 "
#2917
b1111011101101 "
#2918
b10001001000010 "
#2919
b1111010101010 "
#2920
b10001001001000 "
#2921
b1111011010100 "
#2922
b10001000010010 "
#2923
b1111011101000 "
#2924
b10001000110011 "
#2925
b1111011010010 "
#2926
b10001001001101 "
#2927
b1111010100111 "
#2928
b10001001100100 "
#2929
b1111010100000 "
#2930
b10001001010111 "
#2931
b1111010110011 "
#2932
b10001001100001 "
#2933
b1111010101001 "
#2934
b10001001010000 "
#2935
b1111010100010 "
#2936
b10001001010111 "
#2937
b1111011010100 "
#2938
b10111000111101 "
#2939
b11111011111011 "
#2940
b11111011011011 "
#2941
b10001000110111 "
#2942
b1111011001001 "
#2943
b10001000100101 "
#2944
b1111011010011 "
#2945
b10001001000011 "
#2946
b1111011010011 "
#2947
b10001000110001 "
#2948
b1111011010001 "
#2949
b10001000101001 "
#2950
b1111011010001 "
#2951
b10001001001010 "
#2952
b1111010111011 "
#2953
b10001001000001 "
#2954
b1111011000101 "
#2955
b10001001000000 "
#2956
b1111010101101 "
#2957
b10001001010101 "
#2958
b1111010101000 "
#2959
b10001001010101 "
#2960
b1111010110110 "
#2961
b10001001000001 "
#2962
b1111010100111 "
#2963
b10001001001011 "
#2964
b1111011001010 "
#2965
b10001000101111 "
#2966
b1111011010011 "
#2967
b10001000100100 "
#2968
b1111011000110 "
#2969
b10001000111011 "
#2970
b1111011011001 "
#2971
b10001000100111 "
#2972
b1111011110000 "
#2973
b10001000111010 "
#2974
b1111010111011 "
#2975
b11111011111101 "
#2976
b10001001011110 "
#2977
b1111010101001 "
#2978
b10111001101100 "
#2979
b1111010011101 "
#2980
b10001001100110 "
#2981
b1111010001010 "
#2982
b10001001110011 "
#2983
b1111010011111 "
#2984
b10001001011100 "
#2985
b1111010101100 "
#2986
b10001001011010 "
#2987
b1111010101110 "
#2988
b10001001011000 "
#2989
b1111010101011 "
#2990
b10001000111110 "
#2991
b1111011000101 "
#2992
b10001000110001 "
#2993
b1111011101101 "
#2994
b10001000101010 "
#2995
b1111011001101 "
#2996
b10001001011101 "
#2997
b1111010011111 "
#2998
b10001001010000 "
#2999
b1111010111010 "
#3000
b10001001001100 "
#3001
b1111010111111 "
#3002
b10001000111010 "
#3003
b1111010110101 "
#3004
b10001001010011 "
#3005
b1111010001111 "
#3006
b10001001101111 "
#3007
b1111010011110 "
#3008
b10001001010110 "
#3009
b1111011010110 "
#3010
b10111011111111 "
#3011
b11111011111111 "
#3012
b1111011000101 "
#3013
b10111011111110 "
#3014
b1111011001110 "
#3015
b10001000100101 "
#3016
b1111011001110 "
#3017
b10001000011101 "
#3018
b1111011001011 "
#3019
b10001000100001 "
#3020
b1111011011010 "
#3021
b10001001010110 "
#3022
b1111010101101 "
#3023
b10001001101110 "
#3024
b1111010100110 "
#3025
b10001001001110 "
#3026
b1111010010000 "
#3027
b10001001100011 "
#3028
b1111010011101 "
#3029
b10001001111010 "
#3030
b1111010010101 "
#3031
b10001001001100 "
#3032
b1111010011000 "
#3033
b10001001011001 "
#3034
b1111010011010 "
#3035
b10001001000010 "
#3036
b1111011000010 "
#3037
b10001001000000 "
#3038
b1111010110100 "
#3039
b10001000111000 "
#3040
b1111011011100 "
#3041
b10001000101000 "
#3042
b1111011110000 "
#3043
b10001000111010 "
#3044
b1111010111111 "
#3045
b10011001111111 "
#3046
b1111011110101 "
#3047
b11111011110101 "
#3048
b10111001011011 "
#3049
b1111010111010 "
#3050
b10111001111010 "
#3051
b1111010111000 "
#3052
b10001000111110 "
#3053
b1111010010000 "
#3054
b10001001110101 "
#3055
b1111010011001 "
#3056
b10001001101000 "
#3057
b1111010110110 "
#3058
b10001000110111 "
#3059
b1111011001101 "
#3060
b10001000111011 "
#3061
b1111011001011 "
#3062
b10001000101011 "
#3063
b1111011010010 "
#3064
b10001000111010 "
#3065
b1111011010010 "
#3066
b10001000101100 "
#3067
b1111011011000 "
#3068
b10001001000000 "
#3069
b1111011000110 "
#3070
b10001001010001 "
#3071
b1111010111000 "
#3072
b10001000111000 "
#3073
b1111010111100 "
#3074
b10001001010111 "
#3075
b1111010100001 "
#3076
b10001001101110 "
#3077
b1111001111010 "
#3078
b10001001101101 "
#3079
b1111010001010 "
#3080
b10001001010011 "
#3081
b1111011010011 "
#3082
b10111011000111 "
#3083
b11111011001111 "
#3084
b11111011001101 "
#3085
b11111011000110 "
#3086
b1111011000110 "
#3087
b10001001100100 "
#3088
b1111011011110 "
#3089
b10001000100110 "
#3090
b1111011011101 "
#3091
b10001001000100 "
#3092
b1111011001101 "
#3093
b10001000111010 "
#3094
b1111011000000 "
#3095
b10001001011100 "
#3096
b1111010000000 "
#3097
b10001001101111 "
#3098
b1111010001001 "
#3099
b10001001101111 "
#3100
b1111010010100 "
#3101
b10001001011110 "
#3102
b1111010010101 "
#3103
b10001001101110 "
#3104
b1111010010110 "
#3105
b10001001001001 "
#3106
b1111011000011 "
#3107
b10001001000010 "
#3108
b1111011001010 "
#3109
b10001000101010 "
#3110
b1111011011100 "
#3111
b10001001000011 "
#3112
b1111011011010 "
#3113
b10001000101011 "
#3114
b1111011100100 "
#3115
b10001000101000 "
#3116
b1111010111011 "
#3117
b10111001111111 "
#3118
b11111011011111 "
#3120
b10111011101111 "
#3121
b1111011101111 "
#3122
b10101001001111 "
#3123
b1111010011001 "
#3124
b10001001000111 "
#3125
b1111010110011 "
#3126
b10001001100010 "
#3127
b1111010101010 "
#3128
b10001000110100 "
#3129
b1111011001011 "
#3130
b10001001000011 "
#3131
b1111010101111 "
#3132
b10001001001101 "
#3133
b1111011001100 "
#3134
b10001000111010 "
#3135
b1111011001100 "
#3136
b10001000101101 "
#3137
b1111011011011 "
#3138
b10001000110011 "
#3139
b1111011000100 "
#3140
b10001001000101 "
#3141
b1111010111101 "
#3142
b10001000100100 "
#3143
b1111011011001 "
#3144
b10001001000001 "
#3145
b1111010110100 "
#3146
b10001001100010 "
#3147
b1111010101111 "
#3148
b10001001010000 "
#3149
b1111010101101 "
#3150
b10001001000100 "
#3151
b1111010100010 "
#3152
b10001001010010 "
#3153
b1111010111011 "
#3154
b11111011101011 "
#3155
b10111001011100 "
#3156
b1111010100100 "
#3157
b10111011111010 "
#3158
b1111011011001 "
#3159
b10001000100001 "
#3160
b1111011100100 "
#3161
b10001001000100 "
#3162
b1111010110111 "
#3163
b10001001101001 "
#3164
b1111010100100 "
#3165
b10001001010000 "
#3166
b1111010110011 "
#3167
b10001001100101 "
#3168
b1111010100101 "
#3169
b10001001100111 "
#3170
b1111010011001 "
#3171
b10001001101100 "
#3172
b1111010000001 "
#3173
b10001001101111 "
#3174
b1111010011100 "
#3175
b10001001100100 "
#3176
b1111010011111 "
#3177
b10001001001000 "
#3178
b1111011000010 "
#3179
b10001000100101 "
#3180
b1111010111010 "
#3181
b10001001100010 "
#3182
b1111010110101 "
#3183
b10001001000001 "
#3184
b1111011000000 "
#3185
b10001000101111 "
#3186
b1111011010011 "
#3187
b10001000101001 "
#3188
b1111011100011 "
#3189
b10111011101011 "
#3190
b11111011101001 "
#3191
b1111010011100 "
#3192
b10111001010101 "
#3193
b1111010010111 "
#3194
b10001001011110 "
#3195
b1111010000110 "
#3196
b10001001111010 "
#3197
b1111010011000 "
#3198
b10001001010011 "
#3199
b1111010011011 "
#3200
b10001001001111 "
#3201
b1111011000010 "
#3202
b10001000101011 "
#3203
b1111011011111 "
#3204
b10001001000010 "
#3205
b1111010111110 "
#3206
b10001001001101 "
#3207
b1111011010100 "
#3208
b10001000110111 "
#3209
b1111011010100 "
#3210
b10001000110011 "
#3211
b1111010111111 "
#3212
b10001000101110 "
#3213
b1111010111001 "
#3214
b10001001010110 "
#3215
b1111010100010 "
#3216
b10001001101100 "
#3217
b1111010010010 "
#3218
b10001001001110 "
#3219
b1111010011001 "
#3220
b10001001101100 "
#3221
b1111010000011 "
#3222
b10001001101011 "
#3223
b1111010010110 "
#3224
b10011001011110 "
#3225
b1111011111001 "
#3226
b11111010101101 "
#3227
b10111011101101 "
#3228
b1111011001110 "
#3229
b10111001010010 "
#3230
b1111011000001 "
#3231
b10001001001000 "
#3232
b1111010111000 "
#3233
b10001001010000 "
#3234
b1111010101101 "
#3235
b10001001010001 "
#3236
b1111011000011 "
#3237
b10001001001011 "
#3238
b1111010110011 "
#3239
b10001001001001 "
#3240
b1111010110000 "
#3241
b10001001010100 "
#3242
b1111010011010 "
#3243
b10001001110000 "
#3244
b1111010011100 "
#3245
b10001001011011 "
#3246
b1111010100011 "
#3247
b10001001010000 "
#3248
b1111010101101 "
#3249
b10001001001100 "
#3250
b1111011000110 "
#3251
b10001001000010 "
#3252
b1111010110010 "
#3253
b10001001010000 "
#3254
b1111010110001 "
#3255
b10001000111110 "
#3256
b1111011011101 "
#3257
b10001000110011 "
#3258
b1111011001000 "
#3259
b10001001010001 "
#3260
b1111010111101 "
#3261
b11111011101101 "
#3262
b11111001011011 "
#3263
b1111010011111 "
#3264
b10111001011111 "
#3265
b1111010101110 "
#3266
b10001010000010 "
#3267
b1111001111101 "
#3268
b10001001110100 "
#3269
b1111001110100 "
#3270
b10001001111011 "
#3271
b1111001111101 "
#3272
b10001001101001 "
#3273
b1111010100101 "
#3274
b10001001010111 "
#3275
b1111010101110 "
#3276
b10001001000111 "
#3277
b1111011001011 "
#3278
b10001001000011 "
#3279
b1111010111111 "
#3280
b10001001000100 "
#3281
b1111010100110 "
#3282
b10001001000000 "
#3283
b1111010110000 "
#3284
b10001001100111 "
#3285
b1111010001110 "
#3286
b10001001111000 "
#3287
b1111010000101 "
#3288
b10001001110000 "
#3289
b1111010001110 "
#3290
b10001001100011 "
#3291
b1111010100111 "
#3292
b10001001110101 "
#3293
b1111001111010 "
#3294
b10001001011000 "
#3295
b1111010011111 "
#3296
b10111001011111 "
#3297
b11111011011010 "
#3298
b11111010101011 "
#3299
b10001001010010 "
#3300
b1111010101101 "
#3301
b10111001001101 "
#3302
b1111010101110 "
#3303
b10001001010000 "
#3304
b1111010101101 "
#3305
b10001001010010 "
#3306
b1111010111000 "
#3307
b10001001100110 "
#3308
b1111010100001 "
#3309
b10001001010001 "
#3310
b1111010110010 "
#3311
b10001001100111 "
#3312
b1111010000110 "
#3313
b10001001110110 "
#3314
b1111010000011 "
#3315
b10001001100101 "
#3316
b1111010100010 "
#3317
b10001001100011 "
#3318
b1111010100100 "
#3319
b10001001011011 "
#3320
b1111010111001 "
#3321
b10001001010110 "
#3322
b1111010011101 "
#3323
b10001001100000 "
#3324
b1111010101011 "
#3325
b10001001010100 "
#3326
b1111010111010 "
#3327
b10001001001000 "
#3328
b1111011000001 "
#3329
b10001000111010 "
#3330
b1111011000001 "
#3331
b10001001000100 "
#3332
b1111010110101 "
#3333
b11111011111101 "
#3334
b10111001101110 "
#3335
b11111010000011 "
#3336
b10111010110111 "
#3337
b1111001110110 "
#3338
b10001001101100 "
#3339
b1111001110010 "
#3340
b10001001111001 "
#3341
b1111001110110 "
#3342
b10001001101011 "
#3343
b1111001111011 "
#3344
b10001001110001 "
#3345
b1111010010000 "
#3346
b10001001100011 "
#3347
b1111010101010 "
#3348
b10001000110100 "
#3349
b1111011001111 "
#3350
b10001000111111 "
#3351
b1111010100101 "
#3352
b10001001000111 "
#3353
b1111010101011 "
#3354
b10001001001100 "
#3355
b1111010111101 "
#3356
b10001001010101 "
#3357
b1111010010110 "
#3358
b10001001011101 "
#3359
b1111010001011 "
#3360
b10001001111011 "
#3361
b1111010000000 "
#3362
b10001010000001 "
#3363
b1111001110110 "
#3364
b10001001110011 "
#3365
b1111001111110 "
#3366
b10001001100110 "
#3367
b1111010111110 "
#3368
b10111011111110 "
#3369
b11111011101010 "
#3370
b1111011100001 "
#3371
b10001001000000 "
#3372
b1111010111111 "
#3373
b10001001001110 "
#3374
b1111010100111 "
#3375
b10001001000100 "
#3376
b1111011000010 "
#3377
b10001001001010 "
#3378
b1111010101000 "
#3379
b10001001000111 "
#3380
b1111010011111 "
#3381
b10001001100001 "
#3382
b1111010010010 "
#3383
b10001001111110 "
#3384
b1111010000001 "
#3385
b10001001100101 "
#3386
b1111010001010 "
#3387
b10001001110011 "
#3388
b1111010000010 "
#3389
b10001001111100 "
#3390
b1111001110110 "
#3391
b10001001101001 "
#3392
b1111010000111 "
#3393
b10001001100110 "
#3394
b1111010001110 "
#3395
b10001001101010 "
#3396
b1111010010110 "
#3397
b10001010000100 "
#3398
b1111001110101 "
#3399
b10001001100001 "
#3400
b1111010110011 "
#3401
b10001001011000 "
#3402
b1111010010010 "
#3403
b10011001111111 "
#3404
b1111011111111 "
#3405
b11111011101011 "
#3406
b10111001100101 "
#3407
b1111010001100 "
#3408
b10001001100011 "
#3409
b1111010001001 "
#3410
b10001010001111 "
#3411
b1111001011110 "
#3412
b10001001111111 "
#3413
b1111010001110 "
#3414
b10001001100000 "
#3415
b1111010001010 "
#3416
b10001001110010 "
#3417
b1111010000101 "
#3418
b10001001101100 "
#3419
b1111010011000 "
#3420
b10001000111101 "
#3421
b1111010111101 "
#3422
b10001001000100 "
#3423
b1111010101110 "
#3424
b10001001100001 "
#3425
b1111010001101 "
#3426
b10001001101000 "
#3427
b1111001111000 "
#3428
b10001001111010 "
#3429
b1111001110110 "
#3430
b10001001111011 "
#3431
b1111001110111 "
#3432
b10001010010010 "
#3433
b1111001100010 "
#3434
b10001001110111 "
#3435
b1111001001111 "
#3436
b10001010010010 "
#3437
b1111001101110 "
#3438
b10001001100000 "
#3439
b1111010110011 "
#3440
b11111011011011 "
#3441
b11111001101001 "
#3442
b1111010011100 "
#3443
b10001001011110 "
#3444
b1111010100101 "
#3445
b10001001001100 "
#3446
b1111010101000 "
#3447
b10001001101000 "
#3448
b1111010001001 "
#3449
b10001001010010 "
#3450
b1111010100101 "
#3451
b10001001100010 "
#3452
b1111010001101 "
#3453
b10001001101110 "
#3454
b1111010000010 "
#3455
b10001010000010 "
#3456
b1111001010111 "
#3457
b10001010011000 "
#3458
b1111001100000 "
#3459
b10001010011001 "
#3460
b1111001010101 "
#3461
b10001010010010 "
#3462
b1111001010000 "
#3463
b10001001111010 "
#3464
b1111001110111 "
#3465
b10001001100110 "
#3466
b1111010011001 "
#3467
b10001001100100 "
#3468
b1111001101010 "
#3469
b10001001110011 "
#3470
b1111001110110 "
#3471
b10001001111010 "
#3472
b1111010010000 "
#3473
b10001001110110 "
#3474
b1111001111110 "
#3475
b10011001111110 "
#3476
b11111001111111 "
#3477
b11111011011111 "
#3478
b10111011111101 "
#3479
b1111001111100 "
#3480
b10101010100000 "
#3481
b1111001001001 "
#3482
b10001010010101 "
#3483
b1111001011011 "
#3484
b10001010011110 "
#3485
b1111001000110 "
#3486
b10001010010110 "
#3487
b1111001110111 "
#3488
b10001010001111 "
#3489
b1111001101000 "
#3490
b10001001111100 "
#3491
b1111010001101 "
#3492
b10001001100100 "
#3493
b1111010010100 "
#3494
b10001001101011 "
#3495
b1111001101010 "
#3496
b10001010010000 "
#3497
b1111001011110 "
#3498
b10001001111110 "
#3499
b1111001101100 "
#3500
b10001010011100 "
#3501
b1111001001110 "
#3502
b10001010011001 "
#3503
b1111001001011 "
#3504
b10001010001110 "
#3505
b1111000110111 "
#3506
b10001010101101 "
#3507
b1111000111001 "
#3508
b10001010001010 "
#3509
b1111001100111 "
#3510
b10001001111110 "
#3511
b1111010011111 "
#3512
b11111011010111 "
#3513
b10111001010110 "
#3514
b1111010100100 "
#3515
b10111001101010 "
#3516
b1111010100001 "
#3517
b10001001110110 "
#3518
b1111010000110 "
#3519
b10001001001100 "
#3520
b1111010111010 "
#3521
b10001001011010 "
#3522
b1111010001010 "
#3523
b10001001111001 "
#3524
b1111001100101 "
#3525
b10001010000111 "
#3526
b1111001010000 "
#3527
b10001010010110 "
#3528
b1111001100111 "
#3529
b10001010000101 "
#3530
b1111001101011 "
#3531
b10001010000010 "
#3532
b1111001010100 "
#3533
b10001001111000 "
#3534
b1111001111001 "
#3535
b10001010000010 "
#3536
b1111001110101 "
#3537
b10001010000000 "
#3538
b1111001110000 "
#3539
b10001001111101 "
#3540
b1111001111001 "
#3541
b10001001101100 "
#3542
b1111010000001 "
#3543
b10001001111110 "
#3544
b1111001100100 "
#3545
b10001010001000 "
#3546
b1111001110110 "
#3547
b10111001110110 "
#3548
b11111011110111 "
#3549
b1111010001111 "
#3550
b10111010001110 "
#3551
b1111001100000 "
#3552
b10001010000110 "
#3553
b1111001011101 "
#3554
b10001010100011 "
#3555
b1111001010010 "
#3556
b10001010100000 "
#3557
b1111001010111 "
#3558
b10001001110010 "
#3559
b1111001111110 "
#3560
b10001001110101 "
#3561
b1111001111011 "
#3562
b10001001111000 "
#3563
b1111001111010 "
#3564
b10001001101100 "
#3565
b1111010011101 "
#3566
b10001010000010 "
#3567
b1111001110001 "
#3568
b10001010000101 "
#3569
b1111001101010 "
#3570
b10001010000100 "
#3571
b1111001110001 "
#3572
b10001010001001 "
#3573
b1111001101111 "
#3574
b10001010010010 "
#3575
b1111001000101 "
#3576
b10001010110111 "
#3577
b1111000111000 "
#3578
b10001010001010 "
#3579
b1111001010111 "
#3580
b10001010010010 "
#3581
b1111001110000 "
#3582
b10011001110010 "
#3583
b1111011111110 "
#3584
b11111011111100 "
#3585
b10111001111111 "
#3586
b11111001101111 "
#3587
b11111001101100 "
#3588
b11111001100000 "
#3589
b10001001110000 "
#3590
b1111010000110 "
#3591
b10001010000001 "
#3592
b1111001110010 "
#3593
b10001010010001 "
#3594
b1111001100010 "
#3595
b10001001110110 "
#3596
b1111001101010 "
#3597
b10001010100010 "
#3598
b1111000111001 "
#3599
b10001010110011 "
#3600
b1111000111001 "
#3601
b10001010100100 "
#3602
b1111000101100 "
#3603
b10001010011111 "
#3604
b1111001001100 "
#3605
b10001010101111 "
#3606
b1111001001101 "
#3607
b10001010001010 "
#3608
b1111001011110 "
#3609
b10001001110100 "
#3610
b1111010000000 "
#3611
b10001010000000 "
#3612
b1111010000001 "
#3613
b10001001101110 "
#3614
b1111001101101 "
#3615
b10001001101001 "
#3616
b1111001100000 "
#3617
b10001010010111 "
#3618
b1111001010111 "
#3619
b11111011011110 "
#3620
b11111010011011 "
#3621
b1111011011111 "
#3622
b10111010011111 "
#3623
b1111000110101 "
#3624
b10001010101010 "
#3625
b1111001011001 "
#3626
b10001010110110 "
#3627
b1111000110001 "
#3628
b10001010101100 "
#3629
b1111000101110 "
#3630
b10001010000010 "
#3631
b1111001010110 "
#3632
b10001010001100 "
#3633
b1111001100000 "
#3634
b10001010000010 "
#3635
b1111001101110 "
#3636
b10001001111001 "
#3637
b1111010001001 "
#3638
b10001010000011 "
#3639
b1111001100001 "
#3640
b10001010100010 "
#3641
b1111000101100 "
#3642
b10001010100010 "
#3643
b1111001001110 "
#3644
b10001010101101 "
#3645
b1111000011111 "
#3646
b10001010110110 "
#3647
b1111000101101 "
#3648
b10001010110100 "
#3649
b1111000010111 "
#3650
b10001011001101 "
#3651
b1111000000101 "
#3652
b10001011001100 "
#3653
b1111000100001 "
#3654
b10111010111011 "
#3655
b11111010111011 "
#3656
b11111010111001 "
#3657
b10111010011001 "
#3658
b1111001011010 "
#3659
b10001010010010 "
#3660
b1111001001001 "
#3661
b10001010100000 "
#3662
b1111001001100 "
#3663
b10001010010000 "
#3664
b1111001011001 "
#3665
b10001010010000 "
#3666
b1111001011101 "
#3667
b10001010011110 "
#3668
b1111001001110 "
#3669
b10001010011110 "
#3670
b1111001001010 "
#3671
b10001010100110 "
#3672
b1111000100001 "
#3673
b10001010100111 "
#3674
b1111001010100 "
#3675
b10001010100001 "
#3676
b1111001001100 "
#3677
b10001010011101 "
#3678
b1111001001111 "
#3679
b10001010001110 "
#3680
b1111001101010 "
#3681
b10001010001101 "
#3682
b1111001011011 "
#3683
b10001010000100 "
#3684
b1111001010001 "
#3685
b10001010001000 "
#3686
b1111001001011 "
#3687
b10001010110000 "
#3688
b1111001000011 "
#3689
b10001010010011 "
#3690
b1111011010011 "
#3691
b11111011001111 "
#3692
b10111010101111 "
#3693
b1111000010101 "
#3694
b10111010111010 "
#3695
b1111011010110 "
#3696
b10001011000010 "
#3697
b1111000100010 "
#3698
b10001011011001 "
#3699
b1110111100110 "
#3700
b10001011001100 "
#3701
b1111000001111 "
#3702
b10001010010010 "
#3703
b1111001001010 "
#3704
b10001010010000 "
#3705
b1111001000111 "
#3706
b10001010001110 "
#3707
b1111001001100 "
#3708
b10001010001000 "
#3709
b1111001111010 "
#3710
b10001010011100 "
#3711
b1111001000001 "
#3712
b10001010011101 "
#3713
b1111000101101 "
#3714
b10001010011110 "
#3715
b1111000111011 "
#3716
b10001011000000 "
#3717
b1111000000110 "
#3718
b10001010110110 "
#3719
b1111000000110 "
#3720
b10001011001011 "
#3721
b1111000001101 "
#3722
b10001011001101 "
#3723
b1111000000011 "
#3724
b10001010110000 "
#3725
b1111000110100 "
#3726
b10111010111110 "
#3727
b11111011011010 "
#3728
b1111011010101 "
#3729
b10111011010111 "
#3730
b1111001010111 "
#3731
b10111010100000 "
#3732
b1111000100001 "
#3733
b10001010111100 "
#3734
b1111000111100 "
#3735
b10001010101100 "
#3736
b1111001010001 "
#3737
b10001010110010 "
#3738
b1111000100000 "
#3739
b10001010110110 "
#3740
b1111000011001 "
#3741
b10001010110100 "
#3742
b1111000001100 "
#3743
b10001011011011 "
#3744
b1110111100110 "
#3745
b10001011011010 "
#3746
b1110111100110 "
#3747
b10001011010011 "
#3748
b1111000001111 "
#3749
b10001011000000 "
#3750
b1111000010110 "
#3751
b10001010110010 "
#3752
b1111000110011 "
#3753
b10001010110000 "
#3754
b1111000101100 "
#3755
b10001010100000 "
#3756
b1111001001110 "
#3757
b10001010001010 "
#3758
b1111001001001 "
#3759
b10001010100001 "
#3760
b1111000110010 "
#3761
b10111011110111 "
#3762
b11111111001111 "
#3763
b11110111111010 "
#3764
b10111111111011 "
#3765
b1110111111011 "
#3766
b10111011011000 "
#3767
b1111000000000 "
#3768
b10001010111111 "
#3769
b1110111111011 "
#3770
b10001011001010 "
#3771
b1111000000001 "
#3772
b10001011000011 "
#3773
b1111000000111 "
#3774
b10001010111111 "
#3775
b1111000001001 "
#3776
b10001010010111 "
#3777
b1111000111010 "
#3778
b10001010010110 "
#3779
b1111001001011 "
#3780
b10001010101001 "
#3781
b1111000111111 "
#3782
b10001010001010 "
#3783
b1111000110111 "
#3784
b10001010111100 "
#3785
b1111000010111 "
#3786
b10001010111111 "
#3787
b1111000100001 "
#3788
b10001010111111 "
#3789
b1110111101100 "
#3790
b10001011101111 "
#3791
b1110111110110 "
#3792
b10001011010110 "
#3793
b1110111111100 "
#3794
b10001011001101 "
#3795
b1110111110010 "
#3796
b10001011111010 "
#3797
b1111000101010 "
#3798
b11111010101010 "
#3799
b11111010101110 "
#3800
b11111010111100 "
#3801
b10111010111000 "
#3802
b1111000010110 "
#3803
b10001010101101 "
#3804
b1111000110001 "
#3805
b10001010100011 "
#3806
b1111001001011 "
#3807
b10001010010101 "
#3808
b1111000110101 "
#3809
b10001010101100 "
#3810
b1111000001111 "
#3811
b10001011001110 "
#3812
b1110111111110 "
#3813
b10001011101010 "
#3814
b1110111001001 "
#3815
b10001011101101 "
#3816
b1110111010010 "
#3817
b10001011010100 "
#3818
b1111000000110 "
#3819
b10001011000001 "
#3820
b1111000100010 "
#3821
b10001010110100 "
#3822
b1111000001011 "
#3823
b10001010100111 "
#3824
b1111000110010 "
#3825
b10001010011100 "
#3826
b1111001001000 "
#3827
b10001010110010 "
#3828
b1111000101000 "
#3829
b10001010100100 "
#3830
b1111000111100 "
#3831
b10001010111011 "
#3832
b1110111111110 "
#3833
b10111111111111 "
#3834
b11111111011111 "
#3835
b1110111111001 "
#3836
b10111011101110 "
#3837
b1110111101101 "
#3838
b10101011011010 "
#3839
b1110111010010 "
#3840
b10001011111100 "
#3841
b1110111001100 "
#3842
b10001011111011 "
#3843
b1110111010000 "
#3844
b10001011001100 "
#3845
b1110111111001 "
#3846
b10001010101011 "
#3847
b1111000110100 "
#3848
b10001010011111 "
#3849
b1111000110111 "
#3850
b10001010101000 "
#3851
b1111000100110 "
#3852
b10001010011001 "
#3853
b1111000111000 "
#3854
b10001010101001 "
#3855
b1111000011110 "
#3856
b10001010111110 "
#3857
b1111000010011 "
#3858
b10001011000010 "
#3859
b1110111100100 "
#3860
b10001011101100 "
#3861
b1110111000010 "
#3862
b10001100000101 "
#3863
b1110111001111 "
#3864
b10001011110000 "
#3865
b1110110110011 "
#3866
b10001011101101 "
#3867
b1110111110000 "
#3868
b10011011110101 "
#3869
b1111011010111 "
#3870
b11111010110111 "
#3871
b10111010110101 "
#3872
b1111010001110 "
#3873
b10111010101011 "
#3874
b11111010110010 "
#3875
b10001010110010 "
#3876
b1111000110101 "
#3877
b10001010011011 "
#3878
b1111000101000 "
#3879
b10001010010110 "
#3880
b1111000110101 "
#3881
b10001010111000 "
#3882
b1111000000100 "
#3883
b10001011010100 "
#3884
b1110111101100 "
#3885
b10001011000110 "
#3886
b1110111111011 "
#3887
b10001011110011 "
#3888
b1110111010010 "
#3889
b10001011101000 "
#3890
b1110111101111 "
#3891
b10001011010000 "
#3892
b1110111110101 "
#3893
b10001011011001 "
#3894
b1110111101101 "
#3895
b10001010111111 "
#3896
b1111000000111 "
#3897
b10001010110010 "
#3898
b1111000011101 "
#3899
b10001011000010 "
#3900
b1111000000110 "
#3901
b10001011010001 "
#3902
b1111000000111 "
#3903
b10001011001110 "
#3904
b1111000000111 "
#3905
b10111011001101 "
#3906
b11111011101011 "
#3907
b1110111100011 "
#3908
b10001011010101 "
#3909
b1110111100110 "
#3910
b10001011111010 "
#3911
b1110110101110 "
#3912
b10001100011111 "
#3913
b1110110101011 "
#3914
b10001100001011 "
#3915
b1110111000000 "
#3916
b10001011100010 "
#3917
b1110111101010 "
#3918
b10001011010001 "
#3919
b1111000001101 "
#3920
b10001010111111 "
#3921
b1110111110110 "
#3922
b10001011000000 "
#3923
b1111000000101 "
#3924
b10001011001101 "
#3925
b1110111111100 "
#3926
b10001011010111 "
#3927
b1110111111111 "
#3928
b10001011000100 "
#3929
b1111000000010 "
#3930
b10001011010101 "
#3931
b1110111110001 "
#3932
b10001011110100 "
#3933
b1110111001000 "
#3934
b10001011111110 "
#3935
b1110111000010 "
#3936
b10001011110001 "
#3937
b1110111000101 "
#3938
b10001011111100 "
#3939
b1110111110010 "
#3940
b10111011100110 "
#3941
b11111111100110 "
#3942
b11111111011011 "
#3943
b10111111011011 "
#3944
b1110111110001 "
#3945
b10001010111101 "
#3946
b1111000010010 "
#3947
b10001011001110 "
#3948
b1110111111100 "
#3949
b10001010111110 "
#3950
b1111000010100 "
#3951
b10001011011001 "
#3952
b1110111011101 "
#3953
b10001011101001 "
#3954
b1110111011010 "
#3955
b10001011110001 "
#3956
b1110111001010 "
#3957
b10001100011001 "
#3958
b1110110100010 "
#3959
b10001100110000 "
#3960
b1110110011011 "
#3961
b10001100001110 "
#3962
b1110110110100 "
#3963
b10001011100001 "
#3964
b1110111010110 "
#3965
b10001011101001 "
#3966
b1110111100000 "
#3967
b10001011011001 "
#3968
b1110111110000 "
#3969
b10001010111010 "
#3970
b1111000001101 "
#3971
b10001011010001 "
#3972
b1110111111100 "
#3973
b10001011100011 "
#3974
b1110111100010 "
#3975
b10001011110000 "
#3976
b1111111110101 "
#3977
b11111111110101 "
#3978
b10111011110010 "
#3979
b1110111001000 "
#3980
b10001011110010 "
#3981
b1110111011001 "
#3982
b10001011110100 "
#3983
b1110110111011 "
#3984
b10001011101110 "
#3985
b1110111100100 "
#3986
b10001011101100 "
#3987
b1110111110010 "
#3988
b10001011011110 "
#3989
b1110111010010 "
#3990
b10001011100000 "
#3991
b1110111101111 "
#3992
b10001011001110 "
#3993
b1111000001100 "
#3994
b10001011001101 "
#3995
b1110111111010 "
#3996
b10001011010010 "
#3997
b1111000001001 "
#3998
b10001011011101 "
#3999
b1110111010000 "
#4000
b10001100001110 "
#4001
b1110110111101 "
#4002
b10001011111001 "
#4003
b1110110110101 "
#4004
b10001100001110 "
#4005
b1110110011101 "
#4006
b10001100011000 "
#4007
b1110110011011 "
#4008
b10001100000101 "
#4009
b1110110110010 "
#4010
b10001100000100 "
#4011
b1110111010101 "
#4012
b10111111010111 "
#4013
b11111011010010 "
#4014
b1111011001110 "
#4015
b10111011001110 "
#4016
b1111000011000 "
#4017
b10001011000101 "
#4018
b1111000000001 "
#4019
b10001011010010 "
#4020
b1110111111010 "
#4021
b10001011011011 "
#4022
b1110111011111 "
#4023
b10001011101101 "
#4024
b1110111010011 "
#4025
b10001011111000 "
#4026
b1110110110000 "
#4027
b10001100000010 "
#4028
b1110110010110 "
#4029
b10001100100010 "
#4030
b1110110001110 "
#4031
b10001100110000 "
#4032
b1110110000100 "
#4033
b10001100011011 "
#4034
b1110110111001 "
#4035
b10001011110101 "
#4036
b1110111001011 "
#4037
b10001011110001 "
#4038
b1110111010010 "
#4039
b10001011010010 "
#4040
b1111000000010 "
#4041
b10001011010001 "
#4042
b1111000001011 "
#4043
b10001011010010 "
#4044
b1110111110010 "
#4045
b10001011100010 "
#4046
b1110111100110 "
#4047
b10001011101010 "
#4048
b1111111101111 "
#4049
b11111111111111 "
#4050
b10111011111111 "
#4051
b1110110110001 "
#4052
b10001100001101 "
#4053
b1110110101000 "
#4054
b10001100011011 "
#4055
b1110110100011 "
#4056
b10001100011110 "
#4057
b1110110010101 "
#4058
b10001100011101 "
#4059
b1110110011001 "
#4060
b10001100101011 "
#4061
b1110110000101 "
#4062
b10001100010010 "
#4063
b1110111000110 "
#4064
b10001011011111 "
#4065
b1110111011111 "
#4066
b10001011011001 "
#4067
b1110111101010 "
#4068
b10001011010110 "
#4069
b1110111111010 "
#4070
b10001011101111 "
#4071
b1110111001000 "
#4072
b10001011111111 "
#4073
b1110111000000 "
#4074
b10001100000001 "
#4075
b1110110100010 "
#4076
b10001100100000 "
#4077
b1110110001111 "
#4078
b10001100010101 "
#4079
b1110110101010 "
#4080
b10001100001110 "
#4081
b1110111001011 "
#4082
b10001011101000 "
#4083
b1110111101011 "
#4084
b10111111100111 "
#4085
b11111111100110 "
#4086
b1110111101010 "
#4087
b10001011011010 "
#4088
b1111000000100 "
#4089
b10001010110111 "
#4090
b1111000000100 "
#4091
b10001011011001 "
#4092
b1110111101000 "
#4093
b10001011111100 "
#4094
b1110110110111 "
#4095
b10001100010001 "
#4096
b1110110110001 "
#4097
b10001100010110 "
#4098
b1110110110111 "
#4099
b10001100010101 "
#4100
b1110110100111 "
#4101
b10001100000000 "
#4102
b1110110001100 "
#4103
b10001011111110 "
#4104
b1110110101011 "
#4105
b10001011111100 "
#4106
b1110111010010 "
#4107
b10001011100100 "
#4108
b1110111100011 "
#4109
b10001011000100 "
#4110
b1111000000010 "
#4111
b10001010111100 "
#4112
b1111000100000 "
#4113
b10001011000010 "
#4114
b1110111111110 "
#4115
b10001011000110 "
#4116
b1110111011111 "
#4117
b10001011011011 "
#4118
b1110111010011 "
#4119
b10111011110111 "
#4120
b11111111110110 "
#4121
b11110110111101 "
#4122
b10001011111111 "
#4123
b1110110011100 "
#4124
b10101100110101 "
#4125
b1110101110110 "
#4126
b10001101010010 "
#4127
b1110101100010 "
#4128
b10001101001000 "
#4129
b1110101110011 "
#4130
b10001100110001 "
#4131
b1110110010001 "
#4132
b10001100100011 "
#4133
b1110110110110 "
#4134
b10001011110011 "
#4135
b1110111011100 "
#4136
b10001011010000 "
#4137
b1110111110001 "
#4138
b10001011011010 "
#4139
b1110111110010 "
#4140
b10001011011000 "
#4141
b1110111101001 "
#4142
b10001011010010 "
#4143
b1110111110101 "
#4144
b10001011011110 "
#4145
b1110111101011 "
#4146
b10001011101011 "
#4147
b1110111010100 "
#4148
b10001011110111 "
#4149
b1110111000101 "
#4150
b10001011100100 "
#4151
b1110111011110 "
#4152
b10001011100100 "
#4153
b1110111101011 "
#4154
b10001011111011 "
#4155
b1111110111111 "
#4156
b11111110111110 "
#4157
b10111100100011 "
#4158
b1110110110000 "
#4159
b10111011101110 "
#4160
b1110111100110 "
#4161
b10001011001010 "
#4162
b1110111111100 "
#4163
b10001011001101 "
#4164
b1111000001100 "
#4165
b10001011001010 "
#4166
b1110111101100 "
#4167
b10001011101110 "
#4168
b1110110110010 "
#4169
b10001100000100 "
#4170
b1110111000101 "
#4171
b10001100000000 "
#4172
b1110110111011 "
#4173
b10001100000001 "
#4174
b1110110111111 "
#4175
b10001011111110 "
#4176
b1110111010100 "
#4177
b10001011101010 "
#4178
b1110111100110 "
#4179
b10001011010010 "
#4180
b1110111110100 "
#4181
b10001011001110 "
#4182
b1111000000001 "
#4183
b10001011000100 "
#4184
b1110111111110 "
#4185
b10001011000001 "
#4186
b1110111110100 "
#4187
b10001011000010 "
#4188
b1110111111101 "
#4189
b10001011001000 "
#4190
b1110111011101 "
#4191
b10111111111101 "
#4192
b11111011101000 "
#4193
b1110110111110 "
#4194
b10111011101100 "
#4195
b1110111011000 "
#4196
b10001011100111 "
#4197
b1110111100101 "
#4198
b10001011100000 "
#4199
b1110111011010 "
#4200
b10001011101110 "
#4201
b1110111000011 "
#4202
b10001011100001 "
#4203
b1110111101010 "
#4204
b10001011000010 "
#4205
b1111000000001 "
#4206
b10001010110011 "
#4207
b1111000011110 "
#4208
b10001010110110 "
#4209
b1111000100001 "
#4210
b10001010110100 "
#4211
b1111000000011 "
#4212
b10001010111001 "
#4213
b1110111111100 "
#4214
b10001011100011 "
#4215
b1110111011111 "
#4216
b10001011110100 "
#4217
b1110111000110 "
#4218
b10001011100110 "
#4219
b1110111011110 "
#4220
b10001011111110 "
#4221
b1110111011010 "
#4222
b10001011101111 "
#4223
b1110111100110 "
#4224
b10001011011101 "
#4225
b1110111011010 "
#4226
b10001011011010 "
#4227
b1111111111100 "
#4228
b11111111101100 "
#4229
b10111011000100 "
#4230
b1111010111000 "
#4231
b10111010110000 "
#4232
b1111000000101 "
#4233
b10001011001000 "
#4234
b1110111110110 "
#4235
b10001011010111 "
#4236
b1110111111101 "
#4237
b10001011010101 "
#4238
b1110111111001 "
#4239
b10001011000011 "
#4240
b1111000000100 "
#4241
b10001011010000 "
#4242
b1110111101110 "
#4243
b10001011101101 "
#4244
b1110111011111 "
#4245
b10001011100000 "
#4246
b1110111110100 "
#4247
b10001011001111 "
#4248
b1111000001111 "
#4249
b10001010110100 "
#4250
b1111000101001 "
#4251
b10001011011000 "
#4252
b1111000001101 "
#4253
b10001010111000 "
#4254
b1111000110101 "
#4255
b10001010100000 "
#4256
b1111000111000 "
#4257
b10001011001011 "
#4258
b1110111111100 "
#4259
b10001011001110 "
#4260
b1110111110100 "
#4261
b10001011110000 "
#4262
b1110111110101 "
#4263
b11111111011111 "
#4264
b11111011011111 "
#4265
b1110111101111 "
#4266
b10001011011101 "
#4267
b1110111100010 "
#4268
b10001100000001 "
#4269
b1110110101011 "
#4270
b10001100010110 "
#4271
b1110110110111 "
#4272
b10001011011010 "
#4273
b1110111111100 "
#4274
b10001011010101 "
#4275
b1111000000010 "
#4276
b10001010101000 "
#4277
b1111000011101 "
#4278
b10001010111101 "
#4279
b1111001000010 "
#4280
b10001010011001 "
#4281
b1111000110100 "
#4282
b10001010011110 "
#4283
b1111000100000 "
#4284
b10001011000101 "
#4285
b1110111111010 "
#4286
b10001011101001 "
#4287
b1110111101010 "
#4288
b10001011010110 "
#4289
b1110111110000 "
#4290
b10001011011110 "
#4291
b1110111100011 "
#4292
b10001011110101 "
#4293
b1110111101101 "
#4294
b10001011001101 "
#4295
b1110111111011 "
#4296
b10001011010000 "
#4297
b1110111111010 "
#4298
b10111011101110 "
#4299
b11111011001110 "
#4300
b11111011011100 "
#4301
b10111011001111 "
#4302
b1111010110111 "
#4303
b10111010111011 "
#4304
b1111000111001 "
#4305
b10001010011110 "
#4306
b1111000100100 "
#4307
b10001011001011 "
#4308
b1111000001010 "
#4309
b10001010110001 "
#4310
b1111000011001 "
#4311
b10001011010100 "
#4312
b1110111111100 "
#4313
b10001011011101 "
#4314
b1111000000101 "
#4315
b10001011000111 "
#4316
b1110111111010 "
#4317
b10001011001001 "
#4318
b1111000001010 "
#4319
b10001011010111 "
#4320
b1111000010110 "
#4321
b10001010111101 "
#4322
b1111000010010 "
#4323
b10001010110000 "
#4324
b1111000101100 "
#4325
b10001010000100 "
#4326
b1111001101010 "
#4327
b10001010010011 "
#4328
b1111001000001 "
#4329
b10001010110010 "
#4330
b1111000100100 "
#4331
b10001010100010 "
#4332
b1111000110110 "
#4333
b10001010111110 "
#4334
b1111000111111 "
#4335
b11111010111111 "
#4336
b11111010110110 "
#4337
b11111011010110 "
#4338
b10101011010110 "
#4339
b1111011001000 "
#4340
b10001011001000 "
#4341
b1111000001010 "
#4342
b10001010111010 "
#4343
b1111000101010 "
#4344
b10001010100010 "
#4345
b1111001000010 "
#4346
b10001010010111 "
#4347
b1111001010110 "
#4348
b10001010011111 "
#4349
b1111001000101 "
#4350
b10001010010001 "
#4351
b1111001100010 "
#4352
b10001001101011 "
#4353
b1111001100111 "
#4354
b10001010001111 "
#4355
b1111001000110 "
#4356
b10001010110110 "
#4357
b1111000101000 "
#4358
b10001010101011 "
#4359
b1111000010011 "
#4360
b10001010110100 "
#4361
b1111000010100 "
#4362
b10001011010010 "
#4363
b1111000000010 "
#4364
b10001010111000 "
#4365
b1111000001000 "
#4366
b10001011000011 "
#4367
b1111000010010 "
#4368
b10001010101100 "
#4369
b1111000101010 "
#4370
b10111010101111 "
#4371
b11111010111111 "
#4373
b10111010011111 "
#4374
b1111001001101 "
#4375
b10101010101111 "
#4376
b1111000111100 "
#4377
b10001010010010 "
#4378
b1111001000001 "
#4379
b10001010010011 "
#4380
b1111001000011 "
#4381
b10001010101011 "
#4382
b1111000110011 "
#4383
b10001011001101 "
#4384
b1111000000110 "
#4385
b10001011000010 "
#4386
b1111000010011 "
#4387
b10001010101001 "
#4388
b1111000111101 "
#4389
b10001010101110 "
#4390
b1111000110100 "
#4391
b10001011000000 "
#4392
b1111000011101 "
#4393
b10001010100100 "
#4394
b1111001000101 "
#4395
b10001010100011 "
#4396
b1111001000111 "
#4397
b10001010010110 "
#4398
b1111000111001 "
#4399
b10001010001111 "
#4400
b1111001011100 "
#4401
b10001010000110 "
#4402
b1111001101100 "
#4403
b10001010100000 "
#4404
b1111001000100 "
#4405
b10011010101110 "
#4406
b1111010101111 "
#4407
b11111010111011 "
#4408
b10111010111011 "
#4409
b1111011011001 "
#4410
b10111011011010 "
#4411
b1111010011010 "
#4412
b10001010111000 "
#4413
b1111000101110 "
#4414
b10001010001101 "
#4415
b1111000111101 "
#4416
b10001010100001 "
#4417
b1111000110100 "
#4418
b10001010100101 "
#4419
b1111000111011 "
#4420
b10001010011110 "
#4421
b1111001000111 "
#4422
b10001010000010 "
#4423
b1111001111001 "
#4424
b10001001111100 "
#4425
b1111001011100 "
#4426
b10001010101110 "
#4427
b1111000111000 "
#4428
b10001010110101 "
#4429
b1111000100101 "
#4430
b10001010110011 "
#4431
b1111000101010 "
#4432
b10001010101101 "
#4433
b1111000101000 "
#4434
b10001010110010 "
#4435
b1111000010000 "
#4436
b10001010111100 "
#4437
b1111000101010 "
#4438
b10001010010011 "
#4439
b1111001101000 "
#4440
b10001001110101 "
#4441
b1111001111101 "
#4442
b10111001101100 "
#4443
b11111001101100 "
#4444
b1111010010111 "
#4445
b10111010000111 "
#4446
b1111001100100 "
#4447
b10001010001001 "
#4448
b1111001011011 "
#4449
b10001001110101 "
#4450
b1111001100101 "
#4451
b10001010011000 "
#4452
b1111001010111 "
#4453
b10001010010000 "
#4454
b1111001001111 "
#4455
b10001010100011 "
#4456
b1111000011000 "
#4457
b10001011010001 "
#4458
b1110111111111 "
#4459
b10001011001001 "
#4460
b1111000000100 "
#4461
b10001010101010 "
#4462
b1111000110010 "
#4463
b10001010011010 "
#4464
b1111000111000 "
#4465
b10001010110110 "
#4466
b1111000101010 "
#4467
b10001010011011 "
#4468
b1111001011110 "
#4469
b10001010000101 "
#4470
b1111001110111 "
#4471
b10001001111111 "
#4472
b1111010000110 "
#4473
b10001001111010 "
#4474
b1111001001011 "
#4475
b10001010001001 "
#4476
b1111001000100 "
#4477
b10111010010110 "
#4478
b11111011010110 "
#4479
b11111011110100 "
#4480
b11111010110101 "
#4481
b1111010100101 "
#4482
b10101010100010 "
#4483
b1111001000111 "
#4484
b10001010011000 "
#4485
b1111001100010 "
#4486
b10001010001000 "
#4487
b1111001010110 "
#4488
b10001010001101 "
#4489
b1111001011000 "
#4490
b10001010000001 "
#4491
b1111001111111 "
#4492
b10001001101010 "
#4493
b1111001101110 "
#4494
b10001010010001 "
#4495
b1111001100100 "
#4496
b10001010001011 "
#4497
b1111001101100 "
#4498
b10001001111111 "
#4499
b1111001011000 "
#4500
b10001010101010 "
#4501
b1111000100110 "
#4502
b10001010110111 "
#4503
b1111000011101 "
#4504
b10001010110011 "
#4505
b1111000001111 "
#4506
b10001010110010 "
#4507
b1111000011101 "
#4508
b10001010111010 "
#4509
b1111000110111 "
#4510
b10001010100000 "
#4511
b1111001010010 "
#4512
b10001001111110 "
#4513
b1111001111110 "
#4514
b11111011110111 "
#4515
b10111010110111 "
#4516
b1111001111011 "
#4517
b11111001111111 "
#4518
b1111001111011 "
#4519
b10001001101101 "
#4520
b1111001100111 "
#4521
b10001001111010 "
#4522
b1111001010001 "
#4523
b10001010100111 "
#4524
b1111000110110 "
#4525
b10001010011101 "
#4526
b1111000111000 "
#4527
b10001010100000 "
#4528
b1111000100000 "
#4529
b10001010101011 "
#4530
b1111000110100 "
#4531
b10001010101101 "
#4532
b1111000011000 "
#4533
b10001010100110 "
#4534
b1111001000000 "
#4535
b10001010010100 "
#4536
b1111001101100 "
#4537
b10001010011010 "
#4538
b1111000101011 "
#4539
b10001010010101 "
#4540
b1111001010101 "
#4541
b10001010010101 "
#4542
b1111001100010 "
#4543
b10001010000100 "
#4544
b1111001100110 "
#4545
b10001001110100 "
#4546
b1111001101011 "
#4547
b10001010001100 "
#4548
b1111001000101 "
#4549
b10111011110111 "
#4550
b11111010111110 "
#4551
b1111010111111 "
#4552
b10111010010111 "
#4553
b1111001110110 "
#4554
b10101010110110 "
#4555
b1111000101100 "
#4556
b10001010110100 "
#4557
b1111000111001 "
#4558
b10001010011110 "
#4559
b1111000110101 "
#4560
b10001010001001 "
#4561
b1111001011111 "
#4562
b10001010000110 "
#4563
b1111001110000 "
#4564
b10001010011011 "
#4565
b1111001000101 "
#4566
b10001010011000 "
#4567
b1111001010001 "
#4568
b10001010001010 "
#4569
b1111001010101 "
#4570
b10001010000001 "
#4571
b1111001010111 "
#4572
b10001010010000 "
#4573
b1111001001000 "
#4574
b10001010001100 "
#4575
b1111001000000 "
#4576
b10001010111000 "
#4577
b1111000100110 "
#4578
b10001010100010 "
#4579
b1111000110011 "
#4580
b10001010010101 "
#4581
b1111001001100 "
#4582
b10001001111011 "
#4583
b1111001101100 "
#4584
b10011010110100 "
#4585
b11111011011101 "
#4586
b11111001111101 "
#4587
b11111001110110 "
#4588
b1111011100010 "
#4589
b10001010000000 "
#4590
b1111001111111 "
#4591
b10001010001000 "
#4592
b1111001100010 "
#4593
b10001010010010 "
#4594
b1111000111011 "
#4595
b10001010010011 "
#4596
b1111001010000 "
#4597
b10001010010100 "
#4598
b1111001010110 "
#4599
b10001010110011 "
#4600
b1111000100111 "
#4601
b10001010111000 "
#4602
b1111000001111 "
#4603
b10001010110011 "
#4604
b1111000010101 "
#4605
b10001010100000 "
#4606
b1111001001110 "
#4607
b10001010000101 "
#4608
b1111001010001 "
#4609
b10001010001000 "
#4610
b1111001011111 "
#4611
b10001010000101 "
#4612
b1111001101100 "
#4613
b10001010001000 "
#4614
b1111001100001 "
#4615
b10001010000001 "
#4616
b1111001010100 "
#4617
b10001010001101 "
#4618
b1111001011010 "
#4619
b10001010011100 "
#4620
b1111001011100 "
#4621
b11111011010101 "
#4622
b11111010011111 "
#4623
b1111010111111 "
#4624
b10111011000111 "
#4625
b1111000010111 "
#4626
b10001011001010 "
#4627
b1111000010000 "
#4628
b10001010110101 "
#4629
b1111000100110 "
#4630
b10001010111000 "
#4631
b1111000100110 "
#4632
b10001010010101 "
#4633
b1111001011111 "
#4634
b10001001101100 "
#4635
b1111001111111 "
#4636
b10001010000011 "
#4637
b1111001101010 "
#4638
b10001010000010 "
#4639
b1111010000101 "
#4640
b10001010001110 "
#4641
b1111001010011 "
#4642
b10001010011110 "
#4643
b1111000111101 "
#4644
b10001010110100 "
#4645
b1111000010101 "
#4646
b10001011000000 "
#4647
b1111000010001 "
#4648
b10001010111010 "
#4649
b1111000001001 "
#4650
b10001010101011 "
#4651
b1111000111011 "
#4652
b10001010110011 "
#4653
b1111000110000 "
#4654
b10001010101011 "
#4655
b1111000110110 "
#4656
b10111010111111 "
#4657
b11111011011111 "
#4658
b11111011010111 "
#4659
b10111010000100 "
#4660
b1111001100001 "
#4661
b10111010001101 "
#4662
b1111001011101 "
#4663
b10001010011000 "
#4664
b1111000110111 "
#4665
b10001010100101 "
#4666
b1111000110101 "
#4667
b10001010101101 "
#4668
b1111000101000 "
#4669
b10001010111000 "
#4670
b1111000101101 "
#4671
b10001010101100 "
#4672
b1111000001011 "
#4673
b10001011001001 "
#4674
b1111000000110 "
#4675
b10001011000110 "
#4676
b1111000110011 "
#4677
b10001010100111 "
#4678
b1111000010101 "
#4679
b10001010010100 "
#4680
b1111001101101 "
#4681
b10001010000001 "
#4682
b1111001010010 "
#4683
b10001010011101 "
#4684
b1111000110101 "
#4685
b10001010001110 "
#4686
b1111001011000 "
#4687
b10001010011110 "
#4688
b1111000100001 "
#4689
b10001010111001 "
#4690
b1111000101010 "
#4691
b10001010111110 "
#4692
b1111010111110 "
#4693
b11111011100110 "
#4694
b10111011000110 "
#4695
b1111011001111 "
#4696
b10101011001110 "
#4697
b1111000001001 "
#4698
b10001010110011 "
#4699
b1111000100000 "
#4700
b10001010110011 "
#4701
b1111000101111 "
#4702
b10001011000100 "
#4703
b1111000100110 "
#4704
b10001010011100 "
#4705
b1111001010000 "
#4706
b10001010000110 "
#4707
b1111001011001 "
#4708
b10001001111101 "
#4709
b1111001110000 "
#4710
b10001010100011 "
#4711
b1111000101010 "
#4712
b10001010011011 "
#4713
b1111001001011 "
#4714
b10001010010111 "
#4715
b1111000111100 "
#4716
b10001010110011 "
#4717
b1111000011001 "
#4718
b10001010011011 "
#4719
b1111000010110 "
#4720
b10001011001110 "
#4721
b1111000000111 "
#4722
b10001011000110 "
#4723
b1111000110000 "
#4724
b10001010011000 "
#4725
b1111000111110 "
#4726
b10001010011100 "
#4727
b1111001010100 "
#4728
b10111011001001 "
#4729
b11111011001101 "
#4730
b1111001011110 "
#4731
b10111010101110 "
#4732
b1111010101110 "
#4733
b11111010101100 "
#4734
b1111000101000 "
#4735
b10001010111111 "
#4736
b1111000111011 "
#4737
b10001010101011 "
#4738
b1111000101011 "
#4739
b10001010101011 "
#4740
b1111000010111 "
#4741
b10001011000100 "
#4742
b1110111110000 "
#4743
b10001011010100 "
#4744
b1110111101101 "
#4745
b10001011000001 "
#4746
b1111000100000 "
#4747
b10001010100011 "
#4748
b1111000111011 "
#4749
b10001010101110 "
#4750
b1111000010001 "
#4751
b10001011000110 "
#4752
b1111000101100 "
#4753
b10001010100001 "
#4754
b1111000111000 "
#4755
b10001010001010 "
#4756
b1111001000110 "
#4757
b10001010010000 "
#4758
b1111001000100 "
#4759
b10001010011100 "
#4760
b1111000100111 "
#4761
b10001010101011 "
#4762
b1111000100001 "
#4763
b10011010111011 "
#4764
b1111010111010 "
#4765
b11111010101110 "
#4766
b10111010101110 "
#4767
b11111010110101 "
#4768
b10111010110001 "
#4769
b1111000001011 "
#4770
b10001011000101 "
#4771
b1110111111100 "
#4772
b10001011001111 "
#4773
b1111000000000 "
#4774
b10001011000101 "
#4775
b1111000100010 "
#4776
b10001010011000 "
#4777
b1111000111011 "
#4778
b10001010001000 "
#4779
b1111001101000 "
#4780
b10001010010000 "
#4781
b1111001100000 "
#4782
b10001001111110 "
#4783
b1111001001010 "
#4784
b10001010111010 "
#4785
b1111000010111 "
#4786
b10001011010010 "
#4787
b1110111110010 "
#4788
b10001011101000 "
#4789
b1110111010010 "
#4790
b10001011110011 "
#4791
b1110111010010 "
#4792
b10001011011001 "
#4793
b1110111110100 "
#4794
b10001011010010 "
#4795
b1110111110001 "
#4796
b10001011001010 "
#4797
b1110111111100 "
#4798
b10001011011010 "
#4799
b1111000011110 "
#4800
b11111010111100 "
#4801
b11111010111001 "
#4802
b1111010010100 "
#4803
b10001010111010 "
#4804
b1111010100101 "
#4805
b10001011000111 "
#4806
b1111000001100 "
#4807
b10001011000011 "
#4808
b1111000000000 "
#4809
b10001011001011 "
#4810
b1110111101100 "
#4811
b10001011011101 "
#4812
b1110111101010 "
#4813
b10001011011110 "
#4814
b1110111011011 "
#4815
b10001011010001 "
#4816
b1110111110101 "
#4817
b10001011100110 "
#4818
b1110111110011 "
#4819
b10001011000101 "
#4820
b1111000010001 "
#4821
b10001010111000 "
#4822
b1111000001110 "
#4823
b10001011000001 "
#4824
b1110111111011 "
#4825
b10001010111001 "
#4826
b1111000100010 "
#4827
b10001010100001 "
#4828
b1111000101110 "
#4829
b10001011000101 "
#4830
b1111000001111 "
#4831
b10001010111110 "
#4832
b1111000010000 "
#4833
b10001011001000 "
#4834
b1111000000010 "
#4835
b10111011011010 "
#4836
b11111111011100 "
#4837
b1110111110100 "
#4838
b10111011101010 "
#4839
b1110111011010 "
#4840
b10001011111110 "
#4841
b1110110110011 "
#4842
b10001011111010 "
#4843
b1110110111001 "
#4844
b10001011011110 "
#4845
b1110111101000 "
#4846
b10001011001110 "
#4847
b1111000000001 "
#4848
b10001011001101 "
#4849
b1110111111000 "
#4850
b10001011001010 "
#4851
b1111000011010 "
#4852
b10001010101110 "
#4853
b1111000011000 "
#4854
b10001010111110 "
#4855
b1110111111111 "
#4856
b10001011100001 "
#4857
b1110111101010 "
#4858
b10001011001101 "
#4859
b1110111011100 "
#4860
b10001011101000 "
#4861
b1110111001110 "
#4862
b10001100000111 "
#4863
b1110110110110 "
#4864
b10001100000101 "
#4865
b1110110100110 "
#4866
b10001100010010 "
#4867
b1110110111001 "
#4868
b10001011100010 "
#4869
b1110111101100 "
#4870
b10001011110100 "
#4871
b1111111111100 "
#4872
b11110111111111 "
#4873
b11111010111011 "
#4874
b1111010011011 "
#4875
b10111010101001 "
#4876
b1111000110111 "
#4877
b10001010111010 "
#4878
b1111000010011 "
#4879
b10001010110001 "
#4880
b1111000001110 "
#4881
b10001011000101 "
#4882
b1110111100101 "
#4883
b10001011101011 "
#4884
b1110111001110 "
#4885
b10001011111011 "
#4886
b1110110111010 "
#4887
b10001100001111 "
#4888
b1110110110100 "
#4889
b10001100011000 "
#4890
b1110110110110 "
#4891
b10001100001100 "
#4892
b1110111010111 "
#4893
b10001011010010 "
#4894
b1110111111010 "
#4895
b10001011000011 "
#4896
b1111000001101 "
#4897
b10001011000111 "
#4898
b1110111110100 "
#4899
b10001011001001 "
#4900
b1111000000001 "
#4901
b10001011010001 "
#4902
b1110111111011 "
#4903
b10001011011001 "
#4904
b1110111100101 "
#4905
b10001011010110 "
#4906
b1110111110111 "
#4907
b11111111101101 "
#4908
b11111011101110 "
#4909
b1110111111000 "
#4910
b10111011111000 "
#4911
b1110111010010 "
#4912
b10001100000000 "
#4913
b1110110101110 "
#4914
b10001100000101 "
#4915
b1110110111010 "
#4916
b10001011101011 "
#4917
b1110111100000 "
#4918
b10001011100000 "
#4919
b1110111010010 "
#4920
b10001011011010 "
#4921
b1110111110001 "
#4922
b10001011001101 "
#4923
b1110111111100 "
#4924
b10001011010111 "
#4925
b1110111011110 "
#4926
b10001011011101 "
#4927
b1110111100100 "
#4928
b10001011011001 "
#4929
b1110111110011 "
#4930
b10001011101000 "
#4931
b1110111011111 "
#4932
b10001100000011 "
#4933
b1110111000010 "
#4934
b10001011111110 "
#4935
b1110110110100 "
#4936
b10001100000000 "
#4937
b1110110110010 "
#4938
b10001100000001 "
#4939
b1110111100101 "
#4940
b10001011011110 "
#4941
b1110111011010 "
#4942
b10011011011011 "
#4943
b11111111011101 "
#4944
b11110111100110 "
#4945
b10111011001011 "
#4946
b1111011001010 "
#4947
b10111011111010 "
#4948
b1110111111011 "
#4949
b10001010110010 "
#4950
b1111000000110 "
#4951
b10001011000111 "
#4952
b1110111101000 "
#4953
b10001011101101 "
#4954
b1110111100100 "
#4955
b10001011101111 "
#4956
b1110110111111 "
#4957
b10001100001100 "
#4958
b1110110110100 "
#4959
b10001100111101 "
#4960
b1110110000100 "
#4961
b10001100010101 "
#4962
b1110110011111 "
#4963
b10001100000001 "
#4964
b1110111001110 "
#4965
b10001011001001 "
#4966
b1110111101000 "
#4967
b10001011000101 "
#4968
b1110111110101 "
#4969
b10001011001001 "
#4970
b1110111111110 "
#4971
b10001011011101 "
#4972
b1110111100011 "
#4973
b10001011011110 "
#4974
b1110111100000 "
#4975
b10001011011101 "
#4976
b1110111100100 "
#4977
b10001011110011 "
#4978
b1111111110111 "
#4979
b11111111000100 "
#4980
b10111100000100 "
#4981
b1110110111001 "
#4982
b10111100110001 "
#4983
b1110110110011 "
#4984
b10001100001011 "
#4985
b1110111000001 "
#4986
b10001011110100 "
#4987
b1110111101110 "
#4988
b10001011001100 "
#4989
b1110111111001 "
#4990
b10001010111001 "
#4991
b1110111111100 "
#4992
b10001011010100 "
#4993
b1110111111010 "
#4994
b10001011010000 "
#4995
b1110111111100 "
#4996
b10001011001011 "
#4997
b1110111111010 "
#4998
b10001011000101 "
#4999
b1110111111000 "
#5000
b10001011100000 "
#5001
b1110111011110 "
#5002
b10001011101011 "
#5003
b1110111001110 "
#5004
b10001011110101 "
#5005
b1110110100100 "
#5006
b10001100011000 "
#5007
b1110110010100 "
#5008
b10001100010001 "
#5009
b1110110100111 "
#5010
b10001011110111 "
#5011
b1110111001111 "
#5012
b10001011100100 "
#5013
b1110111100110 "
#5014
b10111111110110 "
#5015
b11111011010110 "
#5016
b1111010010111 "
#5017
b10111010101111 "
#5018
b1111000101101 "
#5019
b10111010011110 "
#5020
b1111000011101 "
#5021
b10001011000100 "
#5022
b1110111111111 "
#5023
b10001011111111 "
#5024
b1110111001101 "
#5025
b10001011101110 "
#5026
b1110111001011 "
#5027
b10001011110000 "
#5028
b1110110100111 "
#5029
b10001100100000 "
#5030
b1110110000010 "
#5031
b10001100100000 "
#5032
b1110110011010 "
#5033
b10001100011101 "
#5034
b1110110101010 "
#5035
b10001011100110 "
#5036
b1110111101101 "
#5037
b10001011010010 "
#5038
b1110111101000 "
#5039
b10001011000101 "
#5040
b1111000000010 "
#5041
b10001010111011 "
#5042
b1111000100000 "
#5043
b10001010101100 "
#5044
b1111000010100 "
#5045
b10001010101111 "
#5046
b1111000000001 "
#5047
b10001011101101 "
#5048
b1110111000111 "
#5049
b10011011111111 "
#5050
b1111111111101 "
#5051
b11110111011101 "
#5052
b11111111101111 "
#5054
b10111011101110 "
#5055
b1110111001010 "
#5056
b10001011101100 "
#5057
b1110111011010 "
#5058
b10001011100100 "
#5059
b1110111011110 "
#5060
b10001011001101 "
#5061
b1111000000110 "
#5062
b10001010110000 "
#5063
b1111000100010 "
#5064
b10001011000111 "
#5065
b1111000000101 "
#5066
b10001011001101 "
#5067
b1111000000111 "
#5068
b10001010111110 "
#5069
b1111000010110 "
#5070
b10001011001100 "
#5071
b1111000000000 "
#5072
b10001011011110 "
#5073
b1110111100101 "
#5074
b10001011010101 "
#5075
b1110111101001 "
#5076
b10001011011000 "
#5077
b1110111110110 "
#5078
b10001011001001 "
#5079
b1110111100011 "
#5080
b10001011101011 "
#5081
b1110111010110 "
#5082
b10001011001001 "
#5083
b1110111111100 "
#5084
b10001011010100 "
#5085
b1111000010110 "
#5086
b10111010111110 "
#5087
b11111010111110 "
#5088
b1111010101110 "
#5089
b10101010011110 "
#5090
b1111011000010 "
#5091
b10001011000011 "
#5092
b1111000000000 "
#5093
b10001011000100 "
#5094
b1110111101100 "
#5095
b10001011001010 "
#5096
b1110111110000 "
#5097
b10001011011101 "
#5098
b1110111101000 "
#5099
b10001011010010 "
#5100
b1111000010011 "
#5101
b10001010111000 "
#5102
b1111000100011 "
#5103
b10001011001011 "
#5104
b1111000000110 "
#5105
b10001010111110 "
#5106
b1110111111110 "
#5107
b10001011000000 "
#5108
b1111000010101 "
#5109
b10001010010111 "
#5110
b1111000111001 "
#5111
b10001010010001 "
#5112
b1111001010001 "
#5113
b10001010100011 "
#5114
b1111000110001 "
#5115
b10001010010111 "
#5116
b1111000111111 "
#5117
b10001010101010 "
#5118
b1111000011000 "
#5119
b10001011001001 "
#5120
b1110111111010 "
#5121
b10111010111110 "
#5122
b11111111110110 "
#5123
b11110111110101 "
#5124
b10111011011010 "
#5125
b1110111101000 "
#5126
b10111011101101 "
#5127
b1110111100100 "
#5128
b10001011011010 "
#5129
b1110111100011 "
#5130
b10001011011100 "
#5131
b1110111110000 "
#5132
b10001011001000 "
#5133
b1111000010100 "
#5134
b10001010101100 "
#5135
b1111000011101 "
#5136
b10001010101100 "
#5137
b1111000110011 "
#5138
b10001010110100 "
#5139
b1111001000100 "
#5140
b10001010101011 "
#5141
b1111000101001 "
#5142
b10001011000100 "
#5143
b1110111110110 "
#5144
b10001011000101 "
#5145
b1111000001110 "
#5146
b10001011011100 "
#5147
b1111000000010 "
#5148
b10001011000001 "
#5149
b1110111110110 "
#5150
b10001011010100 "
#5151
b1111000100110 "
#5152
b10001010011101 "
#5153
b1111001000000 "
#5154
b10001010111101 "
#5155
b1111000010101 "
#5156
b10001010110100 "
#5157
b1111000101101 "
#5158
b11111010111101 "
#5159
b11111010111110 "
#5160
b1111010101100 "
#5161
b10111010101110 "
#5162
b1111010101111 "
#5163
b10001010101111 "
#5164
b1111000100101 "
#5165
b10001011000001 "
#5166
b1111000011000 "
#5167
b10001010111010 "
#5168
b1111000010100 "
#5169
b10001011000111 "
#5170
b1111000000110 "
#5171
b10001011001000 "
#5172
b1110111111100 "
#5173
b10001011100000 "
#5174
b1110111101011 "
#5175
b10001011010000 "
#5176
b1110111111000 "
#5177
b10001011000011 "
#5178
b1111000100100 "
#5179
b10001010101110 "
#5180
b1111000101100 "
#5181
b10001010111100 "
#5182
b1111000100010 "
#5183
b10001010100101 "
#5184
b1111001001010 "
#5185
b10001010000000 "
#5186
b1111001100010 "
#5187
b10001010001111 "
#5188
b1111000110110 "
#5189
b10001010110111 "
#5190
b1111000111100 "
#5191
b10001010011000 "
#5192
b1111000010111 "
#5193
b10111011000111 "
#5194
b11111011001111 "
#5195
b11111011001011 "
#5196
b10111011001111 "
#5197
b1111000001111 "
#5198
b10001010101100 "
#5199
b1110111111010 "
#5200
b10001011000101 "
#5201
b1111000000101 "
#5202
b10001011001001 "
#5203
b1111000010000 "
#5204
b10001010101100 "
#5205
b1111000111101 "
#5206
b10001010010111 "
#5207
b1111001011101 "
#5208
b10001010001101 "
#5209
b1111001100111 "
#5210
b10001010110001 "
#5211
b1111000100101 "
#5212
b10001010001000 "
#5213
b1111000111011 "
#5214
b10001011000011 "
#5215
b1111000001100 "
#5216
b10001011001101 "
#5217
b1111000000100 "
#5218
b10001011011010 "
#5219
b1110111101010 "
#5220
b10001011010100 "
#5221
b1111000001110 "
#5222
b10001011000110 "
#5223
b1111000010010 "
#5224
b10001010110011 "
#5225
b1111000011110 "
#5226
b10001010111010 "
#5227
b1111000010000 "
#5228
b10011010110111 "
#5229
b1111010110111 "
#5230
b11111011110001 "
#5231
b10111011001011 "
#5232
b1111000001011 "
#5233
b10001010110100 "
#5234
b1111000011001 "
#5235
b10001010110001 "
#5236
b1111000101010 "
#5237
b10001010101111 "
#5238
b1111000100001 "
#5239
b10001010101110 "
#5240
b1111000010111 "
#5241
b10001011001010 "
#5242
b1111000001010 "
#5243
b10001011001011 "
#5244
b1111000001010 "
#5245
b10001011000011 "
#5246
b1110111111101 "
#5247
b10001011000110 "
#5248
b1111000001001 "
#5249
b10001010110000 "
#5250
b1111001000000 "
#5251
b10001010110110 "
#5252
b1111000011100 "
#5253
b10001010101110 "
#5254
b1111000100110 "
#5255
b10001010101001 "
#5256
b1111000101101 "
#5257
b10001010101000 "
#5258
b1111001001000 "
#5259
b10001010111000 "
#5260
b1111000101000 "
#5261
b10001011000100 "
#5262
b1111000000101 "
#5263
b10001011001111 "
#5264
b1110111111111 "
#5265
b11111111111011 "
#5266
b11111111101011 "
#5267
b1110111101011 "
#5268
b10001011011000 "
#5269
b1110111000101 "
#5270
b10001011011001 "
#5271
b1110111111000 "
#5272
b10001011010001 "
#5273
b1111000001010 "
#5274
b10001010110001 "
#5275
b1111000010101 "
#5276
b10001010011011 "
#5277
b1111000111000 "
#5278
b10001010100101 "
#5279
b1111001010010 "
#5280
b10001010001100 "
#5281
b1111000111011 "
#5282
b10001010101101 "
#5283
b1111000011111 "
#5284
b10001011000100 "
#5285
b1111000011110 "
#5286
b10001010110001 "
#5287
b1111000100010 "
#5288
b10001011001010 "
#5289
b1110111110110 "
#5290
b10001011000100 "
#5291
b1111000011000 "
#5292
b10001011010111 "
#5293
b1110111110110 "
#5294
b10001010111100 "
#5295
b1111000011001 "
#5296
b10001010110010 "
#5297
b1111000110101 "
#5298
b10001010101101 "
#5299
b1111000111111 "
#5300
b10011010111111 "
#5301
b11111010011111 "
#5302
b11111010101011 "
#5303
b10111010011011 "
#5304
b1111001010100 "
#5305
b10101010011001 "
#5306
b1111000110000 "
#5307
b10001010011101 "
#5308
b1111000110101 "
#5309
b10001010110101 "
#5310
b1111000000010 "
#5311
b10001011010001 "
#5312
b1110111101010 "
#5313
b10001011010101 "
#5314
b1111000000010 "
#5315
b10001011010100 "
#5316
b1110111101111 "
#5317
b10001011010110 "
#5318
b1110111110000 "
#5319
b10001011001111 "
#5320
b1111000000101 "
#5321
b10001011011000 "
#5322
b1110111101110 "
#5323
b10001011001100 "
#5324
b1111000010001 "
#5325
b10001010110100 "
#5326
b1111000011010 "
#5327
b10001010110110 "
#5328
b1111000101101 "
#5329
b10001010110100 "
#5330
b1111000101000 "
#5331
b10001011000101 "
#5332
b1110111110110 "
#5333
b10001011110000 "
#5334
b1110111010000 "
#5335
b10001011110101 "
#5336
b1111111111101 "
#5337
b11111111111101 "
#5338
b10111011011111 "
#5339
b1110111001111 "
#5340
b10111011110101 "
#5341
b1110110111111 "
#5342
b10001011101101 "
#5343
b1110111100111 "
#5344
b10001010111001 "
#5345
b1111000100010 "
#5346
b10001010100101 "
#5347
b1111000110010 "
#5348
b10001010110110 "
#5349
b1111000011000 "
#5350
b10001010111000 "
#5351
b1111000010101 "
#5352
b10001010100101 "
#5353
b1111000101011 "
#5354
b10001010101101 "
#5355
b1111000011011 "
#5356
b10001011001011 "
#5357
b1111000001100 "
#5358
b10001010110001 "
#5359
b1111000010001 "
#5360
b10001010111101 "
#5361
b1111000000101 "
#5362
b10001011101010 "
#5363
b1110111101001 "
#5364
b10001011010000 "
#5365
b1110111111000 "
#5366
b10001011000010 "
#5367
b1111000000101 "
#5368
b10001010111111 "
#5369
b1111000001101 "
#5370
b10001011000001 "
#5371
b1111000000111 "
#5372
b10111010100110 "
#5373
b11111010111110 "
#5375
b11111010111100 "
#5376
b1111011110100 "
#5377
b10101011000101 "
#5378
b1111000010101 "
#5379
b10001010101111 "
#5380
b1111000101000 "
#5381
b10001010111100 "
#5382
b1111000010000 "
#5383
b10001011000000 "
#5384
b1111000001001 "
#5385
b10001011010011 "
#5386
b1110111100110 "
#5387
b10001011100111 "
#5388
b1110111011111 "
#5389
b10001011100000 "
#5390
b1110111110110 "
#5391
b10001011011001 "
#5392
b1110111110100 "
#5393
b10001011001101 "
#5394
b1110111111011 "
#5395
b10001011000100 "
#5396
b1111000011001 "
#5397
b10001010100000 "
#5398
b1111000111010 "
#5399
b10001010110011 "
#5400
b1111000101001 "
#5401
b10001011010001 "
#5402
b1110111110110 "
#5403
b10001011010110 "
#5404
b1110111110111 "
#5405
b10001011010001 "
#5406
b1111000010100 "
#5407
b10111010111111 "
#5408
b1111010111011 "
#5409
b11111011100011 "
#5410
b11111111110010 "
#5411
b1110111110010 "
#5412
b10111011001001 "
#5413
b1111000001111 "
#5414
b10001010101110 "
#5415
b1111000100010 "
#5416
b10001010110010 "
#5417
b1111000101100 "
#5418
b10001010101001 "
#5419
b1111000010000 "
#5420
b10001010111000 "
#5421
b1111000101111 "
#5422
b10001010001010 "
#5423
b1111001100011 "
#5424
b10001010011110 "
#5425
b1111001000000 "
#5426
b10001010110100 "
#5427
b1111000001010 "
#5428
b10001010110010 "
#5429
b1111000010000 "
#5430
b10001011000010 "
#5431
b1111000010010 "
#5432
b10001011001101 "
#5433
b1110111110101 "
#5434
b10001011011111 "
#5435
b1110111000010 "
#5436
b10001011110100 "
#5437
b1110110110111 "
#5438
b10001011110011 "
#5439
b1110111010110 "
#5440
b10001011010110 "
#5441
b1110111110110 "
#5442
b10001010110000 "
#5443
b1111000111011 "
#5444
b11111010101111 "
#5445
b11111010110111 "
#5446
b1111010110111 "
#5447
b10111010100110 "
#5448
b1111000101001 "
#5449
b10001010010111 "
#5450
b1111000100111 "
#5451
b10001010110111 "
#5452
b1111000010111 "
#5453
b10001011000001 "
#5454
b1111000001101 "
#5455
b10001010101001 "
#5456
b1111000001111 "
#5457
b10001011010100 "
#5458
b1110111110001 "
#5459
b10001011011011 "
#5460
b1110111111111 "
#5461
b10001010111010 "
#5462
b1110111110111 "
#5463
b10001010111100 "
#5464
b1111000100011 "
#5465
b10001010101111 "
#5466
b1111000011000 "
#5467
b10001010100111 "
#5468
b1111000001101 "
#5469
b10001010110111 "
#5470
b1111000111010 "
#5471
b10001010100011 "
#5472
b1111001010111 "
#5473
b10001010101101 "
#5474
b1111000101001 "
#5475
b10001010101010 "
#5476
b1111000111010 "
#5477
b10001010101100 "
#5478
b1111000110110 "
#5479
b10111011011110 "
#5480
b11111011011010 "
#5481
b11111010011110 "
#5482
b10111010101110 "
#5483
b1111010100110 "
#5484
b10001010110111 "
#5485
b1111000101100 "
#5486
b10001010110100 "
#5487
b1111000011011 "
#5488
b10001010110101 "
#5489
b1111000100011 "
#5490
b10001010011000 "
#5491
b1111000111100 "
#5492
b10001010000101 "
#5493
b1111001010011 "
#5494
b10001010010100 "
#5495
b1111000111000 "
#5496
b10001010100001 "
#5497
b1111000101010 "
#5498
b10001011000100 "
#5499
b1111000011111 "
#5500
b10001011010100 "
#5501
b1110111110110 "
#5502
b10001011001100 "
#5503
b1110111110111 "
#5504
b10001011010001 "
#5505
b1110111110011 "
#5506
b10001011011000 "
#5507
b1110111101110 "
#5508
b10001011011100 "
#5509
b1110111110100 "
#5510
b10001011000011 "
#5511
b1111000100101 "
#5512
b10001010100100 "
#5513
b1111000110110 "
#5514
b10001010110010 "
#5515
b1111001100110 "
#5516
b11111011011110 "
#5517
b10101010011010 "
#5518
b1111001000101 "
#5519
b10001010010011 "
#5520
b1111001000100 "
#5521
b10001010111001 "
#5522
b1111000001000 "
#5523
b10001011001000 "
#5524
b1111000001101 "
#5525
b10001010110001 "
#5526
b1111000100000 "
#5527
b10001011011010 "
#5528
b1110111110011 "
#5529
b10001011011010 "
#5530
b1110111101111 "
#5531
b10001011000011 "
#5532
b1110111110000 "
#5533
b10001011000000 "
#5534
b1111000011000 "
#5535
b10001010101011 "
#5536
b1111000011111 "
#5537
b10001010101100 "
#5538
b1111000010110 "
#5539
b10001010010100 "
#5540
b1111001001101 "
#5541
b10001010010110 "
#5542
b1111001011001 "
#5543
b10001010010011 "
#5544
b1111000111110 "
#5545
b10001010010000 "
#5546
b1111001000110 "
#5547
b10001010011111 "
#5548
b1111000101011 "
#5549
b10001010110100 "
#5550
b1111000111100 "
#5551
b10111010111101 "
#5552
b11111010111101 "
#5553
b1111010110101 "
#5554
b10111010111010 "
#5555
b1111010101010 "
#5556
b10101010100110 "
#5557
b1111000110101 "
#5558
b10001010011010 "
#5559
b1111001000110 "
#5560
b10001010011000 "
#5561
b1111001100000 "
#5562
b10001010000101 "
#5563
b1111001100101 "
#5564
b10001001111111 "
#5565
b1111001100111 "
#5566
b10001010001010 "
#5567
b1111001001111 "
#5568
b10001001111110 "
#5569
b1111001111011 "
#5570
b10001010011110 "
#5571
b1111000110101 "
#5572
b10001010010010 "
#5573
b1111001010010 "
#5574
b10001010010000 "
#5575
b1111001010000 "
#5576
b10001011000110 "
#5577
b1111000011100 "
#5578
b10001010100011 "
#5579
b1111000101001 "
#5580
b10001010101101 "
#5581
b1111001010011 "
#5582
b10001010011111 "
#5583
b1111001010000 "
#5584
b10001010100010 "
#5585
b1111001001110 "
#5586
b10011010001111 "
#5587
b1111011001101 "
#5588
b11111001101110 "
#5589
b10111001110001 "
#5590
b11111010001010 "
#5591
b10111011001111 "
#5592
b1111001001111 "
#5593
b10001010011001 "
#5594
b1111001010000 "
#5595
b10001010001100 "
#5596
b1111001001010 "
#5597
b10001010110000 "
#5598
b1111000101010 "
#5599
b10001011000010 "
#5600
b1111000011000 "
#5601
b10001010111010 "
#5602
b1111000011010 "
#5603
b10001010011111 "
#5604
b1111001001101 "
#5605
b10001010010101 "
#5606
b1111001011011 "
#5607
b10001010001100 "
#5608
b1111001001101 "
#5609
b10001010000000 "
#5610
b1111001011100 "
#5611
b10001001111011 "
#5612
b1111001101101 "
#5613
b10001001110111 "
#5614
b1111001111000 "
#5615
b10001001101110 "
#5616
b1111001111001 "
#5617
b10001010001111 "
#5618
b1111001000011 "
#5619
b10001010010011 "
#5620
b1111001001100 "
#5621
b10001010001111 "
#5622
b1111001011111 "
#5623
b11111011011111 "
#5624
b11111010011111 "
#5625
b1111001011111 "
#5626
b10111010011101 "
#5627
b1111010111110 "
#5628
b10101010011110 "
#5629
b1111000111010 "
#5630
b10001010001010 "
#5631
b1111001101100 "
#5632
b10001001110111 "
#5633
b1111010000010 "
#5634
b10001001101001 "
#5635
b1111010000100 "
#5636
b10001001101011 "
#5637
b1111010011111 "
#5638
b10001010000000 "
#5639
b1111001101100 "
#5640
b10001001111000 "
#5641
b1111001110101 "
#5642
b10001001111011 "
#5643
b1111001010101 "
#5644
b10001010010110 "
#5645
b1111001001010 "
#5646
b10001010100000 "
#5647
b1111001011001 "
#5648
b10001010000011 "
#5649
b1111001101111 "
#5650
b10001010001101 "
#5651
b1111001011101 "
#5652
b10001010010000 "
#5653
b1111001011110 "
#5654
b10001010001000 "
#5655
b1111001101010 "
#5656
b10001010000001 "
#5657
b1111010000110 "
#5658
b10111001011111 "
#5659
b11111011011111 "
#5660
b11111010011111 "
#5661
b10111001101110 "
#5662
b1111010001110 "
#5663
b10001001111011 "
#5664
b1111010000001 "
#5665
b10001001101110 "
#5666
b1111010000110 "
#5667
b10001010000000 "
#5668
b1111001011011 "
#5669
b10001001111010 "
#5670
b1111001111111 "
#5671
b10001010000101 "
#5672
b1111001100110 "
#5673
b10001010110001 "
#5674
b1111001010110 "
#5675
b10001010000001 "
#5676
b1111010001101 "
#5677
b10001001100010 "
#5678
b1111010000100 "
#5679
b10001001100101 "
#5680
b1111010001100 "
#5681
b10001001100101 "
#5682
b1111010011011 "
#5683
b10001001010010 "
#5684
b1111010100011 "
#5685
b10001001001110 "
#5686
b1111010100000 "
#5687
b10001001011110 "
#5688
b1111010011111 "
#5689
b10001001110100 "
#5690
b1111001110110 "
#5691
b10001001110110 "
#5692
b1111001010110 "
#5693
b10001010011111 "
#5694
b1111011011111 "
#5695
b11111011010011 "
#5696
b10111010100100 "
#5697
b1111011000100 "
#5698
b10111010001010 "
#5699
b1111001011011 "
#5700
b10001001111010 "
#5701
b1111001100110 "
#5702
b10001001111001 "
#5703
b1111001110111 "
#5704
b10001001011011 "
#5705
b1111010010001 "
#5706
b10001001010101 "
#5707
b1111010010010 "
#5708
b10001001100001 "
#5709
b1111010100110 "
#5710
b10001001001100 "
#5711
b1111010011011 "
#5712
b10001001100001 "
#5713
b1111010000101 "
#5714
b10001001011111 "
#5715
b1111010011100 "
#5716
b10001001011100 "
#5717
b1111001111110 "
#5718
b10001001111100 "
#5719
b1111001011001 "
#5720
b10001010010100 "
#5721
b1111001110100 "
#5722
b10001001110011 "
#5723
b1111010000001 "
#5724
b10001001100110 "
#5725
b1111010000000 "
#5726
b10001001011100 "
#5727
b1111010010111 "
#5728
b10001001010011 "
#5729
b1111010111111 "
#5730
b11111011101101 "
#5731
b11111011010011 "
#5732
b1111010110000 "
#5733
b10001001001111 "
#5734
b1111010111100 "
#5735
b10001001010111 "
#5736
b1111010100100 "
#5737
b10001001010111 "
#5738
b1111010001010 "
#5739
b10001001001110 "
#5740
b1111010010111 "
#5741
b10001001110010 "
#5742
b1111001111000 "
#5743
b10001001111000 "
#5744
b1111001111110 "
#5745
b10001001110101 "
#5746
b1111010010010 "
#5747
b10001001100110 "
#5748
b1111010100101 "
#5749
b10001001100100 "
#5750
b1111010100001 "
#5751
b10001001100101 "
#5752
b1111010010100 "
#5753
b10001001010011 "
#5754
b1111010101010 "
#5755
b10001000111010 "
#5756
b1111011000001 "
#5757
b10001001001101 "
#5758
b1111010011000 "
#5759
b10001001011111 "
#5760
b1111010111011 "
#5761
b10001001010100 "
#5762
b1111010011000 "
#5763
b10001001101110 "
#5764
b1111010000010 "
#5765
b10111001110001 "
#5766
b11111011110101 "
#5767
b11111011100100 "
#5768
b10111001100100 "
#5769
b1111010000101 "
#5770
b10101001011011 "
#5771
b1111010101011 "
#5772
b10001001011010 "
#5773
b1111010100000 "
#5774
b10001001001110 "
#5775
b1111010110110 "
#5776
b10001000110001 "
#5777
b1111011001110 "
#5778
b10001000101000 "
#5779
b1111011001000 "
#5780
b10001000111101 "
#5781
b1111010100111 "
#5782
b10001001000001 "
#5783
b1111010110111 "
#5784
b10001001010101 "
#5785
b1111010101100 "
#5786
b10001001010110 "
#5787
b1111010110110 "
#5788
b10001001011010 "
#5789
b1111010100000 "
#5790
b10001001100010 "
#5791
b1111010010100 "
#5792
b10001001110011 "
#5793
b1111010011010 "
#5794
b10001001001000 "
#5795
b1111010101111 "
#5796
b10001001001000 "
#5797
b1111011001000 "
#5798
b10001000111101 "
#5799
b1111011100001 "
#5800
b10001000101111 "
#5801
b1111011101111 "
#5802
b11111011110100 "
#5804
b1111011001100 "
#5805
b10111001110100 "
#5806
b1111010111101 "
#5807
b10001000111110 "
#5808
b1111011000010 "
#5809
b10001001000100 "
#5810
b1111010100101 "
#5811
b10001001011000 "
#5812
b1111010010001 "
#5813
b10001001110010 "
#5814
b1111010011111 "
#5815
b10001001101110 "
#5816
b1111001111100 "
#5817
b10001001110011 "
#5818
b1111001111011 "
#5819
b10001001101011 "
#5820
b1111010100000 "
#5821
b10001001000100 "
#5822
b1111011001010 "
#5823
b10001000101101 "
#5824
b1111011001110 "
#5825
b10001000100110 "
#5826
b1111011011001 "
#5827
b10001000100111 "
#5828
b1111011010000 "
#5829
b10001001000000 "
#5830
b1111011000100 "
#5831
b10001000111110 "
#5832
b1111010111100 "
#5833
b10001001010110 "
#5834
b1111010110111 "
#5835
b10001001011100 "
#5836
b1111010011010 "
#5837
b10111001011111 "
#5838
b11111011011111 "
#5839
b11111010011110 "
#5840
b11111011011111 "
#5841
b1111010011111 "
#5842
b10001001100111 "
#5843
b1111010011110 "
#5844
b10001001000110 "
#5845
b1111011010100 "
#5846
b10001000110100 "
#5847
b1111011010010 "
#5848
b10001000101011 "
#5849
b1111011010001 "
#5850
b10001000101001 "
#5851
b1111011001011 "
#5852
b10001000101000 "
#5853
b1111011000101 "
#5854
b10001000111101 "
#5855
b1111011010001 "
#5856
b10001001000101 "
#5857
b1111010110011 "
#5858
b10001001001010 "
#5859
b1111010110001 "
#5860
b10001001001100 "
#5861
b1111010101000 "
#5862
b10001001110001 "
#5863
b1111010010000 "
#5864
b10001001010100 "
#5865
b1111010101110 "
#5866
b10001001000110 "
#5867
b1111010110000 "
#5868
b10001000110011 "
#5869
b1111011000100 "
#5870
b10001000111010 "
#5871
b1111010111101 "
#5872
b10001000111001 "
#5873
b1111011111000 "
#5874
b11111011011101 "
#5875
b10111001010101 "
#5876
b1111010111001 "
#5877
b10101001010101 "
#5878
b1111010100001 "
#5879
b10001001001101 "
#5880
b1111010110000 "
#5881
b10001000111001 "
#5882
b1111010101011 "
#5883
b10001001100011 "
#5884
b1111010101001 "
#5885
b10001001100110 "
#5886
b1111001111010 "
#5887
b10001001111100 "
#5888
b1111010000001 "
#5889
b10001001101001 "
#5890
b1111010010010 "
#5891
b10001001001000 "
#5892
b1111010101101 "
#5893
b10001000111101 "
#5894
b1111010111101 "
#5895
b10001001000010 "
#5896
b1111011001010 "
#5897
b10001000110101 "
#5898
b1111011010101 "
#5899
b10001000110100 "
#5900
b1111010111100 "
#5901
b10001001001010 "
#5902
b1111011001010 "
#5903
b10001000111010 "
#5904
b1111011011110 "
#5905
b10001001000010 "
#5906
b1111010100010 "
#5907
b10001001001100 "
#5908
b1111010101101 "
#5909
b10111011100101 "
#5910
b11111011100101 "
#5911
b1111010110010 "
#5912
b10111001001001 "
#5913
b1111010101111 "
#5914
b10001000110110 "
#5915
b1111011000001 "
#5916
b10001000111100 "
#5917
b1111011001111 "
#5918
b10001001000001 "
#5919
b1111011001101 "
#5920
b10001000110001 "
#5921
b1111011000100 "
#5922
b10001000100010 "
#5923
b1111011101100 "
#5924
b10001000101010 "
#5925
b1111011010010 "
#5926
b10001000110010 "
#5927
b1111011001100 "
#5928
b10001001000100 "
#5929
b1111010110001 "
#5930
b10001001011001 "
#5931
b1111010011000 "
#5932
b10001001101001 "
#5933
b1111010011100 "
#5934
b10001001011100 "
#5935
b1111010100010 "
#5936
b10001001010100 "
#5937
b1111010100000 "
#5938
b10001001100110 "
#5939
b1111010101101 "
#5940
b10001000111101 "
#5941
b1111010111111 "
#5942
b10001001000101 "
#5943
b1111011001111 "
#5944
b10111000101111 "
#5945
b11111011101111 "
#5946
b11111011011101 "
#5947
b10111010110000 "
#5948
b1111011001001 "
#5949
b10001000101011 "
#5950
b1111011010101 "
#5951
b10001000111110 "
#5952
b1111011001000 "
#5953
b10001001000111 "
#5954
b1111010101100 "
#5955
b10001001001010 "
#5956
b1111010011011 "
#5957
b10001001011101 "
#5958
b1111010011100 "
#5959
b10001001100101 "
#5960
b1111010010111 "
#5961
b10001001000001 "
#5962
b1111010110101 "
#5963
b10001000111001 "
#5964
b1111011001000 "
#5965
b10001001010001 "
#5966
b1111010101010 "
#5967
b10001001001011 "
#5968
b1111010101001 "
#5969
b10001001001010 "
#5970
b1111011001010 "
#5971
b10001001001111 "
#5972
b1111010110010 "
#5973
b10001001100100 "
#5974
b1111010011101 "
#5975
b10001001011011 "
#5976
b1111010100110 "
#5977
b10001001010010 "
#5978
b1111010100000 "
#5979
b10001001101000 "
#5980
b1111010111101 "
#5981
b11111011011101 "
#5982
b11111011110111 "
#5983
b1111010110111 "
#5984
b11111011000111 "
#5985
b1111011000001 "
#5986
b10001001100000 "
#5987
b1111010001111 "
#5988
b10001001100001 "
#5989
b1111010100011 "
#5990
b10001001001001 "
#5991
b1111010111011 "
#5992
b10001000110111 "
#5993
b1111011011010 "
#5994
b10001000110000 "
#5995
b1111011010111 "
#5996
b10001001010001 "
#5997
b1111010110100 "
#5998
b10001001101001 "
#5999
b1111010100101 "
#6000
b10001001011101 "
#6001
b1111010101111 "
#6002
b10001001010001 "
#6003
b1111010011011 "
#6004
b10001001110010 "
#6005
b1111010000000 "
#6006
b10001001111010 "
#6007
b1111001110100 "
#6008
b10001010000110 "
#6009
b1111010010101 "
#6010
b10001001011101 "
#6011
b1111010110001 "
#6012
b10001001010100 "
#6013
b1111011000001 "
#6014
b10001000110110 "
#6015
b1111011111111 "
#6016
b10111010111101 "
#6017
b11111011111101 "
#6018
b1111011001100 "
#6019
b10111011101110 "
#6020
b1111011000111 "
#6021
b11111011000011 "
#6022
b1111011000011 "
#6023
b10001001010010 "
#6024
b1111010011000 "
#6025
b10001001010100 "
#6026
b1111010011100 "
#6027
b10001001010100 "
#6028
b1111010011010 "
#6029
b10001001111101 "
#6030
b1111001111110 "
#6031
b10001001100000 "
#6032
b1111010001100 "
#6033
b10001001011111 "
#6034
b1111010010101 "
#6035
b10001001101111 "
#6036
b1111010011001 "
#6037
b10001001011010 "
#6038
b1111010100110 "
#6039
b10001000111110 "
#6040
b1111011000100 "
#6041
b10001000100011 "
#6042
b1111011100101 "
#6043
b10001000111011 "
#6044
b1111010100011 "
#6045
b10001001000100 "
#6046
b1111010110110 "
#6047
b10001001011110 "
#6048
b1111010101010 "
#6049
b10001001110001 "
#6050
b1111001111100 "
#6051
b10001001111000 "
#6052
b1111011101000 "
#6053
b11111011101110 "
#6055
b1111011101010 "
#6056
b10111001001000 "
#6057
b1111010110001 "
#6058
b10001001010111 "
#6059
b1111010011101 "
#6060
b10001001001110 "
#6061
b1111010110101 "
#6062
b10001001001100 "
#6063
b1111010111000 "
#6064
b10001001011101 "
#6065
b1111010011011 "
#6066
b10001001100000 "
#6067
b1111010011110 "
#6068
b10001001100001 "
#6069
b1111010011000 "
#6070
b10001001001000 "
#6071
b1111010100111 "
#6072
b10001001011100 "
#6073
b1111010011000 "
#6074
b10001010000000 "
#6075
b1111001101111 "
#6076
b10001010010101 "
#6077
b1111001100010 "
#6078
b10001001110010 "
#6079
b1111010010101 "
#6080
b10001001110001 "
#6081
b1111010000101 "
#6082
b10001001101001 "
#6083
b1111010011111 "
#6084
b10001001011100 "
#6085
b1111010100110 "
#6086
b10001000111110 "
#6087
b1111010111110 "
#6088
b10111011100101 "
#6089
b11111001100101 "
#6090
b1111010011100 "
#6091
b10111001001100 "
#6092
b1111010010110 "
#6093
b10001001101100 "
#6094
b1111010000000 "
#6095
b10001001110101 "
#6096
b1111001110010 "
#6097
b10001001110111 "
#6098
b1111001111100 "
#6099
b10001001111010 "
#6100
b1111001110001 "
#6101
b10001001111100 "
#6102
b1111001011110 "
#6103
b10001010011000 "
#6104
b1111001010101 "
#6105
b10001010001001 "
#6106
b1111001111011 "
#6107
b10001001110010 "
#6108
b1111001111010 "
#6109
b10001001011010 "
#6110
b1111010100101 "
#6111
b10001001010011 "
#6112
b1111010111111 "
#6113
b10001001001101 "
#6114
b1111010100011 "
#6115
b10001001010001 "
#6116
b1111010011100 "
#6117
b10001001100001 "
#6118
b1111010000100 "
#6119
b10001001110000 "
#6120
b1111001100101 "
#6121
b10001010010001 "
#6122
b1111001011101 "
#6123
b10011010001101 "
#6124
b1111010001000 "
#6125
b11111011111111 "
#6126
b11111001111111 "
#6127
b11111001111110 "
#6128
b11111001101101 "
#6129
b1111001100101 "
#6130
b10001001111110 "
#6131
b1111001111110 "
#6132
b10001001101101 "
#6133
b1111010010100 "
#6134
b10001001111001 "
#6135
b1111001110100 "
#6136
b10001001011100 "
#6137
b1111010100001 "
#6138
b10001001100100 "
#6139
b1111010001101 "
#6140
b10001001101000 "
#6141
b1111010001101 "
#6142
b10001001100110 "
#6143
b1111010001011 "
#6144
b10001001101110 "
#6145
b1111001111011 "
#6146
b10001010011101 "
#6147
b1111001101000 "
#6148
b10001010001100 "
#6149
b1111001101110 "
#6150
b10001001111010 "
#6151
b1111001111001 "
#6152
b10001001101100 "
#6153
b1111010000100 "
#6154
b10001001101100 "
#6155
b1111001101101 "
#6156
b10001001101000 "
#6157
b1111010100010 "
#6158
b10001001001010 "
#6159
b1111011001110 "
#6160
b11111011000110 "
#6161
b11111001000110 "
#6162
b1111011110101 "
#6163
b10111001110101 "
#6164
b1111010001111 "
#6165
b10001001110010 "
#6166
b1111001111111 "
#6167
b10001010000111 "
#6168
b1111001101110 "
#6169
b10001010010010 "
#6170
b1111001110100 "
#6171
b10001001101111 "
#6172
b1111001100111 "
#6173
b10001010101010 "
#6174
b1111000111001 "
#6175
b10001010100010 "
#6176
b1111001011010 "
#6177
b10001001111101 "
#6178
b1111010000101 "
#6179
b10001001111000 "
#6180
b1111001110101 "
#6181
b10001001100100 "
#6182
b1111010000011 "
#6183
b10001001011100 "
#6184
b1111010010111 "
#6185
b10001001001010 "
#6186
b1111010011100 "
#6187
b10001001110010 "
#6188
b1111010001100 "
#6189
b10001001110110 "
#6190
b1111001110111 "
#6191
b10001001101100 "
#6192
b1111001100010 "
#6193
b10001010011111 "
#6194
b1111001010111 "
#6195
b10111010010011 "
#6196
b11111011010100 "
#6198
b10111010011000 "
#6199
b1111001001010 "
#6200
b10001010001011 "
#6201
b1111001010111 "
#6202
b10001010010100 "
#6203
b1111001100001 "
#6204
b10001001111101 "
#6205
b1111010000001 "
#6206
b10001001101101 "
#6207
b1111010000100 "
#6208
b10001001110100 "
#6209
b1111010011011 "
#6210
b10001001110000 "
#6211
b1111010010110 "
#6212
b10001001011001 "
#6213
b1111010000010 "
#6214
b10001001101101 "
#6215
b1111010000110 "
#6216
b10001010001100 "
#6217
b1111001100001 "
#6218
b10001001110111 "
#6219
b1111001100101 "
#6220
b10001010011100 "
#6221
b1111000111100 "
#6222
b10001010101100 "
#6223
b1111001001010 "
#6224
b10001010010010 "
#6225
b1111001010111 "
#6226
b10001010000110 "
#6227
b1111010000011 "
#6228
b10001001100010 "
#6229
b1111010001100 "
#6230
b10011001110101 "
#6231
b1111001110111 "
#6232
b11111001111011 "
#6233
b10111001111001 "
#6234
b1111011001101 "
#6235
b10001001101101 "
#6236
b1111010000011 "
#6237
b10001010010010 "
#6238
b1111001011101 "
#6239
b10001010000000 "
#6240
b1111001101010 "
#6241
b10001010001111 "
#6242
b1111001001111 "
#6243
b10001010010011 "
#6244
b1111001010101 "
#6245
b10001010011101 "
#6246
b1111001010110 "
#6247
b10001010100101 "
#6248
b1111001010100 "
#6249
b10001010000011 "
#6250
b1111010001000 "
#6251
b10001010001100 "
#6252
b1111001110100 "
#6253
b10001001110001 "
#6254
b1111001111001 "
#6255
b10001001110110 "
#6256
b1111010000000 "
#6257
b10001001110110 "
#6258
b1111001110101 "
#6259
b10001010000010 "
#6260
b1111001011011 "
#6261
b10001010010111 "
#6262
b1111001011000 "
#6263
b10001010010000 "
#6264
b1111001010100 "
#6265
b10001010100110 "
#6266
b1111001100111 "
#6267
b10111011000111 "
#6268
b11111011010111 "
#6269
b1111001010011 "
#6270
b10111010101101 "
#6271
b1111000111101 "
#6272
b10001010011010 "
#6273
b1111001001000 "
#6274
b10001010010111 "
#6275
b1111001001001 "
#6276
b10001001110100 "
#6277
b1111010000100 "
#6278
b10001001101000 "
#6279
b1111010100010 "
#6280
b10001001011000 "
#6281
b1111010001110 "
#6282
b10001001101100 "
#6283
b1111010000111 "
#6284
b10001010000000 "
#6285
b1111001100001 "
#6286
b10001010010010 "
#6287
b1111001110011 "
#6288
b10001010001010 "
#6289
b1111000110100 "
#6290
b10001010011000 "
#6291
b1111000111111 "
#6292
b10001010101010 "
#6293
b1111000111000 "
#6294
b10001010010101 "
#6295
b1111001011000 "
#6296
b10001010011001 "
#6297
b1111001001001 "
#6298
b10001010011000 "
#6299
b1111001101011 "
#6300
b10001001101001 "
#6301
b1111001111110 "
#6302
b10011001110110 "
#6303
b11111011100110 "
#6304
b11111011110000 "
#6305
b10111001110000 "
#6306
b1111010001010 "
#6307
b10111010001011 "
#6308
b1111001011001 "
#6309
b10001010010010 "
#6310
b1111001011100 "
#6311
b10001010010110 "
#6312
b1111001100100 "
#6313
b10001010010100 "
#6314
b1111001010101 "
#6315
b10001010011111 "
#6316
b1111001010110 "
#6317
b10001010100101 "
#6318
b1111001000001 "
#6319
b10001010011000 "
#6320
b1111001010101 "
#6321
b10001001110111 "
#6322
b1111001110010 "
#6323
b10001001101011 "
#6324
b1111010000011 "
#6325
b10001001110110 "
#6326
b1111010011000 "
#6327
b10001001111001 "
#6328
b1111001100101 "
#6329
b10001010010111 "
#6330
b1111001011101 "
#6331
b10001010001100 "
#6332
b1111001100000 "
#6333
b10001010000011 "
#6334
b1111001100001 "
#6335
b10001010010110 "
#6336
b1111001100100 "
#6337
b10001010101110 "
#6338
b1111000111110 "
#6339
b11111010110110 "
#6340
b11111011100110 "
#6341
b1111001000110 "
#6342
b10101010100111 "
#6343
b1111001001011 "
#6344
b10001010010011 "
#6345
b1111001010000 "
#6346
b10001001110011 "
#6347
b1111001100101 "
#6348
b10001001111001 "
#6349
b1111001110000 "
#6350
b10001001111011 "
#6351
b1111001111101 "
#6352
b10001001011100 "
#6353
b1111010000010 "
#6354
b10001010010011 "
#6355
b1111001010001 "
#6356
b10001010011010 "
#6357
b1111001001110 "
#6358
b10001010001000 "
#6359
b1111001100110 "
#6360
b10001010000111 "
#6361
b1111001101111 "
#6362
b10001010011010 "
#6363
b1111000111010 "
#6364
b10001010011010 "
#6365
b1111000100011 "
#6366
b10001010101010 "
#6367
b1111000110101 "
#6368
b10001010010101 "
#6369
b1111001010011 "
#6370
b10001001110100 "
#6371
b1111010000101 "
#6372
b10001001110001 "
#6373
b1111001110110 "
#6374
b10111001111110 "
#6375
b11111001111110 "
#6377
b11111001111010 "
#6378
b1111001110111 "
#6379
b10111001110111 "
#6380
b1111001010100 "
#6381
b10001010011011 "
#6382
b1111001000000 "
#6383
b10001010101100 "
#6384
b1111000110101 "
#6385
b10001010100001 "
#6386
b1111001001011 "
#6387
b10001010011010 "
#6388
b1111000111111 "
#6389
b10001010101111 "
#6390
b1111000111101 "
#6391
b10001010010001 "
#6392
b1111000111000 "
#6393
b10001010010101 "
#6394
b1111001010111 "
#6395
b10001001111001 "
#6396
b1111010001000 "
#6397
b10001001111010 "
#6398
b1111001100100 "
#6399
b10001010000000 "
#6400
b1111001111101 "
#6401
b10001010000000 "
#6402
b1111001101111 "
#6403
b10001010010011 "
#6404
b1111001010001 "
#6405
b10001010001000 "
#6406
b1111001101101 "
#6407
b10001010001110 "
#6408
b1111000110111 "
#6409
b10001010110011 "
#6410
b1111011100011 "
#6411
b11111011101110 "
#6412
b10111010101110 "
#6413
b1111001000110 "
#6414
b10111010010000 "
#6415
b1111001010001 "
#6416
b10001010000101 "
#6417
b1111001101010 "
#6418
b10001010010111 "
#6419
b1111001101010 "
#6420
b10001001111010 "
#6421
b1111010001011 "
#6422
b10001001100010 "
#6423
b1111010001110 "
#6424
b10001001100110 "
#6425
b1111010001100 "
#6426
b10001001111100 "
#6427
b1111001101000 "
#6428
b10001010010011 "
#6429
b1111000111000 "
#6430
b10001010011111 "
#6431
b1111001001010 "
#6432
b10001010011011 "
#6433
b1111000110010 "
#6434
b10001010010111 "
#6435
b1111000110110 "
#6436
b10001010000011 "
#6437
b1111001010110 "
#6438
b10001010000111 "
#6439
b1111001011110 "
#6440
b10001010000001 "
#6441
b1111001100111 "
#6442
b10001001111001 "
#6443
b1111001011100 "
#6444
b10001010010100 "
#6445
b1111001110111 "
#6446
b11111001111011 "
#6447
b11111001101010 "
#6448
b1111010011000 "
#6449
b10111001010100 "
#6450
b1111010011011 "
#6451
b10101001110010 "
#6452
b1111001100111 "
#6453
b10001010010000 "
#6454
b1111001100110 "
#6455
b10001010011010 "
#6456
b1111001000001 "
#6457
b10001010011100 "
#6458
b1111001001011 "
#6459
b10001010011100 "
#6460
b1111001010111 "
#6461
b10001010000000 "
#6462
b1111001010101 "
#6463
b10001010001000 "
#6464
b1111001011110 "
#6465
b10001010001011 "
#6466
b1111010001001 "
#6467
b10001001110011 "
#6468
b1111001101011 "
#6469
b10001010000001 "
#6470
b1111001101100 "
#6471
b10001010001000 "
#6472
b1111010000101 "
#6473
b10001001110111 "
#6474
b1111001101010 "
#6475
b10001010000000 "
#6476
b1111001110001 "
#6477
b10001010001111 "
#6478
b1111001010010 "
#6479
b10001010100010 "
#6480
b1111001010011 "
#6481
b10111010011011 "
#6482
b11111011011111 "
#6483
b11111001001101 "
#6484
b10111010010011 "
#6485
b1111001111010 "
#6486
b10001001111010 "
#6487
b1111010001101 "
#6488
b10001001111010 "
#6489
b1111001100010 "
#6490
b10001001110110 "
#6491
b1111001111010 "
#6492
b10001001100100 "
#6493
b1111001110100 "
#6494
b10001001101111 "
#6495
b1111001110110 "
#6496
b10001001100111 "
#6497
b1111010001000 "
#6498
b10001001110001 "
#6499
b1111001110101 "
#6500
b10001010001000 "
#6501
b1111001100000 "
#6502
b10001010000101 "
#6503
b1111001111001 "
#6504
b10001010000111 "
#6505
b1111001010111 "
#6506
b10001010001110 "
#6507
b1111001011101 "
#6508
b10001010010101 "
#6509
b1111001100001 "
#6510
b10001001110000 "
#6511
b1111010000011 "
#6512
b10001001101110 "
#6513
b1111010100100 "
#6514
b10001001011101 "
#6515
b1111010001111 "
#6516
b10001001101110 "
#6517
b1111010101111 "
#6518
b11111011101111 "
#6519
b11111011101101 "
#6520
b1111010001100 "
#6521
b10001001101001 "
#6522
b1111010000010 "
#6523
b10001010010000 "
#6524
b1111001001101 "
#6525
b10001010010110 "
#6526
b1111001010110 "
#6527
b10001010001011 "
#6528
b1111001010011 "
#6529
b10001010100101 "
#6530
b1111000110100 "
#6531
b10001010010001 "
#6532
b1111001000110 "
#6533
b10001010011000 "
#6534
b1111001001000 "
#6535
b10001001111110 "
#6536
b1111001110101 "
#6537
b10001010001100 "
#6538
b1111001110010 "
#6539
b10001001100111 "
#6540
b1111010000001 "
#6541
b10001001101100 "
#6542
b1111010100010 "
#6543
b10001001010001 "
#6544
b1111010000101 "
#6545
b10001001110010 "
#6546
b1111001111111 "
#6547
b10001001111010 "
#6548
b1111001101011 "
#6549
b10001010010100 "
#6550
b1111000111111 "
#6551
b10001010010110 "
#6552
b1111001011010 "
#6553
b10111011101110 "
#6554
b11111011100110 "
#6555
b1111001000110 "
#6556
b10111010011111 "
#6557
b1111001011110 "
#6558
b10111001111111 "
#6559
b11111001100111 "
#6560
b10001001110111 "
#6561
b1111001110110 "
#6562
b10001001111001 "
#6563
b1111001111100 "
#6564
b10001001111100 "
#6565
b1111001100101 "
#6566
b10001001100011 "
#6567
b1111010011110 "
#6568
b10001001100000 "
#6569
b1111010010010 "
#6570
b10001001111011 "
#6571
b1111001100010 "
#6572
b10001010100100 "
#6573
b1111001000101 "
#6574
b10001010011001 "
#6575
b1111001010000 "
#6576
b10001010011100 "
#6577
b1111001010110 "
#6578
b10001001111110 "
#6579
b1111001101100 "
#6580
b10001010001110 "
#6581
b1111001110010 "
#6582
b10001001110011 "
#6583
b1111010001110 "
#6584
b10001001101110 "
#6585
b1111010000101 "
#6586
b10001001011000 "
#6587
b1111010010111 "
#6588
b10011001010111 "
#6589
b1111011110100 "
#6590
b11111011111010 "
#6591
b10111001101010 "
#6592
b1111011010111 "
#6593
b10001001110111 "
#6594
b1111010001100 "
#6595
b10001001110011 "
#6596
b1111001111101 "
#6597
b10001010000000 "
#6598
b1111001100001 "
#6599
b10001010011010 "
#6600
b1111001010011 "
#6601
b10001010000110 "
#6602
b1111001100101 "
#6603
b10001001111111 "
#6604
b1111001101111 "
#6605
b10001010000000 "
#6606
b1111001111100 "
#6607
b10001001011000 "
#6608
b1111010011010 "
#6609
b10001001100010 "
#6610
b1111010010010 "
#6611
b10001001010111 "
#6612
b1111010110011 "
#6613
b10001001010100 "
#6614
b1111010010100 "
#6615
b10001001011001 "
#6616
b1111010011011 "
#6617
b10001001111001 "
#6618
b1111010001001 "
#6619
b10001001111100 "
#6620
b1111001110110 "
#6621
b10001001110100 "
#6622
b1111001110000 "
#6623
b10001001110110 "
#6624
b1111001111111 "
#6625
b11111011101101 "
#6626
b11111010011101 "
#6627
b1111001111111 "
#6628
b11111001111011 "
#6629
b1111001101000 "
#6630
b10001001110010 "
#6631
b1111010010111 "
#6632
b10001001010111 "
#6633
b1111010101100 "
#6634
b10001001100011 "
#6635
b1111010001100 "
#6636
b10001001001010 "
#6637
b1111010111010 "
#6638
b10001001011100 "
#6639
b1111010010011 "
#6640
b10001001100011 "
#6641
b1111010001011 "
#6642
b10001001101011 "
#6643
b1111001110110 "
#6644
b10001001111100 "
#6645
b1111001101111 "
#6646
b10001010001000 "
#6647
b1111001011010 "
#6648
b10001001110000 "
#6649
b1111001101011 "
#6650
b10001010000110 "
#6651
b1111001101010 "
#6652
b10001001111001 "
#6653
b1111010000110 "
#6654
b10001001111000 "
#6655
b1111010000111 "
#6656
b10001001101011 "
#6657
b1111010011001 "
#6658
b10001001001010 "
#6659
b1111010111110 "
#6660
b10111001111110 "
#6661
b11111011101110 "
#6662
b1111010101110 "
#6663
b10111001101101 "
#6664
b1111010001111 "
#6665
b10111001110111 "
#6666
b1111001100011 "
#6667
b10001001110110 "
#6668
b1111010000110 "
#6669
b10001001111000 "
#6670
b1111001111010 "
#6671
b10001001110010 "
#6672
b1111001100110 "
#6673
b10001010001100 "
#6674
b1111001011011 "
#6675
b10001001111011 "
#6676
b1111010100010 "
#6677
b10001001011110 "
#6678
b1111010011010 "
#6679
b10001001011100 "
#6680
b1111010100101 "
#6681
b10001001100110 "
#6682
b1111010101000 "
#6683
b10001001001000 "
#6684
b1111010101010 "
#6685
b10001000111010 "
#6686
b1111010110100 "
#6687
b10001001000101 "
#6688
b1111010110011 "
#6689
b10001001110100 "
#6690
b1111010010001 "
#6691
b10001001101000 "
#6692
b1111001111011 "
#6693
b10001010000000 "
#6694
b1111001100010 "
#6695
b10001010101010 "
#6696
b1111011111011 "
#6697
b11111001111111 "
#6698
b11111001110111 "
#6699
b1111001100111 "
#6700
b10111001111010 "
#6701
b1111001100111 "
#6702
b10001001111101 "
#6703
b1111010010010 "
#6704
b10001001100100 "
#6705
b1111010011010 "
#6706
b10001001010100 "
#6707
b1111010101101 "
#6708
b10001001001010 "
#6709
b1111010110101 "
#6710
b10001001001101 "
#6711
b1111010010101 "
#6712
b10001001001110 "
#6713
b1111010100010 "
#6714
b10001001110001 "
#6715
b1111010001000 "
#6716
b10001010000010 "
#6717
b1111001111111 "
#6718
b10001001111111 "
#6719
b1111001101110 "
#6720
b10001001111110 "
#6721
b1111001110101 "
#6722
b10001010001000 "
#6723
b1111001110101 "
#6724
b10001001011100 "
#6725
b1111001111100 "
#6726
b10001001111010 "
#6727
b1111010001111 "
#6728
b10001001000011 "
#6729
b1111011001011 "
#6730
b10001000111010 "
#6731
b1111011110010 "
#6732
b10111011110110 "
#6733
b11111011110110 "
#6734
b1111011110010 "
#6735
b10111011110010 "
#6736
b1111011000000 "
#6737
b10001001110011 "
#6738
b1111010001010 "
#6739
b10001001100011 "
#6740
b1111010011001 "
#6741
b10001001011110 "
#6742
b1111010010111 "
#6743
b10001001111101 "
#6744
b1111001110010 "
#6745
b10001001101100 "
#6746
b1111010100101 "
#6747
b10001001100000 "
#6748
b1111010101011 "
#6749
b10001001001010 "
#6750
b1111011000100 "
#6751
b10001001000111 "
#6752
b1111010101000 "
#6753
b10001001000111 "
#6754
b1111010110111 "
#6755
b10001000111100 "
#6756
b1111011001101 "
#6757
b10001000111100 "
#6758
b1111010111010 "
#6759
b10001001000010 "
#6760
b1111010111000 "
#6761
b10001000110101 "
#6762
b1111010111110 "
#6763
b10001001001111 "
#6764
b1111010101110 "
#6765
b10001001101000 "
#6766
b1111001111111 "
#6767
b10011001111111 "
#6768
b11111011101010 "
#6769
b11111011011110 "
#6770
b10111001011110 "
#6771
b1111010001000 "
#6772
b10111011100101 "
#6773
b1111010100101 "
#6774
b10001001000000 "
#6775
b1111011001111 "
#6776
b10001000111010 "
#6777
b1111011000101 "
#6778
b10001000111001 "
#6779
b1111011010111 "
#6780
b10001000011110 "
#6781
b1111011000010 "
#6782
b10001000100010 "
#6783
b1111011010011 "
#6784
b10001000111110 "
#6785
b1111010111000 "
#6786
b10001001000100 "
#6787
b1111010110010 "
#6788
b10001000111111 "
#6789
b1111010110011 "
#6790
b10001001100000 "
#6791
b1111010011110 "
#6792
b10001001100001 "
#6793
b1111010010101 "
#6794
b10001001011000 "
#6795
b1111010010101 "
#6796
b10001001010110 "
#6797
b1111010101100 "
#6798
b10001001001001 "
#6799
b1111011100100 "
#6800
b10001000110010 "
#6801
b1111011000010 "
#6802
b10001000110101 "
#6803
b1111011111101 "
#6804
b11111011111011 "
#6805
b11111011111010 "
#6806
b11111011010011 "
#6807
b11111011001011 "
#6808
b1111011001010 "
#6809
b10001000110010 "
#6810
b1111011000010 "
#6811
b10001001010101 "
#6812
b1111010100011 "
#6813
b10001001101000 "
#6814
b1111010100101 "
#6815
b10001001001111 "
#6816
b1111010110101 "
#6817
b10001001001110 "
#6818
b1111010111111 "
#6819
b10001001000010 "
#6820
b1111011000111 "
#6821
b10001000110100 "
#6822
b1111010111100 "
#6823
b10001000100011 "
#6824
b1111011001111 "
#6825
b10001000101100 "
#6826
b1111011101111 "
#6827
b10001000100110 "
#6828
b1111011100111 "
#6829
b10001000101101 "
#6830
b1111011010001 "
#6831
b10001001000111 "
#6832
b1111011001001 "
#6833
b10001001000011 "
#6834
b1111011010110 "
#6835
b10001001000100 "
#6836
b1111010111100 "
#6837
b10001000111010 "
#6838
b1111010111110 "
#6839
b10011000111110 "
#6840
b11111011111010 "
#6841
b1111011001101 "
#6842
b10111011101111 "
#6843
b1111011101111 "
#6844
b10001000100001 "
#6845
b1111011001110 "
#6846
b10001000101100 "
#6847
b1111011110101 "
#6848
b10001000101001 "
#6849
b1111011111001 "
#6850
b10001000011111 "
#6851
b1111011110100 "
#6852
b10001000010001 "
#6853
b1111100000000 "
#6854
b10001000100001 "
#6855
b1111011010111 "
#6856
b10001000110101 "
#6857
b1111011011111 "
#6858
b10001000101001 "
#6859
b1111011000001 "
#6860
b10001001010000 "
#6861
b1111010100000 "
#6862
b10001001001110 "
#6863
b1111010110000 "
#6864
b10001000111011 "
#6865
b1111010111000 "
#6866
b10001001001010 "
#6867
b1111010110110 "
#6868
b10001000101110 "
#6869
b1111011011101 "
#6870
b10001000101010 "
#6871
b1111011011001 "
#6872
b10001000001100 "
#6873
b1111011110101 "
#6874
b10001000110001 "
#6875
b1111011101101 "
#6876
b11111011111111 "
#6877
b11111011011111 "
#6878
b1111011010101 "
#6879
b10001000101111 "
#6880
b1111011001100 "
#6881
b10001001000001 "
#6882
b1111011001111 "
#6883
b10001001010011 "
#6884
b1111010110101 "
#6885
b10001001001110 "
#6886
b1111011000000 "
#6887
b10001001001110 "
#6888
b1111010100100 "
#6889
b10001001011100 "
#6890
b1111010101111 "
#6891
b10001000111000 "
#6892
b1111011001110 "
#6893
b10001000110100 "
#6894
b1111011001001 "
#6895
b10001000110010 "
#6896
b1111011100000 "
#6897
b10001000101011 "
#6898
b1111011011101 "
#6899
b10001000101000 "
#6900
b1111011100111 "
#6901
b10001000111000 "
#6902
b1111010111110 "
#6903
b10001001001011 "
#6904
b1111010110010 "
#6905
b10001001010010 "
#6906
b1111011000001 "
#6907
b10001001001000 "
#6908
b1111010110101 "
#6909
b10001001111010 "
#6910
b1111010101010 "
#6911
b10111011101010 "
#6912
b11111011001111 "
#6913
b1111011000111 "
#6914
b10001000110010 "
#6915
b1111011001101 "
#6916
b10101001001001 "
#6917
b1111011000111 "
#6918
b10001000111000 "
#6919
b1111011100100 "
#6920
b10001000010110 "
#6921
b1111011110010 "
#6922
b10001000001100 "
#6923
b1111011110001 "
#6924
b10001000101110 "
#6925
b1111011100100 "
#6926
b10001000100001 "
#6927
b1111011100001 "
#6928
b10001000111100 "
#6929
b1111011010010 "
#6930
b10001001011000 "
#6931
b1111010111011 "
#6932
b10001001010010 "
#6933
b1111010111010 "
#6934
b10001000110001 "
#6935
b1111011001111 "
#6936
b10001000110100 "
#6937
b1111011000101 "
#6938
b10001000110100 "
#6939
b1111011010101 "
#6940
b10001000100010 "
#6941
b1111011110011 "
#6942
b10001000001100 "
#6943
b1111011110110 "
#6944
b10001000010011 "
#6945
b1111011110001 "
#6946
b10011000110011 "
#6947
b11111011100011 "
#6948
b11111011000111 "
#6949
b10111011100111 "
#6950
b1111011101010 "
#6951
b10001000100011 "
#6952
b1111011011110 "
#6953
b10001000111010 "
#6954
b1111011000100 "
#6955
b10001000110011 "
#6956
b1111011000110 "
#6957
b10001001001000 "
#6958
b1111011000101 "
#6959
b10001001100000 "
#6960
b1111010011011 "
#6961
b10001000111101 "
#6962
b1111010101010 "
#6963
b10001001001001 "
#6964
b1111011000111 "
#6965
b10001000101010 "
#6966
b1111011110010 "
#6967
b10001000010110 "
#6968
b1111011011110 "
#6969
b10001000011100 "
#6970
b1111100001100 "
#6971
b10001000010011 "
#6972
b1111100000100 "
#6973
b10001000100000 "
#6974
b1111011010001 "
#6975
b10001000011111 "
#6976
b1111011100010 "
#6977
b10001000101111 "
#6978
b1111011010011 "
#6979
b10001001001000 "
#6980
b1111010101111 "
#6981
b10001001110011 "
#6982
b1111010111100 "
#6983
b11111010111111 "
#6984
b11111011111011 "
#6985
b1111011000001 "
#6986
b10001000110100 "
#6987
b1111011011010 "
#6988
b10001000110011 "
#6989
b1111011000001 "
#6990
b10001000110100 "
#6991
b1111011010111 "
#6992
b10001000011011 "
#6993
b1111011110101 "
#6994
b10001000101000 "
#6995
b1111011010001 "
#6996
b10001000111110 "
#6997
b1111011000101 "
#6998
b10001000110001 "
#6999
b1111011100110 "
#7000
b10001000111011 "
#7001
b1111011001011 "
#7002
b10001000111000 "
#7003
b1111011011000 "
#7004
b10001000111000 "
#7005
b1111011001010 "
#7006
b10001001000010 "
#7007
b1111010110101 "
#7008
b10001001000001 "
#7009
b1111010111010 "
#7010
b10001000101010 "
#7011
b1111011100000 "
#7012
b10001000101011 "
#7013
b1111011100001 "
#7014
b10001000101010 "
#7015
b1111011101101 "
#7016
b10001000011010 "
#7017
b1111011110111 "
#7018
b10111011101111 "
#7019
b11111011011011 "
#7020
b11111011100010 "
#7021
b10111011101010 "
#7022
b1111011101001 "
#7023
b10001000110111 "
#7024
b1111011000110 "
#7025
b10001000110100 "
#7026
b1111010111000 "
#7027
b10001000101001 "
#7028
b1111011000100 "
#7029
b10001001010001 "
#7030
b1111010110000 "
#7031
b10001001011100 "
#7032
b1111010011100 "
#7033
b10001001001010 "
#7034
b1111011010110 "
#7035
b10001000110001 "
#7036
b1111011011110 "
#7037
b10001000011000 "
#7038
b1111011100110 "
#7039
b10000111111101 "
#7040
b1111100000101 "
#7041
b10001000010101 "
#7042
b1111011110101 "
#7043
b10001000110001 "
#7044
b1111011100100 "
#7045
b10001000100010 "
#7046
b1111011100110 "
#7047
b10001000110010 "
#7048
b1111011000011 "
#7049
b10001001011011 "
#7050
b1111010110101 "
#7051
b10001001010010 "
#7052
b1111010010111 "
#7053
b10001001010110 "
#7054
b1111011010110 "
#7055
b11111011001010 "
#7056
b11111011001001 "
#7057
b1111011000001 "
#7058
b10111010111101 "
#7059
b1111010111101 "
#7060
b10001000111100 "
#7061
b1111011011100 "
#7062
b10001000100110 "
#7063
b1111011101000 "
#7064
b10001000010001 "
#7065
b1111011101110 "
#7066
b10001000110100 "
#7067
b1111011100110 "
#7068
b10001000011000 "
#7069
b1111011011111 "
#7070
b10001001000100 "
#7071
b1111011000100 "
#7072
b10001000101100 "
#7073
b1111011010101 "
#7074
b10001000101011 "
#7075
b1111011001010 "
#7076
b10001001010110 "
#7077
b1111010110100 "
#7078
b10001000111111 "
#7079
b1111011010010 "
#7080
b10001001000001 "
#7081
b1111011001010 "
#7082
b10001001000000 "
#7083
b1111011011010 "
#7084
b10001000101101 "
#7085
b1111011101000 "
#7086
b10001000001110 "
#7087
b1111011101111 "
#7088
b10001000001010 "
#7089
b1111011111110 "
#7090
b10111011111110 "
#7091
b11111011110011 "
#7092
b1111011010011 "
#7093
b11111011100110 "
#7094
b1111011100100 "
#7095
b11111010110010 "
#7096
b1111010110010 "
#7097
b10001001001100 "
#7098
b1111010111110 "
#7099
b10001001010000 "
#7100
b1111011000001 "
#7101
b10001000111101 "
#7102
b1111011000011 "
#7103
b10001001011100 "
#7104
b1111011000001 "
#7105
b10001001000011 "
#7106
b1111011011101 "
#7107
b10001000100110 "
#7108
b1111011010100 "
#7109
b10001000001100 "
#7110
b1111011111101 "
#7111
b10001000010000 "
#7112
b1111011111111 "
#7113
b10001000001111 "
#7114
b1111011011110 "
#7115
b10001000001010 "
#7116
b1111011111010 "
#7117
b10001000001111 "
#7118
b1111011100111 "
#7119
b10001000111000 "
#7120
b1111011000111 "
#7121
b10001000110110 "
#7122
b1111011000100 "
#7123
b10001000111110 "
#7124
b1111011110011 "
#7125
b10011001000111 "
#7126
b11111011011111 "
#7127
b11111011011101 "
#7128
b10111011011101 "
#7129
b1111011011000 "
#7130
b10111011100000 "
#7131
b1111011111001 "
#7132
b10000111110110 "
#7133
b1111011111011 "
#7134
b10001000101010 "
#7135
b1111011010011 "
#7136
b10001000001010 "
#7137
b1111100100111 "
#7138
b10001000000010 "
#7139
b1111011110111 "
#7140
b10001000010001 "
#7141
b1111011010100 "
#7142
b10001000111000 "
#7143
b1111011000011 "
#7144
b10001001000100 "
#7145
b1111011000100 "
#7146
b10001001000101 "
#7147
b1111011000110 "
#7148
b10001000101110 "
#7149
b1111011011010 "
#7150
b10001001000110 "
#7151
b1111011010001 "
#7152
b10001000111000 "
#7153
b1111011110110 "
#7154
b10001000010110 "
#7155
b1111011101100 "
#7156
b10001000001010 "
#7157
b1111011110111 "
#7158
b10001000001110 "
#7159
b1111011110111 "
#7160
b10001000110110 "
#7161
b1111011101100 "
#7162
b11111011101100 "
#7163
b11111100010011 "
#7164
b1111100001100 "
#7165
b10111001001100 "
#7166
b1111011110111 "
#7167
b10001000111011 "
#7168
b1111011011011 "
#7169
b10001000110111 "
#7170
b1111011000011 "
#7171
b10001001001001 "
#7172
b1111010100010 "
#7173
b10001001100100 "
#7174
b1111010111111 "
#7175
b10001001000111 "
#7176
b1111011001101 "
#7177
b10001000101101 "
#7178
b1111011100100 "
#7179
b10001000011100 "
#7180
b1111100000001 "
#7181
b10001000010101 "
#7182
b1111011101101 "
#7183
b10001000001111 "
#7184
b1111011100000 "
#7185
b10001000010010 "
#7186
b1111011111101 "
#7187
b10001000001011 "
#7188
b1111011110101 "
#7189
b10001000100100 "
#7190
b1111011011000 "
#7191
b10001000111111 "
#7192
b1111011001111 "
#7193
b10001001001110 "
#7194
b1111011000110 "
#7195
b10001000111101 "
#7196
b1111011111101 "
#7197
b10111011011100 "
#7198
b11111011011100 "
#7199
b1111011011100 "
#7200
b10111011101100 "
#7201
b1111011111001 "
#7202
b10001001011011 "
#7203
b1111011101001 "
#7204
b10001000011000 "
#7205
b1111011010111 "
#7206
b10001000011000 "
#7207
b1111100001010 "
#7208
b10001000000100 "
#7209
b1111100000000 "
#7210
b10001000011011 "
#7211
b1111011110010 "
#7212
b10000111111101 "
#7213
b1111011110111 "
#7214
b10001000010001 "
#7215
b1111011101001 "
#7216
b10001001001001 "
#7217
b1111011011111 "
#7218
b10001000101011 "
#7219
b1111011000001 "
#7220
b10001001000100 "
#7221
b1111011011001 "
#7222
b10001000111000 "
#7223
b1111011001000 "
#7224
b10001000011001 "
#7225
b1111011110010 "
#7226
b10001000011010 "
#7227
b1111011111010 "
#7228
b10001000001101 "
#7229
b1111100010101 "
#7230
b10000111111011 "
#7231
b1111100010011 "
#7232
b10011000001011 "
#7233
b1111011111101 "
#7234
b11111011111101 "
#7235
b10111100000111 "
#7236
b1111100001001 "
#7237
b10111011100011 "
#7238
b1111011100000 "
#7239
b10001000101011 "
#7240
b1111011001101 "
#7241
b10001000110011 "
#7242
b1111011010100 "
#7243
b10001001001100 "
#7244
b1111011011111 "
#7245
b10001000001100 "
#7246
b1111011110111 "
#7247
b10001000000010 "
#7248
b1111100000000 "
#7249
b10001000100010 "
#7250
b1111011101000 "
#7251
b10001000011001 "
#7252
b1111011110000 "
#7253
b10001000001101 "
#7254
b1111100001000 "
#7255
b10000111101101 "
#7256
b1111100101000 "
#7257
b10001000000011 "
#7258
b1111100000111 "
#7259
b10001000100000 "
#7260
b1111011101010 "
#7261
b10001000001010 "
#7262
b1111011101111 "
#7263
b10001000110101 "
#7264
b1111011011010 "
#7265
b10001001000000 "
#7266
b1111011001110 "
#7267
b10001000011001 "
#7268
b1111011011101 "
#7269
b10111011011111 "
#7270
b11111011011111 "
#7271
b1111011101001 "
#7272
b10111011111100 "
#7273
b1111011110100 "
#7274
b10001000000110 "
#7275
b1111011110101 "
#7276
b10001000011000 "
#7277
b1111100001111 "
#7278
b10001000010101 "
#7279
b1111011101111 "
#7280
b10001000010001 "
#7281
b1111011111111 "
#7282
b10000111110110 "
#7283
b1111100010111 "
#7284
b10000111111111 "
#7285
b1111011111000 "
#7286
b10001000011100 "
#7287
b1111011110011 "
#7288
b10001000111010 "
#7289
b1111011010001 "
#7290
b10001000111001 "
#7291
b1111011010100 "
#7292
b10001000111000 "
#7293
b1111011010110 "
#7294
b10001000100011 "
#7295
b1111011100100 "
#7296
b10001000101001 "
#7297
b1111011011100 "
#7298
b10001000110110 "
#7299
b1111011100011 "
#7300
b10000111111111 "
#7301
b1111100010001 "
#7302
b10001000000011 "
#7303
b1111100000101 "
#7304
b10011000010111 "
#7305
b1111100010111 "
#7306
b11111100010010 "
#7307
b11111011110010 "
#7308
b1111011110010 "
#7309
b10111011011011 "
#7310
b1111011010111 "
#7311
b10001000111111 "
#7312
b1111010101011 "
#7313
b10001001010100 "
#7314
b1111011000011 "
#7315
b10001000110100 "
#7316
b1111011010111 "
#7317
b10001000111001 "
#7318
b1111011001011 "
#7319
b10001000110111 "
#7320
b1111011011101 "
#7321
b10001000101110 "
#7322
b1111011011001 "
#7323
b10001000010100 "
#7324
b1111100000011 "
#7325
b10001000001011 "
#7326
b1111100001101 "
#7327
b10001000001001 "
#7328
b1111100000111 "
#7329
b10001000000100 "
#7330
b1111011110001 "
#7331
b10001000010111 "
#7332
b1111011011010 "
#7333
b10001000011000 "
#7334
b1111100000111 "
#7335
b10001000101000 "
#7336
b1111011100110 "
#7337
b10001000011111 "
#7338
b1111011110000 "
#7339
b10001000111110 "
#7340
b1111011101111 "
#7341
b11111011100101 "
#7342
b11111100100101 "
#7343
b1111100000101 "
#7344
b10001000000110 "
#7345
b1111011110001 "
#7346
b10001000000110 "
#7347
b1111100011110 "
#7348
b10000111110110 "
#7349
b1111100011010 "
#7350
b10001000000001 "
#7351
b1111100000000 "
#7352
b10000111101110 "
#7353
b1111100000010 "
#7354
b10001000001110 "
#7355
b1111100000101 "
#7356
b10001000000111 "
#7357
b1111011110101 "
#7358
b10001000001000 "
#7359
b1111011111000 "
#7360
b10001000100110 "
#7361
b1111011101011 "
#7362
b10001000101011 "
#7363
b1111011100110 "
#7364
b10001000010111 "
#7365
b1111011101100 "
#7366
b10001000011100 "
#7367
b1111011011100 "
#7368
b10001000011011 "
#7369
b1111100001100 "
#7370
b10000111111001 "
#7371
b1111100001110 "
#7372
b10001000001001 "
#7373
b1111011111010 "
#7374
b10000111111111 "
#7375
b1111100110111 "
#7376
b10111111111010 "
#7377
b11111111101010 "
#7378
b1111100001111 "
#7379
b10111011110011 "
#7380
b1111011110110 "
#7381
b10001000010100 "
#7382
b1111011101000 "
#7383
b10001000011000 "
#7384
b1111011110010 "
#7385
b10001000100000 "
#7386
b1111011110101 "
#7387
b10001000110110 "
#7388
b1111011001011 "
#7389
b10001000100100 "
#7390
b1111011100011 "
#7391
b10001000100010 "
#7392
b1111011011010 "
#7393
b10001000010110 "
#7394
b1111100001001 "
#7395
b10000111111100 "
#7396
b1111100100110 "
#7397
b10000111101110 "
#7398
b1111100010011 "
#7399
b10000111111110 "
#7400
b1111100001010 "
#7401
b10001000001000 "
#7402
b1111100011010 "
#7403
b10001000000001 "
#7404
b1111100000101 "
#7405
b10001000000100 "
#7406
b1111011110000 "
#7407
b10001000011100 "
#7408
b1111011100001 "
#7409
b10001000101111 "
#7410
b1111011110001 "
#7411
b10111000111111 "
#7412
b11111011011111 "
#7413
b11111011111011 "
#7414
b10111011011000 "
#7415
b1111011111001 "
#7416
b10111011111111 "
#7417
b1111011111011 "
#7418
b10001000010000 "
#7419
b1111100010101 "
#7420
b10000111100111 "
#7421
b1111100101001 "
#7422
b10000111110110 "
#7423
b1111100010101 "
#7424
b10001000000111 "
#7425
b1111100010000 "
#7426
b10001000001100 "
#7427
b1111011110110 "
#7428
b10000111111101 "
#7429
b1111011111100 "
#7430
b10001000100100 "
#7431
b1111011111000 "
#7432
b10001000100101 "
#7433
b1111011010100 "
#7434
b10001000101110 "
#7435
b1111011100101 "
#7436
b10001000010100 "
#7437
b1111011110100 "
#7438
b10001000011000 "
#7439
b1111100000011 "
#7440
b10001000000100 "
#7441
b1111100000001 "
#7442
b10000111110111 "
#7443
b1111100000011 "
#7444
b10000111111111 "
#7445
b1111100001100 "
#7446
b10000111101100 "
#7447
b1111100111100 "
#7448
b11111111010100 "
#7449
b11111111110011 "
#7450
b1111100010000 "
#7451
b10000111101001 "
#7452
b1111100010001 "
#7453
b10001000000111 "
#7454
b1111011101110 "
#7455
b10001000101100 "
#7456
b1111011001001 "
#7457
b10001000101001 "
#7458
b1111011001111 "
#7459
b10001000111100 "
#7460
b1111011010011 "
#7461
b10001000101100 "
#7462
b1111011010001 "
#7463
b10001000010111 "
#7464
b1111011111111 "
#7465
b10001000001001 "
#7466
b1111100000010 "
#7467
b10001000000100 "
#7468
b1111011111100 "
#7469
b10001000000011 "
#7470
b1111011111011 "
#7471
b10001000000010 "
#7472
b1111100000000 "
#7473
b10001000000001 "
#7474
b1111011101010 "
#7475
b10001000010110 "
#7476
b1111011011100 "
#7477
b10001000110001 "
#7478
b1111011100001 "
#7479
b10001000110010 "
#7480
b1111011100011 "
#7481
b10001000100011 "
#7482
b1111011010111 "
#7483
b10111000011101 "
#7484
b11111100011101 "
#7485
b11111100100101 "
#7486
b10111100100111 "
#7487
b1111100011011 "
#7488
b10101011011011 "
#7489
b1111011110110 "
#7490
b10000111110100 "
#7491
b1111100001001 "
#7492
b10001000000000 "
#7493
b1111100010001 "
#7494
b10001000001010 "
#7495
b1111011111001 "
#7496
b10001000001000 "
#7497
b1111011110111 "
#7498
b10001000001101 "
#7499
b1111100000101 "
#7500
b10001000011110 "
#7501
b1111011110000 "
#7502
b10001000100100 "
#7503
b1111011111101 "
#7504
b10001000100011 "
#7505
b1111011100110 "
#7506
b10001000100000 "
#7507
b1111011110100 "
#7508
b10001000011111 "
#7509
b1111011100110 "
#7510
b10001000100010 "
#7511
b1111011101001 "
#7512
b10001000100001 "
#7513
b1111011111001 "
#7514
b10001000100001 "
#7515
b1111011011000 "
#7516
b10001000010101 "
#7517
b1111011111111 "
#7518
b10000111111110 "
#7519
b1111111111111 "
#7520
b11111111111011 "
#7521
b11111111111111 "
#7522
b1111011110101 "
#7523
b10111011100111 "
#7524
b1111011100100 "
#7525
b10001000111011 "
#7526
b1111011010110 "
#7527
b10001000011011 "
#7528
b1111011100001 "
#7529
b10001000110000 "
#7530
b1111011010111 "
#7531
b10001000011000 "
#7532
b1111010111000 "
#7533
b10001000110110 "
#7534
b1111011010011 "
#7535
b10001000100110 "
#7536
b1111011101011 "
#7537
b10001000001010 "
#7538
b1111011110110 "
#7539
b10001000000111 "
#7540
b1111100000000 "
#7541
b10001000001011 "
#7542
b1111100010011 "
#7543
b10001000010101 "
#7544
b1111011101110 "
#7545
b10000111110101 "
#7546
b1111011111101 "
#7547
b10001000010010 "
#7548
b1111011110100 "
#7549
b10001000010011 "
#7550
b1111011110110 "
#7551
b10001000101011 "
#7552
b1111011000101 "
#7553
b10001000110110 "
#7554
b1111011111111 "
#7555
b10111011101101 "
#7556
b11111011100101 "
#7557
b1111011111010 "
#7558
b10111011011000 "
#7559
b1111011110111 "
#7560
b10001000010111 "
#7561
b1111011101001 "
#7562
b10001000011111 "
#7563
b1111011111101 "
#7564
b10001000001000 "
#7565
b1111011110011 "
#7566
b10001000010110 "
#7567
b1111011111000 "
#7568
b10001000011011 "
#7569
b1111011110001 "
#7570
b10001000100010 "
#7571
b1111011110111 "
#7572
b10001000001111 "
#7573
b1111011101000 "
#7574
b10001000110011 "
#7575
b1111011001000 "
#7576
b10001001000011 "
#7577
b1111011011001 "
#7578
b10001001000011 "
#7579
b1111011010011 "
#7580
b10001000100010 "
#7581
b1111011010101 "
#7582
b10001000101111 "
#7583
b1111011011100 "
#7584
b10001000111000 "
#7585
b1111011011011 "
#7586
b10001000010000 "
#7587
b1111011110101 "
#7588
b10000111111100 "
#7589
b1111100010101 "
#7590
b10011000011101 "
#7591
b1111011111100 "
#7592
b11111011111010 "
#7593
b10111011111010 "
#7594
b1111011100011 "
#7595
b10001000010110 "
#7596
b1111011011001 "
#7597
b10001001000010 "
#7598
b1111011010111 "
#7599
b10001001000010 "
#7600
b1111011000011 "
#7601
b10001000111111 "
#7602
b1111010111011 "
#7603
b10001000110010 "
#7604
b1111011110001 "
#7605
b10001000011010 "
#7606
b1111011100101 "
#7607
b10001000101100 "
#7608
b1111011101101 "
#7609
b10001000001110 "
#7610
b1111011111011 "
#7611
b10001000100111 "
#7612
b1111011111100 "
#7613
b10001000010111 "
#7614
b1111011110110 "
#7615
b10000111101101 "
#7616
b1111100101001 "
#7617
b10000111111001 "
#7618
b1111100000001 "
#7619
b10001000100010 "
#7620
b1111011100010 "
#7621
b10001000100110 "
#7622
b1111011000101 "
#7623
b10001000101101 "
#7624
b1111011010001 "
#7625
b10001000111111 "
#7626
b1111010111111 "
#7627
b11111011111011 "
#7628
b10001001001001 "
#7629
b1111010111110 "
#7630
b10001000011111 "
#7631
b1111011100010 "
#7632
b10001000011001 "
#7633
b1111011101001 "
#7634
b10001000011110 "
#7635
b1111011110100 "
#7636
b10001000010001 "
#7637
b1111011111101 "
#7638
b10001000011101 "
#7639
b1111100000100 "
#7640
b10001000010000 "
#7641
b1111011111110 "
#7642
b10001000001100 "
#7643
b1111011100100 "
#7644
b10001001000010 "
#7645
b1111011001101 "
#7646
b10001001010110 "
#7647
b1111010111111 "
#7648
b10001000100100 "
#7649
b1111011010000 "
#7650
b10001000111011 "
#7651
b1111011001001 "
#7652
b10001000111111 "
#7653
b1111011001110 "
#7654
b10001000101101 "
#7655
b1111011010001 "
#7656
b10001000010101 "
#7657
b1111011110110 "
#7658
b10001000010011 "
#7659
b1111100000110 "
#7660
b10001000011110 "
#7661
b1111011110011 "
#7662
b10111010111011 "
#7663
b11111011011010 "
#7664
b11111011110111 "
#7665
b10001010011101 "
#7666
b1111011100011 "
#7667
b10101011110110 "
#7668
b1111011000110 "
#7669
b10001000110110 "
#7670
b1111011000101 "
#7671
b10001000111001 "
#7672
b1111011000110 "
#7673
b10001000111101 "
#7674
b1111011001001 "
#7675
b10001001001010 "
#7676
b1111011000000 "
#7677
b10001000110010 "
#7678
b1111011010110 "
#7679
b10001000010101 "
#7680
b1111100000000 "
#7681
b10001000100101 "
#7682
b1111011001110 "
#7683
b10001000101011 "
#7684
b1111011000000 "
#7685
b10001000010100 "
#7686
b1111011111000 "
#7687
b10001000010101 "
#7688
b1111011101011 "
#7689
b10001000101000 "
#7690
b1111011000110 "
#7691
b10001001001000 "
#7692
b1111010111110 "
#7693
b10001001010110 "
#7694
b1111010111000 "
#7695
b10001001011001 "
#7696
b1111010110011 "
#7697
b10001000111110 "
#7698
b1111010111111 "
#7699
b11111011101101 "
#7700
b11111011011001 "
#7701
b1111011010100 "
#7702
b11111011110100 "
#7703
b1111011110000 "
#7704
b10001000100000 "
#7705
b1111011001001 "
#7706
b10001000010111 "
#7707
b1111011111101 "
#7708
b10001000010011 "
#7709
b1111100000111 "
#7710
b10001000011100 "
#7711
b1111011011100 "
#7712
b10001000100001 "
#7713
b1111011100111 "
#7714
b10001000110001 "
#7715
b1111010111100 "
#7716
b10001001000110 "
#7717
b1111011001101 "
#7718
b10001000111110 "
#7719
b1111010100110 "
#7720
b10001001101100 "
#7721
b1111010110111 "
#7722
b10001001100001 "
#7723
b1111010110110 "
#7724
b10001001000011 "
#7725
b1111010101111 "
#7726
b10001001001101 "
#7727
b1111010111100 "
#7728
b10001000110001 "
#7729
b1111011010100 "
#7730
b10001000101011 "
#7731
b1111011000111 "
#7732
b10001001000110 "
#7733
b1111011010111 "
#7734
b10111011110111 "
#7735
b11111011110101 "
#7736
b1111011011110 "
#7737
b10001000111000 "
#7738
b1111011000111 "
#7739
b10001001010011 "
#7740
b1111010100100 "
#7741
b10001001110100 "
#7742
b1111010011011 "
#7743
b10001001111000 "
#7744
b1111010001100 "
#7745
b10001001011001 "
#7746
b1111010100101 "
#7747
b10001001011001 "
#7748
b1111011001111 "
#7749
b10001000110111 "
#7750
b1111011011110 "
#7751
b10001001000110 "
#7752
b1111011101101 "
#7753
b10001000100111 "
#7754
b1111011010010 "
#7755
b10001000101010 "
#7756
b1111011101011 "
#7757
b10001000111001 "
#7758
b1111011001111 "
#7759
b10001000111010 "
#7760
b1111010111111 "
#7761
b10001001001000 "
#7762
b1111010100010 "
#7763
b10001001110000 "
#7764
b1111010010011 "
#7765
b10001001011111 "
#7766
b1111010011100 "
#7767
b10001001010110 "
#7768
b1111010110101 "
#7769
b10011001100101 "
#7770
b1111011101101 "
#7771
b11111011011110 "
#7772
b10111001111110 "
#7773
b1111010111110 "
#7774
b10101001000011 "
#7775
b1111010110111 "
#7776
b10001000111001 "
#7777
b1111011010100 "
#7778
b10001000111011 "
#7779
b1111011100001 "
#7780
b10001000011011 "
#7781
b1111011001010 "
#7782
b10001000101110 "
#7783
b1111011011101 "
#7784
b10001001000000 "
#7785
b1111010101011 "
#7786
b10001001010011 "
#7787
b1111010100100 "
#7788
b10001001101100 "
#7789
b1111010010110 "
#7790
b10001001110111 "
#7791
b1111001101111 "
#7792
b10001010011100 "
#7793
b1111001101000 "
#7794
b10001001101111 "
#7795
b1111010011001 "
#7796
b10001001010101 "
#7797
b1111010110101 "
#7798
b10001000110010 "
#7799
b1111011011111 "
#7800
b10001001000100 "
#7801
b1111010111010 "
#7802
b10001001001100 "
#7803
b1111010101101 "
#7804
b10001001001010 "
#7805
b1111011011011 "
#7806
b11111011010011 "
#7807
b11111001000011 "
#7808
b1111010110100 "
#7809
b10101001011011 "
#7810
b1111010101111 "
#7811
b10001001010111 "
#7812
b1111010010111 "
#7813
b10001001110000 "
#7814
b1111010010100 "
#7815
b10001001101001 "
#7816
b1111010000001 "
#7817
b10001001110011 "
#7818
b1111010011010 "
#7819
b10001001100000 "
#7820
b1111010110011 "
#7821
b10001001000111 "
#7822
b1111010101100 "
#7823
b10001000110100 "
#7824
b1111010111010 "
#7825
b10001001001100 "
#7826
b1111010110111 "
#7827
b10001001001000 "
#7828
b1111010111001 "
#7829
b10001001010010 "
#7830
b1111010110100 "
#7831
b10001001010101 "
#7832
b1111010101110 "
#7833
b10001001100111 "
#7834
b1111010101010 "
#7835
b10001001001111 "
#7836
b1111010011110 "
#7837
b10001001011011 "
#7838
b1111010011000 "
#7839
b10001001110010 "
#7840
b1111010111110 "
#7841
b10111011111110 "
#7842
b11101011110110 "
#7843
b1111010011101 "
#7844
b10001001011001 "
#7845
b1111010100010 "
#7846
b10001001001111 "
#7847
b1111010101110 "
#7848
b10001001010110 "
#7849
b1111010111011 "
#7850
b10001000101111 "
#7851
b1111010110101 "
#7852
b10001001001100 "
#7853
b1111010111100 "
#7854
b10001001001110 "
#7855
b1111010101000 "
#7856
b10001001100001 "
#7857
b1111010010010 "
#7858
b10001001011001 "
#7859
b1111001111101 "
#7860
b10001001110010 "
#7861
b1111001111011 "
#7862
b10001001111010 "
#7863
b1111001111000 "
#7864
b10001001101110 "
#7865
b1111001111100 "
#7866
b10001001101011 "
#7867
b1111010000010 "
#7868
b10001001101011 "
#7869
b1111010000010 "
#7870
b10001001000110 "
#7871
b1111010110110 "
#7872
b10001001001100 "
#7873
b1111010111000 "
#7874
b10001001000000 "
#7875
b1111011011000 "
#7876
b10011000111111 "
#7877
b1111011101111 "
#7878
b11111011001110 "
#7879
b10111011100001 "
#7880
b1111011100101 "
#7881
b10111001100101 "
#7882
b11111001111010 "
#7883
b11101001111011 "
#7884
b1111001111011 "
#7885
b10001001100100 "
#7886
b1111001111101 "
#7887
b10001010001111 "
#7888
b1111001001010 "
#7889
b10001010011011 "
#7890
b1111001100110 "
#7891
b10001001111110 "
#7892
b1111001100110 "
#7893
b10001001011101 "
#7894
b1111010011111 "
#7895
b10001001001001 "
#7896
b1111010110011 "
#7897
b10001001001001 "
#7898
b1111010100010 "
#7899
b10001001100000 "
#7900
b1111010011000 "
#7901
b10001001100001 "
#7902
b1111010100001 "
#7903
b10001001101110 "
#7904
b1111010000111 "
#7905
b10001001101000 "
#7906
b1111010001100 "
#7907
b10001001111000 "
#7908
b1111010001011 "
#7909
b10001010001001 "
#7910
b1111001111000 "
#7911
b10001001100011 "
#7912
b1111010101011 "
#7913
b10111011101011 "
#7914
b11111011101011 "
#7915
b11111011101001 "
#7916
b10111001101000 "
#7917
b1111010000100 "
#7918
b10001001111010 "
#7919
b1111010001110 "
#7920
b10001001100111 "
#7921
b1111010011011 "
#7922
b10001001001001 "
#7923
b1111010111010 "
#7924
b10001001010000 "
#7925
b1111010100011 "
#7926
b10001001100001 "
#7927
b1111010001111 "
#7928
b10001001111000 "
#7929
b1111001110110 "
#7930
b10001010000100 "
#7931
b1111010000001 "
#7932
b10001001111110 "
#7933
b1111001110000 "
#7934
b10001001111101 "
#7935
b1111001011000 "
#7936
b10001010000110 "
#7937
b1111001100001 "
#7938
b10001010001001 "
#7939
b1111001101011 "
#7940
b10001001100100 "
#7941
b1111010000110 "
#7942
b10001001100000 "
#7943
b1111001111010 "
#7944
b10001001100100 "
#7945
b1111010011011 "
#7946
b10001001100111 "
#7947
b1111010100011 "
#7948
b10011001100011 "
#7949
b11111011101010 "
#7950
b11111011111010 "
#7951
b10111001111111 "
#7952
b1111001101111 "
#7953
b10001010000111 "
#7954
b1111001111100 "
#7955
b10001001101100 "
#7956
b1111001101001 "
#7957
b10001010001010 "
#7958
b1111001001111 "
#7959
b10001010010101 "
#7960
b1111001100110 "
#7961
b10001010000111 "
#7962
b1111001001110 "
#7963
b10001010001100 "
#7964
b1111001101010 "
#7965
b10001001101000 "
#7966
b1111010011100 "
#7967
b10001001110110 "
#7968
b1111010000011 "
#7969
b10001001011010 "
#7970
b1111010011100 "
#7971
b10001001100011 "
#7972
b1111010011011 "
#7973
b10001001101110 "
#7974
b1111001111110 "
#7975
b10001001101111 "
#7976
b1111010000001 "
#7977
b10001001011110 "
#7978
b1111001111100 "
#7979
b10001010001001 "
#7980
b1111001100101 "
#7981
b10001001111101 "
#7982
b1111001110000 "
#7983
b10001010111101 "
#7984
b1111001101101 "
#7985
b11111011101110 "
#7986
b10001010000010 "
#7987
b1111001111111 "
#7988
b11111001111111 "
#7989
b1111001111001 "
#7990
b10001001011000 "
#7991
b1111010100001 "
#7992
b10001001011100 "
#7993
b1111010111100 "
#7994
b10001001011110 "
#7995
b1111010010110 "
#7996
b10001001101001 "
#7997
b1111010010100 "
#7998
b10001001011100 "
#7999
b1111010100001 "
#8000
b10001001110001 "
#8001
b1111010001111 "
#8002
b10001001111110 "
#8003
b1111001111101 "
#8004
b10001001110100 "
#8005
b1111001101000 "
#8006
b10001010010011 "
#8007
b1111001100110 "
#8008
b10001010001000 "
#8009
b1111001101101 "
#8010
b10001001110111 "
#8011
b1111010001110 "
#8012
b10001001100101 "
#8013
b1111001111100 "
#8014
b10001001101110 "
#8015
b1111010011001 "
#8016
b10001001010011 "
#8017
b1111010100111 "
#8018
b10001001001111 "
#8019
b1111010011111 "
#8020
b10111011111111 "
#8021
b11111011100110 "
#8022
b11111010000100 "
#8023
b10111011100111 "
#8024
b1111001100111 "
#8025
b10001010000000 "
#8026
b1111001010101 "
#8027
b10001010101001 "
#8028
b1111000110110 "
#8029
b10001010010101 "
#8030
b1111001010001 "
#8031
b10001001111110 "
#8032
b1111001100111 "
#8033
b10001001110100 "
#8034
b1111010000101 "
#8035
b10001001100110 "
#8036
b1111010001011 "
#8037
b10001001110100 "
#8038
b1111001101111 "
#8039
b10001001110101 "
#8040
b1111001111001 "
#8041
b10001001010101 "
#8042
b1111010101010 "
#8043
b10001001011111 "
#8044
b1111010001010 "
#8045
b10001001101001 "
#8046
b1111010000111 "
#8047
b10001010000001 "
#8048
b1111001100110 "
#8049
b10001010100101 "
#8050
b1111001010000 "
#8051
b10001010000010 "
#8052
b1111001100101 "
#8053
b10001010011100 "
#8054
b1111001010101 "
#8055
b10001010110101 "
#8056
b1111010111111 "
#8057
b11111010111111 "
#8058
b11111011010111 "
#8059
b1111001010111 "
#8060
b10001010001000 "
#8061
b1111001110001 "
#8062
b10001001110011 "
#8063
b1111010001001 "
#8064
b10001001111000 "
#8065
b1111001110101 "
#8066
b10001001111101 "
#8067
b1111010000010 "
#8068
b10001001111001 "
#8069
b1111001111101 "
#8070
b10001001111111 "
#8071
b1111001101111 "
#8072
b10001001101100 "
#8073
b1111001110101 "
#8074
b10001010000100 "
#8075
b1111001001001 "
#8076
b10001010111110 "
#8077
b1111000100100 "
#8078
b10001010101010 "
#8079
b1111001010100 "
#8080
b10001010011100 "
#8081
b1111001101001 "
#8082
b10001010000001 "
#8083
b1111010001011 "
#8084
b10001001110110 "
#8085
b1111010000101 "
#8086
b10001001010000 "
#8087
b1111010010100 "
#8088
b10001001101100 "
#8089
b1111010010001 "
#8090
b10001001110111 "
#8091
b1111001111111 "
#8092
b10111011111010 "
#8093
b11111010000011 "
#8094
b1111011110011 "
#8095
b10111001110000 "
#8096
b1111010001101 "
#8097
b10101010001111 "
#8098
b1111001111111 "
#8099
b10001001111111 "
#8100
b1111001100011 "
#8101
b10001010001100 "
#8102
b1111001001001 "
#8103
b10001010101001 "
#8104
b1111001001101 "
#8105
b10001001111111 "
#8106
b1111001110111 "
#8107
b10001001111010 "
#8108
b1111001110110 "
#8109
b10001001110010 "
#8110
b1111010000001 "
#8111
b10001001010110 "
#8112
b1111010011011 "
#8113
b10001001100011 "
#8114
b1111010010101 "
#8115
b10001001001010 "
#8116
b1111010101111 "
#8117
b10001001011111 "
#8118
b1111010001111 "
#8119
b10001010001101 "
#8120
b1111001000110 "
#8121
b10001010100000 "
#8122
b1111001010000 "
#8123
b10001010001011 "
#8124
b1111001101001 "
#8125
b10001010010101 "
#8126
b1111001110110 "
#8127
b10111010100111 "
#8128
b11111011111101 "
#8129
b11111001111001 "
#8130
b10111001101001 "
#8131
b1111010010101 "
#8132
b10001001101010 "
#8133
b1111010000000 "
#8134
b10001001111100 "
#8135
b1111001100011 "
#8136
b10001001100011 "
#8137
b1111010110011 "
#8138
b10001001011001 "
#8139
b1111010100110 "
#8140
b10001001101101 "
#8141
b1111001111000 "
#8142
b10001001110011 "
#8143
b1111010001111 "
#8144
b10001001110010 "
#8145
b1111010001101 "
#8146
b10001010001010 "
#8147
b1111001011100 "
#8148
b10001010011011 "
#8149
b1111000111001 "
#8150
b10001010101111 "
#8151
b1111000110101 "
#8152
b10001010100010 "
#8153
b1111001100011 "
#8154
b10001010000010 "
#8155
b1111001011111 "
#8156
b10001001110110 "
#8157
b1111001100011 "
#8158
b10001001111111 "
#8159
b1111001111111 "
#8160
b10001001110000 "
#8161
b1111001111001 "
#8162
b10001010110010 "
#8163
b1111001111110 "
#8164
b11111001111110 "
#8165
b11111001101001 "
#8166
b11111010001001 "
#8167
b10111010111101 "
#8168
b1111001111100 "
#8169
b10001010101110 "
#8170
b1111001000100 "
#8171
b10001010000001 "
#8172
b1111001001111 "
#8173
b10001010011010 "
#8174
b1111001000010 "
#8175
b10001010011100 "
#8176
b1111001010000 "
#8177
b10001010000010 "
#8178
b1111001110111 "
#8179
b10001010001001 "
#8180
b1111001101011 "
#8181
b10001010010001 "
#8182
b1111001011110 "
#8183
b10001010010101 "
#8184
b1111001101000 "
#8185
b10001010000000 "
#8186
b1111001100000 "
#8187
b10001001101111 "
#8188
b1111010000000 "
#8189
b10001001111100 "
#8190
b1111001011001 "
#8191
b10001010011001 "
