$date
        2026-Feb-06 11:54:34
$end
$version
        Vivado v2024.2 (64-bit)
$end
$timescale
        1ps
$end
$scope module dut $end
$var reg 32 " design_1_i/adc_interface_0_m_axis_tdata [31:0] $end
$var reg 1 B design_1_i/adc_interface_0_m_axis_tlast $end
$var reg 1 C design_1_i/adc_interface_0_m_axis_tvalid $end
$var reg 16 D design_1_i/adc_interface_0_adc_signed_debug [15:0] $end
$var reg 16 T design_1_i/adc_interface_0_win_coeff_out [15:0] $end
$var reg 14 d design_1_i/adc_data [13:0] $end
$var reg 14 r design_1_i/adc_interface_0_adc_data_original [13:0] $end
$var reg 1 "" design_1_i/adc_interface_0_adc_data_original_valid $end
$var reg 64 #" design_1_i/xfft_0_m_axis_data_tdata [63:0] $end
$var reg 1 c" design_1_i/xfft_0_m_axis_data_tlast $end
$var reg 1 d" design_1_i/xfft_0_m_axis_data_tvalid $end
$var reg 1 e" _TRIGGER $end
$var reg 1 f" _WINDOW $end
$var reg 1 g" _GAP $end
$upscope $end
$enddefinitions $end
#0
$dumpvars
b1111001001111 "
0B
1C
b1110110101100 D
b11100 T
b1110110101100 d
b1111001001111 r
1""
b1111111111111111111110111010010111111111111111111111111101010111 #"
0c"
0d"
0e"
1f"
0g"
$end
#1
b1110101011010 "
b1111110101111 D
b1111110101111 d
b1110101011010 r
#2
b1110011000000 "
b1111110000111 d
b1110011000000 r
#3
b1110011010110 "
b1111110101001 D
b1111110101001 d
b1110011010110 r
#4
b1110110001001 "
b10000011111011 D
b10000011111011 d
b1110110001001 r
#5
b1111010010010 "
b10001001010000 D
b10001001010000 d
b1111010010010 r
#6
b1111111000011 "
b10001011110011 D
b10001011110011 d
b1111111000011 r
#7
b10000011010110 "
b10001100100010 D
b10001100100010 d
b10000011010110 r
#8
b10000111011110 "
b10001011011100 D
b10001011011100 d
b10000111011110 r
#9
b10001011100110 "
b10001001000001 D
b10001001000001 d
b10001011100110 r
#10
b10001100111101 "
b10000101000100 D
b10000101000100 d
b10001100111101 r
#11
b10001011111001 "
b10000000000011 D
b10000000000011 d
b10001011111001 r
#12
b10001001000011 "
b1111010110101 D
b1111010110101 d
b10001001000011 r
#13
b10000100111001 "
b1110110010110 D
b1110110010110 d
b10000100111001 r
#14
b10000000011100 "
b1110100001001 D
b1110100001001 d
b10000000011100 r
#15
b1111011001010 "
b1110011101111 D
b1110011101111 d
b1111011001010 r
#16
b1110111010101 "
b1110100110110 D
b1110100110110 d
b1110111010101 r
#17
b1110100010000 "
b1110111111000 D
b1110111111000 d
b1110100010000 r
#18
b1110011010010 "
b1111100010010 D
b1111100010010 d
b1110011010010 r
#19
b1110100100000 "
b10000001100100 D
b10000001100100 d
b1110100100000 r
#20
b1110111011011 "
b10000110010110 D
b10000110010110 d
b1110111011011 r
#21
b1111011111011 "
b10001010100011 D
b10001010100011 d
b1111011111011 r
#22
b10000000110100 "
b10001100100110 D
b10001100100110 d
b10000000110100 r
#23
b10000101001011 "
b10001100100011 D
b10001100100011 d
b10000101001011 r
#24
b10001010001001 "
b10001010011010 D
b10001010011010 d
b10001010001001 r
#25
b10001100111100 "
b10000111001110 D
b10000111001110 d
b10001100111100 r
#26
b10001100010100 "
b10000010101111 D
b10000010101111 d
b10001100010100 r
#27
b10001110010101 "
b1111101001101 D
b1111101001101 d
b10001110010101 r
#28
b10001010110101 "
b1111000111011 D
b1111000111011 d
b10001010110101 r
#29
b10000111011101 "
b1110101101111 D
b1110101101111 d
b10000111011101 r
#30
b10000011001011 "
b1110011100100 D
b1110011100100 d
b10000011001011 r
#31
b1111101110001 "
b1110100100010 D
b1110110100010 d
b1111101110001 r
#32
b1111001010001 "
b1110110001110 D
b1110110001110 d
b1111001010001 r
#33
b1110101111011 "
b1111111111110 D
b1111111111110 d
b1110101111011 r
#34
b1110011010000 "
b1111111110111 D
b1111111110111 d
b1110011010000 r
#35
b1110011011011 "
b11111111100111 D
b1111111100111 d
b1110011011011 r
#36
b1110101101100 "
b10001011101111 D
b10001011101111 d
b1110101101100 r
#37
b1111001010011 "
b10001011111111 D
b10001011111111 d
b1111001010011 r
#38
b1111101111101 "
b10001111111111 D
b1111101111101 r
#39
b10000010101001 "
b10001111010110 D
b10001100010010 d
b10000010101001 r
#40
b10000111010110 "
b10001011010111 D
b10001011010111 d
b10000111010110 r
#41
b10001011000001 "
b10001001010000 D
b10001001010000 d
b10001011000001 r
#42
b10001101010011 "
b10000101011101 D
b10000101011101 d
b10001101010011 r
#43
b10001100100100 "
b1111111111111 D
b1111111111111 d
b10001100100100 r
#44
b10001001111000 "
b1111011011001 D
b1111011011001 d
b10001001111000 r
#45
b10000101000111 "
b1110111000111 D
b1110111000111 d
b10000101000111 r
#46
b10000000101101 "
b1110100000011 D
b1110100000011 d
b10000000101101 r
#47
b1111100001111 "
b1110011010110 D
b1110011010110 d
b1111100001111 r
#48
b1110111100111 "
b1110100100000 D
b1110100100000 d
b1110111100111 r
#49
b1110100111011 "
b1110111111001 D
b1110111111001 d
b1110100111011 r
#50
b1110011000011 "
b1111011011111 D
b1111011011111 d
b1110011000011 r
#51
b1110011111111 "
b10000000010110 D
b10000000010110 d
b1110011111111 r
#52
b1110111100011 "
b10000101110100 D
b10000101110100 d
b1110111100011 r
#53
b1111011100000 "
b10001010111000 D
b10001010111000 d
b1111011100000 r
#54
b10000000011011 "
b10001011111010 D
b10001011111010 d
b10000000011011 r
#55
b10000101110001 "
b10001100000011 D
b10001100000011 d
b10000101110001 r
#56
b10001001011000 "
b10001011000011 D
b10001011000011 d
b10001001011000 r
#57
b10001011111000 "
b10000111100111 D
b10000111100111 d
b10001011111000 r
#58
b10001100111010 "
b10000011011011 D
b10000011011011 d
b10001100111010 r
#59
b10001011100010 "
b1111101110110 D
b1111101110110 d
b10001011100010 r
#60
b1111001111000 D
b1111001111000 d
#61
b10001000000010 "
b1110101001111 D
b1110101001111 d
b10001000000010 r
#62
b10000011010101 "
b1110011001000 D
b1110011001000 d
b10000011010101 r
#63
b1111110010111 "
b1110011110010 D
b1110011110010 d
b1111110010111 r
#64
b1111001110000 "
b1110110001011 D
b1110110001011 d
b1111001110000 r
#65
b1110110010011 "
b1111010000110 D
b1111010000110 d
b1110110010011 r
#66
b1110011101010 "
b1111110000100 D
b1111110000100 d
b1110011101010 r
#67
b1110011000101 "
b10010011000100 D
b10111111000100 d
b1110011000101 r
#68
b1110100111000 "
b10000111010110 D
b10000111010110 d
b1110100111000 r
#69
b1111001001001 "
b10001111011111 D
b10001111011111 d
b1111001001001 r
#70
b1111101001001 "
b10001111111111 D
b10001111111111 d
b1111101001001 r
#71
b10000010110000 "
b10001100111111 D
b10001100111111 d
b10000010110000 r
#72
b10000111101100 "
b10001101011101 D
b10001101011101 d
b10000111101100 r
#73
b10001010010011 "
b10001101111101 D
b10001101111101 d
b10001010010011 r
#74
b10001100000010 "
b10000100111111 D
b10000100111111 d
b10001100000010 r
#75
b10001100100101 "
b10000000111111 D
b10000000111111 d
b10001100100101 r
#76
b10001010100001 "
b1111011110101 D
b1111011110101 d
b10001010100001 r
#77
b10000101111111 "
b1110111100000 D
b1110111100000 d
b10000101111111 r
#78
b10000001010010 "
b1110100011001 D
b1110100011001 d
b10000001010010 r
#79
b1111100001101 "
b1110010100001 D
b1110010100001 d
b1111100001101 r
#80
b1110111111110 "
b1110100001010 D
b1110100001010 d
b1110111111110 r
#81
b1110101011101 "
b1110111100111 D
b1110111100111 d
b1110101011101 r
#82
b1110011011100 "
b1111011011000 D
b1111011011000 d
b1110011011100 r
#83
b1110011101000 "
b10000000010000 D
b10000000010000 d
b1110011101000 r
#84
b1110110001101 "
b10000101010110 D
b10000101010110 d
b1110110001101 r
#85
b1111011001100 "
b10001001100101 D
b10001001100101 d
b1111011001100 r
#86
b10000000100100 "
b10001100010100 D
b10001100010100 d
b10000000100100 r
#87
b10000100111011 "
b10001100101011 D
b10001100101011 d
b10000100111011 r
#88
b10001000111000 "
b10001011001110 D
b10001011001110 d
b10001000111000 r
#89
b10001011000100 "
b10000111101010 D
b10000111101010 d
b10001011000100 r
#90
b10001101000000 "
b10000011100111 D
b10000011100111 d
b10001101000000 r
#91
b10001011110100 "
b1111111000110 D
b1111111000110 d
b10001011110100 r
#92
b10001000011111 "
b1111001111110 D
b1111001111110 d
b10001000011111 r
#93
b10000011101001 "
b1110101011000 D
b1110101011000 d
b10000011101001 r
#94
b1111110101001 "
b1110011100110 D
b1110011100110 d
b1111110101001 r
#95
b1111010000111 "
b1110011110110 D
b1110011110110 d
b1111010000111 r
#96
b1110110100010 "
b1110101100010 D
b1110101100010 d
b1110110100010 r
#97
b1110011100101 "
b1111001001010 D
b1111001001010 d
b1110011100101 r
#98
b1110011011111 "
b1111101010111 D
b1111101010111 d
b1110011011111 r
#99
b1110101001100 "
b10000010101001 D
b10000010101001 d
b1110101001100 r
#100
b1111000010011 "
b10000111011010 D
b10000111011010 d
b1111000010011 r
#101
b1111100111011 "
b10001011000000 D
b10001011000000 d
b1111100111011 r
#102
b10000010000010 "
b10001100101000 D
b10001100101000 d
b10000010000010 r
#103
b10000111001011 "
b10001100111101 D
b10001100111101 d
b10000111001011 r
#104
b10001010111001 "
b10001101110111 D
b10001101110111 d
b10001010111001 r
#105
b10001100100110 "
b10001101111110 D
b10001101111110 d
b10001100100110 r
#106
b10001100011101 "
b10000101111101 D
b10000101111101 d
b10001100011101 r
#107
b10001010100101 "
b10101101100101 D
b10000001100101 d
b10001010100101 r
#108
b10000110101000 "
b1111111011000 D
b1111101011000 d
b10000110101000 r
#109
b10000001101111 "
b1110111101011 D
b1110111101011 d
b10000001101111 r
#110
b1111100101110 "
b1110111111110 D
b1110111111010 d
b1111100101110 r
#111
b1111000010101 "
b1110011110110 D
b1110011110110 d
b1111000010101 r
#112
b1110101001111 "
b1110100001100 D
b1110100001100 d
b1110101001111 r
#113
b1110011000011 "
b1110110010100 D
b1110110010100 d
b1110011000011 r
#114
b1110011111001 "
b1111010110111 D
b1111010110111 d
b1110011111001 r
#115
b1110110110010 "
b10000000000100 D
b10000000000100 d
b1110110110010 r
#116
b1111001111000 "
b10000101001000 D
b10000101001000 d
b1111001111000 r
#117
b1111110111100 "
b10001001001010 D
b10001001001010 d
b1111110111100 r
#118
b10000100001110 "
b10001011100111 D
b10001011100111 d
b10000100001110 r
#119
b10001000111111 "
b10001100111100 D
b10001100111100 d
b10001000111111 r
#120
b10001011111010 "
b10001011100110 D
b10001011100110 d
b10001011111010 r
#121
b10001100100100 "
b10000111111000 D
b10000111111000 d
b10001100100100 r
#122
b10001011001100 "
b10000100001101 D
b10000100001101 d
b10001011001100 r
#123
b10001000110001 "
b1111110110110 D
b1111110110110 d
b10001000110001 r
#124
b10000101000101 "
b1111010000010 D
b1111010000010 d
b10000101000101 r
#125
b1111111101110 "
b1110110011101 D
b1110110011101 d
b1111111101110 r
#126
b1111010011100 "
b1110011111001 D
b1110011111001 d
b1111010011100 r
#127
b1110110001010 "
b1110100000101 D
b1110100000101 d
b1110110001010 r
#128
b1110100000110 "
b1110100101101 D
b1110100101101 d
b1110100000110 r
#129
b1110011100010 "
b1110111110011 D
b1110111110011 d
b1110011100010 r
#130
b1110100101100 "
b1111101101000 D
b1111101101000 d
b1110100101100 r
#131
b1110111111111 "
b10000010111001 D
b10000010111001 d
b1110111111111 r
#132
b1111100011010 "
b10000110100011 D
b10000110100011 d
b1111100011010 r
#133
b10000001110001 "
b10001010100101 D
b10001010100101 d
b10000001110001 r
#134
b10000110000111 "
b10001100100110 D
b10001100100110 d
b10000110000111 r
#135
b10001010001001 "
b10001011111111 D
b10001011111111 d
b10001010001001 r
#136
b10001100010000 "
b10001010000110 D
b10001010000110 d
b10001100010000 r
#137
b10001100101000 "
b10000110110110 D
b10000110110110 d
b10001100101000 r
#138
b10001010010110 "
b10000010100011 D
b10000010100011 d
b10001010010110 r
#139
b10000111100101 "
b1111110011011 D
b11111110011011 d
b10000111100101 r
#140
b10000010100111 "
b1111100011011 D
b1111100011011 d
b10000010100111 r
#141
b1111100100100 "
b1111100111101 D
b1111100111101 d
b1111100100100 r
#142
b1111000010101 "
b1110111111100 D
b1110111111100 d
b1111000010101 r
#143
b1110101100111 "
b1110011111000 D
b1110011111000 d
b1110101100111 r
#144
b1110011111010 "
b1110111111101 D
b1110111111101 d
b1110011111010 r
#145
b1110011110100 "
b1111110111101 D
b1111110111101 d
b1110011110100 r
#146
b1110101100110 "
b1111111011101 D
b1111111011101 d
b1110101100110 r
#147
b1111001110000 "
b1111111010100 D
b1111111010100 d
b1111001110000 r
#148
b1111111000001 "
b10000100010000 D
b10000100010000 d
b1111111000001 r
#149
b10000011100110 "
b10001001000010 D
b10001001000010 d
b10000011100110 r
#150
b10001000001010 "
b10001100000111 D
b10001100000111 d
b10001000001010 r
#151
b10001011101001 "
b10001100101110 D
b10001100101110 d
b10001011101001 r
#152
b10001100011101 "
b10001011101000 D
b10001011101000 d
b10001100011101 r
#153
b10001100000100 "
b10001000111101 D
b10001000111101 d
b10001100000100 r
#154
b10001001000101 "
b10000100011011 D
b10000100011011 d
b10001001000101 r
#155
b10000100010101 "
b1111111100100 D
b1111111100100 d
b10000100010101 r
#156
b10000000010011 "
b1111010100110 D
b1111010100110 d
b10000000010011 r
#157
b1111011001010 "
b1110110011110 D
b1110110011110 d
b1111011001010 r
#158
b1110110101111 "
b1110100100011 D
b1110100100011 d
b1110110101111 r
#159
b1110100110011 "
b1110011011100 D
b1110011011100 d
b1110100110011 r
#160
b1110011010010 "
b1110100101100 D
b1110100101100 d
b1110011010010 r
#161
b1110100001001 "
b1111000000101 D
b1111000000101 d
b1110100001001 r
#162
b1110111110100 "
b1111100011110 D
b1111100011110 d
b1110111110100 r
#163
b1111100001111 "
b10000001110010 D
b10000001110010 d
b1111100001111 r
#164
b10000001000110 "
b10000110110110 D
b10000110110110 d
b10000001000110 r
#165
b10000101110110 "
b10001010010010 D
b10001010010010 d
b10000101110110 r
#166
b10001010000110 "
b10001100100101 D
b10001100100101 d
b10001010000110 r
#167
b10001100100100 "
b10001100111110 D
b10001100111110 d
b10001100100100 r
#168
b10001010111010 D
b10001010111010 d
#169
b10001100010000 "
b10000110010000 D
b10000110010000 d
b10001100010000 r
#170
b10001010011110 "
b10000010011110 D
b10000010011110 d
b10001010011110 r
#171
b10000111011010 "
b1111101100111 D
b1111101100111 d
b10000111011010 r
#172
b10000011100000 "
b1111000010011 D
b1111000010011 d
b10000011100000 r
#173
b1111110000101 "
b1110101011101 D
b1110101011101 d
b1111110000101 r
#174
b1111001010100 "
b1110011100101 D
b1110011101101 d
b1111001010100 r
#175
b1110101010111 "
b1110011100011 D
b1110011100111 d
b1110101010111 r
#176
b1110011100100 "
b1110110101111 D
b1110111101111 d
b1110011100100 r
#177
b1110011011110 "
b1111110011101 D
b1111110011101 d
b1110011011110 r
#178
b1110101100100 "
b1110101100100 r
#179
b1111001100111 "
b11111110001111 D
b11111110001111 d
b1111001100111 r
#180
b1111101111011 "
b10001100111111 D
b10001100111111 d
b1111101111011 r
#181
b10000011100100 "
b10001011111111 D
b10001011111111 d
b10000011100100 r
#182
b10001000000001 "
b10001111111110 D
b10001011111110 d
b10001000000001 r
#183
b10001011000111 "
b10001101000101 D
b10001101000101 d
b10001011000111 r
#184
b10001101000011 "
b10001011110100 D
b10001011110100 d
b10001101000011 r
#185
b10001101000111 "
b10001001000111 D
b10001001000111 d
b10001101000111 r
#186
b10001100000100 "
b10000101100100 D
b10000101100100 d
b10001100000100 r
#187
b10001001011101 "
b10000000011111 D
b10000000011111 d
b10001001011101 r
#188
b10000101001110 "
b1111011010010 D
b1111011010010 d
b10000101001110 r
#189
b10000000100000 "
b1110110111101 D
b1110110111101 d
b10000000100000 r
#190
b1111011111000 "
b1110011111000 D
b1110011111000 d
b1111011111000 r
#191
b1110111100001 "
b1110011010101 D
b1110011010101 d
b1110111100001 r
#192
b1110100010011 "
b1110101000101 D
b1110101000101 d
b1110100010011 r
#193
b1110010111100 "
b1110111110100 D
b1110111110100 d
b1110010111100 r
#194
b1110100100101 "
b1111100001111 D
b1111100001111 d
b1110100100101 r
#195
b1110111011001 "
b10000001010111 D
b10000001010111 d
b1110111011001 r
#196
b1111011011101 "
b10000101100001 D
b10000101100001 d
b1111011011101 r
#197
b10000000001111 "
b10001010000000 D
b10001010000000 d
b10000000001111 r
#198
b10000101010110 "
b10001011001100 D
b10001011001100 d
b10000101010110 r
#199
b10001010000011 "
b10001100010001 D
b10001100010001 d
b10001010000011 r
#200
b10001100010101 "
b10001011010101 D
b10001011010101 d
b10001100010101 r
#201
b10001101001011 "
b10001000010010 D
b10001000010010 d
b10001101001011 r
#202
b10001010101101 "
b10000011100011 D
b10000011100011 d
b10001010101101 r
#203
b10000111100000 "
b1111101111000 D
b1111101111000 d
b10000111100000 r
#204
b10000011101001 "
b1111001010110 D
b1111001010110 d
b10000011101001 r
#205
b1111110110101 "
b1110101011001 D
b1110101011001 d
b1111110110101 r
#206
b1111010001111 "
b1110100010001 D
b1110100010001 d
b1111010001111 r
#207
b1110101111100 "
b1110011011101 D
b1110011011101 d
b1110101111100 r
#208
b1110011000010 "
b1110101100110 D
b1110101100110 d
b1110011000010 r
#209
b1110011110110 "
b1111001011100 D
b1111001111100 d
b1110011110110 r
#210
b1110110000010 "
b1111110001111 D
b1111110001111 d
b1110110000010 r
#211
b1111000110010 "
b10111111101111 D
b11111111101111 d
b1111000110010 r
#212
b1111101010101 "
b10001011101111 D
b10001011101111 d
b1111101010101 r
#213
b10000011010101 "
b10001011010111 D
b10001011010111 d
b10000011010101 r
#214
b10000111011100 "
b10001111110001 D
b10001111110001 d
b10000111011100 r
#215
b10001010100001 "
b10001111111111 D
b10001111111111 d
b10001010100001 r
#216
b10001100000110 "
b10001011111111 D
b10001011111111 d
b10001100000110 r
#217
b10001100011010 "
b10001101101111 D
b10001101101110 d
b10001100011010 r
#218
b10001010000000 "
b10000101000111 D
b10000101000111 d
b10001010000000 r
#219
b10000101100110 "
b10000000101111 D
b10000000101111 d
b10000101100110 r
#220
b10000001101001 "
b1111100010001 D
b1111100010001 d
b10000001101001 r
#221
b1111100000111 "
b1110110111011 D
b1110110111011 d
b1111100000111 r
#222
b1110111010001 "
b1110011101110 D
b1110011101110 d
b1110111010001 r
#223
b1110100101101 "
b1110011101011 D
b1110011101011 d
b1110100101101 r
#224
b1110011100110 "
b1110100011100 D
b1110100011100 d
b1110011100110 r
#225
b1110011111011 "
b1110111001110 D
b1110111001110 d
b1110011111011 r
#226
b1110110100001 "
b1111011110100 D
b1111011110100 d
b1110110100001 r
#227
b1111011000111 "
b10000000101011 D
b10000000101011 d
b1111011000111 r
#228
b10000000100000 "
b10000101010111 D
b10000101010111 d
b10000000100000 r
#229
b10000101001111 "
b10001001000111 D
b10001001000111 d
b10000101001111 r
#230
b10001001000011 "
b10001011110100 D
b10001011110100 d
b10001001000011 r
#231
b10001011101101 "
b10001101001110 D
b10001101001110 d
b10001011101101 r
#232
b10001100011100 "
b10001011001100 D
b10001011001100 d
b10001100011100 r
#233
b10001011101010 "
b10000110111110 D
b10000110111110 d
b10001011101010 r
#234
b10001000110001 "
b10000011000111 D
b10000011000111 d
b10001000110001 r
#235
b10000011101110 "
b1111110010101 D
b1111110010101 d
b10000011101110 r
#236
b1111110111101 "
b1111010000001 D
b1111010000001 d
b1111110111101 r
#237
b1111001110100 "
b1110101101100 D
b1110101101100 d
b1111001110100 r
#238
b1110110001111 "
b1110010111100 D
b1110010111100 d
b1110110001111 r
#239
b1110100000101 "
b1110011100001 D
b1110011100001 d
b1110100000101 r
#240
b1110011010111 "
b1110101110100 D
b1110101110100 d
b1110011010111 r
#241
b1110100011110 "
b1111001011000 D
b1111001011000 d
b1110100011110 r
#242
b1111000100011 "
b1111101011100 D
b1111101011100 d
b1111000100011 r
#243
b1111101011111 "
b10000010010000 D
b10000010010000 d
b1111101011111 r
#244
b10000010101110 "
b10000111010100 D
b10000111010100 d
b10000010101110 r
#245
b10000111001001 "
b10001010111000 D
b10001010111000 d
b10000111001001 r
#246
b10001001111101 "
b10001101101011 D
b10001111111011 d
b10001001111101 r
#247
b10001100001100 "
b10001100100011 D
b10001101100011 d
b10001100001100 r
#248
b10001101000011 "
b10001101111011 D
b10001101111011 d
b10001101000011 r
#249
b10001010101110 "
b10001101111111 D
b10001101111111 d
b10001010101110 r
#250
b10000110010000 "
b10000101101111 D
b10000101101111 d
b10000110010000 r
#251
b10000001011010 "
b10111101100111 D
b10111101100111 d
b10000001011010 r
#252
b1111100100111 "
b1111100100101 D
b1111100100101 d
b1111100100111 r
#253
b1111000111010 "
b1111100011000 D
b1111000011000 d
b1111000111010 r
#254
b1110101001111 "
b1110100110011 D
b1110100110011 d
b1110101001111 r
#255
b1110011000110 "
b1110010101000 D
b1110010101000 d
b1110011000110 r
#256
b1110011011100 "
b1110100011101 D
b1110100011101 d
b1110011011100 r
#257
b1110110011101 "
b1110111001110 D
b1110111001110 d
b1110110011101 r
#258
b1111010100110 "
b1111011000011 D
b1111011000011 d
b1111010100110 r
#259
b1111111101011 "
b1111111111011 D
b1111111111011 d
b1111111101011 r
#260
b10000100100101 "
b10000100110001 D
b10000100110001 d
b10000100100101 r
#261
b10001000010111 "
b10001001111010 D
b10001001111010 d
b10001000010111 r
#262
b10001011111011 "
b10001011111101 D
b10001011111101 d
b10001011111011 r
#263
b10001100111010 "
b10001100000100 D
b10001100000100 d
b10001100111010 r
#264
b10001011011101 "
b10001011001011 D
b10001011001011 d
b10001011011101 r
#265
b10001000101000 "
b10001000010010 D
b10001000010010 d
b10001000101000 r
#266
b10000100100101 "
b10000011110111 D
b10000011110111 d
b10000100100101 r
#267
b1111111100111 "
b1111111010100 D
b1111111010100 d
b1111111100111 r
#268
b1111010100000 "
b1111001101110 D
b1111001101110 d
b1111010100000 r
#269
b1110110001101 "
b1110101111111 D
b1110101111111 d
b1110110001101 r
#270
b1110011110110 "
b1110100001000 D
b1110100001000 d
b1110011110110 r
#271
b1110011100100 "
b1110011000110 D
b1110011000110 d
b1110011100100 r
#272
b1110100110110 "
b1110101001000 D
b1110101001000 d
b1110100110110 r
#273
b1111000000110 "
b1111001011011 D
b1111001011011 d
b1111000000110 r
#274
b1111100101100 "
b1111101101010 D
b1111101101010 d
b1111100101100 r
#275
b10000001111110 "
b10000010010100 D
b10000010010100 d
b10000001111110 r
#276
b10000110010000 "
b10000110111000 D
b10000110111000 d
b10000110010000 r
#277
b10001010011100 "
b10001010110001 D
b10001010110001 d
b10001010011100 r
#278
b10001100110111 "
b10001101000001 D
b10001101000001 d
b10001100110111 r
#279
b10001011111110 "
b10001100010100 D
b10001100010100 d
b10001011111110 r
#280
b10001010010100 "
b10001010011101 D
b10001010011101 d
b10001010010100 r
#281
b10000110111111 "
b10000110010000 D
b10000110011000 d
b10000110111111 r
#282
b10000010001100 "
b10000001110111 D
b10000111110111 d
b10000010001100 r
#283
b1111101000011 "
b1111100110111 D
b11111101110111 d
b1111101000011 r
#284
b1111000010100 "
b1111100110111 d
b1111000010100 r
#285
b1110101110000 "
b1111101010111 D
b1111101010111 d
b1110101110000 r
#286
b1110011111010 "
b1110111011101 D
b1110111011101 d
b1110011111010 r
#287
b1110011001111 "
b1110011111111 D
b1110011111111 d
b1110011001111 r
#288
b1110110001101 "
b1110111111111 D
b1110111111111 d
b1110110001101 r
#289
b1111110111110 D
b1110110111110 d
#290
b1111010000101 "
b1111111111100 D
b1111010111100 d
b1111010000101 r
#291
b1111110111101 "
b1111111000111 D
b1111111000111 d
b1111110111101 r
#292
b10000100001010 "
b10000100001101 D
b10000100001101 d
b10000100001010 r
#293
b10001000010110 "
b10001000110111 D
b10001000110111 d
b10001000010110 r
#294
b10001011000001 "
b10001100010001 D
b10001100010001 d
b10001011000001 r
#295
b10001100101100 "
b10001100101111 D
b10001100101111 d
b10001100101100 r
#296
b10001011110001 "
b10001011011011 D
b10001011011011 d
b10001011110001 r
#297
b10001001011000 "
b10001000011110 D
b10001000011110 d
b10001001011000 r
#298
b10000101000010 "
b10000100100011 D
b10000100100011 d
b10000101000010 r
#299
b1111111110101 "
b1111111011000 D
b1111111011000 d
b1111111110101 r
#300
b1111010111101 "
b1111010110110 D
b1111010110110 d
b1111010111101 r
#301
b1110111011101 "
b1110110100111 D
b1110110100111 d
b1110111011101 r
#302
b1110011111000 "
b1110011101010 D
b1110011101010 d
b1110011111000 r
#303
b1110011011000 "
b1110011001000 D
b1110011001000 d
b1110011011000 r
#304
b1110101011010 "
b1110100111011 D
b1110100111011 d
b1110101011010 r
#305
b1111000011000 "
b1111000000110 D
b1111000000110 d
b1111000011000 r
#306
b1111100001110 "
b1111100111111 D
b1111100111111 d
b1111100001110 r
#307
b10000001000110 "
b10000001110111 D
b10000001110111 d
b10000001000110 r
#308
b10000110100010 "
b10000110001010 D
b10000110001010 d
b10000110100010 r
#309
b10001001111001 "
b10001010001111 D
b10001010001111 d
b10001001111001 r
#310
b10001011101011 "
b10001100110000 D
b10001100110000 d
b10001011101011 r
#311
b10001100001010 "
b10001100110101 D
b10001100110101 d
b10001100001010 r
#312
b10001011000000 "
b10001010011000 D
b10001010011000 d
b10001011000000 r
#313
b10000111101110 "
b10000110111100 D
b10000110111100 d
b10000111101110 r
#314
b10000010111010 "
b10000010001000 D
b10000010001000 d
b10000010111010 r
#315
b1111101000010 "
b1111101001100 D
b1111101001100 d
b1111101000010 r
#316
b1111000111010 "
b1111000110111 D
b1111000111111 d
b1111000111010 r
#317
b1110101101010 "
b1110101111100 D
b1111101111111 d
b1110101101010 r
#318
b1110111101010 "
b1110011101100 D
b1110111111100 d
b1110111101010 r
#319
b1110011101010 "
b1110010111101 D
b1110011111101 d
b1110011101010 r
#320
b1110100011001 "
b1110110110111 D
b1110110110111 d
b1110100011001 r
#321
b1110101101001 "
b1111110110011 D
b1111110110011 d
b1110101101001 r
#322
b1111001011101 "
b1111111111011 D
b1111111111011 d
b1111001011101 r
#323
b1111110010101 "
b1111111011011 D
b1111111011011 d
b1111110010101 r
#324
b10000011100010 "
b10000111111111 D
b10000111110111 d
b10000011100010 r
#325
b10001000111100 "
b10001111111010 D
b10000111111010 d
b10001000111100 r
#326
b10001011011001 "
b10001011011011 D
b10001011001011 d
b10001011011001 r
#327
b10001011111111 "
b10001100111001 D
b10001100111001 d
b10001011111111 r
#328
b10001100001110 "
b10001100011010 D
b10001100011010 d
b10001100001110 r
#329
b10001001101111 "
b10001001100001 D
b10001001100001 d
b10001001101111 r
#330
b10000101110111 "
b10000011111100 D
b10000011111100 d
b10000101110111 r
#331
b10000000011101 "
b1111111110100 D
b1111111110100 d
b10000000011101 r
#332
b1111011011100 "
b1111010111100 D
b1111010111100 d
b1111011011100 r
#333
b1110111010101 "
b1110111001011 D
b1110111001011 d
b1110111010101 r
#334
b1110100110011 "
b1110100001111 D
b1110100001111 d
b1110100110011 r
#335
b1110011010110 "
b1110010111000 D
b1110010111000 d
b1110011010110 r
#336
b1110100001110 "
b1110100011101 D
b1110100011101 d
b1110100001110 r
#337
b1110110111100 "
b1110111101101 D
b1110111101101 d
b1110110111100 r
#338
b1111011110011 "
b1111100101001 D
b1111100101001 d
b1111011110011 r
#339
b10000001011101 "
b10000001100001 D
b10000001100001 d
b10000001011101 r
#340
b10000101101101 "
b10000101110100 D
b10000101110100 d
b10000101101101 r
#341
b10001001110011 "
b10001001101111 D
b10001001101111 d
b10001001110011 r
#342
b10001011110011 "
b10001100001111 D
b10001100001111 d
b10001011110011 r
#343
b10001100001000 "
b10001100100010 D
b10001100100010 d
b10001100001000 r
#344
b10001011101100 "
b10001010100110 D
b10001010100110 d
b10001011101100 r
#345
b10000111110111 "
b10000111010100 D
b10000111010100 d
b10000111110111 r
#346
b10000011000111 "
b10000010111011 D
b10000010111011 d
b10000011000111 r
#347
b1111110001001 "
b1111110001010 D
b1111110001010 d
b1111110001001 r
#348
b1111001011110 "
b1111001001111 D
b1111001001111 d
b1111001011110 r
#349
b1110101111011 "
b1110101000110 D
b1110101000110 d
b1110101111011 r
#350
b1110011011111 "
b1110011100010 D
b1110011100010 d
b1110011011111 r
#351
b1110011011101 "
b1110011010110 D
b1110011010110 d
b1110011011101 r
#352
b1110101100110 "
b1110101101100 D
b1110101101100 d
b1110101100110 r
#353
b1111000111101 "
b1111010101000 D
b1111010101000 d
b1111000111101 r
#354
b1111101001101 "
b1111110011000 D
b1111110011000 d
b1111101001101 r
#355
b10000011011111 "
b11111111011001 D
b11111111011001 d
b10000011011111 r
#356
b10000111101111 "
b10001011011101 D
b10001011011101 d
b10000111101111 r
#357
b10001010110011 "
b10001010111110 D
b10001010111110 d
b10001010110011 r
#358
b10001100100111 "
b10001110111011 D
b10001110111011 d
b10001100100111 r
#359
b10001100000011 "
b10001100101111 D
b10001100101111 d
b10001100000011 r
#360
b10001001110000 "
b10001101001110 D
b10001101001110 d
b10001001110000 r
#361
b10000101110000 "
b10001101010110 D
b10001001000110 d
b10000101110000 r
#362
b10000001100000 "
b10000101011101 D
b10000101011101 d
b10000001100000 r
#363
b1111100010110 "
b10000000101001 D
b10000000101001 d
b1111100010110 r
#364
b1110111010010 "
b1111011010000 D
b1111011010000 d
b1110111010010 r
#365
b1110100011011 "
b1110110111000 D
b1110110111000 d
b1110100011011 r
#366
b1110011101010 "
b1110100001100 D
b1110100001100 d
b1110011101010 r
#367
b1110100101001 "
b1110011010110 D
b1110011010110 d
b1110100101001 r
#368
b1110111001010 "
b1110100011010 D
b1110100011010 d
b1110111001010 r
#369
b1111010111011 "
b1110110110111 D
b1110110110111 d
b1111010111011 r
#370
b1111111101001 "
b1111011110000 D
b1111011110000 d
b1111111101001 r
#371
b10000100110111 "
b10000001001101 D
b10000001001101 d
b10000100110111 r
#372
b10001001100010 "
b10000101110000 D
b10000101110000 d
b10001001100010 r
#373
b10001100011010 "
b10001001010011 D
b10001001010011 d
b10001100011010 r
#374
b10001011111011 D
b10001011111011 d
#375
b10001010010110 "
b10001100101011 D
b10001100101011 d
b10001010010110 r
#376
b10000111111010 "
b10001011100110 D
b10001011100110 d
b10000111111010 r
#377
b10000100101110 "
b10000111111110 D
b10000111111110 d
b10000100101110 r
#378
b1111111000000 "
b10000011001101 D
b10000011001101 d
b1111111000000 r
#379
b1111000111000 "
b1111101111000 D
b1111101111000 d
b1111000111000 r
#380
b1110101110101 "
b1111001101100 D
b1111001101100 d
b1110101110101 r
#381
b1110100001101 "
b1110101110101 D
b1110101110101 d
b1110100001101 r
#382
b1110011101101 "
b1110011111010 D
b1110011111010 d
b1110011101101 r
#383
b1110100111110 "
b1110011100000 D
b1110011100000 d
b1110100111110 r
#384
b1111000011101 "
b1110101000000 D
b1110101000000 d
b1111000011101 r
#385
b1111101011001 "
b1111000111001 D
b1111000111001 d
b1111101011001 r
#386
b10000010101111 "
b1111110010111 D
b1111110010111 d
b10000010101111 r
#387
b10000111010010 "
b10000011011000 D
b10000011011000 d
b10000111010010 r
#388
b10001010111110 "
b10000110111111 D
b10000110111111 d
b10001010111110 r
#389
b10001100001110 "
b10001010111111 D
b10001010111111 d
b10001100001110 r
#390
b10001100001000 "
b10001110101111 D
b10001110111111 d
b10001100001000 r
#391
b10001010100010 "
b10001100111011 D
b10001100111011 d
b10001010100010 r
#392
b10000110101001 "
b10001110010111 D
b10001110010111 d
b10000110101001 r
#393
b10000010001100 "
b10001111111111 D
b10001111110111 d
b10000010001100 r
#394
b1111100011000 "
b10000101111010 D
b10000101111010 d
b1111100011000 r
#395
b1110111001011 "
b10111100110010 D
b10001100110010 d
b1110111001011 r
#396
b1110100110110 "
b1111111001000 D
b1111101001000 d
b1110100110110 r
#397
b1110011101001 "
b1110111100110 D
b1110111100110 d
b1110011101001 r
#398
b1110100001101 "
b1110101100101 D
b1110100100101 d
b1110100001101 r
#399
b1110110010101 "
b1110011000000 D
b1110011000000 d
b1110110010101 r
#400
b1111010100111 "
b1110011101011 D
b1110011101011 d
b1111010100111 r
#401
b1111111101100 "
b1110111000011 D
b1110111000011 d
b1111111101100 r
#402
b10000100011010 "
b1111011010111 D
b1111011010111 d
b10000100011010 r
#403
b10001000101101 "
b10000000010010 D
b10000000010010 d
b10001000101101 r
#404
b10001100000001 "
b10000101011010 D
b10000101011010 d
b10001100000001 r
#405
b10001100100010 "
b10001001001010 D
b10001001001010 d
b10001100100010 r
#406
b10001011100000 "
b10001011110001 D
b10001011110001 d
b10001011100000 r
#407
b10001000100000 "
b10001100110100 D
b10001100110100 d
b10001000100000 r
#408
b10000100011001 "
b10001010111100 D
b10001010111100 d
b10000100011001 r
#409
b1111111100011 "
b10001000101011 D
b10001000101011 d
b1111111100011 r
#410
b1111010010010 "
b10000100001100 D
b10000100001100 d
b1111010010010 r
#411
b1110101111000 "
b1111110001011 D
b1111110001011 d
b1110101111000 r
#412
b1110011111011 "
b1111001011100 D
b1111001011100 d
b1110011111011 r
#413
b1110011010100 "
b1110110100111 D
b1110110100111 d
b1110011010100 r
#414
b1110100111111 "
b1110100010001 D
b1110100010001 d
b1110100111111 r
#415
b1111000000111 "
b1110011101001 D
b1110011101001 d
b1111000000111 r
#416
b1111100100100 "
b1110100111001 D
b1110100111001 d
b1111100100100 r
#417
b10000010000000 "
b1111000111111 D
b1111000111111 d
b10000010000000 r
#418
b10000110100001 "
b1111110000000 D
b1111110000000 d
b10000110100001 r
#419
b10001010010111 "
b10000010011111 D
b10000010011111 d
b10001010010111 r
#420
b10001100101100 "
b10000111001010 D
b10000111001010 d
b10001100101100 r
#421
b10001100010001 "
b10001010011001 D
b10001010011001 d
b10001100010001 r
#422
b10001001111110 "
b10001100110011 D
b10001100110011 d
b10001001111110 r
#423
b10000110101101 "
b10001100010010 D
b10001100010010 d
b10000110101101 r
#424
b10000010010001 "
b10001010000010 D
b10001010000010 d
b10000010010001 r
#425
b1111101010011 "
b10000110011111 D
b10001110011111 d
b1111101010011 r
#426
b1111000100010 "
b10000111011111 D
b10000111011111 d
b1111000100010 r
#427
b1110101001010 "
b11111011110111 D
b11111011110111 d
b1110101001010 r
#428
b1110011000001 "
b1111011110011 D
b1111011110011 d
b1110011000001 r
#429
b1110011100110 "
b1111100110111 D
b1111100110111 d
b1110011100110 r
#430
b1110110100110 "
b1110111110111 D
b1110101110111 d
b1110110100110 r
#431
b1111010101011 "
b1110011111010 D
b1110011111010 d
b1111010101011 r
#432
b1111110010010 "
b1110111111110 D
b1110111110110 d
b1111110010010 r
#433
b10000100001101 "
b1110111101110 D
b1110110101110 d
b10000100001101 r
#434
b10001000011101 "
b1111011000010 D
b1111011000010 d
b10001000011101 r
#435
b10001011110110 "
b1111111000101 D
b1111111000101 d
b10001011110110 r
#436
b10001101010100 "
b10000100101001 D
b10000100101001 d
b10001101010100 r
#437
b10001011110101 "
b10001001110011 D
b10001001110011 d
b10001011110101 r
#438
b10001000100110 "
b10001011100101 D
b10001011100101 d
b10001000100110 r
#439
b10000100100011 "
b10001100001100 D
b10001100001100 d
b10000100100011 r
#440
b1111111101100 "
b10001011110110 D
b10001011110110 d
b1111111101100 r
#441
b1111011000011 "
b10001000100101 D
b10001000100101 d
b1111011000011 r
#442
b1110111000001 "
b10000011111111 D
b10000011111111 d
b1110111000001 r
#443
b1110011110100 "
b1111111101111 D
b1111111101111 d
b1110011110100 r
#444
b1110010110111 "
b1111010100110 D
b1111010100110 d
b1110010110111 r
#445
b1110100111111 "
b1110101100100 D
b1110101100100 d
b1110100111111 r
#446
b1111000011010 "
b1110011011100 D
b1110011011100 d
b1111000011010 r
#447
b1111100001101 "
b1110011110110 D
b1110011110110 d
b1111100001101 r
#448
b10000000110111 "
b1110101011111 D
b1110101011111 d
b10000000110111 r
#449
b10000101111000 "
b1111000000111 D
b1111000000111 d
b10000101111000 r
#450
b10001010011100 "
b1111100011101 D
b1111100011101 d
b10001010011100 r
#451
b10001100101001 "
b10000001111010 D
b10000001111010 d
b10001100101001 r
#452
b10001100010111 "
b10000110111111 D
b10000110111111 d
b10001100010111 r
#453
b10001010100111 "
b10001010101001 D
b10001010101001 d
b10001010100111 r
#454
b10000110111101 "
b10001100000101 D
b10001100000101 d
b10000110111101 r
#455
b10000010100100 "
b10001100101011 D
b10001100101011 d
b10000010100100 r
#456
b1111110000001 "
b10001010100001 D
b10001010100001 d
b1111110000001 r
#457
b1111000111010 "
b10000110111010 D
b10000110111010 d
b1111000111010 r
#458
b1110101101100 "
b10000010010010 D
b10000010010010 d
b1110101101100 r
#459
b1110011001111 "
b1111100100110 D
b1111100100110 d
b1110011001111 r
#460
b1110011101000 "
b1111000101000 D
b1111000101010 d
b1110011101000 r
#461
b1110110011101 "
b1110101001000 D
b1111101001000 d
b1110110011101 r
#462
b1111010000001 "
b1110110101100 D
b1110111101100 d
b1111010000001 r
#463
b1111101101111 "
b1110011101111 D
b1110011101111 d
b1111101101111 r
#464
b10000011111100 "
b1110111101111 D
b1110111101111 d
b10000011111100 r
#465
b10001000011101 "
b1111111110111 D
b1111111110111 d
b10001000011101 r
#466
b10001010111100 "
b1111111111011 D
b1111111111011 d
b10001010111100 r
#467
b10001100101110 "
b1111111011000 D
b1111111011000 d
b10001100101110 r
#468
b10001011111010 "
b10000100011001 D
b10000100001001 d
b10001011111010 r
#469
b10001001010000 "
b10001001110010 D
b10001000110010 d
b10001001010000 r
#470
b10000101100110 "
b10001011010111 D
b10001011010111 d
b10000101100110 r
#471
b10000000011011 "
b10001100101000 D
b10001100101000 d
b10000000011011 r
#472
b1111011001101 "
b10001011111011 D
b10001011111011 d
b1111011001101 r
#473
b1110110101010 "
b10001001010000 D
b10001001010000 d
b1110110101010 r
#474
b1110100011110 "
b10000100101011 D
b10000100101011 d
b1110100011110 r
#475
b1110011010111 "
b1111111101111 D
b1111111101111 d
b1110011010111 r
#476
b1110100010001 "
b1111010110010 D
b1111010110010 d
b1110100010001 r
#477
b1110111011100 "
b1110111010111 D
b1110111010111 d
b1110111011100 r
#478
b1111011101111 "
b1110100001000 D
b1110100001000 d
b1111011101111 r
#479
b10000001000101 "
b1110011000101 D
b1110011000101 d
b10000001000101 r
#480
b10000101111011 "
b1110100101111 D
b1110100101111 d
b10000101111011 r
#481
b10001001110101 "
b1111000001001 D
b1111000001001 d
b10001001110101 r
#482
b10001011110100 "
b1111100100100 D
b1111100100100 d
b10001011110100 r
#483
b10001100101010 "
b10000010010110 D
b10000010010110 d
b10001100101010 r
#484
b10001011010101 "
b10000110000011 D
b10000110000011 d
b10001011010101 r
#485
b10001000000101 "
b10001001011010 D
b10001001011010 d
b10001000000101 r
#486
b10000011000110 "
b10001100001110 D
b10001100001110 d
b10000011000110 r
#487
b1111101110100 "
b10001100101110 D
b10001100101110 d
b1111101110100 r
#488
b1111001100101 "
b10001011010100 D
b10001011010100 d
b1111001100101 r
#489
b1110101011000 "
b10000110110001 D
b10000110110001 d
b1110101011000 r
#490
b1110011101111 "
b10000010010001 D
b10000010010001 d
b1110011101111 r
#491
b1110100000011 "
b1111101101101 D
b1111101101101 d
b1110100000011 r
#492
b1110101010011 "
b1111001010000 D
b1111001010000 d
b1110101010011 r
#493
b1111001010011 "
b1110101011001 D
b1110101011001 d
b1111001010011 r
#494
b1111110101001 "
b1110010111000 D
b1110010111000 d
b1111110101001 r
#495
b10000011100000 "
b1110011011110 D
b1110011111110 d
b10000011100000 r
#496
b10000111001010 "
b1110110010111 D
b1110110011111 d
b10000111001010 r
#497
b10001010011100 "
b1111010000011 D
b1111110010111 d
b10001010011100 r
#498
b10001101000111 "
b1111110101111 D
b1111110101111 d
b10001101000111 r
#499
b10001100011101 "
b11111111101111 D
b11111111101111 d
b10001100011101 r
#500
b10001001011110 "
b10001011101011 D
b10001011101011 d
b10001001011110 r
#501
b10000101001111 "
b10001010110111 D
b10001010110111 d
b10000101001111 r
#502
b10000000100111 "
b10001110110111 D
b10001110110111 d
b10000000100111 r
#503
b1111100011111 "
b10001100101111 D
b10001100101111 d
b1111100011111 r
#504
b1110111110011 "
b10001101011110 D
b10001101011110 d
b1110111110011 r
#505
b1110100010011 "
b10001001011100 D
b10001001011100 d
b1110100010011 r
#506
b1110010111100 "
b10000100111010 D
b10000100111010 d
b1110010111100 r
#507
b1110011111111 "
b10000000100010 D
b10000000100010 d
b1110011111111 r
#508
b1110111000110 "
b1111011100110 D
b1111011100110 d
b1110111000110 r
#509
b1111100011110 "
b1110110100011 D
b1110110100011 d
b1111100011110 r
#510
b10000000111000 "
b1110100001001 D
b1110100001001 d
b10000000111000 r
#511
b10000100011110 "
b1110011100010 D
b1110011100010 d
b10000100011110 r
#512
b10001001010001 "
b1110100101110 D
b1110100101110 d
b10001001010001 r
#513
b10001100000110 "
b1110111011101 D
b1110111011101 d
b10001100000110 r
#514
b10001100101111 "
b1111011101101 D
b1111011101101 d
b10001100101111 r
#515
b10001011001001 "
b10000001000001 D
b10000001000001 d
b10001011001001 r
#516
b10001000001100 "
b10000101111001 D
b10000101111001 d
b10001000001100 r
#517
b10000011110111 "
b10001001101111 D
b10001001101111 d
b10000011110111 r
#518
b1111110010011 "
b10001100001000 D
b10001100001000 d
b1111110010011 r
#519
b1111001110110 "
b10001100101011 D
b10001100101011 d
b1111001110110 r
#520
b1110110001100 "
b10001010110001 D
b10001010110001 d
b1110110001100 r
#521
b1110011010011 "
b10000111110110 D
b10000111110110 d
b1110011010011 r
#522
b1110011101011 "
b10000011000111 D
b10000011000111 d
b1110011101011 r
#523
b1110101100001 "
b1111101110010 D
b1111101110010 d
b1110101100001 r
#524
b1111000100000 "
b1111000101100 D
b1111000101100 d
b1111000100000 r
#525
b1111101010101 "
b1110101110001 D
b1110101110001 d
b1111101010101 r
#526
b10000010100110 "
b1110011100110 D
b1110011100110 d
b10000010100110 r
#527
b10000111001011 "
b1110011010010 D
b1110011010010 d
b10000111001011 r
#528
b10001010101010 "
b1110101100111 D
b1110101100111 d
b10001010101010 r
#529
b10001100001010 "
b1111001101100 D
b1111001101100 d
b10001100001010 r
#530
b10001100011110 "
b1111110000101 D
b1111110000101 d
b10001100011110 r
#531
b10001001111011 "
b10000010101101 D
b10000010101101 d
b10001001111011 r
#532
b10000110001110 "
b10000111111010 D
b10000111111111 d
b10000110001110 r
#533
b10000001101100 "
b10001011011010 D
b10001111011010 d
b10000001101100 r
#534
b1111011101110 "
b10001110110001 D
b10001111110001 d
b1111011101110 r
#535
b1110111010001 "
b10001100111111 D
b10001100111111 d
b1110111010001 r
#536
b1110101010011 "
b10001101111111 D
b10001101111111 d
b1110101010011 r
#537
b1110011000111 "
b10001101110111 D
b10001101110111 d
b1110011000111 r
#538
b1110100001101 "
b10000101111100 D
b10000101111100 d
b1110100001101 r
#539
b1110110100110 "
b10100001011100 D
b10000000011000 d
b1110110100110 r
#540
b1111010010101 "
b1111011111111 D
b1111011111111 d
b1111010010101 r
#541
b1111111101100 "
b1110111111101 D
b1110111111101 d
b1111111101100 r
#542
b10000100101110 "
b1110100110100 D
b1110100110100 d
b10000100101110 r
#543
b10001001000100 "
b1110011101000 D
b1110011101000 d
b10001001000100 r
#544
b10001011100111 "
b1110100000111 D
b1110100000111 d
b10001011100111 r
#545
b10001100100011 "
b1110111100010 D
b1110111100010 d
b10001100100011 r
#546
b10001011100001 "
b1111011101101 D
b1111011101101 d
b10001011100001 r
#547
b10000000100001 D
b10000000100001 d
#548
b10001000101001 "
b10000101010101 D
b10000101010101 d
b10001000101001 r
#549
b10000011111110 "
b10001001001110 D
b10001001001110 d
b10000011111110 r
#550
b1111111011110 "
b10001100000110 D
b10001100000110 d
b1111111011110 r
#551
b1111010000100 "
b10001100110011 D
b10001100110011 d
b1111010000100 r
#552
b1110101111100 "
b10001011010011 D
b10001011010011 d
b1110101111100 r
#553
b1110011111111 "
b10001000100101 D
b10001000100101 d
b1110011111111 r
#554
b10000011101111 D
b10000011101111 d
#555
b1110011011101 "
b1111101101101 D
b1111101101101 d
b1110011011101 r
#556
b1110101101001 "
b1111001110101 D
b1111001110101 d
b1110101101001 r
#557
b1111000100101 "
b1110110100111 D
b1110110100111 d
b1111000100101 r
#558
b1111100010001 "
b1110011111111 D
b1110011111111 d
b1111100010001 r
#559
b10000010000101 "
b1110011011000 D
b1110011011000 d
b10000010000101 r
#560
b10000110111010 "
b1110100110000 D
b1110100110000 d
b10000110111010 r
#561
b10001010010101 "
b1111001000101 D
b1111001000101 d
b10001010010101 r
#562
b10001100001101 "
b1111110100001 D
b1111110100001 d
b10001100001101 r
#563
b10001100100010 "
b10000010111011 D
b10000010111011 d
b10001100100010 r
#564
b10001001111000 "
b10000111010111 D
b10000111010111 d
b10001001111000 r
#565
b10000111000011 "
b10001010100001 D
b10001010100001 d
b10000111000011 r
#566
b10000010101001 "
b10001100100101 D
b10001100100101 d
b10000010101001 r
#567
b1111101001011 "
b10001100001101 D
b10001100101101 d
b1111101001011 r
#568
b1111000011100 "
b10001010001100 D
b10001010001101 d
b1111000011100 r
#569
b1110101000011 "
b10001110101101 D
b10001110101101 d
b1110101000011 r
#570
b1110011000000 "
b10000111111101 D
b10000111111101 d
b1110011000000 r
#571
b1110011111011 "
b11111011011100 D
b11111011011100 d
b1110011111011 r
#572
b1110110110101 "
b1111011011110 D
b1111011011110 d
b1110110110101 r
#573
b1111010110111 "
b1111101011110 D
b1111101011110 d
b1111010110111 r
#574
b1111110011001 "
b1110111011111 D
b1110111011111 d
b1111110011001 r
#575
b10000011110110 "
b1110011110111 D
b1110011010111 d
b10000011110110 r
#576
b10001001001000 "
b1110111110000 D
b1110011110000 d
b10001001001000 r
#577
b10001011100101 "
b1110110101010 D
b1110110101010 d
b10001011100101 r
#578
b10001100011101 "
b1111011011101 D
b1111011011101 d
b10001100011101 r
#579
b10001100000101 "
b10000000001100 D
b10000000001100 d
b10001100000101 r
#580
b10001000110101 "
b10000101000111 D
b10000101000111 d
b10001000110101 r
#581
b10000100110000 "
b10001001000000 D
b10001001000000 d
b10000100110000 r
#582
b1111111101001 "
b10001011010101 D
b10001011010101 d
b1111111101001 r
#583
b1111010100000 "
b10001100111101 D
b10001100111101 d
b1111010100000 r
#584
b1110110111010 "
b10001100001111 D
b10001100001111 d
b1110110111010 r
#585
b1110100000000 "
b10001000101110 D
b10001000101110 d
b1110100000000 r
#586
b1110011000011 "
b10000100001101 D
b10000100001101 d
b1110011000011 r
#587
b1110100111010 "
b1111110110010 D
b1111110110010 d
b1110100111010 r
#588
b1110111111010 "
b1111010001111 D
b1111010001111 d
b1110111111010 r
#589
b1111100010111 "
b1110110101111 D
b1110110101111 d
b1111100010111 r
#590
b10000001101111 "
b1110011100000 D
b1110011100000 d
b10000001101111 r
#591
b10000110000000 "
b1110011011011 D
b1110011011011 d
b10000110000000 r
#592
b10001001101011 "
b1110101000010 D
b1110101000010 d
b10001001101011 r
#593
b10001100100010 "
b1110111111010 D
b1110111111010 d
b10001100100010 r
#594
b1111100111110 D
b1111100111110 d
#595
b10001010111111 "
b10000011000000 D
b10000011000000 d
b10001010111111 r
#596
b10000110101100 "
b10000110101001 D
b10000110101001 d
b10000110101100 r
#597
b10000010010110 "
b10001010000001 D
b10001010000001 d
b10000010010110 r
#598
b1111101001001 "
b10001011111110 D
b10001011111110 d
b1111101001001 r
#599
b1111000101011 "
b10001100000001 D
b10001100000001 d
b1111000101011 r
#600
b1110101011001 "
b10001011000000 D
b10001011000000 d
b1110101011001 r
#601
b1110011001110 "
b10000110100100 D
b10000110100100 d
b1110011001110 r
#602
b1110011101100 "
b10000001111010 D
b10000001111010 d
b1110011101100 r
#603
b1110110010011 "
b1111101101001 D
b1111101101011 d
b1110110010011 r
#604
b1111001111011 "
b1110111111111 D
b1111111111111 d
b1111001111011 r
#605
b1111110110100 "
b1110110111110 D
b1110111111110 d
b1111110110100 r
#606
b10000011101010 "
b1110111111101 D
b1110111111101 d
b10000011101010 r
#607
b10000111110001 "
b1110111101111 D
b1110111101111 d
b10000111110001 r
#608
b10001011101000 "
b1110110011110 D
b1110110011110 d
b10001011101000 r
#609
b10001101001100 "
b1111110111011 D
b1111110011011 d
b10001101001100 r
#610
b10001011110001 "
b1111110110111 D
b1111110110111 d
b10001011110001 r
#611
b10001001000111 "
b1111110110101 D
b1111110110101 d
b10001001000111 r
#612
b10000101000001 "
b10000101011010 D
b10000100011010 d
b10000101000001 r
#613
b10000000011001 "
b10001001010010 D
b10001001010010 d
b10000000011001 r
#614
b1111011011010 "
b10001011001110 D
b10001011001110 d
b1111011011010 r
#615
b1110110111011 "
b10001100101000 D
b10001100101000 d
b1110110111011 r
#616
b1110100000010 "
b10001011110111 D
b10001011110111 d
b1110100000010 r
#617
b1110011110001 "
b10001001010101 D
b10001001010101 d
b1110011110001 r
#618
b1110100111111 "
b10000100101100 D
b10000100101100 d
b1110100111111 r
#619
b1111000010100 "
b1111111100010 D
b1111111100010 d
b1111000010100 r
#620
b1111011110100 "
b1111010100110 D
b1111010100110 d
b1111011110100 r
#621
b10000000010101 "
b1110110000100 D
b1110110000100 d
b10000000010101 r
#622
b10000101101100 "
b1110100010110 D
b1110100010110 d
b10000101101100 r
#623
b10001010010101 "
b1110100011111 D
b1110100011111 d
b10001010010101 r
#624
b10001100100010 "
b1110100011011 D
b1110100011011 d
b10001100100010 r
#625
b10001100101111 "
b1110111101100 D
b1110111101100 d
b10001100101111 r
#626
b10001010101110 "
b1111100100110 D
b1111100100110 d
b10001010101110 r
#627
b10000111010101 "
b10000001110101 D
b10000001110101 d
b10000111010101 r
#628
b10000011001100 "
b10000110101000 D
b10000110101000 d
b10000011001100 r
#629
b1111110010010 "
b10001001110010 D
b10001001110010 d
b1111110010010 r
#630
b1111000111110 "
b10001011111101 D
b10001011111101 d
b1111000111110 r
#631
b1110101010001 "
b10001100011001 D
b10001100011001 d
b1110101010001 r
#632
b1110011101111 "
b10001010110000 D
b10001010110000 d
b1110011101111 r
#633
b1110011111111 "
b10000111101001 D
b10000111101001 d
b1110011111111 r
#634
b1110101101001 "
b10000010100011 D
b10000010100011 d
b1110101101001 r
#635
b1111001010001 "
b1111100100010 D
b1111100100010 d
b1111001010001 r
#636
b1111110011110 "
b1111000101100 D
b1111000101100 d
b1111110011110 r
#637
b10000011100011 "
b1110101011101 D
b1110101011101 d
b10000011100011 r
#638
b10000111101000 "
b1110011101001 D
b1110011101001 d
b10000111101000 r
#639
b10001010110111 "
b1110100111011 D
b1110110111011 d
b10001010110111 r
#640
b10001100101011 "
b1110101111011 D
b1110101111011 d
b10001100101011 r
#641
b1111101111110 D
b1111101111110 d
#642
b10001100001001 "
b1111111101110 D
b1111111101110 d
b10001100001001 r
#643
b10001001001000 "
b11111111100011 D
b1111111000010 d
b10001001001000 r
#644
b10000101111101 "
b10001100101001 D
b10001100101001 d
b10000101111101 r
#645
b10000001010001 "
b10001011101011 D
b10001011101011 d
b10000001010001 r
#646
b1111011100000 "
b10001111001111 D
b10001111001111 d
b1111011100000 r
#647
b1110111001000 "
b10001100011111 D
b10001100011110 d
b1110111001000 r
#648
b1110100100000 "
b10001101010111 D
b10001100010111 d
b1110100100000 r
#649
b1110011010101 "
b10001001010101 D
b10001001010101 d
b1110011010101 r
#650
b1110100010000 "
b10000101001111 D
b10000101001111 d
b1110100010000 r
#651
b1110111001010 "
b10000000001100 D
b10000000001100 d
b1110111001010 r
#652
b1111100100100 "
b1111011000111 D
b1111011000111 d
b1111100100100 r
#653
b10000000101110 "
b1110110101011 D
b1110110101011 d
b10000000101110 r
#654
b10000100100010 "
b1110100010010 D
b1110100010010 d
b10000100100010 r
#655
b10001001000010 "
b1110011010101 D
b1110011010101 d
b10001001000010 r
#656
b10001100011101 "
b1110100111111 D
b1110100111111 d
b10001100011101 r
#657
b10001100101010 "
b1110111100100 D
b1110111100100 d
b10001100101010 r
#658
b10001011010111 "
b1111011101000 D
b1111011101000 d
b10001011010111 r
#659
b10001000000111 "
b10000000111110 D
b10000000111110 d
b10001000000111 r
#660
b10000011011001 "
b10000101110100 D
b10000101110100 d
b10000011011001 r
#661
b1111110000001 "
b10001001011110 D
b10001001011110 d
b1111110000001 r
#662
b1111001100000 "
b10001011111100 D
b10001011111100 d
b1111001100000 r
#663
b1110110000110 "
b10001100011000 D
b10001100011000 d
b1110110000110 r
#664
b1110011011001 "
b10001010101110 D
b10001010101110 d
b1110011011001 r
#665
b1110011000011 "
b10001000001100 D
b10001000001100 d
b1110011000011 r
#666
b1110101010001 "
b10000011011100 D
b10000011011100 d
b1110101010001 r
#667
b1111001011011 "
b1111101101001 D
b1111101101001 d
b1111001011011 r
#668
b1111110001000 "
b1111000010111 D
b1111000010111 d
b1111110001000 r
#669
b10000010110001 "
b1110101101011 D
b1110101101011 d
b10000010110001 r
#670
b10000110100111 "
b1110011111110 D
b1110011111110 d
b10000110100111 r
#671
b10001010110111 "
b1110100010110 D
b1110100010110 d
b10001010110111 r
#672
b10001101000101 "
b1110101100011 D
b1110101100011 d
b10001101000101 r
#673
b10001100011111 "
b1111001010111 D
b1111001010111 d
b10001100011111 r
#674
b10001010000100 "
b1111110001011 D
b1111110001011 d
b10001010000100 r
#675
b10000101100010 "
b10010011101010 D
b10111111101011 d
b10000101100010 r
#676
b10000000100100 "
b10000111110110 D
b10000111110110 d
b10000000100100 r
#677
b1111100001000 "
b10001111011111 D
b10001111011111 d
b1111100001000 r
#678
b1111000010111 "
b10001111001111 D
b10001111001111 d
b1111000010111 r
#679
b1110100111001 "
b10001101001101 D
b10001101001101 d
b1110100111001 r
#680
b1110010111110 "
b10001101001011 D
b10001101001011 d
b1110010111110 r
#681
b1110011101001 "
b10001101101011 D
b10001101101011 d
b1110011101001 r
#682
b1110111001100 "
b10000101100110 D
b10000101100110 d
b1110111001100 r
#683
b1111011001010 "
b10100001000110 D
b10000001000110 d
b1111011001010 r
#684
b10000000010100 "
b1111011101111 D
b1111011101111 d
b10000000010100 r
#685
b10000101001011 "
b1110110110010 D
b1110110110010 d
b10000101001011 r
#686
b10001000101111 "
b1110100001101 D
b1110100001101 d
b10001000101111 r
#687
b10001011100101 "
b1110011110010 D
b1110011110010 d
b10001011100101 r
#688
b10001101000010 "
b1110100111001 D
b1110100111001 d
b10001101000010 r
#689
b10001011101001 "
b1110111010100 D
b1110111010100 d
b10001011101001 r
#690
b10001000011011 "
b1111011101100 D
b1111011101100 d
b10001000011011 r
#691
b10000011100000 "
b1111111110011 D
b1111111110011 d
b10000011100000 r
#692
b1111110100110 "
b10000101011010 D
b10000101011010 d
b1111110100110 r
#693
b1111010101101 "
b10001001111001 D
b10001001111001 d
b1111010101101 r
#694
b1110110001101 "
b10001100011001 D
b10001100011001 d
b1110110001101 r
#695
b1110011010111 "
b10001100110101 D
b10001100110101 d
b1110011010111 r
#696
b1110100011011 "
b10001010110000 D
b10001010110000 d
b1110100011011 r
#697
b1110101011101 "
b10000111100001 D
b10000111100001 d
b1110101011101 r
#698
b1111000100110 "
b10000100001001 D
b10000100001001 d
b1111000100110 r
#699
b1111101000101 "
b1111110011000 D
b1111110011000 d
b1111101000101 r
#700
b10000001111011 "
b1111001001100 D
b1111001001100 d
b10000001111011 r
#701
b10000110111010 "
b1110101110001 D
b1110101110001 d
b10000110111010 r
#702
b10001001111111 "
b1110011100110 D
b1110011100110 d
b10001001111111 r
#703
b10001100011100 "
b1110011110011 D
b1110011110011 d
b10001100011100 r
#704
b10001101000101 "
b1110110001111 D
b1110110001111 d
b10001101000101 r
#705
b10001010001111 "
b1111000111101 D
b1111000111101 d
b10001010001111 r
#706
b10000110010010 "
b1111101011011 D
b1111101011011 d
b10000110010010 r
#707
b10000001110111 "
b10000010110110 D
b10000010110110 d
b10000001110111 r
#708
b1111100101110 "
b10000111101010 D
b10000111101010 d
b1111100101110 r
#709
b1111000010010 "
b10001011011111 D
b10001011011111 d
b1111000010010 r
#710
b1110101001000 "
b10001100011001 D
b10001100011001 d
b1110101001000 r
#711
b1110011001111 "
b10001011111011 D
b10001011111011 d
b1110011001111 r
#712
b1110100000010 "
b10001010101011 D
b1110100000010 r
#713
b1110110110010 "
b10001110111001 D
b10001110111001 d
b1110110110010 r
#714
b1111010110110 "
b10000110111110 D
b10000110111110 d
b1111010110110 r
#715
b1111111001111 "
b10111100110110 D
b10001100110110 d
b1111111001111 r
#716
b10000100000001 "
b1111111011111 D
b1111111011111 d
b10000100000001 r
#717
b10001000110111 "
b1110111011111 D
b1110111011111 d
b10001000110111 r
#718
b10001011111001 "
b1110111110100 D
b1110111110100 d
b10001011111001 r
#719
b10001100010011 "
b1110011001000 D
b1110011001000 d
b10001100010011 r
#720
b10001100000000 "
b1110100110011 D
b1110100110011 d
b10001100000000 r
#721
b10001001000011 "
b1110111001010 D
b1110111001010 d
b10001001000011 r
#722
b10000100001010 "
b1111010011010 D
b1111010011010 d
b10000100001010 r
#723
b1111111010000 "
b1111111111010 D
b1111111111010 d
b1111111010000 r
#724
b1111010001000 "
b10000101000111 D
b10000101000111 d
b1111010001000 r
#725
b1110110011011 "
b10001001000100 D
b10001001000100 d
b1110110011011 r
#726
b1110100010001 "
b10001011110011 D
b10001011110011 d
b1110100010001 r
#727
b1110011011101 "
b10001100111101 D
b10001100111101 d
b1110011011101 r
#728
b1110100110101 "
b10001011101100 D
b10001011101100 d
b1110100110101 r
#729
b1110111101100 "
b10001000000110 D
b10001000000110 d
b1110111101100 r
#730
b1111100110010 "
b10000011000110 D
b10000011000110 d
b1111100110010 r
#731
b10000010011001 "
b1111110111100 D
b1111110111100 d
b10000010011001 r
#732
b10000110011111 "
b1111010010111 D
b1111010010111 d
b10000110011111 r
#733
b10001001110101 "
b1110101110101 D
b1110101110101 d
b10001001110101 r
#734
b10001100001010 "
b1110100001110 D
b1110100001110 d
b10001100001010 r
#735
b10001100100010 "
b1110011011101 D
b1110011011101 d
b10001100100010 r
#736
b10001011011101 "
b1110100111101 D
b1110100111101 d
b10001011011101 r
#737
b10000111010010 "
b1111000111010 D
b1111000111010 d
b10000111010010 r
#738
b10000001110111 "
b1111101000110 D
b1111101000110 d
b10000001110111 r
#739
b1111100110110 "
b10000010110010 D
b10000010110010 d
b1111100110110 r
#740
b1111000101101 "
b10000110110000 D
b10000110110000 d
b1111000101101 r
#741
b1110101011100 "
b10001010001000 D
b10001010001000 d
b1110101011100 r
#742
b1110011101001 "
b10001100110000 D
b10001100110000 d
b1110011101001 r
#743
b1110011110010 "
b10001101000011 D
b10001101000011 d
b1110011110010 r
#744
b1110111110010 "
b10001010001010 D
b10001010001010 d
b1110111110010 r
#745
b1110101110010 "
b10000110001010 D
b10000110001010 d
b1110101110010 r
#746
b1111010010011 "
b10000001110110 D
b10000001111110 d
b1111010010011 r
#747
b1111111011111 "
b1111100111110 D
b1111101111110 d
b1111111011111 r
#748
b10000100010110 "
b1111000111111 D
b1111100111111 d
b10000100010110 r
#749
b10000111111111 "
b1111101011111 D
b1111101011111 d
b10000111111111 r
#750
b10001010110110 "
b1110111001011 D
b1110111001011 d
b10001010110110 r
#751
b10001101010011 "
b1110011111011 D
b1110011111011 d
b10001101010011 r
#752
b10001100111111 "
b1110111111111 D
b1110111111111 d
b10001100111111 r
#753
b10001001001110 "
b1111111010101 D
b1111111010101 d
b10001001001110 r
#754
b10000100010011 "
b1111111010001 D
b1111111010001 d
b10000100010011 r
#755
b1111111111011 "
b1111111000000 D
b1111111000000 d
b1111111111011 r
#756
b1111011010101 "
b10000011111001 D
b10000011111001 d
b1111011010101 r
#757
b1110111011101 "
b10001000111100 D
b10001000111100 d
b1110111011101 r
#758
b1110100010001 "
b10001011111110 D
b10001011111110 d
b1110100010001 r
#759
b1110011001110 "
b10001101001101 D
b10001101001101 d
b1110011001110 r
#760
b1110100110010 "
b10001011011010 D
b10001011011010 d
b1110100110010 r
#761
b1110111011101 "
b10001000011010 D
b10001000011010 d
b1110111011101 r
#762
b1111011110100 "
b10000100101001 D
b10000100101001 d
b1111011110100 r
#763
b10000001100011 "
b1111111100011 D
b1111111100011 d
b10000001100011 r
#764
b10000101101100 "
b1111010010011 D
b1111010010011 d
b10000101101100 r
#765
b10001001110110 "
b1110110011100 D
b1110110011100 d
b10001001110110 r
#766
b10001100110001 "
b1110011100110 D
b1110011100110 d
b10001100110001 r
#767
b10001100100111 "
b1110011011010 D
b1110011011010 d
b10001100100111 r
#768
b10001010111100 "
b1110101001111 D
b1110101001111 d
b10001010111100 r
#769
b10000111100100 "
b1111000000100 D
b1111000000100 d
b10000111100100 r
#770
b10000011010111 "
b1111100101101 D
b1111100101101 d
b10000011010111 r
#771
b1111101011010 "
b10000001101001 D
b10000001101001 d
b1111101011010 r
#772
b1111001011001 "
b10000110011001 D
b10000110011001 d
b1111001011001 r
#773
b1110101111111 "
b10001010111100 D
b10001010111100 d
b1110101111111 r
#774
b1110011101011 "
b10001100100111 D
b10001100100111 d
b1110011101011 r
#775
b1110100000101 "
b10001100001011 D
b10001100001011 d
b1110100000101 r
#776
b1110101101111 "
b10001010101111 D
b10001010101111 d
b1110101101111 r
#777
b1111001000000 "
b10000111001101 D
b10000111001101 d
b1111001000000 r
#778
b1111110101101 "
b10000010000000 D
b10000010000000 d
b1111110101101 r
#779
b10000011111011 "
b1111101001011 D
b1111101001011 d
b10000011111011 r
#780
b10000111111100 "
b1111000100101 D
b1111000100101 d
b10000111111100 r
#781
b10001011101010 "
b1110101100010 D
b1110101100010 d
b10001011101010 r
#782
b10001100010101 "
b1110011110011 D
b1110011110011 d
b10001100010101 r
#783
b10001011111100 "
b1110011101010 D
b1110011111011 d
b10001011111100 r
#784
b10001001100111 "
b1110110101010 D
b1110111101010 d
b10001001100111 r
#785
b10000101110000 "
b1111110011011 D
b1111110011011 d
b10000101110000 r
#786
b10000000110100 "
b1111111011111 D
b1111111011111 d
b10000000110100 r
#787
b1111011011010 "
b11111111001101 D
b1111111001101 d
b1111011011010 r
#788
b1110110100000 "
b10001100001001 D
b10001100001001 d
b1110110100000 r
#789
b1110100111010 "
b10001011011011 D
b10001011011011 d
b1110100111010 r
#790
b1110011011100 "
b10001111010110 D
b10001011010010 d
b1110011011100 r
#791
b1110100010100 "
b10001101111111 D
b10001100111111 d
b1110100010100 r
#792
b1110111100011 "
b10001011100101 D
b10001011100101 d
b1110111100011 r
#793
b1111011100100 "
b10001001010000 D
b10001001010000 d
b1111011100100 r
#794
b1111111111111 "
b10000100111001 D
b10000100111001 d
b1111111111111 r
#795
b10000101101011 "
b1111111101010 D
b1111111101010 d
b10000101101011 r
#796
b10001001100100 "
b1111011000011 D
b1111011000011 d
b10001001100100 r
#797
b10001100011101 "
b1110110100001 D
b1110110100001 d
b10001100011101 r
#798
b1110100001101 D
b1110100001101 d
#799
b10001011010101 "
b1110011101101 D
b1110011101101 d
b10001011010101 r
#800
b10001000100011 "
b1110100101010 D
b1110100101010 d
b10001000100011 r
#801
b10000010111100 "
b1110111100101 D
b1110111100101 d
b10000010111100 r
#802
b1111110010010 "
b1111100010001 D
b1111100010001 d
b1111110010010 r
#803
b1111001101010 "
b10000001010100 D
b10000001010100 d
b1111001101010 r
#804
b1110101010010 "
b10000110000010 D
b10000110000010 d
b1110101010010 r
#805
b1110100010111 "
b10001001111101 D
b10001001111101 d
b1110100010111 r
#806
b1110011000110 "
b10001100000110 D
b10001100000110 d
b1110011000110 r
#807
b1110101000101 "
b10001100110011 D
b10001100110011 d
b1110101000101 r
#808
b1111010000001 "
b10001010100111 D
b10001010100111 d
b1111010000001 r
#809
b1111100111101 "
b10001000001010 D
b10001000001010 d
b1111100111101 r
#810
b10000011001001 "
b10000011011000 D
b10000011011000 d
b10000011001001 r
#811
b10001000000111 "
b1111100110011 D
b1111100110011 d
b10001000000111 r
#812
b10001010001010 "
b1111000100111 D
b1111000100111 d
b10001010001010 r
#813
b10001100100011 "
b1110110000001 D
b1110110000001 d
b10001100100011 r
#814
b10001100011011 "
b1110011101001 D
b1110011101001 d
b10001100011011 r
#815
b10001010000010 "
b1110011111011 D
b1110011111011 d
b10001010000010 r
#816
b10000110110100 "
b1110101111011 D
b1110101111011 d
b10000110110100 r
#817
b10000000110101 "
b1111001100011 D
b1111001100011 d
b10000000110101 r
#818
b1111011001101 "
b1111110110111 D
b1111110110111 d
b1111011001101 r
#819
b1111000010001 "
b10111011011111 D
b11111111011111 d
b1111000010001 r
#820
b1110100100101 "
b10001010011011 D
b10001011011011 d
b1110100100101 r
#821
b1110011011101 "
b10001011000110 D
b10001011000110 d
b1110011011101 r
#822
b1110100001010 "
b10001111100111 D
b10001111100111 d
b1110100001010 r
#823
b1110110101011 "
b10001100110111 D
b10001100110111 d
b1110110101011 r
#824
b1111011101110 "
b10001101011111 D
b10001101011111 d
b1111011101110 r
#825
b1111111010011 "
b1111111010011 r
#826
b10000011110101 "
b10000101001110 D
b10000101001110 d
b10000011110101 r
#827
b10001001111010 "
b10000000101000 D
b10000000101000 d
b10001001111010 r
#828
b10001100000100 "
b1111010111010 D
b1111010111010 d
b10001100000100 r
#829
b10001100011100 "
b1110111001011 D
b1110111001011 d
b10001100011100 r
#830
b10001011011000 "
b1110100100010 D
b1110100100010 d
b10001011011000 r
#831
b10001000101011 "
b1110011010101 D
b1110011010101 d
b10001000101011 r
#832
b10000100000110 "
b1110100010011 D
b1110100010011 d
b10000100000110 r
#833
b1111110010100 "
b1110111010111 D
b1110111010111 d
b1111110010100 r
#834
b1111001110001 "
b1111011110110 D
b1111011110110 d
b1111001110001 r
#835
b1110110100011 "
b10000001000101 D
b10000001000101 d
b1110110100011 r
#836
b1110011111010 "
b10000101011101 D
b10000101011101 d
b1110011111010 r
#837
b1110011011110 "
b10001001010010 D
b10001001010010 d
b1110011011110 r
#838
b1110101001101 "
b10001100010011 D
b10001100010011 d
b1110101001101 r
#839
b1111000011000 "
b10001101000111 D
b10001101000111 d
b1111000011000 r
#840
b1111101100010 "
b10001011010110 D
b10001011010110 d
b1111101100010 r
#841
b10000010011101 "
b10000111110110 D
b10000111110110 d
b10000010011101 r
#842
b10000110110000 "
b10000011001100 D
b10000011001100 d
b10000110110000 r
#843
b10001010100111 "
b1111110001010 D
b1111110001010 d
b10001010100111 r
#844
b10001100110011 "
b1111001101100 D
b1111001101100 d
b10001100110011 r
#845
b1110101110100 D
b1110101110100 d
#846
b10001100010101 "
b1110011101111 D
b1110011101111 d
b10001100010101 r
#847
b10001001111111 "
b1110011100001 D
b1110011100001 d
b10001001111111 r
#848
b10000110001010 "
b1110101111001 D
b1110101111001 d
b10000110001010 r
#849
b10000001010110 "
b1111001001111 D
b1111001001111 d
b10000001010110 r
#850
b1111100010110 "
b1111101011110 D
b1111101011110 d
b1111100010110 r
#851
b1111000010101 "
b10000010110010 D
b10000010110010 d
b1111000010101 r
#852
b1110101010000 "
b10000111110110 D
b10000111110110 d
b1110101010000 r
#853
b1110010110001 "
b10001011100000 D
b10001011100000 d
b1110010110001 r
#854
b1110011100111 "
b10001100110101 D
b10001110110101 d
b1110011100111 r
#855
b1110110110101 "
b10001100101101 D
b10001100111101 d
b1110110110101 r
#856
b1111010111001 "
b10001110001000 D
b10001110001000 d
b1111010111001 r
#857
b1111111011000 "
b10001111111001 D
b10001111111001 d
b1111111011000 r
#858
b10000100110011 "
b10000101111111 D
b10000101111111 d
b10000100110011 r
#859
b10001000101010 "
b10111100101110 D
b10001100101110 d
b10001000101010 r
#860
b10001100000000 "
b1111111001011 D
b1111111001011 d
b10001100000000 r
#861
b10001100111010 "
b1110111011011 D
b1110111011011 d
b10001100111010 r
#862
b10001011100110 "
b1110100010001 D
b1110100010001 d
b10001011100110 r
#863
b10001000011010 "
b1110100001000 D
b1110100001000 d
b10001000011010 r
#864
b10000100001000 "
b1110100110010 D
b1110100110010 d
b10000100001000 r
#865
b1111111110000 "
b1110111001011 D
b1110111001011 d
b1111111110000 r
#866
b1111010011100 "
b1111011001100 D
b1111011001100 d
b1111010011100 r
#867
b1110101110111 "
b1111111100001 D
b1111111100001 d
b1110101110111 r
#868
b1110100000100 "
b10000101011001 D
b10000101011001 d
b1110100000100 r
#869
b1110100000001 "
b10001001111000 D
b10001001111000 d
b1110100000001 r
#870
b1110101000101 "
b10001011111111 D
b10001011111111 d
b1110101000101 r
#871
b1111000011100 "
b10001100010011 D
b10001100010011 d
b1111000011100 r
#872
b1111100111000 "
b10001011100001 D
b10001011100001 d
b1111100111000 r
#873
b10000001100110 "
b10001000010101 D
b10001000010101 d
b10000001100110 r
#874
b10000110010111 "
b10000100010000 D
b10000100010000 d
b10000110010111 r
#875
b10001010100000 "
b1111110111110 D
b1111110111110 d
b10001010100000 r
#876
b10001101000000 "
b1111001101010 D
b1111001101010 d
b10001101000000 r
#877
b10001100100111 "
b1110110000000 D
b1110110000000 d
b10001100100111 r
#878
b10001010011101 "
b1110011110101 D
b1110011110101 d
b10001010011101 r
#879
b10000110110100 "
b1110100010000 D
b1110100010000 d
b10000110110100 r
#880
b10000001111110 "
b1110101011101 D
b1110101011101 d
b10000001111110 r
#881
b1111100110010 "
b1111000000100 D
b1111000000100 d
b1111100110010 r
#882
b1111000001101 "
b1111101001001 D
b1111101001001 d
b1111000001101 r
#883
b1110101100000 "
b10000010110111 D
b10000010110111 d
b1110101100000 r
#884
b1110011110101 "
b10000110110001 D
b10000110110001 d
b1110011110101 r
#885
b1110100001001 "
b10001010001001 D
b10001010001001 d
b1110100001001 r
#886
b1110101100011 "
b10001100110110 D
b10001100110110 d
b1110101100011 r
#887
b1111001111101 "
b10001100001000 D
b10001100001000 d
b1111001111101 r
#888
b1111111100011 "
b10001010001100 D
b10001010001100 d
b1111111100011 r
#889
b10000011101101 "
b10000110100011 D
b10000110101011 d
b10000011101101 r
#890
b10001000100000 "
b10000001100001 D
b10000011100011 d
b10001000100000 r
#891
b10001011110001 "
b1111100111011 D
b11111101111011 d
b10001011110001 r
#892
b10001100110000 "
1B
b1111111011010 D
b1111111011010 d
b10001100110000 r
#893
0B
0C
b1110111110111 D
b1110111110111 d
0""
#895
b1110111110110 D
b1110111110110 d
#896
b1110110101011 D
b1110110101011 d
#897
b1111110001111 D
b1110110001111 d
#898
b1111111001100 D
b1111110001100 d
#899
b1111111101000 D
b1111111101000 d
#900
b10000100011110 D
b10000100011110 d
#901
b10001001000010 D
b10001001000010 d
#902
b10001100011001 D
b10001100011001 d
#903
b10001100111111 D
b10001100111111 d
#904
b10001011100000 D
b10001011100000 d
#905
b10001000010000 D
b10001000010000 d
#906
b10000100001111 D
b10000100001111 d
#907
b1111111100110 D
b1111111100110 d
#908
b1111010010010 D
b1111010010010 d
#909
b1110101110000 D
b1110101110000 d
#910
b1110100000000 D
b1110100000000 d
#911
b1110011011001 D
b1110011011001 d
#912
b1110101000010 D
b1110101000010 d
#913
b1111000011110 D
b1111000011110 d
#914
b1111101000010 D
b1111101000010 d
#915
b10000001110011 D
b10000001110011 d
#916
b10000110011100 D
b10000110011100 d
#917
b10001010101110 D
b10001010101110 d
#918
b10001100111111 D
b10001100111111 d
#919
b10001100001111 D
b10001100001111 d
#920
b10001010000011 D
b10001010000011 d
#921
b10000110100110 D
b10000110100110 d
#922
b10000010001100 D
b10000010001100 d
#923
b1111100111101 D
b1111100111101 d
#924
b1111000001001 D
b1111000001001 d
#925
b1110101000111 D
b1110101001111 d
#926
b1110011010101 D
b1110011010111 d
#927
b1110011010111 D
#928
b1110111011111 D
b1110111011111 d
#929
b1111110111001 D
b1111110111001 d
#930
b1111110110011 D
b1111110110011 d
#931
b1111111111011 D
b1111111111011 d
#932
b10000111111111 D
b10000111111111 d
#933
b10001111111111 D
b10000111111100 d
#934
b10001111011111 D
b10001011011111 d
#935
b10001101010011 D
b10001101010011 d
#936
b10001011111001 D
b10001011111001 d
#937
b10001000100000 D
b10001000100000 d
#938
b10000100101000 D
b10000100101000 d
#939
b10000000000001 D
b10000000000001 d
#940
b1111011000010 D
b1111011000010 d
#941
b1110110011000 D
b1110110011000 d
#942
b1110011111101 D
b1110011111101 d
#943
b1110011101101 D
b1110011101101 d
#944
b1110101000101 D
b1110101000101 d
#945
b1110111111001 D
b1110111111001 d
#946
b1111100001111 D
b1111100001111 d
#947
b10000001001110 D
b10000001001110 d
#948
b10000101100111 D
b10000101100111 d
#949
b10001010100101 D
b10001010100101 d
#950
b10001100111101 D
b10001100111101 d
#951
b10001100100101 D
b10001100100101 d
#952
b10001010010100 D
b10001010010100 d
#953
b10000110111101 D
b10000110111101 d
#954
b10000010100000 D
b10000010100000 d
#955
b1111101100101 D
b1111101100101 d
#956
b1111001001110 D
b1111001001110 d
#957
b1110101001110 D
b1110101001110 d
#958
b1110011000111 D
b1110011000111 d
#959
b1110011110110 D
b1110011110110 d
#960
b1110110011111 D
b1110110111111 d
#961
b1111001110001 D
b1111001111011 d
#962
b1111110101011 D
b1111111111011 d
#963
b11111111011011 D
b11111111011011 d
#964
b10000111111111 D
b10000111111111 d
#965
b10001111111111 D
b10001111111111 d
#966
b10001111111100 D
b10001111111100 d
#967
b10001111111110 D
b10001111111110 d
#968
b10001011101110 D
b10001011101110 d
#969
b10001101110110 D
b10001101110110 d
#970
b10000101010110 D
b10000101010110 d
#971
b1111111111011 D
b1111111111011 d
#972
b1111011100011 D
b1111011100011 d
#973
b1110111010111 D
b1110111010111 d
#974
b1110100001101 D
b1110100001101 d
#975
b1110011011000 D
b1110011011000 d
#976
b1110100110001 D
b1110100110001 d
#977
b1110111100110 D
b1110111100110 d
#978
b1111011110011 D
b1111011110011 d
#979
b10000000101000 D
b10000000101000 d
#980
b10000101100110 D
b10000101100110 d
#981
b10001010000000 D
b10001010000000 d
#982
b10001100001111 D
b10001100001111 d
#983
b10001100100100 D
b10001100100100 d
#984
b10001011010110 D
b10001011010110 d
#985
b10000111100110 D
b10000111100110 d
#986
b10000010100011 D
b10000010100011 d
#987
b1111101101010 D
b1111101101010 d
#988
b1111001110001 D
b1111001110001 d
#989
b1110110100001 D
b1110110100001 d
#990
b1110011011111 D
b1110011011111 d
#991
b1110011010111 D
b1110011010111 d
#992
b1110101001001 D
b1110101001001 d
#993
b1111010011010 D
b1111010011010 d
#994
b1111110001000 D
b1111110001000 d
#995
b10000010010111 D
b10000010010111 d
#996
b10000111010001 D
b10000111010001 d
#997
b10001010010001 D
b10001010010001 d
#998
b10001100110101 D
b10001110110101 d
#999
b10001100111101 D
b10001100111101 d
#1000
b10001101111101 D
b10001101111101 d
#1001
b10001101110000 D
b10001101110000 d
#1002
b10000101001110 D
b10000101001110 d
#1003
b10111100001110 D
b10101100001110 d
#1004
b1111100011111 D
b1111100010111 d
#1005
b1111000011111 d
#1006
b1110100110001 D
b1110100110001 d
#1007
b1110010101001 D
b1110010101001 d
#1008
b1110100010010 D
b1110100010010 d
#1009
b1110111011110 D
b1110111011110 d
#1010
b1111011101101 D
b1111011101101 d
#1011
b10000000010001 D
b10000000010001 d
#1012
b10000100111001 D
b10000100111001 d
#1013
b10001001100010 D
b10001001100010 d
#1014
b10001100000001 D
b10001100000001 d
#1015
b10001100110100 D
b10001100110100 d
#1016
b10001011011111 D
b10001011011111 d
#1017
b10000111100010 D
b10000111100010 d
#1018
b10000011011010 D
b10000011011010 d
#1019
b1111110101110 D
b1111110101110 d
#1020
b1111001110111 D
b1111001110111 d
#1021
b1110110011001 D
b1110110011001 d
#1022
b1110011110100 D
b1110011110100 d
#1023
b1110011101011 D
b1110011101011 d
#1024
b1110101000000 D
b1110101000000 d
#1025
b1111000101011 D
b1111000101011 d
#1026
b1111101101100 D
b1111101101100 d
#1027
b10000010101000 D
b10000010101000 d
#1028
b10000111001011 D
b10000111001011 d
#1029
b10001010111010 D
b10001010111010 d
#1030
b10001100100110 D
b10001100100110 d
#1031
b10001100001111 D
b10001100001111 d
#1032
b10001010000100 D
b10001010000100 d
#1033
b10000101101101 D
b10001111101101 d
#1034
b10000001111101 D
b10000101111101 d
#1035
b11111101011101 D
b11111101011101 d
#1036
b1111111111101 D
b1111111111101 d
#1037
b1110111110101 D
b1110111110101 d
#1038
b1110111011111 D
b1110111010111 d
#1039
b1110011111111 D
b1110011111111 d
#1040
b1110111111110 D
b1110111111110 d
#1041
b1111110010010 D
b1110110010010 d
#1042
b1111010110001 D
b1111010110001 d
#1043
b10000000010001 D
b10000000010001 d
#1044
b10000100101010 D
b10000100101010 d
#1045
b10001000110000 D
b10001000110000 d
#1046
b10001011111001 D
b10001011111001 d
#1047
b10001100101100 D
b10001100101100 d
#1048
b10001011100100 D
b10001011100100 d
#1049
b10001000010111 D
b10001000010111 d
#1050
b10000100000001 D
b10000100000001 d
#1051
b1111111001110 D
b1111111001110 d
#1052
b1111010000010 D
b1111010000010 d
#1053
b1110110010010 D
b1110110010010 d
#1054
b1110100000101 D
b1110100000101 d
#1055
b1110011101101 D
b1110011101101 d
#1056
b1110100111010 D
b1110100111010 d
#1057
b1111000000110 D
b1111000000110 d
#1058
b1111100110000 D
b1111100110000 d
#1059
b10000010011101 D
b10000010011101 d
#1060
b10000110100000 D
b10000110100000 d
#1061
b10001010001101 D
b10001010001101 d
#1062
b10001100100101 D
b10001100100101 d
#1063
b10001100000110 D
b10001100000110 d
#1064
b10001010011101 D
b10001010011101 d
#1065
b10000111000100 D
b10000111000100 d
#1066
b10000001110000 D
b10000001110000 d
#1067
b1111100011000 D
b1111100111000 d
#1068
b1111000001100 D
b1111000001100 d
#1069
b1110101011101 D
b1111101011101 d
#1070
b1110011110111 D
b1110111110111 d
#1071
b1110011111111 D
b1110011111111 d
#1072
b1110111111110 D
b1110111111110 d
#1073
b1111111110111 D
b1110101110110 d
#1074
b1111111100101 D
b1111111100101 d
#1075
b1111111100100 D
b1111111100100 d
#1076
b10001100010101 D
b10000100010101 d
#1077
b10001011011110 D
b10001000011110 d
#1078
b10001011101101 D
b10001011101101 d
#1079
b10001100101111 D
b10001100101111 d
#1080
b10001011010011 D
b10001011010011 d
#1081
b10001000101010 D
b10001000101010 d
#1082
b10000100101011 D
b10000100101011 d
#1083
b1111111101101 D
b1111111101101 d
#1084
b1111010100001 D
b1111010100001 d
#1085
b1110110110001 D
b1110110110001 d
#1086
b1110100100010 D
b1110100100010 d
#1087
b1110011010100 D
b1110011010100 d
#1088
b1110100010001 D
b1110100010001 d
#1089
b1110111111010 D
b1110111111010 d
#1090
b1111100100101 D
b1111100100101 d
#1091
b10000001101110 D
b10000001101110 d
#1092
b10000101111101 D
b10000101111101 d
#1093
b10001001111001 D
b10001001111001 d
#1094
b10001100010000 D
b10001100010000 d
#1095
b10001100100100 D
b10001100100100 d
#1096
b10001010111111 D
b10001010111111 d
#1097
b10000111000100 D
b10000111000100 d
#1098
b10000010011001 D
b10000010011001 d
#1099
b1111101001001 D
b1111101001001 d
#1100
b1111000111000 D
b1111000111000 d
#1101
b1110101100000 D
b1110101100000 d
#1102
b1110011100110 D
b1110011100110 d
#1103
b1110011100000 D
b1110011100000 d
#1104
b1110110111111 D
b1110110111111 d
#1105
b1111010001010 D
b1111110011111 d
#1106
b1111110011111 D
#1107
b11111110010101 D
b11111110010101 d
#1108
b10001100100111 D
b10001100100111 d
#1109
b10001011101111 D
b10001011101111 d
#1110
b10001111111101 D
b10001111101101 d
#1111
b10001111111010 D
b10001111111010 d
#1112
b10001011111110 D
b10001011111010 d
#1113
b10001101110100 D
b10001001100100 d
#1114
b10000100111100 D
b10000100111100 d
#1115
b10000000001001 D
b10000000001001 d
#1116
b1111011010100 D
b1111011010100 d
#1117
b1110110100110 D
b1110110100110 d
#1118
b1110100100000 D
b1110100100000 d
#1119
b1110011100010 D
b1110011100010 d
#1120
b1110100100101 D
b1110100100101 d
#1121
b1110111100011 D
b1110111100011 d
#1122
b1111011011111 D
b1111011011111 d
#1123
b10000000011111 D
b10000000011111 d
#1124
b10000101111110 D
b10000101111110 d
#1125
b10001010001111 D
b10001010001111 d
#1126
b10001100101100 D
b10001100101100 d
#1127
b10001011001010 D
b10001011001010 d
#1128
b10001010010011 D
b10001010010011 d
#1129
b10001000011110 D
b10001000011110 d
#1130
b10000011111111 D
b10000011111111 d
#1131
b1111101010011 D
b1111101010011 d
#1132
b1111001000101 D
b1111001000101 d
#1133
b1110101111000 D
b1110101111000 d
#1134
b1110011110101 D
b1110011110101 d
#1135
b1110011111010 D
b1110011111010 d
#1136
b1110101011011 D
b1110101011011 d
#1137
b1111001010111 D
b1111001010111 d
#1138
b1111110010000 D
b1111110010000 d
#1139
b10000011011101 D
b10000011011101 d
#1140
b10001000001001 D
b10001010001001 d
#1141
b10001011100001 D
b10001011100001 d
#1142
b10001110100011 D
b10001111100011 d
#1143
b10001100110111 D
b10001100110111 d
#1144
b10001101110100 D
b10001101110100 d
#1146
b10000101111100 D
b10000101111100 d
#1147
b10101011011100 D
b10000000011100 d
#1148
b1111011110110 D
b1111011110110 d
#1149
b1110111110001 D
b1110111110001 d
#1150
b1110100011010 D
b1110100011010 d
#1151
b1110011011110 D
b1110011011110 d
#1152
b1110100100001 D
b1110100100001 d
#1153
b1110111000011 D
b1110111000011 d
#1154
b1111011010111 D
b1111011010111 d
#1155
b10000000101001 D
b10000000101001 d
#1156
b10000101010010 D
b10000101010010 d
#1157
b10001001010010 D
b10001001010010 d
#1158
b10001100001101 D
b10001100001101 d
#1159
b10001101001110 D
b10001101001110 d
#1160
b10001011010101 D
b10001011010101 d
#1161
b10000111010010 D
b10000111010010 d
#1162
b10000010111111 D
b10000010111111 d
#1163
b1111110111000 D
b1111110111000 d
#1164
b1111010000011 D
b1111010000011 d
#1165
b1110110000000 D
b1110110000000 d
#1166
b1110011010101 D
b1110011010101 d
#1167
b1110011100011 D
b1110011100011 d
#1168
b1110101101101 D
b1110101101101 d
#1169
b1111000101011 D
b1111000101011 d
#1170
b1111101100010 D
b1111101100010 d
#1171
b10000011010100 D
b10000011010100 d
#1172
b10000111011000 D
b10000111011000 d
#1173
b10001010101110 D
b10001010101110 d
#1174
b10001101000010 D
b10001101000010 d
#1175
b10001100101010 D
b10001100101010 d
#1176
b10001001110110 D
b10001001111110 d
#1177
b10000101110010 D
b10001101110110 d
#1178
b10000101111011 D
b10000101111011 d
#1179
b11111101011111 D
b11111101011111 d
#1180
b1111111111101 D
b1111111111101 d
#1181
b1110111111101 D
b1110111111101 d
#1183
b1110011011111 D
b1110011011111 d
#1184
b1110111101110 D
b1110111101110 d
#1185
b1110110011101 D
b1110110011101 d
#1186
b1111011000100 D
b1111011000100 d
#1187
b10000000010011 D
b10000000010011 d
#1188
b10000101000010 D
b10000101000010 d
#1189
b10001000011101 D
b10001000011101 d
#1190
b10001011111101 D
b10001011111101 d
#1191
b10001101000010 D
b10001101000010 d
#1192
b10001011100001 D
b10001011100001 d
#1193
b10001000001010 D
b10001000001010 d
#1194
b10000011111001 D
b10000011111001 d
#1195
b1111110100111 D
b1111110100111 d
#1196
b1111010011001 D
b1111010011001 d
#1197
b1110101111111 D
b1110101111111 d
#1198
b1110011101011 D
b1110011101011 d
#1199
b1110011100100 D
b1110011100100 d
#1200
b1110101001011 D
b1110101001011 d
#1201
b1111000101110 D
b1111000101110 d
#1202
b1111100111101 D
b1111100111101 d
#1203
b10000001110111 D
b10000001110111 d
#1204
b10000111001000 D
b10000111001000 d
#1205
b10001011010011 D
b10001011010011 d
#1206
b10001100001011 D
b10001100001011 d
#1207
b10001100010101 D
b10001100010101 d
#1208
b10001010000111 D
b10001010000111 d
#1209
b10000110010110 D
b10000110010110 d
#1210
b10000001110111 D
b10000001110111 d
#1211
b1111100110001 D
b1111100110001 d
#1212
b1111000111100 D
b1111000111101 d
#1213
b1111101001101 D
b1111101011101 d
#1214
b1110111001111 D
b1110111001111 d
#1215
b1110111000111 D
b1110111000111 d
#1216
b1110110011110 D
b1110110011110 d
#1217
b1111110011110 D
b1111110011110 d
#1218
b1111111101110 D
b1111111101110 d
#1219
b1111111100010 D
b1111111100010 d
#1220
b10000100010101 D
b10000100010101 d
#1221
b10001001110000 D
b10001000110000 d
#1222
b10001011100111 D
b10001011100111 d
#1223
b10001100101101 D
b10001100101101 d
#1224
b10001011100010 D
b10001011100010 d
#1225
b10001000111000 D
b10001000111000 d
#1226
b10000100100000 D
b10000100100000 d
#1227
b1111111011111 D
b1111111011111 d
#1228
b1111010010111 D
b1111010010111 d
#1229
b1110110110100 D
b1110110110100 d
#1230
b1110100100101 D
b1110100100101 d
#1231
b1110011010011 D
b1110011010011 d
#1232
b1110100110111 D
b1110100110111 d
#1233
b1111000001100 D
b1111000001100 d
#1234
b1111100101010 D
b1111100101010 d
#1235
b10000010010010 D
b10000010010010 d
#1236
b10000110011011 D
b10000110011011 d
#1237
b10001010001010 D
b10001010001010 d
#1238
b10001100011011 D
b10001100011011 d
#1239
b10001100010010 D
b10001100010010 d
#1240
b10001011000111 D
b10001011000111 d
#1241
b10000111010101 D
b10000111010101 d
#1242
b10000001110110 D
b10000001110110 d
#1243
b1111100011010 D
b1111100011010 d
#1244
b1111000110110 D
b1111000110110 d
#1245
b1110110000011 D
b1110110000011 d
#1246
b1110011100100 D
b1110011100100 d
#1247
b1110011010100 D
b1110011110100 d
#1248
b1110101110010 D
b1110111110010 d
#1249
b1111010110010 D
b1111111110010 d
#1250
b1111111010010 D
b1111111010010 d
#1251
b11111111001100 D
b11111111001100 d
#1252
b10001100001111 D
b10001100001111 d
#1253
b10001010111111 D
b10001010111111 d
#1254
b10001110111110 D
b10001110111110 d
#1255
b10001100111010 D
b10001100111010 d
#1256
b10001101110110 D
b10001100110010 d
#1257
b10001001010100 D
b10001001010100 d
#1258
b10000100011001 D
b10000100011001 d
#1259
b1111111011001 D
b1111111011001 d
#1260
b1111010111100 D
b1111010111100 d
#1261
b1110110110010 D
b1110110110010 d
#1262
b1110101000001 D
b1110101000001 d
#1263
b1110011100011 D
b1110011100011 d
#1264
b1110100111111 D
b1110100111111 d
#1265
b1110111101100 D
b1110111101100 d
#1266
b1111100011111 D
b1111100011111 d
#1267
b10000001011001 D
b10000001011001 d
#1268
b10000110000110 D
b10000110000110 d
#1269
b10001010011010 D
b10001010011010 d
#1270
b10001100001100 D
b10001100001100 d
#1271
b10001100001111 D
b10001100001111 d
#1272
b10001011000001 D
b10001011000001 d
#1273
b10000111011010 D
b10000111011010 d
#1274
b10000011000010 D
b10000011000010 d
#1275
b1111101101001 D
b1111101101001 d
#1276
b1111000110000 D
b1111000110000 d
#1277
b1110101100111 D
b1110101100111 d
#1278
b1110011111001 D
b1110011111001 d
#1279
b1110011110011 D
b1110011110011 d
#1280
b1110101110001 D
b1110101110001 d
#1281
b1111001001010 D
b1111001001010 d
#1282
b1111110010010 D
b1111110010010 d
#1283
b10000011010011 D
b10111011010011 d
#1284
b10001000010010 D
b10001011010011 d
#1285
b10001011111001 D
b10001011111001 d
#1286
b10001111101001 D
b10001111101001 d
#1287
b10001111011111 D
b10001111011111 d
#1288
b10001011011110 D
b10001011011110 d
#1289
b10001111011011 D
b10001111011011 d
#1290
b10000101111011 D
b10000101011011 d
#1291
b10100001110111 D
b10000000110011 d
#1292
b1111011011111 D
b1111011011111 d
#1293
b1110111000110 D
b1110111000110 d
#1294
b1110100101101 D
b1110100101101 d
#1295
b1110011110100 D
b1110011110100 d
#1296
b1110100010110 D
b1110100010110 d
#1297
b1110111011101 D
b1110111011101 d
#1298
b1111011000001 D
b1111011000001 d
#1299
b10000001001000 D
b10000001001000 d
#1300
b10000110000001 D
b10000110000001 d
#1301
b10001001100111 D
b10001001100111 d
#1302
b10001100010011 D
b10001100010011 d
#1303
b10001100101101 D
b10001100101101 d
#1304
b10001010101110 D
b10001010101110 d
#1305
b10001000001110 D
b10001000001110 d
#1306
b10000011010001 D
b10000011010001 d
#1307
b1111110010001 D
b1111110010001 d
#1308
b1111001111001 D
b1111001111001 d
#1309
b1110101101100 D
b1110101101100 d
#1310
b1110011101001 D
b1110011101001 d
#1311
b1110100000010 D
b1110100000010 d
#1312
b1110101101011 D
b1110101101011 d
#1313
b1111000100110 D
b1111000100110 d
#1314
b1111101110001 D
b1111101110001 d
#1315
b10000011001111 D
b10000011001111 d
#1316
b10001000000110 D
b10001000000110 d
#1317
b10001010101001 D
b10001010101001 d
#1318
b10001100011001 D
b10001100111001 d
#1319
b10001011111011 D
b10001011111011 d
#1320
b10001001111000 D
#1321
b10001110111000 D
b10001111111000 d
#1322
b10000110110010 D
b10000110110010 d
#1323
b11111011111011 D
b10111011111011 d
#1324
b1111111111011 D
b1111111111011 d
#1325
b1110111101001 D
b1110111101001 d
#1326
b1110100101010 D
b1110100101010 d
#1327
b1110100001110 D
b1110100000110 d
#1328
b1110110001100 D
b1110100001100 d
#1329
b1110110011111 D
b1110110011111 d
#1330
b1111011001011 D
b1111011001011 d
#1331
b10000000011001 D
b10000000011001 d
#1332
b10000101000110 D
b10000101000110 d
#1333
b10001001010100 D
b10001001010100 d
#1334
b10001011111110 D
b10001011111110 d
#1335
b10001100110100 D
b10001100110100 d
#1336
b10001011000111 D
b10001011000111 d
#1337
b10001000001110 D
b10001000001110 d
#1338
b10000100000010 D
b10000100000010 d
#1339
b1111110111000 D
b1111110111000 d
#1340
b1111001100100 D
b1111001100100 d
#1341
b1110110011010 D
b1110110011010 d
#1342
b1110100000001 D
b1110100000001 d
#1343
b1110011001110 D
b1110011001110 d
#1344
b1110101000001 D
b1110101000001 d
#1345
b1111000101100 D
b1111000101100 d
#1346
b1111101011100 D
b1111101011100 d
#1347
b10000010100111 D
b10000010100111 d
#1348
b10000110111010 D
b10000110111010 d
#1349
b10001010101111 D
b10001010101111 d
#1350
b10001100011100 D
b10001100011100 d
#1351
b10001100001010 D
b10001100001010 d
#1352
b10001001111101 D
b10001001111101 d
#1353
b10000110010010 D
b10000110010010 d
#1354
b10000010000111 D
b10000010000111 d
#1355
b1111100011011 D
b1111110011111 d
#1356
b1111111011101 D
b1111111011101 d
#1357
b1110110111111 D
b1110111111111 d
#1358
b1110111110111 D
b1110111110111 d
#1359
b1110011111111 D
b1110011111111 d
#1360
b1110111111111 D
b1110111111111 d
#1361
b1111110111111 D
b1111110111111 d
#1362
b1111111111101 D
b1111111111101 d
#1363
b1111111001110 D
b1111111001110 d
#1364
b10000100010101 D
b10000100010101 d
#1365
b10001001001011 D
b10001001001011 d
#1366
b10001100010111 D
b10001100010111 d
#1367
b10001100011000 D
b10001100011000 d
#1368
b10001011000111 D
b10001011000111 d
#1369
b10001000100011 D
b10001000100011 d
#1370
b10000100011100 D
b10000100011100 d
#1371
b1111111011100 D
b1111111011100 d
#1372
b1111010101011 D
b1111010101011 d
#1373
b1110101111010 D
b1110101111010 d
#1374
b1110011101100 D
b1110011101100 d
#1375
b1110011100011 D
b1110011100011 d
#1376
b1110101010110 D
b1110101010110 d
#1377
b1111000100001 D
b1111000100001 d
#1378
b1111100010000 D
b1111100010000 d
#1379
b10000000111001 D
b10000000111001 d
#1380
b10000110111000 D
b10000110111000 d
#1381
b10001010111011 D
b10001010111011 d
#1382
b10001100011110 D
b10001100011110 d
#1383
b10001011111011 D
b10001011111011 d
#1384
b10001010010110 D
b10001010010110 d
#1385
b10000110101100 D
b10000110101100 d
#1386
b10000010110000 D
b10000010110000 d
#1387
b1111100111101 D
b1111100111101 d
#1388
b1111000011100 D
b1111000011100 d
#1389
b1110101010001 D
b1110101010001 d
#1390
b1110011101000 D
b1110011101000 d
#1391
b1110100101111 D
b1110111101111 d
#1392
b1110111000111 D
b1110111000111 d
#1393
b1111111100011 D
b1111111100011 d
#1394
b1111111110001 D
b1111111110001 d
#1395
b11111110111101 D
b1111110111101 d
#1396
b10001101101101 D
b10001101101101 d
#1397
b10001011110111 D
b10001011110111 d
#1398
b10001111110111 D
b10001111110110 d
#1399
b10001100110111 D
b10001100100111 d
#1400
b10001101010011 D
b10001100010011 d
#1401
b10001001000110 D
b10001001000110 d
#1402
b10000100110010 D
b10000100110010 d
#1403
b10000000000100 D
b10000000000100 d
#1404
b1111010101010 D
b1111010101010 d
#1405
b1110110101101 D
b1110110101101 d
#1406
b1110100011011 D
b1110100011011 d
#1407
b1110011001010 D
b1110011001010 d
#1408
b1110100111010 D
b1110100111010 d
#1409
b1110111110111 D
b1110111110111 d
#1410
b1111100001111 D
b1111100001111 d
#1411
b10000001100101 D
b10000001100101 d
#1412
b10000101110111 D
b10000101110111 d
#1413
b10001010000000 D
b10001010000000 d
#1414
b10001100011001 D
b10001100011001 d
#1415
b10001101000101 D
b10001101000101 d
#1416
b10001010110101 D
b10001010110101 d
#1417
b10000111000001 D
b10000111000001 d
#1418
b10000010100001 D
b10000010100001 d
#1419
b1111101101101 D
b1111101101101 d
#1420
b1111001000001 D
b1111001000001 d
#1421
b1110101100010 D
b1110101100010 d
#1422
b1110011011111 D
b1110011011111 d
#1423
b1110011111101 D
b1110011111101 d
#1424
b1110101111111 D
b1110101111111 d
#1425
b1111001110101 D
b1111001110101 d
#1426
b1111101111100 D
b1111101111100 d
#1427
b10010011111001 D
b10111111111101 d
#1428
b10001010111111 D
b10001011111111 d
#1429
b10001011011110 D
b10001011011110 d
#1430
b10001111110010 D
b10001111110010 d
#1431
b10001100100110 D
b10001100100110 d
#1432
b10001101101110 D
b10001101101110 d
#1433
b10001101111010 D
b10001101111010 d
#1434
b10000100110000 D
b10000100110000 d
#1435
b10000000100000 D
b10000000100000 d
#1436
b1111100000011 D
b1111100000011 d
#1437
b1110111001000 D
b1110111001000 d
#1438
b1110011101111 D
b1110011101111 d
#1439
b1110011100001 D
b1110011100001 d
#1440
b1110100100000 D
b1110100100000 d
#1441
b1110111000101 D
b1110111000101 d
#1442
b1111011101010 D
b1111011101010 d
#1443
b10000001000110 D
b10000001000110 d
#1444
b10000101100110 D
b10000101100110 d
#1445
b10001001010101 D
b10001001010101 d
#1446
b10001100000001 D
b10001100000001 d
#1447
b10001100111001 D
b10001100111001 d
#1448
b10001011010100 D
b10001011010100 d
#1449
b10000111011010 D
b10000111011010 d
#1450
b10000011000100 D
b10000011000100 d
#1451
b1111110101010 D
b1111110101010 d
#1452
b1111010010001 D
b1111010010001 d
#1453
b1110101100101 D
b1110101100101 d
#1454
b1110011010010 D
b1110011010010 d
#1455
b1110011111010 D
b1110011111010 d
#1456
b1110101101001 D
b1110101101001 d
#1457
b1111000111000 D
b1111000111000 d
#1458
b1111110001010 D
b1111110001010 d
#1459
b10000010110101 D
b10000010110101 d
#1460
b10000111101100 D
b10000111101100 d
#1461
b10001010111101 D
b10001010111101 d
#1462
b10001100110011 D
b10001100111011 d
#1463
b10001100101111 D
b10001100111111 d
#1464
b10001101101101 D
b10001101101101 d
#1465
b10001101111101 D
b10001101111101 d
#1466
b10000101111111 D
b10000101111111 d
#1467
b10111100111111 D
b10111100111111 d
#1468
b1111111011110 D
b1111111010110 d
#1469
b1110111011111 D
b1110111011101 d
#1470
b1110111111110 D
b1110101111110 d
#1471
b1110111011011 D
b1110011001011 d
#1472
b1110100011011 D
b1110100011011 d
#1473
b1110111000101 D
b1110111000101 d
#1474
b1111010111001 D
b1111010111001 d
#1475
b10000000010101 D
b10000000010101 d
#1476
b10000101000110 D
b10000101000110 d
#1477
b10001001100001 D
b10001001100001 d
#1478
b10001100010111 D
b10001100010111 d
#1479
b10001100001100 D
b10001100001100 d
#1480
b10001010111011 D
b10001010111011 d
#1481
b10001000100100 D
b10001000100100 d
#1482
b10000011111111 D
b10000011111111 d
#1483
b1111110011100 D
b1111110011100 d
#1484
b1111001010110 D
b1111001010110 d
#1485
b1110110100001 D
b1110110100001 d
#1486
b1110011111111 D
b1110011111111 d
#1487
b1110011011110 D
b1110011011110 d
#1488
b1110100111011 D
b1110100111011 d
#1489
b1111000100001 D
b1111000100001 d
#1490
b1111101010010 D
b1111101010010 d
#1491
b10000010111011 D
b10000010111011 d
#1492
b10000111000011 D
b10000111000011 d
#1493
b10001010110101 D
b10001010110101 d
#1494
b10001100001101 D
b10001100001101 d
#1495
b10001100001011 D
b10001100001011 d
#1496
b10001010010000 D
b10001010010000 d
#1497
b10000110100110 D
b10000110100110 d
#1498
b10000001111011 D
b10000011111011 d
#1499
b1111100001011 D
b11111101011011 d
#1500
b1111111001111 D
b1111111001111 d
#1501
b1110111011101 D
b1110111011101 d
#1502
b1110111110101 D
b1110111110101 d
#1503
b1110011110001 D
b1110011110001 d
#1504
b1110111011010 D
b1110111011010 d
#1505
b1111110111011 D
b1111110011011 d
#1506
b1111010111011 D
b1111010111011 d
#1507
b10000100000000 D
b10000000000000 d
#1508
b10000100100010 D
b10000100100010 d
#1509
b10001000110010 D
b10001000110010 d
#1510
b10001011100010 D
b10001011100010 d
#1511
b10001101000101 D
b10001101000101 d
#1512
b10001011101010 D
b10001011101010 d
#1513
b10001000011100 D
b10001000011100 d
#1514
b10000100011010 D
b10000100011010 d
#1515
b1111111000011 D
b1111111000011 d
#1516
b1111010010111 D
b1111010010111 d
#1517
b1110110110010 D
b1110110110010 d
#1518
b1110011101100 D
b1110011101100 d
#1519
b1110010110100 D
b1110010110100 d
#1520
b1110101000110 D
b1110101000110 d
#1521
b1111001000000 D
b1111001000000 d
#1522
b1111100111101 D
b1111100111101 d
#1523
b10000001101101 D
b10000001101101 d
#1524
b10000110110100 D
b10000110110100 d
#1525
b10001010110011 D
b10001010110011 d
#1526
b10001100100100 D
b10001100100100 d
#1527
b10001011011110 D
b10001011011110 d
#1528
b10001011010011 D
b10001011010011 d
#1529
b10000111101101 D
b10000111101101 d
#1530
b10000001110000 D
b10000001110000 d
#1531
b1111100110010 D
b1111100110010 d
#1532
b1111000101010 D
b1111000101010 d
#1533
b1110100011001 D
b1110100111001 d
#1534
b1110011011011 D
b1110011011011 d
#1535
b1110110010011 D
b1110111010011 d
#1536
b1110110011110 D
b1110110011110 d
#1537
b1111110011111 D
b1111110011111 d
#1538
b1111110111111 D
b1111110111111 d
#1539
b1111111110111 D
b1111110110111 d
#1540
b10001011111110 D
b10001011111110 d
#1541
b10001011111111 D
#1542
b10001111111001 D
b10001011111001 d
#1543
b10001101011010 D
b10001100011010 d
#1544
b10001011110110 D
b10001011110110 d
#1545
b10001000111100 D
b10001000111100 d
#1546
b10000100111011 D
b10000100111011 d
#1547
b1111111111101 D
b1111111111101 d
#1548
b1111010111100 D
b1111010111100 d
#1549
b1110101111110 D
b1110101111110 d
#1550
b1110011110110 D
b1110011110110 d
#1551
b1110011111010 D
b1110011111010 d
#1552
b1110101011110 D
b1110101011110 d
#1553
b1110111110101 D
b1110111110101 d
#1554
b1111100000100 D
b1111100000100 d
#1555
b10000001110011 D
b10000001110011 d
#1556
b10000110000111 D
b10000110000111 d
#1557
b10001010100100 D
b10001010100100 d
#1558
b10001100110101 D
b10001100110101 d
#1559
b10001100001011 D
b10001100001011 d
#1560
b10001010010011 D
b10001010010011 d
#1561
b10000111001000 D
b10000111001000 d
#1562
b10000010100100 D
b10000010100100 d
#1563
b1111101011101 D
b1111101011101 d
#1564
b1111000110010 D
b1111000110010 d
#1565
b1110101010010 D
b1110101010010 d
#1566
b1110011011101 D
b1110011011101 d
#1567
b1110011110010 D
b1110011110010 d
#1568
b1110110001000 D
b1110110001000 d
#1569
b1111001110000 D
b1111001111000 d
#1570
b1111101111010 D
b1111101111010 d
#1571
b10111111111011 D
b11111111111011 d
#1572
b10001011111111 D
b10001011111111 d
#1573
b10001011011111 D
b10001011011111 d
#1574
b10001111011111 D
b10001111011111 d
#1575
b10001111111111 D
b10001111111111 d
#1576
b10001011111111 D
b10001011111111 d
#1577
b10001101011110 D
b10001101011110 d
#1578
b10000101010110 D
b10000101010110 d
#1579
b10000000010101 D
b10000000010101 d
#1580
b1111011001001 D
b1111011001001 d
#1581
b1110111001110 D
b1110111001110 d
#1582
b1110100001101 D
b1110100001101 d
#1583
b1110011010001 D
b1110011010001 d
#1584
b1110100110011 D
b1110100110011 d
#1585
b1110111110101 D
b1110111110101 d
#1586
b1111011111000 D
b1111011111000 d
#1587
b10000000100011 D
b10000000100011 d
#1588
b10000101110101 D
b10000101110101 d
#1589
b10001010010010 D
b10001010010010 d
#1590
b10001100001111 D
b10001100001111 d
#1591
b10001100101010 D
b10001100101010 d
#1592
b10001010110010 D
b10001010110010 d
#1593
b10000110111111 D
b10000110111111 d
#1594
b10000011011111 D
b10000011011111 d
#1595
b1111110001110 D
b1111110001110 d
#1596
b1111001010000 D
b1111001010000 d
#1597
b1110101011111 D
b1110101011111 d
#1598
b1110011010011 D
b1110011010011 d
#1599
b1110011101010 D
b1110011101010 d
#1600
b1110101100010 D
b1110101100010 d
#1601
b1111001001111 D
b1111001001111 d
#1602
b1111110011110 D
b1111110011110 d
#1603
b10000011001100 D
b10000011001100 d
#1604
b10000111000100 D
b10000111000100 d
#1605
b10001011011001 D
b10001011011001 d
#1606
b10001101101111 D
b10001111111111 d
#1607
b10001100110111 D
b10001101110111 d
#1608
b10001101010110 D
b10001101010110 d
#1609
b10001101010010 D
b10001101010010 d
#1610
b10000101010110 D
b10000101010110 d
#1611
b10111101010100 D
b10111101010100 d
#1612
b1111111011000 D
b1111111011000 d
#1613
b1110111100100 D
b1110111100100 d
#1614
b1110111010110 D
b1110100010110 d
#1615
b1110011010000 D
b1110011010000 d
#1616
b1110100100000 D
b1110100100000 d
#1617
b1110111001000 D
b1110111001000 d
#1618
b1111100001000 D
b1111100001000 d
#1619
b10000000111001 D
b10000000111001 d
#1620
b10000100011100 D
b10000100011100 d
#1621
b10001001011100 D
b10001001011100 d
#1622
b10001101001011 D
b10001101001011 d
#1623
b10001100110001 D
b10001100110001 d
#1624
b10001010100010 D
b10001010100010 d
#1625
b10000111010110 D
b10000111010110 d
#1626
b10000011101101 D
b10000011101101 d
#1627
b1111111001000 D
b1111111001000 d
#1628
b1111001100111 D
b1111001100111 d
#1629
b1110101011111 D
b1110101011111 d
#1630
b1110011011101 D
b1110011011101 d
#1631
b1110011001111 D
b1110011001111 d
#1632
b1110101011110 D
b1110101011110 d
#1633
b1111001011001 D
b1111001011001 d
#1634
b1111101011010 D
b1111101011010 d
#1635
b10000010100010 D
b10000010100010 d
#1636
b10000111011001 D
b10000111011001 d
#1637
b10001010111110 D
b10001010111110 d
#1638
b10001100110011 D
b10001100110011 d
#1639
b10001011111101 D
b10001011111101 d
#1640
b10001001110010 D
b10001001110010 d
#1641
b10000101111101 D
b10001101111111 d
#1642
b10000001111001 D
b10000001111001 d
#1643
b1111100011001 D
b11111101011001 d
#1644
b1111111110001 D
b1111111110001 d
#1645
b1110111101101 D
b1110111101101 d
#1646
b1110111011111 D
b1110111011111 d
#1647
b1110011111111 D
b1110011111111 d
#1648
b1110111111101 D
b1110111111101 d
#1649
b1111111101000 D
b1110110101000 d
#1650
b1111011000011 D
b1111011000011 d
#1651
b10000000001111 D
b10000000001111 d
#1652
b10000100110000 D
b10000100110000 d
#1653
b10001001000001 D
b10001001000001 d
#1654
b10001011101000 D
b10001011101000 d
#1655
b10001100101011 D
b10001100101011 d
#1656
b10001011001111 D
b10001011001111 d
#1657
b10001000010000 D
b10001000010000 d
#1658
b10000100001101 D
b10000100001101 d
#1659
b1111111011101 D
b1111111011101 d
#1660
b1111010000001 D
b1111010000001 d
#1661
b1110101100100 D
b1110101100100 d
#1662
b1110011011111 D
b1110011011111 d
#1663
b1110011011110 D
b1110011011110 d
#1664
b1110101110100 D
b1110101110100 d
#1665
b1111000101110 D
b1111000101110 d
#1666
b1111101000100 D
b1111101000100 d
#1667
b10000010010101 D
b10000010010101 d
#1668
b10000110100100 D
b10000110100100 d
#1669
b10001010011101 D
b10001010011101 d
#1670
b10001100011111 D
b10001100011111 d
#1671
b10001100110001 D
b10001100110001 d
#1672
b10001010101000 D
b10001010101000 d
#1673
b10000101110010 D
b10000101110010 d
#1674
b10000001101011 D
b10000001101011 d
#1675
b1111101010101 D
b1111101010101 d
#1676
b1111000100101 D
b1111000100101 d
#1677
b1110101100010 D
b1111101100011 d
#1678
b1110011010011 D
b1110111010011 d
#1679
b1110011111111 D
b1110011111111 d
#1680
b1110111111101 D
b1110111111101 d
#1681
b1111111111010 D
b1111111111010 d
#1682
b1111111011110 D
b1111111011110 d
#1684
b10001100011111 D
b10001100011111 d
#1686
b10001100000010 D
b10001100000010 d
#1687
b10001100111111 D
b10001100111111 d
#1688
b10001011111101 D
b10001011111101 d
#1689
b10001000110000 D
b10001000110000 d
#1690
b10000011110100 D
b10000011110100 d
#1691
b1111111010110 D
b1111111010110 d
#1692
b1111010111010 D
b1111010111010 d
#1693
b1110110110011 D
b1110110110011 d
#1694
b1110100000111 D
b1110100000111 d
#1695
b1110010111111 D
b1110010111111 d
#1696
b1110100011010 D
b1110100011010 d
#1697
b1111000010101 D
b1111000010101 d
#1698
b1111100111001 D
b1111100111001 d
#1699
b10000001111100 D
b10000001111100 d
#1700
b10000110011000 D
b10000110011000 d
#1701
b10001010001110 D
b10001010001110 d
#1702
b10001100010011 D
b10001100010011 d
#1703
b10001100101110 D
b10001100101110 d
#1704
b10001010101011 D
b10001010101011 d
#1705
b10000111000110 D
b10000111000110 d
#1706
b10000010010000 D
b10000010010000 d
#1707
b1111101010001 D
b1111101010001 d
#1708
b1111001001100 D
b1111001001100 d
#1709
b1110101001101 D
b1110101001101 d
#1710
b1110011001111 D
b1110011001111 d
#1711
b1110011111010 D
b1110011111010 d
#1712
b1110110001111 D
b1110110101111 d
#1713
b1111010001011 D
b1111010001011 d
#1714
b1111111000011 D
b1111111000011 d
#1715
b11111111111110 D
b11111111111110 d
#1716
b10001011111110 D
b10001011111110 d
#1717
b10001011101111 D
b10001011101111 d
#1718
b10001111111111 D
b10001111111111 d
#1719
b10001100110011 D
b10001100110011 d
#1720
b10001101001111 D
b10001101000111 d
#1721
b10001101001101 D
b10001001001101 d
#1722
b10000100100111 D
b10000100100111 d
#1723
b1111111111001 D
b1111111111001 d
#1724
b1111011001001 D
b1111011001001 d
#1725
b1110111010011 D
b1110111010011 d
#1726
b1110100000101 D
b1110100000101 d
#1727
b1110011001101 D
b1110011001101 d
#1728
b1110100110000 D
b1110100110000 d
#1729
b1110111011011 D
b1110111011011 d
#1730
b1111011111011 D
b1111011111011 d
#1731
b10000001011101 D
b10000001011101 d
#1732
b10000101111100 D
b10000101111100 d
#1733
b10001010000101 D
b10001010000101 d
#1734
b10001100011010 D
b10001100011010 d
#1735
b10001100000001 D
b10001100000001 d
#1736
b10001010111011 D
b10001010111011 d
#1737
b10000111001110 D
b10000111001110 d
#1738
b10000011100100 D
b10000011100100 d
#1739
b1111101100111 D
b1111101100111 d
#1740
b1111000100100 D
b1111000100100 d
#1741
b1110101111011 D
b1110101111011 d
#1742
b1110011101110 D
b1110011101110 d
#1744
b1110101100110 D
b1110101100110 d
#1745
b1111001010010 D
b1111001010010 d
#1746
b1111110010111 D
b1111110010111 d
#1747
b10000011111100 D
b10000011111100 d
#1748
b10001000101011 D
b10001000101011 d
#1749
b10001011001010 D
b10001011001011 d
#1750
b10001110001010 D
b10001111001010 d
#1751
b10001111111110 D
b10001111111110 d
#1752
b10001011111111 D
b10001011111111 d
#1753
b10001101111111 D
b10001101111111 d
#1754
b10000101100111 D
b10000101100111 d
#1755
b10111011100111 D
b10100011100111 d
#1756
b1111011100110 D
b1111011100110 d
#1757
b1110111101011 D
b1110110101011 d
#1758
b1110101001000 D
b1110101001000 d
#1759
b1110011010011 D
b1110011010011 d
#1760
b1110011010010 D
b1110011010010 d
#1761
b1110111100111 D
b1110111100111 d
#1762
b1111100000110 D
b1111100000110 d
#1763
b10000000111001 D
b10000000111001 d
#1764
b10000101111011 D
b10000101111011 d
#1765
b10001000100111 D
b10001000100111 d
#1766
b10001100001100 D
b10001100001100 d
#1767
b10001101101100 D
b10001101101100 d
#1768
b10001010110110 D
b10001010110110 d
#1769
b10000111111100 D
b10000111111100 d
#1770
b10000010111001 D
b10000010111001 d
#1771
b1111101011010 D
b1111101011010 d
#1772
b1111010100111 D
b1111010100111 d
#1773
b1110101111101 D
b1110101111101 d
#1774
b1110011001001 D
b1110011001001 d
#1775
b1110100000110 D
b1110100000110 d
#1776
b1110101000001 D
b1110101000001 d
#1777
b1111001011010 D
b1111001011010 d
#1778
b1111110100101 D
b1111110100101 d
#1779
b10000010101111 D
b10000010101111 d
#1780
b10000111110110 D
b10000111110110 d
#1781
b10001010101010 D
b10001010101010 d
#1782
b10001100100000 D
b10001100100000 d
#1783
b10001100010100 D
b10001100010100 d
#1784
b10001001011011 D
b10001001011011 d
#1785
b10000110011111 D
b10001111011111 d
#1786
b10000111011110 D
b10000111011110 d
#1787
b11111011011111 D
b11111001011110 d
#1788
b1111111101011 D
b1111111101011 d
#1789
b1110111111011 D
b1110111111011 d
#1790
b1110111010111 D
b1110111010111 d
#1791
b1110111010101 D
b1110111010101 d
#1792
b1110110010100 D
b1110110010100 d
#1793
b1110111101001 D
b1110110101001 d
#1794
b1111011100000 D
b1111011100000 d
#1795
b10000001000010 D
b10000001000010 d
#1796
b10000100001111 D
b10000100001111 d
#1797
b10001001010000 D
b10001001010000 d
#1798
b10001100010001 D
b10001100010001 d
#1799
b10001100001000 D
b10001100001000 d
#1800
b10001011010010 D
b10001011010010 d
#1801
b10001000011110 D
b10001000011110 d
#1802
b10000100010011 D
b10000100010011 d
#1803
b1111110101011 D
b1111110101011 d
#1804
b1111001110000 D
b1111001110000 d
#1805
b1110110010100 D
b1110110010100 d
#1806
b1110011101000 D
b1110011101000 d
#1807
b1110011011100 D
b1110011011100 d
#1808
b1110101100100 D
b1110101100100 d
#1809
b1111001000000 D
b1111001000000 d
#1810
b1111100111101 D
b1111100111101 d
#1811
b10000010110001 D
b10000010110001 d
#1812
b10000111011100 D
b10000111011100 d
#1813
b10001010100101 D
b10001010100101 d
#1814
b10001100100010 D
b10001100100010 d
#1815
b10001100010001 D
b10001100010001 d
#1816
b10001010100101 D
b10001010100101 d
#1817
b10000110011100 D
b10000110011100 d
#1818
b10000001100001 D
b10000001100001 d
#1819
b1111100100111 D
b1111100100111 d
#1820
b1111000110011 D
b1111000110011 d
#1821
b1110101001011 D
b1111101011011 d
#1822
b1110111011111 D
b1110111011111 d
#1823
b1110111010111 D
b1110111010111 d
#1824
b1110110110111 D
b1110110110111 d
#1825
b1111110110111 D
b1111110110111 d
#1826
b1111111011101 D
b1111111011101 d
#1827
b1111111001101 D
b1111111001101 d
#1828
b10001101001100 D
b10000101001100 d
#1829
b10001011101100 D
b10001000101100 d
#1830
b10001011011110 D
b10001011011110 d
#1831
b10001101000001 D
b10001101000001 d
#1832
b10001011100111 D
b10001011100111 d
#1833
b10001000101011 D
b10001000101011 d
#1834
b10000100010010 D
b10000100010010 d
#1835
b1111111100000 D
b1111111100000 d
#1836
b1111010100000 D
b1111010100000 d
#1837
b1110110101001 D
b1110110101001 d
#1838
b1110011110110 D
b1110011110110 d
#1839
b1110011001011 D
b1110011001011 d
#1840
b1110101000011 D
b1110101000011 d
#1841
b1111000011111 D
b1111000011111 d
#1842
b1111100111001 D
b1111100111001 d
#1843
b10000001100110 D
b10000001100110 d
#1844
b10000110010011 D
b10000110010011 d
#1845
b10001010111010 D
b10001010111010 d
#1846
b10001100100110 D
b10001100100110 d
#1847
b10001100101000 D
b10001100101000 d
#1848
b10001010101011 D
b10001010101011 d
#1849
b10000110101000 D
b10000110101000 d
#1850
b10000010100011 D
b10000010100011 d
#1851
b1111100101110 D
b1111100101110 d
#1852
b1110111111101 D
b1110111111101 d
#1853
b1110101110001 D
b1110101110001 d
#1854
b1110011100000 D
b1110011100000 d
#1855
b1110010111001 D
b1110010111001 d
#1856
b1110110101111 D
b1110110101111 d
#1857
b1111010100111 D
b1111110100111 d
#1858
b1111111101101 D
b1111111101101 d
#1859
b11111111111011 D
b11111111111011 d
#1860
b10000111110011 D
b10000111110011 d
#1861
b10001111111111 D
b10001111111111 d
#1862
b10001111011111 D
b10001111011111 d
#1863
b10001101011010 D
b10001101010010 d
#1864
b10001101011010 d
#1865
b10001101010010 D
b10001001010010 d
#1866
b10000100010010 D
b10000100010010 d
#1867
b10000000000101 D
b10000000000101 d
#1868
b1111011101101 D
b1111011101101 d
#1869
b1110111000100 D
b1110111000100 d
#1870
b1110100011111 D
b1110100011111 d
#1871
b1110010111000 D
b1110010111000 d
#1872
b1110100011001 D
b1110100011001 d
#1873
b1111000001000 D
b1111000001000 d
#1874
b1111100011111 D
b1111100011111 d
#1875
b10000001101011 D
b10000001101011 d
#1876
b10000110000101 D
b10000110000101 d
#1877
b10001001101100 D
b10001001101100 d
#1878
b10001100100000 D
b10001100100000 d
#1879
b10001100110111 D
b10001100110111 d
#1880
b10001001111100 D
b10001001111100 d
#1881
b10000110110010 D
b10000110110010 d
#1882
b10000011010111 D
b10000011010111 d
#1883
b1111110011100 D
b1111110011100 d
#1884
b1111001010000 D
b1111001010000 d
#1885
b1110101011101 D
b1110101011101 d
#1886
b1110011001110 D
b1110011001110 d
#1887
b1110011110001 D
b1110011110001 d
#1888
b1110101110000 D
b1110101110000 d
#1889
b1111010000000 D
b1111010000000 d
#1890
b1111101110100 D
b1111101110100 d
#1891
b10000100100010 D
b10111100100010 d
#1892
b10000111100111 D
b10000111100111 d
#1893
b10001010101111 D
b10001111101111 d
#1894
b10001111101111 D
#1895
b10001111111011 D
b10001111111011 d
#1896
b10001011111111 D
b10001011111111 d
#1897
b10001110111110 D
b10001110111110 d
#1898
b10000110100110 D
b10000110100110 d
#1899
b10100000100010 D
b10000000100010 d
#1900
b1111011000001 D
b1111011000001 d
#1901
b1110111010100 D
b1110111010100 d
#1902
b1110100110010 D
b1110100110010 d
#1903
b1110011100000 D
b1110011100000 d
#1904
b1110100000101 D
b1110100000101 d
#1905
b1110110110011 D
b1110110110011 d
#1906
b1111011011101 D
b1111011011101 d
#1907
b10000001100001 D
b10000001100001 d
#1908
b10000101101111 D
b10000101101111 d
#1909
b10001001011111 D
b10001001011111 d
#1910
b10001011111101 D
b10001011111101 d
#1911
b10001100110010 D
b10001100110010 d
#1912
b10001011010111 D
b10001011010111 d
#1913
b10000111110010 D
b10000111110010 d
#1914
b10000010110101 D
b10000010110101 d
#1915
b1111101110011 D
b1111101110011 d
#1916
b1111001011001 D
b1111001011001 d
#1917
b1110101111111 D
b1110101111111 d
#1918
b1110011011001 D
b1110011011001 d
#1919
b1110011010000 D
b1110011010000 d
#1920
b1110100110101 D
b1110100110101 d
#1921
b1111001100000 D
b1111001100000 d
#1922
b1111110010000 D
b1111110010000 d
#1923
b10000011000101 D
b10000011000101 d
#1924
b10000111101010 D
b10000111101010 d
#1925
b10001010011110 D
b10001010011110 d
#1926
b10001100001000 D
b10001100001000 d
#1927
b10001101100100 D
b10001101101100 d
#1928
b10001010111111 D
b10001111111111 d
#1929
b10001110111111 D
b10001110111111 d
#1930
b10000100111101 D
b10000100111101 d
#1931
b11111100010011 D
b10111100010011 d
#1932
b1111111110011 D
b1111111110011 d
#1933
b1110111111011 D
b1110111111011 d
#1934
b1110111001110 D
b1110111001110 d
#1935
b1110011100110 D
b1110011000110 d
#1936
b1110111100100 D
b1110111100100 d
#1937
b1110111000100 D
b1110111000100 d
#1938
b1111011110101 D
b1111011110101 d
#1939
b10000000010100 D
b10000000010100 d
#1940
b10000101000000 D
b10000101000000 d
#1941
b10001001010000 D
b10001001010000 d
#1942
b10001011100111 D
b10001011100111 d
#1943
b10001100100111 D
b10001100100111 d
#1944
b10001011101110 D
b10001011101110 d
#1945
b10001000101001 D
b10001000101001 d
#1946
b10000011101001 D
b10000011101001 d
#1947
b1111101111000 D
b1111101111000 d
#1948
b1111001110100 D
b1111001110100 d
#1949
b1110110101001 D
b1110110101001 d
#1950
b1110011110000 D
b1110011110000 d
#1951
b1110011011011 D
b1110011011011 d
#1952
b1110101001011 D
b1110101001011 d
#1953
b1111001000000 D
b1111001000000 d
#1954
b1111101001110 D
b1111101001110 d
#1955
b10000010110111 D
b10000010110111 d
#1956
b10000111010100 D
b10000111010100 d
#1957
b10001010110110 D
b10001010110110 d
#1958
b10001011111000 D
b10001011111000 d
#1959
b10001100001010 D
b10001100001010 d
#1960
b10001010011111 D
b10001010011111 d
#1961
b10000110110100 D
b10000110110100 d
#1962
b10000001001010 D
b10000001101010 d
#1963
b1111100011000 D
b1111100011010 d
#1964
b1111000001010 D
#1965
b1111100110110 D
b1111100110110 d
#1966
b1110111111111 D
b1110111111111 d
#1967
b1110111011011 D
b1110111011011 d
#1968
b1110110010011 D
b1110110010011 d
#1969
b1111110011111 D
b1111110011110 d
#1970
b1111010101101 D
b1111010101101 d
#1971
b10000101000100 D
b10000101000100 d
#1972
b10000101001010 D
b10000101001010 d
#1973
b10001000111100 D
b10001000111100 d
#1974
b10001011101010 D
b10001011101010 d
#1975
b10001100101101 D
b10001100101101 d
#1976
b10001011101111 D
b10001011101111 d
#1977
b10001001000010 D
b10001001000010 d
#1978
b10000100010000 D
b10000100010000 d
#1979
b1111111010011 D
b1111111010011 d
#1980
b1111010010100 D
b1111010010100 d
#1981
b1110110110001 D
b1110110110001 d
#1982
b1110011110101 D
b1110011110101 d
#1983
b1110011100100 D
b1110011100100 d
#1984
b1110101010010 D
b1110101010010 d
#1985
b1111000001111 D
b1111000001111 d
#1986
b1111100010010 D
b1111100010010 d
#1987
b10000010000100 D
b10000010000100 d
#1988
b10000111001100 D
b10000111001100 d
#1989
b10001010011100 D
b10001010011100 d
#1990
b10001100001000 D
b10001100001000 d
#1991
b10001100010000 D
b10001100010000 d
#1992
b10001010101001 D
b10001010101001 d
#1993
b10000110111110 D
b10000110111110 d
#1994
b10000010011101 D
b10000010011101 d
#1995
b1111100110000 D
b1111100110000 d
#1996
b1111000001010 D
b1111000001010 d
#1997
b1110101100000 D
b1110101100000 d
#1998
b1110011111110 D
b1110011111110 d
#1999
b1110100101100 D
b1110110101110 d
#2000
b1110101111101 D
b1110101111101 d
#2001
b1111101110111 D
b1111101110111 d
#2002
b1111111111110 D
b1111111111110 d
#2003
b11111111011110 D
b1111111011110 d
#2004
b10001101001000 D
b10001101001000 d
#2005
b10001011001111 D
b10001011001111 d
#2006
b10001011111111 D
b10001011111111 d
#2007
b10001011111101 D
b10001011111101 d
#2008
b10001101000110 D
b10001100000110 d
#2009
b10001001000010 D
b10001001000010 d
#2010
b10000101001111 D
b10000101001111 d
#2011
b1111111010110 D
b1111111010110 d
#2012
b1111010011010 D
b1111010011010 d
#2013
b1110110110101 D
b1110110110101 d
#2014
b1110100101001 D
b1110100101001 d
#2015
b1110011011110 D
b1110011011110 d
#2016
b1110100010100 D
b1110100010100 d
#2017
b1110111011000 D
b1110111011000 d
#2018
b1111100101010 D
b1111100101010 d
#2019
b10000001011111 D
b10000001011111 d
#2020
b10000110010011 D
b10000110010011 d
#2021
b10001001110011 D
b10001001110011 d
#2022
b10001011111001 D
b10001011111001 d
#2023
b10001100101101 D
b10001100101101 d
#2024
b10001010111111 D
b10001010111111 d
#2025
b10000111001100 D
b10000111001100 d
#2026
b10000010011010 D
b10000010011010 d
#2027
b1111101100101 D
b1111101100101 d
#2028
b1111000101001 D
b1111000101001 d
#2029
b1110101101011 D
b1110101101011 d
#2030
b1110011100010 D
b1110011100010 d
#2031
b1110011111101 D
b1110011111101 d
#2032
b1110101101100 D
b1110101101100 d
#2033
b1111001100010 D
b1111001100010 d
#2034
b1111110101101 D
b1111110101101 d
#2035
b10000011101100 D
b10111111101101 d
#2036
b10001010101110 D
b10001011101110 d
#2037
b10001011101111 D
b10001011101111 d
#2038
b10001111111111 D
b10001111111111 d
#2039
b10001111111101 D
b10001111111101 d
#2040
b10001011111111 D
b10001011101101 d
#2041
b10001101011110 D
b10001101011110 d
#2042
b10000101011100 D
b10000101011100 d
#2043
b10000000100011 D
b10000000100011 d
#2044
b1111011011110 D
b1111011011110 d
#2045
b1110110110101 D
b1110110110101 d
#2046
b1110100000110 D
b1110100000110 d
#2047
b1110011011001 D
b1110011011001 d
#2048
b1110100011001 D
b1110100011001 d
b100000000000111000111000 #"
1d"
1e"
#2049
b1110111110011 D
b1110111110011 d
b1111111111111111111110010111110000000000000000000000001000000111 #"
#2050
b1111011101101 D
b1111011101101 d
b1111111111111111111111010011101111111111111111111111000010101001 #"
#2051
b10000000111000 D
b10000000111000 d
b1101101010011111111111111111111110100010111 #"
#2052
b10000101011110 D
b10000101011110 d
b1111111111111111111111110101010000000000000000000000000000111011 #"
#2053
b10001010001011 D
b10001010001011 d
b11111000111011111111111111111111011010011110 #"
#2054
b10001100010000 D
b10001100010000 d
b10110000111011111111111111111111111110000110 #"
#2055
b10001100000000 D
b10001100000000 d
b1111111111111111111101001001010011111111111111111111101100111000 #"
#2056
b10001010100000 D
b10001010100000 d
b1111111111111111111111101000000011111111111111111111011010000001 #"
#2057
b10000111101001 D
b10000111101001 d
b10111000110111111111111111111111001110111010 #"
#2058
b10000100101011 D
b10000100101011 d
b10011101011111111111111111111111101010000010 #"
#2059
b1111101101001 D
b1111101101001 d
b1111111111111111111111100110100111111111111111111111110100000001 #"
#2060
b1110111110000 D
b1110111110000 d
b10011000011011111111111111111111100111100001 #"
#2061
b1110101101110 D
b1110101101110 d
b1101011011111111111111111111111111110110011 #"
#2062
b1110100011110 D
b1110100011110 d
b1111111111111111111101111000001011111111111111111111100010110000 #"
#2063
b1110100001001 D
b1110100001001 d
b1111111111111111111111001000110111111111111111111111010101001011 #"
#2064
b1110101110011 D
b1110101110011 d
b10000100100000000000000000000010010110000 #"
#2065
b1111001011100 D
b1111001011100 d
b1111111111111111111111111110011100000000000000000000011101000011 #"
#2066
b1111101111110 D
b1111101111110 d
b1010001101111111111111111111111101000100101 #"
#2067
b10000011100001 D
b10000011100001 d
b101101011111111111111111111111111100010111 #"
#2068
b10000111110111 D
b10000111110111 d
b111111100000000000000000000101010011001 #"
#2069
b10001011000100 D
b10001011000100 d
b110101001000000000000000000000011100010000 #"
#2070
b10001100101100 D
b10001100101100 d
b1111111111111111111110010000100011111111111111111111101101100111 #"
#2071
b10001011101010 D
b10001011101010 d
b1111111111111111111111111100001100000000000000000000010011111001 #"
#2072
b10001011111110 D
b10001011111110 d
b1001101100000000000000000000010001011111 #"
#2073
b10001111110111 D
b10001111110111 d
b11010101111111111111111111111111101110101101 #"
#2074
b10000110110011 D
b10000110110011 d
b11000001010100000000000000000000101110101101 #"
#2075
b10110000110000 D
b10100000110000 d
b100111011111111111111111111110000101100 #"
#2076
b1111111001010 D
b1111111001010 d
b1111111111111111111101101000011111111111111111111111111101001111 #"
#2077
b1110111010111 D
b1110111010111 d
b1111111111111111111101110110000111111111111111111111110011111111 #"
#2078
b11111111110111111111111111111110111111011011 #"
#2079
b1110011010000 D
b1110011010000 d
b1111111111111111111111000000110111111111111111111111101000001100 #"
#2080
b1110011111001 D
b1110011111001 d
b101010101000000000000000000000001000000111 #"
#2081
b1110111000011 D
b1110111000011 d
b1100110011000000000000000000000011101010111 #"
#2082
b1111011011100 D
b1111011011100 d
b1111111111111111111011101110000011111111111111111110101010011011 #"
#2083
b10000000000111 D
b10000000000111 d
b1111111111111111111101101010010111111111111111111111101110000111 #"
#2084
b10000101010100 D
b10000101010100 d
b1111111111111111111101101001100111111111111111111111010000101100 #"
#2085
b10001001101000 D
b10001001101000 d
b1101111101011111111111111111111101000001101 #"
#2086
b10001100001010 D
b10001100001010 d
b100001000000000000000000000001010101100110 #"
#2087
b10001100001011 D
b10001100001011 d
b1111111111111111111111010100100011111111111111111111100011101011 #"
#2088
b10001010111111 D
b10001010111111 d
b1111111111111111111011011101001111111111111111111111101111100100 #"
#2089
b10001000011010 D
b10001000011010 d
b1111111111111111111111110001101011111111111111111111111110011000 #"
#2090
b10000011010110 D
b10000011010110 d
b11110111100011111111111111111111011011110100 #"
#2091
b1111110000101 D
b1111110000101 d
b1111111111111111111100111101010011111111111111111111011001110101 #"
#2092
b1111010010100 D
b1111010010100 d
b10110101001100000000000000000001001010000101 #"
#2093
b1110110000110 D
b1110110000110 d
b101011101110000000000000000000001001100111110 #"
#2094
b1110011011101 D
b1110011011101 d
b1111111111111111111111110010100011111111111111111111000111110101 #"
#2095
b1110011101110 D
b1110011101110 d
b100100101110111111111111111111111011110001111 #"
#2096
b1110101011011 D
b1110101011011 d
b101001101101111111111111111111111110000110000 #"
#2097
b1111001000000 D
b1111001000000 d
b1111111111111111111100001101000111111111111111111111101000000101 #"
#2098
b1111101011101 D
b1111101011101 d
b100100111111111111111111111111111011111101010 #"
#2099
b10000010111100 D
b10000010111100 d
b1001111010101111111111111111111111011111101011 #"
#2100
b10000111100111 D
b10000111100111 d
b1111111111111111111111000000001000000000000000000000010011100010 #"
#2101
b10001010101010 D
b10001010101010 d
b100111100000100000000000000000001011001000001 #"
#2102
b10001100000001 D
b10001100000001 d
b1010000101011011111111111111111110001011011011 #"
#2103
b10001100100010 D
b10001100100010 d
b1111111111111111111010110100000111111111111111111111011010010100 #"
#2104
b10001010011011 D
b10001010011011 d
b1111111111111111110011011000110100000000000000000000010001100110 #"
#2105
b10000110001111 D
b10000110001111 d
b10000001111111011111111111111111110010100001101 #"
#2106
b10000001001101 D
b10000001001101 d
b100000100110100000000000000000100001011011111 #"
#2107
b1111100011101 D
b1111101011101 d
b1111111111111111111100011110010000000000000000000011101000100010 #"
#2108
b1111111111111 D
b1111111111111 d
b100010100110000000000000000000001011101100101 #"
#2109
b1110111111110 D
b1110111111110 d
b1111111111111111110000010110110100000000000000000000110111100110 #"
#2110
b1110111110010 D
b1110111110010 d
b1000011010111100000000000000000101111100000011 #"
#2111
b1110111110111 D
b1110111110111 d
b1111111111111111111010000001001111111111111111111100011010000001 #"
#2112
b1110110010101 D
b1110110010101 d
b11001001101111000000000000000001000001100111111 #"
#2113
b1111111011010 D
b1111111011010 d
b1010111111001000000000000001100010010011010010 #"
#2114
b1111011001010 D
b1111011001010 d
b10110010111001111111111111111111000001101101011 #"
#2115
b10000100010001 D
b10000000010001 d
b1111111111111111110111011000101000000000000000000001100101110110 #"
#2116
b10000100111001 D
b10000100111001 d
b111011001010111111111111111111000111110011110 #"
#2117
b10001000101010 D
b10001000101010 d
b1111111111111111101011110111111111111111111111111111010011101101 #"
#2118
b10001011100101 D
b10001011100101 d
b1010001010110011111111111111111101111100110100 #"
#2119
b10001101010000 D
b10001101010000 d
b1111111111111111110100100100100011111111111111111011001110100111 #"
#2120
b10001011101001 D
b10001011101001 d
b1000101001100111111111111111111100000101100100 #"
#2121
b10001000001100 D
b10001000001100 d
b1101010010001000000000000000000001100000011101 #"
#2122
b10000100000011 D
b10000100000011 d
b1111111111111111110011011000000111111111111111111111000000001101 #"
#2123
b1111111001110 D
b1111111001110 d
b101010110000000000000000000001001111110101 #"
#2124
b1111010010100 D
b1111010010100 d
b1100001111011100000000000000000000101000010011 #"
#2125
b1110110011110 D
b1110110011110 d
b100100001111111111111111111111110001101110010 #"
#2126
b1110011100000 D
b1110011100000 d
b1111111111111111111111100011111111111111111111111111011111001001 #"
#2127
b1110011101010 D
b1110011101010 d
b111101100111111111111111111111111100000111101 #"
#2128
b1110101001111 D
b1110101001111 d
b1111100111111111111111111111111010110011100 #"
#2129
b1111000101110 D
b1111000101110 d
b1111111111111111111111000100110011111111111111111111101010100011 #"
#2130
b1111101000111 D
b1111101000111 d
b100011000000111111111111111111111110010001111 #"
#2131
b10000010010001 D
b10000010010001 d
b11001011110111111111111111111111111000010110 #"
#2132
b10000110110001 D
b10000110110001 d
b1101000000000000000000000000001100011101 #"
#2133
b10001010101101 D
b10001010101101 d
b10110000110111111111111111111110001011111101 #"
#2134
b10001100101101 D
b10001100101101 d
b1111111111111111111111100110011011111111111111111110100110010111 #"
#2135
b10001100001000 D
b10001100001000 d
b1111111111111111111101000010111111111111111111111111111000011001 #"
#2136
b10001010010111 D
b10001010010111 d
b11101111110000000000000000000000010000100010 #"
#2137
b10000110010001 D
b10000110010001 d
b1111111111111111111101110011011011111111111111111111111000011101 #"
#2138
b10000001101111 D
b10000001101111 d
b1111111111111111111110110100011011111111111111111111110001000101 #"
#2139
b1111101011000 D
b1111101011000 d
b1111111111111111111111000011100011111111111111111111111101101000 #"
#2140
b1111000011110 D
b1111000011110 d
b1111111111111111111111101111111111111111111111111110100100111101 #"
#2141
b1110100110101 D
b1110100110101 d
b1010011010011111111111111111111111100110111 #"
#2142
b1110011100000 D
b1110011100001 d
b1111111111111111111101111101001011111111111111111111110111101110 #"
#2143
b1110110001111 D
b1110111001111 d
b1111111111111111111111010001111100000000000000000000001101000110 #"
#2144
b1110110011111 D
b1110110011111 d
b1111111111111111111101000010011000000000000000000000011010011100 #"
#2145
b1111110011110 D
b1111110011110 d
b10100110010111111111111111111110111101100010 #"
#2146
b1111111111011 D
b1111111111011 d
b110000101111111111111111111111100100001011 #"
#2147
b1111111100101 D
b1111111100101 d
b1111011111111111111111111010110101110 #"
#2148
b10001100110110 D
b10001100110110 d
b10111110111011111111111111111111111000001110 #"
#2149
b10001011011011 D
b10001011011011 d
b1111111111111111111110110110111111111111111111111111011111011001 #"
#2150
b10001011011001 D
b10001011011001 d
b1011100011111111111111111111011110100010 #"
#2151
b10001101100010 D
b10001100100010 d
b10101111111111111111111111100001101000 #"
#2152
b10001011110000 D
b10001011110000 d
b11101000110011111111111111111111000101010101 #"
#2153
b10001000111111 D
b10001000111111 d
b10010100110011111111111111111111101110010000 #"
#2154
b10000100101010 D
b10000100101010 d
b1111111111111111111111110101111011111111111111111110111010111011 #"
#2155
b1111111101100 D
b1111111101100 d
b11011100011111111111111111111011000110101 #"
#2156
b1111010100011 D
b1111010100011 d
b1111111111111111111111110010111011111111111111111111101011101101 #"
#2157
b1110110101101 D
b1110110101101 d
b101101110111111111111111111111011100010110 #"
#2158
b1110100100111 D
b1110100100111 d
b1001010011111111111111111111111011110100010 #"
#2159
b1110100000000 D
b1110100000000 d
b1111111010011111111111111111111101111010010 #"
#2160
b1110100100100 D
b1110100100100 d
b111000100011111111111111111111110001101001 #"
#2161
b1110111101000 D
b1110111101000 d
b111111001011111111111111111111001110100101 #"
#2162
b1111100010010 D
b1111100010010 d
b1000100111011111111111111111111100111001011 #"
#2163
b10000010001000 D
b10000010001000 d
b100101001000000000000000000000000111100000 #"
#2164
b10000111001101 D
b10000111001101 d
b101001011000000000000000000000000011101111 #"
#2165
b10001001111001 D
b10001001111001 d
b10100001110111111111111111111111101111101010 #"
#2166
b10001011110110 D
b10001011110110 d
b1000010011000000000000000000000001000110011 #"
#2167
b10001100111100 D
b10001100111100 d
b111111111011111111111111111111101011010100 #"
#2168
b10001010110100 D
b10001010110100 d
b10110100000011111111111111111111110101010000 #"
#2169
b10000111000000 D
b10000111000000 d
b1100110111100000000000000000000000000001100 #"
#2170
b10000010100110 D
b10000010100110 d
b10010100111111111111111111111111111111000 #"
#2171
b1111101010011 D
b1111101010011 d
b1111111111111111111111111100000000000000000000000000000010100011 #"
#2172
b1111000011010 D
b1111000011010 d
b10010000011011111111111111111111101011110001 #"
#2173
b1110101100110 D
b1110101100110 d
b10100000011100000000000000000000000111001001 #"
#2174
b1110011101011 D
b1110011101011 d
b101110110111111111111111111111011111001101 #"
#2175
b1110011111010 D
b1110011111010 d
b1011110000111111111111111111111111000011110 #"
#2176
b1110101010011 D
b1110101010011 d
b1111111111111111111111100110111000000000000000000000001101000000 #"
#2177
b1111001100011 D
b1111001100011 d
b10010010011111111111111111111101011101100 #"
#2178
b1111111110011 D
b1111111110011 d
b100111110000000000000000000000001000100101 #"
#2179
b10111110001111 D
b11111111011111 d
b1111001110000000000000000000000001100000100 #"
#2180
b10001100001111 D
b10001100001111 d
b1011000010100000000000000000000001000010001 #"
#2181
b10001010111110 D
b10001010111110 d
b1111111111111111111111101001010111111111111111111111100010101010 #"
#2182
b10001110111110 D
b10001110111110 d
b1000011001011111111111111111111110101011000 #"
#2183
b10001100001100 D
b10001100001100 d
b1111111111111111111110001100011111111111111111111111110101011101 #"
#2184
b10001101011001 D
b10001101011001 d
b10111100011111111111111111111110101110011 #"
#2185
b1011011110100000000000000000000001100101000 #"
#2186
b10000100110010 D
b10000100110010 d
b1000011111011111111111111111111101100101100 #"
#2187
b10000000010001 D
b10000000010001 d
b1101111011111111111111111111111111111100 #"
#2188
b1111011001000 D
b1111011001000 d
b100011111111111111111111100111101111 #"
#2189
b1110111000010 D
b1110111000010 d
b1011010000011111111111111111111111010001001 #"
#2190
b1110100100011 D
b1110100100011 d
b1111111111111111111111100010011011111111111111111111110101100010 #"
#2191
b1110011000101 D
b1110011000101 d
b1111111111111111111111111001010011111111111111111111111011110111 #"
#2192
b1110100100110 D
b1110100100110 d
b10100100100000000000000000000000000001001 #"
#2193
b1111000100110 D
b1111000100110 d
b1100001100011111111111111111111110111010000 #"
#2194
b1111100011010 D
b1111100011010 d
b1011001000111111111111111111111101010100010 #"
#2195
b10000000011010 D
b10000000011010 d
b1001001011111111111111111111111011000001110 #"
#2196
b10000101011111 D
b10000101011111 d
b101111100011111111111111111111111100110011 #"
#2197
b10001001110010 D
b10001001110010 d
b1011011011111111111111111111101111101000 #"
#2198
b10001100001011 D
b10001100001011 d
b11100100111111111111111111111011110111000 #"
#2199
b10001100000010 D
b10001100000010 d
b1110011011111111111111111111100010011011 #"
#2200
b10001011001000 D
b10001011001000 d
b1111010111011111111111111111111111110100010 #"
#2201
b10000111111101 D
b10000111111101 d
b111010101011111111111111111111101011011010 #"
#2202
b10000010111111 D
b10000010111111 d
b1110001001111111111111111111111011001100101 #"
#2203
b1111101110110 D
b1111101110110 d
b1111011111111111111111111111110111101001 #"
#2204
b1111000110001 D
b1111000110001 d
b10001111111111111111111111111100001001010 #"
#2205
b1110101001111 D
b1110101001111 d
b10011100000000000000000000000000110101100 #"
#2206
b1110011100111 D
b1110011100111 d
b1111011111011111111111111111111101110111111 #"
#2207
b1110100001100 D
b1110100001100 d
b1110110101011111111111111111111111001100000 #"
#2208
b1110101101100 D
b1110101101100 d
b1111111111111111111111111010010100000000000000000000001001110010 #"
#2209
b1111001011000 D
b1111001011000 d
b1101101000011111111111111111111111010000001 #"
#2210
b1111101111011 D
b1111101111011 d
b11001010111111111111111111111110101100000 #"
#2211
b10000011000010 D
b10000011000010 d
b111000110111111111111111111111110100000010 #"
#2212
b10000111110000 D
b10000111110000 d
b1111101110100000000000000000000010001001000 #"
#2213
b10001011001111 D
b10001011101111 d
b10111010011111111111111111111110100100110 #"
#2214
b10001100101101 D
b10001110101111 d
b1000110001100000000000000000000001011011011 #"
#2215
b10001011110111 D
b10001111110111 d
b1111111111111111111111111110110111111111111111111111110101010010 #"
#2216
b10001011111110 D
b10001011111110 d
b100000110011111111111111111111101101000101 #"
#2217
b10001111101111 D
b10001111101111 d
b1111111111111111111111100100101011111111111111111111111111001111 #"
#2218
b10000110011111 D
b10000110011111 d
b110010110100000000000000000000000010000100 #"
#2219
b10111011011001 D
b10111011011001 d
b1111111111111111111111010001111000000000000000000000001111001110 #"
#2220
b1111011110101 D
b1111011110101 d
b1111111111111111111111110000000100000000000000000000000111111101 #"
#2221
b1110111011011 D
b1110111011011 d
b110111100000000000000000000000001101110110 #"
#2222
b1110111011111 D
b1110101011011 d
b1111111111111111111111101111000011111111111111111111100100110011 #"
#2223
b1110011011101 D
b1110011011101 d
b1111111111111111111111100111101011111111111111111111110010010011 #"
#2224
b1110100001011 D
b1110100001011 d
b1111111111111111111111111110110100000000000000000000000011111101 #"
#2225
b1110111001101 D
b1110111001101 d
b1111111111111111111111110101111011111111111111111111101010111111 #"
#2226
b1111011111011 D
b1111011111011 d
b1111111111111111111111101100001011111111111111111111111111000110 #"
#2227
b10000000011111 D
b10000000011111 d
b1000010001000000000000000000000000001110110 #"
#2228
b10000101011000 D
b10000101011000 d
b1111111111111111111111110000011111111111111111111111101011000010 #"
#2229
b10001001111101 D
b10001001111101 d
b1111111111111111111110010111000011111111111111111111111000001101 #"
#2230
b10001011110101 D
b10001011110101 d
b1101111001011111111111111111111111101111001 #"
#2231
b10001100100111 D
b10001100100111 d
b110001111111111111111111111101111010110 #"
#2232
b10001010111110 D
b10001010111110 d
b1100000111111111111111111111110011000110 #"
#2233
b10000111111101 D
b10000111111101 d
b110111001111111111111111111111101111100110 #"
#2234
b10000100010001 D
b10000100010001 d
b1000100001011111111111111111111110010011111 #"
#2235
b1111101111101 D
b1111101111101 d
b101000011111111111111111111111111101000010 #"
#2236
b1111001010100 D
b1111001010100 d
b1001100111111111111111111111111111011010110 #"
#2237
b1110110100000 D
b1110110100000 d
b1111111111111111111111010010000100000000000000000000001000000001 #"
#2238
b1110010111110 D
b1110010111110 d
b1111111111111111111110010000110011111111111111111111111001000011 #"
#2239
b1110011010111 D
b1110011010111 d
b10110100100111111111111111111111110000100110 #"
#2240
b1110110000101 D
b1110110000101 d
b11011100011111111111111111111100101100110 #"
#2241
b1111000111110 D
b1111000111110 d
b11000001100111111111111111111111100100100111 #"
#2242
b1111100111011 D
b1111100111011 d
b1111111111111111111110110101011000000000000000000000000101110111 #"
#2243
b10000010101011 D
b10000010101011 d
b1101011101100000000000000000000000111010011 #"
#2244
b10000111111001 D
b10000111111001 d
b10001101000000000000000000000001101101000 #"
#2245
b10001010111111 D
b10001010111111 d
b1000000100000000000000000000000001001111110 #"
#2246
b10001100000011 D
b10001100000011 d
b1111111111111111111111110010011100000000000000000000000110101011 #"
#2247
b10001011111001 D
b10001011111001 d
b1111111111111111111111100111101111111111111111111111110111010011 #"
#2248
b10001010001100 D
b10001010001100 d
b100110011111111111111111111111111010111101 #"
#2249
b10000110100101 D
b10000110101101 d
b101001110011111111111111111111110101000010 #"
#2250
b10000001100010 D
b10000011100011 d
b1101101101011111111111111111111110100100110 #"
#2251
b1111100100010 D
b11111101100010 d
b1001111111111111111111111111111000111010 #"
#2252
b1111111011011 D
b1111111011011 d
b1111111111111111111111101111100111111111111111111111110000010010 #"
#2253
b1110111011011 D
b1110111011011 d
b100001011000000000000000000000001100101111 #"
#2254
b1110111101111 D
b1110111101111 d
b111001101111111111111111111111101001011010 #"
#2255
b1110110110011111111111111111111100000101110 #"
#2256
b1110110111111 D
b1110110111111 d
b1111111111111111111110101100110000000000000000000000010011110100 #"
#2257
b1111110111101 D
b1110110111101 d
b1001000110011111111111111111111111100011000 #"
#2258
b1111010100001 D
b1111010100001 d
b1111111111111111111111111111000000000000000000000000001100110111 #"
#2259
b10000000000101 D
b10000000000101 d
b1110001100000000000000000000000000010000100 #"
#2260
b10000101001010 D
b10000101001010 d
b1111111111111111111111011100001011111111111111111111111001100011 #"
#2261
b10001001100101 D
b10001001100101 d
b100111100000000000000000000100101100100 #"
#2262
b10001100000101 D
b10001100000101 d
b1111111111111111111110010010111111111111111111111111101111001000 #"
#2263
b10001100010001 D
b10001100010001 d
b1111111111111111111111110100000011111111111111111111010100101100 #"
#2264
b10001011001100 D
b10001011001100 d
b111111000100000000000000000000001100111010 #"
#2265
b10001000101011 D
b10001000101011 d
b10101110011111111111111111111111010010110 #"
#2266
b10000100010010 D
b10000100010010 d
b11101011100000000000000000000001001110001 #"
#2267
b1111111000100 D
b1111111000100 d
b11000011100000000000000000000001100100110 #"
#2268
b1111001111111 D
b1111001111111 d
b1111111111111111111111010110100000000000000000000000010101101101 #"
#2269
b1110101011110 D
b1110101011110 d
b11110101000000000000000000000000110110001 #"
#2270
b1110011111111 D
b1110011111111 d
b1111111111111111111111011010000011111111111111111111110110100000 #"
#2271
b1110100000111 D
b1110100000111 d
b1111111111111111111111111100010011111111111111111111111110001010 #"
#2272
b1110101000101 D
b1110101000101 d
b1111111111111111111111110000110000000000000000000000000010100100 #"
#2273
b1111000010100 D
b1111000010100 d
b10011000011111111111111111111101100111001 #"
#2274
b1111101010101 D
b1111101010101 d
b1111111111111111111111111001011000000000000000000000000100001100 #"
#2275
b10000010001101 D
b10000010001101 d
b1000100001011111111111111111111110110011111 #"
#2276
b10000111000001 D
b10000111000001 d
b1000001110111111111111111111111110111001111 #"
#2277
b10001010000101 D
b10001010000101 d
b1000001001011111111111111111111110011101101 #"
#2278
b10001100100111 D
b10001100100111 d
b100111100111111111111111111111110101110101 #"
#2279
b10001100101001 D
b10001100101001 d
b1111111111111111111111110010100011111111111111111111110110111001 #"
#2280
b10001001111001 D
b10001001111001 d
b1111111111111111111111101001111000000000000000000000001000000111 #"
#2281
b10000110011001 D
b10000110011001 d
b1111111111111111111111100011101111111111111111111111111101110111 #"
#2282
b10000001110000 D
b10000001110000 d
b111110011111111111111111111111111010111101 #"
#2283
b1111100111111 D
b1111100111111 d
b1001001111000000000000000000000000010101100 #"
#2284
b1111000001011 D
b1111000101011 d
b10111001011111111111111111111101110100111 #"
#2285
b1110100011110 D
b1110100011110 d
b111101010011111111111111111111110110010110 #"
#2286
b1110011101111 D
b1110111111111 d
b1111111111111111111110111100001011111111111111111111110101011111 #"
#2287
b1110110111101 D
b1110111111101 d
b101010100011111111111111111111111100111111 #"
#2288
b1110110111001 D
b1110110111001 d
b110101010100000000000000000000010010100110 #"
#2289
b1111110111001 D
b1111110111001 d
b111010100011111111111111111111111001010101 #"
#2290
b1111111111111 D
b1111111111101 d
b10011101100000000000000000000000011000011 #"
#2291
b1111111000110 D
b1111111000110 d
b1111111111111111111111111100110111111111111111111111100100001110 #"
#2292
b10001100111000 D
b10000100011000 d
b11110000011111111111111111111110101100110 #"
#2293
b10001100110001 D
b10001100110001 d
b1111111111111111111111000001011111111111111111111111111110000110 #"
#2294
b10001101010001 D
b10001100010001 d
b1111111111111111111111101000100100000000000000000000001011101111 #"
#2295
b10001101000011 D
b10001101000011 d
b1111111111111111111111011100110100000000000000000000000100011000 #"
#2296
b10001011010100 D
b10001011010100 d
b100110110111111111111111111111111001000000 #"
#2297
b10001000011010 D
b10001000011010 d
b1010111000000000000000000000000000000110 #"
#2298
b10000100100011 D
b10000100100011 d
b11110000011111111111111111111111111100110 #"
#2299
b1111111100111 D
b1111111100111 d
b1111111111111111111111111001001111111111111111111111111001010110 #"
#2300
b1111010101100 D
b1111010101100 d
b101101000100000000000000000000000010111000 #"
#2301
b1110110110101 D
b1110110110101 d
b1000110100011111111111111111111110101010010 #"
#2302
b1110011010000 D
b1110011010000 d
b1001110100000000000000000000001001000100 #"
#2303
b1110010111110 D
b1110010111110 d
b1010111101011111111111111111111111000010111 #"
#2304
b1110101010101 D
b1110101010101 d
b10000010110100000000000000000000000011011101 #"
#2305
b1111000011100 D
b1111000011100 d
b1010010110111111111111111111111101001001000 #"
#2306
b1111100100001 D
b1111100100001 d
b1111111111111111111111100100100011111111111111111111110111111110 #"
#2307
b10000001010001 D
b10000001010001 d
b1111111111111111111110111100010111111111111111111111101111110010 #"
#2308
b10000110011001 D
b10000110011001 d
b1111011111111111111111111111110110011000 #"
#2309
b10001010110111 D
b10001010110111 d
b100001010111111111111111111111111110001101 #"
#2310
b10001100101001 D
b10001100101001 d
b1010101100000000000000000000000110100111 #"
#2311
b10001100000011 D
b10001100000011 d
b1100011111111111111111111110100010000 #"
#2312
b10001001111011 D
b10001001111011 d
b100010111011111111111111111111111101101111 #"
#2313
b10000110111101 D
b10000110111101 d
b1111111111111111111111111011101011111111111111111111111111000011 #"
#2314
b10000010111000 D
b10000010111000 d
b1111111111111111111111011110000011111111111111111111111111011001 #"
#2315
b1111101010100 D
b1111101010100 d
b100000011000000000000000000000001001001100 #"
#2316
b1111000010100 D
b1111000010100 d
b110000010100000000000000000000011000011000 #"
#2317
b1110101010000 D
b1110101010000 d
b110011101111111111111111111111110000101111 #"
#2318
b1110011010000 D
b1110011010000 d
b11101100111111111111111111111110010010011 #"
#2319
b1110011111001 D
b1110011111001 d
b11001011111111111111111111111110000101001 #"
#2320
b1110110011010 D
b1110110111010 d
b1111111111111111111110111101010011111111111111111111111001000101 #"
#2321
b1111001111100 D
b1111011111110 d
b110000001111111111111111111111110000100011 #"
#2322
b1111110111010 D
b1111111111110 d
b1111111111111111111110011100110111111111111111111111101111111101 #"
#2323
b11111111111111 D
b11111111111111 d
b10100000111111111111111111111111010000011 #"
#2324
b10001011111111 D
b10001011111111 d
b11101101000000000000000000000000110110000 #"
#2325
b10001010110110 D
b10001010110110 d
b1111011111111111111111111111110110101101 #"
#2326
b10001111111110 D
b10001111111110 d
b101101000111111111111111111111110111111000 #"
#2327
b10001111111011 D
b10001111111011 d
b1111111111111111111111011011001011111111111111111111100000001110 #"
#2328
b10001011100011 D
b10001011100011 d
b1111111111111111111111010011100011111111111111111111111101111110 #"
#2329
b10001100100110 D
b10001100100110 d
b1111111111111111111111100110011111111111111111111111110110010001 #"
#2330
b10000100100100 D
b10000100100100 d
b1110011110111111111111111111111111101000111 #"
#2331
b1111111110001 D
b1111111110001 d
b10000110011111111111111111111111111001100 #"
#2332
b1111010101010 D
b1111010101010 d
b1111111111111111111111110011010011111111111111111111111001110110 #"
#2333
b1110110110110 D
b1110110110110 d
b1111111111111111111111111111110011111111111111111111111111010010 #"
#2334
b1110100010010 D
b1110100010010 d
b1111111111111111111111111011011011111111111111111111111110001100 #"
#2335
b1110011011010 D
b1110011011010 d
b1111111111111111111111011110110111111111111111111111110111010000 #"
#2336
b1110100001011 D
b1110100001011 d
b10010110100000000000000000000001010011100 #"
#2337
b1111000000001 D
b1111000000001 d
b1111111111111111111111010010011111111111111111111111110111111010 #"
#2338
b1111100100000 D
b1111100100000 d
b1111111111111111111111010010101011111111111111111111110111011101 #"
#2339
b10000001000011 D
b10000001000011 d
b10101100000000000000000000000000101001 #"
#2340
b10000110000010 D
b10000110000010 d
b1111111111111111111111100110000011111111111111111111110110100101 #"
#2341
b10001010010001 D
b10001010010001 d
b1111111111111111111110111010110111111111111111111111110110011000 #"
#2342
b10001100010101 D
b10001100010101 d
b1111111111111111111111111000011000000000000000000000000000100110 #"
#2343
b10001100011101 D
b10001100011101 d
b1111111111111111111111000010001011111111111111111111110110010001 #"
#2344
b10001010010001 D
b10001010010001 d
b1111111111111111111111111111011000000000000000000000001110001101 #"
#2345
b10000111000111 D
b10000111000111 d
b1111111111111111111111111000110000000000000000000000000011111010 #"
#2346
b10000011011111 D
b10000011011111 d
b1110101000000000000000000000000010100010 #"
#2347
b1111101101010 D
b1111101101010 d
b1111111111111111111111111001110011111111111111111111111011100101 #"
#2348
b1111000110010 D
b1111000110010 d
b1111111111111111111111110011101011111111111111111111100001111110 #"
#2349
b1110101011100 D
b1110101011100 d
b1111111111111111111110111000100011111111111111111111111001001110 #"
#2350
b1110011101000 D
b1110011101000 d
b110101001011111111111111111111100100011011 #"
#2351
b1110011110101 D
b1110011110101 d
b100111110000000000000000000000000011010100 #"
#2352
b1110101100000 D
b1110101100000 d
b1111111111111111111111111110000111111111111111111111101100101010 #"
#2353
b1111010000010 D
b1111010000010 d
b101100000011111111111111111111100111100100 #"
#2354
b1111110111000 D
b1111110111000 d
b1111111111111111111111011100000111111111111111111111110100111110 #"
#2355
b10000010111111 D
b10000010111111 d
b1111111111111111111111111001001011111111111111111111110010010100 #"
#2356
b10000111111110 D
b10000111111110 d
b10111111011111111111111111111111010101110 #"
#2357
b10001011111110 D
b10001011111110 d
b1111111111111111111111110111111011111111111111111111100111001000 #"
#2358
b10001110101111 D
b10001111111111 d
b10110001100000000000000000000000011111100 #"
#2359
b10001100101111 D
b10001100101111 d
b101011101111111111111111111111101000010110 #"
#2360
b10001101011111 D
b10001101011111 d
b101001111111111111111111111111101110011110 #"
#2361
b10001101011110 D
b10001101011110 d
b1111111111111111111111000001110011111111111111111111111101000001 #"
#2362
b10000101110110 D
b10000101110110 d
b1101010011111111111111111111111110010010 #"
#2363
b10000000110100 D
b10000000110100 d
b1111111111111111111111110101110100000000000000000000000010010111 #"
#2364
b1111011001001 D
b1111011001001 d
b110110101111111111111111111111111010001000 #"
#2365
b1110111010011 D
b1110111010010 d
b111100011011111111111111111111110011010011 #"
#2366
b1110100010011 D
b1110100010011 d
b1111111111111111111111101001111111111111111111111111111110011101 #"
#2367
b1110010101001 D
b1110010101001 d
b11011111111111111111111111100100010111 #"
#2368
b1110100100100 D
b1110100100100 d
b1111111111111111111111111111101111111111111111111111110101001010 #"
#2369
b1110111011011 D
b1110111011011 d
b1010001111111111111111111111110111000101 #"
#2370
b1111011111010 D
b1111011111010 d
b1111111111111111111111001010110111111111111111111111111001111111 #"
#2371
b10000001000100 D
b10000001000100 d
b1111111111111111111111111101110000000000000000000000001001010100 #"
#2372
b10000101000010 D
b10000101000010 d
b1101101100000000000000000000000001000100 #"
#2373
b10001001011011 D
b10001001011011 d
b1111111111111111111111001001111011111111111111111111111010111010 #"
#2374
b10001100001110 D
b10001100001110 d
b101110111111111111111111111110100110011 #"
#2375
b10001101000000 D
b10001101000000 d
b101001011111111111111111111110000010101 #"
#2376
b10001011011001 D
b10001011011001 d
b1111111111111111111111100100101111111111111111111111111101001010 #"
#2377
b10000111110110 D
b10000111110110 d
b1111111111111111111111110110101000000000000000000000000001100001 #"
#2378
b10000010111111 D
b10000010111111 d
b100111001011111111111111111111111111111110 #"
#2379
b1111110011011 D
b1111110011011 d
b1111111111111111111110111110110011111111111111111111110100011001 #"
#2380
b1111001111111 D
b1111001111111 d
b110100100000000000000000000000001101011 #"
#2381
b1110101110001 D
b1110101110001 d
b1111111111111111111111111101001011111111111111111111101010000001 #"
#2382
b1110011000011 D
b1110011000011 d
b1111111111111111111111100000011011111111111111111111101111101100 #"
#2383
b1110011100100 D
b1110011100100 d
b100110011111111111111111111111000001010 #"
#2384
b1110110001100 D
b1110110001100 d
b1000000111111111111111111111110000101110 #"
#2385
b1111001000000 D
b1111001000000 d
b1010100111111111111111111111111101110100 #"
#2386
b1111101011101 D
b1111101011101 d
b1111111111111111111111100000011100000000000000000000000100100101 #"
#2387
b10000011100010 D
b10000011100010 d
b11100001011111111111111111111110011101101 #"
#2388
b10000111100011 D
b10000111100011 d
b10100001111111111111111111111100101011100 #"
#2389
b10001010110001 D
b10001010110001 d
b100100111111111111111111111110110101001 #"
#2390
b10001100111000 D
b10001100111000 d
b11111111011111111111111111111111010101001 #"
#2391
b10001100010010 D
b10001100010010 d
b1111111111111111111111011011010011111111111111111111110010111000 #"
#2392
b10001001111010 D
b10001001111010 d
b1111111111111111111111011110000011111111111111111111111000000000 #"
#2393
b10000101101000 D
b10001101101010 d
b110001011111111111111111111110010011001 #"
#2394
b10000001101000 D
b10000101101000 d
b1111111111111111111111101000000111111111111111111111110011110100 #"
#2395
b11111101101000 D
b11111101101000 d
b1111111111111111111111110101000100000000000000000000000000001111 #"
#2396
b1111111111000 D
b1111111111000 d
b11011010011111111111111111111111011100000 #"
#2397
b1110111011001 D
b1110111011001 d
b1111111111111111111111100001011000000000000000000000001101100001 #"
#2398
b10011011011111111111111111111110011010100 #"
#2399
b1110111010111 D
b1110111010111 d
b100100101011111111111111111111110000001011 #"
#2400
b1111111111111111111111111101101111111111111111111111110000100101 #"
#2401
b1111111010010 D
b1110111000010 d
b100000111111111111111111111111101101101110 #"
#2402
b1111011011000 D
b1111011011000 d
b1111111111111111111111111111101111111111111111111111101111011111 #"
#2403
b10000000001001 D
b10000000001001 d
b1111111111111111111111110100110111111111111111111111101101000001 #"
#2404
b10000101001000 D
b10000101001000 d
b11101100100000000000000000000000001001001 #"
#2405
b10001001000101 D
b10001001000101 d
b10000100011111111111111111111110111100110 #"
#2406
b10001011110110 D
b10001011110110 d
b1111111111111111111111100011011111111111111111111111111011001101 #"
#2407
b10001100111001 D
b10001100111001 d
b101011001111111111111111111111111000100010 #"
#2408
b10001011001011 D
b10001011001011 d
b100111001011111111111111111111101010011001 #"
#2409
b10000111111111 D
b10000111111111 d
b11010001111111111111111111111110000010011 #"
#2410
b10000100010110 D
b10000100010110 d
b110000011011111111111111111111111001111101 #"
#2411
b1111111001110 D
b1111111001110 d
b11010000000000000000000000000000100011001 #"
#2412
b1111001100000 D
b1111001100000 d
b11010000100000000000000000000000100100100 #"
#2413
b1110101111111 D
b1110101111111 d
b1111111111111111111111111111011011111111111111111111110110011111 #"
#2414
b1110100000011 D
b1110100000011 d
b1001100111111111111111111111111100100001000 #"
#2415
b1110011100110 D
b1110011100110 d
b1111111111111111111111111100100011111111111111111111110111100000 #"
#2416
b1110101100110 D
b1110101100110 d
b1111111111111111111111111100010111111111111111111111111001110100 #"
#2417
b1111000100101 D
b1111000100101 d
b1111111111111111111111110000000011111111111111111111110100111101 #"
#2418
b1111101000001 D
b1111101000001 d
b1111111111111111111111001001010100000000000000000000001000000000 #"
#2419
b10000010110010 D
b10000010110010 d
b1111111111111111111111000101001000000000000000000000000100000110 #"
#2420
b10001000000100 D
b10001000000100 d
b1111111111111111111111011110011111111111111111111111110110010010 #"
#2421
b10001010010010 D
b10001010010010 d
b100100101011111111111111111111111111000101 #"
#2422
b10001011111001 D
b10001011111001 d
b11111110000000000000000000000001011110101 #"
#2423
b10001100011001 D
b10001100011001 d
b110011001100000000000000000000001110010011 #"
#2424
b10001010101011 D
b10001010101011 d
b110100000111111111111111111111110100000111 #"
#2425
b10000110001001 D
b10000110001001 d
b1111111111111111111111111111101101001110 #"
#2426
b10000001100011 D
b10000001100011 d
b111100000011111111111111111111101101100111 #"
#2427
b1111100011101 D
b1111100111101 d
b1010110100100000000000000000000000110100010 #"
#2428
b1110111101010 D
b1111111101011 d
b1000101001111111111111111111111100001011110 #"
#2429
b1110100111010 D
b1110111111010 d
b11001001011111111111111111111111100101100 #"
#2430
b1110111111101 D
b1110111111101 d
b1111111111111111111111001111110111111111111111111111110101010011 #"
#2431
b1110111101101 D
b1110111101101 d
b1111111111111111111110110000101011111111111111111111111001111101 #"
#2432
b1110110100000 D
b1110110100000 d
b1111111111111111111110101100101100000000000000000000001111001101 #"
#2433
b1111110100111 D
b1111110100111 d
b110011010000000000000000000000001011111110 #"
#2434
b1111111110111 D
b1111111110111 d
b11010011011111111111111111111111110011111 #"
#2435
b1111111110011 D
b1111111110011 d
b111010000011111111111111111111111010001000 #"
#2436
b10001100101111 D
b10000100101111 d
b1000001111111111111111111111111111011100101 #"
#2437
b10001011110111 D
b10001000100111 d
b1111111111111111111111101000000111111111111111111111110000111100 #"
#2438
b10001011110010 D
b10001011110010 d
b101000101111111111111111111111110011001011 #"
#2439
b10001100110101 D
b10001100110101 d
b1111111111111111111111100001110111111111111111111111110010000101 #"
#2440
b10001011111010 D
b10001011111010 d
b110011111011111111111111111111111101101011 #"
#2441
b10001000011101 D
b10001000011101 d
b100000111011111111111111111111110010001111 #"
#2442
b10000011111100 D
b10000011111100 d
b11001011011111111111111111111110101111110 #"
#2443
b1111111011101 D
b1111111011101 d
b100101111111111111111111111110101011101 #"
#2444
b1111010101111 D
b1111010101111 d
b10111011100000000000000000000000011100100 #"
#2445
b1110110010110 D
b1110110010110 d
b1111111111111111111111000110000111111111111111111111111010111010 #"
#2446
b1110011111001 D
b1110011111001 d
b1000100111111111111111111111111000011101 #"
#2447
b1110011001110 D
b1110011001110 d
b10010010111111111111111111111111101111010 #"
#2448
b1110101001110 D
b1110101001110 d
b110110000111111111111111111111110110011111 #"
#2449
b1111001000101 D
b1111001000101 d
b110111010000000000000000000000000000010110 #"
#2450
b1111101000010 D
b1111101000010 d
b11000010011111111111111111111110011011101 #"
#2451
b10000001100111 D
b10000001100111 d
b100111011111111111111111111111101001001 #"
#2452
b10000110110000 D
b10000110110000 d
b1111111111111111111111011100011011111111111111111111111001101001 #"
#2453
b10001010011010 D
b10001010011010 d
b111010011111111111111111111111110010100011 #"
#2454
b10001100110110 D
b10001100110110 d
b110011001000000000000000000000000110100011 #"
#2455
b10001100010110 D
b10001100010110 d
b100011101011111111111111111111111000010111 #"
#2456
b10001001111111 D
b10001001111111 d
b110010110100000000000000000000000101010011 #"
#2457
b10000110111001 D
b10000110111001 d
b1111111111111111111111101000111011111111111111111111111100101110 #"
#2458
b10000010110101 D
b10000010110101 d
b100011001111111111111111111111111111111111 #"
#2459
b1111100110001 D
b1111100110001 d
b1111111111111111111111100100011111111111111111111111111010110111 #"
#2460
b1110111011010 D
b1110111011010 d
b111111101111111111111111111111110111110000 #"
#2461
b1110100011001 D
b1110100011001 d
b110101011100000000000000000000000010001111 #"
#2462
b1110011011011 D
b1110011011011 d
b1111101011111111111111111111110010110001 #"
#2463
b1110011111101 D
b1110011111101 d
b101000011111111111111111111111111101100001 #"
#2464
b1110110101011 D
b1110110101011 d
b1111111111111111111111110101100000000000000000000000000010101111 #"
#2465
b1111010011010 D
b1111110011011 d
b1000111100000000000000000000000010001100 #"
#2466
b1111111011000 D
b1111111011000 d
b10010111111111111111111111111101011110 #"
#2467
b11111111111100 D
b11111111111100 d
b101001011000000000000000000000000000000101 #"
#2468
b10001011111110 D
b10001011111110 d
b11001000000000000000000000000000111101111 #"
#2469
b10001011111111 D
b10001011111111 d
b101011111011111111111111111111111010001110 #"
#2470
b10001111101101 D
b10001111101101 d
b100110110111111111111111111111111010011011 #"
#2471
b10001111101111 D
b10001111101111 d
b1111000111111111111111111111111000100000 #"
#2472
b10001011011111 D
b10001011001111 d
b10100101111111111111111111111110111011000 #"
#2473
b10001001110110 D
b10001000110110 d
b1111111111111111111111111110010111111111111111111111111111111000 #"
#2474
b10000101000100 D
b10000101000100 d
b10101110000000000000000000000000101001101 #"
#2475
b1111111110011 D
b1111111110011 d
b1111111111111111111111111111111111111111111111111111111101000001 #"
#2476
b1111010101100 D
b1111010101100 d
b100000001011111111111111111111111000011110 #"
#2477
b1110110110001 D
b1110110110001 d
b1111111111111111111111110010011011111111111111111111111000001010 #"
#2478
b1110011101110 D
b1110011101110 d
b1111111111111111111111110000011011111111111111111111111000111101 #"
#2479
b1110011001000 D
b1110011001000 d
b1111111111111111111111111111111011111111111111111111110111111011 #"
#2480
b1110101001100 D
b1110101001100 d
b1111111111111111111111100100010011111111111111111111111010011010 #"
#2481
b1111000010111 D
b1111000010111 d
b1000011110000000000000000000000000111001101 #"
#2482
b1111100010010 D
b1111100010010 d
b10011111111111111111111111111110100111111 #"
#2483
b10000001000100 D
b10000001000100 d
b101010010111111111111111111111111011011101 #"
#2484
b10000110001101 D
b10000110001101 d
b1111111111111111111111111101101011111111111111111111110000010011 #"
#2485
b10001010001101 D
b10001010001101 d
b111101101011111111111111111111100111001111 #"
#2486
b10001100010101 D
b10001100010101 d
b10110111100000000000000000000000001110000 #"
#2487
b111000100111111111111111111111110011110100 #"
#2488
b10001010011100 D
b10001010011100 d
b100000110100000000000000000000001011011100 #"
#2489
b10000111000110 D
b10000111000110 d
b1000111111111111111111111111111101111010 #"
#2490
b10000011000000 D
b10000011000000 d
b1000110111011111111111111111111111011101101 #"
#2491
b1111101110000 D
b1111101110000 d
b1010001111111111111111111111111000111010 #"
#2492
b1111000110001 D
b1111000110001 d
b101101001011111111111111111111110111110011 #"
#2493
b1110101000111 D
b1110101000111 d
b10101010100000000000000000000000001101001 #"
#2494
b1110010111100 D
b1110010111100 d
b101100110111111111111111111111111011010000 #"
#2495
b1110011100110 D
b1110011100110 d
b1111011000000000000000000000001100000001 #"
#2496
b1110110010111 D
b1110110010111 d
b111100000111111111111111111111110111110011 #"
#2497
b1111010000110 D
b1111010000110 d
b111101101111111111111111111111111111011001 #"
#2498
b1111110010010 D
b1111110010010 d
b111101100000000000000000000000100001100 #"
#2499
b10000011010010 D
b10000011010010 d
b101110011111111111111111111111000011110 #"
#2500
b10000111111000 D
b10000111111010 d
b1111111111111111111111110010010111111111111111111111110111110011 #"
#2501
b10001011101010 D
b10001111111010 d
b10111010111111111111111111111111111101011 #"
#2502
b10001110111111 D
b10001111111111 d
b101010001100000000000000000000000011101001 #"
#2503
b10001111111111 D
b10110000011111111111111111111111010000100 #"
#2504
b10001011111111 D
b10001011111111 d
b1111111111111111111111101101100111111111111111111111111100110001 #"
#2505
b10001101111011 D
b10001101011011 d
b1011011111111111111111111111111011100111 #"
#2506
b10000101111011 D
b10000101111011 d
b1111111011111111111111111111111000010010 #"
#2507
b10000000011011 D
b10000000011011 d
b1111111111111111111111111101001000000000000000000000000100110001 #"
#2508
b1111011001000 D
b1111011001000 d
b1010011011111111111111111111111111001011 #"
#2509
b1110110111110 D
b1110110111110 d
b1111111111111111111111111000111011111111111111111111111111001001 #"
#2510
b1110100001011 D
b1110100001011 d
b1000011011111111111111111111111000011101 #"
#2511
b1110011010101 D
b1110011010101 d
b10111101111111111111111111111110101010111 #"
#2512
b1110100101000 D
b1110100101000 d
b10010100111111111111111111111110000010011 #"
#2513
b1111000001011 D
b1111000001011 d
b11010111011111111111111111111111111011010 #"
#2514
b1111011111011 D
b1111011111011 d
b10101011100000000000000000000000001010010 #"
#2515
b10000000010100 D
b10000000010100 d
b1111111111111111111111101101110100000000000000000000001011101011 #"
#2516
b10000101011100 D
b10000101011100 d
b1010111111111111111111111111111101010 #"
#2517
b10001010011000 D
b10001010011000 d
b110010000011111111111111111111111000111111 #"
#2518
b10001100011100 D
b10001100011100 d
b1111111111111111111111110010110111111111111111111111110110100110 #"
#2519
b10001100100011 D
b10001100100011 d
b111000010011111111111111111111110100101000 #"
#2520
b10001011000010 D
b10001011000010 d
b10111110000000000000000000000000100100111 #"
#2521
b10000111100101 D
b10000111100101 d
b10011111111111111111111111110001100 #"
#2522
b10000010101100 D
b10000010101100 d
b110010000000000000000000000001101010100 #"
#2523
b1111101111110 D
b1111101111110 d
b1111111111111111111111111111110111111111111111111111111111011000 #"
#2524
b1111001110110 D
b1111001110110 d
b110100110011111111111111111111111000110011 #"
#2525
b1110101111100 D
b1110101111100 d
b101010111111111111111111111111100101010 #"
#2526
b1110011010000 D
b1110011010000 d
b100111100111111111111111111111110010010011 #"
#2527
b1110011010011 D
b1110011010011 d
b1111111111111111111111110010001111111111111111111111111110110101 #"
#2528
b1110101010110 D
b1110101010110 d
b1111111111111111111111110111111111111111111111111111111101010101 #"
#2529
b1111001111001 D
b1111001111001 d
b100001001100000000000000000000001101111100 #"
#2530
b1111101111100 D
b1111101111100 d
b1111111111111111111111111000010100000000000000000000000100010011 #"
#2531
b10000011000100 D
b10000011000100 d
b11110001011111111111111111111111111110001 #"
#2532
b10000111010010 D
b10000111010010 d
b11101011111111111111111111111010000010 #"
#2533
b10001010011111 D
b10001010011111 d
b11101010111111111111111111111111000000000 #"
#2534
b10001100100100 D
b10001100100100 d
b1111100111111111111111111111111110010011 #"
#2535
b10001101001010 D
b10001101101010 d
b1111111111111111111111111100001111111111111111111111110100110000 #"
#2536
b10001010001001 D
b10001010001011 d
b10010110000000000000000000000000001100001 #"
#2537
b10001111000111 D
b10001111000111 d
b1111111111111111111111110011111011111111111111111111111001101000 #"
#2538
b10000100011111 D
b10000101011111 d
b1000101001011111111111111111111111111110110 #"
#2539
b11111011011111 D
b11111011011111 d
b1001011111111111111111111111111111010101 #"
#2540
b1111011110100 D
b1111011110100 d
b10100011111111111111111111111111111001 #"
#2541
b1111100101010 D
b1111100101010 d
b1111111111111111111111100110010100000000000000000000000101101001 #"
#2542
b1110110111010 D
b1110110111010 d
b1111111111111111111111110011111000000000000000000000000010101101 #"
#2543
b1110110110010 d
b100001010011111111111111111111111101110011 #"
#2544
b1110111011011 D
b1110101011010 d
b10111001011111111111111111111111100111101 #"
#2545
b1110111011011 d
b111011110000000000000000000000000111011011 #"
#2546
b1111011110111 D
b1111011110111 d
b1111111111111111111111111111001111111111111111111111111100001111 #"
#2547
b10000000011010 D
b10000000011010 d
b11100100000000000000000000000001011001011 #"
#2548
b10000100111000 D
b10000100111000 d
b1111111111111111111111010000101100000000000000000000001000000101 #"
#2549
b10001000110001 D
b10001000110001 d
b1111111111111111111111100111010000000000000000000000001001101101 #"
#2550
b10001100011010 D
b10001100011010 d
b1111111111111111111111101000110100000000000000000000001000010101 #"
#2551
b10001101011000 D
b10001101011000 d
b100011100011111111111111111111111100110111 #"
#2552
b10001011000001 D
b10001011000001 d
b10010110100000000000000000000000000110000 #"
#2553
b10000111111011 D
b10000111111011 d
b101000111111111111111111111111101000101 #"
#2554
b10000011100010 D
b10000011100010 d
b10111000000000000000000000000000000111000 #"
#2555
b1111110101110 D
b1111110101110 d
b1111111111111111111111011010001111111111111111111111110110111000 #"
#2556
b1111001111100 D
b1111001111100 d
b1111111111111111111111110111000100000000000000000000000100011010 #"
#2557
b1110110010000 D
b1110110010000 d
b1111111111111111111111011100101000000000000000000000001000011100 #"
#2558
b1110010111100 D
b1110010111100 d
b10100011011111111111111111111111000111101 #"
#2559
b1110011011000 D
b1110011011000 d
b1111111111111111111111111011001100000000000000000000000000000100 #"
#2560
b1110101110111 D
b1110101110111 d
b11111111111111111111110010001010 #"
#2561
b1111001000110 D
b1111001000110 d
b100011000000000000000000000000000000011 #"
#2562
b1111101010100 D
b1111101010100 d
b1111111111111111111111101011100111111111111111111111111000111101 #"
#2563
b10000010001011 D
b10000010001011 d
b100011101000000000000000000000001000011011 #"
#2564
b10000111001010 D
b10000111001010 d
b1001001000000000000000000000000100010011 #"
#2565
b10001010101010 D
b10001010101010 d
b100101101011111111111111111111110111000100 #"
#2566
b10001100110110 D
b10001100110110 d
b1111111111111111111111101001110000000000000000000000000001000010 #"
#2567
b10001100100110 D
b10001100100110 d
b1111111111111111111111111010101011111111111111111111111101001010 #"
#2568
b10001001110100 D
b10001001110100 d
b1111111111111111111111101101001000000000000000000000000000101111 #"
#2569
b10000101111010 D
b10000101111010 d
b1111111111111111111111011100101111111111111111111111111100110010 #"
#2570
b10000001110110 D
b10000001110110 d
b10111111100000000000000000000001000011000 #"
#2571
b1111100101001 D
b1111100101011 d
b11001000100000000000000000000001001110011 #"
#2572
b1110111101100 D
b1111111101101 d
b101111011000000000000000000000001000000111 #"
#2573
b1110111101101 D
b1110111101101 d
b1111111111111111111111100011101100000000000000000000001011001011 #"
#2574
b1110111011101 D
b1110111011101 d
b111011111111111111111111111100001010 #"
#2575
b1110011110111 D
b1110011110111 d
b1111111111111111111111000100111100000000000000000000000111010001 #"
#2576
b1110111110011 D
b1110111110011 d
b1111111111111111111111101001000111111111111111111111111100111010 #"
#2577
b1111111110011 D
b1111111110011 d
b1111111111111111111111011110010111111111111111111111111101110001 #"
#2578
b1111011010010 D
b1111011010010 d
b1100010100000000000000000000000010100111 #"
#2579
b10000100100110 D
b10000100000110 d
b11001010100000000000000000000000101100101 #"
#2580
b10001100100110 D
b10000100100110 d
b1111111111111111111111111101110111111111111111111111111111110001 #"
#2581
b10001001101100 D
b10001000101100 d
b1111111111111111111111110110001011111111111111111111111111010110 #"
#2582
b10001011110000 D
b10001011110000 d
b1111111111111111111110111010101011111111111111111111111111111111 #"
#2583
b10001100110101 D
b10001100110101 d
b1100110111111111111111111111111001110001 #"
#2584
b10001011110100 D
b10001011110100 d
b1111111111111111111111101101010100000000000000000000000001011011 #"
#2585
b10001000100100 D
b10001000100100 d
b11111111111111111111111111110100101101 #"
#2586
b10000011111001 D
b10000011111001 d
b1111111111111111111111101111110111111111111111111111111110011101 #"
#2587
b1111111010101 D
b1111111010101 d
b1111111111111111111111100010101011111111111111111111111000000000 #"
#2588
b1111001111011 D
b1111001111011 d
b1111111111111111111111111100010111111111111111111111111010000111 #"
#2589
b1110110100101 D
b1110110100101 d
b1111111111111111111111100010000111111111111111111111111111110101 #"
#2590
b1110100000001 D
b1110100000001 d
b111110100000000000000000000000100010101 #"
#2591
b1110010111100 D
b1110010111100 d
b1111111111111111111111011111001100000000000000000000001101111010 #"
#2592
b1110011110111 D
b1110011110111 d
b1000001011111111111111111111111101010101 #"
#2593
b1111001110111 D
b1111001110111 d
b1101101011111111111111111111111110111001 #"
#2594
b1111101011111 D
b1111101011111 d
b1111111111111111111111011001010011111111111111111111110010001111 #"
#2595
b10000001100101 D
b10000001100101 d
b1111111111111111111111111011000111111111111111111111111100101111 #"
#2596
b10000101111101 D
b10000101111101 d
b1111111111111111111111001011011111111111111111111111111000110100 #"
#2597
b10001010001010 D
b10001010001010 d
b1111111111111111111111111111101011111111111111111111111111010011 #"
#2598
b10001100101111 D
b10001100101111 d
b1111111111111111111111111001110000000000000000000000001101010010 #"
#2599
b10001100011111 D
b10001100011111 d
b111011111111111111111111111110010001 #"
#2600
b10001010011001 D
b10001010011001 d
b1111111111111111111111101000011100000000000000000000000100101010 #"
#2601
b10000110101100 D
b10000110101100 d
b1111111111111111111111000111101011111111111111111111110101000000 #"
#2602
b10000001101101 D
b10000001101101 d
b1101101011111111111111111111110110101010 #"
#2603
b1111100110101 D
b1111100110101 d
b1111111111111111111111001101111011111111111111111111111000111111 #"
#2604
b1111000010001 D
b1111000010001 d
b1111111111111111111111111110101111111111111111111111111111101111 #"
#2605
b1110101010001 D
b1110101010001 d
b10010010000000000000000000000001011101110 #"
#2606
b1110011100010 D
b1110011100010 d
b1111111111111111111111101011001000000000000000000000000001001111 #"
#2607
b1110011111011 D
b1110011111011 d
b1111111111111111111111100101011111111111111111111111111111011111 #"
#2608
b1110101101111 D
b1110111111111 d
b1111111111111111111111101101100111111111111111111111110000010010 #"
#2609
b1111110111101 D
b1111111111101 d
b1111111111111111111111101000010111111111111111111111110101011011 #"
#2610
b11111010111111 D
b11111010110101 d
b1111111111111111111111111000010111111111111111111111111000101100 #"
#2611
b10000011101111 D
b10000011101111 d
b110111111111111111111111111111111001001 #"
#2612
b10001011100111 D
b10001011100111 d
b1111111111111111111111110101110011111111111111111111111111001000 #"
#2613
b10001011101111 D
b10001011101111 d
b11000100000000000000000000000100111111 #"
#2614
b10001111101101 D
b10001111101101 d
b1111111111111111111111110000110011111111111111111111111000010111 #"
#2615
b10001111111010 D
b10001111111010 d
b1111111111111111111111110100110111111111111111111111111011101100 #"
#2616
b10001011110100 D
b10001011110000 d
b10010010111111111111111111111111100110010 #"
#2617
b10001000110110 D
b10001000110110 d
b1111111111111111111111101010010011111111111111111111111010000011 #"
#2618
b10000100011111 D
b10000100011111 d
b1111111111111111111111010101101100000000000000000000000011100111 #"
#2619
b1111111101010 D
b1111111101010 d
b1111111111111111111111101001001011111111111111111111111111101010 #"
#2620
b1111010101110 D
b1111010101110 d
b1110000011111111111111111111110111101111 #"
#2621
b1110110111110 D
b1110110111110 d
b1111111111111111111111111011000111111111111111111111111000011000 #"
#2622
b1110011101111 D
b1110011101111 d
b1111111111111111111111111000000100000000000000000000000100010101 #"
#2623
b1110011010001 D
b1110011010001 d
b1111111111111111111111000001110111111111111111111111111111010111 #"
#2624
b1110100001100 D
b1110100001100 d
b1111111111111111111111000100000011111111111111111111110111110011 #"
#2625
b1110111111011 D
b1110111111011 d
b1111111111111111111111110000111000000000000000000000001100000000 #"
#2626
b1111101000001 D
b1111101000001 d
b1111111111111111111111010011101111111111111111111111111011001011 #"
#2627
b10000010000011 D
b10000010000011 d
b1111111111111111111111101010101000000000000000000000000001101110 #"
#2628
b10000101111001 D
b10000101111001 d
b1111111111111111111111010010111111111111111111111111110111111000 #"
#2629
b10001001100010 D
b10001001100010 d
b1111111111111111111111110101111111111111111111111111111000111011 #"
#2630
b10001100000011 D
b10001100000011 d
b1111111111111111111110111001001011111111111111111111111011110000 #"
#2631
b10001100101101 D
b10001100101101 d
b1111111111111111111111110111100011111111111111111111111110000011 #"
#2632
b10001011001011 D
b10001011001011 d
b1111111111111111111111011111100100000000000000000000001011011000 #"
#2633
b10000111010010 D
b10000111010010 d
b1111111111111111111111001000110011111111111111111111110011110111 #"
#2634
b10000010100011 D
b10000010100011 d
b1111111111111111111111101000110100000000000000000000000001100111 #"
#2635
b1111101001111 D
b1111101001111 d
b1111111111111111111111000010111011111111111111111111100111011011 #"
#2636
b1111000101011 D
b1111000101011 d
b10011111111111111111111111110000010111 #"
#2637
b1110101000100 D
b1110101000100 d
b1111111111111111111111010100111111111111111111111111111011010000 #"
#2638
b1110011010100 D
b1110011010100 d
b1111111111111111111111101100001111111111111111111111110100111111 #"
#2639
b1110100010110 D
b1110100010110 d
b1111111111111111111110111011111100000000000000000000000110111111 #"
#2640
b1110110010001 D
b1110110010001 d
b11011111111111111111111111111111010011100 #"
#2641
b1111010001110 D
b1111010001110 d
b100011111111111111111111110111111001 #"
#2642
b1111110101010 D
b1111110101010 d
b1111010111111111111111111111111000111011 #"
#2643
b10000011111100 D
b10111011111110 d
b1110010111111111111111111111111000010000 #"
#2644
b10001000111100 D
b10001011111100 d
b1111111111111111111111100000000011111111111111111111111000011011 #"
#2645
b10001011011110 D
b10001011011110 d
b11111111111111111111111111100111111 #"
#2646
b10001111111110 D
b10001111111110 d
b1111111111111111111111101010101000000000000000000000000101000011 #"
#2647
b10001100110111 D
b10001100110111 d
b10100111111111111111111111111111110101 #"
#2648
b10001101100111 D
b10001101100111 d
b1111111111111111111111101011010011111111111111111111110111010110 #"
#2649
b1111111111111111111111110001010011111111111111111111111000010011 #"
#2650
b10000101000111 D
b10000101000111 d
b1111111111111111111111011010001011111111111111111111111010011111 #"
#2651
b10000001000011 D
b10000000000011 d
b1111111111111111111111010100110011111111111111111111111010000110 #"
#2652
b1111011010110 D
b1111011010110 d
b1111111111111111111111100110110100000000000000000000000111101001 #"
#2653
b1110110111101 D
b1110110111101 d
b1111111111111111111111010111001000000000000000000000000000001001 #"
#2654
b1110100000111 D
b1110100000111 d
b1111111111111111111111111101001011111111111111111111111101010010 #"
#2655
b1110011000100 D
b1110011000100 d
b1111111111111111111111110110101100000000000000000000000010010100 #"
#2656
b1110100101110 D
b1110100101110 d
b1010101000000000000000000000000010101110 #"
#2657
b1111000001100 D
b1111000001100 d
b1111111111111111111111010111101111111111111111111111111101100100 #"
#2658
b1111011011101 D
b1111011011101 d
b1111111111111111111111110000010111111111111111111111110010101101 #"
#2659
b10000000011110 D
b10000000011110 d
b1111111111111111111111001011101000000000000000000000000010010000 #"
#2660
b10000110010110 D
b10000110010110 d
b1111111111111111111111000000100011111111111111111111110111110010 #"
#2661
b10001001101111 D
b10001001101111 d
b11100001111111111111111111111111011001111 #"
#2662
b10001011111011 D
b10001011111011 d
b1111111111111111111111011101001011111111111111111111111111101110 #"
#2663
b10001100101010 D
b10001100101010 d
b10111001111111111111111111111111100101000 #"
#2664
b10001010011101 D
b10001010011101 d
b1111111111111111111111001101001000000000000000000000000101001111 #"
#2665
b10000111101111 D
b10000111101111 d
b1111111111111111111111011011110011111111111111111111111000010110 #"
#2666
b10000011100110 D
b10000011100110 d
b1111111111111111111111001101110000000000000000000000000110101001 #"
#2667
b1111101111000 D
b1111101111000 d
b1111111111111111111111000101111011111111111111111111110010110111 #"
#2668
b1111001001010 D
b1111001001010 d
b100011001011111111111111111111111001100011 #"
#2669
b1110101101000 D
b1110101101000 d
b1111111111111111111111111010110111111111111111111111111101000000 #"
#2670
b1110011000101 D
b1110011000101 d
b1111111111111111111111100111101111111111111111111111110011010110 #"
#2671
b1110100000001 D
b1110100000001 d
b1111111111111111111111001000001000000000000000000000000000011000 #"
#2672
b1110110001000 D
b1110110001000 d
b1111111111111111111111001010000011111111111111111111110110011111 #"
#2673
b1111001010110 D
b1111001010110 d
b1111111111111111111111101101110011111111111111111111111101111011 #"
#2674
b1111101111011 D
b1111101111011 d
b1111111111111111111111110111100011111111111111111111111000011011 #"
#2675
b10000011100110 D
b10000011100110 d
b111010010011111111111111111111111011000010 #"
#2676
b10001000010100 D
b10001000010100 d
b1111111111111111111111101000101000000000000000000000000011100101 #"
#2677
b10001010110010 D
b10001010110010 d
b1111111111111111111111111011010111111111111111111111110101100000 #"
#2678
b10001100000000 D
b10001100100000 d
b1111111111111111111111100110111011111111111111111111110101101111 #"
#2679
b10001100100110 D
b10001100100110 d
b1111111111111111111111011111100011111111111111111111110010011000 #"
#2680
b10001010101111 D
b10001110101111 d
b1111111111111111111111001100001011111111111111111111111101101100 #"
#2681
b10001111101101 D
b10001111101101 d
b11110001111111111111111111111110010000000 #"
#2682
b10000101101101 D
b10000101101101 d
b1111111111111111111111010111100111111111111111111111110011001010 #"
#2683
b10111011001001 D
b10111011001001 d
b10111110011111111111111111111110000110001 #"
#2684
b1111111100111 D
b1111111100111 d
b1111111111111111111110111110011011111111111111111111111011011111 #"
#2685
b1110111111101 D
b1110111111101 d
b1111111111111111111111000110001111111111111111111111111010001011 #"
#2686
b1110111011101 D
b1110111011101 d
b1111111111111111111111100110001111111111111111111111111110100111 #"
#2687
b1110111010101 D
b1110111010101 d
b1111111111111111111111001101000100000000000000000000001100000100 #"
#2688
b1110110010000 D
b1110100010000 d
b1010011011000000000000000000000001111001110 #"
#2689
b1110110110001 D
b1110110110001 d
b1010000000011111111111111111111111001110100 #"
#2690
b1111011101011 D
b1111011101011 d
b110000101011111111111111111111110101011111 #"
#2691
b10000000100101 D
b10000000100101 d
b1111111111111111111111100110100011111111111111111111111100101000 #"
#2692
b10000101000001 D
b10000101000001 d
b1111111111111111111110111011000111111111111111111111100001011101 #"
#2693
b10001001100100 D
b10001001100100 d
b1111111111111111111110101001110100000000000000000000000110011110 #"
#2694
b10001011110010 D
b10001011110010 d
b1111111111111111111111000100001011111111111111111111101101101010 #"
#2695
b10001100111100 D
b10001100111100 d
b1111111111111111111111110000111111111111111111111111101101010001 #"
#2696
b10001011101010 D
b10001011101010 d
b1111111111111111111111001100000011111111111111111111110100000111 #"
#2697
b10000111110011 D
b10000111110011 d
b1111111111111111111111001100001100000000000000000000001110100000 #"
#2698
b10000011000000 D
b10000011000000 d
b1111111111111111111111100000000000000000000000000000001100000010 #"
#2699
b1111110100110 D
b1111110100110 d
b1111111111111111111111011011110011111111111111111111111111000100 #"
#2700
b1111010000111 D
b1111010000111 d
b100001101011111111111111111111110110010011 #"
#2701
b1110110011001 D
b1110110011001 d
b111011001000000000000000000000000100000001 #"
#2702
b1110011010010 D
b1110011010010 d
b110110101000000000000000000000000111111100 #"
#2703
b1110011010001 D
b1110011010001 d
b10000011011111111111111111111110101000111 #"
#2704
b1110101101001 D
b1110101101001 d
b11110111111111111111111111111001110101 #"
#2705
b1111001001010 D
b1111001001010 d
b100001011111111111111111111110111011110 #"
#2706
b1111110000001 D
b1111110000001 d
b1111111111111111111110110100000111111111111111111111100100001000 #"
#2707
b10000010111101 D
b10000010111101 d
b1000111111111111111111111110110100010 #"
#2708
b10000111010010 D
b10000111010010 d
b1111111111111111111111100110011000000000000000000000000100110001 #"
#2709
b10001010110010 D
b10001010110010 d
b1111111111111111111111100110111000000000000000000000000100101010 #"
#2710
b10001100101100 D
b10001100101100 d
b1111111111111111111111001111100111111111111111111111111001111110 #"
#2711
b10001100010101 D
b10001100010101 d
b1111111111111111111111100101010011111111111111111111110000001001 #"
#2712
b10001010001000 D
b10001010001000 d
b1111111111111111111111011001000011111111111111111111101010010110 #"
#2713
b10000110000000 D
b10000110000000 d
b1111111111111111111111010101011011111111111111111111111000100010 #"
#2714
b10000001100011 D
b10000001100011 d
b11100101111111111111111111111111011001101 #"
#2715
b1111100110111 D
b1111101110111 d
b1111111111111111111111110000010111111111111111111111110111101111 #"
#2716
b1111111010111 D
b1111111010111 d
b1111111111111111111111100010101100000000000000000000000001001010 #"
#2717
b1110111110011 D
b1110111110011 d
b1011110011111111111111111111101100111110 #"
#2718
b1110111111111 D
b1110111111111 d
b100011111111111111111111101111100101 #"
#2719
b1110111011111 D
b1110111011111 d
b1111111111111111111111100000001011111111111111111111101101110110 #"
#2720
b1110110111011 D
b1110110111011 d
b10011111111111111111111111110000100110 #"
#2721
b1111110111001 D
b1111110111001 d
b1111111111111111111111011011011011111111111111111111110000010101 #"
#2722
b1111010111001 D
b1111010111001 d
b1111111111111111111111101100100111111111111111111111110011011000 #"
#2723
b10000100001101 D
b10000100001001 d
b11110011100000000000000000000001101011110 #"
#2724
b10000100101100 D
b10000100101100 d
b1111111111111111111111100101001111111111111111111111111011100100 #"
#2725
b10001000011101 D
b10001000011101 d
b1010000000000000000000000000000000010110 #"
#2726
b10001100100010 D
b10001100100010 d
b10111100111111111111111111111110011111101 #"
#2727
b10001100010001 D
b10001100010001 d
b1111111111111111111111111010110111111111111111111111110010010110 #"
#2728
b10001010011010 D
b10001010011010 d
b100010101011111111111111111111110111111101 #"
#2729
b10001000000111 D
b10001000000111 d
b100101000011111111111111111111110010100111 #"
#2730
b10000100100001 D
b10000100100001 d
b1111111111111111111111100000100111111111111111111111111010100110 #"
#2731
b1111110111101 D
b1111110111101 d
b1111111111111111111111111011100011111111111111111111110110011110 #"
#2732
b1111001111010 D
b1111001111010 d
b1111111111111111111111101100001111111111111111111111100101011101 #"
#2733
b1110110000011 D
b1110110000011 d
b1111111111111111111111100011101011111111111111111111110011101000 #"
#2734
b1110011110010 D
b1110011110010 d
b100000001000000000000000000000000100100101 #"
#2735
b1110011011010 D
b1110011011010 d
b1111111111111111111111110110001011111111111111111111111101110011 #"
#2736
b1110101000111 D
b1110101000111 d
b1111111111111111111111110111111111111111111111111111110000110001 #"
#2737
b1111000111111 D
b1111000111111 d
b1111111111111111111111111011000011111111111111111111111000010101 #"
#2738
b1111101010111 D
b1111101010111 d
b100000000011111111111111111111101111100110 #"
#2739
b10000001110110 D
b10000001110110 d
b10110011111111111111111111101010000110 #"
#2740
b10000111001001 D
b10000111001001 d
b1111111111111111111111111001100100000000000000000000000001110010 #"
#2741
b10001010011011 D
b10001010011011 d
b1000001101011111111111111111111110100010111 #"
#2742
b10001100100100 D
b10001100100100 d
b1111111111111111111111011000001000000000000000000000000000000011 #"
#2743
b10001100011101 D
b10001100011101 d
b1011000100000000000000000000000001100000 #"
#2744
b10001010001010 D
b10001010001010 d
b11011010111111111111111111111111101001010 #"
#2745
b10000110100000 D
b10000110100000 d
b1111111111111111111111111010111111111111111111111111110000010010 #"
#2746
b10000001110110 D
b10000001110110 d
b1111111111111111111111111010001011111111111111111111110100100011 #"
#2747
b1111100110001 D
b1111100110001 d
b110110101111111111111111111111111010101110 #"
#2748
b1111000010110 D
b1111000010110 d
b1111111111111111111111110010010100000000000000000000000001000110 #"
#2749
b1110101010001 D
b1110101010001 d
b11000100000000000000000000001001010001 #"
#2750
b1110011000000 D
b1110011000000 d
b110110001011111111111111111111111010000111 #"
#2751
b1110011010000 D
b1110011010000 d
b1111111111111111111111110101111111111111111111111111110111001010 #"
#2752
b1110110011001 D
b1110111011001 d
b11011111111111111111111110101001010 #"
#2753
b1111110111001 D
b1111110111001 d
b1111111111111111111111111100001111111111111111111111100100010101 #"
#2754
b1111111111101 D
b1111111111101 d
b10111001011111111111111111111111110011101 #"
#2755
b11111111111101 D
b1111111110101 d
b1111111111111111111111000011011111111111111111111111110011001001 #"
#2756
b10001011111001 D
b10001011111001 d
b1111111111111111111111001001101011111111111111111111111010001010 #"
#2757
b1010010000000000000000000000000010010000 #"
#2758
b10001111110001 D
b10001111110000 d
b1111111111111111111111110010101111111111111111111111111110001111 #"
#2759
b10001111011011 D
b10001100011011 d
b111110101111111111111111111111111101000101 #"
#2760
b10001011111110 D
b10001011111110 d
b1111111111111111111111010110001111111111111111111111101110100001 #"
#2761
b10001001000000 D
b10001001000000 d
b1111111111111111111111010011110011111111111111111111101000011000 #"
#2762
b10000100000101 D
b10000100000101 d
b1111111111111111111111101001111000000000000000000000000100000010 #"
#2763
b1111111010010 D
b1111111010010 d
b111110111111111111111111111100111000110 #"
#2764
b1111010101101 D
b1111010101101 d
b1111111111111111111111101000100111111111111111111111111010101100 #"
#2765
b1110110011101 D
b1110110011101 d
b110111011111111111111111111110010010011 #"
#2766
b1110100000101 D
b1110100000101 d
b100011000111111111111111111111110100110110 #"
#2767
b1110011010101 D
b1110011010101 d
b1111111111111111111111010100100011111111111111111111100111100000 #"
#2768
b1110100111111 D
b1110100111111 d
b10000011111111111111111111101100101010 #"
#2769
b1111000000000 D
b1111000000000 d
b1111111111111111111111011000101000000000000000000000000011010110 #"
#2770
b1111100101010 D
b1111100101010 d
b1111111111111111111111001011010011111111111111111111100100100001 #"
#2771
b10000010100011 D
b10000010100011 d
b1000111110011111111111111111111111001001010 #"
#2772
b10000110001000 D
b10000110001000 d
b1100100011111111111111111111100001111011 #"
#2773
b10001001111111 D
b10001001111111 d
b110001111111111111111111111111011100110 #"
#2774
b10001100010101 D
b10001100010101 d
b1111111111111111111111110001110100000000000000000000000010011010 #"
#2775
b10001100011111 D
b10001100011111 d
b111001000000000000000000000000011110110 #"
#2776
b10001011000000 D
b10001011000000 d
b111100000000000000000000001110001010 #"
#2777
b10000111001011 D
b10000111001011 d
b111110010011111111111111111111110110001110 #"
#2778
b10000001111000 D
b10000001111000 d
b111001100000000000000000000000000011111 #"
#2779
b1111100111110 D
b1111100111110 d
b1000101000111111111111111111111110110011100 #"
#2780
b1111000011000 D
b1111000011000 d
b11010101011111111111111111111110110101011 #"
#2781
b1110101101110 D
b1110101101110 d
b1111111111111111111111111110000000000000000000000000000000100101 #"
#2782
b1110011100101 D
b1110011100101 d
b101110000011111111111111111111110111011110 #"
#2783
b1110011100011 D
b1110011100011 d
b101101110011111111111111111111110111111100 #"
#2784
b1110101101111 D
b1110101101111 d
b1111111111111111111111101101011000000000000000000000001010011100 #"
#2785
b1111010001110 D
b1111010001110 d
b100001110011111111111111111111110111000011 #"
#2786
b1111111100110 D
b1111111101110 d
b100101011111111111111111111111110001010 #"
#2787
b10010110100010 D
b11111111100110 d
b100011111111111111111111111111001101 #"
#2788
b10000111111010 D
b10000111111010 d
b1101000111111111111111111111111001110101 #"
#2789
b10001111111010 D
b10001111111010 d
b1111111111111111111111101111110011111111111111111111111111011001 #"
#2790
b10001110111010 D
b10001110111010 d
b1111111111111111111110001011110111111111111111111111111100111001 #"
#2791
b10001111111001 D
b10001111111001 d
b11001110011111111111111111111110110010111 #"
#2792
b10001011111111 D
b10001011111111 d
b101100011011111111111111111111111101111111 #"
#2793
b10001101111111 D
b10001101111110 d
b100100111111111111111111111111100000001101 #"
#2794
b10000100111101 D
b10000100111101 d
b1111111111111111111111010011100111111111111111111111110111111101 #"
#2795
b1111111000100 D
b1111111000100 d
b1111111111111111111111110001000011111111111111111111110110110000 #"
#2796
b1111011000111 D
b1111011000111 d
b1111111111111111111111100010101000000000000000000000000110101111 #"
#2797
b1110111101100 D
b1110111101100 d
b1111111111111111111111101100100011111111111111111111111001111100 #"
#2798
b1110100011011 D
b1110100011011 d
b1100011010011111111111111111111101111111001 #"
#2799
b1110010110110 D
b1110010110110 d
b1111111111111111111111010000001011111111111111111111110000100101 #"
#2800
b1110100100101 D
b1110100100101 d
b1000010101111111111111111111111111001000110 #"
#2801
b1110111111101 D
b1110111111101 d
b1111111111111111111111100110101011111111111111111111110000100111 #"
#2802
b1111100110011 D
b1111100110011 d
b1111111111111111111111100010000111111111111111111111110010010101 #"
#2803
b10000001001101 D
b10000001001101 d
b1111111111111111111111001100010111111111111111111111110000110100 #"
#2804
b10000101100001 D
b10000101100001 d
b1111111111111111111111010000000000000000000000000000011000011000 #"
#2805
b10001010000111 D
b10001010000111 d
b1111111111111111111111011111100100000000000000000000001000111110 #"
#2806
b10001011101110 D
b10001011101110 d
b100010001111111111111111111111111111011001 #"
#2807
b10001101000111 D
b10001101000111 d
b100000111111111111111111111111110111010 #"
#2808
b10001010111101 D
b10001010111101 d
b1111111111111111111111011101100111111111111111111111111101110000 #"
#2809
b10000111110100 D
b10000111110100 d
b1111111111111111111111111110110011111111111111111111110100010110 #"
#2810
b10000010111110 D
b10000010111110 d
b1111111111111111111111110101110000000000000000000000000110101010 #"
#2811
b1111101101010 D
b1111101101010 d
b1111111111111111111111011110101111111111111111111111111110010110 #"
#2812
b1111001100010 D
b1111001100010 d
b1111111111111111111111110000011111111111111111111111110110011010 #"
#2813
b1110101100100 D
b1110101100100 d
b1000011101011111111111111111111101111110100 #"
#2814
b1110011011010 D
b1110011011010 d
b11011110111111111111111111111111000000110 #"
#2815
b1110011101100 D
b1110011101100 d
b1111111111111111111110101101000011111111111111111111101001010111 #"
#2816
b1110101111111 D
b1110101111111 d
b1111111111111111111101111101001100000000000000000000000011011101 #"
#2817
b1111001010101 D
b1111001010101 d
b1111111111111111111110101000100111111111111111111111111000011010 #"
#2818
b1111110000110 D
b1111110000110 d
b1111111111111111111111110110000000000000000000000000001001001000 #"
#2819
b10000011011000 D
b10000011011000 d
b1111111111111111111110111001010111111111111111111111110101010000 #"
#2820
b10000111111001 D
b10000111111001 d
b1111111111111111111111010010101100000000000000000000000010110010 #"
#2821
b10001011001011 D
b10001011101011 d
b111011111111111111111111111111001010101 #"
#2822
b10001101000100 D
b10001101001101 d
b1111111111111111111111100010001111111111111111111111111111100001 #"
#2823
b10001100010101 D
b10001101010101 d
b1111111111111111111111110101011000000000000000000000000000001010 #"
#2824
b10001101110111 D
b10001101110111 d
b1111111111111111111111011001100011111111111111111111111001000001 #"
#2825
b10001101111010 D
b10001101111010 d
b100011101000000000000000000000000100011101 #"
#2826
b10000100111111 D
b10000100111111 d
b10111111000000000000000000000001011111001 #"
#2827
b10111100110111 D
b10111100110111 d
b111111000011111111111111111111111110000100 #"
#2828
b1111110111101 D
b1111110110101 d
b1111111111111111111111100001111111111111111111111111110101100100 #"
#2829
b1110110111101 D
b1110110111101 d
b11011111111111111111111111100100000111 #"
#2830
b1110111111101 D
b1110101111101 d
b1111111111111111111111101101001100000000000000000000000011001011 #"
#2831
b1110011010011 D
b1110011010011 d
b1111111111111111111111000100110111111111111111111111111001011111 #"
#2832
b1110100001010 D
b1110100001010 d
b1111111111111111111111001010101000000000000000000000010010101001 #"
#2833
b1110111001101 D
b1110111001101 d
b1111111111111111111111010101100111111111111111111111111100111101 #"
#2834
b1111011100010 D
b1111011100010 d
b1000011101111111111111111111111110101100011 #"
#2835
b10000001001010 D
b10000001001010 d
b1111111111111111111111000011001111111111111111111111110110011001 #"
#2836
b10000110010000 D
b10000110010000 d
b1111111111111111111111101000111011111111111111111111101110101010 #"
#2837
b10001001000100 D
b10001001000100 d
b1111111111111111111110110110010100000000000000000000000010110001 #"
#2838
b10001011110001 D
b10001011110001 d
b1111111111111111111111000001100111111111111111111111111010111110 #"
#2839
b10001100101100 D
b10001100101100 d
b11100101011111111111111111111111101111100 #"
#2840
b10001011001110 D
b10001011001110 d
b10110000000000000000000000000001000001000 #"
#2841
b10001000100010 D
b10001000100010 d
b1101011111111111111111111111110110110101 #"
#2842
b10000011011010 D
b10000011011010 d
b1111111111111111111111011000110111111111111111111111110101111011 #"
#2843
b1111101110100 D
b1111101110100 d
b1111111111111111111110111111100011111111111111111111110011101100 #"
#2844
b1111001001000 D
b1111001001000 d
b1111111111111111111110111110010011111111111111111111110111010000 #"
#2845
b1110101111111 D
b1110101111111 d
b1111111111111111111110111010111011111111111111111111110110011110 #"
#2846
b1110100001010 D
b1110100001010 d
b111010000000000000000000000000100001100 #"
#2847
b1110011110110 D
b1110011110110 d
b1111111111111111111111101100101111111111111111111111101100111110 #"
#2848
b1110100111011 D
b1110100111011 d
b1111001100000000000000000000000010100100 #"
#2849
b1111000111111 D
b1111000111111 d
b11110111111111111111111111111110001110 #"
#2850
b1111110000010 D
b1111110000010 d
b100101001011111111111111111111110110101001 #"
#2851
b10000011010101 D
b10000011010101 d
b1111111111111111111111100000101100000000000000000000000110101001 #"
#2852
b10000111011011 D
b10000111011011 d
b101001100000000000000000000000010101101011 #"
#2853
b10001010100010 D
b10001010100010 d
b1111111111111111111111100111101100000000000000000000001100100100 #"
#2854
b10001100001001 D
b10001100001001 d
b1111111111111111111111100011001000000000000000000000001001101110 #"
#2855
b10001100000000 D
b10001100000000 d
b1111111111111111111111101010010011111111111111111111111010010011 #"
#2856
b10001010011001 D
b10001010011001 d
b1111111111111111111111000001000000000000000000000000001100110101 #"
#2857
b10000110010110 D
b10000110010110 d
b1100010011111111111111111111010100101110 #"
#2858
b10000000100011 D
b10000010100011 d
b1101100110011111111111111111111101111000000 #"
#2859
b1111011110111 D
b11111011110111 d
b1111111111111111111111111010001000000000000000000000100101100011 #"
#2860
b1111010011111 D
b1111011011111 d
b100100100011111111111111111111111001100110 #"
#2861
b1111101001011 D
b1111101001011 d
b1111111111111111111110001111000000000000000000000000000010000010 #"
#2862
b1110101001111 D
b1110101001111 d
b110000000000000000000000001100111101 #"
#2863
b1110100001100 D
b1110100001100 d
b1111111111111111111110111000010011111111111111111111111100010110 #"
#2864
b1110110010111 D
b1110110010111 d
b1010011001100000000000000000000010011111000 #"
#2865
b1111111010111 D
b1111111010111 d
b1111111111111111111110001001011011111111111111111111100000100100 #"
#2866
b1111011010011 D
b1111011010011 d
b1111111111111111111111000110011111111111111111111111101001011000 #"
#2867
b10000000010000 D
b10000000010000 d
b1111111111111111111111011111000000000000000000000000001100111000 #"
#2868
b10000100111011 D
b10000100111011 d
b10000100011111111111111111111110000011000 #"
#2869
b10001000111100 D
b10001000111100 d
b1111111111111111111111110110110011111111111111111111111000111000 #"
#2870
b10001100001000 D
b10001100001000 d
b1111111111111111111110010010011111111111111111111111110100101010 #"
#2871
b10001101000101 D
b10001101000101 d
b1111111111111111111111010101101111111111111111111111110101000110 #"
#2872
b10001010111111 D
b10001010111111 d
b1111111111111111111111011001011111111111111111111111111010111110 #"
#2873
b10001000011101 D
b10001000011101 d
b11000001011111111111111111111110111010011 #"
#2874
b10000100000011 D
b10000100000011 d
b1101110000000000000000000000000110110100 #"
#2875
b1111110100011 D
b1111110100011 d
b1111111111111111111110111111110100000000000000000000001010000001 #"
#2876
b1111001110010 D
b1111001110010 d
b1111111111111111111111101110000100000000000000000000001101101100 #"
#2877
b1110110010101 D
b1110110010101 d
b1111111111111111111110010100100000000000000000000000000111011011 #"
#2878
b1110011011110 D
b1110011011110 d
b1001010110100000000000000000000000101111011 #"
#2879
b1110011111110 D
b1110011111110 d
b1111111111111111111100111110000111111111111111111111100100101001 #"
#2880
b1110101000111 D
b1110101000111 d
b1111111111111111111111100100011111111111111111111111100101101000 #"
#2881
b1111000000101 D
b1111000000101 d
b1111111111111111111101001011000111111111111111111111110000110001 #"
#2882
b1111101100101 D
b1111101100101 d
b1110000000111111111111111111111111001001111 #"
#2883
b10000010100010 D
b10000010100010 d
b101101110000000000000000000000001000001000 #"
#2884
b10000111000010 D
b10000111000010 d
b1111111111111111111110110010110111111111111111111111111011010010 #"
#2885
b10001010011000 D
b10001010011000 d
b1111111111111111111111010111100011111111111111111111111101000010 #"
#2886
b10001100011111 D
b10001100011111 d
b1111111111111111111110111100000111111111111111111111110010100101 #"
#2887
b10001100000111 D
b10001100000111 d
b1111111111111111111111001001011011111111111111111111101111100001 #"
#2888
b10001010000110 D
b10001010000110 d
b1111111111111111111111110100011111111111111111111111110011000110 #"
#2889
b10000110010010 D
b10000110010010 d
b1111111111111111111111111001110011111111111111111111101111011111 #"
#2890
b10000001111101 D
b10000001111101 d
b1111111111111111111110010001000011111111111111111111111110000110 #"
#2891
b1111100011111 D
b1111100011111 d
b1101010001011111111111111111111111000010011 #"
#2892
b1110111101111 D
b1110111101111 d
b1111100111111111111111111111101010111111 #"
#2893
b1110101001001 D
b1110101101001 d
b1111111111111111111110111110110000000000000000000000000001111001 #"
#2894
b1110011001110 D
b1110011001111 d
b10011100011111111111111111111111111010000 #"
#2895
b1110110000110 D
b1110111000110 d
b1011001011111111111111111111101011001010 #"
#2896
b1110110110011 D
b1110110110011 d
b1010100000000000000000000000011111110 #"
#2897
b1111110111011 D
b1111110111011 d
b11000111111111111111111111111110010010000 #"
#2898
b1111111111001 D
b1111111111001 d
b10000011111111111111111111111100100111001 #"
#2899
b1111111011001 D
b1111111011001 d
b1111111111111111111111001001000000000000000000000000001101111001 #"
#2900
b10001101100111 D
b10000101100111 d
b1111110100000000000000000000000111111100 #"
#2901
b10001011100101 D
b10001011000101 d
b101101111100000000000000000000001111000011 #"
#2902
b10001011100101 d
b1111111111111111111111001101001000000000000000000000000001111101 #"
#2903
b10001100011110 D
b10001100011110 d
b11010100011111111111111111111111111010110 #"
#2904
b10001011100100 D
b10001011100100 d
b1111111111111111111111011111010011111111111111111111101101000100 #"
#2905
b10001000101110 D
b10001000101110 d
b1000011111111111111111111110101001111 #"
#2906
b10000100100010 D
b10000100100010 d
b1111111111111111111110111001111100000000000000000000001011100000 #"
#2907
b1111111001011 D
b1111111001011 d
b1111111111111111111111101000111111111111111111111111110100100111 #"
#2908
b1111010101101 D
b1111010101101 d
b1111111111111111111110000010100000000000000000000000010001001010 #"
#2909
b1110110010010 D
b1110110010010 d
b1111111111111111111111001000000011111111111111111111110100001011 #"
#2910
b1110011101010 D
b1110011101010 d
b1111111111111111111111100110011011111111111111111111110101101000 #"
#2911
b1110011001101 D
b1110011001101 d
b1111111111111111111110010011010011111111111111111111111001110111 #"
#2912
b1110101011111 D
b1110101011111 d
b101110100000000000000000000001001110001 #"
#2913
b1111000011111 D
b1111000011111 d
b1111111111111111111110001001100111111111111111111111111001110000 #"
#2914
b1111100010010 D
b1111100010010 d
b1111111111111111111110000100010111111111111111111111101111001001 #"
#2915
b10000001100110 D
b10000001100110 d
b1111111111111111111111101100101100000000000000000000000110011101 #"
#2916
b10000111010100 D
b10000111010100 d
b1111111111111111111111101110010111111111111111111111100001001011 #"
#2917
b10001010001110 D
b10001010001110 d
b1111111111111111111111110000001011111111111111111111110111011110 #"
#2918
b10001100011111 D
b10001100011111 d
b1111111111111111111110001110111111111111111111111111011001100011 #"
#2919
b10001100010100 D
b10001100010100 d
b1111111111111111111111000110001111111111111111111111101011010110 #"
#2920
b10001010011110 D
b10001010011110 d
b1111111111111111111110000101010011111111111111111111111110100111 #"
#2921
b10000110110010 D
b10000110110010 d
b1111111111111111111111110001110111111111111111111111100010010011 #"
#2922
b10000010100110 D
b10000010100110 d
b1111111111111111111111100011110011111111111111111111011110110011 #"
#2923
b1111101000110 D
b1111101000110 d
b1111111111111111111111110100001011111111111111111111101111101111 #"
#2924
b1110111111111 D
b1110111111111 d
b1111111111111111111111010000101111111111111111111111111100110000 #"
#2925
b1110100111001 D
b1110100111001 d
b1111111111111111111110110110110011111111111111111111011000011011 #"
#2926
b1110011011110 D
b1110011011110 d
b1111111111111111111110100111001111111111111111111111101010101000 #"
#2927
b1110100011010 D
b1110100011010 d
b1111111111111111111110011111001011111111111111111111110111011010 #"
#2928
b1110110000000 D
b1110110000000 d
b1111111111111111111111101011011100000000000000000000000000001100 #"
#2929
b1111001111101 D
b1111001111101 d
b110111011111111111111111111111011110011 #"
#2930
b1111111101011 D
b1111111111111 d
b11101110111111111111111111111110101100010 #"
#2931
b10111110101011 D
b11111111101011 d
b1111111111111111111110100110110011111111111111111111111010010000 #"
#2932
b10001101101111 D
b10001101101111 d
b1111111111111111111111111111100111111111111111111111100111101110 #"
#2933
b10001011010111 D
b10001011010111 d
b1111111111111111111111110010000011111111111111111111111111111001 #"
#2934
b10001111011110 D
b10001111011110 d
b1111111111111111111110111101000011111111111111111111101100110101 #"
#2935
b10001100011101 D
b10001100011101 d
b1111111111111111111110100011111100000000000000000000001100011001 #"
#2936
b10001101010101 D
b10001101010101 d
b1111111111111111111111101000100111111111111111111111110101110101 #"
#2937
b10001101111100 D
b10001101111100 d
b1110010111111111111111111111111110101100010 #"
#2938
b10000100111100 D
b10000100111100 d
b1111111111111111111110111101001011111111111111111111110101100111 #"
#2939
b1111111110010 D
b1111111110010 d
b10101101111111111111111111111100010101110 #"
#2940
b1111010100101 D
b1111010100101 d
b1111111111111111111110101000000100000000000000000000001000010010 #"
#2941
b1110110100010 D
b1110110100010 d
b1111111111111111111110000110010000000000000000000000001100011000 #"
#2942
b1110011111011 D
b1110011111011 d
b1111111111111111111111011000111100000000000000000000001000100001 #"
#2943
b1110011011010 D
b1110011011010 d
b1111111111111111111111101101100011111111111111111111101011101101 #"
#2944
b1110101000000 D
b1110101000000 d
b11001000100000000000000000000001101000001 #"
#2945
b1111000000101 D
b1111000000101 d
b1111111111111111111110100001100011111111111111111111111000011110 #"
#2946
b1111100000001 D
b1111100000001 d
b1111111111111111111111010000100011111111111111111111011111010001 #"
#2947
b10000001011111 D
b10000001011111 d
b1111111111111111111101011111110000000000000000000000000111000000 #"
#2948
b10000110010111 D
b10000110010111 d
b1111111111111111111101101111101111111111111111111111101011110101 #"
#2949
b10001001110110 D
b10001001110110 d
b100100100000000000000000000000010011000 #"
#2950
b10001100101101 D
b10001100101101 d
b1111111111111111111111101101100111111111111111111111111111111011 #"
#2951
b10001100101100 D
b10001100101100 d
b1111111111111111111110011001100100000000000000000000000000010001 #"
#2952
b10001011000101 D
b10001011000101 d
b1111111111111111111101001100001011111111111111111111110101010011 #"
#2953
b10000111001100 D
b10000111001100 d
b1111111111111111111110111111111011111111111111111111101011010101 #"
#2954
b10000010010100 D
b10000010010100 d
b1111111111111111111110111101100000000000000000000000001000110000 #"
#2955
b1111101011010 D
b1111101011010 d
b1111111111111111111101011110001111111111111111111111101111101111 #"
#2956
b1111001000101 D
b1111001000101 d
b1111111111111111111111010110011100000000000000000000000011101110 #"
#2957
b1110101100110 D
b1110101100110 d
b1111111111111111111111011011000100000000000000000000000111100000 #"
#2958
b1110011101000 D
b1110011101000 d
b1111111111111111111110111011001111111111111111111111100111010101 #"
#2959
b1110011100011 D
b1110011100011 d
b1111111111111111111111000001100111111111111111111111001110011100 #"
#2960
b1110110011011 D
b1110110011011 d
b1111111111111111111111000111100111111111111111111111110001101011 #"
#2961
b1111010000100 D
b1111010000100 d
b1111111111111111111110000001001011111111111111111111101111100000 #"
#2962
b1111110011001 D
b1111110011001 d
b1111111111111111111110110110001011111111111111111111011110011101 #"
#2963
b10000011110011 D
b10000011110011 d
b1111111111111111111111010010001011111111111111111111011100001111 #"
#2964
b10000111101100 D
b10000111101100 d
b1101000011111111111111111111101011101111 #"
#2965
b10001011110001 D
b10001011111001 d
b1111111111111111111111100100010111111111111111111111011000110111 #"
#2966
b10001101001011 D
b10001111011011 d
b1010100011111111111111111110111011001011 #"
#2967
b10001100001111 D
b10001101001111 d
b1111111111111111111101101011000011111111111111111111101110010001 #"
#2968
b10001101011111 D
b10001101011111 d
b1111111111111111111100010111010111111111111111111111000101010101 #"
#2969
b10001101011011 D
b10001101011011 d
b1111111111111111111111111101111011111111111111111111100001100110 #"
#2970
b10000101011101 D
b10000101011101 d
b1111111111111111111111110100101111111111111111111111011110010011 #"
#2971
b10111011111101 D
b10111011111101 d
b1001010000111111111111111111111011111011101 #"
#2972
b1111111111001 D
b1111011111001 d
b1111111111111111111101000000111111111111111111111111111000010000 #"
#2973
b1110111000101 D
b1110111000101 d
b1111111111111111111111111101000111111111111111111111010110101011 #"
#2974
b1110111000100 D
b1110100000100 d
b1111111111111111111111001111010011111111111111111111100100001011 #"
#2975
b1110011001001 D
b1110011001001 d
b1111111111111111111101011001110111111111111111111110111101100101 #"
#2976
b1110100110011 D
b1110100110011 d
b10111101100000000000000000000000011010011101 #"
#2977
b1110111100111 D
b1110111100111 d
b101101111100000000000000000000001101001110 #"
#2978
b1111011111001 D
b1111011111001 d
b10000010010111111111111111111111110111110010 #"
#2979
b10000000110010 D
b10000000110010 d
b1111111111111111111110101100001011111111111111111111111100111011 #"
#2980
b10000101101010 D
b10000101101010 d
b10000000011111111111111111110100101000101 #"
#2981
b10001001011000 D
b10001001011000 d
b111100101011111111111111111111111101100010 #"
#2982
b10001100011000 D
b10001100011000 d
b1001100001111111111111111111111110001001001 #"
#2983
b10001100101110 D
b10001100101110 d
b10001100100111111111111111111111111000100000 #"
#2984
b10001011000011 D
b10001011000011 d
b1111111111111111111100010000011100000000000000000000010000100110 #"
#2985
b10000111101010 D
b10000111101010 d
b10111101110111111111111111111111111000010010 #"
#2986
b10000011010010 D
b10000011010010 d
b11001111011111111111111111110100110011001 #"
#2987
b1111110000010 D
b1111110000010 d
b1111111111111111111101010000001111111111111111111110001011110111 #"
#2988
b1111001000011 D
b1111001000011 d
b1111111111111111111111110011001000000000000000000000001100100000 #"
#2989
b1110101100110 D
b1110101100110 d
b1111111111111111111100110100000011111111111111111111111000011100 #"
#2990
b1110011110011 D
b1110011110011 d
b1111111111111111111011101001000011111111111111111111110010001111 #"
#2991
b1110011100110 D
b1110011100110 d
b111011101011111111111111111111101010011111 #"
#2992
b1110101011100 D
b1110101011100 d
b1111111111111111111110000011000011111111111111111111010110011100 #"
#2993
b1111010001010 D
b1111010001010 d
b1111111111111111111000010011001011111111111111111111100000110111 #"
#2994
b1111110000110 D
b1111110000110 d
b11011101111111111111111111111011111001001 #"
#2995
b10000011001001 D
b10000011001001 d
b1111111111111111111011011110000111111111111111111110001101101111 #"
#2996
b10000111011010 D
b10000111011010 d
b1111111111111111110011110000101000000000000000000000101000010001 #"
#2997
b10001010110010 D
b10001010110010 d
b1111111111111111111111010101100000000000000000000001001111111101 #"
#2998
b10001100101101 D
b10001100101101 d
b1100100111100111111111111111111111000000010100 #"
#2999
b10001100011010 D
b10001100011010 d
b1111111111111111110010101101111100000000000000000001100000100010 #"
#3000
b10001001111010 D
b10001001111010 d
b1111111111111111110111010110010111111111111111111100000101100000 #"
#3001
b10000101110100 D
b10001101111110 d
b1011011011011111111111111111111011001110101010 #"
#3002
b10000001111001 D
b10000101111101 d
b1111111111111111110101110101111011111111111111111101111100111101 #"
#3003
b1111011111001 D
b11111011111001 d
b10100001000101111111111111111111111010011111010 #"
#3004
b1111111111111 D
b1111111111111 d
b1111111111111111111000100110101011111111111111111000111110100001 #"
#3005
b1110111011111 D
b1110111011111 d
b1000100111010100000000000000000001100101111001 #"
#3006
b1110111111011 D
b1110111111011 d
b1111111111111111101001101001000111111111111111111000001101100110 #"
#3007
b1110011111111 D
b1110011111111 d
b1111111111111111110101000001101000000000000001100010010011001111 #"
#3008
b1110111111101 D
b1110111111101 d
b1111111111111111100110110010000100000000000000001000001101000001 #"
#3009
b1111111110000 D
b1110111110000 d
b101111101110111111111111111111100011010001011 #"
#3010
b1111011101000 D
b1111011101000 d
b1111111111111111110111100101000100000000000000000101111100001100 #"
#3011
b10000000011101 D
b10000000011101 d
b1111101000111000000000000000000000110111101110 #"
#3012
b10000101001001 D
b10000101001001 d
b1111111111111111111011101011001100000000000000000001011101101111 #"
#3013
b10001001011110 D
b10001001011110 d
b11100001101100000000000000000011101000110011 #"
#3014
b10001011111011 D
b10001011111011 d
b1111111111111111111011111010111100000000000000000100001011101001 #"
#3015
b10001100001100 D
b10001100001100 d
b1111111111111111101111101111101011111111111111111110010100000100 #"
#3016
b10001010111111 D
b10001010111111 d
b1100100110100100000000000000000000010001101101 #"
#3017
b10001000011100 D
b10001000011100 d
b101001011010111111111111111111111011010010011 #"
#3018
b10000011111110 D
b10000011111110 d
b1111111111111111110101111001101011111111111111111110001011100110 #"
#3019
b1111110100100 D
b1111110100100 d
b1111111111111111111011000100001000000000000000000001011001000011 #"
#3020
b1111001011000 D
b1111001011000 d
b111111100000000000000000000000010011101011 #"
#3021
b1110110001011 D
b1110110001011 d
b1111111111111111110110000101101011111111111111111111011111110001 #"
#3022
b1110011111000 D
b1110011111000 d
b1111111111111111111011010111011011111111111111111111011111100111 #"
#3023
b1110011100101 D
b1110011100101 d
b11110010110111111111111111111111101000010011 #"
#3024
b1110101001011 D
b1110101001011 d
b1111111111111111111010110001111111111111111111111111110000111011 #"
#3025
b1111000100101 D
b1111000100101 d
b1111111111111111111011011001100011111111111111111111011110010000 #"
#3026
b1111101001010 D
b1111101001010 d
b1101000111111111111111111111000111111110 #"
#3027
b10000010011110 D
b10000010011110 d
b1111111111111111111010100010001100000000000000000001001100111011 #"
#3028
b10000111011001 D
b10000111011001 d
b1111111111111111111101001010100100000000000000000001001010001000 #"
#3029
b10001011000010 D
b10001011000010 d
b11000010001011111111111111111111011001111111 #"
#3030
b10001100001000 D
b10001100001000 d
b1111111111111111111100000111111111111111111111111111011011111000 #"
#3031
b10001011100100 D
b10001011100100 d
b1110011011111111111111111111111110011010 #"
#3032
b10001010110010 D
b10001010110010 d
b100100010100011111111111111111111101111101001 #"
#3033
b10000110101011 D
b10000110101011 d
b101011100011111111111111111111100011111000 #"
#3034
b10000001001011 D
b10000001001011 d
b1111111111111111111111011111001000000000000000000001010101110100 #"
#3035
b1111100010011 D
b1111100010011 d
b1111111111111111111110001111011111111111111111111111101000010010 #"
#3036
b1111000010100 D
b1111000010100 d
b10010110001011111111111111111111010000110101 #"
#3037
b1110101000110 D
b1111101000110 d
b10010100110111111111111111111111101110001100 #"
#3038
b1110010111111 D
b1110111111111 d
b100010001111111111111111111111110101010101011 #"
#3039
b1110110111111 D
b1110110111111 d
b1111111111111111111110011000110100000000000000000000011101011001 #"
#3040
b1111111111111111111111010100111100000000000000000000001000001011 #"
#3041
b1111110111111 D
b1111110111111 d
b111111000111111111111111111111101000001100 #"
#3042
b1111111110101 D
b1111111110101 d
b1111111111111111111011111111001111111111111111111110111111101111 #"
#3043
b1111111110001 D
b1111111110001 d
b10001001110011111111111111111111110100001111 #"
#3044
b10001101011001 D
b10000101011001 d
b10010110110011111111111111111111111101010110 #"
#3045
b10001011001110 D
b10001001001010 d
b1111111111111111111111111010100111111111111111111111110000110110 #"
#3046
b10001011101100 D
b10001011101100 d
b1111111111111111111100111110000100000000000000000000101110110111 #"
#3047
b10001100010111 D
b10001100010111 d
b1111111111111111111100101001010111111111111111111111101110110000 #"
#3048
b10001011001000 D
b10001011001000 d
b1111111111111111111111110110010000000000000000000000010001100101 #"
#3049
b10001000111010 D
b10001000111010 d
b100000000000000000000000000010100001000 #"
#3050
b10000100000001 D
b10000100000001 d
b1101111101011111111111111111111101101101100 #"
#3051
b1111110001000 D
b1111110001000 d
b1111111111111111111111001010101100000000000000000000011100011011 #"
#3052
b1111010010110 D
b1111010010110 d
b1111111111111111111111110111100000000000000000000000101010011101 #"
#3053
b1110110010001 D
b1110110010001 d
b1111111111111111111111010010001111111111111111111111111100100101 #"
#3054
b1110100001110 D
b1110100001110 d
b1111111111111111111110101101100011111111111111111111101000110011 #"
#3055
b1110011000100 D
b1110011000100 d
b101000000000000000000000011101001101 #"
#3056
b1110100101001 D
b1110100101001 d
b1111111111111111111111101111001000000000000000000000010010110111 #"
#3057
b1111000100000 D
b1111000100000 d
b110101111011111111111111111111010101101001 #"
#3058
b1111100111000 D
b1111100111000 d
b10000110000111111111111111111111100011010001 #"
#3059
b10000010001100 D
b10000010001100 d
b1111111111111111111110010010001011111111111111111111111111010011 #"
#3060
b10000110111000 D
b10000110111000 d
b1111111111111111111101100101110111111111111111111111101000000001 #"
#3061
b10001010000101 D
b10001010000101 d
b10111100011111111111111111111110100010111 #"
#3062
b10001100100000 D
b10001100100000 d
b1111111111111111111101100000111111111111111111111111101010011111 #"
#3063
b10001100011110 D
b10001100011110 d
b1111111111111111111101000101001011111111111111111111001111010111 #"
#3064
b10001010100000 D
b10001010100000 d
b10110000111111111111111111111011010011000 #"
#3065
b10000111010001 D
b10000111010001 d
b10110100110111111111111111111111101101010011 #"
#3066
b10000010001110 D
b10000010001110 d
b1111111111111111111101001101100011111111111111111111111110110000 #"
#3067
b1111100011111 D
b1111100011111 d
b1111111111111111111100000101111111111111111111111111011010110000 #"
#3068
b1111000001101 D
b1111000001101 d
b1000111100000000000000000000000001011100 #"
#3069
b1110101000110 D
b1110101000110 d
b1111111111111111111110001011110011111111111111111111110110100110 #"
#3070
b1110011110010 D
b1110011110010 d
b100100110011111111111111111111000100100001 #"
#3071
b1110011111111 D
b1110011111111 d
b1100000111100000000000000000000001010001010 #"
1c"
#3072
b1110110100100 D
b1110110101100 d
b1111111111111111111111101111001000000000000000000000010010110111 #"
0c"
0d"
#3073
b1111010111010 D
b1111110111110 d
#3074
b1111111101011 D
b1111111111011 d
#3075
b11111111111011 D
b11111111111011 d
#3076
b10001011111111 D
b10001011111111 d
#3077
b10001011111110 D
b10001011111110 d
#3078
b10001111111110 D
b10001111111110 d
#3079
b10001111110110 D
b10001111110110 d
#3080
b10001011010110 D
b10001011010110 d
#3081
b10001101000010 D
b10001101000010 d
#3082
b10000101000010 D
b10000101000010 d
#3083
b10000000001101 D
b10000000001101 d
#3084
b1111010010000 D
b1111010010000 d
#3085
b1110110001110 D
b1110110001110 d
#3086
b1110011101001 D
b1110011101001 d
#3087
b1110011101111 D
b1110011101111 d
#3088
b1110101001111 D
b1110101001111 d
#3089
b1110111101100 D
b1110111101100 d
#3090
b1111011110111 D
b1111011110111 d
#3091
b10000001100011 D
b10000001100011 d
#3092
b10000111010011 D
b10000111010011 d
#3093
b10001010011101 D
b10001010011101 d
#3094
b10001011110011 D
b10001011110011 d
#3095
b10001100010110 D
b10001100010110 d
#3096
b10001011000111 D
b10001011000111 d
#3097
b10000111011000 D
b10000111011000 d
#3098
b10000010110011 D
b10000010110011 d
#3099
b1111101011101 D
b1111101011101 d
#3100
b1111000011010 D
b1111000011010 d
#3101
b1110100111110 D
b1110100111110 d
#3102
b1110100001000 D
b1110100001000 d
#3103
b1110100010100 D
b1110100010100 d
#3104
b1110101100111 D
b1110101100111 d
#3105
b1111001100010 D
b1111001100010 d
#3106
b1111111010101 D
b1111111010101 d
#3107
b10000100000110 D
b10000100000110 d
#3108
b10001000000100 D
b10001000000100 d
#3109
b10001011101000 D
b10001011101100 d
#3110
b10001110101101 D
b10001111101101 d
#3111
b10001100100101 D
b10001100100101 d
#3112
b10001101001101 D
b10001101001101 d
#3113
b10001101001111 D
b10001101001111 d
#3114
b10000101110111 D
b10000101110111 d
#3115
b10111011110101 D
b10000001110101 d
#3116
b1111111100101 D
b1111011100101 d
#3117
b1110110100111 D
b1110110100111 d
#3118
b1110100001001 D
b1110100001001 d
#3119
b1110011100111 D
b1110011100111 d
#3120
b1110100111101 D
b1110100111101 d
#3121
b1110111011101 D
b1110111011101 d
#3122
b1111011111110 D
b1111011111110 d
#3123
b10000000101010 D
b10000000101010 d
#3124
b10000101101001 D
b10000101101001 d
#3125
b10001001110001 D
b10001001110001 d
#3126
b10001101010010 D
b10001101010010 d
#3127
b10001101011001 D
b10001101011001 d
#3128
b10001010100010 D
b10001010100010 d
#3129
b10000111010011 D
b10000111010011 d
#3130
b10000010110111 D
b10000010110111 d
#3131
b1111110001110 D
b1111110001110 d
#3132
b1111001010101 D
b1111001010101 d
#3133
b1110101100011 D
b1110101100011 d
#3134
b1110011010110 D
b1110011010110 d
#3135
b1110011111001 D
b1110011111001 d
#3136
b1110101111010 D
b1110101111010 d
#3137
b1111001001111 D
b1111001001111 d
#3138
b1111110001110 D
b1111110001110 d
#3139
b10000011001011 D
b10000011001011 d
#3140
b10000111101111 D
b10000111101111 d
#3141
b10001010111101 D
b10001010111101 d
#3142
b10001100100000 D
b10001100100000 d
#3143
b10001100010111 D
b10001100110111 d
#3144
b10001001011010 D
b10001001011010 d
#3145
b10000101011010 D
b10001101011010 d
#3146
b10000001010011 D
b10000101010011 d
#3147
b11111011110011 D
b11111011110011 d
#3148
b1111111111011 D
b1111111111011 d
#3149
b1110111111111 D
b1110111111111 d
#3150
b1110011111111 D
b1110011111111 d
#3151
b1110110111111 D
b1110110111111 d
#3152
b1110111100111 D
b1110111100111 d
#3154
b1111011000100 D
b1111011000100 d
#3155
b10000000100100 D
b10000000100100 d
#3156
b10000100111010 D
b10000100111010 d
#3157
b10001001010100 D
b10001001010100 d
#3158
b10001100100110 D
b10001100100110 d
#3159
b10001100011101 D
b10001100011101 d
#3160
b10001010110010 D
b10001010110010 d
#3161
b10001000010010 D
b10001000010010 d
#3162
b10000011111011 D
b10000011111011 d
#3163
b1111110110001 D
b1111110110001 d
#3164
b1111001011000 D
b1111001011000 d
#3165
b1110101110100 D
b1110101110100 d
#3166
b1110011110010 D
b1110011110010 d
#3167
b1110011010111 D
b1110011010111 d
#3168
b1110110000010 D
b1110110000010 d
#3169
b1111001101010 D
b1111001101010 d
#3170
b1111101011010 D
b1111101011010 d
#3171
b10000010001100 D
b10000010001100 d
#3172
b10000111011010 D
b10000111011010 d
#3173
b10001011011011 D
b10001011011011 d
#3174
b10001100111011 D
b10001100111011 d
#3175
b10001011100100 D
b10001011100100 d
#3176
b10001001110000 D
b10001001110000 d
#3177
b10000110001110 D
b10000110001110 d
#3178
b10000001000000 D
b10000001000000 d
#3179
b1111100111000 D
b1111100111000 d
#3180
b1110111111000 D
b1111111111000 d
#3181
b1110100111001 D
b1110111111001 d
#3182
b1110111010011 D
b1110111010011 d
#3183
b1110011111111 D
b1110011111111 d
#3184
b1110111111101 D
b1110111111101 d
#3185
b1111111111101 D
b1111111111101 d
#3186
b1111111011111 D
b1111111011111 d
#3187
b1111111010110 D
b1111111010110 d
#3188
b10001101110100 D
b10000100110100 d
#3189
b10001011110111 D
b10001001110111 d
#3190
b10001011110100 D
b10001011110100 d
#3191
b10001100001101 D
b10001100001101 d
#3192
b10001011010111 D
b10001011010111 d
#3193
b10001000100110 D
b10001000100110 d
#3194
b10000100001110 D
b10000100001110 d
#3195
b1111110111011 D
b1111110111011 d
#3196
b1111010001101 D
b1111010001101 d
#3197
b1110110010111 D
b1110110010111 d
#3198
b1110011100010 D
b1110011100010 d
#3199
b1110011011001 D
b1110011011001 d
#3200
b1110101010001 D
b1110101010001 d
#3201
b1111000111000 D
b1111000111000 d
#3202
b1111101010010 D
b1111101010010 d
#3203
b10000010000101 D
b10000010000101 d
#3204
b10000110100011 D
b10000110100011 d
#3205
b10001010100000 D
b10001010100000 d
#3206
b10001100110000 D
b10001100110000 d
#3207
b10001100111100 D
b10001100111100 d
#3208
b10001010100101 D
b10001010100101 d
#3209
b10000110011010 D
b10000110011010 d
#3210
b10000001100101 D
b10000001100101 d
#3211
b1111100011111 D
b1111100011111 d
#3212
b1111000011111 D
b1111000011111 d
#3213
b1110101100010 D
b1110101100010 d
#3214
b1110010101100 D
b1110010101100 d
#3215
b1110011110010 D
b1110011111010 d
#3216
b1110110111110 D
b1110110111110 d
#3217
b1111010101111 D
b1111110111111 d
#3218
b1111111101111 D
b1111111101111 d
#3219
b11111111100100 D
b11111111100100 d
#3220
b10001100000111 D
b10001100000111 d
#3221
b10001011101011 D
b10001011101011 d
#3222
b10001111101110 D
b10001111101110 d
#3223
b10001101001101 D
b10001101001101 d
#3224
b10001100001001 D
b10001100001001 d
#3225
b10001000100111 D
b10001000100111 d
#3226
b10000100000010 D
b10000100000010 d
#3227
b1111111100001 D
b1111111100001 d
#3228
b1111010111010 D
b1111010111010 d
#3229
b1110110101011 D
b1110110101011 d
#3230
b1110100001010 D
b1110100001010 d
#3231
b1110011001000 D
b1110011001000 d
#3232
b1110101010000 D
b1110101010000 d
#3233
b1111000110010 D
b1111000110010 d
#3234
b1111100010010 D
b1111100010010 d
#3235
b10000001101001 D
b10000001101001 d
#3236
b10000110101011 D
b10000110101011 d
#3237
b10001010011110 D
b10001010011110 d
#3238
b10001100001110 D
b10001100001110 d
#3240
b10001010111101 D
b10001010111101 d
#3241
b10000111000001 D
b10000111000001 d
#3242
b10000010001101 D
b10000010001101 d
#3243
b1111101011100 D
b1111101011100 d
#3244
b1111000110110 D
b1111000110110 d
#3245
b1110100110111 D
b1110100110111 d
#3246
b1110011101001 D
b1110011101001 d
#3247
b1110100000010 D
b1110100000010 d
#3248
b1110110000101 D
b1110110000101 d
#3249
b1111010000100 D
b1111010000100 d
#3250
b1111110011100 D
b1111110011100 d
#3251
b10000011111011 D
b10111011111011 d
#3252
b10001000101010 D
b10001011111011 d
#3253
b10001011111010 D
b10001011111010 d
#3254
b10001110011010 D
b10001111011010 d
#3255
b10001111111110 D
b10001111111110 d
#3256
b10001011111110 D
b10001011111110 d
#3257
b10001101000110 D
b10001101000110 d
#3258
b10111101110110 D
b10110101010110 d
#3259
b1111111110100 D
b1111111110100 d
#3260
b1111110110100 D
b1111010100100 d
#3261
b1110110011100 D
b1110110011100 d
#3262
b1110100010001 D
b1110100010001 d
#3263
b1110011111101 D
b1110011111101 d
#3264
b1110100100011 D
b1110100100011 d
#3265
b1110111001000 D
b1110111001000 d
#3266
b1111100100010 D
b1111100100010 d
#3267
b10000001011100 D
b10000001011100 d
#3268
b10000101111011 D
b10000101111011 d
#3269
b10001010000010 D
b10001010000010 d
#3270
b10001100001001 D
b10001100001001 d
#3271
b10001100101010 D
b10001100101010 d
#3272
b10001011000000 D
b10001011000000 d
#3273
b10000111010111 D
b10000111010111 d
#3274
b10000011001000 D
b10000011001000 d
#3275
b1111101111010 D
b1111101111010 d
#3276
b1111001001000 D
b1111001001000 d
#3277
b1110101101100 D
b1110101101100 d
#3278
b1110011101010 D
b1110011101010 d
#3279
b1110011110111 D
b1110011110111 d
#3280
b1110101010111 D
b1110101010111 d
#3281
b1111001010000 D
b1111001010000 d
#3282
b1111110101011 D
b1111110101011 d
#3283
b10000011011000 D
b10000011011000 d
#3284
b10000111010110 D
b10000111010110 d
#3285
b10001010111101 D
b10001010111101 d
#3286
b10001100111011 D
b10001100111011 d
#3287
b10001011110011 D
b10001011111011 d
#3288
b10001001111110 D
b10001011111111 d
#3289
b10001101111101 D
b10001101111101 d
#3290
b10000101101101 D
b10000101101101 d
#3291
b11000001101000 D
b10000000101000 d
#3292
b1111111011011 D
b1111111010011 d
#3293
b1110111111000 D
b1110111111000 d
#3294
b1110111111101 D
b1110111110100 d
#3295
b1110111011101 D
b1110111011101 d
#3296
b1110111011001 D
b1110100011001 d
#3297
b1110111010011 D
b1110111010011 d
#3298
b1111011100101 D
b1111011100101 d
#3299
b10000000110011 D
b10000000110011 d
#3300
b10000101011111 D
b10000101011111 d
#3301
b10001001111110 D
b10001001111110 d
#3302
b10001100000100 D
b10001100000100 d
#3303
b10001100100011 D
b10001100100011 d
#3304
b10001011001010 D
b10001011001010 d
#3305
b10001000011011 D
b10001000011011 d
#3306
b10000011011111 D
b10000011011111 d
#3307
b1111101100001 D
b1111101100001 d
#3308
b1111001010101 D
b1111001010101 d
#3309
b1110110010111 D
b1110110010111 d
#3310
b1110011111001 D
b1110011111001 d
#3311
b1110011010010 D
b1110011010010 d
#3312
b1110101000001 D
b1110101000001 d
#3313
b1111001001011 D
b1111001001011 d
#3314
b1111110010001 D
b1111110010001 d
#3315
b10000010100111 D
b10000010100111 d
#3316
b10000111011100 D
b10000111011100 d
#3317
b10001010110011 D
b10001010110011 d
#3318
b10001100010001 D
b10001100010001 d
#3319
b10001100001010 D
b10001100001010 d
#3320
b10001001011010 D
b10001001011010 d
#3321
b10000110000000 D
b10000110000000 d
#3322
b10000001101001 D
b10000001101001 d
#3323
b1111100101001 D
b1111100101001 d
#3324
b1110111011001 D
b1111111011001 d
#3325
b1110110111011 D
b1110111111011 d
#3326
b1110110111011 d
#3327
b1110110111111 D
b1110110111111 d
#3328
b1110111011111 D
b1110111011111 d
#3329
b1111111011111 D
b1111111011111 d
#3330
b1111111111111 D
b1111111010111 d
#3331
b1111111111011 D
b1111111111011 d
#3332
b10000100110111 D
b10000100110111 d
#3333
b10001001010000 D
b10001001010000 d
#3334
b10001100001100 D
b10001100001100 d
#3335
b10001100110100 D
b10001100110100 d
#3336
b10001011011111 D
b10001011011111 d
#3337
b10000111111111 D
b10000111111111 d
#3338
b10000011111111 D
b10000011111111 d
#3339
b1111111010011 D
b1111111010011 d
#3340
b1111001111111 D
b1111001111111 d
#3341
b1110101100110 D
b1110101100110 d
#3342
b1110011101110 D
b1110011101110 d
#3343
b1110011011100 D
b1110011011100 d
#3344
b1110101100110 D
b1110101100110 d
#3345
b1111000110010 D
b1111000110010 d
#3346
b1111100110000 D
b1111100110000 d
#3347
b10000010100101 D
b10000010100101 d
#3348
b10000110110111 D
b10000110110111 d
#3349
b10001010100110 D
b10001010100110 d
#3350
b10001100011111 D
b10001100011111 d
#3351
b10001011110110 D
b10001011110110 d
#3352
b10001010010000 D
b10001010010000 d
#3353
b10000110010101 D
b10000110010101 d
#3354
b10000001011001 D
b10000001011001 d
#3355
b1111101010100 D
b1111101010100 d
#3356
b1111000000011 D
b1111000000011 d
#3357
b1110100101010 D
b1110100101010 d
#3358
b1110011101101 D
b1110011101101 d
#3359
b1110100101010 D
b1110110101011 d
#3360
b1110110011110 D
b1110110011110 d
#3361
b1111110111110 D
b1111110111110 d
#3362
b1111111111101 D
b1111111111101 d
#3363
b11111111111101 D
#3364
b10001100110110 D
b10001100110110 d
#3365
b10001011110110 D
b10001011110110 d
#3366
b10001111110110 D
b10001111110110 d
#3367
b10001111110101 D
b10001100110101 d
#3368
b10001011100110 D
b10001011100110 d
#3369
b10001001001110 D
b10001001001110 d
#3370
b10000100100001 D
b10000100100001 d
#3371
b1111111000101 D
b1111111000101 d
#3372
b1111010111101 D
b1111010111101 d
#3373
b1110110010001 D
b1110110010001 d
#3374
b1110100010011 D
b1110100010011 d
#3375
b1110011011100 D
b1110011011100 d
#3376
b1110101000000 D
b1110101000000 d
#3377
b1111000011101 D
b1111000011101 d
#3378
b1111101000100 D
b1111101000100 d
#3379
b10000010000011 D
b10000010000011 d
#3380
b10000110101000 D
b10000110101000 d
#3381
b10001001101000 D
b10001001101000 d
#3382
b10001100110011 D
b10001100110011 d
#3383
b10001101101101 D
b10001101101101 d
#3384
b10001010110000 D
b10001010110000 d
#3385
b10000110010111 D
b10000110010111 d
#3386
b10000010000110 D
b10000010000110 d
#3387
b1111101010001 D
b1111101010001 d
#3388
b1111000111110 D
b1111000111110 d
#3389
b1110101000101 D
b1110101000101 d
#3390
b1110011001111 D
b1110011001111 d
#3391
b1110011111110 D
b1110011111110 d
#3392
b1110101110001 D
b1110101110001 d
#3393
b1111001111010 D
b1111001111010 d
#3394
b1111111001111 D
b1111111101111 d
#3395
b10010100001111 D
b10111111001111 d
#3396
b10001000011101 D
b10001100011101 d
#3397
b10001011111111 D
b10001011111111 d
#3398
b10001111111110 D
b10001111111110 d
#3399
b10001111111111 D
b10001111111111 d
#3400
b10001011111111 D
b10001011111111 d
#3401
b10001101111110 D
b10001101111110 d
#3402
b10000100111110 D
b10000100111110 d
#3403
b10000001000110 D
b10000000000110 d
#3404
b1111011000010 D
b1111011000010 d
#3405
b1110110111100 D
b1110110111100 d
#3406
b1110100010101 D
b1110100010101 d
#3407
b1110011000111 D
b1110011000111 d
#3408
b1110100100100 D
b1110100100100 d
#3409
b1111000010100 D
b1111000010100 d
#3410
b1111100011011 D
b1111100011011 d
#3411
b10000000111100 D
b10000000111100 d
#3412
b10000110000100 D
b10000110000100 d
#3413
b10001001110001 D
b10001001110001 d
#3414
b10001011111101 D
b10001011111101 d
#3415
b10001101000000 D
b10001101000000 d
#3416
b10001010110101 D
b10001010110101 d
#3417
b10000111000011 D
b10000111000011 d
#3418
b10000010100001 D
b10000010100001 d
#3419
b1111101111101 D
b1111101111101 d
#3420
b1111001000011 D
b1111001000011 d
#3421
b1110101011111 D
b1110101011111 d
#3422
b1110011001110 D
b1110011001110 d
#3423
b1110011010001 D
b1110011010001 d
#3424
b1110101100000 D
b1110101100000 d
#3425
b1111010001010 D
b1111010001010 d
#3426
b1111110101110 D
b1111110101110 d
#3427
b10000011010010 D
b10000011010010 d
#3428
b10000111011111 D
b10000111011111 d
#3429
b10001011000111 D
b10001011000111 d
#3430
b10001101000000 D
b10001101000000 d
#3431
b10001100000001 D
b10001100000001 d
#3432
b10001001100101 D
b10001101100101 d
#3433
b10001101101100 D
b10001101101100 d
#3434
b10000101011110 D
b10000101011110 d
#3435
b10000000010110 D
b10000000010110 d
#3436
b1111111111101 D
b1111011101101 d
#3437
b1110111010111 D
b1110111010111 d
#3438
b1110111010110 D
b1110111010110 d
#3439
b1110011100001 D
b1110011100001 d
#3440
b1110100001111 D
b1110100001111 d
#3441
b1110110111011 D
b1110110111011 d
#3442
b1111011110001 D
b1111011110001 d
#3443
b10000001000111 D
b10000001000111 d
#3444
b10000101110100 D
b10000101110100 d
#3445
b10001001100101 D
b10001001100101 d
#3446
b10001011100010 D
b10001011100010 d
#3447
b10001100011001 D
b10001100011001 d
#3448
b10001010111011 D
b10001010111011 d
#3449
b10000111111011 D
b10000111111011 d
#3450
b10000011010011 D
b10000011010011 d
#3451
b1111101011010 D
b1111101011010 d
#3452
b1111001001001 D
b1111001001001 d
#3453
b1110110100011 D
b1110110100011 d
#3454
b1110011110010 D
b1110011110010 d
#3455
b1110011001100 D
b1110011001100 d
#3456
b1110101001010 D
b1110101001010 d
#3457
b1111001010111 D
b1111001010111 d
#3458
b1111110000100 D
b1111110000100 d
#3459
b10000011001110 D
b10000011001110 d
#3460
b10000111100010 D
b10000111100010 d
#3461
b10001010111001 D
b10001010111001 d
#3462
b10001100010011 D
b10001100010011 d
#3463
b10001100000111 D
b10001100000111 d
#3464
b10001010010110 D
b10001010010110 d
#3465
b10000110001100 D
b10000110001100 d
#3466
b10000000011111 D
b10000000011111 d
#3467
b1111011101111 D
b11111011111111 d
#3468
b1111010110111 D
b1111011110111 d
#3469
b1111100111111 D
b1111100111111 d
#3470
b1110110111111 D
b1110110111111 d
#3472
b1110111001111 D
b1110111001111 d
#3473
b1111111011011 D
b1111111011011 d
#3474
b1111011010010 D
b1111011010010 d
#3475
b10000001100001 D
b10000000100001 d
#3476
b10000101010100 D
b10000101010100 d
#3477
b10001000111111 D
b10001000111111 d
#3478
b10001011110001 D
b10001011110001 d
#3479
b10001100101111 D
b10001100101111 d
#3480
b10001011110101 D
b10001011110101 d
#3481
b10001000010100 D
b10001000010100 d
#3482
b10000011001000 D
b10000011001000 d
#3483
b1111110011011 D
b1111110011011 d
#3484
b1111010001110 D
b1111010001110 d
#3485
b1110110010110 D
b1110110010110 d
#3486
b1110011010111 D
b1110011010111 d
#3487
b1110011100001 D
b1110011100001 d
#3488
b1110101001001 D
b1110101001001 d
#3489
b1111001000000 D
b1111001000000 d
#3490
b1111101010111 D
b1111101010111 d
#3491
b10000010101111 D
b10000010101111 d
#3492
b10000111100101 D
b10000111100101 d
#3493
b10001010101000 D
b10001010101000 d
#3494
b10001100010001 D
b10001100010001 d
#3495
b10001100100101 D
b10001100100101 d
#3496
b10001010010000 D
b10001010010000 d
#3497
b10000110011000 D
b10000110011000 d
#3498
b10000010000110 D
b10000010000110 d
#3499
b1111100101100 D
b1111100101100 d
#3500
b1110111011101 D
b1110111011101 d
#3501
b1110100111001 D
b1110100111001 d
#3502
b1110011111001 D
b1110011111001 d
#3503
b1110100011011 D
b1110111011011 d
#3504
b1110110110011 D
b1110110110011 d
#3505
b1111110111101 D
b1111110111101 d
#3506
b1111111111110 D
b1111111111110 d
#3507
b1111111101010 D
b1111111101010 d
#3508
b10001101111001 D
b10000101101001 d
#3509
b10001011011101 D
b10001011011101 d
#3510
b10001111011101 D
#3511
b10001101000110 D
b10001100000110 d
#3512
b10001011101111 D
b10001011101111 d
#3513
b10001000111101 D
b10001000111101 d
#3514
b10000100011100 D
b10000100011100 d
#3515
b1111110101100 D
b1111110101100 d
#3516
b1111001111001 D
b1111001111001 d
#3517
b1110110100101 D
b1110110100101 d
#3518
b1110100011000 D
b1110100011000 d
#3519
b1110011100110 D
b1110011100110 d
#3520
b1110100110001 D
b1110100110001 d
#3521
b1110111110110 D
b1110111110110 d
#3522
b1111101001110 D
b1111101001110 d
#3523
b10000010110100 D
b10000010110100 d
#3524
b10000110011100 D
b10000110011100 d
#3525
b10001010111101 D
b10001010111101 d
#3526
b10001011010000 D
b10001011010000 d
#3527
b10001100010010 D
b10001100010010 d
#3528
b10001011001010 D
b10001011001010 d
#3529
b10000111000000 D
b10000111000000 d
#3530
b10000010011100 D
b10000010011100 d
#3531
b1111100101001 D
b1111100101001 d
#3532
b1110111101101 D
b1110111101101 d
#3533
b1110101100001 D
b1110101100001 d
#3534
b1110100000111 D
b1110100000111 d
#3535
b1110100001100 D
b1110100001100 d
#3536
b1110101110010 D
b1110101110010 d
#3537
b1111010000010 D
b1111010100010 d
#3538
b1111111011011 D
b1111111011011 d
#3539
b10111110111011 D
b11111111111011 d
#3540
b10001100110111 D
b10001100110111 d
#3541
b10001011110111 D
b10001011110111 d
#3542
b10001111110111 D
b10001111110111 d
#3543
b10001111011101 D
b10001111011101 d
#3544
b10001011101110 D
b10001011101110 d
#3545
b10001101001011 D
b10001101001011 d
#3546
b10100101000101 D
b10000101000001 d
#3547
b1111111101101 D
b1111111101101 d
#3548
b1111010001110 D
b1111010001110 d
#3549
b1110110001100 D
b1110110001100 d
#3550
b1110100001101 D
b1110100001101 d
#3551
b1110011100001 D
b1110011100001 d
#3552
b1110100110101 D
b1110100110101 d
#3553
b1110111111101 D
b1110111111101 d
#3554
b1111011111110 D
b1111011111110 d
#3555
b10000001101101 D
b10000001101101 d
#3556
b10000110010010 D
b10000110010010 d
#3557
b10001010000100 D
b10001010000100 d
#3558
b10001100110110 D
b10001100110110 d
#3559
b10001100011001 D
b10001100011001 d
#3560
b10001010100110 D
b10001010100110 d
#3561
b10000111001110 D
b10000111001110 d
#3562
b10000010110010 D
b10000010110010 d
#3563
b1111101011001 D
b1111101011001 d
#3564
b1111000100110 D
b1111000100110 d
#3565
b1110101011010 D
b1110101011010 d
#3566
b1110100000111 D
b1110100000111 d
#3567
b1110011010001 D
b1110011010001 d
#3568
b1110101111111 D
b1110101111111 d
#3569
b1111010001110 D
b1111010001110 d
#3570
b1111110101100 D
b1111110101100 d
#3571
b10000011101001 D
b10000011101001 d
#3572
b10001000000111 D
b10001000100111 d
#3573
b10001011010111 D
b10001011010111 d
#3574
b10001101010001 D
b10001111010011 d
#3575
b10001011100001 D
b10001111110001 d
#3576
b10001011100011 D
b10001011100011 d
#3577
b10001101011110 D
b10001101011110 d
#3578
b10000101011110 D
b10000101011110 d
#3579
b10111011011010 D
b10111011011010 d
#3580
b1111011011010 D
b1111011011010 d
#3581
b1110110111101 D
b1110110111101 d
#3582
b1110111010100 D
b1110101000100 d
#3583
b1110011011100 D
b1110011011100 d
#3584
b1110100001011 D
b1110100001011 d
#3585
b1110111101010 D
b1110111101010 d
#3586
b1111100000110 D
b1111100000110 d
#3587
b10000000110111 D
b10000000110111 d
#3588
b10000101101000 D
b10000101101000 d
#3589
b10001001100001 D
b10001001100001 d
#3590
b10001100010000 D
b10001100010000 d
#3591
b10001100100011 D
b10001100100011 d
#3592
b10001010110100 D
b10001010110100 d
#3593
b10000111100000 D
b10000111100000 d
#3594
b10000011011001 D
b10000011011001 d
#3595
b1111110001001 D
b1111110001001 d
#3596
b1111001010101 D
b1111001010101 d
#3597
b1110101010001 D
b1110101010001 d
#3598
b1110011001101 D
b1110011001101 d
#3599
b1110011110100 D
b1110011110100 d
#3600
b1110101111100 D
b1110101111100 d
#3601
b1111001010111 D
b1111001010111 d
#3602
b1111110001100 D
b1111110001100 d
#3603
b10000010110010 D
b10000010110010 d
#3604
b10000111110110 D
b10000111110110 d
#3605
b10001011001011 D
b10001011001011 d
#3606
b10001100010111 D
b10001100010111 d
#3607
b10001011101110 D
b10001011101110 d
#3608
b10001001011111 D
b10001001011111 d
#3609
b10000101100110 D
b10000101101110 d
#3610
b10000000110010 D
b10000000110110 d
#3611
b1111011111111 D
b11111011111111 d
#3612
b1111111111111 D
b1111111111111 d
#3613
b1110110111111 D
b1110110111111 d
#3614
b1110111111101 D
b1110111111101 d
#3615
b1110111101100 D
b1110111101100 d
#3616
b1110111100001 D
b1110111100001 d
#3617
b1111111000001 D
b1111111000001 d
#3618
b1111011000000 D
b1111011000000 d
#3619
b10000000010101 D
b10000000010101 d
#3620
b10000101111001 D
b10000101111001 d
#3621
b10001001110110 D
b10001001110110 d
#3622
b10001011011001 D
b10001011011001 d
#3623
b10001100100001 D
b10001100100001 d
#3624
b10001011011100 D
b10001011011100 d
#3625
b10001000011110 D
b10001000011110 d
#3626
b10000011101110 D
b10000011101110 d
#3627
b1111110001111 D
b1111110001111 d
#3628
b1111001110100 D
b1111001110100 d
#3629
b1110110010001 D
b1110110010001 d
#3630
b1110011101011 D
b1110011101011 d
#3631
b1110011011111 D
b1110011011111 d
#3632
b1110101011101 D
b1110101011101 d
#3633
b1111001011010 D
b1111001011010 d
#3634
b1111101101010 D
b1111101101010 d
#3635
b10000010111000 D
b10000010111000 d
#3636
b10000111001011 D
b10000111001011 d
#3637
b10001010001001 D
b10001010001001 d
#3638
b10001100101111 D
b10001100101111 d
#3639
b10001100111010 D
b10001100111010 d
#3640
b10001010000000 D
b10001010000000 d
#3641
b10000101110100 D
b10000101110100 d
#3642
b10000001000000 D
b10000001000000 d
#3643
b1111100010100 D
b1111100010100 d
#3644
b1111000001000 D
b1111000001000 d
#3645
b1110100110111 D
b1111100111111 d
#3646
b1110010111111 D
b1110110111111 d
#3647
b1110110111111 D
#3649
b1111111110111 D
b1111111110111 d
#3650
b1111111111111 D
b1111111111111 d
#3651
b1111111111011 D
b1111111111011 d
#3652
b10000101101111 D
b10000101101110 d
#3653
b10001011011111 D
b10001001011111 d
#3654
b10001111110101 D
b10001011110101 d
#3655
b10001100111100 D
b10001100111100 d
#3656
b10001011111111 D
b10001011111111 d
#3657
b10001000011000 D
b10001000011000 d
#3658
b10000100000100 D
b10000100000100 d
#3659
b1111110111011 D
b1111110111011 d
#3660
b1111011001110 D
b1111011001110 d
#3661
b1110110111000 D
b1110110111000 d
#3662
b1110100001000 D
b1110100001000 d
#3663
b1110011010001 D
b1110011010001 d
#3664
b1110100110000 D
b1110100110000 d
#3665
b1111000001110 D
b1111000001110 d
#3666
b1111101001000 D
b1111101001000 d
#3667
b10000010111000 D
b10000010111000 d
#3668
b10000110010011 D
b10000110010011 d
#3669
b10001010010101 D
b10001010010101 d
#3670
b10001100100111 D
b10001100100111 d
#3671
b10001100010111 D
b10001100010111 d
#3672
b10001010011001 D
b10001010011001 d
#3673
b10000110010101 D
b10000110010101 d
#3674
b10000010010000 D
b10000010010000 d
#3675
b1111101000111 D
b1111101000111 d
#3676
b1110111100000 D
b1110111100000 d
#3677
b1110100110100 D
b1110100110100 d
#3678
b1110100001001 D
b1110100001001 d
#3679
b1110011110100 D
b1110011110100 d
#3680
b1110110000011 D
b1110110100011 d
#3681
b1111010101100 D
b1111010101111 d
#3682
b1111111101111 D
b1111111101111 d
#3683
b11111111101111 D
b11111111101111 d
#3684
b10001100101101 D
b10001100101101 d
#3685
b10001011101111 D
b10001011101111 d
#3686
b10001111101111 D
b10001111101111 d
#3688
b10001011111101 D
b10001011111101 d
#3689
b10001001010101 D
b10001001010101 d
#3690
b10000100101000 D
b10000100101000 d
#3691
b1111111010111 D
b1111111010111 d
#3692
b1111010100001 D
b1111010100001 d
#3693
b1110110101100 D
b1110110101100 d
#3694
b1110100000110 D
b1110100000110 d
#3695
b1110011101001 D
b1110011101001 d
#3696
b1110100110111 D
b1110100110111 d
#3697
b1110111111100 D
b1110111111100 d
#3698
b1111011111101 D
b1111011111101 d
#3699
b10000001101010 D
b10000001101010 d
#3700
b10000111000100 D
b10000111000100 d
#3701
b10001001111100 D
b10001001111100 d
#3702
b10001100001011 D
b10001100001011 d
#3703
b10001100011110 D
b10001100011110 d
#3704
b10001010010001 D
b10001010010001 d
#3705
b10000111000001 D
b10000111000001 d
#3706
b10000010110000 D
b10000010110000 d
#3707
b1111101000100 D
b1111101000100 d
#3708
b1111000101100 D
b1111000101100 d
#3709
b1110101101100 D
b1110101101100 d
#3710
b1110011001001 D
b1110011001001 d
#3711
b1110100000000 D
b1110100000000 d
#3712
b1110101111101 D
b1110101111101 d
#3713
b1111001011001 D
b1111001011001 d
#3714
b1111111001011 D
b1111111001011 d
#3715
b10000011111101 D
b10000011111101 d
#3716
b10001000111010 D
b10001000111010 d
#3717
b10001011001101 D
b10001011001111 d
#3718
b10001110001111 D
b10001111001111 d
#3719
b10001111111111 D
b10001111111111 d
#3720
b10001011111111 D
b10001011111111 d
#3721
b10001101111011 D
b10001101111011 d
#3722
b10000101110010 D
b10000101110010 d
#3723
b10111000000010 D
b10110000000010 d
#3724
b1111011101000 D
b1111010101000 d
#3725
b1110111000001 D
b1110111000001 d
#3726
b1110101101000 D
b1110100101000 d
#3727
b1110011010101 D
b1110011010101 d
#3728
b1110100001100 D
b1110100001100 d
#3729
b1110111010110 D
b1110111010110 d
#3730
b1111100010000 D
b1111100010000 d
#3731
b10000001001100 D
b10000001001100 d
#3732
b10000101011011 D
b10000101011011 d
#3733
b10001001101011 D
b10001001101011 d
#3734
b10001100010000 D
b10001100010000 d
#3735
b10001100100101 D
b10001100100101 d
#3736
b10001011000010 D
b10001011000010 d
#3737
b10000111101010 D
b10000111101010 d
#3738
b10000010101111 D
b10000010101111 d
#3739
b1111101111110 D
b1111101111110 d
#3740
b1111000111101 D
b1111000111101 d
#3741
b1110101100110 D
b1110101100110 d
#3742
b1110011100111 D
b1110011100111 d
#3743
b1110011001100 D
b1110011001100 d
#3744
b1110110001011 D
b1110110001011 d
#3745
b1111010000101 D
b1111010000101 d
#3746
b1111101011111 D
b1111101011111 d
#3747
b10000010111110 D
b10000010111110 d
#3748
b10001000011011 D
b10001000011011 d
#3749
b10001011101001 D
b10001011101001 d
#3750
b10001100100000 D
b10001100100000 d
#3751
b10001011100001 D
b10001011100001 d
#3752
b10001001110111 D
b10001001110111 d
#3753
b10000110101011 D
b10001111111111 d
#3754
b10000110101011 d
#3755
b11111011111111 D
b11111011111111 d
#3756
b1111111110101 D
b1111111110101 d
#3757
b1110111111001 D
b1110111111001 d
#3758
b1110011111101 D
b1110011111101 d
#3759
b1110111011100 D
b1110111011100 d
#3760
b1110111111100 D
b1110111111100 d
#3761
b1110111110001 D
b1110111110001 d
#3762
b1111011010100 D
b1111011010100 d
#3763
b10000000000001 D
b10000000000001 d
#3764
b10000101100110 D
b10000101100110 d
#3765
b10001010000001 D
b10001010000001 d
#3766
b10001011111101 D
b10001011111101 d
#3767
b10001100011001 D
b10001100011001 d
#3768
b10001011101000 D
b10001011101000 d
#3769
b10000111101111 D
b10000111101111 d
#3770
b10000011110001 D
b10000011110001 d
#3771
b1111110100101 D
b1111110100101 d
#3772
b1111000110011 D
b1111000110011 d
#3773
b1110110001110 D
b1110110001110 d
#3774
b1110011100101 D
b1110011100101 d
#3775
b1110011101100 D
b1110011101100 d
#3776
b1110110100010 D
b1110110100010 d
#3777
b1111000011110 D
b1111000011110 d
#3778
b1111100111100 D
b1111100111100 d
#3779
b10000011000101 D
b10000011000101 d
#3780
b10000111011010 D
b10000111011010 d
#3781
b10001011101010 D
b10001011101010 d
#3782
b10001100110110 D
b10001100110110 d
#3783
b10001011110101 D
b10001011110101 d
#3784
b10001001111110 D
b10001001111110 d
#3785
b10000110000111 D
b10000110000111 d
#3786
b10000001111001 D
b10000001111001 d
#3787
b1111100011010 D
b1111100111010 d
#3788
b1110111001010 D
b1110111001010 d
#3789
b1110100111111 D
b1110111111111 d
#3790
b1110111110101 D
b1110111110101 d
#3791
b1110111010101 D
b1110111010101 d
#3792
b1110111001111 D
b1110111001111 d
#3793
b1111111011011 D
b1111111011011 d
#3794
b1111111110001 D
b1111111110001 d
#3796
b10000100111110 D
b10000100111110 d
#3797
b10001101010001 D
b10001001000001 d
#3798
b10001100010000 D
b10001100010000 d
#3799
b10001100011101 D
b10001100011101 d
#3800
b10001011100000 D
b10001011100000 d
#3801
b10001000010000 D
b10001000010000 d
#3802
b10000100001001 D
b10000100001001 d
#3803
b1111111100011 D
b1111111100011 d
#3804
b1111010001011 D
b1111010001011 d
#3805
b1110101011111 D
b1110101011111 d
#3806
b1110011110000 D
b1110011110000 d
#3807
b1110011101000 D
b1110011101000 d
#3808
b1110101001001 D
b1110101001001 d
#3809
b1111001000010 D
b1111001000010 d
#3810
b1111101000010 D
b1111101000010 d
#3811
b10000001111011 D
b10000001111011 d
#3812
b10000110100101 D
b10000110100101 d
#3813
b10001010100100 D
b10001010100100 d
#3814
b10001101001010 D
b10001101001010 d
#3815
b10001101000000 D
b10001101000000 d
#3816
b10001001111001 D
b10001001111001 d
#3817
b10000110001110 D
b10000110001110 d
#3818
b10000010000111 D
b10000010000111 d
#3819
b1111100101110 D
b1111100101110 d
#3820
b1111000000101 D
b1111000000101 d
#3821
b1110101000011 D
b1110101000011 d
#3822
b1110011110010 D
b1110011110010 d
#3823
b1110011111100 D
b1110011111100 d
#3824
b1110110110010 D
b1110110111010 d
#3825
b1111010111010 D
b1111110111010 d
#3826
b1111111111111 D
b1111111111111 d
#3827
b11111111010111 D
b11111111010111 d
#3828
b10001100011111 D
b10001100011111 d
#3829
b10001011111011 D
b10001011111011 d
#3830
b10001111110011 D
b10001111110011 d
#3831
b10001111111010 D
b10001111111010 d
#3832
b10001011011010 D
b10001011011010 d
#3833
b10001000000100 D
b10001000000100 d
#3834
b10000100001111 D
b10000100001111 d
#3835
b1111111011000 D
b1111111011000 d
#3836
b1111010110010 D
b1111010110010 d
#3837
b1110111010000 D
b1110111010000 d
#3838
b1110011001110 D
b1110011001110 d
#3839
b1110011001001 D
b1110011001001 d
#3840
b1110101010001 D
b1110101010001 d
#3841
b1111000001100 D
b1111000001100 d
#3842
b1111101011101 D
b1111101011101 d
#3843
b10000001111011 D
b10000001111011 d
#3844
b10000101110010 D
b10000101110010 d
#3845
b10001010101111 D
b10001010101111 d
#3846
b10001101000111 D
b10001101000111 d
#3847
b10001100100100 D
b10001100100100 d
#3848
b10001010011010 D
b10001010011010 d
#3849
b10000110011101 D
b10000110011101 d
#3850
b10000010100010 D
b10000010100010 d
#3851
b1111101111111 D
b1111101111111 d
#3852
b1111000011000 D
b1111000011000 d
#3853
b1110100110001 D
b1110100110001 d
#3854
b1110010111001 D
b1110010111001 d
#3855
b1110011110011 D
b1110011110011 d
#3856
b1110110111000 D
b1110110111000 d
#3857
b1111010010110 D
b1111010010110 d
#3858
b1111110100101 D
b1111110100101 d
#3859
b10000011011000 D
b10000011111000 d
#3860
b10001000011011 D
b10001010011011 d
#3861
b10001011111111 D
b10001011111111 d
#3862
b10001110110111 D
b10001111110111 d
#3863
b10001111110011 D
b10001111110011 d
#3864
b10001011011011 D
b10001011011011 d
#3865
b10001101101010 D
b10001101101010 d
#3866
b10000100101110 D
b10000100101110 d
#3867
b10111011010110 D
b10000001010110 d
#3868
b1111011010110 D
b1111011010010 d
#3869
b1110110110110 D
b1110110110110 d
#3870
b1110100101000 D
b1110100101000 d
#3871
b1110010110011 D
b1110010110011 d
#3872
b1110011110010 D
b1110011110010 d
#3873
b1111000000101 D
b1111000000101 d
#3874
b1111100000011 D
b1111100000011 d
#3875
b10000001100011 D
b10000001100011 d
#3876
b10000110010010 D
b10000110010010 d
#3877
b10001001101000 D
b10001001101000 d
#3878
b10001100010010 D
b10001100010010 d
#3879
b10001100110100 D
b10001100110100 d
#3880
b10001010100101 D
b10001010100101 d
#3881
b10000111010000 D
b10000111010000 d
#3882
b10000010110000 D
b10000010110000 d
#3883
b1111101101000 D
b1111101101000 d
#3884
b1111000110001 D
b1111000110001 d
#3885
b1110101110010 D
b1110101110010 d
#3886
b1110011101010 D
b1110011101010 d
#3887
b1110011100100 D
b1110011100100 d
#3888
b1110101011001 D
b1110101011001 d
#3889
b1111001111101 D
b1111001111101 d
#3890
b1111110101001 D
b1111110101001 d
#3891
b10000011101011 D
b10000011101011 d
#3892
b10001000000101 D
b10001000000101 d
#3893
b10001010110011 D
b10001010110011 d
#3894
b10001100011101 D
b10001100011101 d
#3895
b10001100011001 D
b10001100011001 d
#3896
b10001001011111 D
b10001001011111 d
#3897
b10000100111111 D
b10001101111111 d
#3898
b10000100110101 D
b10000100110101 d
#3899
b11111011010101 D
b11111011010101 d
#3900
b1111111010110 D
b1111111010110 d
#3901
b1110111101010 D
b1110111101010 d
#3903
b1110111000011 D
b1110111000000 d
#3904
b1110111001011 D
b1110101001011 d
#3905
b1110111101001 D
b1110111101001 d
#3906
b1111011101111 D
b1111011101111 d
#3907
b10000000111010 D
b10000000111010 d
#3908
b10000101011111 D
b10000101011111 d
#3909
b10001001011010 D
b10001001011010 d
#3910
b10001100000001 D
b10001100000001 d
#3911
b10001100110101 D
b10001100110101 d
#3912
b10001011100101 D
b10001011100101 d
#3913
b10000111110011 D
b10000111110011 d
#3914
b10000010100101 D
b10000010100101 d
#3915
b1111110010001 D
b1111110010001 d
#3916
b1111001101110 D
b1111001101110 d
#3917
b1110101101111 D
b1110101101111 d
#3918
b1110011100000 D
b1110011100000 d
#3919
b1110011101001 D
b1110011101001 d
#3920
b1110101111010 D
b1110101111010 d
#3921
b1111001000110 D
b1111001000110 d
#3922
b1111101100110 D
b1111101100110 d
#3923
b10000011001111 D
b10000011001111 d
#3924
b10001000000011 D
b10001000000011 d
#3925
b10001011011111 D
b10001011011111 d
#3926
b10001101001010 D
b10001101001010 d
#3927
b10001011001111 D
b10001011001111 d
#3928
b10001001100110 D
b10001001100110 d
#3929
b10000101011110 D
b10000101011110 d
#3930
b10000001000101 D
b10000001000101 d
#3931
b1111100100010 D
b1111100100011 d
#3932
b1110111111011 D
b1111111111011 d
#3933
b1110110011111 D
b1110111011111 d
#3934
b1110111110111 D
b1110111110111 d
#3935
b1110111111100 D
b1110111111100 d
#3936
b1110111011111 D
b1110111011111 d
#3937
b1111111010111 D
b1111111010111 d
#3938
b1111011010110 D
b1111011010110 d
#3939
b10000101100100 D
b10000101100100 d
#3940
b10000101011110 D
b10000101011110 d
#3941
b10001001000110 D
b10001001000110 d
#3942
b10001011110101 D
b10001011110101 d
#3943
b10001101001101 D
b10001101001101 d
#3944
b10001011100111 D
b10001011100111 d
#3945
b10001000000110 D
b10001000000110 d
#3946
b10000011111100 D
b10000011111100 d
#3947
b1111110110111 D
b1111110110111 d
#3948
b1111001111000 D
b1111001111000 d
#3949
b1110110001011 D
b1110110001011 d
#3950
b1110011001110 D
b1110011001110 d
#3951
b1110011110110 D
b1110011110110 d
#3952
b1110101010011 D
b1110101010011 d
#3953
b1111000011111 D
b1111000011111 d
#3954
b1111101011101 D
b1111101011101 d
#3955
b10000010110111 D
b10000010110111 d
#3956
b10000110110000 D
b10000110110000 d
#3957
b10001010101111 D
b10001010101111 d
#3958
b10001100101011 D
b10001100101011 d
#3959
b10001100001001 D
b10001100001001 d
#3960
b10001001101111 D
b10001001101111 d
#3961
b10000110100110 D
b10000110100110 d
#3962
b10000001110001 D
b10000001110001 d
#3963
b1111011110001 D
b1111011110001 d
#3964
b1110111111100 D
b1110111111100 d
#3965
b1110101010011 D
b1110101010011 d
#3966
b1110011011111 D
b1110011011111 d
#3967
b1110011111110 D
b1110011111110 d
#3968
b1110110101110 D
b1110110111110 d
#3969
b1111110100111 D
b1111110100111 d
#3970
b1111111111111 D
b1111111111111 d
#3971
b11111111111111 D
b11111111111111 d
#3972
b10001101111111 D
b10001101111111 d
#3973
b10001101110011 D
b10001101110011 d
#3974
b10001100000111 D
b10001100000111 d
#3975
b10001111010110 D
b10001111010110 d
#3976
b10001011010100 D
b10001011010100 d
#3977
b10001001000111 D
b10001001000111 d
#3978
b10000100010011 D
b10000100010011 d
#3979
b1111111000001 D
b1111111000001 d
#3980
b1111001111100 D
b1111001111100 d
#3981
b1110110101011 D
b1110110101011 d
#3982
b1110100100001 D
b1110100100001 d
#3983
b1110010110001 D
b1110010110001 d
#3984
b1110100011010 D
b1110100011010 d
#3985
b1111000100110 D
b1111000100110 d
#3986
b1111101001001 D
b1111101001001 d
#3987
b10000001110111 D
b10000001110111 d
#3988
b10000110111010 D
b10000110111010 d
#3989
b10001001111110 D
b10001001111110 d
#3990
b10001100001100 D
b10001100001100 d
#3991
b10001100111111 D
b10001100111111 d
#3992
b10001010010100 D
b10001010010100 d
#3993
b10000110010100 D
b10000110010100 d
#3994
b10000010000010 D
b10000010000010 d
#3995
b1111100111001 D
b1111100111001 d
#3996
b1111000001010 D
b1111000001010 d
#3997
b1110101010110 D
b1110101010110 d
#3998
b1110011011010 D
b1110011011010 d
#3999
b1110011101110 D
b1110011101110 d
#4000
b1110110011110 D
b1110110011110 d
#4001
b1111010101100 D
b1111010101100 d
#4002
b1111110101111 D
b1111110101111 d
#4003
b10000011111001 D
b10111011111011 d
#4004
b10001010111011 D
b10001011111011 d
#4005
b10001011111011 D
#4006
b10001111111001 D
b10001111111001 d
#4007
b10001111110111 D
b10001111110111 d
#4008
b10001011110110 D
b10001011110110 d
#4009
b10001100111110 D
b10001100111110 d
#4010
b10111111111100 D
b10000101111100 d
#4011
b1111111111101 D
b1111111111101 d
#4012
b1111011000101 D
b1111011000101 d
#4013
b1110110110111 D
b1110110110111 d
#4014
b1110011110101 D
b1110011110101 d
#4015
b1110010111101 D
b1110010111101 d
#4016
b1110100110001 D
b1110100110001 d
#4017
b1111000001000 D
b1111000001000 d
#4018
b1111100110000 D
b1111100110000 d
#4019
b10000001000010 D
b10000001000010 d
#4020
b10000101110000 D
b10000101110000 d
#4021
b10001010001111 D
b10001010001111 d
#4022
b10001100011010 D
b10001100011010 d
#4023
b10001100001101 D
b10001100001101 d
#4024
b10001010001101 D
b10001010001101 d
#4025
b10000111010011 D
b10000111010011 d
#4026
b10000011000000 D
b10000011000000 d
#4027
b1111101010110 D
b1111101010110 d
#4028
b1111000111001 D
b1111000111001 d
#4029
b1110101100111 D
b1110101100111 d
#4030
b1110011000000 D
b1110011000000 d
#4031
b1110011101111 D
b1110011101111 d
#4032
b1110110000010 D
b1110110000010 d
#4033
b1111001111110 D
b1111001111110 d
#4034
b1111110101011 D
b1111110101011 d
#4035
b10000011100011 D
b10000011100011 d
#4036
b10001000001101 D
b10001000001101 d
#4037
b10001011001000 D
b10001011001000 d
#4038
b10001100011010 D
b10001100011010 d
#4039
b10001100001010 D
b10001100001010 d
#4040
b10001001101011 D
b10001101101011 d
#4041
b10001100111011 D
b10001101111011 d
#4042
b10000100111111 D
b10000100111111 d
#4043
b10111011010101 D
b10111011000101 d
#4044
b1111111010110 D
b1111111010110 d
#4045
b1110111010111 D
b1110111010111 d
#4046
b1110111011111 D
b1110111010101 d
#4047
b1110111011110 D
b1110011011110 d
#4048
b1110101010101 D
b1110100010101 d
#4049
b1110111001110 D
b1110111001110 d
#4050
b1111100001011 D
b1111100001011 d
#4051
b10000001010010 D
b10000001010010 d
#4052
b10000101100100 D
b10000101100100 d
#4053
b10001001011001 D
b10001001011001 d
#4054
b10001011111010 D
b10001011111010 d
#4055
b10001101000111 D
b10001101000111 d
#4056
b10001011001000 D
b10001011001000 d
#4057
b10000111100011 D
b10000111100011 d
#4058
b10000010100010 D
b10000010100010 d
#4059
b1111101011111 D
b1111101011111 d
#4060
b1111001100100 D
b1111001100100 d
#4061
b1110110011000 D
b1110110011000 d
#4062
b1110100000111 D
b1110100000111 d
#4063
b1110011001010 D
b1110011001010 d
#4064
b1110101100111 D
b1110101100111 d
#4065
b1111001100010 D
b1111001100010 d
#4066
b1111110001111 D
b1111110001111 d
#4067
b10000011010110 D
b10000011010110 d
#4068
b10000111100101 D
b10000111100101 d
#4069
b10001010110000 D
b10001010110000 d
#4070
b10001100110000 D
b10001100110000 d
#4071
b10001100100011 D
b10001100100011 d
#4072
b10001001111110 D
b10001001111110 d
#4073
b10000101011101 D
b10000101011101 d
#4074
b10000000110110 D
b10000000111110 d
#4075
b1111011111011 D
b1111011111111 d
#4076
b1111111111011 D
b1111111111011 d
#4077
b1110111111011 D
b1110111111011 d
#4078
b1110111111111 D
b1110111111111 d
#4079
b1110011111111 D
b1110011111111 d
#4080
b1110111111101 D
b1110111111101 d
#4081
b1111111110101 D
b1111111110101 d
#4082
b1111011100101 D
b1111011100101 d
#4083
b10000101110100 D
b10000000110100 d
#4084
b10000101000010 D
b10000101000010 d
#4085
b10001000101100 D
b10001000101100 d
#4086
b10001011111011 D
b10001011111011 d
#4087
b10001101010100 D
b10001101010100 d
#4088
b10001011100000 D
b10001011100000 d
#4089
b10000111111010 D
b10000111111010 d
#4090
b10000010110011 D
b10000010110011 d
#4091
b1111110100011 D
b1111110100011 d
#4092
b1111010001010 D
b1111010001010 d
#4093
b1110110001010 D
b1110110001010 d
#4094
b1110011100111 D
b1110011100111 d
#4095
b1110011101010 D
b1110011101010 d
