Sample in Buffer,Sample in Window,TRIGGER,design_1_i/adc_interface_0_m_axis_tdata[31:0],design_1_i/adc_interface_0_m_axis_tlast,design_1_i/adc_interface_0_m_axis_tvalid,design_1_i/adc_interface_0_adc_signed_debug[15:0],design_1_i/adc_interface_0_win_coeff_out[15:0],design_1_i/adc_data[13:0],design_1_i/adc_interface_0_adc_data_original[13:0],design_1_i/adc_interface_0_adc_data_original_valid,design_1_i/xfft_0_m_axis_data_tdata[63:0],design_1_i/xfft_0_m_axis_data_tlast,design_1_i/xfft_0_m_axis_data_tvalid
Radix - UNSIGNED,UNSIGNED,UNSIGNED,SIGNED,HEX,HEX,HEX,HEX,UNSIGNED,UNSIGNED,HEX,HEX,HEX,HEX
0,0,0,7759,0,1,1dac,001c,7596,7759,1,fffffba5ffffff57,0,0
1,1,0,7514,0,1,1faf,001c,8111,7514,1,fffffba5ffffff57,0,0
2,2,0,7360,0,1,1faf,001c,8071,7360,1,fffffba5ffffff57,0,0
3,3,0,7382,0,1,1fa9,001c,8105,7382,1,fffffba5ffffff57,0,0
4,4,0,7561,0,1,20fb,001c,8443,7561,1,fffffba5ffffff57,0,0
5,5,0,7826,0,1,2250,001c,8784,7826,1,fffffba5ffffff57,0,0
6,6,0,8131,0,1,22f3,001c,8947,8131,1,fffffba5ffffff57,0,0
7,7,0,8406,0,1,2322,001c,8994,8406,1,fffffba5ffffff57,0,0
8,8,0,8670,0,1,22dc,001c,8924,8670,1,fffffba5ffffff57,0,0
9,9,0,8934,0,1,2241,001c,8769,8934,1,fffffba5ffffff57,0,0
10,10,0,9021,0,1,2144,001c,8516,9021,1,fffffba5ffffff57,0,0
11,11,0,8953,0,1,2003,001c,8195,8953,1,fffffba5ffffff57,0,0
12,12,0,8771,0,1,1eb5,001c,7861,8771,1,fffffba5ffffff57,0,0
13,13,0,8505,0,1,1d96,001c,7574,8505,1,fffffba5ffffff57,0,0
14,14,0,8220,0,1,1d09,001c,7433,8220,1,fffffba5ffffff57,0,0
15,15,0,7882,0,1,1cef,001c,7407,7882,1,fffffba5ffffff57,0,0
16,16,0,7637,0,1,1d36,001c,7478,7637,1,fffffba5ffffff57,0,0
17,17,0,7440,0,1,1df8,001c,7672,7440,1,fffffba5ffffff57,0,0
18,18,0,7378,0,1,1f12,001c,7954,7378,1,fffffba5ffffff57,0,0
19,19,0,7456,0,1,2064,001c,8292,7456,1,fffffba5ffffff57,0,0
20,20,0,7643,0,1,2196,001c,8598,7643,1,fffffba5ffffff57,0,0
21,21,0,7931,0,1,22a3,001c,8867,7931,1,fffffba5ffffff57,0,0
22,22,0,8244,0,1,2326,001c,8998,8244,1,fffffba5ffffff57,0,0
23,23,0,8523,0,1,2323,001c,8995,8523,1,fffffba5ffffff57,0,0
24,24,0,8841,0,1,229a,001c,8858,8841,1,fffffba5ffffff57,0,0
25,25,0,9020,0,1,21ce,001c,8654,9020,1,fffffba5ffffff57,0,0
26,26,0,8980,0,1,20af,001c,8367,8980,1,fffffba5ffffff57,0,0
27,27,0,9109,0,1,1f4d,001c,8013,9109,1,fffffba5ffffff57,0,0
28,28,0,8885,0,1,1e3b,001c,7739,8885,1,fffffba5ffffff57,0,0
29,29,0,8669,0,1,1d6f,001c,7535,8669,1,fffffba5ffffff57,0,0
30,30,0,8395,0,1,1ce4,001c,7396,8395,1,fffffba5ffffff57,0,0
31,31,0,8049,0,1,1d22,001c,7586,8049,1,fffffba5ffffff57,0,0
32,32,0,7761,0,1,1d8e,001c,7566,7761,1,fffffba5ffffff57,0,0
33,33,0,7547,0,1,1ffe,001c,8190,7547,1,fffffba5ffffff57,0,0
34,34,0,7376,0,1,1ff7,001c,8183,7376,1,fffffba5ffffff57,0,0
35,35,0,7387,0,1,3fe7,001c,8167,7387,1,fffffba5ffffff57,0,0
36,36,0,7532,0,1,22ef,001c,8943,7532,1,fffffba5ffffff57,0,0
37,37,0,7763,0,1,22ff,001c,8959,7763,1,fffffba5ffffff57,0,0
38,38,0,8061,0,1,23ff,001c,8959,8061,1,fffffba5ffffff57,0,0
39,39,0,8361,0,1,23d6,001c,8978,8361,1,fffffba5ffffff57,0,0
40,40,0,8662,0,1,22d7,001c,8919,8662,1,fffffba5ffffff57,0,0
41,41,0,8897,0,1,2250,001c,8784,8897,1,fffffba5ffffff57,0,0
42,42,0,9043,0,1,215d,001c,8541,9043,1,fffffba5ffffff57,0,0
43,43,0,8996,0,1,1fff,001c,8191,8996,1,fffffba5ffffff57,0,0
44,44,0,8824,0,1,1ed9,001c,7897,8824,1,fffffba5ffffff57,0,0
45,45,0,8519,0,1,1dc7,001c,7623,8519,1,fffffba5ffffff57,0,0
46,46,0,8237,0,1,1d03,001c,7427,8237,1,fffffba5ffffff57,0,0
47,47,0,7951,0,1,1cd6,001c,7382,7951,1,fffffba5ffffff57,0,0
48,48,0,7655,0,1,1d20,001c,7456,7655,1,fffffba5ffffff57,0,0
49,49,0,7483,0,1,1df9,001c,7673,7483,1,fffffba5ffffff57,0,0
50,50,0,7363,0,1,1edf,001c,7903,7363,1,fffffba5ffffff57,0,0
51,51,0,7423,0,1,2016,001c,8214,7423,1,fffffba5ffffff57,0,0
52,52,0,7651,0,1,2174,001c,8564,7651,1,fffffba5ffffff57,0,0
53,53,0,7904,0,1,22b8,001c,8888,7904,1,fffffba5ffffff57,0,0
54,54,0,8219,0,1,22fa,001c,8954,8219,1,fffffba5ffffff57,0,0
55,55,0,8561,0,1,2303,001c,8963,8561,1,fffffba5ffffff57,0,0
56,56,0,8792,0,1,22c3,001c,8899,8792,1,fffffba5ffffff57,0,0
57,57,0,8952,0,1,21e7,001c,8679,8952,1,fffffba5ffffff57,0,0
58,58,0,9018,0,1,20db,001c,8411,9018,1,fffffba5ffffff57,0,0
59,59,0,8930,0,1,1f76,001c,8054,8930,1,fffffba5ffffff57,0,0
60,60,0,8930,0,1,1e78,001c,7800,8930,1,fffffba5ffffff57,0,0
61,61,0,8706,0,1,1d4f,001c,7503,8706,1,fffffba5ffffff57,0,0
62,62,0,8405,0,1,1cc8,001c,7368,8405,1,fffffba5ffffff57,0,0
63,63,0,8087,0,1,1cf2,001c,7410,8087,1,fffffba5ffffff57,0,0
64,64,0,7792,0,1,1d8b,001c,7563,7792,1,fffffba5ffffff57,0,0
65,65,0,7571,0,1,1e86,001c,7814,7571,1,fffffba5ffffff57,0,0
66,66,0,7402,0,1,1f84,001c,8068,7402,1,fffffba5ffffff57,0,0
67,67,0,7365,0,1,24c4,001c,12228,7365,1,fffffba5ffffff57,0,0
68,68,0,7480,0,1,21d6,001c,8662,7480,1,fffffba5ffffff57,0,0
69,69,0,7753,0,1,23df,001c,9183,7753,1,fffffba5ffffff57,0,0
70,70,0,8009,0,1,23ff,001c,9215,8009,1,fffffba5ffffff57,0,0
71,71,0,8368,0,1,233f,001c,9023,8368,1,fffffba5ffffff57,0,0
72,72,0,8684,0,1,235d,001c,9053,8684,1,fffffba5ffffff57,0,0
73,73,0,8851,0,1,237d,001c,9085,8851,1,fffffba5ffffff57,0,0
74,74,0,8962,0,1,213f,001c,8511,8962,1,fffffba5ffffff57,0,0
75,75,0,8997,0,1,203f,001c,8255,8997,1,fffffba5ffffff57,0,0
76,76,0,8865,0,1,1ef5,001c,7925,8865,1,fffffba5ffffff57,0,0
77,77,0,8575,0,1,1de0,001c,7648,8575,1,fffffba5ffffff57,0,0
78,78,0,8274,0,1,1d19,001c,7449,8274,1,fffffba5ffffff57,0,0
79,79,0,7949,0,1,1ca1,001c,7329,7949,1,fffffba5ffffff57,0,0
80,80,0,7678,0,1,1d0a,001c,7434,7678,1,fffffba5ffffff57,0,0
81,81,0,7517,0,1,1de7,001c,7655,7517,1,fffffba5ffffff57,0,0
82,82,0,7388,0,1,1ed8,001c,7896,7388,1,fffffba5ffffff57,0,0
83,83,0,7400,0,1,2010,001c,8208,7400,1,fffffba5ffffff57,0,0
84,84,0,7565,0,1,2156,001c,8534,7565,1,fffffba5ffffff57,0,0
85,85,0,7884,0,1,2265,001c,8805,7884,1,fffffba5ffffff57,0,0
86,86,0,8228,0,1,2314,001c,8980,8228,1,fffffba5ffffff57,0,0
87,87,0,8507,0,1,232b,001c,9003,8507,1,fffffba5ffffff57,0,0
88,88,0,8760,0,1,22ce,001c,8910,8760,1,fffffba5ffffff57,0,0
89,89,0,8900,0,1,21ea,001c,8682,8900,1,fffffba5ffffff57,0,0
90,90,0,9024,0,1,20e7,001c,8423,9024,1,fffffba5ffffff57,0,0
91,91,0,8948,0,1,1fc6,001c,8134,8948,1,fffffba5ffffff57,0,0
92,92,0,8735,0,1,1e7e,001c,7806,8735,1,fffffba5ffffff57,0,0
93,93,0,8425,0,1,1d58,001c,7512,8425,1,fffffba5ffffff57,0,0
94,94,0,8105,0,1,1ce6,001c,7398,8105,1,fffffba5ffffff57,0,0
95,95,0,7815,0,1,1cf6,001c,7414,7815,1,fffffba5ffffff57,0,0
96,96,0,7586,0,1,1d62,001c,7522,7586,1,fffffba5ffffff57,0,0
97,97,0,7397,0,1,1e4a,001c,7754,7397,1,fffffba5ffffff57,0,0
98,98,0,7391,0,1,1f57,001c,8023,7391,1,fffffba5ffffff57,0,0
99,99,0,7500,0,1,20a9,001c,8361,7500,1,fffffba5ffffff57,0,0
100,100,0,7699,0,1,21da,001c,8666,7699,1,fffffba5ffffff57,0,0
101,101,0,7995,0,1,22c0,001c,8896,7995,1,fffffba5ffffff57,0,0
102,102,0,8322,0,1,2328,001c,9000,8322,1,fffffba5ffffff57,0,0
103,103,0,8651,0,1,233d,001c,9021,8651,1,fffffba5ffffff57,0,0
104,104,0,8889,0,1,2377,001c,9079,8889,1,fffffba5ffffff57,0,0
105,105,0,8998,0,1,237e,001c,9086,8998,1,fffffba5ffffff57,0,0
106,106,0,8989,0,1,217d,001c,8573,8989,1,fffffba5ffffff57,0,0
107,107,0,8869,0,1,2b65,001c,8293,8869,1,fffffba5ffffff57,0,0
108,108,0,8616,0,1,1fd8,001c,8024,8616,1,fffffba5ffffff57,0,0
109,109,0,8303,0,1,1deb,001c,7659,8303,1,fffffba5ffffff57,0,0
110,110,0,7982,0,1,1dfe,001c,7674,7982,1,fffffba5ffffff57,0,0
111,111,0,7701,0,1,1cf6,001c,7414,7701,1,fffffba5ffffff57,0,0
112,112,0,7503,0,1,1d0c,001c,7436,7503,1,fffffba5ffffff57,0,0
113,113,0,7363,0,1,1d94,001c,7572,7363,1,fffffba5ffffff57,0,0
114,114,0,7417,0,1,1eb7,001c,7863,7417,1,fffffba5ffffff57,0,0
115,115,0,7602,0,1,2004,001c,8196,7602,1,fffffba5ffffff57,0,0
116,116,0,7800,0,1,2148,001c,8520,7800,1,fffffba5ffffff57,0,0
117,117,0,8124,0,1,224a,001c,8778,8124,1,fffffba5ffffff57,0,0
118,118,0,8462,0,1,22e7,001c,8935,8462,1,fffffba5ffffff57,0,0
119,119,0,8767,0,1,233c,001c,9020,8767,1,fffffba5ffffff57,0,0
120,120,0,8954,0,1,22e6,001c,8934,8954,1,fffffba5ffffff57,0,0
121,121,0,8996,0,1,21f8,001c,8696,8996,1,fffffba5ffffff57,0,0
122,122,0,8908,0,1,210d,001c,8461,8908,1,fffffba5ffffff57,0,0
123,123,0,8753,0,1,1fb6,001c,8118,8753,1,fffffba5ffffff57,0,0
124,124,0,8517,0,1,1e82,001c,7810,8517,1,fffffba5ffffff57,0,0
125,125,0,8174,0,1,1d9d,001c,7581,8174,1,fffffba5ffffff57,0,0
126,126,0,7836,0,1,1cf9,001c,7417,7836,1,fffffba5ffffff57,0,0
127,127,0,7562,0,1,1d05,001c,7429,7562,1,fffffba5ffffff57,0,0
128,128,0,7430,0,1,1d2d,001c,7469,7430,1,fffffba5ffffff57,0,0
129,129,0,7394,0,1,1df3,001c,7667,7394,1,fffffba5ffffff57,0,0
130,130,0,7468,0,1,1f68,001c,8040,7468,1,fffffba5ffffff57,0,0
131,131,0,7679,0,1,20b9,001c,8377,7679,1,fffffba5ffffff57,0,0
132,132,0,7962,0,1,21a3,001c,8611,7962,1,fffffba5ffffff57,0,0
133,133,0,8305,0,1,22a5,001c,8869,8305,1,fffffba5ffffff57,0,0
134,134,0,8583,0,1,2326,001c,8998,8583,1,fffffba5ffffff57,0,0
135,135,0,8841,0,1,22ff,001c,8959,8841,1,fffffba5ffffff57,0,0
136,136,0,8976,0,1,2286,001c,8838,8976,1,fffffba5ffffff57,0,0
137,137,0,9000,0,1,21b6,001c,8630,9000,1,fffffba5ffffff57,0,0
138,138,0,8854,0,1,20a3,001c,8355,8854,1,fffffba5ffffff57,0,0
139,139,0,8677,0,1,1f9b,001c,16283,8677,1,fffffba5ffffff57,0,0
140,140,0,8359,0,1,1f1b,001c,7963,8359,1,fffffba5ffffff57,0,0
141,141,0,7972,0,1,1f3d,001c,7997,7972,1,fffffba5ffffff57,0,0
142,142,0,7701,0,1,1dfc,001c,7676,7701,1,fffffba5ffffff57,0,0
143,143,0,7527,0,1,1cf8,001c,7416,7527,1,fffffba5ffffff57,0,0
144,144,0,7418,0,1,1dfd,001c,7677,7418,1,fffffba5ffffff57,0,0
145,145,0,7412,0,1,1fbd,001c,8125,7412,1,fffffba5ffffff57,0,0
146,146,0,7526,0,1,1fdd,001c,8157,7526,1,fffffba5ffffff57,0,0
147,147,0,7792,0,1,1fd4,001c,8148,7792,1,fffffba5ffffff57,0,0
148,148,0,8129,0,1,2110,001c,8464,8129,1,fffffba5ffffff57,0,0
149,149,0,8422,0,1,2242,001c,8770,8422,1,fffffba5ffffff57,0,0
150,150,0,8714,0,1,2307,001c,8967,8714,1,fffffba5ffffff57,0,0
151,151,0,8937,0,1,232e,001c,9006,8937,1,fffffba5ffffff57,0,0
152,152,0,8989,0,1,22e8,001c,8936,8989,1,fffffba5ffffff57,0,0
153,153,0,8964,0,1,223d,001c,8765,8964,1,fffffba5ffffff57,0,0
154,154,0,8773,0,1,211b,001c,8475,8773,1,fffffba5ffffff57,0,0
155,155,0,8469,0,1,1fe4,001c,8164,8469,1,fffffba5ffffff57,0,0
156,156,0,8211,0,1,1ea6,001c,7846,8211,1,fffffba5ffffff57,0,0
157,157,0,7882,0,1,1d9e,001c,7582,7882,1,fffffba5ffffff57,0,0
158,158,0,7599,0,1,1d23,001c,7459,7599,1,fffffba5ffffff57,0,0
159,159,0,7475,0,1,1cdc,001c,7388,7475,1,fffffba5ffffff57,0,0
160,160,0,7378,0,1,1d2c,001c,7468,7378,1,fffffba5ffffff57,0,0
161,161,0,7433,0,1,1e05,001c,7685,7433,1,fffffba5ffffff57,0,0
162,162,0,7668,0,1,1f1e,001c,7966,7668,1,fffffba5ffffff57,0,0
163,163,0,7951,0,1,2072,001c,8306,7951,1,fffffba5ffffff57,0,0
164,164,0,8262,0,1,21b6,001c,8630,8262,1,fffffba5ffffff57,0,0
165,165,0,8566,0,1,2292,001c,8850,8566,1,fffffba5ffffff57,0,0
166,166,0,8838,0,1,2325,001c,8997,8838,1,fffffba5ffffff57,0,0
167,167,0,8996,0,1,233e,001c,9022,8996,1,fffffba5ffffff57,0,0
168,168,0,8996,0,1,22ba,001c,8890,8996,1,fffffba5ffffff57,0,0
169,169,0,8976,0,1,2190,001c,8592,8976,1,fffffba5ffffff57,0,0
170,170,0,8862,0,1,209e,001c,8350,8862,1,fffffba5ffffff57,0,0
171,171,0,8666,0,1,1f67,001c,8039,8666,1,fffffba5ffffff57,0,0
172,172,0,8416,0,1,1e13,001c,7699,8416,1,fffffba5ffffff57,0,0
173,173,0,8069,0,1,1d5d,001c,7517,8069,1,fffffba5ffffff57,0,0
174,174,0,7764,0,1,1ce5,001c,7405,7764,1,fffffba5ffffff57,0,0
175,175,0,7511,0,1,1ce3,001c,7399,7511,1,fffffba5ffffff57,0,0
176,176,0,7396,0,1,1daf,001c,7663,7396,1,fffffba5ffffff57,0,0
177,177,0,7390,0,1,1f9d,001c,8093,7390,1,fffffba5ffffff57,0,0
178,178,0,7524,0,1,1f9d,001c,8093,7524,1,fffffba5ffffff57,0,0
179,179,0,7783,0,1,3f8f,001c,16271,7783,1,fffffba5ffffff57,0,0
180,180,0,8059,0,1,233f,001c,9023,8059,1,fffffba5ffffff57,0,0
181,181,0,8420,0,1,22ff,001c,8959,8420,1,fffffba5ffffff57,0,0
182,182,0,8705,0,1,23fe,001c,8958,8705,1,fffffba5ffffff57,0,0
183,183,0,8903,0,1,2345,001c,9029,8903,1,fffffba5ffffff57,0,0
184,184,0,9027,0,1,22f4,001c,8948,9027,1,fffffba5ffffff57,0,0
185,185,0,9031,0,1,2247,001c,8775,9031,1,fffffba5ffffff57,0,0
186,186,0,8964,0,1,2164,001c,8548,8964,1,fffffba5ffffff57,0,0
187,187,0,8797,0,1,201f,001c,8223,8797,1,fffffba5ffffff57,0,0
188,188,0,8526,0,1,1ed2,001c,7890,8526,1,fffffba5ffffff57,0,0
189,189,0,8224,0,1,1dbd,001c,7613,8224,1,fffffba5ffffff57,0,0
190,190,0,7928,0,1,1cf8,001c,7416,7928,1,fffffba5ffffff57,0,0
191,191,0,7649,0,1,1cd5,001c,7381,7649,1,fffffba5ffffff57,0,0
192,192,0,7443,0,1,1d45,001c,7493,7443,1,fffffba5ffffff57,0,0
193,193,0,7356,0,1,1df4,001c,7668,7356,1,fffffba5ffffff57,0,0
194,194,0,7461,0,1,1f0f,001c,7951,7461,1,fffffba5ffffff57,0,0
195,195,0,7641,0,1,2057,001c,8279,7641,1,fffffba5ffffff57,0,0
196,196,0,7901,0,1,2161,001c,8545,7901,1,fffffba5ffffff57,0,0
197,197,0,8207,0,1,2280,001c,8832,8207,1,fffffba5ffffff57,0,0
198,198,0,8534,0,1,22cc,001c,8908,8534,1,fffffba5ffffff57,0,0
199,199,0,8835,0,1,2311,001c,8977,8835,1,fffffba5ffffff57,0,0
200,200,0,8981,0,1,22d5,001c,8917,8981,1,fffffba5ffffff57,0,0
201,201,0,9035,0,1,2212,001c,8722,9035,1,fffffba5ffffff57,0,0
202,202,0,8877,0,1,20e3,001c,8419,8877,1,fffffba5ffffff57,0,0
203,203,0,8672,0,1,1f78,001c,8056,8672,1,fffffba5ffffff57,0,0
204,204,0,8425,0,1,1e56,001c,7766,8425,1,fffffba5ffffff57,0,0
205,205,0,8117,0,1,1d59,001c,7513,8117,1,fffffba5ffffff57,0,0
206,206,0,7823,0,1,1d11,001c,7441,7823,1,fffffba5ffffff57,0,0
207,207,0,7548,0,1,1cdd,001c,7389,7548,1,fffffba5ffffff57,0,0
208,208,0,7362,0,1,1d66,001c,7526,7362,1,fffffba5ffffff57,0,0
209,209,0,7414,0,1,1e5c,001c,7804,7414,1,fffffba5ffffff57,0,0
210,210,0,7554,0,1,1f8f,001c,8079,7554,1,fffffba5ffffff57,0,0
211,211,0,7730,0,1,2fef,001c,16367,7730,1,fffffba5ffffff57,0,0
212,212,0,8021,0,1,22ef,001c,8943,8021,1,fffffba5ffffff57,0,0
213,213,0,8405,0,1,22d7,001c,8919,8405,1,fffffba5ffffff57,0,0
214,214,0,8668,0,1,23f1,001c,9201,8668,1,fffffba5ffffff57,0,0
215,215,0,8865,0,1,23ff,001c,9215,8865,1,fffffba5ffffff57,0,0
216,216,0,8966,0,1,22ff,001c,8959,8966,1,fffffba5ffffff57,0,0
217,217,0,8986,0,1,236f,001c,9070,8986,1,fffffba5ffffff57,0,0
218,218,0,8832,0,1,2147,001c,8519,8832,1,fffffba5ffffff57,0,0
219,219,0,8550,0,1,202f,001c,8239,8550,1,fffffba5ffffff57,0,0
220,220,0,8297,0,1,1f11,001c,7953,8297,1,fffffba5ffffff57,0,0
221,221,0,7943,0,1,1dbb,001c,7611,7943,1,fffffba5ffffff57,0,0
222,222,0,7633,0,1,1cee,001c,7406,7633,1,fffffba5ffffff57,0,0
223,223,0,7469,0,1,1ceb,001c,7403,7469,1,fffffba5ffffff57,0,0
224,224,0,7398,0,1,1d1c,001c,7452,7398,1,fffffba5ffffff57,0,0
225,225,0,7419,0,1,1dce,001c,7630,7419,1,fffffba5ffffff57,0,0
226,226,0,7585,0,1,1ef4,001c,7924,7585,1,fffffba5ffffff57,0,0
227,227,0,7879,0,1,202b,001c,8235,7879,1,fffffba5ffffff57,0,0
228,228,0,8224,0,1,2157,001c,8535,8224,1,fffffba5ffffff57,0,0
229,229,0,8527,0,1,2247,001c,8775,8527,1,fffffba5ffffff57,0,0
230,230,0,8771,0,1,22f4,001c,8948,8771,1,fffffba5ffffff57,0,0
231,231,0,8941,0,1,234e,001c,9038,8941,1,fffffba5ffffff57,0,0
232,232,0,8988,0,1,22cc,001c,8908,8988,1,fffffba5ffffff57,0,0
233,233,0,8938,0,1,21be,001c,8638,8938,1,fffffba5ffffff57,0,0
234,234,0,8753,0,1,20c7,001c,8391,8753,1,fffffba5ffffff57,0,0
235,235,0,8430,0,1,1f95,001c,8085,8430,1,fffffba5ffffff57,0,0
236,236,0,8125,0,1,1e81,001c,7809,8125,1,fffffba5ffffff57,0,0
237,237,0,7796,0,1,1d6c,001c,7532,7796,1,fffffba5ffffff57,0,0
238,238,0,7567,0,1,1cbc,001c,7356,7567,1,fffffba5ffffff57,0,0
239,239,0,7429,0,1,1ce1,001c,7393,7429,1,fffffba5ffffff57,0,0
240,240,0,7383,0,1,1d74,001c,7540,7383,1,fffffba5ffffff57,0,0
241,241,0,7454,0,1,1e58,001c,7768,7454,1,fffffba5ffffff57,0,0
242,242,0,7715,0,1,1f5c,001c,8028,7715,1,fffffba5ffffff57,0,0
243,243,0,8031,0,1,2090,001c,8336,8031,1,fffffba5ffffff57,0,0
244,244,0,8366,0,1,21d4,001c,8660,8366,1,fffffba5ffffff57,0,0
245,245,0,8649,0,1,22b8,001c,8888,8649,1,fffffba5ffffff57,0,0
246,246,0,8829,0,1,236b,001c,9211,8829,1,fffffba5ffffff57,0,0
247,247,0,8972,0,1,2323,001c,9059,8972,1,fffffba5ffffff57,0,0
248,248,0,9027,0,1,237b,001c,9083,9027,1,fffffba5ffffff57,0,0
249,249,0,8878,0,1,237f,001c,9087,8878,1,fffffba5ffffff57,0,0
250,250,0,8592,0,1,216f,001c,8559,8592,1,fffffba5ffffff57,0,0
251,251,0,8282,0,1,2f67,001c,12135,8282,1,fffffba5ffffff57,0,0
252,252,0,7975,0,1,1f25,001c,7973,7975,1,fffffba5ffffff57,0,0
253,253,0,7738,0,1,1f18,001c,7704,7738,1,fffffba5ffffff57,0,0
254,254,0,7503,0,1,1d33,001c,7475,7503,1,fffffba5ffffff57,0,0
255,255,0,7366,0,1,1ca8,001c,7336,7366,1,fffffba5ffffff57,0,0
256,256,0,7388,0,1,1d1d,001c,7453,7388,1,fffffba5ffffff57,0,0
257,257,0,7581,0,1,1dce,001c,7630,7581,1,fffffba5ffffff57,0,0
258,258,0,7846,0,1,1ec3,001c,7875,7846,1,fffffba5ffffff57,0,0
259,259,0,8171,0,1,1ffb,001c,8187,8171,1,fffffba5ffffff57,0,0
260,260,0,8485,0,1,2131,001c,8497,8485,1,fffffba5ffffff57,0,0
261,261,0,8727,0,1,227a,001c,8826,8727,1,fffffba5ffffff57,0,0
262,262,0,8955,0,1,22fd,001c,8957,8955,1,fffffba5ffffff57,0,0
263,263,0,9018,0,1,2304,001c,8964,9018,1,fffffba5ffffff57,0,0
264,264,0,8925,0,1,22cb,001c,8907,8925,1,fffffba5ffffff57,0,0
265,265,0,8744,0,1,2212,001c,8722,8744,1,fffffba5ffffff57,0,0
266,266,0,8485,0,1,20f7,001c,8439,8485,1,fffffba5ffffff57,0,0
267,267,0,8167,0,1,1fd4,001c,8148,8167,1,fffffba5ffffff57,0,0
268,268,0,7840,0,1,1e6e,001c,7790,7840,1,fffffba5ffffff57,0,0
269,269,0,7565,0,1,1d7f,001c,7551,7565,1,fffffba5ffffff57,0,0
270,270,0,7414,0,1,1d08,001c,7432,7414,1,fffffba5ffffff57,0,0
271,271,0,7396,0,1,1cc6,001c,7366,7396,1,fffffba5ffffff57,0,0
272,272,0,7478,0,1,1d48,001c,7496,7478,1,fffffba5ffffff57,0,0
273,273,0,7686,0,1,1e5b,001c,7771,7686,1,fffffba5ffffff57,0,0
274,274,0,7980,0,1,1f6a,001c,8042,7980,1,fffffba5ffffff57,0,0
275,275,0,8318,0,1,2094,001c,8340,8318,1,fffffba5ffffff57,0,0
276,276,0,8592,0,1,21b8,001c,8632,8592,1,fffffba5ffffff57,0,0
277,277,0,8860,0,1,22b1,001c,8881,8860,1,fffffba5ffffff57,0,0
278,278,0,9015,0,1,2341,001c,9025,9015,1,fffffba5ffffff57,0,0
279,279,0,8958,0,1,2314,001c,8980,8958,1,fffffba5ffffff57,0,0
280,280,0,8852,0,1,229d,001c,8861,8852,1,fffffba5ffffff57,0,0
281,281,0,8639,0,1,2190,001c,8600,8639,1,fffffba5ffffff57,0,0
282,282,0,8332,0,1,2077,001c,8695,8332,1,fffffba5ffffff57,0,0
283,283,0,8003,0,1,1f37,001c,16247,8003,1,fffffba5ffffff57,0,0
284,284,0,7700,0,1,1f37,001c,7991,7700,1,fffffba5ffffff57,0,0
285,285,0,7536,0,1,1f57,001c,8023,7536,1,fffffba5ffffff57,0,0
286,286,0,7418,0,1,1ddd,001c,7645,7418,1,fffffba5ffffff57,0,0
287,287,0,7375,0,1,1cff,001c,7423,7375,1,fffffba5ffffff57,0,0
288,288,0,7565,0,1,1dff,001c,7679,7565,1,fffffba5ffffff57,0,0
289,289,0,7565,0,1,1fbe,001c,7614,7565,1,fffffba5ffffff57,0,0
290,290,0,7813,0,1,1ffc,001c,7868,7813,1,fffffba5ffffff57,0,0
291,291,0,8125,0,1,1fc7,001c,8135,8125,1,fffffba5ffffff57,0,0
292,292,0,8458,0,1,210d,001c,8461,8458,1,fffffba5ffffff57,0,0
293,293,0,8726,0,1,2237,001c,8759,8726,1,fffffba5ffffff57,0,0
294,294,0,8897,0,1,2311,001c,8977,8897,1,fffffba5ffffff57,0,0
295,295,0,9004,0,1,232f,001c,9007,9004,1,fffffba5ffffff57,0,0
296,296,0,8945,0,1,22db,001c,8923,8945,1,fffffba5ffffff57,0,0
297,297,0,8792,0,1,221e,001c,8734,8792,1,fffffba5ffffff57,0,0
298,298,0,8514,0,1,2123,001c,8483,8514,1,fffffba5ffffff57,0,0
299,299,0,8181,0,1,1fd8,001c,8152,8181,1,fffffba5ffffff57,0,0
300,300,0,7869,0,1,1eb6,001c,7862,7869,1,fffffba5ffffff57,0,0
301,301,0,7645,0,1,1da7,001c,7591,7645,1,fffffba5ffffff57,0,0
302,302,0,7416,0,1,1cea,001c,7402,7416,1,fffffba5ffffff57,0,0
303,303,0,7384,0,1,1cc8,001c,7368,7384,1,fffffba5ffffff57,0,0
304,304,0,7514,0,1,1d3b,001c,7483,7514,1,fffffba5ffffff57,0,0
305,305,0,7704,0,1,1e06,001c,7686,7704,1,fffffba5ffffff57,0,0
306,306,0,7950,0,1,1f3f,001c,7999,7950,1,fffffba5ffffff57,0,0
307,307,0,8262,0,1,2077,001c,8311,8262,1,fffffba5ffffff57,0,0
308,308,0,8610,0,1,218a,001c,8586,8610,1,fffffba5ffffff57,0,0
309,309,0,8825,0,1,228f,001c,8847,8825,1,fffffba5ffffff57,0,0
310,310,0,8939,0,1,2330,001c,9008,8939,1,fffffba5ffffff57,0,0
311,311,0,8970,0,1,2335,001c,9013,8970,1,fffffba5ffffff57,0,0
312,312,0,8896,0,1,2298,001c,8856,8896,1,fffffba5ffffff57,0,0
313,313,0,8686,0,1,21bc,001c,8636,8686,1,fffffba5ffffff57,0,0
314,314,0,8378,0,1,2088,001c,8328,8378,1,fffffba5ffffff57,0,0
315,315,0,8002,0,1,1f4c,001c,8012,8002,1,fffffba5ffffff57,0,0
316,316,0,7738,0,1,1e37,001c,7743,7738,1,fffffba5ffffff57,0,0
317,317,0,7530,0,1,1d7c,001c,8063,7530,1,fffffba5ffffff57,0,0
318,318,0,7658,0,1,1cec,001c,7676,7658,1,fffffba5ffffff57,0,0
319,319,0,7402,0,1,1cbd,001c,7421,7402,1,fffffba5ffffff57,0,0
320,320,0,7449,0,1,1db7,001c,7607,7449,1,fffffba5ffffff57,0,0
321,321,0,7529,0,1,1fb3,001c,8115,7529,1,fffffba5ffffff57,0,0
322,322,0,7773,0,1,1ffb,001c,8187,7773,1,fffffba5ffffff57,0,0
323,323,0,8085,0,1,1fdb,001c,8155,8085,1,fffffba5ffffff57,0,0
324,324,0,8418,0,1,21ff,001c,8695,8418,1,fffffba5ffffff57,0,0
325,325,0,8764,0,1,23fa,001c,8698,8764,1,fffffba5ffffff57,0,0
326,326,0,8921,0,1,22db,001c,8907,8921,1,fffffba5ffffff57,0,0
327,327,0,8959,0,1,2339,001c,9017,8959,1,fffffba5ffffff57,0,0
328,328,0,8974,0,1,231a,001c,8986,8974,1,fffffba5ffffff57,0,0
329,329,0,8815,0,1,2261,001c,8801,8815,1,fffffba5ffffff57,0,0
330,330,0,8567,0,1,20fc,001c,8444,8567,1,fffffba5ffffff57,0,0
331,331,0,8221,0,1,1ff4,001c,8180,8221,1,fffffba5ffffff57,0,0
332,332,0,7900,0,1,1ebc,001c,7868,7900,1,fffffba5ffffff57,0,0
333,333,0,7637,0,1,1dcb,001c,7627,7637,1,fffffba5ffffff57,0,0
334,334,0,7475,0,1,1d0f,001c,7439,7475,1,fffffba5ffffff57,0,0
335,335,0,7382,0,1,1cb8,001c,7352,7382,1,fffffba5ffffff57,0,0
336,336,0,7438,0,1,1d1d,001c,7453,7438,1,fffffba5ffffff57,0,0
337,337,0,7612,0,1,1ded,001c,7661,7612,1,fffffba5ffffff57,0,0
338,338,0,7923,0,1,1f29,001c,7977,7923,1,fffffba5ffffff57,0,0
339,339,0,8285,0,1,2061,001c,8289,8285,1,fffffba5ffffff57,0,0
340,340,0,8557,0,1,2174,001c,8564,8557,1,fffffba5ffffff57,0,0
341,341,0,8819,0,1,226f,001c,8815,8819,1,fffffba5ffffff57,0,0
342,342,0,8947,0,1,230f,001c,8975,8947,1,fffffba5ffffff57,0,0
343,343,0,8968,0,1,2322,001c,8994,8968,1,fffffba5ffffff57,0,0
344,344,0,8940,0,1,22a6,001c,8870,8940,1,fffffba5ffffff57,0,0
345,345,0,8695,0,1,21d4,001c,8660,8695,1,fffffba5ffffff57,0,0
346,346,0,8391,0,1,20bb,001c,8379,8391,1,fffffba5ffffff57,0,0
347,347,0,8073,0,1,1f8a,001c,8074,8073,1,fffffba5ffffff57,0,0
348,348,0,7774,0,1,1e4f,001c,7759,7774,1,fffffba5ffffff57,0,0
349,349,0,7547,0,1,1d46,001c,7494,7547,1,fffffba5ffffff57,0,0
350,350,0,7391,0,1,1ce2,001c,7394,7391,1,fffffba5ffffff57,0,0
351,351,0,7389,0,1,1cd6,001c,7382,7389,1,fffffba5ffffff57,0,0
352,352,0,7526,0,1,1d6c,001c,7532,7526,1,fffffba5ffffff57,0,0
353,353,0,7741,0,1,1ea8,001c,7848,7741,1,fffffba5ffffff57,0,0
354,354,0,8013,0,1,1f98,001c,8088,8013,1,fffffba5ffffff57,0,0
355,355,0,8415,0,1,3fd9,001c,16345,8415,1,fffffba5ffffff57,0,0
356,356,0,8687,0,1,22dd,001c,8925,8687,1,fffffba5ffffff57,0,0
357,357,0,8883,0,1,22be,001c,8894,8883,1,fffffba5ffffff57,0,0
358,358,0,8999,0,1,23bb,001c,9147,8999,1,fffffba5ffffff57,0,0
359,359,0,8963,0,1,232f,001c,9007,8963,1,fffffba5ffffff57,0,0
360,360,0,8816,0,1,234e,001c,9038,8816,1,fffffba5ffffff57,0,0
361,361,0,8560,0,1,2356,001c,8774,8560,1,fffffba5ffffff57,0,0
362,362,0,8288,0,1,215d,001c,8541,8288,1,fffffba5ffffff57,0,0
363,363,0,7958,0,1,2029,001c,8233,7958,1,fffffba5ffffff57,0,0
364,364,0,7634,0,1,1ed0,001c,7888,7634,1,fffffba5ffffff57,0,0
365,365,0,7451,0,1,1db8,001c,7608,7451,1,fffffba5ffffff57,0,0
366,366,0,7402,0,1,1d0c,001c,7436,7402,1,fffffba5ffffff57,0,0
367,367,0,7465,0,1,1cd6,001c,7382,7465,1,fffffba5ffffff57,0,0
368,368,0,7626,0,1,1d1a,001c,7450,7626,1,fffffba5ffffff57,0,0
369,369,0,7867,0,1,1db7,001c,7607,7867,1,fffffba5ffffff57,0,0
370,370,0,8169,0,1,1ef0,001c,7920,8169,1,fffffba5ffffff57,0,0
371,371,0,8503,0,1,204d,001c,8269,8503,1,fffffba5ffffff57,0,0
372,372,0,8802,0,1,2170,001c,8560,8802,1,fffffba5ffffff57,0,0
373,373,0,8986,0,1,2253,001c,8787,8986,1,fffffba5ffffff57,0,0
374,374,0,8986,0,1,22fb,001c,8955,8986,1,fffffba5ffffff57,0,0
375,375,0,8854,0,1,232b,001c,9003,8854,1,fffffba5ffffff57,0,0
376,376,0,8698,0,1,22e6,001c,8934,8698,1,fffffba5ffffff57,0,0
377,377,0,8494,0,1,21fe,001c,8702,8494,1,fffffba5ffffff57,0,0
378,378,0,8128,0,1,20cd,001c,8397,8128,1,fffffba5ffffff57,0,0
379,379,0,7736,0,1,1f78,001c,8056,7736,1,fffffba5ffffff57,0,0
380,380,0,7541,0,1,1e6c,001c,7788,7541,1,fffffba5ffffff57,0,0
381,381,0,7437,0,1,1d75,001c,7541,7437,1,fffffba5ffffff57,0,0
382,382,0,7405,0,1,1cfa,001c,7418,7405,1,fffffba5ffffff57,0,0
383,383,0,7486,0,1,1ce0,001c,7392,7486,1,fffffba5ffffff57,0,0
384,384,0,7709,0,1,1d40,001c,7488,7709,1,fffffba5ffffff57,0,0
385,385,0,8025,0,1,1e39,001c,7737,8025,1,fffffba5ffffff57,0,0
386,386,0,8367,0,1,1f97,001c,8087,8367,1,fffffba5ffffff57,0,0
387,387,0,8658,0,1,20d8,001c,8408,8658,1,fffffba5ffffff57,0,0
388,388,0,8894,0,1,21bf,001c,8639,8894,1,fffffba5ffffff57,0,0
389,389,0,8974,0,1,22bf,001c,8895,8974,1,fffffba5ffffff57,0,0
390,390,0,8968,0,1,23af,001c,9151,8968,1,fffffba5ffffff57,0,0
391,391,0,8866,0,1,233b,001c,9019,8866,1,fffffba5ffffff57,0,0
392,392,0,8617,0,1,2397,001c,9111,8617,1,fffffba5ffffff57,0,0
393,393,0,8332,0,1,23ff,001c,9207,8332,1,fffffba5ffffff57,0,0
394,394,0,7960,0,1,217a,001c,8570,7960,1,fffffba5ffffff57,0,0
395,395,0,7627,0,1,2f32,001c,9010,7627,1,fffffba5ffffff57,0,0
396,396,0,7478,0,1,1fc8,001c,8008,7478,1,fffffba5ffffff57,0,0
397,397,0,7401,0,1,1de6,001c,7654,7401,1,fffffba5ffffff57,0,0
398,398,0,7437,0,1,1d65,001c,7461,7437,1,fffffba5ffffff57,0,0
399,399,0,7573,0,1,1cc0,001c,7360,7573,1,fffffba5ffffff57,0,0
400,400,0,7847,0,1,1ceb,001c,7403,7847,1,fffffba5ffffff57,0,0
401,401,0,8172,0,1,1dc3,001c,7619,8172,1,fffffba5ffffff57,0,0
402,402,0,8474,0,1,1ed7,001c,7895,8474,1,fffffba5ffffff57,0,0
403,403,0,8749,0,1,2012,001c,8210,8749,1,fffffba5ffffff57,0,0
404,404,0,8961,0,1,215a,001c,8538,8961,1,fffffba5ffffff57,0,0
405,405,0,8994,0,1,224a,001c,8778,8994,1,fffffba5ffffff57,0,0
406,406,0,8928,0,1,22f1,001c,8945,8928,1,fffffba5ffffff57,0,0
407,407,0,8736,0,1,2334,001c,9012,8736,1,fffffba5ffffff57,0,0
408,408,0,8473,0,1,22bc,001c,8892,8473,1,fffffba5ffffff57,0,0
409,409,0,8163,0,1,222b,001c,8747,8163,1,fffffba5ffffff57,0,0
410,410,0,7826,0,1,210c,001c,8460,7826,1,fffffba5ffffff57,0,0
411,411,0,7544,0,1,1f8b,001c,8075,7544,1,fffffba5ffffff57,0,0
412,412,0,7419,0,1,1e5c,001c,7772,7419,1,fffffba5ffffff57,0,0
413,413,0,7380,0,1,1da7,001c,7591,7380,1,fffffba5ffffff57,0,0
414,414,0,7487,0,1,1d11,001c,7441,7487,1,fffffba5ffffff57,0,0
415,415,0,7687,0,1,1ce9,001c,7401,7687,1,fffffba5ffffff57,0,0
416,416,0,7972,0,1,1d39,001c,7481,7972,1,fffffba5ffffff57,0,0
417,417,0,8320,0,1,1e3f,001c,7743,8320,1,fffffba5ffffff57,0,0
418,418,0,8609,0,1,1f80,001c,8064,8609,1,fffffba5ffffff57,0,0
419,419,0,8855,0,1,209f,001c,8351,8855,1,fffffba5ffffff57,0,0
420,420,0,9004,0,1,21ca,001c,8650,9004,1,fffffba5ffffff57,0,0
421,421,0,8977,0,1,2299,001c,8857,8977,1,fffffba5ffffff57,0,0
422,422,0,8830,0,1,2333,001c,9011,8830,1,fffffba5ffffff57,0,0
423,423,0,8621,0,1,2312,001c,8978,8621,1,fffffba5ffffff57,0,0
424,424,0,8337,0,1,2282,001c,8834,8337,1,fffffba5ffffff57,0,0
425,425,0,8019,0,1,219f,001c,9119,8019,1,fffffba5ffffff57,0,0
426,426,0,7714,0,1,21df,001c,8671,7714,1,fffffba5ffffff57,0,0
427,427,0,7498,0,1,3ef7,001c,16119,7498,1,fffffba5ffffff57,0,0
428,428,0,7361,0,1,1ef3,001c,7923,7361,1,fffffba5ffffff57,0,0
429,429,0,7398,0,1,1f37,001c,7991,7398,1,fffffba5ffffff57,0,0
430,430,0,7590,0,1,1df7,001c,7543,7590,1,fffffba5ffffff57,0,0
431,431,0,7851,0,1,1cfa,001c,7418,7851,1,fffffba5ffffff57,0,0
432,432,0,8082,0,1,1dfe,001c,7670,8082,1,fffffba5ffffff57,0,0
433,433,0,8461,0,1,1dee,001c,7598,8461,1,fffffba5ffffff57,0,0
434,434,0,8733,0,1,1ec2,001c,7874,8733,1,fffffba5ffffff57,0,0
435,435,0,8950,0,1,1fc5,001c,8133,8950,1,fffffba5ffffff57,0,0
436,436,0,9044,0,1,2129,001c,8489,9044,1,fffffba5ffffff57,0,0
437,437,0,8949,0,1,2273,001c,8819,8949,1,fffffba5ffffff57,0,0
438,438,0,8742,0,1,22e5,001c,8933,8742,1,fffffba5ffffff57,0,0
439,439,0,8483,0,1,230c,001c,8972,8483,1,fffffba5ffffff57,0,0
440,440,0,8172,0,1,22f6,001c,8950,8172,1,fffffba5ffffff57,0,0
441,441,0,7875,0,1,2225,001c,8741,7875,1,fffffba5ffffff57,0,0
442,442,0,7617,0,1,20ff,001c,8447,7617,1,fffffba5ffffff57,0,0
443,443,0,7412,0,1,1fef,001c,8175,7412,1,fffffba5ffffff57,0,0
444,444,0,7351,0,1,1ea6,001c,7846,7351,1,fffffba5ffffff57,0,0
445,445,0,7487,0,1,1d64,001c,7524,7487,1,fffffba5ffffff57,0,0
446,446,0,7706,0,1,1cdc,001c,7388,7706,1,fffffba5ffffff57,0,0
447,447,0,7949,0,1,1cf6,001c,7414,7949,1,fffffba5ffffff57,0,0
448,448,0,8247,0,1,1d5f,001c,7519,8247,1,fffffba5ffffff57,0,0
449,449,0,8568,0,1,1e07,001c,7687,8568,1,fffffba5ffffff57,0,0
450,450,0,8860,0,1,1f1d,001c,7965,8860,1,fffffba5ffffff57,0,0
451,451,0,9001,0,1,207a,001c,8314,9001,1,fffffba5ffffff57,0,0
452,452,0,8983,0,1,21bf,001c,8639,8983,1,fffffba5ffffff57,0,0
453,453,0,8871,0,1,22a9,001c,8873,8871,1,fffffba5ffffff57,0,0
454,454,0,8637,0,1,2305,001c,8965,8637,1,fffffba5ffffff57,0,0
455,455,0,8356,0,1,232b,001c,9003,8356,1,fffffba5ffffff57,0,0
456,456,0,8065,0,1,22a1,001c,8865,8065,1,fffffba5ffffff57,0,0
457,457,0,7738,0,1,21ba,001c,8634,7738,1,fffffba5ffffff57,0,0
458,458,0,7532,0,1,2092,001c,8338,7532,1,fffffba5ffffff57,0,0
459,459,0,7375,0,1,1f26,001c,7974,7375,1,fffffba5ffffff57,0,0
460,460,0,7400,0,1,1e28,001c,7722,7400,1,fffffba5ffffff57,0,0
461,461,0,7581,0,1,1d48,001c,8008,7581,1,fffffba5ffffff57,0,0
462,462,0,7809,0,1,1dac,001c,7660,7809,1,fffffba5ffffff57,0,0
463,463,0,8047,0,1,1cef,001c,7407,8047,1,fffffba5ffffff57,0,0
464,464,0,8444,0,1,1def,001c,7663,8444,1,fffffba5ffffff57,0,0
465,465,0,8733,0,1,1ff7,001c,8183,8733,1,fffffba5ffffff57,0,0
466,466,0,8892,0,1,1ffb,001c,8187,8892,1,fffffba5ffffff57,0,0
467,467,0,9006,0,1,1fd8,001c,8152,9006,1,fffffba5ffffff57,0,0
468,468,0,8954,0,1,2119,001c,8457,8954,1,fffffba5ffffff57,0,0
469,469,0,8784,0,1,2272,001c,8754,8784,1,fffffba5ffffff57,0,0
470,470,0,8550,0,1,22d7,001c,8919,8550,1,fffffba5ffffff57,0,0
471,471,0,8219,0,1,2328,001c,9000,8219,1,fffffba5ffffff57,0,0
472,472,0,7885,0,1,22fb,001c,8955,7885,1,fffffba5ffffff57,0,0
473,473,0,7594,0,1,2250,001c,8784,7594,1,fffffba5ffffff57,0,0
474,474,0,7454,0,1,212b,001c,8491,7454,1,fffffba5ffffff57,0,0
475,475,0,7383,0,1,1fef,001c,8175,7383,1,fffffba5ffffff57,0,0
476,476,0,7441,0,1,1eb2,001c,7858,7441,1,fffffba5ffffff57,0,0
477,477,0,7644,0,1,1dd7,001c,7639,7644,1,fffffba5ffffff57,0,0
478,478,0,7919,0,1,1d08,001c,7432,7919,1,fffffba5ffffff57,0,0
479,479,0,8261,0,1,1cc5,001c,7365,8261,1,fffffba5ffffff57,0,0
480,480,0,8571,0,1,1d2f,001c,7471,8571,1,fffffba5ffffff57,0,0
481,481,0,8821,0,1,1e09,001c,7689,8821,1,fffffba5ffffff57,0,0
482,482,0,8948,0,1,1f24,001c,7972,8948,1,fffffba5ffffff57,0,0
483,483,0,9002,0,1,2096,001c,8342,9002,1,fffffba5ffffff57,0,0
484,484,0,8917,0,1,2183,001c,8579,8917,1,fffffba5ffffff57,0,0
485,485,0,8709,0,1,225a,001c,8794,8709,1,fffffba5ffffff57,0,0
486,486,0,8390,0,1,230e,001c,8974,8390,1,fffffba5ffffff57,0,0
487,487,0,8052,0,1,232e,001c,9006,8052,1,fffffba5ffffff57,0,0
488,488,0,7781,0,1,22d4,001c,8916,7781,1,fffffba5ffffff57,0,0
489,489,0,7512,0,1,21b1,001c,8625,7512,1,fffffba5ffffff57,0,0
490,490,0,7407,0,1,2091,001c,8337,7407,1,fffffba5ffffff57,0,0
491,491,0,7427,0,1,1f6d,001c,8045,7427,1,fffffba5ffffff57,0,0
492,492,0,7507,0,1,1e50,001c,7760,7507,1,fffffba5ffffff57,0,0
493,493,0,7763,0,1,1d59,001c,7513,7763,1,fffffba5ffffff57,0,0
494,494,0,8105,0,1,1cb8,001c,7352,8105,1,fffffba5ffffff57,0,0
495,495,0,8416,0,1,1cde,001c,7422,8416,1,fffffba5ffffff57,0,0
496,496,0,8650,0,1,1d97,001c,7583,8650,1,fffffba5ffffff57,0,0
497,497,0,8860,0,1,1e83,001c,8087,8860,1,fffffba5ffffff57,0,0
498,498,0,9031,0,1,1faf,001c,8111,9031,1,fffffba5ffffff57,0,0
499,499,0,8989,0,1,3fef,001c,16367,8989,1,fffffba5ffffff57,0,0
500,500,0,8798,0,1,22eb,001c,8939,8798,1,fffffba5ffffff57,0,0
501,501,0,8527,0,1,22b7,001c,8887,8527,1,fffffba5ffffff57,0,0
502,502,0,8231,0,1,23b7,001c,9143,8231,1,fffffba5ffffff57,0,0
503,503,0,7967,0,1,232f,001c,9007,7967,1,fffffba5ffffff57,0,0
504,504,0,7667,0,1,235e,001c,9054,7667,1,fffffba5ffffff57,0,0
505,505,0,7443,0,1,225c,001c,8796,7443,1,fffffba5ffffff57,0,0
506,506,0,7356,0,1,213a,001c,8506,7356,1,fffffba5ffffff57,0,0
507,507,0,7423,0,1,2022,001c,8226,7423,1,fffffba5ffffff57,0,0
508,508,0,7622,0,1,1ee6,001c,7910,7622,1,fffffba5ffffff57,0,0
509,509,0,7966,0,1,1da3,001c,7587,7966,1,fffffba5ffffff57,0,0
510,510,0,8248,0,1,1d09,001c,7433,8248,1,fffffba5ffffff57,0,0
511,511,0,8478,0,1,1ce2,001c,7394,8478,1,fffffba5ffffff57,0,0
512,512,0,8785,0,1,1d2e,001c,7470,8785,1,fffffba5ffffff57,0,0
513,513,0,8966,0,1,1ddd,001c,7645,8966,1,fffffba5ffffff57,0,0
514,514,0,9007,0,1,1eed,001c,7917,9007,1,fffffba5ffffff57,0,0
515,515,0,8905,0,1,2041,001c,8257,8905,1,fffffba5ffffff57,0,0
516,516,0,8716,0,1,2179,001c,8569,8716,1,fffffba5ffffff57,0,0
517,517,0,8439,0,1,226f,001c,8815,8439,1,fffffba5ffffff57,0,0
518,518,0,8083,0,1,2308,001c,8968,8083,1,fffffba5ffffff57,0,0
519,519,0,7798,0,1,232b,001c,9003,7798,1,fffffba5ffffff57,0,0
520,520,0,7564,0,1,22b1,001c,8881,7564,1,fffffba5ffffff57,0,0
521,521,0,7379,0,1,21f6,001c,8694,7379,1,fffffba5ffffff57,0,0
522,522,0,7403,0,1,20c7,001c,8391,7403,1,fffffba5ffffff57,0,0
523,523,0,7521,0,1,1f72,001c,8050,7521,1,fffffba5ffffff57,0,0
524,524,0,7712,0,1,1e2c,001c,7724,7712,1,fffffba5ffffff57,0,0
525,525,0,8021,0,1,1d71,001c,7537,8021,1,fffffba5ffffff57,0,0
526,526,0,8358,0,1,1ce6,001c,7398,8358,1,fffffba5ffffff57,0,0
527,527,0,8651,0,1,1cd2,001c,7378,8651,1,fffffba5ffffff57,0,0
528,528,0,8874,0,1,1d67,001c,7527,8874,1,fffffba5ffffff57,0,0
529,529,0,8970,0,1,1e6c,001c,7788,8970,1,fffffba5ffffff57,0,0
530,530,0,8990,0,1,1f85,001c,8069,8990,1,fffffba5ffffff57,0,0
531,531,0,8827,0,1,20ad,001c,8365,8827,1,fffffba5ffffff57,0,0
532,532,0,8590,0,1,21fa,001c,8703,8590,1,fffffba5ffffff57,0,0
533,533,0,8300,0,1,22da,001c,9178,8300,1,fffffba5ffffff57,0,0
534,534,0,7918,0,1,23b1,001c,9201,7918,1,fffffba5ffffff57,0,0
535,535,0,7633,0,1,233f,001c,9023,7633,1,fffffba5ffffff57,0,0
536,536,0,7507,0,1,237f,001c,9087,7507,1,fffffba5ffffff57,0,0
537,537,0,7367,0,1,2377,001c,9079,7367,1,fffffba5ffffff57,0,0
538,538,0,7437,0,1,217c,001c,8572,7437,1,fffffba5ffffff57,0,0
539,539,0,7590,0,1,285c,001c,8216,7590,1,fffffba5ffffff57,0,0
540,540,0,7829,0,1,1eff,001c,7935,7829,1,fffffba5ffffff57,0,0
541,541,0,8172,0,1,1dfd,001c,7677,8172,1,fffffba5ffffff57,0,0
542,542,0,8494,0,1,1d34,001c,7476,8494,1,fffffba5ffffff57,0,0
543,543,0,8772,0,1,1ce8,001c,7400,8772,1,fffffba5ffffff57,0,0
544,544,0,8935,0,1,1d07,001c,7431,8935,1,fffffba5ffffff57,0,0
545,545,0,8995,0,1,1de2,001c,7650,8995,1,fffffba5ffffff57,0,0
546,546,0,8929,0,1,1eed,001c,7917,8929,1,fffffba5ffffff57,0,0
547,547,0,8929,0,1,2021,001c,8225,8929,1,fffffba5ffffff57,0,0
548,548,0,8745,0,1,2155,001c,8533,8745,1,fffffba5ffffff57,0,0
549,549,0,8446,0,1,224e,001c,8782,8446,1,fffffba5ffffff57,0,0
550,550,0,8158,0,1,2306,001c,8966,8158,1,fffffba5ffffff57,0,0
551,551,0,7812,0,1,2333,001c,9011,7812,1,fffffba5ffffff57,0,0
552,552,0,7548,0,1,22d3,001c,8915,7548,1,fffffba5ffffff57,0,0
553,553,0,7423,0,1,2225,001c,8741,7423,1,fffffba5ffffff57,0,0
554,554,0,7423,0,1,20ef,001c,8431,7423,1,fffffba5ffffff57,0,0
555,555,0,7389,0,1,1f6d,001c,8045,7389,1,fffffba5ffffff57,0,0
556,556,0,7529,0,1,1e75,001c,7797,7529,1,fffffba5ffffff57,0,0
557,557,0,7717,0,1,1da7,001c,7591,7717,1,fffffba5ffffff57,0,0
558,558,0,7953,0,1,1cff,001c,7423,7953,1,fffffba5ffffff57,0,0
559,559,0,8325,0,1,1cd8,001c,7384,8325,1,fffffba5ffffff57,0,0
560,560,0,8634,0,1,1d30,001c,7472,8634,1,fffffba5ffffff57,0,0
561,561,0,8853,0,1,1e45,001c,7749,8853,1,fffffba5ffffff57,0,0
562,562,0,8973,0,1,1fa1,001c,8097,8973,1,fffffba5ffffff57,0,0
563,563,0,8994,0,1,20bb,001c,8379,8994,1,fffffba5ffffff57,0,0
564,564,0,8824,0,1,21d7,001c,8663,8824,1,fffffba5ffffff57,0,0
565,565,0,8643,0,1,22a1,001c,8865,8643,1,fffffba5ffffff57,0,0
566,566,0,8361,0,1,2325,001c,8997,8361,1,fffffba5ffffff57,0,0
567,567,0,8011,0,1,230d,001c,9005,8011,1,fffffba5ffffff57,0,0
568,568,0,7708,0,1,228c,001c,8845,7708,1,fffffba5ffffff57,0,0
569,569,0,7491,0,1,23ad,001c,9133,7491,1,fffffba5ffffff57,0,0
570,570,0,7360,0,1,21fd,001c,8701,7360,1,fffffba5ffffff57,0,0
571,571,0,7419,0,1,3edc,001c,16092,7419,1,fffffba5ffffff57,0,0
572,572,0,7605,0,1,1ede,001c,7902,7605,1,fffffba5ffffff57,0,0
573,573,0,7863,0,1,1f5e,001c,8030,7863,1,fffffba5ffffff57,0,0
574,574,0,8089,0,1,1ddf,001c,7647,8089,1,fffffba5ffffff57,0,0
575,575,0,8438,0,1,1cf7,001c,7383,8438,1,fffffba5ffffff57,0,0
576,576,0,8776,0,1,1df0,001c,7408,8776,1,fffffba5ffffff57,0,0
577,577,0,8933,0,1,1daa,001c,7594,8933,1,fffffba5ffffff57,0,0
578,578,0,8989,0,1,1edd,001c,7901,8989,1,fffffba5ffffff57,0,0
579,579,0,8965,0,1,200c,001c,8204,8965,1,fffffba5ffffff57,0,0
580,580,0,8757,0,1,2147,001c,8519,8757,1,fffffba5ffffff57,0,0
581,581,0,8496,0,1,2240,001c,8768,8496,1,fffffba5ffffff57,0,0
582,582,0,8169,0,1,22d5,001c,8917,8169,1,fffffba5ffffff57,0,0
583,583,0,7840,0,1,233d,001c,9021,7840,1,fffffba5ffffff57,0,0
584,584,0,7610,0,1,230f,001c,8975,7610,1,fffffba5ffffff57,0,0
585,585,0,7424,0,1,222e,001c,8750,7424,1,fffffba5ffffff57,0,0
586,586,0,7363,0,1,210d,001c,8461,7363,1,fffffba5ffffff57,0,0
587,587,0,7482,0,1,1fb2,001c,8114,7482,1,fffffba5ffffff57,0,0
588,588,0,7674,0,1,1e8f,001c,7823,7674,1,fffffba5ffffff57,0,0
589,589,0,7959,0,1,1daf,001c,7599,7959,1,fffffba5ffffff57,0,0
590,590,0,8303,0,1,1ce0,001c,7392,8303,1,fffffba5ffffff57,0,0
591,591,0,8576,0,1,1cdb,001c,7387,8576,1,fffffba5ffffff57,0,0
592,592,0,8811,0,1,1d42,001c,7490,8811,1,fffffba5ffffff57,0,0
593,593,0,8994,0,1,1dfa,001c,7674,8994,1,fffffba5ffffff57,0,0
594,594,0,8994,0,1,1f3e,001c,7998,8994,1,fffffba5ffffff57,0,0
595,595,0,8895,0,1,20c0,001c,8384,8895,1,fffffba5ffffff57,0,0
596,596,0,8620,0,1,21a9,001c,8617,8620,1,fffffba5ffffff57,0,0
597,597,0,8342,0,1,2281,001c,8833,8342,1,fffffba5ffffff57,0,0
598,598,0,8009,0,1,22fe,001c,8958,8009,1,fffffba5ffffff57,0,0
599,599,0,7723,0,1,2301,001c,8961,7723,1,fffffba5ffffff57,0,0
600,600,0,7513,0,1,22c0,001c,8896,7513,1,fffffba5ffffff57,0,0
601,601,0,7374,0,1,21a4,001c,8612,7374,1,fffffba5ffffff57,0,0
602,602,0,7404,0,1,207a,001c,8314,7404,1,fffffba5ffffff57,0,0
603,603,0,7571,0,1,1f69,001c,8043,7571,1,fffffba5ffffff57,0,0
604,604,0,7803,0,1,1dff,001c,8191,7803,1,fffffba5ffffff57,0,0
605,605,0,8116,0,1,1dbe,001c,7678,8116,1,fffffba5ffffff57,0,0
606,606,0,8426,0,1,1dfd,001c,7677,8426,1,fffffba5ffffff57,0,0
607,607,0,8689,0,1,1def,001c,7663,8689,1,fffffba5ffffff57,0,0
608,608,0,8936,0,1,1d9e,001c,7582,8936,1,fffffba5ffffff57,0,0
609,609,0,9036,0,1,1fbb,001c,8091,9036,1,fffffba5ffffff57,0,0
610,610,0,8945,0,1,1fb7,001c,8119,8945,1,fffffba5ffffff57,0,0
611,611,0,8775,0,1,1fb5,001c,8117,8775,1,fffffba5ffffff57,0,0
612,612,0,8513,0,1,215a,001c,8474,8513,1,fffffba5ffffff57,0,0
613,613,0,8217,0,1,2252,001c,8786,8217,1,fffffba5ffffff57,0,0
614,614,0,7898,0,1,22ce,001c,8910,7898,1,fffffba5ffffff57,0,0
615,615,0,7611,0,1,2328,001c,9000,7611,1,fffffba5ffffff57,0,0
616,616,0,7426,0,1,22f7,001c,8951,7426,1,fffffba5ffffff57,0,0
617,617,0,7409,0,1,2255,001c,8789,7409,1,fffffba5ffffff57,0,0
618,618,0,7487,0,1,212c,001c,8492,7487,1,fffffba5ffffff57,0,0
619,619,0,7700,0,1,1fe2,001c,8162,7700,1,fffffba5ffffff57,0,0
620,620,0,7924,0,1,1ea6,001c,7846,7924,1,fffffba5ffffff57,0,0
621,621,0,8213,0,1,1d84,001c,7556,8213,1,fffffba5ffffff57,0,0
622,622,0,8556,0,1,1d16,001c,7446,8556,1,fffffba5ffffff57,0,0
623,623,0,8853,0,1,1d1f,001c,7455,8853,1,fffffba5ffffff57,0,0
624,624,0,8994,0,1,1d1b,001c,7451,8994,1,fffffba5ffffff57,0,0
625,625,0,9007,0,1,1dec,001c,7660,9007,1,fffffba5ffffff57,0,0
626,626,0,8878,0,1,1f26,001c,7974,8878,1,fffffba5ffffff57,0,0
627,627,0,8661,0,1,2075,001c,8309,8661,1,fffffba5ffffff57,0,0
628,628,0,8396,0,1,21a8,001c,8616,8396,1,fffffba5ffffff57,0,0
629,629,0,8082,0,1,2272,001c,8818,8082,1,fffffba5ffffff57,0,0
630,630,0,7742,0,1,22fd,001c,8957,7742,1,fffffba5ffffff57,0,0
631,631,0,7505,0,1,2319,001c,8985,7505,1,fffffba5ffffff57,0,0
632,632,0,7407,0,1,22b0,001c,8880,7407,1,fffffba5ffffff57,0,0
633,633,0,7423,0,1,21e9,001c,8681,7423,1,fffffba5ffffff57,0,0
634,634,0,7529,0,1,20a3,001c,8355,7529,1,fffffba5ffffff57,0,0
635,635,0,7761,0,1,1f22,001c,7970,7761,1,fffffba5ffffff57,0,0
636,636,0,8094,0,1,1e2c,001c,7724,8094,1,fffffba5ffffff57,0,0
637,637,0,8419,0,1,1d5d,001c,7517,8419,1,fffffba5ffffff57,0,0
638,638,0,8680,0,1,1ce9,001c,7401,8680,1,fffffba5ffffff57,0,0
639,639,0,8887,0,1,1d3b,001c,7611,8887,1,fffffba5ffffff57,0,0
640,640,0,9003,0,1,1d7b,001c,7547,9003,1,fffffba5ffffff57,0,0
641,641,0,9003,0,1,1f7e,001c,8062,9003,1,fffffba5ffffff57,0,0
642,642,0,8969,0,1,1fee,001c,8174,8969,1,fffffba5ffffff57,0,0
643,643,0,8776,0,1,3fe3,001c,8130,8776,1,fffffba5ffffff57,0,0
644,644,0,8573,0,1,2329,001c,9001,8573,1,fffffba5ffffff57,0,0
645,645,0,8273,0,1,22eb,001c,8939,8273,1,fffffba5ffffff57,0,0
646,646,0,7904,0,1,23cf,001c,9167,7904,1,fffffba5ffffff57,0,0
647,647,0,7624,0,1,231f,001c,8990,7624,1,fffffba5ffffff57,0,0
648,648,0,7456,0,1,2357,001c,8983,7456,1,fffffba5ffffff57,0,0
649,649,0,7381,0,1,2255,001c,8789,7381,1,fffffba5ffffff57,0,0
650,650,0,7440,0,1,214f,001c,8527,7440,1,fffffba5ffffff57,0,0
651,651,0,7626,0,1,200c,001c,8204,7626,1,fffffba5ffffff57,0,0
652,652,0,7972,0,1,1ec7,001c,7879,7972,1,fffffba5ffffff57,0,0
653,653,0,8238,0,1,1dab,001c,7595,8238,1,fffffba5ffffff57,0,0
654,654,0,8482,0,1,1d12,001c,7442,8482,1,fffffba5ffffff57,0,0
655,655,0,8770,0,1,1cd5,001c,7381,8770,1,fffffba5ffffff57,0,0
656,656,0,8989,0,1,1d3f,001c,7487,8989,1,fffffba5ffffff57,0,0
657,657,0,9002,0,1,1de4,001c,7652,9002,1,fffffba5ffffff57,0,0
658,658,0,8919,0,1,1ee8,001c,7912,8919,1,fffffba5ffffff57,0,0
659,659,0,8711,0,1,203e,001c,8254,8711,1,fffffba5ffffff57,0,0
660,660,0,8409,0,1,2174,001c,8564,8409,1,fffffba5ffffff57,0,0
661,661,0,8065,0,1,225e,001c,8798,8065,1,fffffba5ffffff57,0,0
662,662,0,7776,0,1,22fc,001c,8956,7776,1,fffffba5ffffff57,0,0
663,663,0,7558,0,1,2318,001c,8984,7558,1,fffffba5ffffff57,0,0
664,664,0,7385,0,1,22ae,001c,8878,7385,1,fffffba5ffffff57,0,0
665,665,0,7363,0,1,220c,001c,8716,7363,1,fffffba5ffffff57,0,0
666,666,0,7505,0,1,20dc,001c,8412,7505,1,fffffba5ffffff57,0,0
667,667,0,7771,0,1,1f69,001c,8041,7771,1,fffffba5ffffff57,0,0
668,668,0,8072,0,1,1e17,001c,7703,8072,1,fffffba5ffffff57,0,0
669,669,0,8369,0,1,1d6b,001c,7531,8369,1,fffffba5ffffff57,0,0
670,670,0,8615,0,1,1cfe,001c,7422,8615,1,fffffba5ffffff57,0,0
671,671,0,8887,0,1,1d16,001c,7446,8887,1,fffffba5ffffff57,0,0
672,672,0,9029,0,1,1d63,001c,7523,9029,1,fffffba5ffffff57,0,0
673,673,0,8991,0,1,1e57,001c,7767,8991,1,fffffba5ffffff57,0,0
674,674,0,8836,0,1,1f8b,001c,8075,8836,1,fffffba5ffffff57,0,0
675,675,0,8546,0,1,24ea,001c,12267,8546,1,fffffba5ffffff57,0,0
676,676,0,8228,0,1,21f6,001c,8694,8228,1,fffffba5ffffff57,0,0
677,677,0,7944,0,1,23df,001c,9183,7944,1,fffffba5ffffff57,0,0
678,678,0,7703,0,1,23cf,001c,9167,7703,1,fffffba5ffffff57,0,0
679,679,0,7481,0,1,234d,001c,9037,7481,1,fffffba5ffffff57,0,0
680,680,0,7358,0,1,234b,001c,9035,7358,1,fffffba5ffffff57,0,0
681,681,0,7401,0,1,236b,001c,9067,7401,1,fffffba5ffffff57,0,0
682,682,0,7628,0,1,2166,001c,8550,7628,1,fffffba5ffffff57,0,0
683,683,0,7882,0,1,2846,001c,8262,7882,1,fffffba5ffffff57,0,0
684,684,0,8212,0,1,1eef,001c,7919,8212,1,fffffba5ffffff57,0,0
685,685,0,8523,0,1,1db2,001c,7602,8523,1,fffffba5ffffff57,0,0
686,686,0,8751,0,1,1d0d,001c,7437,8751,1,fffffba5ffffff57,0,0
687,687,0,8933,0,1,1cf2,001c,7410,8933,1,fffffba5ffffff57,0,0
688,688,0,9026,0,1,1d39,001c,7481,9026,1,fffffba5ffffff57,0,0
689,689,0,8937,0,1,1dd4,001c,7636,8937,1,fffffba5ffffff57,0,0
690,690,0,8731,0,1,1eec,001c,7916,8731,1,fffffba5ffffff57,0,0
691,691,0,8416,0,1,1ff3,001c,8179,8416,1,fffffba5ffffff57,0,0
692,692,0,8102,0,1,215a,001c,8538,8102,1,fffffba5ffffff57,0,0
693,693,0,7853,0,1,2279,001c,8825,7853,1,fffffba5ffffff57,0,0
694,694,0,7565,0,1,2319,001c,8985,7565,1,fffffba5ffffff57,0,0
695,695,0,7383,0,1,2335,001c,9013,7383,1,fffffba5ffffff57,0,0
696,696,0,7451,0,1,22b0,001c,8880,7451,1,fffffba5ffffff57,0,0
697,697,0,7517,0,1,21e1,001c,8673,7517,1,fffffba5ffffff57,0,0
698,698,0,7718,0,1,2109,001c,8457,7718,1,fffffba5ffffff57,0,0
699,699,0,8005,0,1,1f98,001c,8088,8005,1,fffffba5ffffff57,0,0
700,700,0,8315,0,1,1e4c,001c,7756,8315,1,fffffba5ffffff57,0,0
701,701,0,8634,0,1,1d71,001c,7537,8634,1,fffffba5ffffff57,0,0
702,702,0,8831,0,1,1ce6,001c,7398,8831,1,fffffba5ffffff57,0,0
703,703,0,8988,0,1,1cf3,001c,7411,8988,1,fffffba5ffffff57,0,0
704,704,0,9029,0,1,1d8f,001c,7567,9029,1,fffffba5ffffff57,0,0
705,705,0,8847,0,1,1e3d,001c,7741,8847,1,fffffba5ffffff57,0,0
706,706,0,8594,0,1,1f5b,001c,8027,8594,1,fffffba5ffffff57,0,0
707,707,0,8311,0,1,20b6,001c,8374,8311,1,fffffba5ffffff57,0,0
708,708,0,7982,0,1,21ea,001c,8682,7982,1,fffffba5ffffff57,0,0
709,709,0,7698,0,1,22df,001c,8927,7698,1,fffffba5ffffff57,0,0
710,710,0,7496,0,1,2319,001c,8985,7496,1,fffffba5ffffff57,0,0
711,711,0,7375,0,1,22fb,001c,8955,7375,1,fffffba5ffffff57,0,0
712,712,0,7426,0,1,22ab,001c,8955,7426,1,fffffba5ffffff57,0,0
713,713,0,7602,0,1,23b9,001c,9145,7602,1,fffffba5ffffff57,0,0
714,714,0,7862,0,1,21be,001c,8638,7862,1,fffffba5ffffff57,0,0
715,715,0,8143,0,1,2f36,001c,9014,8143,1,fffffba5ffffff57,0,0
716,716,0,8449,0,1,1fdf,001c,8159,8449,1,fffffba5ffffff57,0,0
717,717,0,8759,0,1,1ddf,001c,7647,8759,1,fffffba5ffffff57,0,0
718,718,0,8953,0,1,1df4,001c,7668,8953,1,fffffba5ffffff57,0,0
719,719,0,8979,0,1,1cc8,001c,7368,8979,1,fffffba5ffffff57,0,0
720,720,0,8960,0,1,1d33,001c,7475,8960,1,fffffba5ffffff57,0,0
721,721,0,8771,0,1,1dca,001c,7626,8771,1,fffffba5ffffff57,0,0
722,722,0,8458,0,1,1e9a,001c,7834,8458,1,fffffba5ffffff57,0,0
723,723,0,8144,0,1,1ffa,001c,8186,8144,1,fffffba5ffffff57,0,0
724,724,0,7816,0,1,2147,001c,8519,7816,1,fffffba5ffffff57,0,0
725,725,0,7579,0,1,2244,001c,8772,7579,1,fffffba5ffffff57,0,0
726,726,0,7441,0,1,22f3,001c,8947,7441,1,fffffba5ffffff57,0,0
727,727,0,7389,0,1,233d,001c,9021,7389,1,fffffba5ffffff57,0,0
728,728,0,7477,0,1,22ec,001c,8940,7477,1,fffffba5ffffff57,0,0
729,729,0,7660,0,1,2206,001c,8710,7660,1,fffffba5ffffff57,0,0
730,730,0,7986,0,1,20c6,001c,8390,7986,1,fffffba5ffffff57,0,0
731,731,0,8345,0,1,1fbc,001c,8124,8345,1,fffffba5ffffff57,0,0
732,732,0,8607,0,1,1e97,001c,7831,8607,1,fffffba5ffffff57,0,0
733,733,0,8821,0,1,1d75,001c,7541,8821,1,fffffba5ffffff57,0,0
734,734,0,8970,0,1,1d0e,001c,7438,8970,1,fffffba5ffffff57,0,0
735,735,0,8994,0,1,1cdd,001c,7389,8994,1,fffffba5ffffff57,0,0
736,736,0,8925,0,1,1d3d,001c,7485,8925,1,fffffba5ffffff57,0,0
737,737,0,8658,0,1,1e3a,001c,7738,8658,1,fffffba5ffffff57,0,0
738,738,0,8311,0,1,1f46,001c,8006,8311,1,fffffba5ffffff57,0,0
739,739,0,7990,0,1,20b2,001c,8370,7990,1,fffffba5ffffff57,0,0
740,740,0,7725,0,1,21b0,001c,8624,7725,1,fffffba5ffffff57,0,0
741,741,0,7516,0,1,2288,001c,8840,7516,1,fffffba5ffffff57,0,0
742,742,0,7401,0,1,2330,001c,9008,7401,1,fffffba5ffffff57,0,0
743,743,0,7410,0,1,2343,001c,9027,7410,1,fffffba5ffffff57,0,0
744,744,0,7666,0,1,228a,001c,8842,7666,1,fffffba5ffffff57,0,0
745,745,0,7538,0,1,218a,001c,8586,7538,1,fffffba5ffffff57,0,0
746,746,0,7827,0,1,2076,001c,8318,7827,1,fffffba5ffffff57,0,0
747,747,0,8159,0,1,1f3e,001c,8062,8159,1,fffffba5ffffff57,0,0
748,748,0,8470,0,1,1e3f,001c,7999,8470,1,fffffba5ffffff57,0,0
749,749,0,8703,0,1,1f5f,001c,8031,8703,1,fffffba5ffffff57,0,0
750,750,0,8886,0,1,1dcb,001c,7627,8886,1,fffffba5ffffff57,0,0
751,751,0,9043,0,1,1cfb,001c,7419,9043,1,fffffba5ffffff57,0,0
752,752,0,9023,0,1,1dff,001c,7679,9023,1,fffffba5ffffff57,0,0
753,753,0,8782,0,1,1fd5,001c,8149,8782,1,fffffba5ffffff57,0,0
754,754,0,8467,0,1,1fd1,001c,8145,8467,1,fffffba5ffffff57,0,0
755,755,0,8187,0,1,1fc0,001c,8128,8187,1,fffffba5ffffff57,0,0
756,756,0,7893,0,1,20f9,001c,8441,7893,1,fffffba5ffffff57,0,0
757,757,0,7645,0,1,223c,001c,8764,7645,1,fffffba5ffffff57,0,0
758,758,0,7441,0,1,22fe,001c,8958,7441,1,fffffba5ffffff57,0,0
759,759,0,7374,0,1,234d,001c,9037,7374,1,fffffba5ffffff57,0,0
760,760,0,7474,0,1,22da,001c,8922,7474,1,fffffba5ffffff57,0,0
761,761,0,7645,0,1,221a,001c,8730,7645,1,fffffba5ffffff57,0,0
762,762,0,7924,0,1,2129,001c,8489,7924,1,fffffba5ffffff57,0,0
763,763,0,8291,0,1,1fe3,001c,8163,8291,1,fffffba5ffffff57,0,0
764,764,0,8556,0,1,1e93,001c,7827,8556,1,fffffba5ffffff57,0,0
765,765,0,8822,0,1,1d9c,001c,7580,8822,1,fffffba5ffffff57,0,0
766,766,0,9009,0,1,1ce6,001c,7398,9009,1,fffffba5ffffff57,0,0
767,767,0,8999,0,1,1cda,001c,7386,8999,1,fffffba5ffffff57,0,0
768,768,0,8892,0,1,1d4f,001c,7503,8892,1,fffffba5ffffff57,0,0
769,769,0,8676,0,1,1e04,001c,7684,8676,1,fffffba5ffffff57,0,0
770,770,0,8407,0,1,1f2d,001c,7981,8407,1,fffffba5ffffff57,0,0
771,771,0,8026,0,1,2069,001c,8297,8026,1,fffffba5ffffff57,0,0
772,772,0,7769,0,1,2199,001c,8601,7769,1,fffffba5ffffff57,0,0
773,773,0,7551,0,1,22bc,001c,8892,7551,1,fffffba5ffffff57,0,0
774,774,0,7403,0,1,2327,001c,8999,7403,1,fffffba5ffffff57,0,0
775,775,0,7429,0,1,230b,001c,8971,7429,1,fffffba5ffffff57,0,0
776,776,0,7535,0,1,22af,001c,8879,7535,1,fffffba5ffffff57,0,0
777,777,0,7744,0,1,21cd,001c,8653,7744,1,fffffba5ffffff57,0,0
778,778,0,8109,0,1,2080,001c,8320,8109,1,fffffba5ffffff57,0,0
779,779,0,8443,0,1,1f4b,001c,8011,8443,1,fffffba5ffffff57,0,0
780,780,0,8700,0,1,1e25,001c,7717,8700,1,fffffba5ffffff57,0,0
781,781,0,8938,0,1,1d62,001c,7522,8938,1,fffffba5ffffff57,0,0
782,782,0,8981,0,1,1cf3,001c,7411,8981,1,fffffba5ffffff57,0,0
783,783,0,8956,0,1,1cea,001c,7419,8956,1,fffffba5ffffff57,0,0
784,784,0,8807,0,1,1daa,001c,7658,8807,1,fffffba5ffffff57,0,0
785,785,0,8560,0,1,1f9b,001c,8091,8560,1,fffffba5ffffff57,0,0
786,786,0,8244,0,1,1fdf,001c,8159,8244,1,fffffba5ffffff57,0,0
787,787,0,7898,0,1,3fcd,001c,8141,7898,1,fffffba5ffffff57,0,0
788,788,0,7584,0,1,2309,001c,8969,7584,1,fffffba5ffffff57,0,0
789,789,0,7482,0,1,22db,001c,8923,7482,1,fffffba5ffffff57,0,0
790,790,0,7388,0,1,23d6,001c,8914,7388,1,fffffba5ffffff57,0,0
791,791,0,7444,0,1,237f,001c,9023,7444,1,fffffba5ffffff57,0,0
792,792,0,7651,0,1,22e5,001c,8933,7651,1,fffffba5ffffff57,0,0
793,793,0,7908,0,1,2250,001c,8784,7908,1,fffffba5ffffff57,0,0
794,794,0,8191,0,1,2139,001c,8505,8191,1,fffffba5ffffff57,0,0
795,795,0,8555,0,1,1fea,001c,8170,8555,1,fffffba5ffffff57,0,0
796,796,0,8804,0,1,1ec3,001c,7875,8804,1,fffffba5ffffff57,0,0
797,797,0,8989,0,1,1da1,001c,7585,8989,1,fffffba5ffffff57,0,0
798,798,0,8989,0,1,1d0d,001c,7437,8989,1,fffffba5ffffff57,0,0
799,799,0,8917,0,1,1ced,001c,7405,8917,1,fffffba5ffffff57,0,0
800,800,0,8739,0,1,1d2a,001c,7466,8739,1,fffffba5ffffff57,0,0
801,801,0,8380,0,1,1de5,001c,7653,8380,1,fffffba5ffffff57,0,0
802,802,0,8082,0,1,1f11,001c,7953,8082,1,fffffba5ffffff57,0,0
803,803,0,7786,0,1,2054,001c,8276,7786,1,fffffba5ffffff57,0,0
804,804,0,7506,0,1,2182,001c,8578,7506,1,fffffba5ffffff57,0,0
805,805,0,7447,0,1,227d,001c,8829,7447,1,fffffba5ffffff57,0,0
806,806,0,7366,0,1,2306,001c,8966,7366,1,fffffba5ffffff57,0,0
807,807,0,7493,0,1,2333,001c,9011,7493,1,fffffba5ffffff57,0,0
808,808,0,7809,0,1,22a7,001c,8871,7809,1,fffffba5ffffff57,0,0
809,809,0,7997,0,1,220a,001c,8714,7997,1,fffffba5ffffff57,0,0
810,810,0,8393,0,1,20d8,001c,8408,8393,1,fffffba5ffffff57,0,0
811,811,0,8711,0,1,1f33,001c,7987,8711,1,fffffba5ffffff57,0,0
812,812,0,8842,0,1,1e27,001c,7719,8842,1,fffffba5ffffff57,0,0
813,813,0,8995,0,1,1d81,001c,7553,8995,1,fffffba5ffffff57,0,0
814,814,0,8987,0,1,1ce9,001c,7401,8987,1,fffffba5ffffff57,0,0
815,815,0,8834,0,1,1cfb,001c,7419,8834,1,fffffba5ffffff57,0,0
816,816,0,8628,0,1,1d7b,001c,7547,8628,1,fffffba5ffffff57,0,0
817,817,0,8245,0,1,1e63,001c,7779,8245,1,fffffba5ffffff57,0,0
818,818,0,7885,0,1,1fb7,001c,8119,7885,1,fffffba5ffffff57,0,0
819,819,0,7697,0,1,2edf,001c,16351,7697,1,fffffba5ffffff57,0,0
820,820,0,7461,0,1,229b,001c,8923,7461,1,fffffba5ffffff57,0,0
821,821,0,7389,0,1,22c6,001c,8902,7389,1,fffffba5ffffff57,0,0
822,822,0,7434,0,1,23e7,001c,9191,7434,1,fffffba5ffffff57,0,0
823,823,0,7595,0,1,2337,001c,9015,7595,1,fffffba5ffffff57,0,0
824,824,0,7918,0,1,235f,001c,9055,7918,1,fffffba5ffffff57,0,0
825,825,0,8147,0,1,235f,001c,9055,8147,1,fffffba5ffffff57,0,0
826,826,0,8437,0,1,214e,001c,8526,8437,1,fffffba5ffffff57,0,0
827,827,0,8826,0,1,2028,001c,8232,8826,1,fffffba5ffffff57,0,0
828,828,0,8964,0,1,1eba,001c,7866,8964,1,fffffba5ffffff57,0,0
829,829,0,8988,0,1,1dcb,001c,7627,8988,1,fffffba5ffffff57,0,0
830,830,0,8920,0,1,1d22,001c,7458,8920,1,fffffba5ffffff57,0,0
831,831,0,8747,0,1,1cd5,001c,7381,8747,1,fffffba5ffffff57,0,0
832,832,0,8454,0,1,1d13,001c,7443,8454,1,fffffba5ffffff57,0,0
833,833,0,8084,0,1,1dd7,001c,7639,8084,1,fffffba5ffffff57,0,0
834,834,0,7793,0,1,1ef6,001c,7926,7793,1,fffffba5ffffff57,0,0
835,835,0,7587,0,1,2045,001c,8261,7587,1,fffffba5ffffff57,0,0
836,836,0,7418,0,1,215d,001c,8541,7418,1,fffffba5ffffff57,0,0
837,837,0,7390,0,1,2252,001c,8786,7390,1,fffffba5ffffff57,0,0
838,838,0,7501,0,1,2313,001c,8979,7501,1,fffffba5ffffff57,0,0
839,839,0,7704,0,1,2347,001c,9031,7704,1,fffffba5ffffff57,0,0
840,840,0,8034,0,1,22d6,001c,8918,8034,1,fffffba5ffffff57,0,0
841,841,0,8349,0,1,21f6,001c,8694,8349,1,fffffba5ffffff57,0,0
842,842,0,8624,0,1,20cc,001c,8396,8624,1,fffffba5ffffff57,0,0
843,843,0,8871,0,1,1f8a,001c,8074,8871,1,fffffba5ffffff57,0,0
844,844,0,9011,0,1,1e6c,001c,7788,9011,1,fffffba5ffffff57,0,0
845,845,0,9011,0,1,1d74,001c,7540,9011,1,fffffba5ffffff57,0,0
846,846,0,8981,0,1,1cef,001c,7407,8981,1,fffffba5ffffff57,0,0
847,847,0,8831,0,1,1ce1,001c,7393,8831,1,fffffba5ffffff57,0,0
848,848,0,8586,0,1,1d79,001c,7545,8586,1,fffffba5ffffff57,0,0
849,849,0,8278,0,1,1e4f,001c,7759,8278,1,fffffba5ffffff57,0,0
850,850,0,7958,0,1,1f5e,001c,8030,7958,1,fffffba5ffffff57,0,0
851,851,0,7701,0,1,20b2,001c,8370,7701,1,fffffba5ffffff57,0,0
852,852,0,7504,0,1,21f6,001c,8694,7504,1,fffffba5ffffff57,0,0
853,853,0,7345,0,1,22e0,001c,8928,7345,1,fffffba5ffffff57,0,0
854,854,0,7399,0,1,2335,001c,9141,7399,1,fffffba5ffffff57,0,0
855,855,0,7605,0,1,232d,001c,9021,7605,1,fffffba5ffffff57,0,0
856,856,0,7865,0,1,2388,001c,9096,7865,1,fffffba5ffffff57,0,0
857,857,0,8152,0,1,23f9,001c,9209,8152,1,fffffba5ffffff57,0,0
858,858,0,8499,0,1,217f,001c,8575,8499,1,fffffba5ffffff57,0,0
859,859,0,8746,0,1,2f2e,001c,9006,8746,1,fffffba5ffffff57,0,0
860,860,0,8960,0,1,1fcb,001c,8139,8960,1,fffffba5ffffff57,0,0
861,861,0,9018,0,1,1ddb,001c,7643,9018,1,fffffba5ffffff57,0,0
862,862,0,8934,0,1,1d11,001c,7441,8934,1,fffffba5ffffff57,0,0
863,863,0,8730,0,1,1d08,001c,7432,8730,1,fffffba5ffffff57,0,0
864,864,0,8456,0,1,1d32,001c,7474,8456,1,fffffba5ffffff57,0,0
865,865,0,8176,0,1,1dcb,001c,7627,8176,1,fffffba5ffffff57,0,0
866,866,0,7836,0,1,1ecc,001c,7884,7836,1,fffffba5ffffff57,0,0
867,867,0,7543,0,1,1fe1,001c,8161,7543,1,fffffba5ffffff57,0,0
868,868,0,7428,0,1,2159,001c,8537,7428,1,fffffba5ffffff57,0,0
869,869,0,7425,0,1,2278,001c,8824,7425,1,fffffba5ffffff57,0,0
870,870,0,7493,0,1,22ff,001c,8959,7493,1,fffffba5ffffff57,0,0
871,871,0,7708,0,1,2313,001c,8979,7708,1,fffffba5ffffff57,0,0
872,872,0,7992,0,1,22e1,001c,8929,7992,1,fffffba5ffffff57,0,0
873,873,0,8294,0,1,2215,001c,8725,8294,1,fffffba5ffffff57,0,0
874,874,0,8599,0,1,2110,001c,8464,8599,1,fffffba5ffffff57,0,0
875,875,0,8864,0,1,1fbe,001c,8126,8864,1,fffffba5ffffff57,0,0
876,876,0,9024,0,1,1e6a,001c,7786,9024,1,fffffba5ffffff57,0,0
877,877,0,8999,0,1,1d80,001c,7552,8999,1,fffffba5ffffff57,0,0
878,878,0,8861,0,1,1cf5,001c,7413,8861,1,fffffba5ffffff57,0,0
879,879,0,8628,0,1,1d10,001c,7440,8628,1,fffffba5ffffff57,0,0
880,880,0,8318,0,1,1d5d,001c,7517,8318,1,fffffba5ffffff57,0,0
881,881,0,7986,0,1,1e04,001c,7684,7986,1,fffffba5ffffff57,0,0
882,882,0,7693,0,1,1f49,001c,8009,7693,1,fffffba5ffffff57,0,0
883,883,0,7520,0,1,20b7,001c,8375,7520,1,fffffba5ffffff57,0,0
884,884,0,7413,0,1,21b1,001c,8625,7413,1,fffffba5ffffff57,0,0
885,885,0,7433,0,1,2289,001c,8841,7433,1,fffffba5ffffff57,0,0
886,886,0,7523,0,1,2336,001c,9014,7523,1,fffffba5ffffff57,0,0
887,887,0,7805,0,1,2308,001c,8968,7805,1,fffffba5ffffff57,0,0
888,888,0,8163,0,1,228c,001c,8844,8163,1,fffffba5ffffff57,0,0
889,889,0,8429,0,1,21a3,001c,8619,8429,1,fffffba5ffffff57,0,0
890,890,0,8736,0,1,2061,001c,8419,8736,1,fffffba5ffffff57,0,0
891,891,0,8945,0,1,1f3b,001c,16251,8945,1,fffffba5ffffff57,0,0
892,892,0,9008,1,1,1fda,001c,8154,9008,1,fffffba5ffffff57,0,0
893,893,0,9008,0,0,1df7,001c,7671,9008,0,fffffba5ffffff57,0,0
894,894,0,9008,0,0,1df7,001c,7671,9008,0,fffffba5ffffff57,0,0
895,895,0,9008,0,0,1df6,001c,7670,9008,0,fffffba5ffffff57,0,0
896,896,0,9008,0,0,1dab,001c,7595,9008,0,fffffba5ffffff57,0,0
897,897,0,9008,0,0,1f8f,001c,7567,9008,0,fffffba5ffffff57,0,0
898,898,0,9008,0,0,1fcc,001c,8076,9008,0,fffffba5ffffff57,0,0
899,899,0,9008,0,0,1fe8,001c,8168,9008,0,fffffba5ffffff57,0,0
900,900,0,9008,0,0,211e,001c,8478,9008,0,fffffba5ffffff57,0,0
901,901,0,9008,0,0,2242,001c,8770,9008,0,fffffba5ffffff57,0,0
902,902,0,9008,0,0,2319,001c,8985,9008,0,fffffba5ffffff57,0,0
903,903,0,9008,0,0,233f,001c,9023,9008,0,fffffba5ffffff57,0,0
904,904,0,9008,0,0,22e0,001c,8928,9008,0,fffffba5ffffff57,0,0
905,905,0,9008,0,0,2210,001c,8720,9008,0,fffffba5ffffff57,0,0
906,906,0,9008,0,0,210f,001c,8463,9008,0,fffffba5ffffff57,0,0
907,907,0,9008,0,0,1fe6,001c,8166,9008,0,fffffba5ffffff57,0,0
908,908,0,9008,0,0,1e92,001c,7826,9008,0,fffffba5ffffff57,0,0
909,909,0,9008,0,0,1d70,001c,7536,9008,0,fffffba5ffffff57,0,0
910,910,0,9008,0,0,1d00,001c,7424,9008,0,fffffba5ffffff57,0,0
911,911,0,9008,0,0,1cd9,001c,7385,9008,0,fffffba5ffffff57,0,0
912,912,0,9008,0,0,1d42,001c,7490,9008,0,fffffba5ffffff57,0,0
913,913,0,9008,0,0,1e1e,001c,7710,9008,0,fffffba5ffffff57,0,0
914,914,0,9008,0,0,1f42,001c,8002,9008,0,fffffba5ffffff57,0,0
915,915,0,9008,0,0,2073,001c,8307,9008,0,fffffba5ffffff57,0,0
916,916,0,9008,0,0,219c,001c,8604,9008,0,fffffba5ffffff57,0,0
917,917,0,9008,0,0,22ae,001c,8878,9008,0,fffffba5ffffff57,0,0
918,918,0,9008,0,0,233f,001c,9023,9008,0,fffffba5ffffff57,0,0
919,919,0,9008,0,0,230f,001c,8975,9008,0,fffffba5ffffff57,0,0
920,920,0,9008,0,0,2283,001c,8835,9008,0,fffffba5ffffff57,0,0
921,921,0,9008,0,0,21a6,001c,8614,9008,0,fffffba5ffffff57,0,0
922,922,0,9008,0,0,208c,001c,8332,9008,0,fffffba5ffffff57,0,0
923,923,0,9008,0,0,1f3d,001c,7997,9008,0,fffffba5ffffff57,0,0
924,924,0,9008,0,0,1e09,001c,7689,9008,0,fffffba5ffffff57,0,0
925,925,0,9008,0,0,1d47,001c,7503,9008,0,fffffba5ffffff57,0,0
926,926,0,9008,0,0,1cd5,001c,7383,9008,0,fffffba5ffffff57,0,0
927,927,0,9008,0,0,1cd7,001c,7383,9008,0,fffffba5ffffff57,0,0
928,928,0,9008,0,0,1ddf,001c,7647,9008,0,fffffba5ffffff57,0,0
929,929,0,9008,0,0,1fb9,001c,8121,9008,0,fffffba5ffffff57,0,0
930,930,0,9008,0,0,1fb3,001c,8115,9008,0,fffffba5ffffff57,0,0
931,931,0,9008,0,0,1ffb,001c,8187,9008,0,fffffba5ffffff57,0,0
932,932,0,9008,0,0,21ff,001c,8703,9008,0,fffffba5ffffff57,0,0
933,933,0,9008,0,0,23ff,001c,8700,9008,0,fffffba5ffffff57,0,0
934,934,0,9008,0,0,23df,001c,8927,9008,0,fffffba5ffffff57,0,0
935,935,0,9008,0,0,2353,001c,9043,9008,0,fffffba5ffffff57,0,0
936,936,0,9008,0,0,22f9,001c,8953,9008,0,fffffba5ffffff57,0,0
937,937,0,9008,0,0,2220,001c,8736,9008,0,fffffba5ffffff57,0,0
938,938,0,9008,0,0,2128,001c,8488,9008,0,fffffba5ffffff57,0,0
939,939,0,9008,0,0,2001,001c,8193,9008,0,fffffba5ffffff57,0,0
940,940,0,9008,0,0,1ec2,001c,7874,9008,0,fffffba5ffffff57,0,0
941,941,0,9008,0,0,1d98,001c,7576,9008,0,fffffba5ffffff57,0,0
942,942,0,9008,0,0,1cfd,001c,7421,9008,0,fffffba5ffffff57,0,0
943,943,0,9008,0,0,1ced,001c,7405,9008,0,fffffba5ffffff57,0,0
944,944,0,9008,0,0,1d45,001c,7493,9008,0,fffffba5ffffff57,0,0
945,945,0,9008,0,0,1df9,001c,7673,9008,0,fffffba5ffffff57,0,0
946,946,0,9008,0,0,1f0f,001c,7951,9008,0,fffffba5ffffff57,0,0
947,947,0,9008,0,0,204e,001c,8270,9008,0,fffffba5ffffff57,0,0
948,948,0,9008,0,0,2167,001c,8551,9008,0,fffffba5ffffff57,0,0
949,949,0,9008,0,0,22a5,001c,8869,9008,0,fffffba5ffffff57,0,0
950,950,0,9008,0,0,233d,001c,9021,9008,0,fffffba5ffffff57,0,0
951,951,0,9008,0,0,2325,001c,8997,9008,0,fffffba5ffffff57,0,0
952,952,0,9008,0,0,2294,001c,8852,9008,0,fffffba5ffffff57,0,0
953,953,0,9008,0,0,21bd,001c,8637,9008,0,fffffba5ffffff57,0,0
954,954,0,9008,0,0,20a0,001c,8352,9008,0,fffffba5ffffff57,0,0
955,955,0,9008,0,0,1f65,001c,8037,9008,0,fffffba5ffffff57,0,0
956,956,0,9008,0,0,1e4e,001c,7758,9008,0,fffffba5ffffff57,0,0
957,957,0,9008,0,0,1d4e,001c,7502,9008,0,fffffba5ffffff57,0,0
958,958,0,9008,0,0,1cc7,001c,7367,9008,0,fffffba5ffffff57,0,0
959,959,0,9008,0,0,1cf6,001c,7414,9008,0,fffffba5ffffff57,0,0
960,960,0,9008,0,0,1d9f,001c,7615,9008,0,fffffba5ffffff57,0,0
961,961,0,9008,0,0,1e71,001c,7803,9008,0,fffffba5ffffff57,0,0
962,962,0,9008,0,0,1fab,001c,8187,9008,0,fffffba5ffffff57,0,0
963,963,0,9008,0,0,3fdb,001c,16347,9008,0,fffffba5ffffff57,0,0
964,964,0,9008,0,0,21ff,001c,8703,9008,0,fffffba5ffffff57,0,0
965,965,0,9008,0,0,23ff,001c,9215,9008,0,fffffba5ffffff57,0,0
966,966,0,9008,0,0,23fc,001c,9212,9008,0,fffffba5ffffff57,0,0
967,967,0,9008,0,0,23fe,001c,9214,9008,0,fffffba5ffffff57,0,0
968,968,0,9008,0,0,22ee,001c,8942,9008,0,fffffba5ffffff57,0,0
969,969,0,9008,0,0,2376,001c,9078,9008,0,fffffba5ffffff57,0,0
970,970,0,9008,0,0,2156,001c,8534,9008,0,fffffba5ffffff57,0,0
971,971,0,9008,0,0,1ffb,001c,8187,9008,0,fffffba5ffffff57,0,0
972,972,0,9008,0,0,1ee3,001c,7907,9008,0,fffffba5ffffff57,0,0
973,973,0,9008,0,0,1dd7,001c,7639,9008,0,fffffba5ffffff57,0,0
974,974,0,9008,0,0,1d0d,001c,7437,9008,0,fffffba5ffffff57,0,0
975,975,0,9008,0,0,1cd8,001c,7384,9008,0,fffffba5ffffff57,0,0
976,976,0,9008,0,0,1d31,001c,7473,9008,0,fffffba5ffffff57,0,0
977,977,0,9008,0,0,1de6,001c,7654,9008,0,fffffba5ffffff57,0,0
978,978,0,9008,0,0,1ef3,001c,7923,9008,0,fffffba5ffffff57,0,0
979,979,0,9008,0,0,2028,001c,8232,9008,0,fffffba5ffffff57,0,0
980,980,0,9008,0,0,2166,001c,8550,9008,0,fffffba5ffffff57,0,0
981,981,0,9008,0,0,2280,001c,8832,9008,0,fffffba5ffffff57,0,0
982,982,0,9008,0,0,230f,001c,8975,9008,0,fffffba5ffffff57,0,0
983,983,0,9008,0,0,2324,001c,8996,9008,0,fffffba5ffffff57,0,0
984,984,0,9008,0,0,22d6,001c,8918,9008,0,fffffba5ffffff57,0,0
985,985,0,9008,0,0,21e6,001c,8678,9008,0,fffffba5ffffff57,0,0
986,986,0,9008,0,0,20a3,001c,8355,9008,0,fffffba5ffffff57,0,0
987,987,0,9008,0,0,1f6a,001c,8042,9008,0,fffffba5ffffff57,0,0
988,988,0,9008,0,0,1e71,001c,7793,9008,0,fffffba5ffffff57,0,0
989,989,0,9008,0,0,1da1,001c,7585,9008,0,fffffba5ffffff57,0,0
990,990,0,9008,0,0,1cdf,001c,7391,9008,0,fffffba5ffffff57,0,0
991,991,0,9008,0,0,1cd7,001c,7383,9008,0,fffffba5ffffff57,0,0
992,992,0,9008,0,0,1d49,001c,7497,9008,0,fffffba5ffffff57,0,0
993,993,0,9008,0,0,1e9a,001c,7834,9008,0,fffffba5ffffff57,0,0
994,994,0,9008,0,0,1f88,001c,8072,9008,0,fffffba5ffffff57,0,0
995,995,0,9008,0,0,2097,001c,8343,9008,0,fffffba5ffffff57,0,0
996,996,0,9008,0,0,21d1,001c,8657,9008,0,fffffba5ffffff57,0,0
997,997,0,9008,0,0,2291,001c,8849,9008,0,fffffba5ffffff57,0,0
998,998,0,9008,0,0,2335,001c,9141,9008,0,fffffba5ffffff57,0,0
999,999,0,9008,0,0,233d,001c,9021,9008,0,fffffba5ffffff57,0,0
1000,1000,0,9008,0,0,237d,001c,9085,9008,0,fffffba5ffffff57,0,0
1001,1001,0,9008,0,0,2370,001c,9072,9008,0,fffffba5ffffff57,0,0
1002,1002,0,9008,0,0,214e,001c,8526,9008,0,fffffba5ffffff57,0,0
1003,1003,0,9008,0,0,2f0e,001c,11022,9008,0,fffffba5ffffff57,0,0
1004,1004,0,9008,0,0,1f1f,001c,7959,9008,0,fffffba5ffffff57,0,0
1005,1005,0,9008,0,0,1f1f,001c,7711,9008,0,fffffba5ffffff57,0,0
1006,1006,0,9008,0,0,1d31,001c,7473,9008,0,fffffba5ffffff57,0,0
1007,1007,0,9008,0,0,1ca9,001c,7337,9008,0,fffffba5ffffff57,0,0
1008,1008,0,9008,0,0,1d12,001c,7442,9008,0,fffffba5ffffff57,0,0
1009,1009,0,9008,0,0,1dde,001c,7646,9008,0,fffffba5ffffff57,0,0
1010,1010,0,9008,0,0,1eed,001c,7917,9008,0,fffffba5ffffff57,0,0
1011,1011,0,9008,0,0,2011,001c,8209,9008,0,fffffba5ffffff57,0,0
1012,1012,0,9008,0,0,2139,001c,8505,9008,0,fffffba5ffffff57,0,0
1013,1013,0,9008,0,0,2262,001c,8802,9008,0,fffffba5ffffff57,0,0
1014,1014,0,9008,0,0,2301,001c,8961,9008,0,fffffba5ffffff57,0,0
1015,1015,0,9008,0,0,2334,001c,9012,9008,0,fffffba5ffffff57,0,0
1016,1016,0,9008,0,0,22df,001c,8927,9008,0,fffffba5ffffff57,0,0
1017,1017,0,9008,0,0,21e2,001c,8674,9008,0,fffffba5ffffff57,0,0
1018,1018,0,9008,0,0,20da,001c,8410,9008,0,fffffba5ffffff57,0,0
1019,1019,0,9008,0,0,1fae,001c,8110,9008,0,fffffba5ffffff57,0,0
1020,1020,0,9008,0,0,1e77,001c,7799,9008,0,fffffba5ffffff57,0,0
1021,1021,0,9008,0,0,1d99,001c,7577,9008,0,fffffba5ffffff57,0,0
1022,1022,0,9008,0,0,1cf4,001c,7412,9008,0,fffffba5ffffff57,0,0
1023,1023,0,9008,0,0,1ceb,001c,7403,9008,0,fffffba5ffffff57,0,0
1024,1024,0,9008,0,0,1d40,001c,7488,9008,0,fffffba5ffffff57,0,0
1025,1025,0,9008,0,0,1e2b,001c,7723,9008,0,fffffba5ffffff57,0,0
1026,1026,0,9008,0,0,1f6c,001c,8044,9008,0,fffffba5ffffff57,0,0
1027,1027,0,9008,0,0,20a8,001c,8360,9008,0,fffffba5ffffff57,0,0
1028,1028,0,9008,0,0,21cb,001c,8651,9008,0,fffffba5ffffff57,0,0
1029,1029,0,9008,0,0,22ba,001c,8890,9008,0,fffffba5ffffff57,0,0
1030,1030,0,9008,0,0,2326,001c,8998,9008,0,fffffba5ffffff57,0,0
1031,1031,0,9008,0,0,230f,001c,8975,9008,0,fffffba5ffffff57,0,0
1032,1032,0,9008,0,0,2284,001c,8836,9008,0,fffffba5ffffff57,0,0
1033,1033,0,9008,0,0,216d,001c,9197,9008,0,fffffba5ffffff57,0,0
1034,1034,0,9008,0,0,207d,001c,8573,9008,0,fffffba5ffffff57,0,0
1035,1035,0,9008,0,0,3f5d,001c,16221,9008,0,fffffba5ffffff57,0,0
1036,1036,0,9008,0,0,1ffd,001c,8189,9008,0,fffffba5ffffff57,0,0
1037,1037,0,9008,0,0,1df5,001c,7669,9008,0,fffffba5ffffff57,0,0
1038,1038,0,9008,0,0,1ddf,001c,7639,9008,0,fffffba5ffffff57,0,0
1039,1039,0,9008,0,0,1cff,001c,7423,9008,0,fffffba5ffffff57,0,0
1040,1040,0,9008,0,0,1dfe,001c,7678,9008,0,fffffba5ffffff57,0,0
1041,1041,0,9008,0,0,1f92,001c,7570,9008,0,fffffba5ffffff57,0,0
1042,1042,0,9008,0,0,1eb1,001c,7857,9008,0,fffffba5ffffff57,0,0
1043,1043,0,9008,0,0,2011,001c,8209,9008,0,fffffba5ffffff57,0,0
1044,1044,0,9008,0,0,212a,001c,8490,9008,0,fffffba5ffffff57,0,0
1045,1045,0,9008,0,0,2230,001c,8752,9008,0,fffffba5ffffff57,0,0
1046,1046,0,9008,0,0,22f9,001c,8953,9008,0,fffffba5ffffff57,0,0
1047,1047,0,9008,0,0,232c,001c,9004,9008,0,fffffba5ffffff57,0,0
1048,1048,0,9008,0,0,22e4,001c,8932,9008,0,fffffba5ffffff57,0,0
1049,1049,0,9008,0,0,2217,001c,8727,9008,0,fffffba5ffffff57,0,0
1050,1050,0,9008,0,0,2101,001c,8449,9008,0,fffffba5ffffff57,0,0
1051,1051,0,9008,0,0,1fce,001c,8142,9008,0,fffffba5ffffff57,0,0
1052,1052,0,9008,0,0,1e82,001c,7810,9008,0,fffffba5ffffff57,0,0
1053,1053,0,9008,0,0,1d92,001c,7570,9008,0,fffffba5ffffff57,0,0
1054,1054,0,9008,0,0,1d05,001c,7429,9008,0,fffffba5ffffff57,0,0
1055,1055,0,9008,0,0,1ced,001c,7405,9008,0,fffffba5ffffff57,0,0
1056,1056,0,9008,0,0,1d3a,001c,7482,9008,0,fffffba5ffffff57,0,0
1057,1057,0,9008,0,0,1e06,001c,7686,9008,0,fffffba5ffffff57,0,0
1058,1058,0,9008,0,0,1f30,001c,7984,9008,0,fffffba5ffffff57,0,0
1059,1059,0,9008,0,0,209d,001c,8349,9008,0,fffffba5ffffff57,0,0
1060,1060,0,9008,0,0,21a0,001c,8608,9008,0,fffffba5ffffff57,0,0
1061,1061,0,9008,0,0,228d,001c,8845,9008,0,fffffba5ffffff57,0,0
1062,1062,0,9008,0,0,2325,001c,8997,9008,0,fffffba5ffffff57,0,0
1063,1063,0,9008,0,0,2306,001c,8966,9008,0,fffffba5ffffff57,0,0
1064,1064,0,9008,0,0,229d,001c,8861,9008,0,fffffba5ffffff57,0,0
1065,1065,0,9008,0,0,21c4,001c,8644,9008,0,fffffba5ffffff57,0,0
1066,1066,0,9008,0,0,2070,001c,8304,9008,0,fffffba5ffffff57,0,0
1067,1067,0,9008,0,0,1f18,001c,7992,9008,0,fffffba5ffffff57,0,0
1068,1068,0,9008,0,0,1e0c,001c,7692,9008,0,fffffba5ffffff57,0,0
1069,1069,0,9008,0,0,1d5d,001c,8029,9008,0,fffffba5ffffff57,0,0
1070,1070,0,9008,0,0,1cf7,001c,7671,9008,0,fffffba5ffffff57,0,0
1071,1071,0,9008,0,0,1cff,001c,7423,9008,0,fffffba5ffffff57,0,0
1072,1072,0,9008,0,0,1dfe,001c,7678,9008,0,fffffba5ffffff57,0,0
1073,1073,0,9008,0,0,1ff7,001c,7542,9008,0,fffffba5ffffff57,0,0
1074,1074,0,9008,0,0,1fe5,001c,8165,9008,0,fffffba5ffffff57,0,0
1075,1075,0,9008,0,0,1fe4,001c,8164,9008,0,fffffba5ffffff57,0,0
1076,1076,0,9008,0,0,2315,001c,8469,9008,0,fffffba5ffffff57,0,0
1077,1077,0,9008,0,0,22de,001c,8734,9008,0,fffffba5ffffff57,0,0
1078,1078,0,9008,0,0,22ed,001c,8941,9008,0,fffffba5ffffff57,0,0
1079,1079,0,9008,0,0,232f,001c,9007,9008,0,fffffba5ffffff57,0,0
1080,1080,0,9008,0,0,22d3,001c,8915,9008,0,fffffba5ffffff57,0,0
1081,1081,0,9008,0,0,222a,001c,8746,9008,0,fffffba5ffffff57,0,0
1082,1082,0,9008,0,0,212b,001c,8491,9008,0,fffffba5ffffff57,0,0
1083,1083,0,9008,0,0,1fed,001c,8173,9008,0,fffffba5ffffff57,0,0
1084,1084,0,9008,0,0,1ea1,001c,7841,9008,0,fffffba5ffffff57,0,0
1085,1085,0,9008,0,0,1db1,001c,7601,9008,0,fffffba5ffffff57,0,0
1086,1086,0,9008,0,0,1d22,001c,7458,9008,0,fffffba5ffffff57,0,0
1087,1087,0,9008,0,0,1cd4,001c,7380,9008,0,fffffba5ffffff57,0,0
1088,1088,0,9008,0,0,1d11,001c,7441,9008,0,fffffba5ffffff57,0,0
1089,1089,0,9008,0,0,1dfa,001c,7674,9008,0,fffffba5ffffff57,0,0
1090,1090,0,9008,0,0,1f25,001c,7973,9008,0,fffffba5ffffff57,0,0
1091,1091,0,9008,0,0,206e,001c,8302,9008,0,fffffba5ffffff57,0,0
1092,1092,0,9008,0,0,217d,001c,8573,9008,0,fffffba5ffffff57,0,0
1093,1093,0,9008,0,0,2279,001c,8825,9008,0,fffffba5ffffff57,0,0
1094,1094,0,9008,0,0,2310,001c,8976,9008,0,fffffba5ffffff57,0,0
1095,1095,0,9008,0,0,2324,001c,8996,9008,0,fffffba5ffffff57,0,0
1096,1096,0,9008,0,0,22bf,001c,8895,9008,0,fffffba5ffffff57,0,0
1097,1097,0,9008,0,0,21c4,001c,8644,9008,0,fffffba5ffffff57,0,0
1098,1098,0,9008,0,0,2099,001c,8345,9008,0,fffffba5ffffff57,0,0
1099,1099,0,9008,0,0,1f49,001c,8009,9008,0,fffffba5ffffff57,0,0
1100,1100,0,9008,0,0,1e38,001c,7736,9008,0,fffffba5ffffff57,0,0
1101,1101,0,9008,0,0,1d60,001c,7520,9008,0,fffffba5ffffff57,0,0
1102,1102,0,9008,0,0,1ce6,001c,7398,9008,0,fffffba5ffffff57,0,0
1103,1103,0,9008,0,0,1ce0,001c,7392,9008,0,fffffba5ffffff57,0,0
1104,1104,0,9008,0,0,1dbf,001c,7615,9008,0,fffffba5ffffff57,0,0
1105,1105,0,9008,0,0,1e8a,001c,8095,9008,0,fffffba5ffffff57,0,0
1106,1106,0,9008,0,0,1f9f,001c,8095,9008,0,fffffba5ffffff57,0,0
1107,1107,0,9008,0,0,3f95,001c,16277,9008,0,fffffba5ffffff57,0,0
1108,1108,0,9008,0,0,2327,001c,8999,9008,0,fffffba5ffffff57,0,0
1109,1109,0,9008,0,0,22ef,001c,8943,9008,0,fffffba5ffffff57,0,0
1110,1110,0,9008,0,0,23fd,001c,9197,9008,0,fffffba5ffffff57,0,0
1111,1111,0,9008,0,0,23fa,001c,9210,9008,0,fffffba5ffffff57,0,0
1112,1112,0,9008,0,0,22fe,001c,8954,9008,0,fffffba5ffffff57,0,0
1113,1113,0,9008,0,0,2374,001c,8804,9008,0,fffffba5ffffff57,0,0
1114,1114,0,9008,0,0,213c,001c,8508,9008,0,fffffba5ffffff57,0,0
1115,1115,0,9008,0,0,2009,001c,8201,9008,0,fffffba5ffffff57,0,0
1116,1116,0,9008,0,0,1ed4,001c,7892,9008,0,fffffba5ffffff57,0,0
1117,1117,0,9008,0,0,1da6,001c,7590,9008,0,fffffba5ffffff57,0,0
1118,1118,0,9008,0,0,1d20,001c,7456,9008,0,fffffba5ffffff57,0,0
1119,1119,0,9008,0,0,1ce2,001c,7394,9008,0,fffffba5ffffff57,0,0
1120,1120,0,9008,0,0,1d25,001c,7461,9008,0,fffffba5ffffff57,0,0
1121,1121,0,9008,0,0,1de3,001c,7651,9008,0,fffffba5ffffff57,0,0
1122,1122,0,9008,0,0,1edf,001c,7903,9008,0,fffffba5ffffff57,0,0
1123,1123,0,9008,0,0,201f,001c,8223,9008,0,fffffba5ffffff57,0,0
1124,1124,0,9008,0,0,217e,001c,8574,9008,0,fffffba5ffffff57,0,0
1125,1125,0,9008,0,0,228f,001c,8847,9008,0,fffffba5ffffff57,0,0
1126,1126,0,9008,0,0,232c,001c,9004,9008,0,fffffba5ffffff57,0,0
1127,1127,0,9008,0,0,22ca,001c,8906,9008,0,fffffba5ffffff57,0,0
1128,1128,0,9008,0,0,2293,001c,8851,9008,0,fffffba5ffffff57,0,0
1129,1129,0,9008,0,0,221e,001c,8734,9008,0,fffffba5ffffff57,0,0
1130,1130,0,9008,0,0,20ff,001c,8447,9008,0,fffffba5ffffff57,0,0
1131,1131,0,9008,0,0,1f53,001c,8019,9008,0,fffffba5ffffff57,0,0
1132,1132,0,9008,0,0,1e45,001c,7749,9008,0,fffffba5ffffff57,0,0
1133,1133,0,9008,0,0,1d78,001c,7544,9008,0,fffffba5ffffff57,0,0
1134,1134,0,9008,0,0,1cf5,001c,7413,9008,0,fffffba5ffffff57,0,0
1135,1135,0,9008,0,0,1cfa,001c,7418,9008,0,fffffba5ffffff57,0,0
1136,1136,0,9008,0,0,1d5b,001c,7515,9008,0,fffffba5ffffff57,0,0
1137,1137,0,9008,0,0,1e57,001c,7767,9008,0,fffffba5ffffff57,0,0
1138,1138,0,9008,0,0,1f90,001c,8080,9008,0,fffffba5ffffff57,0,0
1139,1139,0,9008,0,0,20dd,001c,8413,9008,0,fffffba5ffffff57,0,0
1140,1140,0,9008,0,0,2209,001c,8841,9008,0,fffffba5ffffff57,0,0
1141,1141,0,9008,0,0,22e1,001c,8929,9008,0,fffffba5ffffff57,0,0
1142,1142,0,9008,0,0,23a3,001c,9187,9008,0,fffffba5ffffff57,0,0
1143,1143,0,9008,0,0,2337,001c,9015,9008,0,fffffba5ffffff57,0,0
1144,1144,0,9008,0,0,2374,001c,9076,9008,0,fffffba5ffffff57,0,0
1145,1145,0,9008,0,0,2374,001c,9076,9008,0,fffffba5ffffff57,0,0
1146,1146,0,9008,0,0,217c,001c,8572,9008,0,fffffba5ffffff57,0,0
1147,1147,0,9008,0,0,2adc,001c,8220,9008,0,fffffba5ffffff57,0,0
1148,1148,0,9008,0,0,1ef6,001c,7926,9008,0,fffffba5ffffff57,0,0
1149,1149,0,9008,0,0,1df1,001c,7665,9008,0,fffffba5ffffff57,0,0
1150,1150,0,9008,0,0,1d1a,001c,7450,9008,0,fffffba5ffffff57,0,0
1151,1151,0,9008,0,0,1cde,001c,7390,9008,0,fffffba5ffffff57,0,0
1152,1152,0,9008,0,0,1d21,001c,7457,9008,0,fffffba5ffffff57,0,0
1153,1153,0,9008,0,0,1dc3,001c,7619,9008,0,fffffba5ffffff57,0,0
1154,1154,0,9008,0,0,1ed7,001c,7895,9008,0,fffffba5ffffff57,0,0
1155,1155,0,9008,0,0,2029,001c,8233,9008,0,fffffba5ffffff57,0,0
1156,1156,0,9008,0,0,2152,001c,8530,9008,0,fffffba5ffffff57,0,0
1157,1157,0,9008,0,0,2252,001c,8786,9008,0,fffffba5ffffff57,0,0
1158,1158,0,9008,0,0,230d,001c,8973,9008,0,fffffba5ffffff57,0,0
1159,1159,0,9008,0,0,234e,001c,9038,9008,0,fffffba5ffffff57,0,0
1160,1160,0,9008,0,0,22d5,001c,8917,9008,0,fffffba5ffffff57,0,0
1161,1161,0,9008,0,0,21d2,001c,8658,9008,0,fffffba5ffffff57,0,0
1162,1162,0,9008,0,0,20bf,001c,8383,9008,0,fffffba5ffffff57,0,0
1163,1163,0,9008,0,0,1fb8,001c,8120,9008,0,fffffba5ffffff57,0,0
1164,1164,0,9008,0,0,1e83,001c,7811,9008,0,fffffba5ffffff57,0,0
1165,1165,0,9008,0,0,1d80,001c,7552,9008,0,fffffba5ffffff57,0,0
1166,1166,0,9008,0,0,1cd5,001c,7381,9008,0,fffffba5ffffff57,0,0
1167,1167,0,9008,0,0,1ce3,001c,7395,9008,0,fffffba5ffffff57,0,0
1168,1168,0,9008,0,0,1d6d,001c,7533,9008,0,fffffba5ffffff57,0,0
1169,1169,0,9008,0,0,1e2b,001c,7723,9008,0,fffffba5ffffff57,0,0
1170,1170,0,9008,0,0,1f62,001c,8034,9008,0,fffffba5ffffff57,0,0
1171,1171,0,9008,0,0,20d4,001c,8404,9008,0,fffffba5ffffff57,0,0
1172,1172,0,9008,0,0,21d8,001c,8664,9008,0,fffffba5ffffff57,0,0
1173,1173,0,9008,0,0,22ae,001c,8878,9008,0,fffffba5ffffff57,0,0
1174,1174,0,9008,0,0,2342,001c,9026,9008,0,fffffba5ffffff57,0,0
1175,1175,0,9008,0,0,232a,001c,9002,9008,0,fffffba5ffffff57,0,0
1176,1176,0,9008,0,0,2276,001c,8830,9008,0,fffffba5ffffff57,0,0
1177,1177,0,9008,0,0,2172,001c,9078,9008,0,fffffba5ffffff57,0,0
1178,1178,0,9008,0,0,217b,001c,8571,9008,0,fffffba5ffffff57,0,0
1179,1179,0,9008,0,0,3f5f,001c,16223,9008,0,fffffba5ffffff57,0,0
1180,1180,0,9008,0,0,1ffd,001c,8189,9008,0,fffffba5ffffff57,0,0
1181,1181,0,9008,0,0,1dfd,001c,7677,9008,0,fffffba5ffffff57,0,0
1182,1182,0,9008,0,0,1dfd,001c,7677,9008,0,fffffba5ffffff57,0,0
1183,1183,0,9008,0,0,1cdf,001c,7391,9008,0,fffffba5ffffff57,0,0
1184,1184,0,9008,0,0,1dee,001c,7662,9008,0,fffffba5ffffff57,0,0
1185,1185,0,9008,0,0,1d9d,001c,7581,9008,0,fffffba5ffffff57,0,0
1186,1186,0,9008,0,0,1ec4,001c,7876,9008,0,fffffba5ffffff57,0,0
1187,1187,0,9008,0,0,2013,001c,8211,9008,0,fffffba5ffffff57,0,0
1188,1188,0,9008,0,0,2142,001c,8514,9008,0,fffffba5ffffff57,0,0
1189,1189,0,9008,0,0,221d,001c,8733,9008,0,fffffba5ffffff57,0,0
1190,1190,0,9008,0,0,22fd,001c,8957,9008,0,fffffba5ffffff57,0,0
1191,1191,0,9008,0,0,2342,001c,9026,9008,0,fffffba5ffffff57,0,0
1192,1192,0,9008,0,0,22e1,001c,8929,9008,0,fffffba5ffffff57,0,0
1193,1193,0,9008,0,0,220a,001c,8714,9008,0,fffffba5ffffff57,0,0
1194,1194,0,9008,0,0,20f9,001c,8441,9008,0,fffffba5ffffff57,0,0
1195,1195,0,9008,0,0,1fa7,001c,8103,9008,0,fffffba5ffffff57,0,0
1196,1196,0,9008,0,0,1e99,001c,7833,9008,0,fffffba5ffffff57,0,0
1197,1197,0,9008,0,0,1d7f,001c,7551,9008,0,fffffba5ffffff57,0,0
1198,1198,0,9008,0,0,1ceb,001c,7403,9008,0,fffffba5ffffff57,0,0
1199,1199,0,9008,0,0,1ce4,001c,7396,9008,0,fffffba5ffffff57,0,0
1200,1200,0,9008,0,0,1d4b,001c,7499,9008,0,fffffba5ffffff57,0,0
1201,1201,0,9008,0,0,1e2e,001c,7726,9008,0,fffffba5ffffff57,0,0
1202,1202,0,9008,0,0,1f3d,001c,7997,9008,0,fffffba5ffffff57,0,0
1203,1203,0,9008,0,0,2077,001c,8311,9008,0,fffffba5ffffff57,0,0
1204,1204,0,9008,0,0,21c8,001c,8648,9008,0,fffffba5ffffff57,0,0
1205,1205,0,9008,0,0,22d3,001c,8915,9008,0,fffffba5ffffff57,0,0
1206,1206,0,9008,0,0,230b,001c,8971,9008,0,fffffba5ffffff57,0,0
1207,1207,0,9008,0,0,2315,001c,8981,9008,0,fffffba5ffffff57,0,0
1208,1208,0,9008,0,0,2287,001c,8839,9008,0,fffffba5ffffff57,0,0
1209,1209,0,9008,0,0,2196,001c,8598,9008,0,fffffba5ffffff57,0,0
1210,1210,0,9008,0,0,2077,001c,8311,9008,0,fffffba5ffffff57,0,0
1211,1211,0,9008,0,0,1f31,001c,7985,9008,0,fffffba5ffffff57,0,0
1212,1212,0,9008,0,0,1e3c,001c,7741,9008,0,fffffba5ffffff57,0,0
1213,1213,0,9008,0,0,1f4d,001c,8029,9008,0,fffffba5ffffff57,0,0
1214,1214,0,9008,0,0,1dcf,001c,7631,9008,0,fffffba5ffffff57,0,0
1215,1215,0,9008,0,0,1dc7,001c,7623,9008,0,fffffba5ffffff57,0,0
1216,1216,0,9008,0,0,1d9e,001c,7582,9008,0,fffffba5ffffff57,0,0
1217,1217,0,9008,0,0,1f9e,001c,8094,9008,0,fffffba5ffffff57,0,0
1218,1218,0,9008,0,0,1fee,001c,8174,9008,0,fffffba5ffffff57,0,0
1219,1219,0,9008,0,0,1fe2,001c,8162,9008,0,fffffba5ffffff57,0,0
1220,1220,0,9008,0,0,2115,001c,8469,9008,0,fffffba5ffffff57,0,0
1221,1221,0,9008,0,0,2270,001c,8752,9008,0,fffffba5ffffff57,0,0
1222,1222,0,9008,0,0,22e7,001c,8935,9008,0,fffffba5ffffff57,0,0
1223,1223,0,9008,0,0,232d,001c,9005,9008,0,fffffba5ffffff57,0,0
1224,1224,0,9008,0,0,22e2,001c,8930,9008,0,fffffba5ffffff57,0,0
1225,1225,0,9008,0,0,2238,001c,8760,9008,0,fffffba5ffffff57,0,0
1226,1226,0,9008,0,0,2120,001c,8480,9008,0,fffffba5ffffff57,0,0
1227,1227,0,9008,0,0,1fdf,001c,8159,9008,0,fffffba5ffffff57,0,0
1228,1228,0,9008,0,0,1e97,001c,7831,9008,0,fffffba5ffffff57,0,0
1229,1229,0,9008,0,0,1db4,001c,7604,9008,0,fffffba5ffffff57,0,0
1230,1230,0,9008,0,0,1d25,001c,7461,9008,0,fffffba5ffffff57,0,0
1231,1231,0,9008,0,0,1cd3,001c,7379,9008,0,fffffba5ffffff57,0,0
1232,1232,0,9008,0,0,1d37,001c,7479,9008,0,fffffba5ffffff57,0,0
1233,1233,0,9008,0,0,1e0c,001c,7692,9008,0,fffffba5ffffff57,0,0
1234,1234,0,9008,0,0,1f2a,001c,7978,9008,0,fffffba5ffffff57,0,0
1235,1235,0,9008,0,0,2092,001c,8338,9008,0,fffffba5ffffff57,0,0
1236,1236,0,9008,0,0,219b,001c,8603,9008,0,fffffba5ffffff57,0,0
1237,1237,0,9008,0,0,228a,001c,8842,9008,0,fffffba5ffffff57,0,0
1238,1238,0,9008,0,0,231b,001c,8987,9008,0,fffffba5ffffff57,0,0
1239,1239,0,9008,0,0,2312,001c,8978,9008,0,fffffba5ffffff57,0,0
1240,1240,0,9008,0,0,22c7,001c,8903,9008,0,fffffba5ffffff57,0,0
1241,1241,0,9008,0,0,21d5,001c,8661,9008,0,fffffba5ffffff57,0,0
1242,1242,0,9008,0,0,2076,001c,8310,9008,0,fffffba5ffffff57,0,0
1243,1243,0,9008,0,0,1f1a,001c,7962,9008,0,fffffba5ffffff57,0,0
1244,1244,0,9008,0,0,1e36,001c,7734,9008,0,fffffba5ffffff57,0,0
1245,1245,0,9008,0,0,1d83,001c,7555,9008,0,fffffba5ffffff57,0,0
1246,1246,0,9008,0,0,1ce4,001c,7396,9008,0,fffffba5ffffff57,0,0
1247,1247,0,9008,0,0,1cd4,001c,7412,9008,0,fffffba5ffffff57,0,0
1248,1248,0,9008,0,0,1d72,001c,7666,9008,0,fffffba5ffffff57,0,0
1249,1249,0,9008,0,0,1eb2,001c,8178,9008,0,fffffba5ffffff57,0,0
1250,1250,0,9008,0,0,1fd2,001c,8146,9008,0,fffffba5ffffff57,0,0
1251,1251,0,9008,0,0,3fcc,001c,16332,9008,0,fffffba5ffffff57,0,0
1252,1252,0,9008,0,0,230f,001c,8975,9008,0,fffffba5ffffff57,0,0
1253,1253,0,9008,0,0,22bf,001c,8895,9008,0,fffffba5ffffff57,0,0
1254,1254,0,9008,0,0,23be,001c,9150,9008,0,fffffba5ffffff57,0,0
1255,1255,0,9008,0,0,233a,001c,9018,9008,0,fffffba5ffffff57,0,0
1256,1256,0,9008,0,0,2376,001c,9010,9008,0,fffffba5ffffff57,0,0
1257,1257,0,9008,0,0,2254,001c,8788,9008,0,fffffba5ffffff57,0,0
1258,1258,0,9008,0,0,2119,001c,8473,9008,0,fffffba5ffffff57,0,0
1259,1259,0,9008,0,0,1fd9,001c,8153,9008,0,fffffba5ffffff57,0,0
1260,1260,0,9008,0,0,1ebc,001c,7868,9008,0,fffffba5ffffff57,0,0
1261,1261,0,9008,0,0,1db2,001c,7602,9008,0,fffffba5ffffff57,0,0
1262,1262,0,9008,0,0,1d41,001c,7489,9008,0,fffffba5ffffff57,0,0
1263,1263,0,9008,0,0,1ce3,001c,7395,9008,0,fffffba5ffffff57,0,0
1264,1264,0,9008,0,0,1d3f,001c,7487,9008,0,fffffba5ffffff57,0,0
1265,1265,0,9008,0,0,1dec,001c,7660,9008,0,fffffba5ffffff57,0,0
1266,1266,0,9008,0,0,1f1f,001c,7967,9008,0,fffffba5ffffff57,0,0
1267,1267,0,9008,0,0,2059,001c,8281,9008,0,fffffba5ffffff57,0,0
1268,1268,0,9008,0,0,2186,001c,8582,9008,0,fffffba5ffffff57,0,0
1269,1269,0,9008,0,0,229a,001c,8858,9008,0,fffffba5ffffff57,0,0
1270,1270,0,9008,0,0,230c,001c,8972,9008,0,fffffba5ffffff57,0,0
1271,1271,0,9008,0,0,230f,001c,8975,9008,0,fffffba5ffffff57,0,0
1272,1272,0,9008,0,0,22c1,001c,8897,9008,0,fffffba5ffffff57,0,0
1273,1273,0,9008,0,0,21da,001c,8666,9008,0,fffffba5ffffff57,0,0
1274,1274,0,9008,0,0,20c2,001c,8386,9008,0,fffffba5ffffff57,0,0
1275,1275,0,9008,0,0,1f69,001c,8041,9008,0,fffffba5ffffff57,0,0
1276,1276,0,9008,0,0,1e30,001c,7728,9008,0,fffffba5ffffff57,0,0
1277,1277,0,9008,0,0,1d67,001c,7527,9008,0,fffffba5ffffff57,0,0
1278,1278,0,9008,0,0,1cf9,001c,7417,9008,0,fffffba5ffffff57,0,0
1279,1279,0,9008,0,0,1cf3,001c,7411,9008,0,fffffba5ffffff57,0,0
1280,1280,0,9008,0,0,1d71,001c,7537,9008,0,fffffba5ffffff57,0,0
1281,1281,0,9008,0,0,1e4a,001c,7754,9008,0,fffffba5ffffff57,0,0
1282,1282,0,9008,0,0,1f92,001c,8082,9008,0,fffffba5ffffff57,0,0
1283,1283,0,9008,0,0,20d3,001c,11987,9008,0,fffffba5ffffff57,0,0
1284,1284,0,9008,0,0,2212,001c,8915,9008,0,fffffba5ffffff57,0,0
1285,1285,0,9008,0,0,22f9,001c,8953,9008,0,fffffba5ffffff57,0,0
1286,1286,0,9008,0,0,23e9,001c,9193,9008,0,fffffba5ffffff57,0,0
1287,1287,0,9008,0,0,23df,001c,9183,9008,0,fffffba5ffffff57,0,0
1288,1288,0,9008,0,0,22de,001c,8926,9008,0,fffffba5ffffff57,0,0
1289,1289,0,9008,0,0,23db,001c,9179,9008,0,fffffba5ffffff57,0,0
1290,1290,0,9008,0,0,217b,001c,8539,9008,0,fffffba5ffffff57,0,0
1291,1291,0,9008,0,0,2877,001c,8243,9008,0,fffffba5ffffff57,0,0
1292,1292,0,9008,0,0,1edf,001c,7903,9008,0,fffffba5ffffff57,0,0
1293,1293,0,9008,0,0,1dc6,001c,7622,9008,0,fffffba5ffffff57,0,0
1294,1294,0,9008,0,0,1d2d,001c,7469,9008,0,fffffba5ffffff57,0,0
1295,1295,0,9008,0,0,1cf4,001c,7412,9008,0,fffffba5ffffff57,0,0
1296,1296,0,9008,0,0,1d16,001c,7446,9008,0,fffffba5ffffff57,0,0
1297,1297,0,9008,0,0,1ddd,001c,7645,9008,0,fffffba5ffffff57,0,0
1298,1298,0,9008,0,0,1ec1,001c,7873,9008,0,fffffba5ffffff57,0,0
1299,1299,0,9008,0,0,2048,001c,8264,9008,0,fffffba5ffffff57,0,0
1300,1300,0,9008,0,0,2181,001c,8577,9008,0,fffffba5ffffff57,0,0
1301,1301,0,9008,0,0,2267,001c,8807,9008,0,fffffba5ffffff57,0,0
1302,1302,0,9008,0,0,2313,001c,8979,9008,0,fffffba5ffffff57,0,0
1303,1303,0,9008,0,0,232d,001c,9005,9008,0,fffffba5ffffff57,0,0
1304,1304,0,9008,0,0,22ae,001c,8878,9008,0,fffffba5ffffff57,0,0
1305,1305,0,9008,0,0,220e,001c,8718,9008,0,fffffba5ffffff57,0,0
1306,1306,0,9008,0,0,20d1,001c,8401,9008,0,fffffba5ffffff57,0,0
1307,1307,0,9008,0,0,1f91,001c,8081,9008,0,fffffba5ffffff57,0,0
1308,1308,0,9008,0,0,1e79,001c,7801,9008,0,fffffba5ffffff57,0,0
1309,1309,0,9008,0,0,1d6c,001c,7532,9008,0,fffffba5ffffff57,0,0
1310,1310,0,9008,0,0,1ce9,001c,7401,9008,0,fffffba5ffffff57,0,0
1311,1311,0,9008,0,0,1d02,001c,7426,9008,0,fffffba5ffffff57,0,0
1312,1312,0,9008,0,0,1d6b,001c,7531,9008,0,fffffba5ffffff57,0,0
1313,1313,0,9008,0,0,1e26,001c,7718,9008,0,fffffba5ffffff57,0,0
1314,1314,0,9008,0,0,1f71,001c,8049,9008,0,fffffba5ffffff57,0,0
1315,1315,0,9008,0,0,20cf,001c,8399,9008,0,fffffba5ffffff57,0,0
1316,1316,0,9008,0,0,2206,001c,8710,9008,0,fffffba5ffffff57,0,0
1317,1317,0,9008,0,0,22a9,001c,8873,9008,0,fffffba5ffffff57,0,0
1318,1318,0,9008,0,0,2319,001c,9017,9008,0,fffffba5ffffff57,0,0
1319,1319,0,9008,0,0,22fb,001c,8955,9008,0,fffffba5ffffff57,0,0
1320,1320,0,9008,0,0,2278,001c,8955,9008,0,fffffba5ffffff57,0,0
1321,1321,0,9008,0,0,23b8,001c,9208,9008,0,fffffba5ffffff57,0,0
1322,1322,0,9008,0,0,21b2,001c,8626,9008,0,fffffba5ffffff57,0,0
1323,1323,0,9008,0,0,3efb,001c,12027,9008,0,fffffba5ffffff57,0,0
1324,1324,0,9008,0,0,1ffb,001c,8187,9008,0,fffffba5ffffff57,0,0
1325,1325,0,9008,0,0,1de9,001c,7657,9008,0,fffffba5ffffff57,0,0
1326,1326,0,9008,0,0,1d2a,001c,7466,9008,0,fffffba5ffffff57,0,0
1327,1327,0,9008,0,0,1d0e,001c,7430,9008,0,fffffba5ffffff57,0,0
1328,1328,0,9008,0,0,1d8c,001c,7436,9008,0,fffffba5ffffff57,0,0
1329,1329,0,9008,0,0,1d9f,001c,7583,9008,0,fffffba5ffffff57,0,0
1330,1330,0,9008,0,0,1ecb,001c,7883,9008,0,fffffba5ffffff57,0,0
1331,1331,0,9008,0,0,2019,001c,8217,9008,0,fffffba5ffffff57,0,0
1332,1332,0,9008,0,0,2146,001c,8518,9008,0,fffffba5ffffff57,0,0
1333,1333,0,9008,0,0,2254,001c,8788,9008,0,fffffba5ffffff57,0,0
1334,1334,0,9008,0,0,22fe,001c,8958,9008,0,fffffba5ffffff57,0,0
1335,1335,0,9008,0,0,2334,001c,9012,9008,0,fffffba5ffffff57,0,0
1336,1336,0,9008,0,0,22c7,001c,8903,9008,0,fffffba5ffffff57,0,0
1337,1337,0,9008,0,0,220e,001c,8718,9008,0,fffffba5ffffff57,0,0
1338,1338,0,9008,0,0,2102,001c,8450,9008,0,fffffba5ffffff57,0,0
1339,1339,0,9008,0,0,1fb8,001c,8120,9008,0,fffffba5ffffff57,0,0
1340,1340,0,9008,0,0,1e64,001c,7780,9008,0,fffffba5ffffff57,0,0
1341,1341,0,9008,0,0,1d9a,001c,7578,9008,0,fffffba5ffffff57,0,0
1342,1342,0,9008,0,0,1d01,001c,7425,9008,0,fffffba5ffffff57,0,0
1343,1343,0,9008,0,0,1cce,001c,7374,9008,0,fffffba5ffffff57,0,0
1344,1344,0,9008,0,0,1d41,001c,7489,9008,0,fffffba5ffffff57,0,0
1345,1345,0,9008,0,0,1e2c,001c,7724,9008,0,fffffba5ffffff57,0,0
1346,1346,0,9008,0,0,1f5c,001c,8028,9008,0,fffffba5ffffff57,0,0
1347,1347,0,9008,0,0,20a7,001c,8359,9008,0,fffffba5ffffff57,0,0
1348,1348,0,9008,0,0,21ba,001c,8634,9008,0,fffffba5ffffff57,0,0
1349,1349,0,9008,0,0,22af,001c,8879,9008,0,fffffba5ffffff57,0,0
1350,1350,0,9008,0,0,231c,001c,8988,9008,0,fffffba5ffffff57,0,0
1351,1351,0,9008,0,0,230a,001c,8970,9008,0,fffffba5ffffff57,0,0
1352,1352,0,9008,0,0,227d,001c,8829,9008,0,fffffba5ffffff57,0,0
1353,1353,0,9008,0,0,2192,001c,8594,9008,0,fffffba5ffffff57,0,0
1354,1354,0,9008,0,0,2087,001c,8327,9008,0,fffffba5ffffff57,0,0
1355,1355,0,9008,0,0,1f1b,001c,8095,9008,0,fffffba5ffffff57,0,0
1356,1356,0,9008,0,0,1fdd,001c,8157,9008,0,fffffba5ffffff57,0,0
1357,1357,0,9008,0,0,1dbf,001c,7679,9008,0,fffffba5ffffff57,0,0
1358,1358,0,9008,0,0,1df7,001c,7671,9008,0,fffffba5ffffff57,0,0
1359,1359,0,9008,0,0,1cff,001c,7423,9008,0,fffffba5ffffff57,0,0
1360,1360,0,9008,0,0,1dff,001c,7679,9008,0,fffffba5ffffff57,0,0
1361,1361,0,9008,0,0,1fbf,001c,8127,9008,0,fffffba5ffffff57,0,0
1362,1362,0,9008,0,0,1ffd,001c,8189,9008,0,fffffba5ffffff57,0,0
1363,1363,0,9008,0,0,1fce,001c,8142,9008,0,fffffba5ffffff57,0,0
1364,1364,0,9008,0,0,2115,001c,8469,9008,0,fffffba5ffffff57,0,0
1365,1365,0,9008,0,0,224b,001c,8779,9008,0,fffffba5ffffff57,0,0
1366,1366,0,9008,0,0,2317,001c,8983,9008,0,fffffba5ffffff57,0,0
1367,1367,0,9008,0,0,2318,001c,8984,9008,0,fffffba5ffffff57,0,0
1368,1368,0,9008,0,0,22c7,001c,8903,9008,0,fffffba5ffffff57,0,0
1369,1369,0,9008,0,0,2223,001c,8739,9008,0,fffffba5ffffff57,0,0
1370,1370,0,9008,0,0,211c,001c,8476,9008,0,fffffba5ffffff57,0,0
1371,1371,0,9008,0,0,1fdc,001c,8156,9008,0,fffffba5ffffff57,0,0
1372,1372,0,9008,0,0,1eab,001c,7851,9008,0,fffffba5ffffff57,0,0
1373,1373,0,9008,0,0,1d7a,001c,7546,9008,0,fffffba5ffffff57,0,0
1374,1374,0,9008,0,0,1cec,001c,7404,9008,0,fffffba5ffffff57,0,0
1375,1375,0,9008,0,0,1ce3,001c,7395,9008,0,fffffba5ffffff57,0,0
1376,1376,0,9008,0,0,1d56,001c,7510,9008,0,fffffba5ffffff57,0,0
1377,1377,0,9008,0,0,1e21,001c,7713,9008,0,fffffba5ffffff57,0,0
1378,1378,0,9008,0,0,1f10,001c,7952,9008,0,fffffba5ffffff57,0,0
1379,1379,0,9008,0,0,2039,001c,8249,9008,0,fffffba5ffffff57,0,0
1380,1380,0,9008,0,0,21b8,001c,8632,9008,0,fffffba5ffffff57,0,0
1381,1381,0,9008,0,0,22bb,001c,8891,9008,0,fffffba5ffffff57,0,0
1382,1382,0,9008,0,0,231e,001c,8990,9008,0,fffffba5ffffff57,0,0
1383,1383,0,9008,0,0,22fb,001c,8955,9008,0,fffffba5ffffff57,0,0
1384,1384,0,9008,0,0,2296,001c,8854,9008,0,fffffba5ffffff57,0,0
1385,1385,0,9008,0,0,21ac,001c,8620,9008,0,fffffba5ffffff57,0,0
1386,1386,0,9008,0,0,20b0,001c,8368,9008,0,fffffba5ffffff57,0,0
1387,1387,0,9008,0,0,1f3d,001c,7997,9008,0,fffffba5ffffff57,0,0
1388,1388,0,9008,0,0,1e1c,001c,7708,9008,0,fffffba5ffffff57,0,0
1389,1389,0,9008,0,0,1d51,001c,7505,9008,0,fffffba5ffffff57,0,0
1390,1390,0,9008,0,0,1ce8,001c,7400,9008,0,fffffba5ffffff57,0,0
1391,1391,0,9008,0,0,1d2f,001c,7663,9008,0,fffffba5ffffff57,0,0
1392,1392,0,9008,0,0,1dc7,001c,7623,9008,0,fffffba5ffffff57,0,0
1393,1393,0,9008,0,0,1fe3,001c,8163,9008,0,fffffba5ffffff57,0,0
1394,1394,0,9008,0,0,1ff1,001c,8177,9008,0,fffffba5ffffff57,0,0
1395,1395,0,9008,0,0,3fbd,001c,8125,9008,0,fffffba5ffffff57,0,0
1396,1396,0,9008,0,0,236d,001c,9069,9008,0,fffffba5ffffff57,0,0
1397,1397,0,9008,0,0,22f7,001c,8951,9008,0,fffffba5ffffff57,0,0
1398,1398,0,9008,0,0,23f7,001c,9206,9008,0,fffffba5ffffff57,0,0
1399,1399,0,9008,0,0,2337,001c,8999,9008,0,fffffba5ffffff57,0,0
1400,1400,0,9008,0,0,2353,001c,8979,9008,0,fffffba5ffffff57,0,0
1401,1401,0,9008,0,0,2246,001c,8774,9008,0,fffffba5ffffff57,0,0
1402,1402,0,9008,0,0,2132,001c,8498,9008,0,fffffba5ffffff57,0,0
1403,1403,0,9008,0,0,2004,001c,8196,9008,0,fffffba5ffffff57,0,0
1404,1404,0,9008,0,0,1eaa,001c,7850,9008,0,fffffba5ffffff57,0,0
1405,1405,0,9008,0,0,1dad,001c,7597,9008,0,fffffba5ffffff57,0,0
1406,1406,0,9008,0,0,1d1b,001c,7451,9008,0,fffffba5ffffff57,0,0
1407,1407,0,9008,0,0,1cca,001c,7370,9008,0,fffffba5ffffff57,0,0
1408,1408,0,9008,0,0,1d3a,001c,7482,9008,0,fffffba5ffffff57,0,0
1409,1409,0,9008,0,0,1df7,001c,7671,9008,0,fffffba5ffffff57,0,0
1410,1410,0,9008,0,0,1f0f,001c,7951,9008,0,fffffba5ffffff57,0,0
1411,1411,0,9008,0,0,2065,001c,8293,9008,0,fffffba5ffffff57,0,0
1412,1412,0,9008,0,0,2177,001c,8567,9008,0,fffffba5ffffff57,0,0
1413,1413,0,9008,0,0,2280,001c,8832,9008,0,fffffba5ffffff57,0,0
1414,1414,0,9008,0,0,2319,001c,8985,9008,0,fffffba5ffffff57,0,0
1415,1415,0,9008,0,0,2345,001c,9029,9008,0,fffffba5ffffff57,0,0
1416,1416,0,9008,0,0,22b5,001c,8885,9008,0,fffffba5ffffff57,0,0
1417,1417,0,9008,0,0,21c1,001c,8641,9008,0,fffffba5ffffff57,0,0
1418,1418,0,9008,0,0,20a1,001c,8353,9008,0,fffffba5ffffff57,0,0
1419,1419,0,9008,0,0,1f6d,001c,8045,9008,0,fffffba5ffffff57,0,0
1420,1420,0,9008,0,0,1e41,001c,7745,9008,0,fffffba5ffffff57,0,0
1421,1421,0,9008,0,0,1d62,001c,7522,9008,0,fffffba5ffffff57,0,0
1422,1422,0,9008,0,0,1cdf,001c,7391,9008,0,fffffba5ffffff57,0,0
1423,1423,0,9008,0,0,1cfd,001c,7421,9008,0,fffffba5ffffff57,0,0
1424,1424,0,9008,0,0,1d7f,001c,7551,9008,0,fffffba5ffffff57,0,0
1425,1425,0,9008,0,0,1e75,001c,7797,9008,0,fffffba5ffffff57,0,0
1426,1426,0,9008,0,0,1f7c,001c,8060,9008,0,fffffba5ffffff57,0,0
1427,1427,0,9008,0,0,24f9,001c,12285,9008,0,fffffba5ffffff57,0,0
1428,1428,0,9008,0,0,22bf,001c,8959,9008,0,fffffba5ffffff57,0,0
1429,1429,0,9008,0,0,22de,001c,8926,9008,0,fffffba5ffffff57,0,0
1430,1430,0,9008,0,0,23f2,001c,9202,9008,0,fffffba5ffffff57,0,0
1431,1431,0,9008,0,0,2326,001c,8998,9008,0,fffffba5ffffff57,0,0
1432,1432,0,9008,0,0,236e,001c,9070,9008,0,fffffba5ffffff57,0,0
1433,1433,0,9008,0,0,237a,001c,9082,9008,0,fffffba5ffffff57,0,0
1434,1434,0,9008,0,0,2130,001c,8496,9008,0,fffffba5ffffff57,0,0
1435,1435,0,9008,0,0,2020,001c,8224,9008,0,fffffba5ffffff57,0,0
1436,1436,0,9008,0,0,1f03,001c,7939,9008,0,fffffba5ffffff57,0,0
1437,1437,0,9008,0,0,1dc8,001c,7624,9008,0,fffffba5ffffff57,0,0
1438,1438,0,9008,0,0,1cef,001c,7407,9008,0,fffffba5ffffff57,0,0
1439,1439,0,9008,0,0,1ce1,001c,7393,9008,0,fffffba5ffffff57,0,0
1440,1440,0,9008,0,0,1d20,001c,7456,9008,0,fffffba5ffffff57,0,0
1441,1441,0,9008,0,0,1dc5,001c,7621,9008,0,fffffba5ffffff57,0,0
1442,1442,0,9008,0,0,1eea,001c,7914,9008,0,fffffba5ffffff57,0,0
1443,1443,0,9008,0,0,2046,001c,8262,9008,0,fffffba5ffffff57,0,0
1444,1444,0,9008,0,0,2166,001c,8550,9008,0,fffffba5ffffff57,0,0
1445,1445,0,9008,0,0,2255,001c,8789,9008,0,fffffba5ffffff57,0,0
1446,1446,0,9008,0,0,2301,001c,8961,9008,0,fffffba5ffffff57,0,0
1447,1447,0,9008,0,0,2339,001c,9017,9008,0,fffffba5ffffff57,0,0
1448,1448,0,9008,0,0,22d4,001c,8916,9008,0,fffffba5ffffff57,0,0
1449,1449,0,9008,0,0,21da,001c,8666,9008,0,fffffba5ffffff57,0,0
1450,1450,0,9008,0,0,20c4,001c,8388,9008,0,fffffba5ffffff57,0,0
1451,1451,0,9008,0,0,1faa,001c,8106,9008,0,fffffba5ffffff57,0,0
1452,1452,0,9008,0,0,1e91,001c,7825,9008,0,fffffba5ffffff57,0,0
1453,1453,0,9008,0,0,1d65,001c,7525,9008,0,fffffba5ffffff57,0,0
1454,1454,0,9008,0,0,1cd2,001c,7378,9008,0,fffffba5ffffff57,0,0
1455,1455,0,9008,0,0,1cfa,001c,7418,9008,0,fffffba5ffffff57,0,0
1456,1456,0,9008,0,0,1d69,001c,7529,9008,0,fffffba5ffffff57,0,0
1457,1457,0,9008,0,0,1e38,001c,7736,9008,0,fffffba5ffffff57,0,0
1458,1458,0,9008,0,0,1f8a,001c,8074,9008,0,fffffba5ffffff57,0,0
1459,1459,0,9008,0,0,20b5,001c,8373,9008,0,fffffba5ffffff57,0,0
1460,1460,0,9008,0,0,21ec,001c,8684,9008,0,fffffba5ffffff57,0,0
1461,1461,0,9008,0,0,22bd,001c,8893,9008,0,fffffba5ffffff57,0,0
1462,1462,0,9008,0,0,2333,001c,9019,9008,0,fffffba5ffffff57,0,0
1463,1463,0,9008,0,0,232f,001c,9023,9008,0,fffffba5ffffff57,0,0
1464,1464,0,9008,0,0,236d,001c,9069,9008,0,fffffba5ffffff57,0,0
1465,1465,0,9008,0,0,237d,001c,9085,9008,0,fffffba5ffffff57,0,0
1466,1466,0,9008,0,0,217f,001c,8575,9008,0,fffffba5ffffff57,0,0
1467,1467,0,9008,0,0,2f3f,001c,12095,9008,0,fffffba5ffffff57,0,0
1468,1468,0,9008,0,0,1fde,001c,8150,9008,0,fffffba5ffffff57,0,0
1469,1469,0,9008,0,0,1ddf,001c,7645,9008,0,fffffba5ffffff57,0,0
1470,1470,0,9008,0,0,1dfe,001c,7550,9008,0,fffffba5ffffff57,0,0
1471,1471,0,9008,0,0,1ddb,001c,7371,9008,0,fffffba5ffffff57,0,0
1472,1472,0,9008,0,0,1d1b,001c,7451,9008,0,fffffba5ffffff57,0,0
1473,1473,0,9008,0,0,1dc5,001c,7621,9008,0,fffffba5ffffff57,0,0
1474,1474,0,9008,0,0,1eb9,001c,7865,9008,0,fffffba5ffffff57,0,0
1475,1475,0,9008,0,0,2015,001c,8213,9008,0,fffffba5ffffff57,0,0
1476,1476,0,9008,0,0,2146,001c,8518,9008,0,fffffba5ffffff57,0,0
1477,1477,0,9008,0,0,2261,001c,8801,9008,0,fffffba5ffffff57,0,0
1478,1478,0,9008,0,0,2317,001c,8983,9008,0,fffffba5ffffff57,0,0
1479,1479,0,9008,0,0,230c,001c,8972,9008,0,fffffba5ffffff57,0,0
1480,1480,0,9008,0,0,22bb,001c,8891,9008,0,fffffba5ffffff57,0,0
1481,1481,0,9008,0,0,2224,001c,8740,9008,0,fffffba5ffffff57,0,0
1482,1482,0,9008,0,0,20ff,001c,8447,9008,0,fffffba5ffffff57,0,0
1483,1483,0,9008,0,0,1f9c,001c,8092,9008,0,fffffba5ffffff57,0,0
1484,1484,0,9008,0,0,1e56,001c,7766,9008,0,fffffba5ffffff57,0,0
1485,1485,0,9008,0,0,1da1,001c,7585,9008,0,fffffba5ffffff57,0,0
1486,1486,0,9008,0,0,1cff,001c,7423,9008,0,fffffba5ffffff57,0,0
1487,1487,0,9008,0,0,1cde,001c,7390,9008,0,fffffba5ffffff57,0,0
1488,1488,0,9008,0,0,1d3b,001c,7483,9008,0,fffffba5ffffff57,0,0
1489,1489,0,9008,0,0,1e21,001c,7713,9008,0,fffffba5ffffff57,0,0
1490,1490,0,9008,0,0,1f52,001c,8018,9008,0,fffffba5ffffff57,0,0
1491,1491,0,9008,0,0,20bb,001c,8379,9008,0,fffffba5ffffff57,0,0
1492,1492,0,9008,0,0,21c3,001c,8643,9008,0,fffffba5ffffff57,0,0
1493,1493,0,9008,0,0,22b5,001c,8885,9008,0,fffffba5ffffff57,0,0
1494,1494,0,9008,0,0,230d,001c,8973,9008,0,fffffba5ffffff57,0,0
1495,1495,0,9008,0,0,230b,001c,8971,9008,0,fffffba5ffffff57,0,0
1496,1496,0,9008,0,0,2290,001c,8848,9008,0,fffffba5ffffff57,0,0
1497,1497,0,9008,0,0,21a6,001c,8614,9008,0,fffffba5ffffff57,0,0
1498,1498,0,9008,0,0,207b,001c,8443,9008,0,fffffba5ffffff57,0,0
1499,1499,0,9008,0,0,1f0b,001c,16219,9008,0,fffffba5ffffff57,0,0
1500,1500,0,9008,0,0,1fcf,001c,8143,9008,0,fffffba5ffffff57,0,0
1501,1501,0,9008,0,0,1ddd,001c,7645,9008,0,fffffba5ffffff57,0,0
1502,1502,0,9008,0,0,1df5,001c,7669,9008,0,fffffba5ffffff57,0,0
1503,1503,0,9008,0,0,1cf1,001c,7409,9008,0,fffffba5ffffff57,0,0
1504,1504,0,9008,0,0,1dda,001c,7642,9008,0,fffffba5ffffff57,0,0
1505,1505,0,9008,0,0,1fbb,001c,8091,9008,0,fffffba5ffffff57,0,0
1506,1506,0,9008,0,0,1ebb,001c,7867,9008,0,fffffba5ffffff57,0,0
1507,1507,0,9008,0,0,2100,001c,8192,9008,0,fffffba5ffffff57,0,0
1508,1508,0,9008,0,0,2122,001c,8482,9008,0,fffffba5ffffff57,0,0
1509,1509,0,9008,0,0,2232,001c,8754,9008,0,fffffba5ffffff57,0,0
1510,1510,0,9008,0,0,22e2,001c,8930,9008,0,fffffba5ffffff57,0,0
1511,1511,0,9008,0,0,2345,001c,9029,9008,0,fffffba5ffffff57,0,0
1512,1512,0,9008,0,0,22ea,001c,8938,9008,0,fffffba5ffffff57,0,0
1513,1513,0,9008,0,0,221c,001c,8732,9008,0,fffffba5ffffff57,0,0
1514,1514,0,9008,0,0,211a,001c,8474,9008,0,fffffba5ffffff57,0,0
1515,1515,0,9008,0,0,1fc3,001c,8131,9008,0,fffffba5ffffff57,0,0
1516,1516,0,9008,0,0,1e97,001c,7831,9008,0,fffffba5ffffff57,0,0
1517,1517,0,9008,0,0,1db2,001c,7602,9008,0,fffffba5ffffff57,0,0
1518,1518,0,9008,0,0,1cec,001c,7404,9008,0,fffffba5ffffff57,0,0
1519,1519,0,9008,0,0,1cb4,001c,7348,9008,0,fffffba5ffffff57,0,0
1520,1520,0,9008,0,0,1d46,001c,7494,9008,0,fffffba5ffffff57,0,0
1521,1521,0,9008,0,0,1e40,001c,7744,9008,0,fffffba5ffffff57,0,0
1522,1522,0,9008,0,0,1f3d,001c,7997,9008,0,fffffba5ffffff57,0,0
1523,1523,0,9008,0,0,206d,001c,8301,9008,0,fffffba5ffffff57,0,0
1524,1524,0,9008,0,0,21b4,001c,8628,9008,0,fffffba5ffffff57,0,0
1525,1525,0,9008,0,0,22b3,001c,8883,9008,0,fffffba5ffffff57,0,0
1526,1526,0,9008,0,0,2324,001c,8996,9008,0,fffffba5ffffff57,0,0
1527,1527,0,9008,0,0,22de,001c,8926,9008,0,fffffba5ffffff57,0,0
1528,1528,0,9008,0,0,22d3,001c,8915,9008,0,fffffba5ffffff57,0,0
1529,1529,0,9008,0,0,21ed,001c,8685,9008,0,fffffba5ffffff57,0,0
1530,1530,0,9008,0,0,2070,001c,8304,9008,0,fffffba5ffffff57,0,0
1531,1531,0,9008,0,0,1f32,001c,7986,9008,0,fffffba5ffffff57,0,0
1532,1532,0,9008,0,0,1e2a,001c,7722,9008,0,fffffba5ffffff57,0,0
1533,1533,0,9008,0,0,1d19,001c,7481,9008,0,fffffba5ffffff57,0,0
1534,1534,0,9008,0,0,1cdb,001c,7387,9008,0,fffffba5ffffff57,0,0
1535,1535,0,9008,0,0,1d93,001c,7635,9008,0,fffffba5ffffff57,0,0
1536,1536,0,9008,0,0,1d9e,001c,7582,9008,0,fffffba5ffffff57,0,0
1537,1537,0,9008,0,0,1f9f,001c,8095,9008,0,fffffba5ffffff57,0,0
1538,1538,0,9008,0,0,1fbf,001c,8127,9008,0,fffffba5ffffff57,0,0
1539,1539,0,9008,0,0,1ff7,001c,8119,9008,0,fffffba5ffffff57,0,0
1540,1540,0,9008,0,0,22fe,001c,8958,9008,0,fffffba5ffffff57,0,0
1541,1541,0,9008,0,0,22ff,001c,8958,9008,0,fffffba5ffffff57,0,0
1542,1542,0,9008,0,0,23f9,001c,8953,9008,0,fffffba5ffffff57,0,0
1543,1543,0,9008,0,0,235a,001c,8986,9008,0,fffffba5ffffff57,0,0
1544,1544,0,9008,0,0,22f6,001c,8950,9008,0,fffffba5ffffff57,0,0
1545,1545,0,9008,0,0,223c,001c,8764,9008,0,fffffba5ffffff57,0,0
1546,1546,0,9008,0,0,213b,001c,8507,9008,0,fffffba5ffffff57,0,0
1547,1547,0,9008,0,0,1ffd,001c,8189,9008,0,fffffba5ffffff57,0,0
1548,1548,0,9008,0,0,1ebc,001c,7868,9008,0,fffffba5ffffff57,0,0
1549,1549,0,9008,0,0,1d7e,001c,7550,9008,0,fffffba5ffffff57,0,0
1550,1550,0,9008,0,0,1cf6,001c,7414,9008,0,fffffba5ffffff57,0,0
1551,1551,0,9008,0,0,1cfa,001c,7418,9008,0,fffffba5ffffff57,0,0
1552,1552,0,9008,0,0,1d5e,001c,7518,9008,0,fffffba5ffffff57,0,0
1553,1553,0,9008,0,0,1df5,001c,7669,9008,0,fffffba5ffffff57,0,0
1554,1554,0,9008,0,0,1f04,001c,7940,9008,0,fffffba5ffffff57,0,0
1555,1555,0,9008,0,0,2073,001c,8307,9008,0,fffffba5ffffff57,0,0
1556,1556,0,9008,0,0,2187,001c,8583,9008,0,fffffba5ffffff57,0,0
1557,1557,0,9008,0,0,22a4,001c,8868,9008,0,fffffba5ffffff57,0,0
1558,1558,0,9008,0,0,2335,001c,9013,9008,0,fffffba5ffffff57,0,0
1559,1559,0,9008,0,0,230b,001c,8971,9008,0,fffffba5ffffff57,0,0
1560,1560,0,9008,0,0,2293,001c,8851,9008,0,fffffba5ffffff57,0,0
1561,1561,0,9008,0,0,21c8,001c,8648,9008,0,fffffba5ffffff57,0,0
1562,1562,0,9008,0,0,20a4,001c,8356,9008,0,fffffba5ffffff57,0,0
1563,1563,0,9008,0,0,1f5d,001c,8029,9008,0,fffffba5ffffff57,0,0
1564,1564,0,9008,0,0,1e32,001c,7730,9008,0,fffffba5ffffff57,0,0
1565,1565,0,9008,0,0,1d52,001c,7506,9008,0,fffffba5ffffff57,0,0
1566,1566,0,9008,0,0,1cdd,001c,7389,9008,0,fffffba5ffffff57,0,0
1567,1567,0,9008,0,0,1cf2,001c,7410,9008,0,fffffba5ffffff57,0,0
1568,1568,0,9008,0,0,1d88,001c,7560,9008,0,fffffba5ffffff57,0,0
1569,1569,0,9008,0,0,1e70,001c,7800,9008,0,fffffba5ffffff57,0,0
1570,1570,0,9008,0,0,1f7a,001c,8058,9008,0,fffffba5ffffff57,0,0
1571,1571,0,9008,0,0,2ffb,001c,16379,9008,0,fffffba5ffffff57,0,0
1572,1572,0,9008,0,0,22ff,001c,8959,9008,0,fffffba5ffffff57,0,0
1573,1573,0,9008,0,0,22df,001c,8927,9008,0,fffffba5ffffff57,0,0
1574,1574,0,9008,0,0,23df,001c,9183,9008,0,fffffba5ffffff57,0,0
1575,1575,0,9008,0,0,23ff,001c,9215,9008,0,fffffba5ffffff57,0,0
1576,1576,0,9008,0,0,22ff,001c,8959,9008,0,fffffba5ffffff57,0,0
1577,1577,0,9008,0,0,235e,001c,9054,9008,0,fffffba5ffffff57,0,0
1578,1578,0,9008,0,0,2156,001c,8534,9008,0,fffffba5ffffff57,0,0
1579,1579,0,9008,0,0,2015,001c,8213,9008,0,fffffba5ffffff57,0,0
1580,1580,0,9008,0,0,1ec9,001c,7881,9008,0,fffffba5ffffff57,0,0
1581,1581,0,9008,0,0,1dce,001c,7630,9008,0,fffffba5ffffff57,0,0
1582,1582,0,9008,0,0,1d0d,001c,7437,9008,0,fffffba5ffffff57,0,0
1583,1583,0,9008,0,0,1cd1,001c,7377,9008,0,fffffba5ffffff57,0,0
1584,1584,0,9008,0,0,1d33,001c,7475,9008,0,fffffba5ffffff57,0,0
1585,1585,0,9008,0,0,1df5,001c,7669,9008,0,fffffba5ffffff57,0,0
1586,1586,0,9008,0,0,1ef8,001c,7928,9008,0,fffffba5ffffff57,0,0
1587,1587,0,9008,0,0,2023,001c,8227,9008,0,fffffba5ffffff57,0,0
1588,1588,0,9008,0,0,2175,001c,8565,9008,0,fffffba5ffffff57,0,0
1589,1589,0,9008,0,0,2292,001c,8850,9008,0,fffffba5ffffff57,0,0
1590,1590,0,9008,0,0,230f,001c,8975,9008,0,fffffba5ffffff57,0,0
1591,1591,0,9008,0,0,232a,001c,9002,9008,0,fffffba5ffffff57,0,0
1592,1592,0,9008,0,0,22b2,001c,8882,9008,0,fffffba5ffffff57,0,0
1593,1593,0,9008,0,0,21bf,001c,8639,9008,0,fffffba5ffffff57,0,0
1594,1594,0,9008,0,0,20df,001c,8415,9008,0,fffffba5ffffff57,0,0
1595,1595,0,9008,0,0,1f8e,001c,8078,9008,0,fffffba5ffffff57,0,0
1596,1596,0,9008,0,0,1e50,001c,7760,9008,0,fffffba5ffffff57,0,0
1597,1597,0,9008,0,0,1d5f,001c,7519,9008,0,fffffba5ffffff57,0,0
1598,1598,0,9008,0,0,1cd3,001c,7379,9008,0,fffffba5ffffff57,0,0
1599,1599,0,9008,0,0,1cea,001c,7402,9008,0,fffffba5ffffff57,0,0
1600,1600,0,9008,0,0,1d62,001c,7522,9008,0,fffffba5ffffff57,0,0
1601,1601,0,9008,0,0,1e4f,001c,7759,9008,0,fffffba5ffffff57,0,0
1602,1602,0,9008,0,0,1f9e,001c,8094,9008,0,fffffba5ffffff57,0,0
1603,1603,0,9008,0,0,20cc,001c,8396,9008,0,fffffba5ffffff57,0,0
1604,1604,0,9008,0,0,21c4,001c,8644,9008,0,fffffba5ffffff57,0,0
1605,1605,0,9008,0,0,22d9,001c,8921,9008,0,fffffba5ffffff57,0,0
1606,1606,0,9008,0,0,236f,001c,9215,9008,0,fffffba5ffffff57,0,0
1607,1607,0,9008,0,0,2337,001c,9079,9008,0,fffffba5ffffff57,0,0
1608,1608,0,9008,0,0,2356,001c,9046,9008,0,fffffba5ffffff57,0,0
1609,1609,0,9008,0,0,2352,001c,9042,9008,0,fffffba5ffffff57,0,0
1610,1610,0,9008,0,0,2156,001c,8534,9008,0,fffffba5ffffff57,0,0
1611,1611,0,9008,0,0,2f54,001c,12116,9008,0,fffffba5ffffff57,0,0
1612,1612,0,9008,0,0,1fd8,001c,8152,9008,0,fffffba5ffffff57,0,0
1613,1613,0,9008,0,0,1de4,001c,7652,9008,0,fffffba5ffffff57,0,0
1614,1614,0,9008,0,0,1dd6,001c,7446,9008,0,fffffba5ffffff57,0,0
1615,1615,0,9008,0,0,1cd0,001c,7376,9008,0,fffffba5ffffff57,0,0
1616,1616,0,9008,0,0,1d20,001c,7456,9008,0,fffffba5ffffff57,0,0
1617,1617,0,9008,0,0,1dc8,001c,7624,9008,0,fffffba5ffffff57,0,0
1618,1618,0,9008,0,0,1f08,001c,7944,9008,0,fffffba5ffffff57,0,0
1619,1619,0,9008,0,0,2039,001c,8249,9008,0,fffffba5ffffff57,0,0
1620,1620,0,9008,0,0,211c,001c,8476,9008,0,fffffba5ffffff57,0,0
1621,1621,0,9008,0,0,225c,001c,8796,9008,0,fffffba5ffffff57,0,0
1622,1622,0,9008,0,0,234b,001c,9035,9008,0,fffffba5ffffff57,0,0
1623,1623,0,9008,0,0,2331,001c,9009,9008,0,fffffba5ffffff57,0,0
1624,1624,0,9008,0,0,22a2,001c,8866,9008,0,fffffba5ffffff57,0,0
1625,1625,0,9008,0,0,21d6,001c,8662,9008,0,fffffba5ffffff57,0,0
1626,1626,0,9008,0,0,20ed,001c,8429,9008,0,fffffba5ffffff57,0,0
1627,1627,0,9008,0,0,1fc8,001c,8136,9008,0,fffffba5ffffff57,0,0
1628,1628,0,9008,0,0,1e67,001c,7783,9008,0,fffffba5ffffff57,0,0
1629,1629,0,9008,0,0,1d5f,001c,7519,9008,0,fffffba5ffffff57,0,0
1630,1630,0,9008,0,0,1cdd,001c,7389,9008,0,fffffba5ffffff57,0,0
1631,1631,0,9008,0,0,1ccf,001c,7375,9008,0,fffffba5ffffff57,0,0
1632,1632,0,9008,0,0,1d5e,001c,7518,9008,0,fffffba5ffffff57,0,0
1633,1633,0,9008,0,0,1e59,001c,7769,9008,0,fffffba5ffffff57,0,0
1634,1634,0,9008,0,0,1f5a,001c,8026,9008,0,fffffba5ffffff57,0,0
1635,1635,0,9008,0,0,20a2,001c,8354,9008,0,fffffba5ffffff57,0,0
1636,1636,0,9008,0,0,21d9,001c,8665,9008,0,fffffba5ffffff57,0,0
1637,1637,0,9008,0,0,22be,001c,8894,9008,0,fffffba5ffffff57,0,0
1638,1638,0,9008,0,0,2333,001c,9011,9008,0,fffffba5ffffff57,0,0
1639,1639,0,9008,0,0,22fd,001c,8957,9008,0,fffffba5ffffff57,0,0
1640,1640,0,9008,0,0,2272,001c,8818,9008,0,fffffba5ffffff57,0,0
1641,1641,0,9008,0,0,217d,001c,9087,9008,0,fffffba5ffffff57,0,0
1642,1642,0,9008,0,0,2079,001c,8313,9008,0,fffffba5ffffff57,0,0
1643,1643,0,9008,0,0,1f19,001c,16217,9008,0,fffffba5ffffff57,0,0
1644,1644,0,9008,0,0,1ff1,001c,8177,9008,0,fffffba5ffffff57,0,0
1645,1645,0,9008,0,0,1ded,001c,7661,9008,0,fffffba5ffffff57,0,0
1646,1646,0,9008,0,0,1ddf,001c,7647,9008,0,fffffba5ffffff57,0,0
1647,1647,0,9008,0,0,1cff,001c,7423,9008,0,fffffba5ffffff57,0,0
1648,1648,0,9008,0,0,1dfd,001c,7677,9008,0,fffffba5ffffff57,0,0
1649,1649,0,9008,0,0,1fe8,001c,7592,9008,0,fffffba5ffffff57,0,0
1650,1650,0,9008,0,0,1ec3,001c,7875,9008,0,fffffba5ffffff57,0,0
1651,1651,0,9008,0,0,200f,001c,8207,9008,0,fffffba5ffffff57,0,0
1652,1652,0,9008,0,0,2130,001c,8496,9008,0,fffffba5ffffff57,0,0
1653,1653,0,9008,0,0,2241,001c,8769,9008,0,fffffba5ffffff57,0,0
1654,1654,0,9008,0,0,22e8,001c,8936,9008,0,fffffba5ffffff57,0,0
1655,1655,0,9008,0,0,232b,001c,9003,9008,0,fffffba5ffffff57,0,0
1656,1656,0,9008,0,0,22cf,001c,8911,9008,0,fffffba5ffffff57,0,0
1657,1657,0,9008,0,0,2210,001c,8720,9008,0,fffffba5ffffff57,0,0
1658,1658,0,9008,0,0,210d,001c,8461,9008,0,fffffba5ffffff57,0,0
1659,1659,0,9008,0,0,1fdd,001c,8157,9008,0,fffffba5ffffff57,0,0
1660,1660,0,9008,0,0,1e81,001c,7809,9008,0,fffffba5ffffff57,0,0
1661,1661,0,9008,0,0,1d64,001c,7524,9008,0,fffffba5ffffff57,0,0
1662,1662,0,9008,0,0,1cdf,001c,7391,9008,0,fffffba5ffffff57,0,0
1663,1663,0,9008,0,0,1cde,001c,7390,9008,0,fffffba5ffffff57,0,0
1664,1664,0,9008,0,0,1d74,001c,7540,9008,0,fffffba5ffffff57,0,0
1665,1665,0,9008,0,0,1e2e,001c,7726,9008,0,fffffba5ffffff57,0,0
1666,1666,0,9008,0,0,1f44,001c,8004,9008,0,fffffba5ffffff57,0,0
1667,1667,0,9008,0,0,2095,001c,8341,9008,0,fffffba5ffffff57,0,0
1668,1668,0,9008,0,0,21a4,001c,8612,9008,0,fffffba5ffffff57,0,0
1669,1669,0,9008,0,0,229d,001c,8861,9008,0,fffffba5ffffff57,0,0
1670,1670,0,9008,0,0,231f,001c,8991,9008,0,fffffba5ffffff57,0,0
1671,1671,0,9008,0,0,2331,001c,9009,9008,0,fffffba5ffffff57,0,0
1672,1672,0,9008,0,0,22a8,001c,8872,9008,0,fffffba5ffffff57,0,0
1673,1673,0,9008,0,0,2172,001c,8562,9008,0,fffffba5ffffff57,0,0
1674,1674,0,9008,0,0,206b,001c,8299,9008,0,fffffba5ffffff57,0,0
1675,1675,0,9008,0,0,1f55,001c,8021,9008,0,fffffba5ffffff57,0,0
1676,1676,0,9008,0,0,1e25,001c,7717,9008,0,fffffba5ffffff57,0,0
1677,1677,0,9008,0,0,1d62,001c,8035,9008,0,fffffba5ffffff57,0,0
1678,1678,0,9008,0,0,1cd3,001c,7635,9008,0,fffffba5ffffff57,0,0
1679,1679,0,9008,0,0,1cff,001c,7423,9008,0,fffffba5ffffff57,0,0
1680,1680,0,9008,0,0,1dfd,001c,7677,9008,0,fffffba5ffffff57,0,0
1681,1681,0,9008,0,0,1ffa,001c,8186,9008,0,fffffba5ffffff57,0,0
1682,1682,0,9008,0,0,1fde,001c,8158,9008,0,fffffba5ffffff57,0,0
1683,1683,0,9008,0,0,1fde,001c,8158,9008,0,fffffba5ffffff57,0,0
1684,1684,0,9008,0,0,231f,001c,8991,9008,0,fffffba5ffffff57,0,0
1685,1685,0,9008,0,0,231f,001c,8991,9008,0,fffffba5ffffff57,0,0
1686,1686,0,9008,0,0,2302,001c,8962,9008,0,fffffba5ffffff57,0,0
1687,1687,0,9008,0,0,233f,001c,9023,9008,0,fffffba5ffffff57,0,0
1688,1688,0,9008,0,0,22fd,001c,8957,9008,0,fffffba5ffffff57,0,0
1689,1689,0,9008,0,0,2230,001c,8752,9008,0,fffffba5ffffff57,0,0
1690,1690,0,9008,0,0,20f4,001c,8436,9008,0,fffffba5ffffff57,0,0
1691,1691,0,9008,0,0,1fd6,001c,8150,9008,0,fffffba5ffffff57,0,0
1692,1692,0,9008,0,0,1eba,001c,7866,9008,0,fffffba5ffffff57,0,0
1693,1693,0,9008,0,0,1db3,001c,7603,9008,0,fffffba5ffffff57,0,0
1694,1694,0,9008,0,0,1d07,001c,7431,9008,0,fffffba5ffffff57,0,0
1695,1695,0,9008,0,0,1cbf,001c,7359,9008,0,fffffba5ffffff57,0,0
1696,1696,0,9008,0,0,1d1a,001c,7450,9008,0,fffffba5ffffff57,0,0
1697,1697,0,9008,0,0,1e15,001c,7701,9008,0,fffffba5ffffff57,0,0
1698,1698,0,9008,0,0,1f39,001c,7993,9008,0,fffffba5ffffff57,0,0
1699,1699,0,9008,0,0,207c,001c,8316,9008,0,fffffba5ffffff57,0,0
1700,1700,0,9008,0,0,2198,001c,8600,9008,0,fffffba5ffffff57,0,0
1701,1701,0,9008,0,0,228e,001c,8846,9008,0,fffffba5ffffff57,0,0
1702,1702,0,9008,0,0,2313,001c,8979,9008,0,fffffba5ffffff57,0,0
1703,1703,0,9008,0,0,232e,001c,9006,9008,0,fffffba5ffffff57,0,0
1704,1704,0,9008,0,0,22ab,001c,8875,9008,0,fffffba5ffffff57,0,0
1705,1705,0,9008,0,0,21c6,001c,8646,9008,0,fffffba5ffffff57,0,0
1706,1706,0,9008,0,0,2090,001c,8336,9008,0,fffffba5ffffff57,0,0
1707,1707,0,9008,0,0,1f51,001c,8017,9008,0,fffffba5ffffff57,0,0
1708,1708,0,9008,0,0,1e4c,001c,7756,9008,0,fffffba5ffffff57,0,0
1709,1709,0,9008,0,0,1d4d,001c,7501,9008,0,fffffba5ffffff57,0,0
1710,1710,0,9008,0,0,1ccf,001c,7375,9008,0,fffffba5ffffff57,0,0
1711,1711,0,9008,0,0,1cfa,001c,7418,9008,0,fffffba5ffffff57,0,0
1712,1712,0,9008,0,0,1d8f,001c,7599,9008,0,fffffba5ffffff57,0,0
1713,1713,0,9008,0,0,1e8b,001c,7819,9008,0,fffffba5ffffff57,0,0
1714,1714,0,9008,0,0,1fc3,001c,8131,9008,0,fffffba5ffffff57,0,0
1715,1715,0,9008,0,0,3ffe,001c,16382,9008,0,fffffba5ffffff57,0,0
1716,1716,0,9008,0,0,22fe,001c,8958,9008,0,fffffba5ffffff57,0,0
1717,1717,0,9008,0,0,22ef,001c,8943,9008,0,fffffba5ffffff57,0,0
1718,1718,0,9008,0,0,23ff,001c,9215,9008,0,fffffba5ffffff57,0,0
1719,1719,0,9008,0,0,2333,001c,9011,9008,0,fffffba5ffffff57,0,0
1720,1720,0,9008,0,0,234f,001c,9031,9008,0,fffffba5ffffff57,0,0
1721,1721,0,9008,0,0,234d,001c,8781,9008,0,fffffba5ffffff57,0,0
1722,1722,0,9008,0,0,2127,001c,8487,9008,0,fffffba5ffffff57,0,0
1723,1723,0,9008,0,0,1ff9,001c,8185,9008,0,fffffba5ffffff57,0,0
1724,1724,0,9008,0,0,1ec9,001c,7881,9008,0,fffffba5ffffff57,0,0
1725,1725,0,9008,0,0,1dd3,001c,7635,9008,0,fffffba5ffffff57,0,0
1726,1726,0,9008,0,0,1d05,001c,7429,9008,0,fffffba5ffffff57,0,0
1727,1727,0,9008,0,0,1ccd,001c,7373,9008,0,fffffba5ffffff57,0,0
1728,1728,0,9008,0,0,1d30,001c,7472,9008,0,fffffba5ffffff57,0,0
1729,1729,0,9008,0,0,1ddb,001c,7643,9008,0,fffffba5ffffff57,0,0
1730,1730,0,9008,0,0,1efb,001c,7931,9008,0,fffffba5ffffff57,0,0
1731,1731,0,9008,0,0,205d,001c,8285,9008,0,fffffba5ffffff57,0,0
1732,1732,0,9008,0,0,217c,001c,8572,9008,0,fffffba5ffffff57,0,0
1733,1733,0,9008,0,0,2285,001c,8837,9008,0,fffffba5ffffff57,0,0
1734,1734,0,9008,0,0,231a,001c,8986,9008,0,fffffba5ffffff57,0,0
1735,1735,0,9008,0,0,2301,001c,8961,9008,0,fffffba5ffffff57,0,0
1736,1736,0,9008,0,0,22bb,001c,8891,9008,0,fffffba5ffffff57,0,0
1737,1737,0,9008,0,0,21ce,001c,8654,9008,0,fffffba5ffffff57,0,0
1738,1738,0,9008,0,0,20e4,001c,8420,9008,0,fffffba5ffffff57,0,0
1739,1739,0,9008,0,0,1f67,001c,8039,9008,0,fffffba5ffffff57,0,0
1740,1740,0,9008,0,0,1e24,001c,7716,9008,0,fffffba5ffffff57,0,0
1741,1741,0,9008,0,0,1d7b,001c,7547,9008,0,fffffba5ffffff57,0,0
1742,1742,0,9008,0,0,1cee,001c,7406,9008,0,fffffba5ffffff57,0,0
1743,1743,0,9008,0,0,1cee,001c,7406,9008,0,fffffba5ffffff57,0,0
1744,1744,0,9008,0,0,1d66,001c,7526,9008,0,fffffba5ffffff57,0,0
1745,1745,0,9008,0,0,1e52,001c,7762,9008,0,fffffba5ffffff57,0,0
1746,1746,0,9008,0,0,1f97,001c,8087,9008,0,fffffba5ffffff57,0,0
1747,1747,0,9008,0,0,20fc,001c,8444,9008,0,fffffba5ffffff57,0,0
1748,1748,0,9008,0,0,222b,001c,8747,9008,0,fffffba5ffffff57,0,0
1749,1749,0,9008,0,0,22ca,001c,8907,9008,0,fffffba5ffffff57,0,0
1750,1750,0,9008,0,0,238a,001c,9162,9008,0,fffffba5ffffff57,0,0
1751,1751,0,9008,0,0,23fe,001c,9214,9008,0,fffffba5ffffff57,0,0
1752,1752,0,9008,0,0,22ff,001c,8959,9008,0,fffffba5ffffff57,0,0
1753,1753,0,9008,0,0,237f,001c,9087,9008,0,fffffba5ffffff57,0,0
1754,1754,0,9008,0,0,2167,001c,8551,9008,0,fffffba5ffffff57,0,0
1755,1755,0,9008,0,0,2ee7,001c,10471,9008,0,fffffba5ffffff57,0,0
1756,1756,0,9008,0,0,1ee6,001c,7910,9008,0,fffffba5ffffff57,0,0
1757,1757,0,9008,0,0,1deb,001c,7595,9008,0,fffffba5ffffff57,0,0
1758,1758,0,9008,0,0,1d48,001c,7496,9008,0,fffffba5ffffff57,0,0
1759,1759,0,9008,0,0,1cd3,001c,7379,9008,0,fffffba5ffffff57,0,0
1760,1760,0,9008,0,0,1cd2,001c,7378,9008,0,fffffba5ffffff57,0,0
1761,1761,0,9008,0,0,1de7,001c,7655,9008,0,fffffba5ffffff57,0,0
1762,1762,0,9008,0,0,1f06,001c,7942,9008,0,fffffba5ffffff57,0,0
1763,1763,0,9008,0,0,2039,001c,8249,9008,0,fffffba5ffffff57,0,0
1764,1764,0,9008,0,0,217b,001c,8571,9008,0,fffffba5ffffff57,0,0
1765,1765,0,9008,0,0,2227,001c,8743,9008,0,fffffba5ffffff57,0,0
1766,1766,0,9008,0,0,230c,001c,8972,9008,0,fffffba5ffffff57,0,0
1767,1767,0,9008,0,0,236c,001c,9068,9008,0,fffffba5ffffff57,0,0
1768,1768,0,9008,0,0,22b6,001c,8886,9008,0,fffffba5ffffff57,0,0
1769,1769,0,9008,0,0,21fc,001c,8700,9008,0,fffffba5ffffff57,0,0
1770,1770,0,9008,0,0,20b9,001c,8377,9008,0,fffffba5ffffff57,0,0
1771,1771,0,9008,0,0,1f5a,001c,8026,9008,0,fffffba5ffffff57,0,0
1772,1772,0,9008,0,0,1ea7,001c,7847,9008,0,fffffba5ffffff57,0,0
1773,1773,0,9008,0,0,1d7d,001c,7549,9008,0,fffffba5ffffff57,0,0
1774,1774,0,9008,0,0,1cc9,001c,7369,9008,0,fffffba5ffffff57,0,0
1775,1775,0,9008,0,0,1d06,001c,7430,9008,0,fffffba5ffffff57,0,0
1776,1776,0,9008,0,0,1d41,001c,7489,9008,0,fffffba5ffffff57,0,0
1777,1777,0,9008,0,0,1e5a,001c,7770,9008,0,fffffba5ffffff57,0,0
1778,1778,0,9008,0,0,1fa5,001c,8101,9008,0,fffffba5ffffff57,0,0
1779,1779,0,9008,0,0,20af,001c,8367,9008,0,fffffba5ffffff57,0,0
1780,1780,0,9008,0,0,21f6,001c,8694,9008,0,fffffba5ffffff57,0,0
1781,1781,0,9008,0,0,22aa,001c,8874,9008,0,fffffba5ffffff57,0,0
1782,1782,0,9008,0,0,2320,001c,8992,9008,0,fffffba5ffffff57,0,0
1783,1783,0,9008,0,0,2314,001c,8980,9008,0,fffffba5ffffff57,0,0
1784,1784,0,9008,0,0,225b,001c,8795,9008,0,fffffba5ffffff57,0,0
1785,1785,0,9008,0,0,219f,001c,9183,9008,0,fffffba5ffffff57,0,0
1786,1786,0,9008,0,0,21de,001c,8670,9008,0,fffffba5ffffff57,0,0
1787,1787,0,9008,0,0,3edf,001c,15966,9008,0,fffffba5ffffff57,0,0
1788,1788,0,9008,0,0,1feb,001c,8171,9008,0,fffffba5ffffff57,0,0
1789,1789,0,9008,0,0,1dfb,001c,7675,9008,0,fffffba5ffffff57,0,0
1790,1790,0,9008,0,0,1dd7,001c,7639,9008,0,fffffba5ffffff57,0,0
1791,1791,0,9008,0,0,1dd5,001c,7637,9008,0,fffffba5ffffff57,0,0
1792,1792,0,9008,0,0,1d94,001c,7572,9008,0,fffffba5ffffff57,0,0
1793,1793,0,9008,0,0,1de9,001c,7593,9008,0,fffffba5ffffff57,0,0
1794,1794,0,9008,0,0,1ee0,001c,7904,9008,0,fffffba5ffffff57,0,0
1795,1795,0,9008,0,0,2042,001c,8258,9008,0,fffffba5ffffff57,0,0
1796,1796,0,9008,0,0,210f,001c,8463,9008,0,fffffba5ffffff57,0,0
1797,1797,0,9008,0,0,2250,001c,8784,9008,0,fffffba5ffffff57,0,0
1798,1798,0,9008,0,0,2311,001c,8977,9008,0,fffffba5ffffff57,0,0
1799,1799,0,9008,0,0,2308,001c,8968,9008,0,fffffba5ffffff57,0,0
1800,1800,0,9008,0,0,22d2,001c,8914,9008,0,fffffba5ffffff57,0,0
1801,1801,0,9008,0,0,221e,001c,8734,9008,0,fffffba5ffffff57,0,0
1802,1802,0,9008,0,0,2113,001c,8467,9008,0,fffffba5ffffff57,0,0
1803,1803,0,9008,0,0,1fab,001c,8107,9008,0,fffffba5ffffff57,0,0
1804,1804,0,9008,0,0,1e70,001c,7792,9008,0,fffffba5ffffff57,0,0
1805,1805,0,9008,0,0,1d94,001c,7572,9008,0,fffffba5ffffff57,0,0
1806,1806,0,9008,0,0,1ce8,001c,7400,9008,0,fffffba5ffffff57,0,0
1807,1807,0,9008,0,0,1cdc,001c,7388,9008,0,fffffba5ffffff57,0,0
1808,1808,0,9008,0,0,1d64,001c,7524,9008,0,fffffba5ffffff57,0,0
1809,1809,0,9008,0,0,1e40,001c,7744,9008,0,fffffba5ffffff57,0,0
1810,1810,0,9008,0,0,1f3d,001c,7997,9008,0,fffffba5ffffff57,0,0
1811,1811,0,9008,0,0,20b1,001c,8369,9008,0,fffffba5ffffff57,0,0
1812,1812,0,9008,0,0,21dc,001c,8668,9008,0,fffffba5ffffff57,0,0
1813,1813,0,9008,0,0,22a5,001c,8869,9008,0,fffffba5ffffff57,0,0
1814,1814,0,9008,0,0,2322,001c,8994,9008,0,fffffba5ffffff57,0,0
1815,1815,0,9008,0,0,2311,001c,8977,9008,0,fffffba5ffffff57,0,0
1816,1816,0,9008,0,0,22a5,001c,8869,9008,0,fffffba5ffffff57,0,0
1817,1817,0,9008,0,0,219c,001c,8604,9008,0,fffffba5ffffff57,0,0
1818,1818,0,9008,0,0,2061,001c,8289,9008,0,fffffba5ffffff57,0,0
1819,1819,0,9008,0,0,1f27,001c,7975,9008,0,fffffba5ffffff57,0,0
1820,1820,0,9008,0,0,1e33,001c,7731,9008,0,fffffba5ffffff57,0,0
1821,1821,0,9008,0,0,1d4b,001c,8027,9008,0,fffffba5ffffff57,0,0
1822,1822,0,9008,0,0,1ddf,001c,7647,9008,0,fffffba5ffffff57,0,0
1823,1823,0,9008,0,0,1dd7,001c,7639,9008,0,fffffba5ffffff57,0,0
1824,1824,0,9008,0,0,1db7,001c,7607,9008,0,fffffba5ffffff57,0,0
1825,1825,0,9008,0,0,1fb7,001c,8119,9008,0,fffffba5ffffff57,0,0
1826,1826,0,9008,0,0,1fdd,001c,8157,9008,0,fffffba5ffffff57,0,0
1827,1827,0,9008,0,0,1fcd,001c,8141,9008,0,fffffba5ffffff57,0,0
1828,1828,0,9008,0,0,234c,001c,8524,9008,0,fffffba5ffffff57,0,0
1829,1829,0,9008,0,0,22ec,001c,8748,9008,0,fffffba5ffffff57,0,0
1830,1830,0,9008,0,0,22de,001c,8926,9008,0,fffffba5ffffff57,0,0
1831,1831,0,9008,0,0,2341,001c,9025,9008,0,fffffba5ffffff57,0,0
1832,1832,0,9008,0,0,22e7,001c,8935,9008,0,fffffba5ffffff57,0,0
1833,1833,0,9008,0,0,222b,001c,8747,9008,0,fffffba5ffffff57,0,0
1834,1834,0,9008,0,0,2112,001c,8466,9008,0,fffffba5ffffff57,0,0
1835,1835,0,9008,0,0,1fe0,001c,8160,9008,0,fffffba5ffffff57,0,0
1836,1836,0,9008,0,0,1ea0,001c,7840,9008,0,fffffba5ffffff57,0,0
1837,1837,0,9008,0,0,1da9,001c,7593,9008,0,fffffba5ffffff57,0,0
1838,1838,0,9008,0,0,1cf6,001c,7414,9008,0,fffffba5ffffff57,0,0
1839,1839,0,9008,0,0,1ccb,001c,7371,9008,0,fffffba5ffffff57,0,0
1840,1840,0,9008,0,0,1d43,001c,7491,9008,0,fffffba5ffffff57,0,0
1841,1841,0,9008,0,0,1e1f,001c,7711,9008,0,fffffba5ffffff57,0,0
1842,1842,0,9008,0,0,1f39,001c,7993,9008,0,fffffba5ffffff57,0,0
1843,1843,0,9008,0,0,2066,001c,8294,9008,0,fffffba5ffffff57,0,0
1844,1844,0,9008,0,0,2193,001c,8595,9008,0,fffffba5ffffff57,0,0
1845,1845,0,9008,0,0,22ba,001c,8890,9008,0,fffffba5ffffff57,0,0
1846,1846,0,9008,0,0,2326,001c,8998,9008,0,fffffba5ffffff57,0,0
1847,1847,0,9008,0,0,2328,001c,9000,9008,0,fffffba5ffffff57,0,0
1848,1848,0,9008,0,0,22ab,001c,8875,9008,0,fffffba5ffffff57,0,0
1849,1849,0,9008,0,0,21a8,001c,8616,9008,0,fffffba5ffffff57,0,0
1850,1850,0,9008,0,0,20a3,001c,8355,9008,0,fffffba5ffffff57,0,0
1851,1851,0,9008,0,0,1f2e,001c,7982,9008,0,fffffba5ffffff57,0,0
1852,1852,0,9008,0,0,1dfd,001c,7677,9008,0,fffffba5ffffff57,0,0
1853,1853,0,9008,0,0,1d71,001c,7537,9008,0,fffffba5ffffff57,0,0
1854,1854,0,9008,0,0,1ce0,001c,7392,9008,0,fffffba5ffffff57,0,0
1855,1855,0,9008,0,0,1cb9,001c,7353,9008,0,fffffba5ffffff57,0,0
1856,1856,0,9008,0,0,1daf,001c,7599,9008,0,fffffba5ffffff57,0,0
1857,1857,0,9008,0,0,1ea7,001c,8103,9008,0,fffffba5ffffff57,0,0
1858,1858,0,9008,0,0,1fed,001c,8173,9008,0,fffffba5ffffff57,0,0
1859,1859,0,9008,0,0,3ffb,001c,16379,9008,0,fffffba5ffffff57,0,0
1860,1860,0,9008,0,0,21f3,001c,8691,9008,0,fffffba5ffffff57,0,0
1861,1861,0,9008,0,0,23ff,001c,9215,9008,0,fffffba5ffffff57,0,0
1862,1862,0,9008,0,0,23df,001c,9183,9008,0,fffffba5ffffff57,0,0
1863,1863,0,9008,0,0,235a,001c,9042,9008,0,fffffba5ffffff57,0,0
1864,1864,0,9008,0,0,235a,001c,9050,9008,0,fffffba5ffffff57,0,0
1865,1865,0,9008,0,0,2352,001c,8786,9008,0,fffffba5ffffff57,0,0
1866,1866,0,9008,0,0,2112,001c,8466,9008,0,fffffba5ffffff57,0,0
1867,1867,0,9008,0,0,2005,001c,8197,9008,0,fffffba5ffffff57,0,0
1868,1868,0,9008,0,0,1eed,001c,7917,9008,0,fffffba5ffffff57,0,0
1869,1869,0,9008,0,0,1dc4,001c,7620,9008,0,fffffba5ffffff57,0,0
1870,1870,0,9008,0,0,1d1f,001c,7455,9008,0,fffffba5ffffff57,0,0
1871,1871,0,9008,0,0,1cb8,001c,7352,9008,0,fffffba5ffffff57,0,0
1872,1872,0,9008,0,0,1d19,001c,7449,9008,0,fffffba5ffffff57,0,0
1873,1873,0,9008,0,0,1e08,001c,7688,9008,0,fffffba5ffffff57,0,0
1874,1874,0,9008,0,0,1f1f,001c,7967,9008,0,fffffba5ffffff57,0,0
1875,1875,0,9008,0,0,206b,001c,8299,9008,0,fffffba5ffffff57,0,0
1876,1876,0,9008,0,0,2185,001c,8581,9008,0,fffffba5ffffff57,0,0
1877,1877,0,9008,0,0,226c,001c,8812,9008,0,fffffba5ffffff57,0,0
1878,1878,0,9008,0,0,2320,001c,8992,9008,0,fffffba5ffffff57,0,0
1879,1879,0,9008,0,0,2337,001c,9015,9008,0,fffffba5ffffff57,0,0
1880,1880,0,9008,0,0,227c,001c,8828,9008,0,fffffba5ffffff57,0,0
1881,1881,0,9008,0,0,21b2,001c,8626,9008,0,fffffba5ffffff57,0,0
1882,1882,0,9008,0,0,20d7,001c,8407,9008,0,fffffba5ffffff57,0,0
1883,1883,0,9008,0,0,1f9c,001c,8092,9008,0,fffffba5ffffff57,0,0
1884,1884,0,9008,0,0,1e50,001c,7760,9008,0,fffffba5ffffff57,0,0
1885,1885,0,9008,0,0,1d5d,001c,7517,9008,0,fffffba5ffffff57,0,0
1886,1886,0,9008,0,0,1cce,001c,7374,9008,0,fffffba5ffffff57,0,0
1887,1887,0,9008,0,0,1cf1,001c,7409,9008,0,fffffba5ffffff57,0,0
1888,1888,0,9008,0,0,1d70,001c,7536,9008,0,fffffba5ffffff57,0,0
1889,1889,0,9008,0,0,1e80,001c,7808,9008,0,fffffba5ffffff57,0,0
1890,1890,0,9008,0,0,1f74,001c,8052,9008,0,fffffba5ffffff57,0,0
1891,1891,0,9008,0,0,2122,001c,12066,9008,0,fffffba5ffffff57,0,0
1892,1892,0,9008,0,0,21e7,001c,8679,9008,0,fffffba5ffffff57,0,0
1893,1893,0,9008,0,0,22af,001c,9199,9008,0,fffffba5ffffff57,0,0
1894,1894,0,9008,0,0,23ef,001c,9199,9008,0,fffffba5ffffff57,0,0
1895,1895,0,9008,0,0,23fb,001c,9211,9008,0,fffffba5ffffff57,0,0
1896,1896,0,9008,0,0,22ff,001c,8959,9008,0,fffffba5ffffff57,0,0
1897,1897,0,9008,0,0,23be,001c,9150,9008,0,fffffba5ffffff57,0,0
1898,1898,0,9008,0,0,21a6,001c,8614,9008,0,fffffba5ffffff57,0,0
1899,1899,0,9008,0,0,2822,001c,8226,9008,0,fffffba5ffffff57,0,0
1900,1900,0,9008,0,0,1ec1,001c,7873,9008,0,fffffba5ffffff57,0,0
1901,1901,0,9008,0,0,1dd4,001c,7636,9008,0,fffffba5ffffff57,0,0
1902,1902,0,9008,0,0,1d32,001c,7474,9008,0,fffffba5ffffff57,0,0
1903,1903,0,9008,0,0,1ce0,001c,7392,9008,0,fffffba5ffffff57,0,0
1904,1904,0,9008,0,0,1d05,001c,7429,9008,0,fffffba5ffffff57,0,0
1905,1905,0,9008,0,0,1db3,001c,7603,9008,0,fffffba5ffffff57,0,0
1906,1906,0,9008,0,0,1edd,001c,7901,9008,0,fffffba5ffffff57,0,0
1907,1907,0,9008,0,0,2061,001c,8289,9008,0,fffffba5ffffff57,0,0
1908,1908,0,9008,0,0,216f,001c,8559,9008,0,fffffba5ffffff57,0,0
1909,1909,0,9008,0,0,225f,001c,8799,9008,0,fffffba5ffffff57,0,0
1910,1910,0,9008,0,0,22fd,001c,8957,9008,0,fffffba5ffffff57,0,0
1911,1911,0,9008,0,0,2332,001c,9010,9008,0,fffffba5ffffff57,0,0
1912,1912,0,9008,0,0,22d7,001c,8919,9008,0,fffffba5ffffff57,0,0
1913,1913,0,9008,0,0,21f2,001c,8690,9008,0,fffffba5ffffff57,0,0
1914,1914,0,9008,0,0,20b5,001c,8373,9008,0,fffffba5ffffff57,0,0
1915,1915,0,9008,0,0,1f73,001c,8051,9008,0,fffffba5ffffff57,0,0
1916,1916,0,9008,0,0,1e59,001c,7769,9008,0,fffffba5ffffff57,0,0
1917,1917,0,9008,0,0,1d7f,001c,7551,9008,0,fffffba5ffffff57,0,0
1918,1918,0,9008,0,0,1cd9,001c,7385,9008,0,fffffba5ffffff57,0,0
1919,1919,0,9008,0,0,1cd0,001c,7376,9008,0,fffffba5ffffff57,0,0
1920,1920,0,9008,0,0,1d35,001c,7477,9008,0,fffffba5ffffff57,0,0
1921,1921,0,9008,0,0,1e60,001c,7776,9008,0,fffffba5ffffff57,0,0
1922,1922,0,9008,0,0,1f90,001c,8080,9008,0,fffffba5ffffff57,0,0
1923,1923,0,9008,0,0,20c5,001c,8389,9008,0,fffffba5ffffff57,0,0
1924,1924,0,9008,0,0,21ea,001c,8682,9008,0,fffffba5ffffff57,0,0
1925,1925,0,9008,0,0,229e,001c,8862,9008,0,fffffba5ffffff57,0,0
1926,1926,0,9008,0,0,2308,001c,8968,9008,0,fffffba5ffffff57,0,0
1927,1927,0,9008,0,0,2364,001c,9068,9008,0,fffffba5ffffff57,0,0
1928,1928,0,9008,0,0,22bf,001c,9215,9008,0,fffffba5ffffff57,0,0
1929,1929,0,9008,0,0,23bf,001c,9151,9008,0,fffffba5ffffff57,0,0
1930,1930,0,9008,0,0,213d,001c,8509,9008,0,fffffba5ffffff57,0,0
1931,1931,0,9008,0,0,3f13,001c,12051,9008,0,fffffba5ffffff57,0,0
1932,1932,0,9008,0,0,1ff3,001c,8179,9008,0,fffffba5ffffff57,0,0
1933,1933,0,9008,0,0,1dfb,001c,7675,9008,0,fffffba5ffffff57,0,0
1934,1934,0,9008,0,0,1dce,001c,7630,9008,0,fffffba5ffffff57,0,0
1935,1935,0,9008,0,0,1ce6,001c,7366,9008,0,fffffba5ffffff57,0,0
1936,1936,0,9008,0,0,1de4,001c,7652,9008,0,fffffba5ffffff57,0,0
1937,1937,0,9008,0,0,1dc4,001c,7620,9008,0,fffffba5ffffff57,0,0
1938,1938,0,9008,0,0,1ef5,001c,7925,9008,0,fffffba5ffffff57,0,0
1939,1939,0,9008,0,0,2014,001c,8212,9008,0,fffffba5ffffff57,0,0
1940,1940,0,9008,0,0,2140,001c,8512,9008,0,fffffba5ffffff57,0,0
1941,1941,0,9008,0,0,2250,001c,8784,9008,0,fffffba5ffffff57,0,0
1942,1942,0,9008,0,0,22e7,001c,8935,9008,0,fffffba5ffffff57,0,0
1943,1943,0,9008,0,0,2327,001c,8999,9008,0,fffffba5ffffff57,0,0
1944,1944,0,9008,0,0,22ee,001c,8942,9008,0,fffffba5ffffff57,0,0
1945,1945,0,9008,0,0,2229,001c,8745,9008,0,fffffba5ffffff57,0,0
1946,1946,0,9008,0,0,20e9,001c,8425,9008,0,fffffba5ffffff57,0,0
1947,1947,0,9008,0,0,1f78,001c,8056,9008,0,fffffba5ffffff57,0,0
1948,1948,0,9008,0,0,1e74,001c,7796,9008,0,fffffba5ffffff57,0,0
1949,1949,0,9008,0,0,1da9,001c,7593,9008,0,fffffba5ffffff57,0,0
1950,1950,0,9008,0,0,1cf0,001c,7408,9008,0,fffffba5ffffff57,0,0
1951,1951,0,9008,0,0,1cdb,001c,7387,9008,0,fffffba5ffffff57,0,0
1952,1952,0,9008,0,0,1d4b,001c,7499,9008,0,fffffba5ffffff57,0,0
1953,1953,0,9008,0,0,1e40,001c,7744,9008,0,fffffba5ffffff57,0,0
1954,1954,0,9008,0,0,1f4e,001c,8014,9008,0,fffffba5ffffff57,0,0
1955,1955,0,9008,0,0,20b7,001c,8375,9008,0,fffffba5ffffff57,0,0
1956,1956,0,9008,0,0,21d4,001c,8660,9008,0,fffffba5ffffff57,0,0
1957,1957,0,9008,0,0,22b6,001c,8886,9008,0,fffffba5ffffff57,0,0
1958,1958,0,9008,0,0,22f8,001c,8952,9008,0,fffffba5ffffff57,0,0
1959,1959,0,9008,0,0,230a,001c,8970,9008,0,fffffba5ffffff57,0,0
1960,1960,0,9008,0,0,229f,001c,8863,9008,0,fffffba5ffffff57,0,0
1961,1961,0,9008,0,0,21b4,001c,8628,9008,0,fffffba5ffffff57,0,0
1962,1962,0,9008,0,0,204a,001c,8298,9008,0,fffffba5ffffff57,0,0
1963,1963,0,9008,0,0,1f18,001c,7962,9008,0,fffffba5ffffff57,0,0
1964,1964,0,9008,0,0,1e0a,001c,7962,9008,0,fffffba5ffffff57,0,0
1965,1965,0,9008,0,0,1f36,001c,7990,9008,0,fffffba5ffffff57,0,0
1966,1966,0,9008,0,0,1dff,001c,7679,9008,0,fffffba5ffffff57,0,0
1967,1967,0,9008,0,0,1ddb,001c,7643,9008,0,fffffba5ffffff57,0,0
1968,1968,0,9008,0,0,1d93,001c,7571,9008,0,fffffba5ffffff57,0,0
1969,1969,0,9008,0,0,1f9f,001c,8094,9008,0,fffffba5ffffff57,0,0
1970,1970,0,9008,0,0,1ead,001c,7853,9008,0,fffffba5ffffff57,0,0
1971,1971,0,9008,0,0,2144,001c,8516,9008,0,fffffba5ffffff57,0,0
1972,1972,0,9008,0,0,214a,001c,8522,9008,0,fffffba5ffffff57,0,0
1973,1973,0,9008,0,0,223c,001c,8764,9008,0,fffffba5ffffff57,0,0
1974,1974,0,9008,0,0,22ea,001c,8938,9008,0,fffffba5ffffff57,0,0
1975,1975,0,9008,0,0,232d,001c,9005,9008,0,fffffba5ffffff57,0,0
1976,1976,0,9008,0,0,22ef,001c,8943,9008,0,fffffba5ffffff57,0,0
1977,1977,0,9008,0,0,2242,001c,8770,9008,0,fffffba5ffffff57,0,0
1978,1978,0,9008,0,0,2110,001c,8464,9008,0,fffffba5ffffff57,0,0
1979,1979,0,9008,0,0,1fd3,001c,8147,9008,0,fffffba5ffffff57,0,0
1980,1980,0,9008,0,0,1e94,001c,7828,9008,0,fffffba5ffffff57,0,0
1981,1981,0,9008,0,0,1db1,001c,7601,9008,0,fffffba5ffffff57,0,0
1982,1982,0,9008,0,0,1cf5,001c,7413,9008,0,fffffba5ffffff57,0,0
1983,1983,0,9008,0,0,1ce4,001c,7396,9008,0,fffffba5ffffff57,0,0
1984,1984,0,9008,0,0,1d52,001c,7506,9008,0,fffffba5ffffff57,0,0
1985,1985,0,9008,0,0,1e0f,001c,7695,9008,0,fffffba5ffffff57,0,0
1986,1986,0,9008,0,0,1f12,001c,7954,9008,0,fffffba5ffffff57,0,0
1987,1987,0,9008,0,0,2084,001c,8324,9008,0,fffffba5ffffff57,0,0
1988,1988,0,9008,0,0,21cc,001c,8652,9008,0,fffffba5ffffff57,0,0
1989,1989,0,9008,0,0,229c,001c,8860,9008,0,fffffba5ffffff57,0,0
1990,1990,0,9008,0,0,2308,001c,8968,9008,0,fffffba5ffffff57,0,0
1991,1991,0,9008,0,0,2310,001c,8976,9008,0,fffffba5ffffff57,0,0
1992,1992,0,9008,0,0,22a9,001c,8873,9008,0,fffffba5ffffff57,0,0
1993,1993,0,9008,0,0,21be,001c,8638,9008,0,fffffba5ffffff57,0,0
1994,1994,0,9008,0,0,209d,001c,8349,9008,0,fffffba5ffffff57,0,0
1995,1995,0,9008,0,0,1f30,001c,7984,9008,0,fffffba5ffffff57,0,0
1996,1996,0,9008,0,0,1e0a,001c,7690,9008,0,fffffba5ffffff57,0,0
1997,1997,0,9008,0,0,1d60,001c,7520,9008,0,fffffba5ffffff57,0,0
1998,1998,0,9008,0,0,1cfe,001c,7422,9008,0,fffffba5ffffff57,0,0
1999,1999,0,9008,0,0,1d2c,001c,7598,9008,0,fffffba5ffffff57,0,0
2000,2000,0,9008,0,0,1d7d,001c,7549,9008,0,fffffba5ffffff57,0,0
2001,2001,0,9008,0,0,1f77,001c,8055,9008,0,fffffba5ffffff57,0,0
2002,2002,0,9008,0,0,1ffe,001c,8190,9008,0,fffffba5ffffff57,0,0
2003,2003,0,9008,0,0,3fde,001c,8158,9008,0,fffffba5ffffff57,0,0
2004,2004,0,9008,0,0,2348,001c,9032,9008,0,fffffba5ffffff57,0,0
2005,2005,0,9008,0,0,22cf,001c,8911,9008,0,fffffba5ffffff57,0,0
2006,2006,0,9008,0,0,22ff,001c,8959,9008,0,fffffba5ffffff57,0,0
2007,2007,0,9008,0,0,22fd,001c,8957,9008,0,fffffba5ffffff57,0,0
2008,2008,0,9008,0,0,2346,001c,8966,9008,0,fffffba5ffffff57,0,0
2009,2009,0,9008,0,0,2242,001c,8770,9008,0,fffffba5ffffff57,0,0
2010,2010,0,9008,0,0,214f,001c,8527,9008,0,fffffba5ffffff57,0,0
2011,2011,0,9008,0,0,1fd6,001c,8150,9008,0,fffffba5ffffff57,0,0
2012,2012,0,9008,0,0,1e9a,001c,7834,9008,0,fffffba5ffffff57,0,0
2013,2013,0,9008,0,0,1db5,001c,7605,9008,0,fffffba5ffffff57,0,0
2014,2014,0,9008,0,0,1d29,001c,7465,9008,0,fffffba5ffffff57,0,0
2015,2015,0,9008,0,0,1cde,001c,7390,9008,0,fffffba5ffffff57,0,0
2016,2016,0,9008,0,0,1d14,001c,7444,9008,0,fffffba5ffffff57,0,0
2017,2017,0,9008,0,0,1dd8,001c,7640,9008,0,fffffba5ffffff57,0,0
2018,2018,0,9008,0,0,1f2a,001c,7978,9008,0,fffffba5ffffff57,0,0
2019,2019,0,9008,0,0,205f,001c,8287,9008,0,fffffba5ffffff57,0,0
2020,2020,0,9008,0,0,2193,001c,8595,9008,0,fffffba5ffffff57,0,0
2021,2021,0,9008,0,0,2273,001c,8819,9008,0,fffffba5ffffff57,0,0
2022,2022,0,9008,0,0,22f9,001c,8953,9008,0,fffffba5ffffff57,0,0
2023,2023,0,9008,0,0,232d,001c,9005,9008,0,fffffba5ffffff57,0,0
2024,2024,0,9008,0,0,22bf,001c,8895,9008,0,fffffba5ffffff57,0,0
2025,2025,0,9008,0,0,21cc,001c,8652,9008,0,fffffba5ffffff57,0,0
2026,2026,0,9008,0,0,209a,001c,8346,9008,0,fffffba5ffffff57,0,0
2027,2027,0,9008,0,0,1f65,001c,8037,9008,0,fffffba5ffffff57,0,0
2028,2028,0,9008,0,0,1e29,001c,7721,9008,0,fffffba5ffffff57,0,0
2029,2029,0,9008,0,0,1d6b,001c,7531,9008,0,fffffba5ffffff57,0,0
2030,2030,0,9008,0,0,1ce2,001c,7394,9008,0,fffffba5ffffff57,0,0
2031,2031,0,9008,0,0,1cfd,001c,7421,9008,0,fffffba5ffffff57,0,0
2032,2032,0,9008,0,0,1d6c,001c,7532,9008,0,fffffba5ffffff57,0,0
2033,2033,0,9008,0,0,1e62,001c,7778,9008,0,fffffba5ffffff57,0,0
2034,2034,0,9008,0,0,1fad,001c,8109,9008,0,fffffba5ffffff57,0,0
2035,2035,0,9008,0,0,20ec,001c,12269,9008,0,fffffba5ffffff57,0,0
2036,2036,0,9008,0,0,22ae,001c,8942,9008,0,fffffba5ffffff57,0,0
2037,2037,0,9008,0,0,22ef,001c,8943,9008,0,fffffba5ffffff57,0,0
2038,2038,0,9008,0,0,23ff,001c,9215,9008,0,fffffba5ffffff57,0,0
2039,2039,0,9008,0,0,23fd,001c,9213,9008,0,fffffba5ffffff57,0,0
2040,2040,0,9008,0,0,22ff,001c,8941,9008,0,fffffba5ffffff57,0,0
2041,2041,0,9008,0,0,235e,001c,9054,9008,0,fffffba5ffffff57,0,0
2042,2042,0,9008,0,0,215c,001c,8540,9008,0,fffffba5ffffff57,0,0
2043,2043,0,9008,0,0,2023,001c,8227,9008,0,fffffba5ffffff57,0,0
2044,2044,0,9008,0,0,1ede,001c,7902,9008,0,fffffba5ffffff57,0,0
2045,2045,0,9008,0,0,1db5,001c,7605,9008,0,fffffba5ffffff57,0,0
2046,2046,0,9008,0,0,1d06,001c,7430,9008,0,fffffba5ffffff57,0,0
2047,2047,0,9008,0,0,1cd9,001c,7385,9008,0,fffffba5ffffff57,0,0
2048,2048,1,9008,0,0,1d19,001c,7449,9008,0,0000000000800e38,0,1
2049,2049,0,9008,0,0,1df3,001c,7667,9008,0,fffff97c00000207,0,1
2050,2050,0,9008,0,0,1eed,001c,7917,9008,0,fffffd3bfffff0a9,0,1
2051,2051,0,9008,0,0,2038,001c,8248,9008,0,000006d4fffffd17,0,1
2052,2052,0,9008,0,0,215e,001c,8542,9008,0,ffffff540000003b,0,1
2053,2053,0,9008,0,0,228b,001c,8843,9008,0,00000f8efffff69e,0,1
2054,2054,0,9008,0,0,2310,001c,8976,9008,0,00000b0effffff86,0,1
2055,2055,0,9008,0,0,2300,001c,8960,9008,0,fffff494fffffb38,0,1
2056,2056,0,9008,0,0,22a0,001c,8864,9008,0,fffffe80fffff681,0,1
2057,2057,0,9008,0,0,21e9,001c,8681,9008,0,00000b8dfffff3ba,0,1
2058,2058,0,9008,0,0,212b,001c,8491,9008,0,000009d7fffffa82,0,1
2059,2059,0,9008,0,0,1f69,001c,8041,9008,0,fffffe69fffffd01,0,1
2060,2060,0,9008,0,0,1df0,001c,7664,9008,0,00000986fffff9e1,0,1
2061,2061,0,9008,0,0,1d6e,001c,7534,9008,0,000006b7ffffffb3,0,1
2062,2062,0,9008,0,0,1d1e,001c,7454,9008,0,fffff782fffff8b0,0,1
2063,2063,0,9008,0,0,1d09,001c,7433,9008,0,fffffc8dfffff54b,0,1
2064,2064,0,9008,0,0,1d73,001c,7539,9008,0,00000109000004b0,0,1
2065,2065,0,9008,0,0,1e5c,001c,7772,9008,0,ffffffe700000743,0,1
2066,2066,0,9008,0,0,1f7e,001c,8062,9008,0,0000051bfffffa25,0,1
2067,2067,0,9008,0,0,20e1,001c,8417,9008,0,000002d7ffffff17,0,1
2068,2068,0,9008,0,0,21f7,001c,8695,9008,0,0000007f00000a99,0,1
2069,2069,0,9008,0,0,22c4,001c,8900,9008,0,0000035200000710,0,1
2070,2070,0,9008,0,0,232c,001c,9004,9008,0,fffff908fffffb67,0,1
2071,2071,0,9008,0,0,22ea,001c,8938,9008,0,ffffffc3000004f9,0,1
2072,2072,0,9008,0,0,22fe,001c,8958,9008,0,0000009b0000045f,0,1
2073,2073,0,9008,0,0,23f7,001c,9207,9008,0,00000d5ffffffbad,0,1
2074,2074,0,9008,0,0,21b3,001c,8627,9008,0,00000c1500000bad,0,1
2075,2075,0,9008,0,0,2c30,001c,10288,9008,0,0000004efffffc2c,0,1
2076,2076,0,9008,0,0,1fca,001c,8138,9008,0,fffff687ffffff4f,0,1
2077,2077,0,9008,0,0,1dd7,001c,7639,9008,0,fffff761fffffcff,0,1
2078,2078,0,9008,0,0,1dd7,001c,7639,9008,0,00000ffdffffefdb,0,1
2079,2079,0,9008,0,0,1cd0,001c,7376,9008,0,fffffc0dfffffa0c,0,1
2080,2080,0,9008,0,0,1cf9,001c,7417,9008,0,000002aa00000207,0,1
2081,2081,0,9008,0,0,1dc3,001c,7619,9008,0,0000066600000757,0,1
2082,2082,0,9008,0,0,1edc,001c,7900,9008,0,ffffeee0ffffea9b,0,1
2083,2083,0,9008,0,0,2007,001c,8199,9008,0,fffff6a5fffffb87,0,1
2084,2084,0,9008,0,0,2154,001c,8532,9008,0,fffff699fffff42c,0,1
2085,2085,0,9008,0,0,2268,001c,8808,9008,0,000006fafffffa0d,0,1
2086,2086,0,9008,0,0,230a,001c,8970,9008,0,0000021000001566,0,1
2087,2087,0,9008,0,0,230b,001c,8971,9008,0,fffffd48fffff8eb,0,1
2088,2088,0,9008,0,0,22bf,001c,8895,9008,0,ffffedd3fffffbe4,0,1
2089,2089,0,9008,0,0,221a,001c,8730,9008,0,ffffff1affffff98,0,1
2090,2090,0,9008,0,0,20d6,001c,8406,9008,0,00000f78fffff6f4,0,1
2091,2091,0,9008,0,0,1f85,001c,8069,9008,0,fffff3d4fffff675,0,1
2092,2092,0,9008,0,0,1e94,001c,7828,9008,0,00000b5300001285,0,1
2093,2093,0,9008,0,0,1d86,001c,7558,9008,0,000015dc0000133e,0,1
2094,2094,0,9008,0,0,1cdd,001c,7389,9008,0,ffffff28fffff1f5,0,1
2095,2095,0,9008,0,0,1cee,001c,7406,9008,0,0000125dfffff78f,0,1
2096,2096,0,9008,0,0,1d5b,001c,7515,9008,0,000014dbfffffc30,0,1
2097,2097,0,9008,0,0,1e40,001c,7744,9008,0,fffff0d1fffffa05,0,1
2098,2098,0,9008,0,0,1f5d,001c,8029,9008,0,0000127ffffff7ea,0,1
2099,2099,0,9008,0,0,20bc,001c,8380,9008,0,000027abfffff7eb,0,1
2100,2100,0,9008,0,0,21e7,001c,8679,9008,0,fffffc02000004e2,0,1
2101,2101,0,9008,0,0,22aa,001c,8874,9008,0,000013c100001641,0,1
2102,2102,0,9008,0,0,2301,001c,8961,9008,0,00002856ffffe2db,0,1
2103,2103,0,9008,0,0,2322,001c,8994,9008,0,ffffeb41fffff694,0,1
2104,2104,0,9008,0,0,229b,001c,8859,9008,0,ffffcd8d00000466,0,1
2105,2105,0,9008,0,0,218f,001c,8591,9008,0,000040feffffe50d,0,1
2106,2106,0,9008,0,0,204d,001c,8269,9008,0,0000104d000042df,0,1
2107,2107,0,9008,0,0,1f1d,001c,8029,9008,0,fffff1e400003a22,0,1
2108,2108,0,9008,0,0,1fff,001c,8191,9008,0,0000114c00001765,0,1
2109,2109,0,9008,0,0,1dfe,001c,7678,9008,0,ffffc16d00000de6,0,1
2110,2110,0,9008,0,0,1df2,001c,7666,9008,0,000021af00005f03,0,1
2111,2111,0,9008,0,0,1df7,001c,7671,9008,0,ffffe813ffffc681,0,1
2112,2112,0,9008,0,0,1d95,001c,7573,9008,0,000064de0000833f,0,1
2113,2113,0,9008,0,0,1fda,001c,8154,9008,0,00002bf2000624d2,0,1
2114,2114,0,9008,0,0,1eca,001c,7882,9008,0,00005973ffff836b,0,1
2115,2115,0,9008,0,0,2111,001c,8209,9008,0,ffffdd8a00001976,0,1
2116,2116,0,9008,0,0,2139,001c,8505,9008,0,00001d95ffff8f9e,0,1
2117,2117,0,9008,0,0,222a,001c,8746,9008,0,ffffaf7ffffff4ed,0,1
2118,2118,0,9008,0,0,22e5,001c,8933,9008,0,000028acffffdf34,0,1
2119,2119,0,9008,0,0,2350,001c,9040,9008,0,ffffd248ffffb3a7,0,1
2120,2120,0,9008,0,0,22e9,001c,8937,9008,0,00002299ffffc164,0,1
2121,2121,0,9008,0,0,220c,001c,8716,9008,0,000035220000181d,0,1
2122,2122,0,9008,0,0,2103,001c,8451,9008,0,ffffcd81fffff00d,0,1
2123,2123,0,9008,0,0,1fce,001c,8142,9008,0,000002ac000013f5,0,1
2124,2124,0,9008,0,0,1e94,001c,7828,9008,0,000030f700000a13,0,1
2125,2125,0,9008,0,0,1d9e,001c,7582,9008,0,0000121fffffe372,0,1
2126,2126,0,9008,0,0,1ce0,001c,7392,9008,0,fffffe3ffffff7c9,0,1
2127,2127,0,9008,0,0,1cea,001c,7402,9008,0,00001ecffffff83d,0,1
2128,2128,0,9008,0,0,1d4f,001c,7503,9008,0,000007cffffff59c,0,1
2129,2129,0,9008,0,0,1e2e,001c,7726,9008,0,fffffc4cfffffaa3,0,1
2130,2130,0,9008,0,0,1f47,001c,8007,9008,0,00001181fffffc8f,0,1
2131,2131,0,9008,0,0,2091,001c,8337,9008,0,00000cbdfffffe16,0,1
2132,2132,0,9008,0,0,21b1,001c,8625,9008,0,000000d00000031d,0,1
2133,2133,0,9008,0,0,22ad,001c,8877,9008,0,00000b0dffffe2fd,0,1
2134,2134,0,9008,0,0,232d,001c,9005,9008,0,fffffe66ffffe997,0,1
2135,2135,0,9008,0,0,2308,001c,8968,9008,0,fffff42ffffffe19,0,1
2136,2136,0,9008,0,0,2297,001c,8855,9008,0,00000efc00000422,0,1
2137,2137,0,9008,0,0,2191,001c,8593,9008,0,fffff736fffffe1d,0,1
2138,2138,0,9008,0,0,206f,001c,8303,9008,0,fffffb46fffffc45,0,1
2139,2139,0,9008,0,0,1f58,001c,8024,9008,0,fffffc38ffffff68,0,1
2140,2140,0,9008,0,0,1e1e,001c,7710,9008,0,fffffeffffffe93d,0,1
2141,2141,0,9008,0,0,1d35,001c,7477,9008,0,00000534ffffff37,0,1
2142,2142,0,9008,0,0,1ce0,001c,7393,9008,0,fffff7d2fffffdee,0,1
2143,2143,0,9008,0,0,1d8f,001c,7631,9008,0,fffffd1f00000346,0,1
2144,2144,0,9008,0,0,1d9f,001c,7583,9008,0,fffff4260000069c,0,1
2145,2145,0,9008,0,0,1f9e,001c,8094,9008,0,00000a65ffffef62,0,1
2146,2146,0,9008,0,0,1ffb,001c,8187,9008,0,0000030bfffff90b,0,1
2147,2147,0,9008,0,0,1fe5,001c,8165,9008,0,0000001efffff5ae,0,1
2148,2148,0,9008,0,0,2336,001c,9014,9008,0,00000beefffffe0e,0,1
2149,2149,0,9008,0,0,22db,001c,8923,9008,0,fffffb6ffffff7d9,0,1
2150,2150,0,9008,0,0,22d9,001c,8921,9008,0,000000b8fffff7a2,0,1
2151,2151,0,9008,0,0,2362,001c,8994,9008,0,0000002bfffff868,0,1
2152,2152,0,9008,0,0,22f0,001c,8944,9008,0,00000e8cfffff155,0,1
2153,2153,0,9008,0,0,223f,001c,8767,9008,0,0000094cfffffb90,0,1
2154,2154,0,9008,0,0,212a,001c,8490,9008,0,ffffff5effffeebb,0,1
2155,2155,0,9008,0,0,1fec,001c,8172,9008,0,000001b8fffff635,0,1
2156,2156,0,9008,0,0,1ea3,001c,7843,9008,0,ffffff2efffffaed,0,1
2157,2157,0,9008,0,0,1dad,001c,7597,9008,0,000002ddfffff716,0,1
2158,2158,0,9008,0,0,1d27,001c,7463,9008,0,000004a7fffff7a2,0,1
2159,2159,0,9008,0,0,1d00,001c,7424,9008,0,000007f4fffffbd2,0,1
2160,2160,0,9008,0,0,1d24,001c,7460,9008,0,00000388fffffc69,0,1
2161,2161,0,9008,0,0,1de8,001c,7656,9008,0,000003f2fffff3a5,0,1
2162,2162,0,9008,0,0,1f12,001c,7954,9008,0,0000044efffff9cb,0,1
2163,2163,0,9008,0,0,2088,001c,8328,9008,0,00000252000001e0,0,1
2164,2164,0,9008,0,0,21cd,001c,8653,9008,0,00000296000000ef,0,1
2165,2165,0,9008,0,0,2279,001c,8825,9008,0,00000a1dfffffbea,0,1
2166,2166,0,9008,0,0,22f6,001c,8950,9008,0,0000042600000233,0,1
2167,2167,0,9008,0,0,233c,001c,9020,9008,0,000003fefffffad4,0,1
2168,2168,0,9008,0,0,22b4,001c,8884,9008,0,00000b40fffffd50,0,1
2169,2169,0,9008,0,0,21c0,001c,8640,9008,0,0000066f0000000c,0,1
2170,2170,0,9008,0,0,20a6,001c,8358,9008,0,00000129fffffff8,0,1
2171,2171,0,9008,0,0,1f53,001c,8019,9008,0,ffffffc0000000a3,0,1
2172,2172,0,9008,0,0,1e1a,001c,7706,9008,0,00000906fffffaf1,0,1
2173,2173,0,9008,0,0,1d66,001c,7526,9008,0,00000a07000001c9,0,1
2174,2174,0,9008,0,0,1ceb,001c,7403,9008,0,000002edfffff7cd,0,1
2175,2175,0,9008,0,0,1cfa,001c,7418,9008,0,000005e1fffffe1e,0,1
2176,2176,0,9008,0,0,1d53,001c,7507,9008,0,fffffe6e00000340,0,1
2177,2177,0,9008,0,0,1e63,001c,7779,9008,0,00000124fffffaec,0,1
2178,2178,0,9008,0,0,1ff3,001c,8179,9008,0,0000027c00000225,0,1
2179,2179,0,9008,0,0,2f8f,001c,16351,9008,0,0000079c00000304,0,1
2180,2180,0,9008,0,0,230f,001c,8975,9008,0,0000058500000211,0,1
2181,2181,0,9008,0,0,22be,001c,8894,9008,0,fffffe95fffff8aa,0,1
2182,2182,0,9008,0,0,23be,001c,9150,9008,0,00000432fffffd58,0,1
2183,2183,0,9008,0,0,230c,001c,8972,9008,0,fffff8c7fffffd5d,0,1
2184,2184,0,9008,0,0,2359,001c,9049,9008,0,00000178fffffd73,0,1
2185,2185,0,9008,0,0,2359,001c,9049,9008,0,000005bd00000328,0,1
2186,2186,0,9008,0,0,2132,001c,8498,9008,0,0000043efffffb2c,0,1
2187,2187,0,9008,0,0,2011,001c,8209,9008,0,000000defffffffc,0,1
2188,2188,0,9008,0,0,1ec8,001c,7880,9008,0,00000008fffff9ef,0,1
2189,2189,0,9008,0,0,1dc2,001c,7618,9008,0,000005a0fffffe89,0,1
2190,2190,0,9008,0,0,1d23,001c,7459,9008,0,fffffe26fffffd62,0,1
2191,2191,0,9008,0,0,1cc5,001c,7365,9008,0,ffffff94fffffef7,0,1
2192,2192,0,9008,0,0,1d26,001c,7462,9008,0,0000014900000009,0,1
2193,2193,0,9008,0,0,1e26,001c,7718,9008,0,00000618fffffdd0,0,1
2194,2194,0,9008,0,0,1f1a,001c,7962,9008,0,00000591fffffaa2,0,1
2195,2195,0,9008,0,0,201a,001c,8218,9008,0,00000497fffff60e,0,1
2196,2196,0,9008,0,0,215f,001c,8543,9008,0,000002f8ffffff33,0,1
2197,2197,0,9008,0,0,2272,001c,8818,9008,0,000000b6fffffbe8,0,1
2198,2198,0,9008,0,0,230b,001c,8971,9008,0,000001c9fffff7b8,0,1
2199,2199,0,9008,0,0,2302,001c,8962,9008,0,000000e6fffff89b,0,1
2200,2200,0,9008,0,0,22c8,001c,8904,9008,0,000007aeffffffa2,0,1
2201,2201,0,9008,0,0,21fd,001c,8701,9008,0,000003aafffffada,0,1
2202,2202,0,9008,0,0,20bf,001c,8383,9008,0,00000713fffff665,0,1
2203,2203,0,9008,0,0,1f76,001c,8054,9008,0,000000f7fffffde9,0,1
2204,2204,0,9008,0,0,1e31,001c,7729,9008,0,0000011ffffff84a,0,1
2205,2205,0,9008,0,0,1d4f,001c,7503,9008,0,00000138000001ac,0,1
2206,2206,0,9008,0,0,1ce7,001c,7399,9008,0,000007befffffbbf,0,1
2207,2207,0,9008,0,0,1d0c,001c,7436,9008,0,0000076afffffe60,0,1
2208,2208,0,9008,0,0,1d6c,001c,7532,9008,0,ffffffa500000272,0,1
2209,2209,0,9008,0,0,1e58,001c,7768,9008,0,000006d0fffffe81,0,1
2210,2210,0,9008,0,0,1f7b,001c,8059,9008,0,00000195fffffd60,0,1
2211,2211,0,9008,0,0,20c2,001c,8386,9008,0,0000038dfffffd02,0,1
2212,2212,0,9008,0,0,21f0,001c,8688,9008,0,000007dd00000448,0,1
2213,2213,0,9008,0,0,22cf,001c,8943,9008,0,00000174fffffd26,0,1
2214,2214,0,9008,0,0,232d,001c,9135,9008,0,00000463000002db,0,1
2215,2215,0,9008,0,0,22f7,001c,9207,9008,0,ffffffedfffffd52,0,1
2216,2216,0,9008,0,0,22fe,001c,8958,9008,0,0000020cfffffb45,0,1
2217,2217,0,9008,0,0,23ef,001c,9199,9008,0,fffffe4affffffcf,0,1
2218,2218,0,9008,0,0,219f,001c,8607,9008,0,0000032d00000084,0,1
2219,2219,0,9008,0,0,2ed9,001c,11993,9008,0,fffffd1e000003ce,0,1
2220,2220,0,9008,0,0,1ef5,001c,7925,9008,0,ffffff01000001fd,0,1
2221,2221,0,9008,0,0,1ddb,001c,7643,9008,0,0000037800000376,0,1
2222,2222,0,9008,0,0,1ddf,001c,7515,9008,0,fffffef0fffff933,0,1
2223,2223,0,9008,0,0,1cdd,001c,7389,9008,0,fffffe7afffffc93,0,1
2224,2224,0,9008,0,0,1d0b,001c,7435,9008,0,ffffffed000000fd,0,1
2225,2225,0,9008,0,0,1dcd,001c,7629,9008,0,ffffff5efffffabf,0,1
2226,2226,0,9008,0,0,1efb,001c,7931,9008,0,fffffec2ffffffc6,0,1
2227,2227,0,9008,0,0,201f,001c,8223,9008,0,0000042200000076,0,1
2228,2228,0,9008,0,0,2158,001c,8536,9008,0,ffffff07fffffac2,0,1
2229,2229,0,9008,0,0,227d,001c,8829,9008,0,fffff970fffffe0d,0,1
2230,2230,0,9008,0,0,22f5,001c,8949,9008,0,000006f2ffffff79,0,1
2231,2231,0,9008,0,0,2327,001c,8999,9008,0,00000063fffffbd6,0,1
2232,2232,0,9008,0,0,22be,001c,8894,9008,0,000000c1fffffcc6,0,1
2233,2233,0,9008,0,0,21fd,001c,8701,9008,0,00000373fffffbe6,0,1
2234,2234,0,9008,0,0,2111,001c,8465,9008,0,00000442fffffc9f,0,1
2235,2235,0,9008,0,0,1f7d,001c,8061,9008,0,00000287ffffff42,0,1
2236,2236,0,9008,0,0,1e54,001c,7764,9008,0,000004cffffffed6,0,1
2237,2237,0,9008,0,0,1da0,001c,7584,9008,0,fffffd2100000201,0,1
2238,2238,0,9008,0,0,1cbe,001c,7358,9008,0,fffff90cfffffe43,0,1
2239,2239,0,9008,0,0,1cd7,001c,7383,9008,0,00000b49fffffc26,0,1
2240,2240,0,9008,0,0,1d85,001c,7557,9008,0,000001b8fffff966,0,1
2241,2241,0,9008,0,0,1e3e,001c,7742,9008,0,00000c19fffff927,0,1
2242,2242,0,9008,0,0,1f3b,001c,7995,9008,0,fffffb5600000177,0,1
2243,2243,0,9008,0,0,20ab,001c,8363,9008,0,000006bb000001d3,0,1
2244,2244,0,9008,0,0,21f9,001c,8697,9008,0,0000011a00000368,0,1
2245,2245,0,9008,0,0,22bf,001c,8895,9008,0,000004080000027e,0,1
2246,2246,0,9008,0,0,2303,001c,8963,9008,0,ffffff27000001ab,0,1
2247,2247,0,9008,0,0,22f9,001c,8953,9008,0,fffffe7bfffffdd3,0,1
2248,2248,0,9008,0,0,228c,001c,8844,9008,0,00000267fffffebd,0,1
2249,2249,0,9008,0,0,21a5,001c,8621,9008,0,0000029cfffffd42,0,1
2250,2250,0,9008,0,0,2062,001c,8419,9008,0,000006dafffffd26,0,1
2251,2251,0,9008,0,0,1f22,001c,16226,9008,0,0000009ffffffe3a,0,1
2252,2252,0,9008,0,0,1fdb,001c,8155,9008,0,fffffef9fffffc12,0,1
2253,2253,0,9008,0,0,1ddb,001c,7643,9008,0,000002160000032f,0,1
2254,2254,0,9008,0,0,1def,001c,7663,9008,0,0000039bfffffa5a,0,1
2255,2255,0,9008,0,0,1def,001c,7663,9008,0,0000076cfffff82e,0,1
2256,2256,0,9008,0,0,1dbf,001c,7615,9008,0,fffffacc000004f4,0,1
2257,2257,0,9008,0,0,1fbd,001c,7613,9008,0,0000048cffffff18,0,1
2258,2258,0,9008,0,0,1ea1,001c,7841,9008,0,fffffff000000337,0,1
2259,2259,0,9008,0,0,2005,001c,8197,9008,0,0000071800000084,0,1
2260,2260,0,9008,0,0,214a,001c,8522,9008,0,fffffdc2fffffe63,0,1
2261,2261,0,9008,0,0,2265,001c,8805,9008,0,0000004f00000964,0,1
2262,2262,0,9008,0,0,2305,001c,8965,9008,0,fffff92ffffffbc8,0,1
2263,2263,0,9008,0,0,2311,001c,8977,9008,0,ffffff40fffff52c,0,1
2264,2264,0,9008,0,0,22cc,001c,8908,9008,0,000003f10000033a,0,1
2265,2265,0,9008,0,0,222b,001c,8747,9008,0,0000015cfffffe96,0,1
2266,2266,0,9008,0,0,2112,001c,8466,9008,0,000001d700000271,0,1
2267,2267,0,9008,0,0,1fc4,001c,8132,9008,0,0000018700000326,0,1
2268,2268,0,9008,0,0,1e7f,001c,7807,9008,0,fffffd680000056d,0,1
2269,2269,0,9008,0,0,1d5e,001c,7518,9008,0,000001ea000001b1,0,1
2270,2270,0,9008,0,0,1cff,001c,7423,9008,0,fffffda0fffffda0,0,1
2271,2271,0,9008,0,0,1d07,001c,7431,9008,0,ffffffc4ffffff8a,0,1
2272,2272,0,9008,0,0,1d45,001c,7493,9008,0,ffffff0c000000a4,0,1
2273,2273,0,9008,0,0,1e14,001c,7700,9008,0,00000130fffffb39,0,1
2274,2274,0,9008,0,0,1f55,001c,8021,9008,0,ffffff960000010c,0,1
2275,2275,0,9008,0,0,208d,001c,8333,9008,0,00000442fffffd9f,0,1
2276,2276,0,9008,0,0,21c1,001c,8641,9008,0,0000041dfffffdcf,0,1
2277,2277,0,9008,0,0,2285,001c,8837,9008,0,00000412fffffced,0,1
2278,2278,0,9008,0,0,2327,001c,8999,9008,0,00000279fffffd75,0,1
2279,2279,0,9008,0,0,2329,001c,9001,9008,0,ffffff28fffffdb9,0,1
2280,2280,0,9008,0,0,2279,001c,8825,9008,0,fffffe9e00000207,0,1
2281,2281,0,9008,0,0,2199,001c,8601,9008,0,fffffe3bffffff77,0,1
2282,2282,0,9008,0,0,2070,001c,8304,9008,0,000003e7fffffebd,0,1
2283,2283,0,9008,0,0,1f3f,001c,7999,9008,0,0000049e000000ac,0,1
2284,2284,0,9008,0,0,1e0b,001c,7723,9008,0,00000172fffffba7,0,1
2285,2285,0,9008,0,0,1d1e,001c,7454,9008,0,000003d4fffffd96,0,1
2286,2286,0,9008,0,0,1cef,001c,7679,9008,0,fffffbc2fffffd5f,0,1
2287,2287,0,9008,0,0,1dbd,001c,7677,9008,0,000002a8ffffff3f,0,1
2288,2288,0,9008,0,0,1db9,001c,7609,9008,0,00000355000004a6,0,1
2289,2289,0,9008,0,0,1fb9,001c,8121,9008,0,000003a8fffffe55,0,1
2290,2290,0,9008,0,0,1fff,001c,8189,9008,0,0000013b000000c3,0,1
2291,2291,0,9008,0,0,1fc6,001c,8134,9008,0,ffffffcdfffff90e,0,1
2292,2292,0,9008,0,0,2338,001c,8472,9008,0,000001e0fffffd66,0,1
2293,2293,0,9008,0,0,2331,001c,9009,9008,0,fffffc17ffffff86,0,1
2294,2294,0,9008,0,0,2351,001c,8977,9008,0,fffffe89000002ef,0,1
2295,2295,0,9008,0,0,2343,001c,9027,9008,0,fffffdcd00000118,0,1
2296,2296,0,9008,0,0,22d4,001c,8916,9008,0,0000026dfffffe40,0,1
2297,2297,0,9008,0,0,221a,001c,8730,9008,0,000000ae00000006,0,1
2298,2298,0,9008,0,0,2123,001c,8483,9008,0,000001e0ffffffe6,0,1
2299,2299,0,9008,0,0,1fe7,001c,8167,9008,0,ffffff93fffffe56,0,1
2300,2300,0,9008,0,0,1eac,001c,7852,9008,0,000002d1000000b8,0,1
2301,2301,0,9008,0,0,1db5,001c,7605,9008,0,00000468fffffd52,0,1
2302,2302,0,9008,0,0,1cd0,001c,7376,9008,0,0000009d00000244,0,1
2303,2303,0,9008,0,0,1cbe,001c,7358,9008,0,0000057afffffe17,0,1
2304,2304,0,9008,0,0,1d55,001c,7509,9008,0,0000082d000000dd,0,1
2305,2305,0,9008,0,0,1e1c,001c,7708,9008,0,0000052dfffffa48,0,1
2306,2306,0,9008,0,0,1f21,001c,7969,9008,0,fffffe48fffffdfe,0,1
2307,2307,0,9008,0,0,2051,001c,8273,9008,0,fffffbc5fffffbf2,0,1
2308,2308,0,9008,0,0,2199,001c,8601,9008,0,000000f7fffffd98,0,1
2309,2309,0,9008,0,0,22b7,001c,8887,9008,0,00000215ffffff8d,0,1
2310,2310,0,9008,0,0,2329,001c,9001,9008,0,000000ab000001a7,0,1
2311,2311,0,9008,0,0,2303,001c,8963,9008,0,00000018fffffd10,0,1
2312,2312,0,9008,0,0,227b,001c,8827,9008,0,0000022effffff6f,0,1
2313,2313,0,9008,0,0,21bd,001c,8637,9008,0,ffffffbaffffffc3,0,1
2314,2314,0,9008,0,0,20b8,001c,8376,9008,0,fffffde0ffffffd9,0,1
2315,2315,0,9008,0,0,1f54,001c,8020,9008,0,000002060000024c,0,1
2316,2316,0,9008,0,0,1e14,001c,7700,9008,0,0000030500000618,0,1
2317,2317,0,9008,0,0,1d50,001c,7504,9008,0,0000033bfffffc2f,0,1
2318,2318,0,9008,0,0,1cd0,001c,7376,9008,0,000001d9fffffc93,0,1
2319,2319,0,9008,0,0,1cf9,001c,7417,9008,0,00000197fffffc29,0,1
2320,2320,0,9008,0,0,1d9a,001c,7610,9008,0,fffffbd4fffffe45,0,1
2321,2321,0,9008,0,0,1e7c,001c,7934,9008,0,00000303fffffc23,0,1
2322,2322,0,9008,0,0,1fba,001c,8190,9008,0,fffff9cdfffffbfd,0,1
2323,2323,0,9008,0,0,3fff,001c,16383,9008,0,00000141fffffe83,0,1
2324,2324,0,9008,0,0,22ff,001c,8959,9008,0,000001da000001b0,0,1
2325,2325,0,9008,0,0,22b6,001c,8886,9008,0,000000f7fffffdad,0,1
2326,2326,0,9008,0,0,23fe,001c,9214,9008,0,000002d1fffffdf8,0,1
2327,2327,0,9008,0,0,23fb,001c,9211,9008,0,fffffdb2fffff80e,0,1
2328,2328,0,9008,0,0,22e3,001c,8931,9008,0,fffffd38ffffff7e,0,1
2329,2329,0,9008,0,0,2326,001c,8998,9008,0,fffffe67fffffd91,0,1
2330,2330,0,9008,0,0,2124,001c,8484,9008,0,0000073dffffff47,0,1
2331,2331,0,9008,0,0,1ff1,001c,8177,9008,0,0000010cffffffcc,0,1
2332,2332,0,9008,0,0,1eaa,001c,7850,9008,0,ffffff34fffffe76,0,1
2333,2333,0,9008,0,0,1db6,001c,7606,9008,0,fffffffcffffffd2,0,1
2334,2334,0,9008,0,0,1d12,001c,7442,9008,0,ffffffb6ffffff8c,0,1
2335,2335,0,9008,0,0,1cda,001c,7386,9008,0,fffffdedfffffdd0,0,1
2336,2336,0,9008,0,0,1d0b,001c,7435,9008,0,0000012d0000029c,0,1
2337,2337,0,9008,0,0,1e01,001c,7681,9008,0,fffffd27fffffdfa,0,1
2338,2338,0,9008,0,0,1f20,001c,7968,9008,0,fffffd2afffffddd,0,1
2339,2339,0,9008,0,0,2043,001c,8259,9008,0,0000002b00000029,0,1
2340,2340,0,9008,0,0,2182,001c,8578,9008,0,fffffe60fffffda5,0,1
2341,2341,0,9008,0,0,2291,001c,8849,9008,0,fffffbadfffffd98,0,1
2342,2342,0,9008,0,0,2315,001c,8981,9008,0,ffffff8600000026,0,1
2343,2343,0,9008,0,0,231d,001c,8989,9008,0,fffffc22fffffd91,0,1
2344,2344,0,9008,0,0,2291,001c,8849,9008,0,fffffff60000038d,0,1
2345,2345,0,9008,0,0,21c7,001c,8647,9008,0,ffffff8c000000fa,0,1
2346,2346,0,9008,0,0,20df,001c,8415,9008,0,000000ea000000a2,0,1
2347,2347,0,9008,0,0,1f6a,001c,8042,9008,0,ffffff9cfffffee5,0,1
2348,2348,0,9008,0,0,1e32,001c,7730,9008,0,ffffff3afffff87e,0,1
2349,2349,0,9008,0,0,1d5c,001c,7516,9008,0,fffffb88fffffe4e,0,1
2350,2350,0,9008,0,0,1ce8,001c,7400,9008,0,00000352fffff91b,0,1
2351,2351,0,9008,0,0,1cf5,001c,7413,9008,0,0000027c000000d4,0,1
2352,2352,0,9008,0,0,1d60,001c,7520,9008,0,ffffffe1fffffb2a,0,1
2353,2353,0,9008,0,0,1e82,001c,7810,9008,0,000002c0fffff9e4,0,1
2354,2354,0,9008,0,0,1fb8,001c,8120,9008,0,fffffdc1fffffd3e,0,1
2355,2355,0,9008,0,0,20bf,001c,8383,9008,0,ffffff92fffffc94,0,1
2356,2356,0,9008,0,0,21fe,001c,8702,9008,0,0000017efffffeae,0,1
2357,2357,0,9008,0,0,22fe,001c,8958,9008,0,ffffff7efffff9c8,0,1
2358,2358,0,9008,0,0,23af,001c,9215,9008,0,00000163000000fc,0,1
2359,2359,0,9008,0,0,232f,001c,9007,9008,0,000002bbfffffa16,0,1
2360,2360,0,9008,0,0,235f,001c,9055,9008,0,0000029ffffffb9e,0,1
2361,2361,0,9008,0,0,235e,001c,9054,9008,0,fffffc1cffffff41,0,1
2362,2362,0,9008,0,0,2176,001c,8566,9008,0,000000d4ffffff92,0,1
2363,2363,0,9008,0,0,2034,001c,8244,9008,0,ffffff5d00000097,0,1
2364,2364,0,9008,0,0,1ec9,001c,7881,9008,0,0000036bfffffe88,0,1
2365,2365,0,9008,0,0,1dd3,001c,7634,9008,0,000003c6fffffcd3,0,1
2366,2366,0,9008,0,0,1d13,001c,7443,9008,0,fffffe9fffffff9d,0,1
2367,2367,0,9008,0,0,1ca9,001c,7337,9008,0,00000037fffff917,0,1
2368,2368,0,9008,0,0,1d24,001c,7460,9008,0,fffffffbfffffd4a,0,1
2369,2369,0,9008,0,0,1ddb,001c,7643,9008,0,000000a3fffffdc5,0,1
2370,2370,0,9008,0,0,1efa,001c,7930,9008,0,fffffcadfffffe7f,0,1
2371,2371,0,9008,0,0,2044,001c,8260,9008,0,ffffffdc00000254,0,1
2372,2372,0,9008,0,0,2142,001c,8514,9008,0,000000db00000044,0,1
2373,2373,0,9008,0,0,225b,001c,8795,9008,0,fffffc9efffffeba,0,1
2374,2374,0,9008,0,0,230e,001c,8974,9008,0,0000005dfffffd33,0,1
2375,2375,0,9008,0,0,2340,001c,9024,9008,0,00000052fffffc15,0,1
2376,2376,0,9008,0,0,22d9,001c,8921,9008,0,fffffe4bffffff4a,0,1
2377,2377,0,9008,0,0,21f6,001c,8694,9008,0,ffffff6a00000061,0,1
2378,2378,0,9008,0,0,20bf,001c,8383,9008,0,00000272fffffffe,0,1
2379,2379,0,9008,0,0,1f9b,001c,8091,9008,0,fffffbecfffffd19,0,1
2380,2380,0,9008,0,0,1e7f,001c,7807,9008,0,000000690000006b,0,1
2381,2381,0,9008,0,0,1d71,001c,7537,9008,0,ffffffd2fffffa81,0,1
2382,2382,0,9008,0,0,1cc3,001c,7363,9008,0,fffffe06fffffbec,0,1
2383,2383,0,9008,0,0,1ce4,001c,7396,9008,0,0000004cfffffe0a,0,1
2384,2384,0,9008,0,0,1d8c,001c,7564,9008,0,00000081fffffc2e,0,1
2385,2385,0,9008,0,0,1e40,001c,7744,9008,0,000000a9ffffff74,0,1
2386,2386,0,9008,0,0,1f5d,001c,8029,9008,0,fffffe0700000125,0,1
2387,2387,0,9008,0,0,20e2,001c,8418,9008,0,000001c2fffffced,0,1
2388,2388,0,9008,0,0,21e3,001c,8675,9008,0,00000143fffff95c,0,1
2389,2389,0,9008,0,0,22b1,001c,8881,9008,0,00000049fffffda9,0,1
2390,2390,0,9008,0,0,2338,001c,9016,9008,0,000001fefffffea9,0,1
2391,2391,0,9008,0,0,2312,001c,8978,9008,0,fffffdb4fffffcb8,0,1
2392,2392,0,9008,0,0,227a,001c,8826,9008,0,fffffde0fffffe00,0,1
2393,2393,0,9008,0,0,2168,001c,9066,9008,0,00000062fffffc99,0,1
2394,2394,0,9008,0,0,2068,001c,8552,9008,0,fffffe81fffffcf4,0,1
2395,2395,0,9008,0,0,3f68,001c,16232,9008,0,ffffff510000000f,0,1
2396,2396,0,9008,0,0,1ff8,001c,8184,9008,0,000001b4fffffee0,0,1
2397,2397,0,9008,0,0,1dd9,001c,7641,9008,0,fffffe1600000361,0,1
2398,2398,0,9008,0,0,1dd9,001c,7641,9008,0,00000136fffffcd4,0,1
2399,2399,0,9008,0,0,1dd7,001c,7639,9008,0,0000024afffffc0b,0,1
2400,2400,0,9008,0,0,1dd7,001c,7639,9008,0,ffffffdbfffffc25,0,1
2401,2401,0,9008,0,0,1fd2,001c,7618,9008,0,0000020ffffffb6e,0,1
2402,2402,0,9008,0,0,1ed8,001c,7896,9008,0,fffffffbfffffbdf,0,1
2403,2403,0,9008,0,0,2009,001c,8201,9008,0,ffffff4dfffffb41,0,1
2404,2404,0,9008,0,0,2148,001c,8520,9008,0,000001d900000049,0,1
2405,2405,0,9008,0,0,2245,001c,8773,9008,0,00000108fffffde6,0,1
2406,2406,0,9008,0,0,22f6,001c,8950,9008,0,fffffe37fffffecd,0,1
2407,2407,0,9008,0,0,2339,001c,9017,9008,0,000002b3fffffe22,0,1
2408,2408,0,9008,0,0,22cb,001c,8907,9008,0,00000272fffffa99,0,1
2409,2409,0,9008,0,0,21ff,001c,8703,9008,0,000001a3fffffc13,0,1
2410,2410,0,9008,0,0,2116,001c,8470,9008,0,00000306fffffe7d,0,1
2411,2411,0,9008,0,0,1fce,001c,8142,9008,0,000001a000000119,0,1
2412,2412,0,9008,0,0,1e60,001c,7776,9008,0,000001a100000124,0,1
2413,2413,0,9008,0,0,1d7f,001c,7551,9008,0,fffffff6fffffd9f,0,1
2414,2414,0,9008,0,0,1d03,001c,7427,9008,0,000004cffffff908,0,1
2415,2415,0,9008,0,0,1ce6,001c,7398,9008,0,ffffffc8fffffde0,0,1
2416,2416,0,9008,0,0,1d66,001c,7526,9008,0,ffffffc5fffffe74,0,1
2417,2417,0,9008,0,0,1e25,001c,7717,9008,0,ffffff00fffffd3d,0,1
2418,2418,0,9008,0,0,1f41,001c,8001,9008,0,fffffc9500000200,0,1
2419,2419,0,9008,0,0,20b2,001c,8370,9008,0,fffffc5200000106,0,1
2420,2420,0,9008,0,0,2204,001c,8708,9008,0,fffffde7fffffd92,0,1
2421,2421,0,9008,0,0,2292,001c,8850,9008,0,0000024affffffc5,0,1
2422,2422,0,9008,0,0,22f9,001c,8953,9008,0,000001fc000002f5,0,1
2423,2423,0,9008,0,0,2319,001c,8985,9008,0,0000033300000393,0,1
2424,2424,0,9008,0,0,22ab,001c,8875,9008,0,00000341fffffd07,0,1
2425,2425,0,9008,0,0,2189,001c,8585,9008,0,000000fffffffb4e,0,1
2426,2426,0,9008,0,0,2063,001c,8291,9008,0,000003c0fffffb67,0,1
2427,2427,0,9008,0,0,1f1d,001c,7997,9008,0,00000569000001a2,0,1
2428,2428,0,9008,0,0,1dea,001c,8171,9008,0,00000453fffff85e,0,1
2429,2429,0,9008,0,0,1d3a,001c,7674,9008,0,00000192ffffff2c,0,1
2430,2430,0,9008,0,0,1dfd,001c,7677,9008,0,fffffcfdfffffd53,0,1
2431,2431,0,9008,0,0,1ded,001c,7661,9008,0,fffffb0afffffe7d,0,1
2432,2432,0,9008,0,0,1da0,001c,7584,9008,0,fffffacb000003cd,0,1
2433,2433,0,9008,0,0,1fa7,001c,8103,9008,0,00000334000002fe,0,1
2434,2434,0,9008,0,0,1ff7,001c,8183,9008,0,000001a6ffffff9f,0,1
2435,2435,0,9008,0,0,1ff3,001c,8179,9008,0,000003a0fffffe88,0,1
2436,2436,0,9008,0,0,232f,001c,8495,9008,0,0000041ffffffee5,0,1
2437,2437,0,9008,0,0,22f7,001c,8743,9008,0,fffffe81fffffc3c,0,1
2438,2438,0,9008,0,0,22f2,001c,8946,9008,0,0000028bfffffccb,0,1
2439,2439,0,9008,0,0,2335,001c,9013,9008,0,fffffe1dfffffc85,0,1
2440,2440,0,9008,0,0,22fa,001c,8954,9008,0,0000033effffff6b,0,1
2441,2441,0,9008,0,0,221d,001c,8733,9008,0,0000020efffffc8f,0,1
2442,2442,0,9008,0,0,20fc,001c,8444,9008,0,00000196fffffd7e,0,1
2443,2443,0,9008,0,0,1fdd,001c,8157,9008,0,0000004bfffffd5d,0,1
2444,2444,0,9008,0,0,1eaf,001c,7855,9008,0,00000177000000e4,0,1
2445,2445,0,9008,0,0,1d96,001c,7574,9008,0,fffffc61fffffeba,0,1
2446,2446,0,9008,0,0,1cf9,001c,7417,9008,0,00000089fffffe1d,0,1
2447,2447,0,9008,0,0,1cce,001c,7374,9008,0,00000125ffffff7a,0,1
2448,2448,0,9008,0,0,1d4e,001c,7502,9008,0,00000361fffffd9f,0,1
2449,2449,0,9008,0,0,1e45,001c,7749,9008,0,0000037400000016,0,1
2450,2450,0,9008,0,0,1f42,001c,8002,9008,0,00000184fffffcdd,0,1
2451,2451,0,9008,0,0,2067,001c,8295,9008,0,0000004effffff49,0,1
2452,2452,0,9008,0,0,21b0,001c,8624,9008,0,fffffdc6fffffe69,0,1
2453,2453,0,9008,0,0,229a,001c,8858,9008,0,000003a7fffffca3,0,1
2454,2454,0,9008,0,0,2336,001c,9014,9008,0,00000332000001a3,0,1
2455,2455,0,9008,0,0,2316,001c,8982,9008,0,0000023afffffe17,0,1
2456,2456,0,9008,0,0,227f,001c,8831,9008,0,0000032d00000153,0,1
2457,2457,0,9008,0,0,21b9,001c,8633,9008,0,fffffe8effffff2e,0,1
2458,2458,0,9008,0,0,20b5,001c,8373,9008,0,00000233ffffffff,0,1
2459,2459,0,9008,0,0,1f31,001c,7985,9008,0,fffffe47fffffeb7,0,1
2460,2460,0,9008,0,0,1dda,001c,7642,9008,0,000003fbfffffdf0,0,1
2461,2461,0,9008,0,0,1d19,001c,7449,9008,0,000003570000008f,0,1
2462,2462,0,9008,0,0,1cdb,001c,7387,9008,0,000000fafffffcb1,0,1
2463,2463,0,9008,0,0,1cfd,001c,7421,9008,0,00000287ffffff61,0,1
2464,2464,0,9008,0,0,1dab,001c,7595,9008,0,ffffff58000000af,0,1
2465,2465,0,9008,0,0,1e9a,001c,8091,9008,0,0000008f0000008c,0,1
2466,2466,0,9008,0,0,1fd8,001c,8152,9008,0,00000025ffffff5e,0,1
2467,2467,0,9008,0,0,3ffc,001c,16380,9008,0,0000029600000005,0,1
2468,2468,0,9008,0,0,22fe,001c,8958,9008,0,00000190000001ef,0,1
2469,2469,0,9008,0,0,22ff,001c,8959,9008,0,000002befffffe8e,0,1
2470,2470,0,9008,0,0,23ed,001c,9197,9008,0,0000026dfffffe9b,0,1
2471,2471,0,9008,0,0,23ef,001c,9199,9008,0,000000f1fffffe20,0,1
2472,2472,0,9008,0,0,22df,001c,8911,9008,0,0000014bfffffdd8,0,1
2473,2473,0,9008,0,0,2276,001c,8758,9008,0,ffffffe5fffffff8,0,1
2474,2474,0,9008,0,0,2144,001c,8516,9008,0,0000015c0000014d,0,1
2475,2475,0,9008,0,0,1ff3,001c,8179,9008,0,ffffffffffffff41,0,1
2476,2476,0,9008,0,0,1eac,001c,7852,9008,0,00000202fffffe1e,0,1
2477,2477,0,9008,0,0,1db1,001c,7601,9008,0,ffffff26fffffe0a,0,1
2478,2478,0,9008,0,0,1cee,001c,7406,9008,0,ffffff06fffffe3d,0,1
2479,2479,0,9008,0,0,1cc8,001c,7368,9008,0,fffffffefffffdfb,0,1
2480,2480,0,9008,0,0,1d4c,001c,7500,9008,0,fffffe44fffffe9a,0,1
2481,2481,0,9008,0,0,1e17,001c,7703,9008,0,0000043c000001cd,0,1
2482,2482,0,9008,0,0,1f12,001c,7954,9008,0,0000013ffffffd3f,0,1
2483,2483,0,9008,0,0,2044,001c,8260,9008,0,000002a5fffffedd,0,1
2484,2484,0,9008,0,0,218d,001c,8589,9008,0,ffffffdafffffc13,0,1
2485,2485,0,9008,0,0,228d,001c,8845,9008,0,000003dafffff9cf,0,1
2486,2486,0,9008,0,0,2315,001c,8981,9008,0,0000016f00000070,0,1
2487,2487,0,9008,0,0,2315,001c,8981,9008,0,00000389fffffcf4,0,1
2488,2488,0,9008,0,0,229c,001c,8860,9008,0,0000020d000002dc,0,1
2489,2489,0,9008,0,0,21c6,001c,8646,9008,0,0000008fffffff7a,0,1
2490,2490,0,9008,0,0,20c0,001c,8384,9008,0,0000046efffffeed,0,1
2491,2491,0,9008,0,0,1f70,001c,8048,9008,0,000000a3fffffe3a,0,1
2492,2492,0,9008,0,0,1e31,001c,7729,9008,0,000002d2fffffdf3,0,1
2493,2493,0,9008,0,0,1d47,001c,7495,9008,0,0000015500000069,0,1
2494,2494,0,9008,0,0,1cbc,001c,7356,9008,0,000002cdfffffed0,0,1
2495,2495,0,9008,0,0,1ce6,001c,7398,9008,0,000000f600000301,0,1
2496,2496,0,9008,0,0,1d97,001c,7575,9008,0,000003c1fffffdf3,0,1
2497,2497,0,9008,0,0,1e86,001c,7814,9008,0,000003dbffffffd9,0,1
2498,2498,0,9008,0,0,1f92,001c,8082,9008,0,0000007b0000010c,0,1
2499,2499,0,9008,0,0,20d2,001c,8402,9008,0,0000005cfffffe1e,0,1
2500,2500,0,9008,0,0,21f8,001c,8698,9008,0,ffffff25fffffdf3,0,1
2501,2501,0,9008,0,0,22ea,001c,9210,9008,0,00000175ffffffeb,0,1
2502,2502,0,9008,0,0,23bf,001c,9215,9008,0,000002a3000000e9,0,1
2503,2503,0,9008,0,0,23ff,001c,9215,9008,0,00000160fffffe84,0,1
2504,2504,0,9008,0,0,22ff,001c,8959,9008,0,fffffed9ffffff31,0,1
2505,2505,0,9008,0,0,237b,001c,9051,9008,0,000000b7fffffee7,0,1
2506,2506,0,9008,0,0,217b,001c,8571,9008,0,000000fefffffe12,0,1
2507,2507,0,9008,0,0,201b,001c,8219,9008,0,ffffffd200000131,0,1
2508,2508,0,9008,0,0,1ec8,001c,7880,9008,0,000000a6ffffffcb,0,1
2509,2509,0,9008,0,0,1dbe,001c,7614,9008,0,ffffff8effffffc9,0,1
2510,2510,0,9008,0,0,1d0b,001c,7435,9008,0,00000086fffffe1d,0,1
2511,2511,0,9008,0,0,1cd5,001c,7381,9008,0,0000017bfffffd57,0,1
2512,2512,0,9008,0,0,1d28,001c,7464,9008,0,00000129fffffc13,0,1
2513,2513,0,9008,0,0,1e0b,001c,7691,9008,0,000001aeffffffda,0,1
2514,2514,0,9008,0,0,1efb,001c,7931,9008,0,0000015700000052,0,1
2515,2515,0,9008,0,0,2014,001c,8212,9008,0,fffffedd000002eb,0,1
2516,2516,0,9008,0,0,215c,001c,8540,9008,0,00000015ffffffea,0,1
2517,2517,0,9008,0,0,2298,001c,8856,9008,0,00000320fffffe3f,0,1
2518,2518,0,9008,0,0,231c,001c,8988,9008,0,ffffff2dfffffda6,0,1
2519,2519,0,9008,0,0,2323,001c,8995,9008,0,00000384fffffd28,0,1
2520,2520,0,9008,0,0,22c2,001c,8898,9008,0,0000017c00000127,0,1
2521,2521,0,9008,0,0,21e5,001c,8677,9008,0,00000004ffffff8c,0,1
2522,2522,0,9008,0,0,20ac,001c,8364,9008,0,0000006400000354,0,1
2523,2523,0,9008,0,0,1f7e,001c,8062,9008,0,fffffffdffffffd8,0,1
2524,2524,0,9008,0,0,1e76,001c,7798,9008,0,0000034cfffffe33,0,1
2525,2525,0,9008,0,0,1d7c,001c,7548,9008,0,00000055ffffff2a,0,1
2526,2526,0,9008,0,0,1cd0,001c,7376,9008,0,00000279fffffc93,0,1
2527,2527,0,9008,0,0,1cd3,001c,7379,9008,0,ffffff23ffffffb5,0,1
2528,2528,0,9008,0,0,1d56,001c,7510,9008,0,ffffff7fffffff55,0,1
2529,2529,0,9008,0,0,1e79,001c,7801,9008,0,000002130000037c,0,1
2530,2530,0,9008,0,0,1f7c,001c,8060,9008,0,ffffff8500000113,0,1
2531,2531,0,9008,0,0,20c4,001c,8388,9008,0,000001e2fffffff1,0,1
2532,2532,0,9008,0,0,21d2,001c,8658,9008,0,0000003afffffe82,0,1
2533,2533,0,9008,0,0,229f,001c,8863,9008,0,000001d5fffffe00,0,1
2534,2534,0,9008,0,0,2324,001c,8996,9008,0,000000f9ffffff93,0,1
2535,2535,0,9008,0,0,234a,001c,9066,9008,0,ffffffc3fffffd30,0,1
2536,2536,0,9008,0,0,2289,001c,8843,9008,0,0000012c00000061,0,1
2537,2537,0,9008,0,0,23c7,001c,9159,9008,0,ffffff3efffffe68,0,1
2538,2538,0,9008,0,0,211f,001c,8543,9008,0,00000452fffffff6,0,1
2539,2539,0,9008,0,0,3edf,001c,16095,9008,0,00000097ffffffd5,0,1
2540,2540,0,9008,0,0,1ef4,001c,7924,9008,0,00000028fffffff9,0,1
2541,2541,0,9008,0,0,1f2a,001c,7978,9008,0,fffffe6500000169,0,1
2542,2542,0,9008,0,0,1dba,001c,7610,9008,0,ffffff3e000000ad,0,1
2543,2543,0,9008,0,0,1dba,001c,7602,9008,0,00000214ffffff73,0,1
2544,2544,0,9008,0,0,1ddb,001c,7514,9008,0,00000172ffffff3d,0,1
2545,2545,0,9008,0,0,1ddb,001c,7643,9008,0,000003bc000001db,0,1
2546,2546,0,9008,0,0,1ef7,001c,7927,9008,0,fffffff3ffffff0f,0,1
2547,2547,0,9008,0,0,201a,001c,8218,9008,0,000001c8000002cb,0,1
2548,2548,0,9008,0,0,2138,001c,8504,9008,0,fffffd0b00000205,0,1
2549,2549,0,9008,0,0,2231,001c,8753,9008,0,fffffe740000026d,0,1
2550,2550,0,9008,0,0,231a,001c,8986,9008,0,fffffe8d00000215,0,1
2551,2551,0,9008,0,0,2358,001c,9048,9008,0,00000238ffffff37,0,1
2552,2552,0,9008,0,0,22c1,001c,8897,9008,0,0000012d00000030,0,1
2553,2553,0,9008,0,0,21fb,001c,8699,9008,0,00000051ffffff45,0,1
2554,2554,0,9008,0,0,20e2,001c,8418,9008,0,0000017000000038,0,1
2555,2555,0,9008,0,0,1fae,001c,8110,9008,0,fffffda3fffffdb8,0,1
2556,2556,0,9008,0,0,1e7c,001c,7804,9008,0,ffffff710000011a,0,1
2557,2557,0,9008,0,0,1d90,001c,7568,9008,0,fffffdca0000021c,0,1
2558,2558,0,9008,0,0,1cbc,001c,7356,9008,0,00000146fffffe3d,0,1
2559,2559,0,9008,0,0,1cd8,001c,7384,9008,0,ffffffb300000004,0,1
2560,2560,0,9008,0,0,1d77,001c,7543,9008,0,00000000fffffc8a,0,1
2561,2561,0,9008,0,0,1e46,001c,7750,9008,0,0000004600000003,0,1
2562,2562,0,9008,0,0,1f54,001c,8020,9008,0,fffffeb9fffffe3d,0,1
2563,2563,0,9008,0,0,208b,001c,8331,9008,0,0000023a0000021b,0,1
2564,2564,0,9008,0,0,21ca,001c,8650,9008,0,0000009200000113,0,1
2565,2565,0,9008,0,0,22aa,001c,8874,9008,0,0000025afffffdc4,0,1
2566,2566,0,9008,0,0,2336,001c,9014,9008,0,fffffe9c00000042,0,1
2567,2567,0,9008,0,0,2326,001c,8998,9008,0,ffffffaaffffff4a,0,1
2568,2568,0,9008,0,0,2274,001c,8820,9008,0,fffffed20000002f,0,1
2569,2569,0,9008,0,0,217a,001c,8570,9008,0,fffffdcbffffff32,0,1
2570,2570,0,9008,0,0,2076,001c,8310,9008,0,0000017f00000218,0,1
2571,2571,0,9008,0,0,1f29,001c,7979,9008,0,0000019100000273,0,1
2572,2572,0,9008,0,0,1dec,001c,8173,9008,0,000002f600000207,0,1
2573,2573,0,9008,0,0,1ded,001c,7661,9008,0,fffffe3b000002cb,0,1
2574,2574,0,9008,0,0,1ddd,001c,7645,9008,0,0000000effffff0a,0,1
2575,2575,0,9008,0,0,1cf7,001c,7415,9008,0,fffffc4f000001d1,0,1
2576,2576,0,9008,0,0,1df3,001c,7667,9008,0,fffffe91ffffff3a,0,1
2577,2577,0,9008,0,0,1ff3,001c,8179,9008,0,fffffde5ffffff71,0,1
2578,2578,0,9008,0,0,1ed2,001c,7890,9008,0,000000c5000000a7,0,1
2579,2579,0,9008,0,0,2126,001c,8454,9008,0,0000019500000165,0,1
2580,2580,0,9008,0,0,2326,001c,8486,9008,0,ffffffddfffffff1,0,1
2581,2581,0,9008,0,0,226c,001c,8748,9008,0,ffffff62ffffffd6,0,1
2582,2582,0,9008,0,0,22f0,001c,8944,9008,0,fffffbaaffffffff,0,1
2583,2583,0,9008,0,0,2335,001c,9013,9008,0,000000cdfffffe71,0,1
2584,2584,0,9008,0,0,22f4,001c,8948,9008,0,fffffed50000005b,0,1
2585,2585,0,9008,0,0,2224,001c,8740,9008,0,0000003ffffffd2d,0,1
2586,2586,0,9008,0,0,20f9,001c,8441,9008,0,fffffefdffffff9d,0,1
2587,2587,0,9008,0,0,1fd5,001c,8149,9008,0,fffffe2afffffe00,0,1
2588,2588,0,9008,0,0,1e7b,001c,7803,9008,0,ffffffc5fffffe87,0,1
2589,2589,0,9008,0,0,1da5,001c,7589,9008,0,fffffe21fffffff5,0,1
2590,2590,0,9008,0,0,1d01,001c,7425,9008,0,0000007d00000115,0,1
2591,2591,0,9008,0,0,1cbc,001c,7356,9008,0,fffffdf30000037a,0,1
2592,2592,0,9008,0,0,1cf7,001c,7415,9008,0,00000082ffffff55,0,1
2593,2593,0,9008,0,0,1e77,001c,7799,9008,0,000000daffffffb9,0,1
2594,2594,0,9008,0,0,1f5f,001c,8031,9008,0,fffffd94fffffc8f,0,1
2595,2595,0,9008,0,0,2065,001c,8293,9008,0,ffffffb1ffffff2f,0,1
2596,2596,0,9008,0,0,217d,001c,8573,9008,0,fffffcb7fffffe34,0,1
2597,2597,0,9008,0,0,228a,001c,8842,9008,0,fffffffaffffffd3,0,1
2598,2598,0,9008,0,0,232f,001c,9007,9008,0,ffffff9c00000352,0,1
2599,2599,0,9008,0,0,231f,001c,8991,9008,0,0000000effffff91,0,1
2600,2600,0,9008,0,0,2299,001c,8857,9008,0,fffffe870000012a,0,1
2601,2601,0,9008,0,0,21ac,001c,8620,9008,0,fffffc7afffffd40,0,1
2602,2602,0,9008,0,0,206d,001c,8301,9008,0,000000dafffffdaa,0,1
2603,2603,0,9008,0,0,1f35,001c,7989,9008,0,fffffcdefffffe3f,0,1
2604,2604,0,9008,0,0,1e11,001c,7697,9008,0,ffffffebffffffef,0,1
2605,2605,0,9008,0,0,1d51,001c,7505,9008,0,00000124000002ee,0,1
2606,2606,0,9008,0,0,1ce2,001c,7394,9008,0,fffffeb20000004f,0,1
2607,2607,0,9008,0,0,1cfb,001c,7419,9008,0,fffffe57ffffffdf,0,1
2608,2608,0,9008,0,0,1d6f,001c,7679,9008,0,fffffed9fffffc12,0,1
2609,2609,0,9008,0,0,1fbd,001c,8189,9008,0,fffffe85fffffd5b,0,1
2610,2610,0,9008,0,0,3ebf,001c,16053,9008,0,ffffff85fffffe2c,0,1
2611,2611,0,9008,0,0,20ef,001c,8431,9008,0,0000006fffffffc9,0,1
2612,2612,0,9008,0,0,22e7,001c,8935,9008,0,ffffff5cffffffc8,0,1
2613,2613,0,9008,0,0,22ef,001c,8943,9008,0,000000310000013f,0,1
2614,2614,0,9008,0,0,23ed,001c,9197,9008,0,ffffff0cfffffe17,0,1
2615,2615,0,9008,0,0,23fa,001c,9210,9008,0,ffffff4dfffffeec,0,1
2616,2616,0,9008,0,0,22f4,001c,8944,9008,0,00000125ffffff32,0,1
2617,2617,0,9008,0,0,2236,001c,8758,9008,0,fffffea4fffffe83,0,1
2618,2618,0,9008,0,0,211f,001c,8479,9008,0,fffffd5b000000e7,0,1
2619,2619,0,9008,0,0,1fea,001c,8170,9008,0,fffffe92ffffffea,0,1
2620,2620,0,9008,0,0,1eae,001c,7854,9008,0,000000e0fffffdef,0,1
2621,2621,0,9008,0,0,1dbe,001c,7614,9008,0,ffffffb1fffffe18,0,1
2622,2622,0,9008,0,0,1cef,001c,7407,9008,0,ffffff8100000115,0,1
2623,2623,0,9008,0,0,1cd1,001c,7377,9008,0,fffffc1dffffffd7,0,1
2624,2624,0,9008,0,0,1d0c,001c,7436,9008,0,fffffc40fffffdf3,0,1
2625,2625,0,9008,0,0,1dfb,001c,7675,9008,0,ffffff0e00000300,0,1
2626,2626,0,9008,0,0,1f41,001c,8001,9008,0,fffffd3bfffffecb,0,1
2627,2627,0,9008,0,0,2083,001c,8323,9008,0,fffffeaa0000006e,0,1
2628,2628,0,9008,0,0,2179,001c,8569,9008,0,fffffd2ffffffdf8,0,1
2629,2629,0,9008,0,0,2262,001c,8802,9008,0,ffffff5ffffffe3b,0,1
2630,2630,0,9008,0,0,2303,001c,8963,9008,0,fffffb92fffffef0,0,1
2631,2631,0,9008,0,0,232d,001c,9005,9008,0,ffffff78ffffff83,0,1
2632,2632,0,9008,0,0,22cb,001c,8907,9008,0,fffffdf9000002d8,0,1
2633,2633,0,9008,0,0,21d2,001c,8658,9008,0,fffffc8cfffffcf7,0,1
2634,2634,0,9008,0,0,20a3,001c,8355,9008,0,fffffe8d00000067,0,1
2635,2635,0,9008,0,0,1f4f,001c,8015,9008,0,fffffc2efffff9db,0,1
2636,2636,0,9008,0,0,1e2b,001c,7723,9008,0,00000027fffffc17,0,1
2637,2637,0,9008,0,0,1d44,001c,7492,9008,0,fffffd4ffffffed0,0,1
2638,2638,0,9008,0,0,1cd4,001c,7380,9008,0,fffffec3fffffd3f,0,1
2639,2639,0,9008,0,0,1d16,001c,7446,9008,0,fffffbbf000001bf,0,1
2640,2640,0,9008,0,0,1d91,001c,7569,9008,0,000001bffffffe9c,0,1
2641,2641,0,9008,0,0,1e8e,001c,7822,9008,0,00000008fffffdf9,0,1
2642,2642,0,9008,0,0,1faa,001c,8106,9008,0,000000f5fffffe3b,0,1
2643,2643,0,9008,0,0,20fc,001c,12030,9008,0,000000e5fffffe10,0,1
2644,2644,0,9008,0,0,223c,001c,8956,9008,0,fffffe00fffffe1b,0,1
2645,2645,0,9008,0,0,22de,001c,8926,9008,0,00000007ffffff3f,0,1
2646,2646,0,9008,0,0,23fe,001c,9214,9008,0,fffffeaa00000143,0,1
2647,2647,0,9008,0,0,2337,001c,9015,9008,0,00000029fffffff5,0,1
2648,2648,0,9008,0,0,2367,001c,9063,9008,0,fffffeb4fffffdd6,0,1
2649,2649,0,9008,0,0,2367,001c,9063,9008,0,ffffff14fffffe13,0,1
2650,2650,0,9008,0,0,2147,001c,8519,9008,0,fffffda2fffffe9f,0,1
2651,2651,0,9008,0,0,2043,001c,8195,9008,0,fffffd4cfffffe86,0,1
2652,2652,0,9008,0,0,1ed6,001c,7894,9008,0,fffffe6d000001e9,0,1
2653,2653,0,9008,0,0,1dbd,001c,7613,9008,0,fffffd7200000009,0,1
2654,2654,0,9008,0,0,1d07,001c,7431,9008,0,ffffffd2ffffff52,0,1
2655,2655,0,9008,0,0,1cc4,001c,7364,9008,0,ffffff6b00000094,0,1
2656,2656,0,9008,0,0,1d2e,001c,7470,9008,0,000000aa000000ae,0,1
2657,2657,0,9008,0,0,1e0c,001c,7692,9008,0,fffffd7bffffff64,0,1
2658,2658,0,9008,0,0,1edd,001c,7901,9008,0,ffffff05fffffcad,0,1
2659,2659,0,9008,0,0,201e,001c,8222,9008,0,fffffcba00000090,0,1
2660,2660,0,9008,0,0,2196,001c,8598,9008,0,fffffc08fffffdf2,0,1
2661,2661,0,9008,0,0,226f,001c,8815,9008,0,000001c3fffffecf,0,1
2662,2662,0,9008,0,0,22fb,001c,8955,9008,0,fffffdd2ffffffee,0,1
2663,2663,0,9008,0,0,232a,001c,9002,9008,0,00000173ffffff28,0,1
2664,2664,0,9008,0,0,229d,001c,8861,9008,0,fffffcd20000014f,0,1
2665,2665,0,9008,0,0,21ef,001c,8687,9008,0,fffffdbcfffffe16,0,1
2666,2666,0,9008,0,0,20e6,001c,8422,9008,0,fffffcdc000001a9,0,1
2667,2667,0,9008,0,0,1f78,001c,8056,9008,0,fffffc5efffffcb7,0,1
2668,2668,0,9008,0,0,1e4a,001c,7754,9008,0,00000232fffffe63,0,1
2669,2669,0,9008,0,0,1d68,001c,7528,9008,0,ffffffadffffff40,0,1
2670,2670,0,9008,0,0,1cc5,001c,7365,9008,0,fffffe7bfffffcd6,0,1
2671,2671,0,9008,0,0,1d01,001c,7425,9008,0,fffffc8200000018,0,1
2672,2672,0,9008,0,0,1d88,001c,7560,9008,0,fffffca0fffffd9f,0,1
2673,2673,0,9008,0,0,1e56,001c,7766,9008,0,fffffedcffffff7b,0,1
2674,2674,0,9008,0,0,1f7b,001c,8059,9008,0,ffffff78fffffe1b,0,1
2675,2675,0,9008,0,0,20e6,001c,8422,9008,0,000003a4fffffec2,0,1
2676,2676,0,9008,0,0,2214,001c,8724,9008,0,fffffe8a000000e5,0,1
2677,2677,0,9008,0,0,22b2,001c,8882,9008,0,ffffffb5fffffd60,0,1
2678,2678,0,9008,0,0,2300,001c,8992,9008,0,fffffe6efffffd6f,0,1
2679,2679,0,9008,0,0,2326,001c,8998,9008,0,fffffdf8fffffc98,0,1
2680,2680,0,9008,0,0,22af,001c,9135,9008,0,fffffcc2ffffff6c,0,1
2681,2681,0,9008,0,0,23ed,001c,9197,9008,0,000001e3fffffc80,0,1
2682,2682,0,9008,0,0,216d,001c,8557,9008,0,fffffd79fffffcca,0,1
2683,2683,0,9008,0,0,2ec9,001c,11977,9008,0,0000017cfffffc31,0,1
2684,2684,0,9008,0,0,1fe7,001c,8167,9008,0,fffffbe6fffffedf,0,1
2685,2685,0,9008,0,0,1dfd,001c,7677,9008,0,fffffc63fffffe8b,0,1
2686,2686,0,9008,0,0,1ddd,001c,7645,9008,0,fffffe63ffffffa7,0,1
2687,2687,0,9008,0,0,1dd5,001c,7637,9008,0,fffffcd100000304,0,1
2688,2688,0,9008,0,0,1d90,001c,7440,9008,0,00000536000003ce,0,1
2689,2689,0,9008,0,0,1db1,001c,7601,9008,0,00000500fffffe74,0,1
2690,2690,0,9008,0,0,1eeb,001c,7915,9008,0,0000030afffffd5f,0,1
2691,2691,0,9008,0,0,2025,001c,8229,9008,0,fffffe68ffffff28,0,1
2692,2692,0,9008,0,0,2141,001c,8513,9008,0,fffffbb1fffff85d,0,1
2693,2693,0,9008,0,0,2264,001c,8804,9008,0,fffffa9d0000019e,0,1
2694,2694,0,9008,0,0,22f2,001c,8946,9008,0,fffffc42fffffb6a,0,1
2695,2695,0,9008,0,0,233c,001c,9020,9008,0,ffffff0ffffffb51,0,1
2696,2696,0,9008,0,0,22ea,001c,8938,9008,0,fffffcc0fffffd07,0,1
2697,2697,0,9008,0,0,21f3,001c,8691,9008,0,fffffcc3000003a0,0,1
2698,2698,0,9008,0,0,20c0,001c,8384,9008,0,fffffe0000000302,0,1
2699,2699,0,9008,0,0,1fa6,001c,8102,9008,0,fffffdbcffffffc4,0,1
2700,2700,0,9008,0,0,1e87,001c,7815,9008,0,0000021afffffd93,0,1
2701,2701,0,9008,0,0,1d99,001c,7577,9008,0,000003b200000101,0,1
2702,2702,0,9008,0,0,1cd2,001c,7378,9008,0,0000036a000001fc,0,1
2703,2703,0,9008,0,0,1cd1,001c,7377,9008,0,00000106fffffd47,0,1
2704,2704,0,9008,0,0,1d69,001c,7529,9008,0,0000003dfffffe75,0,1
2705,2705,0,9008,0,0,1e4a,001c,7754,9008,0,00000042fffffdde,0,1
2706,2706,0,9008,0,0,1f81,001c,8065,9008,0,fffffb41fffff908,0,1
2707,2707,0,9008,0,0,20bd,001c,8381,9008,0,00000011fffffda2,0,1
2708,2708,0,9008,0,0,21d2,001c,8658,9008,0,fffffe6600000131,0,1
2709,2709,0,9008,0,0,22b2,001c,8882,9008,0,fffffe6e0000012a,0,1
2710,2710,0,9008,0,0,232c,001c,9004,9008,0,fffffcf9fffffe7e,0,1
2711,2711,0,9008,0,0,2315,001c,8981,9008,0,fffffe54fffffc09,0,1
2712,2712,0,9008,0,0,2288,001c,8840,9008,0,fffffd90fffffa96,0,1
2713,2713,0,9008,0,0,2180,001c,8576,9008,0,fffffd56fffffe22,0,1
2714,2714,0,9008,0,0,2063,001c,8291,9008,0,000001cbfffffecd,0,1
2715,2715,0,9008,0,0,1f37,001c,8055,9008,0,ffffff05fffffdef,0,1
2716,2716,0,9008,0,0,1fd7,001c,8151,9008,0,fffffe2b0000004a,0,1
2717,2717,0,9008,0,0,1df3,001c,7667,9008,0,000000bcfffffb3e,0,1
2718,2718,0,9008,0,0,1dff,001c,7679,9008,0,00000008fffffbe5,0,1
2719,2719,0,9008,0,0,1ddf,001c,7647,9008,0,fffffe02fffffb76,0,1
2720,2720,0,9008,0,0,1dbb,001c,7611,9008,0,00000027fffffc26,0,1
2721,2721,0,9008,0,0,1fb9,001c,8121,9008,0,fffffdb6fffffc15,0,1
2722,2722,0,9008,0,0,1eb9,001c,7865,9008,0,fffffec9fffffcd8,0,1
2723,2723,0,9008,0,0,210d,001c,8457,9008,0,000001e70000035e,0,1
2724,2724,0,9008,0,0,212c,001c,8492,9008,0,fffffe53fffffee4,0,1
2725,2725,0,9008,0,0,221d,001c,8733,9008,0,000000a000000016,0,1
2726,2726,0,9008,0,0,2322,001c,8994,9008,0,00000179fffffcfd,0,1
2727,2727,0,9008,0,0,2311,001c,8977,9008,0,ffffffadfffffc96,0,1
2728,2728,0,9008,0,0,229a,001c,8858,9008,0,0000022afffffdfd,0,1
2729,2729,0,9008,0,0,2207,001c,8711,9008,0,00000250fffffca7,0,1
2730,2730,0,9008,0,0,2121,001c,8481,9008,0,fffffe09fffffea6,0,1
2731,2731,0,9008,0,0,1fbd,001c,8125,9008,0,ffffffb8fffffd9e,0,1
2732,2732,0,9008,0,0,1e7a,001c,7802,9008,0,fffffec3fffff95d,0,1
2733,2733,0,9008,0,0,1d83,001c,7555,9008,0,fffffe3afffffce8,0,1
2734,2734,0,9008,0,0,1cf2,001c,7410,9008,0,0000020200000125,0,1
2735,2735,0,9008,0,0,1cda,001c,7386,9008,0,ffffff62ffffff73,0,1
2736,2736,0,9008,0,0,1d47,001c,7495,9008,0,ffffff7ffffffc31,0,1
2737,2737,0,9008,0,0,1e3f,001c,7743,9008,0,ffffffb0fffffe15,0,1
2738,2738,0,9008,0,0,1f57,001c,8023,9008,0,00000200fffffbe6,0,1
2739,2739,0,9008,0,0,2076,001c,8310,9008,0,0000002cfffffa86,0,1
2740,2740,0,9008,0,0,21c9,001c,8649,9008,0,ffffff9900000072,0,1
2741,2741,0,9008,0,0,229b,001c,8859,9008,0,0000041afffffd17,0,1
2742,2742,0,9008,0,0,2324,001c,8996,9008,0,fffffd8200000003,0,1
2743,2743,0,9008,0,0,231d,001c,8989,9008,0,000000b100000060,0,1
2744,2744,0,9008,0,0,228a,001c,8842,9008,0,000001b5ffffff4a,0,1
2745,2745,0,9008,0,0,21a0,001c,8608,9008,0,ffffffaffffffc12,0,1
2746,2746,0,9008,0,0,2076,001c,8310,9008,0,ffffffa2fffffd23,0,1
2747,2747,0,9008,0,0,1f31,001c,7985,9008,0,0000036bfffffeae,0,1
2748,2748,0,9008,0,0,1e16,001c,7702,9008,0,ffffff2500000046,0,1
2749,2749,0,9008,0,0,1d51,001c,7505,9008,0,0000003100000251,0,1
2750,2750,0,9008,0,0,1cc0,001c,7360,9008,0,00000362fffffe87,0,1
2751,2751,0,9008,0,0,1cd0,001c,7376,9008,0,ffffff5ffffffdca,0,1
2752,2752,0,9008,0,0,1d99,001c,7641,9008,0,00000006fffffd4a,0,1
2753,2753,0,9008,0,0,1fb9,001c,8121,9008,0,ffffffc3fffff915,0,1
2754,2754,0,9008,0,0,1ffd,001c,8189,9008,0,00000172ffffff9d,0,1
2755,2755,0,9008,0,0,3ffd,001c,8181,9008,0,fffffc37fffffcc9,0,1
2756,2756,0,9008,0,0,22f9,001c,8953,9008,0,fffffc9afffffe8a,0,1
2757,2757,0,9008,0,0,22f9,001c,8953,9008,0,000000a400000090,0,1
2758,2758,0,9008,0,0,23f1,001c,9200,9008,0,ffffff2bffffff8f,0,1
2759,2759,0,9008,0,0,23db,001c,8987,9008,0,000003ebffffff45,0,1
2760,2760,0,9008,0,0,22fe,001c,8958,9008,0,fffffd63fffffba1,0,1
2761,2761,0,9008,0,0,2240,001c,8768,9008,0,fffffd3cfffffa18,0,1
2762,2762,0,9008,0,0,2105,001c,8453,9008,0,fffffe9e00000102,0,1
2763,2763,0,9008,0,0,1fd2,001c,8146,9008,0,0000007dfffff9c6,0,1
2764,2764,0,9008,0,0,1ead,001c,7853,9008,0,fffffe89fffffeac,0,1
2765,2765,0,9008,0,0,1d9d,001c,7581,9008,0,0000006efffffc93,0,1
2766,2766,0,9008,0,0,1d05,001c,7429,9008,0,00000231fffffd36,0,1
2767,2767,0,9008,0,0,1cd5,001c,7381,9008,0,fffffd48fffff9e0,0,1
2768,2768,0,9008,0,0,1d3f,001c,7487,9008,0,00000020fffffb2a,0,1
2769,2769,0,9008,0,0,1e00,001c,7680,9008,0,fffffd8a000000d6,0,1
2770,2770,0,9008,0,0,1f2a,001c,7978,9008,0,fffffcb4fffff921,0,1
2771,2771,0,9008,0,0,20a3,001c,8355,9008,0,0000047cfffffe4a,0,1
2772,2772,0,9008,0,0,2188,001c,8584,9008,0,000000c8fffff87b,0,1
2773,2773,0,9008,0,0,227f,001c,8831,9008,0,00000063fffffee6,0,1
2774,2774,0,9008,0,0,2315,001c,8981,9008,0,ffffff1d0000009a,0,1
2775,2775,0,9008,0,0,231f,001c,8991,9008,0,00000072000000f6,0,1
2776,2776,0,9008,0,0,22c0,001c,8896,9008,0,0000000f0000038a,0,1
2777,2777,0,9008,0,0,21cb,001c,8651,9008,0,000003e4fffffd8e,0,1
2778,2778,0,9008,0,0,2078,001c,8312,9008,0,000000730000001f,0,1
2779,2779,0,9008,0,0,1f3e,001c,7998,9008,0,00000451fffffd9c,0,1
2780,2780,0,9008,0,0,1e18,001c,7704,9008,0,000001aafffffdab,0,1
2781,2781,0,9008,0,0,1d6e,001c,7534,9008,0,ffffffe000000025,0,1
2782,2782,0,9008,0,0,1ce5,001c,7397,9008,0,000002e0fffffdde,0,1
2783,2783,0,9008,0,0,1ce3,001c,7395,9008,0,000002dcfffffdfc,0,1
2784,2784,0,9008,0,0,1d6f,001c,7535,9008,0,fffffed60000029c,0,1
2785,2785,0,9008,0,0,1e8e,001c,7822,9008,0,0000021cfffffdc3,0,1
2786,2786,0,9008,0,0,1fe6,001c,8174,9008,0,0000004affffff8a,0,1
2787,2787,0,9008,0,0,25a2,001c,16358,9008,0,00000008ffffffcd,0,1
2788,2788,0,9008,0,0,21fa,001c,8698,9008,0,000000d1fffffe75,0,1
2789,2789,0,9008,0,0,23fa,001c,9210,9008,0,fffffefcffffffd9,0,1
2790,2790,0,9008,0,0,23ba,001c,9146,9008,0,fffff8bdffffff39,0,1
2791,2791,0,9008,0,0,23f9,001c,9209,9008,0,0000019cfffffd97,0,1
2792,2792,0,9008,0,0,22ff,001c,8959,9008,0,000002c6ffffff7f,0,1
2793,2793,0,9008,0,0,237f,001c,9086,9008,0,0000024ffffff80d,0,1
2794,2794,0,9008,0,0,213d,001c,8509,9008,0,fffffd39fffffdfd,0,1
2795,2795,0,9008,0,0,1fc4,001c,8132,9008,0,ffffff10fffffdb0,0,1
2796,2796,0,9008,0,0,1ec7,001c,7879,9008,0,fffffe2a000001af,0,1
2797,2797,0,9008,0,0,1dec,001c,7660,9008,0,fffffec8fffffe7c,0,1
2798,2798,0,9008,0,0,1d1b,001c,7451,9008,0,00000634fffffbf9,0,1
2799,2799,0,9008,0,0,1cb6,001c,7350,9008,0,fffffd02fffffc25,0,1
2800,2800,0,9008,0,0,1d25,001c,7461,9008,0,0000042bfffffe46,0,1
2801,2801,0,9008,0,0,1dfd,001c,7677,9008,0,fffffe6afffffc27,0,1
2802,2802,0,9008,0,0,1f33,001c,7987,9008,0,fffffe21fffffc95,0,1
2803,2803,0,9008,0,0,204d,001c,8269,9008,0,fffffcc5fffffc34,0,1
2804,2804,0,9008,0,0,2161,001c,8545,9008,0,fffffd0000000618,0,1
2805,2805,0,9008,0,0,2287,001c,8839,9008,0,fffffdf90000023e,0,1
2806,2806,0,9008,0,0,22ee,001c,8942,9008,0,00000223ffffffd9,0,1
2807,2807,0,9008,0,0,2347,001c,9031,9008,0,00000041ffffffba,0,1
2808,2808,0,9008,0,0,22bd,001c,8893,9008,0,fffffdd9ffffff70,0,1
2809,2809,0,9008,0,0,21f4,001c,8692,9008,0,ffffffecfffffd16,0,1
2810,2810,0,9008,0,0,20be,001c,8382,9008,0,ffffff5c000001aa,0,1
2811,2811,0,9008,0,0,1f6a,001c,8042,9008,0,fffffdebffffff96,0,1
2812,2812,0,9008,0,0,1e62,001c,7778,9008,0,ffffff07fffffd9a,0,1
2813,2813,0,9008,0,0,1d64,001c,7524,9008,0,0000043afffffbf4,0,1
2814,2814,0,9008,0,0,1cda,001c,7386,9008,0,000001bdfffffe06,0,1
2815,2815,0,9008,0,0,1cec,001c,7404,9008,0,fffffad0fffffa57,0,1
2816,2816,0,9008,0,0,1d7f,001c,7551,9008,0,fffff7d3000000dd,0,1
2817,2817,0,9008,0,0,1e55,001c,7765,9008,0,fffffa89fffffe1a,0,1
2818,2818,0,9008,0,0,1f86,001c,8070,9008,0,ffffff6000000248,0,1
2819,2819,0,9008,0,0,20d8,001c,8408,9008,0,fffffb95fffffd50,0,1
2820,2820,0,9008,0,0,21f9,001c,8697,9008,0,fffffd2b000000b2,0,1
2821,2821,0,9008,0,0,22cb,001c,8939,9008,0,00000077fffffe55,0,1
2822,2822,0,9008,0,0,2344,001c,9037,9008,0,fffffe23ffffffe1,0,1
2823,2823,0,9008,0,0,2315,001c,9045,9008,0,ffffff560000000a,0,1
2824,2824,0,9008,0,0,2377,001c,9079,9008,0,fffffd98fffffe41,0,1
2825,2825,0,9008,0,0,237a,001c,9082,9008,0,0000023a0000011d,0,1
2826,2826,0,9008,0,0,213f,001c,8511,9008,0,0000017e000002f9,0,1
2827,2827,0,9008,0,0,2f37,001c,12087,9008,0,000003f0ffffff84,0,1
2828,2828,0,9008,0,0,1fbd,001c,8117,9008,0,fffffe1ffffffd64,0,1
2829,2829,0,9008,0,0,1dbd,001c,7613,9008,0,00000037fffff907,0,1
2830,2830,0,9008,0,0,1dfd,001c,7549,9008,0,fffffed3000000cb,0,1
2831,2831,0,9008,0,0,1cd3,001c,7379,9008,0,fffffc4dfffffe5f,0,1
2832,2832,0,9008,0,0,1d0a,001c,7434,9008,0,fffffcaa000004a9,0,1
2833,2833,0,9008,0,0,1dcd,001c,7629,9008,0,fffffd59ffffff3d,0,1
2834,2834,0,9008,0,0,1ee2,001c,7906,9008,0,0000043bfffffd63,0,1
2835,2835,0,9008,0,0,204a,001c,8266,9008,0,fffffc33fffffd99,0,1
2836,2836,0,9008,0,0,2190,001c,8592,9008,0,fffffe8efffffbaa,0,1
2837,2837,0,9008,0,0,2244,001c,8772,9008,0,fffffb65000000b1,0,1
2838,2838,0,9008,0,0,22f1,001c,8945,9008,0,fffffc19fffffebe,0,1
2839,2839,0,9008,0,0,232c,001c,9004,9008,0,000001caffffff7c,0,1
2840,2840,0,9008,0,0,22ce,001c,8910,9008,0,0000016000000208,0,1
2841,2841,0,9008,0,0,2222,001c,8738,9008,0,000000d7fffffdb5,0,1
2842,2842,0,9008,0,0,20da,001c,8410,9008,0,fffffd8dfffffd7b,0,1
2843,2843,0,9008,0,0,1f74,001c,8052,9008,0,fffffbf8fffffcec,0,1
2844,2844,0,9008,0,0,1e48,001c,7752,9008,0,fffffbe4fffffdd0,0,1
2845,2845,0,9008,0,0,1d7f,001c,7551,9008,0,fffffbaefffffd9e,0,1
2846,2846,0,9008,0,0,1d0a,001c,7434,9008,0,000000740000010c,0,1
2847,2847,0,9008,0,0,1cf6,001c,7414,9008,0,fffffecbfffffb3e,0,1
2848,2848,0,9008,0,0,1d3b,001c,7483,9008,0,000000f3000000a4,0,1
2849,2849,0,9008,0,0,1e3f,001c,7743,9008,0,0000003dffffff8e,0,1
2850,2850,0,9008,0,0,1f82,001c,8066,9008,0,00000252fffffda9,0,1
2851,2851,0,9008,0,0,20d5,001c,8405,9008,0,fffffe0b000001a9,0,1
2852,2852,0,9008,0,0,21db,001c,8667,9008,0,000002980000056b,0,1
2853,2853,0,9008,0,0,22a2,001c,8866,9008,0,fffffe7b00000324,0,1
2854,2854,0,9008,0,0,2309,001c,8969,9008,0,fffffe320000026e,0,1
2855,2855,0,9008,0,0,2300,001c,8960,9008,0,fffffea4fffffe93,0,1
2856,2856,0,9008,0,0,2299,001c,8857,9008,0,fffffc1000000335,0,1
2857,2857,0,9008,0,0,2196,001c,8598,9008,0,000000c4fffff52e,0,1
2858,2858,0,9008,0,0,2023,001c,8355,9008,0,000006ccfffffbc0,0,1
2859,2859,0,9008,0,0,1ef7,001c,16119,9008,0,ffffffa200000963,0,1
2860,2860,0,9008,0,0,1e9f,001c,7903,9008,0,00000248fffffe66,0,1
2861,2861,0,9008,0,0,1f4b,001c,8011,9008,0,fffff8f000000082,0,1
2862,2862,0,9008,0,0,1d4f,001c,7503,9008,0,0000000c0000033d,0,1
2863,2863,0,9008,0,0,1d0c,001c,7436,9008,0,fffffb84ffffff16,0,1
2864,2864,0,9008,0,0,1d97,001c,7575,9008,0,00000533000004f8,0,1
2865,2865,0,9008,0,0,1fd7,001c,8151,9008,0,fffff896fffff824,0,1
2866,2866,0,9008,0,0,1ed3,001c,7891,9008,0,fffffc67fffffa58,0,1
2867,2867,0,9008,0,0,2010,001c,8208,9008,0,fffffdf000000338,0,1
2868,2868,0,9008,0,0,213b,001c,8507,9008,0,00000108fffffc18,0,1
2869,2869,0,9008,0,0,223c,001c,8764,9008,0,ffffff6cfffffe38,0,1
2870,2870,0,9008,0,0,2308,001c,8968,9008,0,fffff927fffffd2a,0,1
2871,2871,0,9008,0,0,2345,001c,9029,9008,0,fffffd5bfffffd46,0,1
2872,2872,0,9008,0,0,22bf,001c,8895,9008,0,fffffd97fffffebe,0,1
2873,2873,0,9008,0,0,221d,001c,8733,9008,0,00000182fffffdd3,0,1
2874,2874,0,9008,0,0,2103,001c,8451,9008,0,000000dc000001b4,0,1
2875,2875,0,9008,0,0,1fa3,001c,8099,9008,0,fffffbfd00000281,0,1
2876,2876,0,9008,0,0,1e72,001c,7794,9008,0,fffffee10000036c,0,1
2877,2877,0,9008,0,0,1d95,001c,7573,9008,0,fffff948000001db,0,1
2878,2878,0,9008,0,0,1cde,001c,7390,9008,0,000004ad0000017b,0,1
2879,2879,0,9008,0,0,1cfe,001c,7422,9008,0,fffff3e1fffff929,0,1
2880,2880,0,9008,0,0,1d47,001c,7495,9008,0,fffffe47fffff968,0,1
2881,2881,0,9008,0,0,1e05,001c,7685,9008,0,fffff4b1fffffc31,0,1
2882,2882,0,9008,0,0,1f65,001c,8037,9008,0,00000701fffffe4f,0,1
2883,2883,0,9008,0,0,20a2,001c,8354,9008,0,000002dc00000208,0,1
2884,2884,0,9008,0,0,21c2,001c,8642,9008,0,fffffb2dfffffed2,0,1
2885,2885,0,9008,0,0,2298,001c,8856,9008,0,fffffd78ffffff42,0,1
2886,2886,0,9008,0,0,231f,001c,8991,9008,0,fffffbc1fffffca5,0,1
2887,2887,0,9008,0,0,2307,001c,8967,9008,0,fffffc96fffffbe1,0,1
2888,2888,0,9008,0,0,2286,001c,8838,9008,0,ffffff47fffffcc6,0,1
2889,2889,0,9008,0,0,2192,001c,8594,9008,0,ffffff9cfffffbdf,0,1
2890,2890,0,9008,0,0,207d,001c,8317,9008,0,fffff910ffffff86,0,1
2891,2891,0,9008,0,0,1f1f,001c,7967,9008,0,000006a2fffffe13,0,1
2892,2892,0,9008,0,0,1def,001c,7663,9008,0,000000f9fffffabf,0,1
2893,2893,0,9008,0,0,1d49,001c,7529,9008,0,fffffbec00000079,0,1
2894,2894,0,9008,0,0,1cce,001c,7375,9008,0,00000138ffffffd0,0,1
2895,2895,0,9008,0,0,1d86,001c,7622,9008,0,000000b2fffffaca,0,1
2896,2896,0,9008,0,0,1db3,001c,7603,9008,0,00000015000000fe,0,1
2897,2897,0,9008,0,0,1fbb,001c,8123,9008,0,0000018ffffffc90,0,1
2898,2898,0,9008,0,0,1ff9,001c,8185,9008,0,00000107fffff939,0,1
2899,2899,0,9008,0,0,1fd9,001c,8153,9008,0,fffffc9000000379,0,1
2900,2900,0,9008,0,0,2367,001c,8551,9008,0,000000fd000001fc,0,1
2901,2901,0,9008,0,0,22e5,001c,8901,9008,0,000002df000003c3,0,1
2902,2902,0,9008,0,0,22e5,001c,8933,9008,0,fffffcd20000007d,0,1
2903,2903,0,9008,0,0,231e,001c,8990,9008,0,000001a8ffffffd6,0,1
2904,2904,0,9008,0,0,22e4,001c,8932,9008,0,fffffdf4fffffb44,0,1
2905,2905,0,9008,0,0,222e,001c,8750,9008,0,00000010fffffd4f,0,1
2906,2906,0,9008,0,0,2122,001c,8482,9008,0,fffffb9f000002e0,0,1
2907,2907,0,9008,0,0,1fcb,001c,8139,9008,0,fffffe8ffffffd27,0,1
2908,2908,0,9008,0,0,1ead,001c,7853,9008,0,fffff8280000044a,0,1
2909,2909,0,9008,0,0,1d92,001c,7570,9008,0,fffffc80fffffd0b,0,1
2910,2910,0,9008,0,0,1cea,001c,7402,9008,0,fffffe66fffffd68,0,1
2911,2911,0,9008,0,0,1ccd,001c,7373,9008,0,fffff934fffffe77,0,1
2912,2912,0,9008,0,0,1d5f,001c,7519,9008,0,0000005d00000271,0,1
2913,2913,0,9008,0,0,1e1f,001c,7711,9008,0,fffff899fffffe70,0,1
2914,2914,0,9008,0,0,1f12,001c,7954,9008,0,fffff845fffffbc9,0,1
2915,2915,0,9008,0,0,2066,001c,8294,9008,0,fffffecb0000019d,0,1
2916,2916,0,9008,0,0,21d4,001c,8660,9008,0,fffffee5fffff84b,0,1
2917,2917,0,9008,0,0,228e,001c,8846,9008,0,ffffff02fffffdde,0,1
2918,2918,0,9008,0,0,231f,001c,8991,9008,0,fffff8effffff663,0,1
2919,2919,0,9008,0,0,2314,001c,8980,9008,0,fffffc63fffffad6,0,1
2920,2920,0,9008,0,0,229e,001c,8862,9008,0,fffff854ffffffa7,0,1
2921,2921,0,9008,0,0,21b2,001c,8626,9008,0,ffffff1dfffff893,0,1
2922,2922,0,9008,0,0,20a6,001c,8358,9008,0,fffffe3cfffff7b3,0,1
2923,2923,0,9008,0,0,1f46,001c,8006,9008,0,ffffff42fffffbef,0,1
2924,2924,0,9008,0,0,1dff,001c,7679,9008,0,fffffd0bffffff30,0,1
2925,2925,0,9008,0,0,1d39,001c,7481,9008,0,fffffb6cfffff61b,0,1
2926,2926,0,9008,0,0,1cde,001c,7390,9008,0,fffffa73fffffaa8,0,1
2927,2927,0,9008,0,0,1d1a,001c,7450,9008,0,fffff9f2fffffdda,0,1
2928,2928,0,9008,0,0,1d80,001c,7552,9008,0,fffffeb70000000c,0,1
2929,2929,0,9008,0,0,1e7d,001c,7805,9008,0,0000006efffffef3,0,1
2930,2930,0,9008,0,0,1feb,001c,8191,9008,0,000001ddfffffd62,0,1
2931,2931,0,9008,0,0,2fab,001c,16363,9008,0,fffffa6cfffffe90,0,1
2932,2932,0,9008,0,0,236f,001c,9071,9008,0,fffffff9fffff9ee,0,1
2933,2933,0,9008,0,0,22d7,001c,8919,9008,0,ffffff20fffffff9,0,1
2934,2934,0,9008,0,0,23de,001c,9182,9008,0,fffffbd0fffffb35,0,1
2935,2935,0,9008,0,0,231d,001c,8989,9008,0,fffffa3f00000319,0,1
2936,2936,0,9008,0,0,2355,001c,9045,9008,0,fffffe89fffffd75,0,1
2937,2937,0,9008,0,0,237c,001c,9084,9008,0,0000072ffffffd62,0,1
2938,2938,0,9008,0,0,213c,001c,8508,9008,0,fffffbd2fffffd67,0,1
2939,2939,0,9008,0,0,1ff2,001c,8178,9008,0,0000015bfffff8ae,0,1
2940,2940,0,9008,0,0,1ea5,001c,7845,9008,0,fffffa8100000212,0,1
2941,2941,0,9008,0,0,1da2,001c,7586,9008,0,fffff86400000318,0,1
2942,2942,0,9008,0,0,1cfb,001c,7419,9008,0,fffffd8f00000221,0,1
2943,2943,0,9008,0,0,1cda,001c,7386,9008,0,fffffed8fffffaed,0,1
2944,2944,0,9008,0,0,1d40,001c,7488,9008,0,0000019100000341,0,1
2945,2945,0,9008,0,0,1e05,001c,7685,9008,0,fffffa18fffffe1e,0,1
2946,2946,0,9008,0,0,1f01,001c,7937,9008,0,fffffd08fffff7d1,0,1
2947,2947,0,9008,0,0,205f,001c,8287,9008,0,fffff5fc000001c0,0,1
2948,2948,0,9008,0,0,2197,001c,8599,9008,0,fffff6fbfffffaf5,0,1
2949,2949,0,9008,0,0,2276,001c,8822,9008,0,0000004900000098,0,1
2950,2950,0,9008,0,0,232d,001c,9005,9008,0,fffffed9fffffffb,0,1
2951,2951,0,9008,0,0,232c,001c,9004,9008,0,fffff99900000011,0,1
2952,2952,0,9008,0,0,22c5,001c,8901,9008,0,fffff4c2fffffd53,0,1
2953,2953,0,9008,0,0,21cc,001c,8652,9008,0,fffffbfefffffad5,0,1
2954,2954,0,9008,0,0,2094,001c,8340,9008,0,fffffbd800000230,0,1
2955,2955,0,9008,0,0,1f5a,001c,8026,9008,0,fffff5e3fffffbef,0,1
2956,2956,0,9008,0,0,1e45,001c,7749,9008,0,fffffd67000000ee,0,1
2957,2957,0,9008,0,0,1d66,001c,7526,9008,0,fffffdb1000001e0,0,1
2958,2958,0,9008,0,0,1ce8,001c,7400,9008,0,fffffbb3fffff9d5,0,1
2959,2959,0,9008,0,0,1ce3,001c,7395,9008,0,fffffc19fffff39c,0,1
2960,2960,0,9008,0,0,1d9b,001c,7579,9008,0,fffffc79fffffc6b,0,1
2961,2961,0,9008,0,0,1e84,001c,7812,9008,0,fffff812fffffbe0,0,1
2962,2962,0,9008,0,0,1f99,001c,8089,9008,0,fffffb62fffff79d,0,1
2963,2963,0,9008,0,0,20f3,001c,8435,9008,0,fffffd22fffff70f,0,1
2964,2964,0,9008,0,0,21ec,001c,8684,9008,0,000000d0fffffaef,0,1
2965,2965,0,9008,0,0,22f1,001c,8953,9008,0,fffffe45fffff637,0,1
2966,2966,0,9008,0,0,234b,001c,9179,9008,0,000000a8ffffeecb,0,1
2967,2967,0,9008,0,0,230f,001c,9039,9008,0,fffff6b0fffffb91,0,1
2968,2968,0,9008,0,0,235f,001c,9055,9008,0,fffff175fffff155,0,1
2969,2969,0,9008,0,0,235b,001c,9051,9008,0,ffffffdefffff866,0,1
2970,2970,0,9008,0,0,215d,001c,8541,9008,0,ffffff4bfffff793,0,1
2971,2971,0,9008,0,0,2efd,001c,12029,9008,0,000004a1fffff7dd,0,1
2972,2972,0,9008,0,0,1ff9,001c,7929,9008,0,fffff40ffffffe10,0,1
2973,2973,0,9008,0,0,1dc5,001c,7621,9008,0,ffffffd1fffff5ab,0,1
2974,2974,0,9008,0,0,1dc4,001c,7428,9008,0,fffffcf4fffff90b,0,1
2975,2975,0,9008,0,0,1cc9,001c,7369,9008,0,fffff59dffffef65,0,1
2976,2976,0,9008,0,0,1d33,001c,7475,9008,0,00000bd80000069d,0,1
2977,2977,0,9008,0,0,1de7,001c,7655,9008,0,000002df0000034e,0,1
2978,2978,0,9008,0,0,1ef9,001c,7929,9008,0,00000825fffffdf2,0,1
2979,2979,0,9008,0,0,2032,001c,8242,9008,0,fffffac2ffffff3b,0,1
2980,2980,0,9008,0,0,216a,001c,8554,9008,0,00000100ffffe945,0,1
2981,2981,0,9008,0,0,2258,001c,8792,9008,0,000003caffffff62,0,1
2982,2982,0,9008,0,0,2318,001c,8984,9008,0,000004c3fffffc49,0,1
2983,2983,0,9008,0,0,232e,001c,9006,9008,0,000008c9fffffe20,0,1
2984,2984,0,9008,0,0,22c3,001c,8899,9008,0,fffff10700000426,0,1
2985,2985,0,9008,0,0,21ea,001c,8682,9008,0,00000bddfffffe12,0,1
2986,2986,0,9008,0,0,20d2,001c,8402,9008,0,0000019effffe999,0,1
2987,2987,0,9008,0,0,1f82,001c,8066,9008,0,fffff503ffffe2f7,0,1
2988,2988,0,9008,0,0,1e43,001c,7747,9008,0,ffffff3200000320,0,1
2989,2989,0,9008,0,0,1d66,001c,7526,9008,0,fffff340fffffe1c,0,1
2990,2990,0,9008,0,0,1cf3,001c,7411,9008,0,ffffee90fffffc8f,0,1
2991,2991,0,9008,0,0,1ce6,001c,7398,9008,0,000003bafffffa9f,0,1
2992,2992,0,9008,0,0,1d5c,001c,7516,9008,0,fffff830fffff59c,0,1
2993,2993,0,9008,0,0,1e8a,001c,7818,9008,0,ffffe132fffff837,0,1
2994,2994,0,9008,0,0,1f86,001c,8070,9008,0,000001bbfffff7c9,0,1
2995,2995,0,9008,0,0,20c9,001c,8393,9008,0,ffffede1ffffe36f,0,1
2996,2996,0,9008,0,0,21da,001c,8666,9008,0,ffffcf0a00000a11,0,1
2997,2997,0,9008,0,0,22b2,001c,8882,9008,0,fffffd58000013fd,0,1
2998,2998,0,9008,0,0,232d,001c,9005,9008,0,00003279fffff014,0,1
2999,2999,0,9008,0,0,231a,001c,8986,9008,0,ffffcadf00001822,0,1
3000,3000,0,9008,0,0,227a,001c,8826,9008,0,ffffdd65ffffc160,0,1
3001,3001,0,9008,0,0,2174,001c,9086,9008,0,00002db7ffffb3aa,0,1
3002,3002,0,9008,0,0,2079,001c,8573,9008,0,ffffd75effffdf3d,0,1
3003,3003,0,9008,0,0,1ef9,001c,16121,9008,0,0000508bfffff4fa,0,1
3004,3004,0,9008,0,0,1fff,001c,8191,9008,0,ffffe26affff8fa1,0,1
3005,3005,0,9008,0,0,1ddf,001c,7647,9008,0,0000227500001979,0,1
3006,3006,0,9008,0,0,1dfb,001c,7675,9008,0,ffffa691ffff8366,0,1
3007,3007,0,9008,0,0,1cff,001c,7423,9008,0,ffffd41a000624cf,0,1
3008,3008,0,9008,0,0,1dfd,001c,7677,9008,0,ffff9b2100008341,0,1
3009,3009,0,9008,0,0,1ff0,001c,7664,9008,0,000017ddffffc68b,0,1
3010,3010,0,9008,0,0,1ee8,001c,7912,9008,0,ffffde5100005f0c,0,1
3011,3011,0,9008,0,0,201d,001c,8221,9008,0,00003e8e00000dee,0,1
3012,3012,0,9008,0,0,2149,001c,8521,9008,0,ffffeeb30000176f,0,1
3013,3013,0,9008,0,0,225e,001c,8798,9008,0,00000e1b00003a33,0,1
3014,3014,0,9008,0,0,22fb,001c,8955,9008,0,ffffefaf000042e9,0,1
3015,3015,0,9008,0,0,230c,001c,8972,9008,0,ffffbefaffffe504,0,1
3016,3016,0,9008,0,0,22bf,001c,8895,9008,0,000032690000046d,0,1
3017,3017,0,9008,0,0,221c,001c,8732,9008,0,000014b5fffff693,0,1
3018,3018,0,9008,0,0,20fe,001c,8446,9008,0,ffffd79affffe2e6,0,1
3019,3019,0,9008,0,0,1fa4,001c,8100,9008,0,ffffec4200001643,0,1
3020,3020,0,9008,0,0,1e58,001c,7768,9008,0,000003f8000004eb,0,1
3021,3021,0,9008,0,0,1d8b,001c,7563,9008,0,ffffd85afffff7f1,0,1
3022,3022,0,9008,0,0,1cf8,001c,7416,9008,0,ffffed76fffff7e7,0,1
3023,3023,0,9008,0,0,1ce5,001c,7397,9008,0,00000f2dfffffa13,0,1
3024,3024,0,9008,0,0,1d4b,001c,7499,9008,0,ffffeb1ffffffc3b,0,1
3025,3025,0,9008,0,0,1e25,001c,7717,9008,0,ffffed98fffff790,0,1
3026,3026,0,9008,0,0,1f4a,001c,8010,9008,0,000000d1fffff1fe,0,1
3027,3027,0,9008,0,0,209e,001c,8350,9008,0,ffffea230000133b,0,1
3028,3028,0,9008,0,0,21d9,001c,8665,9008,0,fffff4a900001288,0,1
3029,3029,0,9008,0,0,22c2,001c,8898,9008,0,00000c22fffff67f,0,1
3030,3030,0,9008,0,0,2308,001c,8968,9008,0,fffff07ffffff6f8,0,1
3031,3031,0,9008,0,0,22e4,001c,8932,9008,0,000000e6ffffff9a,0,1
3032,3032,0,9008,0,0,22b2,001c,8882,9008,0,00001228fffffbe9,0,1
3033,3033,0,9008,0,0,21ab,001c,8619,9008,0,000002b8fffff8f8,0,1
3034,3034,0,9008,0,0,204b,001c,8267,9008,0,fffffdf200001574,0,1
3035,3035,0,9008,0,0,1f13,001c,7955,9008,0,fffff8f7fffffa12,0,1
3036,3036,0,9008,0,0,1e14,001c,7700,9008,0,00000962fffff435,0,1
3037,3037,0,9008,0,0,1d46,001c,8006,9008,0,0000094dfffffb8c,0,1
3038,3038,0,9008,0,0,1cbf,001c,7679,9008,0,0000111fffffeaab,0,1
3039,3039,0,9008,0,0,1dbf,001c,7615,9008,0,fffff98d00000759,0,1
3040,3040,0,9008,0,0,1dbf,001c,7615,9008,0,fffffd4f0000020b,0,1
3041,3041,0,9008,0,0,1fbf,001c,8127,9008,0,000003f1fffffa0c,0,1
3042,3042,0,9008,0,0,1ff5,001c,8181,9008,0,ffffeff3ffffefef,0,1
3043,3043,0,9008,0,0,1ff1,001c,8177,9008,0,0000089cfffffd0f,0,1
3044,3044,0,9008,0,0,2359,001c,8537,9008,0,0000096cffffff56,0,1
3045,3045,0,9008,0,0,22ce,001c,8778,9008,0,ffffffa9fffffc36,0,1
3046,3046,0,9008,0,0,22ec,001c,8940,9008,0,fffff3e100000bb7,0,1
3047,3047,0,9008,0,0,2317,001c,8983,9008,0,fffff295fffffbb0,0,1
3048,3048,0,9008,0,0,22c8,001c,8904,9008,0,ffffff6400000465,0,1
3049,3049,0,9008,0,0,223a,001c,8762,9008,0,0000004000000508,0,1
3050,3050,0,9008,0,0,2101,001c,8449,9008,0,000006fafffffb6c,0,1
3051,3051,0,9008,0,0,1f88,001c,8072,9008,0,fffffcab0000071b,0,1
3052,3052,0,9008,0,0,1e96,001c,7830,9008,0,ffffff7800000a9d,0,1
3053,3053,0,9008,0,0,1d91,001c,7569,9008,0,fffffd23ffffff25,0,1
3054,3054,0,9008,0,0,1d0e,001c,7438,9008,0,fffffad8fffffa33,0,1
3055,3055,0,9008,0,0,1cc4,001c,7364,9008,0,0000000a0000074d,0,1
3056,3056,0,9008,0,0,1d29,001c,7465,9008,0,fffffef2000004b7,0,1
3057,3057,0,9008,0,0,1e20,001c,7712,9008,0,0000035efffff569,0,1
3058,3058,0,9008,0,0,1f38,001c,7992,9008,0,00000861fffff8d1,0,1
3059,3059,0,9008,0,0,208c,001c,8332,9008,0,fffff922ffffffd3,0,1
3060,3060,0,9008,0,0,21b8,001c,8632,9008,0,fffff65dfffffa01,0,1
3061,3061,0,9008,0,0,2285,001c,8837,9008,0,00000178fffffd17,0,1
3062,3062,0,9008,0,0,2320,001c,8992,9008,0,fffff60ffffffa9f,0,1
3063,3063,0,9008,0,0,231e,001c,8990,9008,0,fffff452fffff3d7,0,1
3064,3064,0,9008,0,0,22a0,001c,8864,9008,0,00000161fffff698,0,1
3065,3065,0,9008,0,0,21d1,001c,8657,9008,0,00000b4dfffffb53,0,1
3066,3066,0,9008,0,0,208e,001c,8334,9008,0,fffff4d8ffffffb0,0,1
3067,3067,0,9008,0,0,1f1f,001c,7967,9008,0,fffff05ffffff6b0,0,1
3068,3068,0,9008,0,0,1e0d,001c,7693,9008,0,0000008f0000005c,0,1
3069,3069,0,9008,0,0,1d46,001c,7494,9008,0,fffff8bcfffffda6,0,1
3070,3070,0,9008,0,0,1cf2,001c,7410,9008,0,0000024cfffff121,0,1
3071,3071,0,9008,0,0,1cff,001c,7423,9008,0,0000060f0000028a,1,1
3072,3072,0,9008,0,0,1da4,001c,7596,9008,0,fffffef2000004b7,0,0
3073,3073,0,9008,0,0,1eba,001c,8126,9008,0,fffffef2000004b7,0,0
3074,3074,0,9008,0,0,1feb,001c,8187,9008,0,fffffef2000004b7,0,0
3075,3075,0,9008,0,0,3ffb,001c,16379,9008,0,fffffef2000004b7,0,0
3076,3076,0,9008,0,0,22ff,001c,8959,9008,0,fffffef2000004b7,0,0
3077,3077,0,9008,0,0,22fe,001c,8958,9008,0,fffffef2000004b7,0,0
3078,3078,0,9008,0,0,23fe,001c,9214,9008,0,fffffef2000004b7,0,0
3079,3079,0,9008,0,0,23f6,001c,9206,9008,0,fffffef2000004b7,0,0
3080,3080,0,9008,0,0,22d6,001c,8918,9008,0,fffffef2000004b7,0,0
3081,3081,0,9008,0,0,2342,001c,9026,9008,0,fffffef2000004b7,0,0
3082,3082,0,9008,0,0,2142,001c,8514,9008,0,fffffef2000004b7,0,0
3083,3083,0,9008,0,0,200d,001c,8205,9008,0,fffffef2000004b7,0,0
3084,3084,0,9008,0,0,1e90,001c,7824,9008,0,fffffef2000004b7,0,0
3085,3085,0,9008,0,0,1d8e,001c,7566,9008,0,fffffef2000004b7,0,0
3086,3086,0,9008,0,0,1ce9,001c,7401,9008,0,fffffef2000004b7,0,0
3087,3087,0,9008,0,0,1cef,001c,7407,9008,0,fffffef2000004b7,0,0
3088,3088,0,9008,0,0,1d4f,001c,7503,9008,0,fffffef2000004b7,0,0
3089,3089,0,9008,0,0,1dec,001c,7660,9008,0,fffffef2000004b7,0,0
3090,3090,0,9008,0,0,1ef7,001c,7927,9008,0,fffffef2000004b7,0,0
3091,3091,0,9008,0,0,2063,001c,8291,9008,0,fffffef2000004b7,0,0
3092,3092,0,9008,0,0,21d3,001c,8659,9008,0,fffffef2000004b7,0,0
3093,3093,0,9008,0,0,229d,001c,8861,9008,0,fffffef2000004b7,0,0
3094,3094,0,9008,0,0,22f3,001c,8947,9008,0,fffffef2000004b7,0,0
3095,3095,0,9008,0,0,2316,001c,8982,9008,0,fffffef2000004b7,0,0
3096,3096,0,9008,0,0,22c7,001c,8903,9008,0,fffffef2000004b7,0,0
3097,3097,0,9008,0,0,21d8,001c,8664,9008,0,fffffef2000004b7,0,0
3098,3098,0,9008,0,0,20b3,001c,8371,9008,0,fffffef2000004b7,0,0
3099,3099,0,9008,0,0,1f5d,001c,8029,9008,0,fffffef2000004b7,0,0
3100,3100,0,9008,0,0,1e1a,001c,7706,9008,0,fffffef2000004b7,0,0
3101,3101,0,9008,0,0,1d3e,001c,7486,9008,0,fffffef2000004b7,0,0
3102,3102,0,9008,0,0,1d08,001c,7432,9008,0,fffffef2000004b7,0,0
3103,3103,0,9008,0,0,1d14,001c,7444,9008,0,fffffef2000004b7,0,0
3104,3104,0,9008,0,0,1d67,001c,7527,9008,0,fffffef2000004b7,0,0
3105,3105,0,9008,0,0,1e62,001c,7778,9008,0,fffffef2000004b7,0,0
3106,3106,0,9008,0,0,1fd5,001c,8149,9008,0,fffffef2000004b7,0,0
3107,3107,0,9008,0,0,2106,001c,8454,9008,0,fffffef2000004b7,0,0
3108,3108,0,9008,0,0,2204,001c,8708,9008,0,fffffef2000004b7,0,0
3109,3109,0,9008,0,0,22e8,001c,8940,9008,0,fffffef2000004b7,0,0
3110,3110,0,9008,0,0,23ad,001c,9197,9008,0,fffffef2000004b7,0,0
3111,3111,0,9008,0,0,2325,001c,8997,9008,0,fffffef2000004b7,0,0
3112,3112,0,9008,0,0,234d,001c,9037,9008,0,fffffef2000004b7,0,0
3113,3113,0,9008,0,0,234f,001c,9039,9008,0,fffffef2000004b7,0,0
3114,3114,0,9008,0,0,2177,001c,8567,9008,0,fffffef2000004b7,0,0
3115,3115,0,9008,0,0,2ef5,001c,8309,9008,0,fffffef2000004b7,0,0
3116,3116,0,9008,0,0,1fe5,001c,7909,9008,0,fffffef2000004b7,0,0
3117,3117,0,9008,0,0,1da7,001c,7591,9008,0,fffffef2000004b7,0,0
3118,3118,0,9008,0,0,1d09,001c,7433,9008,0,fffffef2000004b7,0,0
3119,3119,0,9008,0,0,1ce7,001c,7399,9008,0,fffffef2000004b7,0,0
3120,3120,0,9008,0,0,1d3d,001c,7485,9008,0,fffffef2000004b7,0,0
3121,3121,0,9008,0,0,1ddd,001c,7645,9008,0,fffffef2000004b7,0,0
3122,3122,0,9008,0,0,1efe,001c,7934,9008,0,fffffef2000004b7,0,0
3123,3123,0,9008,0,0,202a,001c,8234,9008,0,fffffef2000004b7,0,0
3124,3124,0,9008,0,0,2169,001c,8553,9008,0,fffffef2000004b7,0,0
3125,3125,0,9008,0,0,2271,001c,8817,9008,0,fffffef2000004b7,0,0
3126,3126,0,9008,0,0,2352,001c,9042,9008,0,fffffef2000004b7,0,0
3127,3127,0,9008,0,0,2359,001c,9049,9008,0,fffffef2000004b7,0,0
3128,3128,0,9008,0,0,22a2,001c,8866,9008,0,fffffef2000004b7,0,0
3129,3129,0,9008,0,0,21d3,001c,8659,9008,0,fffffef2000004b7,0,0
3130,3130,0,9008,0,0,20b7,001c,8375,9008,0,fffffef2000004b7,0,0
3131,3131,0,9008,0,0,1f8e,001c,8078,9008,0,fffffef2000004b7,0,0
3132,3132,0,9008,0,0,1e55,001c,7765,9008,0,fffffef2000004b7,0,0
3133,3133,0,9008,0,0,1d63,001c,7523,9008,0,fffffef2000004b7,0,0
3134,3134,0,9008,0,0,1cd6,001c,7382,9008,0,fffffef2000004b7,0,0
3135,3135,0,9008,0,0,1cf9,001c,7417,9008,0,fffffef2000004b7,0,0
3136,3136,0,9008,0,0,1d7a,001c,7546,9008,0,fffffef2000004b7,0,0
3137,3137,0,9008,0,0,1e4f,001c,7759,9008,0,fffffef2000004b7,0,0
3138,3138,0,9008,0,0,1f8e,001c,8078,9008,0,fffffef2000004b7,0,0
3139,3139,0,9008,0,0,20cb,001c,8395,9008,0,fffffef2000004b7,0,0
3140,3140,0,9008,0,0,21ef,001c,8687,9008,0,fffffef2000004b7,0,0
3141,3141,0,9008,0,0,22bd,001c,8893,9008,0,fffffef2000004b7,0,0
3142,3142,0,9008,0,0,2320,001c,8992,9008,0,fffffef2000004b7,0,0
3143,3143,0,9008,0,0,2317,001c,9015,9008,0,fffffef2000004b7,0,0
3144,3144,0,9008,0,0,225a,001c,8794,9008,0,fffffef2000004b7,0,0
3145,3145,0,9008,0,0,215a,001c,9050,9008,0,fffffef2000004b7,0,0
3146,3146,0,9008,0,0,2053,001c,8531,9008,0,fffffef2000004b7,0,0
3147,3147,0,9008,0,0,3ef3,001c,16115,9008,0,fffffef2000004b7,0,0
3148,3148,0,9008,0,0,1ffb,001c,8187,9008,0,fffffef2000004b7,0,0
3149,3149,0,9008,0,0,1dff,001c,7679,9008,0,fffffef2000004b7,0,0
3150,3150,0,9008,0,0,1cff,001c,7423,9008,0,fffffef2000004b7,0,0
3151,3151,0,9008,0,0,1dbf,001c,7615,9008,0,fffffef2000004b7,0,0
3152,3152,0,9008,0,0,1de7,001c,7655,9008,0,fffffef2000004b7,0,0
3153,3153,0,9008,0,0,1de7,001c,7655,9008,0,fffffef2000004b7,0,0
3154,3154,0,9008,0,0,1ec4,001c,7876,9008,0,fffffef2000004b7,0,0
3155,3155,0,9008,0,0,2024,001c,8228,9008,0,fffffef2000004b7,0,0
3156,3156,0,9008,0,0,213a,001c,8506,9008,0,fffffef2000004b7,0,0
3157,3157,0,9008,0,0,2254,001c,8788,9008,0,fffffef2000004b7,0,0
3158,3158,0,9008,0,0,2326,001c,8998,9008,0,fffffef2000004b7,0,0
3159,3159,0,9008,0,0,231d,001c,8989,9008,0,fffffef2000004b7,0,0
3160,3160,0,9008,0,0,22b2,001c,8882,9008,0,fffffef2000004b7,0,0
3161,3161,0,9008,0,0,2212,001c,8722,9008,0,fffffef2000004b7,0,0
3162,3162,0,9008,0,0,20fb,001c,8443,9008,0,fffffef2000004b7,0,0
3163,3163,0,9008,0,0,1fb1,001c,8113,9008,0,fffffef2000004b7,0,0
3164,3164,0,9008,0,0,1e58,001c,7768,9008,0,fffffef2000004b7,0,0
3165,3165,0,9008,0,0,1d74,001c,7540,9008,0,fffffef2000004b7,0,0
3166,3166,0,9008,0,0,1cf2,001c,7410,9008,0,fffffef2000004b7,0,0
3167,3167,0,9008,0,0,1cd7,001c,7383,9008,0,fffffef2000004b7,0,0
3168,3168,0,9008,0,0,1d82,001c,7554,9008,0,fffffef2000004b7,0,0
3169,3169,0,9008,0,0,1e6a,001c,7786,9008,0,fffffef2000004b7,0,0
3170,3170,0,9008,0,0,1f5a,001c,8026,9008,0,fffffef2000004b7,0,0
3171,3171,0,9008,0,0,208c,001c,8332,9008,0,fffffef2000004b7,0,0
3172,3172,0,9008,0,0,21da,001c,8666,9008,0,fffffef2000004b7,0,0
3173,3173,0,9008,0,0,22db,001c,8923,9008,0,fffffef2000004b7,0,0
3174,3174,0,9008,0,0,233b,001c,9019,9008,0,fffffef2000004b7,0,0
3175,3175,0,9008,0,0,22e4,001c,8932,9008,0,fffffef2000004b7,0,0
3176,3176,0,9008,0,0,2270,001c,8816,9008,0,fffffef2000004b7,0,0
3177,3177,0,9008,0,0,218e,001c,8590,9008,0,fffffef2000004b7,0,0
3178,3178,0,9008,0,0,2040,001c,8256,9008,0,fffffef2000004b7,0,0
3179,3179,0,9008,0,0,1f38,001c,7992,9008,0,fffffef2000004b7,0,0
3180,3180,0,9008,0,0,1df8,001c,8184,9008,0,fffffef2000004b7,0,0
3181,3181,0,9008,0,0,1d39,001c,7673,9008,0,fffffef2000004b7,0,0
3182,3182,0,9008,0,0,1dd3,001c,7635,9008,0,fffffef2000004b7,0,0
3183,3183,0,9008,0,0,1cff,001c,7423,9008,0,fffffef2000004b7,0,0
3184,3184,0,9008,0,0,1dfd,001c,7677,9008,0,fffffef2000004b7,0,0
3185,3185,0,9008,0,0,1ffd,001c,8189,9008,0,fffffef2000004b7,0,0
3186,3186,0,9008,0,0,1fdf,001c,8159,9008,0,fffffef2000004b7,0,0
3187,3187,0,9008,0,0,1fd6,001c,8150,9008,0,fffffef2000004b7,0,0
3188,3188,0,9008,0,0,2374,001c,8500,9008,0,fffffef2000004b7,0,0
3189,3189,0,9008,0,0,22f7,001c,8823,9008,0,fffffef2000004b7,0,0
3190,3190,0,9008,0,0,22f4,001c,8948,9008,0,fffffef2000004b7,0,0
3191,3191,0,9008,0,0,230d,001c,8973,9008,0,fffffef2000004b7,0,0
3192,3192,0,9008,0,0,22d7,001c,8919,9008,0,fffffef2000004b7,0,0
3193,3193,0,9008,0,0,2226,001c,8742,9008,0,fffffef2000004b7,0,0
3194,3194,0,9008,0,0,210e,001c,8462,9008,0,fffffef2000004b7,0,0
3195,3195,0,9008,0,0,1fbb,001c,8123,9008,0,fffffef2000004b7,0,0
3196,3196,0,9008,0,0,1e8d,001c,7821,9008,0,fffffef2000004b7,0,0
3197,3197,0,9008,0,0,1d97,001c,7575,9008,0,fffffef2000004b7,0,0
3198,3198,0,9008,0,0,1ce2,001c,7394,9008,0,fffffef2000004b7,0,0
3199,3199,0,9008,0,0,1cd9,001c,7385,9008,0,fffffef2000004b7,0,0
3200,3200,0,9008,0,0,1d51,001c,7505,9008,0,fffffef2000004b7,0,0
3201,3201,0,9008,0,0,1e38,001c,7736,9008,0,fffffef2000004b7,0,0
3202,3202,0,9008,0,0,1f52,001c,8018,9008,0,fffffef2000004b7,0,0
3203,3203,0,9008,0,0,2085,001c,8325,9008,0,fffffef2000004b7,0,0
3204,3204,0,9008,0,0,21a3,001c,8611,9008,0,fffffef2000004b7,0,0
3205,3205,0,9008,0,0,22a0,001c,8864,9008,0,fffffef2000004b7,0,0
3206,3206,0,9008,0,0,2330,001c,9008,9008,0,fffffef2000004b7,0,0
3207,3207,0,9008,0,0,233c,001c,9020,9008,0,fffffef2000004b7,0,0
3208,3208,0,9008,0,0,22a5,001c,8869,9008,0,fffffef2000004b7,0,0
3209,3209,0,9008,0,0,219a,001c,8602,9008,0,fffffef2000004b7,0,0
3210,3210,0,9008,0,0,2065,001c,8293,9008,0,fffffef2000004b7,0,0
3211,3211,0,9008,0,0,1f1f,001c,7967,9008,0,fffffef2000004b7,0,0
3212,3212,0,9008,0,0,1e1f,001c,7711,9008,0,fffffef2000004b7,0,0
3213,3213,0,9008,0,0,1d62,001c,7522,9008,0,fffffef2000004b7,0,0
3214,3214,0,9008,0,0,1cac,001c,7340,9008,0,fffffef2000004b7,0,0
3215,3215,0,9008,0,0,1cf2,001c,7418,9008,0,fffffef2000004b7,0,0
3216,3216,0,9008,0,0,1dbe,001c,7614,9008,0,fffffef2000004b7,0,0
3217,3217,0,9008,0,0,1eaf,001c,8127,9008,0,fffffef2000004b7,0,0
3218,3218,0,9008,0,0,1fef,001c,8175,9008,0,fffffef2000004b7,0,0
3219,3219,0,9008,0,0,3fe4,001c,16356,9008,0,fffffef2000004b7,0,0
3220,3220,0,9008,0,0,2307,001c,8967,9008,0,fffffef2000004b7,0,0
3221,3221,0,9008,0,0,22eb,001c,8939,9008,0,fffffef2000004b7,0,0
3222,3222,0,9008,0,0,23ee,001c,9198,9008,0,fffffef2000004b7,0,0
3223,3223,0,9008,0,0,234d,001c,9037,9008,0,fffffef2000004b7,0,0
3224,3224,0,9008,0,0,2309,001c,8969,9008,0,fffffef2000004b7,0,0
3225,3225,0,9008,0,0,2227,001c,8743,9008,0,fffffef2000004b7,0,0
3226,3226,0,9008,0,0,2102,001c,8450,9008,0,fffffef2000004b7,0,0
3227,3227,0,9008,0,0,1fe1,001c,8161,9008,0,fffffef2000004b7,0,0
3228,3228,0,9008,0,0,1eba,001c,7866,9008,0,fffffef2000004b7,0,0
3229,3229,0,9008,0,0,1dab,001c,7595,9008,0,fffffef2000004b7,0,0
3230,3230,0,9008,0,0,1d0a,001c,7434,9008,0,fffffef2000004b7,0,0
3231,3231,0,9008,0,0,1cc8,001c,7368,9008,0,fffffef2000004b7,0,0
3232,3232,0,9008,0,0,1d50,001c,7504,9008,0,fffffef2000004b7,0,0
3233,3233,0,9008,0,0,1e32,001c,7730,9008,0,fffffef2000004b7,0,0
3234,3234,0,9008,0,0,1f12,001c,7954,9008,0,fffffef2000004b7,0,0
3235,3235,0,9008,0,0,2069,001c,8297,9008,0,fffffef2000004b7,0,0
3236,3236,0,9008,0,0,21ab,001c,8619,9008,0,fffffef2000004b7,0,0
3237,3237,0,9008,0,0,229e,001c,8862,9008,0,fffffef2000004b7,0,0
3238,3238,0,9008,0,0,230e,001c,8974,9008,0,fffffef2000004b7,0,0
3239,3239,0,9008,0,0,230e,001c,8974,9008,0,fffffef2000004b7,0,0
3240,3240,0,9008,0,0,22bd,001c,8893,9008,0,fffffef2000004b7,0,0
3241,3241,0,9008,0,0,21c1,001c,8641,9008,0,fffffef2000004b7,0,0
3242,3242,0,9008,0,0,208d,001c,8333,9008,0,fffffef2000004b7,0,0
3243,3243,0,9008,0,0,1f5c,001c,8028,9008,0,fffffef2000004b7,0,0
3244,3244,0,9008,0,0,1e36,001c,7734,9008,0,fffffef2000004b7,0,0
3245,3245,0,9008,0,0,1d37,001c,7479,9008,0,fffffef2000004b7,0,0
3246,3246,0,9008,0,0,1ce9,001c,7401,9008,0,fffffef2000004b7,0,0
3247,3247,0,9008,0,0,1d02,001c,7426,9008,0,fffffef2000004b7,0,0
3248,3248,0,9008,0,0,1d85,001c,7557,9008,0,fffffef2000004b7,0,0
3249,3249,0,9008,0,0,1e84,001c,7812,9008,0,fffffef2000004b7,0,0
3250,3250,0,9008,0,0,1f9c,001c,8092,9008,0,fffffef2000004b7,0,0
3251,3251,0,9008,0,0,20fb,001c,12027,9008,0,fffffef2000004b7,0,0
3252,3252,0,9008,0,0,222a,001c,8955,9008,0,fffffef2000004b7,0,0
3253,3253,0,9008,0,0,22fa,001c,8954,9008,0,fffffef2000004b7,0,0
3254,3254,0,9008,0,0,239a,001c,9178,9008,0,fffffef2000004b7,0,0
3255,3255,0,9008,0,0,23fe,001c,9214,9008,0,fffffef2000004b7,0,0
3256,3256,0,9008,0,0,22fe,001c,8958,9008,0,fffffef2000004b7,0,0
3257,3257,0,9008,0,0,2346,001c,9030,9008,0,fffffef2000004b7,0,0
3258,3258,0,9008,0,0,2f76,001c,11606,9008,0,fffffef2000004b7,0,0
3259,3259,0,9008,0,0,1ff4,001c,8180,9008,0,fffffef2000004b7,0,0
3260,3260,0,9008,0,0,1fb4,001c,7844,9008,0,fffffef2000004b7,0,0
3261,3261,0,9008,0,0,1d9c,001c,7580,9008,0,fffffef2000004b7,0,0
3262,3262,0,9008,0,0,1d11,001c,7441,9008,0,fffffef2000004b7,0,0
3263,3263,0,9008,0,0,1cfd,001c,7421,9008,0,fffffef2000004b7,0,0
3264,3264,0,9008,0,0,1d23,001c,7459,9008,0,fffffef2000004b7,0,0
3265,3265,0,9008,0,0,1dc8,001c,7624,9008,0,fffffef2000004b7,0,0
3266,3266,0,9008,0,0,1f22,001c,7970,9008,0,fffffef2000004b7,0,0
3267,3267,0,9008,0,0,205c,001c,8284,9008,0,fffffef2000004b7,0,0
3268,3268,0,9008,0,0,217b,001c,8571,9008,0,fffffef2000004b7,0,0
3269,3269,0,9008,0,0,2282,001c,8834,9008,0,fffffef2000004b7,0,0
3270,3270,0,9008,0,0,2309,001c,8969,9008,0,fffffef2000004b7,0,0
3271,3271,0,9008,0,0,232a,001c,9002,9008,0,fffffef2000004b7,0,0
3272,3272,0,9008,0,0,22c0,001c,8896,9008,0,fffffef2000004b7,0,0
3273,3273,0,9008,0,0,21d7,001c,8663,9008,0,fffffef2000004b7,0,0
3274,3274,0,9008,0,0,20c8,001c,8392,9008,0,fffffef2000004b7,0,0
3275,3275,0,9008,0,0,1f7a,001c,8058,9008,0,fffffef2000004b7,0,0
3276,3276,0,9008,0,0,1e48,001c,7752,9008,0,fffffef2000004b7,0,0
3277,3277,0,9008,0,0,1d6c,001c,7532,9008,0,fffffef2000004b7,0,0
3278,3278,0,9008,0,0,1cea,001c,7402,9008,0,fffffef2000004b7,0,0
3279,3279,0,9008,0,0,1cf7,001c,7415,9008,0,fffffef2000004b7,0,0
3280,3280,0,9008,0,0,1d57,001c,7511,9008,0,fffffef2000004b7,0,0
3281,3281,0,9008,0,0,1e50,001c,7760,9008,0,fffffef2000004b7,0,0
3282,3282,0,9008,0,0,1fab,001c,8107,9008,0,fffffef2000004b7,0,0
3283,3283,0,9008,0,0,20d8,001c,8408,9008,0,fffffef2000004b7,0,0
3284,3284,0,9008,0,0,21d6,001c,8662,9008,0,fffffef2000004b7,0,0
3285,3285,0,9008,0,0,22bd,001c,8893,9008,0,fffffef2000004b7,0,0
3286,3286,0,9008,0,0,233b,001c,9019,9008,0,fffffef2000004b7,0,0
3287,3287,0,9008,0,0,22f3,001c,8955,9008,0,fffffef2000004b7,0,0
3288,3288,0,9008,0,0,227e,001c,8959,9008,0,fffffef2000004b7,0,0
3289,3289,0,9008,0,0,237d,001c,9085,9008,0,fffffef2000004b7,0,0
3290,3290,0,9008,0,0,216d,001c,8557,9008,0,fffffef2000004b7,0,0
3291,3291,0,9008,0,0,3068,001c,8232,9008,0,fffffef2000004b7,0,0
3292,3292,0,9008,0,0,1fdb,001c,8147,9008,0,fffffef2000004b7,0,0
3293,3293,0,9008,0,0,1df8,001c,7672,9008,0,fffffef2000004b7,0,0
3294,3294,0,9008,0,0,1dfd,001c,7668,9008,0,fffffef2000004b7,0,0
3295,3295,0,9008,0,0,1ddd,001c,7645,9008,0,fffffef2000004b7,0,0
3296,3296,0,9008,0,0,1dd9,001c,7449,9008,0,fffffef2000004b7,0,0
3297,3297,0,9008,0,0,1dd3,001c,7635,9008,0,fffffef2000004b7,0,0
3298,3298,0,9008,0,0,1ee5,001c,7909,9008,0,fffffef2000004b7,0,0
3299,3299,0,9008,0,0,2033,001c,8243,9008,0,fffffef2000004b7,0,0
3300,3300,0,9008,0,0,215f,001c,8543,9008,0,fffffef2000004b7,0,0
3301,3301,0,9008,0,0,227e,001c,8830,9008,0,fffffef2000004b7,0,0
3302,3302,0,9008,0,0,2304,001c,8964,9008,0,fffffef2000004b7,0,0
3303,3303,0,9008,0,0,2323,001c,8995,9008,0,fffffef2000004b7,0,0
3304,3304,0,9008,0,0,22ca,001c,8906,9008,0,fffffef2000004b7,0,0
3305,3305,0,9008,0,0,221b,001c,8731,9008,0,fffffef2000004b7,0,0
3306,3306,0,9008,0,0,20df,001c,8415,9008,0,fffffef2000004b7,0,0
3307,3307,0,9008,0,0,1f61,001c,8033,9008,0,fffffef2000004b7,0,0
3308,3308,0,9008,0,0,1e55,001c,7765,9008,0,fffffef2000004b7,0,0
3309,3309,0,9008,0,0,1d97,001c,7575,9008,0,fffffef2000004b7,0,0
3310,3310,0,9008,0,0,1cf9,001c,7417,9008,0,fffffef2000004b7,0,0
3311,3311,0,9008,0,0,1cd2,001c,7378,9008,0,fffffef2000004b7,0,0
3312,3312,0,9008,0,0,1d41,001c,7489,9008,0,fffffef2000004b7,0,0
3313,3313,0,9008,0,0,1e4b,001c,7755,9008,0,fffffef2000004b7,0,0
3314,3314,0,9008,0,0,1f91,001c,8081,9008,0,fffffef2000004b7,0,0
3315,3315,0,9008,0,0,20a7,001c,8359,9008,0,fffffef2000004b7,0,0
3316,3316,0,9008,0,0,21dc,001c,8668,9008,0,fffffef2000004b7,0,0
3317,3317,0,9008,0,0,22b3,001c,8883,9008,0,fffffef2000004b7,0,0
3318,3318,0,9008,0,0,2311,001c,8977,9008,0,fffffef2000004b7,0,0
3319,3319,0,9008,0,0,230a,001c,8970,9008,0,fffffef2000004b7,0,0
3320,3320,0,9008,0,0,225a,001c,8794,9008,0,fffffef2000004b7,0,0
3321,3321,0,9008,0,0,2180,001c,8576,9008,0,fffffef2000004b7,0,0
3322,3322,0,9008,0,0,2069,001c,8297,9008,0,fffffef2000004b7,0,0
3323,3323,0,9008,0,0,1f29,001c,7977,9008,0,fffffef2000004b7,0,0
3324,3324,0,9008,0,0,1dd9,001c,8153,9008,0,fffffef2000004b7,0,0
3325,3325,0,9008,0,0,1dbb,001c,7675,9008,0,fffffef2000004b7,0,0
3326,3326,0,9008,0,0,1dbb,001c,7611,9008,0,fffffef2000004b7,0,0
3327,3327,0,9008,0,0,1dbf,001c,7615,9008,0,fffffef2000004b7,0,0
3328,3328,0,9008,0,0,1ddf,001c,7647,9008,0,fffffef2000004b7,0,0
3329,3329,0,9008,0,0,1fdf,001c,8159,9008,0,fffffef2000004b7,0,0
3330,3330,0,9008,0,0,1fff,001c,8151,9008,0,fffffef2000004b7,0,0
3331,3331,0,9008,0,0,1ffb,001c,8187,9008,0,fffffef2000004b7,0,0
3332,3332,0,9008,0,0,2137,001c,8503,9008,0,fffffef2000004b7,0,0
3333,3333,0,9008,0,0,2250,001c,8784,9008,0,fffffef2000004b7,0,0
3334,3334,0,9008,0,0,230c,001c,8972,9008,0,fffffef2000004b7,0,0
3335,3335,0,9008,0,0,2334,001c,9012,9008,0,fffffef2000004b7,0,0
3336,3336,0,9008,0,0,22df,001c,8927,9008,0,fffffef2000004b7,0,0
3337,3337,0,9008,0,0,21ff,001c,8703,9008,0,fffffef2000004b7,0,0
3338,3338,0,9008,0,0,20ff,001c,8447,9008,0,fffffef2000004b7,0,0
3339,3339,0,9008,0,0,1fd3,001c,8147,9008,0,fffffef2000004b7,0,0
3340,3340,0,9008,0,0,1e7f,001c,7807,9008,0,fffffef2000004b7,0,0
3341,3341,0,9008,0,0,1d66,001c,7526,9008,0,fffffef2000004b7,0,0
3342,3342,0,9008,0,0,1cee,001c,7406,9008,0,fffffef2000004b7,0,0
3343,3343,0,9008,0,0,1cdc,001c,7388,9008,0,fffffef2000004b7,0,0
3344,3344,0,9008,0,0,1d66,001c,7526,9008,0,fffffef2000004b7,0,0
3345,3345,0,9008,0,0,1e32,001c,7730,9008,0,fffffef2000004b7,0,0
3346,3346,0,9008,0,0,1f30,001c,7984,9008,0,fffffef2000004b7,0,0
3347,3347,0,9008,0,0,20a5,001c,8357,9008,0,fffffef2000004b7,0,0
3348,3348,0,9008,0,0,21b7,001c,8631,9008,0,fffffef2000004b7,0,0
3349,3349,0,9008,0,0,22a6,001c,8870,9008,0,fffffef2000004b7,0,0
3350,3350,0,9008,0,0,231f,001c,8991,9008,0,fffffef2000004b7,0,0
3351,3351,0,9008,0,0,22f6,001c,8950,9008,0,fffffef2000004b7,0,0
3352,3352,0,9008,0,0,2290,001c,8848,9008,0,fffffef2000004b7,0,0
3353,3353,0,9008,0,0,2195,001c,8597,9008,0,fffffef2000004b7,0,0
3354,3354,0,9008,0,0,2059,001c,8281,9008,0,fffffef2000004b7,0,0
3355,3355,0,9008,0,0,1f54,001c,8020,9008,0,fffffef2000004b7,0,0
3356,3356,0,9008,0,0,1e03,001c,7683,9008,0,fffffef2000004b7,0,0
3357,3357,0,9008,0,0,1d2a,001c,7466,9008,0,fffffef2000004b7,0,0
3358,3358,0,9008,0,0,1ced,001c,7405,9008,0,fffffef2000004b7,0,0
3359,3359,0,9008,0,0,1d2a,001c,7595,9008,0,fffffef2000004b7,0,0
3360,3360,0,9008,0,0,1d9e,001c,7582,9008,0,fffffef2000004b7,0,0
3361,3361,0,9008,0,0,1fbe,001c,8126,9008,0,fffffef2000004b7,0,0
3362,3362,0,9008,0,0,1ffd,001c,8189,9008,0,fffffef2000004b7,0,0
3363,3363,0,9008,0,0,3ffd,001c,8189,9008,0,fffffef2000004b7,0,0
3364,3364,0,9008,0,0,2336,001c,9014,9008,0,fffffef2000004b7,0,0
3365,3365,0,9008,0,0,22f6,001c,8950,9008,0,fffffef2000004b7,0,0
3366,3366,0,9008,0,0,23f6,001c,9206,9008,0,fffffef2000004b7,0,0
3367,3367,0,9008,0,0,23f5,001c,9013,9008,0,fffffef2000004b7,0,0
3368,3368,0,9008,0,0,22e6,001c,8934,9008,0,fffffef2000004b7,0,0
3369,3369,0,9008,0,0,224e,001c,8782,9008,0,fffffef2000004b7,0,0
3370,3370,0,9008,0,0,2121,001c,8481,9008,0,fffffef2000004b7,0,0
3371,3371,0,9008,0,0,1fc5,001c,8133,9008,0,fffffef2000004b7,0,0
3372,3372,0,9008,0,0,1ebd,001c,7869,9008,0,fffffef2000004b7,0,0
3373,3373,0,9008,0,0,1d91,001c,7569,9008,0,fffffef2000004b7,0,0
3374,3374,0,9008,0,0,1d13,001c,7443,9008,0,fffffef2000004b7,0,0
3375,3375,0,9008,0,0,1cdc,001c,7388,9008,0,fffffef2000004b7,0,0
3376,3376,0,9008,0,0,1d40,001c,7488,9008,0,fffffef2000004b7,0,0
3377,3377,0,9008,0,0,1e1d,001c,7709,9008,0,fffffef2000004b7,0,0
3378,3378,0,9008,0,0,1f44,001c,8004,9008,0,fffffef2000004b7,0,0
3379,3379,0,9008,0,0,2083,001c,8323,9008,0,fffffef2000004b7,0,0
3380,3380,0,9008,0,0,21a8,001c,8616,9008,0,fffffef2000004b7,0,0
3381,3381,0,9008,0,0,2268,001c,8808,9008,0,fffffef2000004b7,0,0
3382,3382,0,9008,0,0,2333,001c,9011,9008,0,fffffef2000004b7,0,0
3383,3383,0,9008,0,0,236d,001c,9069,9008,0,fffffef2000004b7,0,0
3384,3384,0,9008,0,0,22b0,001c,8880,9008,0,fffffef2000004b7,0,0
3385,3385,0,9008,0,0,2197,001c,8599,9008,0,fffffef2000004b7,0,0
3386,3386,0,9008,0,0,2086,001c,8326,9008,0,fffffef2000004b7,0,0
3387,3387,0,9008,0,0,1f51,001c,8017,9008,0,fffffef2000004b7,0,0
3388,3388,0,9008,0,0,1e3e,001c,7742,9008,0,fffffef2000004b7,0,0
3389,3389,0,9008,0,0,1d45,001c,7493,9008,0,fffffef2000004b7,0,0
3390,3390,0,9008,0,0,1ccf,001c,7375,9008,0,fffffef2000004b7,0,0
3391,3391,0,9008,0,0,1cfe,001c,7422,9008,0,fffffef2000004b7,0,0
3392,3392,0,9008,0,0,1d71,001c,7537,9008,0,fffffef2000004b7,0,0
3393,3393,0,9008,0,0,1e7a,001c,7802,9008,0,fffffef2000004b7,0,0
3394,3394,0,9008,0,0,1fcf,001c,8175,9008,0,fffffef2000004b7,0,0
3395,3395,0,9008,0,0,250f,001c,12239,9008,0,fffffef2000004b7,0,0
3396,3396,0,9008,0,0,221d,001c,8989,9008,0,fffffef2000004b7,0,0
3397,3397,0,9008,0,0,22ff,001c,8959,9008,0,fffffef2000004b7,0,0
3398,3398,0,9008,0,0,23fe,001c,9214,9008,0,fffffef2000004b7,0,0
3399,3399,0,9008,0,0,23ff,001c,9215,9008,0,fffffef2000004b7,0,0
3400,3400,0,9008,0,0,22ff,001c,8959,9008,0,fffffef2000004b7,0,0
3401,3401,0,9008,0,0,237e,001c,9086,9008,0,fffffef2000004b7,0,0
3402,3402,0,9008,0,0,213e,001c,8510,9008,0,fffffef2000004b7,0,0
3403,3403,0,9008,0,0,2046,001c,8198,9008,0,fffffef2000004b7,0,0
3404,3404,0,9008,0,0,1ec2,001c,7874,9008,0,fffffef2000004b7,0,0
3405,3405,0,9008,0,0,1dbc,001c,7612,9008,0,fffffef2000004b7,0,0
3406,3406,0,9008,0,0,1d15,001c,7445,9008,0,fffffef2000004b7,0,0
3407,3407,0,9008,0,0,1cc7,001c,7367,9008,0,fffffef2000004b7,0,0
3408,3408,0,9008,0,0,1d24,001c,7460,9008,0,fffffef2000004b7,0,0
3409,3409,0,9008,0,0,1e14,001c,7700,9008,0,fffffef2000004b7,0,0
3410,3410,0,9008,0,0,1f1b,001c,7963,9008,0,fffffef2000004b7,0,0
3411,3411,0,9008,0,0,203c,001c,8252,9008,0,fffffef2000004b7,0,0
3412,3412,0,9008,0,0,2184,001c,8580,9008,0,fffffef2000004b7,0,0
3413,3413,0,9008,0,0,2271,001c,8817,9008,0,fffffef2000004b7,0,0
3414,3414,0,9008,0,0,22fd,001c,8957,9008,0,fffffef2000004b7,0,0
3415,3415,0,9008,0,0,2340,001c,9024,9008,0,fffffef2000004b7,0,0
3416,3416,0,9008,0,0,22b5,001c,8885,9008,0,fffffef2000004b7,0,0
3417,3417,0,9008,0,0,21c3,001c,8643,9008,0,fffffef2000004b7,0,0
3418,3418,0,9008,0,0,20a1,001c,8353,9008,0,fffffef2000004b7,0,0
3419,3419,0,9008,0,0,1f7d,001c,8061,9008,0,fffffef2000004b7,0,0
3420,3420,0,9008,0,0,1e43,001c,7747,9008,0,fffffef2000004b7,0,0
3421,3421,0,9008,0,0,1d5f,001c,7519,9008,0,fffffef2000004b7,0,0
3422,3422,0,9008,0,0,1cce,001c,7374,9008,0,fffffef2000004b7,0,0
3423,3423,0,9008,0,0,1cd1,001c,7377,9008,0,fffffef2000004b7,0,0
3424,3424,0,9008,0,0,1d60,001c,7520,9008,0,fffffef2000004b7,0,0
3425,3425,0,9008,0,0,1e8a,001c,7818,9008,0,fffffef2000004b7,0,0
3426,3426,0,9008,0,0,1fae,001c,8110,9008,0,fffffef2000004b7,0,0
3427,3427,0,9008,0,0,20d2,001c,8402,9008,0,fffffef2000004b7,0,0
3428,3428,0,9008,0,0,21df,001c,8671,9008,0,fffffef2000004b7,0,0
3429,3429,0,9008,0,0,22c7,001c,8903,9008,0,fffffef2000004b7,0,0
3430,3430,0,9008,0,0,2340,001c,9024,9008,0,fffffef2000004b7,0,0
3431,3431,0,9008,0,0,2301,001c,8961,9008,0,fffffef2000004b7,0,0
3432,3432,0,9008,0,0,2265,001c,9061,9008,0,fffffef2000004b7,0,0
3433,3433,0,9008,0,0,236c,001c,9068,9008,0,fffffef2000004b7,0,0
3434,3434,0,9008,0,0,215e,001c,8542,9008,0,fffffef2000004b7,0,0
3435,3435,0,9008,0,0,2016,001c,8214,9008,0,fffffef2000004b7,0,0
3436,3436,0,9008,0,0,1ffd,001c,7917,9008,0,fffffef2000004b7,0,0
3437,3437,0,9008,0,0,1dd7,001c,7639,9008,0,fffffef2000004b7,0,0
3438,3438,0,9008,0,0,1dd6,001c,7638,9008,0,fffffef2000004b7,0,0
3439,3439,0,9008,0,0,1ce1,001c,7393,9008,0,fffffef2000004b7,0,0
3440,3440,0,9008,0,0,1d0f,001c,7439,9008,0,fffffef2000004b7,0,0
3441,3441,0,9008,0,0,1dbb,001c,7611,9008,0,fffffef2000004b7,0,0
3442,3442,0,9008,0,0,1ef1,001c,7921,9008,0,fffffef2000004b7,0,0
3443,3443,0,9008,0,0,2047,001c,8263,9008,0,fffffef2000004b7,0,0
3444,3444,0,9008,0,0,2174,001c,8564,9008,0,fffffef2000004b7,0,0
3445,3445,0,9008,0,0,2265,001c,8805,9008,0,fffffef2000004b7,0,0
3446,3446,0,9008,0,0,22e2,001c,8930,9008,0,fffffef2000004b7,0,0
3447,3447,0,9008,0,0,2319,001c,8985,9008,0,fffffef2000004b7,0,0
3448,3448,0,9008,0,0,22bb,001c,8891,9008,0,fffffef2000004b7,0,0
3449,3449,0,9008,0,0,21fb,001c,8699,9008,0,fffffef2000004b7,0,0
3450,3450,0,9008,0,0,20d3,001c,8403,9008,0,fffffef2000004b7,0,0
3451,3451,0,9008,0,0,1f5a,001c,8026,9008,0,fffffef2000004b7,0,0
3452,3452,0,9008,0,0,1e49,001c,7753,9008,0,fffffef2000004b7,0,0
3453,3453,0,9008,0,0,1da3,001c,7587,9008,0,fffffef2000004b7,0,0
3454,3454,0,9008,0,0,1cf2,001c,7410,9008,0,fffffef2000004b7,0,0
3455,3455,0,9008,0,0,1ccc,001c,7372,9008,0,fffffef2000004b7,0,0
3456,3456,0,9008,0,0,1d4a,001c,7498,9008,0,fffffef2000004b7,0,0
3457,3457,0,9008,0,0,1e57,001c,7767,9008,0,fffffef2000004b7,0,0
3458,3458,0,9008,0,0,1f84,001c,8068,9008,0,fffffef2000004b7,0,0
3459,3459,0,9008,0,0,20ce,001c,8398,9008,0,fffffef2000004b7,0,0
3460,3460,0,9008,0,0,21e2,001c,8674,9008,0,fffffef2000004b7,0,0
3461,3461,0,9008,0,0,22b9,001c,8889,9008,0,fffffef2000004b7,0,0
3462,3462,0,9008,0,0,2313,001c,8979,9008,0,fffffef2000004b7,0,0
3463,3463,0,9008,0,0,2307,001c,8967,9008,0,fffffef2000004b7,0,0
3464,3464,0,9008,0,0,2296,001c,8854,9008,0,fffffef2000004b7,0,0
3465,3465,0,9008,0,0,218c,001c,8588,9008,0,fffffef2000004b7,0,0
3466,3466,0,9008,0,0,201f,001c,8223,9008,0,fffffef2000004b7,0,0
3467,3467,0,9008,0,0,1eef,001c,16127,9008,0,fffffef2000004b7,0,0
3468,3468,0,9008,0,0,1eb7,001c,7927,9008,0,fffffef2000004b7,0,0
3469,3469,0,9008,0,0,1f3f,001c,7999,9008,0,fffffef2000004b7,0,0
3470,3470,0,9008,0,0,1dbf,001c,7615,9008,0,fffffef2000004b7,0,0
3471,3471,0,9008,0,0,1dbf,001c,7615,9008,0,fffffef2000004b7,0,0
3472,3472,0,9008,0,0,1dcf,001c,7631,9008,0,fffffef2000004b7,0,0
3473,3473,0,9008,0,0,1fdb,001c,8155,9008,0,fffffef2000004b7,0,0
3474,3474,0,9008,0,0,1ed2,001c,7890,9008,0,fffffef2000004b7,0,0
3475,3475,0,9008,0,0,2061,001c,8225,9008,0,fffffef2000004b7,0,0
3476,3476,0,9008,0,0,2154,001c,8532,9008,0,fffffef2000004b7,0,0
3477,3477,0,9008,0,0,223f,001c,8767,9008,0,fffffef2000004b7,0,0
3478,3478,0,9008,0,0,22f1,001c,8945,9008,0,fffffef2000004b7,0,0
3479,3479,0,9008,0,0,232f,001c,9007,9008,0,fffffef2000004b7,0,0
3480,3480,0,9008,0,0,22f5,001c,8949,9008,0,fffffef2000004b7,0,0
3481,3481,0,9008,0,0,2214,001c,8724,9008,0,fffffef2000004b7,0,0
3482,3482,0,9008,0,0,20c8,001c,8392,9008,0,fffffef2000004b7,0,0
3483,3483,0,9008,0,0,1f9b,001c,8091,9008,0,fffffef2000004b7,0,0
3484,3484,0,9008,0,0,1e8e,001c,7822,9008,0,fffffef2000004b7,0,0
3485,3485,0,9008,0,0,1d96,001c,7574,9008,0,fffffef2000004b7,0,0
3486,3486,0,9008,0,0,1cd7,001c,7383,9008,0,fffffef2000004b7,0,0
3487,3487,0,9008,0,0,1ce1,001c,7393,9008,0,fffffef2000004b7,0,0
3488,3488,0,9008,0,0,1d49,001c,7497,9008,0,fffffef2000004b7,0,0
3489,3489,0,9008,0,0,1e40,001c,7744,9008,0,fffffef2000004b7,0,0
3490,3490,0,9008,0,0,1f57,001c,8023,9008,0,fffffef2000004b7,0,0
3491,3491,0,9008,0,0,20af,001c,8367,9008,0,fffffef2000004b7,0,0
3492,3492,0,9008,0,0,21e5,001c,8677,9008,0,fffffef2000004b7,0,0
3493,3493,0,9008,0,0,22a8,001c,8872,9008,0,fffffef2000004b7,0,0
3494,3494,0,9008,0,0,2311,001c,8977,9008,0,fffffef2000004b7,0,0
3495,3495,0,9008,0,0,2325,001c,8997,9008,0,fffffef2000004b7,0,0
3496,3496,0,9008,0,0,2290,001c,8848,9008,0,fffffef2000004b7,0,0
3497,3497,0,9008,0,0,2198,001c,8600,9008,0,fffffef2000004b7,0,0
3498,3498,0,9008,0,0,2086,001c,8326,9008,0,fffffef2000004b7,0,0
3499,3499,0,9008,0,0,1f2c,001c,7980,9008,0,fffffef2000004b7,0,0
3500,3500,0,9008,0,0,1ddd,001c,7645,9008,0,fffffef2000004b7,0,0
3501,3501,0,9008,0,0,1d39,001c,7481,9008,0,fffffef2000004b7,0,0
3502,3502,0,9008,0,0,1cf9,001c,7417,9008,0,fffffef2000004b7,0,0
3503,3503,0,9008,0,0,1d1b,001c,7643,9008,0,fffffef2000004b7,0,0
3504,3504,0,9008,0,0,1db3,001c,7603,9008,0,fffffef2000004b7,0,0
3505,3505,0,9008,0,0,1fbd,001c,8125,9008,0,fffffef2000004b7,0,0
3506,3506,0,9008,0,0,1ffe,001c,8190,9008,0,fffffef2000004b7,0,0
3507,3507,0,9008,0,0,1fea,001c,8170,9008,0,fffffef2000004b7,0,0
3508,3508,0,9008,0,0,2379,001c,8553,9008,0,fffffef2000004b7,0,0
3509,3509,0,9008,0,0,22dd,001c,8925,9008,0,fffffef2000004b7,0,0
3510,3510,0,9008,0,0,23dd,001c,8925,9008,0,fffffef2000004b7,0,0
3511,3511,0,9008,0,0,2346,001c,8966,9008,0,fffffef2000004b7,0,0
3512,3512,0,9008,0,0,22ef,001c,8943,9008,0,fffffef2000004b7,0,0
3513,3513,0,9008,0,0,223d,001c,8765,9008,0,fffffef2000004b7,0,0
3514,3514,0,9008,0,0,211c,001c,8476,9008,0,fffffef2000004b7,0,0
3515,3515,0,9008,0,0,1fac,001c,8108,9008,0,fffffef2000004b7,0,0
3516,3516,0,9008,0,0,1e79,001c,7801,9008,0,fffffef2000004b7,0,0
3517,3517,0,9008,0,0,1da5,001c,7589,9008,0,fffffef2000004b7,0,0
3518,3518,0,9008,0,0,1d18,001c,7448,9008,0,fffffef2000004b7,0,0
3519,3519,0,9008,0,0,1ce6,001c,7398,9008,0,fffffef2000004b7,0,0
3520,3520,0,9008,0,0,1d31,001c,7473,9008,0,fffffef2000004b7,0,0
3521,3521,0,9008,0,0,1df6,001c,7670,9008,0,fffffef2000004b7,0,0
3522,3522,0,9008,0,0,1f4e,001c,8014,9008,0,fffffef2000004b7,0,0
3523,3523,0,9008,0,0,20b4,001c,8372,9008,0,fffffef2000004b7,0,0
3524,3524,0,9008,0,0,219c,001c,8604,9008,0,fffffef2000004b7,0,0
3525,3525,0,9008,0,0,22bd,001c,8893,9008,0,fffffef2000004b7,0,0
3526,3526,0,9008,0,0,22d0,001c,8912,9008,0,fffffef2000004b7,0,0
3527,3527,0,9008,0,0,2312,001c,8978,9008,0,fffffef2000004b7,0,0
3528,3528,0,9008,0,0,22ca,001c,8906,9008,0,fffffef2000004b7,0,0
3529,3529,0,9008,0,0,21c0,001c,8640,9008,0,fffffef2000004b7,0,0
3530,3530,0,9008,0,0,209c,001c,8348,9008,0,fffffef2000004b7,0,0
3531,3531,0,9008,0,0,1f29,001c,7977,9008,0,fffffef2000004b7,0,0
3532,3532,0,9008,0,0,1ded,001c,7661,9008,0,fffffef2000004b7,0,0
3533,3533,0,9008,0,0,1d61,001c,7521,9008,0,fffffef2000004b7,0,0
3534,3534,0,9008,0,0,1d07,001c,7431,9008,0,fffffef2000004b7,0,0
3535,3535,0,9008,0,0,1d0c,001c,7436,9008,0,fffffef2000004b7,0,0
3536,3536,0,9008,0,0,1d72,001c,7538,9008,0,fffffef2000004b7,0,0
3537,3537,0,9008,0,0,1e82,001c,7842,9008,0,fffffef2000004b7,0,0
3538,3538,0,9008,0,0,1fdb,001c,8155,9008,0,fffffef2000004b7,0,0
3539,3539,0,9008,0,0,2fbb,001c,16379,9008,0,fffffef2000004b7,0,0
3540,3540,0,9008,0,0,2337,001c,9015,9008,0,fffffef2000004b7,0,0
3541,3541,0,9008,0,0,22f7,001c,8951,9008,0,fffffef2000004b7,0,0
3542,3542,0,9008,0,0,23f7,001c,9207,9008,0,fffffef2000004b7,0,0
3543,3543,0,9008,0,0,23dd,001c,9181,9008,0,fffffef2000004b7,0,0
3544,3544,0,9008,0,0,22ee,001c,8942,9008,0,fffffef2000004b7,0,0
3545,3545,0,9008,0,0,234b,001c,9035,9008,0,fffffef2000004b7,0,0
3546,3546,0,9008,0,0,2945,001c,8513,9008,0,fffffef2000004b7,0,0
3547,3547,0,9008,0,0,1fed,001c,8173,9008,0,fffffef2000004b7,0,0
3548,3548,0,9008,0,0,1e8e,001c,7822,9008,0,fffffef2000004b7,0,0
3549,3549,0,9008,0,0,1d8c,001c,7564,9008,0,fffffef2000004b7,0,0
3550,3550,0,9008,0,0,1d0d,001c,7437,9008,0,fffffef2000004b7,0,0
3551,3551,0,9008,0,0,1ce1,001c,7393,9008,0,fffffef2000004b7,0,0
3552,3552,0,9008,0,0,1d35,001c,7477,9008,0,fffffef2000004b7,0,0
3553,3553,0,9008,0,0,1dfd,001c,7677,9008,0,fffffef2000004b7,0,0
3554,3554,0,9008,0,0,1efe,001c,7934,9008,0,fffffef2000004b7,0,0
3555,3555,0,9008,0,0,206d,001c,8301,9008,0,fffffef2000004b7,0,0
3556,3556,0,9008,0,0,2192,001c,8594,9008,0,fffffef2000004b7,0,0
3557,3557,0,9008,0,0,2284,001c,8836,9008,0,fffffef2000004b7,0,0
3558,3558,0,9008,0,0,2336,001c,9014,9008,0,fffffef2000004b7,0,0
3559,3559,0,9008,0,0,2319,001c,8985,9008,0,fffffef2000004b7,0,0
3560,3560,0,9008,0,0,22a6,001c,8870,9008,0,fffffef2000004b7,0,0
3561,3561,0,9008,0,0,21ce,001c,8654,9008,0,fffffef2000004b7,0,0
3562,3562,0,9008,0,0,20b2,001c,8370,9008,0,fffffef2000004b7,0,0
3563,3563,0,9008,0,0,1f59,001c,8025,9008,0,fffffef2000004b7,0,0
3564,3564,0,9008,0,0,1e26,001c,7718,9008,0,fffffef2000004b7,0,0
3565,3565,0,9008,0,0,1d5a,001c,7514,9008,0,fffffef2000004b7,0,0
3566,3566,0,9008,0,0,1d07,001c,7431,9008,0,fffffef2000004b7,0,0
3567,3567,0,9008,0,0,1cd1,001c,7377,9008,0,fffffef2000004b7,0,0
3568,3568,0,9008,0,0,1d7f,001c,7551,9008,0,fffffef2000004b7,0,0
3569,3569,0,9008,0,0,1e8e,001c,7822,9008,0,fffffef2000004b7,0,0
3570,3570,0,9008,0,0,1fac,001c,8108,9008,0,fffffef2000004b7,0,0
3571,3571,0,9008,0,0,20e9,001c,8425,9008,0,fffffef2000004b7,0,0
3572,3572,0,9008,0,0,2207,001c,8743,9008,0,fffffef2000004b7,0,0
3573,3573,0,9008,0,0,22d7,001c,8919,9008,0,fffffef2000004b7,0,0
3574,3574,0,9008,0,0,2351,001c,9171,9008,0,fffffef2000004b7,0,0
3575,3575,0,9008,0,0,22e1,001c,9201,9008,0,fffffef2000004b7,0,0
3576,3576,0,9008,0,0,22e3,001c,8931,9008,0,fffffef2000004b7,0,0
3577,3577,0,9008,0,0,235e,001c,9054,9008,0,fffffef2000004b7,0,0
3578,3578,0,9008,0,0,215e,001c,8542,9008,0,fffffef2000004b7,0,0
3579,3579,0,9008,0,0,2eda,001c,11994,9008,0,fffffef2000004b7,0,0
3580,3580,0,9008,0,0,1eda,001c,7898,9008,0,fffffef2000004b7,0,0
3581,3581,0,9008,0,0,1dbd,001c,7613,9008,0,fffffef2000004b7,0,0
3582,3582,0,9008,0,0,1dd4,001c,7492,9008,0,fffffef2000004b7,0,0
3583,3583,0,9008,0,0,1cdc,001c,7388,9008,0,fffffef2000004b7,0,0
3584,3584,0,9008,0,0,1d0b,001c,7435,9008,0,fffffef2000004b7,0,0
3585,3585,0,9008,0,0,1dea,001c,7658,9008,0,fffffef2000004b7,0,0
3586,3586,0,9008,0,0,1f06,001c,7942,9008,0,fffffef2000004b7,0,0
3587,3587,0,9008,0,0,2037,001c,8247,9008,0,fffffef2000004b7,0,0
3588,3588,0,9008,0,0,2168,001c,8552,9008,0,fffffef2000004b7,0,0
3589,3589,0,9008,0,0,2261,001c,8801,9008,0,fffffef2000004b7,0,0
3590,3590,0,9008,0,0,2310,001c,8976,9008,0,fffffef2000004b7,0,0
3591,3591,0,9008,0,0,2323,001c,8995,9008,0,fffffef2000004b7,0,0
3592,3592,0,9008,0,0,22b4,001c,8884,9008,0,fffffef2000004b7,0,0
3593,3593,0,9008,0,0,21e0,001c,8672,9008,0,fffffef2000004b7,0,0
3594,3594,0,9008,0,0,20d9,001c,8409,9008,0,fffffef2000004b7,0,0
3595,3595,0,9008,0,0,1f89,001c,8073,9008,0,fffffef2000004b7,0,0
3596,3596,0,9008,0,0,1e55,001c,7765,9008,0,fffffef2000004b7,0,0
3597,3597,0,9008,0,0,1d51,001c,7505,9008,0,fffffef2000004b7,0,0
3598,3598,0,9008,0,0,1ccd,001c,7373,9008,0,fffffef2000004b7,0,0
3599,3599,0,9008,0,0,1cf4,001c,7412,9008,0,fffffef2000004b7,0,0
3600,3600,0,9008,0,0,1d7c,001c,7548,9008,0,fffffef2000004b7,0,0
3601,3601,0,9008,0,0,1e57,001c,7767,9008,0,fffffef2000004b7,0,0
3602,3602,0,9008,0,0,1f8c,001c,8076,9008,0,fffffef2000004b7,0,0
3603,3603,0,9008,0,0,20b2,001c,8370,9008,0,fffffef2000004b7,0,0
3604,3604,0,9008,0,0,21f6,001c,8694,9008,0,fffffef2000004b7,0,0
3605,3605,0,9008,0,0,22cb,001c,8907,9008,0,fffffef2000004b7,0,0
3606,3606,0,9008,0,0,2317,001c,8983,9008,0,fffffef2000004b7,0,0
3607,3607,0,9008,0,0,22ee,001c,8942,9008,0,fffffef2000004b7,0,0
3608,3608,0,9008,0,0,225f,001c,8799,9008,0,fffffef2000004b7,0,0
3609,3609,0,9008,0,0,2166,001c,8558,9008,0,fffffef2000004b7,0,0
3610,3610,0,9008,0,0,2032,001c,8246,9008,0,fffffef2000004b7,0,0
3611,3611,0,9008,0,0,1eff,001c,16127,9008,0,fffffef2000004b7,0,0
3612,3612,0,9008,0,0,1fff,001c,8191,9008,0,fffffef2000004b7,0,0
3613,3613,0,9008,0,0,1dbf,001c,7615,9008,0,fffffef2000004b7,0,0
3614,3614,0,9008,0,0,1dfd,001c,7677,9008,0,fffffef2000004b7,0,0
3615,3615,0,9008,0,0,1dec,001c,7660,9008,0,fffffef2000004b7,0,0
3616,3616,0,9008,0,0,1de1,001c,7649,9008,0,fffffef2000004b7,0,0
3617,3617,0,9008,0,0,1fc1,001c,8129,9008,0,fffffef2000004b7,0,0
3618,3618,0,9008,0,0,1ec0,001c,7872,9008,0,fffffef2000004b7,0,0
3619,3619,0,9008,0,0,2015,001c,8213,9008,0,fffffef2000004b7,0,0
3620,3620,0,9008,0,0,2179,001c,8569,9008,0,fffffef2000004b7,0,0
3621,3621,0,9008,0,0,2276,001c,8822,9008,0,fffffef2000004b7,0,0
3622,3622,0,9008,0,0,22d9,001c,8921,9008,0,fffffef2000004b7,0,0
3623,3623,0,9008,0,0,2321,001c,8993,9008,0,fffffef2000004b7,0,0
3624,3624,0,9008,0,0,22dc,001c,8924,9008,0,fffffef2000004b7,0,0
3625,3625,0,9008,0,0,221e,001c,8734,9008,0,fffffef2000004b7,0,0
3626,3626,0,9008,0,0,20ee,001c,8430,9008,0,fffffef2000004b7,0,0
3627,3627,0,9008,0,0,1f8f,001c,8079,9008,0,fffffef2000004b7,0,0
3628,3628,0,9008,0,0,1e74,001c,7796,9008,0,fffffef2000004b7,0,0
3629,3629,0,9008,0,0,1d91,001c,7569,9008,0,fffffef2000004b7,0,0
3630,3630,0,9008,0,0,1ceb,001c,7403,9008,0,fffffef2000004b7,0,0
3631,3631,0,9008,0,0,1cdf,001c,7391,9008,0,fffffef2000004b7,0,0
3632,3632,0,9008,0,0,1d5d,001c,7517,9008,0,fffffef2000004b7,0,0
3633,3633,0,9008,0,0,1e5a,001c,7770,9008,0,fffffef2000004b7,0,0
3634,3634,0,9008,0,0,1f6a,001c,8042,9008,0,fffffef2000004b7,0,0
3635,3635,0,9008,0,0,20b8,001c,8376,9008,0,fffffef2000004b7,0,0
3636,3636,0,9008,0,0,21cb,001c,8651,9008,0,fffffef2000004b7,0,0
3637,3637,0,9008,0,0,2289,001c,8841,9008,0,fffffef2000004b7,0,0
3638,3638,0,9008,0,0,232f,001c,9007,9008,0,fffffef2000004b7,0,0
3639,3639,0,9008,0,0,233a,001c,9018,9008,0,fffffef2000004b7,0,0
3640,3640,0,9008,0,0,2280,001c,8832,9008,0,fffffef2000004b7,0,0
3641,3641,0,9008,0,0,2174,001c,8564,9008,0,fffffef2000004b7,0,0
3642,3642,0,9008,0,0,2040,001c,8256,9008,0,fffffef2000004b7,0,0
3643,3643,0,9008,0,0,1f14,001c,7956,9008,0,fffffef2000004b7,0,0
3644,3644,0,9008,0,0,1e08,001c,7688,9008,0,fffffef2000004b7,0,0
3645,3645,0,9008,0,0,1d37,001c,7999,9008,0,fffffef2000004b7,0,0
3646,3646,0,9008,0,0,1cbf,001c,7615,9008,0,fffffef2000004b7,0,0
3647,3647,0,9008,0,0,1dbf,001c,7615,9008,0,fffffef2000004b7,0,0
3648,3648,0,9008,0,0,1dbf,001c,7615,9008,0,fffffef2000004b7,0,0
3649,3649,0,9008,0,0,1ff7,001c,8183,9008,0,fffffef2000004b7,0,0
3650,3650,0,9008,0,0,1fff,001c,8191,9008,0,fffffef2000004b7,0,0
3651,3651,0,9008,0,0,1ffb,001c,8187,9008,0,fffffef2000004b7,0,0
3652,3652,0,9008,0,0,216f,001c,8558,9008,0,fffffef2000004b7,0,0
3653,3653,0,9008,0,0,22df,001c,8799,9008,0,fffffef2000004b7,0,0
3654,3654,0,9008,0,0,23f5,001c,8949,9008,0,fffffef2000004b7,0,0
3655,3655,0,9008,0,0,233c,001c,9020,9008,0,fffffef2000004b7,0,0
3656,3656,0,9008,0,0,22ff,001c,8959,9008,0,fffffef2000004b7,0,0
3657,3657,0,9008,0,0,2218,001c,8728,9008,0,fffffef2000004b7,0,0
3658,3658,0,9008,0,0,2104,001c,8452,9008,0,fffffef2000004b7,0,0
3659,3659,0,9008,0,0,1fbb,001c,8123,9008,0,fffffef2000004b7,0,0
3660,3660,0,9008,0,0,1ece,001c,7886,9008,0,fffffef2000004b7,0,0
3661,3661,0,9008,0,0,1db8,001c,7608,9008,0,fffffef2000004b7,0,0
3662,3662,0,9008,0,0,1d08,001c,7432,9008,0,fffffef2000004b7,0,0
3663,3663,0,9008,0,0,1cd1,001c,7377,9008,0,fffffef2000004b7,0,0
3664,3664,0,9008,0,0,1d30,001c,7472,9008,0,fffffef2000004b7,0,0
3665,3665,0,9008,0,0,1e0e,001c,7694,9008,0,fffffef2000004b7,0,0
3666,3666,0,9008,0,0,1f48,001c,8008,9008,0,fffffef2000004b7,0,0
3667,3667,0,9008,0,0,20b8,001c,8376,9008,0,fffffef2000004b7,0,0
3668,3668,0,9008,0,0,2193,001c,8595,9008,0,fffffef2000004b7,0,0
3669,3669,0,9008,0,0,2295,001c,8853,9008,0,fffffef2000004b7,0,0
3670,3670,0,9008,0,0,2327,001c,8999,9008,0,fffffef2000004b7,0,0
3671,3671,0,9008,0,0,2317,001c,8983,9008,0,fffffef2000004b7,0,0
3672,3672,0,9008,0,0,2299,001c,8857,9008,0,fffffef2000004b7,0,0
3673,3673,0,9008,0,0,2195,001c,8597,9008,0,fffffef2000004b7,0,0
3674,3674,0,9008,0,0,2090,001c,8336,9008,0,fffffef2000004b7,0,0
3675,3675,0,9008,0,0,1f47,001c,8007,9008,0,fffffef2000004b7,0,0
3676,3676,0,9008,0,0,1de0,001c,7648,9008,0,fffffef2000004b7,0,0
3677,3677,0,9008,0,0,1d34,001c,7476,9008,0,fffffef2000004b7,0,0
3678,3678,0,9008,0,0,1d09,001c,7433,9008,0,fffffef2000004b7,0,0
3679,3679,0,9008,0,0,1cf4,001c,7412,9008,0,fffffef2000004b7,0,0
3680,3680,0,9008,0,0,1d83,001c,7587,9008,0,fffffef2000004b7,0,0
3681,3681,0,9008,0,0,1eac,001c,7855,9008,0,fffffef2000004b7,0,0
3682,3682,0,9008,0,0,1fef,001c,8175,9008,0,fffffef2000004b7,0,0
3683,3683,0,9008,0,0,3fef,001c,16367,9008,0,fffffef2000004b7,0,0
3684,3684,0,9008,0,0,232d,001c,9005,9008,0,fffffef2000004b7,0,0
3685,3685,0,9008,0,0,22ef,001c,8943,9008,0,fffffef2000004b7,0,0
3686,3686,0,9008,0,0,23ef,001c,9199,9008,0,fffffef2000004b7,0,0
3687,3687,0,9008,0,0,23ef,001c,9199,9008,0,fffffef2000004b7,0,0
3688,3688,0,9008,0,0,22fd,001c,8957,9008,0,fffffef2000004b7,0,0
3689,3689,0,9008,0,0,2255,001c,8789,9008,0,fffffef2000004b7,0,0
3690,3690,0,9008,0,0,2128,001c,8488,9008,0,fffffef2000004b7,0,0
3691,3691,0,9008,0,0,1fd7,001c,8151,9008,0,fffffef2000004b7,0,0
3692,3692,0,9008,0,0,1ea1,001c,7841,9008,0,fffffef2000004b7,0,0
3693,3693,0,9008,0,0,1dac,001c,7596,9008,0,fffffef2000004b7,0,0
3694,3694,0,9008,0,0,1d06,001c,7430,9008,0,fffffef2000004b7,0,0
3695,3695,0,9008,0,0,1ce9,001c,7401,9008,0,fffffef2000004b7,0,0
3696,3696,0,9008,0,0,1d37,001c,7479,9008,0,fffffef2000004b7,0,0
3697,3697,0,9008,0,0,1dfc,001c,7676,9008,0,fffffef2000004b7,0,0
3698,3698,0,9008,0,0,1efd,001c,7933,9008,0,fffffef2000004b7,0,0
3699,3699,0,9008,0,0,206a,001c,8298,9008,0,fffffef2000004b7,0,0
3700,3700,0,9008,0,0,21c4,001c,8644,9008,0,fffffef2000004b7,0,0
3701,3701,0,9008,0,0,227c,001c,8828,9008,0,fffffef2000004b7,0,0
3702,3702,0,9008,0,0,230b,001c,8971,9008,0,fffffef2000004b7,0,0
3703,3703,0,9008,0,0,231e,001c,8990,9008,0,fffffef2000004b7,0,0
3704,3704,0,9008,0,0,2291,001c,8849,9008,0,fffffef2000004b7,0,0
3705,3705,0,9008,0,0,21c1,001c,8641,9008,0,fffffef2000004b7,0,0
3706,3706,0,9008,0,0,20b0,001c,8368,9008,0,fffffef2000004b7,0,0
3707,3707,0,9008,0,0,1f44,001c,8004,9008,0,fffffef2000004b7,0,0
3708,3708,0,9008,0,0,1e2c,001c,7724,9008,0,fffffef2000004b7,0,0
3709,3709,0,9008,0,0,1d6c,001c,7532,9008,0,fffffef2000004b7,0,0
3710,3710,0,9008,0,0,1cc9,001c,7369,9008,0,fffffef2000004b7,0,0
3711,3711,0,9008,0,0,1d00,001c,7424,9008,0,fffffef2000004b7,0,0
3712,3712,0,9008,0,0,1d7d,001c,7549,9008,0,fffffef2000004b7,0,0
3713,3713,0,9008,0,0,1e59,001c,7769,9008,0,fffffef2000004b7,0,0
3714,3714,0,9008,0,0,1fcb,001c,8139,9008,0,fffffef2000004b7,0,0
3715,3715,0,9008,0,0,20fd,001c,8445,9008,0,fffffef2000004b7,0,0
3716,3716,0,9008,0,0,223a,001c,8762,9008,0,fffffef2000004b7,0,0
3717,3717,0,9008,0,0,22cd,001c,8911,9008,0,fffffef2000004b7,0,0
3718,3718,0,9008,0,0,238f,001c,9167,9008,0,fffffef2000004b7,0,0
3719,3719,0,9008,0,0,23ff,001c,9215,9008,0,fffffef2000004b7,0,0
3720,3720,0,9008,0,0,22ff,001c,8959,9008,0,fffffef2000004b7,0,0
3721,3721,0,9008,0,0,237b,001c,9083,9008,0,fffffef2000004b7,0,0
3722,3722,0,9008,0,0,2172,001c,8562,9008,0,fffffef2000004b7,0,0
3723,3723,0,9008,0,0,2e02,001c,11266,9008,0,fffffef2000004b7,0,0
3724,3724,0,9008,0,0,1ee8,001c,7848,9008,0,fffffef2000004b7,0,0
3725,3725,0,9008,0,0,1dc1,001c,7617,9008,0,fffffef2000004b7,0,0
3726,3726,0,9008,0,0,1d68,001c,7464,9008,0,fffffef2000004b7,0,0
3727,3727,0,9008,0,0,1cd5,001c,7381,9008,0,fffffef2000004b7,0,0
3728,3728,0,9008,0,0,1d0c,001c,7436,9008,0,fffffef2000004b7,0,0
3729,3729,0,9008,0,0,1dd6,001c,7638,9008,0,fffffef2000004b7,0,0
3730,3730,0,9008,0,0,1f10,001c,7952,9008,0,fffffef2000004b7,0,0
3731,3731,0,9008,0,0,204c,001c,8268,9008,0,fffffef2000004b7,0,0
3732,3732,0,9008,0,0,215b,001c,8539,9008,0,fffffef2000004b7,0,0
3733,3733,0,9008,0,0,226b,001c,8811,9008,0,fffffef2000004b7,0,0
3734,3734,0,9008,0,0,2310,001c,8976,9008,0,fffffef2000004b7,0,0
3735,3735,0,9008,0,0,2325,001c,8997,9008,0,fffffef2000004b7,0,0
3736,3736,0,9008,0,0,22c2,001c,8898,9008,0,fffffef2000004b7,0,0
3737,3737,0,9008,0,0,21ea,001c,8682,9008,0,fffffef2000004b7,0,0
3738,3738,0,9008,0,0,20af,001c,8367,9008,0,fffffef2000004b7,0,0
3739,3739,0,9008,0,0,1f7e,001c,8062,9008,0,fffffef2000004b7,0,0
3740,3740,0,9008,0,0,1e3d,001c,7741,9008,0,fffffef2000004b7,0,0
3741,3741,0,9008,0,0,1d66,001c,7526,9008,0,fffffef2000004b7,0,0
3742,3742,0,9008,0,0,1ce7,001c,7399,9008,0,fffffef2000004b7,0,0
3743,3743,0,9008,0,0,1ccc,001c,7372,9008,0,fffffef2000004b7,0,0
3744,3744,0,9008,0,0,1d8b,001c,7563,9008,0,fffffef2000004b7,0,0
3745,3745,0,9008,0,0,1e85,001c,7813,9008,0,fffffef2000004b7,0,0
3746,3746,0,9008,0,0,1f5f,001c,8031,9008,0,fffffef2000004b7,0,0
3747,3747,0,9008,0,0,20be,001c,8382,9008,0,fffffef2000004b7,0,0
3748,3748,0,9008,0,0,221b,001c,8731,9008,0,fffffef2000004b7,0,0
3749,3749,0,9008,0,0,22e9,001c,8937,9008,0,fffffef2000004b7,0,0
3750,3750,0,9008,0,0,2320,001c,8992,9008,0,fffffef2000004b7,0,0
3751,3751,0,9008,0,0,22e1,001c,8929,9008,0,fffffef2000004b7,0,0
3752,3752,0,9008,0,0,2277,001c,8823,9008,0,fffffef2000004b7,0,0
3753,3753,0,9008,0,0,21ab,001c,9215,9008,0,fffffef2000004b7,0,0
3754,3754,0,9008,0,0,21ab,001c,8619,9008,0,fffffef2000004b7,0,0
3755,3755,0,9008,0,0,3eff,001c,16127,9008,0,fffffef2000004b7,0,0
3756,3756,0,9008,0,0,1ff5,001c,8181,9008,0,fffffef2000004b7,0,0
3757,3757,0,9008,0,0,1df9,001c,7673,9008,0,fffffef2000004b7,0,0
3758,3758,0,9008,0,0,1cfd,001c,7421,9008,0,fffffef2000004b7,0,0
3759,3759,0,9008,0,0,1ddc,001c,7644,9008,0,fffffef2000004b7,0,0
3760,3760,0,9008,0,0,1dfc,001c,7676,9008,0,fffffef2000004b7,0,0
3761,3761,0,9008,0,0,1df1,001c,7665,9008,0,fffffef2000004b7,0,0
3762,3762,0,9008,0,0,1ed4,001c,7892,9008,0,fffffef2000004b7,0,0
3763,3763,0,9008,0,0,2001,001c,8193,9008,0,fffffef2000004b7,0,0
3764,3764,0,9008,0,0,2166,001c,8550,9008,0,fffffef2000004b7,0,0
3765,3765,0,9008,0,0,2281,001c,8833,9008,0,fffffef2000004b7,0,0
3766,3766,0,9008,0,0,22fd,001c,8957,9008,0,fffffef2000004b7,0,0
3767,3767,0,9008,0,0,2319,001c,8985,9008,0,fffffef2000004b7,0,0
3768,3768,0,9008,0,0,22e8,001c,8936,9008,0,fffffef2000004b7,0,0
3769,3769,0,9008,0,0,21ef,001c,8687,9008,0,fffffef2000004b7,0,0
3770,3770,0,9008,0,0,20f1,001c,8433,9008,0,fffffef2000004b7,0,0
3771,3771,0,9008,0,0,1fa5,001c,8101,9008,0,fffffef2000004b7,0,0
3772,3772,0,9008,0,0,1e33,001c,7731,9008,0,fffffef2000004b7,0,0
3773,3773,0,9008,0,0,1d8e,001c,7566,9008,0,fffffef2000004b7,0,0
3774,3774,0,9008,0,0,1ce5,001c,7397,9008,0,fffffef2000004b7,0,0
3775,3775,0,9008,0,0,1cec,001c,7404,9008,0,fffffef2000004b7,0,0
3776,3776,0,9008,0,0,1da2,001c,7586,9008,0,fffffef2000004b7,0,0
3777,3777,0,9008,0,0,1e1e,001c,7710,9008,0,fffffef2000004b7,0,0
3778,3778,0,9008,0,0,1f3c,001c,7996,9008,0,fffffef2000004b7,0,0
3779,3779,0,9008,0,0,20c5,001c,8389,9008,0,fffffef2000004b7,0,0
3780,3780,0,9008,0,0,21da,001c,8666,9008,0,fffffef2000004b7,0,0
3781,3781,0,9008,0,0,22ea,001c,8938,9008,0,fffffef2000004b7,0,0
3782,3782,0,9008,0,0,2336,001c,9014,9008,0,fffffef2000004b7,0,0
3783,3783,0,9008,0,0,22f5,001c,8949,9008,0,fffffef2000004b7,0,0
3784,3784,0,9008,0,0,227e,001c,8830,9008,0,fffffef2000004b7,0,0
3785,3785,0,9008,0,0,2187,001c,8583,9008,0,fffffef2000004b7,0,0
3786,3786,0,9008,0,0,2079,001c,8313,9008,0,fffffef2000004b7,0,0
3787,3787,0,9008,0,0,1f1a,001c,7994,9008,0,fffffef2000004b7,0,0
3788,3788,0,9008,0,0,1dca,001c,7626,9008,0,fffffef2000004b7,0,0
3789,3789,0,9008,0,0,1d3f,001c,7679,9008,0,fffffef2000004b7,0,0
3790,3790,0,9008,0,0,1df5,001c,7669,9008,0,fffffef2000004b7,0,0
3791,3791,0,9008,0,0,1dd5,001c,7637,9008,0,fffffef2000004b7,0,0
3792,3792,0,9008,0,0,1dcf,001c,7631,9008,0,fffffef2000004b7,0,0
3793,3793,0,9008,0,0,1fdb,001c,8155,9008,0,fffffef2000004b7,0,0
3794,3794,0,9008,0,0,1ff1,001c,8177,9008,0,fffffef2000004b7,0,0
3795,3795,0,9008,0,0,1ff1,001c,8177,9008,0,fffffef2000004b7,0,0
3796,3796,0,9008,0,0,213e,001c,8510,9008,0,fffffef2000004b7,0,0
3797,3797,0,9008,0,0,2351,001c,8769,9008,0,fffffef2000004b7,0,0
3798,3798,0,9008,0,0,2310,001c,8976,9008,0,fffffef2000004b7,0,0
3799,3799,0,9008,0,0,231d,001c,8989,9008,0,fffffef2000004b7,0,0
3800,3800,0,9008,0,0,22e0,001c,8928,9008,0,fffffef2000004b7,0,0
3801,3801,0,9008,0,0,2210,001c,8720,9008,0,fffffef2000004b7,0,0
3802,3802,0,9008,0,0,2109,001c,8457,9008,0,fffffef2000004b7,0,0
3803,3803,0,9008,0,0,1fe3,001c,8163,9008,0,fffffef2000004b7,0,0
3804,3804,0,9008,0,0,1e8b,001c,7819,9008,0,fffffef2000004b7,0,0
3805,3805,0,9008,0,0,1d5f,001c,7519,9008,0,fffffef2000004b7,0,0
3806,3806,0,9008,0,0,1cf0,001c,7408,9008,0,fffffef2000004b7,0,0
3807,3807,0,9008,0,0,1ce8,001c,7400,9008,0,fffffef2000004b7,0,0
3808,3808,0,9008,0,0,1d49,001c,7497,9008,0,fffffef2000004b7,0,0
3809,3809,0,9008,0,0,1e42,001c,7746,9008,0,fffffef2000004b7,0,0
3810,3810,0,9008,0,0,1f42,001c,8002,9008,0,fffffef2000004b7,0,0
3811,3811,0,9008,0,0,207b,001c,8315,9008,0,fffffef2000004b7,0,0
3812,3812,0,9008,0,0,21a5,001c,8613,9008,0,fffffef2000004b7,0,0
3813,3813,0,9008,0,0,22a4,001c,8868,9008,0,fffffef2000004b7,0,0
3814,3814,0,9008,0,0,234a,001c,9034,9008,0,fffffef2000004b7,0,0
3815,3815,0,9008,0,0,2340,001c,9024,9008,0,fffffef2000004b7,0,0
3816,3816,0,9008,0,0,2279,001c,8825,9008,0,fffffef2000004b7,0,0
3817,3817,0,9008,0,0,218e,001c,8590,9008,0,fffffef2000004b7,0,0
3818,3818,0,9008,0,0,2087,001c,8327,9008,0,fffffef2000004b7,0,0
3819,3819,0,9008,0,0,1f2e,001c,7982,9008,0,fffffef2000004b7,0,0
3820,3820,0,9008,0,0,1e05,001c,7685,9008,0,fffffef2000004b7,0,0
3821,3821,0,9008,0,0,1d43,001c,7491,9008,0,fffffef2000004b7,0,0
3822,3822,0,9008,0,0,1cf2,001c,7410,9008,0,fffffef2000004b7,0,0
3823,3823,0,9008,0,0,1cfc,001c,7420,9008,0,fffffef2000004b7,0,0
3824,3824,0,9008,0,0,1db2,001c,7610,9008,0,fffffef2000004b7,0,0
3825,3825,0,9008,0,0,1eba,001c,8122,9008,0,fffffef2000004b7,0,0
3826,3826,0,9008,0,0,1fff,001c,8191,9008,0,fffffef2000004b7,0,0
3827,3827,0,9008,0,0,3fd7,001c,16343,9008,0,fffffef2000004b7,0,0
3828,3828,0,9008,0,0,231f,001c,8991,9008,0,fffffef2000004b7,0,0
3829,3829,0,9008,0,0,22fb,001c,8955,9008,0,fffffef2000004b7,0,0
3830,3830,0,9008,0,0,23f3,001c,9203,9008,0,fffffef2000004b7,0,0
3831,3831,0,9008,0,0,23fa,001c,9210,9008,0,fffffef2000004b7,0,0
3832,3832,0,9008,0,0,22da,001c,8922,9008,0,fffffef2000004b7,0,0
3833,3833,0,9008,0,0,2204,001c,8708,9008,0,fffffef2000004b7,0,0
3834,3834,0,9008,0,0,210f,001c,8463,9008,0,fffffef2000004b7,0,0
3835,3835,0,9008,0,0,1fd8,001c,8152,9008,0,fffffef2000004b7,0,0
3836,3836,0,9008,0,0,1eb2,001c,7858,9008,0,fffffef2000004b7,0,0
3837,3837,0,9008,0,0,1dd0,001c,7632,9008,0,fffffef2000004b7,0,0
3838,3838,0,9008,0,0,1cce,001c,7374,9008,0,fffffef2000004b7,0,0
3839,3839,0,9008,0,0,1cc9,001c,7369,9008,0,fffffef2000004b7,0,0
3840,3840,0,9008,0,0,1d51,001c,7505,9008,0,fffffef2000004b7,0,0
3841,3841,0,9008,0,0,1e0c,001c,7692,9008,0,fffffef2000004b7,0,0
3842,3842,0,9008,0,0,1f5d,001c,8029,9008,0,fffffef2000004b7,0,0
3843,3843,0,9008,0,0,207b,001c,8315,9008,0,fffffef2000004b7,0,0
3844,3844,0,9008,0,0,2172,001c,8562,9008,0,fffffef2000004b7,0,0
3845,3845,0,9008,0,0,22af,001c,8879,9008,0,fffffef2000004b7,0,0
3846,3846,0,9008,0,0,2347,001c,9031,9008,0,fffffef2000004b7,0,0
3847,3847,0,9008,0,0,2324,001c,8996,9008,0,fffffef2000004b7,0,0
3848,3848,0,9008,0,0,229a,001c,8858,9008,0,fffffef2000004b7,0,0
3849,3849,0,9008,0,0,219d,001c,8605,9008,0,fffffef2000004b7,0,0
3850,3850,0,9008,0,0,20a2,001c,8354,9008,0,fffffef2000004b7,0,0
3851,3851,0,9008,0,0,1f7f,001c,8063,9008,0,fffffef2000004b7,0,0
3852,3852,0,9008,0,0,1e18,001c,7704,9008,0,fffffef2000004b7,0,0
3853,3853,0,9008,0,0,1d31,001c,7473,9008,0,fffffef2000004b7,0,0
3854,3854,0,9008,0,0,1cb9,001c,7353,9008,0,fffffef2000004b7,0,0
3855,3855,0,9008,0,0,1cf3,001c,7411,9008,0,fffffef2000004b7,0,0
3856,3856,0,9008,0,0,1db8,001c,7608,9008,0,fffffef2000004b7,0,0
3857,3857,0,9008,0,0,1e96,001c,7830,9008,0,fffffef2000004b7,0,0
3858,3858,0,9008,0,0,1fa5,001c,8101,9008,0,fffffef2000004b7,0,0
3859,3859,0,9008,0,0,20d8,001c,8440,9008,0,fffffef2000004b7,0,0
3860,3860,0,9008,0,0,221b,001c,8859,9008,0,fffffef2000004b7,0,0
3861,3861,0,9008,0,0,22ff,001c,8959,9008,0,fffffef2000004b7,0,0
3862,3862,0,9008,0,0,23b7,001c,9207,9008,0,fffffef2000004b7,0,0
3863,3863,0,9008,0,0,23f3,001c,9203,9008,0,fffffef2000004b7,0,0
3864,3864,0,9008,0,0,22db,001c,8923,9008,0,fffffef2000004b7,0,0
3865,3865,0,9008,0,0,236a,001c,9066,9008,0,fffffef2000004b7,0,0
3866,3866,0,9008,0,0,212e,001c,8494,9008,0,fffffef2000004b7,0,0
3867,3867,0,9008,0,0,2ed6,001c,8278,9008,0,fffffef2000004b7,0,0
3868,3868,0,9008,0,0,1ed6,001c,7890,9008,0,fffffef2000004b7,0,0
3869,3869,0,9008,0,0,1db6,001c,7606,9008,0,fffffef2000004b7,0,0
3870,3870,0,9008,0,0,1d28,001c,7464,9008,0,fffffef2000004b7,0,0
3871,3871,0,9008,0,0,1cb3,001c,7347,9008,0,fffffef2000004b7,0,0
3872,3872,0,9008,0,0,1cf2,001c,7410,9008,0,fffffef2000004b7,0,0
3873,3873,0,9008,0,0,1e05,001c,7685,9008,0,fffffef2000004b7,0,0
3874,3874,0,9008,0,0,1f03,001c,7939,9008,0,fffffef2000004b7,0,0
3875,3875,0,9008,0,0,2063,001c,8291,9008,0,fffffef2000004b7,0,0
3876,3876,0,9008,0,0,2192,001c,8594,9008,0,fffffef2000004b7,0,0
3877,3877,0,9008,0,0,2268,001c,8808,9008,0,fffffef2000004b7,0,0
3878,3878,0,9008,0,0,2312,001c,8978,9008,0,fffffef2000004b7,0,0
3879,3879,0,9008,0,0,2334,001c,9012,9008,0,fffffef2000004b7,0,0
3880,3880,0,9008,0,0,22a5,001c,8869,9008,0,fffffef2000004b7,0,0
3881,3881,0,9008,0,0,21d0,001c,8656,9008,0,fffffef2000004b7,0,0
3882,3882,0,9008,0,0,20b0,001c,8368,9008,0,fffffef2000004b7,0,0
3883,3883,0,9008,0,0,1f68,001c,8040,9008,0,fffffef2000004b7,0,0
3884,3884,0,9008,0,0,1e31,001c,7729,9008,0,fffffef2000004b7,0,0
3885,3885,0,9008,0,0,1d72,001c,7538,9008,0,fffffef2000004b7,0,0
3886,3886,0,9008,0,0,1cea,001c,7402,9008,0,fffffef2000004b7,0,0
3887,3887,0,9008,0,0,1ce4,001c,7396,9008,0,fffffef2000004b7,0,0
3888,3888,0,9008,0,0,1d59,001c,7513,9008,0,fffffef2000004b7,0,0
3889,3889,0,9008,0,0,1e7d,001c,7805,9008,0,fffffef2000004b7,0,0
3890,3890,0,9008,0,0,1fa9,001c,8105,9008,0,fffffef2000004b7,0,0
3891,3891,0,9008,0,0,20eb,001c,8427,9008,0,fffffef2000004b7,0,0
3892,3892,0,9008,0,0,2205,001c,8709,9008,0,fffffef2000004b7,0,0
3893,3893,0,9008,0,0,22b3,001c,8883,9008,0,fffffef2000004b7,0,0
3894,3894,0,9008,0,0,231d,001c,8989,9008,0,fffffef2000004b7,0,0
3895,3895,0,9008,0,0,2319,001c,8985,9008,0,fffffef2000004b7,0,0
3896,3896,0,9008,0,0,225f,001c,8799,9008,0,fffffef2000004b7,0,0
3897,3897,0,9008,0,0,213f,001c,9087,9008,0,fffffef2000004b7,0,0
3898,3898,0,9008,0,0,2135,001c,8501,9008,0,fffffef2000004b7,0,0
3899,3899,0,9008,0,0,3ed5,001c,16085,9008,0,fffffef2000004b7,0,0
3900,3900,0,9008,0,0,1fd6,001c,8150,9008,0,fffffef2000004b7,0,0
3901,3901,0,9008,0,0,1dea,001c,7658,9008,0,fffffef2000004b7,0,0
3902,3902,0,9008,0,0,1dea,001c,7658,9008,0,fffffef2000004b7,0,0
3903,3903,0,9008,0,0,1dc3,001c,7616,9008,0,fffffef2000004b7,0,0
3904,3904,0,9008,0,0,1dcb,001c,7499,9008,0,fffffef2000004b7,0,0
3905,3905,0,9008,0,0,1de9,001c,7657,9008,0,fffffef2000004b7,0,0
3906,3906,0,9008,0,0,1eef,001c,7919,9008,0,fffffef2000004b7,0,0
3907,3907,0,9008,0,0,203a,001c,8250,9008,0,fffffef2000004b7,0,0
3908,3908,0,9008,0,0,215f,001c,8543,9008,0,fffffef2000004b7,0,0
3909,3909,0,9008,0,0,225a,001c,8794,9008,0,fffffef2000004b7,0,0
3910,3910,0,9008,0,0,2301,001c,8961,9008,0,fffffef2000004b7,0,0
3911,3911,0,9008,0,0,2335,001c,9013,9008,0,fffffef2000004b7,0,0
3912,3912,0,9008,0,0,22e5,001c,8933,9008,0,fffffef2000004b7,0,0
3913,3913,0,9008,0,0,21f3,001c,8691,9008,0,fffffef2000004b7,0,0
3914,3914,0,9008,0,0,20a5,001c,8357,9008,0,fffffef2000004b7,0,0
3915,3915,0,9008,0,0,1f91,001c,8081,9008,0,fffffef2000004b7,0,0
3916,3916,0,9008,0,0,1e6e,001c,7790,9008,0,fffffef2000004b7,0,0
3917,3917,0,9008,0,0,1d6f,001c,7535,9008,0,fffffef2000004b7,0,0
3918,3918,0,9008,0,0,1ce0,001c,7392,9008,0,fffffef2000004b7,0,0
3919,3919,0,9008,0,0,1ce9,001c,7401,9008,0,fffffef2000004b7,0,0
3920,3920,0,9008,0,0,1d7a,001c,7546,9008,0,fffffef2000004b7,0,0
3921,3921,0,9008,0,0,1e46,001c,7750,9008,0,fffffef2000004b7,0,0
3922,3922,0,9008,0,0,1f66,001c,8038,9008,0,fffffef2000004b7,0,0
3923,3923,0,9008,0,0,20cf,001c,8399,9008,0,fffffef2000004b7,0,0
3924,3924,0,9008,0,0,2203,001c,8707,9008,0,fffffef2000004b7,0,0
3925,3925,0,9008,0,0,22df,001c,8927,9008,0,fffffef2000004b7,0,0
3926,3926,0,9008,0,0,234a,001c,9034,9008,0,fffffef2000004b7,0,0
3927,3927,0,9008,0,0,22cf,001c,8911,9008,0,fffffef2000004b7,0,0
3928,3928,0,9008,0,0,2266,001c,8806,9008,0,fffffef2000004b7,0,0
3929,3929,0,9008,0,0,215e,001c,8542,9008,0,fffffef2000004b7,0,0
3930,3930,0,9008,0,0,2045,001c,8261,9008,0,fffffef2000004b7,0,0
3931,3931,0,9008,0,0,1f22,001c,7971,9008,0,fffffef2000004b7,0,0
3932,3932,0,9008,0,0,1dfb,001c,8187,9008,0,fffffef2000004b7,0,0
3933,3933,0,9008,0,0,1d9f,001c,7647,9008,0,fffffef2000004b7,0,0
3934,3934,0,9008,0,0,1df7,001c,7671,9008,0,fffffef2000004b7,0,0
3935,3935,0,9008,0,0,1dfc,001c,7676,9008,0,fffffef2000004b7,0,0
3936,3936,0,9008,0,0,1ddf,001c,7647,9008,0,fffffef2000004b7,0,0
3937,3937,0,9008,0,0,1fd7,001c,8151,9008,0,fffffef2000004b7,0,0
3938,3938,0,9008,0,0,1ed6,001c,7894,9008,0,fffffef2000004b7,0,0
3939,3939,0,9008,0,0,2164,001c,8548,9008,0,fffffef2000004b7,0,0
3940,3940,0,9008,0,0,215e,001c,8542,9008,0,fffffef2000004b7,0,0
3941,3941,0,9008,0,0,2246,001c,8774,9008,0,fffffef2000004b7,0,0
3942,3942,0,9008,0,0,22f5,001c,8949,9008,0,fffffef2000004b7,0,0
3943,3943,0,9008,0,0,234d,001c,9037,9008,0,fffffef2000004b7,0,0
3944,3944,0,9008,0,0,22e7,001c,8935,9008,0,fffffef2000004b7,0,0
3945,3945,0,9008,0,0,2206,001c,8710,9008,0,fffffef2000004b7,0,0
3946,3946,0,9008,0,0,20fc,001c,8444,9008,0,fffffef2000004b7,0,0
3947,3947,0,9008,0,0,1fb7,001c,8119,9008,0,fffffef2000004b7,0,0
3948,3948,0,9008,0,0,1e78,001c,7800,9008,0,fffffef2000004b7,0,0
3949,3949,0,9008,0,0,1d8b,001c,7563,9008,0,fffffef2000004b7,0,0
3950,3950,0,9008,0,0,1cce,001c,7374,9008,0,fffffef2000004b7,0,0
3951,3951,0,9008,0,0,1cf6,001c,7414,9008,0,fffffef2000004b7,0,0
3952,3952,0,9008,0,0,1d53,001c,7507,9008,0,fffffef2000004b7,0,0
3953,3953,0,9008,0,0,1e1f,001c,7711,9008,0,fffffef2000004b7,0,0
3954,3954,0,9008,0,0,1f5d,001c,8029,9008,0,fffffef2000004b7,0,0
3955,3955,0,9008,0,0,20b7,001c,8375,9008,0,fffffef2000004b7,0,0
3956,3956,0,9008,0,0,21b0,001c,8624,9008,0,fffffef2000004b7,0,0
3957,3957,0,9008,0,0,22af,001c,8879,9008,0,fffffef2000004b7,0,0
3958,3958,0,9008,0,0,232b,001c,9003,9008,0,fffffef2000004b7,0,0
3959,3959,0,9008,0,0,2309,001c,8969,9008,0,fffffef2000004b7,0,0
3960,3960,0,9008,0,0,226f,001c,8815,9008,0,fffffef2000004b7,0,0
3961,3961,0,9008,0,0,21a6,001c,8614,9008,0,fffffef2000004b7,0,0
3962,3962,0,9008,0,0,2071,001c,8305,9008,0,fffffef2000004b7,0,0
3963,3963,0,9008,0,0,1ef1,001c,7921,9008,0,fffffef2000004b7,0,0
3964,3964,0,9008,0,0,1dfc,001c,7676,9008,0,fffffef2000004b7,0,0
3965,3965,0,9008,0,0,1d53,001c,7507,9008,0,fffffef2000004b7,0,0
3966,3966,0,9008,0,0,1cdf,001c,7391,9008,0,fffffef2000004b7,0,0
3967,3967,0,9008,0,0,1cfe,001c,7422,9008,0,fffffef2000004b7,0,0
3968,3968,0,9008,0,0,1dae,001c,7614,9008,0,fffffef2000004b7,0,0
3969,3969,0,9008,0,0,1fa7,001c,8103,9008,0,fffffef2000004b7,0,0
3970,3970,0,9008,0,0,1fff,001c,8191,9008,0,fffffef2000004b7,0,0
3971,3971,0,9008,0,0,3fff,001c,16383,9008,0,fffffef2000004b7,0,0
3972,3972,0,9008,0,0,237f,001c,9087,9008,0,fffffef2000004b7,0,0
3973,3973,0,9008,0,0,2373,001c,9075,9008,0,fffffef2000004b7,0,0
3974,3974,0,9008,0,0,2307,001c,8967,9008,0,fffffef2000004b7,0,0
3975,3975,0,9008,0,0,23d6,001c,9174,9008,0,fffffef2000004b7,0,0
3976,3976,0,9008,0,0,22d4,001c,8916,9008,0,fffffef2000004b7,0,0
3977,3977,0,9008,0,0,2247,001c,8775,9008,0,fffffef2000004b7,0,0
3978,3978,0,9008,0,0,2113,001c,8467,9008,0,fffffef2000004b7,0,0
3979,3979,0,9008,0,0,1fc1,001c,8129,9008,0,fffffef2000004b7,0,0
3980,3980,0,9008,0,0,1e7c,001c,7804,9008,0,fffffef2000004b7,0,0
3981,3981,0,9008,0,0,1dab,001c,7595,9008,0,fffffef2000004b7,0,0
3982,3982,0,9008,0,0,1d21,001c,7457,9008,0,fffffef2000004b7,0,0
3983,3983,0,9008,0,0,1cb1,001c,7345,9008,0,fffffef2000004b7,0,0
3984,3984,0,9008,0,0,1d1a,001c,7450,9008,0,fffffef2000004b7,0,0
3985,3985,0,9008,0,0,1e26,001c,7718,9008,0,fffffef2000004b7,0,0
3986,3986,0,9008,0,0,1f49,001c,8009,9008,0,fffffef2000004b7,0,0
3987,3987,0,9008,0,0,2077,001c,8311,9008,0,fffffef2000004b7,0,0
3988,3988,0,9008,0,0,21ba,001c,8634,9008,0,fffffef2000004b7,0,0
3989,3989,0,9008,0,0,227e,001c,8830,9008,0,fffffef2000004b7,0,0
3990,3990,0,9008,0,0,230c,001c,8972,9008,0,fffffef2000004b7,0,0
3991,3991,0,9008,0,0,233f,001c,9023,9008,0,fffffef2000004b7,0,0
3992,3992,0,9008,0,0,2294,001c,8852,9008,0,fffffef2000004b7,0,0
3993,3993,0,9008,0,0,2194,001c,8596,9008,0,fffffef2000004b7,0,0
3994,3994,0,9008,0,0,2082,001c,8322,9008,0,fffffef2000004b7,0,0
3995,3995,0,9008,0,0,1f39,001c,7993,9008,0,fffffef2000004b7,0,0
3996,3996,0,9008,0,0,1e0a,001c,7690,9008,0,fffffef2000004b7,0,0
3997,3997,0,9008,0,0,1d56,001c,7510,9008,0,fffffef2000004b7,0,0
3998,3998,0,9008,0,0,1cda,001c,7386,9008,0,fffffef2000004b7,0,0
3999,3999,0,9008,0,0,1cee,001c,7406,9008,0,fffffef2000004b7,0,0
4000,4000,0,9008,0,0,1d9e,001c,7582,9008,0,fffffef2000004b7,0,0
4001,4001,0,9008,0,0,1eac,001c,7852,9008,0,fffffef2000004b7,0,0
4002,4002,0,9008,0,0,1faf,001c,8111,9008,0,fffffef2000004b7,0,0
4003,4003,0,9008,0,0,20f9,001c,12027,9008,0,fffffef2000004b7,0,0
4004,4004,0,9008,0,0,22bb,001c,8955,9008,0,fffffef2000004b7,0,0
4005,4005,0,9008,0,0,22fb,001c,8955,9008,0,fffffef2000004b7,0,0
4006,4006,0,9008,0,0,23f9,001c,9209,9008,0,fffffef2000004b7,0,0
4007,4007,0,9008,0,0,23f7,001c,9207,9008,0,fffffef2000004b7,0,0
4008,4008,0,9008,0,0,22f6,001c,8950,9008,0,fffffef2000004b7,0,0
4009,4009,0,9008,0,0,233e,001c,9022,9008,0,fffffef2000004b7,0,0
4010,4010,0,9008,0,0,2ffc,001c,8572,9008,0,fffffef2000004b7,0,0
4011,4011,0,9008,0,0,1ffd,001c,8189,9008,0,fffffef2000004b7,0,0
4012,4012,0,9008,0,0,1ec5,001c,7877,9008,0,fffffef2000004b7,0,0
4013,4013,0,9008,0,0,1db7,001c,7607,9008,0,fffffef2000004b7,0,0
4014,4014,0,9008,0,0,1cf5,001c,7413,9008,0,fffffef2000004b7,0,0
4015,4015,0,9008,0,0,1cbd,001c,7357,9008,0,fffffef2000004b7,0,0
4016,4016,0,9008,0,0,1d31,001c,7473,9008,0,fffffef2000004b7,0,0
4017,4017,0,9008,0,0,1e08,001c,7688,9008,0,fffffef2000004b7,0,0
4018,4018,0,9008,0,0,1f30,001c,7984,9008,0,fffffef2000004b7,0,0
4019,4019,0,9008,0,0,2042,001c,8258,9008,0,fffffef2000004b7,0,0
4020,4020,0,9008,0,0,2170,001c,8560,9008,0,fffffef2000004b7,0,0
4021,4021,0,9008,0,0,228f,001c,8847,9008,0,fffffef2000004b7,0,0
4022,4022,0,9008,0,0,231a,001c,8986,9008,0,fffffef2000004b7,0,0
4023,4023,0,9008,0,0,230d,001c,8973,9008,0,fffffef2000004b7,0,0
4024,4024,0,9008,0,0,228d,001c,8845,9008,0,fffffef2000004b7,0,0
4025,4025,0,9008,0,0,21d3,001c,8659,9008,0,fffffef2000004b7,0,0
4026,4026,0,9008,0,0,20c0,001c,8384,9008,0,fffffef2000004b7,0,0
4027,4027,0,9008,0,0,1f56,001c,8022,9008,0,fffffef2000004b7,0,0
4028,4028,0,9008,0,0,1e39,001c,7737,9008,0,fffffef2000004b7,0,0
4029,4029,0,9008,0,0,1d67,001c,7527,9008,0,fffffef2000004b7,0,0
4030,4030,0,9008,0,0,1cc0,001c,7360,9008,0,fffffef2000004b7,0,0
4031,4031,0,9008,0,0,1cef,001c,7407,9008,0,fffffef2000004b7,0,0
4032,4032,0,9008,0,0,1d82,001c,7554,9008,0,fffffef2000004b7,0,0
4033,4033,0,9008,0,0,1e7e,001c,7806,9008,0,fffffef2000004b7,0,0
4034,4034,0,9008,0,0,1fab,001c,8107,9008,0,fffffef2000004b7,0,0
4035,4035,0,9008,0,0,20e3,001c,8419,9008,0,fffffef2000004b7,0,0
4036,4036,0,9008,0,0,220d,001c,8717,9008,0,fffffef2000004b7,0,0
4037,4037,0,9008,0,0,22c8,001c,8904,9008,0,fffffef2000004b7,0,0
4038,4038,0,9008,0,0,231a,001c,8986,9008,0,fffffef2000004b7,0,0
4039,4039,0,9008,0,0,230a,001c,8970,9008,0,fffffef2000004b7,0,0
4040,4040,0,9008,0,0,226b,001c,9067,9008,0,fffffef2000004b7,0,0
4041,4041,0,9008,0,0,233b,001c,9083,9008,0,fffffef2000004b7,0,0
4042,4042,0,9008,0,0,213f,001c,8511,9008,0,fffffef2000004b7,0,0
4043,4043,0,9008,0,0,2ed5,001c,11973,9008,0,fffffef2000004b7,0,0
4044,4044,0,9008,0,0,1fd6,001c,8150,9008,0,fffffef2000004b7,0,0
4045,4045,0,9008,0,0,1dd7,001c,7639,9008,0,fffffef2000004b7,0,0
4046,4046,0,9008,0,0,1ddf,001c,7637,9008,0,fffffef2000004b7,0,0
4047,4047,0,9008,0,0,1dde,001c,7390,9008,0,fffffef2000004b7,0,0
4048,4048,0,9008,0,0,1d55,001c,7445,9008,0,fffffef2000004b7,0,0
4049,4049,0,9008,0,0,1dce,001c,7630,9008,0,fffffef2000004b7,0,0
4050,4050,0,9008,0,0,1f0b,001c,7947,9008,0,fffffef2000004b7,0,0
4051,4051,0,9008,0,0,2052,001c,8274,9008,0,fffffef2000004b7,0,0
4052,4052,0,9008,0,0,2164,001c,8548,9008,0,fffffef2000004b7,0,0
4053,4053,0,9008,0,0,2259,001c,8793,9008,0,fffffef2000004b7,0,0
4054,4054,0,9008,0,0,22fa,001c,8954,9008,0,fffffef2000004b7,0,0
4055,4055,0,9008,0,0,2347,001c,9031,9008,0,fffffef2000004b7,0,0
4056,4056,0,9008,0,0,22c8,001c,8904,9008,0,fffffef2000004b7,0,0
4057,4057,0,9008,0,0,21e3,001c,8675,9008,0,fffffef2000004b7,0,0
4058,4058,0,9008,0,0,20a2,001c,8354,9008,0,fffffef2000004b7,0,0
4059,4059,0,9008,0,0,1f5f,001c,8031,9008,0,fffffef2000004b7,0,0
4060,4060,0,9008,0,0,1e64,001c,7780,9008,0,fffffef2000004b7,0,0
4061,4061,0,9008,0,0,1d98,001c,7576,9008,0,fffffef2000004b7,0,0
4062,4062,0,9008,0,0,1d07,001c,7431,9008,0,fffffef2000004b7,0,0
4063,4063,0,9008,0,0,1cca,001c,7370,9008,0,fffffef2000004b7,0,0
4064,4064,0,9008,0,0,1d67,001c,7527,9008,0,fffffef2000004b7,0,0
4065,4065,0,9008,0,0,1e62,001c,7778,9008,0,fffffef2000004b7,0,0
4066,4066,0,9008,0,0,1f8f,001c,8079,9008,0,fffffef2000004b7,0,0
4067,4067,0,9008,0,0,20d6,001c,8406,9008,0,fffffef2000004b7,0,0
4068,4068,0,9008,0,0,21e5,001c,8677,9008,0,fffffef2000004b7,0,0
4069,4069,0,9008,0,0,22b0,001c,8880,9008,0,fffffef2000004b7,0,0
4070,4070,0,9008,0,0,2330,001c,9008,9008,0,fffffef2000004b7,0,0
4071,4071,0,9008,0,0,2323,001c,8995,9008,0,fffffef2000004b7,0,0
4072,4072,0,9008,0,0,227e,001c,8830,9008,0,fffffef2000004b7,0,0
4073,4073,0,9008,0,0,215d,001c,8541,9008,0,fffffef2000004b7,0,0
4074,4074,0,9008,0,0,2036,001c,8254,9008,0,fffffef2000004b7,0,0
4075,4075,0,9008,0,0,1efb,001c,7935,9008,0,fffffef2000004b7,0,0
4076,4076,0,9008,0,0,1ffb,001c,8187,9008,0,fffffef2000004b7,0,0
4077,4077,0,9008,0,0,1dfb,001c,7675,9008,0,fffffef2000004b7,0,0
4078,4078,0,9008,0,0,1dff,001c,7679,9008,0,fffffef2000004b7,0,0
4079,4079,0,9008,0,0,1cff,001c,7423,9008,0,fffffef2000004b7,0,0
4080,4080,0,9008,0,0,1dfd,001c,7677,9008,0,fffffef2000004b7,0,0
4081,4081,0,9008,0,0,1ff5,001c,8181,9008,0,fffffef2000004b7,0,0
4082,4082,0,9008,0,0,1ee5,001c,7909,9008,0,fffffef2000004b7,0,0
4083,4083,0,9008,0,0,2174,001c,8244,9008,0,fffffef2000004b7,0,0
4084,4084,0,9008,0,0,2142,001c,8514,9008,0,fffffef2000004b7,0,0
4085,4085,0,9008,0,0,222c,001c,8748,9008,0,fffffef2000004b7,0,0
4086,4086,0,9008,0,0,22fb,001c,8955,9008,0,fffffef2000004b7,0,0
4087,4087,0,9008,0,0,2354,001c,9044,9008,0,fffffef2000004b7,0,0
4088,4088,0,9008,0,0,22e0,001c,8928,9008,0,fffffef2000004b7,0,0
4089,4089,0,9008,0,0,21fa,001c,8698,9008,0,fffffef2000004b7,0,0
4090,4090,0,9008,0,0,20b3,001c,8371,9008,0,fffffef2000004b7,0,0
4091,4091,0,9008,0,0,1fa3,001c,8099,9008,0,fffffef2000004b7,0,0
4092,4092,0,9008,0,0,1e8a,001c,7818,9008,0,fffffef2000004b7,0,0
4093,4093,0,9008,0,0,1d8a,001c,7562,9008,0,fffffef2000004b7,0,0
4094,4094,0,9008,0,0,1ce7,001c,7399,9008,0,fffffef2000004b7,0,0
4095,4095,0,9008,0,0,1cea,001c,7402,9008,0,fffffef2000004b7,0,0
