Sample in Buffer,Sample in Window,TRIGGER,design_1_i/adc_interface_0_m_axis_tdata[31:0],design_1_i/adc_interface_0_m_axis_tlast,design_1_i/adc_interface_0_m_axis_tvalid,design_1_i/adc_interface_0_adc_signed_debug[15:0],design_1_i/adc_interface_0_win_coeff_out[15:0],design_1_i/adc_data[13:0],design_1_i/adc_interface_0_adc_data_original[13:0],design_1_i/adc_interface_0_adc_data_original_valid
Radix - UNSIGNED,UNSIGNED,UNSIGNED,SIGNED,HEX,HEX,HEX,HEX,UNSIGNED,UNSIGNED,HEX
0,0,0,7843,0,0,e12c,001c,8492,7843,0
1,1,0,7843,0,0,e1da,001c,8670,7843,0
2,2,0,7843,0,0,e0db,001c,8411,7843,0
3,3,0,7843,0,0,e0df,001c,8415,7843,0
4,4,0,7843,0,0,e0df,001c,8415,7843,0
5,5,0,7843,0,0,e066,001c,8294,7843,0
6,6,0,7843,0,0,e036,001c,8230,7843,0
7,7,0,7843,0,0,e014,001c,8212,7843,0
8,8,0,7843,0,0,1fe0,001c,8160,7843,0
9,9,0,7843,0,0,1fba,001c,8122,7843,0
10,10,0,7843,0,0,1fa7,001c,8103,7843,0
11,11,0,7843,0,0,1f84,001c,8068,7843,0
12,12,0,7843,0,0,1f3c,001c,7996,7843,0
13,13,0,7843,0,0,1f24,001c,7972,7843,0
14,14,0,7843,0,0,1f1d,001c,7965,7843,0
15,15,0,7843,0,0,1ee2,001c,7906,7843,0
16,16,0,7843,0,0,1ef3,001c,7923,7843,0
17,17,0,7843,0,0,1ece,001c,7886,7843,0
18,18,0,7843,0,0,1ea4,001c,7844,7843,0
19,19,0,7843,0,0,1e92,001c,7826,7843,0
20,20,0,7843,0,0,1e57,001c,7767,7843,0
21,21,0,7843,0,0,1e39,001c,7737,7843,0
22,22,0,7843,0,0,1e37,001c,7735,7843,0
23,23,0,7843,0,0,1e16,001c,7702,7843,0
24,24,0,7843,0,0,1dfc,001c,7676,7843,0
25,25,0,7843,0,0,1e07,001c,7687,7843,0
26,26,0,7843,0,0,1de6,001c,7654,7843,0
27,27,0,7843,0,0,1dfd,001c,7677,7843,0
28,28,0,7843,0,0,1e01,001c,7681,7843,0
29,29,0,7843,0,0,1dfd,001c,7677,7843,0
30,30,0,7843,0,0,1e21,001c,7713,7843,0
31,31,0,7843,0,0,1e21,001c,7713,7843,0
32,32,0,7843,0,0,1e17,001c,7703,7843,0
33,33,0,7843,0,0,1e2d,001c,7725,7843,0
34,34,0,7843,0,0,1e4f,001c,7759,7843,0
35,35,0,7843,0,0,1e49,001c,7753,7843,0
36,36,0,7843,0,0,1e75,001c,7805,7843,0
37,37,0,7843,0,0,1efd,001c,7869,7843,0
38,38,0,7843,0,0,1e8d,001c,7821,7843,0
39,39,0,7843,0,0,1ebc,001c,7868,7843,0
40,40,0,7843,0,0,1efa,001c,7930,7843,0
41,41,0,7843,0,0,1efe,001c,7934,7843,0
42,42,0,7843,0,0,1eff,001c,7932,7843,0
43,43,0,7843,0,0,1f5f,001c,8023,7843,0
44,44,0,7843,0,0,1f4d,001c,8013,7843,0
45,45,0,7843,0,0,1f6e,001c,8046,7843,0
46,46,0,7843,0,0,1f75,001c,8053,7843,0
47,47,0,7843,0,0,1fac,001c,8108,7843,0
48,48,0,7843,0,0,1fc5,001c,8133,7843,0
49,49,0,7843,0,0,1ff6,001c,8182,7843,0
50,50,0,7843,0,0,e023,001c,8227,7843,0
51,51,0,7843,0,0,e027,001c,8231,7843,0
52,52,0,7843,0,0,e072,001c,8306,7843,0
53,53,0,7843,0,0,e092,001c,8338,7843,0
54,54,0,7843,0,0,e0a3,001c,8355,7843,0
55,55,0,7843,0,0,e0e7,001c,8423,7843,0
56,56,0,7843,0,0,e103,001c,8451,7843,0
57,57,0,7843,0,0,e113,001c,8467,7843,0
58,58,0,7843,0,0,e13d,001c,8509,7843,0
59,59,0,7843,0,0,e156,001c,8534,7843,0
60,60,0,7843,0,0,e15e,001c,8542,7843,0
61,61,0,7843,0,0,e17d,001c,8573,7843,0
62,62,0,7843,0,0,e18f,001c,8591,7843,0
63,63,0,7843,0,0,e1a4,001c,8612,7843,0
64,64,0,7843,0,0,e1bc,001c,8636,7843,0
65,65,0,7843,0,0,e1a8,001c,8616,7843,0
66,66,0,7843,0,0,e1b2,001c,8626,7843,0
67,67,0,7843,0,0,e1bd,001c,8637,7843,0
68,68,0,7843,0,0,e1b4,001c,8628,7843,0
69,69,0,7843,0,0,e1c9,001c,8649,7843,0
70,70,0,7843,0,0,e1c8,001c,8648,7843,0
71,71,0,7843,0,0,e1c2,001c,8642,7843,0
72,72,0,7843,0,0,e1aa,001c,8618,7843,0
73,73,0,7843,0,0,e1a7,001c,8623,7843,0
74,74,0,7843,0,0,e18d,001c,8589,7843,0
75,75,0,7843,0,0,e18e,001c,8590,7843,0
76,76,0,7843,0,0,e1fa,001c,8698,7843,0
77,77,0,7843,0,0,e174,001c,8564,7843,0
78,78,0,7843,0,0,e17d,001c,8564,7843,0
79,79,0,7843,0,0,e149,001c,8521,7843,0
80,80,0,7843,0,0,e117,001c,8471,7843,0
81,81,0,7843,0,0,e11b,001c,8475,7843,0
82,82,0,7843,0,0,e0df,001c,8415,7843,0
83,83,0,7843,0,0,e0cc,001c,8396,7843,0
84,84,0,7843,0,0,e096,001c,8342,7843,0
85,85,0,7843,0,0,e071,001c,8305,7843,0
86,86,0,7843,0,0,e06b,001c,8299,7843,0
87,87,0,7843,0,0,e02b,001c,8235,7843,0
88,88,0,7843,0,0,e021,001c,8225,7843,0
89,89,0,7843,0,0,e003,001c,8195,7843,0
90,90,0,7843,0,0,1fc9,001c,8137,7843,0
91,91,0,7843,0,0,1fcd,001c,8141,7843,0
92,92,0,7843,0,0,1fb1,001c,8113,7843,0
93,93,0,7843,0,0,1f7c,001c,8060,7843,0
94,94,0,7843,0,0,1f58,001c,8024,7843,0
95,95,0,7843,0,0,1f2d,001c,7981,7843,0
96,96,0,7843,0,0,1f05,001c,7941,7843,0
97,97,0,7843,0,0,1f17,001c,7959,7843,0
98,98,0,7843,0,0,1ee5,001c,7909,7843,0
99,99,0,7843,0,0,1ec0,001c,7872,7843,0
100,100,0,7843,0,0,1ea8,001c,7848,7843,0
101,101,0,7843,0,0,1e87,001c,7815,7843,0
102,102,0,7843,0,0,1e91,001c,7825,7843,0
103,103,0,7843,0,0,1e8e,001c,7822,7843,0
104,104,0,7843,0,0,1e8a,001c,7818,7843,0
105,105,0,7843,0,0,1e77,001c,7799,7843,0
106,106,0,7843,0,0,1e67,001c,7783,7843,0
107,107,0,7843,0,0,1e66,001c,7782,7843,0
108,108,0,7843,0,0,1e6e,001c,7790,7843,0
109,109,0,7843,0,0,1e67,001c,7791,7843,0
110,110,0,7843,0,0,1ee7,001c,7911,7843,0
111,111,0,7843,0,0,1eff,001c,7935,7843,0
112,112,0,7843,0,0,1e7a,001c,7802,7843,0
113,113,0,7843,0,0,1e7a,001c,7802,7843,0
114,114,0,7843,0,0,1efb,001c,7930,7843,0
115,115,0,7843,0,0,1ea9,001c,7849,7843,0
116,116,0,7843,0,0,1ea6,001c,7846,7843,0
117,117,0,7843,0,0,1ea6,001c,7846,7843,0
118,118,0,7843,0,0,1ec3,001c,7875,7843,0
119,119,0,7843,0,0,1eea,001c,7914,7843,0
120,120,0,7843,0,0,1f00,001c,7936,7843,0
121,121,0,7843,0,0,1f0e,001c,7950,7843,0
122,122,0,7843,0,0,1f3a,001c,7994,7843,0
123,123,0,7843,0,0,1f5e,001c,8030,7843,0
124,124,0,7843,0,0,1f8c,001c,8076,7843,0
125,125,0,7843,0,0,1fa7,001c,8103,7843,0
126,126,0,7843,0,0,1fc8,001c,8136,7843,0
127,127,0,7843,0,0,1fed,001c,8173,7843,0
128,128,0,7843,0,0,1fed,001c,8173,7843,0
129,129,0,7843,0,0,e00a,001c,8202,7843,0
130,130,0,7843,0,0,e041,001c,8257,7843,0
131,131,0,7843,0,0,e06a,001c,8298,7843,0
132,132,0,7843,0,0,e088,001c,8328,7843,0
133,133,0,7843,0,0,e0ad,001c,8365,7843,0
134,134,0,7843,0,0,e0c2,001c,8386,7843,0
135,135,0,7843,0,0,e0f4,001c,8436,7843,0
136,136,0,7843,0,0,e105,001c,8453,7843,0
137,137,0,7843,0,0,e12d,001c,8493,7843,0
138,138,0,7843,0,0,e13f,001c,8511,7843,0
139,139,0,7843,0,0,e121,001c,8481,7843,0
140,140,0,7843,0,0,e142,001c,8514,7843,0
141,141,0,7843,0,0,e164,001c,8548,7843,0
142,142,0,7843,0,0,e15f,001c,8575,7843,0
143,143,0,7843,0,0,e159,001c,8539,7843,0
144,144,0,7843,0,0,e179,001c,8569,7843,0
145,145,0,7843,0,0,e17f,001c,8575,7843,0
146,146,0,7843,0,0,e1ff,001c,8703,7843,0
147,147,0,7843,0,0,e1fe,001c,8702,7843,0
148,148,0,7843,0,0,e1fe,001c,8702,7843,0
149,149,0,7843,0,0,e1fe,001c,8702,7843,0
150,150,0,7843,0,0,e17f,001c,8574,7843,0
151,151,0,7843,0,0,e15d,001c,8541,7843,0
152,152,0,7843,0,0,e160,001c,8544,7843,0
153,153,0,7843,0,0,e15b,001c,8539,7843,0
154,154,0,7843,0,0,e130,001c,8496,7843,0
155,155,0,7843,0,0,e129,001c,8489,7843,0
156,156,0,7843,0,0,e10f,001c,8463,7843,0
157,157,0,7843,0,0,e0be,001c,8382,7843,0
158,158,0,7843,0,0,e0bd,001c,8381,7843,0
159,159,0,7843,0,0,e0cd,001c,8397,7843,0
160,160,0,7843,0,0,e0cb,001c,8395,7843,0
161,161,0,7843,0,0,e091,001c,8337,7843,0
162,162,0,7843,0,0,e05f,001c,8287,7843,0
163,163,0,7843,0,0,e039,001c,8249,7843,0
164,164,0,7843,0,0,e035,001c,8245,7843,0
165,165,0,7843,0,0,e007,001c,8199,7843,0
166,166,0,7843,0,0,1fb4,001c,8116,7843,0
167,167,0,7843,0,0,1fb4,001c,8116,7843,0
168,168,0,7843,0,0,1f78,001c,8056,7843,0
169,169,0,7843,0,0,1f4a,001c,8010,7843,0
170,170,0,7843,0,0,1f58,001c,8024,7843,0
171,171,0,7843,0,0,1f55,001c,8021,7843,0
172,172,0,7843,0,0,1ef9,001c,7929,7843,0
173,173,0,7843,0,0,1ec6,001c,7878,7843,0
174,174,0,7843,0,0,1ecd,001c,7885,7843,0
175,175,0,7843,0,0,1e94,001c,7828,7843,0
176,176,0,7843,0,0,1e62,001c,7778,7843,0
177,177,0,7843,0,0,1e54,001c,7764,7843,0
178,178,0,7843,0,0,1e34,001c,7732,7843,0
179,179,0,7843,0,0,1e2a,001c,7742,7843,0
180,180,0,7843,0,0,1e3e,001c,7742,7843,0
181,181,0,7843,0,0,1e1f,001c,7711,7843,0
182,182,0,7843,0,0,1fe7,001c,8167,7843,0
183,183,0,7843,0,0,1df3,001c,7667,7843,0
184,184,0,7843,0,0,1df7,001c,7671,7843,0
185,185,0,7843,0,0,1df7,001c,7671,7843,0
186,186,0,7843,0,0,1df6,001c,7670,7843,0
187,187,0,7843,0,0,1df6,001c,7670,7843,0
188,188,0,7843,0,0,1dcb,001c,7627,7843,0
189,189,0,7843,0,0,1de8,001c,7656,7843,0
190,190,0,7843,0,0,1de3,001c,7651,7843,0
191,191,0,7843,0,0,1de5,001c,7653,7843,0
192,192,0,7843,0,0,1dfa,001c,7674,7843,0
193,193,0,7843,0,0,1e09,001c,7689,7843,0
194,194,0,7843,0,0,1e1b,001c,7707,7843,0
195,195,0,7843,0,0,1e4d,001c,7757,7843,0
196,196,0,7843,0,0,1e8c,001c,7820,7843,0
197,197,0,7843,0,0,1e96,001c,7830,7843,0
198,198,0,7843,0,0,1eac,001c,7852,7843,0
199,199,0,7843,0,0,1ec1,001c,7873,7843,0
200,200,0,7843,0,0,1ef1,001c,7921,7843,0
201,201,0,7843,0,0,1f1a,001c,7962,7843,0
202,202,0,7843,0,0,1f2a,001c,7978,7843,0
203,203,0,7843,0,0,1f50,001c,8016,7843,0
204,204,0,7843,0,0,1f93,001c,8083,7843,0
205,205,0,7843,0,0,1f92,001c,8082,7843,0
206,206,0,7843,0,0,1fc4,001c,8132,7843,0
207,207,0,7843,0,0,e013,001c,8211,7843,0
208,208,0,7843,0,0,e035,001c,8245,7843,0
209,209,0,7843,0,0,e062,001c,8290,7843,0
210,210,0,7843,0,0,e0a6,001c,8358,7843,0
211,211,0,7843,0,0,e0d4,001c,8404,7843,0
212,212,0,7843,0,0,e0ea,001c,8426,7843,0
213,213,0,7843,0,0,e0f6,001c,8438,7843,0
214,214,0,7843,0,0,e13f,001c,8511,7843,0
215,215,0,7843,0,0,e133,001c,8511,7843,0
216,216,0,7843,0,0,e17b,001c,8571,7843,0
217,217,0,7843,0,0,e17b,001c,8571,7843,0
218,218,0,7843,0,0,e1f7,001c,8695,7843,0
219,219,0,7843,0,0,e1fd,001c,8701,7843,0
220,220,0,7843,0,0,e1db,001c,8667,7843,0
221,221,0,7843,0,0,e1d3,001c,8659,7843,0
222,222,0,7843,0,0,e1de,001c,8658,7843,0
223,223,0,7843,0,0,e1fc,001c,8700,7843,0
224,224,0,7843,0,0,e204,001c,8708,7843,0
225,225,0,7843,0,0,e1fd,001c,8701,7843,0
226,226,0,7843,0,0,e219,001c,8729,7843,0
227,227,0,7843,0,0,e212,001c,8722,7843,0
228,228,0,7843,0,0,e21c,001c,8732,7843,0
229,229,0,7843,0,0,e222,001c,8738,7843,0
230,230,0,7843,0,0,e220,001c,8736,7843,0
231,231,0,7843,0,0,e206,001c,8710,7843,0
232,232,0,7843,0,0,e1ed,001c,8685,7843,0
233,233,0,7843,0,0,e1f1,001c,8689,7843,0
234,234,0,7843,0,0,e202,001c,8706,7843,0
235,235,0,7843,0,0,e1cc,001c,8652,7843,0
236,236,0,7843,0,0,e19e,001c,8606,7843,0
237,237,0,7843,0,0,e195,001c,8597,7843,0
238,238,0,7843,0,0,e172,001c,8562,7843,0
239,239,0,7843,0,0,e165,001c,8549,7843,0
240,240,0,7843,0,0,e14c,001c,8524,7843,0
241,241,0,7843,0,0,e12d,001c,8493,7843,0
242,242,0,7843,0,0,e0f5,001c,8437,7843,0
243,243,0,7843,0,0,e0cc,001c,8396,7843,0
244,244,0,7843,0,0,e0b3,001c,8371,7843,0
245,245,0,7843,0,0,e098,001c,8344,7843,0
246,246,0,7843,0,0,e07b,001c,8315,7843,0
247,247,0,7843,0,0,e02f,001c,8239,7843,0
248,248,0,7843,0,0,1fe9,001c,8169,7843,0
249,249,0,7843,0,0,1fe1,001c,8161,7843,0
250,250,0,7843,0,0,1ff7,001c,8183,7843,0
251,251,0,7843,0,0,1f99,001c,8095,7843,0
252,252,0,7843,0,0,1ff1,001c,8057,7843,0
253,253,0,7843,0,0,1f67,001c,8039,7843,0
254,254,0,7843,0,0,1f77,001c,8055,7843,0
255,255,0,7843,0,0,1f37,001c,7991,7843,0
256,256,0,7843,0,0,1fdf,001c,8149,7843,0
257,257,0,7843,0,0,1efe,001c,7930,7843,0
258,258,0,7843,0,0,1ec6,001c,7878,7843,0
259,259,0,7843,0,0,1eb2,001c,7858,7843,0
260,260,0,7843,0,0,1e9d,001c,7837,7843,0
261,261,0,7843,0,0,1e87,001c,7815,7843,0
262,262,0,7843,0,0,1e55,001c,7765,7843,0
263,263,0,7843,0,0,1e42,001c,7746,7843,0
264,264,0,7843,0,0,1e47,001c,7751,7843,0
265,265,0,7843,0,0,1e35,001c,7733,7843,0
266,266,0,7843,0,0,1e2a,001c,7722,7843,0
267,267,0,7843,0,0,1e17,001c,7703,7843,0
268,268,0,7843,0,0,1e0b,001c,7691,7843,0
269,269,0,7843,0,0,1e19,001c,7705,7843,0
270,270,0,7843,0,0,1e02,001c,7682,7843,0
271,271,0,7843,0,0,1e09,001c,7689,7843,0
272,272,0,7843,0,0,1e00,001c,7680,7843,0
273,273,0,7843,0,0,1e06,001c,7686,7843,0
274,274,0,7843,0,0,1e15,001c,7701,7843,0
275,275,0,7843,0,0,1e32,001c,7730,7843,0
276,276,0,7843,0,0,1e3a,001c,7738,7843,0
277,277,0,7843,0,0,1e5a,001c,7770,7843,0
278,278,0,7843,0,0,1e7c,001c,7804,7843,0
279,279,0,7843,0,0,1ea4,001c,7844,7843,0
280,280,0,7843,0,0,1ecc,001c,7884,7843,0
281,281,0,7843,0,0,1ec0,001c,7872,7843,0
282,282,0,7843,0,0,1ee0,001c,7904,7843,0
283,283,0,7843,0,0,1f16,001c,7958,7843,0
284,284,0,7843,0,0,1f06,001c,7942,7843,0
285,285,0,7843,0,0,1f2c,001c,7980,7843,0
286,286,0,7843,0,0,1f71,001c,8049,7843,0
287,287,0,7843,0,0,1f75,001c,8053,7843,0
288,288,0,7843,0,0,1fe7,001c,8103,7843,0
289,289,0,7843,0,0,1fee,001c,8174,7843,0
290,290,0,7843,0,0,1ffe,001c,8190,7843,0
291,291,0,7843,0,0,1fbc,001c,8124,7843,0
292,292,0,7843,0,0,e04a,001c,8266,7843,0
293,293,0,7843,0,0,e05b,001c,8266,7843,0
294,294,0,7843,0,0,e05b,001c,8283,7843,0
295,295,0,7843,0,0,e071,001c,8305,7843,0
296,296,0,7843,0,0,e08e,001c,8334,7843,0
297,297,0,7843,0,0,e0b3,001c,8371,7843,0
298,298,0,7843,0,0,e0c4,001c,8388,7843,0
299,299,0,7843,0,0,e0e1,001c,8417,7843,0
300,300,0,7843,0,0,e105,001c,8453,7843,0
301,301,0,7843,0,0,e119,001c,8473,7843,0
302,302,0,7843,0,0,e11b,001c,8475,7843,0
303,303,0,7843,0,0,e120,001c,8480,7843,0
304,304,0,7843,0,0,e149,001c,8521,7843,0
305,305,0,7843,0,0,e168,001c,8552,7843,0
306,306,0,7843,0,0,e14e,001c,8526,7843,0
307,307,0,7843,0,0,e14d,001c,8525,7843,0
308,308,0,7843,0,0,e15e,001c,8542,7843,0
309,309,0,7843,0,0,e14d,001c,8525,7843,0
310,310,0,7843,0,0,e145,001c,8517,7843,0
311,311,0,7843,0,0,e13f,001c,8511,7843,0
312,312,0,7843,0,0,e118,001c,8472,7843,0
313,313,0,7843,0,0,e145,001c,8517,7843,0
314,314,0,7843,0,0,e108,001c,8456,7843,0
315,315,0,7843,0,0,e101,001c,8449,7843,0
316,316,0,7843,0,0,e11f,001c,8479,7843,0
317,317,0,7843,0,0,e0f6,001c,8438,7843,0
318,318,0,7843,0,0,e0d3,001c,8403,7843,0
319,319,0,7843,0,0,e0c9,001c,8393,7843,0
320,320,0,7843,0,0,e0b0,001c,8368,7843,0
321,321,0,7843,0,0,e08b,001c,8363,7843,0
322,322,0,7843,0,0,e06c,001c,8303,7843,0
323,323,0,7843,0,0,e063,001c,8303,7843,0
324,324,0,7843,0,0,e07b,001c,8315,7843,0
325,325,0,7843,0,0,e03b,001c,8251,7843,0
326,326,0,7843,0,0,efee,001c,12270,7843,0
327,327,0,7843,0,0,1fed,001c,8173,7843,0
328,328,0,7843,0,0,1ffd,001c,8189,7843,0
329,329,0,7843,0,0,1fb9,001c,8121,7843,0
330,330,0,7843,0,0,1f91,001c,8145,7843,0
331,331,0,7843,0,0,1f68,001c,8040,7843,0
332,332,0,7843,0,0,1f2e,001c,7982,7843,0
333,333,0,7843,0,0,1f24,001c,7972,7843,0
334,334,0,7843,0,0,1f15,001c,7957,7843,0
335,335,0,7843,0,0,1f0c,001c,7948,7843,0
336,336,0,7843,0,0,1ec5,001c,7877,7843,0
337,337,0,7843,0,0,1e9c,001c,7836,7843,0
338,338,0,7843,0,0,1eb8,001c,7864,7843,0
339,339,0,7843,0,0,1eb0,001c,7856,7843,0
340,340,0,7843,0,0,1e84,001c,7812,7843,0
341,341,0,7843,0,0,1e6d,001c,7789,7843,0
342,342,0,7843,0,0,1e5d,001c,7773,7843,0
343,343,0,7843,0,0,1e8a,001c,7818,7843,0
344,344,0,7843,0,0,1e8f,001c,7823,7843,0
345,345,0,7843,0,0,1e80,001c,7808,7843,0
346,346,0,7843,0,0,1e66,001c,7782,7843,0
347,347,0,7843,0,0,1e56,001c,7766,7843,0
348,348,0,7843,0,0,1e4d,001c,7757,7843,0
349,349,0,7843,0,0,1e5c,001c,7772,7843,0
350,350,0,7843,0,0,1e78,001c,7800,7843,0
351,351,0,7843,0,0,1e67,001c,7783,7843,0
352,352,0,7843,0,0,1e6a,001c,7786,7843,0
353,353,0,7843,0,0,1e96,001c,7830,7843,0
354,354,0,7843,0,0,1eb7,001c,7863,7843,0
355,355,0,7843,0,0,1ebb,001c,7867,7843,0
356,356,0,7843,0,0,1eb7,001c,7863,7843,0
357,357,0,7843,0,0,1ee9,001c,7913,7843,0
358,358,0,7843,0,0,1f30,001c,7993,7843,0
359,359,0,7843,0,0,1f30,001c,7984,7843,0
360,360,0,7843,0,0,1f77,001c,8055,7843,0
361,361,0,7843,0,0,1f77,001c,8055,7843,0
362,362,0,7843,0,0,1ff4,001c,8180,7843,0
363,363,0,7843,0,0,1f9f,001c,8095,7843,0
364,364,0,7843,0,0,1fdb,001c,8155,7843,0
365,365,0,7843,0,0,1fdd,001c,8145,7843,0
366,366,0,7843,0,0,1ffe,001c,8190,7843,0
367,367,0,7843,0,0,e028,001c,8232,7843,0
368,368,0,7843,0,0,e051,001c,8273,7843,0
369,369,0,7843,0,0,e06b,001c,8299,7843,0
370,370,0,7843,0,0,e077,001c,8311,7843,0
371,371,0,7843,0,0,e0aa,001c,8362,7843,0
372,372,0,7843,0,0,e0e4,001c,8420,7843,0
373,373,0,7843,0,0,e0f3,001c,8435,7843,0
374,374,0,7843,0,0,e10b,001c,8459,7843,0
375,375,0,7843,0,0,e133,001c,8499,7843,0
376,376,0,7843,0,0,e147,001c,8519,7843,0
377,377,0,7843,0,0,e156,001c,8534,7843,0
378,378,0,7843,0,0,e17d,001c,8573,7843,0
379,379,0,7843,0,0,e198,001c,8600,7843,0
380,380,0,7843,0,0,e1be,001c,8638,7843,0
381,381,0,7843,0,0,e1b3,001c,8627,7843,0
382,382,0,7843,0,0,e1ac,001c,8620,7843,0
383,383,0,7843,0,0,e1da,001c,8666,7843,0
384,384,0,7843,0,0,e1d8,001c,8664,7843,0
385,385,0,7843,0,0,e1ea,001c,8682,7843,0
386,386,0,7843,0,0,e1ee,001c,8686,7843,0
387,387,0,7843,0,0,e1f8,001c,8696,7843,0
388,388,0,7843,0,0,e1ef,001c,8687,7843,0
389,389,0,7843,0,0,e1eb,001c,8683,7843,0
390,390,0,7843,0,0,e1d7,001c,8663,7843,0
391,391,0,7843,0,0,e1c4,001c,8644,7843,0
392,392,0,7843,0,0,e1b9,001c,8633,7843,0
393,393,0,7843,0,0,e1a8,001c,8616,7843,0
394,394,0,7843,0,0,e1b5,001c,8637,7843,0
395,395,0,7843,0,0,e1ff,001c,8575,7843,0
396,396,0,7843,0,0,e17f,001c,8575,7843,0
397,397,0,7843,0,0,e14b,001c,8523,7843,0
398,398,0,7843,0,0,e15f,001c,8543,7843,0
399,399,0,7843,0,0,e1fe,001c,8702,7843,0
400,400,0,7843,0,0,e0fe,001c,8446,7843,0
401,401,0,7843,0,0,e0d8,001c,8400,7843,0
402,402,0,7843,0,0,e0b9,001c,8377,7843,0
403,403,0,7843,0,0,e099,001c,8345,7843,0
404,404,0,7843,0,0,e062,001c,8290,7843,0
405,405,0,7843,0,0,e041,001c,8257,7843,0
406,406,0,7843,0,0,e022,001c,8226,7843,0
407,407,0,7843,0,0,1fdc,001c,8156,7843,0
408,408,0,7843,0,0,1fc1,001c,8129,7843,0
409,409,0,7843,0,0,1f9d,001c,8093,7843,0
410,410,0,7843,0,0,1f71,001c,8049,7843,0
411,411,0,7843,0,0,1f4f,001c,8015,7843,0
412,412,0,7843,0,0,1f0e,001c,7950,7843,0
413,413,0,7843,0,0,1ef9,001c,7929,7843,0
414,414,0,7843,0,0,1ee9,001c,7913,7843,0
415,415,0,7843,0,0,1e9d,001c,7837,7843,0
416,416,0,7843,0,0,1e97,001c,7831,7843,0
417,417,0,7843,0,0,1e7a,001c,7802,7843,0
418,418,0,7843,0,0,1e37,001c,7735,7843,0
419,419,0,7843,0,0,1e27,001c,7719,7843,0
420,420,0,7843,0,0,1e43,001c,7747,7843,0
421,421,0,7843,0,0,1e23,001c,7715,7843,0
422,422,0,7843,0,0,1df1,001c,7665,7843,0
423,423,0,7843,0,0,1ddd,001c,7645,7843,0
424,424,0,7843,0,0,1dfb,001c,7675,7843,0
425,425,0,7843,0,0,1de1,001c,7649,7843,0
426,426,0,7843,0,0,1de1,001c,7649,7843,0
427,427,0,7843,0,0,1dfc,001c,7676,7843,0
428,428,0,7843,0,0,1dec,001c,7660,7843,0
429,429,0,7843,0,0,1df4,001c,7668,7843,0
430,430,0,7843,0,0,1dc4,001c,7636,7843,0
431,431,0,7843,0,0,1dfc,001c,7612,7843,0
432,432,0,7843,0,0,1dfc,001c,7676,7843,0
433,433,0,7843,0,0,1df1,001c,7665,7843,0
434,434,0,7843,0,0,1dfd,001c,7677,7843,0
435,435,0,7843,0,0,1e3d,001c,7709,7843,0
436,436,0,7843,0,0,1e75,001c,7797,7843,0
437,437,0,7843,0,0,1e55,001c,7764,7843,0
438,438,0,7843,0,0,1e51,001c,7761,7843,0
439,439,0,7843,0,0,1e5b,001c,7771,7843,0
440,440,0,7843,0,0,1e76,001c,7798,7843,0
441,441,0,7843,0,0,1e89,001c,7817,7843,0
442,442,0,7843,0,0,1ec4,001c,7876,7843,0
443,443,0,7843,0,0,1ed1,001c,7889,7843,0
444,444,0,7843,0,0,1f06,001c,7942,7843,0
445,445,0,7843,0,0,1f17,001c,7959,7843,0
446,446,0,7843,0,0,1f3c,001c,7996,7843,0
447,447,0,7843,0,0,1f9f,001c,8095,7843,0
448,448,0,7843,0,0,1fc6,001c,8134,7843,0
449,449,0,7843,0,0,1fb2,001c,8114,7843,0
450,450,0,7843,0,0,e018,001c,8216,7843,0
451,451,0,7843,0,0,e01e,001c,8222,7843,0
452,452,0,7843,0,0,e02e,001c,8238,7843,0
453,453,0,7843,0,0,e06a,001c,8298,7843,0
454,454,0,7843,0,0,e091,001c,8337,7843,0
455,455,0,7843,0,0,e0a3,001c,8355,7843,0
456,456,0,7843,0,0,e0bd,001c,8381,7843,0
457,457,0,7843,0,0,e0d3,001c,8403,7843,0
458,458,0,7843,0,0,e10e,001c,8462,7843,0
459,459,0,7843,0,0,e148,001c,8520,7843,0
460,460,0,7843,0,0,e13c,001c,8508,7843,0
461,461,0,7843,0,0,e156,001c,8534,7843,0
462,462,0,7843,0,0,e174,001c,8564,7843,0
463,463,0,7843,0,0,e18e,001c,8590,7843,0
464,464,0,7843,0,0,e199,001c,8601,7843,0
465,465,0,7843,0,0,e1b8,001c,8633,7843,0
466,466,0,7843,0,0,e1b4,001c,8636,7843,0
467,467,0,7843,0,0,e1b7,001c,8631,7843,0
468,468,0,7843,0,0,e1a7,001c,8615,7843,0
469,469,0,7843,0,0,e1b2,001c,8626,7843,0
470,470,0,7843,0,0,e1bf,001c,8639,7843,0
471,471,0,7843,0,0,e1bf,001c,8639,7843,0
472,472,0,7843,0,0,e1a7,001c,8613,7843,0
473,473,0,7843,0,0,e193,001c,8595,7843,0
474,474,0,7843,0,0,e179,001c,8569,7843,0
475,475,0,7843,0,0,e186,001c,8582,7843,0
476,476,0,7843,0,0,e18c,001c,8588,7843,0
477,477,0,7843,0,0,e188,001c,8584,7843,0
478,478,0,7843,0,0,e167,001c,8551,7843,0
479,479,0,7843,0,0,e0f5,001c,8437,7843,0
480,480,0,7843,0,0,e0ff,001c,8447,7843,0
481,481,0,7843,0,0,e10b,001c,8459,7843,0
482,482,0,7843,0,0,e0c7,001c,8391,7843,0
483,483,0,7843,0,0,e093,001c,8339,7843,0
484,484,0,7843,0,0,e088,001c,8328,7843,0
485,485,0,7843,0,0,e065,001c,8293,7843,0
486,486,0,7843,0,0,e078,001c,8312,7843,0
487,487,0,7843,0,0,e045,001c,8261,7843,0
488,488,0,7843,0,0,e00a,001c,8202,7843,0
489,489,0,7843,0,0,1ff4,001c,8180,7843,0
490,490,0,7843,0,0,1fbe,001c,8126,7843,0
491,491,0,7843,0,0,1fab,001c,8107,7843,0
492,492,0,7843,0,0,1f7d,001c,8061,7843,0
493,493,0,7843,0,0,1f56,001c,8022,7843,0
494,494,0,7843,0,0,1f46,001c,8006,7843,0
495,495,0,7843,0,0,1f1f,001c,7967,7843,0
496,496,0,7843,0,0,1f13,001c,7955,7843,0
497,497,0,7843,0,0,1ee5,001c,7909,7843,0
498,498,0,7843,0,0,1ea4,001c,7844,7843,0
499,499,0,7843,0,0,1eb4,001c,7860,7843,0
500,500,0,7843,0,0,1eb5,001c,7861,7843,0
501,501,0,7843,0,0,1ea0,001c,7857,7843,0
502,502,0,7843,0,0,1efc,001c,7804,7843,0
503,503,0,7843,0,0,1e7d,001c,7805,7843,0
504,504,0,7843,0,0,1e7d,001c,7805,7843,0
505,505,0,7843,0,0,1e6d,001c,7789,7843,0
506,506,0,7843,0,0,1e65,001c,7781,7843,0
507,507,0,7843,0,0,1e77,001c,7799,7843,0
508,508,0,7843,0,0,1e7b,001c,7803,7843,0
509,509,0,7843,0,0,1e7b,001c,7803,7843,0
510,510,0,7843,0,0,1e7b,001c,7803,7843,0
511,511,0,7843,0,0,1e70,001c,7792,7843,0
512,512,0,7843,0,0,1e72,001c,7794,7843,0
513,513,0,7843,0,0,1e7e,001c,7806,7843,0
514,514,0,7843,0,0,1eab,001c,7851,7843,0
515,515,0,7843,0,0,1eae,001c,7854,7843,0
516,516,0,7843,0,0,1eaf,001c,7855,7843,0
517,517,0,7843,0,0,1ee7,001c,7911,7843,0
518,518,0,7843,0,0,1f03,001c,7939,7843,0
519,519,0,7843,0,0,1f10,001c,7952,7843,0
520,520,0,7843,0,0,1f42,001c,8002,7843,0
521,521,0,7843,0,0,1f49,001c,8009,7843,0
522,522,0,7843,0,0,1f7d,001c,8061,7843,0
523,523,0,7843,0,0,1fb5,001c,8117,7843,0
524,524,0,7843,0,0,1fbb,001c,8123,7843,0
525,525,0,7843,0,0,1fd6,001c,8150,7843,0
526,526,0,7843,0,0,1ffa,001c,8186,7843,0
527,527,0,7843,0,0,1ffd,001c,8189,7843,0
528,528,0,7843,0,0,e02f,001c,8239,7843,0
529,529,0,7843,0,0,e06b,001c,8299,7843,0
530,530,0,7843,0,0,e098,001c,8344,7843,0
531,531,0,7843,0,0,e0b2,001c,8370,7843,0
532,532,0,7843,0,0,e0be,001c,8382,7843,0
533,533,0,7843,0,0,e0d8,001c,8408,7843,0
534,534,0,7843,0,0,e0fc,001c,8444,7843,0
535,535,0,7843,0,0,e105,001c,8453,7843,0
536,536,0,7843,0,0,e138,001c,8504,7843,0
537,537,0,7843,0,0,e17c,001c,8572,7843,0
538,538,0,7843,0,0,e15a,001c,8542,7843,0
539,539,0,7843,0,0,e1db,001c,8667,7843,0
540,540,0,7843,0,0,e189,001c,8585,7843,0
541,541,0,7843,0,0,e1ab,001c,8619,7843,0
542,542,0,7843,0,0,e1ef,001c,8687,7843,0
543,543,0,7843,0,0,e1df,001c,8647,7843,0
544,544,0,7843,0,0,e1fc,001c,8696,7843,0
545,545,0,7843,0,0,e1d4,001c,8660,7843,0
546,546,0,7843,0,0,e1bd,001c,8637,7843,0
547,547,0,7843,0,0,e1b1,001c,8625,7843,0
548,548,0,7843,0,0,e1b2,001c,8626,7843,0
549,549,0,7843,0,0,e1a0,001c,8608,7843,0
550,550,0,7843,0,0,e1a0,001c,8608,7843,0
551,551,0,7843,0,0,e1ac,001c,8620,7843,0
552,552,0,7843,0,0,e188,001c,8584,7843,0
553,553,0,7843,0,0,e164,001c,8548,7843,0
554,554,0,7843,0,0,e168,001c,8552,7843,0
555,555,0,7843,0,0,e167,001c,8551,7843,0
556,556,0,7843,0,0,e167,001c,8551,7843,0
557,557,0,7843,0,0,e127,001c,8487,7843,0
558,558,0,7843,0,0,e100,001c,8448,7843,0
559,559,0,7843,0,0,e0f0,001c,8432,7843,0
560,560,0,7843,0,0,e0ce,001c,8398,7843,0
561,561,0,7843,0,0,e091,001c,8337,7843,0
562,562,0,7843,0,0,e080,001c,8320,7843,0
563,563,0,7843,0,0,e067,001c,8295,7843,0
564,564,0,7843,0,0,e03a,001c,8250,7843,0
565,565,0,7843,0,0,e009,001c,8201,7843,0
566,566,0,7843,0,0,1ffc,001c,8188,7843,0
567,567,0,7843,0,0,1fc1,001c,8129,7843,0
568,568,0,7843,0,0,1f89,001c,8073,7843,0
569,569,0,7843,0,0,1f62,001c,8034,7843,0
570,570,0,7843,0,0,1f42,001c,8002,7843,0
571,571,0,7843,0,0,1f07,001c,7943,7843,0
572,572,0,7843,0,0,1edb,001c,7899,7843,0
573,573,0,7843,0,0,1ebe,001c,7871,7843,0
574,574,0,7843,0,0,1ea6,001c,7854,7843,0
575,575,0,7843,0,0,1eef,001c,7919,7843,0
576,576,0,7843,0,0,1e7d,001c,7805,7843,0
577,577,0,7843,0,0,1e7f,001c,7807,7843,0
578,578,0,7843,0,0,1e4f,001c,7759,7843,0
579,579,0,7843,0,0,1e4f,001c,7757,7843,0
580,580,0,7843,0,0,1e37,001c,7731,7843,0
581,581,0,7843,0,0,1e24,001c,7716,7843,0
582,582,0,7843,0,0,1e0a,001c,7690,7843,0
583,583,0,7843,0,0,1def,001c,7663,7843,0
584,584,0,7843,0,0,1e04,001c,7684,7843,0
585,585,0,7843,0,0,1e09,001c,7689,7843,0
586,586,0,7843,0,0,1de0,001c,7648,7843,0
587,587,0,7843,0,0,1de0,001c,7648,7843,0
588,588,0,7843,0,0,1dc7,001c,7623,7843,0
589,589,0,7843,0,0,1dd5,001c,7637,7843,0
590,590,0,7843,0,0,1dfd,001c,7677,7843,0
591,591,0,7843,0,0,1dd7,001c,7639,7843,0
592,592,0,7843,0,0,1df0,001c,7664,7843,0
593,593,0,7843,0,0,1dfc,001c,7676,7843,0
594,594,0,7843,0,0,1e0e,001c,7694,7843,0
595,595,0,7843,0,0,1e1e,001c,7710,7843,0
596,596,0,7843,0,0,1e44,001c,7748,7843,0
597,597,0,7843,0,0,1e51,001c,7761,7843,0
598,598,0,7843,0,0,1e6e,001c,7790,7843,0
599,599,0,7843,0,0,1e87,001c,7815,7843,0
600,600,0,7843,0,0,1ebb,001c,7867,7843,0
601,601,0,7843,0,0,1ed6,001c,7894,7843,0
602,602,0,7843,0,0,1f17,001c,7959,7843,0
603,603,0,7843,0,0,1f47,001c,8007,7843,0
604,604,0,7843,0,0,1f4a,001c,8010,7843,0
605,605,0,7843,0,0,1f8d,001c,8077,7843,0
606,606,0,7843,0,0,1fba,001c,8122,7843,0
607,607,0,7843,0,0,1fc8,001c,8136,7843,0
608,608,0,7843,0,0,1ffb,001c,8187,7843,0
609,609,0,7843,0,0,fff3,001c,9019,7843,0
610,610,0,7843,0,0,e07f,001c,8319,7843,0
611,611,0,7843,0,0,e0ff,001c,8447,7843,0
612,612,0,7843,0,0,e0be,001c,8382,7843,0
613,613,0,7843,0,0,e094,001c,8340,7843,0
614,614,0,7843,0,0,e0d7,001c,8406,7843,0
615,615,0,7843,0,0,e0f7,001c,8423,7843,0
616,616,0,7843,0,0,e0f4,001c,8436,7843,0
617,617,0,7843,0,0,e122,001c,8482,7843,0
618,618,0,7843,0,0,e147,001c,8519,7843,0
619,619,0,7843,0,0,e15a,001c,8538,7843,0
620,620,0,7843,0,0,e169,001c,8553,7843,0
621,621,0,7843,0,0,e190,001c,8592,7843,0
622,622,0,7843,0,0,e1b7,001c,8631,7843,0
623,623,0,7843,0,0,e1ce,001c,8654,7843,0
624,624,0,7843,0,0,e1ce,001c,8654,7843,0
625,625,0,7843,0,0,e1ea,001c,8682,7843,0
626,626,0,7843,0,0,e212,001c,8722,7843,0
627,627,0,7843,0,0,e200,001c,8704,7843,0
628,628,0,7843,0,0,e1ec,001c,8684,7843,0
629,629,0,7843,0,0,e207,001c,8711,7843,0
630,630,0,7843,0,0,e207,001c,8711,7843,0
631,631,0,7843,0,0,e1e7,001c,8679,7843,0
632,632,0,7843,0,0,e1e2,001c,8674,7843,0
633,633,0,7843,0,0,e1dc,001c,8668,7843,0
634,634,0,7843,0,0,e1d2,001c,8658,7843,0
635,635,0,7843,0,0,e1cf,001c,8655,7843,0
636,636,0,7843,0,0,e1a6,001c,8614,7843,0
637,637,0,7843,0,0,e17e,001c,8574,7843,0
638,638,0,7843,0,0,e16a,001c,8554,7843,0
639,639,0,7843,0,0,e15c,001c,8540,7843,0
640,640,0,7843,0,0,e151,001c,8529,7843,0
641,641,0,7843,0,0,e125,001c,8485,7843,0
642,642,0,7843,0,0,e0f4,001c,8436,7843,0
643,643,0,7843,0,0,e0e7,001c,8423,7843,0
644,644,0,7843,0,0,e0e0,001c,8416,7843,0
645,645,0,7843,0,0,e0b1,001c,8369,7843,0
646,646,0,7843,0,0,e0f9,001c,8441,7843,0
647,647,0,7843,0,0,e07d,001c,8317,7843,0
648,648,0,7843,0,0,e07d,001c,8317,7843,0
649,649,0,7843,0,0,eff9,001c,12281,7843,0
650,650,0,7843,0,0,1ffd,001c,8185,7843,0
651,651,0,7843,0,0,1fcf,001c,8142,7843,0
652,652,0,7843,0,0,1fb7,001c,8119,7843,0
653,653,0,7843,0,0,1f94,001c,8084,7843,0
654,654,0,7843,0,0,1f65,001c,8037,7843,0
655,655,0,7843,0,0,1f41,001c,8001,7843,0
656,656,0,7843,0,0,1f27,001c,7975,7843,0
657,657,0,7843,0,0,1f22,001c,7970,7843,0
658,658,0,7843,0,0,1ee5,001c,7909,7843,0
659,659,0,7843,0,0,1ee2,001c,7906,7843,0
660,660,0,7843,0,0,1edb,001c,7899,7843,0
661,661,0,7843,0,0,1ea5,001c,7845,7843,0
662,662,0,7843,0,0,1e78,001c,7800,7843,0
663,663,0,7843,0,0,1e75,001c,7797,7843,0
664,664,0,7843,0,0,1e85,001c,7813,7843,0
665,665,0,7843,0,0,1e6d,001c,7789,7843,0
666,666,0,7843,0,0,1e4c,001c,7756,7843,0
667,667,0,7843,0,0,1e69,001c,7785,7843,0
668,668,0,7843,0,0,1e54,001c,7764,7843,0
669,669,0,7843,0,0,1e5f,001c,7775,7843,0
670,670,0,7843,0,0,1e6e,001c,7790,7843,0
671,671,0,7843,0,0,1e5e,001c,7774,7843,0
672,672,0,7843,0,0,1e78,001c,7800,7843,0
673,673,0,7843,0,0,1e82,001c,7810,7843,0
674,674,0,7843,0,0,1e80,001c,7808,7843,0
675,675,0,7843,0,0,1e85,001c,7813,7843,0
676,676,0,7843,0,0,1e87,001c,7815,7843,0
677,677,0,7843,0,0,1ebe,001c,7870,7843,0
678,678,0,7843,0,0,1eef,001c,7919,7843,0
679,679,0,7843,0,0,1ee9,001c,7913,7843,0
680,680,0,7843,0,0,1f34,001c,7997,7843,0
681,681,0,7843,0,0,1f39,001c,7997,7843,0
682,682,0,7843,0,0,1f3f,001c,7999,7843,0
683,683,0,7843,0,0,1f7f,001c,8063,7843,0
684,684,0,7843,0,0,1fee,001c,8174,7843,0
685,685,0,7843,0,0,1fbf,001c,8127,7843,0
686,686,0,7843,0,0,1fff,001c,8183,7843,0
687,687,0,7843,0,0,1fc9,001c,8137,7843,0
688,688,0,7843,0,0,1ff6,001c,8182,7843,0
689,689,0,7843,0,0,e012,001c,8210,7843,0
690,690,0,7843,0,0,e04f,001c,8271,7843,0
691,691,0,7843,0,0,e079,001c,8313,7843,0
692,692,0,7843,0,0,e07d,001c,8317,7843,0
693,693,0,7843,0,0,e0a9,001c,8361,7843,0
694,694,0,7843,0,0,e0da,001c,8410,7843,0
695,695,0,7843,0,0,e0df,001c,8415,7843,0
696,696,0,7843,0,0,e103,001c,8451,7843,0
697,697,0,7843,0,0,e101,001c,8449,7843,0
698,698,0,7843,0,0,e11c,001c,8476,7843,0
699,699,0,7843,0,0,e14f,001c,8527,7843,0
700,700,0,7843,0,0,e168,001c,8552,7843,0
701,701,0,7843,0,0,e174,001c,8564,7843,0
702,702,0,7843,0,0,e176,001c,8566,7843,0
703,703,0,7843,0,0,e17c,001c,8572,7843,0
704,704,0,7843,0,0,e190,001c,8592,7843,0
705,705,0,7843,0,0,e1aa,001c,8618,7843,0
706,706,0,7843,0,0,e1a8,001c,8616,7843,0
707,707,0,7843,0,0,e191,001c,8593,7843,0
708,708,0,7843,0,0,e18f,001c,8591,7843,0
709,709,0,7843,0,0,e19f,001c,8607,7843,0
710,710,0,7843,0,0,e17f,001c,8575,7843,0
711,711,0,7843,0,0,e189,001c,8585,7843,0
712,712,0,7843,0,0,e181,001c,8577,7843,0
713,713,0,7843,0,0,e162,001c,8546,7843,0
714,714,0,7843,0,0,e163,001c,8547,7843,0
715,715,0,7843,0,0,e14d,001c,8557,7843,0
716,716,0,7843,0,0,e139,001c,8509,7843,0
717,717,0,7843,0,0,e135,001c,8509,7843,0
718,718,0,7843,0,0,e1f5,001c,8693,7843,0
719,719,0,7843,0,0,e0fd,001c,8445,7843,0
720,720,0,7843,0,0,e0ff,001c,8447,7843,0
721,721,0,7843,0,0,e0b7,001c,8375,7843,0
722,722,0,7843,0,0,e09f,001c,8351,7843,0
723,723,0,7843,0,0,e0dd,001c,8413,7843,0
724,724,0,7843,0,0,e068,001c,8296,7843,0
725,725,0,7843,0,0,e022,001c,8226,7843,0
726,726,0,7843,0,0,e008,001c,8200,7843,0
727,727,0,7843,0,0,e00f,001c,8207,7843,0
728,728,0,7843,0,0,1fc1,001c,8129,7843,0
729,729,0,7843,0,0,1f9f,001c,8095,7843,0
730,730,0,7843,0,0,1f73,001c,8051,7843,0
731,731,0,7843,0,0,1f6a,001c,8042,7843,0
732,732,0,7843,0,0,1f3c,001c,7996,7843,0
733,733,0,7843,0,0,1f24,001c,7972,7843,0
734,734,0,7843,0,0,1ef4,001c,7924,7843,0
735,735,0,7843,0,0,1eb7,001c,7863,7843,0
736,736,0,7843,0,0,1ecf,001c,7887,7843,0
737,737,0,7843,0,0,1eb5,001c,7861,7843,0
738,738,0,7843,0,0,1e9c,001c,7836,7843,0
739,739,0,7843,0,0,1e84,001c,7812,7843,0
740,740,0,7843,0,0,1e5a,001c,7770,7843,0
741,741,0,7843,0,0,1e2d,001c,7725,7843,0
742,742,0,7843,0,0,1e2c,001c,7724,7843,0
743,743,0,7843,0,0,1e22,001c,7714,7843,0
744,744,0,7843,0,0,1df1,001c,7665,7843,0
745,745,0,7843,0,0,1dc8,001c,7624,7843,0
746,746,0,7843,0,0,1dc1,001c,7617,7843,0
747,747,0,7843,0,0,1dfa,001c,7674,7843,0
748,748,0,7843,0,0,1e13,001c,7699,7843,0
749,749,0,7843,0,0,1e07,001c,7687,7843,0
750,750,0,7843,0,0,1e24,001c,7716,7843,0
751,751,0,7843,0,0,1e3a,001c,7738,7843,0
752,752,0,7843,0,0,1e36,001c,7742,7843,0
753,753,0,7843,0,0,1e72,001c,7798,7843,0
754,754,0,7843,0,0,1e6a,001c,7786,7843,0
755,755,0,7843,0,0,1e5a,001c,7770,7843,0
756,756,0,7843,0,0,1ed6,001c,7894,7843,0
757,757,0,7843,0,0,1e8f,001c,7823,7843,0
758,758,0,7843,0,0,1eaf,001c,7823,7843,0
759,759,0,7843,0,0,1eee,001c,7918,7843,0
760,760,0,7843,0,0,1ee0,001c,7904,7843,0
761,761,0,7843,0,0,1f08,001c,7944,7843,0
762,762,0,7843,0,0,1f0b,001c,7947,7843,0
763,763,0,7843,0,0,1f31,001c,7985,7843,0
764,764,0,7843,0,0,1f72,001c,8050,7843,0
765,765,0,7843,0,0,1fa6,001c,8102,7843,0
766,766,0,7843,0,0,1fc4,001c,8132,7843,0
767,767,0,7843,0,0,1fce,001c,8142,7843,0
768,768,0,7843,0,0,1ff5,001c,8181,7843,0
769,769,0,7843,0,0,e029,001c,8233,7843,0
770,770,0,7843,0,0,e04f,001c,8271,7843,0
771,771,0,7843,0,0,e06d,001c,8301,7843,0
772,772,0,7843,0,0,e0b1,001c,8369,7843,0
773,773,0,7843,0,0,e0b3,001c,8371,7843,0
774,774,0,7843,0,0,e0c8,001c,8392,7843,0
775,775,0,7843,0,0,e0f8,001c,8440,7843,0
776,776,0,7843,0,0,e11f,001c,8479,7843,0
777,777,0,7843,0,0,e138,001c,8504,7843,0
778,778,0,7843,0,0,e146,001c,8518,7843,0
779,779,0,7843,0,0,e172,001c,8562,7843,0
780,780,0,7843,0,0,e18a,001c,8586,7843,0
781,781,0,7843,0,0,e1ae,001c,8622,7843,0
782,782,0,7843,0,0,e18e,001c,8590,7843,0
783,783,0,7843,0,0,e1a4,001c,8612,7843,0
784,784,0,7843,0,0,e1b9,001c,8633,7843,0
785,785,0,7843,0,0,e1e8,001c,8680,7843,0
786,786,0,7843,0,0,e1f1,001c,8689,7843,0
787,787,0,7843,0,0,e1ff,001c,8703,7843,0
788,788,0,7843,0,0,e1d0,001c,8671,7843,0
789,789,0,7843,0,0,e1c1,001c,8641,7843,0
790,790,0,7843,0,0,e1f5,001c,8693,7843,0
791,791,0,7843,0,0,e1bd,001c,8637,7843,0
792,792,0,7843,0,0,e1ff,001c,8703,7843,0
793,793,0,7843,0,0,e1df,001c,8671,7843,0
794,794,0,7843,0,0,e19f,001c,8607,7843,0
795,795,0,7843,0,0,e185,001c,8581,7843,0
796,796,0,7843,0,0,e180,001c,8576,7843,0
797,797,0,7843,0,0,e15d,001c,8541,7843,0
798,798,0,7843,0,0,e147,001c,8519,7843,0
799,799,0,7843,0,0,e146,001c,8518,7843,0
800,800,0,7843,0,0,e116,001c,8470,7843,0
801,801,0,7843,0,0,e112,001c,8466,7843,0
802,802,0,7843,0,0,e0db,001c,8411,7843,0
803,803,0,7843,0,0,e0bd,001c,8381,7843,0
804,804,0,7843,0,0,e095,001c,8341,7843,0
805,805,0,7843,0,0,e07f,001c,8319,7843,0
806,806,0,7843,0,0,e078,001c,8312,7843,0
807,807,0,7843,0,0,e01e,001c,8222,7843,0
808,808,0,7843,0,0,1ffe,001c,8190,7843,0
809,809,0,7843,0,0,1ff1,001c,8177,7843,0
810,810,0,7843,0,0,1fbf,001c,8127,7843,0
811,811,0,7843,0,0,1f88,001c,8072,7843,0
812,812,0,7843,0,0,1f68,001c,8040,7843,0
813,813,0,7843,0,0,1f3c,001c,7996,7843,0
814,814,0,7843,0,0,1f26,001c,7974,7843,0
815,815,0,7843,0,0,1eff,001c,7935,7843,0
816,816,0,7843,0,0,1ecf,001c,7887,7843,0
817,817,0,7843,0,0,1ea0,001c,7840,7843,0
818,818,0,7843,0,0,1ebc,001c,7868,7843,0
819,819,0,7843,0,0,1eab,001c,7851,7843,0
820,820,0,7843,0,0,1e88,001c,7816,7843,0
821,821,0,7843,0,0,1e55,001c,7765,7843,0
822,822,0,7843,0,0,1e48,001c,7752,7843,0
823,823,0,7843,0,0,1e49,001c,7753,7843,0
824,824,0,7843,0,0,1e4b,001c,7755,7843,0
825,825,0,7843,0,0,1e43,001c,7755,7843,0
826,826,0,7843,0,0,1e43,001c,7747,7843,0
827,827,0,7843,0,0,1e6b,001c,7787,7843,0
828,828,0,7843,0,0,1e2c,001c,7724,7843,0
829,829,0,7843,0,0,1e6f,001c,7790,7843,0
830,830,0,7843,0,0,1e4f,001c,7751,7843,0
831,831,0,7843,0,0,1e5c,001c,7772,7843,0
832,832,0,7843,0,0,1e69,001c,7785,7843,0
833,833,0,7843,0,0,1e5a,001c,7770,7843,0
834,834,0,7843,0,0,1e68,001c,7784,7843,0
835,835,0,7843,0,0,1e77,001c,7799,7843,0
836,836,0,7843,0,0,1e9a,001c,7834,7843,0
837,837,0,7843,0,0,1e98,001c,7832,7843,0
838,838,0,7843,0,0,1e9d,001c,7837,7843,0
839,839,0,7843,0,0,1ed0,001c,7888,7843,0
840,840,0,7843,0,0,1ef7,001c,7927,7843,0
841,841,0,7843,0,0,1f07,001c,7943,7843,0
842,842,0,7843,0,0,1f42,001c,8002,7843,0
843,843,0,7843,0,0,1f61,001c,8033,7843,0
844,844,0,7843,0,0,1f69,001c,8041,7843,0
845,845,0,7843,0,0,1f94,001c,8084,7843,0
846,846,0,7843,0,0,1fc7,001c,8135,7843,0
847,847,0,7843,0,0,e006,001c,8198,7843,0
848,848,0,7843,0,0,e00d,001c,8205,7843,0
849,849,0,7843,0,0,e021,001c,8225,7843,0
850,850,0,7843,0,0,e04e,001c,8270,7843,0
851,851,0,7843,0,0,e088,001c,8328,7843,0
852,852,0,7843,0,0,e095,001c,8341,7843,0
853,853,0,7843,0,0,e0d1,001c,8401,7843,0
854,854,0,7843,0,0,e104,001c,8452,7843,0
855,855,0,7843,0,0,e0f6,001c,8438,7843,0
856,856,0,7843,0,0,e11e,001c,8478,7843,0
857,857,0,7843,0,0,e14b,001c,8523,7843,0
858,858,0,7843,0,0,e143,001c,8515,7843,0
859,859,0,7843,0,0,e16e,001c,8559,7843,0
860,860,0,7843,0,0,e1ba,001c,8638,7843,0
861,861,0,7843,0,0,e192,001c,8602,7843,0
862,862,0,7843,0,0,e197,001c,8599,7843,0
863,863,0,7843,0,0,e197,001c,8599,7843,0
864,864,0,7843,0,0,e1b7,001c,8631,7843,0
865,865,0,7843,0,0,e1f7,001c,8695,7843,0
866,866,0,7843,0,0,e1cf,001c,8647,7843,0
867,867,0,7843,0,0,e1c8,001c,8648,7843,0
868,868,0,7843,0,0,e1c9,001c,8649,7843,0
869,869,0,7843,0,0,e1c2,001c,8642,7843,0
870,870,0,7843,0,0,e1b4,001c,8628,7843,0
871,871,0,7843,0,0,e194,001c,8596,7843,0
872,872,0,7843,0,0,e1ad,001c,8621,7843,0
873,873,0,7843,0,0,e1bb,001c,8635,7843,0
874,874,0,7843,0,0,e16d,001c,8557,7843,0
875,875,0,7843,0,0,e172,001c,8562,7843,0
876,876,0,7843,0,0,e17a,001c,8570,7843,0
877,877,0,7843,0,0,e11b,001c,8475,7843,0
878,878,0,7843,0,0,e101,001c,8449,7843,0
879,879,0,7843,0,0,e0eb,001c,8427,7843,0
880,880,0,7843,0,0,e0c4,001c,8388,7843,0
881,881,0,7843,0,0,e0d1,001c,8401,7843,0
882,882,0,7843,0,0,e0a1,001c,8353,7843,0
883,883,0,7843,0,0,e06f,001c,8303,7843,0
884,884,0,7843,0,0,e073,001c,8307,7843,0
885,885,0,7843,0,0,e041,001c,8257,7843,0
886,886,0,7843,0,0,e010,001c,8208,7843,0
887,887,0,7843,0,0,1fe1,001c,8161,7843,0
888,888,0,7843,0,0,1fcf,001c,8143,7843,0
889,889,0,7843,0,0,1fb0,001c,8112,7843,0
890,890,0,7843,0,0,1f96,001c,8086,7843,0
891,891,0,7843,0,0,1f5a,001c,8026,7843,0
892,892,0,7843,0,0,1f20,001c,7968,7843,0
893,893,0,7843,0,0,1f12,001c,7954,7843,0
894,894,0,7843,0,0,1efa,001c,7930,7843,0
895,895,0,7843,0,0,1ef3,001c,7931,7843,0
896,896,0,7843,0,0,1ea3,001c,7843,7843,0
897,897,0,7843,0,0,1eaf,001c,7855,7843,0
898,898,0,7843,0,0,1e8f,001c,7823,7843,0
899,899,0,7843,0,0,1eed,001c,7917,7843,0
900,900,0,7843,0,0,1e6d,001c,7789,7843,0
901,901,0,7843,0,0,1e7d,001c,7773,7843,0
902,902,0,7843,0,0,1e3d,001c,7740,7843,0
903,903,0,7843,0,0,1e31,001c,7729,7843,0
904,904,0,7843,0,0,1e05,001c,7685,7843,0
905,905,0,7843,0,0,1df6,001c,7670,7843,0
906,906,0,7843,0,0,1e02,001c,7682,7843,0
907,907,0,7843,0,0,1e0c,001c,7692,7843,0
908,908,0,7843,0,0,1dcf,001c,7631,7843,0
909,909,0,7843,0,0,1de6,001c,7654,7843,0
910,910,0,7843,0,0,1df6,001c,7670,7843,0
911,911,0,7843,0,0,1e05,001c,7685,7843,0
912,912,0,7843,0,0,1e24,001c,7716,7843,0
913,913,0,7843,0,0,1e16,001c,7702,7843,0
914,914,0,7843,0,0,1e24,001c,7716,7843,0
915,915,0,7843,0,0,1e3c,001c,7740,7843,0
916,916,0,7843,0,0,1e4e,001c,7758,7843,0
917,917,0,7843,0,0,1e6d,001c,7789,7843,0
918,918,0,7843,0,0,1e6d,001c,7789,7843,0
919,919,0,7843,0,0,1e96,001c,7830,7843,0
920,920,0,7843,0,0,1ee7,001c,7911,7843,0
921,921,0,7843,0,0,1edc,001c,7900,7843,0
922,922,0,7843,0,0,1eea,001c,7914,7843,0
923,923,0,7843,0,0,1f3f,001c,7999,7843,0
924,924,0,7843,0,0,1f4f,001c,8015,7843,0
925,925,0,7843,0,0,1f63,001c,8035,7843,0
926,926,0,7843,0,0,1fa4,001c,8100,7843,0
927,927,0,7843,0,0,1fc0,001c,8128,7843,0
928,928,0,7843,0,0,1fd6,001c,8150,7843,0
929,929,0,7843,0,0,1ffc,001c,8188,7843,0
930,930,0,7843,0,0,e329,001c,8761,7843,0
931,931,0,7843,0,0,e078,001c,8313,7843,0
932,932,0,7843,0,0,e075,001c,8317,7843,0
933,933,0,7843,0,0,e0f7,001c,8439,7843,0
934,934,0,7843,0,0,e0d3,001c,8403,7843,0
935,935,0,7843,0,0,e0fb,001c,8443,7843,0
936,936,0,7843,0,0,e0ff,001c,8447,7843,0
937,937,0,7843,0,0,e0fc,001c,8700,7843,0
938,938,0,7843,0,0,e104,001c,8452,7843,0
939,939,0,7843,0,0,e123,001c,8483,7843,0
940,940,0,7843,0,0,e17a,001c,8570,7843,0
941,941,0,7843,0,0,e151,001c,8529,7843,0
942,942,0,7843,0,0,e161,001c,8545,7843,0
943,943,0,7843,0,0,e170,001c,8560,7843,0
944,944,0,7843,0,0,e17f,001c,8575,7843,0
945,945,0,7843,0,0,e1a9,001c,8617,7843,0
946,946,0,7843,0,0,e1b9,001c,8633,7843,0
947,947,0,7843,0,0,e1a6,001c,8614,7843,0
948,948,0,7843,0,0,e18d,001c,8589,7843,0
949,949,0,7843,0,0,e18b,001c,8587,7843,0
950,950,0,7843,0,0,e1b3,001c,8627,7843,0
951,951,0,7843,0,0,e1ad,001c,8621,7843,0
952,952,0,7843,0,0,e198,001c,8600,7843,0
953,953,0,7843,0,0,e190,001c,8592,7843,0
954,954,0,7843,0,0,e176,001c,8566,7843,0
955,955,0,7843,0,0,e14b,001c,8523,7843,0
956,956,0,7843,0,0,e14d,001c,8525,7843,0
957,957,0,7843,0,0,e14e,001c,8526,7843,0
958,958,0,7843,0,0,e11f,001c,8479,7843,0
959,959,0,7843,0,0,e0e6,001c,8422,7843,0
960,960,0,7843,0,0,e0c8,001c,8392,7843,0
961,961,0,7843,0,0,e0af,001c,8367,7843,0
962,962,0,7843,0,0,e0b6,001c,8374,7843,0
963,963,0,7843,0,0,e08b,001c,8331,7843,0
964,964,0,7843,0,0,e05f,001c,8287,7843,0
965,965,0,7843,0,0,e02d,001c,8237,7843,0
966,966,0,7843,0,0,e005,001c,8229,7843,0
967,967,0,7843,0,0,dfcf,001c,8141,7843,0
968,968,0,7843,0,0,1feb,001c,8171,7843,0
969,969,0,7843,0,0,1fff,001c,8191,7843,0
970,970,0,7843,0,0,1fff,001c,8191,7843,0
971,971,0,7843,0,0,1f79,001c,8057,7843,0
972,972,0,7843,0,0,1f3d,001c,7997,7843,0
973,973,0,7843,0,0,1f3d,001c,7997,7843,0
974,974,0,7843,0,0,1f2d,001c,8173,7843,0
975,975,0,7843,0,0,1eda,001c,7898,7843,0
976,976,0,7843,0,0,1ed8,001c,7896,7843,0
977,977,0,7843,0,0,1ea6,001c,7846,7843,0
978,978,0,7843,0,0,1e7d,001c,7805,7843,0
979,979,0,7843,0,0,1e7d,001c,7805,7843,0
980,980,0,7843,0,0,1e75,001c,7797,7843,0
981,981,0,7843,0,0,1e68,001c,7784,7843,0
982,982,0,7843,0,0,1e42,001c,7746,7843,0
983,983,0,7843,0,0,1e22,001c,7714,7843,0
984,984,0,7843,0,0,1e38,001c,7736,7843,0
985,985,0,7843,0,0,1e40,001c,7744,7843,0
986,986,0,7843,0,0,1e20,001c,7712,7843,0
987,987,0,7843,0,0,1e16,001c,7702,7843,0
988,988,0,7843,0,0,1e1e,001c,7710,7843,0
989,989,0,7843,0,0,1e2b,001c,7723,7843,0
990,990,0,7843,0,0,1e37,001c,7735,7843,0
991,991,0,7843,0,0,1e29,001c,7721,7843,0
992,992,0,7843,0,0,1e20,001c,7712,7843,0
993,993,0,7843,0,0,1e43,001c,7747,7843,0
994,994,0,7843,0,0,1e61,001c,7777,7843,0
995,995,0,7843,0,0,1e88,001c,7816,7843,0
996,996,0,7843,0,0,1e97,001c,7831,7843,0
997,997,0,7843,0,0,1eaa,001c,7850,7843,0
998,998,0,7843,0,0,1ebd,001c,7869,7843,0
999,999,0,7843,0,0,1edf,001c,7903,7843,0
1000,1000,0,7843,0,0,1f01,001c,7937,7843,0
1001,1001,0,7843,0,0,1f16,001c,7958,7843,0
1002,1002,0,7843,0,0,1f3f,001c,7999,7843,0
1003,1003,0,7843,0,0,1f73,001c,8063,7843,0
1004,1004,0,7843,0,0,1fe3,001c,8099,7843,0
1005,1005,0,7843,0,0,1fb2,001c,8114,7843,0
1006,1006,0,7843,0,0,1ff7,001c,8183,7843,0
1007,1007,0,7843,0,0,1fdf,001c,8159,7843,0
1008,1008,0,7843,0,0,1fda,001c,8154,7843,0
1009,1009,0,7843,0,0,e065,001c,8293,7843,0
1010,1010,0,7843,0,0,e053,001c,8275,7843,0
1011,1011,0,7843,0,0,e054,001c,8276,7843,0
1012,1012,0,7843,0,0,e049,001c,8265,7843,0
1013,1013,0,7843,0,0,e086,001c,8326,7843,0
1014,1014,0,7843,0,0,e085,001c,8325,7843,0
1015,1015,0,7843,0,0,e0e9,001c,8425,7843,0
1016,1016,0,7843,0,0,e11e,001c,8478,7843,0
1017,1017,0,7843,0,0,e116,001c,8470,7843,0
1018,1018,0,7843,0,0,e157,001c,8535,7843,0
1019,1019,0,7843,0,0,e14f,001c,8527,7843,0
1020,1020,0,7843,0,0,e15d,001c,8541,7843,0
1021,1021,0,7843,0,0,e198,001c,8600,7843,0
1022,1022,0,7843,0,0,e19d,001c,8605,7843,0
1023,1023,0,7843,0,0,e1b4,001c,8628,7843,0
1024,1024,0,7843,0,0,e1cb,001c,8651,7843,0
1025,1025,0,7843,0,0,e1a9,001c,8617,7843,0
1026,1026,0,7843,0,0,e1c7,001c,8647,7843,0
1027,1027,0,7843,0,0,e1d1,001c,8657,7843,0
1028,1028,0,7843,0,0,e1ca,001c,8650,7843,0
1029,1029,0,7843,0,0,e23b,001c,8763,7843,0
1030,1030,0,7843,0,0,e1c4,001c,8644,7843,0
1031,1031,0,7843,0,0,e1da,001c,8666,7843,0
1032,1032,0,7843,0,0,e1a6,001c,8614,7843,0
1033,1033,0,7843,0,0,e178,001c,8568,7843,0
1034,1034,0,7843,0,0,e151,001c,8529,7843,0
1035,1035,0,7843,0,0,e165,001c,8549,7843,0
1036,1036,0,7843,0,0,e160,001c,8544,7843,0
1037,1037,0,7843,0,0,e15e,001c,8574,7843,0
1038,1038,0,7843,0,0,e11b,001c,8479,7843,0
1039,1039,0,7843,0,0,e13b,001c,8507,7843,0
1040,1040,0,7843,0,0,fffd,001c,16377,7843,0
1041,1041,0,7843,0,0,1ff6,001c,16374,7843,0
1042,1042,0,7843,0,0,e13f,001c,8511,7843,0
1043,1043,0,7843,0,0,e13f,001c,8509,7843,0
1044,1044,0,7843,0,0,e156,001c,8534,7843,0
1045,1045,0,7843,0,0,e054,001c,8276,7843,0
1046,1046,0,7843,0,0,e06a,001c,8298,7843,0
1047,1047,0,7843,0,0,1ff5,001c,8181,7843,0
1048,1048,0,7843,0,0,1fcf,001c,8143,7843,0
1049,1049,0,7843,0,0,1fc5,001c,8133,7843,0
1050,1050,0,7843,0,0,1f80,001c,8064,7843,0
1051,1051,0,7843,0,0,1f75,001c,8053,7843,0
1052,1052,0,7843,0,0,1f49,001c,8009,7843,0
1053,1053,0,7843,0,0,1ef8,001c,7928,7843,0
1054,1054,0,7843,0,0,1ef7,001c,7927,7843,0
1055,1055,0,7843,0,0,1ee9,001c,7913,7843,0
1056,1056,0,7843,0,0,1f5f,001c,8031,7843,0
1057,1057,0,7843,0,0,1e9c,001c,7836,7843,0
1058,1058,0,7843,0,0,1ee1,001c,7905,7843,0
1059,1059,0,7843,0,0,1e61,001c,7777,7843,0
1060,1060,0,7843,0,0,1e36,001c,7734,7843,0
1061,1061,0,7843,0,0,1e06,001c,7686,7843,0
1062,1062,0,7843,0,0,1ddd,001c,7645,7843,0
1063,1063,0,7843,0,0,1dea,001c,7658,7843,0
1064,1064,0,7843,0,0,1e28,001b,7720,7843,0
1065,1065,0,7843,0,0,1dd4,001b,7636,7843,0
1066,1066,0,7843,0,0,1e04,001b,7684,7843,0
1067,1067,0,7843,0,0,1dd9,001a,7641,7843,0
1068,1068,0,7843,0,0,1ddd,001a,7645,7843,0
1069,1069,0,7843,0,0,1e07,0019,7687,7843,0
1070,1070,0,7843,0,0,1de0,0018,7648,7843,0
1071,1071,0,7843,0,0,1e5c,0017,7772,7843,0
1072,1072,0,7843,0,0,1d9f,0017,7583,7843,0
1073,1073,0,7843,0,0,1e5e,0016,7775,7843,0
1074,1074,0,7843,0,0,1ffa,0015,8190,7843,0
1075,1075,0,7843,0,0,1fef,0014,8047,7843,0
1076,1076,0,7843,0,0,1fdf,0012,8159,7843,0
1077,1077,0,7843,0,0,1dde,0011,8158,7843,0
1078,1078,0,7843,0,0,1eee,0010,7918,7843,0
1079,1079,0,7843,0,0,1ede,000f,7902,7843,0
1080,1080,0,7843,0,0,1e9f,000d,7836,7843,0
1081,1081,0,7843,0,0,1e9f,000c,7839,7843,0
1082,1082,0,7843,0,0,1f10,000a,7952,7843,0
1083,1083,0,7843,0,0,1f36,0008,7990,7843,0
1084,1084,0,7843,0,0,1efa,0007,7930,7843,0
1085,1085,0,7843,0,0,1f46,0005,8006,7843,0
1086,1086,0,7843,0,0,1f39,0003,7993,7843,0
1087,1087,0,7843,0,0,1f5f,0001,8031,7843,0
1088,1088,0,7843,0,0,1f9f,ffff,8095,7843,0
1089,1089,0,7843,0,0,1fc1,fffd,8129,7843,0
1090,1090,0,7843,0,0,e030,fffb,8240,7843,0
1091,1091,0,7843,0,0,e004,fff8,8196,7843,0
1092,1092,0,7843,0,0,e06a,fff6,8298,7843,0
1093,1093,0,7843,0,0,e039,fff3,8249,7843,0
1094,1094,0,7843,0,0,e061,fff1,8289,7843,0
1095,1095,0,7843,0,0,e0b4,ffee,8372,7843,0
1096,1096,0,7843,0,0,e097,ffeb,8343,7843,0
1097,1097,0,7843,0,0,e12a,ffe8,8490,7843,0
1098,1098,0,7843,0,0,e0e0,ffe5,8416,7843,0
1099,1099,0,7843,0,0,e137,ffe2,8503,7843,0
1100,1100,0,7843,0,0,e0a6,ffdf,8358,7843,0
1101,1101,0,7843,0,0,e180,ffdc,8576,7843,0
1102,1102,0,7843,0,0,e106,ffd8,8454,7843,0
1103,1103,0,7843,0,0,e17e,ffd5,8574,7843,0
1104,1104,0,7843,0,0,e1c9,ffd1,8649,7843,0
1105,1105,0,7843,0,0,e15b,ffce,8539,7843,0
1106,1106,0,7843,0,0,e1ad,ffca,8621,7843,0
1107,1107,0,7843,0,0,e173,ffc6,8563,7843,0
1108,1108,0,7843,0,0,e177,ffc2,8567,7843,0
1109,1109,0,7843,0,0,e16d,ffbe,8559,7843,0
1110,1110,0,7843,0,0,e1a6,ffb9,8623,7843,0
1111,1111,0,7843,0,0,e1ff,ffb5,8703,7843,0
1112,1112,0,7843,0,0,e1ff,ffb1,8703,7843,0
1113,1113,0,7843,0,0,e19b,ffac,8603,7843,0
1114,1114,0,7843,0,0,e1e9,ffa7,8681,7843,0
1115,1115,0,7843,0,0,e1e5,ffa2,8677,7843,0
1116,1116,0,7843,0,0,e19f,ff9d,8596,7843,0
1117,1117,0,7843,0,0,e10f,ff98,8463,7843,0
1118,1118,0,7843,0,0,e12c,ff93,8492,7843,0
1119,1119,0,7843,0,0,e0e1,ff8e,8417,7843,0
1120,1120,0,7843,0,0,e120,ff88,8480,7843,0
1121,1121,0,7843,0,0,e08c,ff82,8332,7843,0
1122,1122,0,7843,0,0,e0e3,ff7d,8419,7843,0
1123,1123,0,7843,0,0,e069,ff77,8297,7843,0
1124,1124,0,7843,0,0,e0c3,ff71,8387,7843,0
1125,1125,0,7843,0,0,e01e,ff6a,8222,7843,0
1126,1126,0,7843,0,0,e032,ff64,8242,7843,0
1127,1127,0,7843,0,0,e029,ff57,8233,7843,0
1128,1128,0,7843,0,0,1fd3,ff50,8147,7843,0
1129,1129,0,7843,0,0,1fdb,ff59,8155,7843,0
1130,1130,0,7843,0,0,1fd4,ff49,8148,7843,0
1131,1131,0,7843,0,0,1f82,ff3b,8066,7843,0
1132,1132,0,7843,0,0,1fa5,ff33,8101,7843,0
1133,1133,0,7843,0,0,1f23,ff2c,7971,7843,0
1134,1134,0,7843,0,0,1f2e,ff24,7982,7843,0
1135,1135,0,7843,0,0,1ec5,ff1c,7877,7843,0
1136,1136,0,7843,0,0,1f14,ff14,7956,7843,0
1137,1137,0,7843,0,0,1ec8,ff0c,7880,7843,0
1138,1138,0,7843,0,0,1e89,ff03,7817,7843,0
1139,1139,0,7843,0,0,1e91,fefb,7825,7843,0
1140,1140,0,7843,0,0,1e8e,fee9,7822,7843,0
1141,1141,0,7843,0,0,1e6b,fee0,7787,7843,0
1142,1142,0,7843,0,0,1e79,fed7,7801,7843,0
1143,1143,0,7843,0,0,1e5f,fecd,7775,7843,0
1144,1144,0,7843,0,0,1e68,fec4,7784,7843,0
1145,1145,0,7843,0,0,1ff7,feba,7679,7843,0
1146,1146,0,7843,0,0,1fdb,feb0,8031,7843,0
1147,1147,0,7843,0,0,1e5f,fea6,7775,7843,0
1148,1148,0,7843,0,0,1e0f,fe9c,7695,7843,0
1149,1149,0,7843,0,0,1e4e,fe91,7758,7843,0
1150,1150,0,7843,0,0,1e6d,fe86,7789,7843,0
1151,1151,0,7843,0,0,1eed,fe7c,7917,7843,0
1152,1152,0,7843,0,0,1ecd,fe71,7885,7843,0
1153,1153,0,7843,0,0,1e5a,fe65,7770,7843,0
1154,1154,0,7843,0,0,1e85,fe5a,7813,7843,0
1155,1155,0,7843,0,0,1e7a,fe4e,7802,7843,0
1156,1156,0,7843,0,0,1e67,fe43,7783,7843,0
1157,1157,0,7843,0,0,1eb5,fe37,7861,7843,0
1158,1158,0,7843,0,0,1ed9,fe2a,7897,7843,0
1159,1159,0,7843,0,0,1f07,fe1e,7943,7843,0
1160,1160,0,7843,0,0,1f16,fe12,7958,7843,0
1161,1161,0,7843,0,0,1f6a,fe05,8042,7843,0
1162,1162,0,7843,0,0,1ef5,fdf8,7925,7843,0
1163,1163,0,7843,0,0,1f82,fdeb,8066,7843,0
1164,1164,0,7843,0,0,1f5f,fdde,8031,7843,0
1165,1165,0,7843,0,0,1fb7,fdde,8119,7843,0
1166,1166,0,7843,0,0,1ff6,fdc3,8182,7843,0
1167,1167,0,7843,0,0,1fda,fdb5,8154,7843,0
1168,1168,0,7843,0,0,e010,fda7,8208,7843,0
1169,1169,0,7843,0,0,e02e,fd99,8238,7843,0
1170,1170,0,7843,0,0,e089,fd8a,8329,7843,0
1171,1171,0,7843,0,0,e0a9,fd7c,8361,7843,0
1172,1172,0,7843,0,0,e0b9,fd6d,8377,7843,0
1173,1173,0,7843,0,0,e101,fd5e,8449,7843,0
1174,1174,0,7843,0,0,e0dd,fd4f,8413,7843,0
1175,1175,0,7843,0,0,e124,fd40,8484,7843,0
1176,1176,0,7843,0,0,e0e6,fd30,8422,7843,0
1177,1177,0,7843,0,0,e153,fd21,8531,7843,0
1178,1178,0,7843,0,0,e134,fd11,8500,7843,0
1179,1179,0,7843,0,0,e14a,fd01,8522,7843,0
1180,1180,0,7843,0,0,e166,fcf1,8550,7843,0
1181,1181,0,7843,0,0,e13a,fce1,8510,7843,0
1182,1182,0,7843,0,0,e1f6,fcd0,8702,7843,0
1183,1183,0,7843,0,0,e1f7,fcc0,8695,7843,0
1184,1184,0,7843,0,0,e1b7,fcaf,8631,7843,0
1185,1185,0,7843,0,0,e1b5,fc9e,8629,7843,0
1186,1186,0,7843,0,0,e1fb,fc8d,8699,7843,0
1187,1187,0,7843,0,0,e1df,fc6a,8651,7843,0
1188,1188,0,7843,0,0,e197,fc58,8598,7843,0
1189,1189,0,7843,0,0,e1b1,fc47,8689,7843,0
1190,1190,0,7843,0,0,e17b,fc35,8571,7843,0
1191,1191,0,7843,0,0,e1f5,fc23,8693,7843,0
1192,1192,0,7843,0,0,e15c,fc11,8540,7843,0
1193,1193,0,7843,0,0,e19d,fbfe,8605,7843,0
1194,1194,0,7843,0,0,e179,fbec,8569,7843,0
1195,1195,0,7843,0,0,e12d,fbda,8493,7843,0
1196,1196,0,7843,0,0,e163,fbb4,8547,7843,0
1197,1197,0,7843,0,0,e159,fba1,8537,7843,0
1198,1198,0,7843,0,0,e0cd,fb8e,8397,7843,0
1199,1199,0,7843,0,0,e06b,fb7b,8299,7843,0
1200,1200,0,7843,0,0,e0fa,fb68,8442,7843,0
1201,1201,0,7843,0,0,e06e,fb68,8302,7843,0
1202,1202,0,7843,0,0,e0e6,fb55,8422,7843,0
1203,1203,0,7843,0,0,e098,fb41,8344,7843,0
1204,1204,0,7843,0,0,e082,fb2e,8322,7843,0
1205,1205,0,7843,0,0,e01c,fb1a,8220,7843,0
1206,1206,0,7843,0,0,1fee,fb07,8174,7843,0
1207,1207,0,7843,0,0,1fce,faf3,8142,7843,0
1208,1208,0,7843,0,0,1faa,fadf,8106,7843,0
1209,1209,0,7843,0,0,1f69,facc,8041,7843,0
1210,1210,0,7843,0,0,1f69,fab8,8041,7843,0
1211,1211,0,7843,0,0,1f37,faa4,7991,7843,0
1212,1212,0,7843,0,0,1f27,fa90,7975,7843,0
1213,1213,0,7843,0,0,1ee6,fa7c,7910,7843,0
1214,1214,0,7843,0,0,1eb0,fa68,7856,7843,0
1215,1215,0,7843,0,0,1e3a,fa54,7738,7843,0
1216,1216,0,7843,0,0,1ea0,fa40,7840,7843,0
1217,1217,0,7843,0,0,1e77,fa2c,7799,7843,0
1218,1218,0,7843,0,0,1e73,fa18,7799,7843,0
1219,1219,0,7843,0,0,1e73,fa04,7795,7843,0
1220,1220,0,7843,0,0,1e79,f9f0,7801,7843,0
1221,1221,0,7843,0,0,1e79,f9dc,7801,7843,0
1222,1222,0,7843,0,0,1e43,f9c8,7747,7843,0
1223,1223,0,7843,0,0,1ff3,f9b4,8147,7843,0
1224,1224,0,7843,0,0,1df3,f9a1,7667,7843,0
1225,1225,0,7843,0,0,1e1c,f98d,7708,7843,0
1226,1226,0,7843,0,0,1e19,f979,7705,7843,0
1227,1227,0,7843,0,0,1dff,f965,7679,7843,0
1228,1228,0,7843,0,0,1dc2,f952,7618,7843,0
1229,1229,0,7843,0,0,1df2,f93f,7666,7843,0
1230,1230,0,7843,0,0,1de0,f92b,7648,7843,0
1231,1231,0,7843,0,0,1dee,f918,7662,7843,0
1232,1232,0,7843,0,0,1e16,f905,7702,7843,0
1233,1233,0,7843,0,0,1e1c,f8f2,7708,7843,0
1234,1234,0,7843,0,0,1e1e,f8df,7710,7843,0
1235,1235,0,7843,0,0,1e32,f8cd,7730,7843,0
1236,1236,0,7843,0,0,1e43,f8ba,7747,7843,0
1237,1237,0,7843,0,0,1e83,f8ba,7811,7843,0
1238,1238,0,7843,0,0,1e7d,f8a8,7805,7843,0
1239,1239,0,7843,0,0,1e93,f896,7827,7843,0
1240,1240,0,7843,0,0,1ee4,f884,7908,7843,0
1241,1241,0,7843,0,0,1ee6,f872,7910,7843,0
1242,1242,0,7843,0,0,1efe,f860,7934,7843,0
1243,1243,0,7843,0,0,1f34,f84f,7988,7843,0
1244,1244,0,7843,0,0,1f55,f83e,8021,7843,0
1245,1245,0,7843,0,0,1f80,f82d,8064,7843,0
1246,1246,0,7843,0,0,1fb1,f81d,8113,7843,0
1247,1247,0,7843,0,0,1fc2,f80d,8130,7843,0
1248,1248,0,7843,0,0,1fed,f7fd,8173,7843,0
1249,1249,0,7843,0,0,e018,f7ed,8216,7843,0
1250,1250,0,7843,0,0,e029,f7de,8233,7843,0
1251,1251,0,7843,0,0,e060,f7cf,8288,7843,0
1252,1252,0,7843,0,0,e127,f7c0,8487,7843,0
1253,1253,0,7843,0,0,e163,f7b2,8295,7843,0
1254,1254,0,7843,0,0,e0ff,f7a4,8447,7843,0
1255,1255,0,7843,0,0,e0ff,f796,8447,7843,0
1256,1256,0,7843,0,0,e0fd,f789,8445,7843,0
1257,1257,0,7843,0,0,e1fd,f77c,8696,7843,0
1258,1258,0,7843,0,0,e155,f770,8533,7843,0
1259,1259,0,7843,0,0,e1d5,f764,8660,7843,0
1260,1260,0,7843,0,0,e181,f758,8577,7843,0
1261,1261,0,7843,0,0,e137,f74d,8503,7843,0
1262,1262,0,7843,0,0,e1cf,f742,8655,7843,0
1263,1263,0,7843,0,0,e140,f738,8512,7843,0
1264,1264,0,7843,0,0,e192,f72f,8594,7843,0
1265,1265,0,7843,0,0,e1a6,f726,8614,7843,0
1266,1266,0,7843,0,0,e1c3,f71d,8643,7843,0
1267,1267,0,7843,0,0,e1ed,f715,8685,7843,0
1268,1268,0,7843,0,0,e1fa,f70d,8698,7843,0
1269,1269,0,7843,0,0,e1d3,f707,8659,7843,0
1270,1270,0,7843,0,0,e1e4,f6fa,8676,7843,0
1271,1271,0,7843,0,0,e1c7,f6f5,8647,7843,0
1272,1272,0,7843,0,0,e1a0,f6f1,8608,7843,0
1273,1273,0,7843,0,0,e1a4,f6f1,8612,7843,0
1274,1274,0,7843,0,0,e1ac,f6ed,8620,7843,0
1275,1275,0,7843,0,0,e1ab,f6ea,8619,7843,0
1276,1276,0,7843,0,0,e15c,f6e7,8540,7843,0
1277,1277,0,7843,0,0,e13e,f6e5,8510,7843,0
1278,1278,0,7843,0,0,e153,f6e4,8531,7843,0
1279,1279,0,7843,0,0,e147,f6e4,8519,7843,0
1280,1280,0,7843,0,0,e11d,f6e4,8477,7843,0
1281,1281,0,7843,0,0,e112,f6e7,8466,7843,0
1282,1282,0,7843,0,0,e08f,f6e9,8335,7843,0
1283,1283,0,7843,0,0,e069,f6ed,8297,7843,0
1284,1284,0,7843,0,0,e019,f6f1,8217,7843,0
1285,1285,0,7843,0,0,e08d,f6fb,8333,7843,0
1286,1286,0,7843,0,0,e054,f702,8276,7843,0
1287,1287,0,7843,0,0,e041,f70a,8257,7843,0
1288,1288,0,7843,0,0,e00a,f712,8203,7843,0
1289,1289,0,7843,0,0,dfc3,f726,8139,7843,0
1290,1290,0,7843,0,0,1fe3,f731,8163,7843,0
1291,1291,0,7843,0,0,1feb,f73d,8171,7843,0
1292,1292,0,7843,0,0,1fcd,f758,8141,7843,0
1293,1293,0,7843,0,0,1f66,f767,8038,7843,0
1294,1294,0,7843,0,0,1f2b,f777,7979,7843,0
1295,1295,0,7843,0,0,1fef,f788,8171,7843,0
1296,1296,0,7843,0,0,1eff,f79a,7935,7843,0
1297,1297,0,7843,0,0,1ed1,f7ad,7889,7843,0
1298,1298,0,7843,0,0,1ec8,f7c1,7880,7843,0
1299,1299,0,7843,0,0,1e9e,f7ed,7838,7843,0
1300,1300,0,7843,0,0,1e80,f805,7808,7843,0
1301,1301,0,7843,0,0,1e92,f81d,7826,7843,0
1302,1302,0,7843,0,0,1e57,f837,7767,7843,0
1303,1303,0,7843,0,0,1e2f,f852,7727,7843,0
1304,1304,0,7843,0,0,1e33,f88b,7731,7843,0
1305,1305,0,7843,0,0,1e4b,f8aa,7755,7843,0
1306,1306,0,7843,0,0,1e45,f8c9,7749,7843,0
1307,1307,0,7843,0,0,1e4a,f8ea,7754,7843,0
1308,1308,0,7843,0,0,1e35,f90f,7733,7843,0
1309,1309,0,7843,0,0,1e44,f90d,7748,7843,0
1310,1310,0,7843,0,0,1e31,f930,7729,7843,0
1311,1311,0,7843,0,0,1e47,f955,7751,7843,0
1312,1312,0,7843,0,0,1e6b,f97b,7787,7843,0
1313,1313,0,7843,0,0,1e6b,f9a2,7787,7843,0
1314,1314,0,7843,0,0,1e5d,f9ca,7773,7843,0
1315,1315,0,7843,0,0,1e8e,f9f4,7822,7843,0
1316,1316,0,7843,0,0,1e9a,fa4c,7834,7843,0
1317,1317,0,7843,0,0,1e96,fa7a,7830,7843,0
1318,1318,0,7843,0,0,1ebe,faa9,7870,7843,0
1319,1319,0,7843,0,0,1ef1,fada,7921,7843,0
1320,1320,0,7843,0,0,1efe,fb0c,7934,7843,0
1321,1321,0,7843,0,0,1f24,fb40,7972,7843,0
1322,1322,0,7843,0,0,1f34,fb75,7988,7843,0
1323,1323,0,7843,0,0,1f6b,fbab,8043,7843,0
1324,1324,0,7843,0,0,1faa,fbe3,8107,7843,0
1325,1325,0,7843,0,0,1ff2,fc1c,8058,7843,0
1326,1326,0,7843,0,0,1ff6,fc57,8182,7843,0
1327,1327,0,7843,0,0,1fd5,fc93,8149,7843,0
1328,1328,0,7843,0,0,1fd5,fcd1,8149,7843,0
1329,1329,0,7843,0,0,e06d,fd10,8296,7843,0
1330,1330,0,7843,0,0,e055,fd51,8277,7843,0
1331,1331,0,7843,0,0,e055,fd93,8276,7843,0
1332,1332,0,7843,0,0,e075,fdd7,8309,7843,0
1333,1333,0,7843,0,0,e09f,fe1c,8351,7843,0
1334,1334,0,7843,0,0,e0d6,fe63,8406,7843,0
1335,1335,0,7843,0,0,e0f1,feab,8433,7843,0
1336,1336,0,7843,0,0,e107,fef5,8455,7843,0
1337,1337,0,7843,0,0,e106,ff41,8454,7843,0
1338,1338,0,7843,0,0,e119,ffdc,8473,7843,0
1339,1339,0,7843,0,0,e131,002d,8497,7843,0
1340,1340,0,7843,0,0,e134,007e,8500,7843,0
1341,1341,0,7843,0,0,e159,0127,8537,7843,0
1342,1342,0,7843,0,0,e167,017e,8551,7843,0
1343,1343,0,7843,0,0,e15d,01d6,8541,7843,0
1344,1344,0,7843,0,0,e175,01f6,8565,7843,0
1345,1345,0,7843,0,0,e181,0230,8577,7843,0
1346,1346,0,7843,0,0,e1a8,028c,8616,7843,0
1347,1347,0,7843,0,0,e19c,02e9,8604,7843,0
1348,1348,0,7843,0,0,e196,0348,8598,7843,0
1349,1349,0,7843,0,0,e1a3,03a8,8611,7843,0
1350,1350,0,7843,0,0,e19c,040a,8604,7843,0
1351,1351,0,7843,0,0,e193,046e,8595,7843,0
1352,1352,0,7843,0,0,e18c,04d4,8588,7843,0
1353,1353,0,7843,0,0,e16f,053b,8559,7843,0
1354,1354,0,7843,0,0,e16f,05a3,8559,7843,0
1355,1355,0,7843,0,0,e13e,060e,8510,7843,0
1356,1356,0,7843,0,0,e12d,067a,8493,7843,0
1357,1357,0,7843,0,0,e112,06e8,8466,7843,0
1358,1358,0,7843,0,0,e111,0757,8465,7843,0
1359,1359,0,7843,0,0,e0f1,07c8,8433,7843,0
1360,1360,0,7843,0,0,e0e8,083b,8441,7843,0
1361,1361,0,7843,0,0,e0a0,08af,8360,7843,0
1362,1362,0,7843,0,0,e0ee,0926,8430,7843,0
1363,1363,0,7843,0,0,e0de,099d,8414,7843,0
1364,1364,0,7843,0,0,e057,0a17,8279,7843,0
1365,1365,0,7843,0,0,e04d,0a92,8269,7843,0
1366,1366,0,7843,0,0,e00d,0b0e,11533,7843,0
1367,1367,0,7843,0,0,1fa8,0b8d,8104,7843,0
1368,1368,0,7843,0,0,1f71,0c0d,8049,7843,0
1369,1369,0,7843,0,0,1f8a,0c8f,8074,7843,0
1370,1370,0,7843,0,0,1f78,0d12,8056,7843,0
1371,1371,0,7843,0,0,1f4b,0d97,8011,7843,0
1372,1372,0,7843,0,0,1fc4,0e1d,8132,7843,0
1373,1373,0,7843,0,0,1ed7,0ea5,7895,7843,0
1374,1374,0,7843,0,0,1ebf,0f2f,7871,7843,0
1375,1375,0,7843,0,0,1ea7,0fbb,7847,7843,0
1376,1376,0,7843,0,0,1e84,1048,7812,7843,0
1377,1377,0,7843,0,0,1ec5,10d6,7877,7843,0
1378,1378,0,7843,0,0,1e7b,1166,7803,7843,0
1379,1379,0,7843,0,0,1ea1,11f8,7841,7843,0
1380,1380,0,7843,0,0,1e58,12f8,7768,7843,0
1381,1381,0,7843,0,0,1e29,128b,7721,7843,0
1382,1382,0,7843,0,0,1e39,1320,7737,7843,0
1383,1383,0,7843,0,0,1e33,13b7,7731,7843,0
1384,1384,0,7843,0,0,1e38,144f,7736,7843,0
1385,1385,0,7843,0,0,1e01,14e8,7681,7843,0
1386,1386,0,7843,0,0,1e07,1583,7687,7843,0
1387,1387,0,7843,0,0,1e35,1620,7733,7843,0
1388,1388,0,7843,0,0,1e0b,16be,7691,7843,0
1389,1389,0,7843,0,0,1dfb,175d,7675,7843,0
1390,1390,0,7843,0,0,1e17,17fe,7703,7843,0
1391,1391,0,7843,0,0,1e2a,18a1,7722,7843,0
1392,1392,0,7843,0,0,1e5a,1945,7770,7843,0
1393,1393,0,7843,0,0,1e17,19ea,7703,7843,0
1394,1394,0,7843,0,0,1e6f,1a91,7791,7843,0
1395,1395,0,7843,0,0,1ef2,1b39,7922,7843,0
1396,1396,0,7843,0,0,1ef5,1be2,7927,7843,0
1397,1397,0,7843,0,0,1ffd,1c8d,7997,7843,0
1398,1398,0,7843,0,0,1f3c,1d3a,7996,7843,0
1399,1399,0,7843,0,0,1f3c,1de7,7996,7843,0
1400,1400,0,7843,0,0,1f35,1f46,7989,7843,0
1401,1401,0,7843,0,0,1f37,20aa,7991,7843,0
1402,1402,0,7843,0,0,1f7f,215e,8031,7843,0
1403,1403,0,7843,0,0,1f7e,2213,8062,7843,0
1404,1404,0,7843,0,0,1f42,22ca,8002,7843,0
1405,1405,0,7843,0,0,1fa2,2381,8098,7843,0
1406,1406,0,7843,0,0,1fae,243a,8110,7843,0
1407,1407,0,7843,0,0,1fdd,24f4,8157,7843,0
1408,1408,0,7843,0,0,e01a,25af,8218,7843,0
1409,1409,0,7843,0,0,e051,266b,8273,7843,0
1410,1410,0,7843,0,0,e08f,2728,8335,7843,0
1411,1411,0,7843,0,0,e091,27e6,8337,7843,0
1412,1412,0,7843,0,0,e0b7,28a6,8375,7843,0
1413,1413,0,7843,0,0,e0fe,2966,8446,7843,0
1414,1414,0,7843,0,0,e125,2a27,8485,7843,0
1415,1415,0,7843,0,0,e12c,2aeb,8492,7843,0
1416,1416,0,7843,0,0,e166,2ae9,8550,7843,0
1417,1417,0,7843,0,0,e174,2bac,8564,7843,0
1418,1418,0,7843,0,0,e161,2c70,8545,7843,0
1419,1419,0,7843,0,0,e1a4,2d35,8612,7843,0
1420,1420,0,7843,0,0,e1c3,2dfb,8643,7843,0
1421,1421,0,7843,0,0,e1f4,2ec2,8692,7843,0
1422,1422,0,7843,0,0,e1ec,2f89,8684,7843,0
1423,1423,0,7843,0,0,e1e0,3051,8672,7843,0
1424,1424,0,7843,0,0,e1f7,31e4,8695,7843,0
1425,1425,0,7843,0,0,e20c,32ae,8716,7843,0
1426,1426,0,7843,0,0,e21d,3379,8733,7843,0
1427,1427,0,7843,0,0,e211,3444,8721,7843,0
1428,1428,0,7843,0,0,e206,3511,8710,7843,0
1429,1429,0,7843,0,0,e1f7,35dd,8695,7843,0
1430,1430,0,7843,0,0,e1f5,36ab,8693,7843,0
1431,1431,0,7843,0,0,e232,3779,8755,7843,0
1432,1432,0,7843,0,0,e3fb,3847,9211,7843,0
1433,1433,0,7843,0,0,e1ff,3916,8703,7843,0
1434,1434,0,7843,0,0,e1ee,39e5,8686,7843,0
1435,1435,0,7843,0,0,e1c5,3ab4,8645,7843,0
1436,1436,0,7843,0,0,e1e3,3b84,8675,7843,0
1437,1437,0,7843,0,0,e1a3,3c54,8611,7843,0
1438,1438,0,7843,0,0,e1db,3d25,8651,7843,0
1439,1439,0,7843,0,0,e15b,3ec7,8539,7843,0
1440,1440,0,7843,0,0,e141,3f98,8513,7843,0
1441,1441,0,7843,0,0,e135,413b,8501,7843,0
1442,1442,0,7843,0,0,e0fd,420c,8445,7843,0
1443,1443,0,7843,0,0,e0d9,42de,8409,7843,0
1444,1444,0,7843,0,0,e0d5,43b0,8405,7843,0
1445,1445,0,7843,0,0,e0a6,4553,8358,7843,0
1446,1446,0,7843,0,0,e08a,46f6,8330,7843,0
1447,1447,0,7843,0,0,e044,47c7,8260,7843,0
1448,1448,0,7843,0,0,e01f,4898,8223,7843,0
1449,1449,0,7843,0,0,e018,4969,8216,7843,0
1450,1450,0,7843,0,0,1fd6,4a3a,8150,7843,0
1451,1451,0,7843,0,0,1fac,4b0a,8108,7843,0
1452,1452,0,7843,0,0,1f95,4b0a,8085,7843,0
1453,1453,0,7843,0,0,1f6d,4bda,8045,7843,0
1454,1454,0,7843,0,0,1f30,4ca9,7984,7843,0
1455,1455,0,7843,0,0,1f27,4d79,7975,7843,0
1456,1456,0,7843,0,0,1f06,4e47,7942,7843,0
1457,1457,0,7843,0,0,1ede,4f16,7902,7843,0
1458,1458,0,7843,0,0,1eb2,4fe4,7858,7843,0
1459,1459,0,7843,0,0,1ea1,50b1,7841,7843,0
1460,1460,0,7843,0,0,1e8a,517d,7818,7843,0
1461,1461,0,7843,0,0,1e75,5249,7797,7843,0
1462,1462,0,7843,0,0,1e5d,5315,7773,7843,0
1463,1463,0,7843,0,0,1e43,53e0,7747,7843,0
1464,1464,0,7843,0,0,1e38,54aa,7736,7843,0
1465,1465,0,7843,0,0,1e27,5573,7719,7843,0
1466,1466,0,7843,0,0,1e29,563b,7721,7843,0
1467,1467,0,7843,0,0,1e33,5703,7731,7843,0
1468,1468,0,7843,0,0,1e3a,57c9,7739,7843,0
1469,1469,0,7843,0,0,1e33,588f,7739,7843,0
1470,1470,0,7843,0,0,1e3f,5954,7743,7843,0
1471,1471,0,7843,0,0,1e3f,5adb,7743,7843,0
1472,1472,0,7843,0,0,1e2d,5b9d,7725,7843,0
1473,1473,0,7843,0,0,1e3d,5d1d,7741,7843,0
1474,1474,0,7843,0,0,1e7f,5ddb,7804,7843,0
1475,1475,0,7843,0,0,1e4f,5e99,7759,7843,0
1476,1476,0,7843,0,0,1e5a,5f55,7770,7843,0
1477,1477,0,7843,0,0,1e8b,600f,7819,7843,0
1478,1478,0,7843,0,0,1e8a,60c9,7818,7843,0
1479,1479,0,7843,0,0,1e95,6237,7829,7843,0
1480,1480,0,7843,0,0,1edc,62ed,7900,7843,0
1481,1481,0,7843,0,0,1ebe,63a0,7870,7843,0
1482,1482,0,7843,0,0,1f0b,6453,7947,7843,0
1483,1483,0,7843,0,0,1f3e,6504,7998,7843,0
1484,1484,0,7843,0,0,1f3b,65b3,7995,7843,0
1485,1485,0,7843,0,0,1f49,6661,8009,7843,0
1486,1486,0,7843,0,0,1f8b,67b7,8075,7843,0
1487,1487,0,7843,0,0,1fa8,6eb7,8104,7843,0
1488,1488,0,7843,0,0,1fe4,6860,8164,7843,0
1489,1489,0,7843,0,0,1ff7,6907,8183,7843,0
1490,1490,0,7843,0,0,e014,69ac,8212,7843,0
1491,1491,0,7843,0,0,e03d,6a50,8253,7843,0
1492,1492,0,7843,0,0,e073,6af1,8307,7843,0
1493,1493,0,7843,0,0,e090,6b91,8336,7843,0
1494,1494,0,7843,0,0,e0c0,6c2f,8384,7843,0
1495,1495,0,7843,0,0,e0d2,6ccb,8402,7843,0
1496,1496,0,7843,0,0,e0e3,6d65,8419,7843,0
1497,1497,0,7843,0,0,e0f5,6dfd,8437,7843,0
1498,1498,0,7843,0,0,e10c,6e93,8460,7843,0
1499,1499,0,7843,0,0,e139,6f27,8505,7843,0
1500,1500,0,7843,0,0,e128,6fb9,8488,7843,0
1501,1501,0,7843,0,0,e15e,7049,8542,7843,0
1502,1502,0,7843,0,0,e183,70d7,8579,7843,0
1503,1503,0,7843,0,0,e174,7162,8567,7843,0
1504,1504,0,7843,0,0,e1b0,71ec,8628,7843,0
1505,1505,0,7843,0,0,e18e,7273,8590,7843,0
1506,1506,0,7843,0,0,e19e,72f8,8606,7843,0
1507,1507,0,7843,0,0,e19a,737b,8602,7843,0
1508,1508,0,7843,0,0,e19f,73fb,8607,7843,0
1509,1509,0,7843,0,0,e197,7479,8599,7843,0
1510,1510,0,7843,0,0,e19c,74f5,8596,7843,0
1511,1511,0,7843,0,0,e1bc,756f,8636,7843,0
1512,1512,0,7843,0,0,e190,75e6,8592,7843,0
1513,1513,0,7843,0,0,e177,765a,8567,7843,0
1514,1514,0,7843,0,0,e188,76cc,8584,7843,0
1515,1515,0,7843,0,0,e174,773c,8564,7843,0
1516,1516,0,7843,0,0,e16b,77a9,8555,7843,0
1517,1517,0,7843,0,0,e153,7814,8531,7843,0
1518,1518,0,7843,0,0,e126,787c,8486,7843,0
1519,1519,0,7843,0,0,e118,78e2,8472,7843,0
1520,1520,0,7843,0,0,e0f6,7945,8438,7843,0
1521,1521,0,7843,0,0,e0e9,79a5,8425,7843,0
1522,1522,0,7843,0,0,e0c3,7a5e,8387,7843,0
1523,1523,0,7843,0,0,e093,7a7e,8339,7843,0
1524,1524,0,7843,0,0,e067,7ab7,8295,7843,0
1525,1525,0,7843,0,0,e069,7b0d,8297,7843,0
1526,1526,0,7843,0,0,e03a,7bb1,8250,7843,0
1527,1527,0,7843,0,0,e015,7bfe,8213,7843,0
1528,1528,0,7843,0,0,1ff5,7c49,8181,7843,0
1529,1529,0,7843,0,0,1fda,7c92,8154,7843,0
1530,1530,0,7843,0,0,1fae,7cd7,8110,7843,0
1531,1531,0,7843,0,0,1f93,7d1a,8083,7843,0
1532,1532,0,7843,0,0,1f75,7d5a,8053,7843,0
1533,1533,0,7843,0,0,1f46,7d97,8006,7843,0
1534,1534,0,7843,0,0,1f20,7dd1,7968,7843,0
1535,1535,0,7843,0,0,1f22,7e09,7970,7843,0
1536,1536,0,7843,0,0,1f04,7e3d,7940,7843,0
1537,1537,0,7843,0,0,1eef,7e6f,7919,7843,0
1538,1538,0,7843,0,0,1ec5,7e9e,7909,7843,0
1539,1539,0,7843,0,0,1e98,7eca,7837,7843,0
1540,1540,0,7843,0,0,1e97,7ef3,7839,7843,0
1541,1541,0,7843,0,0,1e9f,7f19,7839,7843,0
1542,1542,0,7843,0,0,1e9f,7f3c,7839,7843,0
1543,1543,0,7843,0,0,1eeb,7f5d,7915,7843,0
1544,1544,0,7843,0,0,1e7a,7f7a,7802,7843,0
1545,1545,0,7843,0,0,1e56,7f95,7766,7843,0
1546,1546,0,7843,0,0,1e5e,7fac,7766,7843,0
1547,1547,0,7843,0,0,1e3e,7fc1,7742,7843,0
1548,1548,0,7843,0,0,1e3d,7fd3,7741,7843,0
1549,1549,0,7843,0,0,1e75,7fe1,7797,7843,0
1550,1550,0,7843,0,0,1e9a,7fed,7834,7843,0
1551,1551,0,7843,0,0,1e59,7ff6,7769,7843,0
1552,1552,0,7843,0,0,1e91,7ffc,7825,7843,0
1553,1553,0,7843,0,0,1ea2,7fff,7842,7843,0
1554,1554,0,7843,0,0,1e98,7ffc,7832,7843,0
1555,1555,0,7843,0,0,1ec7,7ff6,7879,7843,0
1556,1556,0,7843,0,0,1edd,7fed,7901,7843,0
1557,1557,0,7843,0,0,1ed5,7fe1,7893,7843,0
1558,1558,0,7843,0,0,1f16,7fd3,7958,7843,0
1559,1559,0,7843,0,0,1f47,7fd3,8007,7843,0
1560,1560,0,7843,0,0,1f26,7fc1,7974,7843,0
1561,1561,0,7843,0,0,1f4f,7fac,8015,7843,0
1562,1562,0,7843,0,0,1f93,7f95,8083,7843,0
1563,1563,0,7843,0,0,1fa9,7f7a,8105,7843,0
1564,1564,0,7843,0,0,1fca,7f5d,8138,7843,0
1565,1565,0,7843,0,0,1fd8,7f3c,8152,7843,0
1566,1566,0,7843,0,0,e02a,7f19,8234,7843,0
1567,1567,0,7843,0,0,e030,7ef3,8240,7843,0
1568,1568,0,7843,0,0,e03f,7eca,8255,7843,0
1569,1569,0,7843,0,0,e077,7e6f,8311,7843,0
1570,1570,0,7843,0,0,e0bb,7e09,8379,7843,0
1571,1571,0,7843,0,0,e0dc,7dd1,8412,7843,0
1572,1572,0,7843,0,0,e0d8,7d97,8408,7843,0
1573,1573,0,7843,0,0,e0fd,7d5a,8445,7843,0
1574,1574,0,7843,0,0,e134,7d1a,8501,7843,0
1575,1575,0,7843,0,0,e158,7cd7,8540,7843,0
1576,1576,0,7843,0,0,e1d3,7c92,8603,7843,0
1577,1577,0,7843,0,0,e1ff,7c49,8703,7843,0
1578,1578,0,7843,0,0,e17f,7bfe,8575,7843,0
1579,1579,0,7843,0,0,e1ff,7bb1,8703,7843,0
1580,1580,0,7843,0,0,e1f9,7b60,8697,7843,0
1581,1581,0,7843,0,0,e1dd,7b0d,8669,7843,0
1582,1582,0,7843,0,0,e1df,7ab7,8661,7843,0
1583,1583,0,7843,0,0,e1df,7a5e,8671,7843,0
1584,1584,0,7843,0,0,e1e8,79a5,8680,7843,0
1585,1585,0,7843,0,0,e1f4,7945,8692,7843,0
1586,1586,0,7843,0,0,e1fa,78e2,8698,7843,0
1587,1587,0,7843,0,0,e1d9,787c,8665,7843,0
1588,1588,0,7843,0,0,e1d7,7814,8663,7843,0
1589,1589,0,7843,0,0,e1b0,77a9,8624,7843,0
1590,1590,0,7843,0,0,e18d,773c,8589,7843,0
1591,1591,0,7843,0,0,e1b3,76cc,8627,7843,0
1592,1592,0,7843,0,0,e1a4,765a,8612,7843,0
1593,1593,0,7843,0,0,e102,75e6,8450,7843,0
1594,1594,0,7843,0,0,e17d,756f,8573,7843,0
1595,1595,0,7843,0,0,e1f8,756f,8696,7843,0
1596,1596,0,7843,0,0,e212,74f5,8722,7843,0
1597,1597,0,7843,0,0,e149,7479,8521,7843,0
1598,1598,0,7843,0,0,e16a,73fb,8554,7843,0
1599,1599,0,7843,0,0,e1b5,737b,8629,7843,0
1600,1600,0,7843,0,0,e0e0,72f8,8416,7843,0
1601,1601,0,7843,0,0,e087,7273,8327,7843,0
1602,1602,0,7843,0,0,e0db,71ec,8411,7843,0
1603,1603,0,7843,0,0,e0e4,7162,8420,7843,0
1604,1604,0,7843,0,0,e043,70d7,8259,7843,0
1605,1605,0,7843,0,0,e008,7049,8200,7843,0
1606,1606,0,7843,0,0,e04a,6fb9,8266,7843,0
1607,1607,0,7843,0,0,e024,6e93,8228,7843,0
1608,1608,0,7843,0,0,1fac,6dfd,8108,7843,0
1609,1609,0,7843,0,0,1f95,6d65,8117,7843,0
1610,1610,0,7843,0,0,1fbf,6ccb,8127,7843,0
1611,1611,0,7843,0,0,1fb4,6c2f,8127,7843,0
1612,1612,0,7843,0,0,1f8d,6b91,7949,7843,0
1613,1613,0,7843,0,0,1f0f,6a50,7951,7843,0
1614,1614,0,7843,0,0,1f16,69ac,7958,7843,0
1615,1615,0,7843,0,0,1fbd,6907,8125,7843,0
1616,1616,0,7843,0,0,1ebf,6860,7871,7843,0
1617,1617,0,7843,0,0,1e9f,67b7,7839,7843,0
1618,1618,0,7843,0,0,1edf,670d,7903,7843,0
1619,1619,0,7843,0,0,1ec7,6661,7879,7843,0
1620,1620,0,7843,0,0,1e59,65b3,7769,7843,0
1621,1621,0,7843,0,0,1e0c,6504,7692,7843,0
1622,1622,0,7843,0,0,1e4b,6453,7755,7843,0
1623,1623,0,7843,0,0,1e46,63a0,7750,7843,0
1624,1624,0,7843,0,0,1df7,62ed,7671,7843,0
1625,1625,0,7843,0,0,1e24,6237,7716,7843,0
1626,1626,0,7843,0,0,1e29,6181,7721,7843,0
1627,1627,0,7843,0,0,1ddc,60c9,7644,7843,0
1628,1628,0,7843,0,0,1dcc,600f,7628,7843,0
1629,1629,0,7843,0,0,1de9,5f55,7657,7843,0
1630,1630,0,7843,0,0,1e05,5e99,7685,7843,0
1631,1631,0,7843,0,0,1df8,5e99,7672,7843,0
1632,1632,0,7843,0,0,1de8,5ddb,7656,7843,0
1633,1633,0,7843,0,0,1e2e,5d1d,7726,7843,0
1634,1634,0,7843,0,0,1e35,5c5d,7733,7843,0
1635,1635,0,7843,0,0,1e46,5b9d,7750,7843,0
1636,1636,0,7843,0,0,1e50,5adb,7760,7843,0
1637,1637,0,7843,0,0,1e64,5a18,7780,7843,0
1638,1638,0,7843,0,0,1e88,5954,7816,7843,0
1639,1639,0,7843,0,0,1eb9,588f,7865,7843,0
1640,1640,0,7843,0,0,1ec6,57c9,7878,7843,0
1641,1641,0,7843,0,0,1f09,5703,7945,7843,0
1642,1642,0,7843,0,0,1f19,563b,7961,7843,0
1643,1643,0,7843,0,0,1f1a,5573,7962,7843,0
1644,1644,0,7843,0,0,1f6e,54aa,8046,7843,0
1645,1645,0,7843,0,0,1f7f,53e0,8063,7843,0
1646,1646,0,7843,0,0,1fbf,5315,8127,7843,0
1647,1647,0,7843,0,0,1ff1,5249,8191,7843,0
1648,1648,0,7843,0,0,1ffd,517d,8189,7843,0
1649,1649,0,7843,0,0,3fdd,4fe4,16349,7843,0
1650,1650,0,7843,0,0,e05b,4f16,8283,7843,0
1651,1651,0,7843,0,0,e07f,4e47,8319,7843,0
1652,1652,0,7843,0,0,e0ff,4d79,8445,7843,0
1653,1653,0,7843,0,0,e0ab,4ca9,8362,7843,0
1654,1654,0,7843,0,0,e0eb,4b0a,8419,7843,0
1655,1655,0,7843,0,0,e0ce,4a3a,8398,7843,0
1656,1656,0,7843,0,0,e124,4969,8484,7843,0
1657,1657,0,7843,0,0,e125,4898,8485,7843,0
1658,1658,0,7843,0,0,e12e,47c7,8494,7843,0
1659,1659,0,7843,0,0,e15a,46f6,8538,7843,0
1660,1660,0,7843,0,0,e16e,4624,8558,7843,0
1661,1661,0,7843,0,0,e198,4553,8600,7843,0
1662,1662,0,7843,0,0,e1b5,4481,8629,7843,0
1663,1663,0,7843,0,0,e1ce,43b0,8654,7843,0
1664,1664,0,7843,0,0,e1ce,42de,8654,7843,0
1665,1665,0,7843,0,0,e1c3,420c,8643,7843,0
1666,1666,0,7843,0,0,e1e4,432c,8676,7843,0
1667,1667,0,7843,0,0,e1fd,413b,8701,7843,0
1668,1668,0,7843,0,0,e1ec,4069,8684,7843,0
1669,1669,0,7843,0,0,e1e3,3f98,8675,7843,0
1670,1670,0,7843,0,0,e1e2,3ec7,8674,7843,0
1671,1671,0,7843,0,0,e1fb,3df6,8699,7843,0
1672,1672,0,7843,0,0,e1fe,3d25,8702,7843,0
1673,1673,0,7843,0,0,e1d7,3c54,8663,7843,0
1674,1674,0,7843,0,0,e1cf,3b84,8655,7843,0
1675,1675,0,7843,0,0,e1be,3ab4,8638,7843,0
1676,1676,0,7843,0,0,e1a3,3916,8611,7843,0
1677,1677,0,7843,0,0,e1a1,3847,8609,7843,0
1678,1678,0,7843,0,0,e165,3779,8549,7843,0
1679,1679,0,7843,0,0,e121,36ab,8481,7843,0
1680,1680,0,7843,0,0,e12f,35dd,8495,7843,0
1681,1681,0,7843,0,0,e0e7,3511,8423,7843,0
1682,1682,0,7843,0,0,e0e1,3444,8419,7843,0
1683,1683,0,7843,0,0,e0e8,3379,8425,7843,0
1684,1684,0,7843,0,0,e0e9,32ae,8425,7843,0
1685,1685,0,7843,0,0,e0c9,31e4,8393,7843,0
1686,1686,0,7843,0,0,e0ff,311a,8447,7843,0
1687,1687,0,7843,0,0,e077,3051,8311,7843,0
1688,1688,0,7843,0,0,e057,2f89,8279,7843,0
1689,1689,0,7843,0,0,e04f,2ec2,8263,7843,0
1690,1690,0,7843,0,0,e008,2dfb,8200,7843,0
1691,1691,0,7843,0,0,1fce,2d35,8142,7843,0
1692,1692,0,7843,0,0,1fc0,2c70,8128,7843,0
1693,1693,0,7843,0,0,1fa9,2bac,8105,7843,0
1694,1694,0,7843,0,0,1f7a,2ae9,8058,7843,0
1695,1695,0,7843,0,0,1f5d,2a27,8029,7843,0
1696,1696,0,7843,0,0,1f44,2966,8004,7843,0
1697,1697,0,7843,0,0,1f2a,28a6,7978,7843,0
1698,1698,0,7843,0,0,1f0d,27e6,7949,7843,0
1699,1699,0,7843,0,0,1ee1,2728,7905,7843,0
1700,1700,0,7843,0,0,1ec4,266b,7876,7843,0
1701,1701,0,7843,0,0,1eae,25af,7854,7843,0
1702,1702,0,7843,0,0,1eaf,25af,7855,7843,0
1703,1703,0,7843,0,0,1e80,24f4,7808,7843,0
1704,1704,0,7843,0,0,1e82,243a,7810,7843,0
1705,1705,0,7843,0,0,1e84,2381,7812,7843,0
1706,1706,0,7843,0,0,1e78,22ca,7800,7843,0
1707,1707,0,7843,0,0,1e8e,2213,7822,7843,0
1708,1708,0,7843,0,0,1e98,215e,7832,7843,0
1709,1709,0,7843,0,0,1e7a,20aa,7802,7843,0
1710,1710,0,7843,0,0,1e86,1ff8,7814,7843,0
1711,1711,0,7843,0,0,1ea9,1f46,7849,7843,0
1712,1712,0,7843,0,0,1e92,1e96,7826,7843,0
1713,1713,0,7843,0,0,1ea2,1de7,7842,7843,0
1714,1714,0,7843,0,0,1eae,1d3a,7854,7843,0
1715,1715,0,7843,0,0,1ebd,1c8d,7869,7843,0
1716,1716,0,7843,0,0,1ed8,1be2,7896,7843,0
1717,1717,0,7843,0,0,1edd,1b39,7901,7843,0
1718,1718,0,7843,0,0,1f19,1a91,7965,7843,0
1719,1719,0,7843,0,0,1f2d,19ea,7981,7843,0
1720,1720,0,7843,0,0,1f3d,1945,7997,7843,0
1721,1721,0,7843,0,0,1f75,18a1,8053,7843,0
1722,1722,0,7843,0,0,1fd5,17fe,8149,7843,0
1723,1723,0,7843,0,0,1f85,175d,8069,7843,0
1724,1724,0,7843,0,0,1fb7,16be,8085,7843,0
1725,1725,0,7843,0,0,1ff6,1583,8182,7843,0
1726,1726,0,7843,0,0,1ff2,14e8,8178,7843,0
1727,1727,0,7843,0,0,1ff4,144f,8180,7843,0
1728,1728,0,7843,0,0,e00a,13b7,8202,7843,0
1729,1729,0,7843,0,0,e029,1320,8233,7843,0
1730,1730,0,7843,0,0,e056,128b,8278,7843,0
1731,1731,0,7843,0,0,e095,11f8,8341,7843,0
1732,1732,0,7843,0,0,e0b8,1166,8376,7843,0
1733,1733,0,7843,0,0,e0c7,10d6,8391,7843,0
1734,1734,0,7843,0,0,e0e8,1048,8424,7843,0
1735,1735,0,7843,0,0,e0fd,0fbb,8445,7843,0
1736,1736,0,7843,0,0,e119,0f2f,8473,7843,0
1737,1737,0,7843,0,0,e148,0ea7,8520,7843,0
1738,1738,0,7843,0,0,e152,0ea5,8530,7843,0
1739,1739,0,7843,0,0,e15d,0d97,8541,7843,0
1740,1740,0,7843,0,0,e171,0d12,8561,7843,0
1741,1741,0,7843,0,0,e18d,0c8f,8589,7843,0
1742,1742,0,7843,0,0,e1b5,0c0d,8629,7843,0
1743,1743,0,7843,0,0,e197,0b8d,8599,7843,0
1744,1744,0,7843,0,0,e1a8,0b0e,8616,7843,0
1745,1745,0,7843,0,0,e1c0,0a92,8640,7843,0
1746,1746,0,7843,0,0,e1d0,0a17,8656,7843,0
1747,1747,0,7843,0,0,e1cc,099d,8652,7843,0
1748,1748,0,7843,0,0,e1a6,0926,8614,7843,0
1749,1749,0,7843,0,0,e1b4,08af,8628,7843,0
1750,1750,0,7843,0,0,e1b4,083b,8628,7843,0
1751,1751,0,7843,0,0,e194,07c8,8596,7843,0
1752,1752,0,7843,0,0,e195,0757,8597,7843,0
1753,1753,0,7843,0,0,e183,06e8,8579,7843,0
1754,1754,0,7843,0,0,e17c,067a,8575,7843,0
1755,1755,0,7843,0,0,e174,060e,8572,7843,0
1756,1756,0,7843,0,0,e16f,05a3,8559,7843,0
1757,1757,0,7843,0,0,e16b,04d4,8555,7843,0
1758,1758,0,7843,0,0,e122,046e,8482,7843,0
1759,1759,0,7843,0,0,e1d2,040a,8658,7843,0
1760,1760,0,7843,0,0,e0db,03a8,8410,7843,0
1761,1761,0,7843,0,0,e0cb,0348,8395,7843,0
1762,1762,0,7843,0,0,e09c,02e9,8348,7843,0
1763,1763,0,7843,0,0,e070,028c,8304,7843,0
1764,1764,0,7843,0,0,e04b,0230,8267,7843,0
1765,1765,0,7843,0,0,e03b,01d6,8251,7843,0
1766,1766,0,7843,0,0,e035,017e,8245,7843,0
1767,1767,0,7843,0,0,e004,0127,8196,7843,0
1768,1768,0,7843,0,0,1fe6,00d2,8166,7843,0
1769,1769,0,7843,0,0,1fb1,007e,8113,7843,0
1770,1770,0,7843,0,0,1f86,002d,8070,7843,0
1771,1771,0,7843,0,0,1f5e,ffdc,8030,7843,0
1772,1772,0,7843,0,0,1f49,ff8e,8009,7843,0
1773,1773,0,7843,0,0,1f22,ff43,7970,7843,0
1774,1774,0,7843,0,0,1eda,ff41,7898,7843,0
1775,1775,0,7843,0,0,1ee0,fef5,7904,7843,0
1776,1776,0,7843,0,0,1eb8,feab,7864,7843,0
1777,1777,0,7843,0,0,1e90,fe63,7824,7843,0
1778,1778,0,7843,0,0,1e9f,fdd7,7839,7843,0
1779,1779,0,7843,0,0,1e76,fd93,7798,7843,0
1780,1780,0,7843,0,0,1e6c,fd51,7788,7843,0
1781,1781,0,7843,0,0,1e67,fd10,7783,7843,0
1782,1782,0,7843,0,0,1e34,fcd1,7732,7843,0
1783,1783,0,7843,0,0,1e33,fc93,7731,7843,0
1784,1784,0,7843,0,0,1e2d,fc1c,7725,7843,0
1785,1785,0,7843,0,0,1e2d,fbe3,7725,7843,0
1786,1786,0,7843,0,0,1e26,fbab,7718,7843,0
1787,1787,0,7843,0,0,1e33,fb75,7731,7843,0
1788,1788,0,7843,0,0,1e26,fb40,7718,7843,0
1789,1789,0,7843,0,0,1e35,fb0c,7735,7843,0
1790,1790,0,7843,0,0,1e3d,fada,7741,7843,0
1791,1791,0,7843,0,0,1e57,faa9,7775,7843,0
1792,1792,0,7843,0,0,1e7f,fa7a,7807,7843,0
1793,1793,0,7843,0,0,1eff,fa4c,7935,7843,0
1794,1794,0,7843,0,0,1eff,fa20,7935,7843,0
1795,1795,0,7843,0,0,1eff,f9f4,7935,7843,0
1796,1796,0,7843,0,0,1eb5,f9ca,7829,7843,0
1797,1797,0,7843,0,0,1ebd,f9a2,7861,7843,0
1798,1798,0,7843,0,0,1e8c,f97b,7820,7843,0
1799,1799,0,7843,0,0,1f05,f955,7941,7843,0
1800,1800,0,7843,0,0,1f43,f930,8003,7843,0
1801,1801,0,7843,0,0,1f31,f90d,7985,7843,0
1802,1802,0,7843,0,0,1f60,f8ea,8032,7843,0
1803,1803,0,7843,0,0,1f6f,f8aa,8047,7843,0
1804,1804,0,7843,0,0,1f97,f88b,8087,7843,0
1805,1805,0,7843,0,0,1fde,f86e,8158,7843,0
1806,1806,0,7843,0,0,1fe9,f852,8169,7843,0
1807,1807,0,7843,0,0,e02b,f837,8235,7843,0
1808,1808,0,7843,0,0,e05e,f81d,8286,7843,0
1809,1809,0,7843,0,0,e069,f815,8297,7843,0
1810,1810,0,7843,0,0,e079,f805,8313,7843,0
1811,1811,0,7843,0,0,e0d6,f7ed,8406,7843,0
1812,1812,0,7843,0,0,e0e7,f7d7,8423,7843,0
1813,1813,0,7843,0,0,e13b,f7c1,8507,7843,0
1814,1814,0,7843,0,0,e150,f7ad,8528,7843,0
1815,1815,0,7843,0,0,e18c,f79a,8588,7843,0
1816,1816,0,7843,0,0,e190,f788,8592,7843,0
1817,1817,0,7843,0,0,e190,f777,8592,7843,0
1818,1818,0,7843,0,0,e197,f767,8599,7843,0
1819,1819,0,7843,0,0,e1b3,f758,8627,7843,0
1820,1820,0,7843,0,0,e1e6,f74a,8678,7843,0
1821,1821,0,7843,0,0,e1e0,f73d,8672,7843,0
1822,1822,0,7843,0,0,e1f1,f731,8689,7843,0
1823,1823,0,7843,0,0,e20a,f726,8714,7843,0
1824,1824,0,7843,0,0,e209,f71b,8713,7843,0
1825,1825,0,7843,0,0,e21a,f712,8731,7843,0
1826,1826,0,7843,0,0,e23f,f70a,8767,7843,0
1827,1827,0,7843,0,0,e23f,f6fb,8767,7843,0
1828,1828,0,7843,0,0,e3f7,f6f1,9207,7843,0
1829,1829,0,7843,0,0,e1fc,f6ed,8700,7843,0
1830,1830,0,7843,0,0,e1fe,f6e9,8702,7843,0
1831,1831,0,7843,0,0,e1e6,f6e7,8678,7843,0
1832,1832,0,7843,0,0,e1ef,f6e5,8676,7843,0
1833,1833,0,7843,0,0,e1db,f6e4,8667,7843,0
1834,1834,0,7843,0,0,e1e6,f6e4,8678,7843,0
1835,1835,0,7843,0,0,e1dc,f6e5,8668,7843,0
1836,1836,0,7843,0,0,e1c5,f6e7,8645,7843,0
1837,1837,0,7843,0,0,e195,f6ea,8597,7843,0
1838,1838,0,7843,0,0,e196,f6ed,8598,7843,0
1839,1839,0,7843,0,0,e17a,f6f1,8570,7843,0
1840,1840,0,7843,0,0,e13f,f6f5,8511,7843,0
1841,1841,0,7843,0,0,e134,f6fa,8500,7843,0
1842,1842,0,7843,0,0,e12d,f700,8493,7843,0
1843,1843,0,7843,0,0,e0f0,f707,8432,7843,0
1844,1844,0,7843,0,0,e0dc,f70d,8412,7843,0
1845,1845,0,7843,0,0,e0a0,f70d,8352,7843,0
1846,1846,0,7843,0,0,e087,f715,8327,7843,0
1847,1847,0,7843,0,0,e085,f71d,8325,7843,0
1848,1848,0,7843,0,0,e03d,f726,8253,7843,0
1849,1849,0,7843,0,0,e000,f72f,8192,7843,0
1850,1850,0,7843,0,0,1fd4,f738,8148,7843,0
1851,1851,0,7843,0,0,1fa8,f742,8104,7843,0
1852,1852,0,7843,0,0,1f68,f74d,8040,7843,0
1853,1853,0,7843,0,0,1f77,f758,8055,7843,0
1854,1854,0,7843,0,0,1f4f,f764,8015,7843,0
1855,1855,0,7843,0,0,1f38,f770,7992,7843,0
1856,1856,0,7843,0,0,1f12,f77c,7954,7843,0
1857,1857,0,7843,0,0,1f00,f789,7936,7843,0
1858,1858,0,7843,0,0,1eed,f796,7917,7843,0
1859,1859,0,7843,0,0,1eca,f7a4,7882,7843,0
1860,1860,0,7843,0,0,1ea2,f7b2,7842,7843,0
1861,1861,0,7843,0,0,1eb7,f7cf,7863,7843,0
1862,1862,0,7843,0,0,1ef6,f7ed,7799,7843,0
1863,1863,0,7843,0,0,1e77,f7fd,7799,7843,0
1864,1864,0,7843,0,0,1e77,f80d,7799,7843,0
1865,1865,0,7843,0,0,1e36,f81d,7734,7843,0
1866,1866,0,7843,0,0,1e26,f82d,7718,7843,0
1867,1867,0,7843,0,0,1e27,f83e,7719,7843,0
1868,1868,0,7843,0,0,1e2f,f84f,7719,7843,0
1869,1869,0,7843,0,0,1e2e,f860,7726,7843,0
1870,1870,0,7843,0,0,1e18,f872,7704,7843,0
1871,1871,0,7843,0,0,1e3f,f896,7743,7843,0
1872,1872,0,7843,0,0,1e68,f8a8,7784,7843,0
1873,1873,0,7843,0,0,1e60,f8ba,7776,7843,0
1874,1874,0,7843,0,0,1e69,f8cd,7785,7843,0
1875,1875,0,7843,0,0,1e8a,f8df,7818,7843,0
1876,1876,0,7843,0,0,1ea5,f8f2,7845,7843,0
1877,1877,0,7843,0,0,1eba,f905,7866,7843,0
1878,1878,0,7843,0,0,1ebb,f918,7867,7843,0
1879,1879,0,7843,0,0,1ec3,f92b,7875,7843,0
1880,1880,0,7843,0,0,1ee5,f93f,7909,7843,0
1881,1881,0,7843,0,0,1f19,f93f,7961,7843,0
1882,1882,0,7843,0,0,1f32,f952,7986,7843,0
1883,1883,0,7843,0,0,1f50,f965,8016,7843,0
1884,1884,0,7843,0,0,1f63,f98d,8035,7843,0
1885,1885,0,7843,0,0,1f91,f9a1,8081,7843,0
1886,1886,0,7843,0,0,1fc8,f9b4,8136,7843,0
1887,1887,0,7843,0,0,1ff0,f9dc,8176,7843,0
1888,1888,0,7843,0,0,1ff3,f9f0,8179,7843,0
1889,1889,0,7843,0,0,e014,fa04,8212,7843,0
1890,1890,0,7843,0,0,e041,fa18,8257,7843,0
1891,1891,0,7843,0,0,e069,fa2c,8297,7843,0
1892,1892,0,7843,0,0,e082,fa40,8322,7843,0
1893,1893,0,7843,0,0,e098,fa54,8344,7843,0
1894,1894,0,7843,0,0,e0b7,fa68,8375,7843,0
1895,1895,0,7843,0,0,e0e4,fa7c,8420,7843,0
1896,1896,0,7843,0,0,e123,fa90,8483,7843,0
1897,1897,0,7843,0,0,e16f,faa4,8559,7843,0
1898,1898,0,7843,0,0,e143,fab8,8527,7843,0
1899,1899,0,7843,0,0,e17b,facc,8571,7843,0
1900,1900,0,7843,0,0,e17b,fadf,8571,7843,0
1901,1901,0,7843,0,0,e1f9,faf3,8697,7843,0
1902,1902,0,7843,0,0,e19e,fb07,8606,7843,0
1903,1903,0,7843,0,0,e19f,fb1a,8606,7843,0
1904,1904,0,7843,0,0,e1ed,fb2e,8685,7843,0
1905,1905,0,7843,0,0,e1c5,fb41,8645,7843,0
1906,1906,0,7843,0,0,e1b4,fb55,8628,7843,0
1907,1907,0,7843,0,0,e1b1,fb68,8625,7843,0
1908,1908,0,7843,0,0,e1e0,fb7b,8672,7843,0
1909,1909,0,7843,0,0,e1e5,fb8e,8677,7843,0
1910,1910,0,7843,0,0,e198,fba1,8600,7843,0
1911,1911,0,7843,0,0,e18f,fbb4,8591,7843,0
1912,1912,0,7843,0,0,e19a,fbc7,8602,7843,0
1913,1913,0,7843,0,0,e1a2,fbda,8610,7843,0
1914,1914,0,7843,0,0,e19a,fbec,8602,7843,0
1915,1915,0,7843,0,0,e163,fbfe,8547,7843,0
1916,1916,0,7843,0,0,e156,fc11,8534,7843,0
1917,1917,0,7843,0,0,e144,fc11,8516,7843,0
1918,1918,0,7843,0,0,e137,fc35,8503,7843,0
1919,1919,0,7843,0,0,e124,fc47,8484,7843,0
1920,1920,0,7843,0,0,e11b,fc58,8475,7843,0
1921,1921,0,7843,0,0,e0d2,fc6a,8402,7843,0
1922,1922,0,7843,0,0,e0a6,fc7b,8358,7843,0
1923,1923,0,7843,0,0,e095,fc8d,8341,7843,0
1924,1924,0,7843,0,0,e07d,fc9e,8317,7843,0
1925,1925,0,7843,0,0,e047,fcaf,8263,7843,0
1926,1926,0,7843,0,0,e01a,fcc0,8218,7843,0
1927,1927,0,7843,0,0,e010,fcd0,8208,7843,0
1928,1928,0,7843,0,0,1ff4,fce1,8180,7843,0
1929,1929,0,7843,0,0,1fdf,fcf1,8159,7843,0
1930,1930,0,7843,0,0,1fb5,fd01,8117,7843,0
1931,1931,0,7843,0,0,1f91,fd11,8081,7843,0
1932,1932,0,7843,0,0,1f61,fd21,8033,7843,0
1933,1933,0,7843,0,0,1f3c,fd30,7997,7843,0
1934,1934,0,7843,0,0,1f3e,fd40,7998,7843,0
1935,1935,0,7843,0,0,1ffe,fd5e,8190,7843,0
1936,1936,0,7843,0,0,1efc,fd6d,7932,7843,0
1937,1937,0,7843,0,0,1eb7,fd7c,7863,7843,0
1938,1938,0,7843,0,0,1eb7,fd8a,7863,7843,0
1939,1939,0,7843,0,0,1eb6,fd99,7860,7843,0
1940,1940,0,7843,0,0,1ea7,fda7,7846,7843,0
1941,1941,0,7843,0,0,1e83,fdb5,7811,7843,0
1942,1942,0,7843,0,0,1e82,fdc3,7810,7843,0
1943,1943,0,7843,0,0,1e78,fdd0,7800,7843,0
1944,1944,0,7843,0,0,1e5c,fdde,7772,7843,0
1945,1945,0,7843,0,0,1e62,fdf8,7778,7843,0
1946,1946,0,7843,0,0,1e7c,fe05,7804,7843,0
1947,1947,0,7843,0,0,1e5d,fe12,7773,7843,0
1948,1948,0,7843,0,0,1e5d,fe1e,7773,7843,0
1949,1949,0,7843,0,0,1e35,fe2a,7733,7843,0
1950,1950,0,7843,0,0,1e3a,fe37,7738,7843,0
1951,1951,0,7843,0,0,1e62,fe43,7778,7843,0
1952,1952,0,7843,0,0,1e6a,fe43,7786,7843,0
1953,1953,0,7843,0,0,1e7a,fe4e,7802,7843,0
1954,1954,0,7843,0,0,1e92,fe5a,7826,7843,0
1955,1955,0,7843,0,0,1e96,fe65,7830,7843,0
1956,1956,0,7843,0,0,1ec7,fe71,7879,7843,0
1957,1957,0,7843,0,0,1ed7,fe7c,7895,7843,0
1958,1958,0,7843,0,0,1ee4,fe86,7908,7843,0
1959,1959,0,7843,0,0,1f15,fe91,7957,7843,0
1960,1960,0,7843,0,0,1f20,fe9c,7968,7843,0
1961,1961,0,7843,0,0,1f45,fea6,8005,7843,0
1962,1962,0,7843,0,0,1f7b,feb0,8059,7843,0
1963,1963,0,7843,0,0,1f83,feba,8067,7843,0
1964,1964,0,7843,0,0,1fa5,fec4,8101,7843,0
1965,1965,0,7843,0,0,1fe1,fecd,8161,7843,0
1966,1966,0,7843,0,0,1fff,fed7,8191,7843,0
1967,1967,0,7843,0,0,e225,fee0,8229,7843,0
1968,1968,0,7843,0,0,e074,fee9,8309,7843,0
1969,1969,0,7843,0,0,e070,fef2,8308,7843,0
1970,1970,0,7843,0,0,e07b,fefb,8315,7843,0
1971,1971,0,7843,0,0,e0fb,ff03,8443,7843,0
1972,1972,0,7843,0,0,e0eb,ff0c,8427,7843,0
1973,1973,0,7843,0,0,e0fb,ff14,8443,7843,0
1974,1974,0,7843,0,0,e1ff,ff1c,8701,7843,0
1975,1975,0,7843,0,0,e11f,ff24,8478,7843,0
1976,1976,0,7843,0,0,e179,ff2c,8569,7843,0
1977,1977,0,7843,0,0,e151,ff3b,8529,7843,0
1978,1978,0,7843,0,0,e177,ff42,8567,7843,0
1979,1979,0,7843,0,0,e182,ff49,8578,7843,0
1980,1980,0,7843,0,0,e19f,ff50,8607,7843,0
1981,1981,0,7843,0,0,e1c3,ff57,8643,7843,0
1982,1982,0,7843,0,0,e1d3,ff5d,8659,7843,0
1983,1983,0,7843,0,0,e1d2,ff64,8658,7843,0
1984,1984,0,7843,0,0,e1e6,ff6a,8678,7843,0
1985,1985,0,7843,0,0,e1d3,ff71,8659,7843,0
1986,1986,0,7843,0,0,e1f0,ff77,8688,7843,0
1987,1987,0,7843,0,0,e1fc,ff7d,8700,7843,0
1988,1988,0,7843,0,0,e1ee,ff7d,8686,7843,0
1989,1989,0,7843,0,0,e1f3,ff82,8691,7843,0
1990,1990,0,7843,0,0,e1ed,ff8e,8685,7843,0
1991,1991,0,7843,0,0,e1ca,ff98,8650,7843,0
1992,1992,0,7843,0,0,e1c4,ff9d,8644,7843,0
1993,1993,0,7843,0,0,e1d2,ffa2,8658,7843,0
1994,1994,0,7843,0,0,e1b7,ffa7,8631,7843,0
1995,1995,0,7843,0,0,e195,ffac,8597,7843,0
1996,1996,0,7843,0,0,e18b,ffb1,8587,7843,0
1997,1997,0,7843,0,0,e182,ffb5,8578,7843,0
1998,1998,0,7843,0,0,e15e,ffb9,8542,7843,0
1999,1999,0,7843,0,0,e140,ffbe,8512,7843,0
2000,2000,0,7843,0,0,e11b,ffc2,8475,7843,0
2001,2001,0,7843,0,0,e10c,ffc6,8460,7843,0
2002,2002,0,7843,0,0,e0f1,ffca,8433,7843,0
2003,2003,0,7843,0,0,e0b2,ffce,8370,7843,0
2004,2004,0,7843,0,0,e07d,ffd1,8319,7843,0
2005,2005,0,7843,0,0,e078,ffd5,8317,7843,0
2006,2006,0,7843,0,0,e06b,ffd8,8299,7843,0
2007,2007,0,7843,0,0,e06b,ffdf,8299,7843,0
2008,2008,0,7843,0,0,eff8,ffe2,12280,7843,0
2009,2009,0,7843,0,0,1ff9,ffe5,8185,7843,0
2010,2010,0,7843,0,0,1ff9,ffe8,8153,7843,0
2011,2011,0,7843,0,0,1fad,ffee,8105,7843,0
2012,2012,0,7843,0,0,1f8d,fff1,8077,7843,0
2013,2013,0,7843,0,0,1f51,fff3,8017,7843,0
2014,2014,0,7843,0,0,1f50,fff6,8016,7843,0
2015,2015,0,7843,0,0,1f2d,fffb,7981,7843,0
2016,2016,0,7843,0,0,1ee4,fffd,7908,7843,0
2017,2017,0,7843,0,0,1eed,ffff,7917,7843,0
2018,2018,0,7843,0,0,1ecc,0001,7884,7843,0
2019,2019,0,7843,0,0,1ea6,0003,7846,7843,0
2020,2020,0,7843,0,0,1e97,0007,7831,7843,0
2021,2021,0,7843,0,0,1e6e,0008,7790,7843,0
2022,2022,0,7843,0,0,1e5f,000a,7775,7843,0
2023,2023,0,7843,0,0,1e4c,000c,7756,7843,0
2024,2024,0,7843,0,0,1e55,000c,7765,7843,0
2025,2025,0,7843,0,0,1e48,000d,7752,7843,0
2026,2026,0,7843,0,0,1e2c,000f,7724,7843,0
2027,2027,0,7843,0,0,1e33,0010,7731,7843,0
2028,2028,0,7843,0,0,1e4e,0011,7758,7843,0
2029,2029,0,7843,0,0,1e50,0012,7760,7843,0
2030,2030,0,7843,0,0,1e3c,0014,7740,7843,0
2031,2031,0,7843,0,0,1e5f,0015,7775,7843,0
2032,2032,0,7843,0,0,1e5c,0016,7772,7843,0
2033,2033,0,7843,0,0,1e56,0017,7766,7843,0
2034,2034,0,7843,0,0,1e78,0017,7800,7843,0
2035,2035,0,7843,0,0,1ea0,0018,7840,7843,0
2036,2036,0,7843,0,0,1eab,001a,7851,7843,0
2037,2037,0,7843,0,0,1eae,001a,7854,7843,0
2038,2038,0,7843,0,0,1ec3,001b,7875,7843,0
2039,2039,0,7843,0,0,1ee9,001b,7913,7843,0
2040,2040,0,7843,0,0,1f20,001c,7977,7843,0
2041,2041,0,7843,0,0,1f43,001c,8003,7843,0
2042,2042,0,7843,0,0,1f5f,001c,8031,7843,0
2043,2043,0,7843,0,0,1fdd,001c,8157,7843,0
2044,2044,0,7843,0,0,1fa7,001c,8103,7843,0
2045,2045,0,7843,0,0,1fbf,001c,8127,7843,0
2046,2046,0,7843,0,0,1fff,001c,8189,7843,0
2047,2047,0,7843,0,0,1fee,001c,8174,7843,0
2048,2048,1,8102,0,1,e020,001c,8224,8102,1
2049,2049,0,8102,0,1,e028,001c,8232,8102,1
2050,2050,0,8102,0,1,e039,001c,8249,8102,1
2051,2051,0,8125,0,1,e086,001c,8326,8125,1
2052,2052,0,7734,0,1,e0b8,001c,8376,7734,1
2053,2053,0,7686,0,1,e0be,001c,8382,7686,1
2054,2054,0,7645,0,1,e0cb,001c,8395,7645,1
2055,2055,0,7658,0,1,e0f7,001c,8439,7658,1
2056,2056,0,7720,0,1,e136,001c,8502,7720,1
2057,2057,0,7636,0,1,e142,001c,8514,7636,1
2058,2058,0,7684,0,1,e167,001c,8551,7684,1
2059,2059,0,7641,0,1,e174,001c,8564,7641,1
2060,2060,0,7645,0,1,e195,001c,8597,7645,1
2061,2061,0,7687,0,1,e19d,001c,8605,7687,1
2062,2062,0,7648,0,1,e1b5,001c,8629,7648,1
2063,2063,0,7772,0,1,e1c8,001c,8648,7772,1
2064,2064,0,7583,0,1,e1be,001c,8638,7583,1
2065,2065,0,7774,0,1,e1d0,001c,8656,7774,1
2066,2066,0,7658,0,1,e1fd,001c,8701,7658,1
2067,2067,0,7757,0,1,e1f7,001c,8695,7757,1
2068,2068,0,7642,0,1,e1c8,001c,8648,7642,1
2069,2069,0,7846,0,1,e1e1,001c,8673,7846,1
2070,2070,0,7758,0,1,e1db,001c,8667,7758,1
2071,2071,0,7836,0,1,e1c0,001c,8640,7836,1
2072,2072,0,7839,0,1,e1d0,001c,8656,7839,1
2073,2073,0,7952,0,1,e1ca,001c,8650,7952,1
2074,2074,0,7990,0,1,e196,001c,8598,7990,1
2075,2075,0,7930,0,1,e17c,001c,8574,7930,1
2076,2076,0,8006,0,1,e174,001c,8564,8006,1
2077,2077,0,7993,0,1,e17e,001c,8574,7993,1
2078,2078,0,8031,0,1,e17f,001c,8575,8031,1
2079,2079,0,8095,0,1,e15b,001c,8539,8095,1
2080,2080,0,8129,0,1,e12a,001c,8490,8129,1
2081,2081,0,8240,0,1,e17a,001c,8570,8240,1
2082,2082,0,8196,0,1,e1d5,001c,8656,8196,1
2083,2083,0,8298,0,1,e0f5,001c,8437,8298,1
2084,2084,0,8249,0,1,e0aa,001c,8362,8249,1
2085,2085,0,8313,0,1,e073,001c,8307,8313,1
2086,2086,0,8289,0,1,e061,001c,8289,8289,1
2087,2087,0,8372,0,1,e037,001c,8247,8372,1
2088,2088,0,8343,0,1,e00b,001c,8203,8343,1
2089,2089,0,8490,0,1,1ff4,001c,8180,8490,1
2090,2090,0,8416,0,1,1fd3,001c,8147,8416,1
2091,2091,0,8503,0,1,1f99,001c,8089,8503,1
2092,2092,0,8358,0,1,1f69,001c,8041,8358,1
2093,2093,0,8576,0,1,1f40,001c,8000,8576,1
2094,2094,0,8454,0,1,1f24,001c,7972,8454,1
2095,2095,0,8574,0,1,1f13,001c,7955,8574,1
2096,2096,0,8649,0,1,1eec,001c,7916,8649,1
2097,2097,0,8539,0,1,1ee6,001c,7910,8539,1
2098,2098,0,8621,0,1,1eb8,001c,7864,8621,1
2099,2099,0,8563,0,1,1e9c,001c,7836,8563,1
2100,2100,0,8567,0,1,1e99,001c,7833,8567,1
2101,2101,0,8557,0,1,1e99,001c,7833,8557,1
2102,2102,0,8614,0,1,1e6f,001c,7791,8614,1
2103,2103,0,8573,0,1,1e6d,001c,7789,8573,1
2104,2104,0,8595,0,1,1e6a,001c,7786,8595,1
2105,2105,0,8585,0,1,1e59,001c,7769,8585,1
2106,2106,0,8545,0,1,1e4a,001c,7754,8545,1
2107,2107,0,8596,0,1,1e38,001c,7736,8596,1
2108,2108,0,8463,0,1,1e45,001c,7749,8463,1
2109,2109,0,8492,0,1,1e45,001c,7749,8492,1
2110,2110,0,8417,0,1,1e4e,001c,7758,8417,1
2111,2111,0,8480,0,1,1e6d,001c,7791,8480,1
2112,2112,0,8332,0,1,1e69,001c,7789,8332,1
2113,2113,0,8419,0,1,1e41,001c,7753,8419,1
2114,2114,0,8297,0,1,1e72,001c,7794,8297,1
2115,2115,0,8387,0,1,1e77,001c,7799,8387,1
2116,2116,0,8222,0,1,1ef5,001c,7925,8222,1
2117,2117,0,8242,0,1,1ed7,001c,7895,8242,1
2118,2118,0,8235,0,1,1ecf,001c,7886,8235,1
2119,2119,0,8233,0,1,1ecf,001c,7887,8233,1
2120,2120,0,8147,0,1,1ef9,001c,7929,8147,1
2121,2121,0,8155,0,1,1f2f,001c,7983,8155,1
2122,2122,0,8148,0,1,1f51,001c,8017,8148,1
2123,2123,0,8086,0,1,1f71,001c,8049,8086,1
2124,2124,0,8066,0,1,1f80,001c,8064,8066,1
2125,2125,0,8101,0,1,1f9d,001c,8093,8101,1
2126,2126,0,7971,0,1,1fd4,001c,8148,7971,1
2127,2127,0,7982,0,1,1ff3,001c,8179,7982,1
2128,2128,0,7877,0,1,e00d,001c,8205,7877,1
2129,2129,0,7956,0,1,e01f,001c,8223,7956,1
2130,2130,0,7880,0,1,e01f,001c,8223,7880,1
2131,2131,0,7817,0,1,e04c,001c,8268,7817,1
2132,2132,0,7825,0,1,e08b,001c,8331,7825,1
2133,2133,0,7839,0,1,e0d0,001c,8400,7839,1
2134,2134,0,7822,0,1,e0cd,001c,8397,7822,1
2135,2135,0,7787,0,1,e0de,001c,8414,7787,1
2136,2136,0,7801,0,1,e11c,001c,8476,7801,1
2137,2137,0,7775,0,1,e15c,001c,8540,7775,1
2138,2138,0,7784,0,1,e148,001c,8520,7784,1
2139,2139,0,7639,0,1,e17c,001c,8572,7639,1
2140,2140,0,7768,0,1,e18c,001c,8588,7768,1
2141,2141,0,7687,0,1,e175,001c,8565,7687,1
2142,2142,0,7694,0,1,e17d,001c,8573,7694,1
2143,2143,0,7756,0,1,e1b8,001c,8632,7756,1
2144,2144,0,7721,0,1,e1cd,001c,8653,7721,1
2145,2145,0,7885,0,1,e1b6,001c,8630,7885,1
2146,2146,0,7770,0,1,e1a0,001c,8608,7770,1
2147,2147,0,7813,0,1,e1f0,001c,8688,7813,1
2148,2148,0,7802,0,1,e1dc,001c,8668,7802,1
2149,2149,0,7783,0,1,e1fe,001c,8638,7783,1
2150,2150,0,7861,0,1,e1bf,001c,8639,7861,1
2151,2151,0,7897,0,1,e1bb,001c,8635,7897,1
2152,2152,0,7943,0,1,e1bb,001c,8635,7943,1
2153,2153,0,7958,0,1,e197,001c,8599,7958,1
2154,2154,0,8042,0,1,e1d7,001c,8663,8042,1
2155,2155,0,7925,0,1,e161,001c,8545,7925,1
2156,2156,0,8066,0,1,e147,001c,8519,8066,1
2157,2157,0,8031,0,1,e13f,001c,8511,8031,1
2158,2158,0,8119,0,1,e110,001c,8464,8119,1
2159,2159,0,8183,0,1,e10e,001c,8462,8183,1
2160,2160,0,8182,0,1,e10f,001c,8463,8182,1
2161,2161,0,8154,0,1,e0f4,001c,8436,8154,1
2162,2162,0,8208,0,1,e0d4,001c,8404,8208,1
2163,2163,0,8238,0,1,e0a3,001c,8355,8238,1
2164,2164,0,8329,0,1,e085,001c,8325,8329,1
2165,2165,0,8361,0,1,e062,001c,8290,8361,1
2166,2166,0,8377,0,1,e01e,001c,8222,8377,1
2167,2167,0,8449,0,1,e003,001c,8195,8449,1
2168,2168,0,8413,0,1,1ff0,001c,8176,8413,1
2169,2169,0,8484,0,1,1fbe,001c,8126,8484,1
2170,2170,0,8422,0,1,1fa8,001c,8104,8422,1
2171,2171,0,8531,0,1,1f87,001c,8071,8531,1
2172,2172,0,8500,0,1,1f5a,001c,8026,8500,1
2173,2173,0,8522,0,1,1f44,001c,8004,8522,1
2174,2174,0,8550,0,1,1f0a,001c,7946,8550,1
2175,2175,0,8506,0,1,1efd,001c,7933,8506,1
2176,2176,0,8660,0,1,1ee5,001c,7909,8660,1
2177,2177,0,8611,0,1,1ebe,001c,7870,8611,1
2178,2178,0,8629,0,1,1eb6,001c,7862,8629,1
2179,2179,0,8625,0,1,1e7f,001c,7807,8625,1
2180,2180,0,8699,0,1,1e7d,001c,7805,8699,1
2181,2181,0,8651,0,1,1e76,001c,7798,8651,1
2182,2182,0,8598,0,1,1e5f,001c,7807,8598,1
2183,2183,0,8625,0,1,1e4b,001c,7771,8625,1
2184,2184,0,8571,0,1,1e3a,001c,7739,8571,1
2185,2185,0,8693,0,1,1e7a,001c,7802,8693,1
2186,2186,0,8540,0,1,1e52,001c,7762,8540,1
2187,2187,0,8605,0,1,1e59,001c,7769,8605,1
2188,2188,0,8569,0,1,1e79,001c,7801,8569,1
2189,2189,0,8493,0,1,1e3f,001c,7740,8493,1
2190,2190,0,8559,0,1,1e6f,001c,7791,8559,1
2191,2191,0,8547,0,1,1e68,001c,7776,8547,1
2192,2192,0,8537,0,1,1e78,001c,7800,8537,1
2193,2193,0,8397,0,1,1e78,001c,7800,8397,1
2194,2194,0,8299,0,1,1e7b,001c,7803,8299,1
2195,2195,0,8442,0,1,1e89,001c,7817,8442,1
2196,2196,0,8302,0,1,1ea0,001c,7840,8302,1
2197,2197,0,8422,0,1,1ed1,001c,7889,8422,1
2198,2198,0,8344,0,1,1ef3,001c,7923,8344,1
2199,2199,0,8322,0,1,1ee7,001c,7911,8322,1
2200,2200,0,8220,0,1,1efd,001c,7933,8220,1
2201,2201,0,8174,0,1,1f2e,001c,7982,8174,1
2202,2202,0,8142,0,1,1f61,001c,8033,8142,1
2203,2203,0,8106,0,1,1f93,001c,8083,8106,1
2204,2204,0,8041,0,1,1f99,001c,8089,8041,1
2205,2205,0,8041,0,1,1fa9,001c,8105,8041,1
2206,2206,0,7991,0,1,e002,001c,8194,7991,1
2207,2207,0,7975,0,1,e015,001c,8213,7975,1
2208,2208,0,7910,0,1,e03a,001c,8250,7910,1
2209,2209,0,7856,0,1,e06d,001c,8301,7856,1
2210,2210,0,7738,0,1,e078,001c,8312,7738,1
2211,2211,0,7840,0,1,e08e,001c,8334,7840,1
2212,2212,0,7767,0,1,e0be,001c,8382,7767,1
2213,2213,0,7795,0,1,e0f1,001c,8433,7795,1
2214,2214,0,7761,0,1,e121,001c,8481,7761,1
2215,2215,0,7801,0,1,e155,001c,8533,7801,1
2216,2216,0,7681,0,1,e16d,001c,8557,7681,1
2217,2217,0,7747,0,1,e192,001c,8594,7747,1
2218,2218,0,7667,0,1,e1bf,001c,8639,7667,1
2219,2219,0,7708,0,1,e1ab,001c,8635,7708,1
2220,2220,0,7705,0,1,e1b7,001c,8639,7705,1
2221,2221,0,7679,0,1,e1bf,001c,8639,7679,1
2222,2222,0,7618,0,1,e1bf,001c,8639,7618,1
2223,2223,0,7666,0,1,e1f7,001c,8695,7666,1
2224,2224,0,7648,0,1,e1db,001c,8667,7648,1
2225,2225,0,7662,0,1,e1df,001c,8667,7662,1
2226,2226,0,7702,0,1,e1e4,001c,8676,7702,1
2227,2227,0,7708,0,1,e1d3,001c,8659,7708,1
2228,2228,0,7710,0,1,e1d0,001c,8656,7710,1
2229,2229,0,7730,0,1,e1e2,001c,8674,7730,1
2230,2230,0,7747,0,1,e1f2,001c,8690,7747,1
2231,2231,0,7811,0,1,e1e0,001c,8672,7811,1
2232,2232,0,7805,0,1,e1d5,001c,8661,7805,1
2233,2233,0,7827,0,1,e1d0,001c,8656,7827,1
2234,2234,0,7908,0,1,e19b,001c,8603,7908,1
2235,2235,0,7910,0,1,e173,001c,8563,7910,1
2236,2236,0,7934,0,1,e16e,001c,8558,7934,1
2237,2237,0,7988,0,1,e15c,001c,8540,7988,1
2238,2238,0,8021,0,1,e133,001c,8499,8021,1
2239,2239,0,8064,0,1,e117,001c,8471,8064,1
2240,2240,0,8113,0,1,e129,001c,8489,8113,1
2241,2241,0,8130,0,1,e0f2,001c,8434,8130,1
2242,2242,0,8173,0,1,e0d0,001c,8400,8173,1
2243,2243,0,8216,0,1,e0b2,001c,8370,8216,1
2244,2244,0,8233,0,1,e07d,001c,8317,8233,1
2245,2245,0,8288,0,1,e05d,001c,8285,8288,1
2246,2246,0,8487,0,1,e01e,001c,8222,8487,1
2247,2247,0,8291,0,1,1ffe,001c,8190,8291,1
2248,2248,0,8446,0,1,1ff1,001c,8177,8446,1
2249,2249,0,8309,0,1,1f9f,001c,8095,8309,1
2250,2250,0,8440,0,1,1f68,001c,8040,8440,1
2251,2251,0,8453,0,1,1f70,001c,8048,8453,1
2252,2252,0,8532,0,1,1f4c,001c,8012,8532,1
2253,2253,0,8577,0,1,1f25,001c,7973,8577,1
2254,2254,0,8503,0,1,1efa,001c,7931,8503,1
2255,2255,0,8655,0,1,1efc,001c,7934,8655,1
2256,2256,0,8512,0,1,1efd,001c,7869,8512,1
2257,2257,0,8594,0,1,1ebd,001c,7869,8594,1
2258,2258,0,8614,0,1,1eef,001c,7919,8614,1
2259,2259,0,8643,0,1,1e6f,001c,7791,8643,1
2260,2260,0,8685,0,1,1e6d,001c,7789,8685,1
2261,2261,0,8698,0,1,1e75,001c,7781,8698,1
2262,2262,0,8659,0,1,1e38,001c,7728,8659,1
2263,2263,0,8695,0,1,1e2a,001c,7722,8695,1
2264,2264,0,8676,0,1,1e28,001c,7720,8676,1
2265,2265,0,8647,0,1,1e1e,001c,7710,8647,1
2266,2266,0,8608,0,1,1e21,001c,7713,8608,1
2267,2267,0,8612,0,1,1e0c,001c,7692,8612,1
2268,2268,0,8620,0,1,1e07,001c,7687,8620,1
2269,2269,0,8619,0,1,1dfd,001c,7677,8619,1
2270,2270,0,8540,0,1,1df7,001c,7671,8540,1
2271,2271,0,8510,0,1,1e11,001c,7697,8510,1
2272,2272,0,8531,0,1,1e16,001c,7702,8531,1
2273,2273,0,8519,0,1,1e2c,001c,7724,8519,1
2274,2274,0,8477,0,1,1e45,001c,7749,8477,1
2275,2275,0,8479,0,1,1e52,001c,7762,8479,1
2276,2276,0,8466,0,1,1e58,001c,7768,8466,1
2277,2277,0,8335,0,1,1e68,001c,7784,8335,1
2278,2278,0,8297,0,1,1e8b,001c,7819,8297,1
2279,2279,0,8217,0,1,1eba,001c,7866,8217,1
2280,2280,0,8349,0,1,1ec8,001c,7880,8349,1
2281,2281,0,8333,0,1,1eed,001c,7917,8333,1
2282,2282,0,8276,0,1,1f0c,001c,7948,8276,1
2283,2283,0,8257,0,1,1f2a,001c,7978,8257,1
2284,2284,0,8203,0,1,1f5d,001c,8029,8203,1
2285,2285,0,8202,0,1,1f79,001c,8057,8202,1
2286,2286,0,8131,0,1,1fa8,001c,8104,8131,1
2287,2287,0,8163,0,1,1fde,001c,8158,8163,1
2288,2288,0,8107,0,1,1fdb,001c,8155,8107,1
2289,2289,0,8073,0,1,e21a,001c,8218,8073,1
2290,2290,0,8004,0,1,e047,001c,8279,8004,1
2291,2291,0,7970,0,1,e05f,001c,8287,7970,1
2292,2292,0,7979,0,1,e0df,001c,8351,7979,1
2293,2293,0,7935,0,1,e0df,001c,8415,7935,1
2294,2294,0,7889,0,1,e0e7,001c,8423,7889,1
2295,2295,0,7880,0,1,e0f1,001c,8433,7880,1
2296,2296,0,7838,0,1,e1f9,001c,8696,7838,1
2297,2297,0,7838,0,1,e159,001c,8537,7838,1
2298,2298,0,7808,0,1,e148,001c,8520,7808,1
2299,2299,0,7826,0,1,e156,001c,8534,7826,1
2300,2300,0,7767,0,1,e14a,001c,8522,7767,1
2301,2301,0,7727,0,1,e164,001c,8548,7727,1
2302,2302,0,7743,0,1,e1a3,001c,8611,7743,1
2303,2303,0,7731,0,1,e1ae,001c,8622,7731,1
2304,2304,0,7755,0,1,e1b4,001c,8628,7755,1
2305,2305,0,7749,0,1,e1b9,001c,8633,7749,1
2306,2306,0,7754,0,1,e1c8,001c,8648,7754,1
2307,2307,0,7733,0,1,e1d4,001c,8660,7733,1
2308,2308,0,7748,0,1,e1cc,001c,8652,7748,1
2309,2309,0,7729,0,1,e1d4,001c,8660,7729,1
2310,2310,0,7751,0,1,e1d1,001c,8657,7751,1
2311,2311,0,7787,0,1,e1c2,001c,8642,7787,1
2312,2312,0,7787,0,1,e1b6,001c,8630,7787,1
2313,2313,0,7773,0,1,e1a4,001c,8612,7773,1
2314,2314,0,7822,0,1,e1a1,001c,8609,7822,1
2315,2315,0,7838,0,1,e193,001c,8595,7838,1
2316,2316,0,7834,0,1,e164,001c,8548,7834,1
2317,2317,0,7830,0,1,e15e,001c,8542,7830,1
2318,2318,0,7870,0,1,e154,001c,8532,7870,1
2319,2319,0,7921,0,1,e13c,001c,8508,7921,1
2320,2320,0,7934,0,1,e127,001c,8487,7934,1
2321,2321,0,7972,0,1,e0fc,001c,8444,7972,1
2322,2322,0,7988,0,1,e0d9,001c,8409,7988,1
2323,2323,0,8043,0,1,e0c5,001c,8389,8043,1
2324,2324,0,8074,0,1,e09a,001c,8346,8074,1
2325,2325,0,8050,0,1,e05f,001c,8287,8050,1
2326,2326,0,8084,0,1,e046,001c,8279,8084,1
2327,2327,0,8149,0,1,e037,001c,8247,8149,1
2328,2328,0,8232,0,1,e03d,001c,8253,8232,1
2329,2329,0,8261,0,1,efdd,001c,12253,8261,1
2330,2330,0,8276,0,1,1fdf,001c,8159,8276,1
2331,2331,0,8309,0,1,1fcf,001c,8143,8309,1
2332,2332,0,8351,0,1,1fef,001c,8141,8351,1
2333,2333,0,8406,0,1,1f6f,001c,8046,8406,1
2334,2334,0,8433,0,1,1f65,001c,8037,8433,1
2335,2335,0,8455,0,1,1f4b,001c,8011,8455,1
2336,2336,0,8454,0,1,1f07,001c,7943,8454,1
2337,2337,0,8479,0,1,1efb,001c,7931,8479,1
2338,2338,0,8473,0,1,1edc,001c,7900,8473,1
2339,2339,0,8497,0,1,1eb1,001c,7857,8497,1
2340,2340,0,8500,0,1,1eb0,001c,7856,8500,1
2341,2341,0,8573,0,1,1ea6,001c,7846,8573,1
2342,2342,0,8537,0,1,1e84,001c,7812,8537,1
2343,2343,0,8551,0,1,1e7d,001c,7805,8551,1
2344,2344,0,8541,0,1,1e67,001c,7783,8541,1
2345,2345,0,8565,0,1,1e80,001c,7808,8565,1
2346,2346,0,8577,0,1,1e6d,001c,7789,8577,1
2347,2347,0,8616,0,1,1e48,001c,7752,8616,1
2348,2348,0,8604,0,1,1e6e,001c,7790,8604,1
2349,2349,0,8598,0,1,1e92,001c,7826,8598,1
2350,2350,0,8611,0,1,1e45,001c,7749,8611,1
2351,2351,0,8604,0,1,1e3f,001c,7743,8604,1
2352,2352,0,8595,0,1,1e70,001c,7792,8595,1
2353,2353,0,8588,0,1,1e93,001c,7827,8588,1
2354,2354,0,8559,0,1,1e7d,001c,7805,8559,1
2355,2355,0,8559,0,1,1e83,001c,7811,8559,1
2356,2356,0,8510,0,1,1eb0,001c,7856,8510,1
2357,2357,0,8493,0,1,1ec8,001c,7880,8493,1
2358,2358,0,8466,0,1,1edd,001c,7901,8466,1
2359,2359,0,8465,0,1,1eed,001c,7917,8465,1
2360,2360,0,8433,0,1,1f13,001c,7955,8433,1
2361,2361,0,8424,0,1,1f33,001c,7987,8424,1
2362,2362,0,8352,0,1,1f78,001c,8059,8352,1
2363,2363,0,8398,0,1,1f91,001c,8089,8398,1
2364,2364,0,8278,0,1,1fb9,001c,8121,8278,1
2365,2365,0,8261,0,1,1fa9,001c,8105,8261,1
2366,2366,0,8205,0,1,1fef,001c,8175,8205,1
2367,2367,0,8104,0,1,1fe6,001c,8166,8104,1
2368,2368,0,8049,0,1,e02f,001c,8239,8049,1
2369,2369,0,8074,0,1,e069,001c,8297,8074,1
2370,2370,0,8056,0,1,e048,001c,8264,8056,1
2371,2371,0,8011,0,1,e057,001c,8279,8011,1
2372,2372,0,8132,0,1,e08d,001c,8333,8132,1
2373,2373,0,7895,0,1,e0c4,001c,8388,7895,1
2374,2374,0,7871,0,1,e0d7,001c,8407,7871,1
2375,2375,0,7847,0,1,e0e5,001c,8421,7847,1
2376,2376,0,7812,0,1,e108,001c,8456,7812,1
2377,2377,0,7877,0,1,e110,001c,8464,7877,1
2378,2378,0,7803,0,1,e121,001c,8481,7803,1
2379,2379,0,7841,0,1,e159,001c,8537,7841,1
2380,2380,0,7768,0,1,e16a,001c,8554,7768,1
2381,2381,0,7721,0,1,e15a,001c,8538,7721,1
2382,2382,0,7737,0,1,e182,001c,8578,7737,1
2383,2383,0,7731,0,1,e1b1,001c,8625,7731,1
2384,2384,0,7736,0,1,e1a2,001c,8610,7736,1
2385,2385,0,7681,0,1,e19c,001c,8604,7681,1
2386,2386,0,7687,0,1,e186,001c,8582,7687,1
2387,2387,0,7733,0,1,e1c1,001c,8641,7733,1
2388,2388,0,7691,0,1,e1b9,001c,8633,7691,1
2389,2389,0,7675,0,1,e19e,001c,8606,7675,1
2390,2390,0,7703,0,1,e1b0,001c,8624,7703,1
2391,2391,0,7722,0,1,e18c,001c,8588,7722,1
2392,2392,0,7770,0,1,e15e,001c,8542,7770,1
2393,2393,0,7703,0,1,e160,001c,8544,7703,1
2394,2394,0,7791,0,1,e147,001c,8519,7791,1
2395,2395,0,7922,0,1,e132,001c,8498,7922,1
2396,2396,0,7909,0,1,e125,001c,8485,7909,1
2397,2397,0,7964,0,1,e111,001c,8497,7964,1
2398,2398,0,7976,0,1,e1fa,001c,8443,7976,1
2399,2399,0,7996,0,1,e0bb,001c,8379,7996,1
2400,2400,0,7956,0,1,e0f9,001c,8441,7956,1
2401,2401,0,7989,0,1,e0ef,001c,8431,7989,1
2402,2402,0,7985,0,1,e0ff,001c,8447,7985,1
2403,2403,0,7959,0,1,e07f,001c,8319,7959,1
2404,2404,0,8062,0,1,e05b,001c,8283,8062,1
2405,2405,0,8002,0,1,e01f,001c,8217,8002,1
2406,2406,0,8098,0,1,e017,001c,8215,8098,1
2407,2407,0,8110,0,1,1fee,001c,8174,8110,1
2408,2408,0,8157,0,1,1fb8,001c,8120,8157,1
2409,2409,0,8218,0,1,1f8f,001c,8079,8218,1
2410,2410,0,8273,0,1,1f68,001c,8040,8273,1
2411,2411,0,8335,0,1,1f50,001c,8016,8335,1
2412,2412,0,8337,0,1,1f2e,001c,7982,8337,1
2413,2413,0,8375,0,1,1f09,001c,7945,8375,1
2414,2414,0,8446,0,1,1ed0,001c,7888,8446,1
2415,2415,0,8485,0,1,1ec2,001c,7874,8485,1
2416,2416,0,8492,0,1,1e9a,001c,7834,8492,1
2417,2417,0,8550,0,1,1e6c,001c,7788,8550,1
2418,2418,0,8564,0,1,1e74,001c,7796,8564,1
2419,2419,0,8545,0,1,1e36,001c,7734,8545,1
2420,2420,0,8612,0,1,1e1f,001c,7711,8612,1
2421,2421,0,8643,0,1,1e15,001c,7701,8643,1
2422,2422,0,8692,0,1,1e16,001c,7702,8692,1
2423,2423,0,8684,0,1,1e22,001c,7714,8684,1
2424,2424,0,8672,0,1,1e11,001c,7697,8672,1
2425,2425,0,8695,0,1,1e28,001c,7720,8695,1
2426,2426,0,8695,0,1,1e17,001c,7703,8695,1
2427,2427,0,8716,0,1,1e13,001c,7699,8716,1
2428,2428,0,8733,0,1,1e25,001c,7717,8733,1
2429,2429,0,8721,0,1,1e02,001c,7682,8721,1
2430,2430,0,8710,0,1,1de5,001c,7653,8710,1
2431,2431,0,8695,0,1,1dfa,001c,7674,8695,1
2432,2432,0,8693,0,1,1e35,001c,7733,8693,1
2433,2433,0,8722,0,1,1e62,001c,7795,8722,1
2434,2434,0,8697,0,1,1e70,001c,7794,8697,1
2435,2435,0,8686,0,1,1e75,001c,7797,8686,1
2436,2436,0,8644,0,1,1eef,001c,7919,8644,1
2437,2437,0,8641,0,1,1ecf,001c,7887,8641,1
2438,2438,0,8610,0,1,1ecf,001c,7887,8610,1
2439,2439,0,8579,0,1,1edf,001c,7903,8579,1
2440,2440,0,8667,0,1,1edf,001c,7901,8667,1
2441,2441,0,8539,0,1,1eef,001c,7915,8539,1
2442,2442,0,8513,0,1,1f2e,001c,7982,8513,1
2443,2443,0,8501,0,1,1f73,001c,8051,8501,1
2444,2444,0,8501,0,1,1f79,001c,8057,8501,1
2445,2445,0,8445,0,1,1faf,001c,8111,8445,1
2446,2446,0,8409,0,1,1fd2,001c,8146,8409,1
2447,2447,0,8405,0,1,1fd2,001c,8146,8405,1
2448,2448,0,8375,0,1,1ff7,001c,8183,8375,1
2449,2449,0,8358,0,1,e063,001c,8291,8358,1
2450,2450,0,8366,0,1,e07d,001c,8317,8366,1
2451,2451,0,8330,0,1,e08a,001c,8330,8330,1
2452,2452,0,8260,0,1,e090,001c,8336,8260,1
2453,2453,0,8223,0,1,e0d2,001c,8402,8223,1
2454,2454,0,8216,0,1,e11d,001c,8477,8216,1
2455,2455,0,8150,0,1,e130,001c,8496,8150,1
2456,2456,0,8108,0,1,e13c,001c,8508,8108,1
2457,2457,0,8085,0,1,e167,001c,8551,8085,1
2458,2458,0,8045,0,1,e18d,001c,8589,8045,1
2459,2459,0,7984,0,1,e19b,001c,8603,7984,1
2460,2460,0,7975,0,1,e1b9,001c,8633,7975,1
2461,2461,0,7942,0,1,e1c3,001c,8643,7942,1
2462,2462,0,7902,0,1,e1e0,001c,8672,7902,1
2463,2463,0,7858,0,1,e1e2,001c,8674,7858,1
2464,2464,0,7841,0,1,e1e9,001c,8681,7841,1
2465,2465,0,7818,0,1,e1fe,001c,8702,7818,1
2466,2466,0,7797,0,1,e201,001c,8705,7797,1
2467,2467,0,7773,0,1,e20d,001c,8717,7773,1
2468,2468,0,7747,0,1,e1fe,001c,8702,7747,1
2469,2469,0,7736,0,1,e335,001c,8767,7736,1
2470,2470,0,7719,0,1,e21b,001c,8735,7719,1
2471,2471,0,7721,0,1,e3fb,001c,9211,7721,1
2472,2472,0,7699,0,1,e1ee,001c,8686,7699,1
2473,2473,0,7738,0,1,e1e7,001c,8679,7738,1
2474,2474,0,7715,0,1,e1e7,001c,8679,7715,1
2475,2475,0,7743,0,1,e1af,001c,8623,7743,1
2476,2476,0,7711,0,1,e1af,001c,8618,7711,1
2477,2477,0,7716,0,1,e1ad,001c,8685,7716,1
2478,2478,0,7725,0,1,e163,001c,8547,7725,1
2479,2479,0,7721,0,1,e14c,001c,8524,7721,1
2480,2480,0,7740,0,1,e129,001c,8489,7740,1
2481,2481,0,7759,0,1,e119,001c,8473,7759,1
2482,2482,0,7770,0,1,e0f7,001c,8439,7770,1
2483,2483,0,7819,0,1,e0b6,001c,8374,7819,1
2484,2484,0,7818,0,1,e074,001c,8308,7818,1
2485,2485,0,7839,0,1,e067,001c,8295,7839,1
2486,2486,0,7829,0,1,e067,001c,8295,7829,1
2487,2487,0,7900,0,1,e04d,001c,8269,7900,1
2488,2488,0,7870,0,1,e033,001c,8243,7870,1
2489,2489,0,7947,0,1,1fec,001c,8172,7947,1
2490,2490,0,7998,0,1,1fb2,001c,8114,7998,1
2491,2491,0,7995,0,1,1f99,001c,8089,7995,1
2492,2492,0,8009,0,1,1f82,001c,8066,8009,1
2493,2493,0,8075,0,1,1f54,001c,8020,8075,1
2494,2494,0,8075,0,1,1f1a,001c,7962,8075,1
2495,2495,0,8104,0,1,1f04,001c,7940,8104,1
2496,2496,0,8164,0,1,1efa,001c,7930,8164,1
2497,2497,0,8183,0,1,1ecf,001c,7887,8183,1
2498,2498,0,8212,0,1,1ebe,001c,7870,8212,1
2499,2499,0,8253,0,1,1e8f,001c,7823,8253,1
2500,2500,0,8307,0,1,1e8d,001c,7821,8307,1
2501,2501,0,8336,0,1,1e71,001c,7793,8336,1
2502,2502,0,8384,0,1,1e54,001c,7764,8384,1
2503,2503,0,8402,0,1,1e66,001c,7782,8402,1
2504,2504,0,8419,0,1,1e69,001c,7785,8419,1
2505,2505,0,8437,0,1,1e24,001c,7717,8437,1
2506,2506,0,8460,0,1,1e65,001c,7781,8460,1
2507,2507,0,8505,0,1,1e7f,001c,7807,8505,1
2508,2508,0,8488,0,1,1e3f,001c,7743,8488,1
2509,2509,0,8542,0,1,1e3e,001c,7742,8542,1
2510,2510,0,8579,0,1,1e3f,001c,7743,8579,1
2511,2511,0,8564,0,1,1e3b,001c,7707,8564,1
2512,2512,0,8576,0,1,1e27,001c,7715,8576,1
2513,2513,0,8590,0,1,1e35,001c,7733,8590,1
2514,2514,0,8592,0,1,1e4a,001c,7754,8592,1
2515,2515,0,8602,0,1,1e67,001c,7783,8602,1
2516,2516,0,8599,0,1,1e81,001c,7809,8599,1
2517,2517,0,8596,0,1,1e77,001c,7799,8596,1
2518,2518,0,8636,0,1,1ea2,001c,7842,8636,1
2519,2519,0,8592,0,1,1ec3,001c,7875,8592,1
2520,2520,0,8567,0,1,1ed1,001c,7889,8567,1
2521,2521,0,8584,0,1,1eea,001c,7914,8584,1
2522,2522,0,8564,0,1,1f0f,001c,7951,8564,1
2523,2523,0,8555,0,1,1f21,001c,7969,8555,1
2524,2524,0,8531,0,1,1f4c,001c,8012,8531,1
2525,2525,0,8486,0,1,1f78,001c,8056,8486,1
2526,2526,0,8472,0,1,1f76,001c,8054,8472,1
2527,2527,0,8438,0,1,1fad,001c,8109,8438,1
2528,2528,0,8425,0,1,1fe3,001c,8163,8425,1
2529,2529,0,8427,0,1,e018,001c,8216,8427,1
2530,2530,0,8387,0,1,e046,001c,8262,8387,1
2531,2531,0,8339,0,1,e04c,001c,8268,8339,1
2532,2532,0,8295,0,1,e054,001c,8276,8295,1
2533,2533,0,8297,0,1,e075,001c,8309,8297,1
2534,2534,0,8233,0,1,e08e,001c,8334,8233,1
2535,2535,0,8250,0,1,e0bb,001c,8379,8250,1
2536,2536,0,8213,0,1,e0e4,001c,8420,8213,1
2537,2537,0,8181,0,1,e103,001c,8451,8181,1
2538,2538,0,8154,0,1,e10b,001c,8459,8154,1
2539,2539,0,8110,0,1,e116,001c,8470,8110,1
2540,2540,0,8083,0,1,e14c,001c,8524,8083,1
2541,2541,0,8053,0,1,e16a,001c,8558,8053,1
2542,2542,0,8006,0,1,e1ef,001c,8623,8006,1
2543,2543,0,7968,0,1,e18d,001c,8589,7968,1
2544,2544,0,7970,0,1,e1fe,001c,8702,7970,1
2545,2545,0,7940,0,1,e17e,001c,8694,7940,1
2546,2546,0,7919,0,1,e18d,001c,8589,7919,1
2547,2547,0,7877,0,1,e1f5,001c,8660,7877,1
2548,2548,0,7832,0,1,e175,001c,8693,7832,1
2549,2549,0,7831,0,1,e18c,001c,8580,7831,1
2550,2550,0,7838,0,1,e18c,001c,8588,7838,1
2551,2551,0,7819,0,1,e175,001c,8565,7819,1
2552,2552,0,7786,0,1,e180,001c,8576,7786,1
2553,2553,0,7762,0,1,e166,001c,8550,7762,1
2554,2554,0,7766,0,1,e170,001c,8560,7766,1
2555,2555,0,7742,0,1,e15a,001c,8538,7742,1
2556,2556,0,7741,0,1,e133,001c,8499,7741,1
2557,2557,0,7797,0,1,e124,001c,8484,7797,1
2558,2558,0,7834,0,1,e118,001c,8472,7834,1
2559,2559,0,7769,0,1,e0dd,001c,8413,7769,1
2560,2560,0,7825,0,1,e0a8,001c,8360,7825,1
2561,2561,0,7859,0,1,e097,001c,8343,7859,1
2562,2562,0,7842,0,1,e071,001c,8305,7842,1
2563,2563,0,7832,0,1,e058,001c,8280,7832,1
2564,2564,0,7879,0,1,e04b,001c,8267,7879,1
2565,2565,0,7901,0,1,e04f,001c,8271,7901,1
2566,2566,0,7893,0,1,e021,001c,8225,7893,1
2567,2567,0,7958,0,1,1fe2,001c,8162,7958,1
2568,2568,0,8007,0,1,1fb8,001c,8120,8007,1
2569,2569,0,7974,0,1,1fb3,001c,8115,7974,1
2570,2570,0,8015,0,1,1f9b,001c,8091,8015,1
2571,2571,0,8083,0,1,1f58,001c,8024,8083,1
2572,2572,0,8105,0,1,1f25,001c,7973,8105,1
2573,2573,0,8138,0,1,1f27,001c,7975,8138,1
2574,2574,0,8152,0,1,1f06,001c,7942,8152,1
2575,2575,0,8234,0,1,1ed5,001c,7893,8234,1
2576,2576,0,8240,0,1,1ec2,001c,7874,8240,1
2577,2577,0,8255,0,1,1eb9,001c,7867,8255,1
2578,2578,0,8319,0,1,1eb9,001c,7865,8319,1
2579,2579,0,8311,0,1,1ebf,001c,7871,8311,1
2580,2580,0,8383,0,1,1e9f,001c,7839,8383,1
2581,2581,0,8379,0,1,1ece,001c,7886,8379,1
2582,2582,0,8412,0,1,1e5f,001c,7775,8412,1
2583,2583,0,8408,0,1,1e1f,001c,7711,8408,1
2584,2584,0,8445,0,1,1e6f,001c,7791,8445,1
2585,2585,0,8468,0,1,1e70,001c,7792,8468,1
2586,2586,0,8536,0,1,1e45,001c,7749,8536,1
2587,2587,0,8579,0,1,1e40,001c,7744,8579,1
2588,2588,0,8575,0,1,1e5a,001c,7770,8575,1
2589,2589,0,8575,0,1,1e3f,001c,7743,8575,1
2590,2590,0,8625,0,1,1e3e,001c,7742,8625,1
2591,2591,0,8665,0,1,1e4f,001c,7759,8665,1
2592,2592,0,8661,0,1,1e4e,001c,7758,8661,1
2593,2593,0,8671,0,1,1e6e,001c,7790,8671,1
2594,2594,0,8703,0,1,1e76,001c,7798,8703,1
2595,2595,0,8680,0,1,1e98,001c,7832,8680,1
2596,2596,0,8692,0,1,1ebd,001c,7869,8692,1
2597,2597,0,8698,0,1,1ed7,001c,7895,8698,1
2598,2598,0,8665,0,1,1ef6,001c,7926,8665,1
2599,2599,0,8663,0,1,1f09,001c,7945,8663,1
2600,2600,0,8624,0,1,1f19,001c,7961,8624,1
2601,2601,0,8589,0,1,1f39,001c,7993,8589,1
2602,2602,0,8627,0,1,1f67,001c,8039,8627,1
2603,2603,0,8612,0,1,1fad,001c,8109,8612,1
2604,2604,0,8450,0,1,1fc8,001c,8136,8450,1
2605,2605,0,8573,0,1,1fac,001c,8108,8573,1
2606,2606,0,8696,0,1,1ffa,001c,8186,8696,1
2607,2607,0,8722,0,1,e039,001c,8249,8722,1
2608,2608,0,8521,0,1,e053,001c,8275,8521,1
2609,2609,0,8554,0,1,e077,001c,8311,8554,1
2610,2610,0,8629,0,1,e0ae,001c,8366,8629,1
2611,2611,0,8416,0,1,e0b8,001c,8376,8416,1
2612,2612,0,8327,0,1,e0ef,001c,8447,8327,1
2613,2613,0,8411,0,1,e0fd,001c,8447,8411,1
2614,2614,0,8420,0,1,e1ff,001c,8639,8420,1
2615,2615,0,8259,0,1,e13f,001c,8511,8259,1
2616,2616,0,8200,0,1,e135,001c,8501,8200,1
2617,2617,0,8266,0,1,e175,001c,8565,8266,1
2618,2618,0,8238,0,1,e1ff,001c,8703,8238,1
2619,2619,0,8228,0,1,e1ef,001c,8687,8228,1
2620,2620,0,8108,0,1,e1d9,001c,8665,8108,1
2621,2621,0,8085,0,1,e1be,001c,8638,8085,1
2622,2622,0,8127,0,1,e1d1,001c,8657,8127,1
2623,2623,0,8068,0,1,e1c7,001c,8647,8068,1
2624,2624,0,8077,0,1,e1ff,001c,8703,8077,1
2625,2625,0,7949,0,1,e211,001c,8721,7949,1
2626,2626,0,7942,0,1,e206,001c,8710,7942,1
2627,2627,0,7956,0,1,e208,001c,8712,7956,1
2628,2628,0,7869,0,1,e206,001c,8710,7869,1
2629,2629,0,7823,0,1,e20a,001c,8714,7823,1
2630,2630,0,7839,0,1,e1f2,001c,8690,7839,1
2631,2631,0,7879,0,1,e1e9,001c,8681,7879,1
2632,2632,0,7769,0,1,e1f2,001c,8690,7769,1
2633,2633,0,7692,0,1,e1de,001c,8670,7692,1
2634,2634,0,7755,0,1,e1c8,001c,8648,7755,1
2635,2635,0,7750,0,1,e1b1,001c,8625,7750,1
2636,2636,0,7671,0,1,e189,001c,8585,7671,1
2637,2637,0,7716,0,1,e1a0,001c,8608,7716,1
2638,2638,0,7721,0,1,e15f,001c,8543,7721,1
2639,2639,0,7644,0,1,e134,001c,8500,7644,1
2640,2640,0,7628,0,1,e12d,001c,8493,7628,1
2641,2641,0,7657,0,1,e0d4,001c,8404,7657,1
2642,2642,0,7685,0,1,e0b3,001c,8371,7685,1
2643,2643,0,7672,0,1,e0ba,001c,8378,7672,1
2644,2644,0,7656,0,1,e078,001c,8312,7656,1
2645,2645,0,7726,0,1,e059,001c,8281,7726,1
2646,2646,0,7733,0,1,e03f,001c,8255,7733,1
2647,2647,0,7750,0,1,e018,001c,8216,7750,1
2648,2648,0,7760,0,1,1ffb,001c,8187,7760,1
2649,2649,0,7780,0,1,1ffb,001c,8187,7780,1
2650,2650,0,7816,0,1,1fdd,001c,8093,7816,1
2651,2651,0,7865,0,1,1ffd,001c,8189,7865,1
2652,2652,0,7878,0,1,1f6d,001c,8045,7878,1
2653,2653,0,7945,0,1,1f5d,001c,8029,7945,1
2654,2654,0,7961,0,1,1f1f,001c,7967,7961,1
2655,2655,0,7962,0,1,1f8f,001c,8071,7962,1
2656,2656,0,8046,0,1,1ebb,001c,7867,8046,1
2657,2657,0,8063,0,1,1e90,001c,7824,8063,1
2658,2658,0,8127,0,1,1e7c,001c,7804,8127,1
2659,2659,0,8161,0,1,1e7b,001c,7803,8161,1
2660,2660,0,8189,0,1,1e61,001c,7777,8189,1
2661,2661,0,8157,0,1,1e36,001c,7734,8157,1
2662,2662,0,8217,0,1,1e20,001c,7712,8217,1
2663,2663,0,8283,0,1,1e21,001c,7713,8283,1
2664,2664,0,8317,0,1,1e0d,001c,7693,8317,1
2665,2665,0,8362,0,1,1e1e,001c,7710,8362,1
2666,2666,0,8363,0,1,1e16,001c,7702,8363,1
2667,2667,0,8355,0,1,1dee,001c,7662,8355,1
2668,2668,0,8398,0,1,1dec,001c,7660,8398,1
2669,2669,0,8484,0,1,1dfd,001c,7677,8484,1
2670,2670,0,8485,0,1,1e00,001c,7680,8485,1
2671,2671,0,8494,0,1,1e01,001c,7681,8494,1
2672,2672,0,8538,0,1,1dee,001c,7662,8538,1
2673,2673,0,8558,0,1,1e29,001c,7721,8558,1
2674,2674,0,8600,0,1,1e36,001c,7734,8600,1
2675,2675,0,8629,0,1,1e31,001c,7729,8629,1
2676,2676,0,8654,0,1,1e38,001c,7736,8654,1
2677,2677,0,8654,0,1,1e56,001c,7766,8654,1
2678,2678,0,8643,0,1,1e75,001c,7797,8643,1
2679,2679,0,8676,0,1,1e99,001c,7833,8676,1
2680,2680,0,8701,0,1,1eba,001c,7866,8701,1
2681,2681,0,8684,0,1,1ec2,001c,7874,8684,1
2682,2682,0,8675,0,1,1ee5,001c,7909,8675,1
2683,2683,0,8674,0,1,1f2a,001c,7978,8674,1
2684,2684,0,8699,0,1,1f41,001c,8011,8699,1
2685,2685,0,8702,0,1,1f69,001c,8041,8702,1
2686,2686,0,8663,0,1,1fe9,001c,8105,8663,1
2687,2687,0,8655,0,1,1fbb,001c,8123,8655,1
2688,2688,0,8638,0,1,1fff,001c,8191,8638,1
2689,2689,0,8639,0,1,1fec,001c,8172,8639,1
2690,2690,0,8611,0,1,e00f,001c,8198,8611,1
2691,2691,0,8609,0,1,e06d,001c,8301,8609,1
2692,2692,0,8549,0,1,e04d,001c,8269,8549,1
2693,2693,0,8481,0,1,e05a,001c,8282,8481,1
2694,2694,0,8495,0,1,e083,001c,8323,8495,1
2695,2695,0,8423,0,1,e095,001c,8341,8423,1
2696,2696,0,8417,0,1,e0ed,001c,8429,8417,1
2697,2697,0,8424,0,1,e0fd,001c,8445,8424,1
2698,2698,0,8393,0,1,e0fa,001c,8442,8393,1
2699,2699,0,8329,0,1,e129,001c,8489,8329,1
2700,2700,0,8310,0,1,e159,001c,8537,8310,1
2701,2701,0,8277,0,1,e16b,001c,8555,8277,1
2702,2702,0,8263,0,1,e173,001c,8563,8263,1
2703,2703,0,8200,0,1,e179,001c,8569,8200,1
2704,2704,0,8142,0,1,e194,001c,8596,8142,1
2705,2705,0,8128,0,1,e1a3,001c,8611,8128,1
2706,2706,0,8105,0,1,e18c,001c,8588,8105,1
2707,2707,0,8058,0,1,e1ad,001c,8621,8058,1
2708,2708,0,8029,0,1,e1ad,001c,8621,8029,1
2709,2709,0,8004,0,1,e17f,001c,8575,8004,1
2710,2710,0,7978,0,1,e188,001c,8584,7978,1
2711,2711,0,7949,0,1,e198,001c,8600,7949,1
2712,2712,0,7905,0,1,e1b3,001c,8627,7905,1
2713,2713,0,7876,0,1,e18d,001c,8589,7876,1
2714,2714,0,7854,0,1,e161,001c,8545,7854,1
2715,2715,0,7855,0,1,e158,001c,8536,7855,1
2716,2716,0,7808,0,1,e15d,001c,8541,7808,1
2717,2717,0,7810,0,1,e14b,001c,8523,7810,1
2718,2718,0,7812,0,1,e12f,001c,8495,7812,1
2719,2719,0,7800,0,1,e10f,001c,8463,7800,1
2720,2720,0,7822,0,1,e1e5,001c,8431,7822,1
2721,2721,0,7832,0,1,e0f5,001c,8437,7832,1
2722,2722,0,7802,0,1,e0d7,001c,8407,7802,1
2723,2723,0,7814,0,1,e0ff,001c,8447,7814,1
2724,2724,0,7849,0,1,e0bf,001c,8383,7849,1
2725,2725,0,7826,0,1,e0db,001c,8411,7826,1
2726,2726,0,7842,0,1,e05a,001c,8282,7842,1
2727,2727,0,7854,0,1,e04e,001c,8258,7854,1
2728,2728,0,7869,0,1,e01c,001c,8220,7869,1
2729,2729,0,7896,0,1,e010,001c,8208,7896,1
2730,2730,0,7901,0,1,1fe5,001c,8165,7901,1
2731,2731,0,7945,0,1,1f9c,001c,8092,7945,1
2732,2732,0,7981,0,1,1f7a,001c,8058,7981,1
2733,2733,0,7984,0,1,1f75,001c,8053,7984,1
2734,2734,0,8021,0,1,1f73,001c,8051,8021,1
2735,2735,0,8069,0,1,1f49,001c,8009,8069,1
2736,2736,0,8065,0,1,1f09,001c,7945,8065,1
2737,2737,0,8119,0,1,1efb,001c,7931,8119,1
2738,2738,0,8118,0,1,1f05,001c,7941,8118,1
2739,2739,0,8178,0,1,1ee3,001c,7907,8178,1
2740,2740,0,8180,0,1,1eb6,001c,7862,8180,1
2741,2741,0,8202,0,1,1eb0,001c,7856,8202,1
2742,2742,0,8233,0,1,1e9c,001c,7836,8233,1
2743,2743,0,8278,0,1,1e9b,001c,7835,8278,1
2744,2744,0,8341,0,1,1e9d,001c,7837,8341,1
2745,2745,0,8376,0,1,1e7d,001c,7805,8376,1
2746,2746,0,8391,0,1,1e77,001c,7799,8391,1
2747,2747,0,8424,0,1,1e64,001c,7780,8424,1
2748,2748,0,8445,0,1,1e69,001c,7785,8445,1
2749,2749,0,8473,0,1,1e66,001c,7782,8473,1
2750,2750,0,8520,0,1,1e97,001c,7831,8520,1
2751,2751,0,8530,0,1,1e7a,001c,7802,8530,1
2752,2752,0,8543,0,1,1e7b,001c,7803,8543,1
2753,2753,0,8541,0,1,1e8a,001c,7818,8541,1
2754,2754,0,8561,0,1,1ebc,001c,7868,8561,1
2755,2755,0,8589,0,1,1edc,001c,7932,8589,1
2756,2756,0,8629,0,1,1ed3,001c,7903,8629,1
2757,2757,0,8599,0,1,1edb,001c,7899,8599,1
2758,2758,0,8616,0,1,1efb,001c,7931,8616,1
2759,2759,0,8640,0,1,1fff,001c,8191,8640,1
2760,2760,0,8656,0,1,1f7f,001c,8063,8656,1
2761,2761,0,8652,0,1,1f7b,001c,8059,8652,1
2762,2762,0,8614,0,1,1f77,001c,8054,8614,1
2763,2763,0,8628,0,1,1f77,001c,8183,8628,1
2764,2764,0,8628,0,1,1f97,001c,8087,8628,1
2765,2765,0,8596,0,1,1fad,001c,8109,8596,1
2766,2766,0,8597,0,1,1feb,001c,8171,8597,1
2767,2767,0,8579,0,1,e017,001c,8215,8579,1
2768,2768,0,8572,0,1,e03d,001c,8253,8572,1
2769,2769,0,8548,0,1,e053,001c,8275,8548,1
2770,2770,0,8559,0,1,e06e,001c,8302,8559,1
2771,2771,0,8523,0,1,e0a3,001c,8355,8523,1
2772,2772,0,8480,0,1,e0c9,001c,8393,8480,1
2773,2773,0,8450,0,1,e0e1,001c,8417,8450,1
2774,2774,0,8402,0,1,e10d,001c,8461,8402,1
2775,2775,0,8395,0,1,e10e,001c,8462,8395,1
2776,2776,0,8348,0,1,e123,001c,8483,8348,1
2777,2777,0,8304,0,1,e151,001c,8529,8304,1
2778,2778,0,8267,0,1,e169,001c,8553,8267,1
2779,2779,0,8251,0,1,e181,001c,8577,8251,1
2780,2780,0,8245,0,1,e18e,001c,8590,8245,1
2781,2781,0,8196,0,1,e19d,001c,8605,8196,1
2782,2782,0,8166,0,1,e1be,001c,8638,8166,1
2783,2783,0,8113,0,1,e1d3,001c,8659,8113,1
2784,2784,0,8070,0,1,e1a4,001c,8612,8070,1
2785,2785,0,8030,0,1,e1d1,001c,8657,8030,1
2786,2786,0,8009,0,1,e1e1,001c,8673,8009,1
2787,2787,0,7970,0,1,e1c9,001c,8649,7970,1
2788,2788,0,7898,0,1,e1c5,001c,8645,7898,1
2789,2789,0,7904,0,1,e1b9,001c,8633,7904,1
2790,2790,0,7864,0,1,e1ae,001c,8622,7864,1
2791,2791,0,7824,0,1,e1a4,001c,8614,7824,1
2792,2792,0,7839,0,1,e1a3,001c,8615,7839,1
2793,2793,0,7839,0,1,e1b7,001c,8631,7839,1
2794,2794,0,7798,0,1,e197,001c,8599,7798,1
2795,2795,0,7788,0,1,e1c7,001c,8647,7788,1
2796,2796,0,7783,0,1,e17f,001c,8575,7783,1
2797,2797,0,7732,0,1,e13f,001c,8511,7732,1
2798,2798,0,7731,0,1,e1ff,001c,8679,7731,1
2799,2799,0,7743,0,1,e0fd,001c,8445,7743,1
2800,2800,0,7725,0,1,e0d1,001c,8401,7725,1
2801,2801,0,7725,0,1,e0cb,001c,8395,7725,1
2802,2802,0,7718,0,1,e0b7,001c,8375,7718,1
2803,2803,0,7731,0,1,e070,001c,8304,7731,1
2804,2804,0,7718,0,1,e060,001c,8288,7718,1
2805,2805,0,7733,0,1,e04a,001c,8266,7733,1
2806,2806,0,7709,0,1,1ffe,001c,8190,7709,1
2807,2807,0,7751,0,1,1fcf,001c,8143,7751,1
2808,2808,0,7803,0,1,1fc8,001c,8136,7803,1
2809,2809,0,7836,0,1,1f98,001c,8088,7836,1
2810,2810,0,7807,0,1,1f74,001c,8052,7807,1
2811,2811,0,7829,0,1,1f21,001c,7969,7829,1
2812,2812,0,7861,0,1,1efb,001c,7931,7861,1
2813,2813,0,7820,0,1,1f00,001c,7936,7820,1
2814,2814,0,7941,0,1,1ee2,001c,7906,7941,1
2815,2815,0,8003,0,1,1eab,001c,7851,8003,1
2816,2816,0,7985,0,1,1ec3,001c,7875,7985,1
2817,2817,0,8032,0,1,1e92,001c,7826,8032,1
2818,2818,0,8047,0,1,1e52,001c,7762,8047,1
2819,2819,0,8047,0,1,1e3b,001c,7739,8047,1
2820,2820,0,8087,0,1,1e3d,001c,7741,8087,1
2821,2821,0,8158,0,1,1e17,001c,7703,8158,1
2822,2822,0,8169,0,1,1e0e,001c,7694,8169,1
2823,2823,0,8235,0,1,1dde,001c,7646,8235,1
2824,2824,0,8286,0,1,1deb,001c,7659,8286,1
2825,2825,0,8297,0,1,1df1,001c,7665,8297,1
2826,2826,0,8313,0,1,1df5,001c,7669,8313,1
2827,2827,0,8406,0,1,1dfe,001c,7679,8406,1
2828,2828,0,8423,0,1,1dfc,001c,7678,8423,1
2829,2829,0,8507,0,1,1ffd,001c,8189,8507,1
2830,2830,0,8528,0,1,1e2d,001c,7725,8528,1
2831,2831,0,8588,0,1,1e2d,001c,7725,8588,1
2832,2832,0,8592,0,1,1e3f,001c,7743,8592,1
2833,2833,0,8592,0,1,1e3e,001c,7710,8592,1
2834,2834,0,8599,0,1,1e2f,001c,7718,8599,1
2835,2835,0,8627,0,1,1e6f,001c,7791,8627,1
2836,2836,0,8678,0,1,1e47,001c,7751,8678,1
2837,2837,0,8672,0,1,1e58,001c,7768,8672,1
2838,2838,0,8689,0,1,1e71,001c,7793,8689,1
2839,2839,0,8714,0,1,1e92,001c,7826,8714,1
2840,2840,0,8713,0,1,1ebe,001c,7870,8713,1
2841,2841,0,8730,0,1,1ee0,001c,7904,8730,1
2842,2842,0,8767,0,1,1f1b,001c,7963,8767,1
2843,2843,0,8751,0,1,1f3f,001c,7999,8751,1
2844,2844,0,8767,0,1,1f5a,001c,8026,8767,1
2845,2845,0,8727,0,1,1f6c,001c,8044,8727,1
2846,2846,0,8692,0,1,1f8c,001c,8076,8692,1
2847,2847,0,8696,0,1,1fce,001c,8142,8696,1
2848,2848,0,8678,0,1,1fe5,001c,8165,8678,1
2849,2849,0,8676,0,1,1ff1,001c,8177,8676,1
2850,2850,0,8703,0,1,e02f,001c,8239,8703,1
2851,2851,0,8667,0,1,e073,001c,8307,8667,1
2852,2852,0,8678,0,1,e07e,001c,8318,8678,1
2853,2853,0,8668,0,1,e0c1,001c,8385,8668,1
2854,2854,0,8645,0,1,e0cd,001c,8397,8645,1
2855,2855,0,8597,0,1,e11f,001c,8479,8597,1
2856,2856,0,8598,0,1,e12e,001c,8494,8598,1
2857,2857,0,8570,0,1,e13d,001c,8509,8570,1
2858,2858,0,8511,0,1,e148,001c,8520,8511,1
2859,2859,0,8500,0,1,e187,001c,8583,8500,1
2860,2860,0,8493,0,1,e17e,001c,8574,8493,1
2861,2861,0,8432,0,1,e18e,001c,8590,8432,1
2862,2862,0,8412,0,1,e1b8,001c,8632,8412,1
2863,2863,0,8352,0,1,e1ec,001c,8700,8352,1
2864,2864,0,8327,0,1,e1e1,001c,8685,8327,1
2865,2865,0,8325,0,1,e1e9,001c,8681,8325,1
2866,2866,0,8253,0,1,e1fc,001c,8700,8253,1
2867,2867,0,8192,0,1,e1df,001c,8671,8192,1
2868,2868,0,8148,0,1,e1ff,001c,8703,8148,1
2869,2869,0,8104,0,1,e1ff,001c,8701,8104,1
2870,2870,0,8040,0,1,e1de,001c,8670,8040,1
2871,2871,0,8055,0,1,e1e5,001c,8677,8055,1
2872,2872,0,8015,0,1,e1c7,001c,8647,8015,1
2873,2873,0,7992,0,1,e1c2,001c,8642,7992,1
2874,2874,0,7954,0,1,e1a4,001c,8612,7954,1
2875,2875,0,7936,0,1,e1c4,001c,8644,7936,1
2876,2876,0,7917,0,1,e1a1,001c,8609,7917,1
2877,2877,0,7882,0,1,e17a,001c,8570,7882,1
2878,2878,0,7850,0,1,e15c,001c,8540,7850,1
2879,2879,0,7842,0,1,e14a,001c,8522,7842,1
2880,2880,0,7863,0,1,e136,001c,8502,7863,1
2881,2881,0,7831,0,1,e103,001c,8451,7831,1
2882,2882,0,7796,0,1,e0d5,001c,8405,7796,1
2883,2883,0,7779,0,1,e0e0,001c,8416,7779,1
2884,2884,0,7734,0,1,e0cb,001c,8395,7734,1
2885,2885,0,7714,0,1,e057,001c,8279,7714,1
2886,2886,0,7718,0,1,e034,001c,8244,7718,1
2887,2887,0,7719,0,1,e044,001c,8260,7719,1
2888,2888,0,7726,0,1,e01b,001c,8219,7726,1
2889,2889,0,7704,0,1,e010,001c,8208,7704,1
2890,2890,0,7743,0,1,1fd9,001c,8153,7743,1
2891,2891,0,7743,0,1,1fa7,001c,8103,7743,1
2892,2892,0,7784,0,1,1f83,001c,8067,7784,1
2893,2893,0,7776,0,1,1f75,001c,8053,7776,1
2894,2894,0,7785,0,1,1f52,001c,8018,7785,1
2895,2895,0,7818,0,1,1f17,001c,7959,7818,1
2896,2896,0,7845,0,1,1f1d,001c,7965,7845,1
2897,2897,0,7866,0,1,1ef0,001c,7920,7866,1
2898,2898,0,7867,0,1,1ebe,001c,7870,7867,1
2899,2899,0,7875,0,1,1eac,001c,7870,7875,1
2900,2900,0,7909,0,1,1ebc,001c,7868,7909,1
2901,2901,0,7961,0,1,1ebe,001c,7870,7961,1
2902,2902,0,7986,0,1,1eaf,001c,7855,7986,1
2903,2903,0,8016,0,1,1edd,001c,7901,8016,1
2904,2904,0,8051,0,1,1e5c,001c,7772,8051,1
2905,2905,0,8035,0,1,1e7c,001c,7772,8035,1
2906,2906,0,8081,0,1,1e3d,001c,7740,8081,1
2907,2907,0,8136,0,1,1e39,001c,7801,8136,1
2908,2908,0,8184,0,1,1e41,001c,7745,8184,1
2909,2909,0,8176,0,1,1e52,001c,7762,8176,1
2910,2910,0,8179,0,1,1e60,001c,7776,8179,1
2911,2911,0,8212,0,1,1e5a,001c,7770,8212,1
2912,2912,0,8257,0,1,1e62,001c,7778,8257,1
2913,2913,0,8297,0,1,1e7c,001c,7804,8297,1
2914,2914,0,8322,0,1,1e94,001c,7828,8322,1
2915,2915,0,8344,0,1,1e7e,001c,7806,8344,1
2916,2916,0,8375,0,1,1eab,001c,7851,8375,1
2917,2917,0,8420,0,1,1ebe,001c,7870,8420,1
2918,2918,0,8483,0,1,1ebe,001c,7870,8483,1
2919,2919,0,8527,0,1,1ed5,001c,7893,8527,1
2920,2920,0,8513,0,1,1efd,001c,7933,8513,1
2921,2921,0,8507,0,1,1f17,001c,7959,8507,1
2922,2922,0,8569,0,1,1f35,001c,7989,8569,1
2923,2923,0,8600,0,1,1f45,001c,8005,8600,1
2924,2924,0,8606,0,1,1f69,001c,8041,8606,1
2925,2925,0,8621,0,1,1fa9,001c,8105,8621,1
2926,2926,0,8645,0,1,1faf,001c,8111,8645,1
2927,2927,0,8628,0,1,1fd7,001c,8151,8628,1
2928,2928,0,8625,0,1,1ffe,001c,8190,8625,1
2929,2929,0,8672,0,1,e03e,001c,8254,8672,1
2930,2930,0,8677,0,1,e048,001c,8264,8677,1
2931,2931,0,8600,0,1,e05f,001c,8287,8600,1
2932,2932,0,8591,0,1,e075,001c,8309,8591,1
2933,2933,0,8602,0,1,e093,001c,8339,8602,1
2934,2934,0,8610,0,1,e0db,001c,8411,8610,1
2935,2935,0,8602,0,1,e0fa,001c,8443,8602,1
2936,2936,0,8547,0,1,e1fb,001c,8507,8547,1
2937,2937,0,8534,0,1,e11b,001c,8475,8534,1
2938,2938,0,8516,0,1,e13f,001c,8511,8516,1
2939,2939,0,8567,0,1,e13f,001c,8511,8567,1
2940,2940,0,8503,0,1,e17d,001c,8573,8503,1
2941,2941,0,8484,0,1,e15d,001c,8525,8484,1
2942,2942,0,8475,0,1,e158,001c,8664,8475,1
2943,2943,0,8402,0,1,e182,001c,8578,8402,1
2944,2944,0,8358,0,1,e186,001c,8582,8358,1
2945,2945,0,8341,0,1,e192,001c,8594,8341,1
2946,2946,0,8317,0,1,e185,001c,8581,8317,1
2947,2947,0,8263,0,1,e17c,001c,8572,8263,1
2948,2948,0,8218,0,1,e178,001c,8568,8218,1
2949,2949,0,8208,0,1,e188,001c,8584,8208,1
2950,2950,0,8180,0,1,e197,001c,8599,8180,1
2951,2951,0,8159,0,1,e169,001c,8553,8159,1
2952,2952,0,8117,0,1,e17f,001c,8575,8117,1
2953,2953,0,8081,0,1,e186,001c,8582,8081,1
2954,2954,0,8033,0,1,e163,001c,8547,8033,1
2955,2955,0,7996,0,1,e15d,001c,8541,7996,1
2956,2956,0,7998,0,1,e12c,001c,8492,7998,1
2957,2957,0,7982,0,1,e0fb,001c,8443,7982,1
2958,2958,0,7932,0,1,e0f6,001c,8438,7932,1
2959,2959,0,7860,0,1,e0df,001c,8415,7860,1
2960,2960,0,7843,0,1,e0b5,001c,8373,7843,1
2961,2961,0,7860,0,1,e082,001c,8322,7860,1
2962,2962,0,7846,0,1,e082,001c,8322,7846,1
2963,2963,0,7811,0,1,e07d,001c,8317,7811,1
2964,2964,0,7810,0,1,e03f,001c,8255,7810,1
2965,2965,0,7800,0,1,e009,001c,8201,7800,1
2966,2966,0,7772,0,1,1fec,001c,8172,7772,1
2967,2967,0,7806,0,1,1fac,001c,8108,7806,1
2968,2968,0,7778,0,1,1fb3,001c,8115,7778,1
2969,2969,0,7804,0,1,1f84,001c,8100,7804,1
2970,2970,0,7773,0,1,1f4e,001c,8014,7773,1
2971,2971,0,7773,0,1,1f2b,001c,7983,7773,1
2972,2972,0,7733,0,1,1fef,001c,8175,7733,1
2973,2973,0,7738,0,1,1eed,001c,7917,7738,1
2974,2974,0,7778,0,1,1edd,001c,7901,7778,1
2975,2975,0,7786,0,1,1efd,001c,7933,7786,1
2976,2976,0,7802,0,1,1eb1,001c,7857,7802,1
2977,2977,0,7826,0,1,1eff,001c,7921,7826,1
2978,2978,0,7830,0,1,1e6f,001c,7791,7830,1
2979,2979,0,7879,0,1,1e5a,001c,7770,7879,1
2980,2980,0,7895,0,1,1e79,001c,7801,7895,1
2981,2981,0,7908,0,1,1e54,001c,7764,7908,1
2982,2982,0,7957,0,1,1e45,001c,7749,7957,1
2983,2983,0,7968,0,1,1e33,001c,7731,7968,1
2984,2984,0,8005,0,1,1e38,001c,7736,8005,1
2985,2985,0,8059,0,1,1e34,001c,7732,8059,1
2986,2986,0,8067,0,1,1e25,001c,7717,8067,1
2987,2987,0,8101,0,1,1e1b,001c,7707,8101,1
2988,2988,0,8161,0,1,1e0e,001c,7694,8161,1
2989,2989,0,8191,0,1,1e1c,001c,7708,8191,1
2990,2990,0,8229,0,1,1e2b,001c,7723,8229,1
2991,2991,0,8276,0,1,1e4c,001c,7756,8276,1
2992,2992,0,8304,0,1,1e53,001c,7763,8304,1
2993,2993,0,8315,0,1,1e52,001c,7762,8315,1
2994,2994,0,8353,0,1,1e61,001c,7777,8353,1
2995,2995,0,8426,0,1,1e87,001c,7815,8426,1
2996,2996,0,8441,0,1,1ea6,001c,7846,8441,1
2997,2997,0,8478,0,1,1eba,001c,7866,8478,1
2998,2998,0,8505,0,1,1ed1,001c,7889,8505,1
2999,2999,0,8569,0,1,1ee8,001c,7912,8569,1
3000,3000,0,8529,0,1,1f15,001c,7957,8529,1
3001,3001,0,8567,0,1,1f4c,001c,8012,8567,1
3002,3002,0,8578,0,1,1f6c,001c,8044,8578,1
3003,3003,0,8607,0,1,1f6e,001c,8046,8607,1
3004,3004,0,8643,0,1,1f97,001c,8087,8643,1
3005,3005,0,8659,0,1,1fd0,001c,8144,8659,1
3006,3006,0,8658,0,1,1ffd,001c,8189,8658,1
3007,3007,0,8678,0,1,fff5,001c,11069,8678,1
3008,3008,0,8659,0,1,e035,001c,8245,8659,1
3009,3009,0,8688,0,1,e13d,001c,8509,8688,1
3010,3010,0,8700,0,1,e17b,001c,8571,8700,1
3011,3011,0,8686,0,1,e0fb,001c,8443,8686,1
3012,3012,0,8691,0,1,e0ff,001c,8447,8691,1
3013,3013,0,8703,0,1,e075,001c,8564,8703,1
3014,3014,0,8685,0,1,e111,001c,8529,8685,1
3015,3015,0,8687,0,1,e0e5,001c,8421,8687,1
3016,3016,0,8650,0,1,e0fe,001c,8446,8650,1
3017,3017,0,8644,0,1,e150,001c,8528,8644,1
3018,3018,0,8658,0,1,e172,001c,8562,8658,1
3019,3019,0,8631,0,1,e121,001c,8481,8631,1
3020,3020,0,8597,0,1,e139,001c,8505,8597,1
3021,3021,0,8587,0,1,e159,001c,8537,8587,1
3022,3022,0,8578,0,1,e197,001c,8599,8578,1
3023,3023,0,8542,0,1,e1d1,001c,8657,8542,1
3024,3024,0,8512,0,1,e214,001c,8724,8512,1
3025,3025,0,8475,0,1,e216,001c,8726,8475,1
3026,3026,0,8460,0,1,e1f0,001c,8688,8460,1
3027,3027,0,8433,0,1,e1db,001c,8667,8433,1
3028,3028,0,8370,0,1,e1db,001c,8667,8370,1
3029,3029,0,8317,0,1,e1f6,001c,8694,8317,1
3030,3030,0,8296,0,1,e1f2,001c,8690,8296,1
3031,3031,0,8299,0,1,e1c7,001c,8647,8299,1
3032,3032,0,8259,0,1,e1cc,001c,8652,8259,1
3033,3033,0,8232,0,1,e1b3,001c,8627,8232,1
3034,3034,0,8185,0,1,e191,001c,8593,8185,1
3035,3035,0,8145,0,1,e192,001c,8594,8145,1
3036,3036,0,8121,0,1,e179,001c,8569,8121,1
3037,3037,0,8105,0,1,e148,001c,8520,8105,1
3038,3038,0,8077,0,1,e14a,001c,8522,8077,1
3039,3039,0,8017,0,1,e0b5,001c,8373,8017,1
3040,3040,0,8016,0,1,e115,001c,8469,8016,1
3041,3041,0,7997,0,1,e0b6,001c,8374,7997,1
3042,3042,0,7981,0,1,e0ba,001c,8382,7981,1
3043,3043,0,7908,0,1,e0b2,001c,8370,7908,1
3044,3044,0,7917,0,1,e0ba,001c,8378,7917,1
3045,3045,0,7884,0,1,e0ef,001c,8431,7884,1
3046,3046,0,7846,0,1,e06f,001c,8303,7846,1
3047,3047,0,7863,0,1,e009,001c,8201,7863,1
3048,3048,0,7831,0,1,ed0f,001c,12173,7831,1
3049,3049,0,7790,0,1,1f8f,001c,8079,7790,1
3050,3050,0,7775,0,1,1fe0,001c,8160,7775,1
3051,3051,0,7756,0,1,1f82,001c,8066,7756,1
3052,3052,0,7765,0,1,1f49,001c,8009,7765,1
3053,3053,0,7752,0,1,1f0b,001c,7947,7752,1
3054,3054,0,7724,0,1,1ef9,001c,7929,7724,1
3055,3055,0,7731,0,1,1ef1,001c,7921,7731,1
3056,3056,0,7758,0,1,1ed2,001c,7890,7758,1
3057,3057,0,7760,0,1,1e9d,001c,7837,7760,1
3058,3058,0,7740,0,1,1e92,001c,7826,7740,1
3059,3059,0,7775,0,1,1e69,001c,7785,7775,1
3060,3060,0,7772,0,1,1e81,001c,7809,7772,1
3061,3061,0,7766,0,1,1e3e,001c,7742,7766,1
3062,3062,0,7800,0,1,1e57,001c,7767,7800,1
3063,3063,0,7840,0,1,1e17,001c,7703,7840,1
3064,3064,0,7851,0,1,1df0,001c,7664,7851,1
3065,3065,0,7851,0,1,1dd4,001c,7636,7851,1
3066,3066,0,7854,0,1,1e1d,001c,7709,7854,1
3067,3067,0,7919,0,1,1deb,001c,7659,7919,1
3068,3068,0,7875,0,1,1dff,001c,7679,7875,1
3069,3069,0,7913,0,1,1e0f,001c,7695,7913,1
3070,3070,0,7936,0,1,1df4,001c,7668,7936,1
3071,3071,0,8003,1,1,1de3,001c,7651,8003,1
3072,3072,0,8003,0,0,1e47,001c,7751,8003,0
3073,3073,0,8003,0,0,1e35,001c,7733,8003,0
3074,3074,0,8003,0,0,1e0a,001c,7690,8003,0
3075,3075,0,8003,0,0,1e2e,001c,7726,8003,0
3076,3076,0,8003,0,0,1e49,001c,7753,8003,0
3077,3077,0,8003,0,0,1ec5,001c,7877,8003,0
3078,3078,0,8003,0,0,1e8d,001c,7821,8003,0
3079,3079,0,8003,0,0,1ecd,001c,7885,8003,0
3080,3080,0,8003,0,0,1efd,001c,7933,8003,0
3081,3081,0,8003,0,0,1ebf,001c,7871,8003,0
3082,3082,0,8003,0,0,1eff,001c,7935,8003,0
3083,3083,0,8003,0,0,1fff,001c,8191,8003,0
3084,3084,0,8003,0,0,1f75,001c,8053,8003,0
3085,3085,0,8003,0,0,1f4d,001c,8129,8003,0
3086,3086,0,8003,0,0,1f8d,001c,8077,8003,0
3087,3087,0,8003,0,0,1fa2,001c,8098,8003,0
3088,3088,0,8003,0,0,1fd0,001c,8144,8003,0
3089,3089,0,8003,0,0,1fee,001c,8174,8003,0
3090,3090,0,8003,0,0,e00a,001c,8202,8003,0
3091,3091,0,8003,0,0,e02f,001c,8239,8003,0
3092,3092,0,8003,0,0,e057,001c,8279,8003,0
3093,3093,0,8003,0,0,e07e,001c,8318,8003,0
3094,3094,0,8003,0,0,e08f,001c,8335,8003,0
3095,3095,0,8003,0,0,e0d1,001c,8401,8003,0
3096,3096,0,8003,0,0,e0fd,001c,8445,8003,0
3097,3097,0,8003,0,0,e0e7,001c,8423,8003,0
3098,3098,0,8003,0,0,e101,001c,8449,8003,0
3099,3099,0,8003,0,0,e145,001c,8517,8003,0
3100,3100,0,8003,0,0,e141,001c,8513,8003,0
3101,3101,0,8003,0,0,e15a,001c,8538,8003,0
3102,3102,0,8003,0,0,e17f,001c,8575,8003,0
3103,3103,0,8003,0,0,e199,001c,8601,8003,0
3104,3104,0,8003,0,0,e18a,001c,8586,8003,0
3105,3105,0,8003,0,0,e24c,001c,8780,8003,0
3106,3106,0,8003,0,0,e1ad,001c,8621,8003,0
3107,3107,0,8003,0,0,e222,001c,8738,8003,0
3108,3108,0,8003,0,0,e172,001c,8562,8003,0
3109,3109,0,8003,0,0,e169,001c,8553,8003,0
3110,3110,0,8003,0,0,e195,001c,8597,8003,0
3111,3111,0,8003,0,0,e15e,001c,8542,8003,0
3112,3112,0,8003,0,0,e171,001c,8561,8003,0
3113,3113,0,8003,0,0,e153,001c,8563,8003,0
3114,3114,0,8003,0,0,e190,001c,8595,8003,0
3115,3115,0,8003,0,0,e1cc,001c,8524,8003,0
3116,3116,0,8003,0,0,e14f,001c,8527,8003,0
3117,3117,0,8003,0,0,e14f,001c,8527,8003,0
3118,3118,0,8003,0,0,e157,001c,8535,8003,0
3119,3119,0,8003,0,0,e15e,001c,8542,8003,0
3120,3120,0,8003,0,0,e1de,001c,8670,8003,0
3121,3121,0,8003,0,0,e0ea,001c,8418,8003,0
3122,3122,0,8003,0,0,e0af,001c,8367,8003,0
3123,3123,0,8003,0,0,e08b,001c,8331,8003,0
3124,3124,0,8003,0,0,e04a,001c,8266,8003,0
3125,3125,0,8003,0,0,e032,001c,8242,8003,0
3126,3126,0,8003,0,0,e02c,001c,8236,8003,0
3127,3127,0,8003,0,0,e003,001c,8195,8003,0
3128,3128,0,8003,0,0,1fdb,001c,8155,8003,0
3129,3129,0,8003,0,0,1fb6,001c,8118,8003,0
3130,3130,0,8003,0,0,1f9b,001c,8091,8003,0
3131,3131,0,8003,0,0,1f66,001c,8038,8003,0
3132,3132,0,8003,0,0,1f45,001c,8005,8003,0
3133,3133,0,8003,0,0,1f3d,001c,7997,8003,0
3134,3134,0,8003,0,0,1f08,001c,7944,8003,0
3135,3135,0,8003,0,0,1edd,001c,7901,8003,0
3136,3136,0,8003,0,0,1eca,001c,7882,8003,0
3137,3137,0,8003,0,0,1e9b,001c,7835,8003,0
3138,3138,0,8003,0,0,1e88,001c,7816,8003,0
3139,3139,0,8003,0,0,1e94,001c,7828,8003,0
3140,3140,0,8003,0,0,1e74,001c,7796,8003,0
3141,3141,0,8003,0,0,1e74,001c,7796,8003,0
3142,3142,0,8003,0,0,1e50,001c,7760,8003,0
3143,3143,0,8003,0,0,1e39,001c,7737,8003,0
3144,3144,0,8003,0,0,1e2e,001c,7726,8003,0
3145,3145,0,8003,0,0,1e25,001c,7717,8003,0
3146,3146,0,8003,0,0,1e0b,001c,7691,8003,0
3147,3147,0,8003,0,0,1e04,001c,7684,8003,0
3148,3148,0,8003,0,0,1e17,001c,7703,8003,0
3149,3149,0,8003,0,0,1e0f,001c,7711,8003,0
3150,3150,0,8003,0,0,1e1f,001c,7711,8003,0
3151,3151,0,8003,0,0,1e3f,001c,7743,8003,0
3152,3152,0,8003,0,0,1e3b,001c,7739,8003,0
3153,3153,0,8003,0,0,1e3a,001c,7738,8003,0
3154,3154,0,8003,0,0,1e79,001c,7801,8003,0
3155,3155,0,8003,0,0,1ed5,001c,7893,8003,0
3156,3156,0,8003,0,0,1e85,001c,7812,8003,0
3157,3157,0,8003,0,0,1e85,001c,7813,8003,0
3158,3158,0,8003,0,0,1eaa,001c,7850,8003,0
3159,3159,0,8003,0,0,1ebf,001c,7871,8003,0
3160,3160,0,8003,0,0,1ee9,001c,7913,8003,0
3161,3161,0,8003,0,0,1efa,001c,7930,8003,0
3162,3162,0,8003,0,0,1f05,001c,7941,8003,0
3163,3163,0,8003,0,0,1f30,001c,7984,8003,0
3164,3164,0,8003,0,0,1f4d,001c,8013,8003,0
3165,3165,0,8003,0,0,1f93,001c,8083,8003,0
3166,3166,0,8003,0,0,1fcd,001c,8141,8003,0
3167,3167,0,8003,0,0,1fcc,001c,8140,8003,0
3168,3168,0,8003,0,0,1fc8,001c,8136,8003,0
3169,3169,0,8003,0,0,e011,001c,8209,8003,0
3170,3170,0,8003,0,0,e021,001c,8225,8003,0
3171,3171,0,8003,0,0,e041,001c,8257,8003,0
3172,3172,0,8003,0,0,e05f,001c,8287,8003,0
3173,3173,0,8003,0,0,e094,001c,8340,8003,0
3174,3174,0,8003,0,0,e0c1,001c,8385,8003,0
3175,3175,0,8003,0,0,e11d,001c,8477,8003,0
3176,3176,0,8003,0,0,e117,001c,8471,8003,0
3177,3177,0,8003,0,0,e12e,001c,8494,8003,0
3178,3178,0,8003,0,0,e139,001c,8505,8003,0
3179,3179,0,8003,0,0,e13f,001c,8511,8003,0
3180,3180,0,8003,0,0,e16f,001c,8559,8003,0
3181,3181,0,8003,0,0,e179,001c,8569,8003,0
3182,3182,0,8003,0,0,e157,001c,8535,8003,0
3183,3183,0,8003,0,0,e174,001c,8564,8003,0
3184,3184,0,8003,0,0,e178,001c,8568,8003,0
3185,3185,0,8003,0,0,e168,001c,8552,8003,0
3186,3186,0,8003,0,0,e1b2,001c,8634,8003,0
3187,3187,0,8003,0,0,e197,001c,8599,8003,0
3188,3188,0,8003,0,0,e19d,001c,8605,8003,0
3189,3189,0,8003,0,0,e19f,001c,8607,8003,0
3190,3190,0,8003,0,0,e1ff,001c,8703,8003,0
3191,3191,0,8003,0,0,e1fe,001c,8694,8003,0
3192,3192,0,8003,0,0,e18a,001c,8586,8003,0
3193,3193,0,8003,0,0,e182,001c,8642,8003,0
3194,3194,0,8003,0,0,e16e,001c,8558,8003,0
3195,3195,0,8003,0,0,e154,001c,8532,8003,0
3196,3196,0,8003,0,0,e14a,001c,8522,8003,0
3197,3197,0,8003,0,0,e12e,001c,8494,8003,0
3198,3198,0,8003,0,0,e108,001c,8456,8003,0
3199,3199,0,8003,0,0,e113,001c,8467,8003,0
3200,3200,0,8003,0,0,e0f7,001c,8439,8003,0
3201,3201,0,8003,0,0,e0b5,001c,8373,8003,0
3202,3202,0,8003,0,0,e0a5,001c,8357,8003,0
3203,3203,0,8003,0,0,e095,001c,8341,8003,0
3204,3204,0,8003,0,0,e053,001c,8275,8003,0
3205,3205,0,8003,0,0,e029,001c,8233,8003,0
3206,3206,0,8003,0,0,e01e,001c,8222,8003,0
3207,3207,0,8003,0,0,1ff7,001c,8183,8003,0
3208,3208,0,8003,0,0,1fe2,001c,8162,8003,0
3209,3209,0,8003,0,0,1f9c,001c,8092,8003,0
3210,3210,0,8003,0,0,1f6e,001c,8046,8003,0
3211,3211,0,8003,0,0,1f79,001c,8057,8003,0
3212,3212,0,8003,0,0,1f42,001c,8002,8003,0
3213,3213,0,8003,0,0,1f0f,001c,7951,8003,0
3214,3214,0,8003,0,0,1f09,001c,7945,8003,0
3215,3215,0,8003,0,0,1ee5,001c,7909,8003,0
3216,3216,0,8003,0,0,1ebd,001c,7869,8003,0
3217,3217,0,8003,0,0,1e9d,001c,7837,8003,0
3218,3218,0,8003,0,0,1e89,001c,7817,8003,0
3219,3219,0,8003,0,0,1e75,001c,7797,8003,0
3220,3220,0,8003,0,0,1e60,001c,7776,8003,0
3221,3221,0,8003,0,0,1e68,001c,7784,8003,0
3222,3222,0,8003,0,0,1e39,001c,7737,8003,0
3223,3223,0,8003,0,0,1e3d,001c,7741,8003,0
3224,3224,0,8003,0,0,1e27,001c,7719,8003,0
3225,3225,0,8003,0,0,1e2f,001c,7727,8003,0
3226,3226,0,8003,0,0,1e3b,001c,7739,8003,0
3227,3227,0,8003,0,0,1e1f,001c,7705,8003,0
3228,3228,0,8003,0,0,1e27,001c,7719,8003,0
3229,3229,0,8003,0,0,1e11,001c,7697,8003,0
3230,3230,0,8003,0,0,1e10,001c,7696,8003,0
3231,3231,0,8003,0,0,1e25,001c,7717,8003,0
3232,3232,0,8003,0,0,1e3f,001c,7743,8003,0
3233,3233,0,8003,0,0,1e51,001c,7761,8003,0
3234,3234,0,8003,0,0,1e4e,001c,7758,8003,0
3235,3235,0,8003,0,0,1e63,001c,7779,8003,0
3236,3236,0,8003,0,0,1e85,001c,7813,8003,0
3237,3237,0,8003,0,0,1e8e,001c,7822,8003,0
3238,3238,0,8003,0,0,1eb8,001c,7864,8003,0
3239,3239,0,8003,0,0,1edd,001c,7901,8003,0
3240,3240,0,8003,0,0,1ef7,001c,7927,8003,0
3241,3241,0,8003,0,0,1f19,001c,7961,8003,0
3242,3242,0,8003,0,0,1f45,001c,8005,8003,0
3243,3243,0,8003,0,0,1f5b,001c,8027,8003,0
3244,3244,0,8003,0,0,1f84,001c,8068,8003,0
3245,3245,0,8003,0,0,1fc3,001c,8131,8003,0
3246,3246,0,8003,0,0,1fc6,001c,8134,8003,0
3247,3247,0,8003,0,0,1fed,001c,8173,8003,0
3248,3248,0,8003,0,0,e037,001c,8247,8003,0
3249,3249,0,8003,0,0,e046,001c,8262,8003,0
3250,3250,0,8003,0,0,e06b,001c,8299,8003,0
3251,3251,0,8003,0,0,e05f,001c,8287,8003,0
3252,3252,0,8003,0,0,e091,001c,8337,8003,0
3253,3253,0,8003,0,0,e0e6,001c,8422,8003,0
3254,3254,0,8003,0,0,e0f8,001c,8440,8003,0
3255,3255,0,8003,0,0,e11d,001c,8477,8003,0
3256,3256,0,8003,0,0,e131,001c,8497,8003,0
3257,3257,0,8003,0,0,e132,001c,8499,8003,0
3258,3258,0,8003,0,0,e173,001c,8563,8003,0
3259,3259,0,8003,0,0,e17f,001c,8575,8003,0
3260,3260,0,8003,0,0,e1ff,001c,8703,8003,0
3261,3261,0,8003,0,0,e19b,001c,8603,8003,0
3262,3262,0,8003,0,0,e19f,001c,8607,8003,0
3263,3263,0,8003,0,0,e197,001c,8597,8003,0
3264,3264,0,8003,0,0,e1f6,001c,8694,8003,0
3265,3265,0,8003,0,0,e1d4,001c,8660,8003,0
3266,3266,0,8003,0,0,e1a4,001c,8612,8003,0
3267,3267,0,8003,0,0,e1be,001c,8638,8003,0
3268,3268,0,8003,0,0,e1c0,001c,8640,8003,0
3269,3269,0,8003,0,0,e1be,001c,8638,8003,0
3270,3270,0,8003,0,0,e1c7,001c,8647,8003,0
3271,3271,0,8003,0,0,e1ab,001c,8619,8003,0
3272,3272,0,8003,0,0,e1ae,001c,8622,8003,0
3273,3273,0,8003,0,0,e18f,001c,8591,8003,0
3274,3274,0,8003,0,0,e16c,001c,8556,8003,0
3275,3275,0,8003,0,0,e157,001c,8535,8003,0
3276,3276,0,8003,0,0,e141,001c,8513,8003,0
3277,3277,0,8003,0,0,e11b,001c,8475,8003,0
3278,3278,0,8003,0,0,e105,001c,8453,8003,0
3279,3279,0,8003,0,0,e0f8,001c,8440,8003,0
3280,3280,0,8003,0,0,e0e5,001c,8421,8003,0
3281,3281,0,8003,0,0,e0d2,001c,8402,8003,0
3282,3282,0,8003,0,0,e09f,001c,8351,8003,0
3283,3283,0,8003,0,0,e03b,001c,8251,8003,0
3284,3284,0,8003,0,0,e03b,001c,8251,8003,0
3285,3285,0,8003,0,0,e056,001c,8278,8003,0
3286,3286,0,8003,0,0,e001,001c,8193,8003,0
3287,3287,0,8003,0,0,1fbd,001c,8125,8003,0
3288,3288,0,8003,0,0,1f91,001c,8081,8003,0
3289,3289,0,8003,0,0,1f85,001c,8069,8003,0
3290,3290,0,8003,0,0,1f60,001c,8032,8003,0
3291,3291,0,8003,0,0,1f3d,001c,7997,8003,0
3292,3292,0,8003,0,0,1f19,001c,7993,8003,0
3293,3293,0,8003,0,0,1ff8,001c,7929,8003,0
3294,3294,0,8003,0,0,1ef0,001c,7928,8003,0
3295,3295,0,8003,0,0,1ef2,001c,7922,8003,0
3296,3296,0,8003,0,0,1ebb,001c,7867,8003,0
3297,3297,0,8003,0,0,1ef9,001c,7929,8003,0
3298,3298,0,8003,0,0,1e7a,001c,7800,8003,0
3299,3299,0,8003,0,0,1e4f,001c,7754,8003,0
3300,3300,0,8003,0,0,1e45,001c,7749,8003,0
3301,3301,0,8003,0,0,1e3b,001c,7739,8003,0
3302,3302,0,8003,0,0,1e2c,001c,7724,8003,0
3303,3303,0,8003,0,0,1e1c,001c,7708,8003,0
3304,3304,0,8003,0,0,1df5,001c,7669,8003,0
3305,3305,0,8003,0,0,1ddf,001c,7647,8003,0
3306,3306,0,8003,0,0,1dec,001c,7660,8003,0
3307,3307,0,8003,0,0,1de9,001c,7657,8003,0
3308,3308,0,8003,0,0,1dfc,001c,7676,8003,0
3309,3309,0,8003,0,0,1dee,001c,7662,8003,0
3310,3310,0,8003,0,0,1ddd,001c,7645,8003,0
3311,3311,0,8003,0,0,1e08,001c,7688,8003,0
3312,3312,0,8003,0,0,1e08,001c,7688,8003,0
3313,3313,0,8003,0,0,1dfa,001c,7674,8003,0
3314,3314,0,8003,0,0,1e1a,001c,7706,8003,0
3315,3315,0,8003,0,0,1e4b,001c,7755,8003,0
3316,3316,0,8003,0,0,1e50,001c,7760,8003,0
3317,3317,0,8003,0,0,1e59,001c,7769,8003,0
3318,3318,0,8003,0,0,1e80,001c,7808,8003,0
3319,3319,0,8003,0,0,1eb8,001c,7864,8003,0
3320,3320,0,8003,0,0,1ec0,001c,7872,8003,0
3321,3321,0,8003,0,0,1ec1,001c,7873,8003,0
3322,3322,0,8003,0,0,1ed7,001c,7895,8003,0
3323,3323,0,8003,0,0,1f35,001c,7989,8003,0
3324,3324,0,8003,0,0,1f55,001c,8021,8003,0
3325,3325,0,8003,0,0,1f63,001c,8035,8003,0
3326,3326,0,8003,0,0,1fa7,001c,8103,8003,0
3327,3327,0,8003,0,0,1fb6,001c,8118,8003,0
3328,3328,0,8003,0,0,1ffe,001c,8190,8003,0
3329,3329,0,8003,0,0,ffd7,001c,11039,8003,0
3330,3330,0,8003,0,0,e04d,001c,8269,8003,0
3331,3331,0,8003,0,0,e05c,001c,8284,8003,0
3332,3332,0,8003,0,0,e076,001c,8310,8003,0
3333,3333,0,8003,0,0,e0e7,001c,8423,8003,0
3334,3334,0,8003,0,0,e0ef,001c,8431,8003,0
3335,3335,0,8003,0,0,e0df,001c,8413,8003,0
3336,3336,0,8003,0,0,e0f7,001c,8439,8003,0
3337,3337,0,8003,0,0,e0f5,001c,8437,8003,0
3338,3338,0,8003,0,0,e0ff,001c,8447,8003,0
3339,3339,0,8003,0,0,e138,001c,8504,8003,0
3340,3340,0,8003,0,0,e158,001c,8536,8003,0
3341,3341,0,8003,0,0,e15b,001c,8539,8003,0
3342,3342,0,8003,0,0,e19a,001c,8602,8003,0
3343,3343,0,8003,0,0,e186,001c,8582,8003,0
3344,3344,0,8003,0,0,e176,001c,8566,8003,0
3345,3345,0,8003,0,0,e1b9,001c,8633,8003,0
3346,3346,0,8003,0,0,e1b3,001c,8627,8003,0
3347,3347,0,8003,0,0,e19d,001c,8605,8003,0
3348,3348,0,8003,0,0,e1ba,001c,8634,8003,0
3349,3349,0,8003,0,0,e1a7,001c,8615,8003,0
3350,3350,0,8003,0,0,e1b9,001c,8633,8003,0
3351,3351,0,8003,0,0,e1a8,001c,8616,8003,0
3352,3352,0,8003,0,0,e183,001c,8579,8003,0
3353,3353,0,8003,0,0,e188,001c,8584,8003,0
3354,3354,0,8003,0,0,e179,001c,8569,8003,0
3355,3355,0,8003,0,0,e162,001c,8546,8003,0
3356,3356,0,8003,0,0,e164,001c,8548,8003,0
3357,3357,0,8003,0,0,e13d,001c,8509,8003,0
3358,3358,0,8003,0,0,e113,001c,8467,8003,0
3359,3359,0,8003,0,0,e107,001c,8455,8003,0
3360,3360,0,8003,0,0,e0fb,001c,8443,8003,0
3361,3361,0,8003,0,0,e0da,001c,8410,8003,0
3362,3362,0,8003,0,0,e0a5,001c,8357,8003,0
3363,3363,0,8003,0,0,e06f,001c,8303,8003,0
3364,3364,0,8003,0,0,e07f,001c,8319,8003,0
3365,3365,0,8003,0,0,e05a,001c,8287,8003,0
3366,3366,0,8003,0,0,e059,001c,8281,8003,0
3367,3367,0,8003,0,0,e011,001c,8209,8003,0
3368,3368,0,8003,0,0,1fee,001c,8174,8003,0
3369,3369,0,8003,0,0,1fff,001c,8159,8003,0
3370,3370,0,8003,0,0,1fff,001c,8191,8003,0
3371,3371,0,8003,0,0,1f7c,001c,8060,8003,0
3372,3372,0,8003,0,0,1f60,001c,8032,8003,0
3373,3373,0,8003,0,0,1f3a,001c,7994,8003,0
3374,3374,0,8003,0,0,1f15,001c,7957,8003,0
3375,3375,0,8003,0,0,1ef2,001c,7922,8003,0
3376,3376,0,8003,0,0,1edb,001c,7899,8003,0
3377,3377,0,8003,0,0,1ea6,001c,7846,8003,0
3378,3378,0,8003,0,0,1e97,001c,7831,8003,0
3379,3379,0,8003,0,0,1e96,001c,7830,8003,0
3380,3380,0,8003,0,0,1e70,001c,7792,8003,0
3381,3381,0,8003,0,0,1e54,001c,7764,8003,0
3382,3382,0,8003,0,0,1e50,001c,7760,8003,0
3383,3383,0,8003,0,0,1e41,001c,7745,8003,0
3384,3384,0,8003,0,0,1e27,001c,7719,8003,0
3385,3385,0,8003,0,0,1e1f,001c,7711,8003,0
3386,3386,0,8003,0,0,1e2a,001c,7722,8003,0
3387,3387,0,8003,0,0,1e19,001c,7705,8003,0
3388,3388,0,8003,0,0,1e10,001c,7696,8003,0
3389,3389,0,8003,0,0,1e3c,001c,7740,8003,0
3390,3390,0,8003,0,0,1e38,001c,7736,8003,0
3391,3391,0,8003,0,0,1e22,001c,7714,8003,0
3392,3392,0,8003,0,0,1e32,001c,7730,8003,0
3393,3393,0,8003,0,0,1e4d,001c,7757,8003,0
3394,3394,0,8003,0,0,1e64,001c,7780,8003,0
3395,3395,0,8003,0,0,1e84,001c,7812,8003,0
3396,3396,0,8003,0,0,1e82,001c,7810,8003,0
3397,3397,0,8003,0,0,1e9c,001c,7836,8003,0
3398,3398,0,8003,0,0,1eb6,001c,7862,8003,0
3399,3399,0,8003,0,0,1ecc,001c,7918,8003,0
3400,3400,0,8003,0,0,1f06,001c,7950,8003,0
3401,3401,0,8003,0,0,1f16,001c,7958,8003,0
3402,3402,0,8003,0,0,1f37,001c,7991,8003,0
3403,3403,0,8003,0,0,1f7d,001c,8061,8003,0
3404,3404,0,8003,0,0,1fcd,001c,8141,8003,0
3405,3405,0,8003,0,0,1faf,001c,8111,8003,0
3406,3406,0,8003,0,0,1fef,001c,8174,8003,0
3407,3407,0,8003,0,0,1fd7,001c,8151,8003,0
3408,3408,0,8003,0,0,1fe6,001c,8166,8003,0
3409,3409,0,8003,0,0,e01a,001c,8218,8003,0
3410,3410,0,8003,0,0,e017,001c,8215,8003,0
3411,3411,0,8003,0,0,e036,001c,8246,8003,0
3412,3412,0,8003,0,0,e087,001c,8327,8003,0
3413,3413,0,8003,0,0,e09c,001c,8348,8003,0
3414,3414,0,8003,0,0,e0a2,001c,8354,8003,0
3415,3415,0,8003,0,0,e0d7,001c,8407,8003,0
3416,3416,0,8003,0,0,e120,001c,8480,8003,0
3417,3417,0,8003,0,0,e120,001c,8480,8003,0
3418,3418,0,8003,0,0,e14a,001c,8522,8003,0
3419,3419,0,8003,0,0,e141,001c,8513,8003,0
3420,3420,0,8003,0,0,e18b,001c,8587,8003,0
3421,3421,0,8003,0,0,e1b2,001c,8626,8003,0
3422,3422,0,8003,0,0,e196,001c,8598,8003,0
3423,3423,0,8003,0,0,e199,001c,8601,8003,0
3424,3424,0,8003,0,0,e1a8,001c,8616,8003,0
3425,3425,0,8003,0,0,e180,001c,8576,8003,0
3426,3426,0,8003,0,0,e19c,001c,8604,8003,0
3427,3427,0,8003,0,0,e1ae,001c,8622,8003,0
3428,3428,0,8003,0,0,e1bb,001c,8635,8003,0
3429,3429,0,8003,0,0,e19c,001c,8604,8003,0
3430,3430,0,8003,0,0,e18f,001c,8591,8003,0
3431,3431,0,8003,0,0,e1a1,001c,8609,8003,0
3432,3432,0,8003,0,0,e181,001c,8577,8003,0
3433,3433,0,8003,0,0,e150,001c,8528,8003,0
3434,3434,0,8003,0,0,e137,001c,8503,8003,0
3435,3435,0,8003,0,0,e132,001c,8498,8003,0
3436,3436,0,8003,0,0,e132,001c,8498,8003,0
3437,3437,0,8003,0,0,e116,001c,8470,8003,0
3438,3438,0,8003,0,0,e1ff,001c,8703,8003,0
3439,3439,0,8003,0,0,e0ff,001c,8447,8003,0
3440,3440,0,8003,0,0,e0f7,001c,8439,8003,0
3441,3441,0,8003,0,0,e0b3,001c,8371,8003,0
3442,3442,0,8003,0,0,e0af,001c,8367,8003,0
3443,3443,0,8003,0,0,e0cc,001c,8396,8003,0
3444,3444,0,8003,0,0,e04b,001c,8267,8003,0
3445,3445,0,8003,0,0,e020,001c,8224,8003,0
3446,3446,0,8003,0,0,e008,001c,8200,8003,0
3447,3447,0,8003,0,0,1fc6,001c,8134,8003,0
3448,3448,0,8003,0,0,1f7e,001c,8062,8003,0
3449,3449,0,8003,0,0,1f5d,001c,8029,8003,0
3450,3450,0,8003,0,0,1f49,001c,8009,8003,0
3451,3451,0,8003,0,0,1f45,001c,8005,8003,0
3452,3452,0,8003,0,0,1f15,001c,7957,8003,0
3453,3453,0,8003,0,0,1eec,001c,7916,8003,0
3454,3454,0,8003,0,0,1ee5,001c,7909,8003,0
3455,3455,0,8003,0,0,1edb,001c,7899,8003,0
3456,3456,0,8003,0,0,1ea3,001c,7843,8003,0
3457,3457,0,8003,0,0,1e79,001c,7801,8003,0
3458,3458,0,8003,0,0,1e67,001c,7783,8003,0
3459,3459,0,8003,0,0,1e3d,001c,7741,8003,0
3460,3460,0,8003,0,0,1e29,001c,7721,8003,0
3461,3461,0,8003,0,0,1e1c,001c,7708,8003,0
3462,3462,0,8003,0,0,1e12,001c,7698,8003,0
3463,3463,0,8003,0,0,1e01,001c,7681,8003,0
3464,3464,0,8003,0,0,1dfc,001c,7676,8003,0
3465,3465,0,8003,0,0,1de7,001c,7655,8003,0
3466,3466,0,8003,0,0,1df7,001c,7671,8003,0
3467,3467,0,8003,0,0,1de7,001c,7655,8003,0
3468,3468,0,8003,0,0,1dd6,001c,7638,8003,0
3469,3469,0,8003,0,0,1e04,001c,7684,8003,0
3470,3470,0,8003,0,0,1de2,001c,7650,8003,0
3471,3471,0,8003,0,0,1df7,001c,7671,8003,0
3472,3472,0,8003,0,0,1f92,001c,7959,8003,0
3473,3473,0,8003,0,0,1e03,001c,7683,8003,0
3474,3474,0,8003,0,0,1e17,001c,7703,8003,0
3475,3475,0,8003,0,0,1e35,001c,7733,8003,0
3476,3476,0,8003,0,0,1e75,001c,7797,8003,0
3477,3477,0,8003,0,0,1ee3,001c,7905,8003,0
3478,3478,0,8003,0,0,1e82,001c,7810,8003,0
3479,3479,0,8003,0,0,1ea0,001c,7840,8003,0
3480,3480,0,8003,0,0,1e9d,001c,7837,8003,0
3481,3481,0,8003,0,0,1eda,001c,7898,8003,0
3482,3482,0,8003,0,0,1f0a,001c,7946,8003,0
3483,3483,0,8003,0,0,1efb,001c,7931,8003,0
3484,3484,0,8003,0,0,1f31,001c,7985,8003,0
3485,3485,0,8003,0,0,1f84,001c,8068,8003,0
3486,3486,0,8003,0,0,1f97,001c,8087,8003,0
3487,3487,0,8003,0,0,1fae,001c,8110,8003,0
3488,3488,0,8003,0,0,1fd5,001c,8149,8003,0
3489,3489,0,8003,0,0,1ffc,001c,8188,8003,0
3490,3490,0,8003,0,0,e037,001c,8247,8003,0
3491,3491,0,8003,0,0,e05c,001c,8284,8003,0
3492,3492,0,8003,0,0,e073,001c,8307,8003,0
3493,3493,0,8003,0,0,e0a7,001c,8359,8003,0
3494,3494,0,8003,0,0,e0c7,001c,8391,8003,0
3495,3495,0,8003,0,0,e0dc,001c,8412,8003,0
3496,3496,0,8003,0,0,e0f5,001c,8437,8003,0
3497,3497,0,8003,0,0,e114,001c,8468,8003,0
3498,3498,0,8003,0,0,e133,001c,8499,8003,0
3499,3499,0,8003,0,0,e162,001c,8546,8003,0
3500,3500,0,8003,0,0,e168,001c,8552,8003,0
3501,3501,0,8003,0,0,e183,001c,8579,8003,0
3502,3502,0,8003,0,0,e1a9,001c,8617,8003,0
3503,3503,0,8003,0,0,e198,001c,8600,8003,0
3504,3504,0,8003,0,0,e1b4,001c,8628,8003,0
3505,3505,0,8003,0,0,e1c9,001c,8649,8003,0
3506,3506,0,8003,0,0,e1c9,001c,8649,8003,0
3507,3507,0,8003,0,0,e1ca,001c,8651,8003,0
3508,3508,0,8003,0,0,e1d7,001c,8671,8003,0
3509,3509,0,8003,0,0,e1f7,001c,8695,8003,0
3510,3510,0,8003,0,0,e1ee,001c,8686,8003,0
3511,3511,0,8003,0,0,e1de,001c,8670,8003,0
3512,3512,0,8003,0,0,e1f8,001c,8696,8003,0
3513,3513,0,8003,0,0,e1be,001c,8636,8003,0
3514,3514,0,8003,0,0,e197,001c,8598,8003,0
3515,3515,0,8003,0,0,e193,001c,8595,8003,0
3516,3516,0,8003,0,0,e180,001c,8576,8003,0
3517,3517,0,8003,0,0,e17a,001c,8570,8003,0
3518,3518,0,8003,0,0,e167,001c,8551,8003,0
3519,3519,0,8003,0,0,e128,001c,8488,8003,0
3520,3520,0,8003,0,0,e104,001c,8452,8003,0
3521,3521,0,8003,0,0,e0f8,001c,8440,8003,0
3522,3522,0,8003,0,0,e0df,001c,8415,8003,0
3523,3523,0,8003,0,0,e0c2,001c,8386,8003,0
3524,3524,0,8003,0,0,e09b,001c,8347,8003,0
3525,3525,0,8003,0,0,e05f,001c,8287,8003,0
3526,3526,0,8003,0,0,e050,001c,8272,8003,0
3527,3527,0,8003,0,0,e045,001c,8261,8003,0
3528,3528,0,8003,0,0,1fef,001c,8175,8003,0
3529,3529,0,8003,0,0,1fcc,001c,8140,8003,0
3530,3530,0,8003,0,0,1fea,001c,8170,8003,0
3531,3531,0,8003,0,0,1fa4,001c,8100,8003,0
3532,3532,0,8003,0,0,1f55,001c,8021,8003,0
3533,3533,0,8003,0,0,1f54,001c,8020,8003,0
3534,3534,0,8003,0,0,1f29,001c,7977,8003,0
3535,3535,0,8003,0,0,1f14,001c,7956,8003,0
3536,3536,0,8003,0,0,1ef8,001c,7928,8003,0
3537,3537,0,8003,0,0,1ebb,001c,7867,8003,0
3538,3538,0,8003,0,0,1eb1,001c,7857,8003,0
3539,3539,0,8003,0,0,1ea3,001c,7843,8003,0
3540,3540,0,8003,0,0,1e6e,001c,7790,8003,0
3541,3541,0,8003,0,0,1e55,001c,7765,8003,0
3542,3542,0,8003,0,0,1e67,001c,7783,8003,0
3543,3543,0,8003,0,0,1e60,001c,7777,8003,0
3544,3544,0,8003,0,0,1e64,001c,7780,8003,0
3545,3545,0,8003,0,0,1e74,001c,7796,8003,0
3546,3546,0,8003,0,0,1e36,001c,7734,8003,0
3547,3547,0,8003,0,0,1e7f,001c,7807,8003,0
3548,3548,0,8003,0,0,1e4d,001c,7757,8003,0
3549,3549,0,8003,0,0,1e7d,001c,7805,8003,0
3550,3550,0,8003,0,0,1e3f,001c,7741,8003,0
3551,3551,0,8003,0,0,1e3a,001c,7738,8003,0
3552,3552,0,8003,0,0,1e32,001c,7730,8003,0
3553,3553,0,8003,0,0,1e45,001c,7749,8003,0
3554,3554,0,8003,0,0,1e8b,001c,7819,8003,0
3555,3555,0,8003,0,0,1ea1,001c,7841,8003,0
3556,3556,0,8003,0,0,1e60,001c,7776,8003,0
3557,3557,0,8003,0,0,1e8f,001c,7823,8003,0
3558,3558,0,8003,0,0,1eab,001c,7851,8003,0
3559,3559,0,8003,0,0,1ed0,001c,7888,8003,0
3560,3560,0,8003,0,0,1eea,001c,7914,8003,0
3561,3561,0,8003,0,0,1ef6,001c,7926,8003,0
3562,3562,0,8003,0,0,1f28,001c,7976,8003,0
3563,3563,0,8003,0,0,1f2f,001c,7983,8003,0
3564,3564,0,8003,0,0,1f57,001c,8023,8003,0
3565,3565,0,8003,0,0,1f9a,001c,8090,8003,0
3566,3566,0,8003,0,0,1fc1,001c,8129,8003,0
3567,3567,0,8003,0,0,1fb6,001c,8118,8003,0
3568,3568,0,8003,0,0,1fca,001c,8138,8003,0
3569,3569,0,8003,0,0,1fe6,001c,8166,8003,0
3570,3570,0,8003,0,0,e02e,001c,8238,8003,0
3571,3571,0,8003,0,0,e067,001c,8295,8003,0
3572,3572,0,8003,0,0,e06b,001c,8299,8003,0
3573,3573,0,8003,0,0,e09f,001c,8351,8003,0
3574,3574,0,8003,0,0,e0a5,001c,8357,8003,0
3575,3575,0,8003,0,0,e0ce,001c,8398,8003,0
3576,3576,0,8003,0,0,e0ef,001c,8431,8003,0
3577,3577,0,8003,0,0,e109,001c,8457,8003,0
3578,3578,0,8003,0,0,e128,001c,8488,8003,0
3579,3579,0,8003,0,0,e134,001c,8508,8003,0
3580,3580,0,8003,0,0,e17e,001c,8574,8003,0
3581,3581,0,8003,0,0,e17e,001c,8574,8003,0
3582,3582,0,8003,0,0,e1f6,001c,8694,8003,0
3583,3583,0,8003,0,0,e1d7,001c,8663,8003,0
3584,3584,0,8003,0,0,e157,001c,8535,8003,0
3585,3585,0,8003,0,0,e15d,001c,8540,8003,0
3586,3586,0,8003,0,0,e17d,001c,8573,8003,0
3587,3587,0,8003,0,0,e196,001c,8598,8003,0
3588,3588,0,8003,0,0,e18f,001c,8591,8003,0
3589,3589,0,8003,0,0,e17e,001c,8574,8003,0
3590,3590,0,8003,0,0,e16a,001c,8554,8003,0
3591,3591,0,8003,0,0,e18c,001c,8588,8003,0
3592,3592,0,8003,0,0,e192,001c,8594,8003,0
3593,3593,0,8003,0,0,e165,001c,8549,8003,0
3594,3594,0,8003,0,0,e136,001c,8502,8003,0
3595,3595,0,8003,0,0,e141,001c,8513,8003,0
3596,3596,0,8003,0,0,e117,001c,8471,8003,0
3597,3597,0,8003,0,0,e119,001c,8473,8003,0
3598,3598,0,8003,0,0,e0f4,001c,8436,8003,0
3599,3599,0,8003,0,0,e0be,001c,8382,8003,0
3600,3600,0,8003,0,0,e0b6,001c,8374,8003,0
3601,3601,0,8003,0,0,e076,001c,8310,8003,0
3602,3602,0,8003,0,0,e066,001c,8294,8003,0
3603,3603,0,8003,0,0,e053,001c,8275,8003,0
3604,3604,0,8003,0,0,e029,001c,8233,8003,0
3605,3605,0,8003,0,0,e01d,001c,8221,8003,0
3606,3606,0,8003,0,0,1fe6,001c,8166,8003,0
3607,3607,0,8003,0,0,1fb0,001c,8112,8003,0
3608,3608,0,8003,0,0,1fa6,001c,8102,8003,0
3609,3609,0,8003,0,0,1f8f,001c,8079,8003,0
3610,3610,0,8003,0,0,1f54,001c,8020,8003,0
3611,3611,0,8003,0,0,1f19,001c,7961,8003,0
3612,3612,0,8003,0,0,1f27,001c,7975,8003,0
3613,3613,0,8003,0,0,1ef4,001c,7924,8003,0
3614,3614,0,8003,0,0,1ebf,001c,7871,8003,0
3615,3615,0,8003,0,0,1ebc,001c,7871,8003,0
3616,3616,0,8003,0,0,1e9f,001c,7839,8003,0
3617,3617,0,8003,0,0,1e8f,001c,7823,8003,0
3618,3618,0,8003,0,0,1efd,001c,7933,8003,0
3619,3619,0,8003,0,0,1e75,001c,7797,8003,0
3620,3620,0,8003,0,0,1e75,001c,7797,8003,0
3621,3621,0,8003,0,0,1e71,001c,7793,8003,0
3622,3622,0,8003,0,0,1e31,001c,7729,8003,0
3623,3623,0,8003,0,0,1e00,001c,7680,8003,0
3624,3624,0,8003,0,0,1e19,001c,7705,8003,0
3625,3625,0,8003,0,0,1e26,001c,7718,8003,0
3626,3626,0,8003,0,0,1e22,001c,7714,8003,0
3627,3627,0,8003,0,0,1e2b,001c,7723,8003,0
3628,3628,0,8003,0,0,1e05,001c,7685,8003,0
3629,3629,0,8003,0,0,1e1c,001c,7708,8003,0
3630,3630,0,8003,0,0,1e13,001c,7699,8003,0
3631,3631,0,8003,0,0,1e30,001c,7728,8003,0
3632,3632,0,8003,0,0,1e56,001c,7766,8003,0
3633,3633,0,8003,0,0,1e62,001c,7778,8003,0
3634,3634,0,8003,0,0,1e49,001c,7753,8003,0
3635,3635,0,8003,0,0,1e6c,001c,7788,8003,0
3636,3636,0,8003,0,0,1ea2,001c,7842,8003,0
3637,3637,0,8003,0,0,1ea0,001c,7840,8003,0
3638,3638,0,8003,0,0,1eaa,001c,7850,8003,0
3639,3639,0,8003,0,0,1edc,001c,7900,8003,0
3640,3640,0,8003,0,0,1f0a,001c,7946,8003,0
3641,3641,0,8003,0,0,1f27,001c,7975,8003,0
3642,3642,0,8003,0,0,1f44,001c,8004,8003,0
3643,3643,0,8003,0,0,1f65,001c,8037,8003,0
3644,3644,0,8003,0,0,1f86,001c,8070,8003,0
3645,3645,0,8003,0,0,1fbb,001c,8123,8003,0
3646,3646,0,8003,0,0,1ff2,001c,8178,8003,0
3647,3647,0,8003,0,0,1ffd,001c,8189,8003,0
3648,3648,0,8003,0,0,e023,001c,8227,8003,0
3649,3649,0,8003,0,0,e040,001c,8288,8003,0
3650,3650,0,8003,0,0,e071,001c,8305,8003,0
3651,3651,0,8003,0,0,e0fe,001c,8447,8003,0
3652,3652,0,8003,0,0,e0fe,001c,8382,8003,0
3653,3653,0,8003,0,0,e0fd,001c,8445,8003,0
3654,3654,0,8003,0,0,e1f7,001c,8695,8003,0
3655,3655,0,8003,0,0,e11f,001c,8479,8003,0
3656,3656,0,8003,0,0,e13f,001c,8511,8003,0
3657,3657,0,8003,0,0,e176,001c,8566,8003,0
3658,3658,0,8003,0,0,e16c,001c,8548,8003,0
3659,3659,0,8003,0,0,e178,001c,8568,8003,0
3660,3660,0,8003,0,0,e18d,001c,8589,8003,0
3661,3661,0,8003,0,0,e1af,001c,8623,8003,0
3662,3662,0,8003,0,0,e1ba,001c,8634,8003,0
3663,3663,0,8003,0,0,e1d0,001c,8656,8003,0
3664,3664,0,8003,0,0,e1cf,001c,8655,8003,0
3665,3665,0,8003,0,0,e1dc,001c,8668,8003,0
3666,3666,0,8003,0,0,e1e4,001c,8676,8003,0
3667,3667,0,8003,0,0,e1fd,001c,8701,8003,0
3668,3668,0,8003,0,0,e1f3,001c,8691,8003,0
3669,3669,0,8003,0,0,e1e3,001c,8675,8003,0
3670,3670,0,8003,0,0,e1da,001c,8666,8003,0
3671,3671,0,8003,0,0,e1d8,001c,8664,8003,0
3672,3672,0,8003,0,0,e1ac,001c,8620,8003,0
3673,3673,0,8003,0,0,e1b4,001c,8628,8003,0
3674,3674,0,8003,0,0,e1b6,001c,8630,8003,0
3675,3675,0,8003,0,0,e195,001c,8597,8003,0
3676,3676,0,8003,0,0,e16f,001c,8559,8003,0
3677,3677,0,8003,0,0,e153,001c,8531,8003,0
3678,3678,0,8003,0,0,e145,001c,8517,8003,0
3679,3679,0,8003,0,0,e14c,001c,8524,8003,0
3680,3680,0,8003,0,0,e112,001c,8466,8003,0
3681,3681,0,8003,0,0,e0f6,001c,8438,8003,0
3682,3682,0,8003,0,0,e0c6,001c,8390,8003,0
3683,3683,0,8003,0,0,e091,001c,8337,8003,0
3684,3684,0,8003,0,0,e062,001c,8290,8003,0
3685,3685,0,8003,0,0,e02b,001c,8235,8003,0
3686,3686,0,8003,0,0,e029,001c,8235,8003,0
3687,3687,0,8003,0,0,e01a,001c,8219,8003,0
3688,3688,0,8003,0,0,ffde,001c,16346,8003,0
3689,3689,0,8003,0,0,1ff6,001c,8182,8003,0
3690,3690,0,8003,0,0,1fb6,001c,8118,8003,0
3691,3691,0,8003,0,0,1fff,001c,8190,8003,0
3692,3692,0,8003,0,0,1f7f,001c,8061,8003,0
3693,3693,0,8003,0,0,1fdf,001c,8147,8003,0
3694,3694,0,8003,0,0,1eff,001c,7935,8003,0
3695,3695,0,8003,0,0,1ee7,001c,7911,8003,0
3696,3696,0,8003,0,0,1ee2,001c,7906,8003,0
3697,3697,0,8003,0,0,1eae,001c,7854,8003,0
3698,3698,0,8003,0,0,1e6f,001c,7791,8003,0
3699,3699,0,8003,0,0,1e78,001c,7800,8003,0
3700,3700,0,8003,0,0,1e62,001c,7778,8003,0
3701,3701,0,8003,0,0,1e5e,001c,7774,8003,0
3702,3702,0,8003,0,0,1e47,001c,7751,8003,0
3703,3703,0,8003,0,0,1e28,001c,7720,8003,0
3704,3704,0,8003,0,0,1e31,001c,7729,8003,0
3705,3705,0,8003,0,0,1e10,001c,7696,8003,0
3706,3706,0,8003,0,0,1e20,001c,7712,8003,0
3707,3707,0,8003,0,0,1e1b,001c,7707,8003,0
3708,3708,0,8003,0,0,1dfe,001c,7678,8003,0
3709,3709,0,8003,0,0,1e01,001c,7681,8003,0
3710,3710,0,8003,0,0,1de5,001c,7653,8003,0
3711,3711,0,8003,0,0,1deb,001c,7659,8003,0
3712,3712,0,8003,0,0,1e04,001c,7684,8003,0
3713,3713,0,8003,0,0,1e22,001c,7714,8003,0
3714,3714,0,8003,0,0,1e1e,001c,7710,8003,0
3715,3715,0,8003,0,0,1e35,001c,7733,8003,0
3716,3716,0,8003,0,0,1e61,001c,7777,8003,0
3717,3717,0,8003,0,0,1e70,001c,7792,8003,0
3718,3718,0,8003,0,0,1ea7,001c,7847,8003,0
3719,3719,0,8003,0,0,1e8b,001c,7819,8003,0
3720,3720,0,8003,0,0,1eba,001c,7866,8003,0
3721,3721,0,8003,0,0,1eee,001c,7918,8003,0
3722,3722,0,8003,0,0,1eec,001c,7918,8003,0
3723,3723,0,8003,0,0,1ffe,001c,7998,8003,0
3724,3724,0,8003,0,0,1f5e,001c,8030,8003,0
3725,3725,0,8003,0,0,1f77,001c,8055,8003,0
3726,3726,0,8003,0,0,1ff7,001c,8183,8003,0
3727,3727,0,8003,0,0,1fde,001c,8158,8003,0
3728,3728,0,8003,0,0,1ffa,001c,8154,8003,0
3729,3729,0,8003,0,0,1ff2,001c,8178,8003,0
3730,3730,0,8003,0,0,e01f,001c,8223,8003,0
3731,3731,0,8003,0,0,e03f,001c,8255,8003,0
3732,3732,0,8003,0,0,e05f,001c,8287,8003,0
3733,3733,0,8003,0,0,e06f,001c,8303,8003,0
3734,3734,0,8003,0,0,e086,001c,8326,8003,0
3735,3735,0,8003,0,0,e097,001c,8343,8003,0
3736,3736,0,8003,0,0,e0b0,001c,8368,8003,0
3737,3737,0,8003,0,0,e0f1,001c,8433,8003,0
3738,3738,0,8003,0,0,e108,001c,8456,8003,0
3739,3739,0,8003,0,0,e115,001c,8469,8003,0
3740,3740,0,8003,0,0,e139,001c,8505,8003,0
3741,3741,0,8003,0,0,e174,001c,8564,8003,0
3742,3742,0,8003,0,0,e185,001c,8581,8003,0
3743,3743,0,8003,0,0,e184,001c,8580,8003,0
3744,3744,0,8003,0,0,e188,001c,8584,8003,0
3745,3745,0,8003,0,0,e192,001c,8594,8003,0
3746,3746,0,8003,0,0,e1a7,001c,8615,8003,0
3747,3747,0,8003,0,0,e198,001c,8600,8003,0
3748,3748,0,8003,0,0,e19e,001c,8606,8003,0
3749,3749,0,8003,0,0,e185,001c,8581,8003,0
3750,3750,0,8003,0,0,e170,001c,8560,8003,0
3751,3751,0,8003,0,0,e1b1,001c,8625,8003,0
3752,3752,0,8003,0,0,e178,001c,8568,8003,0
3753,3753,0,8003,0,0,e17b,001c,8571,8003,0
3754,3754,0,8003,0,0,e16e,001c,8558,8003,0
3755,3755,0,8003,0,0,e172,001c,8562,8003,0
3756,3756,0,8003,0,0,e14b,001c,8523,8003,0
3757,3757,0,8003,0,0,e12f,001c,8495,8003,0
3758,3758,0,8003,0,0,e13f,001c,8511,8003,0
3759,3759,0,8003,0,0,e113,001c,8479,8003,0
3760,3760,0,8003,0,0,e1d7,001c,8663,8003,0
3761,3761,0,8003,0,0,e0f7,001c,8439,8003,0
3762,3762,0,8003,0,0,e0ff,001c,8447,8003,0
3763,3763,0,8003,0,0,e07f,001c,8319,8003,0
3764,3764,0,8003,0,0,e0ef,001c,8429,8003,0
3765,3765,0,8003,0,0,e0b6,001c,8374,8003,0
3766,3766,0,8003,0,0,e04d,001c,8269,8003,0
3767,3767,0,8003,0,0,e029,001c,8233,8003,0
3768,3768,0,8003,0,0,e024,001c,8228,8003,0
3769,3769,0,8003,0,0,1fcc,001c,8140,8003,0
3770,3770,0,8003,0,0,1fb6,001c,8118,8003,0
3771,3771,0,8003,0,0,1f97,001c,8087,8003,0
3772,3772,0,8003,0,0,1f81,001c,8065,8003,0
3773,3773,0,8003,0,0,1f75,001c,8053,8003,0
3774,3774,0,8003,0,0,1f48,001c,8008,8003,0
3775,3775,0,8003,0,0,1f33,001c,7987,8003,0
3776,3776,0,8003,0,0,1f0d,001c,7949,8003,0
3777,3777,0,8003,0,0,1edb,001c,7899,8003,0
3778,3778,0,8003,0,0,1ee2,001c,7906,8003,0
3779,3779,0,8003,0,0,1eed,001c,7917,8003,0
3780,3780,0,8003,0,0,1ebc,001c,7868,8003,0
3781,3781,0,8003,0,0,1e86,001c,7814,8003,0
3782,3782,0,8003,0,0,1e86,001c,7814,8003,0
3783,3783,0,8003,0,0,1e77,001c,7799,8003,0
3784,3784,0,8003,0,0,1e46,001c,7750,8003,0
3785,3785,0,8003,0,0,1e76,001c,7798,8003,0
3786,3786,0,8003,0,0,1e77,001c,7799,8003,0
3787,3787,0,8003,0,0,1e60,001c,7776,8003,0
3788,3788,0,8003,0,0,1e6d,001c,7789,8003,0
3789,3789,0,8003,0,0,1e60,001c,7776,8003,0
3790,3790,0,8003,0,0,1e80,001c,7808,8003,0
3791,3791,0,8003,0,0,1e78,001c,7800,8003,0
3792,3792,0,8003,0,0,1e6d,001c,7789,8003,0
3793,3793,0,8003,0,0,1eaf,001c,7855,8003,0
3794,3794,0,8003,0,0,1e91,001c,7839,8003,0
3795,3795,0,8003,0,0,1ebf,001c,7871,8003,0
3796,3796,0,8003,0,0,1ebe,001c,7870,8003,0
3797,3797,0,8003,0,0,1ebe,001c,7870,8003,0
3798,3798,0,8003,0,0,1efe,001c,7934,8003,0
3799,3799,0,8003,0,0,1fde,001c,8156,8003,0
3800,3800,0,8003,0,0,1f1e,001c,7966,8003,0
3801,3801,0,8003,0,0,1f71,001c,8049,8003,0
3802,3802,0,8003,0,0,1f71,001c,8049,8003,0
3803,3803,0,8003,0,0,1f79,001c,8057,8003,0
3804,3804,0,8003,0,0,1f98,001c,8088,8003,0
3805,3805,0,8003,0,0,1fbc,001c,8124,8003,0
3806,3806,0,8003,0,0,1fcf,001c,8143,8003,0
3807,3807,0,8003,0,0,e00e,001c,8206,8003,0
3808,3808,0,8003,0,0,e049,001c,8265,8003,0
3809,3809,0,8003,0,0,e04d,001c,8269,8003,0
3810,3810,0,8003,0,0,e08c,001c,8332,8003,0
3811,3811,0,8003,0,0,e0af,001c,8367,8003,0
3812,3812,0,8003,0,0,e0da,001c,8410,8003,0
3813,3813,0,8003,0,0,e0f3,001c,8435,8003,0
3814,3814,0,8003,0,0,e0f1,001c,8433,8003,0
3815,3815,0,8003,0,0,e118,001c,8472,8003,0
3816,3816,0,8003,0,0,e13d,001c,8509,8003,0
3817,3817,0,8003,0,0,e16c,001c,8556,8003,0
3818,3818,0,8003,0,0,e17b,001c,8571,8003,0
3819,3819,0,8003,0,0,e19c,001c,8604,8003,0
3820,3820,0,8003,0,0,e1d3,001c,8659,8003,0
3821,3821,0,8003,0,0,e1c2,001c,8642,8003,0
3822,3822,0,8003,0,0,e1ba,001c,8634,8003,0
3823,3823,0,8003,0,0,e1c6,001c,8646,8003,0
3824,3824,0,8003,0,0,e1d1,001c,8657,8003,0
3825,3825,0,8003,0,0,e1d6,001c,8662,8003,0
3826,3826,0,8003,0,0,e1e7,001c,8679,8003,0
3827,3827,0,8003,0,0,e1e7,001c,8679,8003,0
3828,3828,0,8003,0,0,e1e1,001c,8673,8003,0
3829,3829,0,8003,0,0,e1ba,001c,8635,8003,0
3830,3830,0,8003,0,0,e1bf,001c,8639,8003,0
3831,3831,0,8003,0,0,e1bf,001c,8639,8003,0
3832,3832,0,8003,0,0,e1af,001c,8623,8003,0
3833,3833,0,8003,0,0,e1bf,001c,8639,8003,0
3834,3834,0,8003,0,0,e197,001c,8599,8003,0
3835,3835,0,8003,0,0,e1f5,001c,8660,8003,0
3836,3836,0,8003,0,0,e17d,001c,8565,8003,0
3837,3837,0,8003,0,0,e14c,001c,8524,8003,0
3838,3838,0,8003,0,0,e13c,001c,8508,8003,0
3839,3839,0,8003,0,0,e11f,001c,8479,8003,0
3840,3840,0,8003,0,0,e0f6,001c,8438,8003,0
3841,3841,0,8003,0,0,e0f1,001c,8433,8003,0
3842,3842,0,8003,0,0,e0b5,001c,8373,8003,0
3843,3843,0,8003,0,0,e099,001c,8345,8003,0
3844,3844,0,8003,0,0,e08b,001c,8331,8003,0
3845,3845,0,8003,0,0,e056,001c,8278,8003,0
3846,3846,0,8003,0,0,e024,001c,8228,8003,0
3847,3847,0,8003,0,0,1fe2,001c,8162,8003,0
3848,3848,0,8003,0,0,1fe5,001c,8165,8003,0
3849,3849,0,8003,0,0,1fcb,001c,8139,8003,0
3850,3850,0,8003,0,0,1f8d,001c,8077,8003,0
3851,3851,0,8003,0,0,1f57,001c,8023,8003,0
3852,3852,0,8003,0,0,1f42,001c,8002,8003,0
3853,3853,0,8003,0,0,1f16,001c,7958,8003,0
3854,3854,0,8003,0,0,1ef2,001c,7922,8003,0
3855,3855,0,8003,0,0,1ec8,001c,7880,8003,0
3856,3856,0,8003,0,0,1eaa,001c,7850,8003,0
3857,3857,0,8003,0,0,1e97,001c,7831,8003,0
3858,3858,0,8003,0,0,1e7d,001c,7805,8003,0
3859,3859,0,8003,0,0,1e6c,001c,7788,8003,0
3860,3860,0,8003,0,0,1e52,001c,7762,8003,0
3861,3861,0,8003,0,0,1e18,001c,7704,8003,0
3862,3862,0,8003,0,0,1e21,001c,7713,8003,0
3863,3863,0,8003,0,0,1e05,001c,7685,8003,0
3864,3864,0,8003,0,0,1ff8,001c,7673,8003,0
3865,3865,0,8003,0,0,1f3e,001c,7742,8003,0
3866,3866,0,8003,0,0,1e06,001c,7694,8003,0
3867,3867,0,8003,0,0,1e0f,001c,7695,8003,0
3868,3868,0,8003,0,0,1fff,001c,8187,8003,0
3869,3869,0,8003,0,0,1dfe,001c,7678,8003,0
3870,3870,0,8003,0,0,1dea,001c,7658,8003,0
3871,3871,0,8003,0,0,1e56,001c,7766,8003,0
3872,3872,0,8003,0,0,1e4c,001c,7744,8003,0
3873,3873,0,8003,0,0,1e1e,001c,7710,8003,0
3874,3874,0,8003,0,0,1e25,001c,7717,8003,0
3875,3875,0,8003,0,0,1e31,001c,7729,8003,0
3876,3876,0,8003,0,0,1e5b,001c,7771,8003,0
3877,3877,0,8003,0,0,1e95,001c,7829,8003,0
3878,3878,0,8003,0,0,1e87,001c,7815,8003,0
3879,3879,0,8003,0,0,1e9a,001c,7834,8003,0
3880,3880,0,8003,0,0,1ed3,001c,7891,8003,0
3881,3881,0,8003,0,0,1ee3,001c,7907,8003,0
3882,3882,0,8003,0,0,1f1e,001c,7966,8003,0
3883,3883,0,8003,0,0,1f5d,001c,8029,8003,0
3884,3884,0,8003,0,0,1f43,001c,8003,8003,0
3885,3885,0,8003,0,0,1f81,001c,8065,8003,0
3886,3886,0,8003,0,0,1fa5,001c,8101,8003,0
3887,3887,0,8003,0,0,1fce,001c,8142,8003,0
3888,3888,0,8003,0,0,e006,001c,8198,8003,0
3889,3889,0,8003,0,0,e013,001c,8211,8003,0
3890,3890,0,8003,0,0,e039,001c,8249,8003,0
3891,3891,0,8003,0,0,e06e,001c,8302,8003,0
3892,3892,0,8003,0,0,e098,001c,8344,8003,0
3893,3893,0,8003,0,0,e0b4,001c,8372,8003,0
3894,3894,0,8003,0,0,e0ce,001c,8398,8003,0
3895,3895,0,8003,0,0,e0ee,001c,8430,8003,0
3896,3896,0,8003,0,0,e120,001c,8480,8003,0
3897,3897,0,8003,0,0,e13c,001c,8508,8003,0
3898,3898,0,8003,0,0,e142,001c,8514,8003,0
3899,3899,0,8003,0,0,e146,001c,8518,8003,0
3900,3900,0,8003,0,0,e174,001c,8564,8003,0
3901,3901,0,8003,0,0,e177,001c,8567,8003,0
3902,3902,0,8003,0,0,e17f,001c,8575,8003,0
3903,3903,0,8003,0,0,e1ff,001c,8703,8003,0
3904,3904,0,8003,0,0,e1b9,001c,8633,8003,0
3905,3905,0,8003,0,0,e1b9,001c,8633,8003,0
3906,3906,0,8003,0,0,e1fd,001c,8701,8003,0
3907,3907,0,8003,0,0,e1df,001c,8653,8003,0
3908,3908,0,8003,0,0,e1df,001c,8671,8003,0
3909,3909,0,8003,0,0,e1cf,001c,8655,8003,0
3910,3910,0,8003,0,0,e1bc,001c,8636,8003,0
3911,3911,0,8003,0,0,e1ba,001c,8634,8003,0
3912,3912,0,8003,0,0,e1b0,001c,8624,8003,0
3913,3913,0,8003,0,0,e1b5,001c,8629,8003,0
3914,3914,0,8003,0,0,e197,001c,8599,8003,0
3915,3915,0,8003,0,0,e18c,001c,8588,8003,0
3916,3916,0,8003,0,0,e1a3,001c,8611,8003,0
3917,3917,0,8003,0,0,e15c,001c,8540,8003,0
3918,3918,0,8003,0,0,e146,001c,8518,8003,0
3919,3919,0,8003,0,0,e147,001c,8519,8003,0
3920,3920,0,8003,0,0,e10d,001c,8461,8003,0
3921,3921,0,8003,0,0,e0e5,001c,8421,8003,0
3922,3922,0,8003,0,0,e0f8,001c,8440,8003,0
3923,3923,0,8003,0,0,e0b1,001c,8369,8003,0
3924,3924,0,8003,0,0,e08d,001c,8333,8003,0
3925,3925,0,8003,0,0,e083,001c,8323,8003,0
3926,3926,0,8003,0,0,e069,001c,8297,8003,0
3927,3927,0,8003,0,0,e043,001c,8259,8003,0
3928,3928,0,8003,0,0,1ffa,001c,8186,8003,0
3929,3929,0,8003,0,0,1fe1,001c,8161,8003,0
3930,3930,0,8003,0,0,1fde,001c,8158,8003,0
3931,3931,0,8003,0,0,1fb3,001c,8115,8003,0
3932,3932,0,8003,0,0,1f80,001c,8064,8003,0
3933,3933,0,8003,0,0,1f62,001c,8034,8003,0
3934,3934,0,8003,0,0,1f28,001c,7976,8003,0
3935,3935,0,8003,0,0,1f13,001c,7955,8003,0
3936,3936,0,8003,0,0,1f05,001c,7943,8003,0
3937,3937,0,8003,0,0,1ff8,001c,8189,8003,0
3938,3938,0,8003,0,0,1ef4,001c,7932,8003,0
3939,3939,0,8003,0,0,1ee5,001c,7909,8003,0
3940,3940,0,8003,0,0,1ead,001c,7853,8003,0
3941,3941,0,8003,0,0,1eae,001c,7854,8003,0
3942,3942,0,8003,0,0,1efe,001c,7934,8003,0
3943,3943,0,8003,0,0,1e7e,001c,7932,8003,0
3944,3944,0,8003,0,0,1e8a,001c,7882,8003,0
3945,3945,0,8003,0,0,1e7e,001c,7806,8003,0
3946,3946,0,8003,0,0,1e75,001c,7797,8003,0
3947,3947,0,8003,0,0,1e6e,001c,7790,8003,0
3948,3948,0,8003,0,0,1e5e,001c,7774,8003,0
3949,3949,0,8003,0,0,1e76,001c,7798,8003,0
3950,3950,0,8003,0,0,1e75,001c,7797,8003,0
3951,3951,0,8003,0,0,1e6d,001c,7789,8003,0
3952,3952,0,8003,0,0,1ead,001c,7853,8003,0
3953,3953,0,8003,0,0,1ed1,001c,7889,8003,0
3954,3954,0,8003,0,0,1eb2,001c,7858,8003,0
3955,3955,0,8003,0,0,1ec8,001c,7880,8003,0
3956,3956,0,8003,0,0,1ec3,001c,7875,8003,0
3957,3957,0,8003,0,0,1ee0,001c,7904,8003,0
3958,3958,0,8003,0,0,1ef1,001c,7921,8003,0
3959,3959,0,8003,0,0,1ef1,001c,7921,8003,0
3960,3960,0,8003,0,0,1f31,001c,7985,8003,0
3961,3961,0,8003,0,0,1f53,001c,8019,8003,0
3962,3962,0,8003,0,0,1f41,001c,8001,8003,0
3963,3963,0,8003,0,0,1f7b,001c,8059,8003,0
3964,3964,0,8003,0,0,1fb5,001c,8117,8003,0
3965,3965,0,8003,0,0,1fcf,001c,8143,8003,0
3966,3966,0,8003,0,0,1ff3,001c,8179,8003,0
3967,3967,0,8003,0,0,e017,001c,8215,8003,0
3968,3968,0,8003,0,0,e064,001c,8292,8003,0
3969,3969,0,8003,0,0,e072,001c,8306,8003,0
3970,3970,0,8003,0,0,e095,001c,8341,8003,0
3971,3971,0,8003,0,0,e0c5,001c,8389,8003,0
3972,3972,0,8003,0,0,e0c8,001c,8393,8003,0
3973,3973,0,8003,0,0,e0d4,001c,8412,8003,0
3974,3974,0,8003,0,0,e1d5,001c,8597,8003,0
3975,3975,0,8003,0,0,e11b,001c,8475,8003,0
3976,3976,0,8003,0,0,e15b,001c,8539,8003,0
3977,3977,0,8003,0,0,e17b,001c,8571,8003,0
3978,3978,0,8003,0,0,e17f,001c,8569,8003,0
3979,3979,0,8003,0,0,e156,001c,8662,8003,0
3980,3980,0,8003,0,0,e18b,001c,8587,8003,0
3981,3981,0,8003,0,0,e199,001c,8601,8003,0
3982,3982,0,8003,0,0,e190,001c,8592,8003,0
3983,3983,0,8003,0,0,e1a9,001c,8617,8003,0
3984,3984,0,8003,0,0,e1be,001c,8638,8003,0
3985,3985,0,8003,0,0,e1c7,001c,8647,8003,0
3986,3986,0,8003,0,0,e1d4,001c,8660,8003,0
3987,3987,0,8003,0,0,e1cf,001c,8655,8003,0
3988,3988,0,8003,0,0,e1bf,001c,8639,8003,0
3989,3989,0,8003,0,0,e1c7,001c,8647,8003,0
3990,3990,0,8003,0,0,e1ac,001c,8620,8003,0
3991,3991,0,8003,0,0,e1a6,001c,8614,8003,0
3992,3992,0,8003,0,0,e1b5,001c,8629,8003,0
3993,3993,0,8003,0,0,e198,001c,8600,8003,0
3994,3994,0,8003,0,0,e187,001c,8583,8003,0
3995,3995,0,8003,0,0,e15a,001c,8538,8003,0
3996,3996,0,8003,0,0,e141,001c,8513,8003,0
3997,3997,0,8003,0,0,e133,001c,8499,8003,0
3998,3998,0,8003,0,0,e127,001c,8487,8003,0
3999,3999,0,8003,0,0,e0e2,001c,8418,8003,0
4000,4000,0,8003,0,0,e0b3,001c,8371,8003,0
4001,4001,0,8003,0,0,e0ac,001c,8364,8003,0
4002,4002,0,8003,0,0,e0a3,001c,8355,8003,0
4003,4003,0,8003,0,0,e05b,001c,8283,8003,0
4004,4004,0,8003,0,0,e042,001c,8258,8003,0
4005,4005,0,8003,0,0,e036,001c,8246,8003,0
4006,4006,0,8003,0,0,1fff,001c,8191,8003,0
4007,4007,0,8003,0,0,1fe7,001c,8167,8003,0
4008,4008,0,8003,0,0,1faf,001c,8111,8003,0
4009,4009,0,8003,0,0,1ffe,001c,8063,8003,0
4010,4010,0,8003,0,0,1f7f,001c,8063,8003,0
4011,4011,0,8003,0,0,1f7f,001c,8063,8003,0
4012,4012,0,8003,0,0,1f5e,001c,8030,8003,0
4013,4013,0,8003,0,0,1f0a,001c,7946,8003,0
4014,4014,0,8003,0,0,1fcc,001c,8140,8003,0
4015,4015,0,8003,0,0,1ecc,001c,7884,8003,0
4016,4016,0,8003,0,0,1ea9,001c,7841,8003,0
4017,4017,0,8003,0,0,1e99,001c,7833,8003,0
4018,4018,0,8003,0,0,1e8a,001c,7818,8003,0
4019,4019,0,8003,0,0,1e89,001c,7817,8003,0
4020,4020,0,8003,0,0,1e60,001c,7776,8003,0
4021,4021,0,8003,0,0,1e44,001c,7748,8003,0
4022,4022,0,8003,0,0,1e33,001c,7731,8003,0
4023,4023,0,8003,0,0,1e09,001c,7689,8003,0
4024,4024,0,8003,0,0,1e06,001c,7686,8003,0
4025,4025,0,8003,0,0,1e01,001c,7681,8003,0
4026,4026,0,8003,0,0,1e11,001c,7697,8003,0
4027,4027,0,8003,0,0,1e07,001c,7687,8003,0
4028,4028,0,8003,0,0,1e11,001c,7697,8003,0
4029,4029,0,8003,0,0,1e02,001c,7682,8003,0
4030,4030,0,8003,0,0,1e0c,001c,7692,8003,0
4031,4031,0,8003,0,0,1e1c,001c,7708,8003,0
4032,4032,0,8003,0,0,1e03,001c,7683,8003,0
4033,4033,0,8003,0,0,1e04,001c,7684,8003,0
4034,4034,0,8003,0,0,1e3a,001c,7738,8003,0
4035,4035,0,8003,0,0,1e58,001c,7768,8003,0
4036,4036,0,8003,0,0,1e70,001c,7792,8003,0
4037,4037,0,8003,0,0,1ea0,001c,7840,8003,0
4038,4038,0,8003,0,0,1ec7,001c,7879,8003,0
4039,4039,0,8003,0,0,1ee4,001c,7908,8003,0
4040,4040,0,8003,0,0,1ef1,001c,7921,8003,0
4041,4041,0,8003,0,0,1f1d,001c,7965,8003,0
4042,4042,0,8003,0,0,1f46,001c,8006,8003,0
4043,4043,0,8003,0,0,1f56,001c,8022,8003,0
4044,4044,0,8003,0,0,1f73,001c,8055,8003,0
4045,4045,0,8003,0,0,1fb2,001c,8115,8003,0
4046,4046,0,8003,0,0,1fe4,001c,8164,8003,0
4047,4047,0,8003,0,0,3fe4,001c,16356,8003,0
4048,4048,0,8003,0,0,e015,001c,8213,8003,0
4049,4049,0,8003,0,0,e04f,001c,8271,8003,0
4050,4050,0,8003,0,0,e0cb,001c,8395,8003,0
4051,4051,0,8003,0,0,e089,001c,8329,8003,0
4052,4052,0,8003,0,0,e0a1,001c,8353,8003,0
4053,4053,0,8003,0,0,e0da,001c,8410,8003,0
4054,4054,0,8003,0,0,e0ed,001c,8429,8003,0
4055,4055,0,8003,0,0,e118,001c,8472,8003,0
4056,4056,0,8003,0,0,e129,001c,8489,8003,0
4057,4057,0,8003,0,0,e153,001c,8531,8003,0
4058,4058,0,8003,0,0,e187,001c,8583,8003,0
4059,4059,0,8003,0,0,e189,001c,8585,8003,0
4060,4060,0,8003,0,0,e18e,001c,8590,8003,0
4061,4061,0,8003,0,0,e1aa,001c,8618,8003,0
4062,4062,0,8003,0,0,e1b8,001c,8632,8003,0
4063,4063,0,8003,0,0,e1d2,001c,8658,8003,0
4064,4064,0,8003,0,0,e1fb,001c,8699,8003,0
4065,4065,0,8003,0,0,e208,001c,8712,8003,0
4066,4066,0,8003,0,0,e1fe,001c,8702,8003,0
4067,4067,0,8003,0,0,e1f6,001c,8694,8003,0
4068,4068,0,8003,0,0,e1fd,001c,8701,8003,0
4069,4069,0,8003,0,0,e1f3,001c,8691,8003,0
4070,4070,0,8003,0,0,e1e6,001c,8678,8003,0
4071,4071,0,8003,0,0,e1e0,001c,8672,8003,0
4072,4072,0,8003,0,0,e1d2,001c,8658,8003,0
4073,4073,0,8003,0,0,e1d7,001c,8663,8003,0
4074,4074,0,8003,0,0,e1b7,001c,8631,8003,0
4075,4075,0,8003,0,0,e190,001c,8592,8003,0
4076,4076,0,8003,0,0,e18f,001c,8591,8003,0
4077,4077,0,8003,0,0,e182,001c,8578,8003,0
4078,4078,0,8003,0,0,e162,001c,8546,8003,0
4079,4079,0,8003,0,0,e157,001c,8567,8003,0
4080,4080,0,8003,0,0,e13d,001c,8511,8003,0
4081,4081,0,8003,0,0,e1f7,001c,8703,8003,0
4082,4082,0,8003,0,0,e0f2,001c,8434,8003,0
4083,4083,0,8003,0,0,e0b3,001c,8371,8003,0
4084,4084,0,8003,0,0,e0bd,001c,8381,8003,0
4085,4085,0,8003,0,0,e0ff,001c,8447,8003,0
4086,4086,0,8003,0,0,e07f,001c,8311,8003,0
4087,4087,0,8003,0,0,e04d,001c,8265,8003,0
4088,4088,0,8003,0,0,e02e,001c,8238,8003,0
4089,4089,0,8003,0,0,e03f,001c,8255,8003,0
4090,4090,0,8003,0,0,1ffc,001c,8188,8003,0
4091,4091,0,8003,0,0,1fd2,001c,8146,8003,0
4092,4092,0,8003,0,0,1fb6,001c,8118,8003,0
4093,4093,0,8003,0,0,1f79,001c,8057,8003,0
4094,4094,0,8003,0,0,1f32,001c,7986,8003,0
4095,4095,0,8003,0,0,1f28,001c,7976,8003,0
