Sample in Buffer,Sample in Window,TRIGGER,design_1_i/adc_interface_0_m_axis_tdata[31:0],design_1_i/adc_interface_0_m_axis_tlast,design_1_i/adc_interface_0_m_axis_tvalid,design_1_i/adc_interface_0_adc_signed_debug[15:0],design_1_i/adc_interface_0_win_coeff_out[15:0],design_1_i/adc_data[13:0],design_1_i/adc_interface_0_adc_data_original[13:0],design_1_i/adc_interface_0_adc_data_original_valid
Radix - UNSIGNED,UNSIGNED,UNSIGNED,SIGNED,HEX,HEX,HEX,HEX,UNSIGNED,UNSIGNED,HEX
0,0,0,7715,0,0,1f31,001c,7985,7715,0
1,1,0,7715,0,0,e198,001c,8600,7715,0
2,2,0,7715,0,0,e0b7,001c,8375,7715,0
3,3,0,7715,0,0,1e62,001c,7778,7715,0
4,4,0,7715,0,0,1f8e,001c,8078,7715,0
5,5,0,7715,0,0,e1d7,001c,8663,7715,0
6,6,0,7715,0,0,e063,001c,8291,7715,0
7,7,0,7715,0,0,1e37,001c,7735,7715,0
8,8,0,7715,0,0,1fc0,001c,8128,7715,0
9,9,0,7715,0,0,e1c9,001c,8649,7715,0
10,10,0,7715,0,0,e02d,001c,8237,7715,0
11,11,0,7715,0,0,1e59,001c,7769,7715,0
12,12,0,7715,0,0,e00e,001c,8206,7715,0
13,13,0,7715,0,0,e1dd,001c,8669,7715,0
14,14,0,7715,0,0,1fe0,001c,8160,7715,0
15,15,0,7715,0,0,1e4f,001c,7759,7715,0
16,16,0,7715,0,0,e05f,001c,8287,7715,0
17,17,0,7715,0,0,e1ac,001c,8620,7715,0
18,18,0,7715,0,0,1f88,001c,8072,7715,0
19,19,0,7715,0,0,1e5a,001c,7770,7715,0
20,20,0,7715,0,0,eebe,001c,8894,7715,0
21,21,0,7715,0,0,e1b6,001c,8638,7715,0
22,22,0,7715,0,0,ffbe,001c,16318,7715,0
23,23,0,7715,0,0,1f7d,001c,8061,7715,0
24,24,0,7715,0,0,1e6d,001c,7789,7715,0
25,25,0,7715,0,0,e189,001c,8585,7715,0
26,26,0,7715,0,0,ed8c,001c,11648,7715,0
27,27,0,7715,0,0,1f0e,001c,7950,7715,0
28,28,0,7715,0,0,1eb8,001c,7864,7715,0
29,29,0,7715,0,0,e140,001c,8512,7715,0
30,30,0,7715,0,0,e152,001c,8530,7715,0
31,31,0,7715,0,0,1eb8,001c,7864,7715,0
32,32,0,7715,0,0,1eea,001c,7914,7715,0
33,33,0,7715,0,0,e190,001c,8592,7715,0
34,34,0,7715,0,0,e110,001c,8464,7715,0
35,35,0,7715,0,0,1e8b,001c,7819,7715,0
36,36,0,7715,0,0,1f4d,001c,8013,7715,0
37,37,0,7715,0,0,e1a1,001c,8609,7715,0
38,38,0,7715,0,0,e0c6,001c,8390,7715,0
39,39,0,7715,0,0,1e72,001c,7794,7715,0
40,40,0,7715,0,0,1f94,001c,8084,7715,0
41,41,0,7715,0,0,e1dc,001c,8668,7715,0
42,42,0,7715,0,0,e06f,001c,8303,7715,0
43,43,0,7715,0,0,1e39,001c,7737,7715,0
44,44,0,7715,0,0,1ff2,001c,8178,7715,0
45,45,0,7715,0,0,e1ee,001c,8686,7715,0
46,46,0,7715,0,0,e02e,001c,8238,7715,0
47,47,0,7715,0,0,1e4f,001c,7759,7715,0
48,48,0,7715,0,0,e025,001c,8229,7715,0
49,49,0,7715,0,0,e1f0,001c,8688,7715,0
50,50,0,7715,0,0,1ff1,001c,8177,7715,0
51,51,0,7715,0,0,1e56,001c,7766,7715,0
52,52,0,7715,0,0,e090,001c,8336,7715,0
53,53,0,7715,0,0,e1dc,001c,8668,7715,0
54,54,0,7715,0,0,1fa3,001c,8099,7715,0
55,55,0,7715,0,0,1e72,001c,7795,7715,0
56,56,0,7715,0,0,eef1,001c,8947,7715,0
57,57,0,7715,0,0,e1f9,001c,8633,7715,0
58,58,0,7715,0,0,ffbb,001c,16313,7715,0
59,59,0,7715,0,0,1fba,001c,8122,7715,0
60,60,0,7715,0,0,3fb8,001c,16312,7715,0
61,61,0,7715,0,0,e1be,001c,8632,7715,0
62,62,0,7715,0,0,e186,001c,8582,7715,0
63,63,0,7715,0,0,1ef8,001c,7928,7715,0
64,64,0,7715,0,0,1ee4,001c,7908,7715,0
65,65,0,7715,0,0,e158,001c,8536,7715,0
66,66,0,7715,0,0,e160,001c,8544,7715,0
67,67,0,7715,0,0,1ec1,001c,7873,7715,0
68,68,0,7715,0,0,1ef9,001c,7929,7715,0
69,69,0,7715,0,0,e1be,001c,8638,7715,0
70,70,0,7715,0,0,e138,001c,8504,7715,0
71,71,0,7715,0,0,1e7d,001c,7805,7715,0
72,72,0,7715,0,0,1f23,001c,7971,7715,0
73,73,0,7715,0,0,e1c3,001c,8643,7715,0
74,74,0,7715,0,0,e10f,001c,8463,7715,0
75,75,0,7715,0,0,1e89,001c,7817,7715,0
76,76,0,7715,0,0,1f7e,001c,8062,7715,0
77,77,0,7715,0,0,e1d6,001c,8662,7715,0
78,78,0,7715,0,0,e09f,001c,8351,7715,0
79,79,0,7715,0,0,1e50,001c,7760,7715,0
80,80,0,7715,0,0,1ff1,001c,8177,7715,0
81,81,0,7715,0,0,e1f7,001c,8695,7715,0
82,82,0,7715,0,0,e049,001c,8265,7715,0
83,83,0,7715,0,0,1e6e,001c,7790,7715,0
84,84,0,7715,0,0,e04e,001c,8270,7715,0
85,85,0,7715,0,0,e206,001c,8710,7715,0
86,86,0,7715,0,0,e00e,001c,8206,7715,0
87,87,0,7715,0,0,1e60,001c,7776,7715,0
88,88,0,7715,0,0,e0ac,001c,8364,7715,0
89,89,0,7715,0,0,e1eb,001c,8683,7715,0
90,90,0,7715,0,0,1fb3,001c,8115,7715,0
91,91,0,7715,0,0,1ea9,001c,7867,7715,0
92,92,0,7715,0,0,fed7,001c,8927,7715,0
93,93,0,7715,0,0,e1f7,001c,8695,7715,0
94,94,0,7715,0,0,ffe4,001c,16356,7715,0
95,95,0,7715,0,0,1ff4,001c,8180,7715,0
96,96,0,7715,0,0,1e90,001c,7888,7715,0
97,97,0,7715,0,0,e1c9,001c,8648,7715,0
98,98,0,7715,0,0,e1a9,001c,8617,7715,0
99,99,0,7715,0,0,1ef3,001c,7923,7715,0
100,100,0,7715,0,0,1ee2,001c,7906,7715,0
101,101,0,7715,0,0,e190,001c,8592,7715,0
102,102,0,7715,0,0,e182,001c,8578,7715,0
103,103,0,7715,0,0,1ec6,001c,7878,7715,0
104,104,0,7715,0,0,1efb,001c,7931,7715,0
105,105,0,7715,0,0,e170,001c,8560,7715,0
106,106,0,7715,0,0,e0ee,001c,8430,7715,0
107,107,0,7715,0,0,1e70,001c,7792,7715,0
108,108,0,7715,0,0,1f40,001c,8000,7715,0
109,109,0,7715,0,0,e1d2,001c,8658,7715,0
110,110,0,7715,0,0,e0d7,001c,8407,7715,0
111,111,0,7715,0,0,1e60,001c,7776,7715,0
112,112,0,7715,0,0,1fae,001c,8110,7715,0
113,113,0,7715,0,0,e1e4,001c,8676,7715,0
114,114,0,7715,0,0,e092,001c,8338,7715,0
115,115,0,7715,0,0,1e5b,001c,7771,7715,0
116,116,0,7715,0,0,1fed,001c,8173,7715,0
117,117,0,7715,0,0,e1d6,001c,8662,7715,0
118,118,0,7715,0,0,e02d,001c,8237,7715,0
119,119,0,7715,0,0,1e5f,001c,7775,7715,0
120,120,0,7715,0,0,e054,001c,8276,7715,0
121,121,0,7715,0,0,e1e1,001c,8673,7715,0
122,122,0,7715,0,0,1fd1,001c,8145,7715,0
123,123,0,7715,0,0,1e58,001c,7768,7715,0
124,124,0,7715,0,0,e0a6,001c,8358,7715,0
125,125,0,7715,0,0,e1e6,001c,8678,7715,0
126,126,0,7715,0,0,1fab,001c,8107,7715,0
127,127,0,7715,0,0,1e80,001c,7819,7715,0
128,128,0,7715,0,0,fec2,001c,8898,7715,0
129,129,0,7715,0,0,e1e3,001c,8675,7715,0
130,130,0,7715,0,0,eda3,001c,11683,7715,0
131,131,0,7715,0,0,1fdd,001c,8149,7715,0
132,132,0,7715,0,0,1e98,001c,7832,7715,0
133,133,0,7715,0,0,e1bf,001c,8635,7715,0
134,134,0,7715,0,0,e18c,001c,8588,7715,0
135,135,0,7715,0,0,1ed8,001c,7896,7715,0
136,136,0,7715,0,0,1ed1,001c,7889,7715,0
137,137,0,7715,0,0,e168,001c,8552,7715,0
138,138,0,7715,0,0,e13b,001c,8507,7715,0
139,139,0,7715,0,0,1ea6,001c,7846,7715,0
140,140,0,7715,0,0,1f02,001c,7938,7715,0
141,141,0,7715,0,0,e195,001c,8597,7715,0
142,142,0,7715,0,0,e115,001c,8469,7715,0
143,143,0,7715,0,0,1e84,001c,7812,7715,0
144,144,0,7715,0,0,1f3c,001c,7996,7715,0
145,145,0,7715,0,0,e1a5,001c,8613,7715,0
146,146,0,7715,0,0,e0b3,001c,8371,7715,0
147,147,0,7715,0,0,1e5e,001c,7774,7715,0
148,148,0,7715,0,0,1f92,001c,8082,7715,0
149,149,0,7715,0,0,e1d5,001c,8661,7715,0
150,150,0,7715,0,0,e05c,001c,8284,7715,0
151,151,0,7715,0,0,1e1f,001c,7711,7715,0
152,152,0,7715,0,0,1fdb,001c,8155,7715,0
153,153,0,7715,0,0,e1e2,001c,8674,7715,0
154,154,0,7715,0,0,e021,001c,8225,7715,0
155,155,0,7715,0,0,1e31,001c,7729,7715,0
156,156,0,7715,0,0,e026,001c,8230,7715,0
157,157,0,7715,0,0,e1d6,001c,8662,7715,0
158,158,0,7715,0,0,1fc5,001c,8133,7715,0
159,159,0,7715,0,0,1e45,001c,7749,7715,0
160,160,0,7715,0,0,e094,001c,8340,7715,0
161,161,0,7715,0,0,e1c0,001c,8640,7715,0
162,162,0,7715,0,0,1f4a,001c,8010,7715,0
163,163,0,7715,0,0,1f5e,001c,7774,7715,0
164,164,0,7715,0,0,fedf,001c,10975,7715,0
165,165,0,7715,0,0,e1d9,001c,8665,7715,0
166,166,0,7715,0,0,ef9e,001c,12190,7715,0
167,167,0,7715,0,0,1f9e,001c,8094,7715,0
168,168,0,7715,0,0,1e81,001c,7809,7715,0
169,169,0,7715,0,0,e199,001c,8600,7715,0
170,170,0,7715,0,0,e181,001c,8577,7715,0
171,171,0,7715,0,0,1ec0,001c,7872,7715,0
172,172,0,7715,0,0,1ea1,001c,7841,7715,0
173,173,0,7715,0,0,e169,001c,8553,7715,0
174,174,0,7715,0,0,e153,001c,8531,7715,0
175,175,0,7715,0,0,1ea8,001c,7848,7715,0
176,176,0,7715,0,0,1ef5,001c,7925,7715,0
177,177,0,7715,0,0,e183,001c,8579,7715,0
178,178,0,7715,0,0,e0e6,001c,8422,7715,0
179,179,0,7715,0,0,1e77,001c,7799,7715,0
180,180,0,7715,0,0,1f47,001c,8007,7715,0
181,181,0,7715,0,0,e1cf,001c,8655,7715,0
182,182,0,7715,0,0,e0b6,001c,8374,7715,0
183,183,0,7715,0,0,1e52,001c,7762,7715,0
184,184,0,7715,0,0,1f78,001c,8056,7715,0
185,185,0,7715,0,0,e1c3,001c,8643,7715,0
186,186,0,7715,0,0,e090,001c,8336,7715,0
187,187,0,7715,0,0,1e48,001c,7752,7715,0
188,188,0,7715,0,0,1fd0,001c,8144,7715,0
189,189,0,7715,0,0,e1ec,001c,8684,7715,0
190,190,0,7715,0,0,e054,001c,8276,7715,0
191,191,0,7715,0,0,1e58,001c,7768,7715,0
192,192,0,7715,0,0,e031,001c,8241,7715,0
193,193,0,7715,0,0,e1c1,001c,8641,7715,0
194,194,0,7715,0,0,1fd2,001c,8146,7715,0
195,195,0,7715,0,0,1e67,001c,7783,7715,0
196,196,0,7715,0,0,e096,001c,8342,7715,0
197,197,0,7715,0,0,e1d2,001c,8658,7715,0
198,198,0,7715,0,0,1f73,001c,8051,7715,0
199,199,0,7715,0,0,1f7d,001c,7807,7715,0
200,200,0,7715,0,0,fefd,001c,16125,7715,0
201,201,0,7715,0,0,e1f9,001c,8697,7715,0
202,202,0,7715,0,0,efc5,001c,12229,7715,0
203,203,0,7715,0,0,1fd6,001c,8150,7715,0
204,204,0,7715,0,0,1e92,001c,7826,7715,0
205,205,0,7715,0,0,e1ba,001c,8618,7715,0
206,206,0,7715,0,0,e1b8,001c,8632,7715,0
207,207,0,7715,0,0,1f05,001c,7941,7715,0
208,208,0,7715,0,0,1ec7,001c,7879,7715,0
209,209,0,7715,0,0,e185,001c,8581,7715,0
210,210,0,7715,0,0,e149,001c,8521,7715,0
211,211,0,7715,0,0,1eba,001c,7866,7715,0
212,212,0,7715,0,0,1f18,001c,7960,7715,0
213,213,0,7715,0,0,e1c2,001c,8642,7715,0
214,214,0,7715,0,0,e12f,001c,8495,7715,0
215,215,0,7715,0,0,1e84,001c,7812,7715,0
216,216,0,7715,0,0,1f72,001c,8050,7715,0
217,217,0,7715,0,0,e1ea,001c,8682,7715,0
218,218,0,7715,0,0,e0d6,001c,8406,7715,0
219,219,0,7715,0,0,1e7a,001c,7802,7715,0
220,220,0,7715,0,0,1fb7,001c,8119,7715,0
221,221,0,7715,0,0,e203,001c,8707,7715,0
222,222,0,7715,0,0,e0a1,001c,8353,7715,0
223,223,0,7715,0,0,1e69,001c,7785,7715,0
224,224,0,7715,0,0,e004,001c,8196,7715,0
225,225,0,7715,0,0,e1fd,001c,8701,7715,0
226,226,0,7715,0,0,e01d,001c,8221,7715,0
227,227,0,7715,0,0,1e73,001c,7795,7715,0
228,228,0,7715,0,0,e086,001c,8326,7715,0
229,229,0,7715,0,0,e200,001c,8704,7715,0
230,230,0,7715,0,0,1fd3,001c,8147,7715,0
231,231,0,7715,0,0,1e58,001c,7768,7715,0
232,232,0,7715,0,0,e0a6,001c,8358,7715,0
233,233,0,7715,0,0,e1f4,001c,8692,7715,0
234,234,0,7715,0,0,1fb3,001c,8119,7715,0
235,235,0,7715,0,0,1f83,001c,7811,7715,0
236,236,0,7715,0,0,ff87,001c,16263,7715,0
237,237,0,7715,0,0,e1b4,001c,8628,7715,0
238,238,0,7715,0,0,edb7,001c,12215,7715,0
239,239,0,7715,0,0,1f7f,001c,8063,7715,0
240,240,0,7715,0,0,1e7f,001c,7807,7715,0
241,241,0,7715,0,0,e16f,001c,8557,7715,0
242,242,0,7715,0,0,e14f,001c,8527,7715,0
243,243,0,7715,0,0,1ed9,001c,7897,7715,0
244,244,0,7715,0,0,1ec9,001c,7881,7715,0
245,245,0,7715,0,0,e189,001c,8585,7715,0
246,246,0,7715,0,0,e176,001c,8566,7715,0
247,247,0,7715,0,0,1ebb,001c,7867,7715,0
248,248,0,7715,0,0,1f15,001c,7957,7715,0
249,249,0,7715,0,0,e1a4,001c,8612,7715,0
250,250,0,7715,0,0,e12b,001c,8491,7715,0
251,251,0,7715,0,0,1e96,001c,7830,7715,0
252,252,0,7715,0,0,1f6d,001c,8045,7715,0
253,253,0,7715,0,0,e1d8,001c,8664,7715,0
254,254,0,7715,0,0,e0c1,001c,8385,7715,0
255,255,0,7715,0,0,1e6b,001c,7787,7715,0
256,256,0,7715,0,0,1fba,001c,8122,7715,0
257,257,0,7715,0,0,e1e2,001c,8674,7715,0
258,258,0,7715,0,0,e064,001c,8292,7715,0
259,259,0,7715,0,0,1e57,001c,7767,7715,0
260,260,0,7715,0,0,e01e,001c,8222,7715,0
261,261,0,7715,0,0,e213,001c,8723,7715,0
262,262,0,7715,0,0,e001,001c,8193,7715,0
263,263,0,7715,0,0,1e38,001c,7736,7715,0
264,264,0,7715,0,0,e061,001c,8289,7715,0
265,265,0,7715,0,0,e1cc,001c,8652,7715,0
266,266,0,7715,0,0,1fb1,001c,8113,7715,0
267,267,0,7715,0,0,1e66,001c,7782,7715,0
268,268,0,7715,0,0,e09d,001c,8349,7715,0
269,269,0,7715,0,0,e1d6,001c,8662,7715,0
270,270,0,7715,0,0,1f71,001c,8055,7715,0
271,271,0,7715,0,0,1f78,001c,8057,7715,0
272,272,0,7715,0,0,ff78,001c,16248,7715,0
273,273,0,7715,0,0,e19c,001c,8604,7715,0
274,274,0,7715,0,0,ed9f,001c,12188,7715,0
275,275,0,7715,0,0,1f1f,001c,8083,7715,0
276,276,0,7715,0,0,1eac,001c,7852,7715,0
277,277,0,7715,0,0,e145,001c,8517,7715,0
278,278,0,7715,0,0,e160,001c,8544,7715,0
279,279,0,7715,0,0,1ec2,001c,7874,7715,0
280,280,0,7715,0,0,1ec8,001c,7880,7715,0
281,281,0,7715,0,0,e162,001c,8546,7715,0
282,282,0,7715,0,0,e13c,001c,8508,7715,0
283,283,0,7715,0,0,1eb2,001c,7858,7715,0
284,284,0,7715,0,0,1f2a,001c,7978,7715,0
285,285,0,7715,0,0,e1ab,001c,8619,7715,0
286,286,0,7715,0,0,e0ee,001c,8430,7715,0
287,287,0,7715,0,0,1e64,001c,7780,7715,0
288,288,0,7715,0,0,1f59,001c,8025,7715,0
289,289,0,7715,0,0,e1ba,001c,8634,7715,0
290,290,0,7715,0,0,e090,001c,8336,7715,0
291,291,0,7715,0,0,1e62,001c,7778,7715,0
292,292,0,7715,0,0,1f9d,001c,8093,7715,0
293,293,0,7715,0,0,e1d3,001c,8659,7715,0
294,294,0,7715,0,0,e071,001c,8305,7715,0
295,295,0,7715,0,0,1e55,001c,7765,7715,0
296,296,0,7715,0,0,1ff3,001c,8179,7715,0
297,297,0,7715,0,0,e1dd,001c,8669,7715,0
298,298,0,7715,0,0,e008,001c,8200,7715,0
299,299,0,7715,0,0,1e37,001c,7735,7715,0
300,300,0,7715,0,0,e056,001c,8278,7715,0
301,301,0,7715,0,0,e1c9,001c,8649,7715,0
302,302,0,7715,0,0,1f98,001c,8088,7715,0
303,303,0,7715,0,0,1e4b,001c,7755,7715,0
304,304,0,7715,0,0,e087,001c,8327,7715,0
305,305,0,7715,0,0,e1a8,001c,8619,7715,0
306,306,0,7715,0,0,1f6a,001c,8042,7715,0
307,307,0,7715,0,0,1f7b,001c,8059,7715,0
308,308,0,7715,0,0,fedf,001c,16091,7715,0
309,309,0,7715,0,0,e1e5,001c,8677,7715,0
310,310,0,7715,0,0,efa5,001c,12197,7715,0
311,311,0,7715,0,0,1f9d,001c,8093,7715,0
312,312,0,7715,0,0,1e9d,001c,7837,7715,0
313,313,0,7715,0,0,e14b,001c,8515,7715,0
314,314,0,7715,0,0,e15b,001c,8539,7715,0
315,315,0,7715,0,0,1eb1,001c,7857,7715,0
316,316,0,7715,0,0,1ec7,001c,7879,7715,0
317,317,0,7715,0,0,e176,001c,8566,7715,0
318,318,0,7715,0,0,e117,001c,8471,7715,0
319,319,0,7715,0,0,1e75,001c,7797,7715,0
320,320,0,7715,0,0,1f1d,001c,7965,7715,0
321,321,0,7715,0,0,e1bc,001c,8636,7715,0
322,322,0,7715,0,0,e0f5,001c,8437,7715,0
323,323,0,7715,0,0,1e70,001c,7792,7715,0
324,324,0,7715,0,0,1f58,001c,8024,7715,0
325,325,0,7715,0,0,e1d0,001c,8656,7715,0
326,326,0,7715,0,0,e09d,001c,8349,7715,0
327,327,0,7715,0,0,1e51,001c,7761,7715,0
328,328,0,7715,0,0,1fa1,001c,8097,7715,0
329,329,0,7715,0,0,e1ce,001c,8654,7715,0
330,330,0,7715,0,0,e044,001c,8260,7715,0
331,331,0,7715,0,0,1e59,001c,7769,7715,0
332,332,0,7715,0,0,e012,001c,8210,7715,0
333,333,0,7715,0,0,e1dd,001c,8669,7715,0
334,334,0,7715,0,0,1ff3,001c,8179,7715,0
335,335,0,7715,0,0,1e45,001c,7749,7715,0
336,336,0,7715,0,0,e062,001c,8290,7715,0
337,337,0,7715,0,0,e1de,001c,8670,7715,0
338,338,0,7715,0,0,1f9d,001c,8093,7715,0
339,339,0,7715,0,0,1e4e,001c,7758,7715,0
340,340,0,7715,0,0,e0ba,001c,8378,7715,0
341,341,0,7715,0,0,e1b0,001c,8626,7715,0
342,342,0,7715,0,0,1ffe,001c,8062,7715,0
343,343,0,7715,0,0,1f6e,001c,8046,7715,0
344,344,0,7715,0,0,ff6e,001c,16238,7715,0
345,345,0,7715,0,0,e19d,001c,8605,7715,0
346,346,0,7715,0,0,ef99,001c,12185,7715,0
347,347,0,7715,0,0,1f9d,001c,8092,7715,0
348,348,0,7715,0,0,1e9d,001c,7837,7715,0
349,349,0,7715,0,0,e149,001c,8521,7715,0
350,350,0,7715,0,0,e168,001c,8552,7715,0
351,351,0,7715,0,0,1ede,001c,7902,7715,0
352,352,0,7715,0,0,1ecc,001c,7884,7715,0
353,353,0,7715,0,0,e170,001c,8560,7715,0
354,354,0,7715,0,0,e144,001c,8516,7715,0
355,355,0,7715,0,0,1e9c,001c,7836,7715,0
356,356,0,7715,0,0,1f28,001c,7976,7715,0
357,357,0,7715,0,0,e1b8,001c,8632,7715,0
358,358,0,7715,0,0,e0e1,001c,8417,7715,0
359,359,0,7715,0,0,1e64,001c,7780,7715,0
360,360,0,7715,0,0,1f56,001c,8022,7715,0
361,361,0,7715,0,0,e1d4,001c,8660,7715,0
362,362,0,7715,0,0,e0a9,001c,8361,7715,0
363,363,0,7715,0,0,1e51,001c,7761,7715,0
364,364,0,7715,0,0,1fc9,001c,8137,7715,0
365,365,0,7715,0,0,e1fa,001c,8698,7715,0
366,366,0,7715,0,0,e059,001c,8281,7715,0
367,367,0,7715,0,0,1e5b,001c,7771,7715,0
368,368,0,7715,0,0,e015,001c,8213,7715,0
369,369,0,7715,0,0,e1df,001c,8671,7715,0
370,370,0,7715,0,0,e00d,001c,8205,7715,0
371,371,0,7715,0,0,1e64,001c,7780,7715,0
372,372,0,7715,0,0,e08b,001c,8331,7715,0
373,373,0,7715,0,0,e1ed,001c,8685,7715,0
374,374,0,7715,0,0,1f99,001c,8089,7715,0
375,375,0,7715,0,0,1e8f,001c,7823,7715,0
376,376,0,7715,0,0,e0e9,001c,8425,7715,0
377,377,0,7715,0,0,e1e6,001c,8679,7715,0
378,378,0,7715,0,0,1fe4,001c,8038,7715,0
379,379,0,7715,0,0,1ff5,001c,8181,7715,0
380,380,0,7715,0,0,3e97,001c,16023,7715,0
381,381,0,7715,0,0,e1af,001c,8623,7715,0
382,382,0,7715,0,0,edae,001c,12206,7715,0
383,383,0,7715,0,0,1fd6,001c,8150,7715,0
384,384,0,7715,0,0,1ec9,001c,7881,7715,0
385,385,0,7715,0,0,e16e,001c,8550,7715,0
386,386,0,7715,0,0,e17e,001c,8574,7715,0
387,387,0,7715,0,0,1ed0,001c,7888,7715,0
388,388,0,7715,0,0,1eec,001c,7916,7715,0
389,389,0,7715,0,0,e199,001c,8601,7715,0
390,390,0,7715,0,0,e14c,001c,8524,7715,0
391,391,0,7715,0,0,1e97,001c,7831,7715,0
392,392,0,7715,0,0,1f3a,001c,7994,7715,0
393,393,0,7715,0,0,e1ca,001c,8650,7715,0
394,394,0,7715,0,0,e0e5,001c,8421,7715,0
395,395,0,7715,0,0,1e7f,001c,7807,7715,0
396,396,0,7715,0,0,1f86,001c,8070,7715,0
397,397,0,7715,0,0,e1dc,001c,8668,7715,0
398,398,0,7715,0,0,e0ab,001c,8363,7715,0
399,399,0,7715,0,0,1e72,001c,7794,7715,0
400,400,0,7715,0,0,1feb,001c,8171,7715,0
401,401,0,7715,0,0,e1d7,001c,8663,7715,0
402,402,0,7715,0,0,e038,001c,8248,7715,0
403,403,0,7715,0,0,1e69,001c,7785,7715,0
404,404,0,7715,0,0,e036,001c,8246,7715,0
405,405,0,7715,0,0,e1ea,001c,8682,7715,0
406,406,0,7715,0,0,e000,001c,8192,7715,0
407,407,0,7715,0,0,1e55,001c,7765,7715,0
408,408,0,7715,0,0,e058,001c,8280,7715,0
409,409,0,7715,0,0,e1e5,001c,8677,7715,0
410,410,0,7715,0,0,1fc9,001c,8137,7715,0
411,411,0,7715,0,0,1e6c,001c,7788,7715,0
412,412,0,7715,0,0,e2c3,001c,8419,7715,0
413,413,0,7715,0,0,e1c7,001c,8647,7715,0
414,414,0,7715,0,0,5fd7,001c,8023,7715,0
415,415,0,7715,0,0,1f7c,001c,8060,7715,0
416,416,0,7715,0,0,3e7d,001c,15997,7715,0
417,417,0,7715,0,0,e19d,001c,8605,7715,0
418,418,0,7715,0,0,ef9d,001c,12189,7715,0
419,419,0,7715,0,0,1f9b,001c,8089,7715,0
420,420,0,7715,0,0,1eba,001c,7866,7715,0
421,421,0,7715,0,0,e147,001c,8519,7715,0
422,422,0,7715,0,0,e172,001c,8562,7715,0
423,423,0,7715,0,0,1eca,001c,7882,7715,0
424,424,0,7715,0,0,1ee3,001c,7907,7715,0
425,425,0,7715,0,0,e186,001c,8582,7715,0
426,426,0,7715,0,0,e128,001c,8488,7715,0
427,427,0,7715,0,0,1e6c,001c,7788,7715,0
428,428,0,7715,0,0,1f1e,001c,7966,7715,0
429,429,0,7715,0,0,e1a1,001c,8609,7715,0
430,430,0,7715,0,0,e0f0,001c,8432,7715,0
431,431,0,7715,0,0,1e6b,001c,7787,7715,0
432,432,0,7715,0,0,1f60,001c,8032,7715,0
433,433,0,7715,0,0,e1b3,001c,8627,7715,0
434,434,0,7715,0,0,e0a4,001c,8356,7715,0
435,435,0,7715,0,0,1e46,001c,7750,7715,0
436,436,0,7715,0,0,1fbf,001c,8127,7715,0
437,437,0,7715,0,0,e1e7,001c,8679,7715,0
438,438,0,7715,0,0,e02d,001c,8237,7715,0
439,439,0,7715,0,0,1e09,001c,7689,7715,0
440,440,0,7715,0,0,1fed,001c,8173,7715,0
441,441,0,7715,0,0,e1e9,001c,8681,7715,0
442,442,0,7715,0,0,e00b,001c,8203,7715,0
443,443,0,7715,0,0,1e35,001c,7733,7715,0
444,444,0,7715,0,0,e022,001c,8226,7715,0
445,445,0,7715,0,0,e1cf,001c,8655,7715,0
446,446,0,7715,0,0,1fbb,001c,8123,7715,0
447,447,0,7715,0,0,1e6b,001c,7787,7715,0
448,448,0,7715,0,0,e2b0,001c,8371,7715,0
449,449,0,7715,0,0,e1ba,001c,8634,7715,0
450,450,0,7715,0,0,df9b,001c,7963,7715,0
451,451,0,7715,0,0,1f5f,001c,8031,7715,0
452,452,0,7715,0,0,ff57,001c,16215,7715,0
453,453,0,7715,0,0,e19f,001c,8607,7715,0
454,454,0,7715,0,0,e18d,001c,8589,7715,0
455,455,0,7715,0,0,1ef6,001c,7926,7715,0
456,456,0,7715,0,0,1e96,001c,7830,7715,0
457,457,0,7715,0,0,e14f,001c,8527,7715,0
458,458,0,7715,0,0,e17a,001c,8570,7715,0
459,459,0,7715,0,0,1eba,001c,7866,7715,0
460,460,0,7715,0,0,1eb6,001c,7862,7715,0
461,461,0,7715,0,0,e13f,001c,8511,7715,0
462,462,0,7715,0,0,e107,001c,8455,7715,0
463,463,0,7715,0,0,1e82,001c,7810,7715,0
464,464,0,7715,0,0,1ef6,001c,7926,7715,0
465,465,0,7715,0,0,e198,001c,8600,7715,0
466,466,0,7715,0,0,e0e2,001c,8418,7715,0
467,467,0,7715,0,0,1e78,001c,7800,7715,0
468,468,0,7715,0,0,1f5f,001c,8031,7715,0
469,469,0,7715,0,0,e1ad,001c,8621,7715,0
470,470,0,7715,0,0,e081,001c,8321,7715,0
471,471,0,7715,0,0,1e34,001c,7732,7715,0
472,472,0,7715,0,0,1fad,001c,8109,7715,0
473,473,0,7715,0,0,e1d0,001c,8656,7715,0
474,474,0,7715,0,0,e035,001c,8245,7715,0
475,475,0,7715,0,0,1e25,001c,7717,7715,0
476,476,0,7715,0,0,1fff,001c,8191,7715,0
477,477,0,7715,0,0,e1d6,001c,8662,7715,0
478,478,0,7715,0,0,e001,001c,8193,7715,0
479,479,0,7715,0,0,1e3f,001c,7743,7715,0
480,480,0,7715,0,0,e045,001c,8261,7715,0
481,481,0,7715,0,0,e1b2,001c,8626,7715,0
482,482,0,7715,0,0,1f77,001c,8055,7715,0
483,483,0,7715,0,0,1e4d,001c,7757,7715,0
484,484,0,7715,0,0,e2bc,001c,8381,7715,0
485,485,0,7715,0,0,e1b8,001c,8636,7715,0
486,486,0,7715,0,0,dff3,001c,8059,7715,0
487,487,0,7715,0,0,1f6b,001c,8043,7715,0
488,488,0,7715,0,0,3efa,001c,16106,7715,0
489,489,0,7715,0,0,e1fb,001c,8699,7715,0
490,490,0,7715,0,0,ed7b,001c,11771,7715,0
491,491,0,7715,0,0,1efb,001c,7929,7715,0
492,492,0,7715,0,0,1eab,001c,7851,7715,0
493,493,0,7715,0,0,e15a,001c,8538,7715,0
494,494,0,7715,0,0,e143,001c,8515,7715,0
495,495,0,7715,0,0,1ea9,001c,7849,7715,0
496,496,0,7715,0,0,1efa,001c,7930,7715,0
497,497,0,7715,0,0,e190,001c,8592,7715,0
498,498,0,7715,0,0,e11b,001c,8475,7715,0
499,499,0,7715,0,0,1e7a,001c,7802,7715,0
500,500,0,7715,0,0,1f43,001c,8003,7715,0
501,501,0,7715,0,0,e1d2,001c,8658,7715,0
502,502,0,7715,0,0,e0ce,001c,8398,7715,0
503,503,0,7715,0,0,1e59,001c,7769,7715,0
504,504,0,7715,0,0,1f94,001c,8084,7715,0
505,505,0,7715,0,0,e1d7,001c,8663,7715,0
506,506,0,7715,0,0,e09a,001c,8346,7715,0
507,507,0,7715,0,0,1e5d,001c,7773,7715,0
508,508,0,7715,0,0,1fcf,001c,8143,7715,0
509,509,0,7715,0,0,e1dc,001c,8668,7715,0
510,510,0,7715,0,0,e01d,001c,8221,7715,0
511,511,0,7715,0,0,1e5b,001c,7771,7715,0
512,512,0,7715,0,0,e042,001c,8258,7715,0
513,513,0,7715,0,0,e1e3,001c,8675,7715,0
514,514,0,7715,0,0,1fe9,001c,8169,7715,0
515,515,0,7715,0,0,1e68,001c,7784,7715,0
516,516,0,7715,0,0,e08b,001c,8331,7715,0
517,517,0,7715,0,0,e1df,001c,8671,7715,0
518,518,0,7715,0,0,1f9f,001c,8095,7715,0
519,519,0,7715,0,0,1e7c,001c,7804,7715,0
520,520,0,7715,0,0,e2f3,001c,8435,7715,0
521,521,0,7715,0,0,e1b9,001c,8635,7715,0
522,522,0,7715,0,0,dff9,001c,8057,7715,0
523,523,0,7715,0,0,1fdb,001c,8155,7715,0
524,524,0,7715,0,0,1e9b,001c,16283,7715,0
525,525,0,7715,0,0,e1ab,001c,8619,7715,0
526,526,0,7715,0,0,eda9,001c,11689,7715,0
527,527,0,7715,0,0,1f8c,001c,8068,7715,0
528,528,0,7715,0,0,1ebe,001c,7870,7715,0
529,529,0,7715,0,0,e171,001c,8561,7715,0
530,530,0,7715,0,0,e15c,001c,8540,7715,0
531,531,0,7715,0,0,1ead,001c,7853,7715,0
532,532,0,7715,0,0,1f1d,001c,7965,7715,0
533,533,0,7715,0,0,e1b8,001c,8632,7715,0
534,534,0,7715,0,0,e130,001c,8496,7715,0
535,535,0,7715,0,0,1e84,001c,7812,7715,0
536,536,0,7715,0,0,1f2f,001c,7983,7715,0
537,537,0,7715,0,0,e1c7,001c,8647,7715,0
538,538,0,7715,0,0,e0f7,001c,8439,7715,0
539,539,0,7715,0,0,1e74,001c,7796,7715,0
540,540,0,7715,0,0,1f94,001c,8084,7715,0
541,541,0,7715,0,0,e1ea,001c,8682,7715,0
542,542,0,7715,0,0,e082,001c,8322,7715,0
543,543,0,7715,0,0,1e4e,001c,7758,7715,0
544,544,0,7715,0,0,1fdc,001c,8156,7715,0
545,545,0,7715,0,0,e1e4,001c,8676,7715,0
546,546,0,7715,0,0,e041,001c,8257,7715,0
547,547,0,7715,0,0,1e55,001c,7765,7715,0
548,548,0,7715,0,0,e036,001c,8246,7715,0
549,549,0,7715,0,0,e1dd,001c,8669,7715,0
550,550,0,7715,0,0,1fdb,001c,8155,7715,0
551,551,0,7715,0,0,1e47,001c,7751,7715,0
552,552,0,7715,0,0,e07d,001c,8317,7715,0
553,553,0,7715,0,0,e1cd,001c,8653,7715,0
554,554,0,7715,0,0,1f7b,001c,8059,7715,0
555,555,0,7715,0,0,1e69,001c,7785,7715,0
556,556,0,7715,0,0,e2f7,001c,8439,7715,0
557,557,0,7715,0,0,e19e,001c,8607,7715,0
558,558,0,7715,0,0,ffdf,001c,8159,7715,0
559,559,0,7715,0,0,1f7b,001c,8059,7715,0
560,560,0,7715,0,0,1efb,001c,16123,7715,0
561,561,0,7715,0,0,e1fb,001c,8699,7715,0
562,562,0,7715,0,0,e986,001c,11652,7715,0
563,563,0,7715,0,0,1ecf,001c,7887,7715,0
564,564,0,7715,0,0,1eb2,001c,7858,7715,0
565,565,0,7715,0,0,e180,001c,8576,7715,0
566,566,0,7715,0,0,e18e,001c,8590,7715,0
567,567,0,7715,0,0,1ecb,001c,7883,7715,0
568,568,0,7715,0,0,1ec3,001c,7875,7715,0
569,569,0,7715,0,0,e11d,001c,8477,7715,0
570,570,0,7715,0,0,e0b5,001c,8373,7715,0
571,571,0,7715,0,0,1e69,001c,7785,7715,0
572,572,0,7715,0,0,1f4c,001c,8012,7715,0
573,573,0,7715,0,0,e1d2,001c,8658,7715,0
574,574,0,7715,0,0,e113,001c,8467,7715,0
575,575,0,7715,0,0,1e79,001c,7801,7715,0
576,576,0,7715,0,0,1f77,001c,8055,7715,0
577,577,0,7715,0,0,e1a9,001c,8617,7715,0
578,578,0,7715,0,0,e057,001c,8279,7715,0
579,579,0,7715,0,0,1e18,001c,7704,7715,0
580,580,0,7715,0,0,1f93,001c,8083,7715,0
581,581,0,7715,0,0,e1c1,001c,8641,7715,0
582,582,0,7715,0,0,e042,001c,8258,7715,0
583,583,0,7715,0,0,1e6f,001c,7791,7715,0
584,584,0,7715,0,0,e047,001c,8263,7715,0
585,585,0,7715,0,0,e1dc,001c,8668,7715,0
586,586,0,7715,0,0,1fe1,001c,8161,7715,0
587,587,0,7715,0,0,1e27,001c,7719,7715,0
588,588,0,7715,0,0,e042,001c,8258,7715,0
589,589,0,7715,0,0,e1a4,001c,8612,7715,0
590,590,0,7715,0,0,1f64,001c,8036,7715,0
591,591,0,7715,0,0,1e31,001c,7729,7715,0
592,592,0,7715,0,0,e2f0,001c,8945,7715,0
593,593,0,7715,0,0,e1bd,001c,8637,7715,0
594,594,0,7715,0,0,fdff,001c,15869,7715,0
595,595,0,7715,0,0,1fcb,001c,8139,7715,0
596,596,0,7715,0,0,1e8f,001c,8079,7715,0
597,597,0,7715,0,0,e18f,001c,8591,7715,0
598,598,0,7715,0,0,e184,001c,11652,7715,0
599,599,0,7715,0,0,1ed3,001c,7891,7715,0
600,600,0,7715,0,0,1e8d,001c,7821,7715,0
601,601,0,7715,0,0,e13d,001c,8509,7715,0
602,602,0,7715,0,0,e14b,001c,8523,7715,0
603,603,0,7715,0,0,1eac,001c,7852,7715,0
604,604,0,7715,0,0,1f06,001c,7942,7715,0
605,605,0,7715,0,0,e1ad,001c,8621,7715,0
606,606,0,7715,0,0,e124,001c,8484,7715,0
607,607,0,7715,0,0,1e8e,001c,7822,7715,0
608,608,0,7715,0,0,1f43,001c,8003,7715,0
609,609,0,7715,0,0,e1a3,001c,8611,7715,0
610,610,0,7715,0,0,e0a1,001c,8353,7715,0
611,611,0,7715,0,0,1e46,001c,7750,7715,0
612,612,0,7715,0,0,1f7f,001c,8063,7715,0
613,613,0,7715,0,0,e1d3,001c,8659,7715,0
614,614,0,7715,0,0,e077,001c,8311,7715,0
615,615,0,7715,0,0,1e4a,001c,7754,7715,0
616,616,0,7715,0,0,1fef,001c,8175,7715,0
617,617,0,7715,0,0,e1ef,001c,8687,7715,0
618,618,0,7715,0,0,e029,001c,8233,7715,0
619,619,0,7715,0,0,1e3c,001c,7740,7715,0
620,620,0,7715,0,0,e02c,001c,8236,7715,0
621,621,0,7715,0,0,e1d3,001c,8659,7715,0
622,622,0,7715,0,0,1fdf,001c,8159,7715,0
623,623,0,7715,0,0,1e51,001c,7761,7715,0
624,624,0,7715,0,0,e06d,001c,8301,7715,0
625,625,0,7715,0,0,e1c0,001c,8640,7715,0
626,626,0,7715,0,0,1fa2,001c,8098,7715,0
627,627,0,7715,0,0,1e72,001c,7794,7715,0
628,628,0,7715,0,0,e2fc,001c,8958,7715,0
629,629,0,7715,0,0,e1ff,001c,8607,7715,0
630,630,0,7715,0,0,ffaf,001c,16303,7715,0
631,631,0,7715,0,0,1f7f,001c,8063,7715,0
632,632,0,7715,0,0,1e7f,001c,7807,7715,0
633,633,0,7715,0,0,e19d,001c,8605,7715,0
634,634,0,7715,0,0,e18c,001c,8588,7715,0
635,635,0,7715,0,0,1ef7,001c,7927,7715,0
636,636,0,7715,0,0,1eb5,001c,7861,7715,0
637,637,0,7715,0,0,e15c,001c,8540,7715,0
638,638,0,7715,0,0,e170,001c,8560,7715,0
639,639,0,7715,0,0,1eac,001c,7852,7715,0
640,640,0,7715,0,0,1ee1,001c,7905,7715,0
641,641,0,7715,0,0,e162,001c,8546,7715,0
642,642,0,7715,0,0,e0db,001c,8411,7715,0
643,643,0,7715,0,0,1e80,001c,7808,7715,0
644,644,0,7715,0,0,1f44,001c,8004,7715,0
645,645,0,7715,0,0,e1b0,001c,8624,7715,0
646,646,0,7715,0,0,e0c8,001c,8392,7715,0
647,647,0,7715,0,0,1e60,001c,7776,7715,0
648,648,0,7715,0,0,1f8c,001c,8076,7715,0
649,649,0,7715,0,0,e1dd,001c,8669,7715,0
650,650,0,7715,0,0,e07f,001c,8319,7715,0
651,651,0,7715,0,0,1e34,001c,7732,7715,0
652,652,0,7715,0,0,1fcc,001c,8140,7715,0
653,653,0,7715,0,0,e1f4,001c,8692,7715,0
654,654,0,7715,0,0,e030,001c,8240,7715,0
655,655,0,7715,0,0,1e39,001c,7737,7715,0
656,656,0,7715,0,0,e037,001c,8247,7715,0
657,657,0,7715,0,0,e1db,001c,8667,7715,0
658,658,0,7715,0,0,1fd4,001c,8148,7715,0
659,659,0,7715,0,0,1e62,001c,7778,7715,0
660,660,0,7715,0,0,e090,001c,8336,7715,0
661,661,0,7715,0,0,e1c2,001c,8642,7715,0
662,662,0,7715,0,0,1f8b,001c,8075,7715,0
663,663,0,7715,0,0,1e52,001c,7762,7715,0
664,664,0,7715,0,0,eada,001c,8922,7715,0
665,665,0,7715,0,0,e1fe,001c,8638,7715,0
666,666,0,7715,0,0,ffbf,001c,16319,7715,0
667,667,0,7715,0,0,1faf,001c,8111,7715,0
668,668,0,7715,0,0,1eab,001c,7851,7715,0
669,669,0,7715,0,0,e16b,001c,8555,7715,0
670,670,0,7715,0,0,e16a,001c,8554,7715,0
671,671,0,7715,0,0,1ef5,001c,7925,7715,0
672,672,0,7715,0,0,1ecb,001c,7883,7715,0
673,673,0,7715,0,0,e143,001c,8515,7715,0
674,674,0,7715,0,0,e144,001c,8516,7715,0
675,675,0,7715,0,0,1eaf,001c,7855,7715,0
676,676,0,7715,0,0,1f0d,001c,7949,7715,0
677,677,0,7715,0,0,e1a9,001c,8617,7715,0
678,678,0,7715,0,0,e107,001c,8455,7715,0
679,679,0,7715,0,0,1e74,001c,7796,7715,0
680,680,0,7715,0,0,1f42,001c,8002,7715,0
681,681,0,7715,0,0,e1b4,001c,8628,7715,0
682,682,0,7715,0,0,e0ce,001c,8398,7715,0
683,683,0,7715,0,0,1e7a,001c,7802,7715,0
684,684,0,7715,0,0,1f91,001c,8081,7715,0
685,685,0,7715,0,0,e1ca,001c,8650,7715,0
686,686,0,7715,0,0,e06a,001c,8298,7715,0
687,687,0,7715,0,0,1e68,001c,7784,7715,0
688,688,0,7715,0,0,1fdd,001c,8157,7715,0
689,689,0,7715,0,0,e1d3,001c,8659,7715,0
690,690,0,7715,0,0,e019,001c,8217,7715,0
691,691,0,7715,0,0,1e5b,001c,7771,7715,0
692,692,0,7715,0,0,e039,001c,8249,7715,0
693,693,0,7715,0,0,e1df,001c,8671,7715,0
694,694,0,7715,0,0,1fc1,001c,8129,7715,0
695,695,0,7715,0,0,1e58,001c,7768,7715,0
696,696,0,7715,0,0,e09c,001c,8348,7715,0
697,697,0,7715,0,0,e1d2,001c,8658,7715,0
698,698,0,7715,0,0,1f99,001c,8089,7715,0
699,699,0,7715,0,0,1e6a,001c,7803,7715,0
700,700,0,7715,0,0,eeb7,001c,8895,7715,0
701,701,0,7715,0,0,e1ff,001c,8703,7715,0
702,702,0,7715,0,0,ffce,001c,16334,7715,0
703,703,0,7715,0,0,1fb6,001c,8102,7715,0
704,704,0,7715,0,0,1e94,001c,7828,7715,0
705,705,0,7715,0,0,e17f,001c,8567,7715,0
706,706,0,7715,0,0,e17a,001c,8570,7715,0
707,707,0,7715,0,0,1ed5,001c,7893,7715,0
708,708,0,7715,0,0,1eb2,001c,7858,7715,0
709,709,0,7715,0,0,e189,001c,8585,7715,0
710,710,0,7715,0,0,e179,001c,8569,7715,0
711,711,0,7715,0,0,1e91,001c,7825,7715,0
712,712,0,7715,0,0,1ed2,001c,7890,7715,0
713,713,0,7715,0,0,e19b,001c,8603,7715,0
714,714,0,7715,0,0,e130,001c,8496,7715,0
715,715,0,7715,0,0,1e82,001c,7810,7715,0
716,716,0,7715,0,0,1f65,001c,8037,7715,0
717,717,0,7715,0,0,e1b5,001c,8629,7715,0
718,718,0,7715,0,0,e0c3,001c,8387,7715,0
719,719,0,7715,0,0,1e55,001c,7765,7715,0
720,720,0,7715,0,0,1f8b,001c,8075,7715,0
721,721,0,7715,0,0,e1bc,001c,8636,7715,0
722,722,0,7715,0,0,e06d,001c,8301,7715,0
723,723,0,7715,0,0,1e3f,001c,7743,7715,0
724,724,0,7715,0,0,e004,001c,8196,7715,0
725,725,0,7715,0,0,e1ce,001c,8654,7715,0
726,726,0,7715,0,0,e014,001c,8212,7715,0
727,727,0,7715,0,0,1e3b,001c,7739,7715,0
728,728,0,7715,0,0,e04e,001c,8270,7715,0
729,729,0,7715,0,0,e201,001c,8705,7715,0
730,730,0,7715,0,0,1fb3,001c,8115,7715,0
731,731,0,7715,0,0,1e4a,001c,7754,7715,0
732,732,0,7715,0,0,e087,001c,8327,7715,0
733,733,0,7715,0,0,e1c5,001c,8645,7715,0
734,734,0,7715,0,0,1f79,001c,8057,7715,0
735,735,0,7715,0,0,1e6a,001c,7803,7715,0
736,736,0,7715,0,0,eeeb,001c,8939,7715,0
737,737,0,7715,0,0,e1ef,001c,8623,7715,0
738,738,0,7715,0,0,efaf,001c,16295,7715,0
739,739,0,7715,0,0,1f9f,001c,8095,7715,0
740,740,0,7715,0,0,1e9b,001c,7835,7715,0
741,741,0,7715,0,0,e17a,001c,8570,7715,0
742,742,0,7715,0,0,e172,001c,8562,7715,0
743,743,0,7715,0,0,1ed1,001c,7889,7715,0
744,744,0,7715,0,0,1ecf,001c,7887,7715,0
745,745,0,7715,0,0,e15a,001c,8538,7715,0
746,746,0,7715,0,0,e13f,001c,8511,7715,0
747,747,0,7715,0,0,1eac,001c,7852,7715,0
748,748,0,7715,0,0,1f11,001c,7953,7715,0
749,749,0,7715,0,0,e18e,001c,8590,7715,0
750,750,0,7715,0,0,e0e9,001c,8425,7715,0
751,751,0,7715,0,0,1e63,001c,7779,7715,0
752,752,0,7715,0,0,1f52,001c,8018,7715,0
753,753,0,7715,0,0,e1c0,001c,8640,7715,0
754,754,0,7715,0,0,e0aa,001c,8362,7715,0
755,755,0,7715,0,0,1e55,001c,7765,7715,0
756,756,0,7715,0,0,1fa9,001c,8105,7715,0
757,757,0,7715,0,0,e1e6,001c,8678,7715,0
758,758,0,7715,0,0,e052,001c,8274,7715,0
759,759,0,7715,0,0,1e2e,001c,7726,7715,0
760,760,0,7715,0,0,1fe3,001c,8163,7715,0
761,761,0,7715,0,0,e1e7,001c,8679,7715,0
762,762,0,7715,0,0,e02a,001c,8234,7715,0
763,763,0,7715,0,0,1e56,001c,7766,7715,0
764,764,0,7715,0,0,e037,001c,8247,7715,0
765,765,0,7715,0,0,e1ce,001c,8654,7715,0
766,766,0,7715,0,0,1fa1,001c,8097,7715,0
767,767,0,7715,0,0,1e4a,001c,7754,7715,0
768,768,0,7715,0,0,e0bd,001c,8381,7715,0
769,769,0,7715,0,0,e1cf,001c,8655,7715,0
770,770,0,7715,0,0,1f56,001c,8022,7715,0
771,771,0,7715,0,0,1e74,001c,7798,7715,0
772,772,0,7715,0,0,eef9,001c,8957,7715,0
773,773,0,7715,0,0,e1fb,001c,8699,7715,0
774,774,0,7715,0,0,ef9f,001c,16283,7715,0
775,775,0,7715,0,0,1fad,001c,8109,7715,0
776,776,0,7715,0,0,1e80,001c,7808,7715,0
777,777,0,7715,0,0,e177,001c,8535,7715,0
778,778,0,7715,0,0,e176,001c,11638,7715,0
779,779,0,7715,0,0,1ee6,001c,7910,7715,0
780,780,0,7715,0,0,1ecd,001c,7885,7715,0
781,781,0,7715,0,0,e16a,001c,8554,7715,0
782,782,0,7715,0,0,e147,001c,8519,7715,0
783,783,0,7715,0,0,1e9f,001c,7839,7715,0
784,784,0,7715,0,0,1f15,001c,7957,7715,0
785,785,0,7715,0,0,e1a0,001c,8608,7715,0
786,786,0,7715,0,0,e0e4,001c,8420,7715,0
787,787,0,7715,0,0,1e60,001c,7776,7715,0
788,788,0,7715,0,0,1f79,001c,8057,7715,0
789,789,0,7715,0,0,e1db,001c,8667,7715,0
790,790,0,7715,0,0,e0af,001c,8367,7715,0
791,791,0,7715,0,0,1e50,001c,7760,7715,0
792,792,0,7715,0,0,1f9c,001c,8092,7715,0
793,793,0,7715,0,0,e1e4,001c,8676,7715,0
794,794,0,7715,0,0,e060,001c,8288,7715,0
795,795,0,7715,0,0,1e58,001c,7768,7715,0
796,796,0,7715,0,0,e011,001c,8209,7715,0
797,797,0,7715,0,0,e1e4,001c,8676,7715,0
798,798,0,7715,0,0,e00c,001c,8204,7715,0
799,799,0,7715,0,0,1e53,001c,7763,7715,0
800,800,0,7715,0,0,e040,001c,8256,7715,0
801,801,0,7715,0,0,e1f2,001c,8690,7715,0
802,802,0,7715,0,0,1fee,001c,8174,7715,0
803,803,0,7715,0,0,1e5b,001c,7771,7715,0
804,804,0,7715,0,0,e099,001c,8345,7715,0
805,805,0,7715,0,0,e1db,001c,8667,7715,0
806,806,0,7715,0,0,1f64,001c,8055,7715,0
807,807,0,7715,0,0,1f6b,001c,7791,7715,0
808,808,0,7715,0,0,fefb,001c,11003,7715,0
809,809,0,7715,0,0,e1fa,001c,8698,7715,0
810,810,0,7715,0,0,ffb8,001c,16312,7715,0
811,811,0,7715,0,0,1fbe,001c,8126,7715,0
812,812,0,7715,0,0,1e8e,001c,7822,7715,0
813,813,0,7715,0,0,e1d7,001c,8647,7715,0
814,814,0,7715,0,0,e19c,001c,11668,7715,0
815,815,0,7715,0,0,1edc,001c,7900,7715,0
816,816,0,7715,0,0,1ed3,001c,7891,7715,0
817,817,0,7715,0,0,e174,001c,8564,7715,0
818,818,0,7715,0,0,e158,001c,8536,7715,0
819,819,0,7715,0,0,1eb4,001c,7860,7715,0
820,820,0,7715,0,0,1f1f,001c,7967,7715,0
821,821,0,7715,0,0,e1b6,001c,8630,7715,0
822,822,0,7715,0,0,e0f9,001c,8441,7715,0
823,823,0,7715,0,0,1e77,001c,7799,7715,0
824,824,0,7715,0,0,1f72,001c,8050,7715,0
825,825,0,7715,0,0,e1ce,001c,8654,7715,0
826,826,0,7715,0,0,e0b7,001c,8375,7715,0
827,827,0,7715,0,0,1e61,001c,7777,7715,0
828,828,0,7715,0,0,1fa4,001c,8100,7715,0
829,829,0,7715,0,0,e1fe,001c,8702,7715,0
830,830,0,7715,0,0,e071,001c,8305,7715,0
831,831,0,7715,0,0,1e50,001c,7760,7715,0
832,832,0,7715,0,0,e008,001c,8200,7715,0
833,833,0,7715,0,0,e1de,001c,8670,7715,0
834,834,0,7715,0,0,e01d,001c,8221,7715,0
835,835,0,7715,0,0,1e6f,001c,7791,7715,0
836,836,0,7715,0,0,e067,001c,8295,7715,0
837,837,0,7715,0,0,e1dc,001c,8668,7715,0
838,838,0,7715,0,0,1fc8,001c,8136,7715,0
839,839,0,7715,0,0,1e3a,001c,7738,7715,0
840,840,0,7715,0,0,e0af,001c,8367,7715,0
841,841,0,7715,0,0,e1dc,001c,8668,7715,0
842,842,0,7715,0,0,1f56,001c,8022,7715,0
843,843,0,7715,0,0,1f7c,001c,7806,7715,0
844,844,0,7715,0,0,feff,001c,16111,7715,0
845,845,0,7715,0,0,e1f3,001c,8691,7715,0
846,846,0,7715,0,0,efa2,001c,12194,7715,0
847,847,0,7715,0,0,1f97,001c,8087,7715,0
848,848,0,7715,0,0,1e97,001c,7831,7715,0
849,849,0,7715,0,0,e1ba,001c,8634,7715,0
850,850,0,7715,0,0,e180,001c,8576,7715,0
851,851,0,7715,0,0,1ede,001c,7902,7715,0
852,852,0,7715,0,0,1ed0,001c,7888,7715,0
853,853,0,7715,0,0,e161,001c,8545,7715,0
854,854,0,7715,0,0,e127,001c,8487,7715,0
855,855,0,7715,0,0,1e90,001c,7824,7715,0
856,856,0,7715,0,0,1f19,001c,7961,7715,0
857,857,0,7715,0,0,e1b1,001c,8625,7715,0
858,858,0,7715,0,0,e0f9,001c,8441,7715,0
859,859,0,7715,0,0,1e72,001c,7794,7715,0
860,860,0,7715,0,0,1f67,001c,8039,7715,0
861,861,0,7715,0,0,e1ca,001c,8650,7715,0
862,862,0,7715,0,0,e0c0,001c,8384,7715,0
863,863,0,7715,0,0,1e4d,001c,7757,7715,0
864,864,0,7715,0,0,1fa7,001c,8103,7715,0
865,865,0,7715,0,0,e1e0,001c,8672,7715,0
866,866,0,7715,0,0,e020,001c,8224,7715,0
867,867,0,7715,0,0,1e2c,001c,7724,7715,0
868,868,0,7715,0,0,e033,001c,8243,7715,0
869,869,0,7715,0,0,e1dd,001c,8669,7715,0
870,870,0,7715,0,0,1ff0,001c,8176,7715,0
871,871,0,7715,0,0,1e7d,001c,7805,7715,0
872,872,0,7715,0,0,e04a,001c,8266,7715,0
873,873,0,7715,0,0,e1b3,001c,8627,7715,0
874,874,0,7715,0,0,1fc6,001c,8134,7715,0
875,875,0,7715,0,0,1e40,001c,7744,7715,0
876,876,0,7715,0,0,e0bf,001c,8383,7715,0
877,877,0,7715,0,0,e1ce,001c,8654,7715,0
878,878,0,7715,0,0,1f4b,001c,8011,7715,0
879,879,0,7715,0,0,1f85,001c,8079,7715,0
880,880,0,7715,0,0,feff,001c,16117,7715,0
881,881,0,7715,0,0,e1fb,001c,8699,7715,0
882,882,0,7715,0,0,ef89,001c,12169,7715,0
883,883,0,7715,0,0,1fbf,001c,8127,7715,0
884,884,0,7715,0,0,1ebf,001c,7871,7715,0
885,885,0,7715,0,0,e149,001c,8521,7715,0
886,886,0,7715,0,0,e168,001c,8552,7715,0
887,887,0,7715,0,0,1ea1,001c,7841,7715,0
888,888,0,7715,0,0,1ee5,001c,7909,7715,0
889,889,0,7715,0,0,e191,001c,8593,7715,0
890,890,0,7715,0,0,e13a,001c,8506,7715,0
891,891,0,7715,0,0,1e9c,001c,7836,7715,0
892,892,0,7715,0,0,1f26,001c,7974,7715,0
893,893,0,7715,0,0,e1b5,001c,8629,7715,0
894,894,0,7715,0,0,e0f5,001c,8437,7715,0
895,895,0,7715,0,0,1e63,001c,7779,7715,0
896,896,0,7715,0,0,1f5f,001c,8031,7715,0
897,897,0,7715,0,0,e1da,001c,8666,7715,0
898,898,0,7715,0,0,e0a5,001c,8357,7715,0
899,899,0,7715,0,0,1e5e,001c,7774,7715,0
900,900,0,7715,0,0,1fae,001c,8110,7715,0
901,901,0,7715,0,0,e1cb,001c,8651,7715,0
902,902,0,7715,0,0,e053,001c,8275,7715,0
903,903,0,7715,0,0,1e4e,001c,7758,7715,0
904,904,0,7715,0,0,e017,001c,8215,7715,0
905,905,0,7715,0,0,e1fa,001c,8698,7715,0
906,906,0,7715,0,0,e00a,001c,8202,7715,0
907,907,0,7715,0,0,1e3b,001c,7739,7715,0
908,908,0,7715,0,0,e023,001c,8227,7715,0
909,909,0,7715,0,0,e1aa,001c,8618,7715,0
910,910,0,7715,0,0,1fd2,001c,8146,7715,0
911,911,0,7715,0,0,1e7d,001c,7805,7715,0
912,912,0,7715,0,0,e091,001c,8337,7715,0
913,913,0,7715,0,0,e1be,001c,8638,7715,0
914,914,0,7715,0,0,1f7f,001c,8063,7715,0
915,915,0,7715,0,0,1fb7,001c,8127,7715,0
916,916,0,7715,0,0,fe96,001c,16278,7715,0
917,917,0,7715,0,0,e1a7,001c,8615,7715,0
918,918,0,7715,0,0,eda5,001c,11685,7715,0
919,919,0,7715,0,0,1f9e,001c,8086,7715,0
920,920,0,7715,0,0,1e98,001c,7832,7715,0
921,921,0,7715,0,0,e14b,001c,8651,7715,0
922,922,0,7715,0,0,e183,001c,8579,7715,0
923,923,0,7715,0,0,1ed4,001c,7892,7715,0
924,924,0,7715,0,0,1eda,001c,7898,7715,0
925,925,0,7715,0,0,e17f,001c,8575,7715,0
926,926,0,7715,0,0,e132,001c,8498,7715,0
927,927,0,7715,0,0,1ea3,001c,7843,7715,0
928,928,0,7715,0,0,1f2c,001c,7980,7715,0
929,929,0,7715,0,0,e1b8,001c,8632,7715,0
930,930,0,7715,0,0,e100,001c,8448,7715,0
931,931,0,7715,0,0,1e89,001c,7817,7715,0
932,932,0,7715,0,0,1f79,001c,8057,7715,0
933,933,0,7715,0,0,e1db,001c,8667,7715,0
934,934,0,7715,0,0,e099,001c,8345,7715,0
935,935,0,7715,0,0,1e51,001c,7761,7715,0
936,936,0,7715,0,0,1fc7,001c,8135,7715,0
937,937,0,7715,0,0,e1d6,001c,8662,7715,0
938,938,0,7715,0,0,e062,001c,8290,7715,0
939,939,0,7715,0,0,1e5d,001c,7773,7715,0
940,940,0,7715,0,0,e01f,001c,8223,7715,0
941,941,0,7715,0,0,e1d5,001c,8661,7715,0
942,942,0,7715,0,0,e008,001c,8200,7715,0
943,943,0,7715,0,0,1e6c,001c,7788,7715,0
944,944,0,7715,0,0,e086,001c,8326,7715,0
945,945,0,7715,0,0,e1de,001c,8670,7715,0
946,946,0,7715,0,0,1f93,001c,8083,7715,0
947,947,0,7715,0,0,1e56,001c,7766,7715,0
948,948,0,7715,0,0,e0b3,001c,8371,7715,0
949,949,0,7715,0,0,e1d0,001c,8688,7715,0
950,950,0,7715,0,0,1f5f,001c,8031,7715,0
951,951,0,7715,0,0,1f77,001c,8063,7715,0
952,952,0,7715,0,0,fe7b,001c,16251,7715,0
953,953,0,7715,0,0,e19d,001c,8605,7715,0
954,954,0,7715,0,0,ff9d,001c,16285,7715,0
955,955,0,7715,0,0,1fd9,001c,8153,7715,0
956,956,0,7715,0,0,1ec2,001c,7874,7715,0
957,957,0,7715,0,0,e173,001c,8563,7715,0
958,958,0,7715,0,0,e163,001c,8547,7715,0
959,959,0,7715,0,0,1eba,001c,7866,7715,0
960,960,0,7715,0,0,1ef5,001c,7925,7715,0
961,961,0,7715,0,0,e189,001c,8585,7715,0
962,962,0,7715,0,0,e126,001c,8486,7715,0
963,963,0,7715,0,0,1eab,001c,7851,7715,0
964,964,0,7715,0,0,1f48,001c,8008,7715,0
965,965,0,7715,0,0,e1c8,001c,8648,7715,0
966,966,0,7715,0,0,e0fa,001c,8442,7715,0
967,967,0,7715,0,0,1e64,001c,7780,7715,0
968,968,0,7715,0,0,1f5f,001c,8031,7715,0
969,969,0,7715,0,0,e1da,001c,8666,7715,0
970,970,0,7715,0,0,e098,001c,8344,7715,0
971,971,0,7715,0,0,1e60,001c,7776,7715,0
972,972,0,7715,0,0,1fd2,001c,8146,7715,0
973,973,0,7715,0,0,e1db,001c,8667,7715,0
974,974,0,7715,0,0,e032,001c,8242,7715,0
975,975,0,7715,0,0,1e4b,001c,7755,7715,0
976,976,0,7715,0,0,e01f,001c,8223,7715,0
977,977,0,7715,0,0,e1eb,001c,8683,7715,0
978,978,0,7715,0,0,1feb,001c,8171,7715,0
979,979,0,7715,0,0,1e43,001c,7747,7715,0
980,980,0,7715,0,0,e075,001c,8309,7715,0
981,981,0,7715,0,0,e1d5,001c,8661,7715,0
982,982,0,7715,0,0,1f9b,001c,8091,7715,0
983,983,0,7715,0,0,1e37,001c,7735,7715,0
984,984,0,7715,0,0,e0c4,001c,8388,7715,0
985,985,0,7715,0,0,e1cf,001c,8655,7715,0
986,986,0,7715,0,0,1f54,001c,8031,7715,0
987,987,0,7715,0,0,1fd5,001c,8085,7715,0
988,988,0,7715,0,0,fec3,001c,16065,7715,0
989,989,0,7715,0,0,e1fa,001c,8698,7715,0
990,990,0,7715,0,0,e1ba,001c,11706,7715,0
991,991,0,7715,0,0,1fbf,001c,8093,7715,0
992,992,0,7715,0,0,1ebb,001c,7867,7715,0
993,993,0,7715,0,0,e165,001c,8548,7715,0
994,994,0,7715,0,0,e175,001c,8565,7715,0
995,995,0,7715,0,0,1ebb,001c,7867,7715,0
996,996,0,7715,0,0,1ee3,001c,7907,7715,0
997,997,0,7715,0,0,e1b1,001b,8625,7715,0
998,998,0,7715,0,0,e12c,001b,8492,7715,0
999,999,0,7715,0,0,1e8b,001b,7819,7715,0
1000,1000,0,7715,0,0,1f4c,001a,8012,7715,0
1001,1001,0,7715,0,0,e1ba,001a,8634,7715,0
1002,1002,0,7715,0,0,e0f9,0019,8441,7715,0
1003,1003,0,7715,0,0,1e6f,0018,7791,7715,0
1004,1004,0,7715,0,0,1f84,0017,8068,7715,0
1005,1005,0,7715,0,0,e1eb,0017,8683,7715,0
1006,1006,0,7715,0,0,e085,0017,8325,7715,0
1007,1007,0,7715,0,0,1e50,0016,7760,7715,0
1008,1008,0,7715,0,0,1fe2,0015,8162,7715,0
1009,1009,0,7715,0,0,e1e5,0014,8677,7715,0
1010,1010,0,7715,0,0,e048,0012,8264,7715,0
1011,1011,0,7715,0,0,1e5d,0011,7773,7715,0
1012,1012,0,7715,0,0,e032,0010,8242,7715,0
1013,1013,0,7715,0,0,e1f0,000f,8688,7715,0
1014,1014,0,7715,0,0,e003,000d,8195,7715,0
1015,1015,0,7715,0,0,1e5a,000c,7770,7715,0
1016,1016,0,7715,0,0,e067,000a,8295,7715,0
1017,1017,0,7715,0,0,e1c4,0008,8644,7715,0
1018,1018,0,7715,0,0,1fbd,0007,8125,7715,0
1019,1019,0,7715,0,0,1e89,0005,7817,7715,0
1020,1020,0,7715,0,0,e0cb,0003,8395,7715,0
1021,1021,0,7715,0,0,e1aa,0001,8618,7715,0
1022,1022,0,7715,0,0,1fb1,ffff,7995,7715,0
1023,1023,0,7715,0,0,1fbf,fffd,8127,7715,0
1024,1024,0,7715,0,0,ff9e,fffb,16286,7715,0
1025,1025,0,7715,0,0,e1bb,fff8,8635,7715,0
1026,1026,0,7715,0,0,ffab,fff6,16299,7715,0
1027,1027,0,7715,0,0,1fad,fff3,8105,7715,0
1028,1028,0,7715,0,0,1eb6,fff1,7862,7715,0
1029,1029,0,7715,0,0,e17d,ffee,8573,7715,0
1030,1030,0,7715,0,0,e173,ffeb,8563,7715,0
1031,1031,0,7715,0,0,1ed2,ffe8,7890,7715,0
1032,1032,0,7715,0,0,1ee7,ffe5,7911,7715,0
1033,1033,0,7715,0,0,e18d,ffe2,8589,7715,0
1034,1034,0,7715,0,0,e12b,ffdf,8491,7715,0
1035,1035,0,7715,0,0,1e9d,ffdc,7837,7715,0
1036,1036,0,7715,0,0,1f33,ffd8,7987,7715,0
1037,1037,0,7715,0,0,e19b,ffd5,8603,7715,0
1038,1038,0,7715,0,0,e0f1,ffd1,8433,7715,0
1039,1039,0,7715,0,0,1e7f,ffce,7807,7715,0
1040,1040,0,7715,0,0,1f79,ffca,8057,7715,0
1041,1041,0,7715,0,0,e1bd,ffc6,8637,7715,0
1042,1042,0,7715,0,0,e077,ffc6,8311,7715,0
1043,1043,0,7715,0,0,1e36,ffc2,7734,7715,0
1044,1044,0,7715,0,0,1fb6,ffbe,8118,7715,0
1045,1045,0,7715,0,0,e1e0,ffb9,8672,7715,0
1046,1046,0,7715,0,0,e03d,ffb5,8253,7715,0
1047,1047,0,7715,0,0,1e34,ffb1,7732,7715,0
1048,1048,0,7715,0,0,e01a,ffac,8218,7715,0
1049,1049,0,7715,0,0,e1f9,ffa7,8697,7715,0
1050,1050,0,7715,0,0,1ff6,ffa2,8182,7715,0
1051,1051,0,7715,0,0,1e50,ff9d,7760,7715,0
1052,1052,0,7715,0,0,e076,ff98,8310,7715,0
1053,1053,0,7715,0,0,e1cc,ff93,8652,7715,0
1054,1054,0,7715,0,0,1fa8,ff8e,8104,7715,0
1055,1055,0,7715,0,0,1e71,ff88,7793,7715,0
1056,1056,0,7715,0,0,e2c3,ff82,8419,7715,0
1057,1057,0,7715,0,0,e1c2,ff7d,8642,7715,0
1058,1058,0,7715,0,0,1f42,ff77,8002,7715,0
1059,1059,0,7715,0,0,1fc7,ff71,8071,7715,0
1060,1060,0,7715,0,0,3e9d,ff6a,16005,7715,0
1061,1061,0,7715,0,0,e17f,ff64,8575,7715,0
1062,1062,0,7715,0,0,e179,ff5d,8569,7715,0
1063,1063,0,7715,0,0,1ede,ff57,7894,7715,0
1064,1064,0,7715,0,0,1eac,ff50,7852,7715,0
1065,1065,0,7715,0,0,e16e,ff49,8558,7715,0
1066,1066,0,7715,0,0,e16c,ff42,8556,7715,0
1067,1067,0,7715,0,0,1eba,ff3b,7866,7715,0
1068,1068,0,7715,0,0,1edf,ff33,7903,7715,0
1069,1069,0,7715,0,0,e19d,ff2c,8605,7715,0
1070,1070,0,7715,0,0,e115,ff24,8469,7715,0
1071,1071,0,7715,0,0,1e74,ff1c,7796,7715,0
1072,1072,0,7715,0,0,1f3d,ff14,7997,7715,0
1073,1073,0,7715,0,0,e1b0,ff0c,8624,7715,0
1074,1074,0,7715,0,0,e0ce,ff03,8398,7715,0
1075,1075,0,7715,0,0,1e67,fefb,7783,7715,0
1076,1076,0,7715,0,0,1f84,fef2,8068,7715,0
1077,1077,0,7715,0,0,e1a8,fee9,8616,7715,0
1078,1078,0,7715,0,0,e079,fee9,8313,7715,0
1079,1079,0,7715,0,0,1e4d,fee0,7757,7715,0
1080,1080,0,7715,0,0,1fc9,fed7,8137,7715,0
1081,1081,0,7715,0,0,e1f7,fecd,8695,7715,0
1082,1082,0,7715,0,0,e03d,fec4,8253,7715,0
1083,1083,0,7715,0,0,1e31,feba,7729,7715,0
1084,1084,0,7715,0,0,e00d,feb0,8205,7715,0
1085,1085,0,7715,0,0,e1de,fea6,8670,7715,0
1086,1086,0,7715,0,0,1fe9,fe9c,8169,7715,0
1087,1087,0,7715,0,0,1e40,fe91,7744,7715,0
1088,1088,0,7715,0,0,e070,fe86,8304,7715,0
1089,1089,0,7715,0,0,e1d5,fe7c,8661,7715,0
1090,1090,0,7715,0,0,1f95,fe71,8085,7715,0
1091,1091,0,7715,0,0,1e68,fe65,7784,7715,0
1092,1092,0,7715,0,0,e2c5,fe5a,8421,7715,0
1093,1093,0,7715,0,0,e1c1,fe4e,8641,7715,0
1094,1094,0,7715,0,0,dfcf,fe43,8015,7715,0
1095,1095,0,7715,0,0,1f5e,fe37,8030,7715,0
1096,1096,0,7715,0,0,3f50,fe2a,16208,7715,0
1097,1097,0,7715,0,0,e1e5,fe1e,8677,7715,0
1098,1098,0,7715,0,0,e1c5,fe12,8645,7715,0
1099,1099,0,7715,0,0,1eea,fe05,7914,7715,0
1100,1100,0,7715,0,0,1eea,fdf8,7914,7715,0
1101,1101,0,7715,0,0,e19a,fdeb,8602,7715,0
1102,1102,0,7715,0,0,e14b,fdde,8523,7715,0
1103,1103,0,7715,0,0,1ebf,fdd0,7871,7715,0
1104,1104,0,7715,0,0,1ef3,fdc3,7923,7715,0
1105,1105,0,7715,0,0,e19e,fdb5,8606,7715,0
1106,1106,0,7715,0,0,e135,fda7,8501,7715,0
1107,1107,0,7715,0,0,1e85,fd99,7813,7715,0
1108,1108,0,7715,0,0,1f83,fd8a,8067,7715,0
1109,1109,0,7715,0,0,e1e4,fd7c,8676,7715,0
1110,1110,0,7715,0,0,e0c4,fd6d,8388,7715,0
1111,1111,0,7715,0,0,1e79,fd5e,7801,7715,0
1112,1112,0,7715,0,0,1fb7,fd4f,8119,7715,0
1113,1113,0,7715,0,0,e20c,fd40,8716,7715,0
1114,1114,0,7715,0,0,e0c3,fd40,8387,7715,0
1115,1115,0,7715,0,0,1e64,fd30,7780,7715,0
1116,1116,0,7715,0,0,1ff3,fd21,8179,7715,0
1117,1117,0,7715,0,0,e203,fd11,8707,7715,0
1118,1118,0,7715,0,0,e055,fd01,8277,7715,0
1119,1119,0,7715,0,0,1e6e,fcf1,7790,7715,0
1120,1120,0,7715,0,0,e036,fce1,8246,7715,0
1121,1121,0,7715,0,0,e21a,fcd0,8730,7715,0
1122,1122,0,7715,0,0,e007,fcc0,8199,7715,0
1123,1123,0,7715,0,0,1e61,fcaf,7777,7715,0
1124,1124,0,7715,0,0,e0a0,fc9e,8352,7715,0
1125,1125,0,7715,0,0,e1ea,fc8d,8682,7715,0
1126,1126,0,7715,0,0,1f9b,fc7b,8091,7715,0
1127,1127,0,7715,0,0,1e81,fc6a,7809,7715,0
1128,1128,0,7715,0,0,e2cc,fc58,8396,7715,0
1129,1129,0,7715,0,0,e1bd,fc47,8637,7715,0
1130,1130,0,7715,0,0,ddff,fc35,8061,7715,0
1131,1131,0,7715,0,0,1fcb,fc23,8139,7715,0
1132,1132,0,7715,0,0,3e97,fc11,16007,7715,0
1133,1133,0,7715,0,0,e176,fbfe,8566,7715,0
1134,1134,0,7715,0,0,e976,fbec,11638,7715,0
1135,1135,0,7715,0,0,1eed,fbda,7917,7715,0
1136,1136,0,7715,0,0,1ed9,fbc7,7897,7715,0
1137,1137,0,7715,0,0,e159,fbb4,8537,7715,0
1138,1138,0,7715,0,0,e135,fba1,8501,7715,0
1139,1139,0,7715,0,0,1ebf,fb8e,7871,7715,0
1140,1140,0,7715,0,0,1f0f,fb7b,7951,7715,0
1141,1141,0,7715,0,0,e19f,fb68,8607,7715,0
1142,1142,0,7715,0,0,e125,fb55,8485,7715,0
1143,1143,0,7715,0,0,1e70,fb41,7792,7715,0
1144,1144,0,7715,0,0,1f56,fb2e,8022,7715,0
1145,1145,0,7715,0,0,e1de,fb1a,8670,7715,0
1146,1146,0,7715,0,0,e0fb,fb07,8443,7715,0
1147,1147,0,7715,0,0,1e89,faf3,7817,7715,0
1148,1148,0,7715,0,0,1fa5,fadf,8101,7715,0
1149,1149,0,7715,0,0,e1dc,fadf,8668,7715,0
1150,1150,0,7715,0,0,e092,facc,8338,7715,0
1151,1151,0,7715,0,0,1e70,fab8,7792,7715,0
1152,1152,0,7715,0,0,1fed,faa4,8173,7715,0
1153,1153,0,7715,0,0,e1e3,fa90,8675,7715,0
1154,1154,0,7715,0,0,e02a,fa7c,8234,7715,0
1155,1155,0,7715,0,0,1e74,fa68,7796,7715,0
1156,1156,0,7715,0,0,e049,fa54,8265,7715,0
1157,1157,0,7715,0,0,e1e3,fa40,8675,7715,0
1158,1158,0,7715,0,0,1fd1,fa2c,8145,7715,0
1159,1159,0,7715,0,0,1e57,fa18,7767,7715,0
1160,1160,0,7715,0,0,e0a5,fa04,8357,7715,0
1161,1161,0,7715,0,0,e1f7,f9f0,8695,7715,0
1162,1162,0,7715,0,0,1f8c,f9dc,8076,7715,0
1163,1163,0,7715,0,0,1e6c,f9c8,7788,7715,0
1164,1164,0,7715,0,0,e2f3,f9b4,8435,7715,0
1165,1165,0,7715,0,0,e1b8,f9a1,8635,7715,0
1166,1166,0,7715,0,0,fdeb,f98d,8170,7715,0
1167,1167,0,7715,0,0,1fc7,f979,8135,7715,0
1168,1168,0,7715,0,0,1e86,f965,16006,7715,0
1169,1169,0,7715,0,0,e16d,f952,8557,7715,0
1170,1170,0,7715,0,0,ed6d,f93f,11629,7715,0
1171,1171,0,7715,0,0,1edd,f92b,7885,7715,0
1172,1172,0,7715,0,0,1ed1,f918,7889,7715,0
1173,1173,0,7715,0,0,e14e,f905,8526,7715,0
1174,1174,0,7715,0,0,e13c,f8f2,8508,7715,0
1175,1175,0,7715,0,0,1eb6,f8df,7862,7715,0
1176,1176,0,7715,0,0,1f10,f8cd,7952,7715,0
1177,1177,0,7715,0,0,e1ba,f8ba,8634,7715,0
1178,1178,0,7715,0,0,e152,f8a8,8530,7715,0
1179,1179,0,7715,0,0,1e88,f896,7816,7715,0
1180,1180,0,7715,0,0,1f44,f884,8004,7715,0
1181,1181,0,7715,0,0,e19a,f872,8602,7715,0
1182,1182,0,7715,0,0,e0ab,f860,8363,7715,0
1183,1183,0,7715,0,0,1e3c,f84f,7740,7715,0
1184,1184,0,7715,0,0,1f77,f83e,8055,7715,0
1185,1185,0,7715,0,0,e1b4,f83e,8628,7715,0
1186,1186,0,7715,0,0,e064,f82d,8292,7715,0
1187,1187,0,7715,0,0,1e2f,f81d,7727,7715,0
1188,1188,0,7715,0,0,1fc6,f80d,8134,7715,0
1189,1189,0,7715,0,0,e1c9,f7fd,8649,7715,0
1190,1190,0,7715,0,0,e00a,f7ed,8202,7715,0
1191,1191,0,7715,0,0,1e36,f7de,7734,7715,0
1192,1192,0,7715,0,0,e00e,f7cf,8206,7715,0
1193,1193,0,7715,0,0,e1ad,f7c0,8621,7715,0
1194,1194,0,7715,0,0,1fb7,f7b2,8119,7715,0
1195,1195,0,7715,0,0,1e26,f7a4,7718,7715,0
1196,1196,0,7715,0,0,e050,f796,8272,7715,0
1197,1197,0,7715,0,0,e18a,f789,8586,7715,0
1198,1198,0,7715,0,0,1f46,f77c,8006,7715,0
1199,1199,0,7715,0,0,1e27,f770,7719,7715,0
1200,1200,0,7715,0,0,e2b4,f764,8375,7715,0
1201,1201,0,7715,0,0,e17d,f758,8573,7715,0
1202,1202,0,7715,0,0,ff7d,f74d,8061,7715,0
1203,1203,0,7715,0,0,1f4d,f742,8013,7715,0
1204,1204,0,7715,0,0,1e4f,f738,7756,7715,0
1205,1205,0,7715,0,0,e1ff,f72f,8703,7715,0
1206,1206,0,7715,0,0,e16d,f726,8557,7715,0
1207,1207,0,7715,0,0,1ec6,f71d,7872,7715,0
1208,1208,0,7715,0,0,1e86,f715,7814,7715,0
1209,1209,0,7715,0,0,e138,f70d,8504,7715,0
1210,1210,0,7715,0,0,e119,f707,8473,7715,0
1211,1211,0,7715,0,0,1e63,f700,7779,7715,0
1212,1212,0,7715,0,0,1ece,f6fa,7886,7715,0
1213,1213,0,7715,0,0,e16a,f6f5,8554,7715,0
1214,1214,0,7715,0,0,e0c2,f6f1,8386,7715,0
1215,1215,0,7715,0,0,1e45,f6ed,7749,7715,0
1216,1216,0,7715,0,0,1f34,f6ea,7988,7715,0
1217,1217,0,7715,0,0,e1a4,f6e7,8612,7715,0
1218,1218,0,7715,0,0,e090,f6e5,8336,7715,0
1219,1219,0,7715,0,0,1e28,f6e4,7720,7715,0
1220,1220,0,7715,0,0,1f76,f6e4,8054,7715,0
1221,1221,0,7715,0,0,e1c9,f6e4,8649,7715,0
1222,1222,0,7715,0,0,e035,f6e4,8245,7715,0
1223,1223,0,7715,0,0,1dfe,f6e5,7678,7715,0
1224,1224,0,7715,0,0,1fb6,f6e7,8118,7715,0
1225,1225,0,7715,0,0,e1b6,f6e9,8630,7715,0
1226,1226,0,7715,0,0,1fff,f6ed,8191,7715,0
1227,1227,0,7715,0,0,1e35,f6f1,7733,7715,0
1228,1228,0,7715,0,0,e01f,f6f6,8223,7715,0
1229,1229,0,7715,0,0,e1aa,f6fb,8618,7715,0
1230,1230,0,7715,0,0,1fc1,f702,8129,7715,0
1231,1231,0,7715,0,0,1e2a,f70a,7722,7715,0
1232,1232,0,7715,0,0,e06b,f712,8299,7715,0
1233,1233,0,7715,0,0,e1be,f71b,8638,7715,0
1234,1234,0,7715,0,0,1f47,f726,8007,7715,0
1235,1235,0,7715,0,0,1e32,f731,7730,7715,0
1236,1236,0,7715,0,0,e2ee,f73d,8958,7715,0
1237,1237,0,7715,0,0,e184,f74a,8590,7715,0
1238,1238,0,7715,0,0,fddd,f758,7620,7715,0
1239,1239,0,7715,0,0,1efd,f767,7933,7715,0
1240,1240,0,7715,0,0,1e84,f777,7812,7715,0
1241,1241,0,7715,0,0,e17b,f788,8571,7715,0
1242,1242,0,7715,0,0,e17b,f79a,8571,7715,0
1243,1243,0,7715,0,0,1ee4,f7ad,7904,7715,0
1244,1244,0,7715,0,0,1ec4,f7c1,7876,7715,0
1245,1245,0,7715,0,0,e14d,f7d7,8525,7715,0
1246,1246,0,7715,0,0,e121,f7ed,8481,7715,0
1247,1247,0,7715,0,0,1e8a,f805,7818,7715,0
1248,1248,0,7715,0,0,1f09,f81d,7945,7715,0
1249,1249,0,7715,0,0,e18b,f837,8587,7715,0
1250,1250,0,7715,0,0,e0e3,f852,8419,7715,0
1251,1251,0,7715,0,0,1e78,f86e,7800,7715,0
1252,1252,0,7715,0,0,1f73,f88b,8051,7715,0
1253,1253,0,7715,0,0,e1c0,f8aa,8640,7715,0
1254,1254,0,7715,0,0,e0af,f8c9,8367,7715,0
1255,1255,0,7715,0,0,1e63,f8ea,7779,7715,0
1256,1256,0,7715,0,0,1fa6,f90d,8102,7715,0
1257,1257,0,7715,0,0,e1cb,f90d,8651,7715,0
1258,1258,0,7715,0,0,e078,f930,8312,7715,0
1259,1259,0,7715,0,0,1e2f,f955,7727,7715,0
1260,1260,0,7715,0,0,1fd2,f97b,8146,7715,0
1261,1261,0,7715,0,0,e1e5,f9a2,8677,7715,0
1262,1262,0,7715,0,0,e00a,f9ca,8202,7715,0
1263,1263,0,7715,0,0,1e48,f9f4,7752,7715,0
1264,1264,0,7715,0,0,e053,fa20,8275,7715,0
1265,1265,0,7715,0,0,e1ee,fa4c,8686,7715,0
1266,1266,0,7715,0,0,1fe2,fa7a,8162,7715,0
1267,1267,0,7715,0,0,1e5c,faa9,7772,7715,0
1268,1268,0,7715,0,0,e089,fada,8329,7715,0
1269,1269,0,7715,0,0,e1d1,fb0c,8657,7715,0
1270,1270,0,7715,0,0,1f7c,fb40,8060,7715,0
1271,1271,0,7715,0,0,1e70,fb75,7792,7715,0
1272,1272,0,7715,0,0,e2fd,fbab,8957,7715,0
1273,1273,0,7715,0,0,e1b3,fbe3,8639,7715,0
1274,1274,0,7715,0,0,fdaf,fc1c,15791,7715,0
1275,1275,0,7715,0,0,1fde,fc57,8158,7715,0
1276,1276,0,7715,0,0,1ec6,fc93,7878,7715,0
1277,1277,0,7715,0,0,e1dd,fcd1,8669,7715,0
1278,1278,0,7715,0,0,e19c,fd10,8604,7715,0
1279,1279,0,7715,0,0,1ee7,fd51,7910,7715,0
1280,1280,0,7715,0,0,1ec7,fd93,7879,7715,0
1281,1281,0,7715,0,0,e186,fdd7,8582,7715,0
1282,1282,0,7715,0,0,e15c,fe1c,8540,7715,0
1283,1283,0,7715,0,0,1e9c,fe63,7836,7715,0
1284,1284,0,7715,0,0,1f0d,feab,7949,7715,0
1285,1285,0,7715,0,0,e1a7,fef5,8615,7715,0
1286,1286,0,7715,0,0,e0f4,ff41,8436,7715,0
1287,1287,0,7715,0,0,1e86,ff8e,7814,7715,0
1288,1288,0,7715,0,0,1f61,ffdc,8033,7715,0
1289,1289,0,7715,0,0,e1d1,002d,8657,7715,0
1290,1290,0,7715,0,0,e0af,007e,8367,7715,0
1291,1291,0,7715,0,0,1e58,00d2,7768,7715,0
1292,1292,0,7715,0,0,1f9d,0127,8093,7715,0
1293,1293,0,7715,0,0,e1be,0127,8638,7715,0
1294,1294,0,7715,0,0,e04a,017e,8266,7715,0
1295,1295,0,7715,0,0,1e55,01d6,7765,7715,0
1296,1296,0,7715,0,0,1fe7,0230,8167,7715,0
1297,1297,0,7715,0,0,e1bd,028c,8637,7715,0
1298,1298,0,7715,0,0,1ff1,02e9,8177,7715,0
1299,1299,0,7715,0,0,1e53,0348,7763,7715,0
1300,1300,0,7715,0,0,e038,03a8,8248,7715,0
1301,1301,0,7715,0,0,e1b9,040a,8633,7715,0
1302,1302,0,7715,0,0,1fa3,046e,8099,7715,0
1303,1303,0,7715,0,0,1e46,04d4,7750,7715,0
1304,1304,0,7715,0,0,e07c,053b,8316,7715,0
1305,1305,0,7715,0,0,e1b0,05a3,8624,7715,0
1306,1306,0,7715,0,0,1f64,060e,8036,7715,0
1307,1307,0,7715,0,0,1e3e,067a,7742,7715,0
1308,1308,0,7715,0,0,e2bb,06e8,8895,7715,0
1309,1309,0,7715,0,0,e1b3,0757,8635,7715,0
1310,1310,0,7715,0,0,fff9,07c8,16377,7715,0
1311,1311,0,7715,0,0,1efb,083b,7931,7715,0
1312,1312,0,7715,0,0,1e6a,08af,7786,7715,0
1313,1313,0,7715,0,0,e155,0926,8533,7715,0
1314,1314,0,7715,0,0,e15d,099d,11605,7715,0
1315,1315,0,7715,0,0,1e9f,0a17,7839,7715,0
1316,1316,0,7715,0,0,1ead,0a92,7853,7715,0
1317,1317,0,7715,0,0,e15c,0b0e,8540,7715,0
1318,1318,0,7715,0,0,e113,0b8d,8467,7715,0
1319,1319,0,7715,0,0,1e4d,0c0d,7757,7715,0
1320,1320,0,7715,0,0,1ed0,0c8f,7888,7715,0
1321,1321,0,7715,0,0,e178,0d12,8568,7715,0
1322,1322,0,7715,0,0,e0ef,0d97,8431,7715,0
1323,1323,0,7715,0,0,1e3b,0e1d,7739,7715,0
1324,1324,0,7715,0,0,1f0e,0ea5,7950,7715,0
1325,1325,0,7715,0,0,e19e,0f2f,8606,7715,0
1326,1326,0,7715,0,0,e07c,0fbb,8316,7715,0
1327,1327,0,7715,0,0,1e05,1048,7685,7715,0
1328,1328,0,7715,0,0,1f78,10c4,8056,7715,0
1329,1329,0,7715,0,0,e18b,10d6,8587,7715,0
1330,1330,0,7715,0,0,e00b,1166,8203,7715,0
1331,1331,0,7715,0,0,1e0a,11f8,7690,7715,0
1332,1332,0,7715,0,0,1fbd,128b,8125,7715,0
1333,1333,0,7715,0,0,e1a6,1320,8614,7715,0
1334,1334,0,7715,0,0,1fb6,13b7,8118,7715,0
1335,1335,0,7715,0,0,1df2,144f,7666,7715,0
1336,1336,0,7715,0,0,e02c,14e8,8236,7715,0
1337,1337,0,7715,0,0,e1b0,1583,8624,7715,0
1338,1338,0,7715,0,0,1f75,1620,8053,7715,0
1339,1339,0,7715,0,0,1e0d,16be,7693,7715,0
1340,1340,0,7715,0,0,e055,175d,8277,7715,0
1341,1341,0,7715,0,0,e17d,17fe,8573,7715,0
1342,1342,0,7715,0,0,1f28,18a1,7976,7715,0
1343,1343,0,7715,0,0,1e34,1945,7732,7715,0
1344,1344,0,7715,0,0,e2b4,19ea,8884,7715,0
1345,1345,0,7715,0,0,e1f4,1a91,8564,7715,0
1346,1346,0,7715,0,0,fd68,1b39,15848,7715,0
1347,1347,0,7715,0,0,1efe,1be2,7934,7715,0
1348,1348,0,7715,0,0,1e5e,1c8d,7774,7715,0
1349,1349,0,7715,0,0,e11d,1d3a,8476,7715,0
1350,1350,0,7715,0,0,e12f,1de7,11561,7715,0
1351,1351,0,7715,0,0,1e6f,1e96,7791,7715,0
1352,1352,0,7715,0,0,1e8a,1f46,7818,7715,0
1353,1353,0,7715,0,0,e14b,1ff8,8523,7715,0
1354,1354,0,7715,0,0,e105,20aa,8453,7715,0
1355,1355,0,7715,0,0,1e5f,215e,7775,7715,0
1356,1356,0,7715,0,0,1ede,2213,7902,7715,0
1357,1357,0,7715,0,0,e160,22ca,8544,7715,0
1358,1358,0,7715,0,0,e0cb,2381,8395,7715,0
1359,1359,0,7715,0,0,1e50,243a,7760,7715,0
1360,1360,0,7715,0,0,1f0f,24f4,7951,7715,0
1361,1361,0,7715,0,0,e18f,25af,8591,7715,0
1362,1362,0,7715,0,0,e085,266b,8325,7715,0
1363,1363,0,7715,0,0,1e27,2728,7719,7715,0
1364,1364,0,7715,0,0,1f8a,2728,8074,7715,0
1365,1365,0,7715,0,0,e1b3,27e6,8627,7715,0
1366,1366,0,7715,0,0,e010,28a6,8208,7715,0
1367,1367,0,7715,0,0,1e07,2966,7687,7715,0
1368,1368,0,7715,0,0,1fcc,2a27,8140,7715,0
1369,1369,0,7715,0,0,e1c7,2ae9,8647,7715,0
1370,1370,0,7715,0,0,1ff0,2bac,8176,7715,0
1371,1371,0,7715,0,0,1e14,2c70,7700,7715,0
1372,1372,0,7715,0,0,e013,2d35,8211,7715,0
1373,1373,0,7715,0,0,e1ac,2dfb,8620,7715,0
1374,1374,0,7715,0,0,1f91,2ec2,8081,7715,0
1375,1375,0,7715,0,0,1e31,2f89,7729,7715,0
1376,1376,0,7715,0,0,e07b,3051,8315,7715,0
1377,1377,0,7715,0,0,e18a,311a,8586,7715,0
1378,1378,0,7715,0,0,1f3d,31e4,7997,7715,0
1379,1379,0,7715,0,0,1e63,32ae,7807,7715,0
1380,1380,0,7715,0,0,eedf,3379,8927,7715,0
1381,1381,0,7715,0,0,e1df,3444,8607,7715,0
1382,1382,0,7715,0,0,edff,3511,16383,7715,0
1383,1383,0,7715,0,0,1eff,35dd,7935,7715,0
1384,1384,0,7715,0,0,1e83,36ab,7811,7715,0
1385,1385,0,7715,0,0,e178,3779,8568,7715,0
1386,1386,0,7715,0,0,e158,3847,8536,7715,0
1387,1387,0,7715,0,0,1eaa,3916,7850,7715,0
1388,1388,0,7715,0,0,1eb8,39e5,7864,7715,0
1389,1389,0,7715,0,0,e155,3ab4,8533,7715,0
1390,1390,0,7715,0,0,e0f8,3b84,8440,7715,0
1391,1391,0,7715,0,0,1e77,3c54,7799,7715,0
1392,1392,0,7715,0,0,1f42,3d25,8002,7715,0
1393,1393,0,7715,0,0,e1ec,3df6,8684,7715,0
1394,1394,0,7715,0,0,e0c4,3ec7,8388,7715,0
1395,1395,0,7715,0,0,1e80,3f98,7808,7715,0
1396,1396,0,7715,0,0,1f27,4069,7975,7715,0
1397,1397,0,7715,0,0,e16e,413b,8558,7715,0
1398,1398,0,7715,0,0,e056,420c,8278,7715,0
1399,1399,0,7715,0,0,1e07,42de,7687,7715,0
1400,1400,0,7715,0,0,1fe4,43fe,8164,7715,0
1401,1401,0,7715,0,0,e1d8,43b0,8664,7715,0
1402,1402,0,7715,0,0,e056,4481,8278,7715,0
1403,1403,0,7715,0,0,1dfd,4553,7677,7715,0
1404,1404,0,7715,0,0,1fed,4624,8173,7715,0
1405,1405,0,7715,0,0,e19e,46f6,8606,7715,0
1406,1406,0,7715,0,0,1ff7,47c7,8183,7715,0
1407,1407,0,7715,0,0,1e5b,4898,7771,7715,0
1408,1408,0,7715,0,0,e0a4,4969,8356,7715,0
1409,1409,0,7715,0,0,e1d5,4a3a,8661,7715,0
1410,1410,0,7715,0,0,1f90,4b0a,8080,7715,0
1411,1411,0,7715,0,0,1e3e,4bda,7742,7715,0
1412,1412,0,7715,0,0,e08c,4ca9,8332,7715,0
1413,1413,0,7715,0,0,e1a1,4d79,8609,7715,0
1414,1414,0,7715,0,0,1f52,4e47,8050,7715,0
1415,1415,0,7715,0,0,1e73,4f16,7795,7715,0
1416,1416,0,7715,0,0,eeff,4fe4,8959,7715,0
1417,1417,0,7715,0,0,e1ff,50b1,8639,7715,0
1418,1418,0,7715,0,0,edfb,517d,15851,7715,0
1419,1419,0,7715,0,0,1ef3,5249,7923,7715,0
1420,1420,0,7715,0,0,1e82,5315,7810,7715,0
1421,1421,0,7715,0,0,e1d7,53e0,8663,7715,0
1422,1422,0,7715,0,0,ecc7,54aa,11461,7715,0
1423,1423,0,7715,0,0,1ec7,5573,7879,7715,0
1424,1424,0,7715,0,0,1eae,563b,7854,7715,0
1425,1425,0,7715,0,0,e19c,5703,8604,7715,0
1426,1426,0,7715,0,0,e130,57c9,8496,7715,0
1427,1427,0,7715,0,0,1e99,588f,7833,7715,0
1428,1428,0,7715,0,0,1f55,5954,8021,7715,0
1429,1429,0,7715,0,0,e17d,5a18,8573,7715,0
1430,1430,0,7715,0,0,e103,5adb,8451,7715,0
1431,1431,0,7715,0,0,1e25,5b9d,7717,7715,0
1432,1432,0,7715,0,0,1f62,5c5d,8034,7715,0
1433,1433,0,7715,0,0,e1b9,5d1d,8633,7715,0
1434,1434,0,7715,0,0,e06d,5ddb,8301,7715,0
1435,1435,0,7715,0,0,1e17,5e99,7703,7715,0
1436,1436,0,7715,0,0,1f7c,5e99,8060,7715,0
1437,1437,0,7715,0,0,e1dd,5f55,8669,7715,0
1438,1438,0,7715,0,0,e02e,600f,8238,7715,0
1439,1439,0,7715,0,0,1e20,60c9,7712,7715,0
1440,1440,0,7715,0,0,1ff2,6181,8178,7715,0
1441,1441,0,7715,0,0,e1bc,6237,8636,7715,0
1442,1442,0,7715,0,0,1fbe,62ed,8126,7715,0
1443,1443,0,7715,0,0,1e15,63a0,7701,7715,0
1444,1444,0,7715,0,0,e05d,6453,8285,7715,0
1445,1445,0,7715,0,0,e1d7,6504,8663,7715,0
1446,1446,0,7715,0,0,1f78,65b3,8056,7715,0
1447,1447,0,7715,0,0,1e23,6661,7715,7715,0
1448,1448,0,7715,0,0,e08d,670d,8333,7715,0
1449,1449,0,7715,0,0,e188,67b7,8584,7715,0
1450,1450,0,7715,0,0,1f41,6860,8001,7715,0
1451,1451,0,7715,0,0,1e54,6907,7765,7715,0
1452,1452,0,7715,0,0,fedf,69ac,10975,7715,0
1453,1453,0,7715,0,0,e1ef,6a50,8687,7715,0
1454,1454,0,7715,0,0,e967,6af1,11623,7715,0
1455,1455,0,7715,0,0,1efd,6b91,7933,7715,0
1456,1456,0,7715,0,0,1e5d,6c2f,7773,7715,0
1457,1457,0,7715,0,0,e11f,6ccb,8476,7715,0
1458,1458,0,7715,0,0,e137,6d65,8503,7715,0
1459,1459,0,7715,0,0,1e80,6dfd,7808,7715,0
1460,1460,0,7715,0,0,1e99,6e93,7833,7715,0
1461,1461,0,7715,0,0,e144,6f27,8516,7715,0
1462,1462,0,7715,0,0,e107,6fb9,8455,7715,0
1463,1463,0,7715,0,0,1e47,7049,7751,7715,0
1464,1464,0,7715,0,0,1eec,70d7,7916,7715,0
1465,1465,0,7715,0,0,e188,7162,8584,7715,0
1466,1466,0,7715,0,0,e09d,71ec,8349,7715,0
1467,1467,0,7715,0,0,1e23,7273,7715,7715,0
1468,1468,0,7715,0,0,1f22,72f8,7970,7715,0
1469,1469,0,7715,0,0,e170,737b,8560,7715,0
1470,1470,0,7715,0,0,e04f,73fb,8271,7715,0
1471,1471,0,7715,0,0,1e17,747b,7703,7715,0
1472,1472,0,7715,0,0,1f86,7479,8070,7715,0
1473,1473,0,7715,0,0,e195,74f5,8597,7715,0
1474,1474,0,7715,0,0,1ff8,756f,8184,7715,0
1475,1475,0,7715,0,0,1e00,75e6,7680,7715,0
1476,1476,0,7715,0,0,1fc1,765a,8129,7715,0
1477,1477,0,7715,0,0,e19b,76cc,8603,7715,0
1478,1478,0,7715,0,0,1fb4,773c,8116,7715,0
1479,1479,0,7715,0,0,1dfe,77a9,7678,7715,0
1480,1480,0,7715,0,0,1fff,7814,8191,7715,0
1481,1481,0,7715,0,0,e185,787c,8581,7715,0
1482,1482,0,7715,0,0,1f4d,78e2,8013,7715,0
1483,1483,0,7715,0,0,1dfd,7945,7677,7715,0
1484,1484,0,7715,0,0,e063,79a5,8291,7715,0
1485,1485,0,7715,0,0,e15e,7a03,8542,7715,0
1486,1486,0,7715,0,0,1ef9,7a5e,7931,7715,0
1487,1487,0,7715,0,0,1e37,7ab7,7743,7715,0
1488,1488,0,7715,0,0,febf,7b0d,10943,7715,0
1489,1489,0,7715,0,0,e1ff,7b60,8703,7715,0
1490,1490,0,7715,0,0,ed66,7bb1,11618,7715,0
1491,1491,0,7715,0,0,1ed7,7bfe,7895,7715,0
1492,1492,0,7715,0,0,1e53,7c49,7763,7715,0
1493,1493,0,7715,0,0,e0e9,7c92,8425,7715,0
1494,1494,0,7715,0,0,e107,7cd7,8455,7715,0
1495,1495,0,7715,0,0,1e6b,7d1a,7787,7715,0
1496,1496,0,7715,0,0,1e86,7d5a,7814,7715,0
1497,1497,0,7715,0,0,e128,7d97,8488,7715,0
1498,1498,0,7715,0,0,e0ce,7dd1,8398,7715,0
1499,1499,0,7715,0,0,1e28,7e09,7720,7715,0
1500,1500,0,7715,0,0,1ec2,7e3d,7874,7715,0
1501,1501,0,7715,0,0,e16b,7e6f,8555,7715,0
1502,1502,0,7715,0,0,e086,7e9e,8326,7715,0
1503,1503,0,7715,0,0,1e19,7eca,7705,7715,0
1504,1504,0,7715,0,0,1f42,7ef3,8002,7715,0
1505,1505,0,7715,0,0,e180,7f19,8576,7715,0
1506,1506,0,7715,0,0,e031,7f3c,8241,7715,0
1507,1507,0,7715,0,0,1e11,7f1c,7697,7715,0
1508,1508,0,7715,0,0,1f58,7f5d,8024,7715,0
1509,1509,0,7715,0,0,e17d,7f7a,8573,7715,0
1510,1510,0,7715,0,0,1fd5,7f95,8149,7715,0
1511,1511,0,7715,0,0,1ded,7fac,7661,7715,0
1512,1512,0,7715,0,0,1fc2,7fc1,8130,7715,0
1513,1513,0,7715,0,0,e186,7fd3,8582,7715,0
1514,1514,0,7715,0,0,1f78,7fe1,8056,7715,0
1515,1515,0,7715,0,0,1e07,7fed,7687,7715,0
1516,1516,0,7715,0,0,e028,7ff6,8232,7715,0
1517,1517,0,7715,0,0,e17e,7ffc,8574,7715,0
1518,1518,0,7715,0,0,1f4d,7fff,8013,7715,0
1519,1519,0,7715,0,0,1e18,7fff,7704,7715,0
1520,1520,0,7715,0,0,e05d,7ffc,8285,7715,0
1521,1521,0,7715,0,0,e157,7ff6,8535,7715,0
1522,1522,0,7715,0,0,1eef,7fed,7935,7715,0
1523,1523,0,7715,0,0,1e3f,7fe1,7743,7715,0
1524,1524,0,7715,0,0,febf,7fd3,11967,7715,0
1525,1525,0,7715,0,0,e1fb,7fc1,8699,7715,0
1526,1526,0,7715,0,0,e141,7fac,8513,7715,0
1527,1527,0,7715,0,0,1eff,7f95,7935,7715,0
1528,1528,0,7715,0,0,1e7e,7f7a,7806,7715,0
1529,1529,0,7715,0,0,e11d,7f5d,8477,7715,0
1530,1530,0,7715,0,0,e11c,7f3c,8476,7715,0
1531,1531,0,7715,0,0,1e79,7f19,7801,7715,0
1532,1532,0,7715,0,0,1ebd,7ef3,7869,7715,0
1533,1533,0,7715,0,0,e135,7eca,8501,7715,0
1534,1534,0,7715,0,0,e0e2,7e9e,8418,7715,0
1535,1535,0,7715,0,0,1e49,7e6f,7753,7715,0
1536,1536,0,7715,0,0,1ece,7e3d,7886,7715,0
1537,1537,0,7715,0,0,e176,7e09,8566,7715,0
1538,1538,0,7715,0,0,e0c2,7dd1,8386,7715,0
1539,1539,0,7715,0,0,1e3d,7d97,7741,7715,0
1540,1540,0,7715,0,0,1f4a,7d5a,8010,7715,0
1541,1541,0,7715,0,0,e188,7d1a,8584,7715,0
1542,1542,0,7715,0,0,e05f,7cd7,8287,7715,0
1543,1543,0,7715,0,0,1e35,7cd7,7733,7715,0
1544,1544,0,7715,0,0,1f94,7c92,8084,7715,0
1545,1545,0,7715,0,0,e1a9,7c49,8617,7715,0
1546,1546,0,7715,0,0,e00b,7bfe,8203,7715,0
1547,1547,0,7715,0,0,1df6,7bb1,7670,7715,0
1548,1548,0,7715,0,0,1fdf,7b60,8159,7715,0
1549,1549,0,7715,0,0,e1b3,7b0d,8627,7715,0
1550,1550,0,7715,0,0,1fbe,7ab7,8126,7715,0
1551,1551,0,7715,0,0,1e14,7a5e,7700,7715,0
1552,1552,0,7715,0,0,e03f,7a03,8255,7715,0
1553,1553,0,7715,0,0,e1b5,79a5,8629,7715,0
1554,1554,0,7715,0,0,1f64,7945,8036,7715,0
1555,1555,0,7715,0,0,1e27,78e2,7719,7715,0
1556,1556,0,7715,0,0,e095,787c,8341,7715,0
1557,1557,0,7715,0,0,e1af,7814,8623,7715,0
1558,1558,0,7715,0,0,1f35,77a9,7991,7715,0
1559,1559,0,7715,0,0,1f3c,773c,7741,7715,0
1560,1560,0,7715,0,0,fefe,76cc,16126,7715,0
1561,1561,0,7715,0,0,e1fb,765a,8699,7715,0
1562,1562,0,7715,0,0,ed79,75e6,11641,7715,0
1563,1563,0,7715,0,0,1eef,756f,7914,7715,0
1564,1564,0,7715,0,0,1e85,74f5,7813,7715,0
1565,1565,0,7715,0,0,e170,7479,8560,7715,0
1566,1566,0,7715,0,0,e140,73fb,8512,7715,0
1567,1567,0,7715,0,0,1e91,737b,7825,7715,0
1568,1568,0,7715,0,0,1ed0,72f8,7888,7715,0
1569,1569,0,7715,0,0,e158,7273,8536,7715,0
1570,1570,0,7715,0,0,e0cb,71ec,8395,7715,0
1571,1571,0,7715,0,0,1e59,7162,7769,7715,0
1572,1572,0,7715,0,0,1f04,70d7,7940,7715,0
1573,1573,0,7715,0,0,e18e,7049,8590,7715,0
1574,1574,0,7715,0,0,e0a5,6fb9,8357,7715,0
1575,1575,0,7715,0,0,1e35,6f27,7733,7715,0
1576,1576,0,7715,0,0,1f88,6e93,8072,7715,0
1577,1577,0,7715,0,0,e1d5,6dfd,8661,7715,0
1578,1578,0,7715,0,0,e07e,6d65,8318,7715,0
1579,1579,0,7715,0,0,1e40,6d65,7744,7715,0
1580,1580,0,7715,0,0,1f9e,6ccb,8094,7715,0
1581,1581,0,7715,0,0,e1af,6c2f,8623,7715,0
1582,1582,0,7715,0,0,1fff,6b91,8191,7715,0
1583,1583,0,7715,0,0,1e14,6af1,7700,7715,0
1584,1584,0,7715,0,0,1fe5,6a50,8165,7715,0
1585,1585,0,7715,0,0,e1a7,69ac,8615,7715,0
1586,1586,0,7715,0,0,1fb0,6907,8112,7715,0
1587,1587,0,7715,0,0,1e0f,6860,7695,7715,0
1588,1588,0,7715,0,0,e039,67b7,8249,7715,0
1589,1589,0,7715,0,0,e180,670d,8576,7715,0
1590,1590,0,7715,0,0,1f48,6661,8008,7715,0
1591,1591,0,7715,0,0,1e06,65b3,7686,7715,0
1592,1592,0,7715,0,0,e09e,6504,8350,7715,0
1593,1593,0,7715,0,0,e17d,6453,8573,7715,0
1594,1594,0,7715,0,0,1ef8,63a0,7933,7715,0
1595,1595,0,7715,0,0,1ebf,62ed,7743,7715,0
1596,1596,0,7715,0,0,feff,6237,16127,7715,0
1597,1597,0,7715,0,0,e1fb,6181,8699,7715,0
1598,1598,0,7715,0,0,e13b,60c9,8507,7715,0
1599,1599,0,7715,0,0,1eef,600f,7887,7715,0
1600,1600,0,7715,0,0,1e6d,5f55,7789,7715,0
1601,1601,0,7715,0,0,e106,5e99,8452,7715,0
1602,1602,0,7715,0,0,e112,5ddb,8466,7715,0
1603,1603,0,7715,0,0,1e4b,5d1d,7755,7715,0
1604,1604,0,7715,0,0,1ea5,5c5d,7845,7715,0
1605,1605,0,7715,0,0,e157,5b9d,8535,7715,0
1606,1606,0,7715,0,0,e0b9,5adb,8377,7715,0
1607,1607,0,7715,0,0,1e10,5a18,7696,7715,0
1608,1608,0,7715,0,0,1ed3,5954,7891,7715,0
1609,1609,0,7715,0,0,e176,588f,8566,7715,0
1610,1610,0,7715,0,0,e08a,57c9,8330,7715,0
1611,1611,0,7715,0,0,1dfb,5703,7675,7715,0
1612,1612,0,7715,0,0,1f22,563b,7970,7715,0
1613,1613,0,7715,0,0,e173,5573,8563,7715,0
1614,1614,0,7715,0,0,e02e,54fa,8238,7715,0
1615,1615,0,7715,0,0,1de4,54aa,7652,7715,0
1616,1616,0,7715,0,0,1f72,53e0,8050,7715,0
1617,1617,0,7715,0,0,e16d,5315,8557,7715,0
1618,1618,0,7715,0,0,1fa7,5249,8103,7715,0
1619,1619,0,7715,0,0,1ddb,517d,7643,7715,0
1620,1620,0,7715,0,0,1fd0,50b1,8144,7715,0
1621,1621,0,7715,0,0,e176,4fe4,8566,7715,0
1622,1622,0,7715,0,0,1f67,4f16,8039,7715,0
1623,1623,0,7715,0,0,1de5,4e47,7653,7715,0
1624,1624,0,7715,0,0,e017,4d79,8215,7715,0
1625,1625,0,7715,0,0,e169,4ca9,8553,7715,0
1626,1626,0,7715,0,0,1f25,4bda,7973,7715,0
1627,1627,0,7715,0,0,1dfd,4b0a,7677,7715,0
1628,1628,0,7715,0,0,e06b,4a3a,8299,7715,0
1629,1629,0,7715,0,0,e131,4969,8499,7715,0
1630,1630,0,7715,0,0,1fb2,4898,7859,7715,0
1631,1631,0,7715,0,0,1ebb,47c7,7739,7715,0
1632,1632,0,7715,0,0,fef9,46f6,16121,7715,0
1633,1633,0,7715,0,0,e1d6,4624,8662,7715,0
1634,1634,0,7715,0,0,ed16,4553,11542,7715,0
1635,1635,0,7715,0,0,1ed3,4481,7891,7715,0
1636,1636,0,7715,0,0,1e53,43b0,7763,7715,0
1637,1637,0,7715,0,0,e0eb,42de,8427,7715,0
1638,1638,0,7715,0,0,e0e9,420c,8425,7715,0
1639,1639,0,7715,0,0,1e40,413b,7744,7715,0
1640,1640,0,7715,0,0,1e88,4069,7816,7715,0
1641,1641,0,7715,0,0,e128,3f98,8488,7715,0
1642,1642,0,7715,0,0,e0a5,3ec7,8357,7715,0
1643,1643,0,7715,0,0,1e21,3df6,7713,7715,0
1644,1644,0,7715,0,0,1eda,3d25,7898,7715,0
1645,1645,0,7715,0,0,e12a,3c54,8490,7715,0
1646,1646,0,7715,0,0,e049,3b84,8265,7715,0
1647,1647,0,7715,0,0,1e01,3ab4,7681,7715,0
1648,1648,0,7715,0,0,1f2a,39e5,7978,7715,0
1649,1649,0,7715,0,0,e164,3916,8548,7715,0
1650,1650,0,7715,0,0,1ff7,3847,8183,7715,0
1651,1651,0,7715,0,0,1ddd,3847,7645,7715,0
1652,1652,0,7715,0,0,1f6d,3779,8045,7715,0
1653,1653,0,7715,0,0,e182,36ab,8578,7715,0
1654,1654,0,7715,0,0,1fc5,35dd,8133,7715,0
1655,1655,0,7715,0,0,1deb,3511,7659,7715,0
1656,1656,0,7715,0,0,1fb0,3444,8112,7715,0
1657,1657,0,7715,0,0,e17c,3379,8572,7715,0
1658,1658,0,7715,0,0,1f86,32ae,8070,7715,0
1659,1659,0,7715,0,0,1df2,31e4,7666,7715,0
1660,1660,0,7715,0,0,e021,311a,8225,7715,0
1661,1661,0,7715,0,0,e162,3051,8546,7715,0
1662,1662,0,7715,0,0,1f1b,2f89,7963,7715,0
1663,1663,0,7715,0,0,1e01,2ec2,7681,7715,0
1664,1664,0,7715,0,0,e089,2dfb,8329,7715,0
1665,1665,0,7715,0,0,e150,2d35,8528,7715,0
1666,1666,0,7715,0,0,1fd5,2c70,7893,7715,0
1667,1667,0,7715,0,0,1eb5,2bac,7733,7715,0
1668,1668,0,7715,0,0,fef7,2ae9,16119,7715,0
1669,1669,0,7715,0,0,e1ef,2a27,8687,7715,0
1670,1670,0,7715,0,0,e12e,2966,11566,7715,0
1671,1671,0,7715,0,0,1edf,28a6,7903,7715,0
1672,1672,0,7715,0,0,1edc,27e6,7900,7715,0
1673,1673,0,7715,0,0,e0fc,2728,8444,7715,0
1674,1674,0,7715,0,0,e11b,266b,8475,7715,0
1675,1675,0,7715,0,0,1e66,25af,7782,7715,0
1676,1676,0,7715,0,0,1e90,24f4,7824,7715,0
1677,1677,0,7715,0,0,e119,243a,8473,7715,0
1678,1678,0,7715,0,0,e0c6,2381,8390,7715,0
1679,1679,0,7715,0,0,1e39,22ca,7737,7715,0
1680,1680,0,7715,0,0,1f04,2213,7940,7715,0
1681,1681,0,7715,0,0,e16d,215e,8557,7715,0
1682,1682,0,7715,0,0,e06a,20aa,8298,7715,0
1683,1683,0,7715,0,0,1e0b,1ff8,7691,7715,0
1684,1684,0,7715,0,0,1f3f,1f46,7999,7715,0
1685,1685,0,7715,0,0,e182,1e96,8578,7715,0
1686,1686,0,7715,0,0,e01d,1db6,8221,7715,0
1687,1687,0,7715,0,0,1df5,1de7,7669,7715,0
1688,1688,0,7715,0,0,1fa3,1d3a,8099,7715,0
1689,1689,0,7715,0,0,e1b5,1c8d,8629,7715,0
1690,1690,0,7715,0,0,1fd8,1be2,8152,7715,0
1691,1691,0,7715,0,0,1df9,1b39,7673,7715,0
1692,1692,0,7715,0,0,1fec,1a91,8172,7715,0
1693,1693,0,7715,0,0,e19a,19ea,8602,7715,0
1694,1694,0,7715,0,0,1f8d,1945,8077,7715,0
1695,1695,0,7715,0,0,1e0d,18a1,7693,7715,0
1696,1696,0,7715,0,0,e041,17fe,8257,7715,0
1697,1697,0,7715,0,0,e18d,175d,8589,7715,0
1698,1698,0,7715,0,0,1f25,16be,7973,7715,0
1699,1699,0,7715,0,0,1e1b,1620,7707,7715,0
1700,1700,0,7715,0,0,e2a7,1583,8359,7715,0
1701,1701,0,7715,0,0,e1a6,14e8,8615,7715,0
1702,1702,0,7715,0,0,1ff2,144f,8182,7715,0
1703,1703,0,7715,0,0,1ef7,13b7,7799,7715,0
1704,1704,0,7715,0,0,feef,1320,16111,7715,0
1705,1705,0,7715,0,0,e1ff,128b,8687,7715,0
1706,1706,0,7715,0,0,e151,11f8,8529,7715,0
1707,1707,0,7715,0,0,1eab,1166,7851,7715,0
1708,1708,0,7715,0,0,1e82,10d6,7810,7715,0
1709,1709,0,7715,0,0,e160,1048,8672,7715,0
1710,1710,0,7715,0,0,e0f6,0fbb,8438,7715,0
1711,1711,0,7715,0,0,1e30,0f2f,7728,7715,0
1712,1712,0,7715,0,0,1e95,0ea5,7829,7715,0
1713,1713,0,7715,0,0,e170,0e1d,8560,7715,0
1714,1714,0,7715,0,0,e0e8,0d97,8424,7715,0
1715,1715,0,7715,0,0,1e2b,0d12,7723,7715,0
1716,1716,0,7715,0,0,1efe,0c8f,7934,7715,0
1717,1717,0,7715,0,0,e172,0c0d,8562,7715,0
1718,1718,0,7715,0,0,e07c,0b8d,8316,7715,0
1719,1719,0,7715,0,0,1e16,0b0e,7702,7715,0
1720,1720,0,7715,0,0,1f49,0a92,8009,7715,0
1721,1721,0,7715,0,0,e1b1,0a17,8625,7715,0
1722,1722,0,7715,0,0,e01b,0a17,8219,7715,0
1723,1723,0,7715,0,0,1def,099d,7663,7715,0
1724,1724,0,7715,0,0,1f9a,0926,8090,7715,0
1725,1725,0,7715,0,0,e193,08af,8595,7715,0
1726,1726,0,7715,0,0,1fe5,083b,8165,7715,0
1727,1727,0,7715,0,0,1e23,07c8,7715,7715,0
1728,1728,0,7715,0,0,e01e,0757,8222,7715,0
1729,1729,0,7715,0,0,e1b6,06e8,8630,7715,0
1730,1730,0,7715,0,0,1f7a,067a,8058,7715,0
1731,1731,0,7715,0,0,1df7,060e,7671,7715,0
1732,1732,0,7715,0,0,e04a,05a3,8266,7715,0
1733,1733,0,7715,0,0,e193,053b,8595,7715,0
1734,1734,0,7715,0,0,1f46,04d4,8006,7715,0
1735,1735,0,7715,0,0,1e2a,046e,7722,7715,0
1736,1736,0,7715,0,0,e2a0,040a,8352,7715,0
1737,1737,0,7715,0,0,e168,03a8,8552,7715,0
1738,1738,0,7715,0,0,dfe6,0348,8174,7715,0
1739,1739,0,7715,0,0,1ef6,02e9,7798,7715,0
1740,1740,0,7715,0,0,3ef7,028c,16119,7715,0
1741,1741,0,7715,0,0,e1f7,0230,8695,7715,0
1742,1742,0,7715,0,0,e147,01d6,11591,7715,0
1743,1743,0,7715,0,0,1ea1,017e,7841,7715,0
1744,1744,0,7715,0,0,1e81,0127,7809,7715,0
1745,1745,0,7715,0,0,e131,00d2,8689,7715,0
1746,1746,0,7715,0,0,e0fb,007e,8443,7715,0
1747,1747,0,7715,0,0,1e5b,002d,7771,7715,0
1748,1748,0,7715,0,0,1ebf,ffdc,7871,7715,0
1749,1749,0,7715,0,0,e151,ff8e,8529,7715,0
1750,1750,0,7715,0,0,e0b7,ff41,8375,7715,0
1751,1751,0,7715,0,0,1e2f,fef5,7727,7715,0
1752,1752,0,7715,0,0,1eee,feab,7918,7715,0
1753,1753,0,7715,0,0,e153,fe63,8531,7715,0
1754,1754,0,7715,0,0,e047,fe1c,8263,7715,0
1755,1755,0,7715,0,0,1e02,fdd7,7682,7715,0
1756,1756,0,7715,0,0,1f3c,fd93,7996,7715,0
1757,1757,0,7715,0,0,e17c,fd53,8572,7715,0
1758,1758,0,7715,0,0,e002,fd51,8194,7715,0
1759,1759,0,7715,0,0,1dee,fd10,7662,7715,0
1760,1760,0,7715,0,0,1f8d,fcd1,8077,7715,0
1761,1761,0,7715,0,0,e177,fc93,8567,7715,0
1762,1762,0,7715,0,0,1fe0,fc57,8160,7715,0
1763,1763,0,7715,0,0,1e10,fc1c,7696,7715,0
1764,1764,0,7715,0,0,1fc1,fbe3,8129,7715,0
1765,1765,0,7715,0,0,e14f,fbab,8527,7715,0
1766,1766,0,7715,0,0,1f3f,fb75,7999,7715,0
1767,1767,0,7715,0,0,1dcd,fb40,7629,7715,0
1768,1768,0,7715,0,0,e049,fb0c,8265,7715,0
1769,1769,0,7715,0,0,e18c,fada,8588,7715,0
1770,1770,0,7715,0,0,1f2e,faa9,7982,7715,0
1771,1771,0,7715,0,0,1e1a,fa7a,7706,7715,0
1772,1772,0,7715,0,0,e274,fa4c,8308,7715,0
1773,1773,0,7715,0,0,e167,fa20,8567,7715,0
1774,1774,0,7715,0,0,dfe3,f9f4,8167,7715,0
1775,1775,0,7715,0,0,1ee9,f9ca,7913,7715,0
1776,1776,0,7715,0,0,3e9d,f9a2,16029,7715,0
1777,1777,0,7715,0,0,e0de,f97b,8414,7715,0
1778,1778,0,7715,0,0,ecce,f955,11470,7715,0
1779,1779,0,7715,0,0,1e6f,f930,7791,7715,0
1780,1780,0,7715,0,0,1e40,f90d,7744,7715,0
1781,1781,0,7715,0,0,e100,f8ea,8448,7715,0
1782,1782,0,7715,0,0,e0b9,f8c9,8377,7715,0
1783,1783,0,7715,0,0,1e1e,f8aa,7710,7715,0
1784,1784,0,7715,0,0,1ea6,f88b,7846,7715,0
1785,1785,0,7715,0,0,e118,f86e,8472,7715,0
1786,1786,0,7715,0,0,e06c,f852,8300,7715,0
1787,1787,0,7715,0,0,1dde,f837,7646,7715,0
1788,1788,0,7715,0,0,1eb7,f81d,7863,7715,0
1789,1789,0,7715,0,0,e12b,f805,8491,7715,0
1790,1790,0,7715,0,0,e02b,f7ed,8235,7715,0
1791,1791,0,7715,0,0,1de5,f7d7,7653,7715,0
1792,1792,0,7715,0,0,1f20,f7c1,7968,7715,0
1793,1793,0,7715,0,0,e14e,f7ad,8526,7715,0
1794,1794,0,7715,0,0,1fc4,f7ad,8132,7715,0
1795,1795,0,7715,0,0,1da9,f79a,7593,7715,0
1796,1796,0,7715,0,0,1f57,f788,8023,7715,0
1797,1797,0,7715,0,0,e142,f777,8514,7715,0
1798,1798,0,7715,0,0,1f5d,f767,8029,7715,0
1799,1799,0,7715,0,0,1db1,f758,7601,7715,0
1800,1800,0,7715,0,0,1fb6,f74a,8118,7715,0
1801,1801,0,7715,0,0,e146,f73d,8518,7715,0
1802,1802,0,7715,0,0,1f10,f731,7952,7715,0
1803,1803,0,7715,0,0,1d94,f726,7572,7715,0
1804,1804,0,7715,0,0,1ff9,f71b,8185,7715,0
1805,1805,0,7715,0,0,e12a,f712,8490,7715,0
1806,1806,0,7715,0,0,1ed7,f70a,7895,7715,0
1807,1807,0,7715,0,0,1dd4,f702,7636,7715,0
1808,1808,0,7715,0,0,e039,f6fb,8249,7715,0
1809,1809,0,7715,0,0,e0fe,f6f6,8447,7715,0
1810,1810,0,7715,0,0,deff,f6f1,7870,7715,0
1811,1811,0,7715,0,0,1fdd,f6ed,8157,7715,0
1812,1812,0,7715,0,0,fdfd,f6e9,15869,7715,0
1813,1813,0,7715,0,0,e0fd,f6e7,8445,7715,0
1814,1814,0,7715,0,0,ece9,f6e5,12009,7715,0
1815,1815,0,7715,0,0,1e5f,f6e4,7769,7715,0
1816,1816,0,7715,0,0,1e2f,f6e4,7727,7715,0
1817,1817,0,7715,0,0,e0c4,f6e4,8388,7715,0
1818,1818,0,7715,0,0,e098,f6e5,8344,7715,0
1819,1819,0,7715,0,0,1e08,f6e7,7688,7715,0
1820,1820,0,7715,0,0,1e7c,f6ea,7804,7715,0
1821,1821,0,7715,0,0,e102,f6ed,8450,7715,0
1822,1822,0,7715,0,0,e073,f6f1,8307,7715,0
1823,1823,0,7715,0,0,1df8,f6f5,7672,7715,0
1824,1824,0,7715,0,0,1ec8,f6fa,7880,7715,0
1825,1825,0,7715,0,0,e14d,f700,8525,7715,0
1826,1826,0,7715,0,0,e04c,f707,8268,7715,0
1827,1827,0,7715,0,0,1dd0,f70d,7632,7715,0
1828,1828,0,7715,0,0,1f12,f715,7954,7715,0
1829,1829,0,7715,0,0,e16c,f71d,8556,7715,0
1830,1830,0,7715,0,0,1fef,f71d,8175,7715,0
1831,1831,0,7715,0,0,1dbb,f726,7611,7715,0
1832,1832,0,7715,0,0,1f70,f72f,8048,7715,0
1833,1833,0,7715,0,0,e173,f738,8563,7715,0
1834,1834,0,7715,0,0,1fab,f742,8107,7715,0
1835,1835,0,7715,0,0,1dcb,f74d,7627,7715,0
1836,1836,0,7715,0,0,1fdf,f758,8159,7715,0
1837,1837,0,7715,0,0,e171,f764,8561,7715,0
1838,1838,0,7715,0,0,1f5e,f770,8030,7715,0
1839,1839,0,7715,0,0,1de6,f77c,7654,7715,0
1840,1840,0,7715,0,0,e049,f789,8265,7715,0
1841,1841,0,7715,0,0,e162,f796,8546,7715,0
1842,1842,0,7715,0,0,1eb7,f7a4,7863,7715,0
1843,1843,0,7715,0,0,1dd0,f7b2,7632,7715,0
1844,1844,0,7715,0,0,e067,f7c0,8311,7715,0
1845,1845,0,7715,0,0,e127,f7cf,8487,7715,0
1846,1846,0,7715,0,0,dfb7,f7de,8119,7715,0
1847,1847,0,7715,0,0,1ebf,f7ed,7871,7715,0
1848,1848,0,7715,0,0,3efd,f7fd,16125,7715,0
1849,1849,0,7715,0,0,e1f7,f80d,8693,7715,0
1850,1850,0,7715,0,0,ed56,f81d,11590,7715,0
1851,1851,0,7715,0,0,1e7f,f82d,7807,7715,0
1852,1852,0,7715,0,0,1e9e,f83e,7838,7715,0
1853,1853,0,7715,0,0,e12e,f84f,8494,7715,0
1854,1854,0,7715,0,0,e0fe,f860,8446,7715,0
1855,1855,0,7715,0,0,1e72,f872,7794,7715,0
1856,1856,0,7715,0,0,1ee9,f884,7913,7715,0
1857,1857,0,7715,0,0,e15c,f896,8540,7715,0
1858,1858,0,7715,0,0,e097,f8a8,8343,7715,0
1859,1859,0,7715,0,0,1e19,f8ba,7705,7715,0
1860,1860,0,7715,0,0,1f2f,f8cd,7983,7715,0
1861,1861,0,7715,0,0,e19f,f8df,8607,7715,0
1862,1862,0,7715,0,0,e068,f8f2,8296,7715,0
1863,1863,0,7715,0,0,1e2f,f905,7727,7715,0
1864,1864,0,7715,0,0,1f7d,f918,8061,7715,0
1865,1865,0,7715,0,0,e1a4,f938,8612,7715,0
1866,1866,0,7715,0,0,e01f,f92b,8223,7715,0
1867,1867,0,7715,0,0,1e1b,f93f,7707,7715,0
1868,1868,0,7715,0,0,1fc5,f952,8133,7715,0
1869,1869,0,7715,0,0,e1a4,f965,8612,7715,0
1870,1870,0,7715,0,0,1fd5,f979,8149,7715,0
1871,1871,0,7715,0,0,1e28,f98d,7720,7715,0
1872,1872,0,7715,0,0,e033,f9a1,8243,7715,0
1873,1873,0,7715,0,0,e18b,f9b4,8587,7715,0
1874,1874,0,7715,0,0,1f84,f9c8,8068,7715,0
1875,1875,0,7715,0,0,1e3e,f9dc,7742,7715,0
1876,1876,0,7715,0,0,e087,f9f0,8327,7715,0
1877,1877,0,7715,0,0,e1a8,fa04,8616,7715,0
1878,1878,0,7715,0,0,1f2c,fa18,7980,7715,0
1879,1879,0,7715,0,0,1e32,fa2c,7730,7715,0
1880,1880,0,7715,0,0,e2b5,fa40,8375,7715,0
1881,1881,0,7715,0,0,e170,fa54,8565,7715,0
1882,1882,0,7715,0,0,fde8,fa68,8168,7715,0
1883,1883,0,7715,0,0,1ef9,fa7c,7929,7715,0
1884,1884,0,7715,0,0,1efd,fa90,16125,7715,0
1885,1885,0,7715,0,0,e1ff,faa4,8693,7715,0
1886,1886,0,7715,0,0,e12b,fab8,8491,7715,0
1887,1887,0,7715,0,0,1e9a,facc,7826,7715,0
1888,1888,0,7715,0,0,1e8a,fadf,7818,7715,0
1889,1889,0,7715,0,0,e127,faf3,8487,7715,0
1890,1890,0,7715,0,0,e103,fb07,8451,7715,0
1891,1891,0,7715,0,0,1e49,fb1a,7753,7715,0
1892,1892,0,7715,0,0,1eb2,fb2e,7858,7715,0
1893,1893,0,7715,0,0,e14c,fb41,8524,7715,0
1894,1894,0,7715,0,0,e09c,fb55,8348,7715,0
1895,1895,0,7715,0,0,1dfa,fb68,7674,7715,0
1896,1896,0,7715,0,0,1f0a,fb7b,7946,7715,0
1897,1897,0,7715,0,0,e17f,fb8e,8575,7715,0
1898,1898,0,7715,0,0,e03a,fba1,8250,7715,0
1899,1899,0,7715,0,0,1df4,fbb4,7668,7715,0
1900,1900,0,7715,0,0,1f56,fbc7,8022,7715,0
1901,1901,0,7715,0,0,e15f,fbc7,8543,7715,0
1902,1902,0,7715,0,0,1fe9,fbda,8169,7715,0
1903,1903,0,7715,0,0,1dcd,fbec,7629,7715,0
1904,1904,0,7715,0,0,1fa8,fbfe,8104,7715,0
1905,1905,0,7715,0,0,e17d,fc11,8573,7715,0
1906,1906,0,7715,0,0,1f6a,fc23,8042,7715,0
1907,1907,0,7715,0,0,1db4,fc35,7604,7715,0
1908,1908,0,7715,0,0,1fe3,fc47,8163,7715,0
1909,1909,0,7715,0,0,e174,fc58,8564,7715,0
1910,1910,0,7715,0,0,1f36,fc6a,7990,7715,0
1911,1911,0,7715,0,0,1dda,fc7b,7642,7715,0
1912,1912,0,7715,0,0,e02f,fc8d,8239,7715,0
1913,1913,0,7715,0,0,e13d,fc9e,8509,7715,0
1914,1914,0,7715,0,0,1ed4,fcaf,7892,7715,0
1915,1915,0,7715,0,0,1fea,fcc0,7658,7715,0
1916,1916,0,7715,0,0,e17c,fcd0,8318,7715,0
1917,1917,0,7715,0,0,e0ff,fce1,8447,7715,0
1918,1918,0,7715,0,0,feff,fcf1,7935,7715,0
1919,1919,0,7715,0,0,1e77,fd01,7799,7715,0
1920,1920,0,7715,0,0,fed5,fd11,16085,7715,0
1921,1921,0,7715,0,0,e0ef,fd21,8431,7715,0
1922,1922,0,7715,0,0,e0eb,fd30,11499,7715,0
1923,1923,0,7715,0,0,1e4d,fd40,7757,7715,0
1924,1924,0,7715,0,0,1e4a,fd4f,7754,7715,0
1925,1925,0,7715,0,0,e0fa,fd5e,8442,7715,0
1926,1926,0,7715,0,0,e0ad,fd6d,8365,7715,0
1927,1927,0,7715,0,0,1df4,fd7c,7668,7715,0
1928,1928,0,7715,0,0,1e62,fd8a,7778,7715,0
1929,1929,0,7715,0,0,e0e1,fd99,8417,7715,0
1930,1930,0,7715,0,0,e04c,fda7,8268,7715,0
1931,1931,0,7715,0,0,1dca,fdb5,7626,7715,0
1932,1932,0,7715,0,0,1eb4,fdc3,7860,7715,0
1933,1933,0,7715,0,0,e107,fdd0,8455,7715,0
1934,1934,0,7715,0,0,1fe6,fdde,8166,7715,0
1935,1935,0,7715,0,0,1db5,fdeb,7605,7715,0
1936,1936,0,7715,0,0,1f0a,fdfa,7946,7715,0
1937,1937,0,7715,0,0,e11e,fdf8,8478,7715,0
1938,1938,0,7715,0,0,1fa9,fe05,8105,7715,0
1939,1939,0,7715,0,0,1d87,fe12,7559,7715,0
1940,1940,0,7715,0,0,1f3f,fe1e,7999,7715,0
1941,1941,0,7715,0,0,e159,fe2a,8537,7715,0
1942,1942,0,7715,0,0,1f65,fe37,8037,7715,0
1943,1943,0,7715,0,0,1d58,fe43,7512,7715,0
1944,1944,0,7715,0,0,1fa1,fe4e,8097,7715,0
1945,1945,0,7715,0,0,e13f,fe5a,8511,7715,0
1946,1946,0,7715,0,0,1f1e,fe65,7966,7715,0
1947,1947,0,7715,0,0,1dad,fe71,7597,7715,0
1948,1948,0,7715,0,0,1fe0,fe7c,8160,7715,0
1949,1949,0,7715,0,0,e119,fe86,8473,7715,0
1950,1950,0,7715,0,0,1ed4,fe91,7892,7715,0
1951,1951,0,7715,0,0,1fe7,fe9c,7655,7715,0
1952,1952,0,7715,0,0,e161,fea6,8295,7715,0
1953,1953,0,7715,0,0,e0ed,feb0,8429,7715,0
1954,1954,0,7715,0,0,feed,feba,7917,7715,0
1955,1955,0,7715,0,0,1ff8,fec4,8184,7715,0
1956,1956,0,7715,0,0,1dfe,fecd,7678,7715,0
1957,1957,0,7715,0,0,e0fe,fed7,8446,7715,0
1958,1958,0,7715,0,0,e8d2,fee0,11474,7715,0
1959,1959,0,7715,0,0,1e45,fee9,7749,7715,0
1960,1960,0,7715,0,0,1e56,fef2,7766,7715,0
1961,1961,0,7715,0,0,e0e3,fefb,8419,7715,0
1962,1962,0,7715,0,0,e080,ff03,8320,7715,0
1963,1963,0,7715,0,0,1dff,ff0c,7679,7715,0
1964,1964,0,7715,0,0,1ea3,ff14,7843,7715,0
1965,1965,0,7715,0,0,e11a,ff1c,8474,7715,0
1966,1966,0,7715,0,0,e015,ff24,8213,7715,0
1967,1967,0,7715,0,0,1d86,ff2c,7558,7715,0
1968,1968,0,7715,0,0,1e2d,ff33,7725,7715,0
1969,1969,0,7715,0,0,e12e,ff3b,8494,7715,0
1970,1970,0,7715,0,0,e00f,ff42,8207,7715,0
1971,1971,0,7715,0,0,1e3b,ff49,7739,7715,0
1972,1972,0,7715,0,0,1f71,ff49,8049,7715,0
1973,1973,0,7715,0,0,e18e,ff50,8590,7715,0
1974,1974,0,7715,0,0,e002,ff57,8194,7715,0
1975,1975,0,7715,0,0,1dfe,ff5d,7678,7715,0
1976,1976,0,7715,0,0,1fa6,ff64,8102,7715,0
1977,1977,0,7715,0,0,e134,ff6a,8500,7715,0
1978,1978,0,7715,0,0,1f57,ff71,8023,7715,0
1979,1979,0,7715,0,0,1dda,ff77,7642,7715,0
1980,1980,0,7715,0,0,e030,ff7d,8240,7715,0
1981,1981,0,7715,0,0,e185,ff82,8581,7715,0
1982,1982,0,7715,0,0,1f44,ff88,8004,7715,0
1983,1983,0,7715,0,0,1e14,ff8e,7700,7715,0
1984,1984,0,7715,0,0,e074,ff93,8308,7715,0
1985,1985,0,7715,0,0,e179,ff98,8569,7715,0
1986,1986,0,7715,0,0,1f12,ff9d,7954,7715,0
1987,1987,0,7715,0,0,1e38,ffa2,7738,7715,0
1988,1988,0,7715,0,0,eef1,ffa7,8953,7715,0
1989,1989,0,7715,0,0,e1d9,ffac,8537,7715,0
1990,1990,0,7715,0,0,fddb,ffb1,16345,7715,0
1991,1991,0,7715,0,0,1eda,ffb5,7898,7715,0
1992,1992,0,7715,0,0,1e5f,ffb9,7770,7715,0
1993,1993,0,7715,0,0,e14f,ffbe,8527,7715,0
1994,1994,0,7715,0,0,e14d,ffc2,8525,7715,0
1995,1995,0,7715,0,0,1e9e,ffc6,7834,7715,0
1996,1996,0,7715,0,0,1e9e,ffca,7838,7715,0
1997,1997,0,7715,0,0,e13d,ffce,8509,7715,0
1998,1998,0,7715,0,0,e0f8,ffd1,8440,7715,0
1999,1999,0,7715,0,0,1e4e,ffd5,7758,7715,0
2000,2000,0,7715,0,0,1efa,ffd8,7930,7715,0
2001,2001,0,7715,0,0,e168,ffdc,8552,7715,0
2002,2002,0,7715,0,0,e0b1,ffdf,8369,7715,0
2003,2003,0,7715,0,0,1e2d,ffe2,7725,7715,0
2004,2004,0,7715,0,0,1f21,ffe5,7969,7715,0
2005,2005,0,7715,0,0,e19c,ffe8,8604,7715,0
2006,2006,0,7715,0,0,e07a,ffeb,8314,7715,0
2007,2007,0,7715,0,0,1e13,ffee,7699,7715,0
2008,2008,0,7715,0,0,1f9f,ffee,8095,7715,0
2009,2009,0,7715,0,0,e19e,fff1,8606,7715,0
2010,2010,0,7715,0,0,1ff9,fff3,8185,7715,0
2011,2011,0,7715,0,0,1e16,fff6,7702,7715,0
2012,2012,0,7715,0,0,1fd5,fff8,8149,7715,0
2013,2013,0,7715,0,0,e1a2,fffb,8610,7715,0
2014,2014,0,7715,0,0,1fc4,fffd,8132,7715,0
2015,2015,0,7715,0,0,1df9,ffff,7673,7715,0
2016,2016,0,7715,0,0,e028,0001,8232,7715,0
2017,2017,0,7715,0,0,e1a5,0003,8613,7715,0
2018,2018,0,7715,0,0,1f5d,0005,8029,7715,0
2019,2019,0,7715,0,0,1e1c,0007,7708,7715,0
2020,2020,0,7715,0,0,e073,0008,8307,7715,0
2021,2021,0,7715,0,0,e162,000a,8546,7715,0
2022,2022,0,7715,0,0,1eec,000c,7916,7715,0
2023,2023,0,7715,0,0,1e2f,000d,7727,7715,0
2024,2024,0,7715,0,0,eef5,000f,8959,7715,0
2025,2025,0,7715,0,0,e1dd,0010,8541,7715,0
2026,2026,0,7715,0,0,ed4d,0011,15817,7715,0
2027,2027,0,7715,0,0,1eef,0012,7919,7715,0
2028,2028,0,7715,0,0,3eda,0014,16090,7715,0
2029,2029,0,7715,0,0,e1d1,0015,8657,7715,0
2030,2030,0,7715,0,0,e115,0016,8465,7715,0
2031,2031,0,7715,0,0,1e8f,0017,7823,7715,0
2032,2032,0,7715,0,0,1e98,0017,7832,7715,0
2033,2033,0,7715,0,0,e12b,0018,8491,7715,0
2034,2034,0,7715,0,0,e0be,0019,8382,7715,0
2035,2035,0,7715,0,0,1e21,001a,7713,7715,0
2036,2036,0,7715,0,0,1ed1,001a,7889,7715,0
2037,2037,0,7715,0,0,e151,001b,8529,7715,0
2038,2038,0,7715,0,0,e072,001b,8306,7715,0
2039,2039,0,7715,0,0,1e25,001b,7717,7715,0
2040,2040,0,7715,0,0,1f14,001c,7956,7715,0
2041,2041,0,7715,0,0,e143,001c,8515,7715,0
2042,2042,0,7715,0,0,e026,001c,8230,7715,0
2043,2043,0,7715,0,0,1dd8,001c,7640,7715,0
2044,2044,0,7715,0,0,1f48,001c,8008,7715,0
2045,2045,0,7715,0,0,e17c,001c,8572,7715,0
2046,2046,0,7715,0,0,1fea,001c,8170,7715,0
2047,2047,0,7715,0,0,1de8,001c,7656,7715,0
2048,2048,1,8572,0,1,1f97,001c,8087,8572,1
2049,2049,0,8572,0,1,e14d,001c,8525,8572,1
2050,2050,0,8572,0,1,1f87,001c,8071,8572,1
2051,2051,0,8170,0,1,1dce,001c,7630,8170,1
2052,2052,0,8565,0,1,1fec,001c,8172,8565,1
2053,2053,0,7867,0,1,e165,001c,8549,7867,1
2054,2054,0,7907,0,1,1f19,001c,7961,7907,1
2055,2055,0,8625,0,1,1dc1,001c,7617,8625,1
2056,2056,0,8492,0,1,e044,001c,8260,8492,1
2057,2057,0,7819,0,1,e146,001c,8518,7819,1
2058,2058,0,8012,0,1,1ec9,001c,7881,8012,1
2059,2059,0,8634,0,1,1fdb,001c,7643,8634,1
2060,2060,0,8441,0,1,edfc,001c,8575,8441,1
2061,2061,0,7791,0,1,e17c,001c,8508,7791,1
2062,2062,0,8068,0,1,e10c,001c,13644,8068,1
2063,2063,0,8683,0,1,1e73,001c,7795,8683,1
2064,2064,0,8325,0,1,feb1,001c,16049,8325,1
2065,2065,0,7760,0,1,e0f1,001c,8433,7760,1
2066,2066,0,8162,0,1,e0d0,001c,11472,8162,1
2067,2067,0,8677,0,1,1e35,001c,7733,8677,1
2068,2068,0,8264,0,1,1e4e,001c,7758,8264,1
2069,2069,0,7773,0,1,e0f1,001c,8433,7773,1
2070,2070,0,8242,0,1,e08b,001c,8331,8242,1
2071,2071,0,8688,0,1,1de4,001c,7652,8688,1
2072,2072,0,8195,0,1,1eb7,001c,7863,8195,1
2073,2073,0,7770,0,1,e145,001c,8517,7770,1
2074,2074,0,8295,0,1,e04e,001c,8270,8295,1
2075,2075,0,8644,0,1,1de5,001c,7653,8644,1
2076,2076,0,8125,0,1,1eec,001c,7916,8125,1
2077,2077,0,7817,0,1,e143,001c,8515,7817,1
2078,2078,0,8395,0,1,e003,001c,8195,8395,1
2079,2079,0,8618,0,1,1dc1,001c,7617,8618,1
2080,2080,0,7985,0,1,1f4a,001c,8010,7985,1
2081,2081,0,7838,0,1,e157,001c,8535,7838,1
2082,2082,0,8472,0,1,1f9d,001c,8093,8472,1
2083,2083,0,8619,0,1,1db3,001c,7603,8619,1
2084,2084,0,7977,0,1,1fa0,001c,8096,7977,1
2085,2085,0,7862,0,1,e164,001c,8548,7862,1
2086,2086,0,8509,0,1,1f79,001c,8057,8509,1
2087,2087,0,8563,0,1,1dd6,001c,7638,8563,1
2088,2088,0,7890,0,1,1fe1,001c,8161,7890,1
2089,2089,0,7911,0,1,e150,001c,8528,7911,1
2090,2090,0,8589,0,1,1f07,001c,7943,8589,1
2091,2091,0,8491,0,1,1dd2,001c,7634,8491,1
2092,2092,0,7837,0,1,e027,001c,8231,7837,1
2093,2093,0,7987,0,1,e119,001c,8473,7987,1
2094,2094,0,8603,0,1,1ebc,001c,7868,8603,1
2095,2095,0,8433,0,1,1fee,001c,7678,8433,1
2096,2096,0,7807,0,1,edaa,001c,8622,7807,1
2097,2097,0,8057,0,1,e0fc,001c,8444,8057,1
2098,2098,0,8637,0,1,eefd,001c,16125,8637,1
2099,2099,0,8311,0,1,1e6d,001c,7789,8311,1
2100,2100,0,7734,0,1,3ed7,001c,16087,7734,1
2101,2101,0,8118,0,1,e0f7,001c,8407,8118,1
2102,2102,0,8672,0,1,e0f9,001c,11505,8672,1
2103,2103,0,8253,0,1,1e39,001c,7801,8253,1
2104,2104,0,7732,0,1,1e5b,001c,7771,7732,1
2105,2105,0,8218,0,1,e0f5,001c,8437,8218,1
2106,2106,0,8697,0,1,e0a0,001c,8352,8697,1
2107,2107,0,8182,0,1,1e00,001c,7680,8182,1
2108,2108,0,7760,0,1,1ea7,001c,7847,7760,1
2109,2109,0,8310,0,1,e13d,001c,8509,8310,1
2110,2110,0,8652,0,1,e059,001c,8281,8652,1
2111,2111,0,8104,0,1,1e34,001c,7732,8104,1
2112,2112,0,7793,0,1,1f58,001c,8024,7793,1
2113,2113,0,8387,0,1,e199,001c,8601,8387,1
2114,2114,0,8642,0,1,1ff9,001c,8185,8642,1
2115,2115,0,8002,0,1,1dc2,001c,7618,8002,1
2116,2116,0,7813,0,1,1f7e,001c,8062,7813,1
2117,2117,0,8478,0,1,e18c,001c,8588,8478,1
2118,2118,0,8569,0,1,1faa,001c,8106,8569,1
2119,2119,0,7894,0,1,1db7,001c,7607,7894,1
2120,2120,0,7852,0,1,1fb9,001c,8121,7852,1
2121,2121,0,8558,0,1,e168,001c,8552,8558,1
2122,2122,0,8556,0,1,1f75,001c,8053,8556,1
2123,2123,0,7866,0,1,1de1,001c,7649,7866,1
2124,2124,0,7903,0,1,e022,001c,8226,7903,1
2125,2125,0,8605,0,1,e161,001c,8545,8605,1
2126,2126,0,8469,0,1,1f02,001c,7938,8469,1
2127,2127,0,7796,0,1,1dfa,001c,7674,7796,1
2128,2128,0,7997,0,1,e082,001c,8322,7997,1
2129,2129,0,8624,0,1,e13d,001c,8509,8624,1
2130,2130,0,8398,0,1,1ee1,001c,7921,8398,1
2131,2131,0,7783,0,1,1e0b,001c,7691,7783,1
2132,2132,0,8068,0,1,febb,001c,8891,8068,1
2133,2133,0,8616,0,1,e1bb,001c,8635,8616,1
2134,2134,0,8313,0,1,ed1a,001c,11546,8313,1
2135,2135,0,7757,0,1,1edd,001c,7901,7757,1
2136,2136,0,8137,0,1,1e6d,001c,7917,8137,1
2137,2137,0,8695,0,1,e0ff,001c,8446,8695,1
2138,2138,0,8253,0,1,e0dd,001c,9437,8253,1
2139,2139,0,7729,0,1,1e51,001c,7761,7729,1
2140,2140,0,8205,0,1,1eb2,001c,7858,8205,1
2141,2141,0,8670,0,1,e13b,001c,8507,8670,1
2142,2142,0,8169,0,1,e0a9,001c,8361,8169,1
2143,2143,0,7744,0,1,1e16,001c,7702,7744,1
2144,2144,0,8304,0,1,1edb,001c,7899,8304,1
2145,2145,0,8661,0,1,e155,001c,8533,8661,1
2146,2146,0,8085,0,1,e05f,001c,8287,8085,1
2147,2147,0,7784,0,1,1e05,001c,7685,7784,1
2148,2148,0,8389,0,1,1f3b,001c,7995,8389,1
2149,2149,0,8641,0,1,e177,001c,8567,8641,1
2150,2150,0,8014,0,1,e029,001c,8233,8014,1
2151,2151,0,7760,0,1,1e12,001c,7698,7760,1
2152,2152,0,8480,0,1,1f97,001c,8087,8480,1
2153,2153,0,8645,0,1,e19c,001c,8604,8645,1
2154,2154,0,7850,0,1,1fda,001c,8154,7850,1
2155,2155,0,7914,0,1,1de8,001c,7656,7914,1
2156,2156,0,8602,0,1,1fe7,001c,8167,8602,1
2157,2157,0,8523,0,1,e17c,001c,8572,8523,1
2158,2158,0,7871,0,1,1f8c,001c,8076,7871,1
2159,2159,0,7923,0,1,1e0d,001c,7693,7923,1
2160,2160,0,8606,0,1,e03d,001c,8253,8606,1
2161,2161,0,8501,0,1,e19f,001c,8607,8501,1
2162,2162,0,7813,0,1,1f4c,001c,8012,7813,1
2163,2163,0,8067,0,1,1e15,001c,7701,8067,1
2164,2164,0,8676,0,1,e09b,001c,8347,8676,1
2165,2165,0,8388,0,1,e176,001c,8566,8388,1
2166,2166,0,7801,0,1,1f2c,001c,7998,7801,1
2167,2167,0,8119,0,1,1f4a,001c,7758,8119,1
2168,2168,0,8716,0,1,fec3,001c,10955,8716,1
2169,2169,0,8387,0,1,e1d7,001c,8663,8387,1
2170,2170,0,7780,0,1,ed56,001c,11606,7780,1
2171,2171,0,8179,0,1,1ec3,001c,7875,8179,1
2172,2172,0,8707,0,1,1e80,001c,7808,8707,1
2173,2173,0,8277,0,1,e13d,001c,8509,8277,1
2174,2174,0,7790,0,1,e106,001c,8454,7790,1
2175,2175,0,8246,0,1,1e64,001c,7780,8246,1
2176,2176,0,8730,0,1,1ed8,001c,7896,8730,1
2177,2177,0,8199,0,1,e15c,001c,8540,8199,1
2178,2178,0,7777,0,1,e0cd,001c,8397,7777,1
2179,2179,0,8352,0,1,1e30,001c,7728,8352,1
2180,2180,0,8682,0,1,1ee2,001c,7906,8682,1
2181,2181,0,8091,0,1,e189,001c,8585,8091,1
2182,2182,0,7809,0,1,e097,001c,8343,7809,1
2183,2183,0,8396,0,1,1e0f,001c,7695,8396,1
2184,2184,0,8637,0,1,1f55,001c,8021,8637,1
2185,2185,0,8010,0,1,e189,001c,8585,8010,1
2186,2186,0,7811,0,1,e02f,001c,8239,7811,1
2187,2187,0,8470,0,1,1e16,001c,7702,8470,1
2188,2188,0,8566,0,1,1f89,001c,8073,8566,1
2189,2189,0,7917,0,1,e195,001c,8597,7917,1
2190,2190,0,7897,0,1,1fe8,001c,8168,7897,1
2191,2191,0,8537,0,1,1dfe,001c,7678,8537,1
2192,2192,0,8501,0,1,1fee,001c,8174,8501,1
2193,2193,0,7871,0,1,e17a,001c,8570,7871,1
2194,2194,0,7951,0,1,1f64,001c,8036,7951,1
2195,2195,0,8607,0,1,1de6,001c,7654,8607,1
2196,2196,0,8485,0,1,e028,001c,8232,8485,1
2197,2197,0,7792,0,1,e181,001c,8577,7792,1
2198,2198,0,8022,0,1,1f25,001c,7973,8022,1
2199,2199,0,8670,0,1,1e0f,001c,7695,8670,1
2200,2200,0,8443,0,1,e08b,001c,8331,8443,1
2201,2201,0,7817,0,1,e153,001c,8531,7817,1
2202,2202,0,8101,0,1,1ee6,001c,7927,8101,1
2203,2203,0,8668,0,1,1e6f,001c,7791,8668,1
2204,2204,0,8338,0,1,feef,001c,16047,8338,1
2205,2205,0,7792,0,1,e1bd,001c,8637,7792,1
2206,2206,0,8173,0,1,ff9d,001c,16285,8173,1
2207,2207,0,8675,0,1,1edf,001c,7903,8675,1
2208,2208,0,8234,0,1,1e6b,001c,7787,8234,1
2209,2209,0,7796,0,1,e15a,001c,8666,7796,1
2210,2210,0,8265,0,1,e0ed,001c,8429,8265,1
2211,2211,0,8675,0,1,1e33,001c,7731,8675,1
2212,2212,0,8145,0,1,1ea3,001c,7843,8145,1
2213,2213,0,7767,0,1,e130,001c,8496,7767,1
2214,2214,0,8357,0,1,e0a7,001c,8359,8357,1
2215,2215,0,8695,0,1,1e26,001c,7718,8695,1
2216,2216,0,8076,0,1,1ed5,001c,7893,8076,1
2217,2217,0,7788,0,1,e14b,001c,8523,7788,1
2218,2218,0,8403,0,1,e040,001c,8256,8403,1
2219,2219,0,8616,0,1,1de0,001c,7648,8616,1
2220,2220,0,8003,0,1,1f22,001c,7970,8003,1
2221,2221,0,7814,0,1,e17c,001c,8572,7814,1
2222,2222,0,8457,0,1,e011,001c,8209,8457,1
2223,2223,0,8549,0,1,1de4,001c,7652,8549,1
2224,2224,0,7885,0,1,1f6a,001c,8042,7885,1
2225,2225,0,7889,0,1,e17c,001c,8572,7889,1
2226,2226,0,8526,0,1,1fa7,001c,8103,8526,1
2227,2227,0,8508,0,1,1dbe,001c,7614,8508,1
2228,2228,0,7862,0,1,1fbd,001c,8125,7862,1
2229,2229,0,7952,0,1,e163,001c,8547,7952,1
2230,2230,0,8634,0,1,1f4b,001c,8011,8634,1
2231,2231,0,8530,0,1,1de9,001c,7657,8530,1
2232,2232,0,7816,0,1,e011,001c,8209,7816,1
2233,2233,0,8004,0,1,e14e,001c,8526,8004,1
2234,2234,0,8602,0,1,1eed,001c,7917,8602,1
2235,2235,0,8363,0,1,1ded,001c,7661,8363,1
2236,2236,0,7740,0,1,e089,001c,8329,7740,1
2237,2237,0,8055,0,1,e136,001c,8502,8055,1
2238,2238,0,8628,0,1,1eb2,001c,7862,8628,1
2239,2239,0,8292,0,1,1e9f,001c,7711,8292,1
2240,2240,0,7727,0,1,febf,001c,16063,7727,1
2241,2241,0,8134,0,1,e1bb,001c,8635,8134,1
2242,2242,0,8649,0,1,ed57,001c,11607,8649,1
2243,2243,0,8202,0,1,1e77,001c,7799,8202,1
2244,2244,0,7734,0,1,1e37,001c,7735,7734,1
2245,2245,0,8206,0,1,e12f,001c,8494,8206,1
2246,2246,0,8621,0,1,e137,001c,8503,8621,1
2247,2247,0,8119,0,1,1e52,001c,7762,8119,1
2248,2248,0,7718,0,1,1eaa,001c,7850,7718,1
2249,2249,0,8272,0,1,e112,001c,8466,8272,1
2250,2250,0,8586,0,1,e087,001c,8327,8586,1
2251,2251,0,8006,0,1,1e0c,001c,7692,8006,1
2252,2252,0,7719,0,1,1edc,001c,7900,7719,1
2253,2253,0,8340,0,1,e14f,001c,8527,8340,1
2254,2254,0,8573,0,1,e03a,001c,8250,8573,1
2255,2255,0,7941,0,1,1ddc,001c,7644,7941,1
2256,2256,0,7756,0,1,1f45,001c,8005,7756,1
2257,2257,0,8435,0,1,e16e,001c,8558,8435,1
2258,2258,0,8557,0,1,1fe1,001c,8161,8557,1
2259,2259,0,7872,0,1,1ddb,001c,7643,7872,1
2260,2260,0,7814,0,1,1f7a,001c,8058,7814,1
2261,2261,0,8504,0,1,e17b,001c,8571,8504,1
2262,2262,0,8473,0,1,1fc7,001c,8135,8473,1
2263,2263,0,7779,0,1,1dee,001c,7662,7779,1
2264,2264,0,7886,0,1,1fe6,001c,8166,7886,1
2265,2265,0,8554,0,1,e14d,001c,8525,8554,1
2266,2266,0,8386,0,1,1f46,001c,8006,8386,1
2267,2267,0,7749,0,1,1df3,001c,7667,7749,1
2268,2268,0,7988,0,1,e03d,001c,8253,7988,1
2269,2269,0,8612,0,1,e167,001c,8551,8612,1
2270,2270,0,8336,0,1,1f21,001c,7969,8336,1
2271,2271,0,7720,0,1,1e0f,001c,7695,7720,1
2272,2272,0,8054,0,1,e06b,001c,8299,8054,1
2273,2273,0,8649,0,1,e143,001c,8515,8649,1
2274,2274,0,8245,0,1,1fd5,001c,7895,8245,1
2275,2275,0,7678,0,1,1ebf,001c,7711,7678,1
2276,2276,0,8118,0,1,feee,001c,16110,8118,1
2277,2277,0,8630,0,1,e1f3,001c,8691,8630,1
2278,2278,0,8191,0,1,ed3d,001c,11581,8191,1
2279,2279,0,7733,0,1,1edd,001c,7901,7733,1
2280,2280,0,8223,0,1,1e64,001c,7780,8223,1
2281,2281,0,8618,0,1,e10f,001c,8463,8618,1
2282,2282,0,8129,0,1,e112,001c,8466,8129,1
2283,2283,0,7722,0,1,1e6b,001c,7787,7722,1
2284,2284,0,8299,0,1,1eba,001c,7866,8299,1
2285,2285,0,8638,0,1,e147,001c,8519,8638,1
2286,2286,0,8007,0,1,e0b1,001c,8369,8007,1
2287,2287,0,7730,0,1,1e46,001c,7750,7730,1
2288,2288,0,8398,0,1,1f19,001c,7961,8398,1
2289,2289,0,8580,0,1,e177,001c,8567,8580,1
2290,2290,0,7929,0,1,e087,001c,8327,7929,1
2291,2291,0,7812,0,1,1e0c,001c,7692,7812,1
2292,2292,0,8473,0,1,1f6a,001c,8042,8473,1
2293,2293,0,8571,0,1,e1b6,001c,8630,8571,1
2294,2294,0,7904,0,1,e03b,001c,8251,7904,1
2295,2295,0,7876,0,1,1e00,001c,7680,7876,1
2296,2296,0,8525,0,1,1fa7,001c,8103,8525,1
2297,2297,0,8481,0,1,e1ae,001c,8622,8481,1
2298,2298,0,7818,0,1,1fe4,001c,8164,7818,1
2299,2299,0,7945,0,1,1e18,001c,7704,7945,1
2300,2300,0,8587,0,1,e015,001c,8213,8587,1
2301,2301,0,8419,0,1,e19d,001c,8605,8419,1
2302,2302,0,7800,0,1,1f91,001c,8081,7800,1
2303,2303,0,8051,0,1,1e3f,001c,7743,8051,1
2304,2304,0,8640,0,1,e077,001c,8311,8640,1
2305,2305,0,8367,0,1,e17e,001c,8574,8367,1
2306,2306,0,7779,0,1,1f43,001c,8003,7779,1
2307,2307,0,8102,0,1,1e42,001c,7746,8102,1
2308,2308,0,8651,0,1,e0b8,001c,8376,8651,1
2309,2309,0,8312,0,1,e1a5,001c,8613,8312,1
2310,2310,0,7727,0,1,1fe4,001c,7909,7727,1
2311,2311,0,8146,0,1,1ee6,001c,7782,8146,1
2312,2312,0,8677,0,1,ff66,001c,16230,8677,1
2313,2313,0,8202,0,1,e13a,001c,8506,8202,1
2314,2314,0,7752,0,1,edba,001c,11706,7752,1
2315,2315,0,8275,0,1,1eaf,001c,7854,8275,1
2316,2316,0,8686,0,1,1ead,001c,7853,8686,1
2317,2317,0,8162,0,1,e12f,001c,8493,8162,1
2318,2318,0,7772,0,1,e117,001c,8471,7772,1
2319,2319,0,8329,0,1,1e75,001c,7797,8329,1
2320,2320,0,8657,0,1,1edb,001c,7899,8657,1
2321,2321,0,8060,0,1,e161,001c,8545,8060,1
2322,2322,0,7792,0,1,e0c3,001c,8387,7792,1
2323,2323,0,8445,0,1,1e5d,001c,7773,8445,1
2324,2324,0,8611,0,1,1f3a,001c,7994,8611,1
2325,2325,0,7966,0,1,e175,001c,8565,7966,1
2326,2326,0,7878,0,1,e06b,001c,8299,7878,1
2327,2327,0,8529,0,1,1e1b,001c,7707,8529,1
2328,2328,0,8604,0,1,1f72,001c,8050,8604,1
2329,2329,0,7910,0,1,e1aa,001c,8618,7910,1
2330,2330,0,7879,0,1,e025,001c,8229,7879,1
2331,2331,0,8582,0,1,1e11,001c,7697,8582,1
2332,2332,0,8540,0,1,1fc4,001c,8132,8540,1
2333,2333,0,7836,0,1,e1b2,001c,8626,7836,1
2334,2334,0,7949,0,1,1fe9,001c,8169,7949,1
2335,2335,0,8615,0,1,1e0e,001c,7694,8615,1
2336,2336,0,8436,0,1,e02a,001c,8234,8436,1
2337,2337,0,7814,0,1,e1c0,001c,8640,7814,1
2338,2338,0,8033,0,1,1f6a,001c,8042,8033,1
2339,2339,0,8657,0,1,1e0b,001c,7691,8657,1
2340,2340,0,8367,0,1,e079,001c,8313,8367,1
2341,2341,0,7768,0,1,e190,001c,8592,7768,1
2342,2342,0,8093,0,1,1f34,001c,7988,8093,1
2343,2343,0,8638,0,1,1e3e,001c,7742,8638,1
2344,2344,0,8266,0,1,e0a5,001c,8357,8266,1
2345,2345,0,7765,0,1,e176,001c,8567,7765,1
2346,2346,0,8167,0,1,1fdd,001c,8159,8167,1
2347,2347,0,8637,0,1,1ed7,001c,7775,8637,1
2348,2348,0,8177,0,1,fe57,001c,16215,8177,1
2349,2349,0,7763,0,1,e13f,001c,8511,7763,1
2350,2350,0,8248,0,1,ed2b,001c,11563,8248,1
2351,2351,0,8633,0,1,1e7c,001c,7804,8633,1
2352,2352,0,8099,0,1,1e8a,001c,7818,8099,1
2353,2353,0,7750,0,1,e146,001c,8518,7750,1
2354,2354,0,8316,0,1,e0ed,001c,8429,8316,1
2355,2355,0,8624,0,1,1e26,001c,7718,8624,1
2356,2356,0,8036,0,1,1eca,001c,7882,8036,1
2357,2357,0,7742,0,1,e180,001c,8576,7742,1
2358,2358,0,8379,0,1,e0c2,001c,8386,8379,1
2359,2359,0,8609,0,1,1e26,001c,7718,8609,1
2360,2360,0,7929,0,1,1f08,001c,7944,7929,1
2361,2361,0,7786,0,1,e188,001c,8584,7786,1
2362,2362,0,8465,0,1,e07d,001c,8317,8465,1
2363,2363,0,8533,0,1,1e0b,001c,7691,8533,1
2364,2364,0,7839,0,1,1f59,001c,8025,7839,1
2365,2365,0,7853,0,1,e18a,001c,8586,7853,1
2366,2366,0,8540,0,1,1ff9,001c,8185,8540,1
2367,2367,0,8467,0,1,1e04,001c,7684,8467,1
2368,2368,0,7757,0,1,1fa4,001c,8100,7757,1
2369,2369,0,7888,0,1,e194,001c,8596,7888,1
2370,2370,0,8568,0,1,1fc0,001c,8128,8568,1
2371,2371,0,8431,0,1,1dfd,001c,7677,8431,1
2372,2372,0,7739,0,1,e01c,001c,8220,7739,1
2373,2373,0,7950,0,1,e1a2,001c,8610,7950,1
2374,2374,0,8606,0,1,1f5f,001c,8031,8606,1
2375,2375,0,8316,0,1,1df7,001c,7671,8316,1
2376,2376,0,7685,0,1,e05b,001c,8283,7685,1
2377,2377,0,8056,0,1,e167,001c,8551,8056,1
2378,2378,0,8587,0,1,1f3e,001c,7998,8587,1
2379,2379,0,8203,0,1,1e60,001c,7776,8203,1
2380,2380,0,7690,0,1,e29b,001c,8379,7690,1
2381,2381,0,8125,0,1,e142,001c,8531,8125,1
2382,2382,0,8614,0,1,5fc3,001c,8131,8614,1
2383,2383,0,8118,0,1,1ed3,001c,7763,8118,1
2384,2384,0,7666,0,1,bef3,001c,16115,7666,1
2385,2385,0,8236,0,1,e1f9,001c,8697,8236,1
2386,2386,0,8624,0,1,e148,001c,8520,8624,1
2387,2387,0,8053,0,1,1ea5,001c,7845,8053,1
2388,2388,0,7693,0,1,1e7a,001c,7802,7693,1
2389,2389,0,8277,0,1,e12b,001c,8491,8277,1
2390,2390,0,8573,0,1,e107,001c,8455,8573,1
2391,2391,0,7976,0,1,1e49,001c,7753,7976,1
2392,2392,0,7732,0,1,1ec6,001c,7878,7732,1
2393,2393,0,8372,0,1,e14c,001c,8524,8372,1
2394,2394,0,8544,0,1,e098,001c,8344,8544,1
2395,2395,0,7864,0,1,1e27,001c,7719,7864,1
2396,2396,0,7774,0,1,1f21,001c,7969,7774,1
2397,2397,0,8468,0,1,e191,001c,8593,8468,1
2398,2398,0,8489,0,1,e075,001c,8309,8489,1
2399,2399,0,7791,0,1,1e31,001c,7729,7791,1
2400,2400,0,7818,0,1,1f80,001c,8064,7818,1
2401,2401,0,8523,0,1,e19a,001c,8602,8523,1
2402,2402,0,8453,0,1,e002,001c,8194,8453,1
2403,2403,0,7775,0,1,1dfd,001c,7677,7775,1
2404,2404,0,7902,0,1,1fb4,001c,8116,7902,1
2405,2405,0,8544,0,1,e183,001c,8579,8544,1
2406,2406,0,8395,0,1,1fb7,001c,8119,8395,1
2407,2407,0,7760,0,1,1e03,001c,7683,7760,1
2408,2408,0,7951,0,1,1ffb,001c,8187,7951,1
2409,2409,0,8591,0,1,e190,001c,8592,8591,1
2410,2410,0,8325,0,1,1f64,001c,8036,8325,1
2411,2411,0,7719,0,1,1e13,001c,7699,7719,1
2412,2412,0,8074,0,1,e063,001c,8291,8074,1
2413,2413,0,8627,0,1,e178,001c,8568,8627,1
2414,2414,0,8208,0,1,1f19,001c,7961,8208,1
2415,2415,0,7687,0,1,1e30,001c,7728,7687,1
2416,2416,0,8140,0,1,e2ae,001c,8366,8140,1
2417,2417,0,8647,0,1,e16c,001c,8558,8647,1
2418,2418,0,8176,0,1,dde7,001c,8140,8176,1
2419,2419,0,7700,0,1,1ef3,001c,7923,7700,1
2420,2420,0,8211,0,1,fef5,001c,16117,8211,1
2421,2421,0,8620,0,1,e1ff,001c,8703,8620,1
2422,2422,0,8081,0,1,e12b,001c,11563,8081,1
2423,2423,0,7729,0,1,1e9a,001c,7834,7729,1
2424,2424,0,8315,0,1,1ea4,001c,7844,8315,1
2425,2425,0,8586,0,1,e12e,001c,8494,8586,1
2426,2426,0,7997,0,1,e0f9,001c,8441,7997,1
2427,2427,0,7747,0,1,1e63,001c,7779,7747,1
2428,2428,0,8415,0,1,1ee5,001c,7909,8415,1
2429,2429,0,8590,0,1,e177,001c,8567,8590,1
2430,2430,0,7935,0,1,e0a6,001c,8358,7935,1
2431,2431,0,7811,0,1,1e2a,001c,7722,7811,1
2432,2432,0,8480,0,1,1f27,001c,7975,8480,1
2433,2433,0,8536,0,1,e191,001c,8593,8536,1
2434,2434,0,7850,0,1,e06e,001c,8302,7850,1
2435,2435,0,7864,0,1,1e16,001c,7702,7864,1
2436,2436,0,8533,0,1,1f60,001c,8032,8533,1
2437,2437,0,8440,0,1,e1a1,001c,8609,8440,1
2438,2438,0,7799,0,1,e029,001c,8233,7799,1
2439,2439,0,8002,0,1,1e18,001c,7704,8002,1
2440,2440,0,8684,0,1,1fd0,001c,8144,8684,1
2441,2441,0,8388,0,1,e18e,001c,8590,8388,1
2442,2442,0,7808,0,1,1fb9,001c,8121,7808,1
2443,2443,0,7975,0,1,1e0c,001c,7692,7975,1
2444,2444,0,8558,0,1,e021,001c,8225,8558,1
2445,2445,0,8278,0,1,e1b0,001c,8624,8278,1
2446,2446,0,7687,0,1,1f7e,001c,8062,7687,1
2447,2447,0,8164,0,1,1e16,001c,7702,8164,1
2448,2448,0,8664,0,1,e07c,001c,8316,8664,1
2449,2449,0,8278,0,1,e1a7,001c,8615,8278,1
2450,2450,0,7677,0,1,1f27,001c,7975,7677,1
2451,2451,0,8173,0,1,1e32,001c,7730,8173,1
2452,2452,0,8606,0,1,e2d0,001c,8432,8606,1
2453,2453,0,8183,0,1,e181,001c,8593,8183,1
2454,2454,0,7771,0,1,dde7,001c,8167,7771,1
2455,2455,0,8356,0,1,1eef,001c,7919,8356,1
2456,2456,0,8661,0,1,3e6b,001c,15979,8661,1
2457,2457,0,8080,0,1,e13f,001c,8511,8080,1
2458,2458,0,7742,0,1,e13e,001c,11582,7742,1
2459,2459,0,8332,0,1,1ea7,001c,7815,8332,1
2460,2460,0,8609,0,1,1ea2,001c,7842,8609,1
2461,2461,0,8018,0,1,e15c,001c,8540,8018,1
2462,2462,0,7795,0,1,e121,001c,8481,7795,1
2463,2463,0,8447,0,1,1e77,001c,7799,8447,1
2464,2464,0,8619,0,1,1eef,001c,7919,8619,1
2465,2465,0,7921,0,1,e19c,001c,8604,7921,1
2466,2466,0,7810,0,1,e0c9,001c,8393,7810,1
2467,2467,0,8471,0,1,1e45,001c,7749,8471,1
2468,2468,0,8389,0,1,1f63,001c,8035,8389,1
2469,2469,0,7879,0,1,e1a3,001c,8611,7879,1
2470,2470,0,7854,0,1,e078,001c,8312,7854,1
2471,2471,0,8604,0,1,1e34,001c,7732,8604,1
2472,2472,0,8496,0,1,1f97,001c,8087,8496,1
2473,2473,0,7833,0,1,e1d1,001c,8657,7833,1
2474,2474,0,8021,0,1,e03a,001c,8250,8021,1
2475,2475,0,8573,0,1,1e28,001c,7720,8573,1
2476,2476,0,8451,0,1,e012,001c,8210,8451,1
2477,2477,0,7717,0,1,e1d3,001c,8659,7717,1
2478,2478,0,8034,0,1,1fcb,001c,8139,8034,1
2479,2479,0,8633,0,1,1e36,001c,7734,8633,1
2480,2480,0,8301,0,1,e042,001c,8258,8301,1
2481,2481,0,7703,0,1,e1bf,001c,8639,7703,1
2482,2482,0,8060,0,1,1f9a,001c,8090,8060,1
2483,2483,0,8669,0,1,1e39,001c,7737,8669,1
2484,2484,0,8238,0,1,e09a,001c,8346,8238,1
2485,2485,0,7712,0,1,e1b9,001c,8633,7712,1
2486,2486,0,8178,0,1,1f42,001c,8002,8178,1
2487,2487,0,8636,0,1,1e7a,001c,7802,8636,1
2488,2488,0,8126,0,1,e324,001c,8502,8126,1
2489,2489,0,7701,0,1,e165,001c,8549,7701,1
2490,2490,0,8285,0,1,ddef,001c,8173,8285,1
2491,2491,0,8663,0,1,1eef,001c,7919,8663,1
2492,2492,0,8056,0,1,1ea7,001c,16039,8056,1
2493,2493,0,7715,0,1,e147,001c,8519,7715,1
2494,2494,0,8333,0,1,ed45,001c,11589,8333,1
2495,2495,0,8584,0,1,1ee7,001c,7911,8584,1
2496,2496,0,8001,0,1,1ec3,001c,7875,8001,1
2497,2497,0,7764,0,1,e151,001c,8529,7764,1
2498,2498,0,8399,0,1,e119,001c,8473,8399,1
2499,2499,0,8551,0,1,1e93,001c,7827,8551,1
2500,2500,0,7868,0,1,1f0b,001c,7947,7868,1
2501,2501,0,7773,0,1,e183,001c,8579,7773,1
2502,2502,0,8476,0,1,e0d7,001c,8407,8476,1
2503,2503,0,8503,0,1,1e53,001c,7763,8503,1
2504,2504,0,7808,0,1,1f62,001c,8034,7808,1
2505,2505,0,7833,0,1,e1ac,001c,8620,7833,1
2506,2506,0,8516,0,1,e06f,001c,8303,8516,1
2507,2507,0,8455,0,1,1e4d,001c,7757,8455,1
2508,2508,0,7751,0,1,1fb5,001c,8117,7751,1
2509,2509,0,7916,0,1,e1da,001c,8666,7916,1
2510,2510,0,8584,0,1,e029,001c,8233,8584,1
2511,2511,0,8349,0,1,1e13,001c,7699,8349,1
2512,2512,0,7715,0,1,e025,001c,8229,7715,1
2513,2513,0,7970,0,1,e208,001c,8712,7970,1
2514,2514,0,8560,0,1,1fc6,001c,8134,8560,1
2515,2515,0,8271,0,1,1e1c,001c,7708,8271,1
2516,2516,0,7703,0,1,e041,001c,8257,7703,1
2517,2517,0,8070,0,1,e1c7,001c,8647,8070,1
2518,2518,0,8597,0,1,1f83,001c,8067,8597,1
2519,2519,0,8184,0,1,1e4e,001c,7758,8184,1
2520,2520,0,7680,0,1,e0a3,001c,8355,7680,1
2521,2521,0,8129,0,1,e18c,001c,8588,8129,1
2522,2522,0,8603,0,1,1f17,001c,7959,8603,1
2523,2523,0,8116,0,1,1e5a,001c,7770,8116,1
2524,2524,0,7678,0,1,e2f7,001c,8439,7678,1
2525,2525,0,8191,0,1,e174,001c,8567,8191,1
2526,2526,0,8581,0,1,fdfe,001c,8180,8581,1
2527,2527,0,8013,0,1,1eee,001c,7918,8013,1
2528,2528,0,7677,0,1,1e6e,001c,15982,7677,1
2529,2529,0,8291,0,1,e13c,001c,8508,8291,1
2530,2530,0,8542,0,1,ed2c,001c,11564,8542,1
2531,2531,0,7929,0,1,1ecb,001c,7882,7929,1
2532,2532,0,7719,0,1,1ecb,001c,7883,7719,1
2533,2533,0,8383,0,1,e161,001c,8545,8383,1
2534,2534,0,8546,0,1,e0df,001c,8415,8546,1
2535,2535,0,7876,0,1,1e5a,001c,7770,7876,1
2536,2536,0,7763,0,1,1f07,001c,7943,7763,1
2537,2537,0,8425,0,1,e173,001c,8563,8425,1
2538,2538,0,8455,0,1,e098,001c,8344,8455,1
2539,2539,0,7787,0,1,1e31,001c,7729,7787,1
2540,2540,0,7814,0,1,1f58,001c,8024,7814,1
2541,2541,0,8488,0,1,e1a6,001c,8614,8488,1
2542,2542,0,8398,0,1,e04d,001c,8269,8398,1
2543,2543,0,7720,0,1,1e1d,001c,7709,7720,1
2544,2544,0,7874,0,1,1f90,001c,8080,7874,1
2545,2545,0,8555,0,1,e1ad,001c,8621,8555,1
2546,2546,0,8326,0,1,e00e,001c,8206,8326,1
2547,2547,0,7705,0,1,1e18,001c,7704,7705,1
2548,2548,0,8002,0,1,1fed,001c,8173,8002,1
2549,2549,0,8576,0,1,e1b3,001c,8627,8576,1
2550,2550,0,8241,0,1,1fb2,001c,8114,8241,1
2551,2551,0,7697,0,1,1e17,001c,7703,7697,1
2552,2552,0,8024,0,1,e025,001c,8229,8024,1
2553,2553,0,8573,0,1,e199,001c,8601,8573,1
2554,2554,0,8149,0,1,1f8a,001c,8074,8149,1
2555,2555,0,7661,0,1,1e27,001c,7719,7661,1
2556,2556,0,8130,0,1,e071,001c,8305,8130,1
2557,2557,0,8582,0,1,e17e,001c,8574,8582,1
2558,2558,0,8056,0,1,1f22,001c,7970,8056,1
2559,2559,0,7687,0,1,1e48,001c,7752,7687,1
2560,2560,0,8232,0,1,e2d6,001c,8406,8232,1
2561,2561,0,8574,0,1,e172,001c,8566,8574,1
2562,2562,0,8013,0,1,fde1,001c,8161,8013,1
2563,2563,0,7704,0,1,1ef5,001c,7925,7704,1
2564,2564,0,8285,0,1,1e75,001c,15988,8285,1
2565,2565,0,8535,0,1,e13b,001c,8507,8535,1
2566,2566,0,7919,0,1,ed3f,001c,11647,7919,1
2567,2567,0,7711,0,1,1efe,001c,7934,7711,1
2568,2568,0,8379,0,1,1ece,001c,7886,8379,1
2569,2569,0,8513,0,1,e185,001c,8581,8513,1
2570,2570,0,7863,0,1,e0de,001c,8414,7863,1
2571,2571,0,7806,0,1,1e2e,001c,7726,7806,1
2572,2572,0,8477,0,1,1f0d,001c,7949,8477,1
2573,2573,0,8476,0,1,e1a2,001c,8610,8476,1
2574,2574,0,7801,0,1,e0d3,001c,8403,7801,1
2575,2575,0,7869,0,1,1e20,001c,7712,7869,1
2576,2576,0,8501,0,1,1f42,001c,8002,8501,1
2577,2577,0,8418,0,1,e1bd,001c,8637,8418,1
2578,2578,0,7753,0,1,e075,001c,8309,7753,1
2579,2579,0,7886,0,1,1e27,001c,7719,7886,1
2580,2580,0,8566,0,1,1fc3,001c,8131,8566,1
2581,2581,0,8386,0,1,e1dc,001c,8668,8386,1
2582,2582,0,7741,0,1,e02b,001c,8235,7741,1
2583,2583,0,8010,0,1,1e26,001c,7718,8010,1
2584,2584,0,8584,0,1,1ffb,001c,8187,8584,1
2585,2585,0,8287,0,1,e1c4,001c,8644,8287,1
2586,2586,0,7733,0,1,1fcf,001c,8143,7733,1
2587,2587,0,8084,0,1,1e42,001c,7746,8084,1
2588,2588,0,8617,0,1,e074,001c,8308,8617,1
2589,2589,0,8203,0,1,e1bb,001c,8635,8203,1
2590,2590,0,7670,0,1,1f60,001c,8032,7670,1
2591,2591,0,8159,0,1,1e49,001c,7753,8159,1
2592,2592,0,8627,0,1,e0e3,001c,8419,8627,1
2593,2593,0,8126,0,1,e1be,001c,8638,8126,1
2594,2594,0,7700,0,1,1f32,001c,7986,7700,1
2595,2595,0,8255,0,1,1e80,001c,7840,8255,1
2596,2596,0,8629,0,1,e317,001c,8983,8629,1
2597,2597,0,8036,0,1,e19a,001c,8607,8036,1
2598,2598,0,7719,0,1,ff8a,001c,8074,7719,1
2599,2599,0,8341,0,1,1fb9,001c,8121,8341,1
2600,2600,0,8623,0,1,1eb9,001c,7865,8623,1
2601,2601,0,7957,0,1,e14f,001c,8527,7957,1
2602,2602,0,7740,0,1,e146,001c,8518,7740,1
2603,2603,0,8418,0,1,1edd,001c,7901,8418,1
2604,2604,0,8569,0,1,1efb,001c,7931,8569,1
2605,2605,0,7914,0,1,e1a5,001c,8613,7914,1
2606,2606,0,7813,0,1,e105,001c,8453,7813,1
2607,2607,0,8496,0,1,1e71,001c,7793,8496,1
2608,2608,0,8512,0,1,1f3e,001c,7998,8512,1
2609,2609,0,7825,0,1,e1ba,001c,8634,7825,1
2610,2610,0,7888,0,1,e0da,001c,8410,7888,1
2611,2611,0,8536,0,1,1e51,001c,7761,8536,1
2612,2612,0,8395,0,1,1f74,001c,8052,8395,1
2613,2613,0,7769,0,1,e1f6,001c,8694,7769,1
2614,2614,0,7940,0,1,e092,001c,8338,7940,1
2615,2615,0,8590,0,1,1e4f,001c,7759,8590,1
2616,2616,0,8357,0,1,1fd5,001c,8149,8357,1
2617,2617,0,7733,0,1,e1d4,001c,8660,7733,1
2618,2618,0,8072,0,1,e034,001c,8244,8072,1
2619,2619,0,8661,0,1,1e50,001c,7760,8661,1
2620,2620,0,8318,0,1,e037,001c,8247,8318,1
2621,2621,0,7744,0,1,e1d8,001c,8664,7744,1
2622,2622,0,8094,0,1,1fbc,001c,8124,8094,1
2623,2623,0,8623,0,1,1e55,001c,7765,8623,1
2624,2624,0,8191,0,1,e07f,001c,8319,8191,1
2625,2625,0,7700,0,1,e1c7,001c,8647,7700,1
2626,2626,0,8165,0,1,1f79,001c,8057,8165,1
2627,2627,0,8615,0,1,1e65,001c,7781,8615,1
2628,2628,0,8112,0,1,e0e8,001c,8424,8112,1
2629,2629,0,7695,0,1,e1c4,001c,8644,7695,1
2630,2630,0,8249,0,1,1f2b,001c,7979,8249,1
2631,2631,0,8576,0,1,1e78,001c,7802,8576,1
2632,2632,0,8008,0,1,e339,001c,9017,8008,1
2633,2633,0,7686,0,1,e1b3,001c,8635,7686,1
2634,2634,0,8350,0,1,fdfa,001c,15866,8350,1
2635,2635,0,8573,0,1,1efa,001c,7930,8573,1
2636,2636,0,7928,0,1,1eba,001c,7866,7928,1
2637,2637,0,7743,0,1,e15b,001c,8539,7743,1
2638,2638,0,8384,0,1,e15b,001c,8539,8384,1
2639,2639,0,8507,0,1,1ed4,001c,7892,8507,1
2640,2640,0,7879,0,1,1f07,001c,7943,7879,1
2641,2641,0,7789,0,1,e199,001c,8601,7789,1
2642,2642,0,8452,0,1,e10c,001c,8460,8452,1
2643,2643,0,8466,0,1,1e8a,001c,7818,8466,1
2644,2644,0,7755,0,1,1f43,001c,8003,7755,1
2645,2645,0,7845,0,1,e1db,001c,8667,7845,1
2646,2646,0,8535,0,1,e106,001c,8454,8535,1
2647,2647,0,8377,0,1,1e93,001c,7827,8377,1
2648,2648,0,7696,0,1,1f9e,001c,8094,7696,1
2649,2649,0,7891,0,1,e1ce,001c,8654,7891,1
2650,2650,0,8566,0,1,e070,001c,8304,8566,1
2651,2651,0,8330,0,1,1e45,001c,7749,8330,1
2652,2652,0,7675,0,1,1fea,001c,8170,7675,1
2653,2653,0,7970,0,1,e1e3,001c,8675,7970,1
2654,2654,0,8563,0,1,e02f,001c,8239,8563,1
2655,2655,0,8238,0,1,1e2e,001c,7726,8238,1
2656,2656,0,7652,0,1,e023,001c,8227,7652,1
2657,2657,0,8050,0,1,e1d7,001c,8663,8050,1
2658,2658,0,8557,0,1,1fce,001c,8142,8557,1
2659,2659,0,8103,0,1,1e3e,001c,7742,8103,1
2660,2660,0,7643,0,1,e06a,001c,8298,7643,1
2661,2661,0,8144,0,1,e1b6,001c,8630,8144,1
2662,2662,0,8566,0,1,1f8d,001c,8077,8566,1
2663,2663,0,8039,0,1,1e66,001c,7782,8039,1
2664,2664,0,7653,0,1,e0a6,001c,8358,7653,1
2665,2665,0,8215,0,1,e199,001c,8601,8215,1
2666,2666,0,8553,0,1,1f33,001c,7987,8553,1
2667,2667,0,7973,0,1,1e90,001c,7858,7973,1
2668,2668,0,7677,0,1,ef31,001c,9009,7677,1
2669,2669,0,8299,0,1,e165,001c,8549,8299,1
2670,2670,0,8497,0,1,fff5,001c,16373,8497,1
2671,2671,0,7858,0,1,1eff,001c,7933,7858,1
2672,2672,0,7737,0,1,1eba,001c,7866,7737,1
2673,2673,0,8384,0,1,e14a,001c,8522,8384,1
2674,2674,0,8470,0,1,e14a,001c,8522,8470,1
2675,2675,0,7811,0,1,1eb0,001c,7920,7811,1
2676,2676,0,7763,0,1,1ed7,001c,7895,7763,1
2677,2677,0,8427,0,1,e186,001c,8582,8427,1
2678,2678,0,8425,0,1,e107,001c,8455,8425,1
2679,2679,0,7744,0,1,1e82,001c,7810,7744,1
2680,2680,0,7816,0,1,1f41,001c,8001,7816,1
2681,2681,0,8488,0,1,e1a0,001c,8608,8488,1
2682,2682,0,8357,0,1,e0ab,001c,8363,8357,1
2683,2683,0,7713,0,1,1e4f,001c,7759,7713,1
2684,2684,0,7898,0,1,1f82,001c,8066,7898,1
2685,2685,0,8490,0,1,e1e3,001c,8675,8490,1
2686,2686,0,8265,0,1,e057,001c,8279,8265,1
2687,2687,0,7681,0,1,1e24,001c,7716,7681,1
2688,2688,0,7978,0,1,1fd1,001c,8145,7978,1
2689,2689,0,8548,0,1,e1db,001c,8667,8548,1
2690,2690,0,8183,0,1,e009,001c,8201,8183,1
2691,2691,0,7645,0,1,1e2d,001c,7725,7645,1
2692,2692,0,8045,0,1,e01e,001c,8222,8045,1
2693,2693,0,8578,0,1,e1dd,001c,8669,8578,1
2694,2694,0,8133,0,1,1fcf,001c,8143,8133,1
2695,2695,0,7659,0,1,1e50,001c,7760,7659,1
2696,2696,0,8112,0,1,e080,001c,8320,8112,1
2697,2697,0,8572,0,1,e19d,001c,8605,8572,1
2698,2698,0,8070,0,1,1f58,001c,8024,8070,1
2699,2699,0,7666,0,1,1e5f,001c,7775,7666,1
2700,2700,0,8225,0,1,e0d4,001c,8404,8225,1
2701,2701,0,8546,0,1,e1a8,001c,8616,8546,1
2702,2702,0,7963,0,1,1f22,001c,7970,7963,1
2703,2703,0,7681,0,1,1e60,001c,7778,7681,1
2704,2704,0,8329,0,1,ef36,001c,9014,8329,1
2705,2705,0,8528,0,1,e19e,001c,8606,8528,1
2706,2706,0,7893,0,1,fdda,001c,15834,7893,1
2707,2707,0,7733,0,1,1edb,001c,7899,7733,1
2708,2708,0,8391,0,1,1efb,001c,7931,8391,1
2709,2709,0,8494,0,1,e173,001c,8563,8494,1
2710,2710,0,7831,0,1,e14f,001c,11587,7831,1
2711,2711,0,7772,0,1,1ecf,001c,7887,7772,1
2712,2712,0,8444,0,1,1eef,001c,7919,8444,1
2713,2713,0,8475,0,1,e199,001c,8601,8475,1
2714,2714,0,7782,0,1,e108,001c,8456,7782,1
2715,2715,0,7824,0,1,1e74,001c,7796,7824,1
2716,2716,0,8473,0,1,1f46,001c,8006,8473,1
2717,2717,0,8390,0,1,e1b7,001c,8631,8390,1
2718,2718,0,7737,0,1,e0c8,001c,8392,7737,1
2719,2719,0,7940,0,1,1e60,001c,7776,7940,1
2720,2720,0,8557,0,1,1f90,001c,8080,8557,1
2721,2721,0,8298,0,1,e1c3,001c,8643,8298,1
2722,2722,0,7691,0,1,e076,001c,8310,7691,1
2723,2723,0,7999,0,1,1e2a,001c,7722,7999,1
2724,2724,0,8578,0,1,1fb9,001c,8121,8578,1
2725,2725,0,8221,0,1,e1dd,001c,8669,8221,1
2726,2726,0,7669,0,1,e043,001c,8259,7669,1
2727,2727,0,8099,0,1,1e5c,001c,7772,8099,1
2728,2728,0,8629,0,1,e02d,001c,8237,8629,1
2729,2729,0,8152,0,1,e1f2,001c,8690,8152,1
2730,2730,0,7673,0,1,1fd2,001c,8146,7673,1
2731,2731,0,8172,0,1,1e36,001c,7734,8172,1
2732,2732,0,8602,0,1,e0a3,001c,8355,8602,1
2733,2733,0,8077,0,1,e1db,001c,8667,8077,1
2734,2734,0,7693,0,1,1f8b,001c,8075,7693,1
2735,2735,0,8257,0,1,1e5f,001c,7775,8257,1
2736,2736,0,8589,0,1,e0c6,001c,8390,8589,1
2737,2737,0,7973,0,1,e1a7,001c,8615,7973,1
2738,2738,0,7707,0,1,1f2b,001c,7979,7707,1
2739,2739,0,8359,0,1,1eb1,001c,7859,8359,1
2740,2740,0,8582,0,1,ffbf,001c,8991,8582,1
2741,2741,0,7922,0,1,e1bf,001c,8639,7922,1
2742,2742,0,7751,0,1,ede7,001c,16327,7751,1
2743,2743,0,8431,0,1,1ef5,001c,7925,8431,1
2744,2744,0,8529,0,1,1ef4,001c,7924,8529,1
2745,2745,0,7851,0,1,e1c6,001c,8646,7851,1
2746,2746,0,7810,0,1,e140,001c,8512,7810,1
2747,2747,0,8480,0,1,1e9f,001c,7839,8480,1
2748,2748,0,8438,0,1,1f1b,001c,7963,8438,1
2749,2749,0,7728,0,1,e1c8,001c,8648,7728,1
2750,2750,0,7829,0,1,e117,001c,8471,7829,1
2751,2751,0,8560,0,1,1e98,001c,7832,8560,1
2752,2752,0,8424,0,1,1f5f,001c,8031,8424,1
2753,2753,0,7723,0,1,e1ce,001c,8654,7723,1
2754,2754,0,7934,0,1,e0ca,001c,8394,7934,1
2755,2755,0,8562,0,1,1e85,001c,7813,8562,1
2756,2756,0,8316,0,1,1fbc,001c,8124,8316,1
2757,2757,0,7702,0,1,e1e1,001c,8673,7702,1
2758,2758,0,8009,0,1,e089,001c,8329,8009,1
2759,2759,0,8625,0,1,1e6d,001c,7789,8625,1
2760,2760,0,8219,0,1,e012,001c,8210,8219,1
2761,2761,0,7663,0,1,e1dc,001c,8668,7663,1
2762,2762,0,8090,0,1,e014,001c,8212,8090,1
2763,2763,0,8595,0,1,1e76,001c,7798,8595,1
2764,2764,0,8165,0,1,e089,001c,8329,8165,1
2765,2765,0,7715,0,1,e1fe,001c,8702,7715,1
2766,2766,0,8222,0,1,1fdd,001c,8157,8222,1
2767,2767,0,8630,0,1,1e6a,001c,7786,8630,1
2768,2768,0,8058,0,1,e0b1,001c,8369,8058,1
2769,2769,0,7671,0,1,e1de,001c,8670,7671,1
2770,2770,0,8266,0,1,1f7c,001c,8060,8266,1
2771,2771,0,8595,0,1,1e9f,001c,7839,8595,1
2772,2772,0,8006,0,1,e0f5,001c,8437,8006,1
2773,2773,0,7722,0,1,e19d,001c,8605,7722,1
2774,2774,0,8352,0,1,1f49,001c,8009,8352,1
2775,2775,0,8552,0,1,1ec3,001c,7875,8552,1
2776,2776,0,7910,0,1,ffff,001c,11071,7910,1
2777,2777,0,7766,0,1,e1bf,001c,8639,7766,1
2778,2778,0,8437,0,1,ed98,001c,15768,8437,1
2779,2779,0,8519,0,1,1eff,001c,7935,8519,1
2780,2780,0,7841,0,1,1edf,001c,7903,7841,1
2781,2781,0,7809,0,1,e1cb,001c,8648,7809,1
2782,2782,0,8497,0,1,e173,001c,8563,8497,1
2783,2783,0,8443,0,1,1ee7,001c,7911,8443,1
2784,2784,0,7771,0,1,1f1a,001c,7962,7771,1
2785,2785,0,7871,0,1,e1a7,001c,8615,7871,1
2786,2786,0,8529,0,1,e12d,001c,8493,8529,1
2787,2787,0,8375,0,1,1e92,001c,7826,8375,1
2788,2788,0,7727,0,1,1f77,001c,8055,7727,1
2789,2789,0,7918,0,1,e1e4,001c,8676,7918,1
2790,2790,0,8531,0,1,e0c7,001c,8391,8531,1
2791,2791,0,8263,0,1,1e65,001c,7781,8263,1
2792,2792,0,7682,0,1,1fb8,001c,8120,7682,1
2793,2793,0,7996,0,1,e1f4,001c,8692,7996,1
2794,2794,0,8572,0,1,e07b,001c,8315,8572,1
2795,2795,0,8194,0,1,1e4e,001c,7758,8194,1
2796,2796,0,7662,0,1,e01a,001c,8218,7662,1
2797,2797,0,8077,0,1,e214,001c,8724,8077,1
2798,2798,0,8567,0,1,e037,001c,8247,8567,1
2799,2799,0,8160,0,1,1e60,001c,7776,8160,1
2800,2800,0,7696,0,1,e054,001c,8276,7696,1
2801,2801,0,8129,0,1,e1fb,001c,8699,8129,1
2802,2802,0,8527,0,1,1fd7,001c,8151,8527,1
2803,2803,0,7999,0,1,1e5e,001c,7774,7999,1
2804,2804,0,7629,0,1,e0c5,001c,8389,7629,1
2805,2805,0,8265,0,1,e1f2,001c,8690,8265,1
2806,2806,0,8588,0,1,1f57,001c,8023,8588,1
2807,2807,0,7982,0,1,1e75,001c,7797,7982,1
2808,2808,0,7706,0,1,e0f5,001c,8437,7706,1
2809,2809,0,8308,0,1,e1ae,001c,8622,8308,1
2810,2810,0,8551,0,1,1f3d,001c,7999,8551,1
2811,2811,0,7905,0,1,1eb9,001c,7869,7905,1
2812,2812,0,7689,0,1,ffe7,001c,16237,7689,1
2813,2813,0,8340,0,1,e1df,001c,8671,8340,1
2814,2814,0,8394,0,1,ed9b,001c,11675,8394,1
2815,2815,0,7727,0,1,1ef3,001c,7923,7727,1
2816,2816,0,7744,0,1,1ed3,001c,7891,7744,1
2817,2817,0,8448,0,1,e1d7,001c,8663,8448,1
2818,2818,0,8377,0,1,e157,001c,8535,8377,1
2819,2819,0,7710,0,1,1eb3,001c,7859,7710,1
2820,2820,0,7846,0,1,1f08,001c,7944,7846,1
2821,2821,0,8472,0,1,e1a5,001c,8613,8472,1
2822,2822,0,8300,0,1,e121,001c,8481,8300,1
2823,2823,0,7646,0,1,1e85,001c,7813,7646,1
2824,2824,0,7863,0,1,1f69,001c,8041,7863,1
2825,2825,0,8491,0,1,e1dd,001c,8669,8491,1
2826,2826,0,8235,0,1,e0b4,001c,8372,8235,1
2827,2827,0,7653,0,1,1e5a,001c,7770,7653,1
2828,2828,0,7968,0,1,1fb0,001c,8112,7968,1
2829,2829,0,8526,0,1,e204,001c,8708,8526,1
2830,2830,0,8132,0,1,e079,001c,8313,8132,1
2831,2831,0,7593,0,1,1e51,001c,7761,7593,1
2832,2832,0,8023,0,1,e00f,001c,8207,8023,1
2833,2833,0,8514,0,1,e1dd,001c,8669,8514,1
2834,2834,0,8029,0,1,e012,001c,8210,8029,1
2835,2835,0,7601,0,1,1e51,001c,7761,7601,1
2836,2836,0,8118,0,1,e073,001c,8307,8118,1
2837,2837,0,8518,0,1,e1e5,001c,8677,8518,1
2838,2838,0,7952,0,1,1fc1,001c,8129,7952,1
2839,2839,0,7572,0,1,1e5a,001c,7770,7572,1
2840,2840,0,8185,0,1,e0b4,001c,8372,8185,1
2841,2841,0,8490,0,1,e1db,001c,8667,8490,1
2842,2842,0,7895,0,1,1f59,001c,8025,7895,1
2843,2843,0,7636,0,1,1e74,001c,7796,7636,1
2844,2844,0,8249,0,1,e124,001c,8484,8249,1
2845,2845,0,8446,0,1,e1b7,001c,8631,8446,1
2846,2846,0,7825,0,1,1f3b,001c,7995,7825,1
2847,2847,0,7645,0,1,1fb3,001c,7867,7645,1
2848,2848,0,8317,0,1,ffeb,001c,16363,8317,1
2849,2849,0,8417,0,1,e1da,001c,8666,8417,1
2850,2850,0,7769,0,1,ed92,001c,11666,7769,1
2851,2851,0,7727,0,1,1efb,001c,7915,7727,1
2852,2852,0,8388,0,1,1eda,001c,7890,8388,1
2853,2853,0,8344,0,1,e17f,001c,8575,8344,1
2854,2854,0,7688,0,1,e14e,001c,8526,7688,1
2855,2855,0,7804,0,1,1eae,001c,7854,7804,1
2856,2856,0,8450,0,1,1f1d,001c,7965,8450,1
2857,2857,0,8307,0,1,e1b0,001c,8624,8307,1
2858,2858,0,7672,0,1,e102,001c,8450,7672,1
2859,2859,0,7880,0,1,1ea1,001c,7841,7880,1
2860,2860,0,8525,0,1,1f8c,001c,8076,8525,1
2861,2861,0,8268,0,1,e1ed,001c,8685,8268,1
2862,2862,0,7632,0,1,e0a6,001c,8358,7632,1
2863,2863,0,7954,0,1,1e5a,001c,7770,7954,1
2864,2864,0,8556,0,1,1fd4,001c,8148,8556,1
2865,2865,0,8175,0,1,e200,001c,8704,8175,1
2866,2866,0,7611,0,1,e05e,001c,8286,7611,1
2867,2867,0,8048,0,1,1e53,001c,7763,8048,1
2868,2868,0,8563,0,1,e024,001c,8228,8563,1
2869,2869,0,8107,0,1,e213,001c,8723,8107,1
2870,2870,0,7627,0,1,e02f,001c,8239,7627,1
2871,2871,0,8159,0,1,1e68,001c,7784,8159,1
2872,2872,0,8561,0,1,e07b,001c,8315,8561,1
2873,2873,0,8030,0,1,e1e5,001c,8677,8030,1
2874,2874,0,7654,0,1,1fc8,001c,8136,7654,1
2875,2875,0,8265,0,1,1e81,001c,7809,8265,1
2876,2876,0,8546,0,1,e0c9,001c,8393,8546,1
2877,2877,0,7863,0,1,e1e6,001c,8678,7863,1
2878,2878,0,7632,0,1,1f89,001c,8073,7632,1
2879,2879,0,8295,0,1,1e93,001c,7827,8295,1
2880,2880,0,8487,0,1,e128,001c,8488,8487,1
2881,2881,0,7862,0,1,e1bf,001c,8639,7862,1
2882,2882,0,7741,0,1,1f2b,001c,7995,7741,1
2883,2883,0,8433,0,1,1ff3,001c,8187,8433,1
2884,2884,0,8518,0,1,fedf,001c,16349,8518,1
2885,2885,0,7807,0,1,e1ff,001c,8703,7807,1
2886,2886,0,7838,0,1,eddd,001c,12253,7838,1
2887,2887,0,8494,0,1,1fef,001c,8173,8494,1
2888,2888,0,8446,0,1,1f0b,001c,8075,8446,1
2889,2889,0,7794,0,1,e1db,001c,8658,7794,1
2890,2890,0,7913,0,1,e159,001c,8537,7913,1
2891,2891,0,8540,0,1,1ed9,001c,7897,8540,1
2892,2892,0,8343,0,1,1f67,001c,8039,8343,1
2893,2893,0,7705,0,1,e1dd,001c,8669,7705,1
2894,2894,0,7983,0,1,e110,001c,8464,7983,1
2895,2895,0,8607,0,1,1eac,001c,7852,8607,1
2896,2896,0,8296,0,1,1f93,001c,8083,8296,1
2897,2897,0,7727,0,1,e206,001c,8710,7727,1
2898,2898,0,8061,0,1,e0c9,001c,8393,8061,1
2899,2899,0,8612,0,1,1e82,001c,7810,8612,1
2900,2900,0,8223,0,1,1fdf,001c,8159,8223,1
2901,2901,0,7707,0,1,e201,001c,8705,7707,1
2902,2902,0,8133,0,1,e085,001c,8325,8133,1
2903,2903,0,8612,0,1,1e85,001c,7813,8612,1
2904,2904,0,8149,0,1,e040,001c,8256,8149,1
2905,2905,0,7720,0,1,e219,001c,8729,7720,1
2906,2906,0,8243,0,1,e028,001c,8232,8243,1
2907,2907,0,8587,0,1,1e72,001c,7794,8587,1
2908,2908,0,8068,0,1,e09c,001c,8348,8068,1
2909,2909,0,7742,0,1,e221,001c,8737,7742,1
2910,2910,0,8327,0,1,1fd8,001c,8152,8327,1
2911,2911,0,8616,0,1,1e8a,001c,7818,8616,1
2912,2912,0,7980,0,1,e0e3,001c,8419,7980,1
2913,2913,0,7730,0,1,e22a,001c,8746,7730,1
2914,2914,0,8373,0,1,1fcf,001c,8143,8373,1
2915,2915,0,8544,0,1,1ea7,001c,7847,8544,1
2916,2916,0,7896,0,1,e11f,001c,8479,7896,1
2917,2917,0,7785,0,1,e1d4,001c,8660,7785,1
2918,2918,0,8437,0,1,1f58,001c,8028,8437,1
2919,2919,0,8491,0,1,1fdf,001c,8159,8491,1
2920,2920,0,7826,0,1,fedf,001c,16351,7826,1
2921,2921,0,7818,0,1,e1ec,001c,8684,7818,1
2922,2922,0,8487,0,1,ff85,001c,16261,8487,1
2923,2923,0,8451,0,1,1f15,001c,7957,8451,1
2924,2924,0,7753,0,1,1f1f,001c,8084,7753,1
2925,2925,0,7858,0,1,e1bf,001c,8703,7858,1
2926,2926,0,8524,0,1,e178,001c,8568,8524,1
2927,2927,0,8348,0,1,1ecb,001c,7883,8348,1
2928,2928,0,7674,0,1,1f3e,001c,7998,7674,1
2929,2929,0,7946,0,1,e1d2,001c,8658,7946,1
2930,2930,0,8575,0,1,e121,001c,8481,8575,1
2931,2931,0,8250,0,1,1eae,001c,7854,8250,1
2932,2932,0,7668,0,1,1f8a,001c,8074,7668,1
2933,2933,0,8022,0,1,e208,001c,8712,8022,1
2934,2934,0,8543,0,1,e0d7,001c,8407,8543,1
2935,2935,0,8169,0,1,1e76,001c,7798,8169,1
2936,2936,0,7629,0,1,1fe3,001c,8163,7629,1
2937,2937,0,8104,0,1,e1f8,001c,8696,8104,1
2938,2938,0,8573,0,1,e080,001c,8320,8573,1
2939,2939,0,8042,0,1,1e88,001c,7816,8042,1
2940,2940,0,7604,0,1,e02a,001c,8234,7604,1
2941,2941,0,8163,0,1,e200,001c,8704,8163,1
2942,2942,0,8564,0,1,e02c,001c,8236,8564,1
2943,2943,0,7990,0,1,1e60,001c,7776,7990,1
2944,2944,0,7642,0,1,e06c,001c,8300,7642,1
2945,2945,0,8239,0,1,e1fe,001c,8702,8239,1
2946,2946,0,8509,0,1,1fcb,001c,8139,8509,1
2947,2947,0,7892,0,1,1e7f,001c,7807,7892,1
2948,2948,0,7658,0,1,e0c7,001c,8391,7658,1
2949,2949,0,8316,0,1,e1dc,001c,8668,8316,1
2950,2950,0,8447,0,1,1f9b,001c,8091,8447,1
2951,2951,0,7799,0,1,1eac,001c,7852,7799,1
2952,2952,0,7701,0,1,e127,001c,8487,7701,1
2953,2953,0,8389,0,1,e1b8,001c,8634,8389,1
2954,2954,0,8427,0,1,1f37,001c,7999,8427,1
2955,2955,0,7693,0,1,1fef,001c,8175,7693,1
2956,2956,0,7754,0,1,feef,001c,16109,7754,1
2957,2957,0,8442,0,1,e1f2,001c,8690,8442,1
2958,2958,0,8365,0,1,edb0,001c,11696,8365,1
2959,2959,0,7668,0,1,1ed5,001c,7893,7668,1
2960,2960,0,7778,0,1,1ed4,001c,7892,7778,1
2961,2961,0,8417,0,1,e1a6,001c,8678,8417,1
2962,2962,0,8268,0,1,e154,001c,8532,8268,1
2963,2963,0,7626,0,1,1ebb,001c,7867,7626,1
2964,2964,0,7860,0,1,1f6d,001c,8045,7860,1
2965,2965,0,8455,0,1,e1e7,001c,8679,8455,1
2966,2966,0,8166,0,1,e116,001c,8470,8166,1
2967,2967,0,7605,0,1,1ea2,001c,7842,7605,1
2968,2968,0,7946,0,1,1f8f,001c,8079,7946,1
2969,2969,0,8478,0,1,e1e6,001c,8678,8478,1
2970,2970,0,8105,0,1,e0bc,001c,8380,8105,1
2971,2971,0,7559,0,1,1e6a,001c,7786,7559,1
2972,2972,0,7999,0,1,1fe9,001c,8169,7999,1
2973,2973,0,8537,0,1,e203,001c,8707,8537,1
2974,2974,0,8037,0,1,e059,001c,8281,8037,1
2975,2975,0,7512,0,1,1e66,001c,7782,7512,1
2976,2976,0,8097,0,1,e02e,001c,8238,8097,1
2977,2977,0,8511,0,1,e209,001c,8713,8511,1
2978,2978,0,7966,0,1,e022,001c,8226,7966,1
2979,2979,0,7597,0,1,1e71,001c,7793,7597,1
2980,2980,0,8160,0,1,e09e,001c,8350,8160,1
2981,2981,0,8473,0,1,e204,001c,8708,8473,1
2982,2982,0,7892,0,1,1fc5,001c,8133,7892,1
2983,2983,0,7655,0,1,1e78,001c,7800,7655,1
2984,2984,0,8289,0,1,e0d6,001c,8406,8289,1
2985,2985,0,8429,0,1,e1de,001c,8670,8429,1
2986,2986,0,7776,0,1,1f69,001c,8041,7776,1
2987,2987,0,7672,0,1,1e98,001c,7832,7672,1
2988,2988,0,8382,0,1,e122,001c,8482,8382,1
2989,2989,0,8402,0,1,e1d2,001c,8690,8402,1
2990,2990,0,7749,0,1,1f36,001c,7990,7749,1
2991,2991,0,7766,0,1,1ffe,001c,8190,7766,1
2992,2992,0,8419,0,1,fffc,001c,16380,8419,1
2993,2993,0,8320,0,1,e17f,001c,8575,8320,1
2994,2994,0,7679,0,1,ed7f,001c,11647,7679,1
2995,2995,0,7843,0,1,1fdb,001c,8139,7843,1
2996,2996,0,8474,0,1,1f18,001c,7960,8474,1
2997,2997,0,8213,0,1,e1a3,001c,8611,8213,1
2998,2998,0,7558,0,1,e130,001c,8496,7558,1
2999,2999,0,7725,0,1,1eb0,001c,7856,7725,1
3000,3000,0,8494,0,1,1f7d,001c,8061,8494,1
3001,3001,0,8207,0,1,e200,001c,8704,8207,1
3002,3002,0,7739,0,1,e101,001c,8449,7739,1
3003,3003,0,8049,0,1,1e8f,001c,7823,8049,1
3004,3004,0,8590,0,1,1fa4,001c,8100,8590,1
3005,3005,0,8194,0,1,e205,001c,8709,8194,1
3006,3006,0,7678,0,1,e0b8,001c,8376,7678,1
3007,3007,0,8102,0,1,1e64,001c,7780,8102,1
3008,3008,0,8500,0,1,1fd6,001c,8150,8500,1
3009,3009,0,8023,0,1,e20f,001c,8719,8023,1
3010,3010,0,7642,0,1,e063,001c,8291,7642,1
3011,3011,0,8240,0,1,1e87,001c,7815,8240,1
3012,3012,0,8581,0,1,e053,001c,8275,8581,1
3013,3013,0,8004,0,1,e1fd,001c,8701,8004,1
3014,3014,0,7700,0,1,e009,001c,8201,7700,1
3015,3015,0,8308,0,1,1e6f,001c,7791,8308,1
3016,3016,0,8569,0,1,e097,001c,8343,8569,1
3017,3017,0,7954,0,1,e21e,001c,8734,7954,1
3018,3018,0,7736,0,1,1fd9,001c,8153,7736,1
3019,3019,0,8385,0,1,1e83,001c,7811,8385,1
3020,3020,0,8537,0,1,e0f6,001c,8438,8537,1
3021,3021,0,7882,0,1,e1e8,001c,8680,7882,1
3022,3022,0,7770,0,1,1f69,001c,8041,7770,1
3023,3023,0,8463,0,1,1e91,001c,7825,8463,1
3024,3024,0,8525,0,1,e138,001c,8504,8525,1
3025,3025,0,7834,0,1,e1b1,001c,8625,7834,1
3026,3026,0,7838,0,1,1ff3,001c,8051,7838,1
3027,3027,0,8509,0,1,1f03,001c,7939,8509,1
3028,3028,0,8440,0,1,ff8d,001c,16269,8440,1
3029,3029,0,7758,0,1,e19c,001c,8604,7758,1
3030,3030,0,7930,0,1,e194,001c,8596,7930,1
3031,3031,0,8552,0,1,1eeb,001c,7915,8552,1
3032,3032,0,8369,0,1,1f27,001c,7975,8369,1
3033,3033,0,7725,0,1,e1cb,001c,8651,7725,1
3034,3034,0,7969,0,1,e152,001c,8530,7969,1
3035,3035,0,8604,0,1,1eab,001c,7851,8604,1
3036,3036,0,8314,0,1,1f74,001c,8052,8314,1
3037,3037,0,7699,0,1,e1e4,001c,8676,7699,1
3038,3038,0,8095,0,1,e10e,001c,8462,8095,1
3039,3039,0,8606,0,1,1ea7,001c,7847,8606,1
3040,3040,0,8185,0,1,1fac,001c,8108,8185,1
3041,3041,0,7702,0,1,e1f8,001c,8696,7702,1
3042,3042,0,8149,0,1,e0dd,001c,8413,8149,1
3043,3043,0,8610,0,1,1e98,001c,7832,8610,1
3044,3044,0,8132,0,1,e007,001c,8199,8132,1
3045,3045,0,7673,0,1,e21c,001c,8732,7673,1
3046,3046,0,8232,0,1,e079,001c,8313,8232,1
3047,3047,0,8613,0,1,1ebb,001c,7867,8613,1
3048,3048,0,8029,0,1,e093,001c,8339,8029,1
3049,3049,0,7708,0,1,e237,001c,8759,7708,1
3050,3050,0,8307,0,1,e037,001c,8247,8307,1
3051,3051,0,8546,0,1,1e84,001c,7812,8546,1
3052,3052,0,7916,0,1,e095,001c,8341,7916,1
3053,3053,0,7727,0,1,e215,001c,8725,7727,1
3054,3054,0,8405,0,1,1fdd,001c,8157,8405,1
3055,3055,0,8521,0,1,1eab,001c,7851,8521,1
3056,3056,0,7855,0,1,e0ea,001c,8426,7855,1
3057,3057,0,7770,0,1,e1f3,001c,8691,7770,1
3058,3058,0,8400,0,1,1f79,001c,8057,8400,1
3059,3059,0,8465,0,1,1ecb,001c,7883,8465,1
3060,3060,0,7823,0,1,e355,001c,8533,7823,1
3061,3061,0,7832,0,1,e1de,001c,8671,7832,1
3062,3062,0,8491,0,1,dfb7,001c,7967,8491,1
3063,3063,0,8382,0,1,1fed,001c,8173,8382,1
3064,3064,0,7713,0,1,3ee9,001c,16105,7713,1
3065,3065,0,7889,0,1,e1b2,001c,8626,7889,1
3066,3066,0,8529,0,1,edb6,001c,11698,8529,1
3067,3067,0,8306,0,1,1f34,001c,7988,8306,1
3068,3068,0,7717,0,1,1f74,001c,8176,7717,1
3069,3069,0,7956,0,1,e1d4,001c,8660,7956,1
3070,3070,0,8515,0,1,e17e,001c,8574,8515,1
3071,3071,0,8230,1,1,1ecd,001c,7885,8230,1
3072,3072,0,8230,0,0,1f90,001c,8080,8230,0
3073,3073,0,8230,0,0,e253,001c,8787,8230,0
3074,3074,0,8230,0,0,e111,001c,8465,8230,0
3075,3075,0,8230,0,0,1ea9,001c,7849,8230,0
3076,3076,0,8230,0,0,1f9b,001c,8091,8230,0
3077,3077,0,8230,0,0,e1b9,001c,8633,8230,0
3078,3078,0,8230,0,0,e0a4,001c,8356,8230,0
3079,3079,0,8230,0,0,1e49,001c,7753,8230,0
3080,3080,0,8230,0,0,e01f,001c,8223,8230,0
3081,3081,0,8230,0,0,e26c,001c,8812,8230,0
3082,3082,0,8230,0,0,e050,001c,8272,8230,0
3083,3083,0,8230,0,0,1e2b,001c,7723,8230,0
3084,3084,0,8230,0,0,e05d,001c,8285,8230,0
3085,3085,0,8230,0,0,e216,001c,8726,8230,0
3086,3086,0,8230,0,0,e048,001c,8264,8230,0
3087,3087,0,8230,0,0,1e96,001c,7830,8230,0
3088,3088,0,8230,0,0,e0e8,001c,8424,8230,0
3089,3089,0,8230,0,0,e21a,001c,8730,8230,0
3090,3090,0,8230,0,0,1fd4,001c,8148,8230,0
3091,3091,0,8230,0,0,1e99,001c,7833,8230,0
3092,3092,0,8230,0,0,e0fc,001c,8444,8230,0
3093,3093,0,8230,0,0,e1da,001c,8666,8230,0
3094,3094,0,8230,0,0,1f8e,001c,8078,8230,0
3095,3095,0,8230,0,0,1eb7,001c,7863,8230,0
3096,3096,0,8230,0,0,e342,001c,8546,8230,0
3097,3097,0,8230,0,0,e1cd,001c,8655,8230,0
3098,3098,0,8230,0,0,dfad,001c,7981,8230,0
3099,3099,0,8230,0,0,1fef,001c,8175,8230,0
3100,3100,0,8230,0,0,3eee,001c,16110,8230,0
3101,3101,0,8230,0,0,e1bd,001c,8637,8230,0
3102,3102,0,8230,0,0,edfc,001c,11772,8230,0
3103,3103,0,8230,0,0,1eed,001c,7917,8230,0
3104,3104,0,8230,0,0,1f03,001c,8003,8230,0
3105,3105,0,8230,0,0,e1ea,001c,8674,8230,0
3106,3106,0,8230,0,0,e16c,001c,8556,8230,0
3107,3107,0,8230,0,0,1f04,001c,7940,8230,0
3108,3108,0,8230,0,0,1fb3,001c,8115,8230,0
3109,3109,0,8230,0,0,e200,001c,8704,8230,0
3110,3110,0,8230,0,0,e10e,001c,8462,8230,0
3111,3111,0,8230,0,0,1e57,001c,7767,8230,0
3112,3112,0,8230,0,0,1fc7,001c,8135,8230,0
3113,3113,0,8230,0,0,e216,001c,8726,8230,0
3114,3114,0,8230,0,0,e09b,001c,8347,8230,0
3115,3115,0,8230,0,0,1e92,001c,7826,8230,0
3116,3116,0,8230,0,0,e027,001c,8231,8230,0
3117,3117,0,8230,0,0,e1f8,001c,8696,8230,0
3118,3118,0,8230,0,0,e002,001c,8194,8230,0
3119,3119,0,8230,0,0,1e87,001c,7815,8230,0
3120,3120,0,8230,0,0,e084,001c,8324,8230,0
3121,3121,0,8230,0,0,e20e,001c,8718,8230,0
3122,3122,0,8230,0,0,e034,001c,8244,8230,0
3123,3123,0,8230,0,0,1eb5,001c,7861,8230,0
3124,3124,0,8230,0,0,e0cb,001c,8395,8230,0
3125,3125,0,8230,0,0,e1eb,001c,8683,8230,0
3126,3126,0,8230,0,0,1fb5,001c,8117,8230,0
3127,3127,0,8230,0,0,1e8b,001c,7819,8230,0
3128,3128,0,8230,0,0,e0cd,001c,8397,8230,0
3129,3129,0,8230,0,0,e1b4,001c,8628,8230,0
3130,3130,0,8230,0,0,1f61,001c,8033,8230,0
3131,3131,0,8230,0,0,1eac,001c,7852,8230,0
3132,3132,0,8230,0,0,e386,001c,8614,8230,0
3133,3133,0,8230,0,0,e1d6,001c,8662,8230,0
3134,3134,0,8230,0,0,dfb6,001c,7990,8230,0
3135,3135,0,8230,0,0,1f37,001c,7991,8230,0
3136,3136,0,8230,0,0,3faf,001c,16303,8230,0
3137,3137,0,8230,0,0,e1cf,001c,8655,8230,0
3138,3138,0,8230,0,0,ed4f,001c,11599,8230,0
3139,3139,0,8230,0,0,1fd7,001c,8151,8230,0
3140,3140,0,8230,0,0,1f56,001c,8022,8230,0
3141,3141,0,8230,0,0,e1b9,001c,8633,8230,0
3142,3142,0,8230,0,0,e108,001c,8456,8230,0
3143,3143,0,8230,0,0,1eb2,001c,7858,8230,0
3144,3144,0,8230,0,0,1f7e,001c,8062,8230,0
3145,3145,0,8230,0,0,e1de,001c,8670,8230,0
3146,3146,0,8230,0,0,e0de,001c,8414,8230,0
3147,3147,0,8230,0,0,1e66,001c,7782,8230,0
3148,3148,0,8230,0,0,1f8e,001c,8078,8230,0
3149,3149,0,8230,0,0,e203,001c,8707,8230,0
3150,3150,0,8230,0,0,e0ab,001c,8363,8230,0
3151,3151,0,8230,0,0,1e51,001c,7761,8230,0
3152,3152,0,8230,0,0,1fea,001c,8170,8230,0
3153,3153,0,8230,0,0,e206,001c,8710,8230,0
3154,3154,0,8230,0,0,e069,001c,8297,8230,0
3155,3155,0,8230,0,0,1e66,001c,7782,8230,0
3156,3156,0,8230,0,0,e0aa,001c,8362,8230,0
3157,3157,0,8230,0,0,e1ea,001c,8682,8230,0
3158,3158,0,8230,0,0,e045,001c,8261,8230,0
3159,3159,0,8230,0,0,1e4a,001c,7754,8230,0
3160,3160,0,8230,0,0,e0a2,001c,8354,8230,0
3161,3161,0,8230,0,0,e1d1,001c,8657,8230,0
3162,3162,0,8230,0,0,1f9b,001c,8091,8230,0
3163,3163,0,8230,0,0,1e79,001c,7801,8230,0
3164,3164,0,8230,0,0,e103,001c,8451,8230,0
3165,3165,0,8230,0,0,e1a0,001c,8608,8230,0
3166,3166,0,8230,0,0,1f52,001c,8018,8230,0
3167,3167,0,8230,0,0,1ef0,001c,7920,8230,0
3168,3168,0,8230,0,0,e33d,001c,8509,8230,0
3169,3169,0,8230,0,0,e1d4,001c,8669,8230,0
3170,3170,0,8230,0,0,fddf,001c,8143,8230,0
3171,3171,0,8230,0,0,1f5f,001c,8031,8230,0
3172,3172,0,8230,0,0,ff9f,001c,16287,8230,0
3173,3173,0,8230,0,0,e1fe,001c,8702,8230,0
3174,3174,0,8230,0,0,e17a,001c,11642,8230,0
3175,3175,0,8230,0,0,1ef5,001c,7925,8230,0
3176,3176,0,8230,0,0,1f43,001c,8003,8230,0
3177,3177,0,8230,0,0,e170,001c,8560,8230,0
3178,3178,0,8230,0,0,e15d,001c,8541,8230,0
3179,3179,0,8230,0,0,1eb9,001c,7865,8230,0
3180,3180,0,8230,0,0,1f3c,001c,7996,8230,0
3181,3181,0,8230,0,0,e1d2,001c,8658,8230,0
3182,3182,0,8230,0,0,e101,001c,8449,8230,0
3183,3183,0,8230,0,0,1ea2,001c,7842,8230,0
3184,3184,0,8230,0,0,1f79,001c,8057,8230,0
3185,3185,0,8230,0,0,e210,001c,8720,8230,0
3186,3186,0,8230,0,0,e0da,001c,8410,8230,0
3187,3187,0,8230,0,0,1ea9,001c,7849,8230,0
3188,3188,0,8230,0,0,e033,001c,8243,8230,0
3189,3189,0,8230,0,0,e21d,001c,8733,8230,0
3190,3190,0,8230,0,0,e0b2,001c,8370,8230,0
3191,3191,0,8230,0,0,1e60,001c,7776,8230,0
3192,3192,0,8230,0,0,e04e,001c,8270,8230,0
3193,3193,0,8230,0,0,e230,001c,8752,8230,0
3194,3194,0,8230,0,0,1fec,001c,8172,8230,0
3195,3195,0,8230,0,0,1e75,001c,7797,8230,0
3196,3196,0,8230,0,0,e0cd,001c,8397,8230,0
3197,3197,0,8230,0,0,e259,001c,8793,8230,0
3198,3198,0,8230,0,0,1f80,001c,8064,8230,0
3199,3199,0,8230,0,0,1e94,001c,7828,8230,0
3200,3200,0,8230,0,0,e168,001c,8552,8230,0
3201,3201,0,8230,0,0,e217,001c,8727,8230,0
3202,3202,0,8230,0,0,1f6e,001c,8046,8230,0
3203,3203,0,8230,0,0,1ed3,001c,7923,8230,0
3204,3204,0,8230,0,0,e380,001c,8595,8230,0
3205,3205,0,8230,0,0,e1da,001c,8666,8230,0
3206,3206,0,8230,0,0,dfda,001c,8090,8230,0
3207,3207,0,8230,0,0,1f1e,001c,7966,8230,0
3208,3208,0,8230,0,0,1f9f,001c,16287,8230,0
3209,3209,0,8230,0,0,e19f,001c,8607,8230,0
3210,3210,0,8230,0,0,ed90,001c,11664,8230,0
3211,3211,0,8230,0,0,1ea7,001c,7847,8230,0
3212,3212,0,8230,0,0,1f45,001c,8005,8230,0
3213,3213,0,8230,0,0,e1db,001c,8667,8230,0
3214,3214,0,8230,0,0,e107,001c,8455,8230,0
3215,3215,0,8230,0,0,1edb,001c,7899,8230,0
3216,3216,0,8230,0,0,1f80,001c,8064,8230,0
3217,3217,0,8230,0,0,e1e9,001c,8681,8230,0
3218,3218,0,8230,0,0,e10c,001c,8460,8230,0
3219,3219,0,8230,0,0,1e62,001c,7778,8230,0
3220,3220,0,8230,0,0,1fcd,001c,8141,8230,0
3221,3221,0,8230,0,0,e230,001c,8752,8230,0
3222,3222,0,8230,0,0,e097,001c,8343,8230,0
3223,3223,0,8230,0,0,1e96,001c,7830,8230,0
3224,3224,0,8230,0,0,e054,001c,8276,8230,0
3225,3225,0,8230,0,0,e22b,001c,8747,8230,0
3226,3226,0,8230,0,0,e041,001c,8257,8230,0
3227,3227,0,8230,0,0,1e79,001c,7801,8230,0
3228,3228,0,8230,0,0,e08a,001c,8330,8230,0
3229,3229,0,8230,0,0,e231,001c,8753,8230,0
3230,3230,0,8230,0,0,1fca,001c,8138,8230,0
3231,3231,0,8230,0,0,1e7f,001c,7807,8230,0
3232,3232,0,8230,0,0,e093,001c,8339,8230,0
3233,3233,0,8230,0,0,e1e0,001c,8672,8230,0
3234,3234,0,8230,0,0,1fe9,001c,8169,8230,0
3235,3235,0,8230,0,0,1e84,001c,7812,8230,0
3236,3236,0,8230,0,0,e139,001c,8505,8230,0
3237,3237,0,8230,0,0,e21d,001c,8733,8230,0
3238,3238,0,8230,0,0,1f41,001c,8001,8230,0
3239,3239,0,8230,0,0,1eaa,001c,7850,8230,0
3240,3240,0,8230,0,0,e36a,001c,8554,8230,0
3241,3241,0,8230,0,0,e1f8,001c,8698,8230,0
3242,3242,0,8230,0,0,fffa,001c,8186,8230,0
3243,3243,0,8230,0,0,1f4e,001c,8014,8230,0
3244,3244,0,8230,0,0,ff6e,001c,16238,8230,0
3245,3245,0,8230,0,0,e1ee,001c,8686,8230,0
3246,3246,0,8230,0,0,e184,001c,11652,8230,0
3247,3247,0,8230,0,0,1ec3,001c,7875,8230,0
3248,3248,0,8230,0,0,1f32,001c,7986,8230,0
3249,3249,0,8230,0,0,e1dd,001c,8669,8230,0
3250,3250,0,8230,0,0,e11d,001c,8477,8230,0
3251,3251,0,8230,0,0,1eb5,001c,7861,8230,0
3252,3252,0,8230,0,0,1fa4,001c,8100,8230,0
3253,3253,0,8230,0,0,e1fd,001c,8701,8230,0
3254,3254,0,8230,0,0,e0ae,001c,8366,8230,0
3255,3255,0,8230,0,0,1e75,001c,7797,8230,0
3256,3256,0,8230,0,0,e001,001c,8193,8230,0
3257,3257,0,8230,0,0,e204,001c,8708,8230,0
3258,3258,0,8230,0,0,e061,001c,8289,8230,0
3259,3259,0,8230,0,0,1e65,001c,7781,8230,0
3260,3260,0,8230,0,0,e00f,001c,8207,8230,0
3261,3261,0,8230,0,0,e207,001c,8711,8230,0
3262,3262,0,8230,0,0,e035,001c,8245,8230,0
3263,3263,0,8230,0,0,1ea0,001c,7840,8230,0
3264,3264,0,8230,0,0,e05f,001c,8287,8230,0
3265,3265,0,8230,0,0,e1cf,001c,8655,8230,0
3266,3266,0,8230,0,0,e047,001c,8263,8230,0
3267,3267,0,8230,0,0,1eb0,001c,7856,8230,0
3268,3268,0,8230,0,0,e0b6,001c,8374,8230,0
3269,3269,0,8230,0,0,e1be,001c,8638,8230,0
3270,3270,0,8230,0,0,1fae,001c,8110,8230,0
3271,3271,0,8230,0,0,1e7f,001c,7807,8230,0
3272,3272,0,8230,0,0,e0c1,001c,8385,8230,0
3273,3273,0,8230,0,0,e1df,001c,8671,8230,0
3274,3274,0,8230,0,0,1f55,001c,8021,8230,0
3275,3275,0,8230,0,0,1eb5,001c,7861,8230,0
3276,3276,0,8230,0,0,e33f,001c,9023,8230,0
3277,3277,0,8230,0,0,e1bb,001c,8639,8230,0
3278,3278,0,8230,0,0,ffbf,001c,8125,8230,0
3279,3279,0,8230,0,0,1fff,001c,8191,8230,0
3280,3280,0,8230,0,0,1eef,001c,7919,8230,0
3281,3281,0,8230,0,0,e1f5,001c,8693,8230,0
3282,3282,0,8230,0,0,ed7d,001c,11764,8230,0
3283,3283,0,8230,0,0,1efd,001c,7933,8230,0
3284,3284,0,8230,0,0,1f07,001c,7943,8230,0
3285,3285,0,8230,0,0,e1cc,001c,8652,8230,0
3286,3286,0,8230,0,0,e170,001c,8560,8230,0
3287,3287,0,8230,0,0,1ea4,001c,7844,8230,0
3288,3288,0,8230,0,0,1f4d,001c,8013,8230,0
3289,3289,0,8230,0,0,e1fa,001c,8698,8230,0
3290,3290,0,8230,0,0,e0e3,001c,8419,8230,0
3291,3291,0,8230,0,0,1e52,001c,7762,8230,0
3292,3292,0,8230,0,0,1fb6,001c,8118,8230,0
3293,3293,0,8230,0,0,e23b,001c,8763,8230,0
3294,3294,0,8230,0,0,e08d,001c,8333,8230,0
3295,3295,0,8230,0,0,1e8c,001c,7820,8230,0
3296,3296,0,8230,0,0,e038,001c,8248,8230,0
3297,3297,0,8230,0,0,e246,001c,8774,8230,0
3298,3298,0,8230,0,0,e051,001c,8273,8230,0
3299,3299,0,8230,0,0,1e42,001c,7746,8230,0
3300,3300,0,8230,0,0,e095,001c,8341,8230,0
3301,3301,0,8230,0,0,e218,001c,8728,8230,0
3302,3302,0,8230,0,0,e00f,001c,8207,8230,0
3303,3303,0,8230,0,0,1e92,001c,7826,8230,0
3304,3304,0,8230,0,0,e0c3,001c,8387,8230,0
3305,3305,0,8230,0,0,e220,001c,8736,8230,0
3306,3306,0,8230,0,0,1fc1,001c,8129,8230,0
3307,3307,0,8230,0,0,1e80,001c,7808,8230,0
3308,3308,0,8230,0,0,e148,001c,8520,8230,0
3309,3309,0,8230,0,0,e1f2,001c,8690,8230,0
3310,3310,0,8230,0,0,1f4e,001c,8014,8230,0
3311,3311,0,8230,0,0,1ebc,001c,7870,8230,0
3312,3312,0,8230,0,0,ef7a,001c,9086,8230,0
3313,3313,0,8230,0,0,e177,001c,8575,8230,0
3314,3314,0,8230,0,0,f95f,001c,15831,8230,0
3315,3315,0,8230,0,0,1eff,001c,7919,8230,0
3316,3316,0,8230,0,0,1edf,001c,7900,8230,0
3317,3317,0,8230,0,0,e1e7,001c,8679,8230,0
3318,3318,0,8230,0,0,e16d,001c,11617,8230,0
3319,3319,0,8230,0,0,1ecd,001c,7885,8230,0
3320,3320,0,8230,0,0,1f23,001c,7971,8230,0
3321,3321,0,8230,0,0,e17e,001c,8574,8230,0
3322,3322,0,8230,0,0,e145,001c,8517,8230,0
3323,3323,0,8230,0,0,1eac,001c,7852,8230,0
3324,3324,0,8230,0,0,1f82,001c,8066,8230,0
3325,3325,0,8230,0,0,e21b,001c,8731,8230,0
3326,3326,0,8230,0,0,e102,001c,8450,8230,0
3327,3327,0,8230,0,0,1e73,001c,7795,8230,0
3328,3328,0,8230,0,0,e015,001c,8213,8230,0
3329,3329,0,8230,0,0,e223,001c,8739,8230,0
3330,3330,0,8230,0,0,e023,001c,8227,8230,0
3331,3331,0,8230,0,0,1ea4,001c,7844,8230,0
3332,3332,0,8230,0,0,e027,001c,8231,8230,0
3333,3333,0,8230,0,0,e1ef,001c,8687,8230,0
3334,3334,0,8230,0,0,e049,001c,8265,8230,0
3335,3335,0,8230,0,0,1e15,001c,7701,8230,0
3336,3336,0,8230,0,0,e07e,001c,8318,8230,0
3337,3337,0,8230,0,0,e205,001c,8709,8230,0
3338,3338,0,8230,0,0,1f9e,001c,8094,8230,0
3339,3339,0,8230,0,0,1e5d,001c,7773,8230,0
3340,3340,0,8230,0,0,e0c5,001c,8389,8230,0
3341,3341,0,8230,0,0,e22c,001c,8748,8230,0
3342,3342,0,8230,0,0,1f7f,001c,8063,8230,0
3343,3343,0,8230,0,0,1ebb,001c,7867,8230,0
3344,3344,0,8230,0,0,e142,001c,8514,8230,0
3345,3345,0,8230,0,0,e1c5,001c,8645,8230,0
3346,3346,0,8230,0,0,1f21,001c,7969,8230,0
3347,3347,0,8230,0,0,1eba,001c,7867,8230,0
3348,3348,0,8230,0,0,eff6,001c,9086,8230,0
3349,3349,0,8230,0,0,e16f,001c,8559,8230,0
3350,3350,0,8230,0,0,fd6f,001c,15855,8230,0
3351,3351,0,8230,0,0,1efa,001c,7930,8230,0
3352,3352,0,8230,0,0,1efa,001c,7930,8230,0
3353,3353,0,8230,0,0,e197,001c,8599,8230,0
3354,3354,0,8230,0,0,ed9b,001c,11665,8230,0
3355,3355,0,8230,0,0,1ebb,001c,7867,8230,0
3356,3356,0,8230,0,0,1f58,001c,8024,8230,0
3357,3357,0,8230,0,0,e1e6,001c,8678,8230,0
3358,3358,0,8230,0,0,e116,001c,8470,8230,0
3359,3359,0,8230,0,0,1eb8,001c,7864,8230,0
3360,3360,0,8230,0,0,1f92,001c,8082,8230,0
3361,3361,0,8230,0,0,e1c6,001c,8646,8230,0
3362,3362,0,8230,0,0,e0b9,001c,8377,8230,0
3363,3363,0,8230,0,0,1e7d,001c,7805,8230,0
3364,3364,0,8230,0,0,1fe3,001c,8163,8230,0
3365,3365,0,8230,0,0,e1d9,001c,8665,8230,0
3366,3366,0,8230,0,0,e091,001c,8337,8230,0
3367,3367,0,8230,0,0,1e4e,001c,7758,8230,0
3368,3368,0,8230,0,0,e005,001c,8197,8230,0
3369,3369,0,8230,0,0,e1f6,001c,8694,8230,0
3370,3370,0,8230,0,0,e057,001c,8279,8230,0
3371,3371,0,8230,0,0,1e9b,001c,7835,8230,0
3372,3372,0,8230,0,0,e06c,001c,8300,8230,0
3373,3373,0,8230,0,0,e23a,001c,8762,8230,0
3374,3374,0,8230,0,0,e002,001c,8194,8230,0
3375,3375,0,8230,0,0,1e7c,001c,7804,8230,0
3376,3376,0,8230,0,0,e0d0,001c,8400,8230,0
3377,3377,0,8230,0,0,e20c,001c,8716,8230,0
3378,3378,0,8230,0,0,1f80,001c,8064,8230,0
3379,3379,0,8230,0,0,1e52,001c,7762,8230,0
3380,3380,0,8230,0,0,e11c,001c,8476,8230,0
3381,3381,0,8230,0,0,e1d3,001c,8659,8230,0
3382,3382,0,8230,0,0,1f1e,001c,7966,8230,0
3383,3383,0,8230,0,0,1eaf,001c,7871,8230,0
3384,3384,0,8230,0,0,efeb,001c,9071,8230,0
3385,3385,0,8230,0,0,e1ff,001c,8623,8230,0
3386,3386,0,8230,0,0,ed9f,001c,15831,8230,0
3387,3387,0,8230,0,0,1ffe,001c,8190,8230,0
3388,3388,0,8230,0,0,1f6e,001c,8046,8230,0
3389,3389,0,8230,0,0,e16e,001c,8558,8230,0
3390,3390,0,8230,0,0,e162,001c,8546,8230,0
3391,3391,0,8230,0,0,1eb9,001c,7865,8230,0
3392,3392,0,8230,0,0,1f03,001c,7939,8230,0
3393,3393,0,8230,0,0,e1ac,001c,8620,8230,0
3394,3394,0,8230,0,0,e140,001c,8512,8230,0
3395,3395,0,8230,0,0,1e87,001c,7815,8230,0
3396,3396,0,8230,0,0,1fbd,001c,8125,8230,0
3397,3397,0,8230,0,0,e223,001c,8739,8230,0
3398,3398,0,8230,0,0,e0db,001c,8411,8230,0
3399,3399,0,8230,0,0,1e70,001c,7792,8230,0
3400,3400,0,8230,0,0,1fcb,001c,8139,8230,0
3401,3401,0,8230,0,0,e225,001c,8741,8230,0
3402,3402,0,8230,0,0,e06c,001c,8300,8230,0
3403,3403,0,8230,0,0,1e71,001c,7793,8230,0
3404,3404,0,8230,0,0,e03a,001c,8250,8230,0
3405,3405,0,8230,0,0,e1da,001c,8666,8230,0
3406,3406,0,8230,0,0,e01f,001c,8223,8230,0
3407,3407,0,8230,0,0,1eb3,001c,7859,8230,0
3408,3408,0,8230,0,0,e030,001c,8240,8230,0
3409,3409,0,8230,0,0,e1e8,001c,8680,8230,0
3410,3410,0,8230,0,0,1ff7,001c,8183,8230,0
3411,3411,0,8230,0,0,1e74,001c,7796,8230,0
3412,3412,0,8230,0,0,e0be,001c,8382,8230,0
3413,3413,0,8230,0,0,e1f7,001c,8695,8230,0
3414,3414,0,8230,0,0,1f5c,001c,8028,8230,0
3415,3415,0,8230,0,0,1e78,001c,7800,8230,0
3416,3416,0,8230,0,0,e133,001c,8499,8230,0
3417,3417,0,8230,0,0,e1a2,001c,8610,8230,0
3418,3418,0,8230,0,0,1f26,001c,7974,8230,0
3419,3419,0,8230,0,0,1ee3,001c,7911,8230,0
3420,3420,0,8230,0,0,ffeb,001c,9067,8230,0
3421,3421,0,8230,0,0,e1fe,001c,8702,8230,0
3422,3422,0,8230,0,0,ffde,001c,16350,8230,0
3423,3423,0,8230,0,0,1ede,001c,7902,8230,0
3424,3424,0,8230,0,0,1ecc,001c,7884,8230,0
3425,3425,0,8230,0,0,e1af,001c,8623,8230,0
3426,3426,0,8230,0,0,e13e,001c,8510,8230,0
3427,3427,0,8230,0,0,1ea4,001c,7844,8230,0
3428,3428,0,8230,0,0,1f00,001c,7936,8230,0
3429,3429,0,8230,0,0,e1b6,001c,8630,8230,0
3430,3430,0,8230,0,0,e0fe,001c,8446,8230,0
3431,3431,0,8230,0,0,1e6e,001c,7790,8230,0
3432,3432,0,8230,0,0,1faa,001c,8106,8230,0
3433,3433,0,8230,0,0,e213,001c,8723,8230,0
3434,3434,0,8230,0,0,e0d6,001c,8406,8230,0
3435,3435,0,8230,0,0,1e62,001c,7778,8230,0
3436,3436,0,8230,0,0,1fce,001c,8142,8230,0
3437,3437,0,8230,0,0,e22e,001c,8750,8230,0
3438,3438,0,8230,0,0,e02f,001c,8239,8230,0
3439,3439,0,8230,0,0,1e57,001c,7767,8230,0
3440,3440,0,8230,0,0,e041,001c,8257,8230,0
3441,3441,0,8230,0,0,e1e5,001c,8677,8230,0
3442,3442,0,8230,0,0,1fed,001c,8173,8230,0
3443,3443,0,8230,0,0,1e40,001c,7744,8230,0
3444,3444,0,8230,0,0,e075,001c,8309,8230,0
3445,3445,0,8230,0,0,e1b6,001c,8630,8230,0
3446,3446,0,8230,0,0,1f8a,001c,8074,8230,0
3447,3447,0,8230,0,0,1e4d,001c,7757,8230,0
3448,3448,0,8230,0,0,e0a9,001c,8361,8230,0
3449,3449,0,8230,0,0,e19b,001c,8603,8230,0
3450,3450,0,8230,0,0,1f52,001c,8018,8230,0
3451,3451,0,8230,0,0,1eef,001c,7919,8230,0
3452,3452,0,8230,0,0,e0f9,001c,8441,8230,0
3453,3453,0,8230,0,0,e1a8,001c,8616,8230,0
3454,3454,0,8230,0,0,1f2c,001c,7980,8230,0
3455,3455,0,8230,0,0,1eb5,001c,7869,8230,0
3456,3456,0,8230,0,0,ffbf,001c,11037,8230,0
3457,3457,0,8230,0,0,e16f,001c,8559,8230,0
3458,3458,0,8230,0,0,ef6d,001c,16237,8230,0
3459,3459,0,8230,0,0,1fdd,001c,8157,8230,0
3460,3460,0,8230,0,0,1edd,001c,7893,8230,0
3461,3461,0,8230,0,0,e17f,001c,8573,8230,0
3462,3462,0,8230,0,0,e15b,001c,8539,8230,0
3463,3463,0,8230,0,0,1e98,001c,7832,8230,0
3464,3464,0,8230,0,0,1f28,001c,7976,8230,0
3465,3465,0,8230,0,0,e1b8,001c,8632,8230,0
3466,3466,0,8230,0,0,e130,001c,8496,8230,0
3467,3467,0,8230,0,0,1e83,001c,7811,8230,0
3468,3468,0,8230,0,0,1f5b,001c,8027,8230,0
3469,3469,0,8230,0,0,e203,001c,8707,8230,0
3470,3470,0,8230,0,0,e0d3,001c,8403,8230,0
3471,3471,0,8230,0,0,1e56,001c,7766,8230,0
3472,3472,0,8230,0,0,1fab,001c,8107,8230,0
3473,3473,0,8230,0,0,e211,001c,8721,8230,0
3474,3474,0,8230,0,0,e079,001c,8313,8230,0
3475,3475,0,8230,0,0,1e62,001c,7778,8230,0
3476,3476,0,8230,0,0,e027,001c,8231,8230,0
3477,3477,0,8230,0,0,e1f9,001c,8697,8230,0
3478,3478,0,8230,0,0,1fed,001c,8173,8230,0
3479,3479,0,8230,0,0,1e6e,001c,7790,8230,0
3480,3480,0,8230,0,0,e056,001c,8278,8230,0
3481,3481,0,8230,0,0,e1f0,001c,8688,8230,0
3482,3482,0,8230,0,0,1fbe,001c,8126,8230,0
3483,3483,0,8230,0,0,1e36,001c,7734,8230,0
3484,3484,0,8230,0,0,e0be,001c,8382,8230,0
3485,3485,0,8230,0,0,e1e4,001c,8676,8230,0
3486,3486,0,8230,0,0,1f54,001c,8020,8230,0
3487,3487,0,8230,0,0,1e89,001c,7817,8230,0
3488,3488,0,8230,0,0,e114,001c,8468,8230,0
3489,3489,0,8230,0,0,e1a2,001c,8610,8230,0
3490,3490,0,8230,0,0,1ee7,001c,7911,8230,0
3491,3491,0,8230,0,0,1ef0,001c,7927,8230,0
3492,3492,0,8230,0,0,fff2,001c,11122,8230,0
3493,3493,0,8230,0,0,e173,001c,8563,8230,0
3494,3494,0,8230,0,0,ed65,001c,11621,8230,0
3495,3495,0,8230,0,0,1fb7,001c,8119,8230,0
3496,3496,0,8230,0,0,1f36,001c,7990,8230,0
3497,3497,0,8230,0,0,e18f,001c,8587,8230,0
3498,3498,0,8230,0,0,e104,001c,8452,8230,0
3499,3499,0,8230,0,0,1eed,001c,7917,8230,0
3500,3500,0,8230,0,0,1f2f,001c,7983,8230,0
3501,3501,0,8230,0,0,e1a6,001c,8614,8230,0
3502,3502,0,8230,0,0,e105,001c,8453,8230,0
3503,3503,0,8230,0,0,1e50,001c,7760,8230,0
3504,3504,0,8230,0,0,1f5f,001c,8031,8230,0
3505,3505,0,8230,0,0,e1b8,001c,8632,8230,0
3506,3506,0,8230,0,0,e0b7,001c,8375,8230,0
3507,3507,0,8230,0,0,1ec5,001c,7877,8230,0
3508,3508,0,8230,0,0,1ff4,001c,8180,8230,0
3509,3509,0,8230,0,0,e1af,001c,8623,8230,0
3510,3510,0,8230,0,0,e06c,001c,8300,8230,0
3511,3511,0,8230,0,0,1e55,001c,7765,8230,0
3512,3512,0,8230,0,0,e069,001c,8297,8230,0
3513,3513,0,8230,0,0,e239,001c,8761,8230,0
3514,3514,0,8230,0,0,e031,001c,8241,8230,0
3515,3515,0,8230,0,0,1e6b,001c,7787,8230,0
3516,3516,0,8230,0,0,e083,001c,8323,8230,0
3517,3517,0,8230,0,0,e222,001c,8738,8230,0
3518,3518,0,8230,0,0,1fe5,001c,8165,8230,0
3519,3519,0,8230,0,0,1e61,001c,7777,8230,0
3520,3520,0,8230,0,0,e0c6,001c,8390,8230,0
3521,3521,0,8230,0,0,e1d8,001c,8664,8230,0
3522,3522,0,8230,0,0,1f54,001c,8020,8230,0
3523,3523,0,8230,0,0,1e5b,001c,7771,8230,0
3524,3524,0,8230,0,0,e148,001c,8520,8230,0
3525,3525,0,8230,0,0,e1bf,001c,8639,8230,0
3526,3526,0,8230,0,0,1f2a,001c,7995,8230,0
3527,3527,0,8230,0,0,1ff4,001c,8190,8230,0
3528,3528,0,8230,0,0,fffe,001c,16382,8230,0
3529,3529,0,8230,0,0,e1bf,001c,8639,8230,0
3530,3530,0,8230,0,0,edb9,001c,11697,8230,0
3531,3531,0,8230,0,0,1f98,001c,8088,8230,0
3532,3532,0,8230,0,0,1f18,001c,7952,8230,0
3533,3533,0,8230,0,0,e1cf,001c,8655,8230,0
3534,3534,0,8230,0,0,e0e8,001c,8424,8230,0
3535,3535,0,8230,0,0,1e79,001c,7801,8230,0
3536,3536,0,8230,0,0,1f16,001c,7958,8230,0
3537,3537,0,8230,0,0,e1b4,001c,8628,8230,0
3538,3538,0,8230,0,0,e0c6,001c,8390,8230,0
3539,3539,0,8230,0,0,1e65,001c,7781,8230,0
3540,3540,0,8230,0,0,1f9f,001c,8095,8230,0
3541,3541,0,8230,0,0,e1c9,001c,8649,8230,0
3542,3542,0,8230,0,0,e08a,001c,8330,8230,0
3543,3543,0,8230,0,0,1e70,001c,7792,8230,0
3544,3544,0,8230,0,0,e02e,001c,8238,8230,0
3545,3545,0,8230,0,0,e1c2,001c,8642,8230,0
3546,3546,0,8230,0,0,e07a,001c,8314,8230,0
3547,3547,0,8230,0,0,1ec2,001c,7874,8230,0
3548,3548,0,8230,0,0,e01e,001c,8222,8230,0
3549,3549,0,8230,0,0,e1cd,001c,8653,8230,0
3550,3550,0,8230,0,0,e019,001c,8217,8230,0
3551,3551,0,8230,0,0,1e5c,001c,7772,8230,0
3552,3552,0,8230,0,0,e038,001c,8248,8230,0
3553,3553,0,8230,0,0,e1a0,001c,8608,8230,0
3554,3554,0,8230,0,0,1fc3,001c,8131,8230,0
3555,3555,0,8230,0,0,1e73,001c,7795,8230,0
3556,3556,0,8230,0,0,e0d1,001c,8401,8230,0
3557,3557,0,8230,0,0,e1bc,001c,8636,8230,0
3558,3558,0,8230,0,0,1f35,001c,7989,8230,0
3559,3559,0,8230,0,0,1ea8,001c,7848,8230,0
3560,3560,0,8230,0,0,e133,001c,8499,8230,0
3561,3561,0,8230,0,0,e164,001c,8548,8230,0
3562,3562,0,8230,0,0,1f3b,001c,7999,8230,0
3563,3563,0,8230,0,0,1f77,001c,8063,8230,0
3564,3564,0,8230,0,0,fe77,001c,16247,8230,0
3565,3565,0,8230,0,0,e147,001c,8519,8230,0
3566,3566,0,8230,0,0,edcf,001c,12231,8230,0
3567,3567,0,8230,0,0,1edf,001c,7903,8230,0
3568,3568,0,8230,0,0,1ed6,001c,7894,8230,0
3569,3569,0,8230,0,0,e1c4,001c,8640,8230,0
3570,3570,0,8230,0,0,e0f6,001c,8438,8230,0
3571,3571,0,8230,0,0,1eb6,001c,7862,8230,0
3572,3572,0,8230,0,0,1f47,001c,8007,8230,0
3573,3573,0,8230,0,0,e1a9,001c,8617,8230,0
3574,3574,0,8230,0,0,e0fe,001c,8446,8230,0
3575,3575,0,8230,0,0,1e40,001c,7744,8230,0
3576,3576,0,8230,0,0,1f5d,001c,8029,8230,0
3577,3577,0,8230,0,0,e1db,001c,8667,8230,0
3578,3578,0,8230,0,0,e061,001c,8289,8230,0
3579,3579,0,8230,0,0,1e3a,001c,7738,8230,0
3580,3580,0,8230,0,0,1fb1,001c,8113,8230,0
3581,3581,0,8230,0,0,e158,001c,8536,8230,0
3582,3582,0,8230,0,0,1fc4,001c,8132,8230,0
3583,3583,0,8230,0,0,1dfa,001c,7674,8230,0
3584,3584,0,8230,0,0,1fe5,001c,8165,8230,0
3585,3585,0,8230,0,0,e1d6,001c,8662,8230,0
3586,3586,0,8230,0,0,1fdd,001c,8157,8230,0
3587,3587,0,8230,0,0,1e02,001c,7682,8230,0
3588,3588,0,8230,0,0,e065,001c,8293,8230,0
3589,3589,0,8230,0,0,e186,001c,8582,8230,0
3590,3590,0,8230,0,0,1f4c,001c,8012,8230,0
3591,3591,0,8230,0,0,1e42,001c,7746,8230,0
3592,3592,0,8230,0,0,e091,001c,8337,8230,0
3593,3593,0,8230,0,0,e19d,001c,8605,8230,0
3594,3594,0,8230,0,0,1f05,001c,7941,8230,0
3595,3595,0,8230,0,0,1e60,001c,7776,8230,0
3596,3596,0,8230,0,0,e0c0,001c,8384,8230,0
3597,3597,0,8230,0,0,e15e,001c,8542,8230,0
3598,3598,0,8230,0,0,1fd0,001c,7902,8230,0
3599,3599,0,8230,0,0,1ee4,001c,7780,8230,0
3600,3600,0,8230,0,0,feef,001c,16111,8230,0
3601,3601,0,8230,0,0,e1ef,001c,8687,8230,0
3602,3602,0,8230,0,0,ed52,001c,11730,8230,0
3603,3603,0,8230,0,0,1edb,001c,7899,8230,0
3604,3604,0,8230,0,0,1e99,001c,7833,8230,0
3605,3605,0,8230,0,0,e16a,001c,8554,8230,0
3606,3606,0,8230,0,0,e113,001c,8467,8230,0
3607,3607,0,8230,0,0,1e5f,001c,7775,8230,0
3608,3608,0,8230,0,0,1f0a,001c,7946,8230,0
3609,3609,0,8230,0,0,e181,001c,8577,8230,0
3610,3610,0,8230,0,0,e0d2,001c,8402,8230,0
3611,3611,0,8230,0,0,1e22,001c,7714,8230,0
3612,3612,0,8230,0,0,1f36,001c,7990,8230,0
3613,3613,0,8230,0,0,e1ca,001c,8650,8230,0
3614,3614,0,8230,0,0,e046,001c,8262,8230,0
3615,3615,0,8230,0,0,1e0b,001c,7691,8230,0
3616,3616,0,8230,0,0,1f63,001c,8035,8230,0
3617,3617,0,8230,0,0,e1cf,001c,8655,8230,0
3618,3618,0,8230,0,0,1ff2,001c,8178,8230,0
3619,3619,0,8230,0,0,1dc7,001c,7623,8230,0
3620,3620,0,8230,0,0,e013,001c,8211,8230,0
3621,3621,0,8230,0,0,e1f6,001c,8694,8230,0
3622,3622,0,8230,0,0,1fba,001c,8122,8230,0
3623,3623,0,8230,0,0,1e19,001c,7705,8230,0
3624,3624,0,8230,0,0,e089,001c,8329,8230,0
3625,3625,0,8230,0,0,e1c4,001c,8644,8230,0
3626,3626,0,8230,0,0,1f40,001c,8000,8230,0
3627,3627,0,8230,0,0,1e4a,001c,7754,8230,0
3628,3628,0,8230,0,0,e096,001c,8342,8230,0
3629,3629,0,8230,0,0,e173,001c,8563,8230,0
3630,3630,0,8230,0,0,1ecf,001c,7887,8230,0
3631,3631,0,8230,0,0,1e58,001c,7768,8230,0
3632,3632,0,8230,0,0,e116,001c,8470,8230,0
3633,3633,0,8230,0,0,e179,001c,8571,8230,0
3634,3634,0,8230,0,0,1ff0,001c,7929,8230,0
3635,3635,0,8230,0,0,1eb6,001c,7862,8230,0
3636,3636,0,8230,0,0,fef7,001c,16118,8230,0
3637,3637,0,8230,0,0,e167,001c,8551,8230,0
3638,3638,0,8230,0,0,e147,001c,11591,8230,0
3639,3639,0,8230,0,0,1ebb,001c,7867,8230,0
3640,3640,0,8230,0,0,1f46,001c,8006,8230,0
3641,3641,0,8230,0,0,e16e,001c,8546,8230,0
3642,3642,0,8230,0,0,e11c,001c,8476,8230,0
3643,3643,0,8230,0,0,1e66,001c,7782,8230,0
3644,3644,0,8230,0,0,1f35,001c,7989,8230,0
3645,3645,0,8230,0,0,e1c2,001c,8642,8230,0
3646,3646,0,8230,0,0,e0d2,001c,8402,8230,0
3647,3647,0,8230,0,0,1e4f,001c,7759,8230,0
3648,3648,0,8230,0,0,1fd8,001c,8152,8230,0
3649,3649,0,8230,0,0,e1c2,001c,8642,8230,0
3650,3650,0,8230,0,0,e06a,001c,8298,8230,0
3651,3651,0,8230,0,0,1e5a,001c,7770,8230,0
3652,3652,0,8230,0,0,1fea,001c,8170,8230,0
3653,3653,0,8230,0,0,e1b6,001c,8630,8230,0
3654,3654,0,8230,0,0,e019,001c,8217,8230,0
3655,3655,0,8230,0,0,1e2d,001c,7725,8230,0
3656,3656,0,8230,0,0,e03a,001c,8250,8230,0
3657,3657,0,8230,0,0,e1be,001c,8638,8230,0
3658,3658,0,8230,0,0,1ff3,001c,8179,8230,0
3659,3659,0,8230,0,0,1e63,001c,7779,8230,0
3660,3660,0,8230,0,0,e05c,001c,8284,8230,0
3661,3661,0,8230,0,0,e1ee,001c,8686,8230,0
3662,3662,0,8230,0,0,1fa7,001c,8103,8230,0
3663,3663,0,8230,0,0,1e43,001c,7747,8230,0
3664,3664,0,8230,0,0,e0df,001c,8415,8230,0
3665,3665,0,8230,0,0,e1af,001c,8623,8230,0
3666,3666,0,8230,0,0,1f07,001c,7943,8230,0
3667,3667,0,8230,0,0,1ec2,001c,7874,8230,0
3668,3668,0,8230,0,0,e12e,001c,8494,8230,0
3669,3669,0,8230,0,0,e17e,001c,8574,8230,0
3670,3670,0,8230,0,0,1ff7,001c,7935,8230,0
3671,3671,0,8230,0,0,1edf,001c,7839,8230,0
3672,3672,0,8230,0,0,ff9a,001c,16282,8230,0
3673,3673,0,8230,0,0,e173,001c,8563,8230,0
3674,3674,0,8230,0,0,e171,001c,8561,8230,0
3675,3675,0,8230,0,0,1f9e,001c,8086,8230,0
3676,3676,0,8230,0,0,1f5a,001c,8024,8230,0
3677,3677,0,8230,0,0,e17a,001c,8698,8230,0
3678,3678,0,8230,0,0,e0dd,001c,8413,8230,0
3679,3679,0,8230,0,0,1e79,001c,7801,8230,0
3680,3680,0,8230,0,0,1f1b,001c,7963,8230,0
3681,3681,0,8230,0,0,e19e,001c,8606,8230,0
3682,3682,0,8230,0,0,e0c5,001c,8389,8230,0
3683,3683,0,8230,0,0,1ea0,001c,7840,8230,0
3684,3684,0,8230,0,0,1f89,001c,8073,8230,0
3685,3685,0,8230,0,0,e19b,001c,8603,8230,0
3686,3686,0,8230,0,0,e06e,001c,8302,8230,0
3687,3687,0,8230,0,0,1e38,001c,7736,8230,0
3688,3688,0,8230,0,0,1fdd,001c,8157,8230,0
3689,3689,0,8230,0,0,e198,001c,8600,8230,0
3690,3690,0,8230,0,0,e01a,001c,8218,8230,0
3691,3691,0,8230,0,0,1e53,001c,7763,8230,0
3692,3692,0,8230,0,0,1fe5,001c,8165,8230,0
3693,3693,0,8230,0,0,e1b3,001c,8627,8230,0
3694,3694,0,8230,0,0,1fca,001c,8138,8230,0
3695,3695,0,8230,0,0,1e0a,001c,7690,8230,0
3696,3696,0,8230,0,0,e04a,001c,8266,8230,0
3697,3697,0,8230,0,0,e1b7,001c,8631,8230,0
3698,3698,0,8230,0,0,1f89,001c,8073,8230,0
3699,3699,0,8230,0,0,1e17,001c,7703,8230,0
3700,3700,0,8230,0,0,e0b5,001c,8373,8230,0
3701,3701,0,8230,0,0,e1b2,001c,8626,8230,0
3702,3702,0,8230,0,0,1f2e,001c,7982,8230,0
3703,3703,0,8230,0,0,1e4a,001c,7754,8230,0
3704,3704,0,8230,0,0,e0d1,001c,8401,8230,0
3705,3705,0,8230,0,0,e16b,001c,8571,8230,0
3706,3706,0,8230,0,0,5fa2,001c,8107,8230,0
3707,3707,0,8230,0,0,1ec6,001c,7750,8230,0
3708,3708,0,8230,0,0,ff47,001c,16199,8230,0
3709,3709,0,8230,0,0,e117,001c,8471,8230,0
3710,3710,0,8230,0,0,ed56,001c,11606,8230,0
3711,3711,0,8230,0,0,1e67,001c,7783,8230,0
3712,3712,0,8230,0,0,1e8d,001c,7817,8230,0
3713,3713,0,8230,0,0,e1dd,001c,8669,8230,0
3714,3714,0,8230,0,0,e0c9,001c,8393,8230,0
3715,3715,0,8230,0,0,1e15,001c,7701,8230,0
3716,3716,0,8230,0,0,1f09,001c,7945,8230,0
3717,3717,0,8230,0,0,e19d,001c,8605,8230,0
3718,3718,0,8230,0,0,e077,001c,8311,8230,0
3719,3719,0,8230,0,0,1ddf,001c,7647,8230,0
3720,3720,0,8230,0,0,1f6f,001c,8047,8230,0
3721,3721,0,8230,0,0,e18f,001c,8591,8230,0
3722,3722,0,8230,0,0,e01c,001c,8220,8230,0
3723,3723,0,8230,0,0,1df8,001c,7672,8230,0
3724,3724,0,8230,0,0,1f91,001c,8081,8230,0
3725,3725,0,8230,0,0,e16e,001c,8558,8230,0
3726,3726,0,8230,0,0,1f85,001c,8069,8230,0
3727,3727,0,8230,0,0,1dfc,001c,7676,8230,0
3728,3728,0,8230,0,0,1fd2,001c,8146,8230,0
3729,3729,0,8230,0,0,e196,001c,8598,8230,0
3730,3730,0,8230,0,0,1f76,001c,8054,8230,0
3731,3731,0,8230,0,0,1de5,001c,7653,8230,0
3732,3732,0,8230,0,0,e014,001c,8212,8230,0
3733,3733,0,8230,0,0,e182,001c,8578,8230,0
3734,3734,0,8230,0,0,1f10,001c,7952,8230,0
3735,3735,0,8230,0,0,1e0d,001c,7693,8230,0
3736,3736,0,8230,0,0,e08b,001c,8331,8230,0
3737,3737,0,8230,0,0,e17f,001c,8575,8230,0
3738,3738,0,8230,0,0,1ec5,001c,7877,8230,0
3739,3739,0,8230,0,0,1e42,001c,7746,8230,0
3740,3740,0,8230,0,0,e0c6,001c,8390,8230,0
3741,3741,0,8230,0,0,e134,001c,8502,8230,0
3742,3742,0,8230,0,0,dfb6,001c,8118,8230,0
3743,3743,0,8230,0,0,1e8e,001c,7822,8230,0
3744,3744,0,8230,0,0,3e8e,001c,16014,8230,0
3745,3745,0,8230,0,0,e10f,001c,8463,8230,0
3746,3746,0,8230,0,0,ed0d,001c,11661,8230,0
3747,3747,0,8230,0,0,1eb7,001c,7831,8230,0
3748,3748,0,8230,0,0,1eb7,001c,7863,8230,0
3749,3749,0,8230,0,0,e17f,001c,8575,8230,0
3750,3750,0,8230,0,0,e118,001c,8472,8230,0
3751,3751,0,8230,0,0,1e2b,001c,7723,8230,0
3752,3752,0,8230,0,0,1eb9,001c,7865,8230,0
3753,3753,0,8230,0,0,e19e,001c,8606,8230,0
3754,3754,0,8230,0,0,e05d,001c,8285,8230,0
3755,3755,0,8230,0,0,1e30,001c,7728,8230,0
3756,3756,0,8230,0,0,1f70,001c,8048,8230,0
3757,3757,0,8230,0,0,e15f,001c,8543,8230,0
3758,3758,0,8230,0,0,e022,001c,8226,8230,0
3759,3759,0,8230,0,0,1e36,001c,7734,8230,0
3760,3760,0,8230,0,0,1f93,001c,8083,8230,0
3761,3761,0,8230,0,0,e1cb,001c,8651,8230,0
3762,3762,0,8230,0,0,1faa,001c,8106,8230,0
3763,3763,0,8230,0,0,1e18,001c,7704,8230,0
3764,3764,0,8230,0,0,e043,001c,8259,8230,0
3765,3765,0,8230,0,0,e160,001c,8544,8230,0
3766,3766,0,8230,0,0,1f80,001c,8064,8230,0
3767,3767,0,8230,0,0,1dd4,001c,7636,8230,0
3768,3768,0,8230,0,0,e094,001c,8340,8230,0
3769,3769,0,8230,0,0,e193,001c,8595,8230,0
3770,3770,0,8230,0,0,1efa,001c,7930,8230,0
3771,3771,0,8230,0,0,1e54,001c,7764,8230,0
3772,3772,0,8230,0,0,e088,001c,8328,8230,0
3773,3773,0,8230,0,0,e156,001c,8534,8230,0
3774,3774,0,8230,0,0,1ed5,001c,7893,8230,0
3775,3775,0,8230,0,0,1e94,001c,7828,8230,0
3776,3776,0,8230,0,0,e324,001c,8484,8230,0
3777,3777,0,8230,0,0,e130,001c,8496,8230,0
3778,3778,0,8230,0,0,dff8,001c,8184,8230,0
3779,3779,0,8230,0,0,1eff,001c,7935,8230,0
3780,3780,0,8230,0,0,3ee7,001c,16103,8230,0
3781,3781,0,8230,0,0,e157,001c,8535,8230,0
3782,3782,0,8230,0,0,ed0f,001c,11535,8230,0
3783,3783,0,8230,0,0,1efe,001c,7902,8230,0
3784,3784,0,8230,0,0,1efa,001c,7930,8230,0
3785,3785,0,8230,0,0,e11d,001c,8477,8230,0
3786,3786,0,8230,0,0,e0df,001c,8415,8230,0
3787,3787,0,8230,0,0,1e5c,001c,7772,8230,0
3788,3788,0,8230,0,0,1f11,001c,7953,8230,0
3789,3789,0,8230,0,0,e1a8,001c,8616,8230,0
3790,3790,0,8230,0,0,e0be,001c,8382,8230,0
3791,3791,0,8230,0,0,1e58,001c,7768,8230,0
3792,3792,0,8230,0,0,1f5b,001c,8027,8230,0
3793,3793,0,8230,0,0,e1e2,001c,8674,8230,0
3794,3794,0,8230,0,0,e08f,001c,8335,8230,0
3795,3795,0,8230,0,0,1e4a,001c,7754,8230,0
3796,3796,0,8230,0,0,1ffc,001c,8188,8230,0
3797,3797,0,8230,0,0,e1d5,001c,8661,8230,0
3798,3798,0,8230,0,0,1fbd,001c,8125,8230,0
3799,3799,0,8230,0,0,1dfe,001c,7678,8230,0
3800,3800,0,8230,0,0,1ffe,001c,8190,8230,0
3801,3801,0,8230,0,0,e1a9,001c,8617,8230,0
3802,3802,0,8230,0,0,1fc4,001c,8132,8230,0
3803,3803,0,8230,0,0,1e38,001c,7736,8230,0
3804,3804,0,8230,0,0,e06c,001c,8300,8230,0
3805,3805,0,8230,0,0,e1a9,001c,8617,8230,0
3806,3806,0,8230,0,0,1f5c,001c,8028,8230,0
3807,3807,0,8230,0,0,1e4c,001c,7756,8230,0
3808,3808,0,8230,0,0,e0c8,001c,8392,8230,0
3809,3809,0,8230,0,0,e18c,001c,8588,8230,0
3810,3810,0,8230,0,0,1f16,001c,7958,8230,0
3811,3811,0,8230,0,0,1e5a,001c,7770,8230,0
3812,3812,0,8230,0,0,e300,001c,8450,8230,0
3813,3813,0,8230,0,0,e164,001c,8548,8230,0
3814,3814,0,8230,0,0,ddee,001c,8108,8230,0
3815,3815,0,8230,0,0,1ebe,001c,7870,8230,0
3816,3816,0,8230,0,0,1e9f,001c,16028,8230,0
3817,3817,0,8230,0,0,e177,001c,8567,8230,0
3818,3818,0,8230,0,0,ed32,001c,11570,8230,0
3819,3819,0,8230,0,0,1ed2,001c,7890,8230,0
3820,3820,0,8230,0,0,1ed2,001c,7890,8230,0
3821,3821,0,8230,0,0,e161,001c,8545,8230,0
3822,3822,0,8230,0,0,e0bd,001c,8381,8230,0
3823,3823,0,8230,0,0,1ed8,001c,7896,8230,0
3824,3824,0,8230,0,0,1f0f,001c,7951,8230,0
3825,3825,0,8230,0,0,e1a7,001c,8615,8230,0
3826,3826,0,8230,0,0,e023,001c,8227,8230,0
3827,3827,0,8230,0,0,1dfa,001c,7674,8230,0
3828,3828,0,8230,0,0,1f23,001c,7971,8230,0
3829,3829,0,8230,0,0,e1bb,001c,8635,8230,0
3830,3830,0,8230,0,0,1fda,001c,8154,8230,0
3831,3831,0,8230,0,0,1dce,001c,7630,8230,0
3832,3832,0,8230,0,0,1f9d,001c,8093,8230,0
3833,3833,0,8230,0,0,e1a3,001c,8611,8230,0
3834,3834,0,8230,0,0,1fdb,001c,8155,8230,0
3835,3835,0,8230,0,0,1e14,001c,7700,8230,0
3836,3836,0,8230,0,0,e03f,001c,8255,8230,0
3837,3837,0,8230,0,0,e19c,001c,8604,8230,0
3838,3838,0,8230,0,0,1f88,001c,8072,8230,0
3839,3839,0,8230,0,0,1dfe,001c,7678,8230,0
3840,3840,0,8230,0,0,e033,001c,8243,8230,0
3841,3841,0,8230,0,0,e199,001c,8601,8230,0
3842,3842,0,8230,0,0,1f32,001c,7986,8230,0
3843,3843,0,8230,0,0,1e1b,001c,7707,8230,0
3844,3844,0,8230,0,0,e09e,001c,8350,8230,0
3845,3845,0,8230,0,0,e16e,001c,8558,8230,0
3846,3846,0,8230,0,0,1ec8,001c,7880,8230,0
3847,3847,0,8230,0,0,1e39,001c,7737,8230,0
3848,3848,0,8230,0,0,e2bf,001c,8383,8230,0
3849,3849,0,8230,0,0,e116,001c,8479,8230,0
3850,3850,0,8230,0,0,df56,001c,8022,8230,0
3851,3851,0,8230,0,0,1e5f,001c,7775,8230,0
3852,3852,0,8230,0,0,1e4d,001c,15949,8230,0
3853,3853,0,8230,0,0,e1cd,001c,8653,8230,0
3854,3854,0,8230,0,0,e0cc,001c,8396,8230,0
3855,3855,0,8230,0,0,1eb5,001c,7857,8230,0
3856,3856,0,8230,0,0,1eb6,001c,7862,8230,0
3857,3857,0,8230,0,0,e149,001c,8521,8230,0
3858,3858,0,8230,0,0,e0a2,001c,8354,8230,0
3859,3859,0,8230,0,0,1e0d,001c,7693,8230,0
3860,3860,0,8230,0,0,1efc,001c,7932,8230,0
3861,3861,0,8230,0,0,e16a,001c,8554,8230,0
3862,3862,0,8230,0,0,e04a,001c,8266,8230,0
3863,3863,0,8230,0,0,1de0,001c,7648,8230,0
3864,3864,0,8230,0,0,1f1f,001c,7967,8230,0
3865,3865,0,8230,0,0,e176,001c,8566,8230,0
3866,3866,0,8230,0,0,e005,001c,8197,8230,0
3867,3867,0,8230,0,0,1dc4,001c,7620,8230,0
3868,3868,0,8230,0,0,1f6b,001c,8043,8230,0
3869,3869,0,8230,0,0,e180,001c,8576,8230,0
3870,3870,0,8230,0,0,1fa7,001c,8103,8230,0
3871,3871,0,8230,0,0,1ded,001c,7661,8230,0
3872,3872,0,8230,0,0,1ff4,001c,8180,8230,0
3873,3873,0,8230,0,0,e164,001c,8548,8230,0
3874,3874,0,8230,0,0,1f36,001c,7990,8230,0
3875,3875,0,8230,0,0,1df2,001c,7666,8230,0
3876,3876,0,8230,0,0,e030,001c,8240,8230,0
3877,3877,0,8230,0,0,e157,001c,8535,8230,0
3878,3878,0,8230,0,0,1ee1,001c,7905,8230,0
3879,3879,0,8230,0,0,1df3,001c,7667,8230,0
3880,3880,0,8230,0,0,e080,001c,8320,8230,0
3881,3881,0,8230,0,0,e125,001c,8485,8230,0
3882,3882,0,8230,0,0,1eb9,001c,7865,8230,0
3883,3883,0,8230,0,0,1e52,001c,7794,8230,0
3884,3884,0,8230,0,0,e2c7,001c,8407,8230,0
3885,3885,0,8230,0,0,e0fb,001c,8447,8230,0
3886,3886,0,8230,0,0,feff,001c,7935,8230,0
3887,3887,0,8230,0,0,1e77,001c,7799,8230,0
3888,3888,0,8230,0,0,1e71,001c,16241,8230,0
3889,3889,0,8230,0,0,e1e7,001c,8679,8230,0
3890,3890,0,8230,0,0,ecc7,001c,11463,8230,0
3891,3891,0,8230,0,0,1e87,001c,7815,8230,0
3892,3892,0,8230,0,0,1e87,001c,7815,8230,0
3893,3893,0,8230,0,0,e146,001c,8518,8230,0
3894,3894,0,8230,0,0,e09f,001c,8351,8230,0
3895,3895,0,8230,0,0,1e99,001c,7833,8230,0
3896,3896,0,8230,0,0,1eb7,001c,7863,8230,0
3897,3897,0,8230,0,0,e178,001c,8568,8230,0
3898,3898,0,8230,0,0,e018,001c,8216,8230,0
3899,3899,0,8230,0,0,1e00,001c,7680,8230,0
3900,3900,0,8230,0,0,1f10,001c,7952,8230,0
3901,3901,0,8230,0,0,e109,001c,8457,8230,0
3902,3902,0,8230,0,0,e016,001c,8214,8230,0
3903,3903,0,8230,0,0,1db8,001c,7608,8230,0
3904,3904,0,8230,0,0,1fcc,001c,8140,8230,0
3905,3905,0,8230,0,0,e13c,001c,8508,8230,0
3906,3906,0,8230,0,0,1f53,001c,8019,8230,0
3907,3907,0,8230,0,0,1dfd,001c,7677,8230,0
3908,3908,0,8230,0,0,1fea,001c,8170,8230,0
3909,3909,0,8230,0,0,e1b5,001c,8629,8230,0
3910,3910,0,8230,0,0,1f91,001c,8081,8230,0
3911,3911,0,8230,0,0,1e36,001c,7734,8230,0
3912,3912,0,8230,0,0,e054,001c,8276,8230,0
3913,3913,0,8230,0,0,e169,001c,8553,8230,0
3914,3914,0,8230,0,0,1ef7,001c,7927,8230,0
3915,3915,0,8230,0,0,1e1a,001c,7706,8230,0
3916,3916,0,8230,0,0,e0b3,001c,8371,8230,0
3917,3917,0,8230,0,0,e15b,001c,8539,8230,0
3918,3918,0,8230,0,0,1ecd,001c,7885,8230,0
3919,3919,0,8230,0,0,1e4a,001c,7754,8230,0
3920,3920,0,8230,0,0,e2ff,001c,8959,8230,0
3921,3921,0,8230,0,0,e1b3,001c,8511,8230,0
3922,3922,0,8230,0,0,fdbf,001c,7603,8230,0
3923,3923,0,8230,0,0,1eff,001c,7935,8230,0
3924,3924,0,8230,0,0,1eff,001c,16127,8230,0
3925,3925,0,8230,0,0,e0ff,001c,8446,8230,0
3926,3926,0,8230,0,0,e0b5,001c,8373,8230,0
3927,3927,0,8230,0,0,1ecc,001c,7872,8230,0
3928,3928,0,8230,0,0,1eec,001c,7916,8230,0
3929,3929,0,8230,0,0,e185,001c,8581,8230,0
3930,3930,0,8230,0,0,e0a0,001c,8352,8230,0
3931,3931,0,8230,0,0,1e36,001c,7734,8230,0
3932,3932,0,8230,0,0,1f5e,001c,8030,8230,0
3933,3933,0,8230,0,0,e184,001c,8580,8230,0
3934,3934,0,8230,0,0,e084,001c,8324,8230,0
3935,3935,0,8230,0,0,1dfa,001c,7674,8230,0
3936,3936,0,8230,0,0,1f87,001c,8071,8230,0
3937,3937,0,8230,0,0,e158,001c,8536,8230,0
3938,3938,0,8230,0,0,e014,001c,8212,8230,0
3939,3939,0,8230,0,0,1e0b,001c,7691,8230,0
3940,3940,0,8230,0,0,1fbb,001c,8123,8230,0
3941,3941,0,8230,0,0,e195,001c,8597,8230,0
3942,3942,0,8230,0,0,1fb9,001c,8121,8230,0
3943,3943,0,8230,0,0,1e05,001c,7685,8230,0
3944,3944,0,8230,0,0,e020,001c,8224,8230,0
3945,3945,0,8230,0,0,e190,001c,8592,8230,0
3946,3946,0,8230,0,0,1f70,001c,8048,8230,0
3947,3947,0,8230,0,0,1e22,001c,7714,8230,0
3948,3948,0,8230,0,0,e07e,001c,8318,8230,0
3949,3949,0,8230,0,0,e182,001c,8578,8230,0
3950,3950,0,8230,0,0,1f1f,001c,7967,8230,0
3951,3951,0,8230,0,0,1e40,001c,7744,8230,0
3952,3952,0,8230,0,0,e0b9,001c,8377,8230,0
3953,3953,0,8230,0,0,e15d,001c,8541,8230,0
3954,3954,0,8230,0,0,1ed7,001c,7895,8230,0
3955,3955,0,8230,0,0,1e50,001c,7760,8230,0
3956,3956,0,8230,0,0,eaff,001c,8959,8230,0
3957,3957,0,8230,0,0,e1bf,001c,8511,8230,0
3958,3958,0,8230,0,0,f12c,001c,15784,8230,0
3959,3959,0,8230,0,0,1e9e,001c,7838,8230,0
3960,3960,0,8230,0,0,1e8c,001c,7820,8230,0
3961,3961,0,8230,0,0,e1f0,001c,8688,8230,0
3962,3962,0,8230,0,0,ecfc,001c,11504,8230,0
3963,3963,0,8230,0,0,1e6d,001c,7917,8230,0
3964,3964,0,8230,0,0,1ed9,001c,7897,8230,0
3965,3965,0,8230,0,0,e151,001c,8529,8230,0
3966,3966,0,8230,0,0,e0a7,001c,8359,8230,0
3967,3967,0,8230,0,0,1e21,001c,7713,8230,0
3968,3968,0,8230,0,0,1f1d,001c,7965,8230,0
3969,3969,0,8230,0,0,e184,001c,8580,8230,0
3970,3970,0,8230,0,0,e05d,001c,8285,8230,0
3971,3971,0,8230,0,0,1dfb,001c,7675,8230,0
3972,3972,0,8230,0,0,1f70,001c,8048,8230,0
3973,3973,0,8230,0,0,e1a6,001c,8614,8230,0
3974,3974,0,8230,0,0,1ff7,001c,8183,8230,0
3975,3975,0,8230,0,0,1df8,001c,7672,8230,0
3976,3976,0,8230,0,0,1fa7,001c,8103,8230,0
3977,3977,0,8230,0,0,e1ac,001c,8620,8230,0
3978,3978,0,8230,0,0,1fb3,001c,8115,8230,0
3979,3979,0,8230,0,0,1df7,001c,7671,8230,0
3980,3980,0,8230,0,0,e011,001c,8209,8230,0
3981,3981,0,8230,0,0,e18a,001c,8586,8230,0
3982,3982,0,8230,0,0,1f5d,001c,8029,8230,0
3983,3983,0,8230,0,0,1dfc,001c,7676,8230,0
3984,3984,0,8230,0,0,e063,001c,8291,8230,0
3985,3985,0,8230,0,0,e165,001c,8549,8230,0
3986,3986,0,8230,0,0,1f00,001c,7936,8230,0
3987,3987,0,8230,0,0,1e20,001c,7712,8230,0
3988,3988,0,8230,0,0,e098,001c,8344,8230,0
3989,3989,0,8230,0,0,e131,001c,8497,8230,0
3990,3990,0,8230,0,0,1e96,001c,7830,8230,0
3991,3991,0,8230,0,0,1e31,001c,7731,8230,0
3992,3992,0,8230,0,0,eefb,001c,8955,8230,0
3993,3993,0,8230,0,0,e1fb,001c,8507,8230,0
3994,3994,0,8230,0,0,ff5b,001c,16219,8230,0
3995,3995,0,8230,0,0,1e7a,001c,7802,8230,0
3996,3996,0,8230,0,0,1e6a,001c,7786,8230,0
3997,3997,0,8230,0,0,e1bc,001c,8636,8230,0
3998,3998,0,8230,0,0,ecb6,001c,11444,8230,0
3999,3999,0,8230,0,0,1ed6,001c,7894,8230,0
4000,4000,0,8230,0,0,1ed1,001c,7889,8230,0
4001,4001,0,8230,0,0,e142,001c,8514,8230,0
4002,4002,0,8230,0,0,e07b,001c,8315,8230,0
4003,4003,0,8230,0,0,1df9,001c,7673,8230,0
4004,4004,0,8230,0,0,1ef0,001c,7920,8230,0
4005,4005,0,8230,0,0,e157,001c,8535,8230,0
4006,4006,0,8230,0,0,e029,001c,8233,8230,0
4007,4007,0,8230,0,0,1dcd,001c,7629,8230,0
4008,4008,0,8230,0,0,1f5b,001c,8027,8230,0
4009,4009,0,8230,0,0,e176,001c,8566,8230,0
4010,4010,0,8230,0,0,1fc3,001c,8131,8230,0
4011,4011,0,8230,0,0,1ddc,001c,7644,8230,0
4012,4012,0,8230,0,0,1f96,001c,8086,8230,0
4013,4013,0,8230,0,0,e158,001c,8536,8230,0
4014,4014,0,8230,0,0,1f85,001c,8069,8230,0
4015,4015,0,8230,0,0,1dca,001c,7626,8230,0
4016,4016,0,8230,0,0,1fe7,001c,8167,8230,0
4017,4017,0,8230,0,0,e15a,001c,8538,8230,0
4018,4018,0,8230,0,0,1f22,001c,7970,8230,0
4019,4019,0,8230,0,0,1de4,001c,7652,8230,0
4020,4020,0,8230,0,0,e02d,001c,8237,8230,0
4021,4021,0,8230,0,0,e125,001c,8485,8230,0
4022,4022,0,8230,0,0,1ed1,001c,7889,8230,0
4023,4023,0,8230,0,0,1df8,001c,7672,8230,0
4024,4024,0,8230,0,0,e07e,001c,8318,8230,0
4025,4025,0,8230,0,0,e117,001c,8471,8230,0
4026,4026,0,8230,0,0,1e93,001c,7827,8230,0
4027,4027,0,8230,0,0,1e37,001c,7735,8230,0
4028,4028,0,8230,0,0,eef6,001c,8951,8230,0
4029,4029,0,8230,0,0,e0e2,001c,8422,8230,0
4030,4030,0,8230,0,0,feeb,001c,16106,8230,0
4031,4031,0,8230,0,0,1e7f,001c,7803,8230,0
4032,4032,0,8230,0,0,1e56,001c,7764,8230,0
4033,4033,0,8230,0,0,e1b6,001c,8630,8230,0
4034,4034,0,8230,0,0,e0b4,001c,8372,8230,0
4035,4035,0,8230,0,0,1e0b,001c,7691,8230,0
4036,4036,0,8230,0,0,1eb6,001c,7862,8230,0
4037,4037,0,8230,0,0,e12c,001c,8492,8230,0
4038,4038,0,8230,0,0,e060,001c,8288,8230,0
4039,4039,0,8230,0,0,1dfa,001c,7674,8230,0
4040,4040,0,8230,0,0,1f12,001c,7954,8230,0
4041,4041,0,8230,0,0,e160,001c,8544,8230,0
4042,4042,0,8230,0,0,e009,001c,8201,8230,0
4043,4043,0,8230,0,0,1dce,001c,7630,8230,0
4044,4044,0,8230,0,0,1f63,001c,8035,8230,0
4045,4045,0,8230,0,0,e15f,001c,8543,8230,0
4046,4046,0,8230,0,0,1fb0,001c,8112,8230,0
4047,4047,0,8230,0,0,1df1,001c,7665,8230,0
4048,4048,0,8230,0,0,1fc1,001c,8129,8230,0
4049,4049,0,8230,0,0,e16d,001c,8557,8230,0
4050,4050,0,8230,0,0,1f73,001c,8051,8230,0
4051,4051,0,8230,0,0,1dd1,001c,7633,8230,0
4052,4052,0,8230,0,0,e00b,001c,8203,8230,0
4053,4053,0,8230,0,0,e16e,001c,8558,8230,0
4054,4054,0,8230,0,0,1f2d,001c,7981,8230,0
4055,4055,0,8230,0,0,1ded,001c,7661,8230,0
4056,4056,0,8230,0,0,e04d,001c,8269,8230,0
4057,4057,0,8230,0,0,e147,001c,8519,8230,0
4058,4058,0,8230,0,0,1eff,001c,7935,8230,0
4059,4059,0,8230,0,0,1e22,001c,7714,8230,0
4060,4060,0,8230,0,0,e09b,001c,8347,8230,0
4061,4061,0,8230,0,0,e128,001c,8488,8230,0
4062,4062,0,8230,0,0,1e85,001c,7845,8230,0
4063,4063,0,8230,0,0,1e5c,001c,7773,8230,0
4064,4064,0,8230,0,0,ef11,001c,8989,8230,0
4065,4065,0,8230,0,0,e10f,001c,8463,8230,0
4066,4066,0,8230,0,0,ff5f,001c,16223,8230,0
4067,4067,0,8230,0,0,1e7f,001c,7807,8230,0
4068,4068,0,8230,0,0,1e77,001c,7799,8230,0
4069,4069,0,8230,0,0,e1f8,001c,8696,8230,0
4070,4070,0,8230,0,0,e0e8,001c,8424,8230,0
4071,4071,0,8230,0,0,1e66,001c,7910,8230,0
4072,4072,0,8230,0,0,1ee6,001c,7910,8230,0
4073,4073,0,8230,0,0,e155,001c,8533,8230,0
4074,4074,0,8230,0,0,e08c,001c,8332,8230,0
4075,4075,0,8230,0,0,1e37,001c,7735,8230,0
4076,4076,0,8230,0,0,1f26,001c,7974,8230,0
4077,4077,0,8230,0,0,e16f,001c,8559,8230,0
4078,4078,0,8230,0,0,e03d,001c,8253,8230,0
4079,4079,0,8230,0,0,1dfd,001c,7677,8230,0
4080,4080,0,8230,0,0,1f7b,001c,8059,8230,0
4081,4081,0,8230,0,0,e1a4,001c,8612,8230,0
4082,4082,0,8230,0,0,1ff7,001c,8183,8230,0
4083,4083,0,8230,0,0,1df6,001c,7670,8230,0
4084,4084,0,8230,0,0,1fd4,001c,8148,8230,0
4085,4085,0,8230,0,0,e1a0,001c,8608,8230,0
4086,4086,0,8230,0,0,1fb5,001c,8117,8230,0
4087,4087,0,8230,0,0,1ded,001c,7661,8230,0
4088,4088,0,8230,0,0,e02a,001c,8234,8230,0
4089,4089,0,8230,0,0,e1a5,001c,8613,8230,0
4090,4090,0,8230,0,0,1f5b,001c,8027,8230,0
4091,4091,0,8230,0,0,1e09,001c,7689,8230,0
4092,4092,0,8230,0,0,e07a,001c,8314,8230,0
4093,4093,0,8230,0,0,e188,001c,8584,8230,0
4094,4094,0,8230,0,0,1eff,001c,7935,8230,0
4095,4095,0,8230,0,0,1e35,001c,7733,8230,0
