$date
        2026-Feb-06 11:53:04
$end
$version
        Vivado v2024.2 (64-bit)
$end
$timescale
        1ps
$end
$scope module dut $end
$var reg 32 " design_1_i/adc_interface_0_m_axis_tdata [31:0] $end
$var reg 1 B design_1_i/adc_interface_0_m_axis_tlast $end
$var reg 1 C design_1_i/adc_interface_0_m_axis_tvalid $end
$var reg 16 D design_1_i/adc_interface_0_adc_signed_debug [15:0] $end
$var reg 16 T design_1_i/adc_interface_0_win_coeff_out [15:0] $end
$var reg 14 d design_1_i/adc_data [13:0] $end
$var reg 14 r design_1_i/adc_interface_0_adc_data_original [13:0] $end
$var reg 1 "" design_1_i/adc_interface_0_adc_data_original_valid $end
$var reg 64 #" design_1_i/xfft_0_m_axis_data_tdata [63:0] $end
$var reg 1 c" design_1_i/xfft_0_m_axis_data_tlast $end
$var reg 1 d" design_1_i/xfft_0_m_axis_data_tvalid $end
$var reg 1 e" _TRIGGER $end
$var reg 1 f" _WINDOW $end
$var reg 1 g" _GAP $end
$upscope $end
$enddefinitions $end
#0
$dumpvars
b11111111100101010101100101010010 "
0B
1C
b1110101110011 D
b11100 T
b1110101110011 d
b1100101010010 r
1""
b11110101100101010110000111111110000101000110100101001001 #"
0c"
0d"
0e"
1f"
0g"
$end
#1
b11111111100010110000010111100010 "
b1110100011100 D
b1110100011100 d
b10111100010 r
#2
b11111111100001000100000010110011 "
b1111010010101 D
b1111010010101 d
b10110011 r
#3
b11111111100001010110010001001010 "
b10000100000101 D
b10000100000101 d
b10010001001010 r
#4
b11111111100010100111010100010000 "
b10001010111111 D
b10001010111111 d
b11010100010000 r
#5
b11111111100100000110010010011101 "
b10001011100011 D
b10001011100011 d
b10010010011101 r
#6
b11111111100100100001011111000010 "
b10000101010101 D
b10000101010101 d
b1011111000010 r
#7
b11111111100011001010110011001110 "
b1111011000110 D
b1111011000110 d
b10110011001110 r
#8
b11111111100000011101000101010100 "
b1110100011100 D
b1110100011100 d
b1000101010100 r
#9
b11111111011101110101101111010000 "
b1110101001000 D
b1110101001000 d
b1101111010000 r
#10
b11111111011100010011011111000100 "
b1111100010011 D
b1111100011011 d
b11011111000100 r
#11
b11111111011100101110101110110100 "
b10010101101110 D
b10111101101111 d
b10101110110100 r
#12
b11111111011110011101000010110001 "
b10001111111111 D
b10001111111111 d
b1000010110001 r
#13
b11111111100000010000101001110000 "
b10001010011111 D
b10001011011111 d
b101001110000 r
#14
b11111111100000011101010111111101 "
b10001011011111 D
b1010111111101 r
#15
b11111111011110011100000101001010 "
b11111011000110 D
b10111011000110 d
b101001010 r
#16
b11111111011011000011101110000110 "
b1111101100011 D
b1111101100011 d
b11101110000110 r
#17
b11111111011000001110001100111000 "
b1110101111111 D
b1110101111111 d
b10001100111000 r
#18
b11111111010111001110000001011010 "
b1111101111101 D
b1110101111101 d
b10000001011010 r
#19
b11111111011000011011101010011001 "
b1111110000101 D
b1111110000101 d
b11101010011001 r
#20
b11111111011010011111110010010010 "
b10000111100000 D
b10000111100000 d
b11110010010010 r
#21
b11111111011100001010000000000010 "
b10001100100011 D
b10001100100011 d
b10000000000010 r
#22
b11111111011011111101100111101011 "
b10001001110110 D
b10001001110110 d
b1100111101011 r
#23
b11111111011001000010110011101110 "
b10000000101110 D
b10000000101110 d
b10110011101110 r
#24
b11111111010101011100001110101111 "
b1110111011100 D
b1110111011100 d
b1110101111 r
#25
b11111111010010101101100010001100 "
b1110011100101 D
b1110011100101 d
b1100010001100 r
#26
b11111111010010001000111100100000 "
b1110111101110 D
b1110111101110 d
b111100100000 r
#27
b11111111010011101101111001010100 "
b10000000111100 D
b10000000111100 d
b1111001010100 r
#28
b11111111010110010011001101010000 "
b10001001000110 D
b10001001000110 d
b11001101010000 r
#29
b11111111011000000001011100001000 "
b10001100011110 D
b10001100011110 d
b1011100001000 r
#30
b11111111010110111111011110111000 "
b10000111100011 D
b10000111100011 d
b11011110111000 r
#31
b11111111010011100110000010010100 "
b1111110110110 D
b1111110110110 d
b10000010010100 r
#32
b11111111001111101011001110000000 "
b1110110101011 D
b1110110101011 d
b11001110000000 r
#33
b11111111001101000001101101010000 "
b1110011110011 D
b1110011110011 d
b1101101010000 r
#34
b11111111001101000011000000110000 "
b1111001100010 D
b1111001100010 d
b11000000110000 r
#35
b11111111001111100010111110001100 "
b10000010101000 D
b10000010101000 d
b10111110001100 r
#36
b11111111010010010110010000010000 "
b10001010010011 D
b10001010010011 d
b10010000010000 r
#37
b11111111010011100110011011010000 "
b10001100011010 D
b10001100011010 d
b10011011010000 r
#38
b11111111010001111001100101111000 "
b10000101101100 D
b10000101101100 d
b1100101111000 r
#39
b11111111001101110011000001010000 "
b1111100100011 D
b1111100100011 d
b11000001010000 r
#40
b11111111001001110001010110001100 "
b1110100111101 D
b1110100111101 d
b1010110001100 r
#41
b11111111000111101111101110010100 "
b1110100001000 D
b1110100001000 d
b11101110010100 r
#42
b11111111001000001110010110111110 "
b1111011101110 D
b1111011101110 d
b10010110111110 r
#43
b11111111001011010010010000011100 "
b10000101001011 D
b10000101001011 d
b10010000011100 r
#44
b11111111001110010011001101110110 "
b10001011001000 D
b10001011001000 d
b11001101110110 r
#45
b11111111001111001000100001001111 "
b10001010111111 D
b10001010111111 d
b100001001111 r
#46
b11111111001100011101110101100100 "
b10000011010010 D
b10000011111010 d
b1110101100100 r
#47
b11111111001000000100110101100000 "
b1111010100010 D
b1111011110010 d
b110101100000 r
#48
b11111111000100001000100110000110 "
b1111110111010 D
b1111110111010 d
b100110000110 r
#49
b11111111000010001001011100000100 "
b1110101111010 D
b1110101111010 d
b1011100000100 r
#50
b11111111000011100001011100110001 "
b1111101111011 D
b1111101111011 d
b1011100110001 r
#51
b11111111000111100101100101111000 "
b11111110111011 D
b1111110111011 d
b1100101111000 r
#52
b11111111001010101101001101100110 "
b10001111101010 D
b10001111101010 d
b1001101100110 r
#53
b11111111001010001000100100011000 "
b10001011111011 D
b10001011111011 d
b100100011000 r
#54
b11111111000111011010001110110000 "
b10001011110111 D
b10001011110111 d
b10001110110000 r
#55
b11111111000010111011110000001100 "
b10000001110111 D
b10000001110111 d
b11110000001100 r
#56
b11111110111110001010110110000110 "
b1111000001000 D
b1111000001000 d
b10110110000110 r
#57
b11111110111101000101100111000000 "
b1110011111110 D
b1110011111110 d
b1100111000000 r
#58
b11111111000000011011001111110000 "
b1110110101001 D
b1110110101001 d
b11001111110000 r
#59
b11111111000100010000110110100110 "
b1111111101010 D
b1111111101010 d
b110110100110 r
#60
b11111111000111000001011011001101 "
b10001000010101 D
b10001000010101 d
b1011011001101 r
#61
b11111111000110001001101011011011 "
b10001100000001 D
b10001100000001 d
b1101011011011 r
#62
b11111111000010011000101100001101 "
b10001000011101 D
b10001000011101 d
b101100001101 r
#63
b11111110111101010110110000101110 "
b1111111001001 D
b1111111001001 d
b10110000101110 r
#64
b11111110111001100010100011001000 "
b1110111100001 D
b1110111100001 d
b10100011001000 r
#65
b11111110111001011010101110110010 "
b1110100010101 D
b1110100010101 d
b10101110110010 r
#66
b11111110111101001011000011111110 "
b1111000011000 D
b1111000011000 d
b11000011111110 r
#67
b11111111000001000101011111000000 "
b10000001100100 D
b10000001100100 d
b1011111000000 r
#68
b11111111000011101100111010100110 "
b10001010101101 D
b10001010101101 d
b111010100110 r
#69
b11111111000010101000001000111000 "
b10001011111010 D
b10001011111010 d
b1000111000 r
#70
b11111110111101100000100101101000 "
b10000111011111 D
b10000111011111 d
b100101101000 r
#71
b11111110111000001111010010110001 "
b1111101000001 D
b1111101000001 d
b11010010110001 r
#72
b11111110110101001001011011011100 "
b1110101101000 D
b1110101101000 d
b1011011011100 r
#73
b11111110110110101011110000000000 "
b1110100010101 D
b1110100010101 d
b11110000000000 r
#74
b11111110111010110001111100000100 "
b1111010000000 D
b1111010000000 d
b1111100000100 r
#75
b11111110111111011101111000110000 "
b10000011110101 D
b10000011110101 d
b1111000110000 r
#76
b11111111000000111111010111100101 "
b10001011010011 D
b10001011010011 d
b11010111100101 r
#77
b11111110111110110010101100101100 "
b10001011101111 D
b10001011101111 d
b10101100101100 r
#78
b11111110111001010111010011011000 "
b10000100000010 D
b10000100000010 d
b11010011011000 r
#79
b11111110110100100101000001001000 "
b1111011001011 D
b1111011001011 d
b1000001001000 r
#80
b11111110110010011101000010100010 "
b1110101001110 D
b1110101001110 d
b1000010100010 r
#81
b11111110110100101001110110000010 "
b1110100111110 D
b1110100111110 d
b1110110000010 r
#82
b11111110111001100011011010001101 "
b1111011111011 D
b1111011111011 d
b11011010001101 r
#83
b11111110111101111111111110000000 "
b10010101101011 D
b11111111111011 d
b11111110000000 r
#84
b11111110111110100011011100111011 "
b10001100101011 D
b10001101101011 d
b11011100111011 r
#85
b11111110111011011010110100000000 "
b10001110001011 D
b10001110001011 d
b10110100000000 r
#86
b11111110110110010001110111101100 "
b10001010011011 D
b10001010011011 d
b1110111101100 r
#87
b11111110110001110111001111010000 "
b10111010011010 D
b10111010011010 d
b11001111010000 r
#88
b11111110110000110000111000101101 "
b1111001011101 D
b1111001010101 d
b111000101101 r
#89
b11111110110100011111011010010101 "
b1110101111110 D
b1110101111110 d
b11011010010101 r
#90
b11111110111001001100011000111000 "
b1111101110100 D
b1110101110100 d
b11000111000 r
#91
b11111110111100110001111100100010 "
b1111110000010 D
b1111110000010 d
b1111100100010 r
#92
b11111110111110000100001011110011 "
b10000111101000 D
b10000111101000 d
b1011110011 r
#93
b11111110111010010001100010111000 "
b10001100100000 D
b10001100100000 d
b1100010111000 r
#94
b11111110110100011001001101101100 "
b10001001100000 D
b10001001100000 d
b1001101101100 r
#95
b11111110110000100101100010011100 "
b10000000100101 D
b10000000100101 d
b1100010011100 r
#96
b11111110110000110011101010110010 "
b1110111010010 D
b1110111010010 d
b11101010110010 r
#97
b11111110110101001000111100100110 "
b1110011110000 D
b1110011110000 d
b111100100110 r
#98
b11111110111010110011100010101011 "
b1110111101100 D
b1110111101100 d
b11100010101011 r
#99
b11111110111101101101001111000101 "
b10000000110000 D
b10000000110000 d
b1001111000101 r
#100
b11111110111101010011001000110100 "
b10001001001110 D
b10001001001110 d
b11001000110100 r
#101
b11111110111001011110000111100100 "
b10001011111111 D
b10001011111111 d
b10000111100100 r
#102
b11111110110100010110110001000100 "
b10000111010110 D
b10000111010110 d
b10110001000100 r
#103
b11111110110001011101111011011110 "
b1111111000000 D
b1111111000000 d
b1111011011110 r
#104
b11111110110010011101111000011000 "
b1110110100101 D
b1110110100101 d
b1111000011000 r
#105
b11111110110111100000011110000010 "
b1110011100100 D
b1110011100100 d
b11110000010 r
#106
b11111110111101010101011001111001 "
b1111001001110 D
b1111001001110 d
b1011001111001 r
#107
b11111110111111111010011010000100 "
b10000010101110 D
b10000010101110 d
b10011010000100 r
#108
b11111110111110110101001000011000 "
b10001010100011 D
b10001010100011 d
b1001000011000 r
#109
b11111110111010100010100001011110 "
b10001100000111 D
b10001100000111 d
b10100001011110 r
#110
b11111110110101101110000000011000 "
b10000101011011 D
b10000101011011 d
b10000000011000 r
#111
b11111110110100001011101000011000 "
b1111011101101 D
b1111011101101 d
b11101000011000 r
#112
b11111110110110111110000110010110 "
b1110100111011 D
b1110100111011 d
b10000110010110 r
#113
b11111110111100000100011001111010 "
b1110100111101 D
b1110100111101 d
b11001111010 r
#114
b11111111000000110101110000101000 "
b1111011101001 D
b1111011101001 d
b1110000101000 r
#115
b11111111000011000101100011001110 "
b10000100101010 D
b10000100101010 d
b1100011001110 r
#116
b11111111000001101001000011101011 "
b10001010100111 D
b10001010100111 d
b1000011101011 r
#117
b11111110111101011000010000010001 "
b10001011010101 D
b10001011010101 d
b10000010001 r
#118
b11111110111001100101100011011100 "
b10000100001010 D
b10001110001011 d
b1100011011100 r
#119
b11111110111001001011110101110001 "
b1111001111011 D
b11111101111011 d
b11110101110001 r
#120
b11111110111100101001100011001010 "
b1111011111111 D
b1111011111111 d
b1100011001010 r
#121
b11111111000010011011100110010010 "
b1110111101111 D
b1110111101111 d
b11100110010010 r
#122
b11111111000110111010110100001100 "
b1111101111010 D
b1111101111010 d
b10110100001100 r
#123
b11111111001000001001000110110000 "
b1000110110000 r
#124
b11111111000110000000101001111000 "
b10001110000011 D
b10001110000011 d
b101001111000 r
#125
b11111111000010100110001001010000 "
b10001110010011 D
b10001110010011 d
b10001001010000 r
#126
b11111111000000100000010110010110 "
b10001010010001 D
b10001010010000 d
b10110010110 r
#127
b11111111000001000011011010010110 "
b10000010001011 D
b10000010001011 d
b11011010010110 r
#128
b11111111000101010100111001010110 "
b1111000000100 D
b1111000000100 d
b111001010110 r
#129
b11111111001010011101001010101010 "
b1110100010010 D
b1110100010010 d
b1001010101010 r
#130
b11111111001110010010100100000000 "
b1110111011000 D
b1110111011000 d
b10100100000000 r
#131
b11111111001111011000001001000111 "
b1111111010101 D
b1111111010101 d
b1001000111 r
#132
b11111111001101011111111100010100 "
b10001000000110 D
b10001000000110 d
b11111100010100 r
#133
b11111111001010110011001001011000 "
b10001100000110 D
b10001100000110 d
b11001001011000 r
#134
b11111111001001101011011011011000 "
b10001001000101 D
b10001001000101 d
b11011011011000 r
#135
b11111111001011101011001010100100 "
b1111111001100 D
b1111111001100 d
b11001010100100 r
#136
b11111111010000010000101000100000 "
b1110110101101 D
b1110110101101 d
b101000100000 r
#137
b11111111010100101011111011001100 "
b1110100000111 D
b1110100000111 d
b11111011001100 r
#138
b11111111010111111101001000000000 "
b1111000110011 D
b1111000110011 d
b1001000000000 r
#139
b11111111011000100101010000011111 "
b10000001101000 D
b10000001101000 d
b1010000011111 r
#140
b11111111010111010000111101011100 "
b10001010000111 D
b10001010000111 d
b111101011100 r
#141
b11111111010110000111000111110000 "
b10001011101010 D
b10001011101010 d
b11000111110000 r
#142
b11111111010110011101011111000000 "
b10000111000011 D
b10000111000011 d
b1011111000000 r
#143
b11111111011000111111101000111000 "
b1111101011001 D
b1111101011001 d
b11101000111000 r
#144
b11111111011101001101010101100000 "
b1110101100110 D
b1110101100110 d
b1010101100000 r
#145
b11111111100001001100011100111111 "
b1110100001100 D
b1110100001100 d
b11100111111 r
#146
b11111111100011110010111111100100 "
b1111010011011 D
b1111010011011 d
b10111111100100 r
#147
b11111111100100101100000010111111 "
b10000011110111 D
b10000011110111 d
b10111111 r
#148
b11111111100100011010110111011100 "
b10001010110011 D
b10001010110011 d
b10110111011100 r
#149
b11111111100100110100010111010111 "
b10001011101001 D
b10001011101001 d
b10111010111 r
#150
b11111111100110001111111000010000 "
b10000100110011 D
b10000100110011 d
b11111000010000 r
#151
b11111111101001001010111100110111 "
b1111011010100 D
b1111011010100 d
b10111100110111 r
#152
b11111111101100110100110110111010 "
b1110100010010 D
b1110100010010 d
b110110111010 r
#153
b11111111110000000011011101100001 "
b1110101010010 D
b1110101010010 d
b11011101100001 r
#154
b11111111110010010100100001011100 "
b1111100111001 D
b1111100111011 d
b100001011100 r
#155
b11111111110011110010111110000110 "
b10111101111111 D
b11111101111111 d
b10111110000110 r
#156
b11111111110101000101100110010111 "
b10001111111110 D
b10001111111110 d
b1100110010111 r
#157
b11111111110110111101011010011100 "
b10001011111111 D
b10001011111111 d
b1011010011100 r
#158
b11111111111001011110111011110000 "
b10001010111101 D
b10001010111101 d
b10111011110000 r
#159
b11111111111100010010001101000000 "
b10111010111101 D
b10111010111101 d
b10001101000000 r
#160
b11111111111110111010001111011100 "
b1111011101111 D
b1111011101111 d
b10001111011100 r
#161
b1010010010101001110 "
b1110111101111 D
b1110111101111 d
b10010101001110 r
#162
b11100110001110001000 "
b1111110111110 D
b1111110111010 d
b10001110001000 r
#163
b110010101010010010010 "
b1111110110100 D
b1111110110100 d
b1010010010010 r
#164
b1001100010000001011010 "
b10001000000001 D
b10001000000001 d
b10000001011010 r
#165
b1100111101010010001000 "
b10001100001100 D
b10001100001100 d
b1010010001000 r
#166
b1111111010110101001010 "
b10001001000101 D
b10001001000101 d
b10110101001010 r
#167
b10010000110000000100000 "
b10000000011110 D
b10000000011110 d
b10000000100000 r
#168
b10011011111000000111000 "
b1111000000000 D
b1111000000000 d
b11000000111000 r
#169
b10101001001110001001011 "
b1110100000001 D
b1110100000001 d
b1110001001011 r
#170
b11000000100010101111000 "
b1110111110101 D
b1110111110101 d
b10101111000 r
#171
b11100101001001001110000 "
b10000000101101 D
b10000000101101 d
b1001001110000 r
#172
b100010000110110111000110 "
b10001001000001 D
b10001001000001 d
b10110111000110 r
#173
b100110110010100100000010 "
b10001100100001 D
b10001100100001 d
b10100100000010 r
#174
b101001101001001000000000 "
b10000111100111 D
b10000111100111 d
b1001000000000 r
#175
b101010010100101110101010 "
b1111101011101 D
b1111101011101 d
b101110101010 r
#176
b101010001111001010001011 "
b1110110000010 D
b1110110000010 d
b11001010001011 r
#177
b101100000001101100110100 "
b1110100001100 D
b1110100001100 d
b1101100110100 r
#178
b110000011110010001100000 "
b1111001010000 D
b1111001010000 d
b10010001100000 r
#179
b110111000100010110001000 "
b10000010111011 D
b10000010111011 d
b10110001000 r
#180
b111110010110000111110110 "
b10001010101110 D
b10001010101110 d
b10000111110110 r
#181
b1000100000010000110001000 "
b10001011100111 D
b10001011100111 d
b10000110001000 r
#182
b1000110010101100011010101 "
b10000101001000 D
b10000101001000 d
b1100011010101 r
#183
b1000100111010101110010001 "
b1111100001010 D
b1111100001010 d
b10101110010001 r
#184
b1000100001001100001001000 "
b1110101000010 D
b1110101000010 d
b1100001001000 r
#185
b1000101100111110000011000 "
b1110101000100 D
b1110101000100 d
b11110000011000 r
#186
b1001100000010011101010011 "
b1111011101001 D
b1111011101001 d
b10011101010011 r
#187
b1010101100101011001110110 "
b10000100101011 D
b10000100101011 d
b1011001110110 r
#188
b1011111010110001100000000 "
b10001011010000 D
b10001011010000 d
b10001100000000 r
#189
b1100101011100111110111010 "
b10001011000001 D
b10001011000001 d
b111110111010 r
#190
b1100101100101011001011000 "
b10000011101110 D
b10001011101111 d
b1011001011000 r
#191
b1100001101110001011100000 "
b1111011111110 D
b11111011111110 d
b10001011100000 r
#192
b1011111100001101000111000 "
b1111100111010 D
b1111101111010 d
b1101000111000 r
#193
b1100011010100101001100100 "
b1110101110011 D
b1110101110011 d
b101001100100 r
#194
b1101100011010011100010010 "
b1111101101011 D
b1111101101011 d
b10011100010010 r
#195
b1111000011001110001001111 "
b11111111001001 D
b11111111001001 d
b1110001001111 r
#196
b10000011100100010000000111 "
b10001111010011 D
b10001111010011 d
b10000000111 r
#197
b10001001001000100111100101 "
b10001101111011 D
b10001101010011 d
b100111100101 r
#198
b10000111100000110100011000 "
b10001001111110 D
b10001001111110 d
b110100011000 r
#199
b10000001011011010010000000 "
b10000001011110 D
b10000001011110 d
b11010010000000 r
#200
b1111110010101111011001000 "
b1110111111011 D
b1110111111011 d
b1111011001000 r
#201
b10000011111111100011110000 "
b1110011011011 D
b1110011011011 d
b11100011110000 r
#202
b10010000001101110000110100 "
b1110110100111 D
b1110110100111 d
b1110000110100 r
#203
b10011111110100010010100000 "
b1111111011100 D
b1111111011100 d
b10010100000 r
#204
b10101100111011011010111010 "
b10001000110111 D
b10001000110111 d
b11011010111010 r
#205
b10110000000110000000000001 "
b10001100001100 D
b10001100001100 d
b10000000000001 r
#206
b10101010000100010100010000 "
b10000111011100 D
b10000111011100 d
b10100010000 r
#207
b10100010110010011001001111 "
b1111110111101 D
b1111110111101 d
b10011001001111 r
#208
b10100001000100110111100000 "
b1110110011111 D
b1110110011111 d
b110111100000 r
#209
b10101000101111101100100100 "
b1110100001101 D
b1110100001101 d
b11101100100100 r
#210
b10111001000101001011110000 "
b1111001000110 D
b1111001000110 d
b1001011110000 r
#211
b11001010011101010001111110 "
b10000001011111 D
b10000001011111 d
b1010001111110 r
#212
b11010111100000001100000000 "
b10001001100111 D
b10001001100111 d
b1100000000 r
#213
b11011000110111010010100100 "
b10001011111110 D
b10001011111110 d
b11010010100100 r
#214
b11010000100100111110110100 "
b10000110101101 D
b10000110101101 d
b111110110100 r
#215
b11000110100001011000100100 "
b1111101001100 D
b1111101001100 d
b1011000100100 r
#216
b11000101010101100111000111 "
b1110101010100 D
b1110101010100 d
b1100111000111 r
#217
b11010000011000101100101010 "
b1110011110101 D
b1110011110101 d
b101100101010 r
#218
b11100101101010010011001001 "
b1111010001101 D
b1111010001101 d
b10010011001001 r
#219
b11111010001100100000001100 "
b10000100001011 D
b10000100001011 d
b100000001100 r
#220
b100000101010110100111111010 "
b10001011011001 D
b10001011011001 d
b10100111111010 r
#221
b100000011101001101110001110 "
b10001010101001 D
b10001010101001 d
b1101110001110 r
#222
b11110111011110000010101010 "
b10000011111011 D
b10000011111011 d
b10000010101010 r
#223
b11101011000101010010110000 "
b1111011100010 D
b1111011100010 d
b1010010110000 r
#224
b11101101100101000111110000 "
b1110101000011 D
b1110101000011 d
b1000111110000 r
#225
b11111100100010001110110100 "
b1110101010011 D
b1110101010011 d
b10001110110100 r
#226
b100010110011110111100100011 "
b1111100000110 D
b1111100000111 d
b10111100100011 r
#227
b100101110001100100010110110 "
b10111101110110 D
b11111101110110 d
b100010110110 r
#228
b100110101101001110101100011 "
b10001111111110 D
b10001111111110 d
b1110101100011 r
#229
b100101101110001010010010100 "
b10001011111110 D
b10001011111110 d
b1010010010100 r
#230
b100011111001101110111101100 "
b10001010101111 D
b10001010101111 d
b1110111101100 r
#231
b100010100111000101101011100 "
b11111011101111 D
b10111011101111 d
b101101011100 r
#232
b100010111101001111110001010 "
b1111011101111 D
b1111011101111 d
b1111110001010 r
#233
b100101100110100101000111000 "
b1110111101101 D
b1110111101101 d
b101000111000 r
#234
b101001010110000100111010110 "
b1111111100110 D
b1110110100110 d
b100111010110 r
#235
b101100011001100101000111000 "
b1111111000001 D
b1111111000001 d
b101000111000 r
#236
b101101000010101100001000110 "
b10000111100011 D
b10000111100011 d
b1100001000110 r
#237
b101010110110100010010111000 "
b10001011111001 D
b10001011111001 d
b10010111000 r
#238
b101000111101111000001010101 "
b10001000100110 D
b10001000100110 d
b11000001010101 r
#239
b100111101000101110001100100 "
b10000000101001 D
b10000000101001 d
b1110001100100 r
#240
b101001000100110000011000000 "
b1110111111111 D
b1110111111111 d
b10000011000000 r
#241
b101100100110110000001101111 "
b1110011001100 D
b1110011001100 d
b10000001101111 r
#242
b110000101101101100001111101 "
b1110111110001 D
b1110111110001 d
b1100001111101 r
#243
b110011000010110101100011110 "
b10000001010110 D
b10000001010110 d
b10101100011110 r
#244
b110011111001001001011100111 "
b10001000011001 D
b10001000011001 d
b1001011100111 r
#245
b110011110010100101001011101 "
b10001100000010 D
b10001100000010 d
b101001011101 r
#246
b110001111000110000001001110 "
b10001000001101 D
b10001000001101 d
b10000001001110 r
#247
b101111001011001010011001000 "
b1111101110100 D
b1111101110100 d
b1010011001000 r
#248
b101101110100010010111000100 "
b1110110000110 D
b1110110000110 d
b10010111000100 r
#249
b101111100110100010011011000 "
b1110011110010 D
b1110011110010 d
b10011011000 r
#250
b110100001101101110111100000 "
b1111001001100 D
b1111001001100 d
b1110111100000 r
#251
b111000100111011100001100100 "
b10000011100111 D
b10000011100111 d
b11100001100100 r
#252
b111011000001001010011010000 "
b10001010110010 D
b10001010110010 d
b1010011010000 r
#253
b111010001101111101101011100 "
b10001011101001 D
b10001011101001 d
b11101101011100 r
#254
b110110111100111000010011011 "
b10000101111100 D
b10000101111100 d
b11000010011011 r
#255
b110100000110110111110100111 "
b1111011101110 D
b1111011101110 d
b10111110100111 r
#256
b110100110110110010011010110 "
b1110101011110 D
b1110101011110 d
b10010011010110 r
#257
b110100010001101010111011001 "
b1110101100001 D
b1110101100001 d
b1010111011001 r
#258
b110111011111111111110110100 "
b1111100001001 D
b1111100001001 d
b11111110110100 r
#259
b111100101001100010001110000 "
b10000101011110 D
b10000101011110 d
b10001110000 r
#260
b1000000110111110011001110100 "
b10001010110000 D
b10001010110000 d
b10011001110100 r
#261
b1000010100001001100000010000 "
b10001010101010 D
b10001010101010 d
b1100000010000 r
#262
b1000001000100111011111101000 "
b10000100101010 D
b10001110101010 d
b11011111101000 r
#263
b111101011101011001001001100 "
b1111110011110 D
b11111110011110 d
b11001001001100 r
#264
b111010101001100001011001000 "
b1111110010110 D
b1111110010110 d
b1011001000 r
#265
b111010011101110100111101100 "
b1110101010110 D
b1110101010110 d
b10100111101100 r
#266
b111110001110101000000011101 "
b1111101011110 D
b1111101011110 d
b1000000011101 r
#267
b1000100000000011000101100100 "
b11111111011100 D
b1111111011100 d
b11000101100100 r
#268
b1001000101110100101010100100 "
b10001111001010 D
b10001111001010 d
b101010100100 r
#269
b1001001101110000001111100000 "
b10001101000010 D
b10001101000010 d
b1111100000 r
#270
b1000110101111001001010001011 "
b10001001101001 D
b10001001101001 d
b1001010001011 r
#271
b1000010110001001100000010110 "
b10000001000011 D
b10000001000011 d
b1100000010110 r
#272
b111111111111000000011100100 "
b1111000000000 D
b1111000000000 d
b11100100 r
#273
b1000000110000000000100000010 "
b1110100010011 D
b1110100010011 d
b100000010 r
#274
b1000101110011000001001010010 "
b1110111010001 D
b1110111010001 d
b1001010010 r
#275
b1001100001100110100110101000 "
b1111111010110 D
b1111111010110 d
b10100110101000 r
#276
b1010000001000111101100000111 "
b10000111111011 D
b10000111111011 d
b11101100000111 r
#277
b1010000010001110111101011000 "
b10001011111011 D
b10001011111011 d
b10111101011000 r
#278
b1001100001100010111011101100 "
b10001000100000 D
b10001000100000 d
b10111011101100 r
#279
b1000111011101100111001011100 "
b1111111011001 D
b1111111011001 d
b111001011100 r
#280
b1000101101001101010110001011 "
b1110110011111 D
b1110110011111 d
b1010110001011 r
#281
b1000111100001100010110110011 "
b1110011100001 D
b1110011100001 d
b10110110011 r
#282
b1001101011100100010111011111 "
b1111000011001 D
b1111000011001 d
b10111011111 r
#283
b1010011110101011111001001000 "
b10000010000101 D
b10000010000101 d
b11111001001000 r
#284
b1010111100001000101001111000 "
b10001010011100 D
b10001010011100 d
b101001111000 r
#285
b1010110001100101001001111111 "
b10001100011000 D
b10001100011000 d
b1001001111111 r
#286
b1010001011011011011100010010 "
b10000110000111 D
b10000110000111 d
b11011100010010 r
#287
b1001100101110110000001001111 "
b1111100000011 D
b1111100000011 d
b10000001001111 r
#288
b1001011001001101010111011010 "
b1110110000011 D
b1110110000011 d
b1010111011010 r
#289
b1001110010011100010000000000 "
b1110100111010 D
b1110100111010 d
b10000000000 r
#290
b1010101010110001001111010100 "
b1111010110010 D
b1111010110010 d
b1001111010100 r
#291
b1011011101100101000000010101 "
b10000011100101 D
b10000011100101 d
b1000000010101 r
#292
b1011110000110101010001100100 "
b10001011000011 D
b10001011000011 d
b1010001100100 r
#293
b1011011111000000101101011110 "
b10001100000011 D
b10001100000011 d
b101101011110 r
#294
b1010110010100111110100111000 "
b10000100100010 D
b10000100100010 d
b11110100111000 r
#295
b1010001011011110011111100011 "
b1111011000001 D
b1111011000001 d
b10011111100011 r
#296
b1010001000110000110101000100 "
b1110100011101 D
b1110100011101 d
b110101000100 r
#297
b1010101101111010001011100000 "
b1110100110010 D
b1110100111011 d
b10001011100000 r
#298
b1011101001000010000101011111 "
b1111100101111 D
b1111100111111 d
b10000101011111 r
#299
b1100011000000010110001100001 "
b11111110101111 D
b11111110101111 d
b10110001100001 r
#300
b1100100100100100100001111000 "
b10001110011111 D
b10001110011111 d
b100001111000 r
#301
b1100001010101110111000100100 "
b10111000100100 r
#302
b1011010110010001111010111100 "
b10001011111111 D
b10001011111111 d
b1111010111100 r
#303
b1010101111110111011000100110 "
b10000001110111 D
b10000001110111 d
b11011000100110 r
#304
b1010111010101100101011100101 "
b1111100101011 D
b1111000101000 d
b101011100101 r
#305
b1011100111001001000000101110 "
b1110110100111 D
b1110100100111 d
b1000000101110 r
#306
b1100100010111010110111100111 "
b1111110101100 D
b1110110101100 d
b10110111100111 r
#307
b1101010100110001110011111100 "
b1111110110000 D
b1111110110000 d
b1110011111100 r
#308
b1101010101011011101110101110 "
b10000111101011 D
b10000111101011 d
b11101110101110 r
#309
b1100101100110110100110000110 "
b10001011100000 D
b10001011100000 d
b10100110000110 r
#310
b1011110111000011101001000000 "
b10001001001011 D
b10001001001011 d
b11101001000000 r
#311
b1011011000011011011010010001 "
b10000000001000 D
b10000000001000 d
b11011010010001 r
#312
b1011101010100100011001000000 "
b1110111110001 D
b1110111110001 d
b11001000000 r
#313
b1100011110010011001001010010 "
b1110100001010 D
b1110100001010 d
b11001001010010 r
#314
b1101011110111011000001010111 "
b1110111010101 D
b1110111010101 d
b11000001010111 r
#315
b1110001001011010101111100001 "
b10000000010100 D
b10000000010100 d
b10101111100001 r
#316
b1101111100001101100000001111 "
b10001001111010 D
b10001001111010 d
b1100000001111 r
#317
b1101001010001000101001000000 "
b10001100101110 D
b10001100101110 d
b101001000000 r
#318
b1100010101001001000001100010 "
b10000111011101 D
b10000111011101 d
b1000001100010 r
#319
b1100000000000101001111000100 "
b1111101111101 D
b1111101111101 d
b1001111000100 r
#320
b1100010101110000111100110000 "
b1110110010001 D
b1110110010001 d
b111100110000 r
#321
b1101010010011010011111011111 "
b1110100011110 D
b1110100011110 d
b10011111011111 r
#322
b1110010110111011111011101100 "
b1111001011111 D
b1111001011111 d
b11111011101100 r
#323
b1110110110010011011101101101 "
b10000011001011 D
b10000011001011 d
b11011101101101 r
#324
b1110011111100110111101101001 "
b10001010011001 D
b10001010011001 d
b10111101101001 r
#325
b1101100100001101100101011011 "
b10001011100101 D
b10001011100101 d
b1100101011011 r
#326
b1100101011011111000101110111 "
b10000101111010 D
b10000101111010 d
b11000101110111 r
#327
b1100100100011110000111101110 "
b1111100000011 D
b1111100000011 d
b10000111101110 r
#328
b1101001010000110111111100010 "
b1110100111011 D
b1110100111011 d
b10111111100010 r
#329
b1110001000000010010111101110 "
b1110100110101 D
b1110100110101 d
b10010111101110 r
#330
b1111001011100001111001111100 "
b1111011011101 D
b1111011011101 d
b1111001111100 r
#331
b1111011011111001100100110011 "
b10000101010111 D
b10000101010111 d
b1100100110011 r
#332
b1110111001011101001101100110 "
b10001011111010 D
b10001011111010 d
b1001101100110 r
#333
b1101111110101011111110111000 "
b10001010111111 D
b10001010111111 d
b11111110111000 r
#334
b1101000010001110100011111000 "
b10000100101111 D
b10001110111111 d
b10100011111000 r
#335
b1101000100111001000100010000 "
b11111101101111 D
b11111101001111 d
b1000100010000 r
#336
b1101111100100110101111101001 "
b1111011111110 D
b1111011111110 d
b10101111101001 r
#337
b1110111101110110111011010011 "
b1110111111111 D
b1110111111111 d
b10111011010011 r
#338
b1111110101111001110101000010 "
b1111111111101 D
b1111111011101 d
b1110101000010 r
#339
b1111111010001110111111101111 "
b1111101101101 D
b1111101101101 d
b10111111101111 r
#340
b1111001000010000001111010101 "
b10001110111111 D
b10001110111111 d
b1111010101 r
#341
b1110001011011111101101111100 "
b10001101011001 D
b10001101011001 d
b11101101111100 r
#342
b1101100101010000101000011010 "
b10001001010001 D
b10001001010001 d
b101000011010 r
#343
b1101101001011101010110101100 "
b10000000101011 D
b10000000101011 d
b1010110101100 r
#344
b1110011110011001010010110000 "
b1111000000101 D
b1111000000101 d
b1010010110000 r
#345
b1111100111110100010001001100 "
b1110100011001 D
b1110100011001 d
b10001001100 r
#346
b10000011010101011110000000000 "
b1110111001110 D
b1110111001110 d
b11110000000000 r
#347
b10000010011000011110111111100 "
b1111111000110 D
b1111111000110 d
b11110111111100 r
#348
b1111010110111111111100101110 "
b10001000011010 D
b10001000011010 d
b11111100101110 r
#349
b1110010011110011000101001001 "
b10001100011100 D
b10001100011100 d
b11000101001001 r
#350
b1101110011110100101101010000 "
b10001000100110 D
b10001000100110 d
b101101010000 r
#351
b1110000111001011000011010100 "
b1111110101110 D
b1111110101110 d
b11000011010100 r
#352
b1111001001111110011001110110 "
b1110110000011 D
b1110110000011 d
b10011001110110 r
#353
b10000001111011110110010001110 "
b1110100001100 D
b1110100001100 d
b10110010001110 r
#354
b10000110100110100001000001101 "
b1111001001101 D
b1111001001101 d
b1000001101 r
#355
b10000011111111010101010000000 "
b10000010001101 D
b10000010001101 d
b10101010000000 r
#356
b1111100011100100100010010010 "
b10001010001011 D
b10001010001011 d
b100010010010 r
#357
b1110011011010010000001101110 "
b10001011000010 D
b10001011000010 d
b10000001101110 r
#358
b1110000001000011111110010111 "
b10000110001011 D
b10000110001011 d
b11111110010111 r
#359
b1110100011111101110100101010 "
b1111101010111 D
b1111101010111 d
b1110100101010 r
#360
b1111110000011110001100110000 "
b1110110010001 D
b1110110010001 d
b10001100110000 r
#361
b10000110011011101010100001110 "
b1110100001100 D
b1110100001100 d
b1010100001110 r
#362
b10001000111100110100001111100 "
b1111010010101 D
b1111010010101 d
b10100001111100 r
#363
b10000100011011010110100010010 "
b10000011111010 D
b10000011111010 d
b10110100010010 r
#364
b1111011110100011101111011110 "
b10001011010111 D
b10001011010111 d
b11101111011110 r
#365
b1110100100101101011001101010 "
b10001011101101 D
b10001011101101 d
b1011001101010 r
#366
b1110011010001000011001011000 "
b10000011111011 D
b10000011111011 d
b11001011000 r
#367
b1111000000000110101110100000 "
b1111010110111 D
b1111010110111 d
b10101110100000 r
#368
b10000001001011101101001110100 "
b1110100101100 D
b1110100101100 d
b1101001110100 r
#369
b10001000110000011010000101000 "
b1110101001111 D
b1110101001111 d
b11010000101000 r
#370
b10001010011111101000100101011 "
b1111101000011 D
b1111101000111 d
b1000100101011 r
#371
b10000100011101110011111001010 "
b11111101110011 D
b11111101110011 d
b10011111001010 r
#372
b1111011011001011110100011100 "
b10001111110111 D
b10001111110111 d
b11110100011100 r
#373
b1110011111000111010111100110 "
b10001011010101 D
b10001011010101 d
b11010111100110 r
#374
b1110100010110011011001000010 "
b10001010011111 D
b10001010011111 d
b11011001000010 r
#375
b1111011010011001001011110001 "
b10111010011110 D
b10000010011110 d
b1001011110001 r
#376
b10000100101100001011001011000 "
b1111011011101 D
b1111001011101 d
b1011001011000 r
#377
b10001011110001110001001000011 "
b1110111011011 D
b1110011011011 d
b10001001000011 r
#378
b10001010011110110011111110001 "
b1110101110101 D
b1110101110101 d
b10011111110001 r
#379
b10000010100110000101011101110 "
b1111111001001 D
b1111111001001 d
b101011101110 r
#380
b1111001111110011110001000111 "
b10001000000100 D
b10001000000100 d
b11110001000111 r
#381
b1110100010110101110100000110 "
b10001011111001 D
b10001011111001 d
b1110100000110 r
#382
b1110101100100000101001101100 "
b10001001001001 D
b10001001001001 d
b101001101100 r
#383
b1111101110011110000010001100 "
b10000000100101 D
b10000000100101 d
b10000010001100 r
#384
b10000111001100101111000110011 "
b1110111000011 D
b1110111000011 d
b1111000110011 r
#385
b10001011010001111010010110100 "
b1110011100011 D
b1110011100011 d
b11010010110100 r
#386
b10001001101110010011110010110 "
b1111000011100 D
b1111000011100 d
b10011110010110 r
#387
b10000001011101001100010111010 "
b10000001100001 D
b10000001100001 d
b1100010111010 r
#388
b1110111110011101111010011011 "
b10001000111001 D
b10001000111001 d
b1111010011011 r
#389
b1110011101001110100100011100 "
b10001011011101 D
b10001011011101 d
b10100100011100 r
#390
b1110111000011010100101010010 "
b10001000111111 D
b10001000111111 d
b10100101010010 r
#391
b1111111101011111111110101100 "
b1111110011101 D
b1111110011101 d
b11111110101100 r
#392
b10000111100101100100100101010 "
b1110101101011 D
b1110101101011 d
b100100101010 r
#393
b10001011011100010110101111010 "
b1110100010011 D
b1110100010011 d
b10110101111010 r
#394
b10001000001111011010001101111 "
b1111010010000 D
b1111010010000 d
b11010001101111 r
#395
b1111110010100010110100101100 "
b10000010111101 D
b10000010111101 d
b10110100101100 r
#396
b1110101011101101000001011011 "
b10001010101000 D
b10001010101000 d
b1000001011011 r
#397
b1110010101100001111100101011 "
b10001011101011 D
b10001011101011 d
b1111100101011 r
#398
b1110111110101101111110110110 "
b10000110001010 D
b10000110001010 d
b1111110110110 r
#399
b10000001011101100000110010000 "
b1111100010001 D
b1111100010001 d
b110010000 r
#400
b10001000000111000100111011101 "
b1110100010101 D
b1110100010101 d
b100111011101 r
#401
b10001001110010111011010110110 "
b1110100011011 D
b1110100011011 d
b11011010110110 r
#402
b10000100000100001110111001000 "
b1111011011110 D
b1111011011110 d
b1110111001000 r
#403
b1111011000100010011011011101 "
b10000101010111 D
b10000101010111 d
b10011011011101 r
#404
b1110011010101010110001100101 "
b10001011110000 D
b10001011110000 d
b10110001100101 r
#405
b1110001111010111101001100010 "
b10001010111001 D
b10001010111001 d
b11101001100010 r
#406
b1110111011111110011110111010 "
b10001011001101 D
b10001011011101 d
b10011110111010 r
#407
b10000000111100000110111101011 "
b11111011101101 D
b11111011101101 d
b110111101011 r
#408
b10000111101000000001010011110 "
b1111101100111 D
b1111101100111 d
b1010011110 r
#409
b10000111100001101111101001101 "
b1110110111011 D
b1110110111011 d
b1111101001101 r
#410
b10000000100001001000110101010 "
b1111111011111 D
b1111111011111 d
b1000110101010 r
#411
b1110110000110101101000101110 "
b1111101101101 D
b1111101101101 d
b1101000101110 r
#412
b1101111101111111001010000000 "
b10001110011011 D
b10000110011011 d
b11001010000000 r
#413
b1110001000100111011001001000 "
b10001101000101 D
b10001100000101 d
b11011001001000 r
#414
b1111000000110111011110011110 "
b10001001111010 D
b10001001111010 d
b11011110011110 r
#415
b10000000000110100110100000000 "
b10000001111010 D
b10000001111010 d
b110100000000 r
#416
b10000100111110010100010100000 "
b1111000011000 D
b1111000011000 d
b10100010100000 r
#417
b10000011001001011110010000000 "
b1110011011010 D
b1110011011010 d
b11110010000000 r
#418
b1111011011001101011011010000 "
b1110111001110 D
b1110111001110 d
b1011011010000 r
#419
b1110010000110000100111101000 "
b10000000001110 D
b10000000001110 d
b100111101000 r
#420
b1101101000011100111110100100 "
b10001000110011 D
b10001000110011 d
b111110100100 r
#421
b1101111001000110000001011000 "
b10001100011110 D
b10001100011110 d
b10000001011000 r
#422
b1110110100110000000011001111 "
b10000111111101 D
b10000111111101 d
b11001111 r
#423
b1111110101001001001001001100 "
b1111110111011 D
b1111110111011 d
b1001001001100 r
#424
b10000010000111110110001011100 "
b1110110100111 D
b1110110100111 d
b10110001011100 r
#425
b1111110101110110001111101000 "
b1110100010001 D
b1110100010001 d
b10001111101000 r
#426
b1110110000111010100001111010 "
b1111001000000 D
b1111001000000 d
b10100001111010 r
#427
b1101100111001110111100000011 "
b10000001111011 D
b10000001111011 d
b10111100000011 r
#428
b1101001101110001001011010001 "
b10001010010000 D
b10001010010000 d
b1001011010001 r
#429
b1101101100111101010000101110 "
b10001100010111 D
b10001100010111 d
b1010000101110 r
#430
b1110100111101010001010100111 "
b10000101110000 D
b10000101110000 d
b10001010100111 r
#431
b1111100000101000101100010110 "
b1111100100010 D
b1111100100010 d
b101100010110 r
#432
b1111101101110000001000010000 "
b1110101110011 D
b1110101110011 d
b1000010000 r
#433
b1111000100001101100101101001 "
b1110100100010 D
b1110100100010 d
b1100101101001 r
#434
b1110000001110011010110001000 "
b1111010001010 D
b1111010001010 d
b11010110001000 r
#435
b1101000100001100101100000000 "
b10000100001011 D
b10000100001011 d
b101100000000 r
#436
b1100110100110101111111111111 "
b10001011011011 D
b10001011011011 d
b1111111111111 r
#437
b1101011000011001001100010010 "
b10001011000101 D
b10001011000101 d
b1001100010010 r
#438
b1110010000001110000100100001 "
b10000100011011 D
b10000100011011 d
b10000100100001 r
#439
b1111000010011000010010101110 "
b1111010101011 D
b1111010101011 d
b10010101110 r
#440
b1111001000010001111100000101 "
b1110100101111 D
b1110100101111 d
b1111100000101 r
#441
b1110010011010110100000100010 "
b1110101111110 D
b1110101111111 d
b10100000100010 r
#442
b1101001100001011001110010110 "
b1111100111110 D
b1111101111110 d
b11001110010110 r
#443
b1100011001011011000111100100 "
b11111110111111 D
b11111100111111 d
b11000111100100 r
#444
b1100010000110110111111101011 "
b10001111111111 D
b10001111111111 d
b10111111101011 r
#445
b1101000000110011001001111000 "
b10001011111110 D
b10001011111110 d
b11001001111000 r
#446
b1101111001111111101010101010 "
b10001010011011 D
b10001010011011 d
b11101010101010 r
#447
b1110011111011011100110010000 "
b10100010010011 D
b10000010010011 d
b11100110010000 r
#448
b1110010101001100101110100000 "
b1111001000110 D
b1111001000110 d
b101110100000 r
#449
b1101011011000101110100001000 "
b1110110001100 D
b1110100001100 d
b1110100001000 r
#450
b1100011011111101100001100000 "
b1110110101100 D
b1110110101100 d
b1100001100000 r
#451
b1011110010000011110100000011 "
b1111110110111 D
b1111110110111 d
b11110100000011 r
#452
b1011110101011110111100111011 "
b10001000010011 D
b10001000010011 d
b10111100111011 r
#453
b1100100110001110111110000000 "
b10001100100001 D
b10001100100001 d
b10111110000000 r
#454
b1101011011000101001000111110 "
b10001000110001 D
b10001000110001 d
b1001000111110 r
#455
b1101110110111100011101111100 "
b10000000001010 D
b10000000001010 d
b11101111100 r
#456
b1101100000000111101110011100 "
b1110111101001 D
b1110111101001 d
b11101110011100 r
#457
b1100100000110010110101100000 "
b1110011110111 D
b1110011110111 d
b10110101100000 r
#458
b1011101000001010100101001011 "
b1110111111010 D
b1110111111010 d
b10100101001011 r
#459
b1011000101111100101001000110 "
b10000001001110 D
b10000001001110 d
b101001000110 r
#460
b1011010100111001100100111101 "
b10001001101111 D
b10001001101111 d
b1100100111101 r
#461
b1100001010101110010011100111 "
b10001100011111 D
b10001100011111 d
b10010011100111 r
#462
b1100110110101100000111011110 "
b10000110111111 D
b10000110111111 d
b111011110 r
#463
b1101000100000111000011111001 "
b1111101010110 D
b1111101010110 d
b11000011111001 r
#464
b1100100100010110110111001011 "
b1110101011010 D
b1110101011010 d
b10110111001011 r
#465
b1011100110011010010101001100 "
b1110100100000 D
b1110100100000 d
b10010101001100 r
#466
b1010110011010110010001000111 "
b1111010000111 D
b1111010000111 d
b10010001000111 r
#467
b1010011111101101010101011011 "
b10000010101110 D
b10000010101110 d
b1010101011011 r
#468
b1010110101000000010001111010 "
b10001001100101 D
b10001001100101 d
b10001111010 r
#469
b1011100100111100111000000101 "
b10001011111110 D
b10001011111110 d
b111000000101 r
#470
b1100000110100110000101100000 "
b10000100110100 D
b10000100110100 d
b10000101100000 r
#471
b1100001100101010010101100100 "
b1111011100101 D
b1111011100101 d
b10010101100100 r
#472
b1011101001101010000000110010 "
b1110100100011 D
b1110100100011 d
b10000000110010 r
#473
b1010101101101001100110101110 "
b1110100100001 D
b1110100100001 d
b1100110101110 r
#474
b1001111011110000110110101110 "
b1111011110100 D
b1111011110100 d
b110110101110 r
#475
b1001110000010101000010110010 "
b10000101011000 D
b10000101111000 d
b1000010110010 r
#476
b1010001110111110001011101011 "
b10001011101111 D
b10001011101111 d
b10001011101011 r
#477
b1010111100011000010101000110 "
b10001010111011 D
b10001011111111 d
b10101000110 r
#478
b1011011100100000111000100000 "
b10001010111101 D
b10001010111101 d
b111000100000 r
#479
b1011010000011001010101011011 "
b11111011110101 D
b11111011110101 d
b1010101011011 r
#480
b1010100101111101111111011101 "
b1111101110111 D
b1111101110111 d
b1111111011101 r
#481
b1001101111010000100000111000 "
b1110101110111 D
b1110101110111 d
b100000111000 r
#482
b1001001101100101010100011010 "
b1111101110001 D
b1111101110001 d
b1010100011010 r
#483
b1001001100001011011101101100 "
b1111111001010 D
b1111110001010 d
b11011101101100 r
#484
b1001100111110110011101000100 "
b10000111010110 D
b10000111000010 d
b10011101000100 r
#485
b1010001101111001000001100110 "
b10001011111100 D
b10001011111100 d
b1000001100110 r
#486
b1010100101001101000110111111 "
b10001001111000 D
b10001001111000 d
b1000110111111 r
#487
b1010011001011000101101111000 "
b10000000110010 D
b10000000110010 d
b101101111000 r
#488
b1001101001110110010111100010 "
b1111000010000 D
b1111000010000 d
b10010111100010 r
#489
b1000110111011110111010000000 "
b1110011111000 D
b1110011111000 d
b10111010000000 r
#490
b1000011000010101001001010110 "
b1110111000101 D
b1110111000101 d
b1001001010110 r
#491
b1000011100011101111100101011 "
b10000000001010 D
b10000000001010 d
b1111100101011 r
#492
b1001000010001000001000001000 "
b10001000100111 D
b10001000100111 d
b1000001000 r
#493
b1001100111010010110110000110 "
b10001100000100 D
b10001100000100 d
b10110110000110 r
#494
b1001101111001000000011000000 "
b10000111110011 D
b10000111110011 d
b11000000 r
#495
b1001010011111111010110010100 "
b1111110111110 D
b1111110111110 d
b11010110010100 r
#496
b1000101001100000101011010000 "
b1110110101000 D
b1110110101000 d
b101011010000 r
#497
b1000000011000111100000010100 "
b1110011010001 D
b1110011010001 d
b11100000010100 r
#498
b111100110001111010101000000 "
b1111000101010 D
b1111000101010 d
b11010101000000 r
#499
b111110100100101101111011100 "
b10000011010001 D
b10000011010001 d
b1101111011100 r
#500
b1000010110110100110010110000 "
b10001010011011 D
b10001010011011 d
b110010110000 r
#501
b1000110100010001001101111110 "
b10001011100100 D
b10001011100100 d
b1001101111110 r
#502
b1000110011000101011110111000 "
b10000110000000 D
b10000110000000 d
b1011110111000 r
#503
b1000011000000100110101000000 "
b1111100010110 D
b1111100010110 d
b110101000000 r
#504
b111101101100100110001100101 "
b1110100111110 D
b1110100111110 d
b110001100101 r
#505
b111001000110101110100010100 "
b1110100100001 D
b1110100100001 d
b1110100010100 r
#506
b110111010111111111101000111 "
b1111010101001 D
b1111010101001 d
b11111101000111 r
#507
b111001010110000111100011100 "
b10000100011110 D
b10000100011110 d
b111100011100 r
#508
b111101001100011010000011100 "
b10001011010010 D
b10001011010010 d
b11010000011100 r
#509
b111111110000010100110110100 "
b10001011011011 D
b10001011011011 d
b10100110110100 r
#510
b111111000100110010010110001 "
b10000011111011 D
b10000011111011 d
b10010010110001 r
#511
b111011001110011010101100010 "
b1111010101101 D
b1111010101101 d
b11010101100010 r
#512
b110110010000000011000101111 "
b1110100001010 D
b1111110001011 d
b11000101111 r
#513
b110010110111100011010011000 "
b1110101100010 D
b1110101100010 d
b11010011000 r
#514
b110001111001110011100010010 "
b1111101101011 D
b1111101101011 d
b10011100010010 r
#515
b110100000111010100001011110 "
b11111111111111 D
b11111101111111 d
b10100001011110 r
#516
b110111011011111111001001110 "
b10001111111101 D
b10001111111101 d
b11111001001110 r
#517
b111000111000001110000001100 "
b10001011111111 D
b10001011111111 d
b1110000001100 r
#518
b110111101010011110001000011 "
b11110001000011 r
#519
b110011111111011100000011000 "
b10000010011111 D
b10000010001111 d
b11100000011000 r
#520
b101111100010001010001010100 "
b1111000110110 D
b1111000110110 d
b1010001010100 r
#521
b101100101100111011101110100 "
b1110101010010 D
b1110100010010 d
b11011101110100 r
#522
b101100011000110110101000110 "
b1110101111010 D
b1110101111010 d
b10110101000110 r
#523
b101110101100000001111011110 "
b1111110101110 D
b1111110101110 d
b1111011110 r
#524
b110001011010010111001100010 "
b10001000000000 D
b10001000000000 d
b10111001100010 r
#525
b110010011100101100001110100 "
b10001011100110 D
b10001011100110 d
b1100001110100 r
#526
b110000110100111011111010000 "
b10001000110011 D
b10001000110011 d
b11011111010000 r
#527
b101100110011010000101010000 "
b1111111001100 D
b1111111001100 d
b10000101010000 r
#528
b101000101010111010010111100 "
b1110101111010 D
b1110101111010 d
b11010010111100 r
#529
b100110111001110010110111011 "
b1110100001111 D
b1110100001111 d
b10010110111011 r
#530
b100111010101100111010101011 "
b1111000110011 D
b1111000110011 d
b111010101011 r
#531
b101001101001000001100100000 "
b10000001011101 D
b10000001011101 d
b1100100000 r
#532
b101011010100101010110000010 "
b10001001001000 D
b10001001001000 d
b1010110000010 r
#533
b101011011111110110011110010 "
b10001100000011 D
b10001100000011 d
b10110011110010 r
#534
b101001101011100001010000000 "
b10000111011100 D
b10000111011100 d
b1010000000 r
#535
b100110000111110101110101011 "
b1111101011111 D
b1111101011111 d
b10101110101011 r
#536
b100010110010110111010110100 "
b1110101111011 D
b1110101111011 d
b10111010110100 r
#537
b100001011110011010100100100 "
b1110100100010 D
b1110100100010 d
b11010100100100 r
#538
b100010001101001010001110110 "
b1111001101111 D
b1111001101111 d
b1010001110110 r
#539
b100100000111101000110001110 "
b10000011000011 D
b10000011000011 d
b1000110001110 r
#540
b100101100000101101111001010 "
b10001011001111 D
b10001011001111 d
b1101111001010 r
#541
b100101011101011100001101010 "
b10001100001010 D
b10001100001010 d
b11100001101010 r
#542
b100010111001010000010110010 "
b10000101010010 D
b10000101010010 d
b10000010110010 r
#543
b11111101010011100101010010 "
b1111011011010 D
b1111011011010 d
b11100101010010 r
#544
b11101010000111010110101000 "
b1110100101000 D
b1110100101000 d
b11010110101000 r
#545
b11100100000110110101001110 "
b1110101011001 D
b1110101011001 d
b10110101001110 r
#546
b11101011010011110000000100 "
b1111011110100 D
b1111011110100 d
b11110000000100 r
#547
b11110110110111101001101010 "
b10000101111011 D
b10111101111011 d
b11101001101010 r
#548
b11111110111001111001101110 "
b10001100001010 D
b10001101011011 d
b1111001101110 r
#549
b11111000110101111110111001 "
b10001011100010 D
b10001111100010 d
b1111110111001 r
#550
b11100101110010011100001110 "
b10001011111011 D
b10001011111011 d
b10011100001110 r
#551
b11001111101101001010011101 "
b11111011011111 D
b11111010011011 d
b1001010011101 r
#552
b11000001000100101100110010 "
b1111011111111 D
b1111011111111 d
b101100110010 r
#553
b10111110110100000000001000 "
b1110111111111 D
b1110111111111 d
b1000 r
#554
b11000100111110010101100110 "
b1111111110001 D
b1111111110001 d
b10010101100110 r
#555
b11001111000010010110100000 "
b1111110010000 D
b1111110010000 d
b10010110100000 r
#556
b11010010001100000111101010 "
b10001110110000 D
b10000110110000 d
b111101010 r
#557
b11001001110100111110010110 "
b10001100010010 D
b10001100010010 d
b111110010110 r
#558
b10111000111101010011110000 "
b10001010011001 D
b10001010011001 d
b1010011110000 r
#559
b10100101111100000000000000 "
b10000001001010 D
b10000001001010 d
b0 r
#560
b10011011010110011100101001 "
b1110110111110 D
b1110110111110 d
b10011100101001 r
#561
b10011011110001101010110000 "
b1110011000111 D
b1110011000111 d
b1101010110000 r
#562
b10100001101001111101011001 "
b1110111110111 D
b1110111110111 d
b1111101011001 r
#563
b10100110011111110111111000 "
b10000000011101 D
b10000000011101 d
b11110111111000 r
#564
b10100111011000011001000000 "
b10001001001001 D
b10001001001001 d
b11001000000 r
#565
b10011110110000011000110101 "
b10001100010110 D
b10001100010110 d
b11000110101 r
#566
b10001111010001101011011000 "
b10000111110000 D
b10000111110000 d
b1101011011000 r
#567
b10000001110001100101000100 "
b1111110000110 D
b1111110000110 d
b1100101000100 r
#568
b1111010000001110001010100 "
b1110110001111 D
b1110110001111 d
b1110001010100 r
#569
b1111010000111000000000000 "
b1110100111000 D
b1110100111000 d
b11000000000000 r
#570
b1111110110111110111110001 "
b1111000111011 D
b1111000111011 d
b11110111110001 r
#571
b10000010110000000011101110 "
b10000001110010 D
b10000001110010 d
b11101110 r
#572
b10000000101001111000110100 "
b10001001111111 D
b10001001111111 d
b1111000110100 r
#573
b1110111100100111011010100 "
b10001100011101 D
b10001100011101 d
b111011010100 r
#574
b1101010110101011000111110 "
b10000110010100 D
b10000110010100 d
b1011000111110 r
#575
b1011111110001111110100000 "
b1111100110101 D
b1111100110101 d
b1111110100000 r
#576
b1011011011000011000010101 "
b1110101010101 D
b1110101010101 d
b11000010101 r
#577
b1011100000010100100101001 "
b1110100011101 D
b1110100011101 d
b10100100101001 r
#578
b1011110110101111011111000 "
b1111010100110 D
b1111010100110 d
b1111011111000 r
#579
b1011111110100100101101000 "
b10000100111011 D
b10000100111011 d
b100101101000 r
#580
b1011100000110010001010100 "
b10001011001100 D
b10001011001100 d
b10010001010100 r
#581
b1010100001001011101000100 "
b10001011010110 D
b10001011010110 d
b1011101000100 r
#582
b1001010001101100011111101 "
b10000011110111 D
b10000011110111 d
b1100011111101 r
#583
b1000010011111001010101100 "
b1111010111010 D
b1111010111011 d
b11001010101100 r
#584
b111111011011100101001000 "
b1110100101010 D
b1111110111010 d
b11100101001000 r
#585
b1000000001011100001001011 "
b1110101111011 D
b1110101111011 d
b11100001001011 r
#586
b1000000111110100101111000 "
b1111101111101 D
b1111101111101 d
b10100101111000 r
#587
b1000000000011010011011000 "
b11111101010101 D
b1111101000101 d
b11010011011000 r
#588
b111011111101101101111000 "
b10001110011010 D
b10001110011010 d
b1101101111000 r
#589
b110100111011101001011010 "
b10001101011110 D
b10001101011110 d
b11101001011010 r
#590
b101101111010000010011000 "
b10001011001110 D
b10001001001110 d
b10000010011000 r
#591
b101001000111010010100111 "
b10000010100101 D
b10000010100101 d
b11010010100111 r
#592
b100110011111100011010000 "
b1111000011010 D
b1111000011010 d
b11100011010000 r
#593
b100110000001011000000000 "
b1110011000001 D
b1110011000001 d
b1011000000000 r
#594
b100101101000101001001000 "
b1110110000111 D
b1110110000111 d
b101001001000 r
#595
b100011011111001101110010 "
b1111111010011 D
b1111111010011 d
b11001101110010 r
#596
b11111010111101111010000 "
b10001000101110 D
b10001000101110 d
b11101111010000 r
#597
b11010011000011010001000 "
b10001100100001 D
b10001100100001 d
b11010001000 r
#598
b10101110010001001011001 "
b10001000000000 D
b10001000000000 d
b10001001011001 r
#599
b10010100001010000001000 "
b1111111111010 D
b1111111111010 d
b1010000001000 r
#600
b10000010101000101000000 "
b1110111001011 D
b1110111001011 d
b1000101000000 r
#601
b1110101100100100101110 "
b1110100011100 D
b1110100011100 d
b100100101110 r
#602
b1100110001111001111100 "
b1111000100000 D
b1111000100000 d
b1111001111100 r
#603
b1010000100100101111010 "
b10000001110100 D
b10000001110100 d
b100101111010 r
#604
b110111101101000101000 "
b10001001011110 D
b10001001011110 d
b1101000101000 r
#605
b11111010100101011100 "
b10001100010010 D
b10001100010010 d
b10100101011100 r
#606
b1010011000111001001 "
b10000111101000 D
b10000111101000 d
b11000111001001 r
#607
b11111111111110111110111101100000 "
b1111101011011 D
b1111101011011 d
b10111101100000 r
#608
b11111111111100101000011110000000 "
b1110101010010 D
b1110101010010 d
b11110000000 r
#609
b11111111111001111000111010000011 "
b1110011101001 D
b1110011101001 d
b111010000011 r
#610
b11111111110110111100110000101110 "
b1111010100001 D
b1111010100001 d
b110000101110 r
#611
b11111111110100010110001110101010 "
b10000100000111 D
b10000100000111 d
b10001110101010 r
#612
b11111111110010100010100000100000 "
b10001011010011 D
b10001011010011 d
b10100000100000 r
#613
b11111111110001010010011110000000 "
b10001010111110 D
b10001010111110 d
b10011110000000 r
#614
b11111111110000001010110000000111 "
b10000100101101 D
b10000100101101 d
b10110000000111 r
#615
b11111111101110001101100011001111 "
b1111011010110 D
b1111011010110 d
b1100011001111 r
#616
b11111111101011010010110011101101 "
b1110100110011 D
b1110100110011 d
b10110011101101 r
#617
b11111111100111101110011011100000 "
b1110101001101 D
b1110101001101 d
b10011011100000 r
#618
b11111111100100001110111101010011 "
b1111100010000 D
b1111100010000 d
b10111101010011 r
#619
b11111111100010001000011010100000 "
b10000101100010 D
b10111101100010 d
b11010100000 r
#620
b11111111100001101111010100011110 "
b10001011100011 D
b10001111100011 d
b11010100011110 r
#621
b11111111100010010011111010101000 "
b10001010110111 D
b10001011110111 d
b11111010101000 r
#622
b11111111100010000101010001001000 "
b10001011110111 D
b1010001001000 r
#623
b11111111100000001011101011001011 "
b11111011000111 D
b11111011000111 d
b11101011001011 r
#624
b11111111011100011011011001111010 "
b1111011011111 D
b1111011011111 d
b11011001111010 r
#625
b11111111010111111111001010000000 "
b1110111111111 D
b1110111111111 d
b11001010000000 r
#626
b11111111010100101000011001001000 "
b1111111111101 D
b1111111110101 d
b11001001000 r
#627
b11111111010011100101011010110100 "
b1111110101001 D
b1111110101001 d
b1011010110100 r
#628
b11111111010100100000111100001011 "
b10000111011101 D
b10000111011101 d
b111100001011 r
#629
b11111111010110010000101110100100 "
b10001100000000 D
b10001100000000 d
b101110100100 r
#630
b11111111010110111010110111000000 "
b10001001100101 D
b10001001100101 d
b10110111000000 r
#631
b11111111010100100110001110100000 "
b10000000011110 D
b10000000011110 d
b10001110100000 r
#632
b11111111001111110011010101101000 "
b1110111010111 D
b1110111010111 d
b11010101101000 r
#633
b11111111001010111010001110101010 "
b1110011111000 D
b1110011111000 d
b10001110101010 r
#634
b11111111001000001111001100010000 "
b1110111100010 D
b1110111100010 d
b11001100010000 r
#635
b11111111001000100000011111000100 "
b10000000101000 D
b10000000101000 d
b11111000100 r
#636
b11111111001010111011000101100011 "
b10001001101000 D
b10001001101000 d
b11000101100011 r
#637
b11111111001101010110000110100000 "
b10001011110101 D
b10001011110101 d
b10000110100000 r
#638
b11111111001101101010001010110010 "
b10000111100111 D
b10000111100111 d
b10001010110010 r
#639
b11111111001010100001000011001010 "
b1111111001001 D
b1111111001001 d
b1000011001010 r
#640
b11111111000101100101010110111011 "
b1110110000101 D
b1110110000101 d
b1010110111011 r
#641
b11111111000001001011111010000000 "
b1110100000110 D
b1110100000110 d
b11111010000000 r
#642
b11111110111110101010000000001111 "
b1111000110011 D
b1111000110011 d
b10000000001111 r
#643
b11111110111111110110000011010100 "
b10000010100000 D
b10000010100000 d
b10000011010100 r
#644
b11111111000011101010100011101010 "
b10001010100101 D
b10001010100101 d
b10100011101010 r
#645
b11111111000110110100111110100000 "
b10001100010111 D
b10001100010111 d
b111110100000 r
#646
b11111111000110111010011110100100 "
b10000101111000 D
b10000101111000 d
b10011110100100 r
#647
b11111111000011000011100010111100 "
b1111011110101 D
b1111011110101 d
b11100010111100 r
#648
b11111110111101001110101110000100 "
b1110100001111 D
b1110100001111 d
b10101110000100 r
#649
b11111110111000111011101110111010 "
b1110100100101 D
b1110100100101 d
b11101110111010 r
#650
b11111110111000001100010110010101 "
b1111011110000 D
b1111011110000 d
b10110010101 r
#651
b11111110111010111000101101111110 "
b10000100101110 D
b10000100101110 d
b101101111110 r
#652
b11111110111111010011000010111010 "
b10001010111001 D
b10001010111001 d
b11000010111010 r
#653
b11111111000010000111010001011000 "
b10001010101110 D
b10001010101110 d
b11010001011000 r
#654
b11111111000001100010111000010011 "
b10000100000110 D
b10000100100110 d
b10111000010011 r
#655
b11111110111101010100111000000011 "
b1111010010010 D
b1111010010010 d
b111000000011 r
#656
b11111110110111110110011011101000 "
b1110110011011 D
b1111110011011 d
b10011011101000 r
#657
b11111110110011111010000010101010 "
b1110101111011 D
b1110101111011 d
b10000010101010 r
#658
b11111110110011111011110001010010 "
b1111101101111 D
b1111101101111 d
b11110001010010 r
#659
b11111110110111111000110110001111 "
b11111111101111 D
b1111111101111 d
b110110001111 r
#660
b11111110111100111111111110001010 "
b10001111111100 D
b10001111111100 d
b11111110001010 r
#661
b11111110111111101000001010100001 "
b10001101111110 D
b10001101111110 d
b1010100001 r
#662
b11111110111110001001001100000000 "
b10001001111110 D
b10001001111110 d
b1001100000000 r
#663
b11111110111001010001100110110100 "
b10101001001010 D
b10000001001010 d
b1100110110100 r
#664
b11111110110011111001100110110100 "
b1111001001011 D
b1111000001011 d
#665
b11111110110001000011111011110110 "
b1110011110110 D
b1110011110110 d
b11111011110110 r
#666
b11111110110010100100111001100010 "
b1110111011000 D
b1110111011000 d
b111001100010 r
#667
b11111110110111000110110100110000 "
b1111111100111 D
b1111111100111 d
b10110100110000 r
#668
b11111110111100001001111111001000 "
b10001000001111 D
b10001000001111 d
b1111111001000 r
#669
b11111110111110011101100110101111 "
b10001011111100 D
b10001011111100 d
b1100110101111 r
#670
b11111110111100000101100110000100 "
b10001000101001 D
b10001000101001 d
b1100110000100 r
#671
b11111110110110101100111110011111 "
b1111111100111 D
b1111111100111 d
b111110011111 r
#672
b11111110110010000100100111100000 "
b1110110110010 D
b1110110110010 d
b100111100000 r
#673
b11111110110000011011010010100100 "
b1110011101111 D
b1110011101111 d
b11010010100100 r
#674
b11111110110010101111010100010100 "
b1111000010010 D
b1111000010010 d
b11010100010100 r
#675
b11111110111000000000101000100000 "
b10000001111000 D
b10000001111000 d
b101000100000 r
#676
b11111110111100111100001011100100 "
b10001001110100 D
b10001001110100 d
b1011100100 r
#677
b11111110111110001011100010000100 "
b10001100011001 D
b10001100011001 d
b11100010000100 r
#678
b11111110111011001011100110011110 "
b10000111000000 D
b10000111000000 d
b11100110011110 r
#679
b11111110110101110100101110110001 "
b1111101010011 D
b1111101010011 d
b101110110001 r
#680
b11111110110001101011010111101001 "
b1110101100001 D
b1110101100001 d
b11010111101001 r
#681
b11111110110000111110010111010000 "
b1110011101100 D
b1110011101100 d
b10010111010000 r
#682
b11111110110100110010101100000000 "
b1111010100111 D
b1111010100111 d
b10101100000000 r
#683
b11111110111010010111111101000110 "
b10000011100001 D
b10000011100001 d
b11111101000110 r
#684
b11111110111110011001001000110111 "
b10001011011110 D
b10001011011110 d
b1001000110111 r
#685
b11111110111110111001000101000100 "
b10001011111010 D
b10001011111010 d
b1000101000100 r
#686
b11111110111011011110111101011011 "
b10000100010010 D
b10000100010010 d
b10111101011011 r
#687
b11111110110110100100010111111010 "
b1111010011111 D
b1111010011111 d
b10111111010 r
#688
b11111110110011001010101001100100 "
b1110101000110 D
b1110101000110 d
b10101001100100 r
#689
b11111110110011100100010010111000 "
b1110101001100 D
b1110101001100 d
b10010111000 r
#690
b11111110111000000001111101011100 "
b1111100010010 D
b1111100011010 d
b1111101011100 r
#691
b11111110111101011010011110000110 "
b10010101101111 D
b10111101101111 d
b10011110000110 r
#692
b11111111000001000111111011010000 "
b10001100101111 D
b10001101101111 d
b11111011010000 r
#693
b11111111000000101101010010100000 "
b10001110110111 D
b10001110110111 d
b1010010100000 r
#694
b11111110111101000100000100110000 "
b10001010110101 D
b10001010110101 d
b100110000 r
#695
b11111110111000011111011000100100 "
b10111011100101 D
b10111010100100 d
b11011000100100 r
#696
b11111110110101111111111010111000 "
b1111101111011 D
b1111001110001 d
b11111010111000 r
#697
b11111110110111000111111110101110 "
b1110101111111 D
b1110101111111 d
b11111110101110 r
#698
b11111110111100100000110100001100 "
b1111111111101 D
b1111111111101 d
b110100001100 r
#699
b11111111000001111011110000111010 "
b1111111011101 D
b1111110011101 d
b11110000111010 r
#700
b11111111000100000001001011000000 "
b10000111111110 D
b10000111111110 d
b1001011000000 r
#701
b11111111000011010001101100001001 "
b10001100110010 D
b10001100110010 d
b1101100001001 r
#702
b11111110111111010101011010100100 "
b10001001011000 D
b10001001011000 d
b1011010100100 r
#703
b11111110111011010111000111101101 "
b10000000000110 D
b10000000000110 d
b11000111101101 r
#704
b11111110111001110001111011010011 "
b1110111101101 D
b1110111101101 d
b1111011010011 r
#705
b11111110111100010100001011000011 "
b1110100101110 D
b1110100101110 d
b1011000011 r
#706
b11111111000001010101000111000101 "
b1110111010111 D
b1110111010111 d
b1000111000101 r
#707
b11111111000101110011101011000000 "
b10000000011101 D
b10000000011101 d
b11101011000000 r
#708
b11111111000111110010110011001010 "
b10001001101111 D
b10001001101111 d
b10110011001010 r
#709
b11111111000110010011101001001111 "
b10001100101101 D
b10001100101101 d
b11101001001111 r
#710
b11111111000010001101000000100000 "
b10000111001011 D
b10000111001011 d
b1000000100000 r
#711
b11111110111110110010000010010000 "
b1111110010000 D
b1111110010000 d
b10000010010000 r
#712
b11111110111110010011001011110100 "
b1110110000111 D
b1110110000111 d
b11001011110100 r
#713
b11111111000001011111101001100110 "
b1110100010011 D
b1110100010011 d
b11101001100110 r
#714
b11111111000110111111000100110000 "
b1111001001000 D
b1111001001000 d
b11000100110000 r
#715
b11111111001010100000111100000100 "
b10000010110100 D
b10000010110100 d
b111100000100 r
#716
b11111111001011011100001010100100 "
b10001010111010 D
b10001010111010 d
b1010100100 r
#717
b11111111001001100011101111110100 "
b10001011111010 D
b10001011111010 d
b11101111110100 r
#718
b11111111000101101100000100100000 "
b10000101001000 D
b10000101001000 d
b100100000 r
#719
b11111111000011010101100011001111 "
b1111100001000 D
b1111100001000 d
b1100011001111 r
#720
b11111111000100000111000010000000 "
b1110101000101 D
b1110101000101 d
b11000010000000 r
#721
b11111111000111010000110001101000 "
b1110100100111 D
b1110100100111 d
b110001101000 r
#722
b11111111001011111011110010101010 "
b1111010111111 D
b1111010111111 d
b11110010101010 r
#723
b11111111001111001111110000000100 "
b10000101000000 D
b10000101000000 d
b11110000000100 r
#724
b11111111001111110100000100100110 "
b10001011101110 D
b10001011101110 d
b100100110 r
#725
b11111111001101100011110100100001 "
b10001011100001 D
b10001011100001 d
b11110100100001 r
#726
b11111111001001110001111010101101 "
b10000011101010 D
b10000011101010 d
b1111010101101 r
#727
b11111111001000001000100111110011 "
b1111001111010 D
b1111011111010 d
b100111110011 r
#728
b11111111001001011010000001011000 "
b1111011111111 D
b1111011111111 d
b10000001011000 r
#729
b11111111001101011000011010111000 "
b1110111111111 D
b1110111111111 d
b11010111000 r
#730
b11111111010001101010000101000000 "
b1111101111011 D
b1111101111011 d
b10000101000000 r
#731
b11111111010100000011110000100000 "
b11111111111010 D
b1111101111010 d
b11110000100000 r
#732
b11111111010011100110100010110100 "
b10001111101111 D
b10001111101111 d
b10100010110100 r
#733
b11111111010001001010100101000000 "
b10001011101111 D
b10001011101111 d
b10100101000000 r
#734
b11111111001110101011010101111000 "
b10001010101111 D
b10001010001111 d
b11010101111000 r
#735
b11111111001101100111010101000000 "
b10000000101010 D
b10000000101010 d
b11010101000000 r
#736
b11111111001111100010100011000100 "
b1110111111100 D
b1110111111100 d
b10100011000100 r
#737
b11111111010011000010000001000000 "
b1110011101011 D
b1110011101011 d
b10000001000000 r
#738
b11111111010110101001001100001000 "
b1110111010011 D
b1110111010011 d
b1001100001000 r
#739
b11111111011000101100011110100000 "
b1111111111111 D
b1111111111111 d
b11110100000 r
#740
b11111111011000000101010000001100 "
b10001000000111 D
b10001000000111 d
b1010000001100 r
#741
b11111111010101100101011100000000 "
b10001100000100 D
b10001100000100 d
b1011100000000 r
#742
b11111111010011010000010101001000 "
b10001001000001 D
b10001001000001 d
b10101001000 r
#743
b11111111010010111111001010000101 "
b1111111010001 D
b1111111010001 d
b11001010000101 r
#744
b11111111010101000011011011011001 "
b1110110000111 D
b1110110000111 d
b11011011011001 r
#745
b11111111011000101000101110100110 "
b1110011110110 D
b1110011110110 d
b101110100110 r
#746
b11111111011011111001011101111110 "
b1111000100100 D
b1111000100100 d
b1011101111110 r
#747
b11111111011101000101110010010000 "
b10000001101011 D
b10000001101011 d
b1110010010000 r
#748
b11111111011011110110110111110110 "
b10001001110011 D
b10001001110011 d
b10110111110110 r
#749
b11111111011001110000100001101001 "
b10001011101010 D
b10001011101010 d
b100001101001 r
#750
b11111111011000010000001101100000 "
b10000110101000 D
b10000110101000 d
b1101100000 r
#751
b11111111011000010110000000000011 "
b1111101000011 D
b1111101000011 d
b10000000000011 r
#752
b11111111011010111100101101000010 "
b1110101010111 D
b1110101010111 d
b101101000010 r
#753
b11111111011110001001010011011011 "
b1110011101110 D
b1110011101110 d
b1010011011011 r
#754
b11111111100000101000100011011100 "
b1111010010011 D
b1111010010011 d
b100011011100 r
#755
b11111111100001001100000001010000 "
b10000100001101 D
b10000100001101 d
b1010000 r
#756
b11111111011111111010000000010100 "
b10001011010100 D
b10001011010100 d
b10000000010100 r
#757
b11111111011110101000000101010000 "
b10001011010001 D
b10001011010001 d
b101010000 r
#758
b11111111011101000001111000110010 "
b10000100101101 D
b10000100101101 d
b1111000110010 r
#759
b11111111011101100100001101000100 "
b1111010101001 D
b1111010101001 d
b1101000100 r
#760
b11111111100000000011110101110110 "
b1110100010011 D
b1110100010011 d
b11110101110110 r
#761
b11111111100011000111111000000100 "
b1110101100101 D
b1110101100101 d
b11111000000100 r
#762
b11111111100101000000101100000000 "
b1111100101011 D
b1111100101011 d
b101100000000 r
#763
b11111111100101001100100010001000 "
b10010101111111 D
b10111101111111 d
b100010001000 r
#764
b11111111100011110110101111010010 "
b10001111111111 D
b10001111111111 d
b10101111010010 r
#765
b11111111100010010000010111111010 "
b10001011110111 D
b10001011110111 d
b10111111010 r
#766
b11111111100001110011110010100111 "
b10001011111011 D
b10001011111011 d
b11110010100111 r
#767
b11111111100010111010100110111000 "
b10111010111001 D
b10111010111001 d
b10100110111000 r
#768
b11111111100101010101111010101001 "
b1111011101110 D
b1111011101110 d
b1111010101001 r
#769
b11111111100111011100000001000000 "
b1110111101101 D
b1110111101101 d
b1000000 r
#770
b11111111101000110000000010010000 "
b1111111011110 D
b1110110011110 d
b10010000 r
#771
b11111111101000110010001010100001 "
b1111111000101 D
b1111111000101 d
b10001010100001 r
#772
b11111111100111101000000111100000 "
b10001000001110 D
b10001000001110 d
b111100000 r
#773
b11111111100110011110001100010101 "
b10001100010010 D
b10001100010010 d
b10001100010101 r
#774
b11111111100110001111110111101101 "
b10001000100000 D
b10001000100000 d
b11110111101101 r
#775
b11111111100111011100000100111000 "
b10000000001011 D
b10000000001011 d
b100111000 r
#776
b11111111101001101000011100000000 "
b1110111101011 D
b1110111101011 d
b11100000000 r
#777
b11111111101011101000101011000000 "
b1110011100000 D
b1110011100000 d
b101011000000 r
#778
b11111111101100100101011010010101 "
b1110111101101 D
b1110111101101 d
b1011010010101 r
#779
b11111111101100001001110101010010 "
b10000000110010 D
b10000000110010 d
b1110101010010 r
#780
b11111111101010111110110011110101 "
b10001001011100 D
b10001001011100 d
b10110011110101 r
#781
b11111111101010010010011011101000 "
b10001100010000 D
b10001100010000 d
b10011011101000 r
#782
b11111111101010100001110111111100 "
b10000111100110 D
b10000111100110 d
b1110111111100 r
#783
b11111111101011101101011000100001 "
b1111101110110 D
b1111101110110 d
b1011000100001 r
#784
b11111111101101101000110110011111 "
b1110101011101 D
b1110101011101 d
b110110011111 r
#785
b11111111101111001011011100111000 "
b1110011111000 D
b1110011111000 d
b11011100111000 r
#786
b11111111101111101101101010010001 "
b1111010000110 D
b1111010000110 d
b1101010010001 r
#787
b11111111101111001111111111010000 "
b10000011000110 D
b10000011000110 d
b11111111010000 r
#788
b11111111101110011100000000100000 "
b10001001011010 D
b10001001011010 d
b100000 r
#789
b11111111101101111100001101100110 "
b10001100000011 D
b10001100000011 d
b1101100110 r
#790
b11111111101110001111110001010000 "
b10000101101100 D
b10000101101100 d
b11110001010000 r
#791
b11111111101111100001110001011001 "
b1111011011001 D
b1111011011001 d
b1110001011001 r
#792
b11111111110001001110001101100100 "
b1110100000011 D
b1110100000011 d
b10001101100100 r
#793
b11111111110010010100110110000110 "
b1110100101111 D
b1110100101111 d
b110110000110 r
#794
b11111111110010100011011001111000 "
b1111011100110 D
b1111011100110 d
b11011001111000 r
#795
b11111111110010000110000110011000 "
b10000101000100 D
b10000101000100 d
b10000110011000 r
#796
b11111111110001011101001001101000 "
b10001011110101 D
b10001011110101 d
b1001001101000 r
#797
b11111111110001001011101011110100 "
b10001011001001 D
b10001011101001 d
b11101011110100 r
#798
b11111111110001101110110111100110 "
b10000011000101 D
b10000011001101 d
b10110111100110 r
#799
b11111111110010111010100011000010 "
b1111010001111 D
b11111011001111 d
b10100011000010 r
#800
b11111111110100010000000100110111 "
b1111110111111 D
b1111110111111 d
b100110111 r
#801
b11111111110101000001011010011100 "
b1110101111111 D
b1110101111111 d
b1011010011100 r
#802
b11111111110101000001111111001010 "
b1111101101101 D
b1111101101101 d
b1111111001010 r
#803
b11111111110100101000010001011010 "
b1111101011101 D
b1111101011101 d
b10001011010 r
#804
b11111111110100001111011111111000 "
b10001111111001 D
b10001110111000 d
b11011111111000 r
#805
b11111111110100001001110001100000 "
b10001111000101 D
b10001101000101 d
b1110001100000 r
#806
b11111111110100101110100010010000 "
b10001010000110 D
b10001010000110 d
b10100010010000 r
#807
b11111111110101101111110010000010 "
b10000000100001 D
b10000000100001 d
b11110010000010 r
#808
b11111111110110110100000011010100 "
b1110111101111 D
b1110111101111 d
b11010100 r
#809
b11111111110111010110010000101100 "
b1110011111001 D
b1110011111001 d
b10010000101100 r
#810
b11111111110111010010111110101110 "
b1110111010001 D
b1110111010001 d
b10111110101110 r
#811
b11111111110110111010000001100000 "
b10000000011111 D
b10000000011111 d
b10000001100000 r
#812
b11111111110110101011000010011100 "
b10001000011011 D
b10001000011011 d
b11000010011100 r
#813
b11111111110110110000101001100110 "
b10001011110111 D
b10001011110111 d
b101001100110 r
#814
b11111111110111010111111011001000 "
b10001000010010 D
b10001000010010 d
b11111011001000 r
#815
b11111111111000001100111010110000 "
b1111111011001 D
b1111111011001 d
b111010110000 r
#816
b11111111111000111101111000110000 "
b1110110100011 D
b1110110100011 d
b1111000110000 r
#817
b11111111111001010010100001011000 "
b1110011011110 D
b1110011011110 d
b10100001011000 r
#818
b11111111111001001111011000010000 "
b1111000010001 D
b1111000010001 d
b11011000010000 r
#819
b11111111111000111110011000101100 "
b10000010100000 D
b10000010100000 d
b10011000101100 r
#820
b11111111111000110101001110000000 "
b10001010000000 D
b10001010000000 d
b1001110000000 r
#821
b11111111111001000000000000110101 "
b10001100010100 D
b10001100010100 d
b110101 r
#822
b11111111111001100100001010000001 "
b10000110101111 D
b10000110101111 d
b1010000001 r
#823
b11111111111010001111100011001110 "
b1111100001101 D
b1111100001101 d
b11100011001110 r
#824
b11111111111010110010011001000011 "
b1110101011011 D
b1110101011011 d
b10011001000011 r
#825
b11111111111011000000000110010000 "
b1110100100100 D
b1110100100100 d
b110010000 r
#826
b11111111111010111010111111110011 "
b1111011001011 D
b1111011001011 d
b10111111110011 r
#827
b11111111111010101101000001101110 "
b10000100010110 D
b10000100010110 d
b1000001101110 r
#828
b11111111111010101010100011110100 "
b10001011010001 D
b10001011010001 d
b10100011110100 r
#829
b11111111111010111010001110000000 "
b10001011001010 D
b10001011001010 d
b10001110000000 r
#830
b11111111111011011010010110101011 "
b10000100011011 D
b10000100011011 d
b10010110101011 r
#831
b11111111111011111010101101011100 "
b1111011001011 D
b1111011001011 d
b10101101011100 r
#832
b11111111111100010001010010001000 "
b1110100100001 D
b1110100100001 d
b1010010001000 r
#833
b11111111111100010110100111000110 "
b1110101010110 D
b1110101110110 d
b10100111000110 r
#834
b11111111111100010100010011101000 "
b1111100100100 D
b1111100100110 d
b10011101000 r
#835
b11111111111100001111110010000010 "
b10111110101111 D
b11111110101111 d
b11110010000010 r
#836
b11111111111100010001100111011010 "
b10001111111111 D
b10001111111111 d
b1100111011010 r
#837
b11111111111100011111101110011000 "
b10001011111111 D
b10001011111111 d
b11101110011000 r
#838
b11111111111100110111110110010101 "
b10001010101111 D
b10001010101111 d
b11110110010101 r
#839
b11111111111101001110110110101110 "
b10111010001000 D
b10110010001000 d
b10110110101110 r
#840
b11111111111101011111001010100110 "
b1111100100101 D
b1111000100101 d
b11001010100110 r
#841
b11111111111101100100100101111000 "
b1110110101001 D
b1110110001001 d
b100101111000 r
#842
b11111111111101100010011000101100 "
b1111111100001 D
b1110110100001 d
b10011000101100 r
#843
b11111111111101011111011010101010 "
b1111111001000 D
b1111111001000 d
b11011010101010 r
#844
b11111111111101100100000100000100 "
b10001000000111 D
b10001000000111 d
b100000100 r
#845
b11111111111101110011011111100000 "
b10001011110100 D
b10001011110100 d
b11011111100000 r
#846
b11111111111110000101010111001100 "
b10001000100100 D
b10001000100100 d
b1010111001100 r
#847
b11111111111110010100101010101000 "
b10000000100000 D
b10000000100000 d
b101010101000 r
#848
b11111111111110011110001010100010 "
b1110111100011 D
b1110111100011 d
b10001010100010 r
#849
b11111111111110100001011110110010 "
b1110011101100 D
b1110011101100 d
b1011110110010 r
#850
b11111111111110100000011100001000 "
b1110111100010 D
b1110111100010 d
b11100001000 r
#851
b11111111111110100011000110100101 "
b10000000100010 D
b10000000100010 d
b11000110100101 r
#852
b11111111111110101001000011101000 "
b10001001110010 D
b10001001110010 d
b1000011101000 r
#853
b11111111111110110100011100001100 "
b10001100011110 D
b10001100011110 d
b11100001100 r
#854
b11111111111110111111010110000111 "
b10000111001011 D
b10000111001011 d
b11010110000111 r
#855
b11111111111111001000111010000100 "
b1111101110100 D
b1111101110100 d
b111010000100 r
#856
b11111111111111001111001011001011 "
b1110101110110 D
b1110101110110 d
b11001011001011 r
#857
b11111111111111010010001101110000 "
b1110011110111 D
b1110011110111 d
b10001101110000 r
#858
b11111111111111010100101100111111 "
b1111010000110 D
b1111010000110 d
b101100111111 r
#859
b11111111111111011000101011011000 "
b10000011011001 D
b10000011011001 d
b101011011000 r
#860
b11111111111111011111010101001001 "
b10001010011111 D
b10001010011111 d
b11010101001001 r
#861
b11111111111111100101001111110111 "
b10001011110110 D
b10001011110110 d
b1001111110111 r
#862
b11111111111111101100110001100010 "
b10000101000110 D
b10000101000110 d
b110001100010 r
#863
b11111111111111110001011011011000 "
b1111100001011 D
b1111100001011 d
b1011011011000 r
#864
b11111111111111110110110110100010 "
b1110101000010 D
b1110101000010 d
b10110110100010 r
#865
b11111111111111111010001001000011 "
b1110100101111 D
b1110100101111 d
b10001001000011 r
#866
b11111111111111111101111001111001 "
b1111011011000 D
b1111011011000 d
b1111001111001 r
#867
b10001011111001 "
b10000101110110 D
b10000101110110 d
b10001011111001 r
#868
b110100000001101 "
b10001100010001 D
b10001100010001 d
b10100000001101 r
#869
b1010001101100001 "
b10001010110000 D
b10001010110000 d
b10001101100001 r
#870
b1101001111011100 "
b10000011100111 D
b10001011100111 d
b1001111011100 r
#871
b1110011101101000 "
b1111010000111 D
b11111011000111 d
b10011101101000 r
#872
b10010100000101100 "
b1111110000010 D
b1111110000010 d
b10100000101100 r
#873
b10111110101111000 "
b1110101101110 D
b1110101101110 d
b11110101111000 r
#874
b11011100111011001 "
b1111111111111 D
b1111111111111 d
b11100111011001 r
#875
b100001000000101010 "
b1111111011011 D
b1111110011011 d
b1000000101010 r
#876
b100010001011000000 "
b10001111001010 D
b10001111001010 d
b10001011000000 r
#877
b100001111111011110 "
b10001100111010 D
b10001100011010 d
b1111111011110 r
#878
b100001101010101010 "
b10001000110110 D
b10001000110110 d
b1101010101010 r
#879
b100100000101000100 "
b10000000111100 D
b10000000111100 d
b101000100 r
#880
b100111001001111001 "
b1111000001101 D
b1111000001101 d
b11001001111001 r
#881
b101100011001110010 "
b1110011110100 D
b1110011110100 d
b11001110010 r
#882
b110001100100100100 "
b1110111000000 D
b1110111000000 d
b1100100100100 r
#883
b110010100001101010 "
b10000000000101 D
b10000000000101 d
b10100001101010 r
#884
b110010100111101000 "
b10001000101001 D
b10001000101001 d
b10100111101000 r
#885
b110000111011101001 "
b10001100001011 D
b10001100001011 d
b111011101001 r
#886
b101111111110000010 "
b10001000100001 D
b10001000100001 d
b11111110000010 r
#887
b101111100001001100 "
b1111110111101 D
b1111110111101 d
b11100001001100 r
#888
b110011101010101010 "
b1110110011110 D
b1110110011110 d
b11101010101010 r
#889
b110111001000100100 "
b1110011011101 D
b1110011011101 d
b11001000100100 r
#890
b111010001110000000 "
b1111000011101 D
b1111000011101 d
b10001110000000 r
#891
b111101001101011000 "
b10000011001010 D
b10000011001010 d
b1001101011000 r
#892
b111010101001010100 "
1B
b10001010110100 D
b10001010110100 d
b10101001010100 r
#893
0B
0C
b10001011101100 D
b10001011101100 d
0""
#894
b10000101101001 D
b10000101101001 d
#895
b1111100110010 D
b1111100110010 d
#896
b1110101101110 D
b1110101101110 d
#897
b1110100101100 D
b1110100101100 d
#898
b1111010101100 D
b1111010101100 d
#899
b10000011100101 D
b10000011100101 d
#900
b10001011000100 D
b10001011000100 d
#901
b10001100001010 D
b10001100001010 d
#902
b10000100111011 D
b10000100111011 d
#903
b1111010001110 D
b1111010001110 d
#904
b1110011100110 D
b1110011100110 d
#905
b1110101111101 D
b1110101111101 d
#906
b1111101011010 D
b1111101011011 d
#907
b10111110111010 D
b11111111111010 d
#908
b10001111101111 D
b10001111101111 d
#909
b10001011101111 D
b10001011101111 d
#910
b10001011111101 D
b10001011111101 d
#911
b10111001111010 D
b10111001111010 d
#912
b1111000110110 D
b1111000110010 d
#913
b1110110000111 D
b1110110000101 d
#914
b1111110100011 D
b1110110100011 d
#915
b1111110101001 D
b1111110101001 d
#916
b10000111101100 D
b10000111101100 d
#917
b10001100011101 D
b10001100011101 d
#918
b10001001000100 D
b10001001000100 d
#919
b1111111010110 D
b1111111010110 d
#920
b1110111001010 D
b1110111001010 d
#921
b1110011011111 D
b1110011011111 d
#922
b1111000111010 D
b1111000111010 d
#923
b10000001101011 D
b10000001101011 d
#924
b10001001100000 D
b10001001100000 d
#925
b10001100000111 D
b10001100000111 d
#926
b10000110111100 D
b10000110111100 d
#927
b1111101011111 D
b1111101011111 d
#928
b1110101111101 D
b1110101111101 d
#929
b1110100010111 D
b1110100010111 d
#930
b1111010000111 D
b1111010000111 d
#931
b10000011010010 D
b10000011010010 d
#932
b10001010110001 D
b10001010110001 d
#933
b10001011011010 D
b10001011011010 d
#934
b10000101000110 D
b10000101000110 d
#935
b1111011110101 D
b1111011110101 d
#936
b1110100111110 D
b1110100111110 d
#937
b1110100100101 D
b1110100100101 d
#938
b1111011010000 D
b1111011010000 d
#939
b10000101100000 D
b10000101100000 d
#940
b10001011111010 D
b10001011111010 d
#941
b10001011001000 D
b10001011101000 d
#942
b10000001111110 D
b10001011111110 d
#943
b1111001111110 D
b11111001111110 d
#944
b1111101111111 D
b1111101111111 d
#945
b1110101111111 D
b1110101111111 d
#946
b1111111111100 D
b1111111111100 d
#947
b1111110111110 D
b1111110111110 d
#948
b10001111111110 D
b10000110111110 d
#949
b10001011110111 D
b10001011110101 d
#950
b10001001110111 D
b10001001110111 d
#951
b10000000011101 D
b10000000011101 d
#952
b1110111110001 D
b1110111110001 d
#953
b1110100010001 D
b1110100010001 d
#954
b1110110101100 D
b1110110101100 d
#955
b10000000010001 D
b10000000010001 d
#956
b10001001011001 D
b10001001011001 d
#957
b10001011110000 D
b10001011110000 d
#958
b10001000000010 D
b10001000000010 d
#959
b1111110100011 D
b1111110100011 d
#960
b1110101111000 D
b1110101111000 d
#961
b1110100100100 D
b1110100100100 d
#962
b1111001100011 D
b1111001100011 d
#963
b10000010010011 D
b10000010010011 d
#964
b10001001110111 D
b10001001110111 d
#965
b10001100010110 D
b10001100010110 d
#966
b10000110101000 D
b10000110101000 d
#967
b1111100100101 D
b1111100100101 d
#968
b1110101000010 D
b1110101000010 d
#969
b1110100010101 D
b1110100010101 d
#970
b1111011000101 D
b1111011000101 d
#971
b10000100101100 D
b10000100101100 d
#972
b10001011101111 D
b10001011101111 d
#973
b10001011000100 D
b10001011000100 d
#974
b10000011111101 D
b10000011111101 d
#975
b1111010001100 D
b1111010001100 d
#976
b1110100010110 D
b1110100010110 d
#977
b1110110000100 D
b1110110000100 d
#978
b1111100110111 D
b1111110110111 d
#979
b11111110111111 D
b11111110111111 d
#980
b10001111111110 D
b10001111111110 d
#981
b10001011111111 D
b10001011111111 d
#982
b10001001111111 d
#983
b10110010000000 D
b10100010000000 d
#984
b1111011011001 D
b1111011011001 d
#985
b1110111011000 D
b1110111011000 d
#986
b1110111100011 D
b1110110100011 d
#987
b1111111011110 D
b1111111011110 d
#988
b10001000001000 D
b10001000001000 d
#989
b10001100111000 D
b10001100111000 d
#990
b10001000101110 D
b10001000101110 d
#991
b1111111100101 D
b1111111100101 d
#992
b1110111011011 D
b1110111011011 d
#993
b1110100000000 D
b1110100000000 d
#994
b1111000010110 D
b1111000010110 d
#995
b10000010010100 D
b10000010010100 d
#996
b10001001001111 D
b10001001001111 d
#997
b10001011101001 D
b10001011101001 d
#998
b10000111100010 D
b10000111100010 d
#999
b1111101011111 D
b1111101011111 d
#1000
b1110110001111 D
b1110110001111 d
#1001
b1110011111001 D
b1110011111001 d
#1002
b1111010001101 D
b1111010001101 d
#1003
b10000011010100 D
b10000011010100 d
#1004
b10001010010011 D
b10001010010011 d
#1005
b10001011011001 D
b10001011011001 d
#1006
b10000101010101 D
b10000101010101 d
#1007
b1111011101001 D
b1111011101001 d
#1008
b1110100011000 D
b1110100011000 d
#1009
b1110100011110 D
b1110100011110 d
#1010
b1111100000001 D
b1111100000001 d
#1011
b10000101101111 D
b10000101101111 d
#1012
b10001011001000 D
b10001011101000 d
#1013
b10001010011000 D
b10001010011000 d
#1014
b10000011001110 D
b10001011011110 d
#1015
b11111011011110 D
b11111011011110 d
#1016
b1111101011110 D
b1111101011110 d
#1017
b1110110011101 D
b1110110011101 d
#1018
b1111110001111 D
b1111110001111 d
#1019
b1111110011010 D
b1111110011010 d
#1020
b10001111111100 D
b10000111110100 d
#1021
b10001011101100 D
b10001011101100 d
#1022
b10001001100011 D
b10001001100011 d
#1023
b10000001101011 D
b10000001101011 d
#1024
b1110111010111 D
b1110111010111 d
#1025
b1110011101000 D
b1110011101000 d
#1026
b1110111100101 D
b1110111100101 d
#1027
b10000000101010 D
b10000000101010 d
#1028
b10001001001010 D
b10001001001010 d
#1029
b10001011110010 D
b10001011110010 d
#1030
b10000111101000 D
b10000111101000 d
#1031
b1111110111100 D
b1111110111100 d
#1032
b1110110110011 D
b1110110110011 d
#1033
b1110011110100 D
b1110011110100 d
#1034
b1111000100011 D
b1111000100011 d
#1035
b10000010101111 D
b10000010101111 d
#1036
b10001010100011 D
b10001010100011 d
#1037
b10001100001010 D
b10001100001010 d
#1038
b10000101011110 D
b10000101011110 d
#1039
b1111100001011 D
b1111100001011 d
#1040
b1110101000100 D
b1110101000100 d
#1041
b1110100111000 D
b1110100111000 d
#1042
b1111011011111 D
b1111011011111 d
#1043
b10000100000000 D
b10000100000000 d
#1044
b10001011000011 D
b10001011000011 d
#1045
b10001010111110 D
b10001010111110 d
#1046
b10000011100110 D
b10000011100110 d
#1047
b1111010100010 D
b1111010100010 d
#1048
b1110011111100 D
b1110011111100 d
#1049
b1110101111100 D
b1110111111100 d
#1050
b1111101101100 D
b1111101111100 d
#1051
b11111111111001 D
b11111111111001 d
#1052
b10001111111111 D
b10001111111111 d
#1053
b10001011110111 D
b10001011110111 d
#1054
b10001010000101 D
b10001010000101 d
#1055
b10111010000001 D
b10111010000001 d
#1056
b1111100011010 D
b1111100010010 d
#1057
b1110111011010 D
b1110101011010 d
#1058
b1111111001000 D
b1110111001000 d
#1059
b1111111001011 D
b1111111001011 d
#1060
b10001000000011 D
b10001000000011 d
#1061
b10001100111001 D
b10001100111001 d
#1062
b10001000111101 D
b10001000111101 d
#1063
b1111111001000 D
b1111111001000 d
#1064
b1110111001110 D
b1110111001110 d
#1065
b1110011111000 D
b1110011111000 d
#1066
b1111000001111 D
b1111000001111 d
#1067
b10000001011110 D
b10000001011110 d
#1068
b10001001111111 D
b10001001111111 d
#1069
b10001011110011 D
b10001011110011 d
#1070
b10000110101000 D
b10000110101000 d
#1071
b1111101001110 D
b1111101001110 d
#1072
b1110110001100 D
b1110110001100 d
#1073
b1110100010000 D
b1110100010000 d
#1074
b1111001010111 D
b1111001010111 d
#1075
b10000011100110 D
b10000011100110 d
#1076
b10001010101011 D
b10001010101011 d
#1077
b10001011011001 D
b10001011011001 d
#1078
b10000100111101 D
b10000100111101 d
#1079
b1111011000110 D
b1111011000110 d
#1080
b1110100101001 D
b1110100101001 d
#1081
b1110100110010 D
b1110100110010 d
#1082
b1111011100001 D
b1111011100001 d
#1083
b10000101100011 D
b10000101100011 d
#1084
b10001100101000 D
b10001100101000 d
#1085
b10001010101011 D
b10001110101011 d
#1086
b10001010111111 D
b10001010111111 d
#1087
b11111011011100 D
b11111011011100 d
#1088
b1111101110110 D
b1111101110110 d
#1089
b1110110011110 D
b1110110011110 d
#1090
b1111110011111 D
b1111110011111 d
#1091
b1111110011001 D
b1111110011001 d
#1092
b10000111100011 D
b10000111100011 d
#1093
b10001100010100 D
b10001100010100 d
#1094
b10001000111000 D
b10001000111000 d
#1095
b10000000100100 D
b10000000100100 d
#1096
b1110111111101 D
b1110111111101 d
#1097
b1110011110011 D
b1110011110011 d
#1098
b1110111011001 D
b1110111011001 d
#1099
b10000000101111 D
b10000000101111 d
#1100
b10001000110010 D
b10001000110010 d
#1101
b10001011110110 D
b10001011110110 d
#1102
b10000111011111 D
b10000111011111 d
#1103
b1111110101001 D
b1111110101001 d
#1104
b1110110010101 D
b1110110010101 d
#1105
b1110011111010 D
b1110011111010 d
#1106
b1111001010010 D
b1111001010010 d
#1107
b10000010100100 D
b10000010100100 d
#1108
b10001001110011 D
b10001001110011 d
#1109
b10001011101010 D
b10001011101010 d
#1110
b10000101111111 D
b10000101111111 d
#1111
b1111100101010 D
b1111100101010 d
#1112
b1110100110100 D
b1110100110100 d
#1113
b1110100001011 D
b1110100001011 d
#1114
b1111011011101 D
b1111011011101 d
#1115
b10000100111111 D
b10000100111111 d
#1116
b10001011011010 D
b10001011011010 d
#1117
b10001011011001 D
b10001011011001 d
#1118
b10000011000101 D
b10000011000101 d
#1119
b1111010100111 D
b1111010100111 d
#1120
b1110100101110 D
b1111100101110 d
#1121
b1110101101010 D
b1110101101010 d
#1122
b1111101111010 D
b1111101111010 d
#1123
b11111111111011 D
b11111111111011 d
#1124
b10001111111101 D
b10001111111101 d
#1125
b10001011010111 D
b10001011010111 d
#1126
b10001011111111 D
b10001011111111 d
#1127
b10100001111101 D
b10000001111101 d
#1128
b1111000110110 D
b1111000110110 d
#1129
b1110110011010 D
b1110100001010 d
#1130
b1110110010110 D
b1110110010110 d
#1131
b1111111011010 D
b1111111011010 d
#1132
b10001000101010 D
b10001000101010 d
#1133
b10001100000001 D
b10001100000001 d
#1134
b10001000100111 D
b10001000100111 d
#1135
b1111111010000 D
b1111111010000 d
#1136
b1110110111001 D
b1110110111001 d
#1137
b1110100101111 D
b1110100101111 d
#1138
b1111001000001 D
b1111001000001 d
#1139
b10000001011111 D
b10000001011111 d
#1140
b10001000111111 D
b10001000111111 d
#1141
b10001011101000 D
b10001011101000 d
#1142
b10000111010011 D
b10000111010011 d
#1143
b1111101010111 D
b1111101010111 d
#1144
b1110101101011 D
b1110101101011 d
#1145
b1110100001111 D
b1110100001111 d
#1146
b1111001011110 D
b1111001011110 d
#1147
b10000100000011 D
b10000100000011 d
#1148
b10001011100001 D
b10001011100001 d
#1149
b10001011001011 D
b10001011001011 d
#1150
b10000100101111 D
b10000100101111 d
#1151
b1111011000111 D
b1111011000111 d
#1152
b1110100111110 D
b1110100111110 d
#1153
b1110101110001 D
b1110101110001 d
#1154
b1111100000100 D
b1111100000100 d
#1155
b10000100111110 D
b10000100111110 d
#1156
b10001011101110 D
b10001011101110 d
#1157
b10001011101011 D
b10001011101111 d
#1158
b10001011011111 D
b10001011011111 d
#1159
b11111011010111 D
b11111011010111 d
#1160
b1111011110111 D
b1111011110111 d
#1161
b1110111111111 D
b1110111111111 d
#1162
b1111111111111 D
b1111111111111 d
#1163
b1111111010111 D
b1111110010111 d
#1164
b10001111010110 D
b10000111010110 d
#1165
b10001011111100 D
b10001011111100 d
#1166
b10001001010010 D
b10001001010010 d
#1167
b10000000111100 D
b10000000111100 d
#1168
b1110111010010 D
b1110111010010 d
#1169
b1110011010110 D
b1110011010110 d
#1170
b1110111101000 D
b1110111101000 d
#1171
b10000000111000 D
b10000000111000 d
#1172
b10001001010111 D
b10001001010111 d
#1173
b10001011110111 D
b10001011110111 d
#1174
b10000111011011 D
b10000111011011 d
#1175
b1111110011100 D
b1111110011100 d
#1176
b1110110011010 D
b1110110011010 d
#1177
b1110011110111 D
b1110011110111 d
#1178
b1111001001000 D
b1111001001000 d
#1179
b10000010000111 D
b10000010000111 d
#1180
b10001001111110 D
b10001001111110 d
#1181
b10001100101010 D
b10001100101010 d
#1182
b10000110011000 D
b10000110011000 d
#1183
b1111011111001 D
b1111011111001 d
#1184
b1110100100110 D
b1110100100110 d
#1185
b1110100101100 D
b1110100101100 d
#1186
b1111011100010 D
b1111011100010 d
#1187
b10000100011110 D
b10000100011110 d
#1188
b10001011110010 D
b10001011110010 d
#1189
b10001010111111 D
b10001010111111 d
#1190
b10000011000101 D
b10000011000101 d
#1191
b1111010001000 D
b1111010001000 d
#1192
b1110100101011 D
b1111110101011 d
#1193
b1110101111111 D
b1110101111111 d
#1194
b1111101111111 D
b1111101111111 d
#1195
b11111111011111 D
b11111101001011 d
#1196
b10001110011111 D
b10001110011111 d
#1198
b10001011101110 D
b10001010101110 d
#1199
b10000001010011 D
b10000001000011 d
#1200
b1110111110000 D
b1110111110000 d
#1201
b1110100011011 D
b1110100011011 d
#1202
b1110110110110 D
b1110110110110 d
#1203
b1111111000111 D
b1111111000111 d
#1204
b10001000001011 D
b10001000001011 d
#1205
b10001011111010 D
b10001011111010 d
#1206
b10001000001010 D
b10001000001010 d
#1207
b1111111100001 D
b1111111100001 d
#1208
b1110110111110 D
b1110110111110 d
#1209
b1110011110111 D
b1110011110111 d
#1210
b1110111110111 D
b1110111110111 d
#1211
b10000001100101 D
b10000001100101 d
#1212
b10001010010101 D
b10001010010101 d
#1213
b10001100001111 D
b10001100001111 d
#1214
b10000110101010 D
b10000110101010 d
#1215
b1111101001111 D
b1111101001111 d
#1216
b1110101001001 D
b1110101001001 d
#1217
b1110011111110 D
b1110011111110 d
#1218
b1111011000010 D
b1111011000010 d
#1219
b10000100000101 D
b10000100000101 d
#1220
b10001011000100 D
b10001011000100 d
#1221
b10001011000111 D
b10001011000111 d
#1222
b10000100011011 D
b10000100011011 d
#1223
b1111011011111 D
b1111011011111 d
#1224
b1110100111101 D
b1110100111101 d
#1225
b1110101000000 D
b1110101000000 d
#1226
b1111100000101 D
b1111100000101 d
#1227
b10000101101000 D
b10111101101000 d
#1228
b10001011111011 D
b10001111111011 d
#1229
b10001010101011 D
b10001011111011 d
#1230
b10001011101011 D
b10001011101011 d
#1231
b11100011010001 D
b10000011000001 d
#1232
b1111011111010 D
b1111011111010 d
#1233
b1110111111011 D
b1110111111011 d
#1234
b1111101111011 D
b1111101111011 d
#1235
b1111111110001 D
b1111110100001 d
#1236
b10000111110011 D
b10000111110011 d
#1237
b10001101000001 D
b10001100000001 d
#1238
b10001001000111 D
b10001001000111 d
#1239
b10000000011101 D
b10000000011101 d
#1240
b1110111100001 D
b1110111100001 d
#1241
b1110011100101 D
b1110011100101 d
#1242
b1110111100111 D
b1110111100111 d
#1243
b10000000100011 D
b10000000100011 d
#1244
b10001001000100 D
b10001001000100 d
#1245
b10001100010101 D
b10001100010101 d
#1246
b10000111110101 D
b10000111110101 d
#1247
b1111110100110 D
b1111110100110 d
#1248
b1110101111001 D
b1110101111001 d
#1249
b1110011011010 D
b1110011011010 d
#1250
b1111001010001 D
b1111001010001 d
#1251
b10000011100011 D
b10000011100011 d
#1252
b10001010101111 D
b10001010101111 d
#1253
b10001011111101 D
b10001011111101 d
#1254
b10000101101100 D
b10000101101100 d
#1255
b1111011110101 D
b1111011110101 d
#1256
b1110100011111 D
b1110100011111 d
#1257
b1110100111110 D
b1110100111110 d
#1258
b1111011110111 D
b1111011110111 d
#1259
b10000100110011 D
b10000100110011 d
#1260
b10001011000110 D
b10001011000110 d
#1261
b10001010110110 D
b10001010110110 d
#1262
b10000100001011 D
b10000100101011 d
#1263
b1111010011001 D
b1111010011011 d
#1264
b1110011101100 D
b1111011111101 d
#1265
b1110111101101 D
b1110111101101 d
#1266
b1111111001001 D
b1111111001001 d
#1267
b11111111001111 D
b11111111001111 d
#1268
b10001111111110 D
b10001111111110 d
#1269
b10001011111110 D
b10001011111110 d
#1270
b10001001111101 D
b10001001111101 d
#1271
b10100000111101 D
b10000000111101 d
#1272
b1111000011110 D
b1111000001110 d
#1273
b1110101011100 D
b1110100011100 d
#1274
b1110111001011 D
b1110111001011 d
#1275
b1111111100011 D
b1111111100011 d
#1276
b10001000100010 D
b10001000100010 d
#1277
b10001011110110 D
b10001011110110 d
#1278
b10001000101101 D
b10001000101101 d
#1279
b1111111110100 D
b1111111110100 d
#1280
b1110110100011 D
b1110110100011 d
#1281
b1110011110011 D
b1110011110011 d
#1282
b1111000110110 D
b1111000110110 d
#1283
b10000010001001 D
b10000010001001 d
#1284
b10001010001101 D
b10001010001101 d
#1285
b10001011111110 D
b10001011111110 d
#1286
b10000110100001 D
b10000110100001 d
#1287
b1111101011001 D
b1111101011001 d
#1288
b1110101100000 D
b1110101100000 d
#1289
b1110100000101 D
b1110100000101 d
#1290
b1111010010101 D
b1111010010101 d
#1291
b10000011101110 D
b10000011101110 d
#1292
b10001011101011 D
b10001011101011 d
#1293
b10001011110010 D
b10001011110010 d
#1294
b10000011111111 D
b10000011111111 d
#1295
b1111010101010 D
b1111010101010 d
#1296
b1110101001110 D
b1110101001110 d
#1297
b1110101010011 D
b1110101010011 d
#1298
b1111100101101 D
b1111100101101 d
#1299
b10000101111101 D
b10111101111101 d
#1300
b10001100001001 D
b10001101011101 d
#1301
b10001110101011 D
b10001110101011 d
#1302
b10001011111111 D
b10001011111111 d
#1303
b11111001111110 D
b10111001111110 d
#1304
b1111011111110 D
b1111011111110 d
#1305
b1110111101111 D
b1110111101111 d
#1306
b1111110111111 D
b1111110011111 d
#1307
b1111110111000 D
b1111110111000 d
#1308
b10000111101111 D
b10000111101111 d
#1309
b10001100010101 D
b10001100010101 d
#1310
b10001000110111 D
b10001000110111 d
#1311
b10000000000100 D
b10000000000100 d
#1312
b1110111101001 D
b1110111101001 d
#1313
b1110011111101 D
b1110011111101 d
#1314
b1110111101001 D
b1110111101001 d
#1315
b10000000111011 D
b10000000111011 d
#1316
b10001001011001 D
b10001001011001 d
#1317
b10001100110101 D
b10001100110101 d
#1318
b10000111100101 D
b10000111100101 d
#1319
b1111101100111 D
b1111101100111 d
#1320
b1110101111111 D
b1110101111111 d
#1321
b1110101011111 D
b1110101011111 d
#1322
b1111001101100 D
b1111001101100 d
#1323
b10000010000110 D
b10000010000110 d
#1324
b10001001111001 D
b10001001111001 d
#1325
b10001011101000 D
b10001011101000 d
#1326
b10000101011100 D
b10000101011100 d
#1327
b1111011111000 D
b1111011111000 d
#1328
b1110100111110 D
b1110100111110 d
#1329
b1110100010110 D
b1110100010110 d
#1330
b1111011000101 D
b1111011000101 d
#1331
b10000100111000 D
b10000100111000 d
#1332
b10001011011100 D
b10001011011100 d
#1333
b10001011010011 D
b10001011010011 d
#1334
b10000011011101 D
b10000011011101 d
#1335
b1111001101000 D
b1111011111101 d
#1336
b1111100101011 D
b1111101101011 d
#1337
b1110101111011 D
b1110101111011 d
#1338
b1111101111001 D
b1111101111001 d
#1339
b11111101011001 D
b1111101011001 d
#1340
b10001110110010 D
b10001110110010 d
#1341
b10001110010010 D
b10001110010010 d
#1342
b10001011010010 D
b10001011010010 d
#1343
b10100111010010 D
b10000001010010 d
#1344
b1110111110010 D
b1110111110010 d
#1345
b1110011101000 D
b1110011101000 d
#1346
b1110111010110 D
b1110111010110 d
#1347
b1111111101100 D
b1111111101100 d
#1348
b10001000110000 D
b10001000110000 d
#1349
b10001100001111 D
b10001100001111 d
#1350
b10001000010110 D
b10001000010110 d
#1351
b1111111001110 D
b1111111001110 d
#1352
b1110110101101 D
b1110110101101 d
#1353
b1110011111011 D
b1110011111011 d
#1354
b1111000101101 D
b1111000101101 d
#1355
b10000010001100 D
b10000010001100 d
#1356
b10001001111011 D
b10001001111011 d
#1357
b10001011101111 D
b10001011101111 d
#1358
b10000110101110 D
b10000110101110 d
#1359
b1111100101100 D
b1111100101100 d
#1360
b1110101010111 D
b1110101010111 d
#1361
b1110100001011 D
b1110100001011 d
#1362
b1111010011101 D
b1111010011101 d
#1363
b10000100010010 D
b10000100010010 d
#1364
b10001011000110 D
b10001011000110 d
#1365
b10001010101000 D
b10001010101000 d
#1366
b10000100100111 D
b10000100100111 d
#1367
b1111011010001 D
b1111011010001 d
#1368
b1110100001110 D
b1110100001110 d
#1369
b1110100101000 D
b1110100101000 d
#1370
b1111100110010 D
b1111100110010 d
#1371
b10000101110010 D
b10111101110010 d
#1372
b10001011110110 D
b10001111110110 d
#1373
b10001011110100 D
b10001011110100 d
#1374
b10001011011101 D
b10001011011101 d
#1375
b10111010011001 D
b10111010011001 d
#1376
b1111011111011 D
b1111011111011 d
#1377
b1110111110101 D
b1110111110101 d
#1378
b1111111010101 D
b1111111010101 d
#1379
b1111111010001 D
b1111111010001 d
#1380
b10001000001100 D
b10001000001100 d
#1381
b10001100001101 D
b10001100001101 d
#1382
b10001000110111 D
b10001000110111 d
#1383
b10000000010010 D
b10000000010010 d
#1384
b1110111110101 D
b1110111110101 d
#1385
b1110011111000 D
b1110011111000 d
#1386
b1110111011101 D
b1110111011101 d
#1387
b10000000110010 D
b10000000110010 d
#1388
b10001001111000 D
b10001001111000 d
#1389
b10001100010100 D
b10001100010100 d
#1390
b10000111110100 D
b10000111110100 d
#1391
b1111101011010 D
b1111101011010 d
#1392
b1110101000110 D
b1110101000110 d
#1393
b1110011110101 D
b1110011110101 d
#1394
b1111010010000 D
b1111010010000 d
#1395
b10000011011000 D
b10000011011000 d
#1396
b10001010001010 D
b10001010001010 d
#1397
b10001011101100 D
b10001011101100 d
#1398
b10000101100110 D
b10000101100110 d
#1399
b1111011011101 D
b1111011011101 d
#1400
b1110100001011 D
b1110100001011 d
#1401
b1110101001110 D
b1110101001110 d
#1402
b1111100000111 D
b1111100000111 d
#1403
b10000101011000 D
b10000101011000 d
#1404
b10001011011010 D
b10001011011010 d
#1405
b10001010101101 D
b10001010101101 d
#1406
b10000011111110 D
b10000011111110 d
#1407
b1111001111010 D
b1111011111110 d
#1408
b1111011111111 D
b1111011111111 d
#1409
b1110111111111 D
b1110111111111 d
#1410
b1111101111111 D
b1111101111111 d
#1411
b11111111111110 D
b1111111111110 d
#1412
b10001110111111 D
b10001110111111 d
#1413
b10001110101011 D
b10001110101011 d
#1414
b10001010011110 D
b10001010011010 d
#1415
b10000000110110 D
b10000000110110 d
#1416
b1110111010111 D
b1110111010111 d
#1417
b1110100001111 D
b1110100001111 d
#1418
b1110111110111 D
b1110111110111 d
#1419
b1111111100101 D
b1111111100101 d
#1420
b10001000011011 D
b10001000011011 d
#1421
b10001100010001 D
b10001100010001 d
#1422
b10001000101111 D
b10001000101111 d
#1423
b1111111011101 D
b1111111011101 d
#1424
b1110110001110 D
b1110110001110 d
#1425
b1110011100001 D
b1110011100001 d
#1426
b1111000110100 D
b1111000110100 d
#1427
b10000010100101 D
b10000010100101 d
#1428
b10001010001001 D
b10001010001001 d
#1429
b10001011111011 D
b10001011111011 d
#1430
b10000101101011 D
b10000101101011 d
#1431
b1111100010110 D
b1111100010110 d
#1432
b1110101100010 D
b1110101100010 d
#1433
b1110100100011 D
b1110100100011 d
#1434
b1111010100111 D
b1111010100111 d
#1435
b10000011111100 D
b10000011111100 d
#1436
b10001011011010 D
b10001011011010 d
#1437
b10001011111110 D
b10001011111110 d
#1438
b10000100011000 D
b10000100011000 d
#1439
b1111010101100 D
b1111010101100 d
#1440
b1110100001010 D
b1110100001010 d
#1441
b1110100111101 D
b1110100111101 d
#1442
b1111101100001 D
b1111101101001 d
#1443
b10010110111011 D
b11111111111011 d
#1444
b10001111111111 D
b10001111111111 d
#1445
b10001011101101 D
b10001011101101 d
#1446
b10001010000011 D
b10001010000011 d
#1447
b10111010110011 D
b10111010110011 d
#1448
b1111100110011 D
b1111100110011 d
#1449
b1110110111111 D
b1110110011111 d
#1450
b1111111111100 D
b1111111111100 d
#1451
b1111111001100 D
b1111111001100 d
#1452
b10000111101000 D
b10000111101000 d
#1453
b10001011110101 D
b10001011110101 d
#1454
b10001001001101 D
b10001001001101 d
#1455
b1111111110110 D
b1111111110110 d
#1456
b1110111010011 D
b1110111010011 d
#1457
b1110011111101 D
b1110011111101 d
#1458
b1110111101101 D
b1110111101101 d
#1459
b10000000111110 D
b10000000111110 d
#1460
b10001001110101 D
b10001001110101 d
#1461
b10001100000100 D
b10001100000100 d
#1462
b10000111010000 D
b10000111010000 d
#1463
b1111101011111 D
b1111101011111 d
#1464
b1110101111111 D
b1110101111111 d
#1465
b1110100010000 D
b1110100010000 d
#1466
b1111001011111 D
b1111001011111 d
#1467
b10000011000101 D
b10000011000101 d
#1468
b10001010110110 D
b10001010110110 d
#1469
b10001011100111 D
b10001011100111 d
#1470
b10000100111001 D
b10000100111001 d
#1471
b1111011110110 D
b1111011110110 d
#1472
b1110100100110 D
b1110100100110 d
#1473
b1110100101111 D
b1110100101111 d
#1474
b1111011001001 D
b1111011001001 d
#1475
b10000101110100 D
b10000101110100 d
#1476
b10001100011001 D
b10001100011001 d
#1477
b10001010100000 D
b10001010100000 d
#1478
b10000010101100 D
b10001010101100 d
#1479
b1111011101110 D
b11111011101110 d
#1480
b1111100100110 D
b1111101100110 d
#1481
b1110110001111 D
b1110110001111 d
#1482
b1111110011011 D
b1111110011011 d
#1483
b1111111011011 D
b1111111010011 d
#1484
b10001111001101 D
b10001111001101 d
#1485
b10001101011111 D
b10001101010101 d
#1486
b10001001011011 D
b10001001011011 d
#1487
b10000001001010 D
b10000001001010 d
#1488
b1110111110000 D
b1110111110000 d
#1489
b1110011110001 D
b1110011110001 d
#1490
b1110110110011 D
b1110110110011 d
#1491
b1111111111111 D
b1111111111111 d
#1492
b10001001001000 D
b10001001001000 d
#1493
b10001100100000 D
b10001100100000 d
#1494
b10000111110110 D
b10000111110110 d
#1495
b1111110100000 D
b1111110100000 d
#1496
b1110101101101 D
b1110101101101 d
#1497
b1110011011000 D
b1110011011000 d
#1498
b1111001011010 D
b1111001011010 d
#1499
b10000010101010 D
b10000010101010 d
#1500
b10001001111100 D
b10001001111100 d
#1501
b10001011001111 D
b10001011001111 d
#1502
b10000110010110 D
b10000110010110 d
#1503
b1111100110010 D
b1111100110010 d
#1504
b1110101110011 D
b1110101110011 d
#1505
b1110011110010 D
b1110011110010 d
#1506
b1111010011011 D
b1111010011011 d
#1507
b10000100011101 D
b10000100011101 d
#1508
b10001011011101 D
b10001011011101 d
#1509
b10001011111101 D
b10001011111101 d
#1510
b10000100010100 D
b10000100010100 d
#1511
b1111010000100 D
b1111010000100 d
#1512
b1110100010000 D
b1110100010000 d
#1513
b1110101101000 D
b1110101101000 d
#1514
b1111101111110 D
b1111101111110 d
#1515
b10111110111111 D
b11111111111111 d
#1516
b10001111100011 D
b10001111100011 d
#1517
b10001011100100 D
b10001011100100 d
#1518
b10001010000111 D
b10001010000111 d
#1519
b10111010010111 D
b10110010000111 d
#1520
b1111011111110 D
b1111011110100 d
#1521
b1110111111110 D
b1110111111110 d
#1522
b1111111110100 D
b1110101110100 d
#1523
b1111111010000 D
b1111111010000 d
#1524
b10001000010000 D
b10001000010000 d
#1525
b10001100011100 D
b10001100011100 d
#1526
b10001000101111 D
b10001000101111 d
#1527
b1111111001111 D
b1111111001111 d
#1528
b1110111001001 D
b1110111001001 d
#1529
b1110011111011 D
b1110011111011 d
#1530
b1111000011100 D
b1111000011100 d
#1531
b10000001000111 D
b10000001000111 d
#1532
b10001001101101 D
b10001001101101 d
#1533
b10001100011100 D
b10001100011100 d
#1534
b10000110110100 D
b10000110110100 d
#1535
b1111101000011 D
b1111101000011 d
#1536
b1110101010101 D
b1110101010101 d
#1537
b1110100011110 D
b1110100011110 d
#1538
b1111010000000 D
b1111010000000 d
#1539
b10000011010110 D
b10000011010110 d
#1540
b10001010111111 D
b10001010111111 d
#1541
b10001011100010 D
b10001011100010 d
#1542
b10000101000111 D
b10000101000111 d
#1543
b1111011110101 D
b1111011110101 d
#1544
b1110100001111 D
b1110100001111 d
#1545
b1110100111111 D
b1110100111111 d
#1546
b1111100010010 D
b1111100010010 d
#1547
b10000101111010 D
b10000101111010 d
#1548
b10001100001000 D
b10001100001000 d
#1549
b10001010100111 D
b10001010101111 d
#1550
b10000010100110 D
b10001010100111 d
#1551
b1111011110111 D
b11111011110111 d
#1552
b1111101011101 D
b1111101011101 d
#1553
b1110110011101 D
b1110110011101 d
#1554
b1111111111111 D
b1111111111111 d
#1555
b1111101101111 D
b1111101101011 d
#1556
b10001110111110 D
b10001110111110 d
#1557
b10001101111110 D
b10001101110110 d
#1558
b10001001111000 D
b10001001111000 d
#1559
b10000000100001 D
b10000000100001 d
#1560
b1110111000110 D
b1110111000110 d
#1561
b1110011110101 D
b1110011110101 d
#1562
b1110111011111 D
b1110111011111 d
#1563
b10000000101011 D
b10000000101011 d
#1564
b10001000111011 D
b10001000111011 d
#1565
b10001100100010 D
b10001100100010 d
#1566
b10000111100011 D
b10000111100011 d
#1567
b1111110001100 D
b1111110001100 d
#1568
b1110111000100 D
b1110111000100 d
#1569
b1110100010100 D
b1110100010100 d
#1570
b1111000101101 D
b1111000101101 d
#1571
b10000010011010 D
b10000010011010 d
#1572
b10001010101000 D
b10001010101000 d
#1573
b10001100100001 D
b10001100100001 d
#1574
b10000101101010 D
b10000101101010 d
#1575
b1111011111000 D
b1111011111000 d
#1576
b1110101000001 D
b1110101000001 d
#1577
b1110101001011 D
b1110101001011 d
#1578
b1111011001100 D
b1111011001100 d
#1579
b10000100111011 D
b10000100111011 d
#1580
b10001011001011 D
b10001011001011 d
#1581
b10001011000101 D
b10001011000101 d
#1582
b10000011111110 D
b10000011111110 d
#1583
b1111010001011 D
b1111010001011 d
#1584
b1110100100111 D
b1110100100111 d
#1585
b1110101101001 D
b1110101101001 d
#1586
b1111100111111 D
b1111101111111 d
#1587
b10111110110111 D
b11111110110111 d
#1588
b10001111110110 D
b10001111110110 d
#1589
b10001011111111 D
b10001011111111 d
#1590
b10001011101111 D
b10001011101111 d
#1591
b10111001101110 D
b10111001101110 d
#1592
b1111011101011 D
b1111011000010 d
#1593
b1110111111011 D
b1110111111011 d
#1594
b1111111111011 D
b1110110111011 d
#1595
b1111111000001 D
b1111111000001 d
#1596
b10001000100110 D
b10001000100110 d
#1597
b10001100000100 D
b10001100000100 d
#1598
b10001000011101 D
b10001000011101 d
#1599
b1111111101101 D
b1111111101101 d
#1600
b1110110110001 D
b1110110110001 d
#1601
b1110011010110 D
b1110011010110 d
#1602
b1111000110111 D
b1111000110111 d
#1603
b10000001100010 D
b10000001100010 d
#1604
b10001001111101 D
b10001001111101 d
#1605
b10001011110001 D
b10001011110001 d
#1606
b10000110110100 D
b10000110110100 d
#1607
b1111101111101 D
b1111101111101 d
#1608
b1110101010100 D
b1110101010100 d
#1609
b1110011111101 D
b1110011111101 d
#1610
b1111010011010 D
b1111010011010 d
#1611
b10000011101010 D
b10000011101010 d
#1612
b10001010101011 D
b10001010101011 d
#1613
b10001011101110 D
b10001011101110 d
#1614
b10000100101010 D
b10000100101010 d
#1615
b1111011100011 D
b1111011100011 d
#1616
b1110100010100 D
b1110100010100 d
#1617
b1110100110101 D
b1110100110101 d
#1618
b1111100010010 D
b1111100010010 d
#1619
b10000101111101 D
b10000101111101 d
#1620
b10001011101100 D
b10001011101100 d
#1621
b10001010100100 D
b10001010101100 d
#1622
b10000010100101 D
b10001010100101 d
#1623
b1111011111111 D
b11111011111111 d
#1624
b1111011111111 d
#1625
b1110111111110 D
b1110111111110 d
#1626
b1111111111110 D
b1111111111110 d
#1627
b11111110110110 D
b11111110110110 d
#1628
b10001111111110 D
b10001111111110 d
#1629
b10001011101110 D
b10001011101110 d
#1630
b10001001100110 D
b10001001100110 d
#1631
b10000000110001 D
b10000000110001 d
#1632
b1110111011010 D
b1110111011010 d
#1633
b1110011101001 D
b1110011101001 d
#1634
b1110111011100 D
b1110111011100 d
#1635
b10000001001000 D
b10000001001000 d
#1636
b10001000111010 D
b10001000111010 d
#1637
b10001100000010 D
b10001100000010 d
#1638
b10000111110100 D
b10000111110100 d
#1639
b1111110001111 D
b1111110001111 d
#1640
b1110110011111 D
b1110110011111 d
#1641
b1110100000100 D
b1110100000100 d
#1642
b1111000111101 D
b1111000111101 d
#1643
b10000010110101 D
b10000010110101 d
#1644
b10001010101111 D
b10001010101111 d
#1645
b10001011110101 D
b10001011110101 d
#1646
b10000101110100 D
b10000101110100 d
#1647
b1111100010111 D
b1111100010111 d
#1648
b1110101001010 D
b1110101001010 d
#1649
b1110100101111 D
b1110100101111 d
#1650
b1111010111010 D
b1111010111010 d
#1651
b10000101000101 D
b10000101000101 d
#1652
b10001011101010 D
b10001011101010 d
#1653
b10001010111101 D
b10001010111101 d
#1654
b10000011100111 D
b10000011100111 d
#1655
b1111001110111 D
b1111001110111 d
#1656
b1110011111110 D
b1110011111110 d
#1657
b1110101111011 D
b1110101111011 d
#1658
b1111101111111 D
b1111101111111 d
#1659
b11111111111101 D
b11111111111101 d
#1660
b10001111011111 D
b10001111011111 d
#1661
b10001011111010 D
b10001011111010 d
#1662
b10001001111101 D
b10001001111101 d
#1663
b10100001111101 D
b10000001111101 d
#1664
b1111100010110 D
b1111100010110 d
#1665
b1110110000010 D
b1110110000010 d
#1666
b1111110110001 D
b1110110100001 d
#1667
b1111110110011 D
b1111110110011 d
#1668
b10001000110000 D
b10001000110000 d
#1669
b10001101000101 D
b10001101000101 d
#1670
b10001000101011 D
b10001000101011 d
#1671
b1111110111111 D
b1111110111111 d
#1672
b1110110011011 D
b1110110011011 d
#1673
b1110100010110 D
b1110100010110 d
#1674
b1111001011101 D
b1111001011101 d
#1675
b10000001110011 D
b10000001110011 d
#1676
b10001001100010 D
b10001001100010 d
#1677
b10001011111001 D
b10001011111001 d
#1678
b10000111001110 D
b10000111001110 d
#1679
b1111101011010 D
b1111101011010 d
#1680
b1110101001001 D
b1110101001001 d
#1681
b1110100001010 D
b1110100001010 d
#1682
b1111010100010 D
b1111010100010 d
#1683
b10000011110000 D
b10000011110000 d
#1684
b10001010110011 D
b10001010110011 d
#1685
b10001011111100 D
b10001011111100 d
#1686
b10000100011000 D
b10000100011000 d
#1687
b1111010110011 D
b1111010110011 d
#1688
b1110100101000 D
b1110100101000 d
#1689
b1110101100100 D
b1110101100100 d
#1690
b1111100010100 D
b1111100010100 d
#1691
b10000101010001 D
b10000101010001 d
#1692
b10001011101111 D
b10001011101111 d
#1693
b10001010101110 D
b10001010101111 d
#1694
b10000010111111 D
b10001010111111 d
#1695
b11111011011101 D
b11111011011101 d
#1696
b1111101001101 D
b1111101001101 d
#1697
b1110101110111 D
b1110101110111 d
#1698
b1111111110111 D
b1111111110111 d
#1699
b1111111111010 D
b1111111111010 d
#1700
b10001111111001 D
b10001111111000 d
#1701
b10001101100001 D
b10001101100001 d
#1702
b10001001000011 D
b10001001000011 d
#1703
b10000000001010 D
b10000000001010 d
#1704
b1110111100011 D
b1110111100011 d
#1705
b1110100001101 D
b1110100001101 d
#1706
b1110111110000 D
b1110111110000 d
#1707
b10000000110011 D
b10000000110011 d
#1708
b10001001100001 D
b10001001100001 d
#1709
b10001100000010 D
b10001100000010 d
#1710
b10000111011101 D
b10000111011101 d
#1711
b1111110010100 D
b1111110010100 d
#1712
b1110110110000 D
b1110110110000 d
#1713
b1110100001011 D
b1110100001011 d
#1714
b1111001000000 D
b1111001000000 d
#1715
b10000010101101 D
b10000010101101 d
#1716
b10001010100111 D
b10001010100111 d
#1717
b10001011110010 D
b10001011110010 d
#1718
b10000101101010 D
b10000101101010 d
#1719
b1111100000001 D
b1111100000001 d
#1720
b1110100011100 D
b1110100011100 d
#1721
b1110100110001 D
b1110100110001 d
#1722
b1111010111110 D
b1111010111110 d
#1723
b10000101101110 D
b10000101101110 d
#1724
b10001100011110 D
b10001100011110 d
#1725
b10001010001101 D
b10001010001101 d
#1726
b10000011001001 D
b10000011001001 d
#1727
b1111010101011 D
b1111010101011 d
#1728
b1110100100111 D
b1110100101111 d
#1729
b1110101110100 D
b1110101110111 d
#1730
b1111101100101 D
b1111101110101 d
#1731
b11111111100111 D
b11111111100111 d
#1732
b10001110100111 D
b10001110100111 d
#1733
b10001110111011 D
b10001110111011 d
#1734
b10001011011011 D
b10001011011011 d
#1735
b10111001010010 D
b10000001010010 d
#1736
b1111011101011 D
b1111011100011 d
#1737
b1110111101111 D
b1110111101011 d
#1738
b1110111001110 D
b1110111001110 d
#1739
b10000000010011 D
b10000000010011 d
#1740
b10001000100110 D
b10001000100110 d
#1741
b10001011111111 D
b10001011111111 d
#1742
b10001000001011 D
b10001000001011 d
#1743
b1111111010101 D
b1111111010101 d
#1744
b1110110111001 D
b1110110111001 d
#1745
b1110100010011 D
b1110100010011 d
#1746
b1111000101100 D
b1111000101100 d
#1747
b10000001011111 D
b10000001011111 d
#1748
b10001001100011 D
b10001001100011 d
#1749
b10001100001110 D
b10001100001110 d
#1750
b10000110101100 D
b10000110101100 d
#1751
b1111100111001 D
b1111100111001 d
#1752
b1110101010000 D
b1110101010000 d
#1753
b1110011110110 D
b1110011110110 d
#1754
b1111010110000 D
b1111010110000 d
#1755
b10000100101011 D
b10000100101011 d
#1756
b10001011000111 D
b10001011000111 d
#1757
b10001010111100 D
b10001010111100 d
#1758
b10000011101100 D
b10000011101100 d
#1759
b1111011001110 D
b1111011001110 d
#1760
b1110101010011 D
b1110101010011 d
#1761
b1110101010101 D
b1110101010101 d
#1762
b1111100010110 D
b1111100010110 d
#1763
b10000101011010 D
b10000101011010 d
#1764
b10001011010100 D
b10001011011100 d
#1765
b10001010110100 D
b10001010110100 d
#1766
b10001011110101 D
b10001011110101 d
#1767
b11111011001011 D
b11111011001001 d
#1768
b1111011101111 D
b1111011101111 d
#1769
b1110111111111 D
b1110111111111 d
#1770
b1111110111101 D
b1111110111101 d
#1771
b1111110110100 D
b1111110110100 d
#1772
b10001111111111 D
b10000111111111 d
#1773
b10001011111111 D
b10001011111111 d
#1774
b10001001100000 D
b10001001100000 d
#1775
b10000000100010 D
b10000000100010 d
#1776
b1110110110001 D
b1110110110001 d
#1777
b1110011110011 D
b1110011110011 d
#1778
b1110111111100 D
b1110111111100 d
#1779
b10000000110000 D
b10000000110000 d
#1780
b10001000110101 D
b10001000110101 d
#1781
b10001011111111 D
b10001011111111 d
#1782
b10000111100111 D
b10000111100111 d
#1783
b1111101101010 D
b1111101101010 d
#1784
b1110110000000 D
b1110110000000 d
#1785
b1110100010101 D
b1110100010101 d
#1786
b1111001001010 D
b1111001001010 d
#1787
b10000010011000 D
b10000010011000 d
#1788
b10001010110001 D
b10001010110001 d
#1789
b10001011111101 D
b10001011111101 d
#1790
b10000101010100 D
b10000101010100 d
#1791
b1111011011001 D
b1111011011001 d
#1792
b1110100110001 D
b1110100110001 d
#1793
b1110101000111 D
b1110101000111 d
#1794
b1111011111101 D
b1111011111101 d
#1795
b10000100110111 D
b10000100110111 d
#1796
b10001011001011 D
b10001011001011 d
#1797
b10001010101111 D
b10001010101111 d
#1798
b10000011111001 D
b10000011111001 d
#1799
b1111010100100 D
b1111010101100 d
#1800
b1110011111011 D
b1111011111011 d
#1801
b1110101001011 D
b1110111011011 d
#1802
b1111110000011 D
b1111111000011 d
#1803
b11111110111101 D
b11111110111101 d
#1804
b10001110111101 D
b10001110111101 d
#1805
b10001101111001 D
b10001101111001 d
#1806
b10001001111111 D
b10001001111111 d
#1807
b10100001100111 D
b10000000100111 d
#1808
b1110111111011 D
b1110111111011 d
#1809
b1110111100110 D
b1110100100110 d
#1810
b1110111101101 D
b1110111101101 d
#1811
b1111111011000 D
b1111111011000 d
#1812
b10000111110100 D
b10000111110100 d
#1813
b10001100001001 D
b10001100001001 d
#1814
b10001001000111 D
b10001001000111 d
#1815
b1111111010011 D
b1111111010011 d
#1816
b1110110100000 D
b1110110100000 d
#1817
b1110011100111 D
b1110011100111 d
#1818
b1111000011101 D
b1111000011101 d
#1819
b10000010010010 D
b10000010010010 d
#1820
b10001010010000 D
b10001010010000 d
#1821
b10001100001111 D
b10001100001111 d
#1822
b10000110010101 D
b10000110010101 d
#1823
b1111100011111 D
b1111100011111 d
#1824
b1110101100101 D
b1110101100101 d
#1825
b1110100100101 D
b1110100100101 d
#1826
b1111010101110 D
b1111010101110 d
#1827
b10000011111000 D
b10000011111000 d
#1828
b10001011010010 D
b10001011010010 d
#1829
b10001100000000 D
b10001100000000 d
#1830
b10000100111001 D
b10000100111001 d
#1831
b1111010111000 D
b1111010111000 d
#1832
b1110100111101 D
b1110100111101 d
#1833
b1110101001101 D
b1110101001101 d
#1834
b1111100111101 D
b1111100111101 d
#1835
b10000110010000 D
b10000110111000 d
#1836
b10001011110000 D
b10001011110000 d
#1837
b10001010111110 D
b10001011111110 d
#1838
b10001010111111 D
b10001010111111 d
#1839
b11111011101011 D
b11111011101011 d
#1840
b1111011111011 D
b1111011111011 d
#1841
b1110111111010 D
b1110111111010 d
#1842
b1111111101010 D
b1111111101010 d
#1843
b1111111001010 D
b1111111001010 d
#1844
b10001111111100 D
b10000111111100 d
#1845
b10001011111100 D
b10001011111100 d
#1846
b10001001000001 D
b10001001000001 d
#1847
b10000000000111 D
b10000000000111 d
#1848
b1110111101000 D
b1110111101000 d
#1849
b1110100010100 D
b1110100010100 d
#1850
b1110111011001 D
b1110111011001 d
#1851
b10000000100101 D
b10000000100101 d
#1852
b10001001100010 D
b10001001100010 d
#1853
b10001100100101 D
b10001100100101 d
#1854
b10000111100100 D
b10000111100100 d
#1855
b1111101011111 D
b1111101011111 d
#1856
b1110101011101 D
b1110101011101 d
#1857
b1110011101001 D
b1110011101001 d
#1858
b1111010010010 D
b1111010010010 d
#1859
b10000011011111 D
b10000011011111 d
#1860
b10001010011101 D
b10001010011101 d
#1861
b10001011011010 D
b10001011011010 d
#1862
b10000101011101 D
b10000101011101 d
#1863
b1111100011100 D
b1111100011100 d
#1864
b1110100111100 D
b1110100111100 d
#1865
b1110100100001 D
b1110100100001 d
#1866
b1111011101110 D
b1111011101110 d
#1867
b10000101011101 D
b10000101011101 d
#1868
b10001011110111 D
b10001011110111 d
#1869
b10001010110010 D
b10001010110010 d
#1870
b10000011010011 D
b10000011010011 d
#1871
b1111001111011 D
b1111001111011 d
#1872
b1110100101110 D
b1111101111111 d
#1873
b1110101011110 D
b1110101011110 d
#1874
b1111101111011 D
b1111101111011 d
#1875
b11111111111011 D
b11111111111011 d
#1876
b10001111110011 D
b10001111110011 d
#1877
b10001011110011 D
b10001011110011 d
#1878
b10001001011011 D
b10001001011011 d
#1879
b10100001011010 D
b10000001011010 d
#1880
b1111011010111 D
b1111000000111 d
#1881
b1110111010011 D
b1110011010011 d
#1882
b1110111000110 D
b1110111000110 d
#1883
b10000000100101 D
b10000000100101 d
#1884
b10001000000000 D
b10001000000000 d
#1885
b10001011101100 D
b10001011101100 d
#1886
b10001000010010 D
b10001000010010 d
#1887
b1111111000100 D
b1111111000100 d
#1888
b1110110100111 D
b1110110100111 d
#1889
b1110100000000 D
b1110100000000 d
#1890
b1111000100111 D
b1111000100111 d
#1891
b10000010110010 D
b10000010110010 d
#1892
b10001010000001 D
b10001010000001 d
#1893
b10001011010101 D
b10001011010101 d
#1894
b10000110101110 D
b10000110101110 d
#1895
b1111101000110 D
b1111101000110 d
#1896
b1110101100001 D
b1110101100001 d
#1897
b1110100100010 D
b1110100100010 d
#1898
b1111010001111 D
b1111010001111 d
#1899
b10000100010111 D
b10000100010111 d
#1900
b10001011001111 D
b10001011001111 d
#1901
b10001011010000 D
b10001011010000 d
#1902
b10000011111001 D
b10000011111001 d
#1903
b1111010100000 D
b1111010100000 d
#1904
b1110100110001 D
b1110100110001 d
#1905
b1110101100010 D
b1110101100010 d
#1906
b1111100011001 D
b1111100111001 d
#1907
b10000101110010 D
b10111101111011 d
#1908
b10001011111011 D
b10001111111011 d
#1909
b10001010111111 D
b10001011111111 d
#1910
b10001011111111 D
#1911
b11111001111111 D
b11111001111111 d
#1912
b1111011111111 D
b1111011111111 d
#1913
b1110111011111 D
b1110111011111 d
#1914
b1111110110011 D
b1111110110011 d
#1915
b1111110110010 D
b1111110110010 d
#1916
b10001100001100 D
b10001000001100 d
#1917
b10001100001001 D
b10001100001001 d
#1918
b10001000110011 D
b10001000110011 d
#1919
b1111111111011 D
b1111111111011 d
#1920
b1110111010101 D
b1110111010101 d
#1921
b1110100001101 D
b1110100001101 d
#1922
b1111000001010 D
b1111000001010 d
#1923
b10000000011001 D
b10000000011001 d
#1924
b10001001100011 D
b10001001100011 d
#1925
b10001100111100 D
b10001100111100 d
#1926
b10000111011100 D
b10000111011100 d
#1927
b1111101001001 D
b1111101001001 d
#1928
b1110101111010 D
b1110101111010 d
#1929
b1110100010100 D
b1110100010100 d
#1930
b1111001101110 D
b1111001101110 d
#1931
b10000011000101 D
b10000011000101 d
#1932
b10001010110100 D
b10001010110100 d
#1933
b10001100000010 D
b10001100000010 d
#1934
b10000101010011 D
b10000101010011 d
#1935
b1111100011011 D
b1111100011011 d
#1936
b1110101001101 D
b1110101001101 d
#1937
b1110100011100 D
b1110100011100 d
#1938
b1111011101010 D
b1111011101010 d
#1939
b10000101010000 D
b10000101010000 d
#1940
b10001011011010 D
b10001011011010 d
#1941
b10001011000100 D
b10001011000100 d
#1942
b10000011010101 D
b10000011010101 d
#1943
b1111010000101 D
b1111010000101 d
#1944
b1110011111001 D
b1111011111101 d
#1945
b1110111111101 D
b1110111111101 d
#1946
b1111101111111 D
b1111101111111 d
#1947
b11111111110111 D
b11111101110111 d
#1948
b10001111111111 D
b10001111111111 d
#1949
b10001011111111 D
b10001011111111 d
#1950
b10001010111111 D
b10001010111111 d
#1951
b10000001111111 D
b10000000111111 d
#1952
b1110111110110 D
b1110111110110 d
#1953
b1110011111000 D
b1110011111000 d
#1954
b1110111011101 D
b1110111011101 d
#1955
b10000000000110 D
b10000000000110 d
#1956
b10001000011101 D
b10001000011101 d
#1957
b10001100110001 D
b10001100110001 d
#1958
b10001000110110 D
b10001000110110 d
#1959
b1111110110001 D
b1111110110001 d
#1960
b1110110100100 D
b1110110100100 d
#1961
b1110100001011 D
b1110100001011 d
#1962
b1111000100100 D
b1111000100100 d
#1963
b10000010010000 D
b10000010010000 d
#1964
b10001010100110 D
b10001010100110 d
#1965
b10001100100010 D
b10001100100010 d
#1966
b10000101100100 D
b10000101100100 d
#1967
b1111100010111 D
b1111100010111 d
#1968
b1110101111000 D
b1110101111000 d
#1969
b1110100111000 D
b1110100111000 d
#1970
b1111010110011 D
b1111010110011 d
#1971
b10000011110111 D
b10000011110111 d
#1972
b10001010110000 D
b10001010110000 d
#1973
b10001011010101 D
b10001011010101 d
#1974
b10000100110010 D
b10000100110010 d
#1975
b1111010111000 D
b1111010111000 d
#1976
b1110011110111 D
b1110011110111 d
#1977
b1110100100100 D
b1110100100100 d
#1978
b1111101001010 D
b1111101101010 d
#1979
b10000110101101 D
b10111110101111 d
#1980
b10001100101001 D
b10001110101101 d
#1981
b10001101101011 D
b10001101101011 d
#1982
b10001001111011 D
b10001001111011 d
#1983
b11111001111011 D
b11111001111011 d
#1984
b1111100110111 D
b1111100110111 d
#1985
b1110110100111 D
b1110110100111 d
#1986
b1111110101011 D
b1111110101011 d
#1987
b1111110101000 D
b1111110101000 d
#1988
b10001111011001 D
b10000111011001 d
#1989
b10001101011001 D
b10001101011001 d
#1990
b10001001000110 D
b10001001000110 d
#1991
b1111111111010 D
b1111111111010 d
#1992
b1110111001010 D
b1110111001010 d
#1993
b1110011001010 D
b1110011001010 d
#1994
b1110111101111 D
b1110111101111 d
#1995
b10000001100100 D
b10000001100100 d
#1996
b10001001111100 D
b10001001111100 d
#1997
b10001100011010 D
b10001100011010 d
#1998
b10000111000001 D
b10000111000001 d
#1999
b1111101101110 D
b1111101101110 d
#2000
b1110101101010 D
b1110101101010 d
#2001
b1110011110111 D
b1110011110111 d
#2002
b1111010001111 D
b1111010001111 d
#2003
b10000011010001 D
b10000011010001 d
#2004
b10001010011101 D
b10001010011101 d
#2005
b10001011101111 D
b10001011101111 d
#2006
b10000100111101 D
b10000100111101 d
#2007
b1111100000011 D
b1111100000011 d
#2008
b1110100101111 D
b1110100101111 d
#2009
b1110100101110 D
b1110100101110 d
#2010
b1111011111011 D
b1111011111011 d
#2011
b10000101011000 D
b10000101011000 d
#2012
b10001011111010 D
b10001011111010 d
#2013
b10001011000101 D
b10001011000101 d
#2014
b10000010101111 D
b10000010101111 d
#2015
b1111001101011 D
b1111011101111 d
#2016
b1110100101001 D
b1111101101001 d
#2017
b1110110001000 D
b1110110001000 d
#2018
b1111110011010 D
b1111110011010 d
#2019
b11111111011010 D
b11111111011010 d
#2020
b10001111101001 D
b10001111101001 d
#2021
b10001011101101 D
b10001011101101 d
#2022
b10001011001111 D
b10001011001111 d
#2023
b10100101001111 D
b10000001001011 d
#2024
b1110111101111 D
b1110111101111 d
#2025
b1110100000010 D
b1110100000010 d
#2026
b1110111100100 D
b1110111100100 d
#2027
b10000000010100 D
b10000000010100 d
#2028
b10001000111000 D
b10001000111000 d
#2029
b10001100001010 D
b10001100001010 d
#2030
b10001000101110 D
b10001000101110 d
#2031
b1111110111011 D
b1111110111011 d
#2032
b1110101010010 D
b1110101010010 d
#2033
b1110011011100 D
b1110011011100 d
#2034
b1111001010101 D
b1111001010101 d
#2035
b10000010100110 D
b10000010100110 d
#2036
b10001001100101 D
b10001001100101 d
#2037
b10001011110100 D
b10001011110100 d
#2038
b10000110000101 D
b10000110000101 d
#2039
b1111100010111 D
b1111100010111 d
#2040
b1110101001010 D
b1110101001010 d
#2041
b1110100010110 D
b1110100010110 d
#2042
b1111010101011 D
b1111010101011 d
#2043
b10000011110100 D
b10000011110100 d
#2044
b10001011010110 D
b10001011010110 d
#2045
b10001011111100 D
b10001011111100 d
#2046
b10000011111001 D
b10000011111001 d
#2047
b1111001110111 D
b1111001110111 d
#2048
b1110100000100 D
b1110100000100 d
b11001000000110110111110111101101 #"
1d"
1e"
#2049
b1110101100111 D
b1110101100111 d
b11010000101111100011011010011110110011011011111000000111001110 #"
#2050
b1111101100111 D
b1111101100111 d
b1011101000010010010000101000000111100101101000111001001100010110 #"
#2051
b10010110100010 D
b10111111100111 d
b1111110110111011001000010011101010000111011000101111100101010 #"
#2052
b10001011110001 D
b10001111110001 d
b1111110001111100010111001011110100111001000111001001000011010100 #"
#2053
b10001011110001 d
b1111111111000011000111010101110011111111110110111000010010011001 #"
#2054
b10001001110000 D
b10001001110000 d
b10010011001111101001111100000000001011001011000111110001 #"
#2055
b10111001110111 D
b10111001110111 d
b1111111100110101101001111010001011111111111100001111000000001001 #"
#2056
b1111011110111 D
b1111011110111 d
b11011011101011101100000011111111101011010101011001110110 #"
#2057
b1110111111011 D
b1110111111011 d
b1111111101101010010100101111000100000000101100001010101110010110 #"
#2058
b1111111001111 D
b1111111001111 d
b1111111111101110000001011001010111111111000111011101110111001001 #"
#2059
b1111111000101 D
b1111111000101 d
b10100110011001110101010100000000101101011000011110011110 #"
#2060
b10001000000110 D
b10001000000110 d
b1111111100100110101110011011111011111111101101000110100001001101 #"
#2061
b10001100011100 D
b10001100011100 d
b11000000100011011011010011111111110010111000110101110000 #"
#2062
b10001000111101 D
b10001000111101 d
b1111111110011011111001011011000100000000100000010010010010011001 #"
#2063
b1111110111111 D
b1111110111111 d
b1111111111111100010011100100101011111111100011111100111001010000 #"
#2064
b1110110101011 D
b1110110101011 d
b101001100110000001100111111111111100110100000100010111 #"
#2065
b1110100000010 D
b1110100000010 d
b11111011010100001000000000100100011010010011110011 #"
#2066
b1111000101010 D
b1111000101010 d
b1111111110011001000000010000000111111111001110111100011110110111 #"
#2067
b10000000101001 D
b10000000101001 d
b11001000100000000111000000000000011101101011000100001101 #"
#2068
b10001000110010 D
b10001000110010 d
b1111111100111010111100001010110100000000000011001011101101011010 #"
#2069
b10001011011101 D
b10001011011101 d
b1010110000101111101001111111111011010111000011101011011 #"
#2070
b10000110111110 D
b10000110111110 d
b1001000010001010001011000000000101110111000101101110101 #"
#2071
b1111101100101 D
b1111101100101 d
b1111111100101011010000100110010111111111101001111011101011101001 #"
#2072
b1110101101111 D
b1110101101111 d
b11101011111111111001101111111111101110000010110110100100 #"
#2073
b1110011111011 D
b1110011111011 d
b1111111110101110100101001100000000000000100111011110000000100001 #"
#2074
b1111001010110 D
b1111001010110 d
b1111111101111000001111010000100011111111011101111001001001011001 #"
#2075
b10000011100001 D
b10000011100001 d
b100010010011110100111010111111111111111110011000010111101 #"
#2076
b10001010111011 D
b10001010111011 d
b1111111011111001011001000111110000000000101111111110011111111111 #"
#2077
b10001011110111 D
b10001011110111 d
b1100101101111111000000111111110110100101000101101110111 #"
#2078
b10000100111001 D
b10000100111001 d
b10011110000001101000110100000000101111010010111011010011 #"
#2079
b1111011011001 D
b1111011011001 d
b1111111010100011110101011100101100000000010011100101001111110111 #"
#2080
b1110100111010 D
b1110100111010 d
b101000111101100101100101011111110101100110000110000001000 #"
#2081
b1110100110001 D
b1110100110001 d
b1111111101101111001101110100010000000001110111100010110000000100 #"
#2082
b1111011110011 D
b1111011110011 d
b1111111111000011001111001000011111111110010110011101100010100010 #"
#2083
b10000110001101 D
b10000110001101 d
b11010001100010111111001000000000100010011100000100001100 #"
#2084
b10001011110111 D
b10001011110111 d
b1111111100110111100100100010000000000000101010000110100010100000 #"
#2085
b10001010011001 D
b10001010011001 d
b11100111100100111001011111110101101101010101100011001 #"
#2086
b10000010101010 D
b10000010101010 d
b10101110000001101010001100000001000101110100001001100110 #"
#2087
b1111011111111 D
b11111011111111 d
b1111111011111001010110011100101111111111110001111000111000111001 #"
#2088
b1111100011111 D
b1111101011111 d
b10110011011101110000011011111111010000100101110000011100 #"
#2089
b1110110011110 D
b1110110011110 d
b101100111101101100101100000001000110111010011010101001 #"
#2090
b1111110010111 D
b1111110010111 d
b1111111011101101000101011000101111111111010010111000011101101000 #"
#2091
b11111111110001 D
b1111111010001 d
b101110110110101110110011011111111110001111001010110100100 #"
#2092
b10001111100011 D
b10001111100011 d
b1111111011110010100010100011101100000001001001000010011010011101 #"
#2093
b10001101001110 D
b10001101000110 d
b110001011100100101011111110100000001000001010110111 #"
#2094
b10001001111101 D
b10001001101101 d
b100000001001111001001001000000000111111001101001110011100 #"
#2095
b10000001011001 D
b10000001011001 d
b1111111010100011101110100000100111111111111111110100011001100100 #"
#2096
b1111000000111 D
b1111000000111 d
b11101001010110101001101011111111000111111011100111001100 #"
#2097
b1110011011001 D
b1110011011001 d
b100011001110011110010000000001001100000100001111111011 #"
#2098
b1110110100101 D
b1110110100101 d
b1111111011111010001110110101010111111111001101110101011010111011 #"
#2099
b10000000100101 D
b10000000100101 d
b100110000000110000000111011111111110111000110101001001100 #"
#2100
b10001001110110 D
b10001001110110 d
b1111111101011111010111011111100000000000111011011100100010111101 #"
#2101
b10001100011011 D
b10001100011011 d
b1111111110100111111010010011100011111110110111000111101101000101 #"
#2102
b10000111011010 D
b10000111011010 d
b100110111001100111110101100000000100110111101011101110110 #"
#2103
b1111110010001 D
b1111110010001 d
b1111111010101110101111001000000000000000010011101000000001001001 #"
#2104
b1110110100110 D
b1110110100110 d
b10110001100010001101001011111111000011100111000001011101 #"
#2105
b1110100010110 D
b1110100010110 d
b111001011001111111100000000000110101010000101010000011 #"
#2106
b1111000110010 D
b1111000110010 d
b1111111100011001000010000000000111111111110010101010101111110101 #"
#2107
b10000010000100 D
b10000010000100 d
b11111111000111110001000011111111010111111110010110001101 #"
#2108
b10001011000000 D
b10001011000000 d
b1111111110010000010000011001100100000001001101101100110001000100 #"
#2109
b10001011111100 D
b10001011111100 d
b1111111110011011000111100001000111111110111100011101001110110100 #"
#2110
b10000110001100 D
b10000110001100 d
b11110111111101001011100100000000010011101101101111100111 #"
#2111
b1111101000110 D
b1111101000110 d
b1111111100011010101110010101110000000000011011110110010010011001 #"
#2112
b1110100101101 D
b1110100101101 d
b1011011011110100100111011111111000110010001010110100110 #"
#2113
b1110100001011 D
b1110100001011 d
b1000100110100000101111100000000111000110100110000111000 #"
#2114
b1111011101000 D
b1111011101000 d
b1111111101100000111011010000101011111111100111110110010100010010 #"
#2115
b10000101000001 D
b10000101000001 d
b1110100100010110110001111111111101101111110101111010000 #"
#2116
b10001011100100 D
b10001011100100 d
b100111011011010101111000000000101011110101000100101001 #"
#2117
b10001011001111 D
b10001011001111 d
b1111111101011001100101010011001011111111010110111111000000110111 #"
#2118
b10000100001000 D
b10000100001000 d
b11000010010111111001110100000000010010000010101010011111 #"
#2119
b1111011000001 D
b1111011000001 d
b1111111101111110011010001001110000000000000101101101100000010010 #"
#2120
b1110100011011 D
b1110100011011 d
b1011011100101001001011111111101100011111100100000010 #"
#2121
b1110101110001 D
b1110101110001 d
b1011111000110100010010000000000001010000101011101101111 #"
#2122
b1111101101000 D
b1111101101000 d
b1111111110001011111001000011100100000000001110000101000101111000 #"
#2123
b10010101111000 D
b11111101111000 d
b1001101010101001101111111111111100010110000100110101110 #"
#2124
b10001100111110 D
b10001101111110 d
b1111111111110010000000000111001100000000011100011011011011010001 #"
#2125
b10001110011110 D
b10001110011110 d
b1111111111110010111000101011100111111111110000100010100001001000 #"
#2126
b10001011110110 D
b10001011110110 d
b1111001001110001101111111111111100010111101011101011 #"
#2127
b10110001110100 D
b10100001110100 d
b1111111111110101011110011111111100000000001101101011100011100001 #"
#2128
b1111011011111 D
b1111001011111 d
b1110100111100000001011111111110001101000011001000101 #"
#2129
b1110111100110 D
b1110111100110 d
b1111111111011110010101111011000000000000001101101000101101111011 #"
#2130
b1111111110011 D
b1111111100010 d
b1001011001111011000111111111111101110001110101010000101 #"
#2131
b1111111010011 D
b1111111010011 d
b1111111110110110001100001011011100000000011011001011011001000000 #"
#2132
b10001000011001 D
b10001000011001 d
b100011001100001111001111111111011111000100000001011111 #"
#2133
b10001100010001 D
b10001100010001 d
b100010111111011000000000000000011001110100100100111010 #"
#2134
b10001000010010 D
b10001000010010 d
b1111111110110111010010010101010111111111111001000100011011001010 #"
#2135
b1111111110001 D
b1111111110001 d
b11011010101110000100011111111110010001011000100010101 #"
#2136
b1110110111011 D
b1110110111011 d
b1100001100000011010001100000000010110111011000010000011 #"
#2137
b1110011011110 D
b1110011011110 d
b1111111100011100110101000101110011111111111011000100011000101001 #"
#2138
b1111000011110 D
b1111000011110 d
b100001011001000111000110011111111100001100000011010011000 #"
#2139
b10000010001110 D
b10000010001110 d
b1111111101101011000111011101111000000001000001000101111100010010 #"
#2140
b10001001100110 D
b10001001100110 d
b1111111110111010001100111011110011111110110010001111001011111100 #"
#2141
b10001100001111 D
b10001100001111 d
b100100101001101110000010000000000101110000101010101110010 #"
#2142
b10000110111110 D
b10000110111110 d
b1111111010011111010101000001000000000000001100010100110010001010 #"
#2143
b1111100111110 D
b1111100111110 d
b11001010111010100001100011111111000001110101111101100000 #"
#2144
b1110101110110 D
b1110101110110 d
b1100001101101100000100100000001000111001010001111010000 #"
#2145
b1110100000100 D
b1110100000100 d
b1111111010010010001110111011110011111111101000100111001101011110 #"
#2146
b1111010010010 D
b1111010010010 d
b110100001110011001011010011111111001001110111111110010110 #"
#2147
b10000011111110 D
b10000011111110 d
b1111111101000111001100000101111000000001111000010100100010011001 #"
#2148
b10001011000011 D
b10001011000011 d
b1111111100111001011111100101010011111101111111000000101001000101 #"
#2149
b10001011100111 D
b10001011100111 d
b1000010001010110001011001100000000111100111011001000011100 #"
#2150
b10000100110101 D
b10000100110101 d
b1111110111001011101110011111010100000000101100111010010000001010 #"
#2151
b1111011010111 D
b1111011010111 d
b11111111100001010001000111111110000011001111110101101011 #"
#2152
b1110100110001 D
b1110100110001 d
b11101010001001100100010000000010000001111000001100101010 #"
#2153
b1110101000101 D
b1110101000101 d
b1111110110110011101110101010000011111111010101100111011110111000 #"
#2154
b1111100001111 D
b1111100001111 d
b1001000001011100000111011011111110100100110010001111111010 #"
#2155
b10000110000010 D
b10000110000010 d
b1111111101101101101001000011111100000010111101101111111010110101 #"
#2156
b10001011110101 D
b10001011110101 d
b1111111000111011101010001000001111111101010001111000110111001100 #"
#2157
b10001010101100 D
b10001010101100 d
b1101100010011111011010111100000000101001101100101111110101 #"
#2158
b10000010110000 D
b10001010111000 d
b1111110100000010110000011100111100000010000111010100101100100111 #"
#2159
b1111010111000 D
b11111010111000 d
b10110100011110000000110111111100001000001100101011011001 #"
#2160
b1111100111100 D
b1111100111100 d
b1001000011010000001000110000000011010110101000101100110110 #"
#2161
b1110110010111 D
b1110110010111 d
b1111101111011110101001010000110011111111011101110111011010111000 #"
#2162
b1111110011111 D
b1111110011111 d
b1110001011111101110100100011111101000101011011111011000111 #"
#2163
b1111111011100 D
b1111110011100 d
b1111111110010010100011010101001000000100111100011110010001111001 #"
#2164
b10001111010010 D
b10001111010010 d
b1111110010101010111011111110000111111100000000100110001100001000 #"
#2165
b10001101110110 D
b10001101010110 d
b10110000110001111111110111100000000010100011001101010011000 #"
#2166
b10001001110110 D
b10001001100110 d
b1111101110011101100000101111000100000100000100000010001100011011 #"
#2167
b10000000010010 D
b10000000010010 d
b101000111011110011010111111001101001101101011000001100 #"
#2168
b1110111011110 D
b1110111011110 d
b10011100000011111101010111000000100110001001111010000111110 #"
#2169
b1110011101011 D
b1110011101011 d
b1111100010111011101100000010100000000000100001110110110100001110 #"
#2170
b1110111100011 D
b1110111100011 d
b10011111000010100010000100011111001101000101000010100110110 #"
#2171
b10000000110101 D
b10000000110101 d
b111000101100100111110100000001000111000100110001110101101 #"
#2172
b10001000101110 D
b10001000101110 d
b1111011011101011001001110010100011111010111000110000000011000110 #"
#2173
b10001100011010 D
b10001100011010 d
b101110110011100011010101100111111011110111010110100010011100 #"
#2174
b10001000001011 D
b10001000001011 d
b1011111010101110010011000000011011100111000100110100110110100010 #"
#2175
b1111110100101 D
b1111110100101 d
b1111011001011110010001001000101011110000110101100001001110110100 #"
#2176
b1110101011001 D
b1110101011001 d
b1011010011111001010101101111011110111100001110011101011100001 #"
#2177
b1110100001101 D
b1110100001101 d
b1110111101101010001111010010100101001010001100110011111000011111 #"
#2178
b1111001101110 D
b1111001101110 d
b101101101110100101001010110001110011110010010110111100000110 #"
#2179
b10000010001111 D
b10000010001111 d
b1110010101111010100000100000001010011110011111111010011110101110 #"
#2180
b10001010011010 D
b10001010011010 d
b1111100111100100110000100011001100000101000110011110100010010 #"
#2181
b10001100101101 D
b10001100101101 d
b1101111110111111010111101010100010000010010110010010111100001010 #"
#2182
b10000101110010 D
b10000101110010 d
b10011100001011000101001010011010111111001101010001001001110100 #"
#2183
b1111011110001 D
b1111011110001 d
b1110100010010000110111010010010100011011010100111101010111001001 #"
#2184
b1110100111011 D
b1110100111011 d
b1111111010101010100011010000010011101110100101100011000100010101 #"
#2185
b1110100101110 D
b1110100101110 d
b101110001101011101011011100100000101100101010101000110101011 #"
#2186
b1111011101011 D
b1111011101011 d
b1111011010101011100010100000111000000100110010011111011111100001 #"
#2187
b10000100010111 D
b10000100010111 d
b111101010100001011000001011110111001100101110000000100001 #"
#2188
b10001011110010 D
b10001011110010 d
b10001111001000111001110010000000110010011010101010010100100 #"
#2189
b10001011010110 D
b10001011010110 d
b1111100100111110011001000010101011111110111110100001100011001110 #"
#2190
b10000010111010 D
b10000010111010 d
b10011000111101000001000100011111100100000000001100011010100 #"
#2191
b1111001111101 D
b1111001111101 d
b1111111100011110100100111111111100000100110110001100011010010111 #"
#2192
b1110100101110 D
b1110100101110 d
b1111110110011010000111010111111011111100110001100100101011110111 #"
#2193
b1110101011111 D
b1110101111111 d
b1101101011100010110011110100000000000101100111001011010110 #"
#2194
b1111101010011 D
b1111101011011 d
b1111110111010101011001011111110100000010011000010101001001001110 #"
#2195
b10111110110111 D
b11111111110111 d
b1111111111000111101111110110101111111100111001010011100100000110 #"
#2196
b10001111101111 D
b10001111101111 d
b1000010111000111100011100100000001110010101110010100111100 #"
#2197
b10001011111111 D
b10001011111111 d
b1111110101110110000101010010010000000000010000001001011100101010 #"
#2198
b10001010110011 D
b10001010110011 d
b110100011010011010111001011111110010000101100101110001100 #"
#2199
b10111000111101 D
b10110000110101 d
b1111111111001000111110010011111000000010000000000001011111101101 #"
#2200
b1111100011110 D
b1111100011110 d
b1111111011111001000001001010010111111110110111011000111101000100 #"
#2201
b1110110111110 D
b1110110011110 d
b110010001100000101100010111111111100010001100001000111011 #"
#2202
b1111111110010 D
b1110110110010 d
b1111111010101101101111101110100100000001100011000001101101001001 #"
#2203
b1111111001001 D
b1111111001001 d
b10111110010000111101010011111110011001011100011001010101 #"
#2204
b10001000010110 D
b10001000010110 d
b1111111110100101011011110111110100000000111111000110010100000100 #"
#2205
b10001100010101 D
b10001100010101 d
b100110100011100111100011111111110001001010010101111111 #"
#2206
b10001000111110 D
b10001000111110 d
b1111111111111000011000010001100111111111100111000101110011001000 #"
#2207
b1111111010101 D
b1111111010101 d
b1010011100110111000100000000011101111101011101110010 #"
#2208
b1110110101101 D
b1110110101101 d
b1111111111111111111100101110000111111111110000010110100010001111 #"
#2209
b1110011001101 D
b1110011001101 d
b1111111111100001101001101010010000000000000100111010001110010110 #"
#2210
b1111000101001 D
b1111000101001 d
b100011110101111111011111111111111100010010111011010001 #"
#2211
b10000010000101 D
b10000010000101 d
b1111111111111000011000111011101111111111111110110101111000000001 #"
#2212
b10001001101011 D
b10001001101011 d
b1111111111100101001011000000100100000000001100110001110111111001 #"
#2213
b10001011001111 D
b10001011001111 d
b10001010111000011011111111111100111111100101101001001 #"
#2214
b10000111000000 D
b10000111000000 d
b111110000111001101001000000000011000100101001101000110 #"
#2215
b1111101011011 D
b1111101011011 d
b1111111101001111110111111101101011111111110101101000011101111011 #"
#2216
b1110101101010 D
b1110101101010 d
b100000101001110011010110111111111101000011101010111011110 #"
#2217
b1110100000101 D
b1110100000101 d
b1111111100110111010100011111000100000000111000111111000100111000 #"
#2218
b1111001110000 D
b1111001110000 d
b1111111111110101011101000110010011111110111010001111101101001100 #"
#2219
b10000011101001 D
b10000011101001 d
b11110010000100011101111100000000111000011001010000100110 #"
#2220
b10001011101001 D
b10001011101001 d
b1111111010001101001101100111110111111111100010001010010101111110 #"
#2221
b10001100000000 D
b10001100000000 d
b101011101101110100110001011111111111101101111011000110000 #"
#2222
b10000100101001 D
b10000100101001 d
b1111111101001110100100100101111100000000010000011100111000010101 #"
#2223
b1111010110101 D
b1111010110101 d
b1111111111010100001010101111001111111111111110111001000111100110 #"
#2224
b1110100000110 D
b1110100000110 d
b10010011111111110001011011111111011110011001001011000111 #"
#2225
b1110101000000 D
b1110101000000 d
b1111111111000110100000101000110100000001000000110111000011011100 #"
#2226
b1111100111101 D
b1111100111101 d
b1111111101101101011100011100111011111110110110001001110111111010 #"
#2227
b10000101111111 D
b10000101111111 d
b101011011011101011010000000000000101111001111110111000110 #"
#2228
b10001011010110 D
b10001011010110 d
b1111111001001000001111110110101000000000001100110010010011110100 #"
#2229
b10001001110110 D
b10001001110110 d
b101001010100000100111101011111110110000110101001000101101 #"
#2230
b10000010111010 D
b10001010111010 d
b1111111110011101011100010011111000000001101010000001010001110010 #"
#2231
b1111010011110 D
b11111010011110 d
b1111111110110100101010010010101011111110101111110001000111010010 #"
#2232
b1111011000110 D
b1111011000110 d
b10101001000111110000110100000000011101110100101010111111 #"
#2233
b1110111011110 D
b1110111011110 d
b1111111110101101011010111101101000000000011000101101010101011100 #"
#2234
b1111111111111 D
b1111111111111 d
b1111111101110000001101100010111011111111000111001001100111000011 #"
#2235
b1111111110111 D
b1111110110111 d
b101000000000010010101111100000000100010011101111000010011 #"
#2236
b10001111111010 D
b10001111111010 d
b1111111010010101000010111101100100000000011100101001111000100111 #"
#2237
b10001101011010 D
b10001101011010 d
b11110100010101000111000111111110100010000010001111010000 #"
#2238
b10001001000010 D
b10001001000010 d
b1111111111011001101011100001101000000010001011111011110001101101 #"
#2239
b1111111111100 D
b1111111111100 d
b1111111111001001010101010010100111111110000000011111110001000111 #"
#2240
b1110111101110 D
b1110111101110 d
b1111111111100010100010010100011000000000110110101101111010001100 #"
#2241
b1110100000101 D
b1110100000101 d
b100011101111010100101000100000000001011101001010000011000 #"
#2242
b1111000001101 D
b1111000001101 d
b1111110110000010101100110000000011111110111011101111100111111100 #"
#2243
b10000001000110 D
b10000001000110 d
b1011100111001001111000100100000001010110001100111010000110 #"
#2244
b10001001100001 D
b10001001100001 d
b1111110111100010001011011010001011111111010101111010001001010001 #"
#2245
b10001100001101 D
b10001100001101 d
b11101001000000010011111100000000000000111101101110100111 #"
#2246
b10000111001111 D
b10000111001111 d
b10001010001101000100101000000000000100000100111101110101 #"
#2247
b1111110011010 D
b1111110011010 d
b1111111010101111010001111100100000000000010101101101101111100001 #"
#2248
b1110110011010 D
b1110110011010 d
b11110111111110100100000011111111000100000010000001100000 #"
#2249
b1110100000000 D
b1110100000000 d
b1111111111100101001110111101101000000001001001000000010111101001 #"
#2250
b1111001011010 D
b1111001011010 d
b1111111100111100110111010010011011111111001100011000000000001101 #"
#2251
b10000010110101 D
b10000010110101 d
b100111000000001101001100000000000000001111000110000011101 #"
#2252
b10001010001101 D
b10001010001101 d
b1111111011101000111010011011101100000000110101100101011011101000 #"
#2253
b10001100010100 D
b10001100010100 d
b10000100100101101001000011111110101010111100101011101111 #"
#2254
b10000110000101 D
b10000110000101 d
b1011001011111101111000100000001000101011001101010110011 #"
#2255
b1111100110100 D
b1111100110100 d
b1111111011001101111101110101111011111111110001011100100000111111 #"
#2256
b1110101010101 D
b1110101010101 d
b110000110110011111100111111111111100001001001111101100110 #"
#2257
b1110100010001 D
b1110100010001 d
b1111111011000111011011001101100000000000010111111001111010010101 #"
#2258
b1111011000110 D
b1111011000110 d
b11010001111100010000101000000000000111001100110010010110 #"
#2259
b10000100110111 D
b10000100110111 d
b1111111101110100011001110100110111111111000011100100011110111100 #"
#2260
b10001100000110 D
b10001100000110 d
b1111101110001001110010000000001111110001011110011001110 #"
#2261
b10001010111010 D
b10001010111010 d
b1111111100011000000001110101011011111101110110011101110001101100 #"
#2262
b10000011000111 D
b10000011000111 d
b101111111001100010011111100000001010100011100101100101111 #"
#2263
b1111010001111 D
b1111010001111 d
b1111111001011000010001000000001011111111111101101101011110001001 #"
#2264
b1110100010010 D
b1110100010010 d
b110000111101001001001110011111111000101010111011000000001 #"
#2265
b1110110001011 D
b1110110001011 d
b1111111010001110011001110100001000000001001000000000100111100000 #"
#2266
b1111101111110 D
b1111111111111 d
b100111100111100100010010111111111000011100100000000011100 #"
#2267
b11111110111110 D
b11111111111110 d
b1111111011101011101110011110111000000000001111101101000101111101 #"
#2268
b10001111101010 D
b10001111101010 d
b100011010111000010000100100000000100101100111010010010011 #"
#2269
b10001011101111 D
b10001011101111 d
b1111111100001100100110010000110111111111010110110010001101010101 #"
#2270
b10100011011101010001010100000000001011110010100110111110 #"
#2271
b10110101101111 D
b10110101101111 d
b1111111111000011101111110001000000000000001100011010101101000010 #"
#2272
b1110111111101 D
b1110111111101 d
b1111111111000010100111001001010011111111100111000101000100001001 #"
#2273
b1110111111111 D
b1110111111110 d
b11000011011110010001011100000000010100000100011010011100 #"
#2274
b1110110110011 D
b1110110110011 d
b1111111011011001010110010010010111111111111001000001011000111101 #"
#2275
b10000000011011 D
b10000000011011 d
b100101110001001010111000011111111110010100100101100001100 #"
#2276
b10001000111111 D
b10001000111111 d
b1111111100010000000110111011110100000000011111111101110010000111 #"
#2277
b10001100000001 D
b10001100000001 d
b10011000000011100000101011111111010110100000110000011011 #"
#2278
b10001000110010 D
b10001000110010 d
b1111111110111111100100011111101100000000101101000111101001011111 #"
#2279
b1111111001001 D
b1111111001001 d
b101011000011101111101011111111010010001011000110010111 #"
#2280
b1110110110101 D
b1110110110101 d
b1111111110101000001100010100010100000000100101101110011101000001 #"
#2281
b1110100010011 D
b1110100010011 d
b10010101000111001101010111111111101001110101011010111111 #"
#2282
b1111000010010 D
b1111000010010 d
b1111111101010000001101011000110000000000010000011101101111101101 #"
#2283
b10000001110100 D
b10000001110100 d
b10010001000010100011010111111111110001011011100110010000 #"
#2284
b10001010000110 D
b10001010000110 d
b1111111111001000110000111100010100000000001011001100110011010010 #"
#2285
b10001011110111 D
b10001011110111 d
b1111111111010010101010001110011111111111110000110010100011100011 #"
#2286
b10000110101100 D
b10000110101100 d
b1011000111011100101001100000000010010010110010110010110 #"
#2287
b1111101000100 D
b1111101000100 d
b1111111111011100000010010111001111111111110011010101001000110001 #"
#2288
b1110100110101 D
b1110100110101 d
b1111111110101101001110000011000011111111110101011100010101101100 #"
#2289
b1110100001010 D
b1110100001010 d
b11001110000100011111011000000000011000111100011011111001 #"
#2290
b1111010110100 D
b1111010110100 d
b1111111011111000001110100100111011111111101000000001010011011111 #"
#2291
b10000100010101 D
b10000100010101 d
b11101110010001110011000000000000010010001110110110110001 #"
#2292
b10001010111000 D
b10001010111000 d
b1111111101111100010101010101111100000000000101100000001011011111 #"
#2293
b10001010111111 D
b10001010111111 d
b1111111111110100111111101011111111111111100011100101111010110010 #"
#2294
b10000100100000 D
b10000100100000 d
b1101010101111001111001100000000011011101001110100000111 #"
#2295
b1111010111110 D
b1111010111110 d
b1111111110010100101100101010101111111111101101010010001111110111 #"
#2296
b1110100011000 D
b1110100011000 d
b10010100001110100100000000000001110111101111010110001 #"
#2297
b1110101100111 D
b1110101100111 d
b1100111010000001100110111111111110000111101001011011111 #"
#2298
b1111100010010 D
b1111100010010 d
b1111111101000011010111001101110000000000001011011100010011100000 #"
#2299
b10000101101101 D
b10000101101101 d
b11000000001010110000110011111111110100101011100000110011 #"
#2300
b10001100000011 D
b10001100100011 d
b1111111110110110001001001001011000000000000100111011100000011011 #"
#2301
b10001010111101 D
b10001010111111 d
b1111111110111100010111100001011100000000000100011001001100110100 #"
#2302
b10000011101111 D
b10001011111111 d
b1101100110011011001111010010000010110100001101110001001110011001 #"
#2303
b1111010011110 D
b11111011011110 d
b1111111101111000110011000100101101100111011010110110000110110001 #"
#2304
b1111011111110 D
b1111011111110 d
b1011110100110000000100000000001011010011010101011110 #"
#2305
b1110111101011 D
b1110111101011 d
b1101101101100110111010000000000010001110110010000001111 #"
#2306
b1111110101111 D
b1111110101111 d
b1111111100110110010101011110000111111111000111011000001110010000 #"
#2307
b1111111111111 D
b1111111111110 d
b100011010111110100111011100000001001010000101100001001010 #"
#2308
b10001111111111 D
b10001111111111 d
b1111111011110111110110100110100111111110111001001010101000100010 #"
#2309
b10001100110111 D
b10001100110111 d
b11011011100101110000111000000000101011001110010100100111 #"
#2310
b10001000100111 D
b10001000100111 d
b1111111100111110111001111001101111111111110000000100010100011001 #"
#2311
b10000000000100 D
b10000000000100 d
b10000110001101010001001111111111111111011111111101100010 #"
#2312
b1110111011001 D
b1110111011001 d
b1111111110110011011101101100001000000000001001010001110001101100 #"
#2313
b1110011111111 D
b1110011111111 d
b111010010011010110010100000000000000111011010011100110 #"
#2314
b1111000000001 D
b1111000000001 d
b1111111111000000001011010010110011111111111101000000100000001010 #"
#2315
b10000001000101 D
b10000001000101 d
b111001101100111110000111111111111110101110001110010000 #"
#2316
b10001000101001 D
b10001000101001 d
b1111111111100001011011001100101011111111101010100010101011011111 #"
#2317
b10001100010000 D
b10001100010000 d
b1111111111111000101101011101110100000000110010001100101110011001 #"
#2318
b10000111100010 D
b10000111100010 d
b10000001011111001010001111111111010001010110010101001101 #"
#2319
b1111101111110 D
b1111101111110 d
b1111111011100001110000101011001000000000011000011001011011100000 #"
#2320
b1110101100101 D
b1110101100101 d
b101111110000010000101111011111111110100001110010111101010 #"
#2321
b1110100000010 D
b1110100000010 d
b1111111001100010100010001110101111111111111110010010001011100010 #"
#2322
b1111001011010 D
b1111001011010 d
b101011101111101111001101111111111111001110100101000010001 #"
#2323
b10000010110110 D
b10000010110110 d
b1111111101100011111111010011110100000000101011110010100111111100 #"
#2324
b10001010111010 D
b10001010111010 d
b1111111111101010000010010000111111111111000010010001111101010010 #"
#2325
b10001011101101 D
b10001011101101 d
b1010010110000000101010100000000101101001110001101101011 #"
#2326
b10000101010100 D
b10000101010100 d
b1111111110101001100100010101011011111111110011010111011000010111 #"
#2327
b1111011101100 D
b1111011101100 d
b1111111111110000000100111000000111111111100000000101101011111111 #"
#2328
b1110101010110 D
b1110101010110 d
b10011110010000010110010100000001000001010010111000110110 #"
#2329
b1110100110000 D
b1110100110000 d
b1111111101100101111000101001111011111111000011110010001000101011 #"
#2330
b1111011000100 D
b1111011000100 d
b1011010010100010100101100000000100101101001110011101110 #"
#2331
b10000101001001 D
b10000101001001 d
b1111111111110010011101111011000111111111110011000000001101100111 #"
#2332
b10001100010100 D
b10001100010100 d
b1111111110010011101111010110111011111111101011000100100000100101 #"
#2333
b10001010000000 D
b10001010000000 d
b10000011101011011011010000000000011111101100100010100010 #"
#2334
b10000011000001 D
b10000011000001 d
b1111111111011001111111101100000111111111101100001001000111011011 #"
#2335
b1111010010010 D
b1111010010010 d
b1111111111001011110000101101100100000000001111100010110111011101 #"
#2336
b1110100110010 D
b1110100110010 d
b10001101100110110100010111111111110100111011000101101001 #"
#2337
b1110101101010 D
b1110101101010 d
b1111111100110101111001000101100000000000001101011001000001001110 #"
#2338
b1111101001111 D
b1111101001111 d
b10110101100101011000111111111111101100100111001001101100 #"
#2339
b11111111011111 D
b11111111011111 d
b1111111111001001000000111010111000000000000100000001010001000100 #"
#2340
b10001111111001 D
b10001111111001 d
b1111111110111011110111000111010100000000011001110111100001110001 #"
#2341
b10001101111001 D
b10001101111001 d
b1100100000110000110111111111111001010010100100100001100 #"
#2342
b10001001111011 D
b10001001111011 d
b1111111110100111100111100000011000000001001100010001100101010011 #"
#2343
b10111000101011 D
b10111000101010 d
b1111111111100101110010111101010111111110110010111111100011000011 #"
#2344
b1111011000011 D
b1111011000011 d
b11010011100111001001010100000000101100110001001000011111 #"
#2345
b1110111101001 D
b1110111101001 d
b1111111011001000011010110010011100000000000001100011001100101011 #"
#2346
b1110111001011 D
b1110111001011 d
b101101100000101000110111111111111100011100111110111000110 #"
#2347
b10000000001011 D
b10000000001011 d
b1111111010101101100010001011010000000000100000011111010001110100 #"
#2348
b10001000111010 D
b10001000111010 d
b11000001011011001011100111111111101010001100001110001101 #"
#2349
b10001011100011 D
b10001011100011 d
b1111111110100111000101011010111111111111111010110000101101001110 #"
#2350
b10000111101101 D
b10000111101101 d
b111010100000100110001100000000010011101010010000011111 #"
#2351
b1111111010101 D
b1111111010101 d
b1111111111010011000001110110101011111111111101010011010001001111 #"
#2352
b1110110101000 D
b1110110101000 d
b1001111101101111000010111111111110011101010011010110011 #"
#2353
b1110011011011 D
b1110011011011 d
b1111111101110010000110010110101000000000010001110011100111000111 #"
#2354
b1110111111111 D
b1110111111111 d
b10100110111000100101010111111111100110000110001010111111 #"
#2355
b10000001101111 D
b10000001101111 d
b1111111110001011100010011001101100000000010100001010001011011111 #"
#2356
b10001010100001 D
b10001010100001 d
b1011000111001111110001111111111111111011110110011001000 #"
#2357
b10001100010111 D
b10001100010111 d
b1111111110011100111000010011100011111111110111110101011101101001 #"
#2358
b10000101110110 D
b10000101110110 d
b1011001100110111100101100000000001101000111100101100100 #"
#2359
b1111100010001 D
b1111100010001 d
b1111111110110010000010010101000011111111101010100101110000001101 #"
#2360
b1110101000100 D
b1110101000100 d
b1001011110010100011010000000000010011011110100001100101 #"
#2361
b1110100111110 D
b1110100111110 d
b1111111111001000110000001011000011111111111011011000100110011111 #"
#2362
b1111011001111 D
b1111011001111 d
b101101001011001110010111111111110010011011011010001011 #"
#2363
b10000011111001 D
b10000011111001 d
b1111111111011011110101000111011100000000001101111010000011001110 #"
#2364
b10001011000100 D
b10001011000100 d
b110000110010111110000000000001111011101100101001011 #"
#2365
b10001011100001 D
b10001011100001 d
b101001001000001110111111111010011001101110011011100 #"
#2366
b10000100010100 D
b10000100010100 d
b11101101111100000100000001000000000000101101000101 #"
#2367
b1111011000011 D
b1111011000011 d
b1111111111111011010110001111001011111110101111101101001100110001 #"
#2368
b1110100001000 D
b1110100001000 d
b100011110000100101110000000001000001111000101000010000 #"
#2369
b1110101001111 D
b1110101001111 d
b1111111110110010100110100010111011111111100100001101101000010011 #"
#2370
b1111100110100 D
b1111100110100 d
b1010101010000001110100100000000000110000001101101011101 #"
#2371
b10000110011110 D
b10000110011110 d
b1111111110110100000010001010111100000000000010011100000100011100 #"
#2372
b10001100000001 D
b10001100001001 d
b1000010101100010110101111111111111001111011101001100000 #"
#2373
b10001001110100 D
b10001001110101 d
b1111111111001100100110000000111011111111110101111000010000100011 #"
#2374
b10001010111111 D
b10001011111111 d
b111000101000011100101100000000100000101100101011110011 #"
#2375
b11111010111111 D
b11111010111111 d
b1111111110101010011001101010001011111111011001000000111110010000 #"
#2376
b1111100111111 D
b1111100111111 d
b1101100101100111000001000000000100001001110010011111110 #"
#2377
b1110110011011 D
b1110110011011 d
b1111111110001100011000001110000011111111101100000011001011000001 #"
#2378
b1111110111111 D
b1111110111111 d
b1101100110001001000110111111111111011011111111111110010 #"
#2379
b1111111111101 D
b1111110111101 d
b1111111110110000101110101110001000000000010110111100011100010011 #"
#2380
b10001111010100 D
b10001111010100 d
b1101101011101001101111111111100111111011011100111111 #"
#2381
b10001100110100 D
b10001100110000 d
b11011110011011010011100000000001101010000011011011100 #"
#2382
b10001000111101 D
b10001000111101 d
b1111111111001111011000100111011000000000000100001001110101000010 #"
#2383
b1111111111101 D
b1111111111101 d
b1000100111111000101100011111111101001010001100000101010 #"
#2384
b1110111010111 D
b1110111010111 d
b1111111111011111100101011101110000000000011110101100100000011001 #"
#2385
b1110011110100 D
b1110011110100 d
b1111111111001001101101101001111011111111100110011100001010011111 #"
#2386
b1110111110010 D
b1110111110010 d
b1110110100010101000000000000000010000010001100001110000 #"
#2387
b10000001010110 D
b10000001010110 d
b1111111101110010100000111011100011111111111000101111000110110111 #"
#2388
b10001010001000 D
b10001010001000 d
b1110011010010011101101100000000000010000110110010000101 #"
#2389
b10001100000111 D
b10001100000111 d
b1111111110111100101111001011011111111111111001000110111010100011 #"
#2390
b10000110101110 D
b10000110101110 d
b11100111111110101001000000000010010010011101110000101 #"
#2391
b1111101110101 D
b1111101110101 d
b1111111111000001111001000010101011111111011101010001001001011101 #"
#2392
b1110101101111 D
b1110101101111 d
b10011111010111000101100100000000111000110011011001010111 #"
#2393
b1110100000000 D
b1110100000000 d
b1111111100000101101001100101110011111110110110010010100110001011 #"
#2394
b1111010000001 D
b1111010000001 d
b100011110100000011101110100000001000101001100101100110111 #"
#2395
b10000011000011 D
b10000011000011 d
b1111111011110101110111110011001111111111010000100100001001110111 #"
#2396
b10001010101000 D
b10001010101000 d
b11000111010110001101001100000000001110110001101110101111 #"
#2397
b10001100000100 D
b10001100000100 d
b1111111110010011011100100001110100000000010100011110001110010001 #"
#2398
b10000101101110 D
b10000101101110 d
b1101001001011001010111111111100011110000010100110001 #"
#2399
b1111011011101 D
b1111011011101 d
b110010011010101100101100000000001101110101111100110111 #"
#2400
b1110101001101 D
b1110101001101 d
b1111111111000101011001011011011011111111110010111010101111100111 #"
#2401
b1110101011111 D
b1110101011111 d
b100001000111001011100100000000010100101000011010001111 #"
#2402
b1111011110000 D
b1111011110000 d
b1011111001111111011111111100100000000010000100010 #"
#2403
b10000101010000 D
b10000101010000 d
b1111111111101101111010110001101000000000101110011001010100111011 #"
#2404
b10001011010010 D
b10001011010010 d
b1111111111001110011111111111010011111111001101001010101110100101 #"
#2405
b10001011100110 D
b10001011100110 d
b10011010010110110100001100000000010110110000001000010100 #"
#2406
b10000011111110 D
b10000011111110 d
b1111111101001110100001110001001100000000001110101011110010111010 #"
#2407
b1111001000011 D
b1111001100011 d
b1111101001011010000110111111111010111100001101100111011 #"
#2408
b1110011111100 D
b1111011111100 d
b1111111111001110110100110001111100000000110101001110010010000001 #"
#2409
b1110110101001 D
b1110110101101 d
b1111111110110101101101110101010111111111001010000011000110100111 #"
#2410
b1111110001101 D
b1111110001101 d
b10100100010101110110110000000000100100011110101100000010 #"
#2411
b11111111011110 D
b11111111011110 d
b1111111101100001011010111111110111111111101110101111100000010001 #"
#2412
b10001111111010 D
b10001111111010 d
b10011111101001001000000100000000001001100001001011001110 #"
#2413
b10001011111001 D
b10001011111001 d
b1111111101001101010111000100010111111111111001010111101100010101 #"
#2414
b10001001011001 D
b10001001011001 d
b10101010111001111101011100000000000101101001000000000111 #"
#2415
b11110111011101 D
b10110111011101 d
b1111111101010011100011011010111011111111111000101110101111011010 #"
#2416
b1110111011111 D
b1110111011101 d
b10111000100110101010010100000000000110001111110001111001 #"
#2417
b1110111111111 D
b1110111111111 d
b1111111101010111011111101010100111111111111101110000101010011011 #"
#2418
b1110111110000 D
b1110111110000 d
b1111011000101100011111011111111111100101101010100100101 #"
#2419
b1111111100011 D
b1111111100011 d
b1111111111000111111011111001001100000000001011110110100110000000 #"
#2420
b10001001000101 D
b10001001000101 d
b1111111111101010111010100101010111111111101001101001011111001100 #"
#2421
b10001100100110 D
b10001100100110 d
b1001010001101100000010100000000100001111010111001010000 #"
#2422
b10000111110101 D
b10000111110101 d
b1111111110100100111110111001100111111111001111100111101111001011 #"
#2423
b1111110101111 D
b1111110101111 d
b1001001011010011110110100000000110110111111111101001110 #"
#2424
b1110110100101 D
b1110110100101 d
b1111010101110110010111111111000100110110101111001101 #"
#2425
b1110100001010 D
b1110100001010 d
b1111111101010111110111101001001100000000111011011000110010111101 #"
#2426
b1111001000011 D
b1111001000011 d
b11100101100110000111110111111111001010001101110101110001 #"
#2427
b10000010010000 D
b10000010010000 d
b1111111100101011011000011011110100000000101000110001100101001110 #"
#2428
b10001001111011 D
b10001001111011 d
b10111110101001101000110111111111101101001001001111000101 #"
#2429
b10001011100010 D
b10001011100010 d
b1111111110111100111000010001110011111111111011011111101011111101 #"
#2430
b10000110101101 D
b10000110101101 d
b1101100011010000000100100101100000111100011101111011101111001010 #"
#2431
b1111100110010 D
b1111100110010 d
b111101000011001000101111111111001000110111110101001111 #"
#2432
b1110101000101 D
b1110101000101 d
b1111111111100000001110111101100100000001001111110101111100011000 #"
#2433
b1110100100011 D
b1110100100011 d
b1111111111010010010011000101000111111110101010110000100101111111 #"
#2434
b1111011000111 D
b1111011000111 d
b1111111011011111101100100000001010000100110001100111101 #"
#2435
b10000100010011 D
b10000100010011 d
b1111111101110000010010010001111111111111000101100110100010000001 #"
#2436
b10001011010101 D
b10001011010101 d
b1101001101010010010100100000000001110100101100110111011 #"
#2437
b10001011110100 D
b10001011110100 d
b1111111111011011001000010011101100000000010101100111110101000011 #"
#2438
b10000100001000 D
b10000100001000 d
b1111111111110100011100101101100011111111010101110101010100111000 #"
#2439
b1111011000001 D
b1111011000001 d
b1100110111000001110100000000110111010001001101011011 #"
#2440
b1110011111101 D
b1110011111101 d
b100101010100000011000111111111001100000001010000100010 #"
#2441
b1110101010101 D
b1110101010101 d
b1111111101110101101101000110100000000000011101001110011001101010 #"
#2442
b1111100101101 D
b1111100101101 d
b11010111001001100001011011111111110011110111101101100001 #"
#2443
b10000101111100 D
b10000101111100 d
b1111111100110101111001101110111000000000001001110000001001000111 #"
#2444
b10001100100111 D
b10001100101111 d
b1111100010011110011100111111111111101101010110111101111 #"
#2445
b10001010101010 D
b10001110101111 d
b1111111111111011000111011001000111111111111011111011010011100001 #"
#2446
b10001011111010 D
b10001011111010 d
b1111111110001000010000101011110000000000000010100011011011010110 #"
#2447
b11111001011111 D
b11111001011111 d
b10110011000100010100010111111111110001100000100011111001 #"
#2448
b1111100011111 D
b1111100011111 d
b1111111101000101000000110010011000000000011110100101101010100011 #"
#2449
b1110110110000 D
b1110110110000 d
b10010010110001101001100011111111010111110111111101010111 #"
#2450
b1111111111011 D
b1111111111011 d
b1111111111000010000001101001110000000000101010010011000111100111 #"
#2451
b1111111011011 D
b1111111011011 d
b111011000100010001011111111100001111110101111010101 #"
#2452
b10001111110110 D
b10000111110110 d
b10011011011000010001100000000001010100010001001110100 #"
#2453
b10001100000000 D
b10001100000000 d
b1111111111001111000111010011101000000000000001010010111110001100 #"
#2454
b10001000110111 D
b10001000110111 d
b110111110001110011000111111111111010101101000100011001 #"
#2455
b1111111101101 D
b1111111101101 d
b1111111111001011011101101001110100000000000001100011100010001100 #"
#2456
b1110111001010 D
b1110111001010 d
b100000100000101111100100000000001100110011111010001000 #"
#2457
b1110100000100 D
b1110100000100 d
b100011110110011101011111111100110000100000101100000 #"
#2458
b1110111111110 D
b1110111111110 d
b1111111111101110111111111001000100000000010110011100010111110001 #"
#2459
b10000001100001 D
b10000001100001 d
b11000110110101101010111111111110110101111110000000100 #"
#2460
b10001001001000 D
b10001001001000 d
b1111111111011001000111010110101111111111111100100000000100010000 #"
#2461
b10001100010000 D
b10001100010000 d
b101110011000110010011000000000001010110010000010001011 #"
#2462
b10000111100100 D
b10000111100100 d
b1111111110110011000010111101000011111111111011101110110001110101 #"
#2463
b1111110000001 D
b1111110000001 d
b1101111100110100000011011111111111000111010101000101001 #"
#2464
b1110101001110 D
b1110101001110 d
b1111111101111110100110000001101000000000001101100100011011111000 #"
#2465
b1110011101110 D
b1110011101110 d
b1111111110000011111100011111111110011000001001110010110 #"
#2466
b1111001010111 D
b1111001010111 d
b1111111110100000001100110110100011111111111101100101001010110100 #"
#2467
b10000100001101 D
b10000100001101 d
b110100000010001001110100000000010010100110001001101001 #"
#2468
b10001010110110 D
b10001010110110 d
b1111111111101010011000100011111011111111100110001011110111011110 #"
#2469
b10001011010101 D
b10001011010101 d
b1110001110101101011100000000010101000111110111101101 #"
#2470
b10000100101100 D
b10000100101100 d
b1111111111100110000111000100110011111111111000001010101000101000 #"
#2471
b1111011011101 D
b1111011011101 d
b111010101100101011101111111111111110000011000101110110 #"
#2472
b1110101010001 D
b1110101010001 d
b1111111110100000000001011101011100000000001000110001110110101100 #"
#2473
b1110101000011 D
b1110101000011 d
b1100100001011010111101011111111110100111101101001001101 #"
#2474
b1111011011100 D
b1111011011100 d
b1111111110101110010101011011001100000000000011011011101110110001 #"
#2475
b10000101000100 D
b10000101000100 d
b110100111100100100001000000000000010111111110110101101 #"
#2476
b10001011100101 D
b10001011100101 d
b1111111111100000011110010001001011111111111000000101011011001001 #"
#2477
b10001010110111 D
b10001010110111 d
b10111111100100000111000000000001011110100110011010110 #"
#2478
b10000011011001 D
b10000011011001 d
b1111111111101101111111101100011011111111110000101011011011111110 #"
#2479
b1111001011111 D
b1111001011111 d
b1111010001001010110000000000010010001001001000100001 #"
#2480
b1110100001101 D
b1111100001111 d
b1111111111101010001111111110101011111111110000110000000101001011 #"
#2481
b1110101100101 D
b1110101100101 d
b101100000111011111110100000000001000101101000111011100 #"
#2482
b1111110101101 D
b1111111101101 d
b1111111110101110010010000111101011111111111101011011010101111010 #"
#2483
b11111111101101 D
b11111111101101 d
b1110111011100000010001100000000000000100101101111010001 #"
#2484
b10001111101100 D
b10001111101100 d
b1111111110000000111001001000000011111111110011111000010110101110 #"
#2485
b10001101011101 D
b10001101011101 d
b1000111111011111001001000000000100011001111100100110001 #"
#2486
b10001001110111 D
b10001001110111 d
b1111111111101111000010101110011111111111001110000101000001000101 #"
#2487
b10111000110011 D
b10111000110010 d
b1010011000101111100000000110100111000000110111111 #"
#2488
b1111011010111 D
b1111001010011 d
b1111111111110001100010000000010011111111010101101101101100011110 #"
#2489
b1110111110101 D
b1110011110101 d
b1000111000111001111010100000000001100000110110001010111 #"
#2490
b1110111000001 D
b1110111000001 d
b1111111110001100011000000010100100000000001101101010111110011010 #"
#2491
b10000000000110 D
b10000000000110 d
b1010111011001000111110111111111101011111001011100111011 #"
#2492
b10001001010010 D
b10001001010010 d
b1111111111001000010110100100011100000000010001110101001100010111 #"
#2493
b10001100001101 D
b10001100001101 d
b100000011011001000110111111111111001100100001100011000 #"
#2494
b10001000000001 D
b10001000000001 d
b1111111111110110001000010111011111111111110111001110101001111010 #"
#2495
b1111110111010 D
b1111110111010 d
b11100010000110011011000000000010000011010001010100100 #"
#2496
b1110110101101 D
b1110110101101 d
b1111111111001011000000010001110111111111101111010010010011110001 #"
#2497
b1110100010000 D
b1110100010000 d
b101101001101110101100100000000000011100111110111011010 #"
#2498
b1111000111100 D
b1111000111100 d
b1111111111101110011001011010110100000000001011110010111001001111 #"
#2499
b10000010101100 D
b10000010101100 d
b1111111111100101100110110110111011111111101100000001000101000011 #"
#2500
b10001010011110 D
b10001010011110 d
b101010100110000110111000000000010110010001110010111111 #"
#2501
b10001011101010 D
b10001011101010 d
b1111111111100010110011001111001111111111110101011100110100001111 #"
#2502
b10000101111000 D
b10000101111000 d
b1011000001001101111111111111100011001010100100010 #"
#2503
b1111100110111 D
b1111100110111 d
b101100011001001100100100000000000110011001010110101110 #"
#2504
b1110101011111 D
b1110101011111 d
b1111111111000000001101010111011011111111111100111001001001010100 #"
#2505
b1110100011010 D
b1110100011010 d
b100001010110111111110011111111110111111110110111001111 #"
#2506
b1111011001000 D
b1111011001000 d
b101111001101010011000000000010100010001010101111011 #"
#2507
b10000100111011 D
b10000100111011 d
b1111111111001000011111110110001011111111101101110111011000000001 #"
#2508
b10001010110111 D
b10001010110111 d
b1011010001110010000011100000000001100011101110110111000 #"
#2509
b10001010101111 D
b10001010101111 d
b1111111110111010001111100011111111111111111000111101100111001110 #"
#2510
b10000100000110 D
b10000100000110 d
b10000100111101010010100000000000001111110101110011011 #"
#2511
b1111010111100 D
b1111010111100 d
b10111010110000110011111111111111000110011001011100000 #"
#2512
b1110100010011 D
b1110100010011 d
b1111111111001010011000000011111000000000010011111100100110010001 #"
#2513
b1110101001001 D
b1110101001001 d
b111010110011101101001011111111011111011101110010000001 #"
#2514
b1111100100011 D
b1111100100011 d
b1111111111100100100000111101011000000000100011001111010011011000 #"
#2515
b10000110101101 D
b10000110101101 d
b1111111111111100110011111011000011111111100011101000100011101011 #"
#2516
b10001100101111 D
b10001110101111 d
b1000111100110110011100000000001110011001100101101011 #"
#2517
b10001010001111 D
b10001110001111 d
b1101001101011000000000000000110001110010010100010 #"
#2518
b10001011101111 D
b10001011101111 d
b1111111111011111110000010010010111111111101010111101100110010001 #"
#2519
b11111001101110 D
b11111001101110 d
b1001000010101010001101100000000010110010001101101100100 #"
#2520
b1111011011111 D
b1111011011111 d
b1111111110111000010011110011001111111111101111001101010000010010 #"
#2521
b100100001001100110011000000000000011101100110010101110 #"
#2522
b11111000011101 D
b11111000011101 d
b1111111111111001110101101011011000000000000110001001010100000101 #"
#2523
b10000111101101 D
b10000111001101 d
b1111111111101010011011001001011011111111110101101100100001111111 #"
#2524
b10001111100100 D
b10000111100100 d
b101001100101011010001100000000001100001011001011100011 #"
#2525
b10001011010101 D
b10001011010101 d
b1111111111111100101011000001011011111111110110101010110011111110 #"
#2526
b10001000110000 D
b10001000110000 d
b1111111111010010010001010100101000000000000000001100100111111101 #"
#2527
b10000000011110 D
b10000000011110 d
b1001001111001111111010100000000001001010111111011111001 #"
#2528
b1110111001001 D
b1110111001001 d
b1111111110010011110000111110101011111111101011001101100011100001 #"
#2529
b1110011101010 D
b1110011101010 d
b1110001010011110011110000000000010100001110001100011101 #"
#2530
b1110111111100 D
b1110111111100 d
b1111111111000110101111001011010111111111110100110001001110111101 #"
#2531
b10000001011000 D
b10000001011000 d
b11010100001110110000000000000011011111001000001000 #"
#2532
b10001010000100 D
b10001010000100 d
b11101011010100101101000000000000110010111111110001000 #"
#2533
b10001100010111 D
b10001100010111 d
b1111111111000001011010010110000011111111110101100010010000110111 #"
#2534
b10000110110100 D
b10000110110100 d
b110100110000111010111011111111111110101110100000101000 #"
#2535
b1111101000000 D
b1111101000000 d
b101111000011110101100000000001100001001101101010100 #"
#2536
b1110101101101 D
b1110101101101 d
b1111111111010011011101001110001011111111101110010010110011010000 #"
#2537
b1110101001111 D
b1110101001111 d
b100001111001101000110000000000010101001000101001010110 #"
#2538
b1111010001000 D
b1111010001000 d
b1111111111110000010101101100000111111111110000010110001110000100 #"
#2539
b10000010110010 D
b10000010110010 d
b1111111111101010111100010100110100000000000011100001011000001100 #"
#2540
b10001010110001 D
b10001010110001 d
b1001000101111011101010100000000000111000000010001101110 #"
#2541
b10001100001011 D
b10001100001011 d
b1111111110011001001101100010010111111111110100011011111111010111 #"
#2542
b10000101100010 D
b10000101100010 d
b1101011101010001100101000000000001010010011110001010001 #"
#2543
b1111011001100 D
b1111011001100 d
b1111111110010101010101110000001111111111111000001100111000010011 #"
#2544
b1110100100010 D
b1110100100010 d
b1010000010010100101011000000000000010100100000011001100 #"
#2545
b1110101010101 D
b1110101010101 d
b1111111111100110000101100000101111111111111111001100001111000010 #"
#2546
b1111011100111 D
b1111011100111 d
b1010110110101001101000000000000100110010100000110111 #"
#2547
b10000101001001 D
b10000101001001 d
b1111111111100011001010101100101011111111111100000111110111110101 #"
#2548
b10001100000011 D
b10001100000011 d
b1000010001110111010011011111111111111110011101000001100 #"
#2549
b10001010100101 D
b10001010100101 d
b1111111110000110010111000100101000000000000011110011010000101101 #"
#2550
b10000010111011 D
b10000010111011 d
b10100010101011110001000111111111110101111100110011110001 #"
#2551
b1111001101011 D
b1111001101011 d
b1111111101100111000011010001011000000000001111111111000101111100 #"
#2552
b1110100101100 D
b1111100101111 d
b1001100010101101101001111111111101100000010001010111100 #"
#2553
b1110110011101 D
b1110110011101 d
b100100110111010001000000000010011000111000000000000 #"
#2554
b1111110010111 D
b1111110010111 d
b1111111111001000011110100001111111111111110011101110010101010011 #"
#2555
b11111111010111 D
b11111111010111 d
b110110010000111100010000000000000110101101010011111101 #"
#2556
b10001111001110 D
b10001111001110 d
b10011011101000001011011111111111011100111001110111001 #"
#2557
b10001101100110 D
b10001101100110 d
b1111111110001011111101101101000100000000000110010000101100010110 #"
#2558
b10001001101110 D
b10001001101110 d
b1100010010010010110100101011010010001010110110111010100101011101 #"
#2559
b10101001001110 D
b10000001001110 d
b1111111110010100011001010011011101000100011000001010000000011111 #"
#2560
b1111100000100 D
b1111000000100 d
b11111111100110000000100011001011 #"
#2561
b1110101000110 D
b1110100000110 d
b1101011101111111111011100000000010101110000001101100000 #"
#2562
b1110111001010 D
b1110111001010 d
b1111111101011100111111110011100111111111110010100001100001000010 #"
#2563
b1111111101111 D
b1111111101111 d
b1110100000110000000000100000000000101110100110001001100 #"
#2564
b10001001100000 D
b10001001100000 d
b1111111111101100100011111101101111111111111011101001001110101110 #"
#2565
b10001100110110 D
b10001100110110 d
b1111111111001001101100101010001000000000000110110000101010100111 #"
#2566
b10001000001001 D
b10001000001001 d
b110111100000100100000111111111110011011111111001010111 #"
#2567
b1111110101001 D
b1111110101001 d
b1111111111111011011000001001111000000000010011000000110100101111 #"
#2568
b1110101111111 D
b1110101111111 d
b1111111110110011101010001010001011111111101100000001111110110100 #"
#2569
b1110011100110 D
b1110011100110 d
b10011000111010111100101100000000001111111101011101001000 #"
#2570
b1111001110001 D
b1111001110001 d
b1111111101011101010101010110100111111111110101101110101100000111 #"
#2571
b10000010110001 D
b10000010110001 d
b1111001100111011111001100000000000011110010101101101000 #"
#2572
b10001010010010 D
b10001010010010 d
b1111111110111101110001100111010011111111111111110011110111111011 #"
#2573
b10001011000101 D
b10001011000101 d
b11100110110100101010011111111111011101100011011111110 #"
#2574
b10000101100110 D
b10000101100110 d
b1111111111110101000101110000100100000000000100011110010100111101 #"
#2575
b1111100101011 D
b1111100101011 d
b11001111011010000000011111111111111001001000100001010 #"
#2576
b1110101110100 D
b1110101110100 d
b1111111110101111101101001110111100000000000010100100000010010111 #"
#2577
b1110100001001 D
b1110100001001 d
b1101010101011010101001011111111110111101101111100101001 #"
#2578
b1111010100110 D
b1111010100110 d
b1111111110010100010100010100010100000000001010001100111111011011 #"
#2579
b10000100011000 D
b10000100011000 d
b1100110110101100101010011111111110100001100101001011111 #"
#2580
b10001011100111 D
b10001011100111 d
b1111111110110111001111000000011100000000000111000001011101001000 #"
#2581
b10001011100100 D
b10001011100100 d
b10101000101100111011100000000000011011010111110001011 #"
#2582
b10000011111001 D
b10000011111001 d
b1111100110111001001011111111110000000100101110000001 #"
#2583
b1111001111110 D
b1111001111110 d
b1111111111011110000110111000110100000000010101010000110101000101 #"
#2584
b1110100001110 D
b1110100001110 d
b101100100011001111001111111111101110010010101011011000 #"
#2585
b1110101010010 D
b1110101010010 d
b1111111111111010000111000011111000000000001100010010001001110011 #"
#2586
b1111101101001 D
b1111101101001 d
b1111111111001011010010111011001011111111111110011110010111001001 #"
#2587
b10000110111000 D
b10111110111000 d
b111110100101111100000111111111110101100101001010111101 #"
#2588
b10001100101011 D
b10001110111011 d
b1111111111100010100101000111110000000000000110010111111111001011 #"
#2589
b10001010001111 D
b10001110001111 d
b1111111111111100101000111100011100000000000011101111001101100011 #"
#2590
b10001011001111 D
b10001011001111 d
b111001010010110000000111111111110100111001011101101011 #"
#2591
b11111001111110 D
b11111001111110 d
b1111111110001110101100101010000100000000010100001111111111010001 #"
#2592
b1111100111110 D
b1111100110110 d
b1101100001111001011111011111111101011001101100000000110 #"
#2593
b1110110111101 D
b1110110111101 d
b1111111110110110000101110110101000000000001001010110100110101010 #"
#2594
b1111110111111 D
b1111110111111 d
b101101101111101000100100000000000000001011110100000000 #"
#2595
b1111110110010 D
b1111110110010 d
b11010100000101011011111111110110100110111011000100 #"
#2596
b10000111110101 D
b10000111110101 d
b1111111111010110011010001100000000000000001100001011001000100010 #"
#2597
b10001100011111 D
b10001100011111 d
b10101100110101010100011111111110101101000000010011001 #"
#2598
b10001000101000 D
b10001000101000 d
b110000101000110011100000000000101111001010011101100 #"
#2599
b1111111100010 D
b1111111100010 d
b1111111111011011111011000110100100000000000100000000111101111111 #"
#2600
b1110111011010 D
b1110111011010 d
b1000111101100011100101011111111101111001101010010011010 #"
#2601
b1110100010101 D
b1110100010101 d
b1111111110110111101011100001100100000000010110010011010001111111 #"
#2602
b1110111111000 D
b1110111111000 d
b100000010010001100110111111111101010101011101110101010 #"
#2603
b10000001101111 D
b10000001101111 d
b1111111111111110010111110110110000000000000110100110101111001010 #"
#2604
b10001010000110 D
b10001010000110 d
b1111111111110111000000100011111100000000001110010110001011110001 #"
#2605
b10001011110000 D
b10001011110000 d
b11001011101001011011111111100011111011010100111101 #"
#2606
b10000110100001 D
b10000110100001 d
b11011011110111110011000000000100011010100111011010010 #"
#2607
b1111101100101 D
b1111101100101 d
b1111111111000101001100011001011111111111011111010111110001101100 #"
#2608
b1110101111011 D
b1110101111011 d
b110101101000011011110000000000010011111100101001100100 #"
#2609
b1110100001010 D
b1110100001010 d
b1111111111101000101001101111000011111111111000011101101100010111 #"
#2610
b1111001111011 D
b1111001111011 d
b1111111111101111010110100011000100000000000010010101010100101111 #"
#2611
b10000011010011 D
b10000011010011 d
b1000101110001001100001011111111111000110110111001010010 #"
#2612
b10001011000100 D
b10001011000100 d
b1111111110100101110010011110000000000000001100011100110011111011 #"
#2613
b10001011100110 D
b10001011100110 d
b110111100001010111111011111111101101011100011001010111 #"
#2614
b10000101010010 D
b10000101010010 d
b1111111111111010000100111000100100000000010011111100110100111000 #"
#2615
b1111011001111 D
b1111011001111 d
b1111111111011110100101111000000011111111110111110000001111010001 #"
#2616
b1110100000111 D
b1110100000111 d
b111111110011001110001011111111111100111001001100101101 #"
#2617
b1110101000101 D
b1110101000101 d
b1111111111010011100100001000001000000000000110010110101011110101 #"
#2618
b1111100011000 D
b1111100011000 d
b1111111111111110101010101001101111111111111100000010111111000011 #"
#2619
b10000101100110 D
b10000101100110 d
b11101001011011001010011111111110101000111011011101111 #"
#2620
b10001011110111 D
b10001011110111 d
b1111111111010101010111010110100100000000010110001111011000101110 #"
#2621
b10001010011110 D
b10001010011110 d
b11010011011111100000111111111101011100100111100001000 #"
#2622
b10000010110000 D
b10000010110000 d
b10001101010011010111100000000001100001110010010110001 #"
#2623
b1111001100011 D
b1111011100011 d
b1111111111010010101110000111101000000000000010100111111010001111 #"
#2624
b1110100110011 D
b1111101110011 d
b110100111111101110010011111111101111010010010011110000 #"
#2625
b1110110011000 D
b1110110011000 d
b1111111111100011101100011111101100000000010001100101011111001110 #"
#2626
b1111110011000 D
b1111110011000 d
b1001111101001111010011111111110110100000111100000110 #"
#2627
b11111111011001 D
b11111111011001 d
b1111111111011111100100011000111111111111111001100100010110110000 #"
#2628
b10001111100101 D
b10001111100101 d
b110111101000100110110000000000010001110101001101101001 #"
#2629
b10001101010111 D
b10001101010111 d
b1111111110101000100101011011111011111111101100010011110110010011 #"
#2630
b10001001101111 D
b10001001001111 d
b1110011100110011101110100000000001101001111010101010011 #"
#2631
b10100000101110 D
b10000000101110 d
b1111111110111000111000101010001000000000001100010101100100001000 #"
#2632
b1111001000100 D
b1111000000100 d
b1110011101111100001011111111010101101101101111111010 #"
#2633
b1110011110000 D
b1110011110000 d
b1111111111111110101010000101110000000000110101001001100000001011 #"
#2634
b1110111011011 D
b1110111011011 d
b10001000100011100110111111111001101101001010010001000 #"
#2635
b10000000101010 D
b10000000101010 d
b1111111110111000000011110110001100000000100011101011101110000000 #"
#2636
b10001000101000 D
b10001000101000 d
b1111111001000101010110111111111110011111001000111011111 #"
#2637
b10001100001100 D
b10001100001100 d
b1111111110001000100100001000010100000000000000011101010000101000 #"
#2638
b10001000001100 D
b10001000001100 d
b1010001110000111110111111111111111101100100101000101101 #"
#2639
b1111110011000 D
b1111110011000 d
b1111111111010011110111000001101100000000001000010010111010101011 #"
#2640
b1110101110001 D
b1110101110001 d
b10101110000000100110011111111110000110000001000000011 #"
#2641
b1110100001001 D
b1110100001001 d
b1111111111110000101111001100111000000000010001101111000111100101 #"
#2642
b1111001011000 D
b1111001011000 d
b10001111101010010010111111111110001000001001001100001 #"
#2643
b10000010101000 D
b10000010101000 d
b1111111111101000000100110011111100000000001011110000111101110010 #"
#2644
b10001001110100 D
b10001001110100 d
b11111100011101010001111111111111000000100001101110011 #"
#2645
b10001011101000 D
b10001011101000 d
b1111111111001011000001100110111000000000000010110000101101110110 #"
#2646
b10000110011110 D
b10000110011110 d
b1010001101100110101100100000000000011011111110111100100 #"
#2647
b1111100111100 D
b1111100111100 d
b1111111110011011110011000110101011111111110101000101010100100011 #"
#2648
b1110100110110 D
b1110100110110 d
b1011111111110011011101100000000001000110001110001001111 #"
#2649
b1110100001111 D
b1110100001111 d
b1111111111000101010010001011011011111111111101101111110110011011 #"
#2650
b1111010111000 D
b1111010111000 d
b11001110110011110101011111111111000001101110111100100 #"
#2651
b10000101010001 D
b10000101010001 d
b1111111111110001110011111000011000000000010101001011100000011100 #"
#2652
b10001011101110 D
b10001011101110 d
b10101100111111001101011111111100110001100110001111000 #"
#2653
b10001010011111 D
b10001010011111 d
b1111111111001011111110000101110000000000010010010101000100011100 #"
#2654
b10000011101101 D
b10000011101101 d
b1011111110110011010011011111111111101101111001001000110 #"
#2655
b1111010011101 D
b1111010011101 d
b1111111110000000001111010111100011111111110011001011010000100110 #"
#2656
b1110100010100 D
b1110100010100 d
b10000001011001111011100100000000001101100100010101100110 #"
#2657
b1110110110110 D
b1110110110110 d
b1111111110010000011011000001000011111111111000110001010101011100 #"
#2658
b1111101100010 D
b1111101100010 d
b1001100110110111110001011111111111100001101001110001000 #"
#2659
b10000101110000 D
b10111101110010 d
b1111111111010001101001100100100000000000001010100111000000111011 #"
#2660
b10001011110100 D
b10001111110100 d
b100110110111110111101011111111111100100010010001110011 #"
#2661
b10001010111100 D
b10001011111100 d
b1111111111100111000111101111001111111111110110101111001001111000 #"
#2662
b10001010111100 d
b10000111111010110111100000000010110010001010100011000 #"
#2663
b11111010101100 D
b11111010101100 d
b1111111111111011100000100101101111111111100110001010011011001101 #"
#2664
b1111011101111 D
b1111011101111 d
b1111111111011111011110011101110000000000001100110011101000101100 #"
#2665
b1110111011111 D
b1110011001111 d
b110100100011110100100000000000000001100101011000101110 #"
#2666
b1110110110000 D
b1110110110000 d
b1111111111001000001101111001100011111111111010100010001110001100 #"
#2667
b10001000001010 D
b10000000001010 d
b110000111000110000001100000000000001010011010111011101 #"
#2668
b10001011100101 D
b10001000100101 d
b1111111111101100100100000110100100000000001010100000011101100010 #"
#2669
b10001011101111 D
b10001011101111 d
b1111111111111000100101101010001111111111100010000010000010100101 #"
#2670
b10001000001001 D
b10001000001001 d
b111110000010000111001100000000101010100011011000010011 #"
#2671
b1111111010111 D
b1111111010111 d
b1111111101101101001110110100101111111111010111101100100111010001 #"
#2672
b1110111000111 D
b1110111000111 d
b10111010111111000001110000000000011110100101010101000100 #"
#2673
b1110100010000 D
b1110100010000 d
b1111111101001100111101011110110011111111110001010111100010010110 #"
#2674
b1111000100110 D
b1111000100110 d
b1110111101101010010000000000000000010110010110011010011 #"
#2675
b10000001001001 D
b10000001001001 d
b100111101000110101011111111111100010001000001011011 #"
#2676
b10001001111001 D
b10001001111001 d
b1111111110000011101011010100100111111111111101101100010010001100 #"
#2677
b10001100000000 D
b10001100000000 d
b11001010000111110001100100000000001001100000100100010110 #"
#2678
b10000110100000 D
b10000110100000 d
b1111111100101000111001010010101111111111110100000010011000001001 #"
#2679
b1111100111111 D
b1111100111111 d
b10001010010011100001001100000000011101010001011000010010 #"
#2680
b1110101100111 D
b1110101100111 d
b1111111111011010101010001100111011111111001100000000100000100000 #"
#2681
b1110100010101 D
b1110100010101 d
b1111111111110011001011111000011000000000110111011110001110101110 #"
#2682
b1111010011010 D
b1111010011010 d
b1011011110011110111011111111010101111101101100011010 #"
#2683
b10000011101000 D
b10000011101000 d
b100100111010000110001000000000010101101011100000111101 #"
#2684
b10001010110000 D
b10001010110000 d
b1111111110010110010101111000110000000000001110100010001101010100 #"
#2685
b10001011100111 D
b10001011100111 d
b10001111101101100001011111111111000101100011100011111000 #"
#2686
b10000101000000 D
b10000101000000 d
b11101110010000100101110111101000101000001110100000010111000010 #"
#2687
b1111011100110 D
b1111011100110 d
b101101110010000110111011111110101011000010111000000110 #"
#2688
b1110100011101 D
b1110100011101 d
b11111110001000010100000000001001111110101111100011001 #"
#2689
b1110101001000 D
b1110101001000 d
b1111111111000010111100100011110111111111000111101011110101001011 #"
#2690
b1111100011001 D
b1111100011001 d
b110111110110110101111000000000011010101101111011011110 #"
#2691
b10000101111110 D
b10000101111110 d
b1000011000001001100010011111111111011011000011010111110 #"
#2692
b10001100001000 D
b10001100001000 d
b1111111101000001100000010100011011111111101100111100100000001100 #"
#2693
b10001010101010 D
b10001010101010 d
b11010100011011100001110000000000101001001100011111111100 #"
#2694
b10000010110010 D
b10000010110010 d
b1111111100011010101001111001000011111111001010000111011011100010 #"
#2695
b1111001110011 D
b1111011110011 d
b10100111111110101001111100000000111011011000111111101111 #"
#2696
b1111100111001 D
b1111101111001 d
b1111111111110000101010001001001011111111000100110101000110110001 #"
#2697
b1110101111101 D
b1110101111101 d
b1111111110110110101000111101011100000000110111001110110101001111 #"
#2698
b1111111111111 D
b1111111111111 d
b1011010111100011101010011111111001111100111110010110011 #"
#2699
b11111111011111 D
b1111111011111 d
b1111111110110101110011101101111000000000100010001001100101010101 #"
#2700
b10001111101111 D
b10001111101111 d
b10101000110001000101011111111101001101001001010001000 #"
#2701
b10001101001111 D
b10001101001111 d
b111000000000111001110000000000001011111000111100000110 #"
#2702
b10001001101010 D
b10001001001010 d
b1111111110000100111110110001101011111111111101000111001101100010 #"
#2703
b10000001100000 D
b10000000100000 d
b10101000011110111010100111111111111110000000101100010101 #"
#2704
b1110111110001 D
b1110111110001 d
b1111111101000111011000110000001000000000000110001111011011000011 #"
#2705
b1110011110000 D
b1110011110000 d
b10101100011001000000100111111111111001001110101000101000 #"
#2706
b1110111001110 D
b1110111001110 d
b1111111101010101000110010101010100000000000101100100000100001000 #"
#2707
b10000001000010 D
b10000001000010 d
b10110010100101001001001111111111111001011001001101111000 #"
#2708
b10001001000000 D
b10001001000000 d
b1111111101100000011000001100110100000000001001100000011101001000 #"
#2709
b10001011110110 D
b10001011110110 d
b10011110100010101001101011111111101110100000010111101100 #"
#2710
b10000111110110 D
b10000111110110 d
b1111111101011011101101000011101000000000100100111010000001010010 #"
#2711
b1111110000011 D
b1111110000011 d
b1001010010000111100100011111111001001110010001011000101 #"
#2712
b1110110010000 D
b1110110010000 d
b110001001010010001010100000000110101001101110110101000 #"
#2713
b1110100010110 D
b1110100010110 d
b1111111110000010111000000100110111111111010111001010001011011001 #"
#2714
b1111000110111 D
b1111000110111 d
b10110001011000101111101100000000001111000111110110110111 #"
#2715
b10000010110101 D
b10000010110101 d
b1111111101100101101010100110000000000000010110100101010110111111 #"
#2716
b10001010100011 D
b10001010100011 d
b110001011111101110100111111111001101001010000010001000 #"
#2717
b10001011111000 D
b10001011111000 d
b10010000110011101100000000000101110010111111010111011 #"
#2718
b10000101100100 D
b10000101100100 d
b1111111111111110011101101000100111111111100011111000110001110010 #"
#2719
b1111100001101 D
b1111100001101 d
b1111111111011110110111010101001100000000010100001001001001100010 #"
#2720
b1110101010111 D
b1110101010111 d
b111010100110100111110111111111110010111010101111000101 #"
#2721
b1110100100011 D
b1110100100011 d
b1111111111001101100110010000101000000000001101110001100110110000 #"
#2722
b1111010111001 D
b1111010111001 d
b1111111111110010110111010011100111111111100011110001011011011101 #"
#2723
b10000100111110 D
b10000100111110 d
b1101100100011100110101100000000010100000001010110000001 #"
#2724
b10001011110011 D
b10001011110011 d
b1111111100111000101000110011011100000000001110110010110111111001 #"
#2725
b10001010111000 D
b10001010111000 d
b100001010000111010000011111111111010000101101100111011101 #"
#2726
b10000011100111 D
b10000011100111 d
b1111111011100001011110101011010000000001000101000001100011010000 #"
#2727
b1111010001010 D
b1111010001010 d
b11111010010101101110100011111110110101110010000101101011 #"
#2728
b1110100011001 D
b1110100011001 d
b1111111101100000101001001011111100000000111000110011101010110000 #"
#2729
b1110101011110 D
b1110101011110 d
b111110001000011000110111111111011101001100101010101010 #"
#2730
b1111101001101 D
b1111101001101 d
b1111111111100011000000010011000000000000010010001000110001011010 #"
#2731
b10000111001111 D
b10111111001111 d
b1000011001111111111010111111111111000101100000110111110 #"
#2732
b10001010101111 D
b10001111101111 d
b1111111110001100101111111101101100000000000010001001111101011110 #"
#2733
b10001011101111 D
b10001011101111 d
b10001101011110111101011011111111111000100100101001001100 #"
#2734
b10001001111111 D
b10001001111111 d
b1111111110001001011110111011111100000000010000100111101000000011 #"
#2735
b11111001111111 D
b10111001111111 d
b110110010010011010100111111111100101111111100111111110 #"
#2736
b1111100100111 D
b1111100100111 d
b100000011010011011001000000000011110101100100001011011 #"
#2737
b1110110011001 D
b1110110011001 d
b1111111110111011000010100101100111111111101001010110011001011100 #"
#2738
b1111110111101 D
b1111110011101 d
b110000100111110100011000000000000100001001110100000110 #"
#2739
b1111110111101 d
b1111111111100100001011100001010000000000001101001110110110100100 #"
#2740
b10001000011000 D
b10001000011000 d
b1111111111110010010100001010101011111111100111111001111111001000 #"
#2741
b10001100000100 D
b10001100000100 d
b1001111001111110101000000000000010111001011011111111011 #"
#2742
b10001000001001 D
b10001000001001 d
b1111111110010011001110111100101011111111111011011101011001110000 #"
#2743
b1111111011001 D
b1111111011001 d
b1110011101001110111100011111111101100010110111001000010 #"
#2744
b1110110100010 D
b1110110100010 d
b1111111110010011010011011011111100000000100001001110110011111111 #"
#2745
b1110011101101 D
b1110011101101 d
b1010101100011110100011011111111011001000100001001011010 #"
#2746
b1111000010101 D
b1111000010101 d
b1111111111000111011001101111011000000000100000101100001001010001 #"
#2747
b10000001100101 D
b10000001100101 d
b110011010111001000111111111111110101111111111010011011 #"
#2748
b10001001110110 D
b10001001110110 d
b1111111110111101010100010001110111111111111001111110011001110011 #"
#2749
b10001011101111 D
b10001011101111 d
b1001011111010011110011100000000000010100101011100100110 #"
#2750
b10000110011110 D
b10000110011110 d
b1111111110101010110001001100011000000000000110011010010010011011 #"
#2751
b1111101010000 D
b1111101010000 d
b1001101010101101100000111111111100100000000100110011101 #"
#2752
b1110101100101 D
b1110101100101 d
b1111111111011100001111011010010000000001000001111000101000010000 #"
#2753
b1110100001101 D
b1110100001101 d
b100101000101111000111111110110000000100110010101000 #"
#2754
b1111010101100 D
b1111010101100 d
b1111111111111100010110110000100000000000111111100010100101011110 #"
#2755
b10000011101000 D
b10000011101000 d
b1111111111111010110011011110001111111111010011000101010101000010 #"
#2756
b10001011000101 D
b10001011000101 d
b1111111111111001111001001111101000000000001111011110011100000001 #"
#2757
b10001011011111 D
b10001011011111 d
b100100001101010011011100000000001101111000011111100111 #"
#2758
b10000100110001 D
b10000100110001 d
b1111111111010010110001001101100011111111110010010000100111011001 #"
#2759
b1111011010110 D
b1111011010110 d
b110111010010100010011011111111111011011001100001011101 #"
#2760
b1110100010110 D
b1110100010110 d
b1111111110110100001101010010110000000000010011011111000000010100 #"
#2761
b1110100111100 D
b1110100111100 d
b1001101111101100000100011111111101010100101100001111011 #"
#2762
b1111100100110 D
b1111100100110 d
b1111111110100110011100000111001000000000001100111101111101011101 #"
#2763
b10000110000011 D
b10000110000011 d
b1100011001000001010010011111111110111111011110111010101 #"
#2764
b10001011101101 D
b10001011101101 d
b1111111110100111000101100010111111111111111111011101011100111000 #"
#2765
b10001010011100 D
b10001010011100 d
b1110100011100100111101000000000010100001001110100010111 #"
#2766
b10000010000100 D
b10000010001100 d
b1111111101011001000011101110111111111111100101111111010001000101 #"
#2767
b1111001001110 D
b1111011001110 d
b10001101111010010110110000000000010001110001100111011111 #"
#2768
b1111100111111 D
b1111101111111 d
b1111111110110000010001100110010111111111110011101010101000000110 #"
#2769
b1110110111111 D
b1110110111111 d
b101100111110111011011011111111111101000011101010111011 #"
#2770
b1111111111111 D
b1111111111111 d
b1111111111000101100001100111110000000000010011100100000110101100 #"
#2771
b11111101111111 D
b1111101111111 d
b1011000111010010111001111111111111010110010000000111000 #"
#2772
b10001111110111 D
b10001111110111 d
b1111111100111110100110101010111011111111101010001001101100010010 #"
#2773
b10001101111111 D
b10001101111111 d
b101010010011100100000111000000000100000110000010111101100 #"
#2774
b10001001011111 D
b10001001011111 d
b1111111010010011111011100001111111111111100011101101110010100111 #"
#2775
b1111111101001 D
b1111111101001 d
b100110111100111001110011000000000000001110110101011001011 #"
#2776
b1110111000101 D
b1110111000101 d
b1111111100101100011000010001001000000000101100110000111100000101 #"
#2777
b1110011111110 D
b1110011111110 d
b11010001110111001001011111110110011001010010001011100 #"
#2778
b1110111111010 D
b1110111111010 d
b1011000010110001100111100000001001100010101111001110100 #"
#2779
b10000000100101 D
b10000000100101 d
b1111111110011011111001101111110011111111001001111010100100110111 #"
#2780
b10001001000011 D
b10001001000011 d
b1000100001001110111100100000000011001111000111101110111 #"
#2781
b10001011101111 D
b10001011101111 d
b110110111110000011000100000000000100100000110011010111 #"
#2782
b10000111100001 D
b10000111100001 d
b1111111101001010011000001000101111111111101100001100111010000110 #"
#2783
b1111110011101 D
b1111110011101 d
b11001010001000000110101000000000001101101010001000001110 #"
#2784
b1110110111001 D
b1110110111001 d
b1111111101110010011000111101110011111111110100111011000010101101 #"
#2785
b1110100000001 D
b1110100000001 d
b110100001101010110110100000000001111101001101110011000 #"
#2786
b1111000101100 D
b1111000101100 d
b100110000000010111101111111111101100001010101000100111 #"
#2787
b10000011010111 D
b10000011010111 d
b1111111101111100010001101011110000000000011111010011000001001100 #"
#2788
b10001010101000 D
b10001010101000 d
b1101100010010111101000111111111101011000001110111101101 #"
#2789
b10001011011111 D
b10001011011111 d
b1101100100001011100011111111110010111000011101001001 #"
#2790
b10000101110110 D
b10000101110110 d
b1111111110100101110001000011100100000000100110000010001010010111 #"
#2791
b1111011101110 D
b1111011101110 d
b10011010000101001110001011111111000011011101000110110101 #"
#2792
b1110100110011 D
b1110100110011 d
b1111111101100001101111011100000100000001000001010010111000011011 #"
#2793
b1110100111001 D
b1110100111001 d
b1111111100000111011111111111100000010010110000101111 #"
#2794
b1111011111111 D
b1111011111111 d
b1010110010100111111111011111111110011101111010110001001 #"
#2795
b10000100111000 D
b10000100111000 d
b1111111110101101001111110101001100000000101101001111100111100110 #"
#2796
b10001011010011 D
b10001011010011 d
b10101111011110000110111111111000010010000011110100010 #"
#2797
b10001011000011 D
b10001011000011 d
b10011100000011101010010100000000101011101000100101011101 #"
#2798
b10000100000010 D
b10000100000010 d
b1111111010100010000011000101101111111111111010000110101011100000 #"
#2799
b1111001011011 D
b1111001011011 d
b110011101011100011111101111111111111101111000100000110001 #"
#2800
b1110100001001 D
b1110100001001 d
b1111111010000001111101110100011011111111110100001110010100001110 #"
#2801
b1110110000101 D
b1110110000101 d
b100011110001010110010111000000000011001011001110001000111 #"
#2802
b1111101101011 D
b1111101101011 d
b1111111101111110100011100010111011111111010000111101001000110011 #"
#2803
b10111110111011 D
b11111111111011 d
b111001111101001000000000000110010000011001101110101 #"
#2804
b10001111111110 D
b10001111011110 d
b11110100110010110101111111111101010100001000111011001 #"
#2805
b10001011101111 D
b10001011101111 d
b1111111111000110010011100100001111111111111110010001110011011100 #"
#2806
b10001011111111 D
b10001011111111 d
b111111110001100110000111111111111100101011110000011101 #"
#2807
b10100001110010 D
b10000001110010 d
b1111111111000101101111000001011100000000000000111001000011101101 #"
#2808
b1111011100101 D
b1111011000101 d
b1001100100001110010011000000000001001010001111111000101 #"
#2809
b1110111100111 D
b1110111100111 d
b1111111101111001110000001011100111111111111111100100100011111101 #"
#2810
b1110111000111 D
b1110111000111 d
b11000001001011111000010011111111101111110001110001111010 #"
#2811
b10001000000001 D
b10000000000001 d
b1111111100100100011000001111010000000000101010111101111101100011 #"
#2812
b10001000100100 D
b10001000100100 d
b100001000001011111111000011111110111001001110000001111001 #"
#2813
b10001100001000 D
b10001100001000 d
b1111111011100100111110110111011100000001001001110101100010001000 #"
#2814
b10001000011100 D
b10001000011100 d
b10011111000001101110111100010001001010111011110110011000001001 #"
#2815
b1111110111011 D
b1111110111011 d
b1111111110010010001111101110110101001000011000111111110011010111 #"
#2816
b1110110011011 D
b1110110011011 d
b1111111111110100001011001111111100000000001011010011010101011110 #"
#2817
b1110100111010 D
b1110100111010 d
b10000111000110111110001011111111110100000111000101001111 #"
#2818
b1111001010110 D
b1111001010110 d
b1111111101101100111001111101110100000000000000110100010110111100 #"
#2819
b10000000111100 D
b10000000111100 d
b1000011100011100110010100000000000100111011011100111100 #"
#2820
b10001001100011 D
b10001001100011 d
b1001001111001111011011100000000000100110110100000011000 #"
#2821
b10001100011011 D
b10001100011011 d
b1111111100111111110001111011100011111111110100110000110111110101 #"
#2822
b10000110111010 D
b10000110111010 d
b10111100101101000110110100000000001011010111000110001011 #"
#2823
b1111101100001 D
b1111101100001 d
b1111111110011000101101010011000111111111110001001110001010111010 #"
#2824
b1110101000110 D
b1110101000110 d
b1111111111101101011110000011010000000000001110111101100110100010 #"
#2825
b1110100000001 D
b1110100000001 d
b1101011010110100011001111111111101101001000100110000100 #"
#2826
b1111010101000 D
b1111010101000 d
b1111111110010101010000110011011000000000011011100110010101110010 #"
#2827
b10000100001100 D
b10000100001100 d
b1011000000011011001111111111100011100111101111100010 #"
#2828
b10001011101100 D
b10001011101100 d
b10000011101001001000110000000000000101011110000110101101 #"
#2829
b10001011010100 D
b10001011010100 d
b1111111100010001101110010100101100000000010010001001000100100001 #"
#2830
b10000011110001 D
b10000011110001 d
b100000111110101000000011111111111101000100011100101010001 #"
#2831
b1111011000001 D
b1111011000001 d
b1111111100110001111011101010010000000000011000111000010110011010 #"
#2832
b1110101001011 D
b1110101001011 d
b1010010110010000101101011111111110101011100010001000100 #"
#2833
b1110101100111 D
b1110101100111 d
b100011111101010110110111111111110011101010100110010010 #"
#2834
b1111100010111 D
b1111100010111 d
b1111111110100111000110011101101100000000010010011011110111000001 #"
#2835
b10000101100011 D
b10000101100011 d
b101101010110000001001111111111110000111001011001101000 #"
#2836
b10001011011010 D
b10001011011010 d
b110111001110010000110100000000001011001101101111011100 #"
#2837
b10001010111000 D
b10001010111000 d
b1111111101101110111100010001010111111111110001101100110100101011 #"
#2838
b10000010101001 D
b10000010101001 d
b10101111110100010000101000000000010000011110010011100111 #"
#2839
b1111011101001 D
b11111011101001 d
b1111111101101010111001000110010111111111101001110000001010010011 #"
#2840
b1111011111001 D
b1111011111001 d
b1010111110100001101110100000000100101101110010010000010 #"
#2841
b1110111110011 D
b1110111110011 d
b1111111111010100111100100111000011111111010010010111101111111001 #"
#2842
b1111111110111 D
b1111111110111 d
b1000000011000001010101100000000101101000011110111101100 #"
#2843
b1111110110110 D
b1111110110110 d
b1111111101100111111110000011100111111111010110100010000101010011 #"
#2844
b10001100001110 D
b10001100001110 d
b11101111111000000110001000000000011111111101000001100001 #"
#2845
b10001100111100 D
b10001100111100 d
b1111111011010001110100110001110011111111110010100101100111010000 #"
#2846
b10001000110100 D
b10001000110100 d
b100100110101100011001100111111111111001000101110101110111 #"
#2847
b10000000010100 D
b10000000010100 d
b1111111100111100100001001000001100000000010011111110000011001011 #"
#2848
b1110111100011 D
b1110111100011 d
b111101011000110111101111111111100111000101000101011001 #"
#2849
b1110011110101 D
b1110011110101 d
b111100010000100110011000000000001100010101100111111000 #"
#2850
b1110111111101 D
b1110111111101 d
b1111111101011100100010000010000100000000001011110001101011010110 #"
#2851
b10000000111101 D
b10000000111101 d
b11110011011001010001011011111111010111011001101011101100 #"
#2852
b10001001000110 D
b10001001000110 d
b1111111011100101000111101100011100000000100101100111010110110101 #"
#2853
b10001100000111 D
b10001100000111 d
b100010100001111110000011100000000001111111011111111011010 #"
#2854
b10000111101001 D
b10000111101001 d
b1111111011000011000010100011000011111111000011011001101001101011 #"
#2855
b1111110001011 D
b1111110001011 d
b101110001100011011100101100000001001000000111010111100101 #"
#2856
b1110110010010 D
b1110110010010 d
b1111111001111000010110111001011111111111000101010111011110000011 #"
#2857
b1110100000110 D
b1110100000110 d
b110100111101101001011100111111111111101100110001011110101 #"
#2858
b1111001010100 D
b1111001010100 d
b1111111010000000110110111000110100000001010100010100000100011000 #"
#2859
b10000011001110 D
b10000011001110 d
b11100111111100101110001011111101110110011011001100101010 #"
#2860
b10001010110001 D
b10001010110001 d
b1111111110000010001110001000010100000001111110001011011011010001 #"
#2861
b10001011110111 D
b10001011110111 d
b10001011100101011001100111111111000011100011001000110110 #"
#2862
b10000101010111 D
b10000101010111 d
b1111111100101110000010010011000100000000000111001000011000100111 #"
#2863
b1111100001111 D
b1111100001111 d
b100111000100101101000111000000000011000100000010100100001 #"
#2864
b1110100111111 D
b1110100111111 d
b1111111001111001001100000001010111111111100001001001111000111101 #"
#2865
b1110100110001 D
b1110100110001 d
b100110010000011001000011011111111110000110010111110101011 #"
#2866
b1111100000001 D
b1111100000001 d
b1111111110100110011110000100010100000001000101100110111100111011 #"
#2867
b10000101011110 D
b10000101011110 d
b1111111101111011011001011101110111111110101011000100001011111111 #"
#2868
b10001011001100 D
b10001011001100 d
b100010111000110001010110100000000110101100101001100000000 #"
#2869
b10001010100101 D
b10001010100101 d
b1111111011001000000000000110011000000000000001101111111001100011 #"
#2870
b10000011110100 D
b10000011110100 d
b11000011000111001001100111111111001100010001011000010010 #"
#2871
b1111001110000 D
b1111001110000 d
b11010110001111000100000000001001001000101000100100001 #"
#2872
b1110011101001 D
b1110011101001 d
b1111111100001000000001100110000011111111000100000001110110110101 #"
#2873
b1110101110101 D
b1110101110101 d
b101010000101101001001001000000000010101111011111110010101 #"
#2874
b1111101101111 D
b1111101101111 d
b1111111101110101110011100011101100000000000011111110000011000001 #"
#2875
b10111110101111 D
b11111111101111 d
b1111111100010110111111111100010100000000000000100100000101110010 #"
#2876
b10001110101110 D
b10001110101110 d
b1000011101110011111101111011111111010101111000111000000111 #"
#2877
b10001101101010 D
b10001101101010 d
b1111110100011000110110011010000100000001010110100001101111111000 #"
#2878
b10001001101110 D
b10001001101110 d
b1001111101010010101111011111111110111011101010001101101011 #"
#2879
b10111001100111 D
b10111001100111 d
b1111111011100010001000010011110000000000001011111010001011001111 #"
#2880
b1111011110111 D
b1111011110111 d
b11101011101101011101000000000110110101101111010001110 #"
#2881
b1110111111011 D
b1110111111011 d
b110110110001110001000011111101111111010101011011111111 #"
#2882
b1111111000011 D
b1111111000011 d
b100110001011010010100100000010001100110100101001011111 #"
#2883
b1111111101011 D
b1111111101011 d
b1111111100001011110000010100001111111110100001101111011001101000 #"
#2884
b10001000010101 D
b10001000010101 d
b101101010111001110011101100000000011100101110001110001010 #"
#2885
b10001100011000 D
b10001100011000 d
b1111111010111111111100010110101000000000100010101011000100000011 #"
#2886
b10001000100110 D
b10001000100110 d
b10001111110000110010111111111111000111000101111010100011 #"
#2887
b1111111000111 D
b1111111000111 d
b1010010100100010100010000000000011000011011110111010010 #"
#2888
b1110110011111 D
b1110110011111 d
b1111111101010110111000001111011000000000011101110100101010011010 #"
#2889
b1110011011101 D
b1110011011101 d
b1001011010110001100100011111110101111100101111101100001 #"
#2890
b1111000101100 D
b1111000101100 d
b1100010100100100110110100000001101001111111100101100010 #"
#2891
b10000010010101 D
b10000010010101 d
b1111111010110101011111000010100011111110110000101001011110100111 #"
#2892
b10001001110011 D
b10001001110011 d
b110110111110000011000110100000000001100110010101100101101 #"
#2893
b10001011111110 D
b10001011111110 d
b1111111010100100100011101011101100000000101111000111110010000100 #"
#2894
b10000110110110 D
b10000110110110 d
b10010010100001011101010011111110110101111110000011000010 #"
#2895
b1111100011011 D
b1111100011011 d
b111001100000100110101000000001000000111100000101111010 #"
#2896
b1110101000101 D
b1110101000101 d
b1111111101101100000000001011001011111111011110011001000001111111 #"
#2897
b1110100001010 D
b1110100001010 d
b101011110101000011100011111111111111010011001101110001 #"
#2898
b1111011011111 D
b1111011011111 d
b10110001011110000001010000000000010000001111111011001010 #"
#2899
b10000100100100 D
b10000100100100 d
b1111111010100010010000100101111011111111111101110111011101010111 #"
#2900
b10001010100010 D
b10001010100010 d
b101110010110011000001001111111111100010001001110001001101 #"
#2901
b10001010111000 D
b10001010111000 d
b1111111100001101111010100010011100000000111000101010001101100001 #"
#2902
b10000100110001 D
b10000100110001 d
b1010100000000010000011111110111010000101010100001001 #"
#2903
b1111011010010 D
b1111011010010 d
b11001000101100001101000000000000111000111001010111010111 #"
#2904
b1110100101010 D
b1110100101010 d
b1111111011111010110001010100010111111111101000011101011000110111 #"
#2905
b1110100100111 D
b1110100100111 d
b10110000001010001000011011111111110101100110101110101001 #"
#2906
b1111100011111 D
b1111100011111 d
b1111111111000001111001100111100100000000011000011000011001001101 #"
#2907
b10000101111010 D
b10000101111010 d
b1111111111101110101010001001000111111111100111110011101101011111 #"
#2908
b10001011001100 D
b10001011001100 d
b11010110011101111101100000000001100110000101101111001 #"
#2909
b10001011001000 D
b10001011001000 d
b111101000000011111111111111111110110111001001110001 #"
#2910
b10000001101101 D
b10001011101101 d
b1111111111011100000111001010110111111111111011111010110011110111 #"
#2911
b1111000111101 D
b11111001111101 d
b11110011000100111100100000000000101011100111101111111 #"
#2912
b1111011111100 D
b1111011111100 d
b11011000010011111111110000010110100101100111 #"
#2913
b1110111111111 D
b1110111111111 d
b1111111111110101101001101111001100000000011101011001110010001111 #"
#2914
b1111111111111 D
b1111111111111 d
b111100111110111010011111111100111001000011011001100 #"
#2915
b1111111011001 D
b1111111011001 d
b1111111111011001011100111011000011111111110001101010101101010101 #"
#2916
b10001111101101 D
b10001111101101 d
b1011010100100000111001000000000111111000111010011010011 #"
#2917
b10001011101100 D
b10001011101100 d
b1111111101000001101101011111101111111110011001101100101010000100 #"
#2918
b10001001011100 D
b10001001001100 d
b101010010010000100011000100000001100010111111101000101100 #"
#2919
b10000000010000 D
b10000000010000 d
b1111111001101110011100111011011111111111100010100011101000101001 #"
#2920
b1110110110000 D
b1110110110000 d
b100000110111110110001010111111110110111011000100110110001 #"
#2921
b1110011110110 D
b1110011110110 d
b110111000010111100001100000001111111110101111010100111 #"
#2922
b1110111100000 D
b1110111100000 d
b1111111001011100101010111111001011111110010000100111101100110000 #"
#2923
b10000000011110 D
b10000000011110 d
b1010001001111101010000000100000000010000110100110100100001 #"
#2924
b10001001011111 D
b10001001011111 d
b1111110111101000110111010110001100000001110010101111000101100000 #"
#2925
b10001100000110 D
b10001100000110 d
b111000010010000110100111111100111000110000111111111001 #"
#2926
b10000111001110 D
b10000111001110 d
b1000101010101100010010101100000010011000110110110010101011 #"
#2927
b1111110101101 D
b1111110101101 d
b1111110010010100011011000101101000000000000101110010110000001100 #"
#2928
b1110101110110 D
b1110101110110 d
b1001100101111000110110111111111100110001100100100110101001 #"
#2929
b1110100000100 D
b1110100000100 d
b11100001011100101000101100000100110110000010101000000011 #"
#2930
b1111001011101 D
b1111001011101 d
b1111101100111000010100000000011011111100100000010111011101100001 #"
#2931
b10000011010010 D
b10000011010010 d
b11011000001101000010100010111111110111110011100111111110100 #"
#2932
b10001010101110 D
b10001010101110 d
b1111101110000110110110001010100100000110010011010111110001010000 #"
#2933
b10001011101101 D
b10001011101101 d
b1111111000010101100001000110011111110111001100100011010011111010 #"
#2934
b10000101000000 D
b10000101000000 d
b100101010100100001101110111100000100110010110001001101011001 #"
#2935
b1111011011100 D
b1111011011100 d
b1111010001110010011111011110101100000101100101001111111111010100 #"
#2936
b1110100101101 D
b1110100101101 d
b101010101011101001011111111101110100101100010010010111001 #"
#2937
b1110101010000 D
b1110101010000 d
b1011101101111001100011110101100011011010101001110110100100011 #"
#2938
b1111011110011 D
b1111011110011 d
b1101100011110100101111111010110110111111001101100001000001010111 #"
#2939
b10000101000110 D
b10000101000110 d
b10000001000000101101100101000110000010010110010100010100111100 #"
#2940
b10001011010111 D
b10001011010111 d
b1110000011000011010010100100001101100000101000101010111010011101 #"
#2941
b10001010111101 D
b10001010111101 d
b1101010000101101000011111000010011110100000101000010110011011 #"
#2942
b10000011100000 D
b10000011100000 d
b1101110001001010001000011010000110111101101100100001000001110 #"
#2943
b1111001011011 D
b1111001011011 d
b1000010010101110110000101100101001010001101011110010001101111 #"
#2944
b1110100010101 D
b1110100010101 d
b1110100101100000110101010010000111110111100001110011101011100010 #"
#2945
b1110101100000 D
b1110101100000 d
b100110100001101100111111110111110000110101001100001101011011 #"
#2946
b1111101101100 D
b1111101101100 d
b10101000001101100001000110100001110000010110011111000101011 #"
#2947
b10111111101110 D
b11111111101110 d
b1111010001001100100000011011011111111011110111011010110011000111 #"
#2948
b10001111111010 D
b10001111111010 d
b100100010100110010100011001111111010111000110011011011000011 #"
#2949
b10001101011100 D
b10001101011100 d
b1111111000111010100000010011010100001000111000001101111011011011 #"
#2950
b10001001111101 D
b10001001111101 d
b1111101100000111100110101001001011111001101000100100000010011110 #"
#2951
b11111000110001 D
b11111000110001 d
b11101000100010101100011101100000000100001111000001000101001 #"
#2952
b1111100010111 D
b1111100010111 d
b1111101100011111100001101001000100000100110001001111011000101000 #"
#2953
b1110111010110 D
b1110111010110 d
b1111111111010111000000100100010011111001101001101101101111000100 #"
#2954
b1111111100100 D
b1110111100100 d
b10001100010100001101101100000000100000011111100010000010111 #"
#2955
b1111111101101 D
b1111111101101 d
b1111101001111001110001001010111000000000010100010110011110101011 #"
#2956
b10001000011111 D
b10001000011111 d
b1101010101000011110101100111111100000000101000000111000001 #"
#2957
b10001100011111 D
b10001100011111 d
b1101101011100100011100100000100111100000100111110100011 #"
#2958
b10001000000110 D
b10001000000110 d
b1111110001110100000100101010011011111101000101110000001001011000 #"
#2959
b1111111000100 D
b1111111000100 d
b10000100001010010011110101111111111011101001101010011011111 #"
#2960
b1110110111110 D
b1110110111110 d
b1111110110111100110000011010001000000011010110101000101000111111 #"
#2961
b1110011111010 D
b1110011111010 d
b1111111101001011100011010111111011111100001000001111001000001011 #"
#2962
b1111000100111 D
b1111000100111 d
b1011111101001110100000111000000010000111010000000001101111 #"
#2963
b10000010001011 D
b10000010001011 d
b1111110010011101100011111110110000000000101001111010000101100101 #"
#2964
b10001010110001 D
b10001010110001 d
b111000100010100100101011111111101010001111011011110100000 #"
#2965
b10001011111010 D
b10001011111010 d
b10010010010111111010010000000010111101100111000111010010 #"
#2966
b10000110010010 D
b10000110010010 d
b1111110110111110100001000011001111111110100100010011111111100101 #"
#2967
b1111100100111 D
b1111100100111 d
b1001001100010000001111110111111111010101101000110011100010 #"
#2968
b1110110000010 D
b1110110000010 d
b1111111100010101110110110100010100000010000001111000000111010000 #"
#2969
b1110100010011 D
b1110100010011 d
b1111111100000000011111010001100011111110000011001100011011001100 #"
#2970
b1111001110111 D
b1111001110111 d
b1000110100010101011001101100000000101100011101000100010011 #"
#2971
b10000100001111 D
b10000100001111 d
b1111110111101110101000010001011100000000111100111110100111111100 #"
#2972
b10001011100111 D
b10001011100111 d
b11000110100000110001011111111101111111000010000001111100 #"
#2973
b10001011100100 D
b10001011100100 d
b10111000110011001101001000000001111000011110001011001111 #"
#2974
b10000011111000 D
b10000011111000 d
b1111111001011110001110011000011011111111001010000001011111100001 #"
#2975
b1111010001000 D
b1111010001000 d
b101101101110000010001111011111111101000011101010110001011 #"
#2976
b1110100100100 D
b1110100100100 d
b1111111110011110010010011001000000000001000111001010001100111100 #"
#2977
b1110101011011 D
b1110101011011 d
b1111111100110101000111110001111011111111000001100010110111011000 #"
#2978
b1111100101100 D
b1111100101100 d
b101100000100111001010100000000000001100101000011101100010 #"
#2979
b10000110000100 D
b10000110000100 d
b1111111011011010110011001100100100000000101110000001101010101101 #"
#2980
b10001011110101 D
b10001011110101 d
b1000101110011001100011011111110110010001111001001110000 #"
#2981
b10001010110000 D
b10001010110000 d
b10010100111000100001001100000001000001011000111000100101 #"
#2982
b10000010100101 D
b10001010110101 d
b1111111011110100110111110101011011111111100001101000001110111010 #"
#2983
b1111010110111 D
b11111010110111 d
b11100011001100011101111111111111111011000001011011010100 #"
#2984
b1111100111111 D
b1111100111111 d
b1111111110011110011111101011000100000000010110111010101000000110 #"
#2985
b1110110101011 D
b1110110101011 d
b1111111111100100101011001100010011111111110010010001000011101001 #"
#2986
b1111110110111 D
b1111110110111 d
b1001000101011100010110111111111111001001101010110101001 #"
#2987
b1111111111011100111111010010001000000000011001010000101010001011 #"
#2988
b10001100011101 D
b10001100011101 d
b1111111111011100110101001101111011111111011111000101011101000111 #"
#2989
b10001100011100 d
b1001001110010000111101000000000011011100001011101101110 #"
#2990
b10001000111001 D
b10001000111001 d
b1111111110110100101111100101000011111111101110000111011000100110 #"
#2991
b1111111110110 D
b1111111110110 d
b100001101001011001100000000000001101000100000101110011 #"
#2992
b1110111011101 D
b1110111011101 d
b1111111111110001011000100111011011111111110001101000010001110011 #"
#2993
b1110011111011 D
b1110011111011 d
b1010011101110101000100000000001110010100010011110000 #"
#2994
b1110111101100 D
b1110111101100 d
b1111111111110000111010000011101011111111111100000101101111101010 #"
#2995
b10000000111111 D
b10000000111111 d
b1101001001101011000111111111110000101100111101001001 #"
#2996
b10001001011111 D
b10001001011111 d
b1101111111010001110000000000011100011100011010001110 #"
#2997
b10001100000010 D
b10001100000010 d
b1111111110110010101001101111100011111111100010101110000010001111 #"
#2998
b10000111101110 D
b10000111101110 d
b1110100001001001110100100000000001110001011011000110101 #"
#2999
b1111101001000 D
b1111101001000 d
b1111111110100000111000101000011100000000001010010001111100100101 #"
#3000
b1110101110010 D
b1110101110010 d
b1111111111110100100010111111000011111111101100011111001100110000 #"
#3001
b1110100001001 D
b1110100001001 d
b10000001100110001000011100000000000101111100101111101111 #"
#3002
b1111001100001 D
b1111001100001 d
b1111111100111101100101011010011100000000010010000111111101000110 #"
#3003
b10000010111011 D
b10000010111011 d
b10100110011010011100010111111111010110110000100100010011 #"
#3004
b10001010101100 D
b10001010101100 d
b1111111111011000100010101010011100000000101011110011000100001011 #"
#3005
b10001011011010 D
b10001011011010 d
b1111111110001011011101011100101111111111101110001010011100101010 #"
#3006
b10000100101110 D
b10000100101110 d
b10011111000011110101000111111111100111110011110000100110 #"
#3007
b1111011111100 D
b1111011111100 d
b1111111110111011001010110101010000000000111000010110101000100000 #"
#3008
b1110100001010 D
b1110100001010 d
b1111111110100100100001011011000111111111000110010001010110100111 #"
#3009
b1110100100011 D
b1110100100011 d
b11100101001101011111010100000000011100011000000000101110 #"
#3010
b1111011111101 D
b1111011111101 d
b1111111100001000000110111001001100000000010011010100000110010011 #"
#3011
b10000101100111 D
b10000101100111 d
b1100100110110010111001011111110111100100001011001100001 #"
#3012
b10001011010010 D
b10001011010010 d
b1101111110001101101011000000001001101101001001011111011 #"
#3013
b10001010101101 D
b10001010101101 d
b1111111100000000110111100000011111111111010111110001011100110011 #"
#3014
b10000011101010 D
b10000011101010 d
b11100111000011011110011111111111110010111100011110010000 #"
#3015
b1111001011110 D
b1111001011110 d
b1111111111000110100011001000010100000000110101000100001110101000 #"
#3016
b1110011101011 D
b1110011101011 d
b1111111101001110011110001111001011111111000011100111000110111100 #"
#3017
b1110101100000 D
b1110101101011 d
b101010001010001111010101000000000010011100001000111100001 #"
#3018
b1111110100100 D
b1111111100100 d
b1111111011001000110000100101001000000000100111010000000110001111 #"
#3019
b11111111010110 D
b11111111010110 d
b1011000000101110001111011111110110111000111011010000101 #"
#3020
b10001111010110 D
b10001111010110 d
b10100000101001000010111100000000111011011101100001001100 #"
#3021
b10001101111110 D
b10001101111110 d
b1111111011001111110110010011011111111111110111010100110000101100 #"
#3022
b10001001111110 D
b10001001111110 d
b100000101110000000001111111111111001101101100010011001001 #"
#3023
b10110001110010 D
b10110001010010 d
b1111111111011100110001010011101100000001001011110111110011111010 #"
#3024
b1110111111011 D
b1110111111011 d
b1111111100010110101001011001101011111111000111111011011000101011 #"
#3025
b1110111110111 D
b1110111110110 d
b101011100010000011111010011111111111111100110111001011111 #"
#3026
b1110111111111 D
b1110111111111 d
b1111111011111110110001010011010000000000111111001001101011000110 #"
#3027
b10000000001010 D
b10000000001010 d
b1111111111111001110101001111010011111110100000000110000100111001 #"
#3028
b10001000100100 D
b10001000100100 d
b100001101011101011011001100000001001001000011001011011001 #"
#3029
b10001100010110 D
b10001100010110 d
b1111111010001001001010111001000011111111110001111011111000010010 #"
#3030
b10001000110000 D
b10001000110000 d
b100010010110111010100010111111111010010101100001001101101 #"
#3031
b1111110010111 D
b1111110010111 d
b1111111111010011000101000111100100000001000111000100000111011100 #"
#3032
b1110101010101 D
b1110101010101 d
b1111111101001100100010110111101111111111010000100101111111100000 #"
#3033
b1110011110000 D
b1110011110000 d
b100000110101010011010001011111111110001110001111100100110 #"
#3034
b1111001010000 D
b1111001010000 d
b1111111101010001111101100101101000000001000101100110100000111011 #"
#3035
b10000010010011 D
b10000010010011 d
b1111111111100011000100111000100011111110101101101010100100110001 #"
#3036
b10001001011010 D
b10001001011010 d
b11001000011011101000011100000000101010000110010011101111 #"
#3037
b10001011111101 D
b10001011111101 d
b1111111100101110011100101001000000000000100010010111101101010110 #"
#3038
b10000101111111 D
b10000101111111 d
b111100101111101111111011111110010110010101001001110111 #"
#3039
b1111100001010 D
b1111100001010 d
b10010000110011101011110100000001110111111010110000110011 #"
#3040
b1110101001110 D
b1110101001110 d
b1111111010111000010011010101101011111110101100110000110000111101 #"
#3041
b1110100011001 D
b1110100011001 d
b101011100001001010010100000000000010011000011011111011111 #"
#3042
b1111010010111 D
b1111010010111 d
b1111111101100001111011111100001100000000101111011010110110101011 #"
#3043
b10000100010110 D
b10000100010110 d
b1111111110011010001111111001000011111110110100011111001011100100 #"
#3044
b10001011001010 D
b10001011001010 d
b100000110100111100001010000000000101111111101101110001100 #"
#3045
b10001011000101 D
b10001011000101 d
b1111111011101101100110001011001011111111111111001010111110101001 #"
#3046
b10000100001001 D
b10000100001001 d
b10000111101100011000111011111111011101110000010110010010 #"
#3047
b1111010000110 D
b1111010000110 d
b1010001011101010111100100000000100111100100101111110100 #"
#3048
b1110011110101 D
b1110011110101 d
b1111111100010100000000011100010011111111101110000010101010010100 #"
#3049
b1110101111011 D
b1110101111011 d
b11010100101111010000100011111111101001111000011000101000 #"
#3050
b1111011100110 D
b1111011100110 d
b1111111110110111110010000110000100000000101110110001010001111110 #"
#3051
b10000110101001 D
b10000110101001 d
b1111111110101001111010111010101111111111011011000100011100110010 #"
#3052
b10001011100000 D
b10001011101000 d
b11000101000101000001100100000000000011001101110000011010 #"
#3053
b10001011110100 D
b10001011110100 d
b1111111100110111100000000110011100000000011101011010101111111001 #"
#3054
b10000001010110 D
b10001011010110 d
b1100110111111100100010011111111001111000010100001001101 #"
#3055
b11110111010111 D
b11110111010111 d
b1111111111111100000101000001011100000000100100011011011110000011 #"
#3056
b1110111011111 D
b1110111011111 d
b1111111111010110011010000111000011111111111100110100000010011110 #"
#3057
b1110111101111 D
b1110111101111 d
b11101101010101110111111111100011100010001100011010 #"
#3058
b1111111101111 D
b1111111101111 d
b1100100000011001010011000000000100000101000100110111111 #"
#3059
b1111111001101 D
b1111111001101 d
b1111111100111111011111000100001011111111110010100101111011011101 #"
#3060
b10001100101111 D
b10001100100111 d
b11011001010001010101000011111111101101000110100000100100 #"
#3061
b10001100011111 D
b10001100001111 d
b1111111101011001100100101001100000000000101101010110010011001101 #"
#3062
b10001000010100 D
b10001000010100 d
b10010000000111010011111111111000111011011110110100011 #"
#3063
b1111111111011 D
b1111111111011 d
b10010101101010000110100000000000101011110111100011100000 #"
#3064
b1110111100011 D
b1110111100011 d
b1111111100100100010100001011011111111111101011010101010010101010 #"
#3065
b1110011110100 D
b1110011110100 d
b11001010010111101111010011111111111011111100011011000000 #"
#3066
b1110111101000 D
b1110111101000 d
b1111111101101100101111000100000100000000001011001001010100110011 #"
#3067
b10000001001110 D
b10000001001110 d
b111100111001010110010011111111110111001011011010110001 #"
#3068
b10001001110111 D
b10001001110111 d
b1110000011101001111010000000111001000111001010001010110111 #"
#3069
b10001100001110 D
b10001100001110 d
b1110000001001000100100011000010101010000111010111010000110001010 #"
#3070
b10000111000001 D
b10000111000001 d
b1000000111111101110100101011010001011010100011011010110100000101 #"
#3071
b1111101000001 D
b1111101000001 d
b1100101111010000011001110010110110111111101011001001111010100001 #"
1c"
#3072
b1110101001100 D
b1110101001100 d
b1111111111010110011010000111000011111111111100110100000010011110 #"
0c"
0d"
#3073
b1110100001111 D
b1110100001111 d
#3074
b1111010101001 D
b1111010101001 d
#3075
b10000011100101 D
b10000011100101 d
#3076
b10001010011010 D
b10001010011010 d
#3077
b10001011011000 D
b10001011011000 d
#3078
b10000101010111 D
b10000101010111 d
#3079
b1111100010100 D
b1111100010100 d
#3080
b1110100011001 D
b1110100011001 d
#3081
b1110100010000 D
b1110100010000 d
#3082
b1111100000000 D
b1111100000000 d
#3083
b10000101011011 D
b10000101011011 d
#3084
b10001100001100 D
b10001100001100 d
#3085
b10001010110111 D
b10001010110111 d
#3086
b10000010110101 D
b10000010110101 d
#3087
b1111001100110 D
b1111001100110 d
#3088
b1110100110110 D
b1110100110110 d
#3089
b1110110011010 D
b1110110011010 d
#3090
b1111110011010 D
b1111110011010 d
#3091
b11111110110111 D
b11111110110111 d
#3092
b10001110111111 D
b10001110111111 d
#3093
b10001110001011 D
b10001110001011 d
#3094
b10001011000111 D
b10001011000111 d
#3095
b10110001010101 D
b10000001010101 d
#3096
b1110111111011 D
b1110111111011 d
#3097
b1110111110010 D
b1110111110010 d
#3098
b1110111000101 D
b1110111000101 d
#3099
b10000000011111 D
b10000000011111 d
#3100
b10001001100101 D
b10001001100101 d
#3101
b10001100000001 D
b10001100000001 d
#3102
b10000111001011 D
b10000111001011 d
#3103
b1111110100100 D
b1111110100100 d
#3104
b1110110111111 D
b1110110111111 d
#3105
b1110011010000 D
b1110011010000 d
#3106
b1111000111000 D
b1111000111000 d
#3107
b10000011001001 D
b10000011001001 d
#3108
b10001010001110 D
b10001010001110 d
#3109
b10001011111111 D
b10001011111111 d
#3110
b10000101100110 D
b10000101100110 d
#3111
b1111100001100 D
b1111100001100 d
#3112
b1110101011110 D
b1110101011110 d
#3113
b1110100101101 D
b1110100101101 d
#3114
b1111010101011 D
b1111010101011 d
#3115
b10000100101011 D
b10000100101011 d
#3116
b10001011100010 D
b10001011100010 d
#3117
b10001011011000 D
b10001011011000 d
#3118
b10000011101000 D
b10000011101000 d
#3119
b1111001111011 D
b1111001111011 d
#3120
b1110100101001 D
b1110100101001 d
#3121
b1110101011010 D
b1110101011010 d
#3122
b1111101000100 D
b1111101000100 d
#3123
b10000111001011 D
b10000111001011 d
#3124
b10001011110001 D
b10001011111011 d
#3125
b10001001101010 D
b10001011101011 d
#3126
b10001010101111 D
b10001011101111 d
#3127
b11111011001101 D
b11111011001101 d
#3128
b1111011111110 D
b1111011111110 d
#3129
b1110111111101 D
b1110111111101 d
#3130
b1111110110101 D
b1111110110101 d
#3132
b10001101010100 D
b10001101010100 d
#3134
b10001001001000 D
b10001001001000 d
#3135
b1111111010101 D
b1111111010101 d
#3136
b1110110110011 D
b1110110110011 d
#3137
b1110011101110 D
b1110011101110 d
#3138
b1111000100010 D
b1111000100010 d
#3139
b10000001011110 D
b10000001011110 d
#3140
b10001001110001 D
b10001001110001 d
#3141
b10001011110001 D
b10001011110001 d
#3142
b10000111000101 D
b10000111000101 d
#3143
b1111101110010 D
b1111101110010 d
#3144
b1110110010010 D
b1110110010010 d
#3145
b1110100010000 D
b1110100010000 d
#3146
b1111001111100 D
b1111001111100 d
#3147
b10000011001110 D
b10000011001110 d
#3148
b10001011010110 D
b10001011010110 d
#3149
b10001100000001 D
b10001100000001 d
#3150
b10000101011101 D
b10000101011101 d
#3151
b1111011010001 D
b1111011010001 d
#3152
b1110100000010 D
b1110100000010 d
#3153
b1110100100011 D
b1110100100011 d
#3154
b1111100110110 D
b1111100110110 d
#3155
b10000110011000 D
b10000110011000 d
#3156
b10001011101110 D
b10001011101110 d
#3157
b10001010001011 D
b10001010001011 d
#3158
b10000010110101 D
b10000010110101 d
#3159
b1111010000111 D
b1111010100111 d
#3160
b1110100010000 D
b1111110010011 d
#3161
b1110110000110 D
b1110110010110 d
#3162
b1111110010111 D
b1111110010111 d
#3163
b11111110110101 D
b11111110110101 d
#3164
b10001110111111 D
b10001110111111 d
#3165
b10001101111110 D
b10001101111110 d
#3166
b10001001111110 D
b10001001111110 d
#3167
b10000001011010 D
b10000000011010 d
#3168
b1110111000100 D
b1110111000000 d
#3169
b1110111101110 D
b1110011101110 d
#3170
b1110111101110 d
#3171
b10000000100000 D
b10000000100000 d
#3172
b10001000100011 D
b10001000100011 d
#3173
b10001011111001 D
b10001011111001 d
#3174
b10001000000100 D
b10001000000100 d
#3175
b1111110010000 D
b1111110010000 d
#3176
b1110110001110 D
b1110110001110 d
#3177
b1110100010010 D
b1110100010010 d
#3178
b1111000011101 D
b1111000011101 d
#3179
b10000010100001 D
b10000010100001 d
#3180
b10001010010110 D
b10001010010110 d
#3181
b10001011111100 D
b10001011111100 d
#3182
b10000101110011 D
b10000101110011 d
#3183
b1111100011010 D
b1111100011010 d
#3184
b1110101000001 D
b1110101000001 d
#3185
b1110100011010 D
b1110100011010 d
#3186
b1111010101001 D
b1111010101001 d
#3187
b10000101000001 D
b10000101000001 d
#3188
b10001011010101 D
b10001011010101 d
#3189
b10001010001101 D
b10001010001101 d
#3190
b10000011001101 D
b10000011001101 d
#3191
b1111010010001 D
b1111010010001 d
#3192
b1110100001011 D
b1110100001011 d
#3193
b1110101110100 D
b1110101110100 d
#3194
b1111101001110 D
b1111101001110 d
#3195
b10000110100011 D
b10100110101011 d
#3196
b10001100110011 D
b10001110110011 d
#3197
b10001010010010 D
b10001110010011 d
#3198
b10001011110111 D
b10001011110111 d
#3199
b11101001110101 D
b11000001100101 d
#3200
b1111011011111 D
b1111011011111 d
#3201
b1110111011111 D
b1110111011111 d
#3202
b1111110111111 D
b1111110111111 d
#3203
b1111110111011 D
b1111110111011 d
#3204
b10001100110010 D
b10001100100010 d
#3205
b10001101110101 D
b10001100110101 d
#3206
b10000111111100 D
b10000111111100 d
#3207
b1111110011101 D
b1111110011101 d
#3208
b1110110101011 D
b1110110101011 d
#3209
b1110100101101 D
b1110100101101 d
#3210
b1111000101000 D
b1111000101000 d
#3211
b10000001001000 D
b10000001001000 d
#3212
b10001001100101 D
b10001001100101 d
#3213
b10001100010010 D
b10001100010010 d
#3214
b10000110111110 D
b10000110111110 d
#3215
b1111101010011 D
b1111101010011 d
#3216
b1110101110001 D
b1110101110001 d
#3217
b1110011101010 D
b1110011101010 d
#3218
b1111010001100 D
b1111010001100 d
#3219
b10000100001100 D
b10000100001100 d
#3220
b10001011101101 D
b10001011101101 d
#3221
b10001011011111 D
b10001011011111 d
#3222
b10000100000001 D
b10000100000001 d
#3223
b1111011000100 D
b1111011000100 d
#3224
b1110101011111 D
b1110101011111 d
#3225
b1110101001010 D
b1110101001010 d
#3226
b1111011110010 D
b1111011110010 d
#3227
b10000101011100 D
b10000101011100 d
#3228
b10001100000100 D
b10001100000100 d
#3229
b10001011001100 D
b10001011001100 d
#3230
b10000010111110 D
b10000010111110 d
#3231
b1111000111011 D
b1111000111011 d
#3232
b1110011111011 D
b1111011111011 d
#3233
b1110111111111 D
b1110111111111 d
#3234
b1111111111101 D
b1111111111101 d
#3235
b11111111111111 D
b11111111111111 d
#3236
b10001111111111 D
b10001111111111 d
#3237
b10001011111111 D
b10001011111111 d
#3238
b10001001011111 D
b10001001011111 d
#3239
b10000000100011 D
b10000000100011 d
#3240
b1110111100100 D
b1110111100100 d
#3241
b1110111101001 D
b1110011101001 d
#3242
b1110111011111 D
b1110111011111 d
#3243
b10000001000010 D
b10000001000010 d
#3244
b10001001011111 D
b10001001011111 d
#3245
b10001011101010 D
b10001011101010 d
#3246
b10001000000001 D
b10001000000001 d
#3247
b1111110101111 D
b1111110101111 d
#3248
b1110101111001 D
b1110101111001 d
#3249
b1110100001011 D
b1110100001011 d
#3250
b1111001010001 D
b1111001010001 d
#3251
b10000010101111 D
b10000010101111 d
#3252
b10001010100100 D
b10001010100100 d
#3253
b10001100000110 D
b10001100000110 d
#3254
b10000101111111 D
b10000101111111 d
#3255
b1111100010010 D
b1111100010010 d
#3256
b1110100001000 D
b1110100001000 d
#3257
b1110100111111 D
b1110100111111 d
#3258
b1111100001001 D
b1111100001001 d
#3259
b10000100101101 D
b10000100101101 d
#3260
b10001011010101 D
b10001011010101 d
#3261
b10001010110010 D
b10001010110010 d
#3262
b10000011111011 D
b10000011111011 d
#3263
b1111010010010 D
b1111010010010 d
#3264
b1110011110100 D
b1110011110100 d
#3265
b1110101001111 D
b1110101001111 d
#3266
b1111101010101 D
b1111101010101 d
#3267
b10000110000010 D
b10111110000011 d
#3268
b10001100010010 D
b10001110010010 d
#3269
b10001001110101 D
b10001101110101 d
#3270
b10001001110101 d
#3271
b11110111111110 D
b10110111111110 d
#3272
b1110111111111 D
b1110111111110 d
#3273
b1110111011001 D
b1110111011001 d
#3274
b1111111011101 D
b1111111011101 d
#3276
b10001100010111 D
b10001000000011 d
#3277
b10001100010111 d
#3278
b10001000011110 D
b10001000011110 d
#3279
b1111111010000 D
b1111111010000 d
#3280
b1110110110011 D
b1110110110011 d
#3281
b1110011101110 D
b1110011101110 d
#3282
b1111000011000 D
b1111000011000 d
#3283
b10000010010110 D
b10000010010110 d
#3284
b10001001101011 D
b10001001101011 d
#3285
b10001100000000 D
b10001100000000 d
#3286
b10000110111111 D
b10000110111111 d
#3287
b1111100111000 D
b1111100111000 d
#3288
b1110101100100 D
b1110101100100 d
#3289
b1110011110101 D
b1110011110101 d
#3290
b1111010011110 D
b1111010011110 d
#3291
b10000100100101 D
b10000100100101 d
#3292
b10001011000100 D
b10001011000100 d
#3293
b10001011001100 D
b10001011001100 d
#3294
b10000100100001 D
b10000100100001 d
#3295
b1111011011001 D
b1111011011001 d
#3296
b1110100010101 D
b1110100010101 d
#3297
b1110101000011 D
b1110101000011 d
#3298
b1111100100110 D
b1111100100110 d
#3299
b10000101111111 D
b10000101111111 d
#3300
b10001011110100 D
b10001011110100 d
#3301
b10001010110101 D
b10001010110101 d
#3302
b10000010011010 D
b10000010111010 d
#3303
b1111000111011 D
b1111010111011 d
#3304
b1110100101011 D
b1111100111011 d
#3305
b1110110001101 D
b1110110001101 d
#3306
b1111110111101 D
b1111110111101 d
#3307
b11111111110101 D
b11111111110101 d
#3308
b10001111111101 D
b10001111111101 d
#3309
b10001011111110 D
b10001011111110 d
#3310
b10001001011111 D
b10001001011111 d
#3311
b10000000010111 D
b10000000010111 d
#3312
b1110110111100 D
b1110110111100 d
#3313
b1110011101010 D
b1110011101010 d
#3314
b1110111100011 D
b1110111100011 d
#3315
b10000000101111 D
b10000000101111 d
#3316
b10001001010101 D
b10001001010101 d
#3317
b10001100101111 D
b10001100101111 d
#3318
b10000111001000 D
b10000111001000 d
#3319
b1111101111001 D
b1111101111001 d
#3320
b1110110001101 D
b1110110001101 d
#3321
b1110011101010 D
b1110011101010 d
#3322
b1111001110001 D
b1111001110001 d
#3323
b10000011000000 D
b10000011000000 d
#3324
b10001010111101 D
b10001010111101 d
#3325
b10001100100000 D
b10001100100000 d
#3326
b10000101101100 D
b10000101101100 d
#3327
b1111011110100 D
b1111011110100 d
#3328
b1110100001111 D
b1110100001111 d
#3329
b1110100011111 D
b1110100011111 d
#3330
b1111011101110 D
b1111011101110 d
#3331
b10000100111101 D
b10000100111101 d
#3332
b10001011100011 D
b10001011100011 d
#3333
b10001010101100 D
b10001010101100 d
#3334
b10000010110101 D
b10000010110101 d
#3335
b1111010100100 D
b1111010100100 d
#3336
b1110100000110 D
b1110100000110 d
#3337
b1110100111111 D
b1110100111111 d
#3338
b1111101100001 D
b1111101100001 d
#3339
b10000111101100 D
b10111111101101 d
#3340
b10001110101111 D
b10001111101111 d
#3341
b10001101100011 D
b10001101100011 d
#3342
b10001001101111 D
b10001001101111 d
#3343
b11111000101101 D
b10111000101101 d
#3344
b1111011111011 D
b1111011111011 d
#3345
b1110111111111 D
b1110111111111 d
#3346
b1111111111101 D
b1111111111101 d
#3347
b1111111111000 D
b1111111111000 d
#3348
b10000111101110 D
b10000111101110 d
#3349
b10001100011111 D
b10001100011111 d
#3350
b10001000110000 D
b10001000110000 d
#3351
b1111111001010 D
b1111111001010 d
#3352
b1110110101110 D
b1110110101110 d
#3353
b1110100001100 D
b1110100001100 d
#3354
b1111000001111 D
b1111000001111 d
#3355
b10000010000001 D
b10000010000001 d
#3356
b10001010111010 D
b10001010111010 d
#3357
b10001011110010 D
b10001011110010 d
#3358
b10000110001010 D
b10000110001010 d
#3359
b1111101000100 D
b1111101000100 d
#3360
b1110101111000 D
b1110101111000 d
#3361
b1110100000011 D
b1110100000011 d
#3362
b1111010001011 D
b1111010001011 d
#3363
b10000100100000 D
b10000100100000 d
#3364
b10001011100101 D
b10001011100101 d
#3365
b10001011011110 D
b10001011011110 d
#3366
b10000100000101 D
b10000100000101 d
#3367
b1111010101101 D
b1111010101101 d
#3368
b1110100110010 D
b1110100110010 d
#3369
b1110101011001 D
b1110101011001 d
#3370
b1111100110001 D
b1111100110001 d
#3371
b10000110000000 D
b10000110000000 d
#3372
b10001011010110 D
b10001011010110 d
#3373
b10001010110011 D
b10001010110011 d
#3374
b10000010101001 D
b10000010101001 d
#3375
b1111000111011 D
b1111010111011 d
#3376
b1110011111011 D
b1111011111011 d
#3377
b1110111111010 D
b1110111111010 d
#3378
b1111111111011 D
b1111111111011 d
#3379
b11111111101011 D
b1111111100011 d
#3380
b10001100101000 D
b10001100101000 d
#3381
b10001100101110 D
b10001100101110 d
#3382
b10001000100110 D
b10001000100110 d
#3383
b10000000001001 D
b10000000001001 d
#3384
b1110111101100 D
b1110111101100 d
#3385
b1110100010010 D
b1110100010010 d
#3386
b1111000001100 D
b1111000001100 d
#3387
b10000000110010 D
b10000000110010 d
#3388
b10001001010100 D
b10001001010100 d
#3389
b10001100110001 D
b10001100110001 d
#3390
b10000111101111 D
b10000111101111 d
#3391
b1111110000010 D
b1111110000010 d
#3392
b1110101111010 D
b1110101111010 d
#3393
b1110011101111 D
b1110011101111 d
#3394
b1111001101100 D
b1111001101100 d
#3395
b10000011101011 D
b10000011101011 d
#3396
b10001010100101 D
b10001010100101 d
#3397
b10001011011100 D
b10001011011100 d
#3398
b10000101001100 D
b10000101001100 d
#3399
b1111100000110 D
b1111100000110 d
#3400
b1110101010001 D
b1110101010001 d
#3401
b1110100101101 D
b1110100101101 d
#3402
b1111011101100 D
b1111011101100 d
#3403
b10000100110000 D
b10000100110000 d
#3404
b10001011011101 D
b10001011011101 d
#3405
b10001011100100 D
b10001011100100 d
#3406
b10000011101111 D
b10000011101111 d
#3407
b1111001101010 D
b1111001101010 d
#3408
b1110011101010 D
b1110011101010 d
#3409
b1110101111111 D
b1110101111111 d
#3410
b1111110100111 D
b1111110101111 d
#3411
b10010110100110 D
b10111110100111 d
#3412
b10001110101101 D
b10001110101101 d
#3413
b10001110011101 D
b10001110011101 d
#3414
b10001010111111 D
b10001010111111 d
#3415
b10110111111111 D
b10110111111111 d
#3416
b1110111111111 D
b1110111111111 d
#3417
b1110111110111 D
b1110111110111 d
#3418
b1110111010010 D
b1110111010010 d
#3419
b10000000001101 D
b10000000001101 d
#3420
b10001001010010 D
b10001000010010 d
#3421
b10001011111001 D
b10001011111001 d
#3422
b10001000110111 D
b10001000110111 d
#3423
b1111111010001 D
b1111111010001 d
#3424
b1110110010110 D
b1110110010110 d
#3425
b1110011111111 D
b1110011111111 d
#3426
b1111000111000 D
b1111000111000 d
#3427
b10000010010000 D
b10000010010000 d
#3428
b10001010000111 D
b10001010000111 d
#3429
b10001100000001 D
b10001100000001 d
#3430
b10000110010111 D
b10000110010111 d
#3431
b1111100010101 D
b1111100010101 d
#3432
b1110101010000 D
b1110101010000 d
#3433
b1110100011011 D
b1110100011011 d
#3434
b1111010100100 D
b1111010100100 d
#3435
b10000011110100 D
b10000011110100 d
#3436
b10001011010100 D
b10001011010100 d
#3437
b10001011010000 D
b10001011010000 d
#3438
b10000100100010 D
b10000100100010 d
#3439
b1111010101000 D
b1111010101000 d
#3440
b1110100010101 D
b1110100010101 d
#3441
b1110101011111 D
b1110101011111 d
#3442
b1111100101100 D
b1111100101100 d
#3443
b10000110011110 D
b10000110011110 d
#3444
b10001100011100 D
b10001100011100 d
#3445
b10001010001000 D
b10001010001000 d
#3446
b10000010001000 D
b10000010001000 d
#3447
b1111000101001 D
b1111010101001 d
#3448
b1111100111101 D
b1111100111101 d
#3449
b1110110110100 D
b1110110110100 d
#3450
b1111110111101 D
b1111110111101 d
#3451
b11111111111001 D
b11111111111001 d
#3452
b10001111111001 D
b10001111111001 d
#3453
b10001101001111 D
b10001101001111 d
#3454
b10001000001111 D
b10001000001111 d
#3455
b1111111111100 D
b1111111111100 d
#3456
b1110111110111 D
b1110111110111 d
#3457
b1110100010000 D
b1110100010000 d
#3458
b1110111101001 D
b1110111101001 d
#3459
b10000000110001 D
b10000000110001 d
#3460
b10001010001100 D
b10001010001100 d
#3461
b10001100110100 D
b10001100110100 d
#3462
b10000111010000 D
b10000111010000 d
#3463
b1111101010010 D
b1111101010010 d
#3464
b1110100111000 D
b1110100111000 d
#3465
b1110100100110 D
b1110100100110 d
#3466
b1111010001010 D
b1111010001010 d
#3467
b10000011011001 D
b10000011011001 d
#3468
b10001010001111 D
b10001010001111 d
#3469
b10001011010010 D
b10001011010010 d
#3470
b10000101000001 D
b10000101000001 d
#3471
b1111100011011 D
b1111100011011 d
#3472
b1110100110001 D
b1110100110001 d
#3473
b1110011110011 D
b1110011110011 d
#3474
b1111011110000 D
b1111011110000 d
#3475
b10000101110011 D
b10000101110011 d
#3476
b10001011111100 D
b10001011111100 d
#3477
b10001011000000 D
b10001011000000 d
#3478
b10000010110110 D
b10000010110110 d
#3479
b1111001010110 D
b1111001010110 d
#3480
b1110100001100 D
b1110100001100 d
#3481
b1110110001100 D
b1110110001100 d
#3482
b1111101111011 D
b1111101111011 d
#3483
b10011110110011 D
b11111111110011 d
#3484
b10001110110001 D
b10001110110001 d
#3485
b10001101111011 D
b10001101111011 d
#3486
b10001001111111 D
b10001001111111 d
#3487
b10110111110111 D
b10110111110111 d
#3488
b1110111111110 D
b1110111111110 d
#3489
b1110111011111 D
b1110111011111 d
#3490
b1111111010111 D
b1111111010111 d
#3491
b1111111111001 D
b1111111111001 d
#3492
b10001000100010 D
b10001000100010 d
#3493
b10001100101110 D
b10001100101110 d
#3494
b10001000001000 D
b10001000001000 d
#3495
b1111110101000 D
b1111110101000 d
#3496
b1110110010001 D
b1110110010001 d
#3497
b1110011100011 D
b1110011100011 d
#3498
b1111000110000 D
b1111000110000 d
#3499
b10000010100100 D
b10000010100100 d
#3500
b10001010001101 D
b10001010001101 d
#3501
b10001011100111 D
b10001011100111 d
#3502
b10000110010000 D
b10000110010000 d
#3503
b1111100100101 D
b1111100100101 d
#3504
b1110101100000 D
b1110101100000 d
#3505
b1110100010111 D
b1110100010111 d
#3506
b1111010101001 D
b1111010101001 d
#3507
b10000100001111 D
b10000100001111 d
#3508
b10001011100011 D
b10001011100011 d
#3509
b10001011110011 D
b10001011110011 d
#3510
b10000100100011 D
b10000100100011 d
#3511
b1111010101011 D
b1111010101011 d
#3512
b1110011100111 D
b1110011100111 d
#3513
b1110101000101 D
b1110101000101 d
#3514
b1111101111001 D
b1111101111001 d
#3515
b10000111000101 D
b10000111000101 d
#3516
b10001011110011 D
b10001011110011 d
#3517
b10001001011011 D
b10001001111011 d
#3518
b10000010010001 D
b10001010011011 d
#3519
b1111011011111 D
b11111011011111 d
#3520
b1111011101111 D
b1111011101111 d
#3521
b1110111111001 D
b1110111111001 d
#3522
b1111111111100 D
b1111111111100 d
#3523
b11111111111100 D
b11111111111100 d
#3524
b10001111111110 D
b10001111111110 d
#3525
b10001101001110 D
b10001101001110 d
#3526
b10001001001110 D
b10001001001110 d
#3527
b10000000000110 D
b10000000000110 d
#3528
b1110110011000 D
b1110110011000 d
#3529
b1110011011011 D
b1110011011011 d
#3530
b1111000101101 D
b1111000101101 d
#3531
b10000001101111 D
b10000001101111 d
#3532
b10001001000100 D
b10001001000100 d
#3533
b10001011100000 D
b10001011100000 d
#3534
b10000110110100 D
b10000110110100 d
#3535
b1111110010101 D
b1111110010101 d
#3536
b1110101100101 D
b1110101100101 d
#3537
b1110100000111 D
b1110100000111 d
#3538
b1111001110101 D
b1111001110101 d
#3539
b10000011001010 D
b10000011001010 d
#3540
b10001011010000 D
b10001011010000 d
#3541
b10001011110010 D
b10001011110010 d
#3542
b10000101000000 D
b10000101000000 d
#3543
b1111011010000 D
b1111011010000 d
#3544
b1110100110100 D
b1110100110100 d
#3545
b1110100111010 D
b1110100111010 d
#3546
b1111100100000 D
b1111100100000 d
#3547
b10000101100011 D
b10000101100011 d
#3548
b10001011011111 D
b10001011011111 d
#3549
b10001011010010 D
b10001011010010 d
#3550
b10000010101100 D
b10000010101100 d
#3551
b1111001010011 D
b1111001010011 d
#3552
b1110100111010 D
b1110100111010 d
#3553
b1110101110010 D
b1110101110010 d
#3554
b1111101110010 D
b1111101110010 d
#3555
b10111111110111 D
b11111111110111 d
#3556
b10001111011111 D
b10001111011111 d
#3557
b10001101111111 D
b10001101111111 d
#3558
b10001001111110 D
b10001001111110 d
#3559
b10110111111010 D
b10110011111010 d
#3560
b1110111101011 D
b1110111101011 d
#3561
b1110111101001 D
b1110111101001 d
#3562
b1110111001001 D
b1110111001001 d
#3563
b10000001000111 D
b10000000000111 d
#3564
b10001001000100 D
b10001001000100 d
#3565
b10001100001101 D
b10001100001101 d
#3566
b10000111101111 D
b10000111101111 d
#3567
b1111110010111 D
b1111110010111 d
#3568
b1110110101111 D
b1110110101111 d
#3569
b1110100100010 D
b1110100100010 d
#3570
b1111000101011 D
b1111000101011 d
#3571
b10000001110100 D
b10000001110100 d
#3572
b10001010100110 D
b10001010100110 d
#3573
b10001100010110 D
b10001100010110 d
#3574
b10000101111111 D
b10000101111111 d
#3575
b1111100011111 D
b1111100011111 d
#3576
b1110101000101 D
b1110101000101 d
#3577
b1110100011101 D
b1110100011101 d
#3578
b1111010011000 D
b1111010011000 d
#3579
b10000100010111 D
b10000100010111 d
#3580
b10001011100110 D
b10001011100110 d
#3581
b10001011101000 D
b10001011101000 d
#3582
b10000011110100 D
b10000011110100 d
#3583
b1111010011010 D
b1111010011010 d
#3584
b1110100001101 D
b1110100001101 d
#3585
b1110101111000 D
b1110101111000 d
#3586
b1111100110110 D
b1111100110110 d
#3587
b10000111001001 D
b10000111001001 d
#3588
b10001100101011 D
b10001100101011 d
#3589
b10001001110011 D
b10001001111011 d
#3590
b10000001110101 D
b10001001110111 d
#3591
b1111000010111 D
b11111001010111 d
#3592
b1111100011011 D
b1111100011011 d
#3593
b1110110011010 D
b1110110011010 d
#3594
b1111110110111 D
b1111110110111 d
#3596
b10001100111110 D
b10001100111110 d
#3597
b10001100111000 D
b10001100111000 d
#3598
b10001000011000 D
b10001000011000 d
#3599
b1111111000101 D
b1111111000101 d
#3600
b1110110110010 D
b1110110110010 d
#3601
b1110100000011 D
b1110100000011 d
#3602
b1111000111010 D
b1111000111010 d
#3603
b10000001011101 D
b10000001011101 d
#3604
b10001000110111 D
b10001000110111 d
#3605
b10001100010000 D
b10001100010000 d
#3606
b10000111100000 D
b10000111100000 d
#3607
b1111101100001 D
b1111101100001 d
#3608
b1110101111001 D
b1110101111001 d
#3609
b1110011110110 D
b1110011110110 d
#3610
b1111010001100 D
b1111010001100 d
#3611
b10000011101111 D
b10000011101111 d
#3612
b10001011000111 D
b10001011000111 d
#3613
b10001011101101 D
b10001011101101 d
#3614
b10000100111101 D
b10000100111101 d
#3615
b1111011100011 D
b1111011100011 d
#3616
b1110100100011 D
b1110100100011 d
#3617
b1110100110100 D
b1110100110100 d
#3618
b1111011111111 D
b1111011111111 d
#3619
b10000101110110 D
b10000101110110 d
#3620
b10001011101111 D
b10001011101111 d
#3621
b10001010110101 D
b10001010110101 d
#3622
b10000010110011 D
b10000010110011 d
#3623
b1111000101011 D
b1111000101011 d
#3624
b1110011110101 D
b1110011110101 d
#3625
b1110110100110 D
b1110110100110 d
#3626
b1111110100010 D
b1111110100110 d
#3627
b10111111110010 D
b11111111110010 d
#3628
b10001111011111 D
b10001111011111 d
#3629
b10001011101111 D
b10001011101111 d
#3630
b10001001101111 D
b10001001101111 d
#3631
b10110111110111 D
b10110111110111 d
#3632
b1110111110111 D
b1110111110111 d
#3633
b1110111110011 D
b1110111110010 d
#3634
b1110111000011 D
b1110111000011 d
#3635
b10000000010110 D
b10000000010110 d
#3636
b10001001101111 D
b10001001101111 d
#3637
b10001100000111 D
b10001100000111 d
#3638
b10000111110111 D
b10000111110111 d
#3639
b1111110010111 D
b1111110010111 d
#3640
b1110101101101 D
b1110101101101 d
#3641
b1110100001100 D
b1110100001100 d
#3642
b1111001110010 D
b1111001110010 d
#3643
b10000010100100 D
b10000010100100 d
#3644
b10001010001111 D
b10001010001111 d
#3645
b10001100010010 D
b10001100010010 d
#3646
b10000110000000 D
b10000110000000 d
#3647
b1111011111110 D
b1111011111110 d
#3648
b1110100110010 D
b1110100110010 d
#3649
b1110100010111 D
b1110100010111 d
#3650
b1111011000101 D
b1111011000101 d
#3651
b10000101000000 D
b10000101000000 d
#3652
b10001011101010 D
b10001011101010 d
#3653
b10001010111000 D
b10001010111000 d
#3654
b10000011101100 D
b10000011101100 d
#3655
b1111010100010 D
b1111010100010 d
#3656
b1110100001110 D
b1110100001110 d
#3657
b1110101010111 D
b1110101010111 d
#3658
b1111101010011 D
b1111101010011 d
#3659
b10000110001100 D
b10000110001100 d
#3660
b10001011110100 D
b10001011110100 d
#3661
b10001010100111 D
b10001010100111 d
#3662
b10000001111111 D
b10001011111111 d
#3663
b1110111111101 D
b11110111111101 d
#3664
b1110111111011 D
b1110111111011 d
#3666
b1110111110011 D
b1110111110011 d
#3667
b10000111110110 D
b10000111110110 d
#3668
b10001111110110 D
b10001111110110 d
#3669
b10001101101111 D
b10001100101111 d
#3670
b10001001010000 D
b10001001010000 d
#3671
b1111111101101 D
b1111111101101 d
#3672
b1110110101101 D
b1110110101101 d
#3673
b1110011110011 D
b1110011110011 d
#3674
b1111000010011 D
b1111000010011 d
#3675
b10000001110110 D
b10000001110110 d
#3676
b10001001101001 D
b10001001101001 d
#3677
b10001100011000 D
b10001100011000 d
#3678
b10000110110001 D
b10000110110001 d
#3679
b1111101001100 D
b1111101001100 d
#3680
b1110101111101 D
b1110101111101 d
#3681
b1110100011000 D
b1110100011000 d
#3682
b1111001111000 D
b1111001111000 d
#3683
b10000011011110 D
b10000011011110 d
#3684
b10001011010000 D
b10001011010000 d
#3685
b10001011100110 D
b10001011100110 d
#3686
b10000100111011 D
b10000100111011 d
#3687
b1111011000010 D
b1111011000010 d
#3688
b1110100101001 D
b1110100101001 d
#3689
b1110101011001 D
b1110101011001 d
#3690
b1111100010011 D
b1111100010011 d
#3691
b10000101110111 D
b10000101110111 d
#3692
b10001011001000 D
b10001011001000 d
#3693
b10001010000010 D
b10001010000010 d
#3694
b10000011010100 D
b10000011010100 d
#3695
b1111001001000 D
b1111001001000 d
#3696
b1110011111011 D
b1110011111011 d
#3697
b1110110101111 D
b1110110101111 d
#3698
b1111110001011 D
b1111110001111 d
#3699
b11111111010110 D
b11111111010110 d
#3700
b10001111010111 D
b10001111010111 d
#3701
b10001101011111 D
b10001101011111 d
#3702
b10001001111011 D
b10001001111011 d
#3703
b10100000110011 D
b10000000110011 d
#3704
b1110111011000 D
b1110111011000 d
#3705
b1110100010111 D
b1110100010111 d
#3706
b1111000001001 D
b1111000001001 d
#3707
b10000000010101 D
b10000000010101 d
#3708
b10001001010100 D
b10001001010100 d
#3709
b10001100001010 D
b10001100001010 d
#3710
b10000111011010 D
b10000111011010 d
#3711
b1111110111101 D
b1111110111101 d
#3712
b1110110101011 D
b1110110101011 d
#3713
b1110011111100 D
b1110011111100 d
#3714
b1111000111011 D
b1111000111011 d
#3715
b10000010000010 D
b10000010000010 d
#3716
b10001010111101 D
b10001010111101 d
#3717
b10001100001010 D
b10001100001010 d
#3718
b10000101110010 D
b10000101110010 d
#3719
b1111100011110 D
b1111100011110 d
#3720
b1110100000101 D
b1110100000101 d
#3721
b1110100111000 D
b1110100111000 d
#3722
b1111100000001 D
b1111100000001 d
#3723
b10000101001000 D
b10000101001000 d
#3724
b10001011100011 D
b10001011100011 d
#3725
b10001010100011 D
b10001010100011 d
#3726
b10000010111001 D
b10000010111001 d
#3727
b1111010101101 D
b1111010101101 d
#3728
b1110100101000 D
b1110100101000 d
#3729
b1110101000000 D
b1110101000000 d
#3730
b1111101000111 D
b1111101000111 d
#3731
b10000110110001 D
b10000110110001 d
#3732
b10001100111111 D
b10001100111111 d
#3733
b10001001111001 D
b10001001111011 d
#3734
b10000001111011 D
#3735
b11111001111011 D
b11111001011011 d
#3736
b1111011111011 D
b1111011111011 d
#3737
b1110111111000 D
b1110111111000 d
#3738
b1110110011000 D
b1110110011000 d
#3739
b10001000110110 D
b10001000110110 d
#3740
b10001011110010 D
b10001011110010 d
#3742
b10001000010101 D
b10001000010101 d
#3743
b1111111011100 D
b1111111011100 d
#3744
b1110110111000 D
b1110110111000 d
#3745
b1110011011110 D
b1110011011110 d
#3746
b1111000001001 D
b1111000001001 d
#3747
b10000010000110 D
b10000010000110 d
#3748
b10001010000110 D
b10001010000110 d
#3749
b10001011110100 D
b10001011110100 d
#3750
b10000110110100 D
b10000110110100 d
#3751
b1111101010101 D
b1111101010101 d
#3752
b1110101010010 D
b1110101010010 d
#3753
b1110011110001 D
b1110011110001 d
#3754
b1111010011111 D
b1111010011111 d
#3755
b10000011111011 D
b10000011111011 d
#3756
b10001011001100 D
b10001011001100 d
#3757
b10001011010110 D
b10001011010110 d
#3758
b10000100110001 D
b10000100110001 d
#3759
b1111010100010 D
b1111010100010 d
#3760
b1110100011011 D
b1110100011011 d
#3761
b1110101001011 D
b1110101001011 d
#3762
b1111100100010 D
b1111100100010 d
#3763
b10000101111000 D
b10000101111000 d
#3764
b10001011010101 D
b10001011010101 d
#3765
b10001010011101 D
b10001010011101 d
#3766
b10000011011100 D
b10000011011100 d
#3767
b1111001001011 D
b1111001001011 d
#3768
b1110011011010 D
b1110011011010 d
#3769
b1110101101111 D
b1110111101111 d
#3770
b1111110101111 D
b1111111101111 d
#3771
b11111110101111 D
b11111110101111 d
#3772
b10001100101001 D
b10001100101001 d
#3773
b10001100110011 D
b10001100110011 d
#3774
b10001000110011 D
b10001000110011 d
#3775
b10100001010001 D
b10000000010001 d
#3776
b1110111100010 D
b1110111100010 d
#3777
b1111100000101 D
b1110100000101 d
#3778
b1111000001101 D
b1111000001101 d
#3779
b10000000011000 D
b10000000011000 d
#3780
b10001000011001 D
b10001000011001 d
#3781
b10001100010101 D
b10001100010101 d
#3782
b10001000001111 D
b10001000001111 d
#3783
b1111101111000 D
b1111101111000 d
#3784
b1110101100110 D
b1110101100110 d
#3785
b1110100000000 D
b1110100000000 d
#3786
b1111001001011 D
b1111001001011 d
#3787
b10000011001001 D
b10000011001001 d
#3788
b10001010011110 D
b10001010011110 d
#3789
b10001011100110 D
b10001011100110 d
#3790
b10000101000111 D
b10000101000111 d
#3791
b1111100011100 D
b1111100011100 d
#3792
b1110101011000 D
b1110101011000 d
#3793
b1110100111001 D
b1110100111001 d
#3794
b1111010111010 D
b1111010111010 d
#3795
b10000100101010 D
b10000100101010 d
#3796
b10001011100100 D
b10001011100100 d
#3797
b10001011111011 D
b10001011111011 d
#3798
b10000011010010 D
b10000011010010 d
#3799
b1111010000110 D
b1111010000110 d
#3800
b1110011110111 D
b1110011110111 d
#3801
b1110101110100 D
b1110101110100 d
#3802
b1111101101110 D
b1111101101110 d
#3803
b10000110111011 D
b10000110111011 d
#3804
b10001100101010 D
b10001100101010 d
#3805
b10001010001011 D
b10001110001011 d
#3806
b10001011001101 D
b10001011001101 d
#3807
b11111001000101 D
b11111001000101 d
#3808
b1111100011111 D
b1111100011111 d
#3809
b1110110111111 D
b1110110111111 d
#3810
b1111111111111 D
b1111111111111 d
#3811
b1111111110011 D
b1111111110011 d
#3812
b10001100101100 D
b10001100101100 d
#3813
b10001100010000 D
b10001100010000 d
#3814
b10001000110000 D
b10001000110000 d
#3815
b1111111101110 D
b1111111101110 d
#3816
b1110110111000 D
b1110110111000 d
#3817
b1110011101111 D
b1110011101111 d
#3818
b1111000000100 D
b1111000000100 d
#3819
b10000001110100 D
b10000001110100 d
#3820
b10001010011010 D
b10001010011010 d
#3821
b10001100100111 D
b10001100100111 d
#3822
b10000110100010 D
b10000110100010 d
#3823
b1111011110110 D
b1111011110110 d
#3824
b1110101001101 D
b1110101001101 d
#3825
b1110101000101 D
b1110101000101 d
#3826
b1111010111101 D
b1111010111101 d
#3827
b10000011101100 D
b10000011101100 d
#3828
b10001011011010 D
b10001011011010 d
#3829
b10001011001010 D
b10001011001010 d
#3830
b10000100101011 D
b10000100101011 d
#3831
b1111011010011 D
b1111011010011 d
#3832
b1110100111001 D
b1110100111001 d
#3833
b1110101000101 D
b1110101000101 d
#3834
b1111100010010 D
b1111100010010 d
#3835
b10000110000001 D
b10000110000001 d
#3836
b10001100010101 D
b10001100010101 d
#3837
b10001010111010 D
b10001010111010 d
#3838
b10000010010111 D
b10000010010111 d
#3839
b1111000110011 D
b1111000110011 d
#3840
b1110100101101 D
b1111100101111 d
#3841
b1110111001101 D
b1110111001101 d
#3842
b1111110101111 D
b1111111101111 d
#3843
b11111111111111 D
b11111111111111 d
#3844
b10001111111111 D
b10001111011111 d
#3845
b10001101110111 D
b10001101110111 d
#3846
b10001001011110 D
b10001001011110 d
#3847
b10100011001100 D
b10000000001100 d
#3848
b1110111100101 D
b1110111100101 d
#3849
b1110111101100 D
b1110011101100 d
#3850
b1110111011101 D
b1110111011101 d
#3851
b10000000101010 D
b10000000101010 d
#3852
b10001001000100 D
b10001001000100 d
#3853
b10001100100011 D
b10001100100011 d
#3854
b10000110001100 D
b10000110001100 d
#3855
b1111101100000 D
b1111101100000 d
#3856
b1110110010000 D
b1110110010000 d
#3857
b1110100100101 D
b1110100100101 d
#3858
b1111001101111 D
b1111001101111 d
#3859
b10000011011011 D
b10000011011011 d
#3860
b10001001111001 D
b10001001111001 d
#3861
b10001011110010 D
b10001011110010 d
#3862
b10000101110110 D
b10000101110110 d
#3863
b1111100000110 D
b1111100000110 d
#3864
b1110101001100 D
b1110101001100 d
#3865
b1110100000100 D
b1110100000100 d
#3866
b1111011001011 D
b1111011001011 d
#3867
b10000101100011 D
b10000101100011 d
#3868
b10001011011011 D
b10001011011011 d
#3869
b10001010101010 D
b10001010101010 d
#3870
b10000011011010 D
b10000011011010 d
#3871
b1111001111011 D
b1111001111011 d
#3872
b1110011111100 D
b1110011111100 d
#3873
b1110101111011 D
b1110101111011 d
#3874
b1111110000111 D
b1111110000111 d
#3875
b10000111001110 D
b10000111001110 d
#3876
b10001011011001 D
b10001011011011 d
#3877
b10001001111001 D
b10001011111001 d
#3878
b10001001111011 D
b10001001111011 d
#3879
b11111001110011 D
b11111001110011 d
#3880
b1111011011011 D
b1111011011011 d
#3881
b1110111011111 D
b1110111011111 d
#3882
b1110110101101 D
b1110110101101 d
#3883
b10001001001100 D
b10001001001100 d
#3884
b10001011010000 D
b10001001010000 d
#3885
b10001011110001 D
b10001011110001 d
#3886
b10001000001001 D
b10001000001001 d
#3887
b1111111010101 D
b1111111010101 d
#3888
b1110110010101 D
b1110110010101 d
#3889
b1110011011111 D
b1110011011111 d
#3890
b1111000011001 D
b1111000011001 d
#3891
b10000010010101 D
b10000010010101 d
#3892
b10001010001001 D
b10001010001001 d
#3893
b10001011101101 D
b10001011101101 d
#3894
b10000110101111 D
b10000110101111 d
#3895
b1111100111001 D
b1111100111001 d
#3896
b1110100110011 D
b1110100110011 d
#3897
b1110100111000 D
b1110100111000 d
#3898
b1111011001001 D
b1111011001001 d
#3899
b10000011101000 D
b10000011101000 d
#3900
b10001011001101 D
b10001011001101 d
#3901
b10001011100100 D
b10001011100100 d
#3902
b10000100111011 D
b10000100111011 d
#3903
b1111010100000 D
b1111010100000 d
#3904
b1110011101010 D
b1110011101010 d
#3905
b1110101000010 D
b1110101000010 d
#3906
b1111101001100 D
b1111101001100 d
#3907
b10000110110100 D
b10000110110100 d
#3908
b10001100110000 D
b10001100110000 d
#3909
b10001001100110 D
b10001001100110 d
#3910
b10000001010001 D
b10000001010001 d
#3911
b1111001100000 D
b1111001100000 d
#3912
b1110011111001 D
b1111011111001 d
#3913
b1110110111101 D
b1110111111101 d
#3914
b1111110100111 D
b1111110100111 d
#3915
b11111111111110 D
b11111111111110 d
#3916
b10001111011111 D
b10001111011111 d
#3917
b10001101011111 D
b10001101011111 d
#3918
b10111111011100 D
b10111111011100 d
#3919
b1111111010100 D
b1111111010100 d
#3920
b1110111000100 D
b1110111000100 d
#3921
b1110011101100 D
b1110011101100 d
#3922
b1111000010000 D
b1111000010000 d
#3923
b10000000111101 D
b10000000111101 d
#3924
b10001001110010 D
b10001001110010 d
#3925
b10001011110010 D
b10001011110010 d
#3926
b10000111010010 D
b10000111010010 d
#3927
b1111101110001 D
b1111101110001 d
#3928
b1110101110000 D
b1110101110000 d
#3929
b1110011110110 D
b1110011110110 d
#3930
b1111001110000 D
b1111001110000 d
#3931
b10000010111000 D
b10000010111000 d
#3932
b10001011001001 D
b10001011001001 d
#3933
b10001100011110 D
b10001100011110 d
#3934
b10000101101001 D
b10000101101001 d
#3935
b1111011010000 D
b1111011010000 d
#3936
b1110101010000 D
b1110101010000 d
#3937
b1110101010110 D
b1110101010110 d
#3938
b1111011000110 D
b1111011000110 d
#3939
b10000100001100 D
b10000100001100 d
#3940
b10001100011110 D
b10001100011110 d
#3941
b10001011001101 D
b10001011001101 d
#3942
b10000011001110 D
b10000011001110 d
#3943
b1111001100010 D
b1111001100010 d
#3944
b1110100000101 D
b1110100000101 d
#3945
b1110110011000 D
b1110110011000 d
#3946
b1111110000010 D
b1111110000010 d
#3947
b10000111100001 D
b10111111100001 d
#3948
b10001011101111 D
b10001111101111 d
#3949
b10001011111111 D
b10001011111111 d
#3950
b10001001111111 D
b10001001111111 d
#3951
b11110111111101 D
b11110111111101 d
#3952
b1110111111000 D
b1110111111000 d
#3953
b1110111111101 D
b1110111111101 d
#3954
b1110110111101 D
b1110110111101 d
#3955
b10001000111001 D
b10001000011001 d
#3956
b10001100110001 D
b10001000110001 d
#3957
b10001100001111 D
b10001100001111 d
#3958
b10001000010111 D
b10001000010111 d
#3959
b1111110101011 D
b1111110101011 d
#3960
b1110110011000 D
b1110110011000 d
#3961
b1110100001100 D
b1110100001100 d
#3962
b1111001000000 D
b1111001000000 d
#3963
b10000010011111 D
b10000010011111 d
#3964
b10001010011000 D
b10001010011000 d
#3965
b10001100000000 D
b10001100000000 d
#3966
b10000110000010 D
b10000110000010 d
#3967
b1111101101001 D
b1111101101001 d
#3968
b1110101100000 D
b1110101100000 d
#3969
b1110100000010 D
b1110100000010 d
#3970
b1111010101010 D
b1111010101010 d
#3971
b10000100011001 D
b10000100011001 d
#3972
b10001011111000 D
b10001011111000 d
#3973
b10001010111100 D
b10001010111100 d
#3974
b10000100000001 D
b10000100000001 d
#3975
b1111010111010 D
b1111010111010 d
#3976
b1110100010101 D
b1110100010101 d
#3977
b1110100111001 D
b1110100111001 d
#3978
b1111101000110 D
b1111101000110 d
#3979
b10000110110000 D
b10000110110000 d
#3980
b10001100001101 D
b10001100001101 d
#3981
b10001010100110 D
b10001010100110 d
#3982
b10000010000010 D
b10000010000010 d
#3983
b1111000110100 D
b1111010110110 d
#3984
b1110011110000 D
b1111011110100 d
#3985
b1110110111110 D
b1110111111110 d
#3986
b1111111111111 D
b1111111111111 d
#3987
b11111111110111 D
b11111111110111 d
#3988
b10001111111100 D
b10001111111100 d
#3989
b10001011101110 D
b10001011101110 d
#3990
b10111111101110 D
b10001111101110 d
#3991
b1111111101101 D
b1111111101101 d
#3992
b1110111010101 D
b1110111010101 d
#3993
b1110011110100 D
b1110011110100 d
#3994
b1111000000110 D
b1111000000110 d
#3995
b10000001011001 D
b10000001011001 d
#3996
b10001001100111 D
b10001001100111 d
#3997
b10001100000001 D
b10001100000001 d
#3998
b10000111011101 D
b10000111011101 d
#3999
b1111101100101 D
b1111101100101 d
#4000
b1110110000101 D
b1110110000101 d
#4001
b1110100011000 D
b1110100011000 d
#4002
b1111001101100 D
b1111001101100 d
#4003
b10000011010011 D
b10000011010011 d
#4004
b10001011000011 D
b10001011000011 d
#4005
b10001011101000 D
b10001011101000 d
#4006
b10000100111001 D
b10000100111001 d
#4007
b1111100000100 D
b1111100000100 d
#4008
b1110100011000 D
b1110100011000 d
#4009
b1110100110100 D
b1110100110100 d
#4010
b1111011101000 D
b1111011101000 d
#4011
b10000101001010 D
b10000101001010 d
#4012
b10001011100001 D
b10001011100001 d
#4013
b10001010111000 D
b10001010111000 d
#4014
b10000010110110 D
b10000010110110 d
#4015
b1111001001100 D
b1111001001100 d
#4016
b1110100000011 D
b1110100000011 d
#4017
b1110110001110 D
b1110110001110 d
#4018
b1111101101000 D
b1111101101000 d
#4019
b10000111111011 D
b10111111111011 d
#4020
b10001110001011 D
b10001111011011 d
#4021
b10001101001101 D
b10001101001101 d
#4022
b10001001011111 D
b10001001011111 d
#4023
b11111001011111 D
b10111001011111 d
#4024
b1111011011111 D
b1111011011111 d
#4025
b1110111111011 D
b1110111011011 d
#4026
b1111111111101 D
b1111111111101 d
#4028
b10001001011010 D
b10001001011010 d
#4029
b10001100111001 D
b10001100111001 d
#4030
b10000111101101 D
b10000111101101 d
#4031
b1111110100011 D
b1111110100011 d
#4032
b1110101111001 D
b1110101111001 d
#4033
b1110100000101 D
b1110100000101 d
#4034
b1111001101101 D
b1111001101101 d
#4035
b10000010000111 D
b10000010000111 d
#4036
b10001001010111 D
b10001001010111 d
#4037
b10001011101111 D
b10001011101111 d
#4038
b10000111000000 D
b10000111000000 d
#4039
b1111100011001 D
b1111100011001 d
#4040
b1110100111100 D
b1110100111100 d
#4041
b1110100011100 D
b1110100011100 d
#4042
b1111011010001 D
b1111011010001 d
#4043
b10000100010001 D
b10000100010001 d
#4044
b10001011010011 D
b10001011010011 d
#4045
b10001011010111 D
b10001011010111 d
#4046
b10000011100110 D
b10000011100110 d
#4047
b1111001110000 D
b1111001110000 d
#4048
b1110100100011 D
b1110100100011 d
#4049
b1110101010011 D
b1110101010011 d
#4050
b1111101000100 D
b1111101000100 d
#4051
b10000110000110 D
b10000110000110 d
#4052
b10001011110001 D
b10001011110001 d
#4053
b10001010011010 D
b10001010011010 d
#4054
b10000001100111 D
b10000001101111 d
#4055
b1111000101010 D
b1111001101111 d
#4056
b1110100101000 D
b1111100101000 d
#4057
b1110110101010 D
b1110110101010 d
#4058
b1111111111010 D
b1111111111010 d
#4059
b11111111111001 D
b1111111011001 d
#4060
b10001111101001 D
b10000111101001 d
#4061
b10001101010110 D
b10001101010110 d
#4062
b10001001001001 D
b10001001001001 d
#4063
b1111111100100 D
b1111111100100 d
#4064
b1110111000011 D
b1110111000011 d
#4065
b1110011011010 D
b1110011011010 d
#4066
b1111000000111 D
b1111000000111 d
#4067
b10000001011111 D
b10000001011111 d
#4068
b10001001110110 D
b10001001110110 d
#4069
b10001011111110 D
b10001011111110 d
#4070
b10000110110000 D
b10000110110000 d
#4071
b1111101010000 D
b1111101010000 d
#4072
b1110101110001 D
b1110101110001 d
#4073
b1110101000011 D
b1110101000011 d
#4074
b1111001100000 D
b1111001100000 d
#4075
b10000010011111 D
b10000010011111 d
#4076
b10001010111100 D
b10001010111100 d
#4077
b10001100011100 D
b10001100011100 d
#4078
b10000101010001 D
b10000101010001 d
#4079
b1111010010001 D
b1111010010001 d
#4080
b1110100101010 D
b1110100101010 d
#4081
b1110101001011 D
b1110101001011 d
#4082
b1111100000011 D
b1111100000011 d
#4083
b10000110010101 D
b10000110010101 d
#4084
b10001011110011 D
b10001011110011 d
#4085
b10001001111001 D
b10001001111001 d
#4086
b10000010101001 D
b10000010101001 d
#4087
b1111010010010 D
b1111010010010 d
#4088
b1110100101100 D
b1110100101100 d
#4089
b1110101111100 D
b1110101111100 d
#4090
b1111101111010 D
b1111101111010 d
#4091
b10010111111111 D
b10111111111111 d
#4092
b10001110010111 D
b10001111010111 d
#4093
b10001101110100 D
b10001101110100 d
#4094
b10001001111111 D
b10001001111111 d
#4095
b10110101001011 D
b10110101001011 d
